,ERR688505_500K_merged_Abundance.RPKs,ERR688506_500K_merged_Abundance.RPKs,ERR688507_500K_merged_Abundance.RPKs,ERR688508_500K_merged_Abundance.RPKs,ERR688509_500K_merged_Abundance.RPKs,ERR688510_500K_merged_Abundance.RPKs,ERR688511_500K_merged_Abundance.RPKs,ERR688512_500K_merged_Abundance.RPKs,ERR688513_500K_merged_Abundance.RPKs,ERR688514_500K_merged_Abundance.RPKs,ERR688515_500K_merged_Abundance.RPKs,ERR688516_500K_merged_Abundance.RPKs,ERR688517_500K_merged_Abundance.RPKs,ERR688518_500K_merged_Abundance.RPKs,ERR688519_500K_merged_Abundance.RPKs,ERR688520_500K_merged_Abundance.RPKs,ERR688521_500K_merged_Abundance.RPKs,ERR688522_500K_merged_Abundance.RPKs,ERR688523_500K_merged_Abundance.RPKs,ERR688524_500K_merged_Abundance.RPKs,ERR688525_500K_merged_Abundance.RPKs,ERR688526_500K_merged_Abundance.RPKs,ERR688527_500K_merged_Abundance.RPKs,ERR688528_500K_merged_Abundance.RPKs,ERR688529_500K_merged_Abundance.RPKs,ERR688530_500K_merged_Abundance.RPKs,ERR688531_500K_merged_Abundance.RPKs,ERR688532_500K_merged_Abundance.RPKs,ERR688533_500K_merged_Abundance.RPKs,ERR688534_500K_merged_Abundance.RPKs,ERR688535_500K_merged_Abundance.RPKs,ERR688536_500K_merged_Abundance.RPKs,ERR688537_500K_merged_Abundance.RPKs,ERR688538_500K_merged_Abundance.RPKs,ERR688539_500K_merged_Abundance.RPKs,ERR688540_500K_merged_Abundance.RPKs,ERR688541_500K_merged_Abundance.RPKs,ERR688542_500K_merged_Abundance.RPKs,ERR688543_500K_merged_Abundance.RPKs,ERR688544_500K_merged_Abundance.RPKs,ERR688545_500K_merged_Abundance.RPKs,ERR688546_500K_merged_Abundance.RPKs,ERR688547_500K_merged_Abundance.RPKs,ERR688548_500K_merged_Abundance.RPKs,ERR688549_500K_merged_Abundance.RPKs,ERR688550_500K_merged_Abundance.RPKs,ERR688551_500K_merged_Abundance.RPKs,ERR688552_500K_merged_Abundance.RPKs,ERR688553_500K_merged_Abundance.RPKs,ERR688554_500K_merged_Abundance.RPKs,ERR688555_500K_merged_Abundance.RPKs,ERR688556_500K_merged_Abundance.RPKs,ERR688557_500K_merged_Abundance.RPKs,ERR688558_500K_merged_Abundance.RPKs,ERR688559_500K_merged_Abundance.RPKs,ERR688560_500K_merged_Abundance.RPKs,ERR688561_500K_merged_Abundance.RPKs,ERR688562_500K_merged_Abundance.RPKs,ERR688563_500K_merged_Abundance.RPKs,ERR688564_500K_merged_Abundance.RPKs,ERR688565_500K_merged_Abundance.RPKs,ERR688566_500K_merged_Abundance.RPKs,ERR688567_500K_merged_Abundance.RPKs,ERR688568_500K_merged_Abundance.RPKs,ERR688569_500K_merged_Abundance.RPKs,ERR688570_500K_merged_Abundance.RPKs,ERR688571_500K_merged_Abundance.RPKs,ERR688572_500K_merged_Abundance.RPKs,ERR688573_500K_merged_Abundance.RPKs,ERR688574_500K_merged_Abundance.RPKs,ERR688575_500K_merged_Abundance.RPKs,ERR688576_500K_merged_Abundance.RPKs,ERR688577_500K_merged_Abundance.RPKs,ERR688578_500K_merged_Abundance.RPKs,ERR688579_500K_merged_Abundance.RPKs,ERR688580_500K_merged_Abundance.RPKs,ERR688581_500K_merged_Abundance.RPKs,ERR688582_500K_merged_Abundance.RPKs,ERR688583_500K_merged_Abundance.RPKs,ERR688584_500K_merged_Abundance.RPKs,ERR688585_500K_merged_Abundance.RPKs,ERR688586_500K_merged_Abundance.RPKs,ERR688587_500K_merged_Abundance.RPKs,ERR688588_500K_merged_Abundance.RPKs,ERR688589_500K_merged_Abundance.RPKs,ERR688590_500K_merged_Abundance.RPKs,ERR688591_500K_merged_Abundance.RPKs,ERR688592_500K_merged_Abundance.RPKs,ERR688593_500K_merged_Abundance.RPKs,ERR688594_500K_merged_Abundance.RPKs,ERR688595_500K_merged_Abundance.RPKs,ERR688596_500K_merged_Abundance.RPKs,ERR688597_500K_merged_Abundance.RPKs,ERR688598_500K_merged_Abundance.RPKs,ERR688599_500K_merged_Abundance.RPKs,ERR688600_500K_merged_Abundance.RPKs,ERR688601_500K_merged_Abundance.RPKs,ERR688602_500K_merged_Abundance.RPKs,ERR688603_500K_merged_Abundance.RPKs,ERR688604_500K_merged_Abundance.RPKs,ERR688605_500K_merged_Abundance.RPKs,ERR688606_500K_merged_Abundance.RPKs,ERR688607_500K_merged_Abundance.RPKs,ERR688608_500K_merged_Abundance.RPKs,ERR688609_500K_merged_Abundance.RPKs,ERR688610_500K_merged_Abundance.RPKs,ERR688611_500K_merged_Abundance.RPKs,ERR688612_500K_merged_Abundance.RPKs,ERR688613_500K_merged_Abundance.RPKs,ERR688614_500K_merged_Abundance.RPKs,ERR688615_500K_merged_Abundance.RPKs,ERR688616_500K_merged_Abundance.RPKs,ERR688617_500K_merged_Abundance.RPKs,ERR688618_500K_merged_Abundance.RPKs,ERR688619_500K_merged_Abundance.RPKs,ERR688620_500K_merged_Abundance.RPKs,ERR688621_500K_merged_Abundance.RPKs,ERR688622_500K_merged_Abundance.RPKs,ERR688623_500K_merged_Abundance.RPKs,ERR688624_500K_merged_Abundance.RPKs,ERR688625_500K_merged_Abundance.RPKs,ERR688626_500K_merged_Abundance.RPKs,ERR688627_500K_merged_Abundance.RPKs,ERR688628_500K_merged_Abundance.RPKs,ERR688629_500K_merged_Abundance.RPKs,ERR688630_500K_merged_Abundance.RPKs,ERR688631_500K_merged_Abundance.RPKs,ERR688632_500K_merged_Abundance.RPKs,ERR688633_500K_merged_Abundance.RPKs,ERR688634_500K_merged_Abundance.RPKs,ERR688635_500K_merged_Abundance.RPKs,ERR688636_500K_merged_Abundance.RPKs,ERR688637_500K_merged_Abundance.RPKs,ERR688638_500K_merged_Abundance.RPKs,ERR688639_500K_merged_Abundance.RPKs,ERR688640_500K_merged_Abundance.RPKs,ERR688641_500K_merged_Abundance.RPKs,ERR688642_500K_merged_Abundance.RPKs,ERR688643_500K_merged_Abundance.RPKs,ERR688644_500K_merged_Abundance.RPKs,ERR688645_500K_merged_Abundance.RPKs,ERR688646_500K_merged_Abundance.RPKs,ERR688647_500K_merged_Abundance.RPKs,ERR688648_500K_merged_Abundance.RPKs,ERR688649_500K_merged_Abundance.RPKs,ERR688650_500K_merged_Abundance.RPKs,ERR688651_500K_merged_Abundance.RPKs,ERR710424_500K_merged_Abundance.RPKs,ERR710425_500K_merged_Abundance.RPKs,ERR710426_500K_merged_Abundance.RPKs,ERR710427_500K_merged_Abundance.RPKs,ERR710428_500K_merged_Abundance.RPKs,ERR710429_500K_merged_Abundance.RPKs,ERR710430_500K_merged_Abundance.RPKs,ERR710431_500K_merged_Abundance.RPKs,ERR710432_500K_merged_Abundance.RPKs
PHOSLIPSYN-PWY,4.662022589085697e-05,3.739741393452287e-05,4.119281627194518e-05,4.292901230046031e-05,1.4562538579544436e-05,9.134788801165876e-06,2.8117894162473358e-05,1.444560647533089e-05,0.0001511377323130064,1.0198622313105457e-05,3.0450907552357303e-05,6.359225033017965e-05,1.6165904831215046e-05,8.580518466969235e-06,3.079606929916907e-05,3.293422170146055e-05,1.490100326062122e-05,9.733465191259015e-06,1.8499223997483055e-05,2.4388807497576103e-05,1.6278332362407055e-05,1.0307286348080995e-05,2.7370961109783418e-05,2.4457889068524472e-05,3.044297233622135e-05,2.146187641515249e-05,3.436200207451666e-05,6.171568363083804e-05,7.106194314321192e-05,0.00012626666167976484,6.228134242636302e-05,5.167879344171317e-05,1.5934374711463904e-05,1.1900899214089148e-05,1.7504077105092348e-05,4.793164673180807e-05,8.36463624135852e-05,1.8421081134694604e-05,6.292563708688102e-05,1.708726599595175e-05,2.4582523357145266e-05,1.7922645199018566e-05,2.3668759103793355e-05,0.00011986565930944237,2.075828051747712e-05,6.814576183689408e-06,2.6301294902306962e-05,4.205737712790835e-05,1.2927675424658416e-05,3.741857184145999e-05,2.6689074215866215e-05,5.2021913738261035e-05,0.00012149489386692068,1.1954222837237523e-05,2.4929708309754258e-05,0.000149476437416822,1.7628852316347885e-05,0.00010087154951528941,4.296576483470961e-05,5.099918099725706e-05,2.5806803114413653e-05,1.9956937208390684e-05,4.6914642290996144e-05,1.1006946906460266e-05,1.9042418675482028e-05,7.97968171724806e-05,8.03975104696783e-06,1.3221145524831493e-05,1.6945957005204102e-05,2.5294218769560866e-05,3.1011264496729564e-05,3.4197611965196784e-05,9.353571035736466e-05,3.696815936491603e-05,3.1018444667854845e-05,8.29650222378976e-05,3.866548892290591e-05,1.999300279375223e-05,6.397274901847985e-05,1.3465215724244953e-05,2.5830094275611465e-05,3.104586682190061e-05,1.7597223359333265e-05,8.145917560315411e-06,1.704331157811318e-05,2.6660491562404505e-05,7.6225132210031915e-06,1.8738378677666893e-05,2.8539032535484668e-05,3.74260986961895e-05,0.00014009939524791141,3.650928040004611e-05,4.171512617145025e-05,7.841260878945664e-06,4.5393786980287677e-05,2.6351750146212595e-05,1.8284740997852843e-05,1.3158218076776386e-05,8.88704155310934e-06,3.940650305130544e-05,1.840639630443576e-05,2.1506953866168564e-05,4.3373861697494005e-05,9.9269367463868e-06,2.9570334362522936e-05,2.0089419963283686e-05,1.837480160458125e-05,9.334603490494921e-05,3.9020876818689055e-05,1.6297394334754432e-05,2.843363529008388e-05,6.087672286583805e-05,2.328393335238499e-05,2.3494932614637974e-05,3.3839584166202396e-05,3.153744700820235e-05,7.304368834432282e-05,9.41840947420126e-06,2.4342008502410966e-05,3.227142034726688e-05,4.477578033720832e-05,1.0489328203814146e-05,2.272804792851235e-05,2.9254164680124563e-05,5.123481818699439e-05,2.511972270287955e-05,0.00011084370957689755,0.00011993394873521573,2.83684861061943e-05,3.572565165876522e-05,1.489722622313455e-05,4.977417013719066e-05,2.4764171047341085e-05,0.0001113595741124819,2.1960361680642016e-05,0.00010066105772741016,1.3997336012138162e-05,9.555935144739996e-06,5.754179319066295e-05,4.066208706393322e-05,7.008922950508564e-05,3.4978894495014994e-05,1.9655872745325808e-05,3.6960970372092384e-05,3.269371664551184e-05,3.4190353347641026e-05,7.631639221806601e-05,3.590485060407319e-05,3.870904599154196e-05,1.580259405335527e-05,3.951453616120884e-05,3.8719145735270416e-05,3.598593429197848e-05,4.32237533593369e-05,4.0804598185810474e-05,3.0314111802181582e-05
PWY-5981,4.6301304394833574e-05,3.784651311968943e-05,2.745258333593255e-05,6.901556411101584e-05,1.4060755998412627e-05,4.835304205089513e-05,1.48048918904209e-05,4.789789904841095e-05,1.4925977038538858e-05,1.2354262342853147e-05,4.2877390646266586e-05,2.2988267927371764e-05,3.1983569463105443e-05,5.3134064823071176e-05,5.3685740396112054e-05,5.0317349185100864e-05,4.5882725656965485e-05,5.0068099254638826e-05,4.85924206617494e-05,1.769303044201e-05,4.7421715500832036e-05,4.941253709732532e-05,4.1772244333340126e-05,4.255760099953674e-05,4.2719040268485536e-05,5.0696591254115794e-05,1.7999821091708295e-05,4.960198500775738e-05,2.2792780196424404e-05,3.487145405909247e-05,4.318901728669384e-05,5.4199840322116654e-05,5.716051717751646e-05,2.3768262362633175e-05,3.8129872075139675e-05,4.410436603032637e-05,7.659025525867785e-06,5.465729836009038e-05,2.1308280612082616e-05,4.438951602786178e-05,2.7347853611010822e-05,5.085108461969033e-05,2.0554114840183028e-05,2.047030783693105e-05,1.578099762402715e-05,5.329214206562539e-05,4.216012522153865e-05,7.138503401968633e-05,2.2957093301628675e-05,5.6376072092006996e-05,5.303806062859216e-05,4.291006972893744e-05,2.4527900173805106e-05,4.595403594078817e-05,1.7662553237426744e-05,5.99329535127015e-05,5.4258182389811344e-05,1.6218111323643388e-05,5.702566907112115e-05,1.971340224404545e-05,3.7567030577047494e-05,5.3654257359749294e-05,4.278437092253084e-05,1.9426825137080038e-05,5.000574324433515e-05,2.425658650930249e-05,4.709428834832114e-05,4.880658504709501e-05,5.3746809984569546e-05,3.0474435613426698e-05,4.190932999436157e-05,4.8963138011857495e-05,7.67684484498627e-06,4.9292617500853295e-05,4.409113657962245e-05,7.687566208503842e-06,4.867590103472862e-05,1.693839527259485e-05,7.013424972590879e-06,5.05184797447723e-06,4.40379955016862e-05,3.919753028946739e-05,5.072199963146564e-05,6.854159218189242e-06,2.092119346330638e-05,3.4870531693412066e-05,5.093345354007463e-05,3.6523329986369585e-05,4.616832479238973e-05,1.547967699603703e-05,4.584074638074221e-05,2.158688411979882e-05,5.3634631595889774e-05,3.590205148786705e-05,5.444918881466116e-05,2.27615601320129e-05,5.082804997064045e-05,2.0294546040795915e-05,5.4405693586010164e-05,1.594557105754744e-05,4.610629793219083e-05,5.60428183941692e-05,2.414252579186868e-05,1.9073415215230097e-05,5.3679379893017935e-05,3.756195022636688e-05,4.3323308358727846e-05,2.229210040500225e-05,5.024056611185391e-05,4.3529459321646543e-05,1.1974175806044895e-05,2.6747199507223547e-05,1.5600201687697735e-05,4.55879494265318e-05,4.643201438489546e-05,5.020842066815093e-05,3.0051089021567977e-05,2.2083432193290534e-05,4.985920870528752e-05,2.20641937475309e-05,2.2475934298527976e-05,2.402906850425452e-05,3.705548201800944e-05,2.6595744264522054e-05,1.3997578968285469e-05,2.1663117379659756e-05,1.1506202953766189e-05,4.531312496417913e-05,4.6409265653516006e-05,2.1835908512931142e-05,4.502718560616714e-05,2.539108564754458e-05,2.0097006739167368e-05,5.797546812947407e-05,4.9300109072695854e-05,9.521698928407419e-05,6.390883293444653e-05,5.006527478037819e-05,4.4399954933606575e-05,4.0487502464853606e-05,1.7086856015655114e-05,4.75213278000844e-05,1.410270172078841e-05,5.015830755007412e-05,4.615424871031395e-05,4.8056356309912383e-05,1.4057969717699004e-05,5.064648129905743e-05,4.75159869405104e-05,3.9699289981476264e-05,4.191514629708832e-05,1.9738620172557053e-05,4.575896399211807e-05,5.203309579269202e-05,4.9504572362224286e-05,4.253586085766648e-05
PWY0-1319,0.0001544919364382157,8.961464451902317e-05,0.00014404100257652601,7.331505665246336e-05,0.00015618798114692481,0.00012217378987437752,0.00014712355697585076,0.00011365708202728424,0.00019240888627659547,0.00010908630881273864,6.74901950022292e-05,0.00012131535614705945,4.6929379907128445e-05,0.0001369459496836764,0.00016741734012246166,0.00010531949040634001,9.542154053959872e-05,0.00013010646022920192,0.0001009314631802985,6.182976690329767e-05,8.485078110598373e-05,0.00011391559832968525,6.292121026494681e-05,5.4908987395545e-05,6.711095953355968e-05,0.00015183992602169858,0.00017206894383282997,7.421838792234466e-05,0.00013184975259674086,0.00012248469490479494,0.00017531984641236644,0.0001401169729928173,0.0001903358849855821,9.581389665639528e-05,0.00016264323617955055,7.397635562021172e-05,0.00011387431974843112,0.00018371641313731795,7.892516461515348e-05,6.801942093262667e-05,8.251902238602373e-05,0.00012482883315333615,0.00012820915851798406,0.0001109256246255537,0.00014096114651293573,0.00015407857713788228,7.679898656136828e-05,0.00013371146329469417,0.00010370581762363434,0.00015107960203049786,0.00011407134024428718,0.00010921842183543908,0.00015423333610316983,8.14511190368718e-05,3.459817329518327e-05,0.0001815086745988952,0.00016557332907229578,0.00012712585715184333,0.0001742522484031301,9.45033412169097e-05,4.44724742176727e-05,0.00020820742991838577,7.368686416227146e-05,0.00015133384963415526,5.2608017618731786e-05,7.515667600662101e-05,0.00010810191545530316,0.00014149502138735765,0.00012506323317206818,3.253000112123524e-05,6.947236962684468e-05,9.653424653001113e-05,0.00010804610935781785,8.71083416845529e-05,7.091911510022761e-05,7.49099097700882e-05,8.573657343849121e-05,1.7754342496300736e-05,7.527421239059542e-05,0.00013656932774778894,8.221521292057837e-05,6.290807931543745e-05,0.00015617292300086768,0.00018486202409836804,2.200039450167196e-05,0.00010437870195388041,0.00012287408067596895,5.111762912318689e-05,8.641470673855119e-05,8.774494272674714e-05,0.00013207284466951457,0.00011468834039245124,0.00011565458536231462,0.00019702150765505346,0.00017042246376880552,4.583301824272446e-05,0.00011758483992800572,0.00014330057502624145,0.0001620877373090148,3.839945839091294e-05,8.618048185649088e-05,0.00016755968119538212,0.00014802305442497402,0.0001353994173397331,0.00010896312738479665,4.873539104793918e-05,6.412912011881578e-05,0.00012984473395523846,0.00010078708576302877,6.215642259496955e-05,0.00010819981119855288,0.0001307454735641418,0.00019516384478900428,7.965140019931367e-05,0.00010465976114798729,0.0001209866001899038,0.00013128612491999431,0.0001041464476017909,0.00010211286303762802,5.188091924915937e-05,0.00014416911274169725,2.596414105479166e-05,4.742793367576999e-05,0.00010117314971322598,9.67968455974935e-05,4.741194754202493e-05,0.0001725898972224046,0.00013570852778305303,9.784111816160622e-05,8.705589483697938e-05,6.264098608515344e-05,9.426883539003403e-05,2.090743416977659e-05,0.0001141265123563377,0.00011027387146236071,0.00013544967998653916,0.00013396382448624877,0.00011613769571287762,6.0116573174929155e-05,5.84315961864219e-05,0.00016679232433629222,0.00010135027440135647,9.42593678652912e-05,0.00012102731713733422,8.878359150065052e-05,9.501731986956993e-05,0.00010707198868187814,0.00010596106683388147,9.782899075354184e-05,5.757798162888603e-05,7.155317302405473e-05,0.00013329894634740678,9.83549231686384e-05,0.00015583093268763546,9.44380501612262e-05,5.8769001708636026e-05
PWY4FS-7,3.180777797669948e-05,2.6579915462042257e-05,2.7737475569822504e-05,3.22072600999858e-05,9.058157388419545e-06,5.619215853726718e-06,1.7997881959986706e-05,9.023906751293482e-06,0.0001463378434929607,6.32755462226854e-06,2.126093763627513e-05,6.372175304237411e-05,1.0816879853815278e-05,5.264992475765439e-06,1.9764214214924867e-05,2.2552314822842455e-05,9.35749423024275e-06,5.986098997856944e-06,1.1901763107709391e-05,1.7119505646480893e-05,1.0521741400358444e-05,6.40688506469641e-06,1.9165754332770672e-05,2.0889922341665964e-05,3.836675913306359e-05,1.3631498054881709e-05,2.208383100503697e-05,5.006258827559787e-05,5.362587578960918e-05,0.0001142352919878306,4.2549104559176904e-05,3.548571490623682e-05,9.840051803059993e-06,7.425851644360741e-06,1.088433646078646e-05,3.717697076638842e-05,8.932450325814632e-05,1.1494359159712061e-05,6.55112475159161e-05,1.1798734361296466e-05,1.654965704027043e-05,1.1371308627557445e-05,1.5354773363863575e-05,0.0001245285759006081,1.3118518076086006e-05,4.15462488074208e-06,2.16027721813963e-05,2.854545714013017e-05,8.093596776167929e-06,2.4464862753711044e-05,1.7727551070406556e-05,4.5325830717968024e-05,0.00010426565982188499,7.5538873188419674e-06,3.341890242282301e-05,0.00012532353079589554,1.0923615846244625e-05,0.0001291976359768347,2.8268317372288017e-05,3.929091802127596e-05,1.8556902561862623e-05,1.2406626826879486e-05,3.593343500319111e-05,6.779737370135124e-06,1.3204976004258945e-05,7.855705409297001e-05,4.942970612188969e-06,8.195250977958805e-06,1.0756926063831927e-05,1.9476010308610534e-05,2.2022582917400886e-05,2.344908647423458e-05,9.007643034770931e-05,2.680894876235967e-05,3.948181611930749e-05,8.740057475685482e-05,2.6754796032838003e-05,1.6759088745591066e-05,4.7805262411748554e-05,8.338600533162261e-06,1.7289693226319606e-05,2.245062698856371e-05,1.0994642725992887e-05,4.9650516019371295e-06,1.2787848799905241e-05,5.805938540463435e-05,4.663944811965361e-06,1.2742501081166793e-05,1.9559400737039323e-05,2.5471240728909724e-05,0.00014356221708855063,2.4606331863637144e-05,2.8600244677139586e-05,4.780713962092249e-06,3.0406086941966853e-05,2.9451200528560113e-05,1.1639745323447516e-05,8.139727003914102e-06,5.437372994821824e-06,3.4060622567177636e-05,1.1792484023604522e-05,1.3502320111580778e-05,2.9090852683632372e-05,6.128524814737989e-06,2.499013840635857e-05,1.4085273212866888e-05,1.2048509440281823e-05,7.518753636345483e-05,2.8706498356950067e-05,1.0881003446124857e-05,1.865984260673551e-05,4.4003672714383526e-05,1.465385025071466e-05,1.5755147372674418e-05,2.3374843799982557e-05,2.3006890019353755e-05,9.564458929721714e-05,5.825695157746849e-06,1.5915185080699528e-05,2.4277320536109433e-05,3.145945455096664e-05,7.180559645693546e-06,2.230107705126628e-05,1.9610494359152336e-05,3.812014182228895e-05,1.925015189285377e-05,8.79183939500611e-05,0.00010719473194426116,2.4134281990554574e-05,2.506301254253706e-05,9.832021987590019e-06,3.6243782046571285e-05,2.353698711249533e-05,0.00012373842035627897,1.4400552345678587e-05,0.00010690297163769699,8.702616821810433e-06,5.995610594825002e-06,4.848951927654894e-05,3.728863932206805e-05,4.528605308396617e-05,2.486226298316592e-05,1.2675711433222341e-05,4.814020717371917e-05,2.2975777837563432e-05,5.820954002304084e-05,6.12066992219767e-05,2.542598711181712e-05,2.6427937485862675e-05,1.042710631025388e-05,3.1696995770621486e-05,2.6955862201643782e-05,2.4881833067617905e-05,2.894507629749779e-05,2.934336055130296e-05,2.2704883470033297e-05
COLANSYN-PWY,4.0806971876996424e-05,2.7748871555827792e-05,4.410194404053274e-05,5.144700644941899e-05,3.517710533906336e-05,4.233013380304375e-05,3.312815154301347e-05,4.545677127231875e-05,5.0844975704686936e-05,3.739398764167956e-05,2.2279788023556247e-05,2.307439029491512e-05,4.191898605683995e-05,3.8247252940751516e-05,7.13095180566947e-05,2.827700914268274e-05,5.385178825706935e-05,4.9514419726152286e-05,4.4519343895506065e-05,3.115988869199101e-05,3.612927402086586e-05,5.2481783897874816e-05,2.216747419247866e-05,2.319694773177818e-05,3.532342736862761e-05,4.33862697754861e-05,2.7348445875215018e-05,2.955662588417255e-05,3.5378076244349185e-05,0.00013765913235638236,3.105373073336818e-05,4.799652329608601e-05,2.226922912829955e-05,5.8297230672360723e-05,4.7715042084842386e-05,6.681881522841958e-05,6.607422336582896e-05,5.3278767936573835e-05,8.086980738641241e-05,3.8856205159637646e-05,3.234031580090165e-05,3.1585802556789116e-05,2.9563731069839108e-05,8.475225851332391e-05,4.452132039481905e-05,2.794789298541547e-05,4.785197999506623e-05,3.2400830877353825e-05,3.6817690028787524e-05,4.007559179009557e-05,6.116025710428044e-05,6.192889590552356e-05,6.512657693060343e-05,3.195135469858064e-05,3.7710078588288644e-05,0.00010721149243569578,9.739357555259271e-05,7.865052884301903e-05,8.355763611016191e-05,2.985759864505535e-05,4.570878006130989e-05,3.7278419615935685e-05,3.837893223972553e-05,2.5857680371601208e-05,3.4803809027830635e-05,1.966356026284992e-05,3.0220512010836878e-05,4.466051372060496e-05,3.416480857959865e-05,3.087553345748398e-05,4.306426243658425e-05,4.255535226707657e-05,8.225298597365347e-05,5.3762540188432964e-05,3.339256371684935e-05,9.27901742129191e-05,4.445577183720667e-05,2.565966573012624e-05,7.341551019094724e-05,2.9996514224291226e-05,3.191554444031674e-05,3.21052558610836e-05,5.01290536304352e-05,2.82636478422683e-05,2.919118911175742e-05,3.461686849896321e-05,7.45486291725363e-05,2.5820594230924578e-05,5.2427979895351145e-05,2.3953682643552728e-05,0.00011980826820177546,5.9370813989969174e-05,4.572086285104608e-05,2.993087134255841e-05,4.077621832794549e-05,2.519159774446654e-05,4.508363194134144e-05,7.447194446695392e-05,4.951572789196433e-05,3.9842979547345894e-05,3.713625516095095e-05,7.256651083003349e-05,4.867581551061376e-05,3.986190708612187e-05,1.3100162672246521e-05,1.2910171724040725e-05,3.544459928812007e-05,4.67587648964819e-05,3.895981092139495e-05,2.6962324446136644e-05,4.932717644788232e-05,4.5449543459661894e-05,6.162338772688524e-05,1.885160594557138e-05,4.1495365751843114e-05,2.6795282018336554e-05,2.7368762617628125e-05,3.3451277985703116e-05,4.1654520157582715e-05,1.972909762407286e-05,5.911044649092742e-05,1.956716530520135e-05,3.65160639032817e-05,5.457540061386908e-05,3.3774992658264376e-05,1.8463459968880586e-05,9.903547627867767e-05,0.00012916472783234433,1.8097177407950147e-05,1.8538870874903124e-05,2.7115252922078372e-05,2.1946335558630225e-05,3.227298210647048e-05,0.00012080105266631543,5.1540072046506935e-05,2.9760183663196745e-05,4.799581545959253e-05,2.5881802932410608e-05,5.935610056605233e-05,5.843663285562285e-05,5.091979896727567e-05,5.498007319857797e-05,2.6989772035890006e-05,3.574864656534738e-05,5.4245888321529853e-05,6.273564076091846e-05,2.0068894211589732e-05,2.3610312139438912e-05,5.037031845472141e-05,4.1785235879542495e-05,3.357498124520543e-05,2.7193160979226943e-05,3.778422828522231e-05,4.970145174516779e-05,1.9454229485802723e-05,3.9372284595379295e-05
GLUCONEO-PWY,8.279627102599819e-05,6.182265729475644e-05,4.57406894220395e-05,4.8169918987327174e-05,5.202862830722322e-05,7.295416979206626e-05,6.434051225606902e-05,8.580918752707047e-05,0.000116752629763559,4.235785623338602e-05,5.262887914139555e-05,0.00010902077219231046,2.0500266659123473e-05,4.6178893711960534e-05,6.656496334860557e-05,4.331491569595343e-05,8.719893247014765e-05,5.550757286293494e-05,4.312542233716939e-05,5.2261587194951666e-05,3.6258471598950284e-05,3.928346789151477e-05,2.629079978149085e-05,4.4501059124608604e-05,2.5509491015624494e-05,8.061087399697312e-05,8.22774197623389e-05,7.602991264300518e-05,4.311016338982981e-05,0.00013669775409602997,8.817002997266608e-05,7.544439641713466e-05,8.306488679749748e-05,5.237222399843185e-05,3.9096794441656916e-05,3.856193782443919e-05,9.508277772035258e-05,4.9126372243303304e-05,0.00010179422010997664,2.6314540563134025e-05,7.753197973944548e-05,3.472563064593561e-05,3.5886544840558725e-05,0.00014823026104540953,3.1677038237750716e-05,9.281535461003669e-05,2.877465828751906e-05,9.981085368154042e-05,4.522369507879936e-05,6.772324371551487e-05,5.93800817594443e-05,7.550927496673204e-05,0.00013593492346714042,4.073313195146256e-05,5.5953194040650766e-05,0.00015239396491620235,4.333410608961212e-05,0.0001330400136508253,3.430512263434094e-05,7.320488450831029e-05,3.372015303595136e-05,5.6166728009092616e-05,9.433008644850742e-05,2.8922954552760364e-05,4.920981437557713e-05,8.788977508681533e-05,7.823357849565414e-05,6.505617456238047e-05,7.32481117503309e-05,4.185057333793352e-05,5.437193596074929e-05,5.1900479658497465e-05,0.00012714478140028097,4.324582355719925e-05,3.354222290784499e-05,0.0001378700535601221,5.7029756923783735e-05,4.447176444573288e-05,8.047490910798231e-05,0.00012548808444799438,7.507493832836053e-05,3.481833671964578e-05,3.2577277397090165e-05,3.801894835579756e-05,6.574319290455582e-05,4.803680369710581e-05,7.717008894400678e-05,3.692496321892584e-05,5.144552321568876e-05,8.646467142502214e-05,0.00014376153891394904,8.810573245354019e-05,4.1864191340520276e-05,0.00011682347541993496,6.865698455667307e-05,3.812321218709982e-05,3.469368427116769e-05,6.589422650814526e-05,3.894408609921786e-05,5.6881440981570893e-05,6.92159925347828e-05,5.6812609481694434e-05,5.34537311421024e-05,5.467330490898211e-05,3.919972343839053e-05,5.237148906839391e-05,9.144558432543464e-05,8.968506688602395e-05,8.639823124933082e-05,2.374017005451368e-05,9.804544634181221e-05,0.00010900646776195084,9.988357209149049e-05,6.733920988040746e-05,6.354917815849132e-05,4.375375430813625e-05,0.00010607580975357737,6.723139249040172e-05,8.126793204652672e-05,4.6441997534946814e-05,6.579581154899939e-05,4.3148186593189536e-05,4.8908570915314285e-05,8.240741528405808e-05,8.284776809462485e-05,1.8444912958355207e-05,0.00012852202590380685,0.00015353008141628447,5.006974977592208e-05,2.888342572607709e-05,2.9989101573583847e-05,6.406930295829694e-05,3.131379820564869e-05,0.00014615055677837544,8.317299152024366e-05,0.00015892374842989217,5.704537995816589e-05,7.368715691555472e-05,2.2159283861835952e-05,4.296518210855144e-05,0.00010361470736808394,2.659726568883782e-05,7.165378506294874e-05,5.2406465753876926e-05,6.790342021428198e-05,3.57792259128834e-05,4.2595784113354034e-05,1.9613693254327886e-05,3.903946549360885e-05,5.752901253022503e-05,3.247955133998846e-05,4.088166781509023e-05,2.709539967544075e-05,5.702169854201727e-05,2.49825837727664e-05,4.078730804469604e-05
PWY-7115,6.7661518004065e-06,6.575537566704181e-06,1.1765807815622742e-05,6.783423422621956e-06,7.091354277041754e-06,2.323829290984841e-05,9.278241555633926e-06,1.6146812430713464e-05,6.961734916232852e-05,8.25677589124492e-06,7.645558118295822e-06,1.7673772145012007e-05,5.1192738673355254e-06,2.3107132291063166e-05,9.607844242436407e-06,7.0437496338067726e-06,1.9746531530439722e-05,1.806316022632011e-05,7.499872408606667e-06,6.564885427177345e-06,4.317464696836373e-06,8.99317618636919e-06,5.0139214403042104e-06,1.2256615263129652e-05,5.353721312695728e-06,2.0129764129223373e-05,1.3250191508530937e-05,4.7527902003115104e-05,1.8369232450787104e-05,2.916174059898185e-05,2.0982361082240107e-05,8.965061666792759e-06,2.0773324800412558e-05,1.2534040159339345e-05,6.381016046268031e-06,1.0770416086537461e-05,2.6818401839002645e-05,8.37310204318457e-06,3.417629962487928e-05,6.498399630909703e-06,1.6265233494852933e-05,1.752189164489702e-05,8.578250229083283e-06,4.6313153746993376e-05,5.87903422185285e-06,2.180256489599195e-05,6.34153112513506e-06,2.525840709675653e-05,1.1378844031287463e-05,1.7922063350481303e-05,2.5765396450405627e-05,1.611699013970332e-05,5.8143309041737265e-05,8.757190953639004e-06,9.543536308682826e-06,4.43013602026325e-05,5.961977313257293e-06,6.408508941275126e-05,6.181334966605793e-06,1.3089896000168589e-05,9.101463947810449e-06,1.3791739974394033e-05,2.921516223700239e-05,8.558704872775475e-06,8.832348615041751e-06,1.630317286632024e-05,2.2018161572369658e-05,1.766863285051161e-05,2.375991550067965e-05,7.999922131507526e-06,1.0953021234980957e-05,7.87248411994899e-06,3.51187063636118e-05,7.385158827317113e-06,5.27900942599121e-06,7.804968751210118e-05,8.465294336476354e-06,4.839730769022566e-06,2.1945307326939417e-05,3.062320786875286e-05,1.6950798197542234e-05,6.753548142158927e-06,1.2632153914362851e-05,1.2686828579565343e-05,8.453323741332955e-06,1.648741736265968e-05,1.0292717562612613e-05,8.74742642538723e-06,6.099175424351917e-06,3.6414289983100284e-05,2.997274046040271e-05,2.6457378458170043e-05,9.128959207487405e-06,3.9882618609599454e-05,1.9896066686130983e-05,6.144995428851475e-06,6.552814433906687e-06,1.1182882787172788e-05,7.589126585478941e-06,1.14233542028784e-05,2.0778536523486947e-05,5.748269697985925e-06,1.3735138710206381e-05,1.6186823411155344e-05,1.2835578852746426e-05,5.331323673919747e-06,1.53830012008582e-05,1.8178887268117757e-05,2.649124194862466e-05,5.16921947275457e-06,2.155268358849251e-05,3.576536326650543e-05,1.1688203543700695e-05,8.263266455124636e-06,1.9215342124536056e-05,1.885680792987689e-05,4.1426301164259315e-05,1.5157175775874803e-05,1.6987858802156565e-05,1.0606984091020905e-05,7.871504225294543e-06,7.2815404957741675e-06,8.659507805550925e-06,9.441536198199765e-06,5.739715979098578e-06,5.057193319291481e-06,3.2289183921522166e-05,5.3354873500400495e-05,5.81579468189218e-06,1.2412261312049695e-05,6.622116160780903e-06,1.5857154424848347e-05,4.667388665504369e-06,7.373930808362605e-05,9.049399646377995e-06,0.0001137225363562762,2.3551152337838218e-05,1.1685010370090575e-05,4.597591626783813e-06,5.938733485261665e-06,1.1123556755764828e-05,6.533279284496044e-06,1.0521434371839587e-05,4.53885000911854e-06,5.4778038628544565e-06,5.684378021883822e-06,1.7087536964882132e-05,4.9122121583631895e-06,4.098375498865157e-06,1.0960381130642392e-05,1.4807493706176917e-05,6.539355147885357e-06,6.5137013125235355e-06,1.7064186384752848e-05,5.239031433663327e-06,1.4109218515535656e-05
P163-PWY,5.447338056222702e-08,5.9435665837261204e-08,6.936036410838711e-08,6.782853273261189e-08,5.568427235984941e-08,6.977306066775938e-08,5.981789855970139e-08,5.31977814418353e-08,6.466322577242616e-08,5.5110958484484214e-08,6.321977246655464e-08,7.07522361794372e-08,6.854665510236899e-08,6.7540246703891e-08,6.919508690182252e-08,6.796503450461714e-08,5.6906129717068664e-08,6.534097317915854e-08,6.800460029607859e-08,6.783664361335316e-08,6.731465190174819e-08,5.8619123111370076e-08,6.827539341905877e-08,7.301291714532966e-08,6.920882914015178e-08,6.970682872552605e-08,6.744399498694375e-08,7.256164924786821e-08,7.129391329920141e-08,6.80033843336788e-08,5.722812150645924e-08,6.110840578807417e-08,5.983416136970195e-08,5.562616190752855e-08,6.701903771628706e-08,6.932491951983373e-08,7.108363429567936e-08,6.97117907447925e-08,6.948753583736998e-08,6.921667780613416e-08,6.875482868187903e-08,5.592959783283212e-08,1.5290683961724448e-07,6.006312084705333e-08,6.667160677256024e-08,6.745878883126247e-08,6.879061063430605e-08,6.748735306523151e-08,6.762448471513893e-08,6.766335740858536e-08,6.724120133505704e-08,6.74957969723856e-08,5.496309996259167e-08,1.5036405294341536e-07,6.746885880841058e-08,6.690883324679066e-08,6.658840165209696e-08,4.869144083353842e-08,6.97563422735281e-08,6.822310045617741e-08,6.776993425508053e-08,4.9318109495237245e-08,6.875502592683508e-08,6.844960007212668e-08,6.812707441424775e-08,4.039932924109634e-09,4.851178720443238e-08,6.593264418775805e-08,7.07883270497528e-08,6.802456121547238e-08,6.912090750894587e-08,6.945431236658304e-08,7.17525085320775e-08,6.915521018165598e-08,6.817159001712892e-08,6.951284936436208e-08,7.198230600889472e-08,6.805282213060861e-08,6.60547144061026e-08,4.8588795117393827e-08,5.7193448692659616e-08,7.315449929169097e-08,6.851762455644931e-08,6.700878671501317e-08,6.930114505881424e-08,6.78010808994458e-08,6.091207214233244e-08,7.142975038243363e-08,7.199428887951615e-08,7.127157068078106e-08,6.6619435718059e-08,6.763533213070143e-08,6.885824107486737e-08,6.592422026279975e-08,5.479667550832205e-08,6.797021014909218e-08,6.787129728615037e-08,6.725163685943133e-08,6.623248657968763e-08,6.808174406366978e-08,6.019787795882196e-08,6.784474664199935e-08,6.740170170123085e-08,7.289408095593509e-08,5.764290712194036e-08,6.886396565654174e-08,6.634414529910377e-08,6.13917112469574e-08,6.077297136509642e-08,6.821508699071696e-08,6.934110056640224e-08,6.685163223150454e-08,6.922256776742126e-08,6.943018276231069e-08,6.96279695682445e-08,6.93218863170408e-08,5.83829376468969e-08,6.186121598543756e-08,6.733591255406663e-08,6.747959485522087e-08,6.895738090158333e-08,6.937510316400096e-08,6.892027242665377e-08,6.892601100464384e-08,6.466829287890479e-08,6.859147672620425e-08,6.658521722333973e-08,6.807156378669316e-08,6.93116652713654e-08,5.991257368436469e-08,7.430361325082299e-08,6.244707760852966e-08,6.951206963064142e-08,6.752768933567626e-08,6.512670120254723e-08,6.5849772041567e-08,7.019984232386317e-08,6.702722970649285e-08,7.116705724063433e-08,6.889037425165613e-08,7.333364608860393e-08,7.159988966720742e-08,6.839996131522744e-08,6.998959271150716e-08,6.90237968132943e-08,7.194445770874995e-08,7.201524951819084e-08,7.280180087458076e-08,6.999174706595745e-08,5.7492743712880046e-08,6.906648229218609e-08,6.97208776783782e-08,6.194524754153848e-08,7.055091002444728e-08,6.882751240841919e-08,1.5132889000005235e-07
1CMET2-PWY,0.0001234358415479484,7.974413458022438e-05,0.00010292063204675799,0.00013751492905814128,0.00014246154529370315,0.00014748300076566906,0.0001262570809192427,0.0001704871586051534,0.00014969040728696092,8.895581340782367e-05,6.953560814929586e-05,0.00012127280179775196,6.666951034236763e-05,0.00013887141441012784,0.0001808170067730586,8.988680204039171e-05,0.00015731870150385318,0.000125903870098207,0.00010803784857139788,7.25395240029605e-05,7.91327958702922e-05,0.00011827579332126247,8.020636755897155e-05,9.230441048682372e-05,6.423334782708905e-05,0.00012802458331189368,0.00016961724694875788,0.0001637193952651808,0.00010755930078105595,0.00010821679573201242,0.0001514931953816994,0.00011827999694379825,0.00017779568608642656,0.00013980233085998968,0.00020458024578161638,0.00010799673581481827,0.00011019670771643874,0.00013009126794429738,0.00011760658271158038,0.00010853232327558657,0.00010044510554797785,0.00014713718790809106,6.402744258385094e-05,0.00010698062581693257,0.00011561813794094244,0.00014087029524099997,6.452124224316922e-05,0.00018203971121198134,9.12556272954319e-05,0.00020606786608610132,0.00011369088135357952,9.702253932632314e-05,0.00015280123969217273,2.2639595017637996e-05,8.327789741398054e-05,0.00013382804759839862,0.00015689446210307917,0.00016696492961123057,0.00017250217097134277,9.314919831508732e-05,8.608217586697221e-05,0.00015367917643780929,0.00013345880760385544,0.00011660206476077361,9.166295882365145e-05,6.186872805428063e-05,0.00012839684766908455,0.00013560951140831128,0.00011936377845597862,8.79676283187907e-05,9.373347223274579e-05,8.481783139345159e-05,0.0001084101442253277,8.470654453037446e-05,5.0443876629637124e-05,0.0001459102705629945,9.883772410032826e-05,6.574334504713873e-05,9.216498586073298e-05,0.00018232032451889602,0.00010455400592269654,0.00010149093690488479,0.00014718011502245278,0.00017200173396650928,0.0001089622289187684,8.186912828001038e-05,0.00017174705428157794,9.169526801540014e-05,5.5221843709335115e-05,0.0002038752614833514,0.00011603846790104633,0.0001481320824664829,0.00010902828696195742,0.00016789082110190098,0.00019233974913576655,4.7197362160732294e-05,9.735543884841736e-05,0.00015864229077272877,0.0001348562674926004,8.360829781144023e-05,7.978767528334373e-05,0.00016912237719420953,0.00015930509615792038,0.0001051208884616298,0.00011078388768358651,6.33477438871356e-05,8.854186487345263e-05,0.00014005496469723496,0.00011560329349947349,4.7371862787041245e-05,0.0002244849534128693,0.00014876011883138988,0.0001341879344949582,6.332778415274806e-05,9.221759658354513e-05,0.00015581515795563022,0.00015564670837770576,0.00011252679547580392,0.0001269136762779373,0.00010255143219738526,0.00013408394322205676,6.100738730636522e-05,7.334474527900895e-05,0.00014046377672813725,0.0001365529131879127,7.370502543909227e-05,0.0001848353841446178,0.00011740343323888344,7.140338275028269e-05,5.191544675170755e-05,5.318132079635871e-05,0.00012949727434592923,7.089273281761869e-05,9.328015431977918e-05,9.862450392691506e-05,0.00013343907169107488,0.0001446536298480464,0.00011423398250146667,8.44521697977647e-05,0.0001300918727358286,0.0001522957157070961,0.00011839672926182622,9.21793483720442e-05,0.00017029306772200597,8.212162996588334e-05,0.00013974064353012154,9.481628254547311e-05,9.8877837327708e-05,0.00013015024854795673,0.00010487222391034423,7.793119110977924e-05,7.705788781553199e-05,7.094858139041304e-05,0.00017321877661032243,8.044664022004014e-05,3.518515264785396e-05
PWY-2201,8.014485171109083e-05,1.0009881480196458e-05,2.3006374837045608e-05,3.431161417507718e-05,9.955941056483477e-06,5.884709874988952e-06,6.5180126562143225e-06,1.183584868122127e-05,9.83302713020315e-05,1.0135739124326517e-05,3.352026349334148e-05,4.999160060469784e-05,3.3031397283578616e-05,8.598831609912497e-06,7.249837692390517e-06,2.7051642604331484e-05,7.80323238359607e-06,8.285129621487354e-06,1.5880088563132384e-05,3.4001450965688995e-05,7.0212958741226945e-06,6.7197167105946096e-06,2.1798592188764663e-05,1.0311275027715778e-05,9.956685477347843e-06,6.241349692747283e-06,8.079411876345096e-05,9.070400934360273e-05,4.513066837425964e-05,4.8865268657154703e-05,5.142177816128237e-06,1.0386915137670708e-05,1.6454644216523753e-05,8.137342739993594e-06,4.341949968995545e-06,7.13059754876613e-05,8.914233026047781e-05,6.736914012952392e-06,9.126626767461513e-05,1.877757490538562e-05,4.250460514304028e-05,6.492786258390538e-06,8.887055867795365e-06,7.468921299600833e-05,2.1091244755529397e-05,7.248185705243596e-06,2.158521058289593e-05,1.5791459403369572e-05,9.85439175480909e-06,3.025616874281213e-06,6.595191027907711e-06,1.2935933042653174e-05,0.00010620345926301508,3.136162969097301e-05,2.051863375849388e-05,9.5007563442688e-05,3.3934242153119528e-06,5.519851764019811e-05,5.8792849848207224e-05,1.3398717739502437e-05,1.018656863970336e-05,3.877984515902048e-06,3.8808874915095794e-05,1.0092075335883388e-05,3.151207043101698e-05,4.0996274171056286e-05,7.650460258132782e-06,6.388176520123171e-06,3.425149259822776e-05,2.710823502391975e-05,8.391079889130574e-05,5.992436398609409e-05,8.290760722940348e-05,4.750058124078257e-05,4.8659912210424144e-05,9.104398528697479e-05,8.017876489064436e-05,1.0162360670687003e-05,8.597000484388376e-05,4.878473203975844e-06,7.181415141293476e-06,4.394705221113046e-05,1.011675324220503e-05,2.7982351211336084e-06,3.9831217487368425e-05,5.008880961165202e-05,3.736972963373447e-06,2.133790049675815e-05,2.0548945648417696e-05,1.7411067659318896e-06,7.615509886087388e-05,1.0135515684272986e-05,8.830428985415858e-06,6.653931442046572e-06,6.1762523068946075e-06,2.502664002095714e-05,4.0728925454787694e-05,5.875991747515184e-06,8.912829639581478e-06,4.096956788384493e-05,7.329038597422021e-06,1.7663163989267403e-05,9.626860885731443e-06,1.555643187213864e-05,1.0865806658203738e-05,3.151442626158248e-05,1.1053061887508797e-05,5.639181654185172e-05,2.2039665235353017e-05,1.7876416525727707e-05,3.31742500537901e-06,4.838492607644652e-05,1.8563653357204844e-05,2.4633601824728246e-05,8.61590229741909e-05,5.210434022329932e-06,6.110089160042925e-05,9.99465075202899e-06,1.4655236957752329e-05,2.7958745798159895e-05,3.139846688058651e-05,2.8037228744233112e-05,3.964222010285579e-05,3.880112219988485e-05,4.930367404723899e-05,3.4589045614345875e-05,0.0001377835621735669,4.429419291720124e-05,6.040527979285871e-05,2.0862491561688213e-05,2.3748634069959285e-05,1.5859770456194495e-05,2.163040476162146e-05,5.949480622716762e-05,8.346723734220887e-05,8.529576969764089e-05,2.6232388663065506e-05,7.139895629070859e-05,2.6647255841426235e-05,7.057571826052802e-05,6.337609834750463e-05,2.588109669455853e-05,5.320354018138703e-05,0.00015109631357905715,3.620258437126735e-05,0.00012117606493937665,3.4640343737319736e-05,4.8010774995771655e-05,0.00010461945408417876,3.555922148950607e-05,4.212941183975249e-05,6.160614811118672e-05,3.9217223391707416e-05,3.672543541055228e-05,3.0753938566487444e-05,4.2989095159879906e-05
PWY-3841,0.00013395371855086464,9.664406607954859e-05,0.0001368660537446185,0.00015134048768414998,0.00015479233660509761,0.00015116092523827197,0.00012479443160932,0.00016547656926245191,0.0001362293501472565,9.46382985513085e-05,9.305677712018046e-05,0.00013956117016792404,0.00010662656602575307,0.00015212738135678017,0.0001775409286035876,0.00013704908391157125,0.00016314738014887068,0.0001205692573446397,0.00012785194293012575,9.837178949156683e-05,9.88079848006862e-05,0.00012768887556431136,0.00010687830678305147,0.00010300942248764017,9.610923045680643e-05,0.00015173517750452088,0.00015174840800219832,0.00017375426865884835,0.00013291497880443264,9.169070082753073e-05,0.00015773204129473144,0.00011816516917449595,0.00015003068651627086,0.00014898926539995858,0.00019503327327139233,0.00012789507462431115,0.00010071740698723325,0.00013953717277679218,0.00012026111848526657,0.0001484670294233378,0.00011379935639860029,0.0001636321305183253,8.956936792671746e-05,8.373350626451789e-05,9.784945532516191e-05,0.00017335160109503331,7.575282774942874e-05,0.00018105626382563272,9.410225596038536e-05,0.00020875168036125428,0.0001595676506576,0.0001333387036346744,0.00014401064889222185,0.0001290037811382707,0.00010686743550507328,0.0001466797198743404,0.00014594646932642637,0.00015914010818930785,0.00017327673124602552,0.00010836867042535181,0.00010260544847246982,0.00019473453456008002,0.00014407581349526927,0.00011979871684347935,0.00010544775425238954,5.777834393410792e-05,0.0001166485087065923,0.0001682831562436607,0.00013687120815567038,0.00010751406073572725,0.00011846909595184852,9.889174285122541e-05,0.00011830124308361295,9.961969153601116e-05,6.232178775731744e-05,0.00013572622475850027,0.0001076246758834521,0.00012108572564710517,9.905792749432723e-05,0.00020657183294474062,0.00014701834697412915,0.00010627914936000003,0.00015315875148338794,0.00016424761671085747,0.00013026312166954928,8.853033904967873e-05,0.00017417343000285124,0.0001175316593438554,8.998400651674054e-05,0.0002098768196186728,0.00010984603840836467,0.0001482962838488873,0.00012515059207740293,0.00015675658678237524,0.0001823403642557326,5.599454192749663e-05,0.00012121452823709966,0.00017147808510331356,0.00014249593349185285,0.00011164235597414767,0.00014581620028795197,0.0001648982602141857,0.00015667670582227177,0.00011045035796548428,0.00011291020734432246,9.226215188992759e-05,0.0001069691487764311,0.00014225213976917163,0.0001519238876957947,6.525968407965914e-05,0.00024648085972477,0.00015452799049072682,0.0001406733535226921,9.762878095112837e-05,0.00012255264176917077,0.00017462172765798995,0.00014513775403830143,0.00010888350169506206,0.0001569298662009003,0.00015169488815277823,0.0001502628294097131,0.00010114755404321263,0.00011118677209858114,0.00013050307829948083,0.00013578107913440513,9.91795412178287e-05,0.00018742012413668183,9.726765949116725e-05,9.95352134089153e-05,7.465201678665052e-05,6.25361130623939e-05,0.0001312228870680967,9.381387420215698e-05,8.119802494807361e-05,0.00011602932642266427,0.00013645221196692428,0.00014004981870368972,0.0001690782436604987,0.00010472943648267522,0.00017206914567469476,0.00016280108733195277,0.00013497253550128437,0.00010312104668885369,0.00016253139668288147,9.780546037713986e-05,0.00014639788167403417,0.00010259276963397967,0.00010930678261236975,0.00017045145579843525,9.858101021286407e-05,9.545234228644622e-05,9.355907569243099e-05,8.254302903660085e-05,0.0001708844130278828,0.00011591327511015422,7.441490086628792e-05
PWY-5345,5.2629506387477625e-06,8.765717423858093e-06,1.5060970006003924e-05,1.4245298445171527e-05,7.829416291364088e-06,1.4158503870418995e-05,1.407792997436893e-05,3.729346351022663e-05,0.00010954865217756957,5.041093503820646e-06,8.127189555386018e-06,4.4462662739415195e-05,1.4085238050573822e-05,5.8978140397988515e-06,5.392610169274474e-06,1.4811700128648981e-05,1.5255605889365173e-05,4.615448138155222e-06,6.007657351204616e-06,2.0266234160184144e-05,1.2887109583715553e-05,5.182626654015389e-06,8.054827917167621e-06,1.2722315719648956e-05,1.0226606961257611e-05,6.5608162916198314e-06,4.932290123937521e-05,7.469542980871297e-05,6.134378675863817e-06,6.905380005608977e-05,7.590034111430891e-06,3.1789633579006395e-05,7.5968676835668775e-06,7.078927991986065e-06,1.4054806545787778e-05,3.481568827482572e-05,7.718219177659418e-05,1.29585919152863e-05,8.407315576561942e-05,1.5559588795206325e-05,2.6992615366596304e-05,1.4409383737762288e-05,2.1215193755157964e-05,0.00010739963948450866,2.6650033750680375e-05,6.7438320716075705e-06,6.186256261291301e-06,5.552061286207189e-06,2.5138344329217763e-05,7.424529625704603e-06,8.598418935380669e-06,9.16140326357001e-06,0.0001195807136019873,1.2439932269427569e-05,3.5643068269371294e-05,0.00010248190458416664,6.597087639517478e-06,0.00011595927533679272,1.5034856934977333e-05,2.600893566433258e-05,2.5029697213183933e-05,9.716526374932326e-06,3.309744017739373e-05,1.5945308377648996e-05,1.479759596717581e-05,5.467535317928236e-05,9.667213765615583e-06,7.575063203063652e-06,1.54599825967761e-05,6.3808760744939545e-06,6.606406900289766e-06,1.643393324402413e-05,8.01646527414054e-05,6.3508444530744276e-06,8.840744086679464e-06,0.00010860378415556087,6.329834487911388e-06,1.1917385195459583e-05,5.243207810057333e-05,1.0679906801728872e-05,5.465909749217859e-06,9.445876381184376e-06,5.9375042392095756e-06,5.748922791177186e-06,6.042593872735521e-06,9.199482344103816e-06,1.481815201972935e-05,6.843390307731383e-06,9.913104841717506e-06,1.2854471299198652e-05,9.828232141714982e-05,1.511770775924823e-05,1.4927389050674004e-05,3.3443641820112375e-05,7.69952366206263e-06,2.105368009461447e-05,1.3285726240353681e-05,7.45143569656802e-06,1.05841824437662e-05,2.2480670459925315e-05,8.06664050579703e-06,1.4547197250215308e-05,1.0643913943743294e-05,7.161167053009489e-06,6.63807961928994e-06,1.1008539093981255e-05,1.5493297514689113e-05,0.00011143149811647347,5.255607820444019e-05,1.0408205009635256e-05,1.2266021216604226e-05,3.7662945000599494e-05,1.579909856575166e-05,2.6618941609763717e-05,8.783462570880444e-06,8.068453817892597e-06,0.00011404989094115393,3.445370404532538e-05,1.3262246087262485e-05,3.668237079277433e-05,1.0097418045569392e-05,2.0262288024192204e-05,6.555776972939917e-06,7.987472605447483e-06,3.655105022198082e-05,1.3473116506779177e-05,9.233122305205954e-05,8.737588870689897e-05,2.1321835231679285e-05,1.413759255138956e-05,1.115234268761369e-05,2.6704439376383723e-05,1.1989787697131056e-05,7.689003416466108e-05,1.4543271712501231e-05,0.00010651323010506352,1.677943545710158e-05,2.7397135307833337e-05,1.265133498308294e-05,8.08684159498509e-06,4.5559532955892596e-05,1.0781867682710924e-05,1.911599004587733e-05,1.0256319047485449e-05,2.1791458969531175e-05,1.641754947647928e-05,1.9791228837213356e-05,1.3484909165958877e-05,1.8224050878220928e-05,1.5068814573362222e-05,5.728162612609238e-06,1.3941041444463334e-05,2.584552748336444e-05,1.6459501458077735e-05,2.2194071334853804e-05,1.2702207401786385e-05
PWY-821,2.2453719875360946e-06,3.7496428406365356e-06,9.039983449205045e-06,3.087517019194045e-06,2.3209900371383044e-06,4.708949588174207e-06,3.1087968477348747e-06,4.456722780420908e-06,5.730742209435538e-05,2.1848113257741683e-06,3.4816977152507437e-06,3.372614762522925e-05,8.935107031032717e-06,2.182297098521463e-06,2.399034575001939e-06,3.2486931325304688e-06,3.931331621929603e-06,1.935183363387883e-06,3.624197737213277e-06,1.0578195394843866e-05,2.3667901250198007e-06,3.185247010547041e-06,2.6828761032287633e-06,2.567569008326897e-06,1.7962873314877023e-06,3.024354514215161e-06,2.4751344827104242e-05,4.257569798838307e-05,2.1816733114718563e-06,3.2577830673199154e-05,2.6564202790996895e-06,4.213113599494154e-06,2.5392208523181308e-06,2.340414281263786e-06,2.8287784552526286e-06,2.1201057585982897e-05,5.723900227015054e-05,2.9305007893175196e-06,5.936399599399945e-05,5.821639622903791e-06,1.525476837235046e-05,4.5430648769218546e-06,6.388779359155106e-06,7.245698324521769e-05,1.7168878353311853e-05,1.702377330741778e-06,3.2289687887444088e-06,2.5049500525943167e-06,7.791534196104337e-06,2.870172417203539e-06,3.3106164333613048e-06,5.655158830345361e-06,7.77753893407102e-05,2.87840912455952e-06,3.0077069490184132e-05,5.379509240486004e-05,2.4159908883672733e-06,7.458767348036761e-05,5.270957943450815e-06,9.476257083619277e-06,8.053374428540384e-06,2.3923177556030706e-06,2.1010682315593047e-05,3.2995958133947323e-06,4.690163394431486e-06,3.955300262592965e-05,3.855411493959031e-06,3.96314094436066e-06,2.78763559001723e-06,2.384471676080703e-06,2.3882454317980626e-06,2.891807317012251e-06,5.252958304381171e-05,2.0738383457748522e-06,2.2627702213679376e-06,7.43850255322489e-05,3.653466036054635e-06,5.600553083157799e-06,3.3696608166093695e-05,3.999466020070309e-06,3.1499626598276207e-06,3.3623641098417753e-06,2.0837208250884443e-06,3.1887545941533427e-06,3.7565822070593432e-06,5.759045019141474e-06,3.9252849932453164e-06,3.5471470553153203e-06,2.59202225900294e-06,7.859432750417746e-06,6.300682136264626e-05,4.664128457622092e-06,3.36026831668614e-06,1.2844632031500837e-05,3.7236760094526312e-06,1.4169688512337702e-05,2.824521625637801e-06,1.8935848908901378e-06,2.1413401646406523e-06,8.566599986263274e-06,2.95372750967752e-06,2.631891992792692e-06,6.557730901457497e-06,1.530250930437996e-06,4.066137927801108e-06,7.14263737235039e-06,2.4955309104478337e-06,3.7795395477637454e-05,2.645333114290381e-05,3.0146050015195392e-06,6.5840408431175775e-06,1.475956601251567e-05,7.060054541742685e-06,4.571654592659474e-06,3.607972541501048e-06,1.956321303508561e-06,6.0198707066760795e-05,5.194841711513899e-06,2.214044321328265e-06,1.5489224520076552e-05,3.0303550158843827e-06,1.3131501084228076e-05,2.7075020417465037e-06,4.376622753105894e-06,1.3957751737744479e-05,4.036582254480432e-06,5.071629806139555e-05,5.059045094238018e-05,3.0281142556769326e-06,4.172023762154245e-06,2.7528229260110094e-06,6.613438209213743e-06,2.9192020181422213e-06,4.7351645390856834e-05,6.294552113050219e-06,8.493950660069803e-05,9.810044826956116e-06,1.3941733867854043e-05,6.893676329827754e-06,2.410764333958945e-06,1.7147182216416025e-05,2.263351674615661e-06,5.624477986682782e-06,2.6622098369658672e-06,1.1446734130342715e-05,5.110238204559479e-06,1.3332165836529686e-05,2.6985509905545137e-06,3.052950189244175e-06,2.8917050715010823e-06,2.295204144985122e-06,2.9275336917397993e-06,1.2715355242934223e-05,2.879580934753535e-06,2.9900294005264057e-06,6.626220489330855e-06
PWY1ZNC-1,1.9733841664898603e-06,3.5766311542137288e-06,6.711141981712916e-06,5.771465848791625e-06,3.0023323700522674e-06,5.492915281708623e-06,1.081236690015924e-06,1.655015118260065e-05,2.874894543154636e-05,1.91794052348247e-06,3.283267643200331e-06,1.7888185047839697e-05,5.588217379562179e-06,2.2265855377996973e-06,2.0202434236356104e-06,6.222565330415116e-06,1.4047476422714583e-06,8.271484621146989e-07,2.4880540428417863e-06,7.422708770236262e-06,6.111854607673213e-06,1.768108293943524e-06,3.6240099527382824e-06,5.8295045961340175e-06,4.385065449401973e-06,2.493470078619606e-06,1.139028969654071e-05,2.138252409495727e-05,2.3237363575642336e-06,0.0001257693153668435,2.866180672802096e-06,1.344658147323224e-06,2.846306877784369e-06,2.681664068523313e-06,5.437500670709595e-06,1.7473473498170455e-05,4.674941594657786e-05,5.117471849395205e-06,4.921224523138421e-05,6.8997071998120096e-06,8.18562400993451e-06,5.746518329447034e-06,2.6563506859415964e-06,4.532024097306245e-05,1.1385056734777275e-05,2.553007175825103e-06,2.386525082212386e-06,2.0799085359963995e-06,2.9764679274261753e-06,2.7692896173167656e-06,3.297293037879768e-06,3.534736428811596e-06,5.1093261195733906e-05,5.3879363782110045e-06,1.714528887076803e-05,7.119646513362248e-05,2.460949303575577e-06,4.598779296155321e-05,5.888658071819496e-06,3.821210281943973e-06,1.701923124300166e-05,3.744429342074703e-06,1.1816625422577065e-05,6.4522195306076455e-06,6.081763221820277e-06,3.814013930137129e-05,3.7155427254579074e-06,2.8805668256335657e-06,6.277235070121397e-06,2.554295777528202e-06,2.632143784756194e-06,6.959922424102464e-06,5.1107695953977936e-05,2.464959245312923e-06,3.5668085223344926e-06,7.244780308374273e-05,2.695813003823463e-06,5.856713891527994e-06,2.568536470330572e-05,4.079517914282046e-06,2.044232267931061e-06,3.816413861963168e-06,2.228837590165991e-06,1.6332948236061377e-06,2.4970020129962315e-06,3.591184697121889e-06,5.7323645492366165e-06,2.5943695077649043e-06,4.238054474794286e-06,4.845207362422611e-06,9.559989795691084e-05,6.068257050653453e-06,6.263432116928605e-06,5.337915971538631e-06,1.7231545504020833e-06,6.657630335282484e-06,5.749006638222761e-06,2.83548531114343e-06,4.170388339747603e-06,1.0860636196170363e-05,3.0807685620591067e-06,5.6541837709590685e-06,4.168718592952001e-06,2.7508523375903197e-06,2.290354139646446e-06,5.3408079072271545e-06,6.4914666222511655e-06,1.5769475880380513e-05,1.2059017746043087e-05,5.847666556660859e-06,3.261139322003198e-06,1.6239007322008995e-05,6.184920890500268e-06,1.298249838127443e-05,3.408214122644277e-06,3.076314202845212e-06,3.7596133087567914e-05,1.6945158518481426e-06,5.12711628029122e-06,7.551431487590691e-06,4.091525725062114e-06,9.421443049560142e-06,2.7351624936742423e-06,2.1959435200691364e-06,2.617500525222604e-05,5.877708792252367e-06,3.084703400850805e-05,9.138816429171601e-05,1.2122778911984428e-05,6.476719007291828e-06,5.616515837498286e-06,1.2705358607127269e-05,5.351598425509328e-06,7.470867405725217e-05,6.043689270435825e-06,6.909369499721505e-05,6.779606142285946e-06,6.805031155959095e-06,6.143309517631858e-06,3.100532323721993e-06,7.285619914578527e-06,4.2601615053460315e-06,2.1889386362806634e-06,4.027245180876005e-06,5.8454074274287485e-06,6.8831315309897496e-06,8.87726439814228e-06,6.2579411664816325e-06,8.679752594309959e-06,6.397884562950438e-06,2.2807718388442457e-06,5.8466511068326975e-06,6.0463865346747065e-06,6.527523960519951e-06,1.1544945657728302e-05,6.356619279026664e-06
SO4ASSIM-PWY,1.9733841664898603e-06,3.5766311542137288e-06,6.711141981712916e-06,5.771465848791625e-06,3.0023323700522674e-06,5.492915281708623e-06,5.386710963742276e-06,1.655015118260065e-05,9.235700169175238e-05,1.91794052348247e-06,3.283267643200331e-06,2.3624026049194563e-05,6.65747944456739e-06,2.2265855377996973e-06,2.0202434236356104e-06,6.222565330415116e-06,5.925883627629952e-06,1.7134899285595858e-06,2.4880540428417863e-06,1.090674434486049e-05,6.111854607673213e-06,1.944290754088112e-06,3.6240099527382824e-06,5.8295045961340175e-06,4.385065449401973e-06,2.493470078619606e-06,2.6501086351934767e-05,3.608185497672937e-05,2.3237363575642336e-06,0.00016135620519531856,2.866180672802096e-06,1.3942408981871466e-05,2.846306877784369e-06,2.681664068523313e-06,5.437500670709595e-06,1.7473473498170455e-05,7.229982163345476e-05,5.117471849395205e-06,7.830920694089782e-05,6.8997071998120096e-06,2.131631115451461e-05,5.746518329447034e-06,9.611755498256969e-06,8.633451528227552e-05,1.1385056734777275e-05,2.553007175825103e-06,2.386525082212386e-06,2.0799085359963995e-06,1.3772713962660915e-05,2.7692896173167656e-06,3.297293037879768e-06,3.534736428811596e-06,0.00010243029132069284,5.3879363782110045e-06,2.1552926654827764e-05,0.00010907551316280916,2.460949303575577e-06,6.696573990800309e-05,5.888658071819496e-06,1.2356114510928629e-05,1.701923124300166e-05,3.744429342074703e-06,1.5766586638424823e-05,6.4522195306076455e-06,6.081763221820277e-06,7.179908847172887e-05,3.7155427254579074e-06,2.8805668256335657e-06,6.277235070121397e-06,2.554295777528202e-06,2.632143784756194e-06,6.959922424102464e-06,7.511833792166872e-05,2.464959245312923e-06,3.5668085223344926e-06,8.265235871036266e-05,2.695813003823463e-06,5.856713891527994e-06,4.9702944230421796e-05,4.079517914282046e-06,2.044232267931061e-06,3.816413861963168e-06,2.228837590165991e-06,2.145587649478027e-06,2.4970020129962315e-06,3.591184697121889e-06,5.7323645492366165e-06,2.5943695077649043e-06,4.238054474794286e-06,4.845207362422611e-06,0.0001623807609254958,6.068257050653453e-06,6.263432116928605e-06,1.4343586817419846e-05,2.887379808499676e-06,2.4303450502784722e-05,5.749006638222761e-06,2.83548531114343e-06,4.170388339747603e-06,1.0860636196170363e-05,3.0807685620591067e-06,5.6541837709590685e-06,4.168718592952001e-06,2.7508523375903197e-06,2.545505022059606e-06,5.3408079072271545e-06,6.4914666222511655e-06,8.686274682839085e-05,2.8952867893601733e-05,5.847666556660859e-06,4.673598988608238e-06,1.6239007322008995e-05,6.184920890500268e-06,1.298249838127443e-05,3.408214122644277e-06,3.076314202845212e-06,8.63528142676506e-05,1.5227204036968322e-05,5.12711628029122e-06,2.460887630304925e-05,4.091525725062114e-06,9.421443049560142e-06,2.7351624936742423e-06,3.047798416272392e-06,2.617500525222604e-05,5.877708792252367e-06,9.45545093188865e-05,0.00014777936048178958,1.2122778911984428e-05,6.476719007291828e-06,5.616515837498286e-06,1.2705358607127269e-05,5.351598425509328e-06,0.00010213457354751797,6.043689270435825e-06,9.031907629114579e-05,6.779606142285946e-06,1.2622781614273486e-05,6.143309517631858e-06,3.100532323721993e-06,2.370986471024669e-05,4.2601615053460315e-06,8.560586215759716e-06,4.027245180876005e-06,1.0022731222988775e-05,6.8831315309897496e-06,8.87726439814228e-06,6.2579411664816325e-06,8.679752594309959e-06,6.397884562950438e-06,2.2807718388442457e-06,5.8466511068326975e-06,1.3600557576926411e-05,6.527523960519951e-06,1.1544945657728302e-05,6.356619279026664e-06
SULFATE-CYS-PWY,4.323732957987925e-06,7.586050007668881e-06,1.3611882342220123e-05,1.0204900405491666e-05,6.516117056663609e-06,1.175952831647862e-05,1.1627464110532651e-05,3.261216607694846e-05,0.00012255996448641663,4.1740824504189265e-06,6.43475119272854e-06,3.795723769922896e-05,1.071936302210034e-05,4.871074991839718e-06,4.474643447552397e-06,1.2984814705919318e-05,1.255474486647395e-05,3.8042815881338963e-06,5.3406519813700405e-06,1.549478470536805e-05,1.2423836047686703e-05,4.279962115039098e-06,7.718516232561277e-06,9.566427503093255e-06,8.838106650439174e-06,5.458039851951133e-06,5.0857035918398414e-05,5.203664430252552e-05,5.070269261964264e-06,0.00014272002108023471,6.232644016288e-06,2.578913215096087e-05,6.263879149131567e-06,5.885852840245229e-06,1.1747348803019972e-05,3.0361104524298152e-05,8.898231824130112e-05,1.0835516142548222e-05,0.00011270301909071881,1.2803338405969289e-05,3.679950056515936e-05,1.1978111332357175e-05,1.7123948581192434e-05,0.00010195295704235394,2.2807529798927006e-05,5.622545223486746e-06,4.750224123809102e-06,4.574617762486034e-06,2.617051008907229e-05,6.1210366799294544e-06,7.1515438773346855e-06,7.591896092505194e-06,0.00012612854053677588,1.0999767760252893e-05,3.397805881394854e-05,0.00012594667461414944,5.437538526760906e-06,0.00010092295922729797,1.1944180659349786e-05,2.3347197079426284e-05,2.5234206146500074e-05,8.101340709539208e-06,2.7798256501165164e-05,1.3693484160116794e-05,1.0767861503051565e-05,6.626400335860829e-05,7.978818492735103e-06,6.2729111808165914e-06,1.291366429508334e-05,5.400549303817707e-06,5.598230148225284e-06,1.3850553227379266e-05,9.213986336157667e-05,5.228052030717352e-06,7.219392531919203e-06,0.00011684965838460011,5.77504930112868e-06,1.1261432454353053e-05,5.5079702602315824e-05,8.833939158238894e-06,4.518332473879438e-06,7.969923577112549e-06,4.893970455926674e-06,4.764547168580518e-06,5.279957416874211e-06,7.35338017072112e-06,1.2326293163421673e-05,5.564652793334214e-06,8.221717812965395e-06,1.0532095551859954e-05,0.00015136230865164848,1.289332826962992e-05,1.2584971708539077e-05,2.8681226404234687e-05,6.358794652246276e-06,3.015951891140443e-05,1.1981126783934192e-05,6.224031054009557e-06,8.989330139498175e-06,1.7577818145768274e-05,6.673927193703165e-06,1.1938738076141913e-05,8.879190742690122e-06,5.96497464278297e-06,5.539446804155341e-06,1.0403220578358874e-05,1.311063311769122e-05,0.0001142882314246863,5.186337898308696e-05,9.453134884329162e-06,1.0202466177988986e-05,3.166124338511046e-05,1.3083169870191167e-05,2.3744344964956687e-05,6.7445913568333374e-06,6.678637241612246e-06,0.00012273641467457855,2.967698069119975e-05,1.0994552247303944e-05,2.498052480307274e-05,8.655730314462138e-06,1.3297213335970386e-05,5.669866220218742e-06,6.603780476032199e-06,4.2715608802164064e-05,1.0458948059410739e-05,0.00011530759235756363,0.000147947270473309,2.175423876470827e-05,1.2518224689987828e-05,1.0613288525035859e-05,2.472376966072949e-05,9.089891025959337e-06,0.00012484888565715075,1.2128103682956428e-05,0.00010169101121893213,1.4173936246140551e-05,2.047972668181983e-05,1.2449695359303392e-05,6.299429558203768e-06,4.085877688928206e-05,8.725216304573703e-06,1.7242487859514483e-05,8.500279054222536e-06,1.9233632194305773e-05,1.2837369010664899e-05,1.727524522811973e-05,1.1081266851693831e-05,1.6302896598272152e-05,1.317385560072954e-05,4.730327645709393e-06,1.1714950160202479e-05,2.047007617790617e-05,1.3801008184547426e-05,2.162958763329296e-05,1.201566818334537e-05
CALVIN-PWY,0.00013802058466072024,9.99638869033817e-05,0.0001629913043288328,9.586167149387604e-05,0.0001671611025303757,0.00019299671784187483,0.0002289762604393574,0.00018946673837893504,0.00023063534692091886,0.00014715443208209174,6.618079005791887e-05,0.00013475948506353264,5.6456979521903336e-05,0.000186300014503945,0.0002254344458668099,0.00013821963046150475,0.0002158141515063667,0.00020008468263576218,0.00012368561658724107,5.766265529556511e-05,0.00010479797190752762,0.00015684527594064842,5.612092392891224e-05,7.570723581426206e-05,8.55711893926918e-05,0.0001624313930449572,0.00025826582502019716,0.00012381882734911908,0.00015517698188596818,0.00021658084332108938,0.00021580961331290284,0.0001711340874975517,0.0002449919871870478,0.00019728374261728762,0.00022004787758214534,0.00012356684563992812,0.00011679896364032504,0.00022276634355309204,0.00017856904906789556,9.477772478148406e-05,0.00013181176499612758,0.00015166451182701505,0.00013445369325255083,0.0001750100911269449,0.00023965471089187272,0.00019583015821413518,7.822329888870769e-05,0.00020838929395027781,0.00013983943798007414,0.00020912325284835965,0.0001498551708385988,0.00016131908662962133,0.00021813762418272797,4.839659809492872e-05,0.0001258150161270559,0.0001973127127745561,0.00021543941658879178,0.00022823488366259222,0.00022084200211274486,0.0001327237343792334,6.196756311120877e-05,0.00021625491470592443,0.0001651741279860877,0.00020663796858220944,7.020696994165123e-05,0.00010018426723973344,0.00018637725261746102,0.00019232873098085296,0.00014614887675718503,8.303583118441866e-05,7.841321783875952e-05,8.867965366702979e-05,0.00013090688713738796,0.00010915587971252006,5.15311110581718e-05,0.00018884561065002302,3.294382845783413e-05,6.685350928792899e-05,0.00010854928392902514,0.00020761564765172484,0.0001516463590745794,0.00010366041797513155,0.00019580983944687534,0.00028695878568149754,0.00013476646117805617,8.696391118834551e-05,0.0001861213321129064,8.88934814077394e-05,8.137335055163863e-05,0.00015438782447306496,0.00022228296486985136,0.00011895497746122328,0.00013620208034330968,0.00023633831325680044,0.0002720559071834062,8.260858832083822e-05,0.00010975617756152389,0.0002468590095992242,0.00018070857343313487,8.357317581255442e-05,0.00014083806064253216,0.0002942395864362564,0.00018563984831300654,0.00016468194328494846,0.00015246160008277067,3.4705107775877565e-05,0.0001413852883357087,0.00020859541001572206,0.00015411362634532271,6.292535540966581e-05,0.00023945726087196928,0.0002311284297303187,0.00017790962175941437,0.000108939603076386,0.00011239399671909894,0.00019466480537411548,0.00018742504778845577,0.00014379770723967796,0.0001402325665970893,5.517842239062572e-05,0.00015561517323784375,7.369238045683646e-05,6.776632868445017e-05,0.00014496070247521967,0.00014082802646614074,4.953188916321151e-05,0.00022544386857753444,0.0001540392181397642,7.330306907245592e-05,7.132721111099231e-05,3.8320184636805796e-05,0.00016397060549398922,8.151716471765758e-05,0.00014875716430076737,0.0001008333345477486,0.00021049888269625093,0.00018245254896678338,0.00010605362577934144,7.39669811760963e-05,8.332259800340892e-05,0.00020508437767625083,8.586059829925733e-05,0.00015633157896507107,6.626378380103867e-05,0.0001048206169673723,0.00010036011028766272,9.604882352869882e-05,6.95074493397731e-05,6.898088469767301e-05,9.495702404955677e-05,8.573047881254256e-05,5.25714701787903e-05,7.679568996494618e-05,0.00019711876149519853,9.973361452592612e-05,2.838684623622919e-05
NONOXIPENT-PWY,9.813503563587158e-05,6.929850434291618e-05,0.0001215011510750873,0.0001100317330097586,0.00012475997555935704,0.00017998308684282377,0.00023398257124861383,0.00015605281101170254,0.00024377604702190405,0.00011166123074919812,8.793960742656746e-05,9.164743423924292e-05,3.155503002282047e-05,0.0001722869405305445,0.00016005170656522457,9.211214789757219e-05,0.00020153100755861958,0.00016168550223676848,0.00010763145273038007,4.338607298647851e-05,6.639851052864785e-05,0.00014293645364515259,5.177813517336311e-05,3.01902631662258e-05,5.8449485090192165e-05,0.00013222750883137835,0.00029674535616797907,0.00013550901454923125,0.00016682909541265319,0.0002612834085448691,0.00020494124416141604,0.00015638981787201937,0.00024706935182183733,0.00015043618046863227,0.0002111503164917252,0.00011654292063471095,0.00016990336716010506,0.0001766888267455888,0.00016838176558644079,6.802103212642644e-05,0.00012076898804407789,0.00010854708920689491,9.323492672561291e-05,0.00022735759998745932,0.00021680290625713053,0.00014744499341584017,7.099805786382269e-05,0.0001755909223852348,0.00010813990725974203,0.000198865610814267,0.00014140215216778884,0.00010356311419677275,0.00026139708052429423,1.9096460223273402e-05,9.418391096647882e-05,0.00035136465945184394,0.0002386437517639872,0.00020220056317666278,0.00025613924997673864,0.00010156953667119226,7.895485563291068e-05,0.00016692216077941486,0.00016149766160528033,0.00017626558503482115,7.737983884239116e-05,0.00010895955039672311,0.0001949491737861365,0.00016954881275718908,0.00011240231121193957,7.784291229062446e-05,4.406690515205042e-05,6.443216855447075e-05,0.00011008998017598146,6.021434121010686e-05,7.274509910303828e-05,0.00022364058796685822,1.3700676344551427e-05,2.7990748819006762e-05,8.208355989689105e-05,0.0001993103103248477,0.00019374553458071915,7.346367609480769e-05,0.00018918134843623225,0.00023719368401427948,0.00012357629392970972,8.017002076167835e-05,0.00018074534353473465,9.426777516925334e-05,5.800632402149289e-05,0.00017584550032037567,0.00022332001578926795,0.00010682006350830979,0.00010667001750004718,0.00020401460186665154,0.0002326900959964762,7.972634828228416e-05,8.092155286706064e-05,0.00021032814090972087,0.00016388389732086106,7.40040217032295e-05,0.00013234935811803558,0.00025746372178952055,0.0001756989447232736,0.00012463551243967753,0.00012011178153350277,1.4137979481409648e-05,0.00013426625584129714,0.00025352139028444315,0.00011021506645389232,5.778422147695354e-05,0.0001873807984807658,0.00019912838435755183,0.0001361281549119291,0.00010083943954576883,7.769232582559892e-05,0.0001526880234664214,0.00019435357845652175,0.0001390441166859396,0.00010782743977815737,3.1068197611332125e-05,0.00013417675576208303,5.9686985241285255e-05,4.4214566048398896e-05,0.00015340759597238493,0.00010504978793998496,2.587675223945759e-05,0.00020475054330735775,0.00023033552209351642,3.990532359285011e-05,5.854053156164972e-05,1.8309465757157767e-05,0.00014027096707779717,5.816498336834591e-05,0.0003365538760974126,6.841101221766206e-05,0.00021205021951553444,0.00018133561741865328,6.089201650978475e-05,5.2870422486665654e-05,3.9866418602985134e-05,0.00016117723557884284,4.565287121121084e-05,0.00012309803733432715,2.829549459958713e-05,0.00010398750881924397,5.841645442739902e-05,9.780474367075567e-05,4.7951618088149654e-05,3.768634242537441e-05,9.842609779014203e-05,5.477108761419848e-05,2.8707508685432208e-05,5.829632626285893e-05,0.00016094744644188955,6.646343667080287e-05,1.2293748823327341e-05
P124-PWY,2.2738120149197815e-06,1.809953664129502e-05,2.293755068766764e-06,5.132401872528912e-07,2.6570262943197973e-06,1.9795787905748127e-06,2.029048263890774e-06,8.355309332667058e-07,1.8692824823399235e-06,1.9068707191224535e-06,1.966119621441288e-06,1.9702270186836553e-06,1.933853816908038e-06,1.5438893619244054e-06,1.9812469614387916e-06,1.97104701209268e-06,2.783689569081475e-06,1.9520923595608665e-06,1.9670610064152105e-06,1.8482235109949053e-06,1.6425842861494767e-06,1.969855502387095e-06,1.955190063434042e-06,1.947452513084654e-06,1.9616492927337153e-06,2.0460547184121654e-06,1.3790205630218139e-06,2.188068551270064e-05,1.5700678576641033e-06,2.576550337506149e-06,2.0667284818103513e-06,1.5803799319784212e-06,1.8327425020072998e-06,1.996012013539003e-06,1.7377748584321198e-06,1.963487196343715e-06,1.997850005330798e-06,1.792068464052276e-06,1.8588520667717958e-06,1.9607583631310603e-06,2.285339912715557e-06,2.1003888583977356e-06,1.9685624777931284e-06,2.030763380109552e-06,1.722984991592146e-06,1.9810349308976606e-06,1.959972355604742e-06,3.431409762526834e-06,1.9694875488604157e-06,2.085023318164708e-06,1.9766162971898785e-06,2.17734987527125e-05,1.1439780908193785e-06,1.9469578915731736e-06,2.0050211903253435e-06,2.3449801397749518e-06,1.970416977873077e-06,2.1978801529230382e-06,1.7305123721188442e-06,2.7566250239428e-06,1.968238008845536e-06,9.783331286975879e-07,1.976048227251507e-06,1.5723971531658797e-06,1.9618677659108205e-06,4.290311734513093e-06,1.751055534987952e-06,1.584497902742819e-06,1.974998144900222e-06,1.959970217440059e-06,1.949056702543249e-06,1.958563487805965e-06,1.7982055207251293e-06,9.723981441829081e-07,1.9224077040830325e-06,2.8320451345708077e-06,1.9497249528345536e-06,1.942664150567845e-06,1.946367895869391e-06,1.5267001176287024e-06,1.9858960383345324e-06,6.759327756393028e-07,1.5743392404141944e-06,1.5003874759280555e-06,2.237194386177795e-06,3.4011907765583024e-06,2.1486188275405835e-06,1.5799332815617667e-06,9.147114718556314e-07,1.5874891643142678e-06,1.8433974481190635e-06,1.9794865379476156e-06,1.5586004906173406e-06,3.1006611195772097e-06,9.809293380024907e-06,1.945957146970178e-06,8.761622630083452e-07,1.4977396393469584e-06,1.6293313250813506e-06,1.9665958083110063e-06,8.727977926260871e-07,1.7761000269284327e-06,1.5746191972294877e-06,1.9736717241888987e-06,1.966715740103317e-06,2.3013373280338294e-06,1.9749584276754594e-06,2.0039928158662836e-06,5.010546503455042e-07,1.936159386653688e-06,1.6122957330523145e-06,1.228818679733458e-06,1.7103891341411916e-06,2.291645405686416e-06,1.9682749180336638e-06,2.0592829579578408e-06,1.979317578875312e-06,1.9739948974846376e-06,8.771070306928213e-07,1.8237671366400317e-06,2.222269968921542e-06,5.116566115401441e-07,1.956520688912729e-06,2.1873018224033836e-06,8.78017352998138e-07,1.9321264193680823e-06,2.632502178239528e-06,2.4645646010237613e-06,9.747070623512963e-07,1.9615432859628024e-06,1.9924860822757174e-06,1.749796304159582e-06,1.9315036843395783e-06,2.0727193756186184e-06,1.967340362484023e-06,2.1135693351501766e-06,1.02187586491075e-06,1.965831176887766e-06,5.077593822409917e-07,1.9419535636932876e-06,1.4616604971957013e-06,2.213890953926481e-06,1.9753035645917882e-06,1.9440119415263606e-06,1.9717050214841217e-06,2.610886678277745e-06,2.004910556036731e-06,1.9309658803008095e-06,1.9530785128267617e-06,6.883677503569132e-07,9.558545540190668e-07,2.048132142313441e-06,1.9505346186855366e-06,2.1751451175605658e-06,1.9496876448632683e-06,1.934904842238685e-06
PENTOSE-P-PWY,2.4020156265790547e-05,1.6004791122572964e-05,1.7266780216024322e-05,1.8369524295023476e-05,2.5051446066238052e-05,8.123911422408676e-05,6.622367555803713e-05,6.667098149622527e-05,0.00014592731616076148,1.4059348359725435e-05,1.7656118629161333e-05,1.837341362554936e-05,1.3650615961892809e-05,2.4481555512948418e-05,1.437917686272527e-05,3.078810286771901e-05,3.823377274865203e-05,3.3268839272878903e-05,2.126171429068712e-05,2.0171839466218913e-05,1.336860405514178e-05,1.5628428576076212e-05,2.3988488271219465e-05,1.2043418395711736e-05,1.2628869871302478e-05,6.87053918968043e-05,5.876909638150001e-05,0.00011496960595547162,3.469760860440949e-05,8.627824562936464e-05,1.7853374910505195e-05,2.45783437644633e-05,1.882894888528494e-05,2.7043582008178717e-05,1.238898662282194e-05,1.779194751985043e-05,7.042426033610465e-05,4.495878363407114e-05,0.00011892064777616556,1.5352714299713536e-05,3.6346264198080596e-05,1.8442871515129744e-05,1.273851178189785e-05,5.9327221620833016e-05,2.6556872583581906e-05,5.1718444149848744e-05,1.3513710027118327e-05,2.4462207699953523e-05,1.0804952558547025e-05,6.429428504608288e-05,3.539790606953273e-05,3.126947163568547e-05,0.0001325873563099326,1.0903534072282815e-05,1.8257481214946256e-05,0.000151872919880861,1.7418117230698434e-05,0.00012464501776999888,1.820415428275596e-05,2.3505658080279875e-05,1.7690580939443983e-05,1.0643760004642227e-05,8.245284502298616e-05,1.4049384716604846e-05,1.8118038114554212e-05,4.626230826115261e-05,6.565534160800329e-05,4.0492794319237804e-05,2.7686588128809334e-05,2.8676473818957066e-05,2.7753719228762966e-05,2.3496691119034513e-05,6.580814682481618e-05,4.086437293511747e-05,2.5799815126375724e-05,0.00015251589335656015,1.4664362859788178e-05,1.2726625783787871e-05,5.305058634972349e-05,0.0001214404926615596,0.00011305128028466981,2.1909220489908286e-05,1.2914742590297801e-05,1.043938948930432e-05,1.928990611893666e-05,3.127770503137755e-05,8.278533029506523e-05,3.2631936368002524e-05,2.1328736092008025e-05,0.00010879760658687067,0.00011369343697756539,9.416000474063092e-05,1.390145443963137e-05,6.784586808843803e-05,5.7533020241663014e-05,2.811398386368971e-05,1.2722293033628246e-05,1.1865835818782886e-05,1.49783208569645e-05,2.325379842148775e-05,9.900891250296625e-05,1.634572318934292e-05,2.3186778453606356e-05,3.818282185230865e-05,1.2393424520871308e-05,1.130516474395145e-05,3.123418731386638e-05,7.23238569330215e-05,5.315740092741696e-05,1.3280603247351384e-05,0.00011929528749135151,6.221444945067161e-05,2.4166660138050982e-05,2.445640692612089e-05,1.959380647730808e-05,3.6589932775543395e-05,5.531579239687972e-05,2.5114662680945766e-05,2.12531110277151e-05,1.9878902091301484e-05,3.7476597965090554e-05,1.8274231365356718e-05,1.7873272563532088e-05,2.5465324464482413e-05,6.548431892105078e-05,1.2703608437954372e-05,9.243264873381085e-05,0.00010892373716543003,1.70283705747474e-05,1.7560530392866354e-05,1.3117775415887061e-05,1.5368999523758946e-05,1.1567314219670883e-05,9.68783782434081e-05,1.518706777961695e-05,9.973051959231544e-05,2.1793619497081803e-05,3.852890398809385e-05,1.2056089600716633e-05,3.3593292327340355e-05,8.91416113644156e-05,1.2853272866797148e-05,5.7307291256093644e-05,3.1639799177422556e-05,2.7793008924222407e-05,6.141582364275039e-05,1.6263931949032455e-05,3.10156229241863e-05,3.0088372482704054e-05,3.258908924742508e-05,2.7724505693954326e-05,1.7598963109599396e-05,1.4880108434766278e-05,2.4458249191861016e-05,1.4279903563801037e-05,1.2007313941241197e-05
PWY-6901,3.768357719944828e-05,2.5058278701317385e-05,2.6151638200730653e-05,2.840548754651657e-05,3.9222234535023806e-05,8.064314726752617e-05,8.55869364515511e-05,7.539371821929387e-05,0.00014516669669962224,2.388202722881418e-05,2.7355172757292373e-05,3.2323122770949116e-05,1.4655138280848446e-05,3.179237538434879e-05,2.693470963389705e-05,3.8617705585923896e-05,2.854359893101608e-05,4.2799227319740744e-05,2.85461853202968e-05,2.9841988972787254e-05,2.1502387270040264e-05,2.0022298940265522e-05,2.763832437080733e-05,2.0794457679511956e-05,2.0394166904208222e-05,5.3465988042558594e-05,7.464522090527273e-05,0.00011007903470512666,2.6947606347023797e-05,7.320960529926588e-05,3.070385709676501e-05,4.0522180148410156e-05,3.2633321938483865e-05,3.7327977139657636e-05,2.0727022271214112e-05,2.583916124047754e-05,8.623190374909232e-05,3.307048991149662e-05,0.00011664365387254755,2.4051920171359455e-05,5.1571209201861636e-05,2.6784748324530485e-05,2.1640401981461114e-05,8.466985889191596e-05,2.3715652589742935e-05,7.031514653085187e-05,2.1327314632325406e-05,4.1211840356669365e-05,1.8972900396720826e-05,9.373191234642181e-05,4.7084741268563253e-05,4.499840211263357e-05,0.0001328331632981377,1.8002145738136516e-05,3.092663341182317e-05,0.0001599838497257686,2.5824212711973614e-05,0.0001385773372140844,2.6039918041038838e-05,3.7140934308418704e-05,2.7078512719994622e-05,1.8847505049420692e-05,8.880028246632461e-05,2.026969850256223e-05,2.4006627706047107e-05,4.91746789531115e-05,6.114923007462415e-05,5.9280090563704175e-05,4.033546683237257e-05,3.48317002193973e-05,2.6201426802792393e-05,2.7609130089737606e-05,7.538734675661365e-05,3.0200684301333865e-05,2.1292696912021363e-05,0.00014566197293971884,2.3788288132265727e-05,2.077951169023771e-05,3.598419930562148e-05,0.00012067857084180645,7.638761070234461e-05,2.4516577952121335e-05,2.065973508842606e-05,1.7530279574312387e-05,3.3153086304178924e-05,3.4941446066762334e-05,0.00010406436730982463,5.04271659110479e-05,2.9725589027212663e-05,0.00011344749864712739,0.00011851975627979157,9.216351666539537e-05,2.1451112744964377e-05,8.39112113163091e-05,4.911344539529061e-05,3.848461450530824e-05,1.9287726256526347e-05,2.102862444633773e-05,2.213072016200506e-05,3.378444104987598e-05,6.969261332580523e-05,2.523238237579732e-05,2.9546327688597917e-05,4.8004829716419793e-05,1.7145043810682854e-05,1.8098006429688747e-05,4.3343584360438065e-05,8.728518096751677e-05,7.426997911255132e-05,1.7847219773852055e-05,0.00012085500897014159,7.513566412034294e-05,4.1169081585688406e-05,3.494294206412218e-05,3.007037590788523e-05,3.5246834861168805e-05,7.537014991245007e-05,3.884632560818045e-05,3.543202655197072e-05,2.906761785322538e-05,3.465752968743736e-05,2.5007914069008628e-05,1.9372343573478885e-05,3.9737159323307574e-05,6.677974634242996e-05,1.3628033198558329e-05,0.00011078876354189438,9.821440901159058e-05,2.602387655395659e-05,1.941186641346309e-05,2.1197446134259168e-05,2.632713673761945e-05,1.3710289262904009e-05,0.0001247723711619662,2.4817193765976645e-05,0.00011869021202998065,2.5426044407802116e-05,4.0889706671223885e-05,1.262524586970678e-05,2.536320732749174e-05,5.8739171976217814e-05,1.741268719782517e-05,6.022948739231431e-05,2.65712317060967e-05,4.005132639016551e-05,2.9176054511385026e-05,2.5174197309391553e-05,1.6478797421804373e-05,2.7589701226610282e-05,3.0332139103002083e-05,2.448202456843705e-05,2.3155894791436296e-05,1.866688353340507e-05,3.4335890649729135e-05,1.6503127401815986e-05,1.7963090350062146e-05
PWY-8178,0.00012248255574752554,7.766679930321347e-05,0.00013328880809075172,8.35013362640222e-05,0.00013575658915712698,0.00018368730523037906,0.00023365260615592885,0.00017616900560512753,0.00022751833010719246,0.00013076143648390785,8.991858285674021e-05,0.0001011921225766997,3.49811338650302e-05,0.00017569561860309008,0.0001729677303938987,0.00010103667050862985,0.0002063195212964133,0.0001785280174371311,0.00010431868435350598,4.985463950668097e-05,6.627987918278271e-05,0.0001497703209620569,4.8069563475410574e-05,5.6990097487848904e-05,6.47441853477486e-05,0.00013192768486348293,0.0003059348426192294,0.00012715676853870838,0.00016427735667711653,0.00023810084275252742,0.00022042689689111443,0.00016176314933005547,0.00026122590988751014,0.00018072272979737723,0.0002466184874731735,0.00012208436478998994,0.00017115904253265556,0.0002111498155109433,0.00015162853444987398,7.307562955986168e-05,0.00010348004527505292,0.00011886657341524002,9.410804908819532e-05,0.00020584179782660706,0.0002544196684781151,0.00016151624395506858,7.15148813941552e-05,0.0001889578617458181,0.0001117494179431013,0.00021663437778215167,0.00013027832962126255,0.00010808394179972256,0.0002435430955941094,2.250099069637078e-05,0.0001136211161226849,0.0003213815279890417,0.0002787674666217133,0.00021140397710843454,0.0002909808923065426,0.00011311938389530953,8.380909997208365e-05,0.00017783087666612709,0.00013433728676248016,0.00020648991083666788,7.241118379925526e-05,0.00010929583684387693,0.00021477799940646742,0.00018917450353144624,0.00011831957428159121,6.550771927710966e-05,5.232239014318053e-05,9.077048160295321e-05,9.727029236166802e-05,7.923889889114162e-05,5.3998246281490305e-05,0.00020226985119380233,1.6584120728829426e-05,3.360193541410678e-05,8.92428035512994e-05,0.00019974331380166963,0.0001755149395519285,8.767828898807861e-05,0.00019393171440994269,0.0002659001551253884,0.00010867755392553874,8.636013465384976e-05,0.00020095747949761724,8.667276946582795e-05,6.083389153667139e-05,0.00017419597879630855,0.0001993481089484042,0.00010835493350541651,0.000123094891594057,0.00022156269198829795,0.0002568193539690699,7.296483254263619e-05,8.941007048125056e-05,0.0002277906790942042,0.000204763094916995,6.45177999433608e-05,0.00013795273012361456,0.0003010196842239086,0.0001861381930977458,0.00013871117081428117,0.00012189880069475826,1.652151111240633e-05,0.0001364483655966763,0.000245011154987102,0.00010460273333129056,5.7740505288167935e-05,0.00018712884983933657,0.0002163573046281864,0.000150899717082544,0.00010578781838487659,9.523329380593882e-05,0.00015966135168851196,0.00019777387190456566,0.00014260924918785988,0.00012361938232856166,3.428026478320897e-05,0.00014643052354862792,6.0784277157507746e-05,6.009437708483547e-05,0.00017534008690059489,0.00011017655666504599,3.775657985057317e-05,0.00021389674710623892,0.00021925363438483422,4.782070169477494e-05,6.0693640784185055e-05,2.1004890688781177e-05,0.00015332223697012878,6.80730982291579e-05,0.00029934744077692157,7.715806038818304e-05,0.0001998514530461354,0.00019509863716560844,6.210786778021401e-05,6.86961437816996e-05,5.838574979923043e-05,0.0001856348229538449,6.203466127774525e-05,0.00013131481955053805,3.4165143748541535e-05,0.0001066890267298552,7.093836403923667e-05,0.00010506664399868053,4.904547232671702e-05,4.5531936928655165e-05,0.00010570170978385723,6.752164938073078e-05,3.275144698378515e-05,5.623141287427365e-05,0.00017935183038632243,7.37614335866835e-05,1.4140312585158046e-05
PANTO-PWY,7.42174757076343e-05,7.365896359916633e-05,8.118627872001741e-05,0.00010644623502580323,9.620990173718656e-05,9.960691225971743e-05,6.882592930352334e-05,0.0001279035594692054,0.00011849565776509705,6.808435252172734e-05,7.158908937389137e-05,6.094161376019635e-05,7.629037006727902e-05,0.00014999545640021977,0.00011585723605579886,4.651710570851746e-05,0.00011475363820149242,7.812460764747873e-05,6.283492737755916e-05,5.862269718665423e-05,5.737352835226342e-05,9.510033499060198e-05,6.601541275016136e-05,6.194007037262924e-05,5.736112088284209e-05,6.927893352119447e-05,0.00014782402720808543,6.175879798631648e-05,8.352484745614921e-05,0.00010344842332744687,9.681686175166783e-05,0.00012388788603035603,0.00014058731267984712,0.00013041379692819974,0.00015944717128930414,5.297466102583122e-05,0.00011070672657318032,0.00013212416098237235,0.0001439030053675562,1.4720315585533225e-05,5.5282569615091155e-05,5.80281117987994e-05,4.2208565325791774e-05,0.00012611138553655566,9.242739841215224e-05,9.815885382609875e-05,5.231162860920699e-05,8.169311805317202e-05,6.635620536956766e-05,8.560020966622776e-05,6.007241683901646e-05,5.01273204958821e-05,0.00015323255174224903,7.437146311177096e-05,8.426207686996829e-05,8.941019528592221e-05,0.00017660586860765125,0.00011826339318303197,0.00020030805060694654,5.678024595647425e-05,6.766567583090991e-05,0.00011247522001038478,7.339421672882702e-05,8.948783091798896e-05,8.136909249204111e-05,6.879457783062241e-05,9.884193210908546e-05,9.142008275056912e-05,8.066746495063826e-05,6.359863819118207e-05,9.592083716079563e-05,6.918676636873068e-05,0.00010497101770712739,8.705216872598668e-05,7.63772819215773e-05,9.801330751569462e-05,8.85852054002805e-05,1.9672801560284544e-05,7.812964765235366e-05,0.00013358749695675136,7.277025539099333e-05,5.6650249330924554e-05,0.00011008798946571268,0.00014284929590371525,6.39810202133206e-05,7.370044323123045e-05,9.638260160109422e-05,5.64548650800154e-05,6.663858609670862e-05,0.00012782757271715848,0.00011541685472830897,6.856327067643483e-05,7.849520137788477e-05,0.00012589595172022943,0.00013067280237987657,3.351661349515502e-05,8.818508714070501e-05,0.00012035981480140372,0.00011530847653065282,6.424829970087006e-05,3.908897574896717e-05,0.00019715235144731003,7.572199661975065e-05,6.483974775571204e-05,9.23464459025989e-05,3.2312033483870006e-05,8.03231877763593e-05,0.00011671669896000877,7.733409797747538e-05,5.232148056409713e-05,0.00011040779169380872,0.00011762728827428224,0.00011337173423832737,8.390611644032505e-05,6.616815125463453e-05,0.00010052379563548745,0.00011071139790602272,9.76002352485717e-05,9.619001850172232e-05,8.534993162179224e-05,0.0001001686600907526,5.232926464721454e-05,5.574910499205023e-05,0.00011682822748988061,0.00012995721980894095,4.806148227009772e-05,0.00016476570704095086,0.00012778820677695847,8.575676687113654e-05,4.4330516339694875e-05,5.195603958220262e-05,8.787704641234479e-05,3.5196057844364355e-05,0.00010949835322009492,9.419123327369435e-05,0.00010263929674248633,0.000139685934783585,6.061083801734286e-05,5.29285936598094e-05,0.0001266022056354911,0.0001031533262190741,6.484679472106288e-05,9.166534627687142e-05,0.0001507846212334404,7.620427208270513e-05,0.00010407492940115754,0.00010229821967830754,6.447405769081352e-05,9.942052803612338e-05,7.3842022370122e-05,7.48467431440786e-05,5.5554702849600044e-05,3.619429496128811e-05,0.00011300955505068697,5.1680462810463496e-05,4.478506221204565e-05
PANTOSYN-PWY,6.977948933183492e-05,7.796427366117346e-05,9.625248691604496e-05,0.00010633266858655549,0.00011737489708230879,0.0001201096345043482,8.093701062413718e-05,0.00012597184712873175,0.0001233741854901561,7.641371537536927e-05,4.702244381585283e-05,8.473096335827981e-05,6.251014142609349e-05,0.0001282037300946598,0.00014081821453729328,6.252084015850947e-05,0.00012656900790306743,9.703657459960799e-05,7.868754429617645e-05,3.8262549079199324e-05,5.354994668744031e-05,0.00011143007787597632,7.0687555833652e-05,4.224601458844237e-05,6.56600013404589e-05,8.385211974687719e-05,0.00015061907210720855,6.814585639711406e-05,9.81729837448279e-05,8.749478772548688e-05,0.00011606711532182209,0.0001245699080441845,0.0001388969888939203,0.00014544430709291376,0.00013316571872947346,7.175606429903805e-05,9.736378774992322e-05,0.00014975836712800115,0.00010257099136246806,2.6955266447559026e-05,5.807408297487193e-05,6.348975314599909e-05,5.5733042868850034e-05,0.00010931287257866636,0.00010440234607196013,0.0001237858899506506,4.377541017790186e-05,8.867141625397819e-05,7.898333962191228e-05,0.00011713804597816805,6.618079035381582e-05,5.8539126518331405e-05,0.00012861177668030378,7.504433193663155e-05,9.715009352843779e-05,8.657047627450541e-05,0.00016434244027613664,0.00012888716315823302,0.00016821800240465122,7.474519152015523e-05,6.537434462097526e-05,0.00012231203903690307,8.618534877965295e-05,9.15979858829919e-05,8.168386273506443e-05,4.7064587574874154e-05,0.00010606623322627576,0.00010084816274317096,9.106875372807732e-05,6.44180552754724e-05,9.351811715818743e-05,7.848331182448023e-05,8.802729299512732e-05,5.820917708916901e-05,7.155692470285639e-05,0.00010235209505132614,7.458500465042075e-05,1.4256321285318268e-05,7.30673905516587e-05,0.00015348398691347767,9.984183032088306e-05,5.849931289921924e-05,0.00011489161982005469,0.00013791061566935777,7.53480323861044e-05,8.253444865939674e-05,0.00010397914806513963,6.821395949398934e-05,8.009283491932616e-05,0.00011463172860663577,9.099469382337263e-05,9.630287607246264e-05,8.226647663044181e-05,0.00014060442930995497,0.00012801978983435967,3.869853226006974e-05,8.402440403914918e-05,0.00013227109379809147,0.00011538208272196116,6.768840740275844e-05,5.96554796422529e-05,0.00019041877779227994,9.718401571511834e-05,7.655713964792191e-05,9.967922309232e-05,4.0796404296292524e-05,9.502977160655563e-05,0.00011072260639150236,9.686127537326315e-05,4.373869472728777e-05,0.0001344631013601125,0.00011641994321943394,0.0001372192467798715,9.138958060787494e-05,8.374818060866391e-05,0.00012182244862369558,0.00011110867167585158,9.746305078545218e-05,0.00010498906181517869,6.185133490325227e-05,0.0001041970741015493,5.4830063064762785e-05,5.787087634122664e-05,0.00010704330353551885,0.00011040525893675906,4.7231476944284545e-05,0.00014549742042111743,8.91161267107057e-05,8.192268237031918e-05,4.091948813155456e-05,2.3777441753767938e-05,9.310763113810176e-05,3.3063452970002495e-05,7.277219792638744e-05,8.392434684622317e-05,0.00011143320337932715,0.00013490582788751334,6.711049593593198e-05,5.097790149040608e-05,0.0001326064776177046,9.420540615586702e-05,7.4766560486398e-05,9.706394127841127e-05,0.00015337031375418537,8.075824986552763e-05,0.00010716615333529406,9.038825057450973e-05,7.860198988882233e-05,0.00010199233570424127,7.145875082650765e-05,8.593328437347195e-05,7.49766188013411e-05,4.752395244343269e-05,0.00011398409335079703,7.009465504712492e-05,5.359504857847843e-05
BRANCHED-CHAIN-AA-SYN-PWY,0.00016549886414918077,0.00011007635613281112,0.00018085071879050686,0.00015594625428409336,0.00019544131654148712,0.00020042367565105404,0.0002187249283757619,0.00023507595338884412,0.0002798464399277351,0.00015259084729503448,9.603287674227401e-05,0.00017159214881479467,4.9700762140547147e-05,0.00020380373614328263,0.00022100116353750962,0.00015777144147487778,0.00022703017469200495,0.00020118677453926612,0.00014899486077105616,5.1479586031342404e-05,0.00011485218309432973,0.00016682976541993009,5.365027203256824e-05,3.9038759014843335e-05,9.605608683745392e-05,0.00020975330642595432,0.00019487857393494834,0.00024422265865018007,0.00015530712809827784,0.00020713194849214091,0.0002588883978258892,0.00016633626153972093,0.00021733545084575144,0.00020394979657359678,0.00017427708245368946,0.0001387298454665625,0.00011614980300931576,0.00018509026077609254,0.00015694391213065894,5.287582465396552e-05,0.00013246386404073158,0.00016362618135361818,0.00016373243506572483,0.0001816700162195371,0.00016522584891921793,0.00023628664749532666,0.0001385987938002175,0.00020400697239679992,0.00015618580971267043,0.000277786614488428,0.00019831836843417337,0.0001626741218036641,0.00023581062592563064,0.00012769154539323948,9.314630808874701e-05,0.00018335861571549668,0.00018132165361149546,0.0002818088037757222,0.00022841261547697903,0.00012362026919881023,9.494719735110656e-05,0.00020821043588056614,0.00018024770928104579,0.00017009786597533045,0.00012529954110395192,0.00011677784343038189,0.00019278893322910724,0.000225298256542759,0.00015498663268152124,0.00012403600888817647,9.570840515005218e-05,0.0001313318295408055,0.00015172563112270083,8.294622620760968e-05,9.92981861510321e-05,0.00022712646353488723,0.00010139686561353631,2.5705751191294195e-05,0.00012880086219763427,0.0002934009650621556,0.00019540485631092588,9.00372488607054e-05,0.00015161495038098282,0.0002312854141274822,0.00016090436610553528,0.00012284170164105024,0.00026855338138392085,0.00018844716480608803,0.00013831842322192684,0.0003219241299126807,0.0002297192719388321,0.00021502377958311294,0.00015714543156347327,0.0002269637195064877,0.00021659869622715975,6.432474982578294e-05,0.00013377588212040858,0.00022252297014264746,0.0001892458467569966,0.0001190826343553003,0.0001989974711665858,0.0002073257713545088,0.0001709374011749009,0.00018096889144388848,0.0001474495463018355,6.71729174535482e-05,0.00016156459963542825,0.00021046992465949157,0.00024503813354037076,6.326816777307049e-05,0.0003075884761182862,0.00023901896917493878,0.00022294106918935668,0.00011920025545814663,0.00014091661851589363,0.00020991392547458607,0.00018419558882342164,0.00016171783995934586,0.00018893118682163375,8.366564830691093e-05,0.00017785517729957334,8.280445487660886e-05,7.975984142949179e-05,0.00017850794157533198,0.00016280559932940986,6.167388713135186e-05,0.00020690523886030953,0.0001781934879645151,9.418495401802234e-05,9.113085977098743e-05,8.170389090610654e-05,0.00015445043801023514,0.0001544864401454348,0.00018988914047147278,0.00012738115241225174,0.0001825180382767682,0.00017260451793472083,0.00011650636048956497,0.0001441421210690248,9.221698686834385e-05,0.00015579341056393004,0.00016075917042183613,0.0001755791369241458,6.665311212463312e-05,0.00010513742950126818,0.00013157743595335454,0.00011352546575881283,7.727161170982666e-05,0.00011041978910235062,0.00013164382734443992,8.716895455876224e-05,8.50240695275204e-05,0.00010519697295705894,0.00014548973324270327,8.404796219265433e-05,0.0001049500954933064
P42-PWY,5.440575705166065e-06,0.0,1.0941569907267614e-05,0.0,0.0,5.621404416946915e-06,0.0,4.638590767707848e-06,0.0,0.0,0.0,7.321265403084419e-06,7.387451802283264e-06,0.0,0.0,6.149326598614721e-06,5.851488773269065e-06,0.0,5.864816210224909e-06,6.862406915338738e-06,0.0,0.0,0.0,0.0,0.0,7.267635225473774e-06,3.7186406951534737e-06,6.7084718998324005e-06,0.0,0.0,0.0,0.0,6.942540474842824e-06,5.177800272296816e-06,4.446867068215506e-06,0.0,6.250842606592748e-06,0.0,4.740379405163207e-06,0.0,6.592766926165788e-06,5.99449272798425e-06,6.9279111967802805e-06,0.0,4.478967187352835e-06,6.741716910503568e-06,0.0,8.205140797641248e-06,0.0,0.0,6.117845112802523e-06,0.0,4.75870095148322e-06,6.641670182660499e-06,0.0,1.1325394126010676e-05,4.643267522010065e-06,5.559441488090689e-06,0.0,6.715912238839983e-06,0.0,0.0,0.0,0.0,0.0,0.0,9.398273784572537e-06,6.104920265809281e-06,1.1185515180487304e-05,0.0,2.632079134086141e-05,0.0,1.6003783419890882e-05,0.0,0.0,0.0,9.743195223435223e-06,0.0,2.9375397533312213e-05,6.383561389889971e-06,5.931007493337368e-06,0.0,5.345309065859629e-06,0.0,0.0,5.647201219751986e-06,4.315707725170158e-06,5.853450962057062e-06,0.0,5.558610509844249e-06,0.0,0.0,0.0,7.392072938013822e-06,0.0,0.0,0.0,0.0,0.0,7.202122975698215e-06,6.711385984370532e-06,5.902996673549595e-06,0.0,6.54518751977249e-06,0.0,0.0,7.144643623590438e-06,4.50621158581909e-06,7.4097058320040365e-06,0.0,6.832229083931608e-06,7.046036946173291e-06,7.447938373183158e-06,0.0,0.0,0.0,5.147987840266969e-06,0.0,6.870225460678899e-06,0.0,0.0,0.0,0.0,7.836531132257161e-06,6.094215930972614e-06,8.12039172300368e-06,0.0,0.0,7.179463312203342e-06,0.0,0.0,0.0,0.0,0.0,0.0,0.0,8.946890132869161e-06,2.599502704451962e-05,0.0,2.059140098938067e-05,2.506149857511051e-05,0.0,6.867294075278956e-06,5.24747471455497e-06,0.0,8.433914976896899e-06,6.984856727815698e-06,6.73744088443134e-06,0.0,0.0,0.0,0.0,0.0,4.617441182068051e-06,0.0,0.0
PWY-6969,1.5033002979839304e-05,1.4350354775555413e-05,3.662710618771117e-05,9.456152441899318e-05,1.549991682905302e-05,1.264251687271732e-05,1.6347964119579326e-05,1.8038868172690536e-05,0.0001038376910713651,5.272421987821037e-06,1.683167206255334e-05,3.100101939331788e-05,2.8186625208581115e-05,6.884020701077692e-06,6.744690155757206e-06,1.4603820145246966e-05,1.0527480480853268e-05,2.3066486382101386e-05,1.323397154265411e-05,1.5915050907155078e-05,8.500421783754204e-06,5.888089497528405e-06,2.6155000694752747e-05,7.924331478801932e-06,7.88793732237427e-06,2.3765929696227457e-05,1.5746468503687896e-05,0.00010423052841386583,8.42120581133288e-06,0.00015797458027678522,6.289682995527479e-06,5.00856778014935e-06,1.6103956181250316e-05,1.2118712936667098e-05,1.921916561510129e-05,8.805730913967235e-06,9.033344494766537e-05,4.72066684798965e-06,8.993462939423321e-05,1.1925945624283965e-05,1.8446166802234046e-05,1.240139682317851e-05,1.00879936123319e-05,0.00015566942667050884,1.4349988033641306e-05,1.587450489555628e-05,2.9175068743869322e-05,3.8494984679745356e-05,5.5532643015885946e-06,1.9235497708246878e-05,1.6943595528413462e-05,1.8101361600026585e-05,8.352105576725734e-05,1.5419695194149452e-05,1.837857090906521e-05,0.0001734449247007953,1.5849081461619033e-05,6.781273524604561e-05,4.802548832352751e-06,1.777502150554574e-05,6.14385867112896e-06,7.5623314739915475e-06,8.213243092663546e-05,4.755655504783231e-06,7.435513817315228e-05,5.6406983094623295e-05,1.6967267693620995e-05,1.0702287469016268e-05,3.0174873135982047e-05,4.1613100214548685e-05,3.407417134560646e-05,9.862176395045328e-06,9.529296724235706e-05,3.03929338454076e-05,2.130366452920401e-05,9.324868572086812e-05,4.2893846857514396e-05,6.78112866911578e-06,5.00555190533088e-05,3.534623164916757e-05,2.1971100813740202e-05,8.145841081121494e-06,8.043747341687569e-06,4.68066668002702e-06,6.809328337068246e-05,1.3770847306333598e-05,2.138805153075185e-05,1.9479778597181503e-05,1.8900293480349095e-05,3.46228858686407e-05,0.00011338840447330471,3.279351750543439e-05,6.686036022232753e-06,2.702743973309557e-05,5.507746766902967e-06,2.0436733744499545e-05,8.4324482752634e-06,1.0920353934018146e-05,7.794388831546352e-06,2.2989541626905035e-05,2.1311677210858212e-05,3.873443867544694e-05,5.782759832625203e-06,2.153489045477748e-05,6.018238799164798e-06,1.557347517092046e-05,2.0569135850853074e-05,5.4766924552983404e-05,1.1826682308332353e-05,6.1570956696683236e-06,3.989127512656071e-05,5.068553600635613e-05,6.053016674862295e-05,3.964582116300449e-05,3.4866694898122064e-05,2.4313414179723195e-05,4.911362170231858e-05,5.4120420388147985e-06,2.999429586624998e-05,6.842850815523355e-06,4.377571666686951e-05,1.5541679812552882e-05,1.8899926140561834e-05,5.2302682032266596e-05,4.58836998494427e-05,1.6332470523192205e-05,0.00011221530879912907,0.00014599305826421197,1.2489540199307514e-05,1.3219145730978544e-05,2.6121075038706896e-05,6.042022596773864e-06,7.278960725945844e-06,0.00018717553934042042,2.9706255429961013e-05,0.00012537431342440824,4.331028380094112e-05,4.1843373812680834e-05,1.555991268345358e-05,2.431415005480595e-05,3.184105811029283e-05,1.6354879816233075e-05,3.809961603238962e-05,1.9209387370183678e-05,7.2576676878670096e-06,4.104745310100827e-05,2.0232445434097974e-05,1.2030154038280927e-05,8.788267936472854e-06,1.1789959673550383e-05,8.321868964219693e-06,7.759510504298316e-06,1.365273044464984e-05,1.34487984346274e-05,8.931740120728562e-06,1.8121043195275043e-05
P108-PWY,9.988176899418862e-06,9.538769751253055e-06,1.7819014350093887e-05,1.0185597199648579e-05,1.2828643122751241e-05,7.715466515074936e-06,1.6657188544679272e-05,1.2804954727514567e-05,8.542654594172778e-06,1.0394596867646993e-05,1.0525327089791745e-05,1.228676268669684e-05,7.283496409643473e-06,1.529243227215017e-05,1.4885654582550789e-05,9.31451533165708e-06,1.9851736181785993e-05,1.2850918045046862e-05,2.0581328613615287e-05,6.1624050490302015e-06,9.889008945701542e-06,1.4228606965644945e-05,1.4752622760280333e-05,6.884977014379396e-06,1.0103993997433248e-05,1.353884024542486e-05,2.155105975658442e-06,9.77732415056681e-06,1.5144286830207454e-05,6.522632882000858e-06,2.1108228307063747e-05,1.9339062542928853e-05,1.6178581205291895e-05,1.3763639305937536e-05,1.7890150931961238e-05,8.113199395031157e-06,2.2623419469174283e-05,1.0860454705778676e-05,1.6913998677849956e-05,7.6515743495377e-06,9.373442236767522e-06,1.4415419567113259e-05,1.1486467415331968e-05,8.907696039561128e-06,1.1019195247278181e-05,1.1352881382827004e-05,1.1607422544281837e-05,9.968247769998947e-06,1.411018013816902e-05,2.3795365915963545e-06,9.14144070272045e-06,9.221952119034651e-06,4.671804360391948e-06,7.148964898719253e-06,9.173243064736743e-06,8.900161608825968e-06,1.9959021049232364e-05,5.358372057335059e-06,1.753756689071569e-05,7.3908609036671985e-06,9.526365041184866e-06,1.5172329776527058e-05,7.675080221857288e-06,1.6190771331528704e-05,7.819059548454986e-06,9.957313339163853e-06,8.410345786021152e-06,9.748109792201163e-06,1.4916255557790967e-05,9.959193054083352e-06,1.2335626626778284e-05,8.29948742912172e-06,1.2915107340153053e-05,1.4151977004174407e-05,1.1208950764471591e-05,5.241469735765916e-06,1.3092656194857162e-05,5.444399213098195e-06,1.732587354624285e-05,7.439090680116116e-06,6.402320600653157e-06,1.6229045486412878e-05,1.367286452449203e-05,1.1955868396842308e-05,7.414233640062126e-06,1.0827597279960984e-05,6.989213929259959e-06,7.751881581093537e-06,1.1779881122937127e-05,6.331259204758158e-06,9.692269562479913e-06,2.3001973456618393e-05,1.6503977124198907e-05,9.57198145080478e-06,8.432443667243636e-06,6.710253515506507e-06,1.720654119803186e-05,2.1858861924826142e-05,1.741414100068983e-05,7.909619867769178e-06,4.9536396616694e-06,1.4906875934484687e-05,1.661345442971583e-05,1.5579071044877657e-05,2.3178617513807647e-05,1.4013560528505524e-05,1.5150858297945436e-05,2.02494637624739e-05,7.911861560303866e-06,1.000576019806313e-05,5.496665617985108e-06,1.8002091681258178e-05,1.0111604146331825e-05,7.925088157205117e-06,2.5261595735391418e-05,8.001992828725239e-06,8.224079522853037e-06,1.8583390858750728e-05,7.425759014860838e-06,9.17702261515159e-06,1.54355003820931e-05,6.383223374689015e-06,8.070512117854455e-06,1.621105292633756e-05,2.3576481575237454e-05,8.994495668844518e-06,1.3247413778022552e-05,8.059597675214013e-06,1.296932667454858e-05,1.1419212750291858e-05,1.129103357983486e-05,1.140226120963803e-05,8.129990524872783e-06,7.027795431877541e-06,1.6006282691803792e-05,2.016697120135382e-05,1.9825497105226944e-05,1.54584686244127e-05,8.635292078771594e-06,6.7648358302163066e-06,2.9727124956789607e-05,7.671850437191011e-06,1.1127273339940882e-05,7.800985858110579e-06,6.886761827424437e-06,8.17726146064518e-06,8.911955671290711e-06,7.497554602198801e-06,8.624498807193276e-06,1.3933205511278288e-05,7.677051420612845e-06,9.885100500482144e-06,1.0025687672933904e-05,2.205404417053864e-05,7.010976939974984e-06,7.278572709376222e-06
PWY-5154,4.5157265025328894e-05,2.8528233027896636e-05,2.486067656814695e-05,2.1429963490193754e-05,3.0338097044409485e-05,4.809179559268271e-05,1.3770600434172599e-05,1.6382088843728605e-05,0.0001364977107486797,2.643543968727002e-05,5.058032577062663e-05,9.84209933715183e-05,2.0426180308811864e-05,1.7876610942137256e-05,2.226421996968975e-05,2.466217840031312e-05,2.8610982458337712e-05,3.075868237806852e-05,1.778381633187052e-05,2.63473437763414e-05,2.372409214668476e-05,1.6778960851272785e-05,6.639881841651975e-05,2.4540171852337752e-05,1.7017628009045845e-05,1.9163190632764236e-05,4.5622399409545664e-05,4.6468951890312195e-05,4.445015585217689e-05,0.00015749203180424244,3.6212078389300854e-05,2.3699234920960202e-05,1.9483117455396713e-05,2.87218443658353e-05,2.390102378970366e-05,2.589827261458966e-05,9.816887750207155e-05,2.858511591249155e-05,0.00013302520561501793,2.2351671259169973e-05,6.49032766857293e-05,2.592988661176844e-05,3.482122675962231e-05,0.00016441929343528436,4.0898969950252515e-05,2.451782679261033e-05,2.3307580254380066e-05,3.1269212033935536e-05,2.6723303817141067e-05,3.567388568931962e-05,2.4675256411723194e-05,3.519216949675285e-05,0.00010647708822820411,2.3703133490063773e-05,5.8677931820574295e-05,0.00019863026652847427,2.675402013378406e-05,8.897251782386286e-05,1.5955894266135032e-05,1.9432149698187063e-05,2.676925697315201e-05,2.4534831404593848e-05,6.284852363909551e-05,4.5109897027791325e-05,2.5709789363451188e-05,9.369955038547145e-05,1.7950185680816388e-05,2.499492382682612e-05,2.687340238844525e-05,1.7315080049913847e-05,5.393511784711956e-05,2.315314449548715e-05,7.614775043864657e-05,4.766303373003724e-05,5.122542447604491e-05,0.00015022259997896908,6.81247218492239e-05,1.9312012397063083e-05,6.111096429509828e-05,3.454493050518212e-05,2.3872326828611105e-05,5.3254434841816745e-05,4.072045079992424e-05,6.243932180418247e-05,1.991634383781474e-05,4.764303802555443e-05,2.5115255578338653e-05,3.2278211422821434e-05,2.4437557412156143e-05,2.9200716859498847e-05,0.00016320327918526427,3.2278310867446244e-05,3.391996130703436e-05,2.0930900689301873e-05,0.00010426900657414589,4.646802587677615e-05,3.176594288183076e-05,2.6651404972872154e-05,1.8888668277559466e-05,6.200661919232154e-05,1.9340402857851426e-05,2.9234373385390828e-05,2.8708177208602593e-05,2.7728795222981794e-05,2.5323155996075694e-05,2.410523949371202e-05,2.662083501294247e-05,8.55386726224549e-05,2.9383110803795213e-05,2.1505187610987518e-05,3.392661585129701e-05,3.4148480545856504e-05,2.999614226106842e-05,2.359537629479875e-05,7.668657310303194e-05,2.696463268310589e-05,9.313119914272014e-05,2.5239724014263534e-05,2.0188238461495427e-05,4.034798678576847e-05,5.5875202404244504e-05,5.342791512065563e-05,5.123713881589425e-05,4.539685641106209e-05,7.405581921016965e-05,2.7777734732401983e-05,0.00012376376873962227,0.00013531336268912995,5.215107464883458e-05,2.3774384931198708e-05,2.5198027024529497e-05,3.864827030803239e-05,3.3233778492847116e-05,0.00014987649327710442,7.229067647513292e-05,0.0001417585871941321,1.7843632351232702e-05,6.662186951654112e-05,3.182375045626778e-05,2.9145229338139448e-05,6.579895342555533e-05,1.86500401068751e-05,3.1165498457408315e-05,2.039886818552675e-05,3.1275426169302316e-05,6.428623050386269e-05,4.523973140389725e-05,5.191485933288235e-05,6.006602764751425e-05,2.2212838252712343e-05,3.621907562064011e-05,5.432346583886326e-05,2.4007478232718917e-05,2.122031248039109e-05,1.9467996526787764e-05,5.370027504084936e-05
OANTIGEN-PWY,8.85885039190142e-05,9.403634073069933e-05,3.6284147826900366e-05,3.4951241793061794e-05,0.0001296507324283947,0.00015959296379280442,0.00014986600321987165,0.00011912553584704392,0.00015544917052034117,6.413696773313699e-05,6.671706413019993e-05,8.775958908156571e-05,3.5776521825519946e-05,0.00010586552199394307,4.2114553548792446e-05,8.642659809322809e-05,0.00014606589684452697,0.00011139188954667695,6.342494046336691e-05,7.055677080102561e-05,6.0164635010009984e-05,7.542843386209136e-05,4.7485886678846486e-05,4.459371797771586e-05,5.926095621701148e-05,0.0001057510297531478,3.622902257114125e-05,0.00012704205544726574,9.195560952297897e-05,0.00011522951272444883,9.471414814602072e-05,5.172919556818706e-05,0.00010424093689363906,7.33962048638726e-05,6.602716296904e-05,8.938838705295934e-05,8.381034582745143e-05,6.424871053833214e-05,0.00010136483590755728,3.9936868320651145e-05,8.413976097337534e-05,0.00010327547800567994,9.403796145097529e-05,8.938641566084252e-05,7.214966950874149e-05,0.00010781696318740226,5.1310642008307636e-05,8.887304333183016e-05,7.313720978173441e-05,0.00017350953889313118,0.00013638694014499425,0.00010017109713905586,0.00010517650753303042,7.654807001726854e-05,4.8787613542820084e-05,0.00012404475840740602,7.18168003646912e-05,0.00015861287488344873,9.729353316382775e-05,9.069673941665625e-05,6.546945745919363e-05,0.00010643398550383163,7.373421708488117e-05,3.997945344369966e-05,6.250620709679712e-05,8.31099090105771e-05,0.0001229203634144232,0.00011288408094095221,9.859195084755131e-05,7.841697261999668e-05,4.804161227784191e-05,4.4694953492046104e-05,5.447170674446544e-05,4.5353881992477064e-05,4.409946748143367e-05,9.380833222858767e-05,7.942998719747362e-05,5.855592121707148e-05,5.9264641873185625e-05,0.00014195743302859783,0.00013679852582512017,4.61031529111355e-05,5.4784958747742596e-05,5.6016253662329775e-05,7.97847810269087e-05,6.01730697222145e-05,0.00016358873315799178,9.344317499384535e-05,4.239340216417141e-05,0.00020902351024150044,4.452951066608338e-05,0.000134809317597906,6.349428653768967e-05,0.00011083656391245167,0.00014189469626306524,3.681205021816642e-05,2.4802718332990835e-05,4.6262596255536785e-05,5.3332994315542666e-05,7.053179379904072e-05,0.0001252624960666731,6.514525498881392e-05,2.7445330259027553e-05,9.815405551488118e-05,9.036108754831086e-05,3.3546736207074084e-05,5.797386418353562e-05,0.00014073808466472993,0.0001313676952726326,3.6235260042014446e-05,0.0002524181284760281,0.0001154836282517228,0.00016066906543581026,4.23649162876602e-05,6.779623911566084e-05,0.0001106374282828317,9.897320813701715e-05,8.129523435159138e-05,6.18827753422317e-05,5.614218792062453e-05,5.566922002170251e-05,6.566698810888629e-05,2.261943518776173e-05,0.00012260036679854954,3.468358068024957e-05,3.830502295758237e-05,9.907400859971716e-05,6.043889346426746e-05,4.204404349189566e-05,5.015165355123761e-05,4.982115753695519e-05,8.944931308194042e-05,3.1822862473070516e-05,0.00011374281588166648,5.4300499871520206e-05,0.00012461568573242688,6.911052129660382e-05,2.9031940258305413e-05,4.236529211336945e-05,3.4151025497056756e-05,0.0001214076755813226,9.415859340882356e-05,6.621605520961378e-05,4.121571018515115e-05,5.8728189739502516e-05,4.262666270663256e-05,9.163123690881061e-05,4.546804751548993e-05,6.881936757837726e-05,5.834734796151572e-05,4.932900673868642e-05,7.417200002205356e-05,3.0052688398138636e-05,0.00012110689280132639,6.31147624100448e-05,6.672871981965808e-05
UDPNAGSYN-PWY,6.693645223705985e-05,0.00011159737653849363,2.1466200299017082e-05,4.373404855989353e-05,0.00011994779692713356,0.00015001722590510195,0.00011306481491187112,9.917670294262093e-05,0.00021547914252879584,4.6841703946527976e-05,5.1307886372378566e-05,0.00011154443609103088,2.443571481562746e-05,9.845615417439357e-05,2.4697079071144317e-05,6.171203130006351e-05,0.00012949276645656213,8.65239694630453e-05,4.427498073311199e-05,8.665976519589543e-05,5.8450651681325424e-05,5.00978836503143e-05,3.468881616206526e-05,3.9962583749034274e-05,5.532530003914561e-05,9.290645348239556e-05,2.0102852093411616e-05,0.00019307138022138685,7.457742128199037e-05,0.00015848376389020907,8.239215182239571e-05,3.206468855791936e-05,7.4424713053999e-05,4.8273715648602014e-05,4.074991547467964e-05,0.00011247482205026191,5.9401813328270424e-05,4.123841904086665e-05,9.565017148542588e-05,3.071466457315122e-05,0.00011049438298632735,9.426222371432014e-05,9.022873983887524e-05,0.00013980738033831123,4.955503137155631e-05,8.082687674111451e-05,3.2882051053452394e-05,8.277481887300017e-05,6.537931897546219e-05,0.0001988719422893912,0.00012432234430155963,9.848000950557518e-05,0.0001342882572843947,7.259097004228931e-05,5.339599622653668e-05,0.00017081226208725064,4.559567257395005e-05,0.00019136519327093607,6.633862623719395e-05,0.00010056207349883071,8.61658276911581e-05,8.402654407216464e-05,7.304325861907292e-05,2.4130394455399152e-05,6.460395234574512e-05,6.73882310435261e-05,0.00010169862910601899,9.852258022498426e-05,9.41230111835616e-05,8.044336948842535e-05,3.068852207992392e-05,3.0673995888708965e-05,0.00010188124268462649,4.6913712193497654e-05,3.321206416017601e-05,0.00020268332315460195,7.277002068835437e-05,7.42050429300921e-05,3.975547250598956e-05,0.00013821578426297573,0.00015671606321681738,3.221498712485284e-05,3.2563667427160705e-05,3.416136647398752e-05,7.515526280132838e-05,4.937025591426176e-05,0.00016702767935235287,0.00011455029571087413,5.2756157094906915e-05,0.00019983804554423438,0.00014860014581238024,0.000121348104045487,4.674804855265675e-05,8.163089802782539e-05,0.00011753709514997312,4.455815265457237e-05,1.5100124168283256e-05,2.6782518122351286e-05,3.3572937734766184e-05,7.24617193812963e-05,0.0001396298946021711,4.0744044941509866e-05,1.571542170851144e-05,7.951021246428994e-05,0.0001002692086101521,4.294142905540301e-05,4.002987356611287e-05,0.00016301008172795085,0.00012722731679511783,3.846366580460946e-05,0.0002466549678799554,9.382048613398858e-05,0.00012842197623345877,3.347536950577125e-05,5.8572229114959414e-05,8.716782576645149e-05,6.774076423137278e-05,5.666019698184518e-05,4.261548387299581e-05,5.082291317797415e-05,3.504001508168076e-05,6.839607671965819e-05,1.356267495778061e-05,0.00010719851701796117,2.0056319174784444e-05,2.664787455909753e-05,7.569810084341248e-05,0.00018213451093656273,3.4677963233330256e-05,4.3297155094072915e-05,4.398475112439394e-05,6.873178911612762e-05,1.707097374064522e-05,0.00012147169693459314,3.8451503767092855e-05,0.00012856245950141734,4.346932886710726e-05,1.8238939766211705e-05,2.373712217234498e-05,1.9746131645140126e-05,0.00010392074349495314,8.54783631945004e-05,5.3701664153820515e-05,2.444207682834299e-05,3.86611335307616e-05,2.632101859029291e-05,9.282482266355864e-05,3.979324307422466e-05,4.782769325855299e-05,4.327226441474378e-05,3.728314917328959e-05,5.65268328366998e-05,1.8727587072732908e-05,0.00010858709095839619,4.3477280236678e-05,6.448741400151365e-05
PWY-5973,4.3697255572208794e-05,2.983239816762973e-05,4.193856610125154e-05,0.000108729205178604,1.8018560413875935e-05,2.4533810896551184e-05,1.5173330033259507e-05,1.6192657617961866e-05,5.745721113321742e-05,2.448065501012905e-05,1.4500506298341326e-05,1.407976359388889e-05,1.815550379977537e-05,2.1419823839324894e-05,1.4866185522689108e-05,1.6297460716931453e-05,2.2601537018121943e-05,2.0396422410275292e-05,2.1120715788745693e-05,3.4455014372005425e-05,4.074825659915983e-05,2.4840966941615982e-05,4.121367628800977e-05,2.3029940273969338e-05,2.3808704033769542e-05,2.756881348535911e-05,2.294745713558864e-05,0.00012581562892057465,5.422850245658313e-05,0.00010315674948705838,3.080661333842515e-05,1.544899115044398e-05,1.2359674114101953e-05,2.3562159004511346e-05,6.198033020635306e-05,2.21905638028622e-05,9.467614365276086e-05,1.905970188266544e-05,9.793802149435063e-05,2.0967682368780246e-05,1.4305846976882492e-05,1.953025033977715e-05,2.3825204359661805e-05,8.536029218534403e-05,1.846772726020503e-05,1.9378736776881363e-05,4.014268780812916e-05,5.6143353658968946e-05,2.0050753013715723e-05,1.773411491277804e-05,1.3145303845150787e-05,1.7404594446056603e-05,6.214664546683173e-05,4.599339693799065e-05,1.2825566333989448e-05,0.00019272830730259643,1.84060049046977e-05,2.5278587450318822e-05,2.3946424486195425e-05,4.5851947495078936e-05,1.6439221024525647e-05,2.2359948692816725e-05,5.92516304090693e-05,2.0944651780206966e-05,3.4303388868528124e-05,7.498623875639805e-05,1.6083830997813657e-05,2.0860779606555666e-05,6.35421560422219e-05,5.1517253296181625e-05,6.838981414305461e-05,3.3723574936211895e-05,7.353335508762761e-05,0.00010003485181199786,5.308676447123117e-05,6.815128457750595e-05,9.345523690161343e-05,1.729057258175807e-05,9.505473584052016e-05,2.338196134219188e-05,1.5622893485399603e-05,7.815999069770633e-05,1.6487258991763355e-05,1.3724216774429312e-05,4.1779642129513666e-05,4.4332692749841e-05,1.0428381691633809e-05,3.257493976515589e-05,2.8629529743704913e-05,5.219424265535934e-05,8.832195662937617e-05,2.0601702274775704e-05,2.5869346972969585e-05,6.190888571990588e-06,4.315305323825091e-05,3.184259162872462e-05,3.030824178109328e-05,2.0390869413466973e-05,1.5910054470965084e-05,6.816028515985983e-05,1.3919522352317094e-05,5.94456752169393e-05,2.2967276886048332e-05,2.5037193204457655e-05,1.565864088687675e-05,2.1084665054125404e-05,2.0606710100012674e-05,6.283491357302154e-05,2.9293255042999827e-05,1.8592928635765613e-05,3.292269121271803e-05,5.0664587630644605e-05,1.6682876309155903e-05,5.1888196633771394e-05,6.358175619751693e-05,1.948703773502435e-05,2.3036595565249364e-05,2.401095483122883e-05,2.881682766521603e-05,6.271474488018327e-05,0.00010557988707656277,3.6096450315034144e-05,6.724567821004825e-05,8.760541779871321e-05,7.959671249816405e-05,1.9563109399647445e-05,0.0001173668344892691,0.0001057621949625302,5.7981950577133425e-05,3.625051054128734e-05,5.5437465944175764e-05,2.3568680051627633e-05,2.423021034862909e-05,0.00018109057423162554,9.132821846449861e-05,0.00014466193593358544,4.8048904194341834e-05,0.00010622286616809749,2.6190973214384083e-05,0.0001446362614795005,7.518603145060179e-05,3.241295622077651e-05,6.226140574105907e-05,3.726306125053775e-05,5.211729271975323e-05,0.00011912961891807393,2.0017604770661604e-05,5.095250870232495e-05,8.665383107466625e-05,2.1304988045120826e-05,4.8550696105591905e-05,7.534956526986588e-05,1.661687662717014e-05,6.487011896959194e-05,6.605545116833115e-05,5.085343884005606e-05
FASYN-INITIAL-PWY,0.00014877761644603205,7.063599228516711e-05,0.00011866774311190255,9.144749083681232e-05,0.0001128593833061947,0.00013053143085260918,0.00014152771179819435,0.0001098959797815299,9.754714826485313e-05,0.00012473202921172287,5.3728879039493205e-05,9.9962012578771e-05,1.7549710518456578e-05,0.00018664271427239898,0.00013848290129930284,0.00013948345858167055,0.0001429934424082072,0.00012767631498037914,0.00010219229698890242,1.4956399903362673e-05,4.271987131119615e-05,0.0001225471724936213,4.9275391126375847e-05,6.202074859506988e-05,5.3855018424601056e-05,0.00011776204614343157,7.100474909509795e-05,6.174346568381652e-05,0.00012050088582172897,8.026470151927476e-05,0.00019329938327117851,0.0001243825042363324,8.011269852120965e-05,0.00011418694515708796,0.00012232433105077007,6.29787004487918e-05,7.759777545180957e-05,0.00015103497999093538,0.00010005511883416125,4.809879124480293e-05,9.831474081536286e-05,7.697564572743458e-05,5.2295474647511385e-05,9.897827262998693e-05,5.803742838539795e-05,0.0001339105241394475,0.00010111729769621833,0.0001278108276410354,8.337365552055359e-05,7.604160455389569e-05,7.380200818931606e-05,0.00010189636099137544,0.0001160598692699769,5.289125584554237e-05,4.7439223950657685e-05,0.00014060027624718648,8.114351967358833e-05,8.113243852633429e-05,0.00019295577712099939,8.011280879692251e-05,3.514198713930043e-05,0.00018231667863108996,6.560208299444096e-05,6.330498394664884e-05,3.719694597494386e-05,5.329940642717236e-05,0.00012130283163457857,0.00011957714926428791,9.177377657592235e-05,6.84207808053955e-05,6.186640434085181e-05,7.892087712622824e-05,5.274684114945259e-05,7.060228026087051e-05,1.4202290658379213e-05,8.55277368118206e-05,5.2133108554395274e-05,1.5922235449550825e-05,1.5653956437595973e-05,0.00015774720577681734,9.384848325478685e-05,3.07325405685028e-05,8.62445103301712e-05,9.324158294375986e-05,2.0721501379196695e-05,0.00010069645537962935,0.00012767253145634633,2.9717584087727695e-05,8.436529865024331e-05,6.140062193553725e-05,7.76277689416286e-05,7.192790133263502e-05,9.996626074025634e-05,0.00010615118942472851,0.00011088253398317719,7.32758649059239e-05,0.0001369641194146818,0.00010546748384401277,0.00014732578052410871,9.54560788428847e-05,9.625003530304291e-05,0.0001818019194384673,0.00012317824871693295,0.00012163334789780828,7.54769679759931e-05,5.6568522738525166e-05,9.656243669338496e-05,0.00011261812169201574,0.00010135885111635623,3.971696850610929e-05,0.00012568069183525714,0.00015144928817210893,0.00011611059908435574,7.275761840143058e-05,8.150083110600604e-05,0.00010801086195194473,0.00011430989040579641,5.540499418389088e-05,8.145823998504355e-05,5.704569998859186e-05,0.00015445841394899488,1.2888477169215178e-05,5.3164535053928444e-05,7.922805862656472e-05,0.00011665878189083373,2.955144665133721e-05,0.00010979275039094365,7.628296865402445e-05,8.126469140493393e-05,5.6056954450796494e-05,3.142262729242537e-05,0.00012770889009235825,2.651741765234517e-05,0.00010052598915057567,0.00011678915570826798,9.478522903333481e-05,0.00012100947334736973,6.893062357495994e-05,2.1806440329438707e-05,7.612913098527225e-05,0.00014480758028163047,9.475061004935152e-05,0.00010639802078305932,5.9564964367142465e-05,9.818719094747716e-05,8.813327713495228e-05,7.510373015768631e-05,7.485252438955678e-05,6.1543405868198e-05,5.1197110897883315e-05,8.717706631861227e-05,0.00010459045156593623,9.370045184128674e-05,0.00011466425975611902,8.611651155158878e-05,6.644337312317442e-05
PWY-2941,7.418193607789753e-05,3.419992459285708e-05,3.372601171295428e-05,1.9032750382361882e-05,2.528834789871852e-05,0.00011550709917633436,8.2557326865525e-05,2.933724328206402e-05,6.663542226997088e-05,1.669120267193172e-05,2.8431349200600672e-05,3.146669869370741e-05,1.6982580514171473e-05,2.569130659372857e-05,9.801759774521364e-05,2.4029225358398714e-05,9.580672417258203e-05,5.901541035001675e-05,2.935481429540254e-05,3.0419367324413048e-05,1.760007955816779e-05,3.213827162359299e-05,1.9312715999246438e-05,1.5711600072353758e-05,1.3390210388719137e-05,4.012510587441688e-05,5.156014933288062e-05,9.861775709976336e-05,4.723644404128597e-05,2.2000288865411123e-05,9.810053659758158e-05,5.671701642757766e-05,1.900270816052877e-05,5.053898976732451e-05,2.6224344878276933e-05,3.6754287772357485e-05,5.7196135051633436e-05,2.5420748820422326e-05,4.768562284619942e-05,2.9138986266147874e-05,4.249793315817343e-05,4.1507800693217906e-05,2.5354122912312047e-05,6.971045404685252e-05,3.996787781665034e-05,2.1033346486722285e-05,1.92796892371769e-05,8.775345115781862e-05,1.7127618684113147e-05,0.0001313043611471281,5.928118463345943e-05,9.445264125609102e-05,2.3791672899102344e-05,2.368366331759847e-05,2.4422474074265464e-05,9.416300368457772e-05,1.7679715354490834e-05,2.5071049038906427e-05,3.1440180960549893e-05,3.6144670135584575e-05,4.7025983943897325e-05,2.7188197898832407e-05,2.8397899576897496e-05,2.2312595457076536e-05,3.791594153075048e-05,2.071369720829922e-05,7.796217607866576e-05,0.00010408654505177602,3.4821507565886975e-05,4.950955336815506e-05,1.853150683251015e-05,2.2247073059881294e-05,2.604158999919652e-05,4.0738591320354696e-05,1.57579022969156e-05,2.808994063844491e-05,4.2132390398502414e-05,1.529701450817231e-05,2.2953076991493745e-05,6.761094719528875e-05,6.360099798327713e-05,2.277708011491388e-05,5.772931568661811e-05,4.435590253355346e-05,2.1404623001724892e-05,5.958425623382405e-05,6.475352292553306e-05,2.7096290807382843e-05,1.9891553577153728e-05,5.8331768309715946e-05,4.008483609981819e-05,5.1929283230227226e-05,2.3006632334232623e-05,2.6841628699350185e-05,0.00012240808968677955,1.5148771256096975e-05,1.584599000812688e-05,4.22686910500281e-05,4.128010229108876e-05,2.0356914716282438e-05,3.387772784179306e-05,2.1256129971611982e-05,3.291979934944611e-05,5.0704321490879675e-05,6.48445830823641e-05,2.0489186326082963e-05,1.7992330158808126e-05,5.46369727033852e-05,2.90838505936055e-05,1.3461490790920886e-05,6.611116044023056e-05,7.45898207341751e-05,5.120539533470167e-05,4.0678157762345375e-05,3.082350144970882e-05,2.056557956603989e-05,5.944247818649778e-05,3.823896718893682e-05,3.483476680315302e-05,4.73561101722835e-05,1.893377498811143e-05,2.7717437760524972e-05,1.6893569635006596e-05,3.171117721482885e-05,2.5286962032364756e-05,1.9074604805309462e-05,3.9160475324915696e-05,2.1826049660983144e-05,2.0515587536897324e-05,5.534666627984889e-05,1.6470476629753606e-05,4.041073153127491e-05,1.575634883484874e-05,1.4251425420939315e-05,3.95432128556647e-05,6.272575956046653e-05,1.868122934948344e-05,5.51362873353994e-05,1.716198007009302e-05,2.595788535694673e-05,7.404972939806499e-05,2.2373855806478917e-05,3.0848940637258134e-05,4.0354798493734105e-05,2.0140296807803643e-05,5.2648687745303105e-05,3.087980701411185e-05,2.266384526698311e-05,2.517094877187845e-05,4.284647205540178e-05,1.8176108177950057e-05,2.0282424597741027e-05,3.321213353988429e-05,2.6300271905557957e-05,2.032665551737274e-05,2.1588190003673067e-05
PWY-6385,0.00014025004955548251,9.42781627390801e-05,0.00014811231752327774,0.00011732471782061851,0.00014823282248977362,0.00017855297867659325,0.00018007054519197314,0.0001928472609353072,0.00021622388126488613,0.00011091538961004997,8.742942352366082e-05,0.00015708142109451882,6.0262775733324974e-05,0.00015853126696751648,0.00019125227578284276,0.0001281557990566649,0.00018473730654762667,0.00015264333696175653,0.00012575199459046235,7.19513765283185e-05,9.841010740218132e-05,0.00013078494273559431,6.525271490576633e-05,5.090367581758566e-05,0.00010467425658018006,0.00014361153824589515,0.0001991050430597854,0.00016092036861297575,0.00014410238434989226,0.00016742905711858764,0.00018766671154636595,0.00014855897428541127,0.00019964843303360813,0.00014762715906937066,0.00021296752587342537,0.00010807679479432939,0.0001233474397909187,0.00018001563602618298,0.00014689397331338222,0.00013147125588660165,0.00012101142180350147,0.00014732779005033342,0.00010492935190863962,0.00017607907227006948,0.00013810589790983253,0.00017936953636915658,9.803110460211219e-05,0.0001779017653482846,0.00010294547774601519,0.00024464411855262065,0.00015439740735642262,0.00013148424907220372,0.0001721681176939693,8.723205786344905e-05,0.00011057036285531705,0.00017411942252714346,0.0002027317105087763,0.00023009637863456524,0.00022647840626202132,0.00013145834431054583,8.882327079057344e-05,0.00017830522468588667,0.00012566731201491026,0.00013324824772737101,0.00011873526209247147,9.56139574144712e-05,0.00016446007507275702,0.00016038141326873734,0.00014084158876085954,9.609332754630416e-05,8.611327970492306e-05,8.79051118966723e-05,0.00011942397353719059,6.706232907426674e-05,4.24223552339025e-05,0.0001716676319246968,0.00011551589132879785,9.792178564871145e-05,0.00012189282082807088,0.00020824072179241056,0.000173734549769315,8.049204085641768e-05,0.00015571358637076616,0.00021622385288403852,0.00014426068978279306,8.7699445162167e-05,0.0002128336182990381,0.00011950838608875914,0.00010178166920600189,0.00027843459092431917,0.00015647002249991583,0.00015411973713881365,0.00011147079041523267,0.00019165093411278934,0.00020071989018214105,7.229047571258739e-05,0.00010598775700392158,0.00015435850609413917,0.00016276883182992787,0.00010578216818028992,0.00016573464322356004,0.0001943841123174687,0.00016315277901015384,0.00013445375651451554,0.00010367411066110393,9.263403735423058e-05,0.00011816775444801676,0.0001816859863090877,0.00018421446014484267,6.874548728801915e-05,0.0002785010229252804,0.0001838192054748279,0.00017090766814666097,0.00010003389325353101,0.0001182506535200433,0.000148333268977942,0.00014192152790036498,0.0001274661736177423,0.00015367625981448115,0.00012339979058990122,0.0001359626519468086,5.263828630024535e-05,6.375781516042155e-05,0.0001421849677526289,0.0001225108976060438,7.553069461457364e-05,0.00017692639259858,0.00017205097185811033,7.516990950756624e-05,8.159659787134222e-05,6.345900774060082e-05,0.00012621281181686195,0.00011044009983017949,0.00013108066511296462,0.00010567767942346445,0.00015224830477313914,0.00013623932229640812,0.0001106192664418477,0.0001190989057363645,0.00014201514068825516,0.00016744704633924433,0.00012889650790077315,0.00010899827500823765,0.000155716775497437,0.0001060773846903637,0.00011311320285995453,0.00010421694812348874,9.378209751291738e-05,0.00011106645020592333,8.809110000139719e-05,7.733098874323272e-05,8.390573755492573e-05,7.476970735657464e-05,0.00018030540587287626,0.00010665643540958122,5.124447476404581e-05
ARO-PWY,0.0001419565604902508,0.00012377072469623617,0.00018016677509582094,0.00013804191494792703,0.00017715279342063545,0.00018884484235302156,0.0001944011608182296,0.00018772969550607768,0.00021256229038353651,0.00013953433714842213,0.00010423165248772353,0.00016469861647155554,6.95459818608557e-05,0.0001896299921031505,0.00022931779889766201,0.00018896590137202284,0.00022509769394787768,0.00016047026505533962,0.00013938559814909168,4.1516330067780427e-05,0.00010134904126085196,0.00014953034516434314,6.584115220064223e-05,9.230644503563801e-05,0.00010077496758524552,0.0002236603583541098,0.00019614976895131867,0.00015194425410113818,0.0001609299553836311,0.00014118452166297812,0.00019024926464409323,0.0001813650978414049,0.0001978432451264243,0.0001680235704564754,0.00020942137498397662,0.00010169131128786468,0.000130488785071888,0.0002000262507498168,0.00013531723408635943,9.231341155135427e-05,0.00012321711686650246,0.00018064177028463406,0.00013999284056358052,0.0001702238295665722,0.00013867438779726482,0.00018207986214946846,9.2807763854446e-05,0.0001829991012476147,9.322428894346426e-05,0.0002510143152759349,0.00020826547047846878,0.00015594491792576964,0.00018083298010925368,0.00014124792574296338,0.00013617294471413642,0.00016645092321152552,0.00020148043747491413,0.00021188862194032,0.0002239859773285628,0.00015308901803992198,6.63266788905004e-05,0.00022442747545381518,0.00011741926811424868,0.0001632392948828483,9.378974524647687e-05,7.040640879475925e-05,0.00017591146920535876,0.00019543777315888118,0.000143923076307945,0.00011912213656074512,8.10969655482363e-05,0.00010169998597818754,0.0001148214143460838,7.120693564645132e-05,5.890031437035533e-05,0.00016366487149072426,9.144041009440679e-05,7.21840967474971e-05,9.1303424949253e-05,0.0002471745389759292,0.00017759024850460322,0.0001030375787618273,0.00017800503253438495,0.00023808780258670616,0.00013141119423060621,0.00010460691082192028,0.00024735886042957436,0.00014784640642937128,0.00013901498666263253,0.00022466978950205015,0.00011704111053798281,0.00015153870873615665,0.0001391168385489887,0.00020048380897004815,0.0001928915636335873,6.265710624270516e-05,0.00014293161043990674,0.00017767734151930917,0.00019088201472545658,9.449716228576496e-05,0.00017077949515057787,0.00021599380095061504,0.0001736907793399714,0.00014711411850515055,0.00013659158137196972,6.22256524377768e-05,0.00011171844494614536,0.00018813769155123146,0.00019722541156531575,6.944676281802867e-05,0.0002546714375260551,0.00019144888427541324,0.00019417679186880063,0.00010080721346274917,9.908949740487942e-05,0.0002000995627318508,0.00017315205782244102,0.00014676646191681962,0.00018795132264126261,6.602796060516714e-05,0.00014318808889944763,7.457438747204164e-05,6.580600054126186e-05,0.00015770332446979725,0.00011168006506318362,6.496316035458108e-05,0.00018392197392796928,0.00012782102197091537,9.967294241008511e-05,8.741100463531402e-05,5.742431893820254e-05,0.00016283332651864923,4.457087974611379e-05,0.0001340805289429196,0.00010538188631043215,0.00016081317875356777,0.00016345962764344516,0.00010612390266983234,6.6962347174463e-05,0.00013107846986744245,0.00016038596560189825,0.0001389496239595414,0.00013658246655539962,0.00014894498141236975,0.00010629890614291933,0.00011983871076889087,0.0001250088161566521,0.00010112188892329338,8.139093675333268e-05,8.177100454024151e-05,0.00011769887802023593,0.00010042600018770062,0.00010243440485832547,0.0001292895770670631,0.00010948826742057259,7.862911960564267e-05
COMPLETE-ARO-PWY,0.00014276477550379137,0.00012034026275142853,0.00018009204977790746,0.00013593167920735054,0.00018308250504521883,0.00018620737174416746,0.00019574164329188244,0.00018722175765217326,0.0002142052076945736,0.00013903523258086136,0.00010579468742013836,0.00016390853276624365,6.724896861720449e-05,0.0001840370581285957,0.00023791634904675191,0.00018911430381632338,0.0002041335287440107,0.00016318656153671766,0.00013205418931135752,4.244398176093545e-05,0.00010527504267745173,0.00014789891843522367,5.7465209888707305e-05,9.818943831075663e-05,0.00010373651409178504,0.00022607244015797223,0.00020387627945118767,0.00015866381100883701,0.0001635900603508397,0.0001314857703289076,0.00019541509604671065,0.0001885741135651344,0.0002029655022404481,0.00017233411420882405,0.00021691521062753032,0.00010759707359120914,0.00013543402103110945,0.00020254406279534632,0.00013550868487143686,9.726973813105276e-05,0.00012374049492042412,0.00018211916460608618,0.00013176871674091474,0.00015670374689985697,0.00014541725690362403,0.00018919466619854813,8.745060935155561e-05,0.00019384831013589604,9.401930034224957e-05,0.0002574816633729099,0.00021665751563457026,0.00015523280699729353,0.00018571958536473868,0.00014366467682693412,0.00014122123350169985,0.00017415784109540215,0.0002125385204555768,0.0002148747810968439,0.00023724398042140695,0.00014830524618367566,6.755734194288666e-05,0.00023063367230437957,0.00012500876279849981,0.00015834686323946062,9.85439051036964e-05,6.350786023446173e-05,0.0001782553024004771,0.0001985151240012716,0.00014615854261776498,0.0001240071913524364,8.292256411132828e-05,9.375265204680942e-05,0.0001187497445663239,7.334430127607831e-05,5.6195620615548386e-05,0.00016678218912210768,9.524439167540677e-05,6.736675760603335e-05,9.191096561154539e-05,0.00025215270024409015,0.00016281655130142027,9.002187026880357e-05,0.00018258346393399796,0.00024690563103627733,0.00014213030002492667,0.000101024231520838,0.00025647414608769904,0.0001441630278848199,0.0001412544497341698,0.0002363574240448744,0.00012235942787481698,0.00015434128054333615,0.00014884157686212066,0.00020368609453161543,0.00019975540963675792,6.360477088972155e-05,0.00014770807099467518,0.0001866920688077557,0.00019168541323838644,9.226175546576108e-05,0.00016105816361975647,0.000222804420355279,0.0001803662451038173,0.00015561176416192403,0.00013217607958641956,6.715399656748564e-05,0.00010881877764921283,0.00018405415953674006,0.00020743501853476753,6.683944793524467e-05,0.0002556338101086002,0.0001799840101489906,0.00020039080359682135,0.0001065676614984212,0.00010139394457940433,0.00021046845839650357,0.00018227681639953303,0.00013656945075931154,0.00019458242332686225,6.584950886537392e-05,0.00014913115488814402,6.884092788101372e-05,6.570771593161228e-05,0.00015533266064287458,0.00011573226734940323,6.171919996442521e-05,0.00018722810935216784,0.00013078205286302333,9.875666828492168e-05,8.793716418914719e-05,6.02114111053658e-05,0.00016764190149197862,4.6808135378453554e-05,0.00013489134502104943,0.00011238144391045643,0.00016431974068818864,0.00016950098625849146,0.00011183863217755234,5.277795126975637e-05,7.919467500369217e-05,0.0001688353594882338,0.00011265128726875656,0.00013758867649452932,0.00012607715537000768,0.00011235450054214738,0.00011582252817297912,0.00012027276432791276,0.00010437979881579218,7.068381029138693e-05,8.6076576991738e-05,0.00011660933998649236,8.50107329851425e-05,9.947417738336679e-05,0.0001363709489024573,0.00011043910488402241,7.885931748938594e-05
PWY-6163,0.00014452367292241747,0.00012991447868781534,0.0001881327521199662,0.00012568769477463271,0.00017146037499621508,0.00018491252869568588,0.00020512368134459864,0.0002002251339294902,0.00019364236980629783,0.00013730362530982283,0.00010227568788873731,0.0001619187686801303,9.37713322206109e-05,0.0001916522903209971,0.00025630128723971374,0.00021146897605768729,0.00022243268435193325,0.00015932758620648192,0.00014386222293694617,3.8810469107422594e-05,0.00010005446137495381,0.0001448114418138126,6.862287614557273e-05,9.605050020152148e-05,0.00010327616505164303,0.00022728367296383074,0.00021008362696326666,0.0001489543667564636,0.000168870470906257,0.0001310476338821831,0.00018867167833481473,0.00017825003524184226,0.00018930198804105702,0.00018338479517167298,0.00020325135586193906,0.000106547880277434,0.00012170682284146745,0.00021236121810486993,0.00018550410809046924,0.00010741865840610857,0.00012258311872351512,0.00018750295338724492,0.00014289275340263958,0.00015531021156624833,0.00013435313479090636,0.0001733844205312723,9.253643993164298e-05,0.0001750936365038591,9.584955656214756e-05,0.00023057547125168823,0.00020033083212296908,0.00015215151359917632,0.00017442813370349583,0.00014949182641647415,0.00013856034518705242,0.00015732385745636547,0.00020626678133506968,0.00018722999848924852,0.00021564038690256783,0.0001531253474312366,6.159279706709607e-05,0.00023002978706647835,0.00010418114200917526,0.00016451025432520492,8.529217571429469e-05,7.015845140934712e-05,0.00016258125470014926,0.00018912492769257186,0.00016095966332326108,0.00011262171631381315,8.74061184938544e-05,9.7588809004753e-05,0.00012154883834336319,8.774632001709932e-05,5.373625118232404e-05,0.00014335047628099112,0.00011367288250470003,8.522259702897422e-05,9.155826027927751e-05,0.00024100846996846344,0.00015453760203239822,0.00010599473678068512,0.00018640179005246236,0.00024299673400200397,0.00013307811343219616,0.0001050495542209317,0.0002332200957479371,0.00014154925461978515,0.0001440800520684721,0.00022954381011334877,0.00011008972641095783,0.00013558777180841075,0.000131774509684772,0.0002017456093003178,0.0001960955133614654,5.9128682128691694e-05,0.00014515171913406257,0.00017479438084975961,0.00019436926031476105,0.00010268447562760712,0.00015169667050152157,0.00020466372001658227,0.00017228984322835875,0.00014230956811600896,0.0001347249008997959,7.477667447258808e-05,0.00013147552563005978,0.00018723064111237918,0.00018610811984097464,7.317101986067334e-05,0.0002318475349264158,0.0001887608361686589,0.0001872772409146018,0.00011388960171552957,0.00010042628213235,0.00019961180050595626,0.0001708671818842142,0.00015412770485241395,0.00019642712299310674,0.00010289423138039584,0.0001359375700279859,7.401592648593947e-05,5.7303529002716906e-05,0.00015482335041788875,0.00011824833159025246,7.814789672265735e-05,0.00018541282809789048,0.0001222982464058707,0.00010927979538256265,9.137453392026864e-05,7.383084628098796e-05,0.00016422502910110634,5.9014104479424056e-05,0.00011697812106375264,0.00010436291243579489,0.00015192899616094417,0.00015741358757632572,0.00010988233052969802,8.040394781188732e-05,0.00013661078777042093,0.00016798914377633785,0.00013793269327006758,0.0001348263285171295,0.00015521997133270167,0.00011303440707938763,0.00012210427260423584,0.00012150179843669701,9.549045187822818e-05,9.58783118890004e-05,8.95613494326425e-05,0.00011602413464306475,9.534398638131713e-05,0.00010690299651655175,0.00011883200004330186,0.00010833445541449245,9.450932824329153e-05
PWY-6628,0.00010716876243415494,5.455618192452108e-05,5.7438727978063804e-05,9.914946067720416e-05,8.315331503628912e-05,0.00011670939115544427,9.854279842258234e-05,0.00014308879693589478,0.00019126973219609194,5.147736614751419e-05,8.260777219737957e-05,0.00013129556975666884,4.534262800027385e-05,8.936894165679344e-05,0.000100807249178916,4.828805974325607e-05,0.0001496371092768896,0.00010740312740744461,6.436131480807734e-05,3.228181051297467e-05,4.19865017505168e-05,8.938932998506805e-05,4.324486717706393e-05,4.0928902005267867e-05,3.6689466801142364e-05,0.0001251336878127605,4.978760330217647e-05,0.00014800338862001623,9.025105080932162e-05,0.00010410469504831458,9.705854718207002e-05,0.00013162307773084456,6.465955665113071e-05,6.172249068935866e-05,9.069888667790138e-05,8.557126004073402e-05,0.00010736073974737356,8.468000328911806e-05,0.0001092106064145199,6.991323627120867e-05,5.409564779824735e-05,6.250185193545555e-05,5.6370558083119726e-05,0.00013244435265633188,7.239258193319202e-05,0.00012641981147327048,5.367298442896178e-05,0.00010248387731867722,5.039426021116621e-05,0.00023666914681709495,7.809064540031177e-05,0.00010344794227307703,0.00014215425572069632,7.667290010338679e-05,0.00011732965742612831,0.00013949788467004497,8.948503399721988e-05,0.0001779593124069742,0.00013823610423070403,0.00013264134703914817,3.619205833183353e-05,9.790757048553443e-05,9.78482580996681e-05,4.772761055977334e-05,7.096266887288044e-05,4.766060006051377e-05,0.0001188906890814841,0.00013265314351260725,0.00012493130759887096,5.4258321462883996e-05,4.789189210585401e-05,7.416817793110653e-05,0.00010275732670625074,4.0281089496383296e-05,3.8468913100963714e-05,0.00014703493886482108,7.81061025330525e-05,4.972161839369422e-05,7.884218853491445e-05,0.00018374080169701043,0.0001440424887690117,4.307756547779899e-05,6.26210329642174e-05,0.00011050899812194189,9.328250078560342e-05,4.088479244120798e-05,0.00013812737870393476,0.00013295504963673312,9.011539340980629e-05,0.0002209475896474207,0.00010221057806523839,0.0001288839781571147,6.61709343114521e-05,6.135008351328197e-05,0.00015480018684903735,3.513240001232371e-05,7.753834373811199e-05,6.501629152275662e-05,9.233538623977325e-05,5.730840244224988e-05,0.00012715417513210547,0.00011125716466639008,8.440301727603329e-05,8.226284526821358e-05,6.312620152072794e-05,4.818228465768666e-05,6.407449349472979e-05,0.00012855085406537014,0.00013098955274587525,3.5312065675404354e-05,0.000223519397560005,0.00010054874140557283,0.00015337681035607073,4.858262210799032e-05,4.7951162462840106e-05,0.0001006085232376889,8.709076788907348e-05,5.732809677878514e-05,9.196352589416898e-05,4.5960001939861365e-05,7.167596497382561e-05,4.804278082688854e-05,5.48560273468919e-05,7.124848547312033e-05,5.6103775916948945e-05,4.3846370909052e-05,0.00016189011653649563,0.00011748963059698872,7.069193637885346e-05,4.069113265768143e-05,5.1233714331944245e-05,7.823933643739222e-05,3.8580407273324915e-05,0.00011961587254351482,7.309419652865629e-05,0.00014550305055047028,6.727314086420827e-05,7.502353526326838e-05,3.135623202356943e-05,5.117211488795199e-05,0.00013068726929458963,8.286212016502717e-05,7.073179927521096e-05,0.000119435796915375,8.17852165199522e-05,8.290161499569444e-05,6.895836408921533e-05,8.564334675523206e-05,5.099872058360105e-05,5.3336753958712275e-05,6.187991686294591e-05,6.140179858012936e-05,6.107225269143572e-05,0.00010264928200917399,6.335925858814921e-05,5.2501391044262724e-05
PWY-6629,0.00011321190741780389,8.302815294011936e-05,0.00011594995108768904,5.30826419289748e-05,0.00014050987006777304,0.0001371003876892858,0.00011488390224073531,0.00016659503185058121,0.00017462908400473002,0.00010501697866860336,5.875705874427194e-05,0.00012683761150150883,5.188601225776141e-05,0.000132771093137926,0.00020705010285091235,0.00013050177256290727,0.00012153192519977486,0.00013100720937471813,0.00012189689951533651,2.9037487636755438e-05,8.66981645716663e-05,0.00010888645749139785,3.501503817125707e-05,7.117973820543321e-05,4.797030853621838e-05,0.0001609466542450492,0.00017696757676367725,0.000139243335004247,0.00011028495329092554,0.00010284716164378455,0.00017591833574900144,0.0001611376997346187,0.0001868251829000522,0.0001501226897459397,0.0001966375616690684,8.182534887148426e-05,0.00011349269348852992,0.0001831515668728493,0.00012989330562513833,6.798716806288977e-05,0.00010403612180059594,0.00013693359515783518,0.00010923399086097514,9.721162972382138e-05,0.0001286892280371324,0.00014586081147750088,7.08482343489515e-05,0.0001780774575931661,5.2412151542151134e-05,0.00020451206858948095,0.00011924777022691604,0.00013174741414814423,0.00015482466169324628,0.00011943096400599297,9.58539975338529e-05,0.00014723614434057516,0.00018608901983405162,0.00017413988937087487,0.00022540915175328695,8.151224437922305e-05,5.4811937773451565e-05,0.00018411954997659584,0.00010921073197393286,0.00013735765974756778,8.739217492459265e-05,6.416824552834398e-05,0.0001629808538983566,0.00014047119211154876,9.7074903353477e-05,8.729676078403305e-05,5.8737194484275523e-05,6.763739376490846e-05,9.166406927587125e-05,4.016683359998617e-05,4.749351064456501e-05,0.00012679282404699674,7.268081148176312e-05,3.875998769235537e-05,7.60007940609179e-05,0.00019221447022603388,0.00011099335423200945,4.663398786020411e-05,0.00014404857169213336,0.00022206570135082634,0.000107557225256632,9.395396232441929e-05,0.00020052609701438144,0.00010879917743918407,9.865194364934806e-05,0.00017533918150782808,0.00010413139117912812,9.912504931018386e-05,0.00012247942945159407,0.00018704663127032292,0.00015942343959792112,5.105804416468938e-05,0.00011185212384158222,0.0001671410951539853,0.00018072713975429274,6.088118936019559e-05,0.00012403221440658078,0.0001886173832657898,0.0001521307749031096,0.00014015456343593205,7.79579412565024e-05,5.114389152003727e-05,0.00010818393973547214,0.0001283430785896608,0.0001747816148739528,5.816159908594989e-05,0.0002013976317953826,0.000142030069946736,0.00015118368726546393,8.697949417593473e-05,9.462087128702052e-05,0.00018179300713781473,0.00015523079447417022,9.926900074910729e-05,0.00014213608793652236,5.110578465251535e-05,0.00010478245686925929,4.475175397217556e-05,3.534138490662042e-05,0.00012817328839415115,0.00010185500679128251,5.732598840015195e-05,0.0001609350925790114,0.00011724892001770635,7.150800692448772e-05,6.0999267119514974e-05,3.724318518797922e-05,0.00013881574979712324,5.4776005075827744e-05,0.00011564868301073348,6.579905172107638e-05,0.00012429893373008336,0.00014232318273869993,8.547329742586357e-05,5.749343253716263e-05,4.034963563415596e-05,0.00011212263709276421,0.0001024596205287599,0.00010317078826856743,0.00010511787705321978,8.978247492972282e-05,6.7423815752043e-05,8.352237646792021e-05,5.000599184710734e-05,7.136647036529272e-05,7.759072199435918e-05,9.338638384325808e-05,3.4231851248807315e-05,6.173806381300498e-05,0.00011873006098960807,7.45486099172749e-05,5.6226508405213037e-05
PWY-6630,6.500907887812215e-05,5.455618192452108e-05,5.7438727978063804e-05,7.770821938857336e-05,4.074992223743987e-05,9.44164410728796e-05,9.5739556450724e-05,0.00014308879693589478,9.930430300421891e-05,5.147736614751419e-05,8.260777219737957e-05,8.923981064818007e-05,3.645228768538012e-05,8.286382804355657e-05,9.072632072835792e-05,4.828805974325607e-05,9.703105910155358e-05,3.76081376478581e-05,4.947322740555053e-05,2.898745928833767e-05,4.19865017505168e-05,8.938932998506805e-05,3.37376841190764e-05,4.0928902005267867e-05,3.6468263361088367e-05,7.056508334749576e-05,5.513568343635572e-05,0.00012583633116230493,9.96568569655551e-05,0.00010210559577383548,8.389893356660818e-05,7.487906810101338e-05,6.465955665113071e-05,3.5286193786351644e-05,8.191028167209146e-05,6.316808616959831e-05,4.896376778186868e-05,3.0180631748714596e-05,8.499362840074328e-05,4.065106962698318e-05,6.395681806802026e-05,6.250185193545555e-05,5.6370558083119726e-05,8.981979645056802e-05,3.452365102822658e-05,0.00012641981147327048,5.108319466641162e-05,6.540128585763302e-05,2.8742835561645424e-05,0.00023666914681709495,3.821973583866497e-05,0.00010790251645278636,0.00010156096646816235,7.667290010338679e-05,4.454080296706757e-05,0.00013949788467004497,3.544927820319231e-05,0.0001621746149569571,0.00012985028052451444,0.00010007545963235592,4.207930650657221e-05,4.602226997750867e-05,9.78482580996681e-05,4.772761055977334e-05,5.756775274021601e-05,4.766060006051377e-05,0.0001188906890814841,9.539169434165383e-05,6.735668679697358e-05,5.4258321462883996e-05,2.874168069289909e-05,7.416817793110653e-05,4.7801613149103225e-05,2.405280176555185e-05,3.8468913100963714e-05,0.00012219965938775674,7.229529340848648e-05,4.068999812587461e-05,4.872011957161937e-05,0.00018374080169701043,0.00013771328048534188,2.500210042521466e-05,7.859941434353733e-05,7.381367883335297e-05,6.957305063202392e-05,4.534176831678575e-05,0.00012525359537647872,0.00012668848057039608,9.011539340980629e-05,0.0002209475896474207,9.582673404687022e-05,0.00012040856571456511,5.3753318165237075e-05,9.556148985594471e-05,0.0001023666842164186,3.513240001232371e-05,7.753834373811199e-05,5.690701872641724e-05,4.8756445788471464e-05,5.0829914687484586e-05,0.00012715417513210547,0.00010866535203770986,6.540651418556427e-05,7.300799347154315e-05,3.3219260060965304e-05,3.76827812480328e-05,5.540377531485296e-05,6.590331882653254e-05,9.403257625907495e-05,3.5312065675404354e-05,0.000223519397560005,6.573537913716123e-05,9.25816838197034e-05,4.027796142305227e-05,4.6395776749960405e-05,7.916233818462515e-05,8.072236818660869e-05,4.725011353557143e-05,8.980767138384995e-05,2.5452097011186644e-05,8.820915640139819e-05,3.766927575614018e-05,5.934607299867736e-05,7.618077469813796e-05,3.075198287427348e-05,3.345718855873486e-05,0.00010946044595471329,6.166253205652722e-05,3.794766832116837e-05,4.069113265768143e-05,5.1233714331944245e-05,7.823933643739222e-05,3.727850248185671e-05,0.00010061643501651394,3.583371235577034e-05,0.00011500074312658494,6.727314086420827e-05,6.48147096768702e-05,3.7466575593703034e-05,3.928182240924983e-05,0.00011969813777933966,6.04283621113424e-05,7.073179927521096e-05,9.466575621879937e-05,2.6088281257168517e-05,7.292167202942671e-05,5.094370204855764e-05,6.426901377079892e-05,3.314172756801292e-05,3.454639692301063e-05,4.5828970103081175e-05,6.140179858012936e-05,4.181051917524907e-05,0.00010083945183842823,6.335925858814921e-05,3.962870132974719e-05
PWY-5837,3.3872169399615194e-07,6.904206602028141e-07,3.192636967071312e-07,1.0938234190450121e-06,3.137636684815443e-07,1.7241852955844318e-06,7.95632652622744e-07,9.731239815878814e-07,4.457487555225368e-05,3.974749287587462e-07,8.174957034813316e-07,1.5706680734847355e-05,7.808519622644004e-07,1.4604587412452721e-06,1.4698022464061265e-06,7.58771365945126e-07,1.0874195731623793e-06,3.3059805912077837e-06,3.096354950915703e-07,3.087436936759645e-06,6.190251547426042e-07,1.127734082933681e-06,6.475775891875605e-06,3.3884957442026623e-07,7.805271495055801e-07,6.547498224364125e-07,8.655654465473688e-06,8.51904325265769e-06,5.863459380416344e-07,8.58486358194893e-05,3.877355269026164e-07,5.966898606809725e-07,2.3893734655762396e-06,4.988344825337022e-07,3.1327680734636747e-06,1.0596074354611476e-06,3.0257001025448073e-05,8.249725096602139e-07,5.510077705529803e-05,5.380789578951706e-07,1.3066944557769133e-05,2.6255843434211393e-07,9.479058660608198e-07,7.399770933302776e-05,3.430880671365559e-06,4.045520423800705e-07,6.119261151696981e-07,3.669390955277467e-07,6.723933826975579e-07,5.345879440312183e-06,2.979456200524955e-07,4.935829797629332e-06,3.516235717726524e-05,7.664170945636904e-07,9.056745522760321e-06,8.487861555760358e-05,1.5221877398149392e-06,2.3717029521797672e-05,1.4461851962391791e-06,7.406061651933802e-07,7.762488729890827e-07,1.7051848461617624e-06,1.2902815452378981e-05,3.881754614042072e-06,1.1965230629704883e-06,3.9683978315976576e-05,1.0765384407903473e-06,4.776085219679294e-07,1.822237763014307e-06,8.386318950104645e-07,8.701877328740957e-07,4.0058451682771157e-07,3.3115781828821055e-05,9.925666458412012e-07,1.5508979882953794e-06,5.9914192999913444e-05,2.4461176380919187e-06,5.848593952674934e-07,3.22336000114956e-05,5.467063145316838e-07,9.277929963596714e-07,9.811613813234063e-07,2.8448507138739367e-06,4.2018268787975404e-06,3.6787148150461437e-07,9.78956055408301e-07,1.2759313437921905e-06,4.79081127209037e-07,8.271071422337133e-07,1.509258386454564e-06,8.890286150277681e-05,5.235253273317817e-07,2.259897662319186e-07,4.079897423501969e-06,6.008668952443631e-06,1.0708183674651108e-05,2.603829090057453e-07,2.215135587876281e-06,1.1941730329923e-06,1.4038112366411726e-05,1.036885557861498e-06,2.9266097288398766e-06,3.3855827575154977e-06,3.5155150669902983e-07,3.875765848065823e-06,6.644443868404653e-07,3.488934719662158e-07,2.382478405414262e-05,1.1585312411118915e-05,7.747177856062472e-07,2.3663216132042205e-06,1.2655961697281192e-05,1.5791633751026303e-05,1.8329630937129924e-06,4.564545002690142e-07,6.479708811822653e-07,1.0635204305603572e-05,2.8359084429665016e-06,3.4264122302364915e-07,8.324628309339495e-06,3.5165910528270846e-06,7.726633901451742e-07,8.794645284352705e-07,1.4645768347385845e-06,4.007543566304621e-06,7.817409461105742e-07,3.8851349264384556e-05,0.00010224941125307585,8.309907119301704e-07,9.979972754528456e-07,4.153846547575684e-07,3.518571406614006e-06,1.068484206104945e-06,6.644469184344727e-05,8.095600243849624e-07,3.5675300510349704e-05,3.219583559253411e-06,1.5608538502674493e-05,9.859398935939117e-07,8.213645745089325e-07,2.3612610397074455e-05,7.224511664566169e-07,6.059245868791477e-07,8.71341411528387e-07,5.853964674485866e-07,7.607722626145584e-06,1.0638913205473272e-05,1.0325488575768573e-06,8.795813263745355e-07,4.613230151599665e-07,6.358344898504601e-07,3.7356836831637796e-06,2.7961406828620093e-07,2.3448849294821126e-06,4.202695047973692e-07,7.856910729230325e-07
PWY-5838,1.0644324941865347e-06,2.085482889685817e-06,1.0376752719798128e-06,3.256387308725829e-06,9.702359808487894e-07,1.96623776428497e-06,2.2015679449733607e-06,1.13373045064482e-06,6.268814439983776e-05,1.2000306913216049e-06,2.4749446322381877e-06,3.1576362789676166e-05,2.413880203582603e-06,3.5453624271889927e-06,2.848425285505956e-06,2.26312174369242e-06,2.5326336813863802e-06,1.8494707310096852e-06,9.809738271720216e-07,8.973879500801994e-06,1.8041229515246026e-06,2.3327100082232237e-06,1.5006532454963514e-05,1.0428880515724987e-06,2.1912489154983853e-06,1.9967374358707908e-06,1.395980163870652e-05,2.1513636406856157e-05,1.922601225615408e-06,0.00011481645009074855,1.1584875981222327e-06,1.630514941115096e-06,1.3170998671811286e-06,1.5134043055792304e-06,2.0427057502329534e-06,3.2699250359745306e-06,5.714186495573035e-05,2.599587187542799e-06,7.988756278452736e-05,1.5613680938987705e-06,1.99742419108278e-05,8.07771203658742e-07,2.4080590807777983e-06,6.34963153898157e-05,6.252941521377406e-06,1.2857364139291635e-06,1.8952211069662977e-06,1.1232884933610412e-06,1.8337685504501747e-06,3.0015787322594556e-06,9.458623046507749e-07,5.387864102807769e-06,5.316346557345809e-05,2.1607121744685378e-06,1.195315995996892e-05,0.00010373827580679299,3.49858641805727e-06,3.4761658845472145e-05,3.1181368234878627e-06,2.2468875653115096e-06,2.0955741206520625e-06,2.8015502691320816e-06,2.776861399817281e-05,2.9387545001473433e-06,3.715574928175041e-06,4.195919636211449e-05,3.0591876910306603e-06,1.454481575404014e-06,4.904390513010876e-06,2.698209950360111e-06,2.8713092303966958e-06,1.3281893266585144e-06,5.042886238826928e-05,3.198165621399798e-06,4.6591370495123305e-06,7.779460357928914e-05,7.564948395970587e-06,1.7510466381482124e-06,5.2011084565725835e-05,1.5463959330415572e-06,2.4628372075492927e-06,2.9674096353437426e-06,1.3228007745246403e-06,7.119634018768728e-07,1.1758840306359664e-06,3.081722294127464e-06,1.6213281312374372e-06,1.5226783351571599e-06,2.3391579092450645e-06,2.7296298943884687e-06,9.941182263232925e-05,1.713970142037966e-06,7.083564045017444e-07,4.49744052030562e-06,2.6063367162546284e-06,1.0402389866617955e-05,8.159287901369785e-07,1.4878824623726376e-06,2.5699581719952162e-06,2.3075969159753703e-05,3.210479687964627e-06,2.92008716691806e-06,3.751269604837635e-06,1.1262242972916428e-06,4.438355331870374e-06,2.0630022870935026e-06,1.0868268366723814e-06,3.246212149892616e-05,2.18064117715347e-05,2.1971428190505676e-06,2.816441153753074e-06,2.5360766723021066e-05,4.44417920967411e-06,4.761546755505533e-06,1.5281802470514336e-06,1.5546244564714847e-06,2.2795133203315597e-05,4.191528733394209e-06,1.0057065723041673e-06,1.2418884626131595e-05,8.619406654212545e-06,2.2100877254037176e-06,2.5626615919933453e-06,4.3088694093019256e-06,1.1487384876179995e-05,2.346467341277848e-06,6.230311789839717e-05,0.00010398656602168353,2.5879707935080515e-06,2.866050302813789e-06,1.2964428957068135e-06,2.9354958034167786e-06,2.6455765667610164e-06,9.912693679747947e-05,2.6831257040298895e-06,4.7555774336488865e-05,8.905216834751257e-06,2.698427822811322e-05,2.7635741886346336e-06,2.7790646314775804e-06,2.432413627637185e-05,2.2042320505120255e-06,1.961674736917176e-06,2.9440929592205846e-06,1.8844632314026075e-06,2.1877847308843826e-05,1.5628008616726944e-05,3.1686379274141365e-06,2.943888210934104e-06,1.4349944120650454e-06,1.923914688430843e-06,8.910811323787317e-06,8.983740173322524e-07,6.013829479002544e-06,1.3659231998836384e-06,2.511809895781234e-06
PWY-5840,3.3762183300935935e-07,6.198680791138026e-07,5.50963746454045e-07,1.2241705656342487e-06,4.357058109588738e-07,1.5280058694749013e-06,7.779322097676566e-07,5.242096474461757e-07,5.8238477173565865e-05,2.5889453803665854e-07,1.6010970799928573e-07,2.5900323222579716e-05,8.864538504474145e-07,4.1421550107654944e-07,1.0379933413010249e-06,5.647916616832661e-07,3.879759774309668e-07,7.812691658441664e-07,5.720858246008059e-07,6.423343467965032e-06,8.49497915005772e-07,6.545281779219687e-07,2.6226070955916247e-06,6.506638688903774e-07,6.529226244629724e-07,3.417653897090259e-07,2.846742338453074e-06,1.9850592149271404e-05,4.890463929226348e-07,0.00010958140002788498,2.2389809488603022e-07,9.920392439322552e-07,7.496832084455725e-07,5.071569196699407e-07,2.689394038427702e-07,6.417434472123926e-07,4.037978437501597e-05,8.143517686122751e-07,6.718551984752575e-05,8.085000733327297e-07,1.3972458373183434e-05,4.781483075691484e-07,1.6079375367885183e-06,6.333160860881088e-05,4.772284531752532e-06,2.729825252367671e-07,5.684219184103569e-07,3.323350643973489e-07,3.357887419626018e-07,4.1807270731704026e-07,4.86422139956419e-07,5.033164788384318e-07,4.824739089999295e-05,2.8193632640063563e-07,9.205082632252021e-06,0.0001016820864402044,1.2471664236510754e-06,2.9904193912379494e-05,6.690806529036851e-07,1.1841498240798186e-06,4.1205234381619154e-07,3.3117182849046345e-07,2.6145596809076278e-05,3.285346499275242e-07,2.1413104073035274e-06,3.262207254638688e-05,7.995894163463671e-07,3.015159192333825e-07,1.353803867473177e-06,1.0396223579457244e-06,1.191314982768083e-06,2.5341897760366e-07,3.5511901297990755e-05,1.2116486223082666e-06,2.0957319040630843e-06,7.408760216939801e-05,2.1137936292199466e-06,7.650910896105116e-07,4.176821996771936e-05,8.567595472321084e-07,4.967063482861648e-07,1.1900175456212701e-06,5.556182367933804e-07,7.119634018768728e-07,7.597453046116101e-07,1.4091011360443387e-06,6.290295120141452e-07,4.7401889043705593e-07,6.093061986226877e-07,1.1382713291806927e-06,9.168199793647656e-05,1.2137960759787262e-06,3.9710002834245904e-07,8.797135262159931e-07,1.0130032654516e-06,1.3526804620656606e-06,5.627862306773055e-07,5.192796193933443e-07,9.083601243455079e-07,1.3056367941512966e-05,4.4273228118456807e-07,2.102199397285146e-06,7.113622894008097e-07,5.303803187315146e-07,2.334410317907697e-07,6.894597202662937e-07,6.754322439627093e-07,3.087815898356003e-05,1.753717771778784e-05,4.976724485204548e-07,2.851498941413257e-07,1.1426665071274224e-05,8.323122709683187e-07,7.863527499549852e-07,1.0152224928027574e-06,5.861276648680223e-07,1.2696997796105212e-05,5.328201697468029e-07,3.6502504557458597e-07,7.622527518685019e-06,9.995833083590714e-07,8.745225704667322e-07,1.1355776656819333e-06,1.5955964550700805e-06,6.767270559190112e-06,8.571281994842618e-07,1.983337793286448e-05,8.917099309567898e-05,5.228177457059645e-07,5.860798453277116e-07,9.050516393256334e-07,3.962684962989336e-07,6.022851528417542e-07,8.324329603443335e-05,6.487953810926391e-07,4.540722942351664e-05,4.423631546155652e-07,1.1298883138126567e-05,9.62732410226452e-07,3.2333359697290336e-07,1.8764743132866138e-05,5.65004278732776e-07,5.037559642234287e-07,8.063806070234329e-07,5.258546114497169e-07,9.3736005684247e-06,2.6992823493637727e-06,1.153156256894289e-06,7.734609385358995e-07,6.772224371591075e-07,7.702174510615925e-07,7.717095800588349e-07,4.509342828891818e-07,1.0119543571230814e-06,5.154036606570821e-07,1.029328319592635e-06
PWY-5845,3.3762183300935935e-07,6.198680791138026e-07,5.50963746454045e-07,1.2241705656342487e-06,4.357058109588738e-07,1.5280058694749013e-06,7.779322097676566e-07,5.242096474461757e-07,5.8238477173565865e-05,2.5889453803665854e-07,1.6010970799928573e-07,2.5900323222579716e-05,8.864538504474145e-07,4.1421550107654944e-07,1.0379933413010249e-06,5.647916616832661e-07,3.879759774309668e-07,7.812691658441664e-07,5.720858246008059e-07,6.423343467965032e-06,8.49497915005772e-07,6.545281779219687e-07,2.6226070955916247e-06,6.506638688903774e-07,6.529226244629724e-07,3.417653897090259e-07,2.846742338453074e-06,1.9850592149271404e-05,4.890463929226348e-07,0.00010958140002788498,2.2389809488603022e-07,9.920392439322552e-07,7.496832084455725e-07,5.071569196699407e-07,2.689394038427702e-07,6.417434472123926e-07,4.037978437501597e-05,8.143517686122751e-07,6.718551984752575e-05,8.085000733327297e-07,1.3972458373183434e-05,4.781483075691484e-07,1.6079375367885183e-06,6.333160860881088e-05,4.772284531752532e-06,2.729825252367671e-07,5.684219184103569e-07,3.323350643973489e-07,3.357887419626018e-07,4.1807270731704026e-07,4.86422139956419e-07,5.033164788384318e-07,4.824739089999295e-05,2.8193632640063563e-07,9.205082632252021e-06,0.0001016820864402044,1.2471664236510754e-06,2.9904193912379494e-05,6.690806529036851e-07,1.1841498240798186e-06,4.1205234381619154e-07,3.3117182849046345e-07,2.6145596809076278e-05,3.285346499275242e-07,2.1413104073035274e-06,3.262207254638688e-05,7.995894163463671e-07,3.015159192333825e-07,1.353803867473177e-06,1.0396223579457244e-06,1.191314982768083e-06,2.5341897760366e-07,3.5511901297990755e-05,1.2116486223082666e-06,2.0957319040630843e-06,7.408760216939801e-05,2.1137936292199466e-06,7.650910896105116e-07,4.176821996771936e-05,8.567595472321084e-07,4.967063482861648e-07,1.1900175456212701e-06,5.556182367933804e-07,7.119634018768728e-07,7.597453046116101e-07,1.4091011360443387e-06,6.290295120141452e-07,4.7401889043705593e-07,6.093061986226877e-07,1.1382713291806927e-06,9.168199793647656e-05,1.2137960759787262e-06,3.9710002834245904e-07,8.797135262159931e-07,1.0130032654516e-06,1.3526804620656606e-06,5.627862306773055e-07,5.192796193933443e-07,9.083601243455079e-07,1.3056367941512966e-05,4.4273228118456807e-07,2.102199397285146e-06,7.113622894008097e-07,5.303803187315146e-07,2.334410317907697e-07,6.894597202662937e-07,6.754322439627093e-07,3.087815898356003e-05,1.753717771778784e-05,4.976724485204548e-07,2.851498941413257e-07,1.1426665071274224e-05,8.323122709683187e-07,7.863527499549852e-07,1.0152224928027574e-06,5.861276648680223e-07,1.2696997796105212e-05,5.328201697468029e-07,3.6502504557458597e-07,7.622527518685019e-06,9.995833083590714e-07,8.745225704667322e-07,1.1355776656819333e-06,1.5955964550700805e-06,6.767270559190112e-06,8.571281994842618e-07,1.983337793286448e-05,8.917099309567898e-05,5.228177457059645e-07,5.860798453277116e-07,9.050516393256334e-07,3.962684962989336e-07,6.022851528417542e-07,8.324329603443335e-05,6.487953810926391e-07,4.540722942351664e-05,4.423631546155652e-07,1.1298883138126567e-05,9.62732410226452e-07,3.2333359697290336e-07,1.8764743132866138e-05,5.65004278732776e-07,5.037559642234287e-07,8.063806070234329e-07,5.258546114497169e-07,9.3736005684247e-06,2.6992823493637727e-06,1.153156256894289e-06,7.734609385358995e-07,6.772224371591075e-07,7.702174510615925e-07,7.717095800588349e-07,4.509342828891818e-07,1.0119543571230814e-06,5.154036606570821e-07,1.029328319592635e-06
PWY-5850,3.3762183300935935e-07,6.198680791138026e-07,5.50963746454045e-07,1.2241705656342487e-06,4.357058109588738e-07,1.5280058694749013e-06,7.779322097676566e-07,5.242096474461757e-07,5.8238477173565865e-05,2.5889453803665854e-07,1.6010970799928573e-07,2.5900323222579716e-05,8.864538504474145e-07,4.1421550107654944e-07,1.0379933413010249e-06,5.647916616832661e-07,3.879759774309668e-07,7.812691658441664e-07,5.720858246008059e-07,6.423343467965032e-06,8.49497915005772e-07,6.545281779219687e-07,2.6226070955916247e-06,6.506638688903774e-07,6.529226244629724e-07,3.417653897090259e-07,2.846742338453074e-06,1.9850592149271404e-05,4.890463929226348e-07,0.00010958140002788498,2.2389809488603022e-07,9.920392439322552e-07,7.496832084455725e-07,5.071569196699407e-07,2.689394038427702e-07,6.417434472123926e-07,4.037978437501597e-05,8.143517686122751e-07,6.718551984752575e-05,8.085000733327297e-07,1.3972458373183434e-05,4.781483075691484e-07,1.6079375367885183e-06,6.333160860881088e-05,4.772284531752532e-06,2.729825252367671e-07,5.684219184103569e-07,3.323350643973489e-07,3.357887419626018e-07,4.1807270731704026e-07,4.86422139956419e-07,5.033164788384318e-07,4.824739089999295e-05,2.8193632640063563e-07,9.205082632252021e-06,0.0001016820864402044,1.2471664236510754e-06,2.9904193912379494e-05,6.690806529036851e-07,1.1841498240798186e-06,4.1205234381619154e-07,3.3117182849046345e-07,2.6145596809076278e-05,3.285346499275242e-07,2.1413104073035274e-06,3.262207254638688e-05,7.995894163463671e-07,3.015159192333825e-07,1.353803867473177e-06,1.0396223579457244e-06,1.191314982768083e-06,2.5341897760366e-07,3.5511901297990755e-05,1.2116486223082666e-06,2.0957319040630843e-06,7.408760216939801e-05,2.1137936292199466e-06,7.650910896105116e-07,4.176821996771936e-05,8.567595472321084e-07,4.967063482861648e-07,1.1900175456212701e-06,5.556182367933804e-07,7.119634018768728e-07,7.597453046116101e-07,1.4091011360443387e-06,6.290295120141452e-07,4.7401889043705593e-07,6.093061986226877e-07,1.1382713291806927e-06,9.168199793647656e-05,1.2137960759787262e-06,3.9710002834245904e-07,8.797135262159931e-07,1.0130032654516e-06,1.3526804620656606e-06,5.627862306773055e-07,5.192796193933443e-07,9.083601243455079e-07,1.3056367941512966e-05,4.4273228118456807e-07,2.102199397285146e-06,7.113622894008097e-07,5.303803187315146e-07,2.334410317907697e-07,6.894597202662937e-07,6.754322439627093e-07,3.087815898356003e-05,1.753717771778784e-05,4.976724485204548e-07,2.851498941413257e-07,1.1426665071274224e-05,8.323122709683187e-07,7.863527499549852e-07,1.0152224928027574e-06,5.861276648680223e-07,1.2696997796105212e-05,5.328201697468029e-07,3.6502504557458597e-07,7.622527518685019e-06,9.995833083590714e-07,8.745225704667322e-07,1.1355776656819333e-06,1.5955964550700805e-06,6.767270559190112e-06,8.571281994842618e-07,1.983337793286448e-05,8.917099309567898e-05,5.228177457059645e-07,5.860798453277116e-07,9.050516393256334e-07,3.962684962989336e-07,6.022851528417542e-07,8.324329603443335e-05,6.487953810926391e-07,4.540722942351664e-05,4.423631546155652e-07,1.1298883138126567e-05,9.62732410226452e-07,3.2333359697290336e-07,1.8764743132866138e-05,5.65004278732776e-07,5.037559642234287e-07,8.063806070234329e-07,5.258546114497169e-07,9.3736005684247e-06,2.6992823493637727e-06,1.153156256894289e-06,7.734609385358995e-07,6.772224371591075e-07,7.702174510615925e-07,7.717095800588349e-07,4.509342828891818e-07,1.0119543571230814e-06,5.154036606570821e-07,1.029328319592635e-06
PWY-5860,2.2849348723801398e-07,4.160339495136105e-07,3.6877521747657013e-07,8.200624794887069e-07,2.954891097663227e-07,1.0450896012570758e-06,5.289199911506432e-07,3.583426602942479e-07,5.9129738243568086e-05,1.7309293645167146e-07,1.0683855238388594e-07,2.092056357138046e-05,5.939188594379647e-07,2.7719767684507387e-07,6.990921689672555e-07,3.7798726997451824e-07,2.5980286491682036e-07,5.291120861268459e-07,3.840060835208503e-07,4.435605817662491e-06,5.850465961126757e-07,4.5166494489029515e-07,1.796931727019779e-06,4.3698655227665984e-07,4.401412659959607e-07,2.2900048001440588e-07,1.955583924666681e-06,1.525438347891363e-05,3.279403410317248e-07,9.827749582671994e-05,1.495701569774841e-07,6.68390388523591e-07,5.049985795567263e-07,3.397442980843921e-07,1.7948698285677783e-07,4.313423132585297e-07,3.0657622513768515e-05,5.457961535487969e-07,5.723547415934108e-05,5.41641311660118e-07,1.0470009068123342e-05,3.2353503689118014e-07,1.0902109801340893e-06,6.030783292480718e-05,4.073956836929166e-06,1.824943382428748e-07,3.8062769521494376e-07,2.22326813427936e-07,2.242856362325173e-07,2.798736066802841e-07,3.2594950897512407e-07,3.4400412458059586e-07,4.129537405375611e-05,1.8828097320271274e-07,7.279997197930424e-06,8.213028692695953e-05,8.469589322028607e-07,3.0497074583195823e-05,4.495376366545542e-07,8.047489231535122e-07,2.75390006711442e-07,2.2117859866693894e-07,2.0803133936634282e-05,2.198867383134994e-07,1.440287318921027e-06,2.4822826562622733e-05,5.386688368043062e-07,2.013708674226797e-07,9.233276329208525e-07,6.962538424294328e-07,8.007976052385246e-07,1.6926106308984702e-07,2.8223932289080117e-05,8.185630478121183e-07,1.4179761854432351e-06,7.898963164977908e-05,1.4209038983839933e-06,5.200661318040574e-07,3.216830876023259e-05,6.008572462087323e-07,3.382712169826607e-07,8.031769124937353e-07,3.7300208715894215e-07,4.818533450487753e-07,5.083560277123697e-07,9.576455989692293e-07,4.230838434468133e-07,3.1728484341897673e-07,4.100367490886614e-07,7.745174618322907e-07,7.820992557184388e-05,8.185254808463121e-07,2.6728012343197957e-07,5.915421401988871e-07,6.778754851711458e-07,9.166752158793875e-07,3.7688882696723223e-07,3.4943422698866544e-07,6.105084981892478e-07,9.567130676708185e-06,2.967235536300745e-07,1.4397757158784581e-06,4.788760525362795e-07,3.553753783403619e-07,1.5708948411705714e-07,4.620351628495393e-07,4.542410110490243e-07,3.103447699901189e-05,1.3359478686389762e-05,3.351112046649999e-07,1.9110214482707598e-07,7.899262075970653e-06,5.668863871174302e-07,5.27358669169823e-07,6.805894515783293e-07,3.919099431888278e-07,9.103785249041993e-06,3.6384837669959273e-07,2.4557884376947664e-07,5.343402348039883e-06,6.711674693725868e-07,5.876803129737959e-07,7.910452429098784e-07,1.073587544298696e-06,4.741296903892409e-06,5.744335475060605e-07,1.4048589124822364e-05,8.280191454287586e-05,3.5018523445498847e-07,3.930877384335482e-07,6.094717822002671e-07,2.6504982900819247e-07,4.0273913300154027e-07,6.569668582941868e-05,4.3384957300505925e-07,4.6014682806853014e-05,2.9592188745638716e-07,8.481409882732294e-06,6.442115867352593e-07,2.1569985554143279e-07,1.3757318574639495e-05,3.784160930084524e-07,3.3738046483956043e-07,5.386592423941624e-07,3.5163387071229514e-07,6.480107387340741e-06,1.88302908638433e-06,7.758751410093921e-07,5.167759056919323e-07,4.5489606501064064e-07,5.175877831976842e-07,5.169134429469327e-07,3.0194276756051695e-07,6.795252865231038e-07,3.450199904886564e-07,6.920496783269858e-07
PWY-5861,7.446829593050992e-07,1.4223979280805438e-06,6.970021936501596e-07,2.199092640774715e-06,6.722484791960325e-07,1.3548990425046962e-06,1.553303622249688e-06,7.985687921576345e-07,6.62964436985625e-05,8.10802287673777e-07,1.6738779429743134e-06,2.6745539390590087e-05,1.631315081012318e-06,2.443086092294392e-06,1.9533640897645576e-06,1.5324579517549598e-06,1.7387604884888814e-06,1.2803299571794052e-06,6.617109009252526e-07,6.286268180599044e-06,1.2904131659319077e-06,1.768871017075399e-06,1.1832822768137244e-05,7.035437601926016e-07,1.5170446466957416e-06,1.371642754749508e-06,1.088263333986461e-05,1.6746589582102634e-05,1.3117602216230826e-06,0.00010469948809696016,7.805542662041858e-07,1.1061341931854576e-06,8.942750000586366e-07,1.023679164598514e-06,1.3730789430419218e-06,2.274341140381902e-06,4.603739925540689e-05,1.7629075626206037e-06,7.18296264866271e-05,1.0508078044050026e-06,1.580938483885154e-05,5.522680743558913e-07,1.646660033907357e-06,6.0532114326477195e-05,5.8467963017412204e-06,8.68499291127763e-07,1.2823493338195526e-06,7.577302949478931e-07,1.2353403105521958e-06,2.0623412320560175e-06,6.369130101907884e-07,4.875358947364542e-06,4.685840563804985e-05,1.4596911077390682e-06,1.0010103568598305e-05,8.41511376074174e-05,2.4587364513662634e-06,3.8788507488590954e-05,2.1566497198886916e-06,1.5540446781150204e-06,1.4150397728873185e-06,1.8965249689384614e-06,2.2363127939727174e-05,2.0305074486013347e-06,2.5156833434721033e-06,3.32741277308028e-05,2.12408205260707e-06,9.78095347940763e-07,3.5600057024488075e-06,1.8203321395472038e-06,1.9529270080843307e-06,8.941834073935441e-07,4.359875569283056e-05,2.209021183537268e-06,3.210911048150428e-06,8.550567601381923e-05,5.196542142752792e-06,1.221132369507184e-06,4.164232179402547e-05,1.1318577350668044e-06,1.8336226794582526e-06,2.040560320610865e-06,8.966902143014578e-07,4.818533450487753e-07,7.883852388614958e-07,2.143806353395461e-06,1.1060241997178986e-06,1.0283648305361478e-06,1.6174796719489272e-06,1.9125440093757076e-06,8.685117120754834e-05,1.1613353284534202e-06,4.804030684781209e-07,3.135591033201278e-06,1.7544717808260346e-06,7.924733485667016e-06,5.475288924924759e-07,1.019060593446164e-06,1.75340626337756e-06,1.8301354043199448e-05,2.2256439813415005e-06,2.0214372769308434e-06,2.6353415383071495e-06,7.589265303222803e-07,3.595105987650161e-06,1.397006056613469e-06,7.348407563389929e-07,3.349870146044295e-05,1.7209407988025207e-05,1.5319607268233304e-06,1.9802002044798446e-06,1.835917340564791e-05,3.3407515932848634e-06,3.2924469105864968e-06,1.0273632619880465e-06,1.0446041524891437e-06,1.738834823370737e-05,3.4357944281460047e-06,6.876663236962812e-07,8.997227417625103e-06,6.12213517010445e-06,1.5035561274736978e-06,1.8919130238571177e-06,2.9456100699998053e-06,8.344759822430489e-06,1.587114359383641e-06,5.094948245804178e-05,0.00010330213583600811,1.7662614930889955e-06,1.968692187547028e-06,8.768752562844585e-07,2.005816290114388e-06,1.787417582830864e-06,8.107596364359181e-05,1.8115323721002881e-06,4.940780439206144e-05,6.376266661748628e-06,2.45480910877129e-05,1.8622145391922285e-06,1.8634112296831986e-06,1.8376076186522855e-05,1.4964331620468333e-06,1.3314989339510962e-06,1.9770964055762645e-06,1.2700827512452399e-06,1.5909115078309217e-05,1.4017872503763423e-05,2.166946083155765e-06,1.9791407052548464e-06,9.721243127645892e-07,1.3085617298765555e-06,6.283052560613683e-06,6.041777481037642e-07,4.188299464414818e-06,9.206399672870678e-07,1.7096912229247654e-06
PWY-5862,2.2849348723801398e-07,4.160339495136105e-07,3.6877521747657013e-07,8.200624794887069e-07,2.954891097663227e-07,1.0450896012570758e-06,5.289199911506432e-07,3.583426602942479e-07,5.9129738243568086e-05,1.7309293645167146e-07,1.0683855238388594e-07,2.092056357138046e-05,5.939188594379647e-07,2.7719767684507387e-07,6.990921689672555e-07,3.7798726997451824e-07,2.5980286491682036e-07,5.291120861268459e-07,3.840060835208503e-07,4.435605817662491e-06,5.850465961126757e-07,4.5166494489029515e-07,1.796931727019779e-06,4.3698655227665984e-07,4.401412659959607e-07,2.2900048001440588e-07,1.955583924666681e-06,1.525438347891363e-05,3.279403410317248e-07,9.827749582671994e-05,1.495701569774841e-07,6.68390388523591e-07,5.049985795567263e-07,3.397442980843921e-07,1.7948698285677783e-07,4.313423132585297e-07,3.0657622513768515e-05,5.457961535487969e-07,5.723547415934108e-05,5.41641311660118e-07,1.0470009068123342e-05,3.2353503689118014e-07,1.0902109801340893e-06,6.030783292480718e-05,4.073956836929166e-06,1.824943382428748e-07,3.8062769521494376e-07,2.22326813427936e-07,2.242856362325173e-07,2.798736066802841e-07,3.2594950897512407e-07,3.4400412458059586e-07,4.129537405375611e-05,1.8828097320271274e-07,7.279997197930424e-06,8.213028692695953e-05,8.469589322028607e-07,3.0497074583195823e-05,4.495376366545542e-07,8.047489231535122e-07,2.75390006711442e-07,2.2117859866693894e-07,2.0803133936634282e-05,2.198867383134994e-07,1.440287318921027e-06,2.4822826562622733e-05,5.386688368043062e-07,2.013708674226797e-07,9.233276329208525e-07,6.962538424294328e-07,8.007976052385246e-07,1.6926106308984702e-07,2.8223932289080117e-05,8.185630478121183e-07,1.4179761854432351e-06,7.898963164977908e-05,1.4209038983839933e-06,5.200661318040574e-07,3.216830876023259e-05,6.008572462087323e-07,3.382712169826607e-07,8.031769124937353e-07,3.7300208715894215e-07,4.818533450487753e-07,5.083560277123697e-07,9.576455989692293e-07,4.230838434468133e-07,3.1728484341897673e-07,4.100367490886614e-07,7.745174618322907e-07,7.820992557184388e-05,8.185254808463121e-07,2.6728012343197957e-07,5.915421401988871e-07,6.778754851711458e-07,9.166752158793875e-07,3.7688882696723223e-07,3.4943422698866544e-07,6.105084981892478e-07,9.567130676708185e-06,2.967235536300745e-07,1.4397757158784581e-06,4.788760525362795e-07,3.553753783403619e-07,1.5708948411705714e-07,4.620351628495393e-07,4.542410110490243e-07,3.103447699901189e-05,1.3359478686389762e-05,3.351112046649999e-07,1.9110214482707598e-07,7.899262075970653e-06,5.668863871174302e-07,5.27358669169823e-07,6.805894515783293e-07,3.919099431888278e-07,9.103785249041993e-06,3.6384837669959273e-07,2.4557884376947664e-07,5.343402348039883e-06,6.711674693725868e-07,5.876803129737959e-07,7.910452429098784e-07,1.073587544298696e-06,4.741296903892409e-06,5.744335475060605e-07,1.4048589124822364e-05,8.280191454287586e-05,3.5018523445498847e-07,3.930877384335482e-07,6.094717822002671e-07,2.6504982900819247e-07,4.0273913300154027e-07,6.569668582941868e-05,4.3384957300505925e-07,4.6014682806853014e-05,2.9592188745638716e-07,8.481409882732294e-06,6.442115867352593e-07,2.1569985554143279e-07,1.3757318574639495e-05,3.784160930084524e-07,3.3738046483956043e-07,5.386592423941624e-07,3.5163387071229514e-07,6.480107387340741e-06,1.88302908638433e-06,7.758751410093921e-07,5.167759056919323e-07,4.5489606501064064e-07,5.175877831976842e-07,5.169134429469327e-07,3.0194276756051695e-07,6.795252865231038e-07,3.450199904886564e-07,6.920496783269858e-07
PWY-5896,3.3762183300935935e-07,6.198680791138026e-07,5.50963746454045e-07,1.2241705656342487e-06,4.357058109588738e-07,1.5280058694749013e-06,7.779322097676566e-07,5.242096474461757e-07,5.8238477173565865e-05,2.5889453803665854e-07,1.6010970799928573e-07,2.5900323222579716e-05,8.864538504474145e-07,4.1421550107654944e-07,1.0379933413010249e-06,5.647916616832661e-07,3.879759774309668e-07,7.812691658441664e-07,5.720858246008059e-07,6.423343467965032e-06,8.49497915005772e-07,6.545281779219687e-07,2.6226070955916247e-06,6.506638688903774e-07,6.529226244629724e-07,3.417653897090259e-07,2.846742338453074e-06,1.9850592149271404e-05,4.890463929226348e-07,0.00010958140002788498,2.2389809488603022e-07,9.920392439322552e-07,7.496832084455725e-07,5.071569196699407e-07,2.689394038427702e-07,6.417434472123926e-07,4.037978437501597e-05,8.143517686122751e-07,6.718551984752575e-05,8.085000733327297e-07,1.3972458373183434e-05,4.781483075691484e-07,1.6079375367885183e-06,6.333160860881088e-05,4.772284531752532e-06,2.729825252367671e-07,5.684219184103569e-07,3.323350643973489e-07,3.357887419626018e-07,4.1807270731704026e-07,4.86422139956419e-07,5.033164788384318e-07,4.824739089999295e-05,2.8193632640063563e-07,9.205082632252021e-06,0.0001016820864402044,1.2471664236510754e-06,2.9904193912379494e-05,6.690806529036851e-07,1.1841498240798186e-06,4.1205234381619154e-07,3.3117182849046345e-07,2.6145596809076278e-05,3.285346499275242e-07,2.1413104073035274e-06,3.262207254638688e-05,7.995894163463671e-07,3.015159192333825e-07,1.353803867473177e-06,1.0396223579457244e-06,1.191314982768083e-06,2.5341897760366e-07,3.5511901297990755e-05,1.2116486223082666e-06,2.0957319040630843e-06,7.408760216939801e-05,2.1137936292199466e-06,7.650910896105116e-07,4.176821996771936e-05,8.567595472321084e-07,4.967063482861648e-07,1.1900175456212701e-06,5.556182367933804e-07,7.119634018768728e-07,7.597453046116101e-07,1.4091011360443387e-06,6.290295120141452e-07,4.7401889043705593e-07,6.093061986226877e-07,1.1382713291806927e-06,9.168199793647656e-05,1.2137960759787262e-06,3.9710002834245904e-07,8.797135262159931e-07,1.0130032654516e-06,1.3526804620656606e-06,5.627862306773055e-07,5.192796193933443e-07,9.083601243455079e-07,1.3056367941512966e-05,4.4273228118456807e-07,2.102199397285146e-06,7.113622894008097e-07,5.303803187315146e-07,2.334410317907697e-07,6.894597202662937e-07,6.754322439627093e-07,3.087815898356003e-05,1.753717771778784e-05,4.976724485204548e-07,2.851498941413257e-07,1.1426665071274224e-05,8.323122709683187e-07,7.863527499549852e-07,1.0152224928027574e-06,5.861276648680223e-07,1.2696997796105212e-05,5.328201697468029e-07,3.6502504557458597e-07,7.622527518685019e-06,9.995833083590714e-07,8.745225704667322e-07,1.1355776656819333e-06,1.5955964550700805e-06,6.767270559190112e-06,8.571281994842618e-07,1.983337793286448e-05,8.917099309567898e-05,5.228177457059645e-07,5.860798453277116e-07,9.050516393256334e-07,3.962684962989336e-07,6.022851528417542e-07,8.324329603443335e-05,6.487953810926391e-07,4.540722942351664e-05,4.423631546155652e-07,1.1298883138126567e-05,9.62732410226452e-07,3.2333359697290336e-07,1.8764743132866138e-05,5.65004278732776e-07,5.037559642234287e-07,8.063806070234329e-07,5.258546114497169e-07,9.3736005684247e-06,2.6992823493637727e-06,1.153156256894289e-06,7.734609385358995e-07,6.772224371591075e-07,7.702174510615925e-07,7.717095800588349e-07,4.509342828891818e-07,1.0119543571230814e-06,5.154036606570821e-07,1.029328319592635e-06
PWY-5897,9.574555151540643e-07,1.9021143056199227e-06,9.417438324923938e-07,3.200747633126847e-06,8.835705231133197e-07,4.589575766753741e-06,2.1928831509612256e-06,2.5264722401204455e-06,6.27561693033728e-05,1.103519994234798e-06,2.21399741078677e-06,3.073820341220717e-05,2.2825801460481074e-06,3.642336690357623e-06,3.8043295211934432e-06,2.159102021993976e-06,2.835125455515911e-06,6.247365158293836e-06,8.92026026578453e-07,8.146758249427926e-06,1.7028602985412918e-06,2.4395969546899105e-06,1.4117447088706293e-05,9.528444843758655e-07,2.089664612156315e-06,1.8808743221839587e-06,1.3625436317160779e-05,2.0734130018627546e-05,1.6961074987049498e-06,0.00011286955750005795,1.1081436396284072e-06,1.6417819697096415e-06,5.2176368993343704e-06,1.4410106771923971e-06,7.303510269960946e-06,2.9271960591684205e-06,5.512122893541994e-05,2.3359241130722405e-06,7.907492779066665e-05,1.4847037143135058e-06,1.9666998383074558e-05,7.516432025245816e-07,2.3306013774062747e-06,6.780126899616059e-05,5.907765464123578e-06,1.1875680889148675e-06,1.776805975635708e-06,1.0702469450712984e-06,1.7582913731135724e-06,1.3270039010658666e-05,8.618152509163274e-07,7.038430344229052e-06,5.171542969343571e-05,2.045588304664072e-06,1.475091913843671e-05,0.0001034755089200629,3.281460435945811e-06,3.3994068417083536e-05,3.150436861218943e-06,2.0061257306604533e-06,2.028479611173389e-06,3.7030396204646786e-06,2.7190772360065477e-05,5.958417663511463e-06,3.4785116452583455e-06,4.643551454480828e-05,2.9483639161084795e-06,1.3952534216880588e-06,4.7452184643202885e-06,2.3998961844374707e-06,2.530090624671498e-06,1.172586507073896e-06,4.948919375454044e-05,2.82653425986609e-06,4.180722930041331e-06,7.735536709193814e-05,6.772844054979514e-06,1.6318574002767907e-06,5.131556508193923e-05,1.48803135989859e-06,2.4623049273874404e-06,2.6569033636180473e-06,5.021506402676533e-06,5.247080848303359e-06,1.0915763125433806e-06,2.7364474665776546e-06,3.5392412883049304e-06,1.4024801845344814e-06,2.244522371145464e-06,4.1575960982016945e-06,9.93657390320914e-05,1.5363335449621821e-06,6.397189948720679e-07,9.460993008054034e-06,1.0616307109735301e-05,1.037446189147593e-05,7.390063966936693e-07,4.9640406124520934e-06,2.8714607117032197e-06,2.2980871434755384e-05,2.9288838758729984e-06,6.962944709335264e-06,6.178312432986007e-06,1.0265957608151423e-06,5.235659010173689e-06,1.931554375087033e-06,1.0041153500772348e-06,3.191760208238342e-05,2.1261560849015256e-05,2.0934411091187825e-06,6.168849884273331e-06,2.7589906100707475e-05,1.890306092741757e-05,4.940204721381929e-06,1.3435749167775004e-06,1.822561490981463e-06,2.2459222699736933e-05,4.742638242592987e-06,9.937351356885495e-07,1.2369900838700025e-05,8.322264288676108e-06,2.10793368254665e-06,2.3194599793575883e-06,4.133388437129159e-06,1.0363851295444389e-05,2.222791555692648e-06,6.15849269155289e-05,0.00010508566268519387,2.305516442566341e-06,2.688529653411107e-06,1.1688143047256342e-06,7.005108577689898e-06,2.6078825026568955e-06,9.648694097045722e-05,2.3693253978330413e-06,4.779577845470389e-05,8.222607950634664e-06,2.6123086931028853e-05,2.5468674919750057e-06,2.4405823764566473e-06,2.4826369454522757e-05,1.9657561830581914e-06,1.7428778377959984e-06,2.5824036459310976e-06,1.6681669058818918e-06,1.9684378922775173e-05,1.5265955018589672e-05,2.835906945243403e-06,2.5926041706449928e-06,1.2796113494883863e-06,1.7144335114539882e-06,9.34251877670067e-06,8.000779853880988e-07,6.013874531567907e-06,1.2221833497680666e-06,2.2404481874525517e-06
PWY-5898,9.574555151540643e-07,1.9021143056199227e-06,9.417438324923938e-07,3.200747633126847e-06,8.835705231133197e-07,4.589575766753741e-06,2.1928831509612256e-06,2.5264722401204455e-06,6.27561693033728e-05,1.103519994234798e-06,2.21399741078677e-06,3.073820341220717e-05,2.2825801460481074e-06,3.642336690357623e-06,3.8043295211934432e-06,2.159102021993976e-06,2.835125455515911e-06,6.247365158293836e-06,8.92026026578453e-07,8.146758249427926e-06,1.7028602985412918e-06,2.4395969546899105e-06,1.4117447088706293e-05,9.528444843758655e-07,2.089664612156315e-06,1.8808743221839587e-06,1.3625436317160779e-05,2.0734130018627546e-05,1.6961074987049498e-06,0.00011286955750005795,1.1081436396284072e-06,1.6417819697096415e-06,5.2176368993343704e-06,1.4410106771923971e-06,7.303510269960946e-06,2.9271960591684205e-06,5.512122893541994e-05,2.3359241130722405e-06,7.907492779066665e-05,1.4847037143135058e-06,1.9666998383074558e-05,7.516432025245816e-07,2.3306013774062747e-06,6.780126899616059e-05,5.907765464123578e-06,1.1875680889148675e-06,1.776805975635708e-06,1.0702469450712984e-06,1.7582913731135724e-06,1.3270039010658666e-05,8.618152509163274e-07,7.038430344229052e-06,5.171542969343571e-05,2.045588304664072e-06,1.475091913843671e-05,0.0001034755089200629,3.281460435945811e-06,3.3994068417083536e-05,3.150436861218943e-06,2.0061257306604533e-06,2.028479611173389e-06,3.7030396204646786e-06,2.7190772360065477e-05,5.958417663511463e-06,3.4785116452583455e-06,4.643551454480828e-05,2.9483639161084795e-06,1.3952534216880588e-06,4.7452184643202885e-06,2.3998961844374707e-06,2.530090624671498e-06,1.172586507073896e-06,4.948919375454044e-05,2.82653425986609e-06,4.180722930041331e-06,7.735536709193814e-05,6.772844054979514e-06,1.6318574002767907e-06,5.131556508193923e-05,1.48803135989859e-06,2.4623049273874404e-06,2.6569033636180473e-06,5.021506402676533e-06,5.247080848303359e-06,1.0915763125433806e-06,2.7364474665776546e-06,3.5392412883049304e-06,1.4024801845344814e-06,2.244522371145464e-06,4.1575960982016945e-06,9.93657390320914e-05,1.5363335449621821e-06,6.397189948720679e-07,9.460993008054034e-06,1.0616307109735301e-05,1.037446189147593e-05,7.390063966936693e-07,4.9640406124520934e-06,2.8714607117032197e-06,2.2980871434755384e-05,2.9288838758729984e-06,6.962944709335264e-06,6.178312432986007e-06,1.0265957608151423e-06,5.235659010173689e-06,1.931554375087033e-06,1.0041153500772348e-06,3.191760208238342e-05,2.1261560849015256e-05,2.0934411091187825e-06,6.168849884273331e-06,2.7589906100707475e-05,1.890306092741757e-05,4.940204721381929e-06,1.3435749167775004e-06,1.822561490981463e-06,2.2459222699736933e-05,4.742638242592987e-06,9.937351356885495e-07,1.2369900838700025e-05,8.322264288676108e-06,2.10793368254665e-06,2.3194599793575883e-06,4.133388437129159e-06,1.0363851295444389e-05,2.222791555692648e-06,6.15849269155289e-05,0.00010508566268519387,2.305516442566341e-06,2.688529653411107e-06,1.1688143047256342e-06,7.005108577689898e-06,2.6078825026568955e-06,9.648694097045722e-05,2.3693253978330413e-06,4.779577845470389e-05,8.222607950634664e-06,2.6123086931028853e-05,2.5468674919750057e-06,2.4405823764566473e-06,2.4826369454522757e-05,1.9657561830581914e-06,1.7428778377959984e-06,2.5824036459310976e-06,1.6681669058818918e-06,1.9684378922775173e-05,1.5265955018589672e-05,2.835906945243403e-06,2.5926041706449928e-06,1.2796113494883863e-06,1.7144335114539882e-06,9.34251877670067e-06,8.000779853880988e-07,6.013874531567907e-06,1.2221833497680666e-06,2.2404481874525517e-06
PWY-5899,9.574555151540643e-07,1.9021143056199227e-06,9.417438324923938e-07,3.200747633126847e-06,8.835705231133197e-07,4.589575766753741e-06,2.1928831509612256e-06,2.5264722401204455e-06,6.27561693033728e-05,1.103519994234798e-06,2.21399741078677e-06,3.073820341220717e-05,2.2825801460481074e-06,3.642336690357623e-06,3.8043295211934432e-06,2.159102021993976e-06,2.835125455515911e-06,6.247365158293836e-06,8.92026026578453e-07,8.146758249427926e-06,1.7028602985412918e-06,2.4395969546899105e-06,1.4117447088706293e-05,9.528444843758655e-07,2.089664612156315e-06,1.8808743221839587e-06,1.3625436317160779e-05,2.0734130018627546e-05,1.6961074987049498e-06,0.00011286955750005795,1.1081436396284072e-06,1.6417819697096415e-06,5.2176368993343704e-06,1.4410106771923971e-06,7.303510269960946e-06,2.9271960591684205e-06,5.512122893541994e-05,2.3359241130722405e-06,7.907492779066665e-05,1.4847037143135058e-06,1.9666998383074558e-05,7.516432025245816e-07,2.3306013774062747e-06,6.780126899616059e-05,5.907765464123578e-06,1.1875680889148675e-06,1.776805975635708e-06,1.0702469450712984e-06,1.7582913731135724e-06,1.3270039010658666e-05,8.618152509163274e-07,7.038430344229052e-06,5.171542969343571e-05,2.045588304664072e-06,1.475091913843671e-05,0.0001034755089200629,3.281460435945811e-06,3.3994068417083536e-05,3.150436861218943e-06,2.0061257306604533e-06,2.028479611173389e-06,3.7030396204646786e-06,2.7190772360065477e-05,5.958417663511463e-06,3.4785116452583455e-06,4.643551454480828e-05,2.9483639161084795e-06,1.3952534216880588e-06,4.7452184643202885e-06,2.3998961844374707e-06,2.530090624671498e-06,1.172586507073896e-06,4.948919375454044e-05,2.82653425986609e-06,4.180722930041331e-06,7.735536709193814e-05,6.772844054979514e-06,1.6318574002767907e-06,5.131556508193923e-05,1.48803135989859e-06,2.4623049273874404e-06,2.6569033636180473e-06,5.021506402676533e-06,5.247080848303359e-06,1.0915763125433806e-06,2.7364474665776546e-06,3.5392412883049304e-06,1.4024801845344814e-06,2.244522371145464e-06,4.1575960982016945e-06,9.93657390320914e-05,1.5363335449621821e-06,6.397189948720679e-07,9.460993008054034e-06,1.0616307109735301e-05,1.037446189147593e-05,7.390063966936693e-07,4.9640406124520934e-06,2.8714607117032197e-06,2.2980871434755384e-05,2.9288838758729984e-06,6.962944709335264e-06,6.178312432986007e-06,1.0265957608151423e-06,5.235659010173689e-06,1.931554375087033e-06,1.0041153500772348e-06,3.191760208238342e-05,2.1261560849015256e-05,2.0934411091187825e-06,6.168849884273331e-06,2.7589906100707475e-05,1.890306092741757e-05,4.940204721381929e-06,1.3435749167775004e-06,1.822561490981463e-06,2.2459222699736933e-05,4.742638242592987e-06,9.937351356885495e-07,1.2369900838700025e-05,8.322264288676108e-06,2.10793368254665e-06,2.3194599793575883e-06,4.133388437129159e-06,1.0363851295444389e-05,2.222791555692648e-06,6.15849269155289e-05,0.00010508566268519387,2.305516442566341e-06,2.688529653411107e-06,1.1688143047256342e-06,7.005108577689898e-06,2.6078825026568955e-06,9.648694097045722e-05,2.3693253978330413e-06,4.779577845470389e-05,8.222607950634664e-06,2.6123086931028853e-05,2.5468674919750057e-06,2.4405823764566473e-06,2.4826369454522757e-05,1.9657561830581914e-06,1.7428778377959984e-06,2.5824036459310976e-06,1.6681669058818918e-06,1.9684378922775173e-05,1.5265955018589672e-05,2.835906945243403e-06,2.5926041706449928e-06,1.2796113494883863e-06,1.7144335114539882e-06,9.34251877670067e-06,8.000779853880988e-07,6.013874531567907e-06,1.2221833497680666e-06,2.2404481874525517e-06
NONMEVIPP-PWY,0.0001080871980634988,0.00010416191385349337,0.00011980142780009487,0.00011638684238674499,0.000147463990736428,0.00018954126549070762,0.0001761112450814677,0.00017429082611730888,0.0001789102416809661,9.842509010889977e-05,5.655393166922191e-05,0.00016174432093518453,7.908383665779586e-05,0.00016234470341498544,0.00020537529410033265,0.00016528464257668153,0.00017087448645925624,0.0001591279067754785,0.00013019528698265595,7.021180659987573e-05,9.465836521743385e-05,0.00013626398239890308,8.971711261360877e-05,8.072869828206177e-05,9.434574969472739e-05,0.0001650836513625829,0.00017486602012492172,0.00015031478049124403,0.00014595628734470162,0.0001274945545610408,0.00014722603118576776,0.00014376974875294297,0.00018817405997807507,0.00016319123080561301,0.00016170515503783343,0.00010781556106627723,9.178986404704662e-05,0.00016886593722927642,0.0001152587127400953,0.00013530805940153507,0.00010405216453763685,0.00013195213603057806,0.00011357804839082625,0.00012487365084797394,0.00013701375712108136,0.00018542332240298055,0.00010344411386164064,0.00015919038839096059,9.933521457157617e-05,0.0002095939411525441,0.00016985026043638322,0.0001154085309097025,0.0001559756023958153,9.750604786012238e-05,0.00010665446413538083,0.00015434012392680856,0.00017931489614001782,0.00021131452366785332,0.0001967243577150377,0.0001345169449401529,7.213667476109248e-05,0.00020542174145697217,0.00011872718315105148,0.0001608401620261232,6.883629415850206e-05,8.467536165428928e-05,0.00017347400173010313,0.00018604058697321415,0.00015020529352800582,0.0001146822792592323,8.959557319905968e-05,9.240214653872769e-05,0.00011414404406133359,6.150160433740853e-05,3.98289854681409e-05,0.00014284134630008423,9.786398639737325e-05,7.413414241031147e-05,9.20502472473227e-05,0.00022292458417414249,0.0001476821577705996,9.16223873877894e-05,0.00016803496365826339,0.00020345553307100892,9.942192995565916e-05,6.589653398669805e-05,0.0002394766799265739,0.0001245539481507612,0.0001144085887725842,0.0002576000482693273,0.0001269165768811253,0.00016256822404952164,0.00013751875763096374,0.0001603639170659483,0.00016688247241763613,5.604761263395117e-05,0.0001300368305878829,0.0001720859900746245,0.00016002640249344527,0.00010939731440999366,0.0001664999879476745,0.00020423334914946477,0.00013193738729143535,0.00012827161867261702,0.00010961054874005984,6.894295209209378e-05,0.00011637819104166017,0.00016633160563373108,0.00016071998196426847,7.608930532057576e-05,0.0002601343475577281,0.00018481785887272803,0.0001896698995313106,0.0001280661213553527,0.0001142469161961469,0.00017295658833537593,0.00015193867108436476,0.00010432465998308373,0.00015584083229236407,9.375857284749431e-05,0.00015221034433873112,8.42478566594979e-05,5.7630005606875704e-05,0.00012593441290291752,0.00010622369220931922,6.615921433003645e-05,0.00015085603144306215,0.00010627115548946446,9.014902498124803e-05,7.283171122161091e-05,7.348072917326508e-05,0.00012800693517755018,9.896974192443143e-05,0.00011957227912134076,0.00011395607007868856,0.00014321365657623465,0.0001512832522046986,9.093426797182279e-05,9.47711781073776e-05,0.00015123438033705879,0.00015038198000652745,0.00013137472162037656,0.00013659338543199436,0.00014394167599955955,0.00010852850421119205,0.00012578114706287335,0.00010768017709274405,0.00010001433206922469,0.00011951290193934538,0.00010617956087229711,9.602399106997661e-05,0.00010582663679081684,0.00010928448270777819,0.00016556328972577305,0.00011384056817751234,5.845162767694673e-05
PWY-5121,1.6520706355972974e-05,2.0797965616731574e-05,1.1588630109686816e-05,4.741193845169584e-05,1.9555913873119084e-05,1.3665267205061097e-05,3.405720504743234e-05,1.3835964629152674e-05,2.8705488008914793e-05,3.620915259971402e-05,1.6917900452195535e-05,2.1541091096594297e-05,4.277766008893931e-05,1.8746389994426442e-05,1.654281645912629e-05,1.0371085091698434e-05,2.264108661221981e-05,2.157014202128981e-05,1.7681476060290393e-05,2.2912603114710646e-05,1.6954702747459184e-05,1.582687211475534e-05,4.097086403943503e-05,2.2213309826145912e-05,2.2021954294758004e-05,1.8732002992162175e-05,2.3931427637838696e-05,4.50780541773409e-05,4.327823978799734e-05,2.6178680681349124e-05,1.3462186346986425e-05,3.808218785608819e-05,2.5738369726832737e-05,2.1721652795017275e-05,5.429762729067926e-05,2.5490336584813808e-05,7.162044023454608e-05,1.2706225623656526e-05,8.884651989589104e-05,4.042715724522099e-05,2.492668313107566e-05,2.5691865149578278e-05,3.1836752481928864e-05,1.9216083941466645e-05,1.5554978052680634e-05,4.278082994516815e-05,3.671167080587199e-05,1.8354252977905152e-05,2.6167414611319898e-05,3.4655179672489695e-05,1.6430507771294135e-05,4.84420199673944e-05,8.754521869432579e-06,3.421865256178459e-05,2.003450835294591e-05,1.8004032221805142e-05,2.9527374051981738e-05,1.1746252988483907e-05,5.248930638164661e-05,6.359669416277136e-05,2.3935551558898584e-05,1.4111148691948717e-05,2.5380187779925e-05,1.1842972333215335e-05,4.273393154097533e-05,2.1158152739320178e-05,1.989060040401491e-05,1.9855973186717158e-05,2.582900037497629e-05,3.1117764047852405e-05,4.196784614194125e-05,2.678032088063065e-05,2.9609734590067998e-05,4.1993231566161526e-05,2.9184039185787574e-05,4.2215905850629934e-05,4.941014827953579e-05,2.9831298329805022e-05,4.500363134484886e-05,1.466664797004782e-05,2.817270313644768e-05,3.989378550961599e-05,1.7026838861583335e-05,1.951628828867051e-05,2.5949220960033522e-05,1.6756372109061148e-05,1.419848642783245e-05,3.9275827400532046e-05,2.5077151076476013e-05,2.3416213328104196e-05,3.091660696634216e-05,2.7052790677016086e-05,1.0466485567584423e-05,3.872445048388974e-05,5.556441614492507e-05,2.2635414654946944e-05,2.8044398382740013e-05,2.115078584666215e-05,1.1263955395953018e-05,2.1550069374953758e-05,2.4360848140749822e-05,6.140748868048943e-05,1.4456065746610459e-05,4.1547297764872526e-05,3.67627329654161e-05,2.8014219561180323e-05,1.8765244938633657e-05,2.0342334962082864e-05,1.9382682043915904e-05,4.361111137451133e-05,3.4612197665345965e-05,5.509673051417736e-05,1.817069269152019e-05,2.6510480460182993e-05,3.559517159160492e-05,4.677001177692659e-05,2.1921263518465955e-05,1.9940011220011006e-05,1.6835474237050147e-05,3.8190592294468874e-05,2.4360059804241167e-05,2.0115461400199304e-05,2.078846782767629e-05,3.8756879350858974e-05,3.838528368416132e-05,2.0032496938837252e-05,3.357543650157465e-05,1.2534277896829188e-05,5.008916740337587e-05,1.800122810750546e-05,3.060501258662702e-05,1.944918262292511e-05,4.6791339224526886e-05,4.78940279321003e-05,4.1716218042245986e-05,2.1851578490294172e-05,1.4076505174701694e-05,3.235024364941655e-05,2.185062124179603e-05,7.096488480089213e-05,5.790937432663398e-05,5.3549850355968066e-05,1.1241289381899853e-05,0.00014302120542838555,4.234139004394931e-05,0.00010137035824655705,1.5273237602954433e-05,1.7322516093672285e-05,3.0570871378781116e-05,2.2325041381191897e-05,3.278576889229773e-05,3.191989451865072e-05,3.1061974409999336e-05,5.171886442308319e-05,1.8113208831286828e-05,3.9766868233451665e-05
PWY-6270,8.762452996925172e-05,6.71169811351324e-05,8.041654323979173e-05,7.868399059728337e-05,7.934134423473829e-05,0.00013073758027470084,0.00016138663207231508,0.00014188511320383383,0.00010998092284970077,8.897978263613676e-05,3.324283186903763e-05,6.390474978797076e-05,6.197313271135183e-05,0.0001411979504854606,0.0001662427447704018,0.00010080763348226821,0.00014681375814912375,0.00014423218482458657,5.786596069184285e-05,5.4806022629490455e-05,5.656319488155349e-05,0.00010474288660013114,6.85179263992468e-05,6.190404968812756e-05,7.26254350549484e-05,6.273347792697193e-05,0.00014745466881916782,0.00011539802127369646,0.00012986140249500667,8.00526364995668e-05,0.00013600034422494756,0.00013254438737302283,0.00016953780036183295,9.963350196458361e-05,0.00013786563642537516,3.831162627441759e-05,8.769278477166589e-05,0.00011401100469477752,8.800736072761295e-05,6.596140148839647e-05,7.196398987081532e-05,0.00011394651426750682,5.2107981324632754e-05,9.959586640661533e-05,0.00010602998416688087,0.0001340451699228276,7.274768075044427e-05,0.00010425795826571056,7.249329948496673e-05,0.00016980946049493652,0.00013144467149761712,0.00010236610700280264,0.0001442533588291063,8.516741929556221e-05,4.120801586677541e-05,7.954515180623433e-05,0.00016912085215741335,0.00018915597195180315,0.00017497789288102174,0.00012252830059185995,4.151378343274252e-05,0.0001569970191606058,4.757390839240584e-05,0.0001373628625288071,6.21434620058404e-05,5.025874112137631e-05,0.00012450600915575407,0.00014814206384682245,9.164173926387441e-05,6.465108294201865e-05,6.139127978749791e-05,5.508150078449279e-05,9.901042469459042e-05,5.192330842016054e-05,2.5491721955282585e-05,0.0001119388571197981,5.2452645560156525e-05,4.161109223923879e-05,5.661832853829213e-05,0.00013973775030275937,0.0001153612135174054,7.437408221242218e-05,0.00015310763174928942,0.00016537728412942962,8.449538234077419e-05,5.7425375798689185e-05,0.0002076119818820416,7.827774245249996e-05,5.4650729501389845e-05,7.784633876821754e-05,7.996265618272598e-05,7.321433053986872e-05,8.665788136405129e-05,0.0001358636911599984,0.00015058223423282025,3.176298157522717e-05,9.937986317374456e-05,0.00014835669740101713,0.00013734823254881693,6.797949506440159e-05,7.610436722123609e-05,0.0001898250263707454,0.00011676176839066798,0.00011217087667821652,7.530730210398186e-05,4.305199341734489e-05,7.926539075724196e-05,0.00010188135632741084,0.00011331120198376499,6.421691310406152e-05,0.00015318638660487887,0.00011265986695476646,0.0001331078860726045,7.83080070837863e-05,4.8398800550144696e-05,9.965799094864157e-05,0.00014591651371510597,9.267358741472134e-05,0.00012933328000079133,7.563530187680937e-05,0.00010963553073240817,6.585924975458658e-05,3.2340291668833866e-05,0.00010507628110960744,5.985956906941673e-05,5.8053890442633454e-05,0.0001133806445707067,7.616853051394252e-05,7.378970785462017e-05,6.673841713106257e-05,5.456569135318233e-05,8.232831185498245e-05,6.802803281529809e-05,6.587995012793394e-05,6.43890119611486e-05,0.0001239253365404595,0.00011240861307514471,7.999601494033914e-05,2.611045627614412e-05,4.435522478087397e-05,0.00010514701826946713,7.162903267125119e-05,9.088109114214528e-05,6.516412492735762e-05,6.772019312087751e-05,6.575648803137646e-05,7.83326880434652e-05,4.240642254607461e-05,5.77878370513724e-05,5.9646298903774485e-05,5.730886383191672e-05,5.3686697432043704e-05,7.522395445575253e-05,0.0001393425249385619,7.596911436746678e-05,5.177524221900257e-05
PWY-7392,5.564330056569768e-06,1.4804974933206796e-05,6.947833181010245e-06,1.8436705404687852e-05,5.4680442078734756e-06,4.310958452502541e-06,9.729003494334728e-06,4.6296741020184825e-06,7.995593744057237e-06,5.039966196211533e-06,1.248173000187069e-05,7.486671523839347e-06,1.898431063669755e-05,5.0045849068444135e-06,8.469535005291156e-06,6.348363576163518e-06,5.4124507759309766e-06,6.592926748031826e-06,1.2393453819597776e-05,1.9643264575877345e-05,1.1901851541231844e-05,5.362143986864735e-06,1.800920941361438e-05,1.572399669136378e-05,1.5941738996896007e-05,1.2740732999079607e-05,4.7511397503905285e-06,1.3221347501275742e-05,1.825595407751381e-05,1.7416930103254568e-05,8.2433122395632e-06,3.0274898290586902e-05,6.123559557658361e-06,6.717907904095404e-06,1.2240507752266638e-05,1.568639417463277e-05,6.68503610533753e-05,9.326089532773065e-06,7.221199613762885e-05,1.8359555164743226e-05,1.986870864002212e-05,2.1861308555314128e-05,1.7448077443923358e-05,1.3300006771138952e-05,6.349215489085639e-06,2.3834155564103475e-05,9.7988685582554e-06,1.2420279342491534e-05,1.6829614347001694e-05,1.1181887755024827e-05,5.126794971315666e-06,1.9498517469787413e-05,6.251241389558476e-06,1.7672030614173712e-05,7.5432534728587475e-06,7.051016351985616e-06,9.545447981281668e-06,5.602314476860167e-06,3.4212385428064224e-05,2.8425966090420607e-05,1.4511807234232567e-05,7.650608016040396e-06,2.1831875676407103e-05,3.236902729134777e-06,9.628721141201135e-06,1.5112233658014922e-05,6.53253203193717e-06,1.1469331442436666e-05,6.592931191279312e-06,2.725615702561942e-05,3.744419706382904e-05,2.1329927666261467e-05,2.3530519883481022e-05,3.540842656238044e-05,2.0075349247172137e-05,7.934973822125902e-06,3.459877737569697e-05,1.7262153795861753e-05,3.668257014026614e-05,6.174427680082662e-06,2.035222316727188e-05,3.431293058777398e-05,4.492603707669696e-06,4.541173172224653e-06,1.6256701313855234e-05,1.3058246619403128e-05,9.398018856528249e-06,1.7757215518948607e-05,1.6438264705642165e-05,5.1136519983689485e-06,1.8040904571242302e-05,2.2098202268856176e-05,4.955993504729504e-06,2.24598773689636e-05,9.92735178358509e-06,1.5320826072802955e-05,1.8585224433684564e-05,4.498761264964647e-06,5.5526089551247235e-06,1.7890330274496862e-05,7.721834854346735e-06,1.2933161881810833e-05,5.891020745740958e-06,2.2337011907207892e-05,1.7552536934179302e-05,1.577325757351554e-05,1.0916440379666622e-05,1.5213139606765604e-05,1.4420840180618926e-05,1.8883243455868104e-05,5.888341008280897e-06,2.624483177261933e-05,8.711134102294385e-06,2.1305498039970478e-05,2.7828819772316045e-05,2.123275874516172e-05,9.590330324316885e-06,1.4006795319198228e-05,6.48751803669586e-06,7.321069794515402e-06,4.888254527265043e-06,1.512828541635473e-05,1.8163660035047775e-05,1.8481706718200367e-05,3.356859754350207e-05,1.1366950699429197e-05,1.138116498359738e-05,9.014170444997297e-06,3.8353992279892094e-05,1.3191884598804434e-05,1.633760749170972e-05,5.294525466918355e-06,1.918475434704993e-05,2.323995163524534e-05,3.5423637960086786e-05,1.2361016311085186e-05,9.593050345541143e-06,1.7889707319082256e-05,1.4841606466697771e-05,3.030465934362891e-05,3.7502732226834376e-05,4.386399879794298e-05,7.086614867885194e-06,5.5592615730685174e-05,3.788960351528127e-05,5.286353294482681e-05,3.817934263181478e-06,1.3884264401496341e-05,2.627728458491943e-05,1.5942200824484603e-05,2.9264853860617963e-05,2.0692173267152343e-05,2.3741459528584904e-05,2.018668566722799e-05,1.2411790492628658e-05,1.7599761337119588e-05
PWY-7560,8.551832395400737e-05,6.428345222968861e-05,8.11006229280012e-05,7.337909124730594e-05,7.604118571726761e-05,0.00012756821050722303,0.00016669499119929473,0.0001402119807201009,0.00011071355054481119,9.388604750962228e-05,3.230413911646079e-05,5.953257980843972e-05,5.8062378079229823e-05,0.00014308386028165604,0.00016482668904255142,9.777321444669597e-05,0.00014506914247140946,0.000144811534296784,5.52559478344256e-05,5.4373689847789586e-05,5.4622864827132494e-05,0.00010511319891007464,6.751608488592545e-05,6.152776184176094e-05,7.330854516271071e-05,5.826562099542068e-05,0.00014522060888453851,0.00011149073854665625,0.00013100059297352766,0.0001274945545610408,0.000133651837471558,0.00013175364530478234,0.00016702839660519934,9.57376175619139e-05,0.00014041873415123612,3.6743114485756904e-05,8.965458941504991e-05,0.00011176726800230559,8.511817677366083e-05,6.134021941666503e-05,7.52664510780843e-05,0.00011310322851682653,4.8632777552725214e-05,0.00010687502086095578,0.00010389143560550383,0.0001276845796136049,7.10153351509233e-05,9.894369399313877e-05,6.887270336863611e-05,0.00016888334802142224,0.00012581435346600709,0.00010287390497720898,0.00014907817468992672,8.293078766713259e-05,3.774160693723467e-05,0.00015434012392680856,0.00017683776541010907,0.00019489195195093113,0.00017875768091994267,0.00012881506495753428,4.0774353455241014e-05,0.00015514606612971148,4.4030032049747564e-05,0.000136703859387153,6.20183337534887e-05,8.467536165428928e-05,0.00012084054821917061,0.00014393585934342385,8.737537416630449e-05,6.09442977050237e-05,5.96909310569908e-05,5.4993720194862094e-05,0.0001024449566231354,5.0185187642379046e-05,2.595665322927728e-05,0.00011415233707436019,4.994959592545724e-05,3.955991655521404e-05,5.856005888808696e-05,0.00013249617722268085,0.00011305490482590469,7.369554559553627e-05,0.00015392102513400212,0.0001652402393127718,8.125225542869855e-05,5.920944777483059e-05,0.00020656749464461192,7.579548018582737e-05,5.2268840087519076e-05,7.074522229078889e-05,0.0001269165768811253,6.88874617267831e-05,8.499449024442331e-05,0.00013477957161836613,0.00015120095854701497,2.972539075425593e-05,0.00010022919699531316,0.0001481566919154175,0.00013552320115947801,6.84814005973734e-05,7.19583958643408e-05,0.00019228530462494505,0.00011335814295374205,0.00011194775279207532,7.27998267850128e-05,4.043360256374365e-05,7.771830861728451e-05,0.00010016342814747777,0.00010885128213623314,6.498166469484685e-05,0.00014433477803969314,0.00010691513175745388,0.00013015567793119565,7.602769221663927e-05,4.499607304141283e-05,9.790695035357044e-05,0.00014937942528436845,8.81368566955381e-05,0.00012599061139835252,7.382094577869156e-05,0.00010495618701245853,6.298371955149868e-05,3.142835191888207e-05,0.00010724557151881393,5.534755826635116e-05,5.7024409842071855e-05,0.00011287727338970424,0.00010627115548946446,7.395663334241029e-05,7.160342039176837e-05,5.432946502200349e-05,7.819140133838859e-05,7.240237950765572e-05,0.00011957227912134076,6.068850554735898e-05,0.00012095299319704532,0.00010890923705018903,7.875427891371217e-05,9.47711781073776e-05,4.031019070381659e-05,0.00010552773863682374,6.819547312229062e-05,8.875607422145899e-05,6.016537983258915e-05,6.552494606469646e-05,6.151253616692122e-05,7.7749442688804e-05,3.9620796377694655e-05,5.4449112787308207e-05,5.9731095165247164e-05,5.7385950788162435e-05,5.077856771644917e-05,7.400594353798103e-05,0.0001403592467096388,7.367169362830157e-05,5.141692111003308e-05
PWY-1042,0.00024625734015742214,0.00013841967535857452,0.00022704958604484755,8.39221998889029e-05,0.00024547592284128455,0.00024073146563887934,0.0002490296746408608,0.0002615460290589,0.00021962266594135132,0.00018627550150074695,0.00013726823538057784,0.00018039726561916447,6.597180224627428e-05,0.00020841090745869545,0.00031035294240551556,0.00020884829592605496,0.0002475085270673281,0.0002364569963842696,0.00017563009550021247,0.00010873961603421038,0.00014835641643733938,0.00021092990823658606,6.367090730076832e-05,9.687295301630878e-05,0.00012392274165614557,0.0002184945357934106,0.0002784699719701382,0.00017049383109929357,0.0001962952146338302,0.00022230061589520437,0.0002843331086352258,0.0002034185746421619,0.00026962168236944,0.0002518882735799179,0.0003319722666852485,0.00014883844880131562,0.00016759121283914022,0.00028469700354894737,0.0001942117495502783,0.00010017253007968388,0.00013825850956223075,0.0001937793049292136,0.00015664208806534402,0.0002192230060786922,0.00024781941707344797,0.0002587337146974355,0.00010894825792822881,0.00026361177335851885,0.00017095840897681425,0.00024218416761130304,0.00016168020960127317,0.00019106259220015538,0.0002008694060696787,0.00016688164982302456,0.0001667485563543441,0.00019976594420027775,0.00028769478070906674,0.00023533532286838934,0.0003519753084394583,0.00016357651839605017,0.0001306368706396067,0.00025938077928976247,0.0001792995995620983,0.00022846201622244428,9.528109639151223e-05,0.00012086349050364958,0.00026414610470035097,0.0002464619828459738,0.00018079849483952382,9.544956414282706e-05,0.00014722063805519724,0.00012036526119537592,0.0001755729766484065,0.00017505095911696128,4.86463955123643e-05,0.00019147532948628649,0.00013123536068381707,8.634168975920326e-05,0.0001303585675295107,0.0002914884971809469,0.0002154514301009645,0.0001383642142287789,0.000239969668702614,0.00031676352424029274,0.00014324242454189596,0.00012372766709908736,0.0002950530868946542,0.00012396045587936917,0.0001205119132773909,0.0002198314291233364,0.00021822150180153264,0.0001823247756408096,0.00022647932748730374,0.000254933648466515,0.0002981819921148945,9.22656293010154e-05,0.00018151749251202917,0.00023140332881680972,0.0002449344103507378,9.077476149506797e-05,0.00019716163563050836,0.0004112926317093218,0.0001911793023631151,0.00019198641358655249,0.0001595496793442416,0.00011135647855742356,0.00020636127839929302,0.0002333220048808079,0.00017618845801398029,5.982732557530044e-05,0.00028545737894771075,0.000282707043399876,0.0002610997888892366,0.00013089624362095997,0.00013066271095687603,0.00023110964315794884,0.00022523653929133234,0.00019081678276904656,0.00021338503306197074,8.131109606240131e-05,0.00019530253885279329,0.00010218100734093949,0.0001393699243185076,0.0002165824406759824,0.00017360082788165724,9.561439112182859e-05,0.0002595711989806244,0.00019422423719525527,0.0001325187846243238,7.155555949102521e-05,8.81423659964529e-05,0.00022254701541986948,0.00015524860547548843,0.00020717806364104258,0.00015036684707631217,0.0002223463426070794,0.0002030694013658933,0.0001363392360338695,0.0001542604356599046,9.526297706302055e-05,0.00023645420367155286,0.00018021595199882603,0.00018140544595955538,0.0002236244348697403,0.00017336414352682607,0.00018886520981123238,0.00017123128505616884,8.927796913637416e-05,0.00010733880318007523,0.00011846452553923456,0.00012223897853965855,0.00010889912210371248,8.97194122489971e-05,0.00019305745035490352,0.00012670586837335528,8.317251894008678e-05
PWY-5464,2.612711058981735e-05,0.0,5.255966028181761e-05,8.677868656722724e-05,2.4762406569457484e-05,2.3500269440688506e-05,2.797880721579159e-05,2.0836909397908237e-05,0.00012124451190085984,0.0,0.0,4.377581438359095e-05,3.682006566285881e-05,0.0,0.0,2.1652359941450643e-05,1.8494643953520088e-05,3.292175221195686e-05,1.8490284150003715e-05,2.77277657139574e-05,1.326785791967443e-05,0.0,0.0,0.0,0.0,3.1953807012894536e-05,2.2940709349092483e-05,0.0001258845735740404,0.0,0.00018471238502260816,0.0,0.0,2.4211089114463986e-05,2.024518696505665e-05,3.061480147424498e-05,0.0,0.00010658757749963046,0.0,0.0001191052891269153,1.7210594942819588e-05,3.2942785963773235e-05,2.020121772464893e-05,1.8157906478059853e-05,0.000169860069391087,2.4193286541052154e-05,2.2025416269784423e-05,3.5988490942300514e-05,5.295977659484827e-05,0.0,3.276747344470826e-05,2.648478155705527e-05,2.2504464206289032e-05,0.00010749504679123056,2.638183171958918e-05,3.0481670629905946e-05,0.0002166273696965963,1.8559167976516953e-05,8.546502814197319e-05,0.0,2.3183370723230846e-05,0.0,0.0,0.00010197134473730616,0.0,7.89514636955606e-05,7.69028533132079e-05,2.202813237636129e-05,1.682619217015664e-05,3.922042916726443e-05,5.5965970926202464e-05,4.151222322563678e-05,0.0,0.00012349530409065467,0.0,2.8426578971931438e-05,0.00012586299549029078,6.312655535873901e-05,0.0,7.32142288498301e-05,4.718320257597985e-05,2.5971443123217596e-05,0.0,1.1960319722915288e-05,0.0,7.646861139286048e-05,2.3062328556822686e-05,3.18901918364239e-05,3.608100304129851e-05,2.9199487413942103e-05,5.551525946127956e-05,0.00016543898540831895,5.008170297867315e-05,0.0,4.2722539575268474e-05,0.0,3.133225636439102e-05,0.0,1.685216706129224e-05,0.0,3.503842284625195e-05,3.658545098287401e-05,5.7857529492790086e-05,0.0,2.536148820451645e-05,0.0,2.5588787038119077e-05,3.503804387559314e-05,7.808475504075086e-05,1.8154287621702465e-05,0.0,5.31095178426121e-05,6.628663270378576e-05,7.335784502893406e-05,5.271472184411154e-05,5.166034601093089e-05,3.6675679757101644e-05,6.262315035150113e-05,0.0,2.6960946350584034e-05,0.0,4.3414557035951526e-05,2.4647420777169987e-05,2.190363008815319e-05,6.94053915950681e-05,6.260412977482579e-05,2.6320709794321384e-05,0.0001643303648471503,0.00016230876127413084,1.9648603489781506e-05,1.818135646308487e-05,3.5414630481499416e-05,0.0,0.0,0.00021136635700152366,4.101597816701517e-05,0.00014527414797992742,6.0559720499875434e-05,5.704572477631467e-05,2.470709315528926e-05,4.580124294325307e-05,4.905924827269544e-05,2.4707448036948053e-05,3.845238050744571e-05,4.171677394477065e-05,0.0,6.393547729957376e-05,3.189651925767623e-05,1.744189191443949e-05,0.0,1.8292355174495036e-05,0.0,0.0,1.8479847091225205e-05,2.215111446924697e-05,1.2637152008120134e-05,2.3893036468812707e-05
PWY-5659,5.225945491414362e-05,2.5558409824497436e-05,3.334796076488833e-05,3.9099836445759606e-05,5.704697733616639e-05,5.769945182284486e-05,4.416286737713e-05,2.9584260279143084e-05,7.445727730016254e-05,3.239834607099813e-05,2.8622101499415177e-05,1.379187593036199e-05,3.4762884345414014e-05,2.5306063595266163e-05,6.578343552756142e-05,1.7998215428101935e-05,4.1965056783423906e-05,3.6968796995921946e-05,3.8879929179594356e-05,2.858488791024644e-05,3.5306782863084773e-05,4.1142888103635676e-05,3.4735204351511304e-05,2.51827678584609e-05,3.177582753444792e-05,3.174769895843471e-05,2.8479829646162578e-05,3.207055160896939e-05,2.562795892745871e-05,0.00012949400748595643,4.411418702241201e-05,4.368138452151179e-05,2.2146603632677478e-05,4.413926710991355e-05,3.385545920291278e-05,6.311675978574945e-05,5.265273666377228e-05,5.2587618108655354e-05,5.772332500119545e-05,2.958328345407692e-05,3.914460335148272e-05,5.047410311804213e-05,1.9651967495648316e-05,9.083757363285084e-05,4.771368299471919e-05,1.7887684287184635e-05,3.54338098396577e-05,2.447554136980233e-05,3.336314991104531e-05,4.438010004662409e-05,5.172147760010686e-05,6.277956090592081e-05,7.039739105660234e-05,3.5389393260688096e-05,4.7570102396661266e-05,0.00015896558571261923,8.574453710142381e-05,7.619794467998517e-05,7.066995411787188e-05,3.468653721723516e-05,4.8924926632150244e-05,2.5050037222640706e-05,3.173389979009898e-05,2.0543922686002513e-05,3.260272080785788e-05,4.438072446666332e-05,2.0597718242642424e-05,4.1690516540595326e-05,2.30404017118405e-05,2.5954792980622385e-05,4.738182728574426e-05,3.552017354307928e-05,9.794423560348111e-05,5.608756449739779e-05,3.208182195648561e-05,8.531675578634123e-05,3.181594085665674e-05,2.8335539949712544e-05,6.220886294726986e-05,3.659275445005479e-05,2.826282422596009e-05,2.191026743222935e-05,4.807311183467612e-05,2.94602709317991e-05,2.069229527476088e-05,2.6033580875717006e-05,6.902067646837178e-05,3.082471968252494e-05,5.005538278849129e-05,3.368292999528805e-05,0.00014678011351700767,6.033476300424916e-05,4.1702084835102717e-05,4.037649079125496e-05,5.136954417495454e-05,2.1335118572284883e-05,3.918143398768624e-05,6.238404122992863e-05,6.172216321383014e-05,3.409677282988985e-05,2.664025975944203e-05,6.473767514123789e-05,4.7567503676575633e-05,3.586075437867787e-05,1.1732401367927887e-05,1.2736254146697326e-05,6.138020338356952e-05,3.511161030032743e-05,3.0093846654390952e-05,2.176681619421486e-05,5.82912285441729e-05,3.277355055924427e-05,4.258449510596879e-05,1.2334286353433836e-05,3.943412735981067e-05,2.572452058058962e-05,4.2601508706950575e-05,4.408718617754117e-05,3.132015165231142e-05,1.5010911072177287e-05,4.9218950410600916e-05,1.3963187162074172e-05,5.8143344853920324e-05,7.416539944383785e-05,2.02673497125823e-05,1.7120007122596856e-05,8.770823971260962e-05,0.00012975674496809846,1.2183419397190233e-05,1.9156056703056554e-05,4.43547086406222e-05,2.4874993821461835e-05,4.807506382387024e-05,0.00013715455255996592,3.868555549632959e-05,5.3368990925851046e-05,3.225449102762901e-05,1.7147785867789653e-05,5.3831097727964386e-05,3.805683457461995e-05,4.519693188288978e-05,4.688101264685392e-05,1.7963909495824438e-05,9.949656770864597e-05,4.2141285019923667e-05,5.008523505384331e-05,2.3674971645677342e-05,1.4901192745709598e-05,4.697671586107792e-05,3.087529593371536e-05,2.3412313169934462e-05,2.3921234924201803e-05,3.074962901222923e-05,4.585829053554968e-05,1.224012210429934e-05,4.006207660114062e-05
PWY-7323,2.0610537439516062e-05,1.906358990731816e-05,2.150393627928199e-05,2.5217868014914377e-05,1.998911279245325e-05,2.9241807576487515e-05,1.782966604983915e-05,2.608329800391729e-05,3.831038665121617e-05,1.3721437921804672e-05,1.6550344005977034e-05,1.357735977529674e-05,2.328829832579162e-05,2.398785828566248e-05,3.648401563712118e-05,1.757048057229798e-05,4.044559803905611e-05,2.3990381802414607e-05,3.9750565905433344e-05,2.5219991335049714e-05,3.164318768736766e-05,3.873283746313445e-05,1.7903811078243486e-05,1.3614633947712924e-05,2.081016369918668e-05,1.6766818685308207e-05,1.4128774688515917e-05,1.3055082131902922e-05,1.6469981393041256e-05,0.0001301432518881158,1.3819433169955767e-05,3.1468489966580327e-05,1.234114198795129e-05,1.1792959553662772e-05,3.0373719109804427e-05,1.854799438868825e-05,2.537932924354281e-05,2.703361681858133e-05,1.2502857597064735e-05,2.7641483082100328e-05,2.2531494204739355e-05,1.9319093588616345e-05,1.7584078020648095e-05,7.045846748203904e-05,2.481527793221969e-05,1.4133636913917088e-05,2.0199993433167798e-05,1.9104713772456036e-05,2.6581783097699352e-05,2.7918058292515186e-05,1.932751299964764e-05,4.540642857421616e-05,5.4382468554220294e-05,2.2197841542120285e-05,2.9112791749329325e-05,0.00010126066142665729,7.825520571884023e-05,6.406226345639637e-05,1.8655244162611045e-05,2.8815462341751575e-05,3.400704738881413e-05,2.015676668516079e-05,2.7279701343524087e-05,1.64819175932501e-05,1.2423286720424712e-05,4.11466481692458e-05,1.6715760849958607e-05,3.486407549773651e-05,1.9964573508351405e-05,1.5315804668249663e-05,3.6601385124587444e-05,2.502101781942295e-05,5.951190826206702e-05,4.720826175069343e-05,2.876701790169532e-05,6.971803282777049e-05,2.3238933479883893e-05,1.2055747997259649e-05,3.963714829435893e-05,1.4265880341503334e-05,1.7298532797383096e-05,1.9830050351922225e-05,4.375925080949599e-05,2.0768265208384796e-05,1.834573175751788e-05,1.844659346183497e-05,5.7920500253533084e-05,2.0559049433148968e-05,3.647225355347512e-05,1.9299154306424584e-05,0.00011306712737505161,3.257034770863372e-05,3.857722234691879e-05,1.7894027758579894e-05,5.0800955393135225e-05,9.925164367338988e-06,2.894097824418745e-05,5.546378004929247e-05,3.824175457471159e-05,3.343968703918906e-05,2.5251769399573284e-05,3.313465198096086e-05,3.738030263065148e-05,2.833187522682586e-05,1.0009228949391359e-05,9.389581652235241e-06,1.695264599944165e-05,2.3521675585809555e-05,1.9488527168098752e-05,2.068827630143432e-05,3.0879648511410046e-05,2.578012179490142e-05,3.771943833758806e-05,1.0728284901532861e-05,3.231188016566763e-05,1.3851636383523965e-05,1.1894401668998323e-05,2.9550191908662325e-05,2.1436740567632374e-05,7.378344671296373e-06,2.2206628100505093e-05,1.2954661405767245e-05,2.0255367521497388e-05,3.199196456626631e-05,1.9543914050775118e-05,1.5923814069313556e-05,6.876723249123383e-05,0.000104881970247172,1.189278510003389e-05,1.1954728959783467e-05,1.7592613804931304e-05,1.1772038620950293e-05,9.595840308631447e-06,9.601937932022385e-05,3.670724033331622e-05,1.9086022853519966e-05,3.109112023081856e-05,1.3277635026215469e-05,2.8108129731848473e-05,2.2876366052097856e-05,3.835320049342802e-05,4.035056818146889e-05,1.4114098586322176e-05,2.774025723602232e-05,2.4834741313625543e-05,2.2740267047013184e-05,1.6646221784054093e-05,1.3520365540904802e-05,4.256127222607897e-05,2.638167180356538e-05,2.350529665027929e-05,1.6333902931645706e-05,2.4832659942125987e-05,3.48364050274801e-05,1.1549844356278195e-05,2.3642935870641506e-05
BIOTIN-BIOSYNTHESIS-PWY,2.86211210967043e-05,1.8433585042000828e-05,5.642608562301447e-06,1.237659289377904e-05,6.6868312771272615e-06,4.546905373601666e-06,1.0036847553068127e-05,3.686213128761312e-06,5.7534221314548266e-05,1.425821113354923e-05,1.3958348100681483e-05,1.587504267285447e-05,9.386493266000233e-06,4.629156883785254e-06,1.420746883071834e-05,0.0,4.489019808098351e-06,2.3173352827767104e-05,4.987092505366436e-06,1.7325535155963337e-05,1.6366046828832213e-05,2.419666714570594e-05,1.5544091941298405e-05,0.0,5.6758185262859266e-06,5.516906199165736e-06,2.336805062068825e-05,2.567641267879755e-05,2.695395526471059e-05,0.0001073620077285946,4.58630071632592e-06,5.100808008726218e-06,4.9676421308199455e-06,1.0759963010934197e-05,5.442890007001177e-06,2.0247699395485965e-05,8.434571253356342e-05,1.729351867584454e-05,9.7527756829791e-05,0.0,1.0449588769271363e-05,5.090278775731026e-06,5.900989387880794e-06,7.798538195930092e-05,7.468706378955211e-06,2.2504498637929768e-05,5.710142433896877e-06,4.774197276638201e-06,5.3058121337293716e-06,4.317975475410067e-06,4.678035094854982e-06,5.3500038460945265e-06,6.259218641027243e-05,0.0,9.53750097686834e-06,0.00013021537766414948,5.277700017635675e-06,3.481720000286418e-05,0.0,0.0,4.964348122963248e-06,4.727535109505806e-06,2.6492604664166515e-05,5.3269631816969905e-06,1.1303195067363272e-05,4.601282586173274e-05,6.0139910557469185e-06,5.092488661310211e-06,3.9378069108049634e-05,2.5471327932894863e-05,4.208130314932797e-05,2.7245410294429722e-05,6.039977646664389e-05,4.168976843546453e-05,2.4116108103267953e-05,5.465588866699311e-05,7.096831815323415e-05,0.0,6.244252256194105e-05,2.1290447605471714e-05,9.044032429900926e-06,3.380373659590063e-05,4.7868128653331745e-06,1.892134413139193e-05,5.631656254222767e-06,3.0234993861304767e-05,3.857486924273487e-06,0.0,5.690228607725838e-06,4.108284622384961e-06,9.044385119061521e-05,2.2071413402759917e-05,5.090809306775818e-06,9.274679699907565e-06,1.4849823159538516e-05,0.0,1.9526944914849788e-05,5.277941677958582e-06,4.428480170812214e-06,2.355339709700708e-05,1.3567991521789902e-05,5.303070203576933e-06,7.352660036508459e-06,5.058747024392979e-06,5.423843618973114e-06,0.0,5.130496935043596e-06,6.233941188914089e-05,1.7179463408475993e-05,5.560438355296282e-06,1.663776093900017e-05,2.96745857248425e-05,5.209300793373172e-06,5.721081363739413e-06,4.1422657486166406e-05,4.662820897902137e-06,2.889495041036123e-05,5.328265818280832e-06,1.5180824518682537e-05,2.481598365719628e-05,3.574863440499398e-05,0.0,0.0,3.657740946779066e-05,5.8111266272627136e-05,1.9462269924401052e-05,0.00011533305636719372,0.00010469156077104628,2.1495788956605775e-05,2.2996575674049278e-05,0.0,0.0,6.0681094601606665e-06,0.00012696613669043816,4.44761498971792e-05,7.828825132038888e-05,3.722494482421549e-05,3.442517728489731e-05,1.4281190392162005e-05,7.709858756282797e-05,4.784447708426657e-05,0.0,3.9490285706755925e-05,4.94511796481932e-05,3.7491741368387705e-05,9.165470884107176e-05,2.2259217842277547e-05,2.8159556121302243e-05,7.173175741333304e-05,2.2664492137119517e-05,2.0739877610289693e-05,2.283645146494757e-05,1.3906764790123148e-05,6.183789048816312e-05,3.6071415611574135e-05,0.0
PWY-6588,3.7818920616925236e-06,5.061632836492595e-06,3.920147308299462e-06,3.2748181181578554e-06,3.0997489006734285e-06,2.0982996815531476e-06,5.043057837332349e-06,2.351470801758188e-06,6.6202071781110555e-06,4.1290530618968544e-06,3.9189653013612616e-06,7.430833069405998e-06,4.1335551336295135e-06,3.0540723724730013e-06,4.0822109023527575e-06,3.885202572837691e-06,4.03884853282603e-06,3.326722240371899e-06,4.730902958036499e-06,3.7425488522710344e-06,4.119746398639797e-06,4.017101396947963e-06,3.994220129797631e-06,2.927348487881944e-06,3.1705191503879675e-06,3.920121318709953e-06,1.9827892950816884e-06,3.045753741384143e-06,4.893476101925036e-06,1.4905564867836596e-05,2.454706290969871e-06,4.043862252299014e-06,3.1549215735784946e-06,2.604429859656053e-06,3.0398393184901485e-06,5.167205334902393e-06,4.689530401229382e-06,1.113380024841002e-05,4.457203611326785e-06,5.21931628392299e-06,5.060693278311327e-06,3.800235265282027e-06,5.7783801561098915e-06,4.656397484998321e-06,2.10850897649213e-06,1.8842016682194332e-06,3.801853201506066e-06,4.8886753117726976e-06,3.817138805447324e-06,2.9915536971026214e-06,3.8941481119314375e-06,4.515163570989836e-06,2.2360176720621575e-05,5.198689953072396e-06,3.847987807647288e-06,2.256291170920305e-05,2.7935729667433042e-06,1.5401342589873405e-05,2.239606144324456e-06,4.041096034382883e-06,6.123237930225093e-06,2.819041929790553e-06,9.052328807538137e-06,3.3259382556089626e-06,4.269508838475918e-06,3.1910927019684245e-06,1.8905944528018968e-06,3.3464913979096944e-06,3.57111838832451e-06,9.270391126040768e-06,2.468228169078568e-05,3.866646165917116e-06,2.225736531591131e-06,5.317404629321192e-06,1.1165927750964052e-05,1.2045512325816083e-05,3.5366660925434057e-06,3.2774606545755133e-06,1.1705473488584067e-05,3.1784517725565562e-06,3.8518512665861785e-06,3.50803142838394e-06,2.4602336398822593e-06,2.610103077182596e-06,3.2442048094865715e-06,3.603909154396872e-06,1.7830533932066775e-06,3.753610781667956e-06,2.3736644212974325e-06,3.268653958871899e-06,1.775747042702602e-05,1.814002440362986e-05,7.704366139801826e-06,6.439857455964773e-06,2.4887354510429716e-06,3.523177270054185e-06,3.8013805453281547e-06,8.61209876005855e-06,2.7936543399718387e-06,4.65220919512557e-06,6.63264082645329e-06,3.5350342629362162e-06,1.8923287810153842e-06,8.499064753732845e-06,3.5228240148977927e-06,4.5541082061192636e-06,4.411717453158817e-06,1.0049455614421184e-05,6.9110813048266946e-06,2.7242007787577e-06,3.186360661840066e-06,5.559554417430495e-06,2.841555111752202e-06,9.464839798180084e-06,3.267480203448597e-06,2.694090789275004e-06,3.916852070018428e-06,3.586487453734393e-06,2.765178208344396e-06,7.422251859469998e-06,3.306842761448628e-06,3.285614637083003e-06,5.877539603413585e-06,4.692614556267588e-06,2.5244312137712578e-06,4.998516196601392e-06,3.9488501780584265e-06,1.0127966887429631e-05,2.4776573309830262e-06,3.4501887407723092e-06,3.7392081364743922e-06,3.935308397126495e-06,2.9812751144558976e-06,1.40644876560576e-05,4.351263267462798e-06,8.213767644216508e-06,3.3890214240910894e-06,4.181361136034653e-06,3.0157029932829064e-06,2.3569188086686845e-06,2.5642737110803648e-05,3.5875303213518356e-06,2.8586948945446377e-06,3.213212125020059e-06,3.0187874730548843e-06,3.0930648800522824e-06,3.5796072335170538e-06,3.785238020362779e-06,2.2270855998852665e-06,3.677858906602564e-06,3.485738814031989e-06,3.6417580620155445e-06,2.8485144866821116e-06,2.4663841037714334e-06,4.029881037609444e-06,8.98351484604962e-06
ANAEROFRUCAT-PWY,0.00010152864935107471,7.652226093665657e-05,4.4912799674825456e-05,5.350122719049613e-05,4.417626175049112e-05,8.8883474529146e-05,0.00011013303612231801,8.928802856614286e-05,0.0001465753102242828,1.1862411884602808e-05,4.165191305916566e-05,0.00012297494756919152,5.260654563419486e-05,6.387714356151819e-06,7.238941283211788e-05,4.5693674263702046e-05,8.304481307371191e-05,4.452725493069338e-05,3.3803988838575964e-05,5.829102662285801e-05,5.059992964393947e-05,1.2255495300575592e-05,3.887831862421832e-05,4.61657875495217e-05,3.225871316415144e-05,9.491549041900783e-05,7.512993877349452e-05,0.00012024655247909,5.95243304930586e-05,0.00012469521904315663,6.68389390811661e-05,6.122332907669072e-05,6.973790453174088e-05,5.7938805588685474e-05,3.2669663841293745e-05,5.936422959217717e-05,0.00012125111652532445,2.317027652111956e-05,0.00011766861931545408,3.415910384615642e-05,7.295621268663128e-05,8.98274069552313e-06,3.1315765388553495e-05,0.000154322985823312,2.1619087643410586e-05,0.00011740833648861094,3.407327619740416e-05,9.359269049582612e-05,2.495766096105059e-05,0.0001615129478326606,8.451252982802479e-05,0.0001323725448541582,0.0001486743458669919,5.832855096919621e-05,7.02114692593367e-05,0.00020477280522597795,2.6064638392824474e-05,0.00015281039666679167,2.404815260187789e-05,7.737581579993268e-05,3.463186963601642e-05,1.4673755367000925e-05,0.00011520792154508401,1.471640094789403e-05,6.004525652187301e-05,7.210437729185158e-05,8.586512713536962e-05,8.419842505762703e-05,7.97799345938556e-05,5.021862308451635e-05,3.603652805561651e-05,3.339010935975596e-05,0.00012752854476600866,3.738222527079351e-05,3.2744623489988205e-05,0.0001530253089460751,8.113362889480521e-05,4.6118053850135446e-05,6.181127804680247e-05,0.00015512335650714017,0.00013098019705302247,4.348251605157494e-05,5.375557193241725e-06,1.512021273501194e-05,9.238413713928885e-05,5.409184544910493e-05,0.0001307744671218246,9.860096434906802e-05,4.905796124477613e-05,0.00016413292078188972,0.00014504774058083324,0.00012147880407460569,3.1039198075546625e-05,7.349968498745823e-05,6.731838577650701e-05,4.3091385616657276e-05,1.5842498610824926e-05,3.421863015189418e-05,6.086995878085097e-06,6.934280314956522e-05,0.00014565661917375884,6.955122358668691e-05,1.0909468396242841e-05,5.2457912222354786e-05,2.303398503166733e-05,5.816068600880874e-05,1.875306662912575e-05,0.00011610665703347457,0.00011412909673413155,2.0450249279440008e-05,0.00018555091100752857,9.939619704012901e-05,0.00012030146792063311,5.534048681888868e-05,7.025421294380255e-05,3.4823148231128464e-05,7.748594252428499e-05,5.62886132429012e-06,7.020966608879727e-05,5.42386370931338e-05,5.690352367382015e-05,3.4793978440580114e-05,4.283670501589246e-05,5.66040019756139e-05,9.79609797403633e-05,1.6248773137366154e-05,0.00013897530390230214,0.00012696858750092688,5.4389384315951944e-05,2.061541673064218e-05,5.7933109956263234e-05,3.470351392805732e-05,3.2287635504081614e-05,0.00014363689690241924,5.019136100872818e-05,0.0001558268084637963,6.379634473024713e-05,7.730657651364357e-05,3.0448195475000963e-05,4.113737221881191e-05,0.00010420857903251822,2.2430881397255817e-05,7.455728500426135e-05,2.2504664697415975e-05,7.424572125311347e-05,4.08135770232175e-05,3.6590611887678364e-05,6.635482762715662e-05,7.330473981419665e-05,3.187286400560551e-05,2.7101019820710347e-05,5.7708473211155465e-05,3.8973044009315514e-05,9.564454029529977e-05,3.2206627078856794e-05,5.320002958694805e-05
ANAGLYCOLYSIS-PWY,0.00019362259397053748,0.00013762575274585428,0.00020078114899034575,0.00012409606055912932,0.00023440421341759587,0.00021008779614374663,0.0002175801899720102,0.00020272157526315547,0.00019936956107175063,0.0001603034663903012,0.000120555342049898,0.00017897458911584526,8.53674007650823e-05,0.00018842998906788507,0.00026306478975524213,0.0002066915971663155,0.00022059789233812923,0.00019821490054032303,0.00016677043148656138,0.00010837315989832315,0.0001376515707012394,0.00019184783360057822,8.913247052809968e-05,0.00011152439198831247,0.0001361853837511562,0.00020319396581316946,0.0002053231406524411,0.00023352360906848856,0.0001923746998719492,0.00016395701677385355,0.0002441889430110374,0.00017450406090973897,0.00023035552362155108,0.00021477026280851034,0.00024134767294089812,0.00013978826487135422,0.00013259632407316077,0.0002257039192599888,0.00016857173577252893,0.00011953929983760133,0.00013842133280113535,0.00019906443815923932,0.00017601471964796733,0.00017858434143764953,0.00018830345010362114,0.00022266639476585458,0.00011130397203960716,0.00022889861380665958,0.0001494055821066836,0.0002289226664719666,0.0001836575200089208,0.00018742987594120246,0.00018034209813633955,0.000154388821242416,0.00015095754789047999,0.00021510133127284757,0.00021487868075950584,0.00020804234159268675,0.0002494632574647576,0.00016750737862125165,0.0001269103232646995,0.0002541340469696102,0.00015621616630759086,0.00018297300437792262,0.0001211335361230633,0.00010289757123542469,0.0002106156045087492,0.00021305080728273757,0.00017278965532984653,0.00011762824398908286,0.00012724592544929666,0.00011503952808388511,0.00015883815664173012,0.00014005307161215195,4.844141169952369e-05,0.00017966205559212403,0.00013641378366121166,9.114831442714795e-05,0.00011220977144815721,0.00024037404653933845,0.00019874305330866264,0.00013144206141779127,0.00019362384876139794,0.0002482702474429869,0.00016887454536800028,0.00011160587647903391,0.0002403364110830245,0.00013538972184864957,0.00013136265395587046,0.00024933850901594863,0.00018723847617216623,0.00017882713586918662,0.0001903529505514008,0.00021159414270143268,0.00024763784273136786,8.54287488297141e-05,0.00016651431062262445,0.00019290563159205377,0.00019847814800345832,0.00011548181719241568,0.00018014890287005832,0.0002950616193135432,0.0001584749986007672,0.0001789904724929784,0.00013957352959668298,0.00010215263177553402,0.000155383547506602,0.00018789049880527895,0.00018853506038085872,6.468467142001527e-05,0.0002600117688638487,0.00023692215699761367,0.0002263495148924785,0.00010406248768969362,0.00013732276343021005,0.0002258812158786054,0.0001792143735782438,0.0001673974091128646,0.00018273510827592501,0.00011127384914983571,0.00019984780298415807,8.420574638185652e-05,0.00012937323234710074,0.00018303880188188555,0.00015195273434192016,0.00010789129435357091,0.00021576841055950368,0.0001735091961456454,0.00013261076168774051,9.52692549033845e-05,9.827083570896026e-05,0.00017619757091807614,0.00013109287535383968,0.0001833555722474277,0.0001365153095340832,0.00018205080681669986,0.00017074889193247476,0.0001465051617217027,0.00011555396527528078,0.00013542284389575133,0.00019089784347582102,0.00017136354941667267,0.00015686517696383517,0.00017425712271892642,0.0001438414711490999,0.00017319966607570476,0.00014057620726946359,0.00010422304126511342,0.00012146915499281326,0.00010197605751721584,0.00011269082421439253,0.00010783911661405019,0.00010478506094543179,0.00015720126069405598,0.0001356691383541022,9.781872561091534e-05
GLYCOLYSIS,0.00011521564341818367,8.521784820643603e-05,4.100239286671204e-05,4.8199194690173926e-05,5.648804908150292e-05,8.99196242660707e-05,0.00012415453394092684,0.00010006209859629048,0.0001604405226408479,1.7864199128934716e-05,5.1184902211980746e-05,0.0001352409490137898,6.1034423238103336e-05,9.829936998408993e-06,8.842109931724346e-05,5.3107193770832074e-05,0.00010055263662950214,5.1530203927296744e-05,3.876104712115383e-05,5.81870871758288e-05,4.7890382835489523e-05,1.687003424309933e-05,3.931722632041369e-05,5.3605803842841336e-05,3.8010882584754626e-05,9.821212620949412e-05,9.317763783595185e-05,0.00014268273545010895,7.115910587957328e-05,0.00016456375656511782,8.19909023999282e-05,7.446708202616894e-05,8.823309221404874e-05,6.433923763023597e-05,3.398034372340581e-05,6.109111616794426e-05,0.0001349839789612258,3.166981019951104e-05,0.0001368537070078923,3.583118314387022e-05,8.069644493413759e-05,1.318074847854301e-05,3.9624272216077606e-05,0.00017415187233069487,2.2368229633909937e-05,0.0001252009384320349,3.5019570818231114e-05,0.00010836373311747052,3.34164832589782e-05,0.00017074831286493331,8.299676566809894e-05,0.00014355472790487546,0.0001595209100971175,7.561948188589377e-05,8.350208463565572e-05,0.00021877468446339422,3.196425739609674e-05,0.0001659539253420717,2.808370689567411e-05,8.80504644485559e-05,4.2592419683781205e-05,2.1481513670760915e-05,0.00011551740597044384,1.907186879388232e-05,6.989055483709143e-05,8.85403712096579e-05,9.734964159995596e-05,9.947080321698359e-05,7.978644597053247e-05,4.52030284698532e-05,4.724804669732503e-05,4.037849148956297e-05,0.000146582948257031,3.5620503668992026e-05,3.1504087643806744e-05,0.0001725040369668603,9.360921524403493e-05,5.42702769129189e-05,8.52155772394315e-05,0.0001659284670680445,0.00012993861603864877,4.332824293446172e-05,8.158546129464479e-06,2.0125235630772802e-05,0.00010961651209232722,5.4304314997696384e-05,0.00014009652439638223,0.00010171302632697593,5.500152389691138e-05,0.00017720911038758528,0.00018538316177804515,0.00012893574374596135,3.5338400707065795e-05,9.056951986974722e-05,6.0516986220080646e-05,5.1498783397691234e-05,2.056568676641908e-05,4.4084219968192634e-05,9.137324487190963e-06,8.595828182343153e-05,0.00014654839380749422,7.092282940974107e-05,1.602393608188039e-05,6.037729571748166e-05,2.977594030677578e-05,5.88211280626304e-05,2.775833896161098e-05,0.00011775836876612798,0.00013159809493150856,1.9725711161065958e-05,0.00019276755654026642,0.00011621870780153963,0.00013182231379737757,6.169935654942488e-05,7.030405637520291e-05,3.3797276526545696e-05,8.899162535179104e-05,8.879413273661599e-06,8.237638709376152e-05,4.973313924890612e-05,5.641085608731195e-05,4.3974628946318254e-05,4.620277953192523e-05,6.6978816006916e-05,0.00010651465822817574,2.2996015799289924e-05,0.0001535843283821703,0.00017664092602597684,5.163006700846369e-05,2.758352794461722e-05,6.059186970184525e-05,4.5523313834644386e-05,4.0505763806488224e-05,0.0001800455666417875,6.298283940564346e-05,0.000166141054495116,6.414189842479252e-05,7.573479871291837e-05,3.627487441143567e-05,5.9401613075208367e-05,0.00011827364261263251,1.9807154638940967e-05,7.382501679869752e-05,6.20018243169242e-05,8.086464770466943e-05,3.764767904942433e-05,3.7481581007928417e-05,7.351770245281204e-05,7.675161009321144e-05,4.1896178994542936e-05,2.43990473456342e-05,6.148173596204368e-05,3.8287295527857294e-05,0.00010186361560857187,3.0327202424295976e-05,5.8485571492954e-05
P461-PWY,1.2617816376234414e-05,2.214656988216835e-05,5.837397580455545e-06,5.294572754050943e-06,6.052377762383843e-06,6.144241983086021e-06,6.01086831295144e-06,3.903890389104806e-06,0.00012649363266209354,0.0,7.227354286010303e-06,6.437814337061478e-05,4.086592742780522e-06,0.0,6.461161954368506e-06,3.772279163631756e-06,3.469779820001673e-06,5.87504331453199e-06,5.449644134400561e-06,1.2536839740930678e-05,6.498976775288352e-06,0.0,5.881146419894959e-06,5.7577040402394335e-06,3.768201194297969e-06,8.605208886103372e-06,3.629477694290431e-05,2.664910880998798e-05,3.063492063100215e-06,3.8972234054360154e-05,7.548552561194246e-06,8.832116979340842e-06,8.317322328912183e-06,5.475029976086766e-06,5.670640644973925e-06,4.836516301492289e-06,7.591317179072626e-05,0.0,6.769133991647756e-05,4.474873144744831e-06,1.460464766283438e-05,0.0,0.0,0.00012356909378229247,1.0979261791036299e-05,3.522929278821038e-06,7.134743245325649e-06,1.26397800365941e-05,0.0,1.1389516598164098e-05,1.725840248268392e-05,1.810128458998442e-05,0.00011113830290008679,7.814963395016889e-06,2.7354326801059903e-05,2.3668331729780873e-05,8.682345075049304e-06,8.811679351074562e-05,6.57829664130851e-06,1.274627481994009e-05,1.5066557090382916e-05,0.0,3.15942351730537e-05,0.0,5.543583536280813e-06,3.590572806975191e-05,4.405584669833435e-06,6.158563607543694e-06,5.9794141094535134e-06,8.119838597969186e-06,1.1492595546540339e-05,4.6022664946452025e-06,6.278629021250063e-05,9.400676650817505e-06,5.625032335622538e-06,9.602782870150234e-05,1.291913182487368e-05,4.3269148233865665e-06,1.6903091779590364e-05,6.764991316226024e-06,7.762729084827352e-06,4.506047193374973e-06,0.0,0.0,5.268686911597919e-06,9.946880480226134e-06,2.2944146685700505e-06,4.448173035726802e-06,3.887900697666218e-06,7.568374944454109e-06,9.31628301221458e-05,2.3565326243247202e-05,1.2235521469208918e-05,7.253676941845892e-06,1.5984173123397526e-05,1.8924830417129975e-05,0.0,4.697848605577943e-06,0.0,1.3729757766811969e-05,5.068834141735007e-06,4.136211175349646e-06,0.0,5.932384828113702e-06,0.0,3.918128131715151e-06,0.0,6.414015037173646e-05,1.9748155052379733e-05,4.376000904869724e-06,5.574558162921934e-06,4.2780347784874386e-05,9.51742644041595e-06,6.56491576243152e-06,3.846297393829688e-06,3.500129048378216e-06,2.8319573284972334e-05,0.0,9.614276630002711e-06,2.4504338530871184e-05,2.2370988042057016e-05,3.766692081377887e-06,3.828697389580052e-06,3.6593714358617394e-06,2.3958611135973567e-05,0.0,5.113429076476203e-05,7.009281223168717e-05,3.76872978963067e-06,0.0,4.283922413410816e-06,1.5919087479186527e-05,3.6115705471445583e-06,0.0001263522698816683,4.853546964331072e-06,8.214885652401514e-05,9.18558131421074e-06,1.0158035834853141e-05,5.17531729375094e-06,3.2429172915129725e-06,4.357579093075337e-05,5.3295054532864265e-06,3.5261436385653552e-06,7.380390352740148e-06,7.657853126143517e-06,5.040158511111428e-06,1.5083647901170512e-05,4.002037065995386e-06,4.174938695682426e-06,7.376144369384577e-06,4.051818764008644e-06,3.0071575292723518e-06,2.5884703404078047e-06,9.496701700735173e-06,3.958392049942856e-06,9.46579408979051e-06
PWY-2221,1.7747910618055785e-05,1.743971985873242e-06,5.132838891614136e-07,3.498108295997716e-06,5.359244157636679e-07,5.320726579670832e-07,4.122185613337359e-07,1.397947442317969e-06,7.151980431146197e-05,3.0027858614909794e-06,2.2347892497769226e-05,2.5168581017083577e-05,3.16102513708814e-06,5.345536946285199e-07,1.7981020464815975e-05,4.469240551243148e-07,3.558784927249904e-07,1.1613917888122397e-06,1.1759463273361898e-06,1.823182804834935e-05,1.6797675648092388e-06,1.5033619546346622e-06,1.1925244331841378e-06,1.7843600712491545e-05,1.8710246315533927e-05,1.2076057457425672e-06,5.3980482763221795e-05,2.2097596444707014e-05,1.8621821723024958e-05,7.138649523677459e-05,3.083878462813883e-07,3.016962194553886e-06,1.0898316247850044e-06,1.098525044704215e-06,3.366346471295075e-07,1.7899066313794822e-06,2.5554257288376494e-06,4.3993421267898757e-07,4.6708195788282905e-05,7.055774242081098e-07,2.957247713041582e-06,5.637276297811871e-07,7.813113874726882e-07,8.941850969461254e-05,2.3998859843147795e-06,1.805354094066504e-07,1.845532729247524e-05,4.756102725500698e-07,1.836467926882006e-05,1.031050272185147e-06,1.8061407689083002e-05,6.197146168630097e-07,1.030855297033956e-05,2.9865851596768047e-07,5.069521506647223e-05,5.128194282869562e-06,6.9116883136479324e-06,5.7159761079147986e-05,5.822607076645468e-06,7.42776316715895e-06,1.8123312664196443e-05,3.7941124587265257e-07,3.921549632237304e-06,1.7669785267554246e-05,3.3188983138287974e-06,3.713754632510853e-05,1.1917424199328916e-06,8.613962883299472e-07,2.119190124092515e-06,1.041124803956284e-06,1.8787720574096486e-05,3.1206527724193646e-06,5.724160263496333e-05,3.757629886039275e-06,1.6666612617559006e-05,7.522963362725363e-05,1.818687782194869e-05,3.2395664246704423e-06,3.119942345259115e-05,3.028775694968503e-07,5.026604308786685e-07,3.102662078434249e-06,3.2744810996496064e-07,3.3714173806091053e-07,1.2438781556747953e-06,1.658645247471772e-06,8.157355076744865e-07,1.2830107686895904e-06,4.765649672086091e-07,1.2788135565152086e-06,1.4237028272224833e-05,4.860314294635079e-07,3.6549196561553536e-06,1.79273213625685e-05,1.819136005447466e-05,2.6544815290825647e-05,4.200061878251824e-07,4.5462190162678955e-07,1.0707306230301016e-06,3.1642552624501168e-06,3.869496807572548e-07,3.17067288978549e-07,8.39626145110238e-06,1.5187504061021048e-06,3.835456931035875e-06,1.8147286487752928e-05,3.885981824603453e-06,1.1277966898217168e-05,2.098262360770368e-05,1.7503371211940488e-05,1.1253401542282765e-06,1.1198961202913972e-05,1.2071335087480758e-06,3.1026671469202784e-06,3.1675777307374843e-06,4.690544218142826e-07,3.457400465506488e-05,1.5782953053446613e-06,9.138223913457842e-07,1.8031372907560145e-05,5.1179150855977166e-06,1.786440349751398e-05,3.3781817481579166e-06,1.776822894112534e-05,5.175523297897648e-05,1.8199673818002567e-05,5.086134632992038e-06,3.2015354770573336e-05,1.8479174935277595e-05,1.8147264885790752e-05,1.8155368286652705e-05,1.9424561238520684e-06,1.8004351375735917e-05,7.518532172168509e-06,1.7326477973723758e-05,7.442830478367506e-05,1.2323839393869112e-06,5.774258558262498e-06,2.716457358384798e-05,3.373866885892253e-06,3.676931922661397e-05,1.5272999460102955e-06,1.8063104327414796e-05,2.77902527739218e-06,1.8863005563616174e-06,8.190682489052203e-07,1.83684747110918e-05,1.4955178240191391e-06,1.6268084962088135e-06,1.7888883127919167e-05,3.0861175181078398e-06,1.2242574924753397e-06,8.5430950838773e-06,2.450351589430457e-06,3.7684387611617957e-06,4.905695594286884e-07
PWY-5484,9.509661781304821e-05,6.955545605279264e-05,3.8527792869999045e-05,4.878757943989448e-05,3.739568951564132e-05,7.848216223875609e-05,9.889261779063972e-05,8.064164408506458e-05,0.00014143671727129031,9.865925935873056e-06,3.770197027407599e-05,0.00011614521968897846,4.9568474145167814e-05,5.263573762877541e-06,6.2304590785574e-05,3.945081176407446e-05,7.224244501517581e-05,3.8112065902288445e-05,2.8795991455679025e-05,5.5968180142057396e-05,4.4530062778276564e-05,1.0146170493368373e-05,3.413080237195437e-05,4.102762894696127e-05,2.8390257032344957e-05,8.582544492904566e-05,6.646330085176017e-05,0.00010775865473606386,5.164671922589427e-05,0.0001464818351362428,5.789388079193302e-05,5.278325886305925e-05,6.0299930068779154e-05,5.049565766943178e-05,2.733017919189822e-05,5.295204763049973e-05,0.00013353482631968275,1.9337343922558565e-05,0.00012164244512281717,3.0260631331103046e-05,6.715450206876527e-05,7.415772675964333e-06,2.691275264041267e-05,0.0001554258991109794,1.8120576251707585e-05,0.00010706061201555737,3.0021795067660874e-05,8.244784234310214e-05,2.1173622338665162e-05,0.00014691585106894894,7.599183933525355e-05,0.00012570624563421032,0.0001460338074478715,5.5684338305537986e-05,6.238363200320056e-05,0.00020712233025454215,2.1757209351553456e-05,0.00014551531072865424,1.996758211419692e-05,6.746222661937112e-05,2.99173058699473e-05,1.2167124946156429e-05,0.0001126359627886912,1.2264050233959099e-05,6.90170987976707e-05,8.11226323837605e-05,7.713464078425581e-05,7.447242365589215e-05,7.176622094815688e-05,4.496555312108309e-05,4.7570556432006164e-05,2.928191065899892e-05,0.00013285461137716413,3.4959452653225776e-05,3.1958762243486376e-05,0.00016000712339428623,9.228529694246592e-05,4.4886827883160115e-05,8.172710354803206e-05,0.00014166958143572785,0.00011938182762337625,3.892726906638272e-05,4.421247355055375e-06,1.2515094198539519e-05,9.807293531095207e-05,5.0127618927728286e-05,0.00011701028727690266,9.014869629030001e-05,4.303485418614324e-05,0.00014873507303164645,0.00017209954275829777,0.00011441657281984906,2.6400635369411778e-05,6.368491030728698e-05,5.744063998658435e-05,4.10923352081939e-05,1.3195117427754176e-05,2.9211356292660115e-05,5.008915956282242e-06,6.935314839224325e-05,0.00013637340088200342,6.010655214720527e-05,9.038447813151728e-06,4.503099515450881e-05,1.935980507684462e-05,5.634198443778335e-05,1.5703835538275285e-05,0.0001076836066422872,0.00010517735519965544,1.7942088304849112e-05,0.00017054226784599984,9.02018714174693e-05,0.00010890329597533388,5.082584316419122e-05,6.674512018205934e-05,2.9396649911572257e-05,6.807459809673151e-05,4.637484100093023e-06,6.161099035704151e-05,4.835092818769823e-05,5.022156315220483e-05,3.608621654112031e-05,4.093753283373331e-05,4.9896039316529116e-05,9.759713503994896e-05,1.404163784058532e-05,0.0001367352769687051,0.00015944845789876876,4.8356566470142416e-05,1.7446637525574963e-05,5.275800382446876e-05,2.9468950006098246e-05,3.2155376308499254e-05,0.00016769932092573778,4.713069504468999e-05,0.00015917720264168838,5.811794999929885e-05,7.362788919923472e-05,2.7312954261644542e-05,5.814328536104762e-05,0.0001010019967862173,1.8862920602502823e-05,6.653973366168003e-05,6.22141851022863e-05,6.864627549991205e-05,3.754789774417939e-05,3.105974788338676e-05,6.870796093682162e-05,7.5487430724734e-05,2.7967345936482427e-05,2.418130857094686e-05,5.86812705648137e-05,3.4325774308912263e-05,8.721266044255234e-05,2.795841035216118e-05,5.066230261878501e-05
PWY-7345,2.806725718663737e-05,4.0374850583226394e-05,2.823513279353205e-05,3.249890319129674e-05,1.28292675203547e-05,3.266692566296552e-05,2.603765789518113e-05,1.0352488644299977e-05,0.00013406412323524168,0.0,3.099885207752803e-05,8.25162664380333e-05,2.0475067806369582e-05,0.0,1.4554255079246694e-05,2.5822895828703323e-05,8.238435903943452e-06,2.8713041009775292e-05,1.840002404216556e-05,2.6853419413507907e-05,2.3609202533562093e-05,0.0,3.004038627256387e-05,2.6420357918017098e-05,1.9080339502777813e-05,1.969049385384603e-05,5.315780848558213e-05,6.443068365772245e-05,3.151372756908765e-05,0.00013178141048843258,2.0143583773579593e-05,1.7685878116749783e-05,2.7608004128921127e-05,2.245948118408544e-05,1.8868396691366014e-05,4.241854968788727e-05,0.00010844968710456415,0.0,9.806297735012634e-05,2.3795534589164252e-05,3.722762483572221e-05,0.0,0.0,0.0001196913356919192,1.8710767543527402e-05,3.437774673660053e-05,2.1652521644946245e-05,2.7767376888784853e-05,0.0,4.365459955196423e-05,3.4543087933066554e-05,5.941475442493528e-05,0.00014261922296195323,3.709939237688637e-05,5.1453899278048576e-05,0.00016219366107215262,2.2761313849487487e-05,0.00011859148069303348,2.212541662608815e-05,4.823724425738496e-05,2.8365458387668677e-05,0.0,6.823995104827054e-05,0.0,4.103648344999965e-05,4.8810405173438205e-05,1.0917944292279973e-05,2.029630139223623e-05,5.23391158258457e-05,2.5649260383061522e-05,2.5730131756546224e-05,2.7859397698916207e-05,9.184683089233152e-05,2.887105854374566e-05,2.3229038672705315e-05,0.000141539798993721,5.399694431779576e-05,2.4034249370474507e-05,6.519405550357966e-05,2.748255022672257e-05,3.848830831064451e-05,3.109786922100155e-05,0.0,0.0,5.032367357589184e-05,3.6925107788525375e-05,6.05793749880271e-06,5.7762999291947564e-05,2.024373954728652e-05,5.2289028523551244e-05,0.00014438677978817837,3.802066151403367e-05,1.8234321793217153e-05,3.932554810916897e-05,4.561485990626002e-05,2.3700438556491327e-05,0.0,1.0258679822173233e-05,0.0,3.72424482224779e-05,8.180059902345394e-05,5.2269530659524004e-05,0.0,1.3858600605419435e-05,0.0,3.810572829445297e-05,0.0,9.800498662927929e-05,4.2631942152673415e-05,1.6069411526884145e-05,1.3748248257228825e-05,5.4599916656608905e-05,1.9360695032551333e-05,4.461949087728181e-05,5.6690190522116354e-05,2.1549717625349156e-05,4.7413353895519736e-05,0.0,3.683794003923414e-05,2.9699424551117062e-05,3.60645952898972e-05,2.4529250365958114e-05,3.6980807360384204e-05,4.031607039014184e-05,5.779256421354866e-05,0.0,0.00013138733920553455,0.00013196991268143708,3.4977270367194637e-05,0.0,3.668092244794689e-05,3.131718401601635e-05,2.0257175681813233e-05,0.00013680130185677098,3.3685730889278875e-05,0.00010087095113686103,3.8648817965373406e-05,3.837204368601056e-05,1.6626000112837094e-05,2.806311143033043e-05,9.548169140586488e-05,1.864453562092803e-05,3.860297076258872e-05,2.4595225952878035e-05,1.976199263107103e-05,3.096499510755124e-05,3.104934425007567e-05,2.1450968139651038e-05,3.654030078646328e-05,1.4827850377110992e-05,2.483330417258696e-05,3.346810711467387e-05,2.389469654029877e-05,5.985010171624797e-05,2.3801831047090395e-05,3.0462387871097017e-05
PWY66-399,3.053543261778356e-05,0.0,2.7311674750635313e-05,0.0,0.0,3.641141203206719e-05,0.0,2.748433488080483e-05,0.0,0.0,0.0,4.204193779063445e-05,1.1544073429802979e-05,0.0,1.9409771380862702e-05,1.98377207112374e-05,3.923751002441743e-05,0.0,1.6577397892082554e-05,3.82629516143861e-05,0.0,0.0,0.0,0.0,1.904168375074883e-05,2.513687402669327e-05,2.179366411800541e-05,5.311924416682542e-05,1.667346063821497e-05,0.0,1.90697419259452e-05,3.1475279780999095e-05,2.749864633156315e-05,1.6416258050880543e-05,2.0806228999342557e-05,0.0,5.552947876833495e-05,0.0,6.890777639993521e-05,0.0,2.7654436989365815e-05,0.0,0.0,0.0,1.4044254312073307e-05,4.4198008317203344e-05,0.0,4.7687946227883895e-05,0.0,0.0,2.3001515003808146e-05,0.0,6.493051838979828e-05,1.5949057815605306e-05,0.0,0.00011494571462008216,1.6433714512199444e-05,2.6801349358971317e-05,1.5111558694747707e-05,1.7404430809343326e-05,0.0,0.0,0.0,0.0,0.0,0.0,3.887772105418725e-05,3.0868096428447634e-05,4.867159198188598e-05,0.0,3.1509816005823126e-05,0.0,3.626495154014254e-05,2.0984673454034473e-05,0.0,0.0,4.7434912188175086e-05,0.0,5.319642317546673e-05,4.55846268095579e-05,3.106351271836204e-05,1.638548578272008e-05,0.0,0.0,0.0,1.4977198238585531e-05,3.3720067810903284e-05,1.8643416514756124e-05,0.0,3.890614022921242e-05,0.0,0.0,0.0,4.251972786031805e-05,2.8762021791008878e-05,0.0,0.0,0.0,0.0,3.179634743654324e-05,3.717101900212177e-05,3.7446244113264386e-05,0.0,1.5690542399134152e-05,0.0,0.0,0.0,3.8049767679826684e-05,3.952705475743847e-05,0.0,4.418187725106103e-05,2.3103830633120004e-05,5.634094089903296e-05,0.0,0.0,0.0,3.9067687972138165e-05,0.0,2.7141151296145937e-05,3.197225509066159e-05,0.0,0.0,0.0,2.258647770661398e-05,3.044548641568901e-05,0.0,0.0,0.0,2.8609726905432087e-05,0.0,0.0,0.0,1.2607058999658593e-05,0.0,0.0,0.0,2.5806312732751757e-05,3.416376106027407e-05,0.0,1.9597756758835957e-05,4.863150323338609e-05,0.0,2.918851448986554e-05,5.547272254059082e-05,3.312409848644543e-05,2.0656939368810063e-05,2.2915486844663914e-05,1.0946699897735679e-05,2.335607988567006e-05,0.0,1.7439518529985033e-05,2.492852607848544e-05,0.0,3.234335706380536e-05,0.0,0.0
PWY-7456,2.6878761228987633e-05,1.5678741809097728e-05,1.269206345374327e-05,1.601958905064884e-05,2.2855941128028814e-05,4.449084486692917e-05,1.0286914156280177e-05,2.3552104579163205e-05,1.6043906697936728e-05,1.4710446913027729e-05,1.3789868924981267e-05,9.176484182842936e-06,1.6650389628074248e-05,1.1496912998280913e-05,3.387903557741137e-05,1.3744840483403514e-05,1.3634225494706942e-05,1.2627175485355098e-05,1.7098573942568054e-05,1.738591689919523e-05,1.4552645682395136e-05,2.1678808176680056e-05,1.9496825108344805e-05,1.0559138476806046e-05,1.3926876447026982e-05,1.8256199083976168e-05,8.404321191953157e-06,2.2709367001765792e-05,1.542596925985068e-05,1.2017691278946974e-05,1.4770702067275898e-05,1.953415020691715e-05,7.656279846923579e-06,8.708411496683676e-06,1.2195602741711403e-05,5.043093946598827e-05,1.4483640244277994e-05,1.8507533643975994e-05,9.456713161588544e-06,1.580990506003867e-05,2.3402533035382032e-05,2.0552736223280432e-05,1.0940496084355695e-05,9.750342240119726e-06,1.987479925991886e-05,9.13928579761366e-06,1.3760061821940822e-05,1.017009020061239e-05,1.7937981391325513e-05,1.1181081794508858e-05,1.8750455505001646e-05,3.231210625747546e-05,1.518829998562157e-05,1.1375779909045992e-05,2.2089189575168214e-05,1.5232829213381635e-05,1.7881274000988196e-05,1.028937541092866e-05,7.895697700776474e-06,2.7265226543158538e-05,2.4036241583896664e-05,2.122995082624304e-05,1.408970387244456e-05,1.4317607523919542e-05,9.001951470122998e-06,2.3437957878469885e-05,2.0338220419529492e-05,1.3651251633247408e-05,1.6325037332589298e-05,1.0076052696428607e-05,2.6076598979150095e-05,3.2194590019691264e-05,2.612724832101964e-05,4.2861281007481995e-05,1.901103507898423e-05,1.2533417923979078e-05,1.8302871375055646e-05,1.0853306175241282e-05,1.5230084298577203e-05,2.7901203408233602e-05,9.643910039757971e-06,1.3555438380672564e-05,2.1438326207276208e-05,1.2232479031175423e-05,1.3434241048227925e-05,2.4327280459336767e-05,2.3580703213114524e-05,1.1182450959645075e-05,2.3528303996514196e-05,1.3330136913683796e-05,1.4792908651746593e-05,1.745264172345617e-05,1.9165046826353735e-05,1.5246252551313332e-05,9.950274835112657e-06,7.275692311818822e-06,1.934834790596837e-05,1.4338763609316128e-05,1.8831522178630644e-05,2.124386406772421e-05,1.8140543382311222e-05,1.2174436463034947e-05,1.8938197072430546e-05,2.0449895166340525e-05,8.583898570868863e-06,7.1310268919686705e-06,2.002960145672849e-05,2.0400851265130063e-05,1.0191268112435415e-05,1.6196393684974298e-05,1.476811436106182e-05,2.206600686103778e-05,1.3042428317835551e-05,8.683188065967326e-06,2.6393029591810504e-05,1.3930088235298835e-05,8.523708701238272e-06,1.3342008879825505e-05,1.4228005896927481e-05,6.383539027962878e-06,4.768905200084679e-05,1.3007117638941089e-05,4.3263147699718045e-05,5.8741935113833656e-05,1.4081661189576627e-05,1.0817503701477824e-05,1.644958541619461e-05,1.4129910603895207e-05,1.1151763600801844e-05,1.173657931447487e-05,2.120832626842395e-05,1.264256432459499e-05,7.4789156505320675e-06,7.613741775871828e-06,2.4849792826802926e-05,1.896188144581525e-05,1.1475947228189626e-05,1.1384511126982881e-05,1.618184856480343e-05,1.8708960907262937e-05,3.2848171591011034e-05,3.384377857060816e-05,1.0795273383043185e-05,1.7065106770268045e-05,2.0615667579710656e-05,1.6488435752260168e-05,1.4937224813539564e-05,9.61738891708273e-06,3.557727563143492e-05,1.3161112973451025e-05,2.180201912000755e-05,1.1043220123447684e-05,1.5447148880984157e-05,2.1682207961438956e-05,1.243576077427515e-05,1.6025662067480588e-05
PWY-6572,1.107085222281777e-06,6.541843258249241e-07,4.954327954654621e-07,2.1321704667682343e-07,1.1292904488835446e-07,1.066366415253371e-06,8.022030295499012e-07,2.0842779257350126e-07,4.3769419484673777e-07,1.3254732998953412e-06,1.410970856956592e-06,1.3541402526578896e-06,5.952708329248051e-07,1.2643649638629396e-07,4.2446899863935996e-07,1.5615824820331245e-06,6.584766925162927e-07,1.187528523149993e-06,1.3854940796180813e-06,1.562255828112994e-06,1.4137347363636347e-07,1.381103691203253e-06,1.5860069486067531e-06,1.542758491741054e-06,1.5356750396048414e-06,5.342858579127892e-07,1.5411668048362932e-06,9.12350142016149e-06,1.6831742285151052e-06,1.2873071958349046e-06,1.4022972805565322e-06,1.3949614362092496e-06,1.6902758832495306e-07,1.2946968829909747e-06,4.387100805574077e-07,1.3811597066789288e-06,2.2297525159629757e-06,1.325172789057783e-06,9.571282407141393e-07,1.3516141702100977e-06,5.986618123881863e-07,4.0653101988259024e-07,1.544853704201963e-06,4.0710742872654054e-07,1.6472623289950244e-06,1.3389585778719675e-06,1.41636940559476e-06,1.4226156456067002e-07,1.538763566674066e-06,3.9488107278782606e-07,1.3035727900300174e-06,1.2677602310891e-06,1.5865490702293485e-06,7.436724643844056e-07,1.5329507121348099e-06,1.578830839929594e-06,4.1134148128750824e-07,6.591691421424399e-07,4.4248874345134974e-07,5.835001540100097e-07,1.3858650505828048e-06,8.796660235076948e-08,6.00318828091054e-07,1.3810902295365514e-06,5.977046054697648e-07,1.7568983939531163e-06,4.905851212608268e-07,6.358549811083467e-07,1.5581629312331734e-06,1.6250153740414963e-06,6.408969016186572e-07,1.628965060074361e-06,6.168422494579735e-06,7.676235078477092e-07,1.5005457423171797e-06,1.5249734585294876e-06,2.1014991396558797e-06,1.5460967853052226e-06,1.0646808871109753e-06,3.9012350027749005e-07,2.685773920685894e-07,8.518745788862011e-07,1.3710607178037627e-06,3.829816432300034e-07,1.710533457182904e-07,1.6940984759099257e-06,9.331534192646195e-07,6.285517819253711e-07,7.145320031877707e-07,3.7307090015216775e-07,1.532489175046995e-06,1.5204886743629603e-06,1.402813509394636e-06,5.0056642219059556e-08,1.0005435942535301e-07,1.5487071010096766e-06,8.089283715355543e-07,1.5047941796943647e-07,1.3053289301459179e-06,1.4185739589562505e-06,2.2009809437782104e-07,9.211405601637778e-07,1.3321693722899813e-06,1.3677889759016848e-06,1.5939443511288053e-06,6.244381774458686e-07,1.3366635048836756e-06,1.3147688715751527e-06,3.5653197943552896e-08,1.53760993618153e-06,3.822585454101629e-07,4.2461348129850173e-07,1.5485026385096603e-06,1.8652440679833702e-07,1.6592711559357694e-06,1.290826386871447e-07,1.2876520350767687e-06,1.5545607226414184e-06,1.5291226591774442e-07,6.275559419827801e-07,2.6918047527747036e-06,1.4733134874050985e-07,1.4219100611895243e-06,7.787326849107672e-07,1.3345493306685988e-06,1.424191452529384e-06,2.170052183669624e-06,1.7354337016228347e-07,7.445172524379113e-07,1.4991950510347484e-06,6.438919133670358e-07,7.136284520074466e-07,6.380404333343224e-07,1.6427323140468196e-06,1.0930156528497221e-05,1.4936804527925173e-06,7.335351469795229e-07,1.122472576998506e-06,1.51919417877997e-08,1.9212348449331323e-06,1.2124904690681754e-06,1.6250089787390367e-06,1.6024601388889305e-06,5.747638364625889e-07,1.7028929582669978e-06,2.0000694202203766e-05,1.5595742572747472e-06,6.369365886388003e-07,2.3403507792291422e-06,7.97811454873068e-07,6.983046670039985e-07,2.0243780677921746e-06,1.5374481645098635e-06,2.1114657846966448e-07,1.3749585790771801e-06,1.0978923716205843e-06
PWY-6749,1.9146625146396543e-09,1.861821127600857e-09,1.914658853276069e-09,1.914651254900335e-09,1.9146645243333945e-09,1.9146631480457596e-09,1.914664360204628e-09,1.914664933060319e-09,1.9146646514529083e-09,1.9146588982912857e-09,1.91465474701077e-09,1.9146632482867306e-09,1.9146374866494922e-09,1.914663664559387e-09,1.9146659713104638e-09,1.914664413836664e-09,1.861825778476141e-09,1.9146624290693295e-09,1.914662564644095e-09,1.9146534670799504e-09,1.9146566700012146e-09,1.914663530667504e-09,1.914648291046816e-09,9.704323779295796e-07,1.914657178243781e-09,1.9146645626745224e-09,1.91466334154858e-09,1.3216227661762256e-08,1.9146635622051455e-09,5.344192417159577e-09,1.91466309592598e-09,1.914659937496208e-09,1.9146624928055115e-09,1.9146652311066965e-09,1.914662399163726e-09,1.9146576003490422e-09,2.76144077764826e-09,1.914663885889875e-09,1.914659558636832e-09,1.914661626677572e-09,1.9146619893131668e-09,1.914660543958248e-09,1.9146648459081017e-09,2.7614614367521455e-09,2.7614606949682052e-09,1.9146652317209398e-09,1.914643258872507e-09,1.9146621114398495e-09,1.9146600620843454e-09,1.914664903963691e-09,1.9146627699775807e-09,1.9146630938432536e-09,1.9146629235787525e-09,1.9146626992757514e-09,1.9146606221044678e-09,1.9146625454983355e-09,1.9146628283132704e-09,1.9146644529000434e-09,1.9146605843882798e-09,1.91466088698834e-09,1.914657498389022e-09,1.9146633610414884e-09,1.9146572977979125e-09,1.914663079084253e-09,1.9146452355901493e-09,1.9146464931401865e-09,1.9146625456107932e-09,1.9146622791549096e-09,1.9146632774533452e-09,1.914654827852081e-09,1.914643192608342e-09,1.914657585444278e-09,1.914659114071084e-09,1.914649372261576e-09,1.914639467267895e-09,5.291363730549509e-09,1.914653060987567e-09,1.9146514995000436e-09,1.914643994740255e-09,1.914665357086508e-09,1.9146639389029805e-09,2.7232634356635837e-05,1.9146627235060094e-09,1.9146647852839035e-09,1.9146576998010918e-09,1.914649235338362e-09,1.914666423437668e-09,1.9146584691383025e-09,2.7858345535151347e-07,1.9146649042655343e-09,5.344180880292646e-09,1.9146624523342607e-09,1.9146596228109037e-09,2.284836431476744e-08,1.9146644956296358e-09,1.914647725835774e-09,1.9146616800986972e-09,1.914665179986007e-09,1.914661955960946e-09,1.9146614244108986e-09,1.9146636913699184e-09,1.914662992148864e-09,1.9146606884773616e-09,8.807732778837642e-07,1.9146604322335685e-09,1.9146544910379575e-09,1.91466249408028e-09,1.914663349677976e-09,1.9146653131539946e-09,1.9146507184355588e-09,1.914665889822481e-09,1.914664348005716e-09,1.8618264178007629e-09,1.9146577999749627e-09,1.914657030645151e-09,1.914666022094242e-09,1.914664767845419e-09,1.914656543090294e-09,1.9146640237557087e-09,1.9146583249525243e-09,1.9146592644071634e-09,1.9146561182458483e-09,1.9146532903122695e-09,1.9146608125079316e-09,1.9146597817314883e-09,1.914648841831575e-09,2.7473061237604245e-09,2.761461109463421e-09,1.91465823254393e-09,1.9146480265032845e-09,1.914654928857335e-09,1.9146550528314634e-09,1.91463106294155e-09,5.344148823028948e-09,1.9146555025885363e-09,2.7473133586255565e-09,2.761451302818945e-09,1.914657591202964e-09,1.914651578066822e-09,1.9146154179839743e-09,8.808809837913781e-08,2.785263449514236e-07,1.9146568963627594e-09,1.9144968598421003e-09,1.914658644059523e-09,1.9146484979326053e-09,6.82477965415285e-07,1.9146602513425784e-09,1.9146422024616806e-09,2.7614524470274096e-09,1.914650886255714e-09,1.9146579875610476e-09,1.914657827949844e-09,1.9146625274870364e-09,1.914653715847968e-09,1.9146578366224805e-09
PWY-6386,0.0001572392475800105,0.00010043223421458154,0.0001718707010957869,0.00012191884338794133,0.00018159783066934297,0.000193327243046819,0.00020101432321630613,0.0002124047576094823,0.00021135651816236414,0.00011218294801661392,9.841702472468733e-05,0.00015975250896590126,5.8384077545480415e-05,0.0001711546083282745,0.00020571687660938807,0.00017925962672569754,0.0001939093567615447,0.00018427927854827643,0.0001531138881826982,6.931410179926655e-05,0.00011547276311840092,0.00016356884272452772,7.412726228765542e-05,4.972045223507678e-05,0.00011051273827950939,0.00020209625792571293,0.00021397401688599032,0.00021375825597675917,0.0001531401987838023,0.00015457718601697603,0.00020914424053705273,0.00015216539293081894,0.00021338086447018198,0.00017500557371129087,0.00021114908235939992,0.0001071624243801408,0.00012321535663166306,0.00019136498597552743,0.00014213036562306597,0.00014437678487307193,0.0001154768593980606,0.00018788303638251562,0.00015293547015562557,0.000180179273229916,0.00015623422466755078,0.000211951737943182,0.00010862949647162467,0.00020954794612065584,0.00012290190594322752,0.0002619561813178021,0.0001897924152805996,0.00016534192226760474,0.00017400204557040393,0.00014033343732929848,0.00011615309336642153,0.00018127223490455954,0.00021784446192074503,0.0002360836064547055,0.00023649589394770658,0.00013260317833275605,9.264712382001443e-05,0.00020232260542502801,0.00014797343767528236,0.00016447977672073554,0.0001238182293483934,9.669935939498844e-05,0.00017811340290243646,0.000180312652672152,0.0001710389969737869,0.00010203748180793739,9.050671281092662e-05,8.626217189982706e-05,0.00011520658327996413,6.668250863484274e-05,4.290908166075479e-05,0.00016337795828334965,0.00011904343634974765,9.88983244893451e-05,0.0001287076547130997,0.00024254036235206938,0.00019681829472808297,8.880058085738344e-05,0.00016745784928891858,0.0002547872350732823,0.00015670500936083143,9.41402615593781e-05,0.0002441025055978788,0.0001359870643770252,0.00011769999685607207,0.0002814037127683214,0.00015096208112596007,0.00015852928394436533,0.00013479648682144206,0.0002135664344760488,0.00022391843546614283,7.045046549564305e-05,0.00012699356115941234,0.00020028696619532092,0.000175116550710264,9.656917038559511e-05,0.00018884299902845674,0.000209045783402738,0.0001676742017607533,0.00013740240216035166,0.00012222786531254214,9.381124276670221e-05,0.00013172620723626987,0.00018412483364043514,0.0002164112071116885,7.58268259406873e-05,0.0002889846644744084,0.00020971328627472811,0.0001903935889469116,0.00010236772706955883,0.00011454716616036589,0.00020088183113566995,0.00016205108204895934,0.0001519729826266602,0.00019074215197137248,0.0001334400813706324,0.0001417217817826601,6.702352363163668e-05,6.098888018228626e-05,0.0001449594417675629,0.00012641764072979437,8.233485761064895e-05,0.00016758731651151615,0.00016527086601003093,7.908896343728091e-05,8.660331182886713e-05,6.405306138352269e-05,0.00013663027484774157,0.00010340438920806774,0.0001302329204482321,0.00011344815884204087,0.00015706093559829523,0.00015483194689899327,0.00011645333835012483,0.0001204967775737405,0.00013401180967458924,0.00016681886696509664,0.00013669974970055896,0.00013026322729019845,0.00015926275578738498,0.00011644544091745008,0.00010889154092037205,0.0001097163955551263,0.00010212023295766616,0.00010814791600541135,9.505552990325541e-05,8.019438290227153e-05,9.307493816615981e-05,0.00011796903316216169,0.00018578577183618993,0.00012307362932171653,7.645280856398536e-05
FERMENTATION-PWY,6.71788487089426e-05,2.9744742817851366e-05,7.881573612218348e-05,4.621255067531632e-05,6.694160850021809e-05,0.00010534785571733744,9.544231868050404e-05,8.019182734008489e-05,0.00019604621485747292,4.162739401924831e-05,6.840667898745764e-05,9.364193794632648e-05,2.7297197200006514e-05,7.189159015707899e-05,8.823618543425241e-05,3.717437460703563e-05,6.446419244603214e-05,6.840310503362496e-05,4.437860560258797e-05,4.57228548102186e-05,2.585105460408342e-05,9.446025198745635e-05,3.2654118269644535e-05,1.919052960571424e-05,1.6728206001131128e-05,7.738262383850532e-05,0.00012082044999388029,0.0001455731856946146,8.707935419288879e-05,0.0002694803312116693,8.594553719559763e-05,7.729166330683837e-05,7.034013449164873e-05,6.743169251451837e-05,0.00012858499100306856,7.397975894815998e-05,0.00012781369864039795,9.339600707332489e-05,0.0001636164810150598,1.980512096582204e-05,8.151459968967165e-05,7.681646238691922e-05,8.396766535507089e-05,0.00017818346853528273,6.605606024233265e-05,9.798433527890081e-05,3.943657124089418e-05,0.00011362088497794731,7.030304845736538e-05,0.00016856188908200134,5.2745632375996244e-05,8.226204824329408e-05,0.0001717188344318566,6.141303264216457e-05,7.735422095486496e-05,0.00019700234374373356,0.00010377536223051655,0.00019698102082156676,0.00014694850778563308,8.784546785950157e-05,5.6766798811472e-05,5.3031354709613015e-05,0.00010867220809601357,5.309687003328481e-05,3.454678604717472e-05,7.595882295170585e-05,9.826887611094238e-05,7.329335123701575e-05,3.414977132503483e-05,6.943087367558039e-05,2.8456111177739964e-05,3.4657578997075874e-05,0.00011849371683427586,4.062095081451759e-05,2.8250508603694976e-05,0.00020713341086715654,5.2326474073863214e-05,2.3799755395358868e-05,7.229727971831131e-05,0.00012614950495746353,0.0001372497792713319,2.5659152744499896e-05,6.578722794890132e-05,3.551703876146549e-05,6.539222755576392e-05,5.590714743842877e-05,0.00013142952482108892,0.00011197112411554223,5.567369042429825e-05,0.00018328260085411326,0.0001654439459011683,0.0001034473328502915,6.240862698519455e-05,0.00010823375825065179,6.0667872870177e-05,3.843800497450347e-05,5.362196595469712e-05,2.93550003496514e-05,8.054798227086401e-05,3.848236608000523e-05,0.00011104189384228775,0.0001724141892043987,6.479803880255507e-05,9.424197556448891e-05,3.7676467589590104e-05,2.3142349107502417e-05,6.294958152394342e-05,0.00016201807220969156,0.00011619843223039828,2.1289927117852388e-05,0.0001907897116994739,0.00012077058159432184,0.00011204375283796961,5.511297601445648e-05,6.813990554391423e-05,8.487109639764359e-05,7.994336001468636e-05,4.924826124128947e-05,8.672744190645754e-05,2.433302963366435e-05,6.19246603947266e-05,5.273217271852491e-05,1.909371302046411e-05,7.649822106685898e-05,6.495105562124361e-05,4.3539028042232115e-05,0.00013011175113566295,0.0002470405686182743,1.6562411178710355e-05,3.107010381650455e-05,2.8192965470492365e-05,7.836237699617571e-05,2.3920549054862354e-05,0.0002815845864546262,2.863724209328903e-05,0.00013706866779567294,7.394169137514985e-05,4.197206173472613e-05,2.7332480966354006e-05,2.6839745638005822e-05,6.119703250939901e-05,5.2419230099052904e-05,7.790379597262654e-05,8.526814870321445e-05,3.0190791361250768e-05,3.7246320425036326e-05,4.9205490915205175e-05,1.6824143692335733e-05,5.9158574318498085e-05,2.1438361664808104e-05,6.0200300156234116e-05,2.4079232452250124e-05,5.280348639693822e-05,4.768970824014361e-05,2.212699998821476e-05,1.7062490401511632e-05
P161-PWY,6.689273080523969e-06,1.632454723375303e-05,3.0437505964775334e-06,3.015436144281651e-06,4.0575620040348196e-06,3.35344728740836e-06,3.182066087983785e-06,3.1214618047839362e-06,0.00010178036849780216,3.3869198347760155e-06,4.165728152444942e-06,4.46494838839021e-05,2.168311145362238e-06,3.453847481269345e-06,4.2112904410826e-06,2.0797607174873155e-06,5.94838569401535e-06,3.2662153062632913e-06,2.9334670289911562e-06,7.994695880363224e-06,3.1886188316587507e-06,6.13657957246818e-06,3.064957812581033e-06,3.967777898452858e-06,2.2744740537800134e-06,1.1874564490944563e-05,2.0297847419924037e-05,5.632976381841106e-05,1.5594062155221986e-06,0.00018423863528812216,8.361376095404843e-06,7.341392427185725e-06,4.3491787512475525e-06,2.9073012806443563e-06,2.8623114526511012e-06,2.980975542177372e-06,5.491148725028493e-05,5.381553609422451e-06,4.8895178437510494e-05,2.4764956767131957e-06,9.00211942716556e-06,2.5392655027907713e-06,1.2632737505202945e-06,9.406712606576372e-05,5.755752737687134e-06,1.9194647143360443e-06,4.6987335466663845e-06,8.368476688679962e-06,6.606107595732619e-06,7.7408383114649e-06,1.4758907302713015e-05,1.0969622074348867e-05,9.049974052689108e-05,4.447868920824777e-06,1.8557031138705457e-05,1.3265767542597311e-05,4.3538741974628665e-06,7.26903033314577e-05,3.32027635664287e-06,7.144320527928582e-06,1.2495898572845004e-05,1.6795789260387886e-06,2.5122832714738466e-05,5.135712714296253e-06,3.088707756250098e-06,3.259308981997731e-05,1.4078201698970691e-05,3.2679867371120666e-06,3.095178394271516e-06,6.158511034700504e-06,1.6515583921637104e-05,3.0737308465710584e-06,4.2620366782478245e-05,4.667196450005469e-06,3.4525359390738634e-06,8.446356217704382e-05,1.5287345346584047e-05,2.095566592723187e-06,4.858785035985982e-05,3.6649578468050144e-06,4.394229635906485e-06,2.5606459668544692e-06,2.680625033752943e-06,3.070631523824219e-06,2.8420054592691706e-06,7.124333635910548e-06,3.283630599000631e-06,2.327636639638506e-06,2.088982765294812e-06,4.063272908568263e-06,0.00017714883742072298,1.7756298304743033e-05,7.2150941677112725e-06,3.8006644980135572e-06,8.587412871922852e-06,1.8843487043181846e-05,2.5899464436969052e-06,5.251291297614766e-06,3.55070638109653e-06,8.899800600655623e-06,3.0272649149501526e-06,2.0821546110219614e-06,7.5069587553128904e-06,5.580080070398984e-06,3.688887416280099e-06,1.9976134000299562e-06,5.757701769922424e-06,5.5311320089667214e-05,1.730954408382279e-05,2.2209391395450555e-06,8.317021664603744e-06,3.834522669044716e-05,5.4273569278385025e-06,3.739713377991081e-06,2.296007750468567e-06,1.8610752947269224e-06,5.847849543546003e-05,5.76023847017286e-06,5.182243457972954e-06,2.103163503893029e-05,1.5543490790705264e-05,2.2354284445065148e-06,2.1506709897216265e-06,1.8871592547380578e-06,1.7072485184573922e-05,2.4193527128896146e-06,3.483294479437896e-05,0.0001301795375589522,2.119150493792279e-06,3.0587426630311394e-06,2.583131420515984e-06,1.633192638082671e-05,2.2291003490905943e-06,0.0001037720266169408,3.022581899248244e-06,0.0001236186425895232,4.784752842456112e-06,5.900968635263971e-06,2.8918311438602102e-06,1.944005287357309e-06,6.25698015041273e-05,3.2458410686092155e-06,1.8500631538889896e-06,4.131170813728247e-06,4.783936844065024e-06,2.87158093196328e-06,8.886257864261749e-06,2.2910377626218413e-06,2.5575161217195926e-06,6.262385701079729e-06,2.4598074172781947e-06,1.6121405661604253e-06,1.4850543921713551e-06,4.990055893808998e-06,2.44834544811825e-06,9.18221856010544e-06
PWY0-1297,9.834415803887813e-06,2.3058241362555378e-05,4.527664737049608e-06,4.470246246855887e-06,6.058391388680317e-06,4.937915606851689e-06,4.6657810189536226e-06,4.680411279660626e-06,8.232415172425141e-05,5.037392883735246e-06,6.14306329061619e-06,5.8584490114198385e-05,3.214244382773457e-06,5.117247900450084e-06,6.198784332479703e-06,3.1478833056154087e-06,8.727821183806799e-06,4.791680780328859e-06,4.382696669587072e-06,1.1750769204734556e-05,4.970900886976627e-06,8.947860771489646e-06,4.536090923797789e-06,6.1306676454647245e-06,3.4458382703496597e-06,1.7179390325585827e-05,2.842289474859805e-05,5.133281891093063e-05,2.3125644481679085e-06,0.00011731739245966937,1.2147679571265364e-05,1.064606006996267e-05,6.23217673880156e-06,4.324711610343193e-06,4.249918872826233e-06,4.41305740415691e-06,5.2502331725303036e-05,8.17230024409685e-06,4.8911073676355245e-05,3.842854542880749e-06,1.2271634524696622e-05,3.757037265405962e-06,1.8936597696372058e-06,8.275156855872841e-05,8.608504473527125e-06,2.8566076977492207e-06,7.709626427168208e-06,1.1809609317400292e-05,9.431522613101712e-06,1.1132390374206396e-05,2.158085121157071e-05,1.5577411939765292e-05,0.00010012492566300147,6.525179898188389e-06,2.66597069272066e-05,1.8850658897634984e-05,6.509599225182057e-06,7.029123757755283e-05,4.919195179567464e-06,1.0121592953304394e-05,1.727956544297918e-05,2.517036406349878e-06,3.0208049908089024e-05,7.529092628226615e-06,4.389015746867542e-06,5.450931163018018e-05,1.9620987801863975e-05,4.883423393963091e-06,4.587461354213273e-06,8.84720410764163e-06,3.10599662046303e-05,4.5491426113607605e-06,6.572677614771917e-05,8.1484795032315e-06,5.293409177608795e-06,7.55263517109693e-05,2.833229140180055e-05,3.504305331268624e-06,6.722858026425285e-05,5.4354832924394964e-06,6.245255101008013e-06,3.7762241438087644e-06,3.991718084995826e-06,4.566778093324872e-06,4.178196918624851e-06,1.0121564753773362e-05,4.848280220719854e-06,3.334366710833452e-06,3.180890246849314e-06,5.920781284769193e-06,0.00012815681912310513,2.3146622144660783e-05,1.052974547021138e-05,5.640686432543368e-06,1.219376812115486e-05,3.2824725630703774e-05,3.865082991692262e-06,7.870016329451997e-06,5.257824875417374e-06,1.5118678407984923e-05,4.4403782418374784e-06,3.0969631683630336e-06,1.1169313408123412e-05,8.204125538368517e-06,5.371166431872141e-06,2.957015499021715e-06,8.339775856510524e-06,6.241308383629384e-05,2.1482866776206726e-05,3.415840078496561e-06,1.1885576252712466e-05,5.2479027185100454e-05,7.757574783907011e-06,5.357146840936773e-06,3.4547611784562547e-06,2.758052395452237e-06,6.936439087132251e-05,8.137995952034848e-06,7.505429236209071e-06,3.956047570686097e-05,2.1884316050232188e-05,3.43063785089789e-06,3.198028140972865e-06,2.7987387627933728e-06,2.2842270977006173e-05,3.7586922882692422e-06,4.7756939043022325e-05,8.355761875028931e-05,3.4592345681528965e-06,4.49666290107295e-06,3.899612769087057e-06,2.279453565010342e-05,3.0878548948550727e-06,0.0001007475145904319,4.582784133286984e-06,0.00012134556823756183,7.142358993783158e-06,8.880038027593921e-06,4.716988311550813e-06,2.866863301708578e-06,7.463491926374904e-05,4.988278053338158e-06,2.741720766075903e-06,7.492935832833204e-06,7.191002423953212e-06,4.412210983023457e-06,1.2722303646804248e-05,3.6010304346805677e-06,3.8123156018855192e-06,9.049021086126895e-06,3.730754111550828e-06,2.4190592462537453e-06,2.2393249660801298e-06,7.414249216054883e-06,3.6343618074110256e-06,1.4806431914970171e-05
PWY0-1298,0.00015273917541195155,6.164613216615955e-05,0.00012482280414330993,7.171941943305918e-05,0.00013178978214900723,6.0904701000380544e-05,8.30832801946279e-05,0.00013085128790354966,9.367873191025353e-05,9.871232241220877e-05,0.00010800747466653748,0.00011204712106615322,2.916654386145071e-05,0.00010705306258246157,0.00011467009369432886,9.133203311546402e-05,0.00015250363606028415,0.00010434672729370826,8.027089813200342e-05,7.484596571786446e-05,4.52413151826084e-05,0.0001005447691512687,4.650846227343023e-05,6.471564867863409e-05,8.629904876611352e-05,0.00010780730382950444,0.0001556073228383322,4.8081348502122854e-05,7.930787994579629e-05,0.00010499762426702777,0.00017768596227744928,0.0001214363304049543,6.044476223139787e-05,7.07283033223115e-05,0.0001971164066879998,4.516034426939788e-05,9.188060440523445e-05,0.00016436703344960017,8.619428207415606e-05,7.158137950038601e-05,3.8444315460519435e-05,6.266824687673351e-05,7.605171714815581e-05,9.048906170897309e-05,0.00013572512404256887,0.000130931306353859,8.649065071484673e-05,7.567869309272887e-05,6.559041958826257e-05,8.696524751891599e-05,8.684275750131846e-05,9.230321240951142e-05,0.00012813472972617962,5.1988874177828714e-05,9.058297478964495e-05,0.00012054661366599734,0.0001777591061439624,8.884540896266718e-05,0.000211135106294693,5.644426068751812e-05,6.0112159742995195e-05,0.00014985235888611125,6.952764289596982e-05,8.467686376949591e-05,2.0124728935826266e-05,6.23175216098167e-05,0.00011772115016736047,0.00012879738060087628,5.898229390244284e-05,4.375514520890093e-05,5.577024471352508e-05,9.667899254453297e-05,5.978284751963614e-05,6.578386429239853e-05,3.681833972003592e-05,7.28875098666934e-05,6.839062752436231e-05,0.00010440704913972966,8.022315461369104e-05,0.00014343597599350577,7.02395043599728e-05,4.991085762624426e-05,0.0001597771752993554,0.0001524058570275513,4.033465743794836e-05,5.5731004668252566e-05,0.00011288169844356875,3.762890845320118e-05,8.951297377030902e-05,8.144006847017507e-05,0.00012404438759815663,8.779935871330619e-05,0.00010443438167522872,0.0001467792899267578,0.00010780373315964351,6.460121202033885e-05,8.302744271451175e-05,0.0001647206225544906,0.00011138095651133267,7.741272015610562e-05,6.907051175914591e-05,0.00016231861411560348,0.00015013498740520757,8.549807166416537e-05,6.412860508619166e-05,3.330927236760884e-05,7.725853418504643e-05,8.847003754202869e-05,7.911107627640389e-05,5.058428676868287e-05,0.00012361707318311792,0.00012345778728779433,6.163945945686835e-05,4.049070482833819e-05,6.270559843037255e-05,7.530848046533404e-05,0.0001313974325880913,6.880914383238582e-05,6.546076553925929e-05,9.332111521510717e-05,7.779733302788314e-05,6.694226586854212e-05,8.176631680541602e-05,6.490434372842063e-05,7.16985336816562e-05,2.6081007242212496e-05,0.00014782556118132537,9.415991188388334e-05,7.29947509696042e-05,3.758910046416168e-05,4.603416357778845e-05,0.00011213927741444087,1.0084951875880452e-05,0.00010385340863297289,6.834350177978799e-05,0.0001376782753958737,0.00011999135538819509,4.886614332160057e-05,7.779663401841572e-05,3.063142589399258e-05,0.0001265285971371055,8.200877506797374e-05,8.64911499971375e-05,8.565460760089092e-05,6.462134149694904e-05,8.04628210629436e-05,7.481233287360668e-05,7.346537332298333e-05,2.1440319053881494e-05,8.416934760500808e-05,0.00010376988371758776,5.769760473016122e-05,8.812175363524585e-05,0.00015114772897076295,5.58049717942329e-05,2.6935392743013328e-05
PWY0-1477,6.689273080523969e-06,1.632454723375303e-05,3.0437505964775334e-06,3.015436144281651e-06,4.0575620040348196e-06,3.35344728740836e-06,3.182066087983785e-06,3.1214618047839362e-06,0.00010178036849780216,3.3869198347760155e-06,4.165728152444942e-06,4.46494838839021e-05,2.168311145362238e-06,3.453847481269345e-06,4.2112904410826e-06,2.0797607174873155e-06,5.94838569401535e-06,3.2662153062632913e-06,2.9334670289911562e-06,7.994695880363224e-06,3.1886188316587507e-06,6.13657957246818e-06,3.064957812581033e-06,3.967777898452858e-06,2.2744740537800134e-06,1.1874564490944563e-05,2.0297847419924037e-05,5.632976381841106e-05,1.5594062155221986e-06,0.00018423863528812216,8.361376095404843e-06,7.341392427185725e-06,4.3491787512475525e-06,2.9073012806443563e-06,2.8623114526511012e-06,2.980975542177372e-06,5.491148725028493e-05,5.381553609422451e-06,4.8895178437510494e-05,2.4764956767131957e-06,9.00211942716556e-06,2.5392655027907713e-06,1.2632737505202945e-06,9.406712606576372e-05,5.755752737687134e-06,1.9194647143360443e-06,4.6987335466663845e-06,8.368476688679962e-06,6.606107595732619e-06,7.7408383114649e-06,1.4758907302713015e-05,1.0969622074348867e-05,9.049974052689108e-05,4.447868920824777e-06,1.8557031138705457e-05,1.3265767542597311e-05,4.3538741974628665e-06,7.26903033314577e-05,3.32027635664287e-06,7.144320527928582e-06,1.2495898572845004e-05,1.6795789260387886e-06,2.5122832714738466e-05,5.135712714296253e-06,3.088707756250098e-06,3.259308981997731e-05,1.4078201698970691e-05,3.2679867371120666e-06,3.095178394271516e-06,6.158511034700504e-06,1.6515583921637104e-05,3.0737308465710584e-06,4.2620366782478245e-05,4.667196450005469e-06,3.4525359390738634e-06,8.446356217704382e-05,1.5287345346584047e-05,2.095566592723187e-06,4.858785035985982e-05,3.6649578468050144e-06,4.394229635906485e-06,2.5606459668544692e-06,2.680625033752943e-06,3.070631523824219e-06,2.8420054592691706e-06,7.124333635910548e-06,3.283630599000631e-06,2.327636639638506e-06,2.088982765294812e-06,4.063272908568263e-06,0.00017714883742072298,1.7756298304743033e-05,7.2150941677112725e-06,3.8006644980135572e-06,8.587412871922852e-06,1.8843487043181846e-05,2.5899464436969052e-06,5.251291297614766e-06,3.55070638109653e-06,8.899800600655623e-06,3.0272649149501526e-06,2.0821546110219614e-06,7.5069587553128904e-06,5.580080070398984e-06,3.688887416280099e-06,1.9976134000299562e-06,5.757701769922424e-06,5.5311320089667214e-05,1.730954408382279e-05,2.2209391395450555e-06,8.317021664603744e-06,3.834522669044716e-05,5.4273569278385025e-06,3.739713377991081e-06,2.296007750468567e-06,1.8610752947269224e-06,5.847849543546003e-05,5.76023847017286e-06,5.182243457972954e-06,2.103163503893029e-05,1.5543490790705264e-05,2.2354284445065148e-06,2.1506709897216265e-06,1.8871592547380578e-06,1.7072485184573922e-05,2.4193527128896146e-06,3.483294479437896e-05,0.0001301795375589522,2.119150493792279e-06,3.0587426630311394e-06,2.583131420515984e-06,1.633192638082671e-05,2.2291003490905943e-06,0.0001037720266169408,3.022581899248244e-06,0.0001236186425895232,4.784752842456112e-06,5.900968635263971e-06,2.8918311438602102e-06,1.944005287357309e-06,6.25698015041273e-05,3.2458410686092155e-06,1.8500631538889896e-06,4.131170813728247e-06,4.783936844065024e-06,2.87158093196328e-06,8.886257864261749e-06,2.2910377626218413e-06,2.5575161217195926e-06,6.262385701079729e-06,2.4598074172781947e-06,1.6121405661604253e-06,1.4850543921713551e-06,4.990055893808998e-06,2.44834544811825e-06,9.18221856010544e-06
PWY4LZ-257,8.083999328323928e-06,1.8407736923009978e-05,3.7455324185785477e-06,3.5406123566868975e-06,4.828435040863498e-06,4.1266503465240295e-06,3.923099014436713e-06,3.856558917750878e-06,6.165228847180075e-05,4.198241538779137e-06,4.93329017300935e-06,4.3321967088033075e-05,2.6366868497250934e-06,4.28519379988202e-06,5.0179281199190865e-06,2.5542181503060224e-06,7.279176258953076e-06,4.024884064779742e-06,3.597715148060728e-06,9.329074363997399e-06,3.968305401110788e-06,7.3121270846735405e-06,3.7154637581820772e-06,4.740808809852054e-06,2.7614558259102338e-06,1.357660311922721e-05,2.2638728352653007e-05,2.8600933791076487e-05,1.9372489738025366e-06,6.783271900711563e-05,1.0007123844158679e-05,8.944621744058869e-06,5.315157288229772e-06,3.5284485242924705e-06,3.5516962182087206e-06,3.7091167423207974e-06,5.7897198464621776e-05,6.704050417826503e-06,3.924521171549781e-05,3.075068246911788e-06,1.0869380715537618e-05,3.1350197950564174e-06,1.5703484368455824e-06,8.168972166393652e-05,7.035051223461911e-06,2.364539988908273e-06,5.9307175720367905e-06,1.0223272046582947e-05,7.877148515843178e-06,9.24775346065437e-06,1.7618370540315654e-05,1.2167576706653409e-05,9.817020051708745e-05,5.350542722702141e-06,1.4220305880725074e-05,1.6081872440181704e-05,5.380708835541366e-06,5.3505968936514224e-05,4.120241320342834e-06,8.554177874293707e-06,1.4301682261318038e-05,2.088174343596395e-06,1.8889708361611194e-05,6.250303619912146e-06,3.522060094659914e-06,3.846422824139134e-05,1.6848949771607697e-05,4.0492352521601135e-06,3.837322288761144e-06,7.324608706352567e-06,1.9827145997201577e-05,3.7374712211785536e-06,3.761161471490443e-05,5.996481292889993e-06,4.28581928978995e-06,4.011451745628257e-05,2.007693305775024e-05,2.6183457252134254e-06,5.063407314096136e-05,4.4751010832230225e-06,5.405985712408046e-06,3.126341233827047e-06,3.2862763763812767e-06,3.815409957764489e-06,3.394777263762244e-06,8.364902320736656e-06,4.066847721591152e-06,2.8599228478258642e-06,2.5826036122093616e-06,5.011359259837818e-06,4.350225401018008e-05,2.0032447280626163e-05,8.1951354261036e-06,4.670829087364585e-06,1.0495953015365429e-05,1.833281437941544e-05,3.196451124622297e-06,6.470071771246153e-06,4.3491205463984165e-06,1.132463004543667e-05,3.7301006841725394e-06,2.593297597262902e-06,8.884127855034982e-06,6.607631639578908e-06,4.4878639298946e-06,2.421506873627209e-06,6.9518277807407325e-06,5.9936307453529775e-05,1.9068027274932903e-05,2.72588134232878e-06,1.0111315751312463e-05,4.318848567690901e-05,6.670028476635958e-06,4.514031213674835e-06,2.7632853230142934e-06,2.2874541739783906e-06,6.138270789067054e-05,6.983529168610722e-06,6.242110640157406e-06,2.4521155185766877e-05,1.6125138208419114e-05,2.7767741671401948e-06,2.5930509098366597e-06,2.344858643664272e-06,1.8438260905449262e-05,2.965125667353726e-06,4.011991394772466e-05,3.539559795936259e-05,2.7220918554250267e-06,3.6630403344572435e-06,3.1061942304416888e-06,1.863541438521715e-05,2.7636956993583e-06,4.0782756398198596e-05,3.7217666399626854e-06,7.008974266035136e-05,5.921266727343245e-06,7.259064284443258e-06,3.610503435294911e-06,2.3906870558867914e-06,2.7672657724089296e-05,3.884430015479323e-06,2.2857087904865043e-06,5.640013932466242e-06,5.851719017233487e-06,3.491904899770054e-06,1.0790634773245055e-05,2.8195793624486585e-06,3.1719425086721068e-06,7.475484181308986e-06,3.0143280667947414e-06,1.983477477740592e-06,1.8216029109153038e-06,6.108672041739607e-06,2.9842340327829294e-06,1.107619667249016e-05
PWY-7111,0.00021469084647265883,9.818277108653057e-05,0.00016186517418302764,8.246047726756757e-05,0.00015087284152464096,0.00019536476300015338,0.00018642526020837765,0.00016595704217637453,0.000344551605812346,0.00010761105376206889,9.045972425869906e-05,0.0001743012685755024,4.016833128797266e-05,0.00017626898112638797,0.0002364574780513162,8.366640157298078e-05,0.00020519786914519815,0.00023393141872510856,8.500429153291631e-05,4.6076248620915634e-05,4.3250509435979e-05,0.00016816307306263391,7.422344811783688e-05,4.8405160102750056e-05,6.732908936308592e-05,0.00015695059034476398,0.00019855833260029948,0.0002906363468121742,0.0001641221746933586,0.00029828754096468505,0.0002508490236536364,0.00018223004125136392,0.0002165076650259622,0.00013592482403699857,0.0001938726633154791,8.263615537576672e-05,0.00015908664034119846,0.00011388373066880027,0.00016794376597119623,4.3283129133945885e-05,0.00012204189017076279,0.0001286978173738066,8.369552238752433e-05,0.0002356607064878601,0.00016514929324194962,0.0001784026099485894,3.423354138417123e-05,0.00019643755696391305,0.00012818865671951945,0.0002644251529900665,0.00011741316539890533,0.00017518757221289243,0.00023858667834576665,9.052826178738196e-05,0.00011680279092865014,0.00027963980343905117,0.0001450639551965438,0.00027522524763559956,0.0002664733559691354,0.00012797024305585765,0.00011029773755514436,0.00015607618726670475,0.00012133438601253056,0.00015643041987557454,6.552812889456286e-05,0.00014956001534649854,0.00021246713902948048,0.00015376274115226046,0.00010267732719359768,7.135313577252019e-05,3.05858067259515e-05,0.00012350720546227544,0.00019118230944037998,2.532954719908336e-05,3.790178338679997e-05,0.0002782108009591623,4.2242189138578856e-05,1.6271801640646917e-05,0.00010470346352870038,0.00021184358015400228,0.00018070362696243525,8.560667355463652e-05,0.00015057119880435138,0.00019199823873183717,0.00012107559802240387,9.058401122657262e-05,0.0002388527320432917,0.0002056439949323898,6.661514682983533e-05,0.00032253215240032613,0.00029878744390299673,0.00018629639182430048,0.00014716556111386603,0.00021823047992105437,0.00021851362889409637,4.2835602115636144e-05,0.00011340360029791906,0.00012957172849319444,0.00017413815764394573,4.352416729985841e-05,0.0001865465547348752,0.00023861859759909514,0.00012912263947106918,0.00013559754317860452,0.00013977744945957413,5.5621632759557575e-05,0.00015141802720970853,0.00025240105501979235,0.0001922000314638221,3.654047399221064e-05,0.00031515670018760633,0.00019352570124911723,0.00020264907347439796,0.00010445088376877273,7.663789902037348e-05,0.0001970999209271171,0.00016599844315920534,0.0001606208407579873,0.00016292508503381155,5.609255659613814e-05,0.0001269491294220431,4.0993268051793915e-05,9.962942767175491e-05,0.00015264776657425414,0.0001344271950075406,2.7914042164052412e-05,0.00022443727819603331,0.00022213343970669972,2.2517471737512725e-05,6.783526966625279e-05,4.730764876423862e-05,0.000163358270017762,5.7575244951575886e-05,0.0002406888083751645,6.765288807776562e-05,0.00019257653682150012,0.00011232853510434805,6.964436064666725e-05,2.896422415649185e-05,6.096793054407603e-05,0.0001836333823083788,6.170382070590999e-05,0.00014735343222166219,2.2553528981467945e-05,7.325850452806189e-05,5.321180027864685e-05,0.0001290041225070169,3.333298302243105e-05,4.284485128281864e-05,0.00015104849829923053,6.66975852941846e-05,6.323509058696715e-05,7.132012341396503e-05,0.00013722713726463292,9.713648837904066e-05,3.24376056035435e-05
VALSYN-PWY,0.00022389488212707734,0.0001512900851681804,0.00021856950438288444,0.00017646552942376156,0.00023483544574482703,0.00021269577689761427,0.0002495325778964986,0.0002537653370599411,0.00035102936143551676,0.00017638666845178852,0.00010879768634001116,0.00025396589835357484,5.061323022395284e-05,0.0002456004518108486,0.0002443263869661502,0.0002478304423833526,0.0002537861475503077,0.00023956025075044563,0.0001801889340614047,5.3307619865998126e-05,0.0001266408778009594,0.00018894531872459025,8.919810815026708e-05,0.0001496405538626067,0.0001190024562568014,0.0002426537419963306,0.000202078758732396,0.0002723048693935565,0.00015923909416035544,0.0002876926187355237,0.00033287006940257893,0.00017516690684768864,0.0002210220263602569,0.00021191652795578007,0.00017004739670975128,0.0001449924178816904,0.000161550654514265,0.0002200463331779311,0.00015613268112163112,0.00011516347726937419,0.00016433237591612193,0.0001984445762773174,0.00021984889161731356,0.00022099602582252017,0.0001720188659789381,0.00025540138368963344,0.00015729418355539846,0.00027000517262875567,0.00017232115297914825,0.0003231508812724588,0.0002502506778463245,0.00020876901443403278,0.0002546729570433248,0.00016937409405659123,0.00021281051392843016,0.00025201787178183704,0.00018043271432297461,0.00033277660185438893,0.00024143916589170034,0.0001585311477484544,0.00011713330591974599,0.00024649707752445635,0.00019512939966575489,0.0002197023938933535,0.00012985483858003193,0.00018198804015470495,0.0002065327235331566,0.00025773283371637604,0.00016975282465152877,0.00014070036925665133,9.352665047182309e-05,0.00015332887472117268,0.00019295519666678407,0.00010715728951310318,0.00010170251777104106,0.0002722220586618509,0.00012963045013258086,3.3137654949873386e-05,0.00012680871455521568,0.00030512996765530236,0.0002337052848709647,0.00012091211859820058,0.00016837743413112506,0.00023425743049383554,0.0001773040844686751,0.0001402418653952818,0.0002750778371001554,0.00021208877247658875,0.00018726988688206177,0.00035073720337716407,0.00029131423240681665,0.00023634187568584937,0.00022991326008094533,0.00024872296158331503,0.00022589913545870849,0.00010581644907428296,0.0001962309321320846,0.0002683141518880391,0.00018115450803699704,0.00016025463664838855,0.00022508516050475562,0.0002134765327874039,0.00019632494952290984,0.00024311312491578357,0.00016237375330097333,7.405477043240213e-05,0.00019661035007369708,0.0002625347698009053,0.000267373528049367,8.612516997697039e-05,0.000336282413007677,0.0002581643186291938,0.0002459794210843872,0.00015043496632973906,0.00014796624184138185,0.0002799106100752255,0.00018908470017642526,0.00020282348386234524,0.00020593337234533671,0.00010219570771468016,0.00021494634366814544,8.183100223365372e-05,0.00010920927646064422,0.000204299749372443,0.00018107400620226758,9.22023028143171e-05,0.00023539527700444304,0.0002056428666675282,0.00012981450994152956,0.00011472962483021648,8.684784823926717e-05,0.00018319862024157813,0.00015541097152788682,0.00021361952429434187,0.00015920416613296023,0.00019098892622865783,0.0001822041767835555,0.00014842289286182283,0.0001541425162238945,0.0001725488875938339,0.00017802267731359482,0.00020147223369709763,0.00021439670212466234,0.0001485629911573821,0.00015099083651793656,0.0001486448174604871,0.00016603091811371226,0.00010182612019645514,0.0001297825472941397,0.00021396716543205626,0.00011432161863924582,9.738927154807764e-05,0.00014951078770158825,0.0001492583418490733,0.0001509958791984441,0.00011255875253284684
ILEUSYN-PWY,0.00015388360157509245,9.920232276985043e-05,0.00017816978748302317,0.00015007394393322292,0.0001845333843566936,0.0002082709055356969,0.0002407498865053403,0.0002272613801935706,0.0003333211919091083,0.0001452810321968603,9.445832689791294e-05,0.00017447505890424205,4.750802009521151e-05,0.00020347898291135947,0.00021949527130351088,0.000144801094108778,0.0002283484818487271,0.00021588576570237222,0.00014031418711835138,4.972901382530385e-05,0.00010911007149781944,0.00016897347321969354,4.5514078094334166e-05,3.165258835154437e-05,9.766307432789432e-05,0.0002129982116398719,0.00020125855520560383,0.0002504632247607404,0.00015829829768436673,0.0002569286897841567,0.00026364375183187923,0.00016866720959192032,0.0002167195315669563,0.00021110800152458913,0.00016614002790107019,0.00013729774413835265,0.00010680068136156952,0.00018372334313825566,0.00015525490214066609,4.5730075679022495e-05,0.0001330408216441434,0.00017152657579897133,0.0001598104969480643,0.00020875918954411232,0.00016419944556389407,0.00023506749153651954,0.00013766201401247267,0.00019688095382824975,0.00015554397299912093,0.0002956479063267542,0.00020029410423240374,0.00016284668640621514,0.00024628242520630063,0.0001259817870400816,7.856400611823763e-05,0.00020156895043758416,0.00017372956421966726,0.0003084736849935965,0.0002211621040882211,0.00011537615230281481,9.885060703683255e-05,0.00019361859397450944,0.00018382952003061651,0.00017144270457392026,0.00012589569535900055,0.00013760712694544703,0.0001942451967527303,0.00022084693668420955,0.0001510892753964792,0.00013226776298413875,9.307928165596864e-05,0.00013350034576579595,0.00015236725007792968,7.311961543113563e-05,9.344376431128777e-05,0.0002528205422405375,9.120998729789891e-05,3.1466904494913266e-05,0.00012334320647158423,0.00029675672012026877,0.00021709641040151007,8.161397688121212e-05,0.00015628711480463996,0.00023285195773177565,0.00016170996366903536,0.00012102781480645133,0.00026995554150310315,0.00020160410822976112,0.0001295745729240378,0.0003222903763984264,0.00026131502117764457,0.00023439656029263352,0.00014552232750250315,0.00023066252557415112,0.00022542397488653366,6.234243848080218e-05,0.00012358257333830504,0.00023351134187227443,0.00018070485990035194,0.00012439287970727594,0.00021662250155115163,0.00020448430025430796,0.0001785754175110429,0.00018658242919510808,0.00016128333852265099,6.407247492596685e-05,0.00016146076593910363,0.00025690946738397743,0.00024752145385129455,5.789689178425283e-05,0.00032753746607304776,0.0002560729917239033,0.00022924046804825688,0.00011542739116602831,0.0001445980723600063,0.00019806477678729832,0.0001803109595104571,0.00018952565015487873,0.00019040515582929244,8.191862740158712e-05,0.00016662609173684331,7.9939077121868e-05,7.12959875588557e-05,0.0001709148530010719,0.00015252574785867202,5.3353740097132094e-05,0.00022211195455799137,0.0002010809277622244,8.6200557780843e-05,0.00010280811753621616,8.627548566663012e-05,0.00015824921041116986,0.00015097754429822734,0.00021239388819447222,0.00012303876210351453,0.00018515270806363315,0.0001767998052220458,0.00012017450698525081,0.0001510869345111518,8.541548159347705e-05,0.00015372691228419274,0.00014928888614400843,0.000195466979213184,5.1835626698926045e-05,9.694665251787242e-05,0.00011998606540798972,0.0001105292004057578,6.847639418866786e-05,0.00010361390880465767,0.0001427964172598831,7.694447644433742e-05,8.225507148332778e-05,9.377446253390617e-05,0.00013638578844514724,7.214228051924641e-05,0.0001006800885990223
PWY-3001,0.00011785642924882005,5.360353761475602e-05,6.639203354634887e-05,6.948921019485912e-05,0.00010183924870152794,0.0001573593699935142,0.00017825479236514608,0.00014421309343568226,0.00022727063419637598,7.700764535998137e-05,4.666391576631238e-05,0.00011299836150560847,3.861772076732076e-05,0.0001082572020165616,0.00015417038623629354,6.678537380795463e-05,0.00015716249170674143,0.0001584573567003839,5.722258385091249e-05,5.1457235844990414e-05,3.93017278453128e-05,0.0001150704538428014,2.620304568087315e-05,3.139466301352635e-05,3.729200105396977e-05,0.00011402968745369487,9.220112239907015e-05,0.00019821545068617397,0.00012302708447758657,0.00019750442170211936,0.00015533567198871976,0.0001292796998310891,0.00015756464052861627,0.00011185576320812055,0.00011923786952017793,7.781807116372532e-05,9.01780427510833e-05,0.00010347617590343945,0.00013316965876836718,4.815755419484745e-05,8.390251334618905e-05,0.00010433469284275258,6.827479233894756e-05,0.00015807469264295543,9.303132741769286e-05,0.00014680407971070925,9.319237744123828e-05,0.0001388323131157144,5.439340436246956e-05,0.0002258942024518264,0.00012681167849630987,0.0001253284461680893,0.00016337395712801147,6.114485105147676e-05,5.4313608868871676e-05,0.00018360762999121403,9.589556992971981e-05,0.00022156582733863414,5.177904561216931e-05,6.686340297833317e-05,4.80034272480266e-05,0.00011733329586443513,9.661394207643949e-05,8.546183126911118e-05,7.599487650032306e-05,0.0001017980477131789,0.00012985044913252583,0.0001258201716288632,0.00010709816742479686,6.311198625242235e-05,3.752925967621828e-05,6.444971962218529e-05,0.0001101097573872711,4.840815217298187e-05,3.4486478161385136e-05,0.00019263296589507395,8.20200031298811e-05,2.9864772077455006e-05,6.640392293463836e-05,0.00017583280794189766,0.00015345142889043942,6.396082008105228e-05,0.00011949093440745016,0.0001347433103045601,3.639460377459761e-05,8.732450732666223e-05,0.00019536298759489012,0.0001284181139494334,6.27369054575858e-05,0.0002441682127343767,0.00017421246892993804,0.00012517032997538493,6.93009378350593e-05,0.0001442074056221715,0.00017279911076758544,2.6453933698237635e-05,6.650702067007004e-05,0.00011485636584667114,9.913130395585817e-05,7.419398166460338e-05,0.00012901467791395072,0.00011457030587188478,7.098514322545037e-05,8.53180329905272e-05,9.599714351815637e-05,3.2031078582565875e-05,8.310484989126261e-05,0.0001729387285332671,0.0001254645947407865,2.0191222579202092e-05,0.00024580045952586176,0.0001573433971004231,0.0001463800181742159,7.114645011849429e-05,7.445223967355399e-05,0.00011692287285101203,0.0001196285779012978,0.0001332283193339562,0.000124364319170854,5.824655286148397e-05,6.794649398099409e-05,6.169346012659504e-05,3.170575790232355e-05,9.675551658716182e-05,9.000092660265287e-05,3.740885377884111e-05,0.00016543785981752558,0.00016157604228405917,6.05433208114376e-05,2.6071319886005683e-05,3.6531171972180304e-05,7.83752952080751e-05,6.170722521177598e-05,0.00016931361390104654,8.028170890072974e-05,0.00016548016395551864,9.402826332686933e-05,9.325461899285403e-05,3.5359725479128654e-05,6.760375434136557e-05,0.00011695314234156146,5.556615873250079e-05,9.734694399314697e-05,6.61562381549897e-05,7.850863066246987e-05,9.180317981304846e-05,7.541845253584445e-05,5.124146121421342e-05,8.442841892895423e-05,7.042611175009782e-05,6.059846332715599e-05,5.960614246517713e-05,5.999004679443095e-05,0.00012660788211254765,4.110351879482597e-05,4.780140670452489e-05
PWY-5103,0.0001273501417879694,8.063694212621778e-05,0.00015699258296864634,0.00013527885486538393,0.00015912932717604061,0.0001981853509486048,0.0002259992181940907,0.00020225717087703817,0.0003086076850072196,0.00012868178348193182,8.219404962231555e-05,0.00014330014285737148,4.5544468052898674e-05,0.00017623314307640107,0.00019959571807232247,0.00011444345079508064,0.00020287902669698901,0.00019676694585235062,0.00011896411455689218,4.6282400963322754e-05,9.780488398534738e-05,0.00015477110768506692,3.462091786893577e-05,2.1477547123746913e-05,8.656599801014074e-05,0.00019197901281918034,0.00018983246796981277,0.00023188339620931457,0.00015311675659486257,0.00023049498557997894,0.000229380063451111,0.00015808253423430763,0.00020123537866604144,0.00019943324069328534,0.00015573688738000985,0.0001262889711594555,8.629785039820258e-05,0.0001620807037405609,0.0001418478019751004,3.3134828435819265e-05,0.00011520561546244569,0.00015516496271081654,0.000135649575235105,0.00018817479501374992,0.0001526204254621714,0.00021656100567415612,0.00012765593572268853,0.00016545552752504186,0.00014135522729559816,0.0002755507982136011,0.0001762904312374146,0.00014215829927920084,0.00022528823624644515,0.00010631169425606265,5.640246328495684e-05,0.00017359512561088356,0.00016074163775364134,0.00028519603418144287,0.0002025551693923227,9.463806455235977e-05,8.734669873067818e-05,0.0001662445896204726,0.00017534267397601773,0.00014521474189274874,0.00012019047896617046,0.00011775127101969154,0.00017866721972156595,0.00019778452228237694,0.00013639493600807297,0.00012597235612279487,9.214370371885024e-05,0.00012054858881404297,0.00012984290114369622,6.052049775339975e-05,8.671695678458968e-05,0.0002317695387009145,7.624934353271224e-05,2.8361600403885885e-05,0.0001143770433494465,0.0002833506300201335,0.00020779511828823688,6.747372152026772e-05,0.0001440250749625057,0.00022245172233564762,0.00014789580978276267,0.00010998664305204607,0.00025271432062675563,0.0001918449647036897,0.0001080975012312397,0.00028839997003511127,0.0002360208451061537,0.00022639154118760094,0.00011720393239544304,0.00020973037123476438,0.00021556478348287882,4.862478340991766e-05,9.946345061558585e-05,0.00021028528582007445,0.00017242389793890316,0.00010656334806538445,0.0002090474588686127,0.00019009769666425942,0.00016071494240949263,0.00016160417527580584,0.00015361205805645682,5.757654160683487e-05,0.0001398600078541478,0.0002434354876231964,0.000232251129980646,4.787477130080559e-05,0.00031319313514817723,0.0002474831873736186,0.00021159844479123392,9.944984678981973e-05,0.00014048559808249968,0.00016405930805858437,0.00016697255244130243,0.00017507991614364721,0.0001756010052565591,7.284483791297824e-05,0.00014347155366945167,7.555259748984068e-05,5.791125445527442e-05,0.00015197252618140246,0.00013564962308108312,4.204697824359964e-05,0.0002056257969444162,0.00017861399271515963,7.063420615139962e-05,9.335248913283414e-05,8.122969170942396e-05,0.0001429497750534059,0.0001474998384403471,0.00019799219597867613,0.00010680243269882101,0.00017202541282794405,0.0001644241109877295,0.00010517361081520118,0.00014579557373645656,6.541664533063348e-05,0.0001344864983236357,0.00012706830220205492,0.00017825840248600653,3.697849286013483e-05,7.749015002182022e-05,0.00010653465841783427,9.16101837355701e-05,5.6230525902025245e-05,8.980592194040596e-05,0.00011641301376772254,6.186013105162397e-05,7.207847566362426e-05,7.561004671968326e-05,0.00012324636890687478,5.4311971520177846e-05,9.216737252142706e-05
ARGSYN-PWY,0.00017148389756456393,0.00011885269966404584,0.00019065207060584916,0.00014368078482394746,0.0002360649226511787,0.00017842637855372054,0.00019211627789747452,0.00016796790376322806,0.0001931604319352674,0.00015263392436499603,8.125302329309392e-05,0.00018865340635653273,4.9542597263280006e-05,0.00020389353354184162,0.00023165311622542326,0.00023115955096783276,0.00019518540075077041,0.00017079917616494316,0.00017238264636844873,4.58880404389411e-05,0.00010772064852633225,0.0001616068562034082,0.00010081691130107652,9.816675207002097e-05,8.817582243861667e-05,0.0002125011869446142,0.00022884613624722655,0.0001880368875649443,0.00011605396030013353,0.00016514114591555232,0.00020859888161746403,0.000137788412350101,0.00021305517453399766,0.00017104412795554346,0.00019294723033792883,0.00011796276989563426,0.00011307378850879918,0.00019344335135150674,0.00013489718894864873,9.441205033511653e-05,0.00012905362126820858,0.00015342839481629925,0.00014997777263147605,0.00017957850320537554,0.00015804924424684064,0.0002215101521462825,0.00012166911414443398,0.0002046443384907274,0.00013880573566657972,0.00022131503642280076,0.0002339300385165054,0.00016430123226386566,0.00015556951498836902,0.0001575814069939431,0.0001446017866158026,0.00023085938212100927,0.0001800777836591431,0.00021936168554322896,0.00018366449418070642,0.00017642433726361946,8.306634823310108e-05,0.0002677682842089292,0.00012182751737461774,0.00016002092462583797,9.962287144761622e-05,9.871641913513249e-05,0.00016729179502074086,0.0002043360030325001,0.00016191312285355046,9.954942396520639e-05,7.50672167328708e-05,0.00011273479502340636,0.00011085363915120893,6.326384597155138e-05,5.665333750023124e-05,0.00017556122284897806,9.217360417203705e-05,3.7474441033787575e-05,6.385939697763411e-05,0.0002303207304385063,0.00016234318061373554,9.579497273790991e-05,0.00014937947485790882,0.00025047698318979983,0.0001430784390285968,9.882225158685783e-05,0.00022980332632719839,0.0001576743503780096,0.00015669870885649332,0.00023513938560938845,0.0001577908937918432,0.0001888163077312528,0.00014468254414836827,0.00021012292951218077,0.00021261953515020162,8.011436082925741e-05,0.00017795231142967425,0.00023091270012862684,0.00016888034848935082,0.00012690246019987438,0.00017375196416024677,0.00018397871516566714,0.00015350416602439985,0.00018769070940187474,0.0001255474400351304,7.574857242316226e-05,0.0001418359603164209,0.0001896444691422785,0.00021330669434268328,6.549759113909208e-05,0.00026091855467549077,0.00023010411346177084,0.00022768073969955054,0.00011848607716085984,0.00011009450462106703,0.0002211524717294519,0.0001785955487185048,0.00014359611108950588,0.0001752511468766047,0.00011137148715246245,0.00016927408241037753,7.979944334053132e-05,8.823723047727946e-05,0.00014871854018747268,0.00010326389987241847,8.69062958178659e-05,0.00014017204810651444,0.00013389856955963025,0.00011186938250320237,6.459800181712316e-05,8.852918341343499e-05,0.00015743787213452821,3.1188337789441384e-05,0.00014079431265302158,9.946670263974504e-05,0.00017617578118643876,0.00016087420417160264,0.00010735912688506193,3.20610805398437e-05,1.907090963909868e-05,0.00013438849776711508,0.00016060100877384516,0.00014138422930548678,1.0852986247330303e-05,0.00013344623928454236,6.046357573975713e-05,0.00011652927773437847,0.00012954314330327347,6.641841603552306e-05,0.00012546312609619333,0.0001036259020989805,0.000119487880603026,0.00013434805126281307,0.0001405970178748435,0.00011293286718146807,9.313271662807934e-05
ARGSYNBSUB-PWY,0.00017824630230418192,0.00012138332179743111,0.00020173038246731507,0.0001701471682113042,0.00023870520062345055,0.00019377925941098807,0.00022109725086330494,0.0001904230979749783,0.00019626361690334854,0.0001555046643153335,9.822860747894632e-05,0.00019244673879669172,5.038650302596118e-05,0.00021532193401621708,0.0002549361338384624,0.00023368693668563068,0.00018839294646086206,0.00020385162601285197,0.00018856379490314053,5.9610445402218526e-05,0.00011873837203300938,0.00017353607609997193,8.86633199810781e-05,0.00010370208247413289,9.296062254594981e-05,0.0002258818772612356,0.00023684699359422795,0.00018178962704961752,0.00014258406031332076,0.00016482026262793054,0.00021001635062332987,0.00013770045834925163,0.00022343155667726682,0.00019731762359804456,0.00019584202605758111,0.00013697623959141994,0.00010961489786769965,0.00019518225625881475,0.0001406087087371281,0.00011283727627042603,0.00013580616915191012,0.0001745647947101208,0.00016362247637951346,0.0001854141271092706,0.0001592072162084407,0.0002242556982500876,0.0001212771674232169,0.00020832290202836483,0.0001564894253443782,0.0002217203336294008,0.0002476447911698377,0.00017307366246114542,0.00015584000251823955,0.00017031841788082833,0.0001617433995120682,0.00023598636413113075,0.00018532776350784267,0.0002189774083547247,0.00018412277846638356,0.00019137944371305747,9.824396617490702e-05,0.00029363886058439,0.00013139833731686172,0.00018236474102641044,0.00011146275029085474,0.00010120331979698288,0.00015927112741483807,0.00021411647344628595,0.00016073387154054222,0.00012579873785578834,6.469767285538246e-05,0.00010643384854420207,0.00010285737269167076,6.778331651640442e-05,5.6703526798616674e-05,0.00017372753030195842,8.814829964469862e-05,3.9181165400541675e-05,6.614407235954922e-05,0.00024510300316047827,0.0001745115961638748,9.303069114879635e-05,0.0001435431728883966,0.0002681937144359077,0.00017175848239548097,0.00010064439467990831,0.00023763981287686342,0.0001496386878936494,0.0001606431131447391,0.00023376981649109697,0.00016578641078385806,0.00018937212621517253,0.000165275396014644,0.00023952118240335083,0.00021990939768006508,8.502518801124837e-05,0.00018928772000469294,0.00023352079334730213,0.00019157633193916116,0.00014080242931279661,0.00018454418026992174,0.0001847744713129776,0.00016683623887460308,0.0002005021872646007,0.00012595664116902587,7.388044277768837e-05,0.00013940083225092806,0.00021346439421346898,0.00021987491154612268,7.641861699790359e-05,0.00026952705676470403,0.00024631809803320637,0.00023936669432322193,0.00012053100098213835,0.00010258711879530755,0.00023205433254924892,0.0001889993116337307,0.00013466632409060207,0.00018656484562931715,0.000129852874781279,0.0001675571934726502,8.760423120702183e-05,8.815790833008807e-05,0.00016682163391246068,0.00010851278103822319,8.671184824981249e-05,0.00014270298537909996,0.0001376704919733055,0.00011589540543324194,6.23555726616349e-05,7.205690170908438e-05,0.0001600073371598095,2.6655370402309337e-05,0.0001480637306533926,9.765051426434324e-05,0.00018207031658684845,0.000168590485293161,9.399792923994655e-05,2.8624123736691543e-05,2.2912061263790146e-05,0.00012350980087198312,0.00016677161881896858,0.0001363334675533861,1.2423472013281411e-05,0.0001334997151274952,5.3775779749045354e-05,0.00012055531536177577,0.00011424422000011349,5.919432514350136e-05,0.0001225640733270716,0.0001150017723686273,0.00011336980439622494,0.00013990088698374832,0.00013732213544290027,0.00012825037528539315,8.897732337529044e-05
GLUTORN-PWY,0.0001427385722670658,7.801623790526455e-05,0.00016583850192282884,9.396407893569293e-05,0.00019757352756242264,0.00017733850821695114,0.00019138766353557658,0.0001756525201456167,0.00017755086296557655,0.00014904184488010477,4.8085964549092166e-05,0.00015861153769792117,3.988174240148473e-05,0.0001840762667480376,0.00021673250024450286,0.00020143306237361552,0.0001478805436330496,0.00019273761495653183,0.00014016805782981941,1.851706150362961e-05,9.670051346439275e-05,0.00015965737661216076,6.459274030298826e-05,7.461455167882162e-05,6.138766224266508e-05,0.0001801289319356556,0.00018820275915407044,0.0001420890749933453,6.17850064803309e-05,0.00016795011015218,0.0001935941288240559,0.00012253480121826872,0.000202722598467079,0.00017641372688993861,0.00017711987568130733,9.701223160541312e-05,0.00010452317471848653,0.00017098239329385237,0.00012258133063844246,5.8293409744485804e-05,0.00010918585153474448,0.00015007270947858388,0.00014256102053687855,0.00016161184983721883,0.0001344379543409316,0.00019311082771381082,9.853283700020372e-05,0.00017747497533904095,0.00013644898838544847,0.00016348489394230807,0.0001966483027675087,0.00014389920074514066,0.00014506271183368588,0.0001410148144673737,0.00011004821792552784,0.00020057691175016674,0.00016956417342674338,0.00019392071742785222,0.00016363621048815335,0.00014151916085749984,5.10777873646939e-05,0.0002447512511506972,0.00011777939024334691,0.00015981776960896554,5.299064549390208e-05,8.639661838298795e-05,0.00013017369759372134,0.0001828618084321155,0.00014345530335098942,5.788585331846814e-05,5.1454941708854795e-05,8.040208143761938e-05,6.68107121423329e-05,6.059420799348609e-05,5.45804168382489e-05,0.00015888462652853468,4.7849464671356056e-05,1.6819466286530417e-05,7.149446234089493e-05,0.00021100052404017354,0.00014557541243969622,6.528048603500228e-05,0.00011747425390532513,0.0002503859672527667,9.378756351769025e-05,7.56401881389235e-05,0.00020502401876350713,0.00010443772451879801,0.0001334732296152778,0.00019716472404595419,0.00014923089757930207,0.00017216578786070485,0.0001438241156208001,0.00021719053970190407,0.00018916022826951843,4.871831878234804e-05,0.00014287309398664487,0.00021521799490771556,0.00017082526525091178,8.16382405334114e-05,0.00013651568113851983,0.00017317657547424536,0.00014310267534827344,0.00017541547426561265,8.549225639653646e-05,6.850691830144419e-05,0.00012543577441466756,0.00017812969087580084,0.0002089179585795367,3.229924850603929e-05,0.00019869333356643966,0.00019750477381415176,0.00020283842079374967,8.670532887471073e-05,8.8197446077553e-05,0.00019826240023090668,0.00018509974133099405,0.00011519949973600775,0.00016165812454443143,5.693344066733641e-05,0.00015017451507938901,5.6647403765402326e-05,6.801709455975458e-05,0.00011484760363315244,8.02060894090542e-05,6.49028851646879e-05,0.00013328252040548314,0.0001234064133059299,0.00011107980774680851,5.858911832284287e-05,4.669921190063618e-05,0.00013268761722579414,2.8263626398545166e-05,0.00017068223815276117,8.477072611038805e-05,0.0001469781794603423,0.00012615129786484682,7.639773558934313e-05,3.276539813517457e-05,2.8556237869112884e-05,9.775358798752336e-05,0.00014221374909178695,0.00011170876316717095,2.0075686182853515e-05,0.00010196739506835727,4.653970449863995e-05,0.0001132368378649808,7.479958737969293e-05,3.99094522778588e-05,8.551334689620777e-05,9.762938256800668e-05,8.766436385126401e-05,0.00010122692664046302,0.00011475392082964022,9.4865339705008e-05,7.345287606738193e-05
PWY-7400,0.0001707645083477717,0.0001181210981329049,0.00019002129710297285,0.00014331662757326521,0.00023566861095286292,0.00017812719305023775,0.00019209078893620766,0.00016831913883884244,0.00019270284607384624,0.0001527524753782926,8.061478853152528e-05,0.00018811458596956917,4.95257289829101e-05,0.00020317924891948735,0.00023084108234485684,0.00023079716975350724,0.00019497228766867864,0.00017097715463734273,0.0001714182266292967,4.2913872150401284e-05,0.00010761836748896364,0.00016128865050024586,0.0001014979651165266,9.792419069910155e-05,8.805107833759882e-05,0.00021146324860054724,0.00022800479582670187,0.000187811186052507,0.00011556525699780555,0.00016331542396810393,0.0002084002595409235,0.00013767360403840254,0.0002126787236081463,0.00017114773772250274,0.00019255853774148115,0.00011735368586073972,0.00010985249733139904,0.0001930053341517252,0.00013450910542251913,9.400549538943846e-05,0.0001286197833774512,0.00015371496977250603,0.00014946358192722623,0.00017917796242578,0.00015780511298310994,0.0002213273858847715,0.00012158346261908695,0.00020418252469966855,0.00013876683568215918,0.00022048582760016822,0.0002329375143544512,0.00016401414871001894,0.00015555509901013926,0.00015682406831156218,0.00014388184117311437,0.00022819404430172494,0.00017984658814169024,0.00021911877781493377,0.0001834620620902318,0.0001758253362265477,8.258616170890478e-05,0.0002672462896360135,0.00012148454183329984,0.00015969833180640283,9.954943503571499e-05,9.857293433784892e-05,0.00016759557690804964,0.00020357855584020017,0.00016184917425570079,9.921615572341948e-05,7.606010820840182e-05,0.00011277630381049989,0.00011053916923683336,6.323790173311442e-05,5.6801209020370816e-05,0.0001756890675264423,9.259041823125405e-05,3.7321008404121404e-05,6.41816701355115e-05,0.0002297437337790825,0.00016171227514232204,9.535422768978102e-05,0.0001494985443299902,0.00025014658663358137,0.00014259596757155806,9.876750048335925e-05,0.00022905889476462145,0.00015720625699951145,0.00015651848374674722,0.00023465043286181932,0.00015639599957247162,0.0001886304200693675,0.0001448663225828447,0.00020991029437879248,0.0002119495191296364,7.932412972494476e-05,0.00017690640553881868,0.00023081548479022372,0.00016874724714047368,0.00012665888365911838,0.0001730421920763978,0.00018400161022710278,0.00015270107433686253,0.00018707955205071836,0.0001250920367167052,7.593683762042194e-05,0.0001419148970491064,0.00018903021718831944,0.00021339477254884998,6.494710948968688e-05,0.0002593831717529799,0.00022890674307011354,0.00022683125836842785,0.00011782528921951419,0.00011073838524741585,0.00022076631034800755,0.00017856583214100576,0.00014431381927829432,0.0001747635666085112,0.0001109664909739817,0.00016929571064440543,7.928196059319127e-05,8.805893800549801e-05,0.0001480514169974306,0.00010301230731314781,8.725070494415006e-05,0.00013898048150941356,0.00013282949945096902,0.00011180495105466613,6.489936895323068e-05,8.956204179850562e-05,0.00015685413382091529,3.193965719940878e-05,0.00013933618065986177,9.951256344750234e-05,0.00017553762445471843,0.00016032712337516394,0.00010859463709309547,3.274095317793046e-05,1.883482757523514e-05,0.00013505966809073555,0.0001601725517208518,0.00014145583993189386,1.0818094837787943e-05,0.00013327777669345665,6.121730998823817e-05,0.00011639409913099504,0.0001298469859568699,6.699092450663248e-05,0.0001248042577247805,0.00010363079973658956,0.00011952367144675978,0.00013386491610135884,0.0001405828750468126,0.00011237351375646209,9.328717506676437e-05
HSERMETANA-PWY,0.00011693286537634283,6.280863254826397e-05,7.940744797248987e-05,8.8262498249448e-05,0.00010247106897888043,0.00013783501413324706,0.00018708712848429415,0.00016219685489607643,0.00014021407377701306,9.137926355435741e-05,7.079589898355179e-05,8.34617320716859e-05,2.919336606532281e-05,0.0001332033695188973,0.0001698677175364323,9.074893532381552e-05,0.0001961308084892651,0.0001242301975043043,5.6632496039242656e-05,3.6323127088820876e-05,3.8931361118353994e-05,0.00012111686127234741,3.5897711679728135e-05,5.0888358525226364e-05,3.1258138251290276e-05,0.000103205406071026,0.0001548222335357949,0.0001563394301108557,0.00010623529545700858,2.6045924752278075e-05,0.00012736044395209189,0.00011046153076129037,0.0002161169815435634,0.00011494403186115011,0.0001825137786796714,0.00010439933645655,0.00010388668397365853,0.00011134050312459455,8.383146438797936e-05,5.57714720492642e-05,7.585648771347979e-05,0.0001139223863137781,5.74569282870864e-05,9.348647051073858e-05,0.00012603719523382267,0.00010142039004082313,5.8434690529256994e-05,0.00010989766563283665,9.971678827014677e-05,0.00025284674859521494,0.00010119616558294153,7.920278514441107e-05,0.00012131638898747036,5.726313681009592e-05,8.93364760314708e-05,6.215573870643255e-05,0.00019693839450344344,0.00017426397306100332,0.00016029412186460872,7.80100126605659e-05,6.940116460800409e-05,0.00016616911159721476,9.499786314831824e-05,0.0001366502161456617,7.14211603061629e-05,3.946491158847409e-05,0.0001443438003571161,0.00012426950991411144,9.565744962892102e-05,6.846639199156627e-05,5.3884240652600096e-05,8.101760218811772e-05,9.395521771929712e-05,5.2574483129291824e-05,5.3856746075533256e-05,0.00012289367038880843,3.892862508191135e-05,3.706563753436656e-05,5.931243719732884e-05,0.00018047853859775597,0.00011593617628677871,4.6282663712858993e-05,0.00014256838075881256,0.00016876819447079032,6.857844035267103e-05,7.163578972629171e-05,0.00018111291412336626,0.00010703989729793463,3.251514712795166e-05,0.0002215641704051267,5.104354641237024e-05,0.00013818565046877485,8.15453317578858e-05,0.00016084021959594636,0.0001487005399210652,2.6951213366536207e-05,6.895037084032279e-05,0.00018299207160665012,0.0001046371291282139,5.3397074060578746e-05,0.00011592264418354007,0.00018834964238263478,0.0001271788686091971,0.00010804106364862575,7.60843052533425e-05,4.768870635457257e-05,6.401812833989998e-05,0.00012053072158935149,0.00010069599397215412,3.607931068160232e-05,0.00021614735963499683,0.0001527570213933043,0.00016505309466715573,6.14017925645637e-05,7.936116942174566e-05,0.0001387250977483407,0.0001287608440279639,0.00012649139414272042,0.00014124151508321792,4.639578348301168e-05,0.0001081108597577169,4.905876602253954e-05,3.4887398350895855e-05,0.00012814725883449142,5.915895894726577e-05,3.5806133794612e-05,0.00011144152846714023,4.181542990974364e-05,2.735756711755626e-05,5.875113275965758e-05,2.5664976339928566e-05,0.00012426807237996183,2.924132916479222e-05,3.603301448968143e-05,8.008293711856329e-05,0.00012501549219466382,0.00014594897896029428,7.319372741471005e-05,5.9091504502452876e-05,0.00010558995065915399,9.112026735398408e-05,0.00011851531740396284,5.140522764799587e-05,5.54411096994425e-05,6.275187616429226e-05,7.144863577513154e-05,7.795120555657641e-05,4.2619359082535644e-05,3.902958562968517e-05,7.78166349640141e-05,4.393813384048781e-05,6.136904921628867e-05,4.4748802146145804e-05,0.00011080947009501526,6.082835121120893e-05,2.541857877518201e-05
PWY-6151,0.00014824694469764578,8.911677424332484e-05,0.00012652640205585835,0.00010154320729888602,0.00015398952239527381,0.00023738391548340328,0.0001863328967323009,0.0001850153713369521,0.00020022081879033057,0.00015832398993958054,0.00010336803747308139,0.00011454721152005917,4.2392330105963794e-05,0.00015559977128528073,0.00022990856162634398,0.00019086996010916993,0.00017825296574049642,0.00016986078086486024,0.00015117934097560616,8.255172046992535e-05,0.00017161203709379694,0.00019253527007448318,7.990448278254556e-05,9.28727802001955e-05,8.588017487886283e-05,0.00021975405681379405,0.00020719690810951894,0.000212402999036355,0.00015021148933653034,0.00017447412988589578,0.0001880796081605226,0.00018319295765692622,0.00018710023007150657,0.00020528774530604622,0.0002439940978922128,0.0001565939551136463,0.000108889204109188,0.0002118016385325331,0.00013088412082013718,6.796343219968864e-05,7.741179264231532e-05,0.00019197450403740752,0.0001427457823932192,0.00015460471349598094,0.00014553757539172176,0.00023007526957794183,9.594805678889806e-05,0.0002096271992879352,0.00011226111931362647,0.00027898166611728305,0.00022028677932775948,0.00013027066693549388,0.00016106868070787274,0.00011655482282732454,0.0001299876116105278,0.0001677778869966585,0.00022900993738478298,0.00018097245446452176,0.00022697650748913052,0.00016895465429134972,7.971148286661049e-05,0.00020621109629682694,9.569530289528626e-05,0.00016961620686892692,6.195493132230905e-05,5.924757749472408e-05,0.00018536398933566024,0.00019424697697673597,0.0001291777448648224,0.00011670166145665645,9.204417012510957e-05,0.00011944394939425881,9.628899952585547e-05,8.549340546635274e-05,3.736368522519087e-05,0.00016752592544734256,5.261440815579378e-05,8.840709889444283e-05,8.878515894221547e-05,0.00020522695538737935,0.00024977534363875025,0.00012269100524721325,0.00016195586914298355,0.00024274356931250221,5.781978591283047e-05,9.973108069902503e-05,0.00024645883781429127,0.00012443792018364836,0.00015185839942632532,0.0003037425200901754,0.00015666862850986346,0.00015385857323669364,0.00013244803368120812,0.00014868936100210158,0.00020402570662933495,6.822430900078262e-05,0.00014339378056132983,0.00019232423478275637,0.00013071493117841916,0.00010952460292109906,0.00020570943381822897,0.00020546826906744648,0.00011826137501018748,0.00017272235676692445,0.00011936375154228952,7.428237511163226e-05,6.950000946924822e-05,0.0001843718048723578,0.00018728698197124956,6.752977910007997e-05,0.00028286024187304477,0.00018018063383721638,0.00011727559221306344,0.00010808988678875892,8.084231062678632e-05,0.00020770339355638616,0.00020575684269351905,0.00015135598754036623,0.00018750429139083186,7.723339654503563e-05,0.00013795091076011952,8.710765662441053e-05,8.93531085171219e-05,0.00015053158024548688,9.932264602239298e-05,3.1771922503154355e-05,0.0001677178415433109,0.00010954429378552716,0.0001021219295176282,0.0001028351399627188,7.613355567165181e-05,0.00016124499146108066,6.561302183252344e-05,0.00013629944111945188,9.727754564890094e-05,0.00017459007591914504,0.00010646567798317651,6.554460163634779e-05,7.535387465333712e-05,0.00015935496613151307,0.0001316277114032333,9.215784936861513e-05,9.695650607416508e-05,0.0001257239004181832,0.0001233007010392034,9.08196157797824e-05,0.00011599852286436802,5.4226798841024124e-05,0.00013719970893214773,0.0001327816110911594,0.00012226257682529772,5.252809947982731e-05,7.981802967154074e-05,9.622369555474712e-05,0.00012285164193111202,6.76279761103912e-05
PWY-6609,0.00020803782539266394,0.0001288062372332393,0.00015363843397624076,7.225300223989177e-05,0.00019242135520209402,0.00016380435252840743,0.00010628919580302775,0.00022341454385852192,0.00012863458004245702,9.88104438745272e-05,7.462898630325275e-05,0.00014355186861162122,0.00014093873183580475,0.00014426547217433097,0.00020143602243065083,0.00019862590885997276,0.00017537991676987863,0.00013294040511760226,8.461028162855631e-05,0.00011878306035254869,0.00010742695489620953,0.00015514689361677565,8.294186163669002e-05,0.00010246725519826212,0.00015952953078218112,0.00015519611158540863,0.00016524185013232516,9.463208830422358e-05,0.00012304531428959623,0.00010918223659585539,0.00013890891644543086,0.00015539874435168655,0.00012581922417230005,0.00012251837986230007,0.00015283468994976761,0.0001394347035853745,6.347423463200691e-05,0.00020750332472678232,8.536552188815756e-05,0.00015006646474556546,0.00011418912543811344,0.00015085276540571912,9.966464144125155e-05,0.0001242024383750378,0.00020508085978154732,0.00011317511459893491,6.0777079614529634e-05,9.641365074131295e-05,9.225888351255895e-05,0.00020680010789792222,0.0001261582266898037,0.0001498778949587851,0.00017307610336844407,0.00011381360513789422,0.00010778170038050419,0.00015435735231218584,0.0001587660893830322,0.0001235317569302323,0.00019547044847066376,9.154568891361077e-05,0.0001020944263521486,0.00018916409805036155,6.87428825998072e-05,0.00011792389505668857,4.883524413444627e-05,0.00010762422294160728,0.00015447979030279652,0.00020084594732581708,0.00012506495182712537,7.549540370170823e-05,0.00013937428258194113,0.0001206445652173913,0.00010627681709599022,7.313726485902896e-05,6.349540354526392e-05,0.0001257933872982866,0.00011579128600629246,0.00012908642413267399,0.00011474503907951835,0.00015777043071137328,6.939549639352068e-05,9.918267778825898e-05,0.00018003292048883975,0.00016469169311063324,0.00014620851325133517,7.374689754586803e-05,0.0001588281909682789,4.657828901267487e-05,0.00012121128238037795,0.0001392122424814262,0.0001450065633483238,8.576407810147796e-05,9.517935667422984e-05,0.0001732918630811918,0.00012990638395188913,6.169736990485706e-05,0.00013280026609361722,0.0001392816709960682,0.00014543012086260036,8.83794475934312e-05,0.00010138262332795238,0.0001776826884356718,0.0001332135106013479,0.00011848447181201582,0.00010129194622345307,9.172610534450445e-05,0.00010705435846328944,0.00017670270730893217,5.417048294301421e-05,7.984897397696482e-05,0.00015316167057770796,0.0001648403187682114,0.00012307250358749517,8.065407762483662e-05,0.00014785199525747223,0.0001372758201212312,0.00011938594177945123,7.483931914421205e-05,0.0001407824088344196,0.00010102364208346359,0.00013450485349970754,0.0001168050663440901,0.00010662554123630339,0.00011728591878560324,9.57726723594515e-05,9.173064059927774e-05,0.00018398312582844893,7.169210526368694e-05,0.00010865830076883475,9.040065996010237e-05,7.234356644104233e-05,0.00011967640841619035,0.00010252527119364039,0.00011200491485867094,0.00014587760809988464,0.00016713821042737184,0.00011852061351702987,0.00013525160356740889,0.00013195745312807855,6.84996956371999e-05,0.00016391443641671768,0.0001472174781023009,8.834904777254886e-05,0.00015535537936863485,0.00014078146418982246,0.0001170380043300289,0.000138163332392156,0.000132312393535089,0.00012836904833984187,0.00011448140098668619,0.00013250741279828505,0.0001284542517605228,0.00014027871160477023,0.00016425165342085683,0.00012250073445601204,7.608972186632192e-05
PWY-6126,2.2436288757628028e-05,3.5685318843840485e-05,6.0159265229270714e-05,7.415572670345538e-05,5.299726273003691e-05,5.74029924096527e-05,2.708893095767545e-05,2.7850718018141433e-05,0.00013027485323946825,3.763665514356748e-05,3.514128824994951e-05,0.00012074484294976367,2.6947106510442977e-05,5.835967681455552e-05,4.8674253709275744e-05,5.693818887653634e-05,3.690754631428604e-05,6.145105119388185e-05,4.437345765313124e-05,6.25016088143769e-05,3.343721107409436e-05,3.197029584426013e-05,5.816950247778701e-05,4.2149878942193325e-05,5.225827898633495e-05,2.2933017167901963e-05,4.534841036952926e-05,2.9078794594973693e-05,6.556147115725657e-05,9.719119876031662e-05,7.094513839383188e-05,3.49937644557674e-05,3.247882605293384e-05,4.5423554115691234e-05,2.0215898007502593e-05,2.414633802852572e-05,0.00011363028054575918,3.808263287356954e-05,0.0001381261433917119,4.371889300564196e-05,5.705181945716706e-05,4.485263323392773e-05,2.2056676910988044e-05,0.00012815083663784567,2.7672476569626012e-05,6.430346158608438e-05,4.864501679517238e-05,3.858569786235212e-05,4.0818499229999436e-05,0.00014890948703388714,0.00012608023458010587,3.772306217515286e-05,9.818553709762913e-05,2.9341504215707333e-05,2.5603600002204905e-05,0.00017196528276986722,2.1919740637386e-05,0.0001111134390295331,3.319249043175016e-05,3.123673471518854e-05,4.024382012719382e-05,3.63247472503976e-05,5.902908896098916e-05,4.0562489195580856e-05,8.253469230899723e-05,4.946089560234475e-05,5.669995707611743e-05,4.7292597451887734e-05,5.1812329930882946e-05,6.646480936183544e-05,3.0644792595423064e-05,6.008465150694342e-05,0.00011298903954526573,6.515128031619482e-05,2.3770669929537142e-05,0.00010248635359784898,0.0001391318781089607,2.6469443453864643e-05,8.499903979047066e-05,6.884725490068166e-05,3.897025128159503e-05,4.1033700306938075e-05,2.3926748588379186e-05,4.232423904007512e-05,0.00012401698861536363,6.106320261836029e-05,5.508290912647212e-05,2.8240694527556716e-05,4.634290450504815e-05,5.698373540324883e-05,0.00012172967987198259,2.8143278647468985e-05,3.3816942157069656e-05,4.0012708483592014e-05,7.164430278976224e-05,2.2889841008195008e-05,3.865232094694249e-05,2.045551208808563e-05,3.25234399965864e-05,7.894536040204593e-05,5.624741601226927e-05,2.129676867237892e-05,3.539282721350785e-05,2.39739605169293e-05,6.234179730926853e-05,6.16997290390867e-05,5.745031706018812e-05,0.00015963890626212923,9.434681175844156e-05,2.2562441410088763e-05,0.00010189507799101692,5.8589280667650394e-05,8.028845092604634e-05,7.35364965609095e-05,3.319706806671691e-05,2.7528062475840322e-05,6.234932123084971e-05,5.579049014060649e-05,6.832725658775358e-05,2.6730426703803615e-05,6.310914606020285e-05,4.5543530308600344e-05,4.384247350785664e-05,6.124824899029424e-05,4.2566427599700526e-05,4.11456205948479e-05,5.045022363660169e-05,8.91237005114326e-05,3.639155472505927e-05,4.11704756080476e-05,3.3473280339228654e-05,4.024124714121288e-05,2.691679820347761e-05,0.0001061687955273213,0.00010691200059837145,6.187456549783539e-05,3.554286976783051e-05,9.793184902818171e-05,2.8420893851931266e-05,0.00016979721471574054,0.00011934840480567171,5.014505509900888e-05,4.262758999123852e-05,0.00018777276970417524,5.2238288968948274e-05,0.00011129514606264397,4.507685127466351e-05,6.549329889451071e-05,3.5432571490380696e-05,3.9320387671644016e-05,2.8118740232658563e-05,4.054904277365728e-05,4.3367017524032545e-05,0.0001178604167464542,3.867186361816661e-05,6.190574605684816e-05
PWY-7229,3.577945596771478e-05,4.991644843127374e-05,8.34440891828658e-05,9.161022219540917e-05,7.448936673249052e-05,8.05254744511962e-05,4.206989065305565e-05,4.257031094659277e-05,0.0001584878360232222,4.6811525806106415e-05,4.8487395054933284e-05,0.00014831467742731067,4.050615950819031e-05,7.520116687181686e-05,7.033196607053095e-05,7.907964687391765e-05,4.7903688724762644e-05,8.335075432042647e-05,5.730789097585177e-05,7.936161865985056e-05,4.179063323756323e-05,4.324489443304872e-05,7.548048836580669e-05,5.429334119447516e-05,6.993331330229137e-05,3.594602850808141e-05,6.574321727425689e-05,4.6429706339728933e-05,8.32844531261999e-05,0.00011480245627504202,9.094926304492598e-05,5.131719010609511e-05,4.7606884914489156e-05,5.862777278986942e-05,2.8761936696226434e-05,3.659910746652161e-05,0.00012848940279146047,5.347856081346571e-05,0.0001478445493260205,6.0382070596122676e-05,7.433097810646708e-05,5.908803727183856e-05,3.291154785304974e-05,0.00014208056676895796,3.980408786308227e-05,9.167758379087926e-05,6.499211096952231e-05,5.548649407540455e-05,4.922583972256989e-05,0.00019137318729290934,0.00015699250535558402,5.6410201390455836e-05,0.0001239601477011535,4.474522139761647e-05,3.9406378198228325e-05,0.00019198362620747146,3.273811921106697e-05,0.00014500576749491284,5.161390978986572e-05,4.693590244660445e-05,5.190983423760865e-05,5.145946318204371e-05,8.147034824697538e-05,5.6016169427791696e-05,9.597348036107165e-05,6.717729343347317e-05,7.83730097520149e-05,6.699591388871127e-05,7.41093738189921e-05,8.451328170144647e-05,4.553389969375071e-05,7.700789801609241e-05,0.00013301469152810156,8.373593002390291e-05,3.463114085357061e-05,0.0001315200133680514,0.00015451592820079146,3.27683560637384e-05,9.639716450915259e-05,9.146013773094618e-05,5.8352806291405644e-05,5.8055586200934425e-05,3.3856425011650435e-05,5.7378792289099465e-05,0.00013821587877174923,7.934673214608503e-05,7.654213647855185e-05,4.3587714492875476e-05,5.896903215540071e-05,8.559757502072086e-05,0.00014731586240944303,4.2852827458153594e-05,4.708215759959346e-05,5.835301795059658e-05,9.95662219768741e-05,3.3087136658958005e-05,5.31746975575665e-05,2.8463417024870367e-05,4.284572210275949e-05,0.00010018346670389141,7.187741588420205e-05,3.160287720121578e-05,5.1866753084802744e-05,3.336844943624836e-05,7.586846770765087e-05,7.507671139117624e-05,6.827920883913987e-05,0.0001749422084763403,0.00011415321579890994,2.9823940188297342e-05,0.00014186007594986012,8.490502274171113e-05,0.00011011673802948609,9.330480059956151e-05,4.864329842819515e-05,4.2793462876735315e-05,8.283657004312744e-05,6.67233160785471e-05,9.15290764373115e-05,4.164123323809832e-05,7.998980759685515e-05,5.891410415308808e-05,6.004052484555905e-05,8.057957603769269e-05,6.204314845543267e-05,5.734508773768857e-05,7.4081793259356e-05,0.00010668184330653354,5.3173728047542074e-05,5.601536295345032e-05,4.682263642729628e-05,5.769308314010274e-05,3.525656168389703e-05,0.00011334758061338034,0.00012966536412428712,8.77064904550434e-05,5.031603020802613e-05,0.00010811500480655564,3.535715575163779e-05,0.00018204965561345748,0.0001462189277731075,6.449707509557341e-05,5.647811952975497e-05,0.00019901609752212562,7.229716347100789e-05,0.00013244541083737632,6.02972581073087e-05,8.352687733511496e-05,5.2228307451504355e-05,4.838146560962781e-05,4.07675534805118e-05,5.844547883153363e-05,5.600037132149578e-05,0.0001330313659162764,4.79507791564516e-05,7.157424952998666e-05
PWY-841,3.0242107596314277e-05,4.152537173831455e-05,6.593314883635906e-05,7.88847243075322e-05,6.423987023209578e-05,7.018047272469203e-05,3.699272209783498e-05,3.781984423162013e-05,0.00013687414008671894,4.242509546576991e-05,3.349816125213346e-05,0.00011690604995500328,3.263367633634344e-05,6.579934119874866e-05,6.29151467461628e-05,6.349238208101478e-05,4.8216756677882895e-05,7.215341412379213e-05,5.423784321014976e-05,4.628688819664879e-05,3.8462550465562976e-05,4.624603268451836e-05,5.677960852173826e-05,2.9571155695562043e-05,5.0897717084571495e-05,3.1048089453505304e-05,5.820089555212061e-05,3.962371429427214e-05,7.60967004732162e-05,0.00010741806780223638,8.490668647011356e-05,4.4537393444390326e-05,4.353709704472577e-05,5.5698443942220754e-05,2.8058874435077066e-05,3.1346132844831226e-05,0.0001078859793392837,4.929919759305521e-05,0.00012965044195476695,3.203130680813228e-05,6.252700840658236e-05,5.3605425058103264e-05,2.4767894568761568e-05,0.00012967069515392793,3.6680549566348824e-05,7.51184306756543e-05,5.175696023744896e-05,4.9731383503509936e-05,4.85766631001935e-05,0.00015579371914165824,0.00012020075166952597,4.782778925396013e-05,0.00010550283314560017,4.4782737174967024e-05,3.25931078147069e-05,0.0001762979271316816,3.0137217522103716e-05,0.00012044760191076863,4.400004648421873e-05,4.017559033499354e-05,4.5468982003955975e-05,4.7239447301334054e-05,6.924433570228668e-05,4.88804247813487e-05,8.242917077663469e-05,5.318658955413769e-05,6.795639053406061e-05,5.9410266826866065e-05,6.087769764723786e-05,7.052908910905651e-05,3.7799340150828194e-05,6.374888875033763e-05,0.00010723463593534933,6.508369223687789e-05,2.971950359392309e-05,0.00011092306974171991,0.00011009901278042786,0.0,7.383605180531079e-05,8.472813687040126e-05,5.0843871390874125e-05,4.8135716299170795e-05,3.2325314626509314e-05,5.594389545265473e-05,0.0001122402871431502,6.049186763066527e-05,6.906440552604966e-05,3.6189196963891894e-05,4.881861960071535e-05,7.239881986456172e-05,0.00011055472326653045,3.752529829008826e-05,3.96481269938953e-05,5.31289938791707e-05,8.756083980615941e-05,2.714559956822254e-05,4.6830141969765144e-05,3.0646761654020145e-05,4.173622516625532e-05,7.635924876612572e-05,6.831197399487425e-05,2.9643397382631396e-05,4.491516379947334e-05,3.1249235442695097e-05,7.155474846965072e-05,5.420144275014747e-05,6.348646704972686e-05,0.00015095150653404027,9.72185028711221e-05,2.6987663786868534e-05,0.00012133055852959614,7.207607899155769e-05,9.193411117761828e-05,7.532521455917726e-05,4.175545127980767e-05,3.6422604910726264e-05,7.60469710817061e-05,6.444127586791329e-05,7.734200220254214e-05,3.483539255810772e-05,7.330454112076438e-05,4.769957616456002e-05,4.7122645036121095e-05,7.273531867561704e-05,5.242649081476935e-05,4.270777226069064e-05,6.327310216426151e-05,4.6664470710529324e-05,4.0651905512898775e-05,4.453461959101262e-05,3.7150327003832075e-05,5.016433391290551e-05,2.224792352492772e-05,0.00011344089464439646,9.693174000212266e-05,7.187780835938331e-05,4.5500678515885995e-05,9.166471600277393e-05,3.250374161281541e-05,5.524707727552758e-05,0.00011692189364612824,5.902499802611957e-05,5.2722879263318364e-05,5.623369263919902e-05,5.7883035366653685e-05,0.00010082532428899256,5.240289993400105e-05,6.723342218638268e-05,4.484539359764103e-05,4.749487203382515e-05,3.539111185856816e-05,4.733493637960483e-05,4.872702661504799e-05,0.00012049400019122008,3.3744778938426903e-05,6.184675787899648e-05
PWY-7220,1.0079137636254539e-05,1.7312478228904922e-05,2.9530157666672656e-05,4.186944658321384e-05,2.5270441003410202e-05,2.8285905876223024e-05,1.2320927761588593e-05,1.286968913494345e-05,8.778602529487602e-05,1.81099345594429e-05,1.7045210122836706e-05,7.474927020846355e-05,1.2896330718386628e-05,2.9185584582401633e-05,2.294578588138108e-05,2.755516434300605e-05,1.7605222939065292e-05,3.105345220726617e-05,2.1444309312892587e-05,3.6557066969123154e-05,1.6695562039690008e-05,1.4780172847852519e-05,3.170215029624661e-05,2.0910221128495345e-05,2.6497042531310092e-05,1.0337171268857431e-05,2.2084850991294248e-05,1.3299332443735757e-05,3.342436942541988e-05,7.2390655015084e-05,3.5328007484274794e-05,1.693806316746309e-05,1.5305934235307757e-05,2.169766036019337e-05,9.231419128865588e-06,1.1311244690312812e-05,8.690607374238707e-05,1.797396517384406e-05,0.00012155842636366392,2.115658426530768e-05,3.089014122968829e-05,2.1425883359303015e-05,1.0038874848553216e-05,0.0001084394729957104,1.3299636983863326e-05,3.1381401598008175e-05,2.561523222538041e-05,1.8163487861671405e-05,2.0226291809267257e-05,8.640741237799228e-05,7.144877980826168e-05,1.7715169001700918e-05,6.158492931024365e-05,1.3490480376808716e-05,1.179769550865499e-05,0.0001486520397963364,9.968713020184523e-06,6.315881638758081e-05,1.5373576986830025e-05,1.4737086565866969e-05,2.1197725388376973e-05,1.684895007178033e-05,3.053156566639184e-05,1.9692671841085525e-05,5.3647462819436824e-05,2.7692611557717124e-05,2.8402818445080978e-05,2.2533191876409275e-05,2.5669989493239093e-05,3.6504764315588604e-05,1.4977989541648994e-05,3.328186527525132e-05,7.72174357776075e-05,3.72145227354789e-05,1.1941665210185802e-05,6.291772531472687e-05,0.00010768372428727869,1.377119860327115e-05,6.511826582442298e-05,3.401973225743381e-05,1.8341121190826637e-05,2.0338854727225473e-05,1.0939366414075212e-05,1.9757484190135774e-05,8.081866653963089e-05,3.384758706037834e-05,2.6641607523764227e-05,1.3176724677422055e-05,2.2975827312733216e-05,2.7680967440754822e-05,8.478421580923708e-05,1.2960292489246937e-05,1.5853638536460566e-05,1.924381824785809e-05,3.650926675150332e-05,1.1368410830866538e-05,1.844579455305257e-05,9.213099309182976e-06,1.516754402602484e-05,4.7010002184541236e-05,2.7476699780157783e-05,9.61039186632141e-06,1.6923593341690478e-05,1.0802375766360606e-05,3.6179004506605125e-05,3.5742709194311835e-05,2.981795452529816e-05,0.00012819734505296727,5.007046639239213e-05,1.0763107594340664e-05,5.266028198066475e-05,2.881517471627498e-05,4.1132740480166447e-05,4.1923055957129404e-05,1.59722435588667e-05,1.2473726627018028e-05,3.318307063979178e-05,2.9157103090281705e-05,3.678962298586995e-05,1.24244134355167e-05,3.2844358161232476e-05,2.5206945839184198e-05,2.233805173799809e-05,3.186766135128146e-05,2.1194475257489976e-05,2.1087870584027665e-05,2.53463321548698e-05,6.510980573469845e-05,1.7672735454270095e-05,2.05929318147983e-05,1.6976460767321126e-05,1.9622781100963145e-05,1.2906815406426067e-05,0.0001091192205887472,6.18525437261503e-05,3.241186483469503e-05,1.7255977289048742e-05,6.52773399720568e-05,1.386624222185951e-05,0.0001406090756249372,7.775970980407494e-05,2.4416645664705154e-05,2.0688836360743024e-05,0.00017692517110540207,2.673503057311149e-05,7.500103950568115e-05,2.316245236250519e-05,3.713599075403271e-05,1.7114297461280463e-05,2.0477592206399334e-05,1.3427792181215223e-05,2.0101573746880585e-05,2.161919298146903e-05,7.118791788914819e-05,1.959722124120455e-05,3.922650572119147e-05
PWY-6123,0.0001366882883134042,7.59824039560772e-05,0.00010739171559586988,0.0001202118266088585,0.00012480032525552943,0.00014126316803413032,0.00014961840585670107,0.0001401415155856574,0.00013523459283732583,6.163654919675275e-05,4.300824103355352e-05,0.00011317762542343153,8.616468661539984e-05,8.39473163437444e-05,0.00016364190437439567,8.128725414716258e-05,0.00013801605267757305,0.0001156041034138347,9.426967209492117e-05,6.955089192524357e-05,5.866810672360986e-05,0.00015640695418781353,6.881085167108577e-05,3.565358877789263e-05,6.291426047882995e-05,0.00010330813033047683,0.00015082601178585995,0.00017884418023155288,0.00012012009948113308,0.0001021724201820177,0.00014533406763579651,0.00011641617415395663,0.0001379198696986277,0.00012646968381901434,0.00014295495379316493,9.061504717566684e-05,0.00013121137483603038,0.00011960398185813355,0.00013423686597216624,4.4722467724656196e-05,7.700928414454102e-05,8.864778656149171e-05,3.8401277127252035e-05,0.00011793590486427252,0.00012259930012280476,0.00012439823666497493,7.029583650952326e-05,0.0001325661372195774,9.494010418282903e-05,0.00021662593667061568,0.0001260903309537826,0.00013621789158734177,0.00010041745976466176,7.553020794977843e-05,8.331840455331563e-05,0.0001714699423180634,0.00014380510293800057,0.00015337225763662092,0.0001428458428666528,0.00010433601856037666,7.58655855842824e-05,0.0001195283993774601,0.00013157831783870726,9.523118680336409e-05,9.825937247871979e-05,6.189182880119657e-05,0.0001268041319242875,0.00012749036356895677,0.00010100285294182912,8.547778463845639e-05,9.778100818485427e-05,8.601109285824681e-05,0.00010369015147838328,8.876258568393131e-05,7.840717258592721e-05,0.00014878929236919358,0.00014089532797483442,4.110204946302072e-05,6.0694581385109026e-05,0.00016047713177426187,0.00014458282787637426,9.826699721365831e-05,0.00011527954705355846,0.00016658861435005337,0.0001019142277781663,9.079336833501669e-05,0.00014531718214603955,9.501206374917821e-05,5.036182058380167e-05,0.00019086037358383032,0.00011142156710613343,0.00014582208789307093,6.611129611666965e-05,0.00016133783637116048,0.00019141080609826739,7.63884383058078e-05,9.306409480166793e-05,0.00010603037186284805,9.568305339113385e-05,7.011340666694769e-05,0.0001363478835829951,0.00016290788704297158,8.845666967045136e-05,7.924028423805479e-05,6.676512336040216e-05,4.951204788333816e-05,0.00010367334001806829,0.00014376372169782678,9.520026542722124e-05,6.17304995853584e-05,0.00022830692808799497,0.00014547040524266015,0.00014354022331604886,8.568277980588218e-05,0.00010105104582429938,0.00010469828139016545,0.0001226848580879232,9.956559274994602e-05,0.00010645365122146708,9.188597371565814e-05,0.000111166903439414,5.794309927870216e-05,7.497719903561539e-05,0.00012303317878789,0.00012203782215070123,5.5612523967722924e-05,0.00012082062413035003,0.00014052288801426414,5.719395903067036e-05,7.482531365633954e-05,7.348555707259685e-05,0.00011500019084505191,2.563572774894037e-05,0.00012120026712143079,0.0001462060870242372,0.00012560233376456847,0.00011273758429944756,9.828901788156468e-05,5.3591170764593135e-05,0.00011052079901694227,0.00012043246699902249,8.519177682999907e-05,0.00011260885738661535,0.00016510194857941076,0.00010005600666797043,0.0001392323403788064,7.98967329066544e-05,9.229944076929073e-05,0.0001289617452725331,9.064088370985441e-05,7.275642722061879e-05,8.521989557015063e-05,9.485046538659288e-05,0.0001465698610357848,6.181425963413589e-05,7.749066109934342e-05
PWY-6124,0.00013268337234643337,7.046024491040931e-05,9.726060401975282e-05,0.00011810673870069378,0.00011645758144559053,0.00012938640308575835,0.00014113276079377092,0.00013744762729891947,0.00012677437986198718,5.547497744557401e-05,1.9668463702652318e-05,0.00010819747339974373,8.711278031546299e-05,7.539350934875035e-05,0.00015669015282740947,7.25599148597816e-05,0.0001275780206133796,0.00010829807635953753,8.533760907074416e-05,2.9515659788792433e-05,4.480850894656427e-05,0.0001520027276857557,6.319465638698653e-05,2.5390450797802227e-05,5.8006926473147136e-05,9.423842808237683e-05,0.00014000490255267674,0.00018193398490555946,0.00012443914945548838,0.00010928232509556108,0.00013763327078738575,0.00010919196653195665,0.00012455513291923502,0.0001161982809743117,0.0001323314814700542,8.451586526083871e-05,0.0001322818001480065,0.00011519481458028007,0.000130579682219915,3.4749508415645144e-05,7.253848657793891e-05,8.399825180306293e-05,2.196483140676864e-05,0.00011517977283374091,0.00011353618187998216,0.00011510084170588222,6.628439763359108e-05,0.00012560895199787683,8.754810223248667e-05,0.00021965709635007126,0.00011593799804280287,0.0001302309369297894,9.801020698445366e-05,6.91816089859721e-05,7.667884725021828e-05,0.0001613925471982691,0.00014143257962533743,0.00014697904291576026,0.00013457828145204228,9.895371145573154e-05,7.282489119117929e-05,0.00010854966304098558,0.00013855567198249458,8.497107194966194e-05,9.241447177004458e-05,5.7720036812157126e-05,0.00012219728692269654,0.00011829148108607667,9.471580562614074e-05,7.974616224180656e-05,9.132049179005329e-05,7.838222912942948e-05,0.00010270850055406104,8.427350423197192e-05,8.028929652267168e-05,0.00010386973750458974,0.00014075424630254294,2.354871983438663e-05,5.8552621062548216e-05,0.00015449090986954588,0.00014662046017791677,9.43566512021135e-05,0.00010860969500261143,0.00015402195773335644,9.930387504467544e-05,8.436831345618621e-05,0.00013596143281953687,0.0001229897383444134,4.4235491980892514e-05,0.00018438925669391352,8.000897059659715e-05,0.00014420044426411902,5.0208026400445914e-05,0.00015162273458289944,0.00017901467882003338,7.263705620906368e-05,8.630574847025993e-05,9.612916678380771e-05,8.580385637008692e-05,6.928383978027241e-05,0.00013599987271121637,0.00018130030808277632,8.433119963723696e-05,7.142993503311664e-05,6.0632408563660915e-05,4.630966762804472e-05,9.601585288159911e-05,0.0001371685902035686,9.067046007417212e-05,5.362388302936093e-05,0.00022379211744105298,0.00013497334354336429,0.00013860209344561817,8.147117099505567e-05,9.672629203348052e-05,9.836343793880842e-05,0.00011391538102377695,9.387872029306308e-05,9.874205803580392e-05,8.969584927994855e-05,0.0001048598768416894,5.493936768944412e-05,7.255061759483184e-05,0.00011236845115765172,0.00011692307082159004,4.31401183541853e-05,0.00011339877281121682,1.681703552344473e-05,5.225916080036901e-05,6.998662546721072e-05,6.241673058674904e-05,0.00010573991180047534,1.086858855462225e-05,8.733555509207409e-05,0.00013951419421793327,0.00012200147147691148,0.00010559627725455223,9.50854252105774e-05,4.52590101062211e-05,0.00010570723885170419,0.00011776288145303722,7.705206017980264e-05,0.00010847728085374355,0.0001617174134695791,9.643496982972722e-05,0.00013797324486387327,7.313774254716885e-05,8.654999560572005e-05,0.0001314117975135576,8.384054846887333e-05,6.803128757673352e-05,8.127880528969031e-05,8.72352276269339e-05,0.00013919896491166865,1.9394960536299158e-05,7.278018701289595e-05
PWY-7234,5.2837706986039565e-05,6.192201293354115e-05,7.726051111788059e-05,7.612430354192385e-05,0.00011835449977377205,7.82195649156192e-05,9.678188968177752e-05,6.787164316712739e-05,0.00011723628196690943,6.163654919675275e-05,2.5681095208273476e-05,5.3767060818062536e-05,3.455987555067329e-05,3.438638320268669e-05,4.774525493956883e-05,3.0300455826778376e-05,2.1210531007885204e-05,7.608888403860588e-05,3.858124326389404e-05,3.491520727725762e-05,5.866810672360986e-05,8.289621584903846e-05,3.953804342942196e-05,3.565358877789263e-05,1.6645452953283737e-05,4.8187720080478377e-05,1.562215335302625e-05,0.00015089620741600297,4.5795754687994536e-05,8.351821364818905e-05,7.195509752965815e-05,4.480380885142045e-05,2.7673243924456362e-05,0.00011429904237943901,8.269356731949855e-05,3.307298388578217e-05,3.7020869300255363e-05,7.607218766033265e-05,6.666949806134555e-05,4.4722467724656196e-05,4.879357821298448e-05,7.137233885074313e-05,3.8401277127252035e-05,8.586252365648588e-05,5.391263496007368e-05,6.314274188259437e-05,6.490214667598171e-05,1.9085504460518728e-05,2.619037285182833e-05,0.0001650232896634792,5.5319120387608286e-05,0.00010336979253816393,9.036301416075382e-05,7.553020794977843e-05,2.8537140119922983e-05,0.00015366572048005267,8.021166391900801e-05,0.00014731541221263593,3.6715004648403824e-05,5.025277567098852e-05,4.382905600743398e-05,1.490687858062318e-05,6.887609317794409e-05,7.265881891187978e-05,2.613382171782077e-05,5.500764935370035e-05,5.5264719942418606e-05,5.819848577478564e-05,1.875044266304299e-05,2.555384408846525e-05,5.351435078227821e-05,6.907337967948529e-05,5.890272964742384e-05,2.9948498194536486e-05,3.038334999114203e-05,0.00011158677275688088,3.3741672371401144e-05,4.110204946302072e-05,3.2572438436827106e-05,0.00010314198241671662,0.0001238952031537131,2.1676112610537096e-05,7.70515929468229e-05,8.714350397915333e-05,1.9561896881029047e-05,6.18391809983635e-05,7.491256605187743e-05,7.118091486002075e-05,1.9561600306967595e-05,0.00015734885599876766,7.54298364771261e-05,0.00011146597436169322,5.740381125621927e-05,2.270770905979754e-05,9.263426520574507e-05,1.976662015595846e-05,7.094969581982614e-05,2.607159691832556e-05,7.426051305662455e-05,3.80883591856162e-05,0.00012475034114368394,8.375004738697767e-05,6.910985187307756e-05,7.0130022297011e-05,5.974944985593033e-05,2.7423908021664828e-05,2.6300533520108178e-05,8.220245433462199e-05,8.36834103719377e-05,5.5481407005954885e-05,0.00014856871585422487,6.462301324638429e-05,4.902076681810626e-05,7.704083836133968e-05,2.0143287477087535e-05,7.34438540256381e-05,8.663974467811451e-05,7.410004113510627e-05,2.479798019296573e-05,4.1868669013756814e-05,8.799980901237351e-05,1.7831819442093112e-05,3.9625019937079e-05,5.644111783076521e-05,3.776395291797316e-05,5.5612523967722924e-05,6.393192334424951e-05,1.9456740372166178e-05,2.914012850374465e-05,2.112550600934532e-05,7.348555707259685e-05,3.757326760594676e-05,1.4890446854475978e-05,8.608583072262133e-05,5.774259210139147e-05,9.029685600169954e-05,7.535640570612182e-05,1.805950114953069e-05,5.3591170764593135e-05,7.463855883033013e-05,4.167635049851405e-05,1.8170697397271406e-05,3.696209675836809e-05,8.17131400141464e-05,2.3282288643876624e-05,4.414557908053457e-05,4.5357939542430895e-05,5.0953758822418195e-05,7.584888179292104e-05,3.054023809401446e-05,6.297977484308765e-05,4.859430050367996e-05,7.151234592413863e-05,8.182208101283681e-05,2.2747551083459357e-05,4.487087473901184e-05
PWY-6121,0.0001557977969873838,9.637754734198997e-05,0.00012909796179147416,0.00011100779773245338,0.0001845814226425906,0.00016482073296292715,0.000184682039277088,0.0001745411336367898,0.00020214831976756944,9.567519194083811e-05,0.00011598878512102261,0.00017530719549840344,7.291925015109732e-05,0.00016248118175825915,0.0002335225434308992,0.0001805215534443124,0.0001581456274966085,0.00016213454307739317,0.0001589476671889043,5.8132270105097765e-05,9.515707476281508e-05,0.0001693190594177911,0.00010204368487202774,8.158773787327798e-05,7.351842053400201e-05,0.00018689127859651045,0.00016766258760607538,0.0002024641914628617,0.00016168958207493666,0.00014421407575173245,0.0002211165840251771,0.00011498851448738231,0.00018484085702873774,0.000138895503360762,0.00016063940128157754,0.0001073642474855326,0.0001178768281491283,0.00019151845116578911,0.00014333450183662212,8.962991440286189e-05,0.0001242737340261675,0.00013237651036613384,0.00012839446122811838,0.00018298856237772615,0.00013061452268385473,0.00017260554825895792,8.272952981466538e-05,0.00018770240000500233,0.00010040165448135506,0.00020062577975396825,0.0001863082474817319,0.0001573153799713047,0.00018723537519345828,0.00015552216015437886,0.00014121433702873578,0.0002495241314513395,0.00016206967392906415,0.00019044894464339553,0.00017962708688937904,0.0001429076553416139,8.072158508991411e-05,0.00020751878634635038,0.00014061824842172732,0.00011783010456237921,0.00011048978531392533,8.291975617626597e-05,0.00014407470065519738,0.0001803463301566455,0.00013181314729996679,0.00012459027262310473,8.949595240444278e-05,0.00010575487330931158,0.00012534270972436003,8.00403206808161e-05,9.184902435418349e-05,0.00017559286922116696,0.00011100931166635996,5.880164419429849e-05,9.713731023052608e-05,0.0002308839402072185,0.00016712651052499597,9.494303754541044e-05,0.00017082349022627026,0.0002301833082048128,0.0001309581438954782,0.00011512538569815036,0.0001934578549227198,0.00010990423324133502,0.0001262470152537246,0.00022300175095045797,0.00018831287798935442,0.00013705297862326416,0.00012361719316511066,0.00019582922209668033,0.00020591444377323254,6.4335799809757e-05,0.00015627442210564688,0.0001777882092513418,0.00015658721073295704,0.0001301784349096975,0.0001497589159173604,0.00017145813286373448,0.00016655659317851734,0.00016552038486544455,0.00013650158459371016,8.115930962970686e-05,0.00013086985483813792,0.00018787961676052463,0.000172219470910859,6.95338424580372e-05,0.0002204970872447715,0.00017879546264585385,0.00018609241008070784,0.00012843951913530952,0.00010615728754179842,0.00019237914626357112,0.00019587516657652558,0.00012158483819746666,0.00015805121077166228,0.00012838139235630159,0.00016729244012376294,7.347398989857044e-05,7.912956856011316e-05,0.000167378564209353,0.00011745342935428368,7.750355215321298e-05,0.0001815739607688049,0.00016382508218672253,8.098109649369859e-05,6.140543762504033e-05,7.002697619605125e-05,0.00015423329493467855,7.976708870855008e-05,0.00016025880087785368,0.00010232408761701476,0.00013933291380828025,0.00012505215782389806,0.00010752699973021087,7.650313586282974e-05,0.00015103419399344848,0.0001415891078522221,0.00015704103000549515,0.0001434894813616583,0.00014171697906523374,9.982208310075326e-05,0.00012923214660503672,0.00013077964829603128,0.000110804295224982,0.0001228264428065105,0.00010699930853142613,0.0001021416470017697,0.00011612889078679709,7.897889681255913e-05,0.00016375231322030446,0.00010097515186148788,7.533072673566508e-05
PWY-6122,0.0001645336794661478,0.00010513499432805373,0.00015099719152790735,0.00010265517006887685,0.00021611803581713133,0.00018217404993164956,0.0001952780643162986,0.0001841667470129584,0.0002070998942936037,9.26980410535066e-05,0.00010925694350065376,0.00019592694377850098,7.189766427271017e-05,0.0001572765315806491,0.0002298621945949402,0.00019866254486865841,0.000177400567003648,0.00015682921771529025,0.00015476729469788121,5.6835150194537424e-05,9.55348982279695e-05,0.00016456498782069164,9.798122773702941e-05,8.95117271952446e-05,7.307451914213438e-05,0.00019626755746238213,0.00017721297984627538,0.00021361495333296844,0.00017485047366371165,0.00017589829904725033,0.0002251027998004363,0.00011098089912930711,0.0001837782675497157,0.00014292386293637385,0.00016061427127372246,0.00011599424255260569,0.0001182627508941294,0.00020008636314910533,0.00015734661847679275,8.380397333605335e-05,0.00012115855745507511,0.00014984160247561974,0.00013560220352881977,0.00018398854966787838,0.00013628723056466772,0.0001812974895991287,7.899936707714682e-05,0.00019100121320000322,0.0001046156656716543,0.00023582806604662408,0.00018447492857562257,0.00015991719723942285,0.00018993902619069715,0.00016377743304318488,0.00014948630177283624,0.0002605127219897471,0.00018104167962228686,0.00022495435126294102,0.00018045134593004412,0.00015943073968591325,7.914893495135701e-05,0.00021641396370590603,0.00014693721914583595,0.00012069771985473658,0.00011190744670580245,8.245490107529472e-05,0.00015523853691311424,0.0001948840291175436,0.00015452944604752762,0.00012089990119762314,8.874617132360223e-05,0.00010629635812158543,0.00014298459718941586,8.225183774060193e-05,9.022492115873749e-05,0.00019198429551127498,0.00011363009221823635,5.4372462359808955e-05,0.00010545783228851468,0.00024120010287462511,0.00017663280738119779,9.57941327097019e-05,0.00017843671553284532,0.00023371965449731988,0.00015359702519491386,0.00010956459179548773,0.00019829037857627317,0.0001363266389809036,0.0001282570697172965,0.000243636769879585,0.00019671877857512724,0.00014612714005776963,0.00012332645120096187,0.0002056206300775767,0.00022591542099955974,6.910744377716108e-05,0.00015586934650591133,0.0001712999399847622,0.00017566160476840256,0.00012372842722199439,0.0001622798988603057,0.00016825022844976095,0.00016525977219476485,0.000160537257934485,0.00013514560134509493,8.31236202602602e-05,0.00013623875718644967,0.00019476326875389645,0.0001970743587261201,6.878112590050972e-05,0.00025108243410717546,0.00018559758123709967,0.00021901745094761956,0.00012290409993500747,0.00011273908148830115,0.00021919499149146632,0.00021111141721499673,0.00013588006639831415,0.0001729302162308724,0.00012840150618946588,0.0001644463971398641,8.062059322582096e-05,7.293892979493553e-05,0.00016936637674740368,0.00011217732979305462,8.455358300047976e-05,0.000172590471779615,0.00017061675478720621,8.767086498395143e-05,6.75370924377701e-05,6.797232100197227e-05,0.00014404669705452355,0.00011436395891042863,0.00016034749586049505,9.317191459353989e-05,0.0001397729838186069,0.00012296603536390014,0.00010360553929316947,0.00010175138687454979,0.0001506831207537174,0.0001418421254888533,0.0001518415490444544,0.00015202139240324535,0.00013698712565945542,0.00010010562443374808,0.00013323926192423656,0.00013016271340977368,0.00010318903820123232,0.00012089467892039699,0.00011861055936763678,9.785340002818638e-05,0.0001190683356243366,0.00010037248185231027,0.00017019362572747316,9.774462469939617e-05,8.792866120268663e-05
PWY-6277,0.0001645336794661478,0.00010513499432805373,0.00015099719152790735,0.00010265517006887685,0.00021611803581713133,0.00018217404993164956,0.0001952780643162986,0.0001841667470129584,0.0002070998942936037,9.26980410535066e-05,0.00010925694350065376,0.00019592694377850098,7.189766427271017e-05,0.0001572765315806491,0.0002298621945949402,0.00019866254486865841,0.000177400567003648,0.00015682921771529025,0.00015476729469788121,5.6835150194537424e-05,9.55348982279695e-05,0.00016456498782069164,9.798122773702941e-05,8.95117271952446e-05,7.307451914213438e-05,0.00019626755746238213,0.00017721297984627538,0.00021361495333296844,0.00017485047366371165,0.00017589829904725033,0.0002251027998004363,0.00011098089912930711,0.0001837782675497157,0.00014292386293637385,0.00016061427127372246,0.00011599424255260569,0.0001182627508941294,0.00020008636314910533,0.00015734661847679275,8.380397333605335e-05,0.00012115855745507511,0.00014984160247561974,0.00013560220352881977,0.00018398854966787838,0.00013628723056466772,0.0001812974895991287,7.899936707714682e-05,0.00019100121320000322,0.0001046156656716543,0.00023582806604662408,0.00018447492857562257,0.00015991719723942285,0.00018993902619069715,0.00016377743304318488,0.00014948630177283624,0.0002605127219897471,0.00018104167962228686,0.00022495435126294102,0.00018045134593004412,0.00015943073968591325,7.914893495135701e-05,0.00021641396370590603,0.00014693721914583595,0.00012069771985473658,0.00011190744670580245,8.245490107529472e-05,0.00015523853691311424,0.0001948840291175436,0.00015452944604752762,0.00012089990119762314,8.874617132360223e-05,0.00010629635812158543,0.00014298459718941586,8.225183774060193e-05,9.022492115873749e-05,0.00019198429551127498,0.00011363009221823635,5.4372462359808955e-05,0.00010545783228851468,0.00024120010287462511,0.00017663280738119779,9.57941327097019e-05,0.00017843671553284532,0.00023371965449731988,0.00015359702519491386,0.00010956459179548773,0.00019829037857627317,0.0001363266389809036,0.0001282570697172965,0.000243636769879585,0.00019671877857512724,0.00014612714005776963,0.00012332645120096187,0.0002056206300775767,0.00022591542099955974,6.910744377716108e-05,0.00015586934650591133,0.0001712999399847622,0.00017566160476840256,0.00012372842722199439,0.0001622798988603057,0.00016825022844976095,0.00016525977219476485,0.000160537257934485,0.00013514560134509493,8.31236202602602e-05,0.00013623875718644967,0.00019476326875389645,0.0001970743587261201,6.878112590050972e-05,0.00025108243410717546,0.00018559758123709967,0.00021901745094761956,0.00012290409993500747,0.00011273908148830115,0.00021919499149146632,0.00021111141721499673,0.00013588006639831415,0.0001729302162308724,0.00012840150618946588,0.0001644463971398641,8.062059322582096e-05,7.293892979493553e-05,0.00016936637674740368,0.00011217732979305462,8.455358300047976e-05,0.000172590471779615,0.00017061675478720621,8.767086498395143e-05,6.75370924377701e-05,6.797232100197227e-05,0.00014404669705452355,0.00011436395891042863,0.00016034749586049505,9.317191459353989e-05,0.0001397729838186069,0.00012296603536390014,0.00010360553929316947,0.00010175138687454979,0.0001506831207537174,0.0001418421254888533,0.0001518415490444544,0.00015202139240324535,0.00013698712565945542,0.00010010562443374808,0.00013323926192423656,0.00013016271340977368,0.00010318903820123232,0.00012089467892039699,0.00011861055936763678,9.785340002818638e-05,0.0001190683356243366,0.00010037248185231027,0.00017019362572747316,9.774462469939617e-05,8.792866120268663e-05
TRNA-CHARGING-PWY,0.0001728203879752281,0.0001220445293471704,0.00016322312873189468,0.000136197925127382,0.0001884793870576521,0.00015516426200982693,0.00017384240096553202,0.00017235869990470855,0.0001947662323262655,0.00013525065269747312,0.0001156207058762891,0.0002070341909194115,0.00012387937475297276,0.00019665455267545533,0.0002117212654695484,0.0001982420569892068,0.00017835343670672058,0.00015067939031957112,0.00016322094804234827,0.00011131003603739051,0.00010873176934447022,0.00016593908347413606,9.465160423616543e-05,9.885348202054807e-05,0.00012448941157503906,0.00018556173147050322,0.00014368790377941273,0.00019695548369135397,0.00016779733209279954,0.00016485205181968195,0.00020217725446729215,0.00015093630933602463,0.0001523855615412173,0.00018489968534944316,0.00017183071648451501,0.00013529458123112863,0.00011083496555463783,0.0001730357309530848,0.00015562442195324655,0.00016505527288315224,0.00012867693220873895,0.0001899834342821089,0.00016474980022481946,0.0001645079456251989,9.478459113063864e-05,0.00019453916323761716,0.00012150234446355183,0.000174462774614116,0.00012309522448635766,0.0002003590493062716,0.00020048931441706596,0.00017838091578349015,0.0001724441179426743,0.00017286427392829645,0.00013971309487316563,0.00020369133895330153,0.00013028786134153272,0.00018434068721391906,0.00017971394024931452,0.0001445071503060358,0.00010773374371116503,0.0002226071913149354,0.00013036240851195695,0.00013166797455145158,0.0001285141769704687,0.00011093455364780984,0.0001621043140440826,0.00017828604207813982,0.00017084914390174194,0.00014821399143894918,0.00011282942194548025,0.00011658033058617426,0.00014625147311431952,0.00011035133067805986,7.957065008777762e-05,0.00016744330432567558,0.00014025982725676588,0.00013654649516852915,0.00011404289738266533,0.00019631896637615682,0.00015045497066309244,0.00010591107342806801,0.00015384637011021308,0.000192944182864731,0.00016958645716304467,0.00011079658146923106,0.00020420510854740547,0.000126605006737424,0.0001436139016410637,0.00023006482727253066,0.00015700555456541547,0.0001511165141433748,0.00015145213715298707,0.00014619269198401044,0.00019922474127880607,8.386648955118187e-05,0.00015082131232012206,0.000164261151718698,0.00013857856244450646,0.0001357543541217651,0.00017210122534564644,0.00018730240046409846,0.00012572559290426226,0.0001618168740528557,0.0001228930811027652,0.00011510384383933436,0.00012929545366715083,0.00018328908954942942,0.00019699200743913148,9.011637385176575e-05,0.00021868715847942122,0.00020488134425159491,0.0001885535360970866,0.00012126934067993788,0.0001372407826051353,0.00019759564221825146,0.0001625565364606505,0.00014553966650701045,0.0001579086192889277,0.00014067368918180154,0.00015654631775073374,0.00011369473024369139,0.00011750786970363894,0.00013923056318610588,0.000132862520085278,0.000125936826540567,0.00017190018383085934,0.0001704538132684966,0.00011445322460116793,9.727109757514193e-05,9.33795725785552e-05,0.00014044822792324906,0.00010660187077976641,0.00014533865481667222,0.00012683238405594496,0.0001673612712113499,0.0001454912905631432,0.0001384288404564239,0.00011427003017481553,0.0001651933610470727,0.00015633751735818225,0.00013617411455344263,0.00013278311641772936,0.00015152679131230526,0.00012375801722590732,0.00012953229325668003,0.0001209116856648897,0.00013482053428524779,0.00013775709546046927,0.00010972524671599752,9.670312535231139e-05,0.00013648765744802083,0.00011826077930658249,0.00014411371005142054,0.00013791059822285977,0.0001069550628444273
PWY0-1061,7.601919494717993e-06,7.835607486114547e-06,1.8239692971023696e-05,2.4871175539387154e-05,3.7959532676007124e-05,7.029137265751132e-05,4.780898714652548e-05,3.317592485423719e-05,0.00010657145035346592,1.1782772275461745e-05,8.72590300689439e-06,5.549164045912407e-05,7.5103698769555265e-06,5.001633360462414e-05,2.360551945088576e-05,1.9920737199092484e-05,2.747582393883491e-05,2.3988972042446912e-05,3.743396019589457e-05,6.80144009724186e-06,7.033808751300766e-06,3.191014853223878e-05,5.83791194394079e-06,1.1115364899240335e-05,1.3341933534772673e-05,7.95070571693164e-05,1.8329075823352127e-05,0.00014720019196196905,3.1990520507146353e-05,4.099679429937717e-05,6.816701663772405e-05,9.413568438594388e-06,3.1221504238992796e-05,6.737405033453596e-05,7.0067735965253755e-06,2.8969760390017275e-05,2.6232921482127293e-05,3.765262477991954e-05,3.476816165423877e-05,1.070828662608184e-05,1.857064947637154e-05,4.220542844529896e-05,1.2643871215325462e-05,4.9126626894983255e-05,6.877205462939533e-06,7.38698661511538e-05,2.932829381495289e-05,3.894252301865282e-05,2.8050336791127417e-05,6.510027356884729e-05,5.541386774075194e-05,1.8176722210040632e-05,0.00011059451851321699,1.150902972745877e-05,1.1528275384202874e-05,8.005555450734079e-05,8.133472557066511e-06,0.00010809570514012245,7.4835496646522765e-06,1.7417984444799977e-05,1.3786281800324071e-05,1.828279921281976e-05,8.00229206418149e-05,1.0958201868528167e-05,9.723587098142017e-06,1.6080287816913662e-05,4.403159203179462e-05,4.62171739055774e-05,3.7293578789380556e-05,1.9012238053355955e-05,2.9120243775504214e-05,1.0437673611113243e-05,3.7862500523495776e-05,1.5751766463964707e-05,9.925557977282207e-06,0.00011283642301530414,8.293868545517681e-06,7.431584124354935e-06,3.3023791579242555e-05,9.021679136322951e-05,0.00011403397665094773,8.153928595421532e-06,1.7294196276391886e-05,1.8097066142454394e-05,1.4629753168043381e-05,2.389257815926164e-05,0.00010403966279184507,9.946087789258259e-05,3.514644188685088e-05,0.00011504671914061904,3.013460593720472e-05,9.14708703272653e-05,6.255708693447358e-05,5.055032738791176e-05,2.2018173216358888e-05,7.616517513868618e-06,2.365313713628007e-05,2.3619586330088575e-05,7.630422525197054e-06,1.6854233310037033e-05,8.988135612206419e-05,7.1347302144246966e-06,2.791293849998229e-05,2.1994473932109066e-05,1.6016461927087794e-05,1.2172543848705775e-05,2.436227970422437e-05,5.912392192218365e-05,7.899374053115497e-05,2.432489056558856e-05,7.047940801253131e-05,8.180196383153443e-05,1.4096125488439022e-05,1.5502229923152842e-05,4.233780729932092e-05,5.380592367124219e-05,4.9752407987607695e-05,2.4478624234813683e-05,3.143409137858102e-05,1.529494331007233e-05,8.465630878366359e-06,1.2483431261267871e-05,1.2890938459354684e-05,2.417477092973821e-05,5.737605310052562e-06,7.293976549429308e-06,4.240705465568672e-05,6.188564181264781e-05,8.618500381715871e-06,2.3779233865418568e-05,1.214000146186009e-05,4.331159996955816e-05,7.066605845270098e-06,0.00010848850149368563,2.597993684089076e-05,0.00013538996689401952,4.6979706918312914e-05,1.1565580291889133e-05,8.126878611024094e-06,5.743111215678812e-06,1.2252341626819973e-05,1.964350075886326e-05,4.964085869022864e-05,6.1041505085103555e-06,9.972778552260923e-06,6.230039689452209e-06,2.3804403673890245e-05,8.903852130817027e-06,5.843676879860848e-06,1.2607572417719849e-05,2.3267836265882395e-05,2.0048017291759298e-05,2.396546761804306e-05,2.9819375560293473e-05,9.002122320323319e-06,2.474297890921663e-05
PWY-6317,0.00014077412682956625,7.62609617965675e-05,0.00011260859107509316,5.269270470294656e-05,0.00015122875277828558,0.00013533868612556187,0.00013569436383191835,0.00013234633506133825,0.00018371903458272833,0.0001236912979763694,7.357774571869626e-05,8.988398723420697e-05,4.480678034083814e-05,0.00013892256903324444,0.00017625487773588924,0.00011028800542311558,0.00017427922124788265,0.0001565092286020461,9.44462134129629e-05,2.0544023761273915e-05,7.38300294398685e-05,0.0001558907057625923,4.214079591763219e-05,2.3844516518292327e-05,5.047923430235039e-05,0.00015877221028135543,0.00020634161613580917,0.0001454849285550901,0.0001541905257471084,0.00014246539458664327,0.0001454244934059072,0.0001339886717150984,0.00020208894155996756,0.00014656985393420133,0.00019048276090706304,8.890483663577847e-05,8.575858719701099e-05,0.00018774162964584848,8.282074855631755e-05,6.105203139682326e-05,6.716156461541585e-05,0.00011660497039354638,7.471717928583686e-05,0.00016308554408270092,0.00014443093098454745,0.00010173108827678143,3.69766643522225e-05,0.00013091479365304602,9.832345633844544e-05,0.00012880163814427178,0.000123013262472938,0.00011019609189388058,0.00015534295647977826,4.418462800265849e-05,7.751619005000672e-05,0.00015284663467762772,0.0002277456742694344,0.00015098040406917094,0.00021057508770131714,9.960341248023804e-05,5.565933840423924e-05,0.00016843488573030718,8.082159420313352e-05,0.00012157022386929393,1.655592088981122e-05,4.619229297079551e-05,0.00015196788750298376,0.0001810975754087383,0.00011860836049603081,3.237644446364511e-05,3.378871319675319e-05,7.557260949998843e-05,9.131446009959217e-05,5.208144234437558e-05,2.7767980823747918e-05,0.00012892884933124064,3.055754814085638e-05,2.9782856519661546e-05,4.8622095882703e-05,0.00018160090863687152,0.00010375411724683993,6.869067779620051e-05,0.00014407026795226955,0.0001629668164777938,4.386108302477267e-05,8.197246874314276e-05,0.0001936936078430271,9.310368149151549e-05,6.88808265546776e-05,0.00014681750083601482,0.0001344009679423647,0.00012798778584441705,8.306260626100296e-05,0.0001713032210683886,0.0001957080050896164,3.278613917989763e-05,8.728165977845165e-05,0.00018663378658057535,0.0001452484968772397,4.942955879908404e-05,0.000131296119953755,0.00020862388321766354,0.00013836348042230815,9.622122055320507e-05,0.00010704669911150045,3.465486093644178e-05,8.703843315327208e-05,0.00016981807768207463,0.00011103030671329783,3.830521298527504e-05,0.00014825818785909304,0.00014040526871873118,0.00016410188043124036,5.333197632068201e-05,6.474487729678465e-05,0.00012264658856239366,0.0001442688000434914,0.00012734493277791434,9.574177273574296e-05,6.299605698841856e-05,0.00011177581734361211,3.375367880403849e-05,4.695179191116109e-05,0.00012217603303077743,0.00010771232930154285,1.2187076694933924e-05,0.00011213008450488906,0.00010865479991870484,4.5018456397476745e-05,5.148964360722704e-05,3.417401385665302e-05,0.00010942233107609297,4.2646182725823924e-05,0.00010288129862547605,5.102779764882994e-05,9.660201434743372e-05,0.0001232287280882313,6.945005736319068e-05,5.093263626331523e-05,5.18652069484321e-05,9.76481857453403e-05,0.00011041389646789326,7.294243580211378e-05,1.8340649381172564e-05,0.00010046043478094662,4.9082012230740924e-05,8.584471887321584e-05,6.169482309098825e-05,3.3723543339644885e-05,6.542823707040614e-05,5.347978147834947e-05,3.901066911721796e-05,7.231669974062295e-05,0.0001345968892913407,6.405275351795807e-05,4.1111826347969916e-05
GALACT-GLUCUROCAT-PWY,1.801504825959782e-06,5.181548891821159e-06,1.2320721525226558e-05,1.8235142829567925e-06,2.1356842967206734e-06,1.1438008500845486e-06,1.196059592046239e-05,6.751725437391247e-06,6.807128376673788e-05,1.943061387310824e-06,8.638900510411313e-06,2.1922989093713862e-05,3.9409481671676835e-06,6.36852750509382e-06,2.1029491665465807e-06,1.1645811444658527e-05,1.7128106854121678e-06,7.97018518146543e-06,7.5078550327507466e-06,1.5367288873236333e-05,1.6957272932378199e-06,1.3397799792669407e-06,5.6667423160520215e-06,1.9588194298859205e-06,8.265864882900859e-06,1.7377076900726695e-06,1.4023188836662325e-05,7.319085518027451e-06,3.0574224582707288e-06,9.106726485203363e-05,2.0006318076695527e-06,3.966034503457313e-06,3.8826808108103655e-06,2.2461716262150227e-06,1.7638095080147495e-06,1.0792127409190343e-05,4.575527286185561e-05,2.1166760258754998e-06,2.872888346739253e-05,4.879388764322803e-06,1.964284838134225e-05,1.8012761153177298e-06,5.456837076516512e-06,7.444099525854699e-05,9.72856942156738e-06,3.2418357273584674e-06,1.999102807689768e-06,1.5996064852726843e-06,1.719487087958909e-06,4.998789939489331e-06,1.8292234537238517e-06,1.711893951844092e-06,6.0825951419119894e-05,1.7254154487831922e-06,2.9757969089770853e-05,0.00011095061887731406,3.76643060176757e-06,2.028397667961372e-05,1.3105064196821396e-06,2.7154643193810246e-06,6.320753687805868e-06,1.9501024948761617e-06,1.5657641883309304e-05,1.1089262082765093e-06,1.5945256007980931e-06,3.598900092028817e-05,1.9058024478393645e-06,1.8629326194229134e-06,4.7403749643908115e-06,3.712033024170384e-06,5.10477767021645e-06,1.913595411822946e-06,6.736133241493485e-05,2.065251451737217e-06,1.9559809318498438e-06,6.666915005437037e-05,7.918032475586976e-06,6.927646505975886e-06,1.4778884575249392e-05,4.2587728013855895e-07,1.0873306038329702e-06,6.445953668431115e-06,1.6653213565119e-06,6.803071044171501e-06,5.491106385791606e-06,2.6805026623493216e-06,2.9127066754310735e-06,1.7541680429339658e-06,6.4849029530716975e-06,1.6199387230610274e-06,8.233938710690386e-05,1.789741931004422e-06,2.0667346738685395e-06,1.0287325778270398e-05,7.790791108849757e-06,8.248345448238148e-06,2.0016571313940946e-06,1.7932320687470186e-06,1.260600357565766e-06,1.8674063280894936e-05,1.8157622389508428e-06,1.8402308730395188e-06,1.0077390228201905e-06,2.102683396317164e-06,7.173808947402936e-06,1.9277868347486915e-06,2.0633106901432297e-06,6.122805190347351e-05,1.6138614962342175e-05,1.730200194172805e-06,1.1864506618675793e-06,2.344205369540337e-05,5.566045215036863e-06,1.0133949187251067e-05,1.0295689265384413e-05,1.9252229194934416e-06,1.2584233462122086e-05,3.5247035234475892e-06,6.15840831008924e-06,9.497563759264062e-06,9.284168054993822e-06,5.901685382027292e-06,8.009241408758935e-06,3.3109351860914574e-06,2.0562016626076388e-06,9.80303992398171e-06,7.115861824837749e-05,0.00010739188693781941,7.748091440129258e-06,7.177331677543169e-06,1.1889876669492979e-05,1.9371404086776904e-06,1.6417240333755267e-06,0.00011620224151748831,2.0192574134339594e-06,3.978660705426327e-05,7.837590532256018e-06,1.3906984014009546e-05,1.9854200513067463e-06,1.99967227011523e-06,2.8974394599159626e-05,7.93138706009652e-06,1.7840789003271511e-06,1.9575493843570632e-06,1.9884598154371975e-06,8.951941062242804e-06,1.8219771679037385e-05,7.426025780074761e-06,1.9698207346954295e-06,1.0870438094837254e-05,2.016246918687746e-06,1.964329237658926e-06,2.052537043612888e-06,1.944841324849213e-06,1.950949035309991e-06,7.229519517045371e-06
GLYCOCAT-PWY,1.4520866479673413e-05,1.3067751643809702e-05,1.2689449036399758e-05,1.4889228606399282e-05,2.6046016293050464e-05,1.684747129953596e-05,2.3507720001280785e-05,1.8452968028569673e-05,1.079540879303104e-05,1.2298711172989493e-05,1.5957294723126163e-05,7.831143864866057e-06,1.7209694726252553e-05,3.849764507916255e-05,1.2014730408273707e-05,2.8440731163222993e-05,2.0368144886035375e-05,1.086277574853548e-05,2.0479224166105676e-05,1.482034600096803e-05,1.6210191429989806e-05,1.805981382424229e-05,5.593847024012043e-05,2.0703416696525356e-05,2.28200171634231e-05,1.992498119498782e-05,9.718294231360206e-06,6.521130170571982e-05,3.414942198175253e-05,0.00015528975888677788,2.3122743477975223e-05,1.4587328540655718e-05,1.9767529829520083e-05,2.0040648561822717e-05,1.3625484127025167e-05,9.491313012515869e-05,1.2758342964620361e-05,1.6223528966143304e-05,1.79664918764091e-05,5.951273913220326e-05,3.8553950988632855e-05,6.146811457327187e-05,2.1412807027777892e-05,1.2850613597183674e-05,2.3389739548804208e-05,1.1493619908195231e-05,1.8456980594765443e-05,5.789069956380382e-05,1.7541428447415794e-05,4.877470915754776e-05,1.7571684413946898e-05,2.057347891164138e-05,1.0232170092338771e-05,2.028639649921498e-05,1.0709221219695867e-05,2.1466248483205885e-05,1.5176735193478792e-05,2.5240321560542722e-05,2.8833001124233614e-05,1.617395239831121e-05,5.452995718178784e-05,9.357537663466968e-06,3.977964025587711e-05,1.457395666420828e-05,2.0904813005066303e-05,1.4243109850691585e-05,2.7000248389676952e-05,1.7400644535450893e-05,2.037763403456859e-05,1.7494983081102122e-05,2.013976041214344e-05,2.4654899563488875e-05,1.2588914375607947e-05,4.3370476602015564e-05,2.30365684335712e-05,5.685006919585712e-05,1.3700143179187611e-05,1.882426693681054e-05,1.0937785484099326e-05,2.1005122510470996e-05,1.4851044141015672e-05,2.142228882632406e-05,1.4049777077097028e-05,2.6969914358328068e-05,2.6903303206005814e-05,2.855643686418354e-05,1.2015423235799949e-05,2.586718872495833e-05,2.8343254727499046e-05,5.933983538141009e-05,5.061578352208858e-05,2.6284959068573444e-05,1.9265264882396422e-05,2.6114366167186844e-05,2.0243345592590263e-05,2.1431440169822173e-05,1.5468269043449074e-05,1.66829482390634e-05,1.224183608761505e-05,1.8196174731592574e-05,1.809995661330759e-05,1.6337722542401066e-05,1.61586656229242e-05,1.8004270456754186e-05,1.7871472260239774e-05,1.6296861739068003e-05,1.7568193600160563e-05,1.8268652650688886e-05,2.0424378466217082e-05,2.0969387855679718e-05,7.51035004693305e-05,1.6883135885506417e-05,2.952199358374348e-05,2.3574937714659016e-05,2.2112715277985795e-05,5.2485579133579935e-05,1.2309316664123687e-05,1.928313815249296e-05,2.4015617417778944e-05,2.0698709379525902e-05,6.474508314552962e-05,2.5618177869123626e-05,2.9519322028998194e-05,0.00012787780578575895,5.262186553232646e-05,1.4201663802958821e-05,2.5524622508071537e-05,2.092102357616363e-05,1.8560542777069582e-05,1.7956331377412837e-05,2.7612257725816894e-05,1.3258529256044637e-05,1.5931351355229227e-05,2.2073351609246334e-05,2.810178641053799e-05,1.6593961001241704e-05,1.8202376690176176e-05,2.802328843070166e-05,1.839842328265852e-05,2.657716515248315e-05,1.0861336626394402e-05,3.320216166095246e-05,1.846182070538554e-05,1.686187552404966e-05,1.662840718447578e-05,3.496680907394887e-05,1.338243532778143e-05,1.8369257704662084e-05,2.9750298631361777e-05,1.758782965013614e-05,2.014879384617144e-05,2.0222290583159894e-05,2.1375151304532405e-05,1.3069405433010833e-05,2.2265500208725932e-05,2.0693938087920034e-05
TRPSYN-PWY,8.957107602664357e-05,5.90550212201171e-05,7.751885566508993e-05,2.9239090420087e-05,0.00010973184917749236,0.00010335539743824065,7.351933025865206e-05,0.00015316582237105475,0.00014298618694128122,7.993967561809078e-05,3.69540066140142e-05,0.00010060212197455548,4.2400782877256783e-05,9.954166435258133e-05,0.00018454020184049022,9.332186082441405e-05,7.612372962628347e-05,0.00010426801605123747,0.00012151040863672294,2.140445523138436e-05,7.345702256392302e-05,8.055897341634423e-05,2.335359068463225e-05,5.3935005380077336e-05,2.7863783808350517e-05,0.00011782583384299768,0.00015784168923897856,0.00012475779024097996,7.734595961119186e-05,8.19523350432491e-05,0.00016366427724159882,0.00014212673982257073,0.00018047451761683415,0.0001321370152141797,0.00018675911882053443,6.506233277494712e-05,9.675741469881883e-05,0.00017057913263467578,0.00013724039385778705,5.044498077484309e-05,9.147057901464494e-05,0.00010458046417463644,9.507041364899824e-05,6.395476340501594e-05,0.00011764966106638442,0.00011459163821155679,5.897917867219569e-05,0.00017324797716624168,3.3444204772473345e-05,0.00016285417563539483,7.517579620528565e-05,0.00011578891317302962,0.00012920422968531133,0.00010401894410928838,6.78204403972975e-05,0.00012768899577745047,0.00016831751555294522,0.00014108358217036402,0.00023087615541461133,4.944707132484914e-05,4.616989340302465e-05,0.0001517066409695369,0.00010065877758622265,0.00012168855697792333,8.44625577670544e-05,6.950405985660988e-05,0.0001527967775914988,0.00010261016999309857,6.72356309851899e-05,6.490158557990124e-05,4.3830511789302336e-05,4.986104033629191e-05,7.223333468649393e-05,2.5271506057971887e-05,4.0180346302467013e-05,9.844079318952075e-05,5.831981605843665e-05,2.3867804994940055e-05,6.422951913922134e-05,0.00014858681078908816,7.811355204272627e-05,2.870766371619272e-05,0.0001145320399409752,0.00021132136343586597,8.582468021771988e-05,9.257058464612253e-05,0.0001605988884860427,8.353175562145765e-05,7.214376761364595e-05,0.0001343556978355934,9.155653453617567e-05,6.764323110481648e-05,0.00010517937818655293,0.0001776648946841711,0.00012924422070470254,4.101197357281651e-05,8.61170627138312e-05,0.00015472452460524698,0.00018385664757396422,4.324746736701046e-05,9.613065658406613e-05,0.00016290317833266395,0.00013197921318234464,0.0001342413665035212,4.939449065989488e-05,4.148999984512643e-05,0.0001097990515569614,9.03282942860824e-05,0.00015323831332909467,5.2377031793093837e-05,0.00015967813553767552,0.00011180543885145816,0.00011643379997760852,7.417575818789112e-05,9.706601810475054e-05,0.00016433634009398502,0.00013724871509237407,7.3842050559644e-05,0.00010699373579828463,4.022074392020826e-05,7.693239543801565e-05,3.0517501382628255e-05,2.184039212227836e-05,0.00010749100292394406,9.263898554564812e-05,5.789939146786466e-05,0.00014302897706937136,0.00010731913891770119,5.4752051942519635e-05,4.4546172457071976e-05,2.511784428486367e-05,0.00011848817155333012,9.209473891861847e-05,0.0001013116831594193,4.324451681150065e-05,9.52538991581499e-05,0.00012377289613403703,6.741838711877078e-05,7.803432828341025e-05,2.4642335046114068e-05,7.936073616535562e-05,9.690628196388923e-05,7.98815863751991e-05,9.369514230383312e-05,7.505908518120688e-05,4.428324236651751e-05,5.835595460017707e-05,2.9601081240229692e-05,8.439919492968648e-05,7.258397434109379e-05,7.447137556551003e-05,1.9014145771944745e-05,4.0938439104601224e-05,0.00010897282318347357,5.289080805836831e-05,4.16379129331048e-05
THRESYN-PWY,0.00010389293255972438,5.251197776150252e-05,8.378958843793021e-05,7.337206345209036e-05,7.985580208529506e-05,0.00014643264302408886,0.00015227595511020566,0.00012148871181613066,0.00019641918629506925,6.069816413541705e-05,3.49366519203567e-05,0.00010346396636554413,4.557043115883633e-05,8.573349400154654e-05,0.00013230387376224838,5.247684585582483e-05,0.0001366154282815238,0.00013957214529129521,4.5818036960450455e-05,6.895526721374182e-05,2.799790784206764e-05,0.00010902829877876163,2.1988573798988762e-05,3.178527530919964e-05,5.223535613106292e-05,0.00010234424727905164,7.922714337259149e-05,0.00018960100540544924,0.00011840438782221808,0.00018408989546370516,0.00012442407636157655,0.00012295226848755913,0.00015146068149346302,9.625763785052482e-05,0.00012046182778766883,6.667538994218047e-05,0.00011145253457086238,8.569818919232442e-05,0.0001571252992251619,6.487466592664552e-05,7.254744380202979e-05,8.669943667180121e-05,6.078279824497169e-05,0.00013737463992724854,8.85873193758228e-05,0.00012231743180694078,8.209385746549871e-05,0.0001287619870290686,4.0633386406904875e-05,0.00021302728862587683,0.00010885314898101367,0.00011716809411856118,0.00014321786310284143,6.338957217984585e-05,5.378953801444085e-05,0.0001866789814914541,0.00012547128447908202,0.00018747800675534792,9.851595528247335e-05,5.455162858498828e-05,7.611719765002425e-05,0.00010177484306154254,7.430988433173326e-05,6.975768140535535e-05,6.281761686278181e-05,9.226177699001297e-05,0.00010829982687890923,0.00011242852373270152,0.00010729283469013892,5.2678525158793343e-05,6.330638476204943e-05,6.0192232851522734e-05,9.856743816701472e-05,6.712928635435075e-05,4.22946821060277e-05,0.00016923403859514454,0.00010361528908127708,4.167666512846373e-05,9.820605484555204e-05,0.00017618288120550376,0.0001400861029865118,6.891891992911148e-05,0.00011476138783097578,0.00011487740971277861,3.812806322187778e-05,8.165150380226117e-05,0.00017235883952380427,0.00011699776966530208,4.955030888212952e-05,0.00022062932675516285,0.00015043005254496258,0.0001347275283516369,5.6595241982370864e-05,0.0001338041174321133,0.00015021287315418333,1.9634388825238532e-05,5.099900293824211e-05,0.00012138161344789052,8.0143035836299e-05,6.273913351189414e-05,0.00012258692072056004,0.0001126747507559431,6.123846999602841e-05,6.888016167715439e-05,7.635088203232263e-05,3.12459381518794e-05,6.349260098493399e-05,0.00015473536259505622,0.000106299615980851,1.4328994752451647e-05,0.0002561848720899029,0.00012996684062562537,0.00011880092492627102,6.092453463446143e-05,8.015778400650579e-05,0.00010666663566522387,0.00013268848608455214,0.0001167955633523599,0.00010171341261239897,4.9056289638416217e-05,7.237162497294188e-05,6.370808466888907e-05,3.2949403958839096e-05,7.909685303208934e-05,7.641552423533126e-05,4.976068326705579e-05,0.0001775722858496762,0.0001531369266870762,5.1494824216957155e-05,1.9132527671958424e-05,3.72617938891908e-05,7.457818567218583e-05,4.568761134235189e-05,0.00017494247221293627,6.72841291053871e-05,0.0001624367493123123,7.534504694796299e-05,8.30239894542899e-05,5.133076018015534e-05,6.945663431210708e-05,0.00011185691548739297,5.514321349056182e-05,7.94160418267973e-05,0.000148148174344527,7.39209385119955e-05,0.00012211073985213069,6.63568303194193e-05,7.183504606893569e-05,0.00010270115661455367,5.327482672586765e-05,5.9670314255505e-05,6.233673274247448e-05,5.413649644402065e-05,0.00012869510929313673,3.636669544231812e-05,4.907190617314285e-05
DAPLYSINESYN-PWY,2.555567109844836e-05,3.0762813477084205e-05,2.819203481471392e-05,1.4586867763259609e-05,2.997572311951481e-05,8.126072121744674e-05,7.94243453378372e-05,0.00010963711019887755,0.00015977369327302098,4.161460291222701e-05,4.504333581919963e-06,7.021467535941149e-05,8.160149474722484e-06,2.902544373722934e-05,4.960993174295847e-05,5.038600882800298e-05,3.752165084826068e-05,6.47933121540546e-05,2.824480575092632e-05,7.625463314533577e-06,6.213263654799213e-06,4.032536848536821e-05,4.583430507302262e-06,4.9218526240983316e-06,1.4474266865092156e-05,8.520989539400409e-05,5.368689967812812e-05,0.0001743996618872878,3.5241437820540364e-05,0.00013157483947786428,4.4327819645611546e-05,2.6171435231918584e-05,5.303896649809003e-05,3.1531986587663596e-05,6.994488844716819e-05,3.3525224272689485e-05,5.63174640418245e-05,4.8301897180026896e-05,8.88535495811267e-05,2.56139864052218e-05,5.551058414891318e-05,3.970691845187655e-05,3.408059213975371e-05,8.906698263904116e-05,5.82525357388153e-05,8.557799064732707e-05,1.2123819836388634e-05,5.432527948620709e-05,2.3147218061921917e-05,0.00018438975010349367,3.9041287781794076e-05,2.809895973560642e-05,9.460043948307371e-05,7.531454054232006e-06,6.143927557254782e-05,0.00017117491397540018,3.7938757657564334e-05,0.00016860851830121124,7.907519956645734e-05,4.6950400202836436e-05,1.8273594522616124e-05,2.4306851892767914e-05,8.500053975128358e-05,4.6139105860311876e-05,2.5876724533917343e-05,3.956771114691638e-05,8.900666769700765e-05,6.69440630239264e-05,7.324451550838766e-05,2.372508544600051e-05,2.2919854634211208e-05,1.2348528129492488e-05,7.073719066051247e-05,7.193393417040208e-06,5.3461732924514e-06,0.00014033666635940306,8.417708904115325e-06,1.5474112339072823e-05,4.531671644619933e-05,0.0001439632778196377,0.00012518273496638067,4.581768781020459e-06,3.988173220112841e-05,2.9671679598570135e-05,4.556076662819975e-05,3.392993801210063e-05,0.00011766014396128247,0.00012418178682143682,2.7914166364169332e-05,0.000244376113917995,0.00013270335294981425,0.00011343343039876609,6.822313675199389e-06,6.778295516625716e-05,4.1518233662449915e-05,1.8713981281828196e-05,9.92913831026562e-06,2.4806953000183338e-05,5.657423234416017e-05,1.4547115710432124e-05,9.289766414284085e-05,5.687925594616768e-05,5.686502735795237e-05,3.283005112828822e-05,2.3537621124822696e-05,3.89997355637643e-05,7.314188539074432e-05,9.74471841688575e-05,7.631973827204338e-05,4.763268566264174e-06,0.0001991905640813532,7.431349139698393e-05,7.107925713637329e-05,5.042317584693566e-05,3.994661500851009e-06,3.820672731330933e-05,9.976557898290003e-05,2.9752489442139377e-05,2.4805633036696925e-05,3.3880198300044605e-05,2.0245295441023473e-05,1.7639685248485398e-05,1.8049010243937178e-05,3.212572129914835e-05,2.1408096770236656e-05,5.125733484087382e-06,7.963272896757505e-05,0.00013262829377360476,4.8268307503589845e-06,1.1479006065904657e-05,2.120787845157258e-05,2.547810944884878e-05,4.7377794885444405e-06,0.00013456167981724197,2.4136748536223853e-05,0.00012014495968008187,2.7339212857964822e-05,2.313917106403275e-05,4.191837963023465e-06,4.78761952482959e-06,3.75947536852286e-05,3.3665965782023355e-05,5.755185836466832e-05,3.641951751757512e-05,7.532248941406474e-06,1.9979655665445585e-05,2.820833739356155e-05,6.772570673639152e-06,4.507576289677206e-06,2.705121569466799e-05,4.659229526457252e-06,9.733172988540826e-06,6.45612964379298e-06,4.4478436566504996e-05,9.788833607581546e-06,1.660565255313798e-05
PWY-2942,0.00011992088888564841,4.68038788068793e-05,0.00010319948906675565,0.00010619316436737078,0.00011468177158452453,0.00014171370863465577,0.00015522982502404837,0.000162896545723924,0.0001385912831214124,8.687347795021905e-05,5.767054278967742e-05,9.556272052504042e-05,4.385481511249954e-05,0.00011273468364401082,0.00014846377297191303,8.073477805636012e-05,0.00017941621691950423,0.00013236313951983536,7.372623018653982e-05,3.563233975918037e-05,6.0414273831105483e-05,0.00010085565143670372,4.5443281776060105e-05,2.9701195871653758e-05,2.3811895406272304e-05,9.417249757398106e-05,9.628891562781156e-05,7.954752757481667e-05,0.0001180032352271794,2.9771550858077716e-05,0.00011401714946494207,0.00014118385225415906,0.0001620436529343541,0.00010959915788800897,0.00015628719737963089,9.675346734984302e-05,0.00010705903014778499,0.00012127497218968228,0.00012862920751648298,7.273992997143825e-05,5.978134246740008e-05,0.00010247094231375998,6.240653805739223e-05,9.959355965649514e-05,0.000124174842272142,0.000128572733036439,5.537563887520856e-05,0.00016029913145019467,5.5402189119188106e-05,0.00016504674035740873,6.139660859741857e-05,4.9460817348510594e-05,0.00011173939564124457,9.785868932286085e-05,6.510184751930619e-05,6.83698462845431e-05,0.00015603539771830028,0.0001751782494223117,0.0001824092521367684,8.066192756420332e-05,5.4542284524592974e-05,0.0001150746749472764,0.00011139674539898595,0.00010621100659697949,0.00012314454521446716,7.562974915206778e-05,0.0001568980818559585,0.0001175115076200035,0.00010671357637766756,8.002860752505245e-05,6.511383911253953e-05,7.357028505108644e-05,6.804976392158404e-05,7.895726473319574e-05,3.0201062423484683e-05,3.227825686640934e-05,8.281812493152254e-05,2.203557493857327e-05,8.904023921082433e-05,0.00018490160961762448,0.00011681717601106112,6.840324161920438e-05,0.00011240101427880651,0.0001389058149263067,0.00011202930927751974,5.0260456822503345e-05,0.00016135183932523676,7.823826715834616e-05,4.5597383479542436e-05,0.00021924683613377608,4.9457665214742093e-05,0.00011156938533655641,6.737869975305966e-05,0.00014630272039833746,0.0001633203886117351,4.3682513916477875e-05,6.360990209619896e-05,0.00010135634015561752,0.0001218609193899634,5.4892853168696216e-05,6.632094758409547e-05,0.0001553541629735828,0.00010100194805418,8.75424397367065e-05,9.056214575196546e-05,6.541676582510727e-05,9.770583706894271e-05,0.00010610814782500505,0.00010098316099117448,1.928677169246285e-05,0.00021935143176584954,0.00015538120968378513,0.0001498111244006971,7.893303010821004e-05,6.590549000180313e-05,5.82606905269909e-05,0.00012994002800530128,0.00012186037696432666,0.00013059019175673723,3.769117328060761e-05,0.00010456023189826027,2.35958735420161e-05,5.494910382892572e-05,0.00011887176219893006,0.00010457145686940133,5.38575399559227e-05,0.00015746765292938935,7.573340952454e-05,5.639056974379757e-05,7.038956122784478e-05,2.9042977268463986e-05,5.7206951070881136e-05,6.360862201695783e-05,7.401476091094235e-05,7.182075701309862e-05,4.5748937774619484e-05,0.00012712044845764888,8.777128312968765e-05,7.026099221676872e-05,0.00011633306621225101,0.0001479472148043135,6.349000613648878e-05,0.00010573597872344882,7.175594038216909e-05,6.936300640026483e-05,7.927056051203948e-05,9.192599802120566e-05,6.900766322771403e-05,0.00010092833239494984,7.265258258651273e-05,8.018825342373126e-05,5.2001034293046944e-05,4.4508886127019385e-05,0.00015976914309922145,6.0074241174999555e-05,3.916306306652072e-05
PWY-5097,0.00011128302192810382,8.885171053541952e-05,0.00011195071026067768,9.581792315426815e-05,0.00014398831580505645,0.00017375462805516541,0.0001689313356592613,0.00021628988012232698,0.00018049296295417767,9.037610014481723e-05,7.921234684330297e-05,0.00013619078243333902,8.373859559801651e-05,0.0001655299259339119,0.0001714907594912165,0.00011505559416518044,0.00018715903435234419,0.00015834585551069752,0.0001220021908571348,3.5744367425804885e-05,9.236632961576569e-05,0.00011234240894149924,7.40576219983976e-05,5.991673737221686e-05,4.8252206872762056e-05,0.0001410301104730015,0.00022146683800962623,0.00021866540415441758,0.00012090869347652782,0.00012200855518834818,0.00015645690648270695,0.00016661094556495262,0.0002042662435331264,0.0001420824368564058,0.0001902686004502312,0.00011530955084747812,0.00011576218074076751,0.00016022641295116116,0.00016972752319826422,9.796802582538611e-05,9.965544911932698e-05,0.00012732016106067008,8.622469560330173e-05,0.00014797315478462696,0.0001540528090981139,0.0001760260872406588,0.00010493684454855847,0.00017560059178590206,0.00012329207210881965,0.00021561507171633944,0.0001366747882737806,0.00011595269450431763,0.00014107198114698806,0.00011503757878951331,9.832359987612195e-05,0.00018364550759267814,0.00020285330532732887,0.00021460081110390644,0.00020906224292609922,0.00010531423081989021,7.626974028242681e-05,0.00019798413001128994,0.00010411232002040763,0.00014585201768978158,0.00014041978846285135,9.240191144504303e-05,0.00016986727483682043,0.0001559653700025715,0.00013421108303314912,8.607129438010419e-05,7.363600952612903e-05,8.734813696730857e-05,0.00010568163821423608,7.823456196336963e-05,5.904128453937907e-05,0.00015390882006662544,0.00010662303235311434,6.626285027188274e-05,0.00011179391782403612,0.00020287818806643783,0.00015346558379316882,8.168986361490888e-05,0.00014361800226700137,0.0002244198795120918,0.00015481302456623285,7.900683916788566e-05,0.0001940207437533771,0.0001437849676578338,8.849626553678746e-05,0.0002927040033828077,0.00012177518027874914,0.00015412617051577452,9.70334520115844e-05,0.0002290948457929372,0.00019946470558438302,5.813814572841038e-05,9.149731098136629e-05,0.00016810376858165872,0.00018647422555850008,7.563638800041417e-05,0.0001351332220924643,0.0001710765939687342,0.00017600622212863285,0.00011525606581696385,9.879186767056685e-05,8.887447982015976e-05,0.0001264286502295859,0.00013743874604881068,0.00014238338554839377,4.6163954131320276e-05,0.00027278221164631,0.00018015887787999543,0.00015278995887239977,0.0001085617745021335,0.00012312392406134542,0.00015852587042330767,0.0001944536485083286,0.0001328515287279784,0.00014992124508754245,9.015124773550779e-05,0.00012046056172573043,6.161484224211836e-05,5.557910564972124e-05,0.0001359714671238987,0.00013871166173559283,5.775564132346266e-05,0.00016716330933136801,0.00012982887624243933,7.172859746843494e-05,6.585246296327268e-05,7.66017221870567e-05,9.733525728004476e-05,8.024199486922153e-05,0.00011969125741501418,8.253168758583847e-05,0.0001515029339912518,0.00013959592122770968,0.00012971556114218093,8.82566893361186e-05,0.00013518486307851347,0.0001714028796470827,0.00012706500429762832,0.00011350854550730479,0.00012705755895502156,7.620325614682279e-05,0.0001091117423017692,0.0001023092999007218,7.412948670930754e-05,0.00010157884928140477,9.080124342381808e-05,8.851416135148267e-05,9.091864488643729e-05,8.110619570197614e-05,0.00017292037799176112,7.581658317240229e-05,7.003012403688946e-05
PWY-724,0.00010553426080715335,6.243598495275431e-05,0.00010629551911725019,8.039498243170626e-05,0.00012469805498963277,0.000166835946806183,0.0001613681207435255,0.00017351166513003623,0.00018383442649603563,8.265932045270186e-05,5.5391287499208893e-05,0.00012627244903881218,3.8175621351642426e-05,0.00012320412128328704,0.00016878139830441553,8.732057938031512e-05,0.00015589768957149772,0.00014932712151360597,8.362945194538533e-05,3.7545036401738e-05,4.818405884054427e-05,0.00011104879359697978,5.5719397588109564e-05,3.684215978616541e-05,2.367366209465628e-05,0.00012857478510222589,0.0001086080382572538,0.00017150496827461528,0.00011890209019322902,0.00012942043741089,0.0001463327161210522,0.00014308028774151813,0.00017815158242679644,0.00013348184290196949,0.00015206011609910286,0.00010105647976160848,9.580172508073715e-05,0.00012866518104583653,0.00013620328769388697,7.456487718480034e-05,8.264411100367927e-05,0.00010572748622572681,6.983362130130319e-05,0.00013439428825249612,0.00011157018084838276,0.00016753888448018542,9.300406512782848e-05,0.00015592854238858107,8.573104653579533e-05,0.0002130782520521839,0.00012825854977406256,0.00010898117356075322,0.00013805665488126988,9.349904879349665e-05,7.328719809273904e-05,0.00015798076119475583,0.00014897051190985124,0.00019268520719341442,0.00019064426903009783,8.387021319073307e-05,7.28649689202083e-05,0.0001638456876933343,9.334151787636748e-05,9.142970510233132e-05,6.846560273994169e-05,8.121953725303264e-05,0.00016260685836524432,0.00014479919437345335,0.00012229912092820032,8.041662129646124e-05,5.537605886147338e-05,7.718499093316632e-05,9.668109758232757e-05,6.945426223115254e-05,4.8133744531094784e-05,0.0001579183842636332,8.116599342614836e-05,5.430798405465836e-05,8.857716884360949e-05,0.00018636311122673322,0.00014269535778160984,7.646246653653709e-05,0.00013718122754186849,0.0001463828854139551,0.00013033077691260115,7.434510600409551e-05,0.0001927199969828118,0.00012657319402361645,7.365662762879768e-05,0.00024861943133144034,0.00012328874389292487,0.00015012746968818904,7.544067078331809e-05,0.00016836911353065664,0.00017162142313565512,5.418152283207185e-05,8.970660465899087e-05,0.00014556966297725292,0.00012896629218222562,7.003537285005525e-05,0.00013001662579268888,0.00015003306527622013,8.806040862825104e-05,9.893450287838142e-05,9.117466740686695e-05,5.112448096819215e-05,9.386954041168389e-05,0.00013050059885200504,0.00013191896857219228,2.7746805443946356e-05,0.0002583937313366238,0.00015682789610352212,0.0001453940969121127,8.312526088654353e-05,6.72616315417517e-05,0.00013601739615076375,0.0001524433034133019,0.00012583932778020447,0.00011920711074212874,6.333102933364294e-05,9.612199395819405e-05,5.2783293280543574e-05,5.340185247963251e-05,0.00011832736463434566,9.414469930721124e-05,4.804248218165654e-05,0.00016123333770092906,0.00013132985180081198,6.21765488742859e-05,2.9927677844380987e-05,6.168370862318364e-05,9.011340288182676e-05,4.959773741932468e-05,0.00011783889363021223,7.39544494638709e-05,0.0001421573140198538,0.00010559864329237503,0.00010041123177947674,5.5089729000306167e-05,7.96400104550457e-05,0.00015961698444316323,8.635057657654315e-05,0.00010336283608074913,7.003197769569878e-05,7.791636143217879e-05,7.186482972561149e-05,8.591171526495668e-05,7.374004195221019e-05,9.612143797276829e-05,7.134327466507647e-05,8.4474165624417e-05,8.29163604109642e-05,5.695617663972856e-05,0.00015983859173275257,6.566880204497438e-05,6.0603348187671826e-05
PWY-5686,0.00014923101666772825,0.00012088203570638579,0.00014161759999303214,0.00014827157374448406,0.00018556932093340782,0.0002326635161484225,0.0002051309324595614,0.0001947345650032552,0.00016960443260035542,0.00012395975905852863,0.00011453181365997054,0.00017391143852404348,8.310320714763828e-05,0.00016311663692805803,0.00022157783288695833,0.00019237525892100332,0.0001879772763024124,0.00017555587389098424,0.00016878122680008748,5.2779352820976595e-05,5.2779143520690894e-05,0.0001899050557835773,9.090641934405036e-05,8.98993627428032e-05,8.572028906178327e-05,0.00019096359900959813,0.0001955838450092966,0.00020340205496141805,0.00017582674671902783,9.638377187402587e-05,0.00020546542969168243,0.00016153471837588782,0.0002086809099373805,0.00017096718054246895,0.00016221839284937396,0.00013890679351215442,9.910309364305996e-05,0.00015522106694253307,0.0001562127421421382,8.151566469756296e-05,0.00010435454438862604,0.00017048578766785258,9.560433007890902e-05,0.00013884730088383339,0.00014543737334236486,0.0001883368237083299,0.00012645369829191838,0.0001879085369418202,9.487376249860622e-05,0.00025064158527720177,0.0001868038498938638,0.00016580880835355332,0.00014463921050798017,0.00013549242928096619,0.00011181502516317994,0.00017705765879303683,0.0001804772776547041,0.00020094565784344617,0.00021836299916659575,0.00014021887637806295,6.69074881800662e-05,0.0002190830452008447,0.00012312882082529897,0.00016368422287523364,0.00012209922204515017,8.999780706935082e-05,0.00017621560746790404,0.00019137333891299324,0.00014648339914935518,0.0001117070775826283,9.779190993883457e-05,0.00012092426576244707,0.00012503878875507463,9.182775695324435e-05,5.396027585082036e-05,0.0001669305844919351,0.00014206863215970788,7.91262340684892e-05,0.00010957325049381714,0.0002471217092704026,0.00021466370468303374,0.00010429632567875353,0.00017175891493357727,0.00022178638660495895,0.00016000945153912127,9.703958801076758e-05,0.00024979187346790236,0.00010840641502526783,0.00013002929970496523,0.00024859844876739493,9.576130231722451e-05,0.00015806372979972337,0.00016247894896387205,0.0002155403062505999,0.00017635967650143008,4.551865487805268e-05,0.00015842183833907286,0.00016003967941565766,0.00015775576671074755,0.000113937348213416,0.00018806786634600526,0.0001862240886666745,0.00015646704946575759,0.00013463866978740798,0.00016068611697031744,7.047353521005328e-05,0.000131551848358419,0.00015195149679451264,0.0001681204729120225,5.6171437243026014e-05,0.00028326085525179096,0.00021201544568428933,0.00016528105796592606,0.00012511023063802626,0.0001330776352133928,0.0001936179881830952,0.00017789071396304439,0.00012271429698831976,0.00013228558040956527,0.00013112193258921152,0.00018991821547164697,7.416888565899853e-05,7.409534396473682e-05,0.00014856227429045749,0.00012032149434260048,4.9882298031192906e-05,0.00016616803238059583,0.00010677507135113601,0.00012481245869028367,8.108308156125585e-05,9.545864821661677e-05,0.00015571598328129418,0.00011752978089917458,0.00010921562963904536,0.00011627353679772418,0.00014383042762324035,0.00013840605438019372,0.00010031999512298801,0.00012122271961866365,0.0001696157558910722,0.00018295862512448838,0.00016916034793037073,0.00013475548948452468,0.00015543353124749967,0.00012084518997494104,0.00014652116525481029,0.00013405780662759852,9.711030709273682e-05,0.00013758565603138313,9.647419436731011e-05,0.00012374865710590652,0.00012030306576122056,0.0001022946357621324,0.0001720881231946606,9.763256719482648e-05,6.129123740582176e-05
PWY-7211,1.666974426544835e-05,2.070841664035093e-05,3.665332669318655e-05,6.510517331503045e-05,3.2398021381138014e-05,4.623810167031123e-05,2.2273708396597196e-05,2.338343164951283e-05,0.00010934401705694286,1.8404522268290903e-05,2.4687534923011183e-05,8.759641357455312e-05,2.242071906056043e-05,3.437842662904966e-05,2.1639898669309288e-05,3.364829594469703e-05,2.9647610061876615e-05,4.526136346316753e-05,3.466225756368962e-05,3.704042749307734e-05,2.504508718592073e-05,1.9330101710714323e-05,3.67488290789117e-05,2.280278414003691e-05,3.111123555187827e-05,1.8377180110007556e-05,3.251512395257574e-05,2.9310308160620637e-05,3.734596261831341e-05,8.209282376708806e-05,3.338830854510983e-05,2.28608109145629e-05,2.521243551565235e-05,3.0143643385807046e-05,1.7120874807001035e-05,1.8599542878150636e-05,7.017448533825505e-05,2.1972439691742426e-05,0.00010070747607452854,2.8493509572014843e-05,2.703488125453744e-05,3.210789664897609e-05,1.6235641645832407e-05,0.00010757533013338313,2.0180880305712057e-05,4.8924134772350047e-05,2.907138190697837e-05,2.991669771126031e-05,2.0193805026269948e-05,0.00012338481276918356,6.291655071374845e-05,2.820450267442721e-05,7.80343325517223e-05,3.270206271376671e-05,1.9370439578986047e-05,0.0001529528001113411,1.6594091444298576e-05,9.258815375801473e-05,2.461706368839573e-05,2.5005273289944984e-05,2.1072708515849137e-05,1.8341857975252513e-05,4.890166454891664e-05,1.798037334937257e-05,7.114300996539462e-05,4.02892420894894e-05,3.486994018373031e-05,3.185606702596806e-05,3.8125219886396226e-05,5.215922892367734e-05,2.3902801986368888e-05,3.942179625937043e-05,8.06095086358989e-05,2.8582550175065376e-05,1.8750472918776783e-05,8.875157486964544e-05,4.456684644317617e-05,2.2699792909513188e-05,5.215972292594413e-05,5.8288842216988365e-05,3.292018077758793e-05,3.048403770687196e-05,1.5532654035025573e-05,1.734875737164565e-05,9.815470724734661e-05,2.7453199480122514e-05,4.582972720592332e-05,2.3630199515136595e-05,3.331565747274393e-05,4.928437814296518e-05,8.737964234727851e-05,2.4076470508154398e-05,1.874880029827901e-05,3.253759657476664e-05,3.0072999219399408e-05,1.7798509462890513e-05,1.9392852881491e-05,1.5297532869762698e-05,1.871359596558684e-05,4.6202089435399756e-05,4.720215243464816e-05,1.8064617468729486e-05,2.14513602598692e-05,1.998214423384995e-05,3.192567492887749e-05,4.840472074096978e-05,4.081829174501142e-05,5.937414928952289e-05,6.28025023350096e-05,1.5163976379169537e-05,8.551676192842477e-05,4.652497866522107e-05,6.25318275960747e-05,3.452825105940984e-05,2.770215308371648e-05,2.1328339209123694e-05,4.839449890330211e-05,2.2650221814390286e-05,4.791108235286859e-05,2.1128002588447182e-05,4.179044329612351e-05,3.182357218015241e-05,2.791768131352942e-05,4.2065980428991754e-05,3.2558788528228026e-05,2.9890653302319066e-05,3.99500056288727e-05,7.767939260468317e-05,2.5398470018098765e-05,2.697233746547238e-05,2.6747169063286723e-05,2.540383487246419e-05,1.704399236023079e-05,9.84826955482513e-05,6.176761587330778e-05,4.940864135027605e-05,2.8483241841839677e-05,4.049726761669001e-05,2.2375407447875605e-05,7.522605939503372e-05,7.967869774177379e-05,3.361322669935339e-05,3.501551664198117e-05,7.669455722837056e-05,3.150652014989653e-05,4.407154623864943e-05,3.3244795575037255e-05,3.590906321657651e-05,2.7952690067924036e-05,3.180649255931242e-05,2.170271899878016e-05,2.6617031202581337e-05,2.9744181346053688e-05,3.8702053642017284e-05,2.6168768354280195e-05,4.476134117560606e-05
PWY-7790,0.00014923101666772825,0.00012088203570638579,0.00014161759999303214,0.00014827157374448406,0.00018556932093340782,0.0002326635161484225,0.0002051309324595614,0.0001947345650032552,0.00016960443260035542,0.00012395975905852863,0.00011453181365997054,0.00017391143852404348,8.310320714763828e-05,0.00016311663692805803,0.00022157783288695833,0.00019237525892100332,0.0001879772763024124,0.00017555587389098424,0.00016878122680008748,5.2779352820976595e-05,5.2779143520690894e-05,0.0001899050557835773,9.090641934405036e-05,8.98993627428032e-05,8.572028906178327e-05,0.00019096359900959813,0.0001955838450092966,0.0001389323990308376,0.00017582674671902783,9.110932742757461e-05,0.00020546542969168243,0.00016153471837588782,0.0002086809099373805,0.00017096718054246895,0.00016221839284937396,0.00013890679351215442,9.910309364305996e-05,0.00015522106694253307,0.0001562127421421382,8.151566469756296e-05,0.00010435454438862604,0.00017048578766785258,9.560433007890902e-05,0.00013884730088383339,0.00014543737334236486,0.0001883368237083299,0.00012645369829191838,0.0001879085369418202,9.487376249860622e-05,0.00025064158527720177,0.0001868038498938638,0.00016580880835355332,0.00014463921050798017,0.00013549242928096619,0.00011181502516317994,0.0001705144052851518,0.0001804772776547041,0.00020094565784344617,0.00021836299916659575,0.00014021887637806295,6.69074881800662e-05,0.0002190830452008447,0.00012312882082529897,0.00016368422287523364,0.00012209922204515017,8.999780706935082e-05,0.00017621560746790404,0.00019137333891299324,0.00014648339914935518,0.0001117070775826283,9.779190993883457e-05,0.00012092426576244707,0.00012503878875507463,9.182775695324435e-05,5.396027585082036e-05,0.0001669305844919351,0.00014206863215970788,7.91262340684892e-05,0.00010957325049381714,0.0002471217092704026,0.00021466370468303374,0.00010429632567875353,0.00017175891493357727,0.00022178638660495895,0.00016000945153912127,9.703958801076758e-05,0.00024979187346790236,9.483319118215518e-05,0.00013002929970496523,0.00024859844876739493,9.499188217220781e-05,0.00015806372979972337,0.00016247894896387205,0.0002155403062505999,0.00017635967650143008,4.551865487805268e-05,0.00015842183833907286,0.00016003967941565766,0.00015775576671074755,0.000113937348213416,0.00018806786634600526,0.0001862240886666745,0.00015646704946575759,0.00013463866978740798,0.00016068611697031744,7.047353521005328e-05,0.000131551848358419,0.00015195149679451264,0.0001681204729120225,5.6171437243026014e-05,0.00028326085525179096,0.00021201544568428933,0.00016528105796592606,0.00012511023063802626,0.0001330776352133928,0.0001936179881830952,0.00017789071396304439,0.00012271429698831976,0.00013228558040956527,0.00013112193258921152,0.00018991821547164697,7.416888565899853e-05,7.409534396473682e-05,0.00014856227429045749,0.00012032149434260048,4.724667182021322e-05,0.00016616803238059583,8.966711383336767e-05,0.00012481245869028367,8.108308156125585e-05,9.545864821661677e-05,0.00015571598328129418,0.00011752978089917458,9.967342119120543e-05,0.00011627353679772418,0.00014383042762324035,0.00013840605438019372,0.00010031999512298801,0.00012122271961866365,0.0001696157558910722,0.00018295862512448838,0.00016916034793037073,0.00013475548948452468,0.00015543353124749967,0.00012084518997494104,0.00014652116525481029,0.00013405780662759852,9.711030709273682e-05,0.00013758565603138313,9.647419436731011e-05,0.00012374865710590652,0.00012030306576122056,0.0001022946357621324,0.0001720881231946606,9.763256719482648e-05,6.129123740582176e-05
PWY-7791,0.00014923101666772825,0.00012088203570638579,0.00014161759999303214,0.00014827157374448406,0.00018556932093340782,0.0002326635161484225,0.0002051309324595614,0.0001947345650032552,0.00016960443260035542,0.00012395975905852863,0.00011453181365997054,0.00017391143852404348,8.310320714763828e-05,0.00016311663692805803,0.00022157783288695833,0.00019237525892100332,0.0001879772763024124,0.00017555587389098424,0.00016878122680008748,5.2779352820976595e-05,5.2779143520690894e-05,0.0001899050557835773,9.090641934405036e-05,8.98993627428032e-05,8.572028906178327e-05,0.00019096359900959813,0.0001955838450092966,0.0001389323990308376,0.00017582674671902783,9.110932742757461e-05,0.00020546542969168243,0.00016153471837588782,0.0002086809099373805,0.00017096718054246895,0.00016221839284937396,0.00013890679351215442,9.910309364305996e-05,0.00015522106694253307,0.0001562127421421382,8.151566469756296e-05,0.00010435454438862604,0.00017048578766785258,9.560433007890902e-05,0.00013884730088383339,0.00014543737334236486,0.0001883368237083299,0.00012645369829191838,0.0001879085369418202,9.487376249860622e-05,0.00025064158527720177,0.0001868038498938638,0.00016580880835355332,0.00014463921050798017,0.00013549242928096619,0.00011181502516317994,0.0001705144052851518,0.0001804772776547041,0.00020094565784344617,0.00021836299916659575,0.00014021887637806295,6.69074881800662e-05,0.0002190830452008447,0.00012312882082529897,0.00016368422287523364,0.00012209922204515017,8.999780706935082e-05,0.00017621560746790404,0.00019137333891299324,0.00014648339914935518,0.0001117070775826283,9.779190993883457e-05,0.00012092426576244707,0.00012503878875507463,9.182775695324435e-05,5.396027585082036e-05,0.0001669305844919351,0.00014206863215970788,7.91262340684892e-05,0.00010957325049381714,0.0002471217092704026,0.00021466370468303374,0.00010429632567875353,0.00017175891493357727,0.00022178638660495895,0.00016000945153912127,9.703958801076758e-05,0.00024979187346790236,9.483319118215518e-05,0.00013002929970496523,0.00024859844876739493,9.499188217220781e-05,0.00015806372979972337,0.00016247894896387205,0.0002155403062505999,0.00017635967650143008,4.551865487805268e-05,0.00015842183833907286,0.00016003967941565766,0.00015775576671074755,0.000113937348213416,0.00018806786634600526,0.0001862240886666745,0.00015646704946575759,0.00013463866978740798,0.00016068611697031744,7.047353521005328e-05,0.000131551848358419,0.00015195149679451264,0.0001681204729120225,5.6171437243026014e-05,0.00028326085525179096,0.00021201544568428933,0.00016528105796592606,0.00012511023063802626,0.0001330776352133928,0.0001936179881830952,0.00017789071396304439,0.00012271429698831976,0.00013228558040956527,0.00013112193258921152,0.00018991821547164697,7.416888565899853e-05,7.409534396473682e-05,0.00014856227429045749,0.00012032149434260048,4.724667182021322e-05,0.00016616803238059583,8.966711383336767e-05,0.00012481245869028367,8.108308156125585e-05,9.545864821661677e-05,0.00015571598328129418,0.00011752978089917458,8.53273571738605e-05,0.00011627353679772418,0.00014383042762324035,0.00013840605438019372,0.00010031999512298801,0.00012122271961866365,0.0001696157558910722,0.00018295862512448838,0.00016916034793037073,0.00013475548948452468,0.00015543353124749967,0.00012084518997494104,0.00014652116525481029,0.00013405780662759852,9.711030709273682e-05,0.00013758565603138313,9.647419436731011e-05,0.00012374865710590652,0.00012030306576122056,0.0001022946357621324,0.0001720881231946606,9.763256719482648e-05,6.129123740582176e-05
PWY0-162,3.015917144139483e-05,4.028374138536391e-05,6.257383283681252e-05,0.00012625979080251037,6.010404788389007e-05,8.48261085418861e-05,7.990727068400241e-05,9.567037212407297e-05,0.0001295476401358729,4.990391984589261e-05,3.9415440672625805e-05,0.00011793098916300238,7.657284426043923e-05,7.035811584080392e-05,5.5554180283098465e-05,6.478875070822206e-05,5.0794890980404495e-05,6.877466647360524e-05,5.7945256166131223e-05,4.775283377026014e-05,3.7102103410461826e-05,6.975776202886184e-05,5.682265201667616e-05,4.6631309596414174e-05,5.077769509858576e-05,5.406761261395241e-05,5.135961570580801e-05,0.0001497785942350057,7.908353856799105e-05,9.288776176992555e-05,8.631429681375131e-05,3.9119687163333135e-05,4.221371296307066e-05,5.867792299055166e-05,5.971612192983857e-05,3.323344586605654e-05,9.594648133859216e-05,4.4937542069942414e-05,0.00013394001046930477,4.3240584797092823e-05,5.942394888807035e-05,5.627479560406531e-05,2.708241640387714e-05,0.00012486818677812168,3.280483319080248e-05,8.629917467380287e-05,5.393542357603318e-05,5.106524402171845e-05,5.281681002481405e-05,0.00019087341560436528,0.00012340037374994407,4.7744423786975045e-05,9.488836007101467e-05,0.0001184231903424663,4.6394313378454165e-05,0.00016788545443182192,2.794344821933061e-05,0.000154230738652361,3.723798083050567e-05,6.686788387368465e-05,4.1577077772222756e-05,4.5132695416233585e-05,9.697055238072711e-05,4.8377604860908675e-05,9.99387464336561e-05,7.728296169713448e-05,6.390706366216112e-05,5.4746464542573944e-05,5.556446224019897e-05,7.308044917148962e-05,4.237083759240472e-05,6.527534967693227e-05,0.00010767822976889915,6.164589898943926e-05,4.3328696239135636e-05,0.0001442416714926024,0.00012741269869729664,4.346397725388867e-05,8.516114807111328e-05,0.0001495816316638047,0.0001320691496305347,4.3532005536705334e-05,3.0135565405149185e-05,5.412540175150593e-05,0.00013445806423140083,5.9638942332014104e-05,0.00010907449940318746,0.00010071550373658203,5.700270174349527e-05,0.0002108430732424342,9.336467908162148e-05,0.00013852679894029636,4.1210190211283044e-05,7.06718913004627e-05,7.436732335154365e-05,3.263723529618293e-05,4.639628490189734e-05,5.0457114881099284e-05,4.344560179126256e-05,7.549834510202103e-05,0.00011068844118859664,8.552781910175295e-05,3.9987844909201924e-05,5.957832215124625e-05,0.00011253726339506735,6.88814278847303e-05,7.348586735145793e-05,0.00014647703299839598,0.00010695239613507598,2.6093406457871144e-05,0.00019067302609345962,9.213371576686926e-05,0.0001113795405830254,7.719812694553458e-05,8.767914591314672e-05,4.132698850583868e-05,7.081652229173453e-05,7.35193226662665e-05,7.202714543122686e-05,4.970785974237584e-05,7.759430636653436e-05,4.501757691559855e-05,4.269261740983972e-05,6.745152902636489e-05,5.278305764988552e-05,4.732374343011592e-05,7.121335238719299e-05,9.370317534439714e-05,3.924162721690294e-05,4.144716818850143e-05,4.6901755595500546e-05,4.441595393664781e-05,3.497210475904416e-05,0.00010621501150523023,9.116705128552811e-05,9.550891618998149e-05,5.4738759501077485e-05,9.334357870088207e-05,4.665382900675364e-05,0.00015960948286935389,0.00012002977906291235,6.205282491103822e-05,7.558435464886147e-05,0.00015258683459345104,5.5069305936495244e-05,0.0001062669638474939,5.1210159731438735e-05,6.393437106356398e-05,5.238326274709988e-05,4.575170031549495e-05,3.868038758878591e-05,4.3489459215193815e-05,5.0395158142671614e-05,0.00013116271878865345,4.818441755032421e-05,5.925868242176392e-05
HISTSYN-PWY,0.00015311726934193288,0.00010288178499290626,0.0001490741825153916,9.182131637454634e-05,0.00013580618377190355,0.00014338018985216117,0.0001378579007239129,0.00012512983138072276,0.00011540633065596081,7.598630368047774e-05,5.996704530821496e-05,0.00011531455966973108,6.130033805971531e-05,0.00014822428479063841,0.00014949374678101894,0.0001830986352458816,0.00014276823192806168,0.00014815214571596276,9.857217239161347e-05,1.5655761274064002e-05,7.487116557908305e-05,0.00013654584736553312,6.539196574231778e-05,0.00011231346358119038,7.806988745696913e-05,0.0001661619297524604,5.423146145968281e-05,0.0001548045339636518,0.0001163632256083329,6.831792158561739e-05,0.0001479893729163708,9.039377086983597e-05,0.00011652023253095547,0.00011224996329218756,0.00012152534097751245,0.00010773000494701388,0.00010942104230158303,0.00013022304479117912,0.00011523202046542192,8.493064456180056e-05,9.632474534956868e-05,0.00014335399784057634,0.00012827243880005274,0.00010286616714624804,5.321861616686637e-05,0.00014018754474175851,9.091007116484223e-05,7.333339724704129e-05,9.036530506854904e-05,0.0001634377339838219,0.000139336956926472,0.00015588266061501466,0.00011202828673156108,0.00015059998049686218,0.00011903136406330533,0.0001016298467648121,3.7534881987339205e-05,0.00010936450565656907,0.00013347765871846244,0.00011698316497750518,5.819918401144312e-05,0.00019362001058704644,9.644713279371416e-05,9.834611387400624e-05,9.988631322674237e-05,5.723459599904962e-05,0.00010896048465260295,0.0001713938406882286,0.00011485360615687795,7.323496920296208e-05,6.562257777792784e-05,9.725416752380679e-05,7.820126976254193e-05,8.421470248126412e-05,5.2435572196119115e-05,0.00013507538123645884,6.358337306365547e-05,2.8076936095280917e-05,7.588979061049738e-05,0.00016295609459148565,0.00013828292182558284,6.606079756670138e-05,0.00010103457782669728,0.00013996857834547717,0.0001348999198315548,7.50646495184772e-05,0.0001315662114764009,0.00012821433778445804,0.00011088303483052586,0.00020686763455813188,9.126181643042564e-05,0.00014717942359570414,9.523465121075743e-05,0.00013218501647682224,0.00011402543869471698,3.924490029751981e-05,0.00011827093268227183,0.0001366985742057846,8.685169173180958e-05,9.101952334230515e-05,0.0001465190595412739,0.00012674937415663344,0.00011393506640989031,0.000108244692550269,8.652130361333645e-05,7.937135469017435e-05,8.860868380694388e-05,0.00011273606805424093,0.00014864640855425458,5.2957527939101664e-05,0.0002169035366093466,0.0001525977975472345,0.00016981417580117457,8.79706623283473e-05,0.00010036071813143036,0.00014111772968637573,9.975365796975869e-05,0.00010478456046207445,0.00012996212272404107,6.881973571125749e-05,0.00010340006668994689,6.930240386169258e-05,4.337740568146385e-05,0.00012398667309336607,0.0001036311589577567,4.8674575777974325e-05,0.00015454581816746064,7.977639846632034e-05,6.68385449594192e-05,6.427369047564656e-05,3.978113846031115e-05,0.00011464366037967196,8.495445081672027e-05,6.747253172773601e-05,8.561471414472736e-05,0.00011272923931427185,0.00011059667211737237,9.094727121415143e-05,9.344406204822201e-05,5.936606471914417e-05,9.27199752852089e-05,0.00010982306087506464,0.00010822828843989631,0.00012396019279471864,8.468646120845518e-05,0.00011716717483639033,8.55951333343529e-05,0.00010618367096098811,0.00011379013020103033,5.841127392306258e-05,6.783189250375597e-05,9.46219662384771e-05,0.00011350930558254432,8.815039243300223e-05,8.208778124771859e-05,0.00010002749149519754
GLUCUROCAT-PWY,3.964491119038602e-05,5.476719974144138e-05,1.4069374211972333e-05,1.5311240965240918e-05,4.379411033756409e-05,1.6666115852655946e-05,1.8372789365643718e-05,2.881570352206842e-05,6.823800508646371e-05,2.1728183176445098e-05,1.3182734747754755e-05,3.7596546031786345e-05,7.493858252155916e-06,2.5068049349892e-05,4.460407809292779e-05,2.559158416740341e-05,1.550424858464939e-05,3.4973470942527805e-05,1.9457264133688795e-05,1.7627323193005313e-05,1.5398834454586186e-05,1.645859167068727e-05,3.730511652409142e-05,2.1561913532985118e-05,1.4663267378714525e-05,2.2042394417582592e-05,1.959000811843059e-05,1.8098474665902116e-05,7.53071957136135e-05,0.00011522109351471114,1.9791918306853154e-05,1.7645722866074698e-05,8.051779375420583e-06,3.3177218731555015e-05,1.4436195975819794e-05,3.161232036415808e-05,7.291299702585266e-05,1.3891263310476199e-05,7.346519394526267e-05,1.4753826915621308e-05,2.7485813191519627e-05,1.7072490357058735e-05,2.0854317084014702e-05,0.00010460911913510945,1.0954036669383537e-05,1.5025435462465909e-05,1.981897806671128e-05,1.794318096727461e-05,2.098359596232098e-05,1.2351229933189443e-05,1.7841145010029657e-05,1.789841967110861e-05,6.67330778244823e-05,1.5612931447615014e-05,4.538588053980827e-05,0.0001549737247195335,6.472209711070993e-06,3.1103089828472796e-05,3.506909440173874e-05,4.205026974546901e-05,1.4692312603424079e-05,4.110018915456775e-05,2.0734587106332502e-05,8.730263530079623e-06,1.237181352361995e-05,5.308291458479736e-05,1.6551101959078046e-05,1.147176733341921e-05,1.5128055208659606e-05,1.6258709634193356e-05,2.686849687218884e-05,3.3690353519957466e-05,7.09183239877906e-05,5.763150271295349e-05,1.8756198535611665e-05,7.016226948766799e-05,3.711759397032179e-05,1.3289724792088454e-05,3.162838720250421e-05,3.5277674345339864e-05,1.062097988350498e-05,8.133265360541019e-06,3.200322641046084e-05,1.3251806130043763e-05,2.1344554641055337e-05,3.451162906932323e-05,1.6118640786285602e-05,8.742913084999278e-06,3.559110047262773e-05,8.37031440355057e-06,9.957417690727535e-05,1.669215998645987e-05,1.810423990556078e-05,1.1546924360505627e-05,1.2515723328327317e-05,5.6469105791951585e-05,2.763462253017193e-05,1.8627328302048788e-05,1.524390719795195e-05,2.1050868065548865e-05,2.4325534839375958e-05,2.5123694530609077e-05,1.1453127932504014e-05,3.4125047245857e-05,1.44369364137822e-05,1.496721899684416e-05,2.396782816542334e-05,6.0697006426994284e-05,2.1522161595206056e-05,1.3738534711879491e-05,1.1705274692811738e-05,5.7886840745636136e-05,1.907167694047145e-05,2.1332764887878392e-05,4.031507999197134e-05,1.8504653697002542e-05,1.589416422613087e-05,2.989551555930472e-05,1.1573111959226213e-05,2.203731713291669e-05,2.9571068260542142e-05,2.7326569452168754e-05,2.657700164673194e-05,2.0186778999748635e-05,7.164783688541665e-05,1.5214982113120049e-05,8.82420934575867e-05,0.00012234707433288368,2.5473184057562463e-05,1.2681062558424777e-05,2.003876518950146e-05,3.514670504599419e-05,1.1639839454728416e-05,0.00011801989414303322,3.343627930547711e-05,4.3535271637631926e-05,1.8602352687331928e-05,1.612782624722428e-05,4.1471534403961136e-05,6.913797951809551e-05,4.9885540953684924e-05,2.685908245232322e-05,2.728903759449678e-05,1.7376279353738988e-05,2.084198666083327e-05,9.103406690490308e-05,3.5226401122291725e-05,1.5172250692789896e-05,2.2397169105753586e-05,1.747856039319762e-05,2.4771596325483636e-05,1.6037782399363975e-05,4.033298949502047e-05,1.982940851938327e-05,1.3147846339199986e-05,3.5102270220876644e-05
COBALSYN-PWY,3.386328377595286e-05,1.7322139522306737e-05,2.8077505729463175e-05,1.680234548487978e-05,4.5853334300077796e-05,9.827203281191742e-05,0.0001359781883681861,7.741985020224643e-05,7.757083977980817e-05,2.575842392560258e-05,3.447060652683751e-05,4.014046745237028e-05,1.052690653752885e-05,7.244543246493501e-05,5.749111918289571e-05,2.6993151922619715e-05,0.00010081307722207171,9.930259676286599e-05,3.670723333002222e-05,1.6293542095111297e-05,1.97905555685765e-05,6.596093669818124e-05,1.803890140046363e-05,2.1999147920129925e-05,1.8426048305179436e-05,6.616202505636755e-05,0.00010093409975354016,1.3810670754291321e-05,2.8203558465559676e-05,9.178405334349434e-05,7.197522168400395e-05,9.398835774370232e-05,0.00013111416628499157,7.950288220623641e-05,2.8554726241985008e-05,2.6073662279070766e-05,4.746615758473854e-05,5.010026496659468e-05,0.00010856908870243461,1.6387554512864605e-05,5.238951432036667e-05,6.376382573227323e-05,1.4003418023204467e-05,7.305490710455626e-05,7.093561471801176e-05,7.143595613461245e-05,1.3926775447745008e-05,3.427978130572102e-05,6.890758218391435e-05,6.310707401970697e-05,5.071631639898767e-05,2.9877047610772423e-05,7.591618499752612e-05,2.076817258676392e-05,2.0858381775257637e-05,7.392096620996749e-05,8.289409600321052e-05,6.977502307225724e-05,1.168984628115951e-05,6.032980335064736e-05,2.0311758957347797e-05,0.00010008052242679147,2.2961185277171497e-05,7.057285679975974e-05,2.286554586244221e-05,3.856616558235872e-05,4.344291618145808e-05,4.745858232676889e-05,4.806693556570602e-05,3.564627880944603e-05,2.823540520844193e-05,4.187932654544294e-05,4.6384227155430176e-05,4.196092831233277e-05,1.8902443463396528e-05,7.978337207167545e-05,2.305761242741341e-05,2.00288731522788e-05,2.423821964111112e-05,9.937091491635521e-05,2.7477819068371627e-05,4.441133400022059e-05,6.995166701756756e-05,0.00011410082067070035,2.176301670965995e-05,3.8883907892330936e-05,7.645708012406532e-05,1.6417635357792005e-05,3.739017035949314e-05,5.152234335639421e-05,7.47498777641789e-05,5.4568292648312e-05,2.5477407969944445e-05,9.979872215895187e-05,9.126922224959764e-05,2.4885481173941576e-05,4.0599180990153713e-05,9.906825113374994e-05,8.498783271931325e-05,2.1659436288703336e-05,4.989521883617512e-05,4.3174654490146626e-05,8.681074103290491e-05,3.980149117785868e-05,7.769612401631918e-05,1.250974828067298e-05,2.9027509773943203e-05,7.936208723962507e-05,4.2697361377851154e-05,1.6510062704559345e-05,8.130379789951148e-05,0.00010479585393567613,6.360270966034132e-05,3.171142987379632e-05,3.2216872427903545e-05,8.119790210994531e-05,9.543213916338174e-05,8.374221812833859e-05,5.3593579958403106e-05,2.047716258008032e-05,5.185544483614826e-05,3.121986688750092e-05,3.6677340691393826e-05,7.405613962365527e-05,6.155283431664131e-05,2.0743957200831863e-05,6.708480096252876e-05,8.043919629390455e-05,3.091922722468201e-05,3.0442595767851483e-05,2.551137644188569e-05,2.7440343067753403e-05,1.0138429883322556e-05,9.361761762471867e-05,3.970685583092976e-05,6.553174871297335e-05,5.183772090604441e-05,3.600998730980396e-05,7.0825596373553e-06,2.6033773279110157e-05,7.168335644230499e-05,4.473789699021078e-05,3.4631223561004955e-05,1.7164498514582398e-05,2.3308111685801745e-05,2.6784313022008914e-05,1.8846519327746333e-05,2.6679858530612467e-05,1.4591020993329806e-05,6.48574356195855e-05,2.6324489075251337e-05,2.1459985920204322e-05,3.758708388196005e-05,0.00011882930009350858,4.58645109598754e-05,1.1176297363379693e-05
PWY-5667,0.0001544919364382157,8.961464451902317e-05,0.00014404100257652601,7.331505665246336e-05,0.00015618798114692481,0.00012217378987437752,0.00014712355697585076,0.00011365708202728424,0.00019240888627659547,0.00010908630881273864,6.74901950022292e-05,0.00012131535614705945,4.6929379907128445e-05,0.0001369459496836764,0.00016741734012246166,0.00010531949040634001,9.542154053959872e-05,0.00013010646022920192,0.0001009314631802985,6.182976690329767e-05,8.485078110598373e-05,0.00011391559832968525,6.292121026494681e-05,5.4908987395545e-05,6.711095953355968e-05,0.00015183992602169858,0.00017206894383282997,7.421838792234466e-05,0.00013184975259674086,0.00012248469490479494,0.00017531984641236644,0.0001401169729928173,0.0001903358849855821,9.581389665639528e-05,0.00016264323617955055,7.397635562021172e-05,0.00011387431974843112,0.00018371641313731795,7.892516461515348e-05,6.801942093262667e-05,8.251902238602373e-05,0.00012482883315333615,0.00012820915851798406,0.0001109256246255537,0.00014096114651293573,0.00015407857713788228,7.679898656136828e-05,0.00013371146329469417,0.00010370581762363434,0.00015107960203049786,0.00011407134024428718,0.00010921842183543908,0.00015423333610316983,8.14511190368718e-05,3.459817329518327e-05,0.0001815086745988952,0.00016557332907229578,0.00012712585715184333,0.0001742522484031301,9.45033412169097e-05,4.44724742176727e-05,0.00020820742991838577,7.368686416227146e-05,0.00015133384963415526,5.2608017618731786e-05,7.515667600662101e-05,0.00010810191545530316,0.00014149502138735765,0.00012506323317206818,3.253000112123524e-05,6.947236962684468e-05,9.653424653001113e-05,0.00010804610935781785,8.71083416845529e-05,7.091911510022761e-05,7.49099097700882e-05,8.573657343849121e-05,1.7754342496300736e-05,7.527421239059542e-05,0.00013656932774778894,8.221521292057837e-05,6.290807931543745e-05,0.00015617292300086768,0.00018486202409836804,2.200039450167196e-05,0.00010437870195388041,0.00012287408067596895,5.111762912318689e-05,8.641470673855119e-05,8.774494272674714e-05,0.00013207284466951457,0.00011468834039245124,0.00011565458536231462,0.00019702150765505346,0.00017042246376880552,4.583301824272446e-05,0.00011758483992800572,0.00014330057502624145,0.0001620877373090148,3.839945839091294e-05,8.618048185649088e-05,0.00016755968119538212,0.00014802305442497402,0.0001353994173397331,0.00010896312738479665,4.873539104793918e-05,6.412912011881578e-05,0.00012984473395523846,0.00010078708576302877,6.215642259496955e-05,0.00010819981119855288,0.0001307454735641418,0.00019516384478900428,7.965140019931367e-05,0.00010465976114798729,0.0001209866001899038,0.00013128612491999431,0.0001041464476017909,0.00010211286303762802,5.188091924915937e-05,0.00014416911274169725,2.596414105479166e-05,4.742793367576999e-05,0.00010117314971322598,9.67968455974935e-05,4.741194754202493e-05,0.0001725898972224046,0.00013570852778305303,9.784111816160622e-05,8.705589483697938e-05,6.264098608515344e-05,9.426883539003403e-05,2.090743416977659e-05,0.0001141265123563377,0.00011027387146236071,0.00013544967998653916,0.00013396382448624877,0.00011613769571287762,6.0116573174929155e-05,5.84315961864219e-05,0.00016679232433629222,0.00010135027440135647,9.42593678652912e-05,0.00012102731713733422,8.878359150065052e-05,9.501731986956993e-05,0.00010707198868187814,0.00010596106683388147,9.782899075354184e-05,5.757798162888603e-05,7.155317302405473e-05,0.00013329894634740678,9.83549231686384e-05,0.00015583093268763546,9.44380501612262e-05,5.8769001708636026e-05
PWY4FS-8,3.180777797669948e-05,2.6579915462042257e-05,2.7737475569822504e-05,3.22072600999858e-05,9.058157388419545e-06,5.619215853726718e-06,1.7997881959986706e-05,9.023906751293482e-06,0.0001463378434929607,6.32755462226854e-06,2.126093763627513e-05,6.372175304237411e-05,1.0816879853815278e-05,5.264992475765439e-06,1.9764214214924867e-05,2.2552314822842455e-05,9.35749423024275e-06,5.986098997856944e-06,1.1901763107709391e-05,1.7119505646480893e-05,1.0521741400358444e-05,6.40688506469641e-06,1.9165754332770672e-05,2.0889922341665964e-05,3.836675913306359e-05,1.3631498054881709e-05,2.208383100503697e-05,5.006258827559787e-05,5.362587578960918e-05,0.0001142352919878306,4.2549104559176904e-05,3.548571490623682e-05,9.840051803059993e-06,7.425851644360741e-06,1.088433646078646e-05,3.717697076638842e-05,8.932450325814632e-05,1.1494359159712061e-05,6.55112475159161e-05,1.1798734361296466e-05,1.654965704027043e-05,1.1371308627557445e-05,1.5354773363863575e-05,0.0001245285759006081,1.3118518076086006e-05,4.15462488074208e-06,2.16027721813963e-05,2.854545714013017e-05,8.093596776167929e-06,2.4464862753711044e-05,1.7727551070406556e-05,4.5325830717968024e-05,0.00010426565982188499,7.5538873188419674e-06,3.341890242282301e-05,0.00012532353079589554,1.0923615846244625e-05,0.0001291976359768347,2.8268317372288017e-05,3.929091802127596e-05,1.8556902561862623e-05,1.2406626826879486e-05,3.593343500319111e-05,6.779737370135124e-06,1.3204976004258945e-05,7.855705409297001e-05,4.942970612188969e-06,8.195250977958805e-06,1.0756926063831927e-05,1.9476010308610534e-05,2.2022582917400886e-05,2.344908647423458e-05,9.007643034770931e-05,2.680894876235967e-05,3.948181611930749e-05,8.740057475685482e-05,2.6754796032838003e-05,1.6759088745591066e-05,4.7805262411748554e-05,8.338600533162261e-06,1.7289693226319606e-05,2.245062698856371e-05,1.0994642725992887e-05,4.9650516019371295e-06,1.2787848799905241e-05,5.805938540463435e-05,4.663944811965361e-06,1.2742501081166793e-05,1.9559400737039323e-05,2.5471240728909724e-05,0.00014356221708855063,2.4606331863637144e-05,2.8600244677139586e-05,4.780713962092249e-06,3.0406086941966853e-05,2.9451200528560113e-05,1.1639745323447516e-05,8.139727003914102e-06,5.437372994821824e-06,3.4060622567177636e-05,1.1792484023604522e-05,1.3502320111580778e-05,2.9090852683632372e-05,6.128524814737989e-06,2.499013840635857e-05,1.4085273212866888e-05,1.2048509440281823e-05,7.518753636345483e-05,2.8706498356950067e-05,1.0881003446124857e-05,1.865984260673551e-05,4.4003672714383526e-05,1.465385025071466e-05,1.5755147372674418e-05,2.3374843799982557e-05,2.3006890019353755e-05,9.564458929721714e-05,5.825695157746849e-06,1.5915185080699528e-05,2.4277320536109433e-05,3.145945455096664e-05,7.180559645693546e-06,2.230107705126628e-05,1.9610494359152336e-05,3.812014182228895e-05,1.925015189285377e-05,8.79183939500611e-05,0.00010719473194426116,2.4134281990554574e-05,2.506301254253706e-05,9.832021987590019e-06,3.6243782046571285e-05,2.353698711249533e-05,0.00012373842035627897,1.4400552345678587e-05,0.00010690297163769699,8.702616821810433e-06,5.995610594825002e-06,4.848951927654894e-05,3.728863932206805e-05,4.528605308396617e-05,2.486226298316592e-05,1.2675711433222341e-05,4.814020717371917e-05,2.2975777837563432e-05,5.820954002304084e-05,6.12066992219767e-05,2.542598711181712e-05,2.6427937485862675e-05,1.042710631025388e-05,3.1696995770621486e-05,2.6955862201643782e-05,2.4881833067617905e-05,2.894507629749779e-05,2.934336055130296e-05,2.2704883470033297e-05
PWY-7196,1.2295165583982422e-05,2.1402301700208195e-05,3.683780308672553e-05,4.9940225351014616e-05,3.1001318775367414e-05,3.3746877045686366e-05,1.5097256144966216e-05,1.5916870274403734e-05,8.50774386321894e-05,2.874072206303631e-05,2.1970722544099325e-05,7.100144272141703e-05,1.555186543182734e-05,3.9844218864731555e-05,2.8824186610282223e-05,3.5352316774771334e-05,2.5940024812360763e-05,3.8683605065886184e-05,3.081312263872756e-05,4.051554349154195e-05,2.3058115682387028e-05,3.797248964434445e-05,3.602457780976492e-05,2.7366772691848953e-05,3.404022346252552e-05,1.284358344123492e-05,2.7190938834374085e-05,1.5642029473356085e-05,4.410947705888415e-05,6.622051185509981e-05,4.8432519669490674e-05,2.0553029686464426e-05,1.968481234560682e-05,3.130795852759237e-05,1.2942116907267335e-05,1.393238643359736e-05,8.034250852945175e-05,2.403358432591483e-05,9.785744245555639e-05,2.8184275352611073e-05,3.410829984668122e-05,2.8452851830020703e-05,1.281321710380692e-05,9.48464601389399e-05,1.6912889907270788e-05,3.752472685030888e-05,3.0070068736121092e-05,2.2187674725903156e-05,3.253383979355167e-05,8.449485822553551e-05,7.059872035763169e-05,2.1904932565067343e-05,6.485814708584572e-05,9.329479393889665e-05,1.4391481737755908e-05,0.00012446699165435382,1.3062653615655099e-05,6.748270768550125e-05,1.866919333150403e-05,1.755716589425438e-05,2.6729200344662285e-05,2.3017460020665217e-05,3.615784676203115e-05,2.525679594373292e-05,4.757759131978558e-05,2.9619997524421397e-05,3.5197871492532045e-05,2.8078287996095906e-05,3.0347920018468557e-05,4.388591432856367e-05,1.777393234527282e-05,3.955766336636976e-05,8.090970656120496e-05,4.09248753295647e-05,1.3251746527225525e-05,5.970586887999304e-05,9.54725728787571e-05,2.8079957982250964e-05,6.29713879751001e-05,4.479389366216558e-05,2.1243703926841624e-05,2.4101693749996244e-05,1.526198401862136e-05,2.7876338372553378e-05,8.31625809484797e-05,3.84652443447785e-05,3.383158230435992e-05,1.495282033009299e-05,3.311017433012395e-05,3.105682899509742e-05,7.669591765161555e-05,1.607316494089873e-05,2.1314748311471463e-05,2.3801314556695393e-05,4.3171765469730134e-05,1.3799134870694478e-05,2.43463910199547e-05,2.7316610009331216e-05,2.2770265897714332e-05,5.1953966566168895e-05,3.6737141300093266e-05,1.2895255830164481e-05,2.0792566786671453e-05,1.538961885254493e-05,6.996228773333647e-05,4.246332715884825e-05,4.47205268989351e-05,0.00011074219572454419,6.710069845446112e-05,1.549565076913854e-05,5.481647743577748e-05,3.356844602486911e-05,4.7144488000248854e-05,4.6508596629922444e-05,1.8953043111068775e-05,1.5257662985679438e-05,3.962389473289497e-05,4.645833765859227e-05,4.3062956910036786e-05,1.4877536943948864e-05,4.390743274746502e-05,2.9573730712480364e-05,2.7307627659835416e-05,3.901601276842996e-05,2.5007696051580397e-05,2.460018391395691e-05,2.879370248496992e-05,6.358852946985483e-05,2.1416059257719875e-05,2.5357080966131546e-05,2.003457505617564e-05,2.245664033021287e-05,1.855934226845136e-05,9.21032549977558e-05,6.661795250890881e-05,3.4961029437735865e-05,2.1690361703585636e-05,6.81830236540379e-05,2.6090533004623625e-05,6.420128724049622e-05,7.694795058010986e-05,3.3942200857481256e-05,2.800517514225224e-05,0.00012932447902676582,3.0471065184465725e-05,5.843056189450473e-05,2.784303182045674e-05,4.3482024671705544e-05,2.0196412884096793e-05,2.739906324279841e-05,1.6954210717089994e-05,2.403717508247416e-05,2.9476925872833944e-05,9.046614793091712e-05,2.7622449720345762e-05,4.7788903781035434e-05
PWY-6545,1.1602851325268625e-05,1.9262724054617535e-05,3.244062928416801e-05,4.3804213992592034e-05,2.8719597587777782e-05,3.185273411344676e-05,1.413640724345903e-05,1.454837067938935e-05,4.229162095423782e-05,2.079408111419094e-05,1.8734143573651442e-05,7.662993804184638e-05,1.3263645338859333e-05,3.313605847951166e-05,2.565573852250799e-05,3.110486946947249e-05,1.938931559746191e-05,3.4272374012411875e-05,2.4259967334892813e-05,3.848856391176389e-05,1.8567038722787387e-05,1.8396968674044787e-05,3.4114048563758225e-05,2.3618593589469776e-05,2.989608030088367e-05,1.183847368579109e-05,2.3962447669727723e-05,1.8808777366800556e-05,3.412501627878459e-05,2.2602495338628494e-05,3.3594476556230015e-05,1.9470089646105418e-05,1.5003503655552026e-05,2.4636580641967256e-05,1.0465172189977812e-05,1.1212526152072429e-05,3.7945916997394356e-05,2.0242475923953384e-05,4.0177977808942e-05,2.3092630010182896e-05,3.37653301896943e-05,2.353277917446611e-05,1.15297485520848e-05,8.798432320721058e-05,1.528182091354304e-05,3.494734115154964e-05,2.8815387455166144e-05,2.0590062936594078e-05,2.2923325981366382e-05,8.102643508187089e-05,7.759331161422966e-05,2.0069007913288227e-05,5.9601283803542706e-05,1.8941741873338342e-05,1.3547792761516696e-05,8.207152976549708e-05,1.1212251212457885e-05,3.129927787752083e-05,1.7570758588944766e-05,1.6709932803306404e-05,2.369822494027207e-05,1.9355220392776976e-05,2.825226509204608e-05,2.227840089712174e-05,5.2790314718109586e-05,2.8757312498046035e-05,3.026945795285642e-05,2.554987088825588e-05,2.6751671516941e-05,3.739953292657597e-05,1.653183255420703e-05,3.481552347447627e-05,7.739239089268631e-05,3.945780838771253e-05,1.3219543042494449e-05,5.0777271073793144e-05,3.735048107556499e-05,1.6534958035021558e-05,4.916989509255375e-05,3.5112049854333625e-05,1.9090861505020664e-05,2.2366184069583176e-05,1.2464791505988536e-05,2.2624932883724116e-05,6.20187384824658e-05,3.162218601375758e-05,2.884383090071487e-05,1.477599068052886e-05,2.5885013419892334e-05,2.8717855385685182e-05,3.898682807174431e-05,1.4447818949972919e-05,1.8242565745469277e-05,2.111534276903591e-05,3.751072307195975e-05,1.3075492342370313e-05,2.1058427504644458e-05,1.1778230907258418e-05,1.7470696955400297e-05,5.10570368787423e-05,3.0359760143174922e-05,1.0970286599906422e-05,1.9046677070964433e-05,1.2892786944267359e-05,4.246762216892822e-05,3.9235723431149295e-05,3.3014741860453533e-05,8.412709468448304e-05,5.471711937790722e-05,1.2230058950535403e-05,5.431920255001272e-05,3.184672022340095e-05,4.4996004297910675e-05,4.604209802260737e-05,1.7760474982445065e-05,1.4653874683669188e-05,3.695760127113154e-05,3.2022847470661185e-05,4.111326010066731e-05,1.3978894545828996e-05,3.29280504243844e-05,2.7702085018808664e-05,2.516704642229598e-05,3.499788584343951e-05,2.3254277055740683e-05,2.3496585117124287e-05,1.9549144437235913e-05,3.014697763093039e-05,1.990076830682186e-05,2.2751734063015644e-05,1.9004913220852522e-05,2.2134752160247655e-05,1.4722720387766293e-05,3.9719328745128244e-05,5.86840825952077e-05,3.274687702371273e-05,1.8502608490188734e-05,5.8282355371788124e-05,1.617402621181243e-05,0.00010350981131775578,3.9449479560115015e-05,2.7721665880969194e-05,2.314680967170922e-05,8.332507095188775e-05,2.9460496956663628e-05,4.1230574128000306e-05,2.5935152744993325e-05,3.922440226981473e-05,1.792316199544532e-05,2.22505992933778e-05,1.5199720703582713e-05,2.282518895774901e-05,2.4197449876973187e-05,4.183949654554592e-05,2.2259793152308407e-05,4.155586622364329e-05
PWY-7184,1.1588589545901904e-05,1.7996797877715112e-05,3.284698645080119e-05,4.6286158864673265e-05,2.8606098944737915e-05,3.2276145153514765e-05,1.4189935336353192e-05,1.4774894358355103e-05,9.508843061185906e-05,2.026740789827919e-05,1.935129680105358e-05,7.749877326005493e-05,1.4769192303404361e-05,3.2534726864703366e-05,2.624375269292918e-05,2.9513621983409398e-05,2.0159213857938666e-05,3.504498247879023e-05,2.3943894739301066e-05,4.081713956797421e-05,1.857303359483505e-05,1.8466112119434213e-05,3.502601298893111e-05,2.336103961028046e-05,2.7558234803929947e-05,1.1873501168166959e-05,2.514264779848584e-05,1.9436757880264404e-05,3.650212940841919e-05,7.683931104401887e-05,3.962581209420952e-05,1.9151722758396813e-05,1.7634164572612307e-05,2.4388844867135163e-05,1.0685805111832864e-05,1.2959315539036364e-05,8.674675851439069e-05,2.0480205894708052e-05,0.00011601243258558183,2.416224291838342e-05,3.3943135276693246e-05,2.4465199145882843e-05,1.1390495924624689e-05,0.00011089289948822152,1.518688838408172e-05,3.4652288560543786e-05,2.739179270924247e-05,2.089349816033372e-05,2.278341149068387e-05,9.516055922269699e-05,7.150297774889149e-05,1.985859478707909e-05,6.650506502978237e-05,1.930165857496675e-05,1.2888036310369363e-05,0.00014531617878244877,1.149233939475168e-05,6.967828051088994e-05,1.774402396619119e-05,1.6558766572039573e-05,2.3286110939377e-05,1.8976104121186627e-05,3.4992954264587515e-05,2.2124327402055862e-05,5.592069838255085e-05,2.942398338697157e-05,3.208289869441276e-05,2.509395724783403e-05,2.9043119638873657e-05,4.021170305630306e-05,1.706805539088836e-05,3.453019646821327e-05,7.60253749014163e-05,4.047634078323273e-05,1.3076994471348904e-05,6.842951335834186e-05,0.00010729509825191253,1.6688074475035476e-05,4.922425257234681e-05,3.829537779092915e-05,2.0958035933940002e-05,2.2870150794814315e-05,1.2453830101655056e-05,2.2562122033721082e-05,8.401730697230458e-05,3.772055401709889e-05,3.0394562906463318e-05,1.5125842614488117e-05,2.507843282791451e-05,3.164169852578765e-05,8.384443875073411e-05,1.4924364707303221e-05,1.7989814559930456e-05,2.2011818631875744e-05,4.1260439024550324e-05,1.2808977641388914e-05,1.963078606442702e-05,1.1755147423095467e-05,1.7399216335510907e-05,4.7356132539962355e-05,3.101554561130973e-05,1.1108603314156704e-05,1.932636743065928e-05,1.2678727421680789e-05,4.419784043531843e-05,3.8996069272846076e-05,3.279973912189281e-05,0.000128010533711725,5.23803369716914e-05,1.1819054165195956e-05,5.949093141594396e-05,3.244717006263278e-05,4.5333271611210466e-05,4.542905726442618e-05,1.8070257996433033e-05,1.4612785300905143e-05,3.606230668914361e-05,3.3233341008868236e-05,3.940603685216555e-05,1.4252819298991679e-05,3.6490882502372406e-05,2.807437574171502e-05,2.513929879213409e-05,3.554484427675767e-05,2.37818667323407e-05,2.300631251371206e-05,2.8655182648603154e-05,6.802319005759277e-05,1.966255810546603e-05,2.1551902889922445e-05,1.9076345586364838e-05,2.2264249047198543e-05,1.3693494843669222e-05,0.00010375901453056709,6.470092332470634e-05,3.521720607103766e-05,1.97348876797925e-05,7.448049998351817e-05,1.4955162005607768e-05,0.00014216735367006942,8.405562428522995e-05,2.6962237723476104e-05,2.3587041630071507e-05,0.0001731204838131454,2.975455116400183e-05,7.753320440004258e-05,2.5441213979195242e-05,4.0137369209902416e-05,1.965416323346921e-05,2.3589281949283603e-05,1.5103130289373915e-05,2.219400802688487e-05,2.3648842328847926e-05,7.751362270317945e-05,2.158195774661486e-05,4.0928280649683335e-05
PWY-7198,5.501945690200092e-06,9.037263136992817e-06,7.276376261638904e-06,9.046419267871326e-06,5.246324195756128e-06,1.4449250911723665e-05,5.251620565561821e-06,5.594313790119208e-06,1.5789153067093835e-05,7.803536383982596e-06,7.344747877031212e-06,1.3520519595916136e-05,8.481535326608653e-06,9.61879428163799e-06,1.0213871620791522e-05,1.9507628151331953e-05,4.277230196621207e-06,1.1181084669964538e-05,1.0620660301337755e-05,6.509832319115003e-06,9.196587675458947e-06,9.847099430838618e-06,1.031170772733257e-05,9.166609601046518e-06,1.0799990552610196e-05,6.138470049836038e-06,8.62272313904092e-06,1.6780287478560263e-05,6.0625897823967856e-06,7.211658529480657e-06,7.997462498990706e-06,1.361285938779286e-05,9.2000862130256e-06,4.9346528183873474e-06,4.649882877539667e-06,7.363135273182938e-06,1.1402225597042361e-05,5.1409063859447475e-06,3.459210253445719e-05,9.217243051065183e-06,7.65044134557558e-06,4.561390461754818e-06,9.813716868618675e-06,1.1013912266172813e-05,4.345109112715699e-06,8.89456921829344e-06,7.2223885087563326e-06,6.888969272920121e-06,9.11738928134426e-06,3.0653232374142985e-05,2.2941834239818023e-05,1.4063693033704076e-05,1.8361267238687294e-05,7.96999958849691e-06,6.287783106235878e-06,2.4590169321207354e-05,7.46071947209365e-06,1.5165302008321297e-05,1.5438226050289974e-05,9.866847693232637e-06,9.451685315754013e-06,7.261197408815369e-06,2.248978082273841e-05,8.846031512785823e-06,9.627094273902308e-06,1.1524140447677551e-05,8.22538806610358e-06,1.841999886487161e-05,1.1880548534624285e-05,1.1507247395884035e-05,6.988210458938172e-06,9.623057697247957e-06,1.2506703410667087e-05,1.3632928941004373e-05,7.717483835486642e-06,2.9498444402177205e-05,1.0114609761529443e-05,8.813209473986656e-06,1.0119595352093626e-05,8.417184427951766e-06,1.0242843002447257e-05,7.587830015287368e-06,5.658032985185329e-06,8.73855525392721e-06,5.025557338621055e-06,1.190687187881923e-05,1.328356118183518e-05,6.754446418756281e-06,1.003975443466038e-05,9.464798377474432e-06,2.426229786697723e-05,7.373345234387505e-06,5.467201932694867e-06,6.244362103788061e-06,9.418801991479564e-06,8.397571133183073e-06,8.95340480444817e-06,7.994887819284065e-06,6.662462412927585e-06,1.4750134162742393e-05,2.111373526973327e-05,4.2836998374170844e-06,6.185780367850871e-06,1.2030437568394965e-05,1.1822074305565576e-05,6.681210313652665e-06,9.27655234828575e-06,1.5536190744427247e-05,1.871530402061322e-05,8.426335937226445e-06,1.1001679357912043e-05,4.894377305031888e-06,3.6867791155376666e-06,9.782683498815132e-06,6.8591889366909875e-06,1.2856711457620626e-05,2.759261238533116e-05,1.1585596745843708e-05,6.921961315327093e-06,6.595723675526409e-06,4.3648082672577425e-06,1.0589203435160509e-05,1.0715408372696554e-05,5.118451089226795e-06,1.6082423579413162e-05,9.661971237370594e-06,8.505557397038445e-06,9.214815104066061e-06,8.046849386407252e-06,8.185404104746204e-06,6.613705685469458e-06,7.018129654626106e-06,7.776886319268629e-06,1.3626643933356394e-05,1.528177146953191e-05,2.2594829698863078e-05,4.942968172186684e-06,1.2359880768049934e-05,6.715139290277676e-06,9.870261948677034e-06,3.6901139799878425e-05,2.0862411658199954e-05,1.2842379774927253e-05,1.0174726687664937e-05,9.119203826356535e-06,8.256419761388058e-06,5.825222665522927e-06,1.1202324031499387e-05,7.552310575479217e-06,2.3232053992511546e-05,8.03409435998193e-06,4.651066462768766e-06,7.45038468093535e-06,6.703082447194645e-06,9.014084139044682e-06,1.023936796376067e-05
PWY-7210,5.799562513486127e-06,1.0065222870008411e-05,8.731240507437091e-06,1.1004631962407725e-05,6.3739832204774665e-06,1.5487438177952638e-05,5.798523534087978e-06,6.163050253873391e-06,1.956401382110599e-05,8.691260572055764e-06,8.13682078824935e-06,1.6883035771538717e-05,8.589843565429115e-06,1.1157671131875336e-05,1.1221217115003845e-05,2.015057952496064e-05,5.106101163554294e-06,1.2765275803822596e-05,1.1556046323014134e-05,8.02909284412704e-06,9.820881809303012e-06,1.0473046755829163e-05,1.2013746712864867e-05,1.0186971061058387e-05,1.2476430670902468e-05,6.3565793178934415e-06,9.697632453670609e-06,2.1918782098270948e-05,7.496455251679959e-06,9.246284663473309e-06,9.65786044284144e-06,1.4277510869354031e-05,9.563772408950812e-06,5.953861389422682e-06,4.9682905221405665e-06,7.82150610730857e-06,1.4569866203683507e-05,6.0329997587101565e-06,4.2645691474000084e-05,1.0169769752563016e-05,9.201787420497768e-06,5.5198285926542885e-06,1.0192696182243991e-05,1.4168390122016325e-05,5.010493241293356e-06,1.0535241090670026e-05,8.634156840590664e-06,7.75626202709402e-06,1.0065057546450784e-05,3.5345717392895585e-05,2.7624566496629806e-05,1.490714941045961e-05,2.175927314902255e-05,9.140862922050097e-06,6.814583680438971e-06,3.1204510115074355e-05,7.949358579677625e-06,1.8278353080748934e-05,1.7432437265249262e-05,1.0281560676930763e-05,1.0543339084704243e-05,8.06790825137758e-06,2.2128516604397558e-05,9.769211548137253e-06,1.2015157506679917e-05,1.3163491987432584e-05,9.660271737774152e-06,1.792949752263867e-05,1.3016379979261266e-05,1.3470847805942437e-05,7.623783484728762e-06,1.1574093102305904e-05,1.5866021204310325e-05,1.571674064458926e-05,8.163054001179333e-06,3.276681367218294e-05,1.3081753940381998e-05,9.275895401257873e-06,1.3247439617135884e-05,1.0068084167611061e-05,1.0774777203914594e-05,8.628435854964555e-06,6.055652001547081e-06,9.61675507887058e-06,6.546957316980204e-06,1.3693159851750744e-05,1.4306171880273122e-05,7.21668547660707e-06,1.1264180129305461e-05,1.084254711544218e-05,2.9633892895142202e-05,7.698681404155519e-06,6.269408356554345e-06,7.2037128363127065e-06,1.1206327366457851e-05,8.569560904765096e-06,9.98166553993353e-06,8.042969951693207e-06,7.328535870222681e-06,1.776165590650844e-05,2.072366069439449e-05,4.686578048398169e-06,7.0201978099308775e-06,1.2494068805654733e-05,1.4170538335411896e-05,8.244573512743904e-06,1.088128545557682e-05,1.991455091349328e-05,2.1816080328421814e-05,8.368384529411036e-06,1.3364225042976261e-05,6.049164762549951e-06,4.728611326405315e-06,1.1870823230065581e-05,7.612959956984981e-06,1.3387938253908682e-05,2.7158815644948138e-05,1.3148551782946684e-05,8.567119401742226e-06,6.999555691789639e-06,5.491406198650508e-06,1.1863775151907639e-05,1.1689193975947187e-05,6.360750301825393e-06,1.6788379541862886e-05,1.075973700111241e-05,9.801300748557519e-06,1.1654208113367757e-05,8.899906100821938e-06,9.464566706434468e-06,7.47379805032562e-06,8.006614878746603e-06,8.35394512953252e-06,1.7569735579865692e-05,1.8607166023164383e-05,2.3224953677979306e-05,5.794153228692951e-06,1.5113430746134939e-05,7.636524955887643e-06,1.2848183672633851e-05,4.101310800024532e-05,2.017261640646473e-05,1.3213373053709311e-05,1.3330420082571326e-05,1.0535589466342784e-05,1.0576111522415653e-05,6.9965582650465264e-06,1.3254807993441846e-05,8.2972376220225e-06,2.0327478608351075e-05,8.389360273780558e-06,5.624485138800003e-06,8.642792769058887e-06,8.604251469572024e-06,9.993394193278489e-06,1.2415044558421603e-05
PWY0-166,1.3059037763781471e-05,1.7963095388996168e-05,3.6166605895747324e-05,5.154044847503371e-05,3.246881833150966e-05,3.68072199905598e-05,1.613169363747946e-05,1.6730221188872706e-05,9.903586475609628e-05,2.3845979220939177e-05,2.214753260306909e-05,7.715605682309917e-05,1.658884915170754e-05,3.7014677734138106e-05,3.003981936826228e-05,3.079969048249249e-05,2.422564835204168e-05,3.958029685436718e-05,2.7515012892802474e-05,4.504620867608387e-05,2.1391109522439744e-05,2.615174621176609e-05,3.8300053214291896e-05,2.6733188937649685e-05,2.7712522524292266e-05,1.3429678621631862e-05,2.824859897134356e-05,1.7273004815427762e-05,4.026780205339099e-05,7.728745862199865e-05,4.5715461925475584e-05,2.1218445177588053e-05,2.0311508436905665e-05,2.84351893274183e-05,1.268844918190904e-05,1.461289804679959e-05,8.249001627842498e-05,2.3577586933345928e-05,0.0001074322259858439,2.793770509206681e-05,3.679291697154011e-05,2.9025896193321306e-05,1.2830452742718863e-05,0.00010782465350062893,1.727323230302142e-05,3.7352520234089806e-05,2.8391710169852707e-05,2.4208648462076753e-05,2.7382202296865104e-05,0.00010235744370319942,6.885985664934941e-05,2.1727764439024475e-05,6.875878620518949e-05,3.688527376114929e-05,1.3496571618390916e-05,0.00013259434351056557,1.3290438208956704e-05,7.495639626757564e-05,1.9957877831245884e-05,1.8125209296727007e-05,2.5532174369381105e-05,2.144990419860438e-05,3.993535188620548e-05,2.487292986799027e-05,5.720377513765738e-05,2.9554327739050734e-05,3.60578003136971e-05,2.765621159564255e-05,3.233116116702672e-05,4.413766419207774e-05,1.898626700882112e-05,3.455964182619958e-05,7.105622983454073e-05,4.29097326166456e-05,1.3694104944381457e-05,7.123566022149868e-05,0.0001027675233875358,2.24940715278067e-05,4.4001478473244716e-05,4.3763988232885716e-05,2.361254107051275e-05,2.5328094357794377e-05,1.4396220338233133e-05,2.6571359911839186e-05,8.784072135514654e-05,4.1588559441655425e-05,3.4988644644762685e-05,1.700865788105253e-05,2.7799376745583165e-05,3.528008758607237e-05,7.73198754681084e-05,1.7028631585505182e-05,2.068358281203731e-05,2.495204249770851e-05,4.606921282145633e-05,1.4091480205761688e-05,2.044185109528788e-05,1.7365793634721984e-05,2.0945790414429238e-05,4.5125528718354484e-05,3.6405337499876436e-05,1.2969315989926957e-05,2.1842317299164118e-05,1.4286966739217082e-05,5.9291774963983534e-05,4.2630177480183426e-05,3.774272727099208e-05,0.00012316874449677515,5.496388041255443e-05,1.3117401228875978e-05,6.606029956633623e-05,3.572624677762989e-05,4.889251966657691e-05,4.823955626918511e-05,2.0080903945843966e-05,1.6155633897783592e-05,3.825719650302184e-05,4.0503081351814616e-05,4.0667899973828116e-05,1.5971573216695484e-05,4.122373907645614e-05,3.100985799462133e-05,2.807318778161484e-05,3.966178599217556e-05,2.588585632927056e-05,2.426784286183727e-05,3.1373218659760904e-05,6.675221380575882e-05,2.125633645909821e-05,2.1781530676453973e-05,2.1072874870203034e-05,2.4988289420736057e-05,1.4459335963570476e-05,9.167630714798884e-05,6.661166368183077e-05,3.6456660274286057e-05,2.2595112522861562e-05,9.080285576766791e-05,1.649828999853148e-05,0.00014039735121372553,8.767744313825215e-05,3.0424222847254032e-05,2.7712845875183264e-05,0.00016159283916419956,3.2451764534245345e-05,7.676207028712777e-05,2.7584729236001238e-05,4.240353505050491e-05,2.2294946300622237e-05,2.7846993057970844e-05,1.6737478970909368e-05,2.371115707351326e-05,2.6090446366230323e-05,8.761988049641068e-05,2.4457546617796853e-05,4.229189302483983e-05
PWY-1269,1.1084684522235884e-05,1.691148643789248e-05,2.0071227082620057e-05,3.6810051268749894e-05,5.214751597323123e-06,3.238026428124174e-06,3.44803618024974e-06,7.847695727293294e-06,7.06918302511372e-05,9.971463138131575e-06,5.148424078866288e-06,3.9740156409054696e-05,3.807785512260246e-05,1.0456310731229704e-05,1.575288924276644e-05,1.1423948499031459e-05,2.6518806157846113e-06,3.4749844540234754e-06,1.6746350466748777e-05,2.036583852205961e-05,1.3880177721674797e-05,1.0141728676915216e-05,2.453323190074135e-05,8.209710345475053e-06,9.688206264568384e-06,4.313318024260801e-06,8.46600329509222e-06,1.812754550822026e-05,3.064678731343285e-05,9.947431723202597e-05,7.08945206902979e-06,4.333784141497871e-06,2.559271342375423e-06,4.551720908091447e-06,1.0096321010290442e-05,2.1136090629444645e-05,6.1002969937468555e-05,2.4599395050056345e-06,6.874468915748736e-05,1.4587296091391586e-05,2.033378926211228e-05,2.5372142655301235e-05,3.6417489184656345e-05,5.934198750192757e-05,1.0494433077561038e-05,1.218468675938958e-05,2.3942982353690667e-05,2.1301530577413068e-05,1.572009356537169e-05,3.4501445830755116e-06,4.591249214576786e-06,6.5644963153049715e-06,6.027998387527358e-05,5.014947501261455e-06,2.7444427796086075e-05,0.00020215828976892736,6.401021842657674e-06,2.4421630605978242e-05,5.409072980664501e-06,1.6699366147557105e-05,5.986696562900045e-06,3.7001063920435378e-06,4.275756220334529e-05,1.0935586073652948e-05,4.156237243411145e-05,5.460961423402351e-05,3.473180748994107e-06,3.836276971921299e-06,3.402400160111974e-05,2.0329381361449542e-05,4.183340506970569e-05,1.499539394998137e-05,6.950236555213437e-05,4.374606803848689e-05,1.0686171972566896e-05,9.792702524143932e-05,3.78603414924804e-05,4.494651717344946e-06,7.23799171962899e-05,3.6265777906546945e-06,4.213971250220994e-06,3.050712639777401e-05,5.396252284933874e-06,2.2406351204913e-06,3.106125644575489e-05,2.282868414415136e-05,1.013595821712221e-05,9.344498893659785e-06,1.151094121728322e-05,3.461572652836448e-06,9.417180544431985e-05,1.2806035559291262e-05,5.187814796321546e-06,4.254441755896294e-06,4.557948579641484e-06,1.768315567317887e-05,1.05906431182226e-05,1.5762794236675738e-05,5.624075599108748e-06,3.079202542013642e-05,4.033925300531884e-06,2.4682485835600017e-05,7.511740144486218e-06,1.3414581961845077e-05,9.103036232549817e-06,1.1349565459908438e-05,2.498564977937405e-05,3.36455863440409e-05,2.105937077395766e-05,1.029769280558938e-05,2.8929465473828905e-06,2.5645392887742233e-05,1.503407133397523e-05,2.569655408060465e-05,3.4672122058691926e-05,7.2856674049477565e-06,2.853520949223025e-05,4.1836918767568485e-06,2.531811886158832e-05,1.661723073644376e-05,9.369593382207385e-06,1.1737713110773217e-05,1.221769435585679e-05,3.303313062244434e-05,3.825174365852482e-05,1.4013825133191482e-05,8.059500877083902e-05,0.00011295806513903009,1.1672506932794598e-05,1.220003862996064e-05,1.1319893046727036e-05,1.020002349286137e-05,6.0652994078930034e-05,0.00015242563106880114,1.707160641026168e-05,3.930957221137036e-05,2.5621588485329265e-05,2.9811432791040046e-05,5.780887085833993e-05,5.464529003957339e-05,3.8196762791784975e-05,1.5187680276164553e-05,8.403606421485251e-06,4.3639189341131654e-05,1.7118910696268635e-05,4.488590424290483e-05,1.530363418510317e-05,3.624320855364036e-05,4.018862056612908e-05,8.411033351705149e-06,1.8273101191540423e-05,4.593473211898833e-05,1.7512755293535117e-05,2.09649242970284e-05,2.8678023337002895e-05,2.5354920877421293e-05
PWY-7185,5.018724825293524e-06,8.615291756524098e-06,5.529700482783382e-06,6.707391295686582e-06,3.891982387402376e-06,1.2679205340484034e-05,4.42691401254569e-06,4.737612254980363e-06,1.1366754029010364e-05,6.635549445734106e-06,6.148286207388289e-06,9.917654453933331e-06,8.274502491382036e-06,7.666032342794295e-06,8.648530224644045e-06,2.1123414172557908e-05,3.2304968415744032e-06,8.99206322877956e-06,9.454041106950998e-06,4.671230460427527e-06,8.593455742433084e-06,9.013702194357905e-06,8.13550462311031e-06,7.743730277793165e-06,9.376499508676095e-06,5.816191571369934e-06,7.0826088123355165e-06,0.00010197106700616214,4.454419491753254e-06,5.079839317871195e-06,5.9895170985541865e-06,1.48186130295202e-05,8.695295404845454e-06,3.7105295474618862e-06,4.11754003735606e-06,7.23179509628173e-06,8.131124372150554e-06,3.988049334120684e-06,2.7149420537839907e-05,7.78715885349067e-06,5.800562091854121e-06,3.388378787931712e-06,1.2876536269652383e-05,7.690807486866239e-06,3.449287340895086e-06,6.921055248127258e-06,5.635072482161802e-06,5.636647207847209e-06,7.776798954759544e-06,2.4242305396755576e-05,1.8505402963667178e-05,1.5886980722142748e-05,1.4298100433672827e-05,6.4036585358543626e-06,5.9166607180364525e-06,1.8025337344288457e-05,7.872387781248144e-06,1.1333146400913825e-05,2.046303952011612e-05,9.850803752272231e-06,8.059470949710084e-06,6.212370921547344e-06,2.2640510338041175e-05,7.610428343743009e-06,7.020140552805749e-06,9.885843969061762e-06,6.384002934096941e-06,2.1011936083341692e-05,1.024765791382648e-05,8.966796419094583e-06,6.008757550827875e-06,7.610246312079971e-06,9.213977938318293e-06,1.098695839927136e-05,7.453557997031015e-06,2.527714273844121e-05,7.0306015563907035e-06,7.96066672728054e-06,7.512510348596836e-06,6.378254820560064e-06,9.317128215691583e-06,6.153952685165773e-06,5.086698462786536e-06,7.432097809216088e-06,3.457480271514129e-06,9.459431900639319e-06,1.1694740977386535e-05,6.01794852944733e-06,8.68485973305553e-06,7.5544684754838146e-06,1.9505644459346664e-05,6.81733540995747e-06,4.404367526372122e-06,4.9239063812941734e-06,7.124529427997379e-06,8.886710416801186e-06,8.172549992502627e-06,8.14455514524641e-06,5.66631219791031e-06,1.1826782285949238e-05,2.2486943479132143e-05,3.664606083488019e-06,5.017170655840419e-06,2.003192036715725e-05,8.906717219783432e-06,4.847393099752897e-06,7.336079161074037e-06,1.0927993473953232e-05,1.5653713941483814e-05,9.59388642367891e-06,8.10810361458928e-06,3.549101854124399e-06,2.5686200919019143e-06,7.359619323349376e-06,5.808578968588398e-06,1.8560028039899672e-05,3.1446563495065005e-05,9.419230556151045e-06,5.121396847143448e-06,5.945446787558683e-06,3.1089113040285555e-06,8.76780579459873e-06,9.242655053849883e-06,3.6917228461668378e-06,1.707089047911983e-05,8.406068403761275e-06,6.810257402558566e-06,6.647450177519093e-06,6.996986192261104e-06,6.977439193340934e-06,5.450657322924758e-06,5.606746658894572e-06,7.773152390116515e-06,9.90208620122613e-06,1.1409525779191419e-05,2.3562307494088608e-05,3.8113278589955736e-06,8.81133456761316e-06,6.075978993257111e-06,6.7710833106163445e-06,3.09676657514578e-05,2.4095116144217042e-05,1.2155072149550197e-05,6.976452412072276e-06,7.274743279696272e-06,5.7843078252870965e-06,4.434249960298411e-06,8.783856681628928e-06,6.3407547828135955e-06,2.9239303914060136e-05,7.682737011680313e-06,3.520406828636587e-06,6.0523057156756334e-06,4.653059135488271e-06,7.789572073229567e-06,7.887281714451108e-06
PWY-6731,4.8862050657918385e-05,4.332105877723618e-05,6.32166203104025e-05,3.964318996634616e-05,3.089035873208172e-05,5.266906033033505e-05,7.131681225091679e-05,6.111442700799278e-05,6.75726482075063e-05,2.212063051071552e-05,1.4647873119333978e-05,2.0331112211567765e-05,3.758218052654721e-05,4.176465369990535e-05,7.308449122829978e-05,1.7839771874237937e-05,5.358141150283189e-05,7.285969861060364e-05,1.414482041093895e-05,3.8097901196090854e-05,1.7129880014685022e-05,4.00133566352808e-05,3.753230511865611e-05,1.983445725176405e-05,3.896916643685425e-05,3.371255057329688e-05,0.00010399753525440251,1.998971208292501e-05,2.844341381132283e-05,1.308014024609154e-05,5.538597547054852e-05,8.204718220613252e-05,0.00012561392131356665,7.362554568828617e-05,4.8056482777368215e-05,1.9880041946696123e-05,2.1530850706310414e-05,1.6630815919577986e-05,6.882159932071595e-05,4.354215198535643e-05,3.544269551910316e-05,3.666002796916197e-05,1.5531793868378808e-05,9.21725333650895e-05,7.744946854502388e-05,4.971009783118512e-05,1.3771561274474845e-05,2.576641822146096e-05,5.657189588728928e-05,8.814834381475622e-05,1.4118874334106602e-05,1.3851164826586634e-05,0.00010282336716487258,1.3267266740134036e-05,1.6783061052495292e-05,5.722761542300049e-05,0.0001185853399704152,0.00012846621647159232,3.59822066631508e-05,2.8062969731970922e-05,1.4605861426968057e-05,4.260308087440082e-05,1.4677858811534175e-05,7.220931129883014e-05,2.2331395020435745e-05,5.367816888505951e-05,1.4411860061905653e-05,5.276108080814157e-05,1.4741569834262507e-05,4.244888508622013e-05,2.6598102406583246e-05,1.2753839605846773e-05,3.641335037786724e-05,2.6948765020022174e-05,3.991021544871515e-05,9.034828732871957e-05,2.4278034462006372e-05,4.153089205978675e-05,7.006988756611129e-05,3.5971488512781495e-05,3.926520620301287e-05,2.7574990560788082e-05,0.00010129466747295651,0.00011149114516149024,3.0007215512549547e-05,6.381341156782757e-05,4.7155285320869116e-05,3.760635620454825e-05,5.592061873685495e-05,2.637005678904955e-05,2.990075464905486e-05,5.296129903072895e-05,1.6896850015502374e-05,0.00010091453226176913,7.869618188162808e-05,2.518713433749493e-05,1.8276647027372136e-05,6.66945178252884e-05,8.666177767669972e-05,1.2980954215733526e-05,1.4492713667814613e-05,2.533474883234941e-05,6.409414681713182e-05,3.0482897349200917e-05,3.488995530553961e-05,1.133839450532521e-05,2.782709133306156e-05,0.0001293245742852926,2.637039129885047e-05,2.7622562810656536e-05,1.5900260302136332e-05,6.601442873645723e-05,7.355872219953061e-05,1.4678045204207172e-05,3.7295293725892934e-05,2.4550560147577092e-05,8.231445038468758e-05,6.338619570285e-05,3.290066037814701e-05,1.4590228884353302e-05,3.962870910319008e-05,2.9612343332503965e-05,4.05204976717548e-05,2.4999802170708465e-05,4.3050404544359196e-05,1.3613252577540604e-05,0.00010584146455593616,0.00017172785443812528,1.7261984778671166e-05,2.1208828800086528e-05,4.6662034483803015e-05,4.3155859740890326e-05,4.066570851525404e-05,4.371538945305123e-05,3.278182457966763e-05,8.936382172917816e-05,6.483216256980569e-05,4.576352510810986e-05,4.1032186611979676e-05,6.063807700818865e-05,3.4548671968798234e-05,2.436113962160621e-05,3.0186589642267757e-05,1.456071582852115e-05,2.3754798636023406e-05,5.342485672438495e-05,4.3368859631048286e-05,3.356120077171643e-05,2.0823665252520924e-05,1.851674558649778e-05,1.330312841385562e-05,1.0760116713685371e-05,1.0918251521579177e-05,7.344702221213796e-05,3.561015351580386e-05,1.637401505249591e-05
PWY-7200,1.1215660812415963e-05,1.7683930174148287e-05,3.295311532721782e-05,4.803175700132966e-05,2.9581948879416725e-05,2.9506880479220646e-05,1.3736412235455882e-05,1.4367813831086577e-05,8.447095019556593e-05,2.5128918371541744e-05,2.039198060461853e-05,7.080225211907229e-05,1.4074980563038164e-05,3.559574421631214e-05,2.644164536097967e-05,2.9314306917238593e-05,2.4286710185850873e-05,3.5291961048667207e-05,2.691084358164723e-05,4.0057837547653925e-05,2.0325723962810087e-05,3.427393460875996e-05,3.0703778954622004e-05,2.6107134845664073e-05,2.756546082795956e-05,1.1543313941154595e-05,2.4920871611240626e-05,1.3565322016379302e-05,3.942928580332826e-05,6.396946341240117e-05,4.535203736090805e-05,1.8634371362160663e-05,1.7924380727121257e-05,2.6949487346526635e-05,1.1803760243795152e-05,1.2618674736534581e-05,7.209803179797318e-05,2.1867498960166457e-05,0.00010316133634431825,2.5897234819352476e-05,3.2949757884416404e-05,2.8257017860161633e-05,1.1532686122750147e-05,8.626802323054646e-05,1.5290690504862467e-05,3.336349435680388e-05,2.663828017937766e-05,2.087287991695818e-05,2.9454243246045186e-05,7.810713003764884e-05,6.347555083969906e-05,1.909093827859206e-05,5.846915514423931e-05,8.626461386294419e-05,1.2192854987915054e-05,0.00010052821323991896,1.1843770087615692e-05,6.135984216178193e-05,1.700807095816052e-05,1.5583456443556416e-05,2.3681436886597184e-05,2.012345468939043e-05,3.388488650418188e-05,2.288755091834268e-05,2.875581621288396e-05,2.569916527511677e-05,3.1925433830126015e-05,2.572094276508773e-05,2.697687208273794e-05,3.999948378362459e-05,1.6219544074558367e-05,3.4185583931891114e-05,5.782564102373168e-05,3.6839680777911465e-05,1.1897960408069643e-05,5.4617002657722426e-05,7.86160880698572e-05,2.7174575213275338e-05,4.3542617492294944e-05,4.076981197269828e-05,1.9866184221419412e-05,2.2042073419791114e-05,1.3621643774317218e-05,2.547670993483281e-05,5.254650368431357e-05,3.654204665480473e-05,3.1145330751255974e-05,1.345565211676987e-05,2.783233647974462e-05,2.822902449410382e-05,6.95420718170334e-05,1.45906422047114e-05,1.935785479494348e-05,2.1731895254672525e-05,4.018461221353085e-05,1.219708568050091e-05,2.0381080637624765e-05,2.429369770801432e-05,2.054261766789868e-05,4.3268274651884094e-05,3.3674591028891535e-05,1.1647607383653884e-05,1.9252120998615537e-05,1.3715991192938899e-05,6.751021882182021e-05,4.0992647434839576e-05,3.944160679391473e-05,9.692000917853035e-05,5.254850185840883e-05,1.2972689697261525e-05,5.47186297067381e-05,3.0498981866505942e-05,4.1562589991869995e-05,4.314928121153279e-05,1.7409224034701156e-05,1.3820959218028464e-05,3.533017350902382e-05,4.3758191203707954e-05,3.62524226906445e-05,1.3526820366417541e-05,3.9657792064571676e-05,2.7540068410293513e-05,2.4848028590748333e-05,3.424231749540316e-05,2.2509205354187384e-05,2.16209396554187e-05,2.657814059649842e-05,5.3375650114805776e-05,1.8912963580473236e-05,2.0930708137847258e-05,1.7513147757335938e-05,2.181607255172663e-05,1.537721551529094e-05,7.838824929523429e-05,5.929418609719431e-05,3.261568354941722e-05,2.014297391954585e-05,6.176376745381225e-05,2.0426661406386424e-05,0.00013094178735483574,7.329318242838561e-05,3.032976389252281e-05,2.6204731424578675e-05,0.0001450213294528114,2.8766564255925724e-05,6.690533903983758e-05,2.6069620493564367e-05,3.877476773433498e-05,1.8871180369306963e-05,2.8017481524306624e-05,1.5068522695508978e-05,2.1195243380134134e-05,2.651116376836398e-05,9.464092245964806e-05,2.438134749358047e-05,3.916636727433637e-05
PEPTIDOGLYCANSYN-PWY,0.00015129556895705776,0.00010135138584840825,0.00015711201801159495,0.00013572712670682007,0.00017456642421366219,0.0001842630747267509,0.00018735018455240664,0.0001932450892426739,0.00020410028561380903,0.00011570710991725266,9.803565136087591e-05,0.00015574141282005357,7.849987838275616e-05,0.00016213039401329527,0.00019763042122334921,0.00017769356847630553,0.0001914782340645007,0.00016853907625731968,0.00014332078710050714,7.036493437992506e-05,0.00010537948834360515,0.00014064236855087925,7.560564042201309e-05,8.822810228124075e-05,0.00010583506273196341,0.00017310035098570427,0.000209165713158355,0.0002056958779345395,0.00014947458598947323,0.00015174038524548596,0.00018766671154636595,0.00015257006789916425,0.00019964843303360813,0.00015478809947526542,0.00022496740257442526,0.00010924327567242685,0.00011401227960914057,0.00018001563602618298,0.00013842029656711586,0.00015724526388228696,0.00012162868230896991,0.00017636090399006913,0.0001404122359409269,0.00017299714138792,0.00014656778739231518,0.000204362797567906,0.0001110543810327681,0.00019908086359250978,0.0001230926681545568,0.00024403407364058215,0.00018106856746540252,0.00014811299833125232,0.0001636226455909574,0.00012916918885185594,0.00011702781402051396,0.00016342736333503573,0.00020682524241171307,0.000226993935749131,0.0002316178000433019,0.00014367751954472299,9.387163712414201e-05,0.0001986285557662106,0.00013388710477852392,0.0001401828860532618,0.00013926002794958264,9.303792802992837e-05,0.00017333180674896555,0.00017788040014608513,0.00016638976058405225,0.0001077498300420441,9.027684039891273e-05,8.938596952245697e-05,0.00011745056915191472,6.85077438825813e-05,5.533495885665266e-05,0.00016505088172110843,0.00012206104068217663,0.00010403035737863267,0.0001225367553331357,0.0002244092676352448,0.00018355966948419784,9.078483877112946e-05,0.00016388812972353882,0.00023757056924119177,0.00015880907309009272,9.47577134016595e-05,0.00023502441229859524,0.00013376730100848406,0.00010510577407898107,0.00026563723732730174,0.0001472011919068367,0.00015357115045874193,0.00011359432758922068,0.0002050225343079453,0.000209911680385827,7.143229289129008e-05,0.00012661361424181326,0.00018935428977106432,0.00016786961980953474,0.00010650969108880705,0.00017563689392544624,0.00020376324467672857,0.0001638296665125989,0.00014258041842099586,0.00011821664739894606,9.33095360586192e-05,0.00012070885392801404,0.00017488293730782018,0.00020710318334236685,7.32219610871487e-05,0.00027636226443498687,0.00019737874168462952,0.0001873405068265647,0.00010312939384636133,0.0001235074662296448,0.00017276058679529093,0.00015637867398127285,0.0001389498840021574,0.00017419096009443666,0.00013629020225327404,0.0001392673733926461,6.025579845748976e-05,6.927032238844659e-05,0.00015391088727805278,0.00013353016948275555,8.690757462765678e-05,0.0001656632528271477,0.00016085043425861714,8.249083945649744e-05,8.111292423226012e-05,6.856802798773437e-05,0.00013895790728909462,0.0001097199730476799,0.00012012979811572247,0.00010883250871059942,0.0001430076825509635,0.00015126546801069707,0.00011577609165315101,0.00013065006565879966,0.00014515910261962028,0.00016700630589820098,0.00012889650790077315,0.00013255398101022842,0.00015486026822580733,0.0001141540385685692,0.00011860383380896286,0.00011419937805821696,0.00010416285493321963,0.00011290335812993004,9.385342721564072e-05,8.87052475696227e-05,9.714821897447565e-05,0.0001047409217855259,0.00018219300323718253,0.00011364088566555748,6.548433099882112e-05
PWY-6387,0.00014962896365892562,9.884145986358329e-05,0.0001641912799860546,0.00013461578599203593,0.0001747540620207179,0.00018788591389930608,0.0001890437311864454,0.00019813669378246623,0.00020764210894471343,0.00011288272651283372,9.69076882917533e-05,0.00015662606119669112,7.533170285310214e-05,0.00016710396228191457,0.00020110930403771817,0.00017686960120245207,0.0001893887351200043,0.00017723173879801652,0.00014352304456452896,8.169907702295859e-05,0.00010328666919283937,0.00016000841864842572,7.549709075943092e-05,8.653514078747575e-05,0.00011091247509408979,0.00019371959798000185,0.00021211673404705736,0.00020713511852513152,0.00015266309882965224,0.0001585957116578828,0.00020344630467979195,0.00015282632540061718,0.00020877865576588814,0.00016920640707889458,0.00021458441865461776,0.00010838992072584485,0.00012097036005768392,0.00018384691302750735,0.0001375557304181476,0.00015478873019586544,0.00012534518902966918,0.00017465277603923658,0.00014663968901216373,0.00017501298167994862,0.00014626077137016062,0.00020602949076491285,0.0001064366882038775,0.00020044688370997695,0.00011952474550718874,0.0002510795909345904,0.00018750200127322397,0.00015581522087227236,0.00016881804733384883,0.00013491038375498625,0.00011563691137944307,0.00017532433496272325,0.0002082331541847059,0.00023199946352899864,0.00023102557079176243,0.00013821519924064632,9.415047923825134e-05,0.00019250762326789491,0.00014244196638443985,0.0001525506652752101,0.00013672788495268628,9.636120804169461e-05,0.00017183204639071198,0.00017452105951891025,0.00016764090498994031,0.00010159291830849322,8.778864895205791e-05,8.518832842524944e-05,0.0001254329451581917,6.933364919911558e-05,5.7889492587075676e-05,0.00016497794980020912,0.00012005865754802422,0.00010143901446650552,0.00012495885483668136,0.00023762038678216594,0.00019273911298302022,8.833369658428256e-05,0.00016414356820832713,0.0002402967063663593,0.0001564917276805835,9.228485493825876e-05,0.00023716475406492652,0.00013303877759022152,0.00010870107672807051,0.00027073391412218257,0.00015403740007340424,0.00015315751306340032,0.00013114274489609308,0.00020804774644363961,0.00021240103062725057,6.96570631564657e-05,0.00012595256013970746,0.0001919954994490076,0.00017032875056305954,0.00010216915638201852,0.00018014982044786953,0.00020114103578756755,0.00016821811904880712,0.00014106512461594143,0.0001164400201733721,9.671496079198816e-05,0.00012806685671130262,0.0001783850533189863,0.00020832027508629685,7.339985734930188e-05,0.00028258222677060303,0.0002000420492474412,0.00018867311297131165,0.00010333453367051115,0.0001236623414625101,0.00019096786360418234,0.00015501497987754226,0.00013824627328736373,0.00017427825994893435,0.00012966893389816677,0.0001402157617975186,6.09366297632354e-05,7.217659169762081e-05,0.0001553553964529999,0.00013024020356510526,8.29709267074007e-05,0.00016955066184482623,0.00017196431734059318,7.759504260636514e-05,8.381150553567143e-05,6.343810910924982e-05,0.00014147644257696441,0.0001065114726776564,0.000121996221747838,0.00010611088099614306,0.0001562550045945304,0.00014938488956204516,0.00011760716790095495,0.00012938998570120058,0.00014166314248247814,0.00016795726507655957,0.0001336534854304495,0.0001303708731386071,0.00016645090558810673,0.00011229101431116865,0.00011692495714508827,0.00011600909310762469,0.00010072213162314927,0.00011090123137182204,8.919955392246447e-05,9.130599354178093e-05,9.320592650822909e-05,0.00011660612669483836,0.00018433307210861667,0.00011670689704454348,7.113162685648007e-05
DARABCATK12-PWY,1.9444841561779655e-08,1.2052273525971232e-08,1.3559540188580442e-08,2.431743685544537e-08,2.40005624728095e-08,1.5258516707104113e-08,5.585119058651626e-08,3.423134395326952e-08,5.584472394761971e-08,1.7511125870317536e-08,2.486929734955071e-08,5.559086031754595e-08,2.0513212472077628e-08,8.764839761073272e-09,1.5222031143103333e-08,3.937586254514766e-08,1.571431377696992e-08,4.164733017354033e-08,1.5975414828168784e-08,9.70951502530834e-09,5.5953133739074897e-08,1.0906191062844228e-08,2.4301266108469377e-08,2.0518352114440195e-08,2.051632731088859e-08,1.8926580558137134e-08,5.539383461527505e-08,5.584222302101148e-08,4.2353732009577756e-08,5.6062865228108696e-08,1.979130880224629e-08,1.1697506176607514e-08,5.215585906506262e-08,1.8215911933044012e-08,1.5165761968392008e-08,1.9436508420189377e-08,5.5802328940911334e-08,1.1273250040915379e-08,5.599392440822541e-08,2.003794296773816e-08,5.5830215237863094e-08,2.1383980911150713e-08,1.597407201705738e-08,5.5937099113574474e-08,4.237712585112526e-08,1.8458775577440394e-08,2.052483232547301e-08,1.0354954311916984e-08,2.4713194318591118e-08,4.559703744054287e-08,2.6639011421194768e-08,3.452413596410021e-08,5.601772833773437e-08,1.996687492455312e-08,5.359904041904698e-08,5.607691242288972e-08,9.147725515541642e-09,5.559071213499098e-08,4.665170328996637e-08,4.4921186955957356e-08,2.2054916592367176e-08,2.0177204144041832e-08,5.437164188494111e-08,1.786153989574001e-08,1.9077451223515402e-08,5.586455593427565e-08,2.0637562429745576e-08,4.390886032780517e-08,4.077329533139927e-08,2.0516660762815335e-08,1.0151179051346022e-08,1.8526647491958735e-08,5.582397792432362e-08,2.4140865829284673e-08,1.9434104707142843e-08,5.603712262180014e-08,2.6561553147854306e-08,2.0513661549559194e-08,5.577197138049843e-08,2.1736304676966262e-08,3.705986587289997e-08,4.5490170415037734e-08,8.153063903246025e-09,9.36125774029606e-09,1.2067111900570702e-08,2.1404537074332303e-08,3.7296145253487224e-08,2.6473711694057063e-08,2.0514337438030842e-08,4.8137500356837924e-08,5.606585739820834e-08,2.6472602101013537e-08,1.5975431468253535e-08,7.936856099422253e-09,2.129753579239363e-08,5.16501856117136e-08,1.76240649944058e-08,2.4271380982823414e-08,2.4696186154863872e-08,5.579605529631375e-08,3.863052994920548e-08,1.4376330622784836e-08,2.4874397627500883e-08,6.8813280687095715e-09,1.3096097242712177e-08,2.0512512464002895e-08,2.6407640128203335e-08,5.6028089437305153e-08,5.554791930101981e-08,2.0520577420563773e-08,3.12649381006071e-08,5.581929986582754e-08,1.048245792883634e-08,2.0517654443408967e-08,9.146723556991044e-09,9.276254658924365e-09,5.3979499407853015e-08,9.003884472490483e-09,9.112765929201504e-09,5.582534870548561e-08,1.7987811862651978e-08,2.5445888872643964e-08,2.016315369499058e-08,4.157588921943489e-08,2.3505953077987085e-08,2.0511764699649363e-08,5.603134925867581e-08,5.6088817803903695e-08,4.1430065127617424e-08,1.1819198953143354e-08,4.5892747933297676e-08,2.399989672981585e-08,9.145300968359897e-09,5.6074059027524996e-08,2.0427317669848067e-08,5.607263796566087e-08,4.214957363762462e-08,5.316122669780162e-08,4.1821304309056374e-08,1.2970478193792463e-08,5.586192414574218e-08,1.3474709422704622e-08,2.9051716903503426e-08,1.979580893300207e-08,2.4395978730588885e-08,1.658712774081172e-08,2.0163144565407806e-08,4.193062726894468e-08,4.1049690398013325e-08,3.5264958907235726e-08,2.0519278859222776e-08,4.2002626949786814e-08,2.4872620725407885e-08,4.5842724628254336e-08,2.4680261024961022e-08,1.943424186277632e-08
COA-PWY,0.00012728935817915866,9.498842641523829e-05,0.00012716725645852176,0.00011779628532688378,0.0001688083458367144,0.0001684997131768718,0.00014065014742310484,0.00015696795024427152,0.0001568207673040272,0.00010939682056880708,4.2005060254496706e-05,0.00014222945582385662,5.759036943348127e-05,0.000117387544324491,0.0001850396419925867,0.00012689325070365436,0.00015799038498874433,0.0001267653149548996,0.00010464827065574607,4.7921433374788256e-05,5.364957976768919e-05,0.00012854331830400938,7.284866892938555e-05,6.607919094382063e-05,7.856563574590398e-05,0.00013670764671222676,0.00017213902248684415,8.784847767825301e-05,0.00013480205334512256,8.440141741265192e-05,0.00014452154652642068,0.00012161650819128962,0.00015787762944941388,0.0001730591091256446,0.00014115840566095004,9.762279399812588e-05,0.000100445886951566,0.00016685150383061767,8.760291687149972e-05,8.994474754181193e-05,7.340504135946547e-05,9.126725544391876e-05,0.00010095443244723344,0.00011365811376408499,0.00011614082980817913,0.00017279193274885203,6.498111983999923e-05,9.493802267458064e-05,0.00010753201566520268,0.00021734267909331788,0.0001110642256704527,0.00012105100912223502,0.0001158810105360074,7.794225746719772e-05,0.00011133530255707864,0.00015891992599030287,0.0001617872017460258,0.0001797050902211533,0.0001951086508567006,0.00012149309615965651,8.614879612694176e-05,0.00019046335436061305,0.0001299331106739043,9.392528499810025e-05,8.833002609935245e-05,3.913369620870718e-05,0.00016503659428375778,0.00012521900402377291,0.0001180321064125673,8.431481502323567e-05,0.0001020198887346544,9.464768117723913e-05,8.383966501424524e-05,5.177780547227173e-05,6.984652154349393e-05,0.00013209891707927592,7.907637281153254e-05,1.4028753671598873e-05,7.530440757354136e-05,0.00020840498081430638,0.00017833765917718504,6.391771537619378e-05,0.0001609629874388854,0.00013905142315033807,0.00011577475170679172,8.8607829441788e-05,0.00018703266680230836,9.769828582852418e-05,0.0001053223336554978,0.0001718365521664728,9.468467580535775e-05,0.000160270473299577,9.187204377358325e-05,0.0001487116110417182,0.0001421612454170609,5.121264317949868e-05,0.00011442866011728073,0.0001555743501824131,0.00014698348476429552,8.823509524045952e-05,0.00017130005326461667,0.00019356305556211508,0.00012700436327577131,9.840690027171333e-05,0.0001109217663198243,5.925366027646464e-05,0.00011078636858780271,0.00014455454248121845,0.00015368003021800004,4.307684878137875e-05,0.00022190578687502675,0.00015135940102972608,0.00016881215659937866,0.00011346576787089028,0.0001261315717983437,0.00015645199727097026,0.00012703961456571168,0.0001034610588556003,0.00011469685607423915,6.879994440242161e-05,0.00011522629226988898,6.059027522806637e-05,7.254518267159614e-05,0.00011369909411304732,0.00010958130909753054,5.0852434601539144e-05,0.00014181534587391628,8.529408226890303e-05,8.19047786269925e-05,4.0160074455269446e-05,3.580875265133561e-05,9.893231774293744e-05,2.9743004065486168e-05,8.714147727563161e-05,7.788311332480078e-05,0.0001446936224496682,0.0001393982369343659,7.86478464074634e-05,4.6220204318859366e-05,0.00013405199417453108,0.00014061485338390153,0.00013999845363525779,9.583304448777607e-05,0.00015127741627621197,8.38469407277579e-05,0.0001077172956416042,9.230733872617662e-05,0.00011046149402470532,0.00010068821893045568,6.723567146729244e-05,0.0001185884841440165,0.0001121090563155217,0.00010352182622235232,0.00014690368919705241,0.0001079294943811228,5.96442093469882e-05
COA-PWY-1,0.00015555490792970204,0.0001374250285174364,0.00014540572362694478,0.00016484912276969898,0.0001755401129384247,0.00018389702269892177,0.0001709170860019066,0.00015696795024427152,0.00018029200587534692,0.0001287323722380608,8.653969901854793e-05,0.00019121196615949258,8.792709525990869e-05,0.00014968011225283546,0.00019409541645107686,0.00018177237965985026,0.00018508452595297577,0.0001502541183561505,0.00014798585345501356,8.383210864079493e-05,0.00010577291065626756,0.0001388323784268909,0.00010544692819809508,0.00010728814718946471,0.00010340601640907179,0.00015591017343012716,0.00017697591511042746,0.000168381611566862,0.00016223756802110435,9.123806824709988e-05,0.0001866432711347184,0.00013066374640275107,0.0001520884360232842,0.00016250995644265728,0.000154227904242158,0.00013463107906232786,0.00011455727766629704,0.00017987340614392233,9.165268440716046e-05,0.00017845750704992893,0.00012919168573629342,0.00014953559022571757,0.0001496494166513504,0.00014402597887814495,0.00012107138192930347,0.00019001674994342623,0.0001124927241970437,0.00018612250516934656,0.00011165249407031651,0.00023666081061574478,0.0001816062446869968,0.00016351894976136098,0.00014011542830842316,0.00014865217466623944,0.00013720909197668384,0.0001803864123138981,0.0001870649889051947,0.0001797050902211533,0.00021036561994656813,0.00013693602526365862,8.614879612694176e-05,0.0002362114881345271,0.00013639798123981484,0.00013759494780952121,8.833002609935245e-05,5.436118808264863e-05,0.00018010785201491559,0.00017684178185321169,0.00014644741593762878,0.00016071313443187423,0.00010208720560996181,0.00010773432192995582,9.430716620564327e-05,7.08030284457773e-05,7.488867974153111e-05,0.00015584317960040507,9.666729897404314e-05,4.9910075768737084e-05,7.530440757354136e-05,0.00019546895945507864,0.00017314278931729695,8.60986431290387e-05,0.00017295533657548488,0.0001746859843357818,0.00014436948150159233,0.00012455580897449532,0.00021001072363054774,0.00013545081559328823,0.00012122871184380447,0.0002299784857868967,0.00011128630303366002,0.00017398366063105423,0.00010706603893211173,0.00014594116085218226,0.00016345629022153694,7.879379507442007e-05,0.00015875963995031452,0.00016312266740313496,0.00018171023977404013,0.00010596984403677614,0.0001913729916244635,0.00022687809938716264,0.000126458843927001,0.00012088835591908823,0.0001321053952006942,7.669977373389765e-05,0.0001338066244116328,0.00015964047556708483,0.0001984216495952413,8.066490929856744e-05,0.00022602809974487357,0.00016518092148488288,0.00018589991382244654,0.00012304541927922068,0.00012969303387380112,0.00017610945680738324,0.00014290153706432654,0.00011809169644533562,0.0001676463178251372,0.0001469117664626514,0.00016165264246108192,7.573080294786222e-05,7.244385119026683e-05,0.000129417745936574,0.00011840850247621,5.844980918456571e-05,0.00018747321049668333,0.00011416162833218783,9.997618604515374e-05,8.232163073501526e-05,3.8911118538020566e-05,0.00013127225268709782,2.9743004065486168e-05,0.0001132958675511788,0.00010097704167684938,0.00017861635533385106,0.00016799990676022493,0.00013202085606471946,5.566086651166225e-05,0.00013405199417453108,0.0001542703627928993,0.00015139034603471534,0.0001301125127876632,0.00014349265195285672,0.00010103848369572265,0.00010849323500769265,0.00011784598680436264,0.00012154873923683233,0.00010809359153220736,7.562631803740072e-05,0.00012680174871132602,0.00012575108909889377,0.0001145931214483775,0.0001772029263631919,0.00011607287611484591,7.905621789051165e-05
PWY-6125,1.5057939638501601e-05,2.5332067939673483e-05,4.0742180905000836e-05,5.752495515997102e-05,3.733767010492897e-05,4.212154594465708e-05,1.880616233551336e-05,1.9528096456134807e-05,0.00011088343585688921,2.8420831597127005e-05,2.5566643983366953e-05,9.131725302673632e-05,1.8174999028008854e-05,4.345198946143489e-05,3.4590138604663336e-05,4.076726010477195e-05,2.81404518540836e-05,4.537671983004266e-05,3.341993084590755e-05,4.636648016325915e-05,2.5561064253377746e-05,2.6903125271212802e-05,4.0741241669375465e-05,1.83830130197477e-05,3.494988973565951e-05,1.582401209004137e-05,3.300479364297464e-05,1.9829944066081104e-05,4.9074056016883465e-05,8.534757624749371e-05,5.3290080817827426e-05,2.521657330652049e-05,2.340209927923978e-05,3.4014778058636064e-05,1.4632556254701183e-05,1.6874965588166215e-05,9.846353088850927e-05,2.7474792392687224e-05,0.00013581000183223374,2.9724634082122883e-05,4.283119713060707e-05,3.3246609820236144e-05,1.5384047020960985e-05,0.00011405227316186158,2.0209815736612274e-05,4.543343850851618e-05,3.478039928928191e-05,2.7776573999364888e-05,3.2151148054117676e-05,0.00011557256018328468,9.528590209571043e-05,2.6275039136893337e-05,7.87095003049588e-05,2.7413254246855198e-05,1.7656029280901995e-05,0.0001445243362709352,1.538751229679175e-05,8.566123917205497e-05,2.292734244807677e-05,2.1856419293855765e-05,2.9919317926017648e-05,2.6103741264552368e-05,4.308962136102404e-05,2.9593978476357077e-05,6.721385082796912e-05,3.733756707852812e-05,4.159957730283663e-05,3.403092939931837e-05,3.708771595000599e-05,5.122823795658299e-05,2.1500521748978898e-05,4.493843742020121e-05,8.908621666125683e-05,4.797543301278417e-05,1.636662085477385e-05,8.279148034314353e-05,0.00011964066305146912,2.123216453432348e-05,7.284862566306986e-05,5.19249805531107e-05,2.7653262108184e-05,2.9007288923990732e-05,1.717707197161739e-05,3.1432214031644696e-05,0.0001026300478277928,4.5515872093486124e-05,4.052565423006523e-05,1.9710293942528778e-05,3.4867478573169094e-05,4.0794337574798704e-05,8.844481120229614e-05,1.9639890066735904e-05,2.3903257145422493e-05,2.9033433732566683e-05,5.214650581262946e-05,1.590375285632247e-05,2.7608679295617122e-05,1.712843984755998e-05,2.4143139433325596e-05,5.563412495345828e-05,4.3024730279181114e-05,1.4943710144420128e-05,2.5224225769284362e-05,1.701153895595498e-05,6.056027301270077e-05,4.131725638972723e-05,4.2949285913535724e-05,0.00013965757009147038,7.422531402549991e-05,1.6584919198209507e-05,7.6336956301185e-05,4.2014785839595065e-05,5.864377844260905e-05,5.5836445258591694e-05,2.3550369939923245e-05,1.9015814688114997e-05,4.808046211379797e-05,4.448596937718483e-05,5.1752627614329656e-05,1.830768574733145e-05,4.7196032960035377e-05,3.503797130219294e-05,3.017091962290725e-05,4.63028720729023e-05,3.051383837302579e-05,2.9633637492531825e-05,3.645143270940431e-05,7.252311370025059e-05,2.54742942415167e-05,2.9816600073054896e-05,2.266379616443336e-05,2.8904141994619984e-05,2.0537477729281244e-05,0.00010529778538157323,7.350743898905229e-05,4.514326514801491e-05,2.607359683806418e-05,7.880200266733526e-05,2.3718469644574385e-05,0.00014730582297547957,9.447600923409355e-05,3.751023448642694e-05,3.136926180676138e-05,0.0001648987510625801,3.7610147894676466e-05,8.851298895093823e-05,3.367560223425381e-05,4.939604873316894e-05,2.501604975345953e-05,3.11434231679117e-05,2.0085735844257297e-05,2.8039410160944044e-05,3.196116552429682e-05,9.647407301611994e-05,2.9888954946882745e-05,4.9816191006777986e-05
PWY-7222,1.0079137636254539e-05,1.7312478228904922e-05,2.9530157666672656e-05,4.186944658321384e-05,2.5270441003410202e-05,2.8285905876223024e-05,1.2320927761588593e-05,1.286968913494345e-05,8.778602529487602e-05,1.81099345594429e-05,1.7045210122836706e-05,7.474927020846355e-05,1.2896330718386628e-05,2.9185584582401633e-05,2.294578588138108e-05,2.755516434300605e-05,1.7605222939065292e-05,3.105345220726617e-05,2.1444309312892587e-05,3.6557066969123154e-05,1.6695562039690008e-05,1.4780172847852519e-05,3.170215029624661e-05,2.0910221128495345e-05,2.6497042531310092e-05,1.0337171268857431e-05,2.2084850991294248e-05,1.3299332443735757e-05,3.342436942541988e-05,7.2390655015084e-05,3.5328007484274794e-05,1.693806316746309e-05,1.5305934235307757e-05,2.169766036019337e-05,9.231419128865588e-06,1.1311244690312812e-05,8.690607374238707e-05,1.797396517384406e-05,0.00012155842636366392,2.115658426530768e-05,3.089014122968829e-05,2.1425883359303015e-05,1.0038874848553216e-05,0.0001084394729957104,1.3299636983863326e-05,3.1381401598008175e-05,2.561523222538041e-05,1.8163487861671405e-05,2.0226291809267257e-05,8.640741237799228e-05,7.144877980826168e-05,1.7715169001700918e-05,6.158492931024365e-05,1.3490480376808716e-05,1.179769550865499e-05,0.0001486520397963364,9.968713020184523e-06,6.315881638758081e-05,1.5373576986830025e-05,1.4737086565866969e-05,2.1197725388376973e-05,1.684895007178033e-05,3.053156566639184e-05,1.9692671841085525e-05,5.3647462819436824e-05,2.7692611557717124e-05,2.8402818445080978e-05,2.2533191876409275e-05,2.5669989493239093e-05,3.6504764315588604e-05,1.4977989541648994e-05,3.328186527525132e-05,7.72174357776075e-05,3.72145227354789e-05,1.1941665210185802e-05,6.291772531472687e-05,0.00010768372428727869,1.377119860327115e-05,6.511826582442298e-05,3.401973225743381e-05,1.8341121190826637e-05,2.0338854727225473e-05,1.0939366414075212e-05,1.9757484190135774e-05,8.081866653963089e-05,3.384758706037834e-05,2.6641607523764227e-05,1.3176724677422055e-05,2.2975827312733216e-05,2.7680967440754822e-05,8.478421580923708e-05,1.2960292489246937e-05,1.5853638536460566e-05,1.924381824785809e-05,3.650926675150332e-05,1.1368410830866538e-05,1.844579455305257e-05,9.213099309182976e-06,1.516754402602484e-05,4.7010002184541236e-05,2.7476699780157783e-05,9.61039186632141e-06,1.6923593341690478e-05,1.0802375766360606e-05,3.6179004506605125e-05,3.5742709194311835e-05,2.981795452529816e-05,0.00012819734505296727,5.007046639239213e-05,1.0763107594340664e-05,5.266028198066475e-05,2.881517471627498e-05,4.1132740480166447e-05,4.1923055957129404e-05,1.59722435588667e-05,1.2473726627018028e-05,3.318307063979178e-05,2.9157103090281705e-05,3.678962298586995e-05,1.24244134355167e-05,3.2844358161232476e-05,2.5206945839184198e-05,2.233805173799809e-05,3.186766135128146e-05,2.1194475257489976e-05,2.1087870584027665e-05,2.53463321548698e-05,6.510980573469845e-05,1.7672735454270095e-05,2.05929318147983e-05,1.6976460767321126e-05,1.9622781100963145e-05,1.2906815406426067e-05,0.0001091192205887472,6.18525437261503e-05,3.241186483469503e-05,1.7255977289048742e-05,6.52773399720568e-05,1.386624222185951e-05,0.0001406090756249372,7.775970980407494e-05,2.4416645664705154e-05,2.0688836360743024e-05,0.00017692517110540207,2.673503057311149e-05,7.500103950568115e-05,2.316245236250519e-05,3.713599075403271e-05,1.7114297461280463e-05,2.0477592206399334e-05,1.3427792181215223e-05,2.0101573746880585e-05,2.161919298146903e-05,7.118791788914819e-05,1.959722124120455e-05,3.922650572119147e-05
PWY-7228,1.8716633199233618e-05,2.994440039784018e-05,4.7111019516205584e-05,6.466545316484283e-05,4.413571093943069e-05,5.0525697362685354e-05,2.3398188980382225e-05,2.418758385881029e-05,0.00012697175927670713,3.183313054855869e-05,3.025080007944965e-05,0.00010145955033931454,2.1937688757247135e-05,4.9612400764708405e-05,4.170537867620922e-05,4.8139044354926376e-05,3.254847567965614e-05,5.341058903518751e-05,3.836280070796011e-05,5.2366388364688444e-05,2.8835167201428962e-05,4.2154584846180806e-05,4.581242440370039e-05,2.795029751311671e-05,3.943925059545884e-05,1.9733866969120774e-05,4.027003912060797e-05,2.484432301471565e-05,5.559993619613744e-05,9.637274167410598e-05,6.081517495192039e-05,3.0851587242260644e-05,2.86224550647096e-05,3.8953852637522e-05,1.760913610462523e-05,2.0771663588665837e-05,0.00010678917197711232,3.27577671185835e-05,0.00014476162395336394,3.433509593288503e-05,4.940026099021846e-05,3.84554904506871e-05,1.8752377796064082e-05,0.00012249448826859972,2.4575488811737626e-05,5.422039918908098e-05,4.0084966863891925e-05,3.357000643850336e-05,3.579338236751936e-05,0.00013359475554028527,0.00010683512006015973,3.204898710422848e-05,9.084896075860656e-05,0.00010030014231890762,2.179237207268628e-05,0.00015391907243896962,1.881821079560882e-05,9.983988353774255e-05,2.8480700911247738e-05,2.6784419805759857e-05,3.416703986422429e-05,3.124164689601488e-05,5.105820804805883e-05,3.507268545025171e-05,7.330513835436703e-05,4.4356163291726366e-05,4.9435192630007245e-05,4.0750286920814555e-05,4.457646329516492e-05,5.863998884299345e-05,2.621006970848019e-05,5.120308311308613e-05,9.719675708059378e-05,5.4486217144729863e-05,1.9577536922487593e-05,9.698001095352735e-05,0.00012758490808468932,2.7011838388167927e-05,7.896992918889088e-05,6.0766957308478976e-05,3.402646833341859e-05,3.4467625279928014e-05,2.0535333865095152e-05,3.7064525992944326e-05,0.00010874959690041165,5.2276346299947416e-05,4.837261298656215e-05,2.4496936793397436e-05,3.961428107428254e-05,5.048558048567922e-05,9.620048495484551e-05,2.422242651805953e-05,2.8131097209629576e-05,3.5507291945320706e-05,6.198752135976207e-05,1.9006919047814842e-05,3.238387331786965e-05,2.87543963018393e-05,2.7940066789360114e-05,6.182809867335932e-05,4.929248016492083e-05,1.82043102759342e-05,3.070438168185538e-05,2.004593758148738e-05,9.131248933070907e-05,4.415455890879932e-05,4.650694495289205e-05,0.00014789006428662623,8.256043025978872e-05,1.9169283874489733e-05,9.188954481222549e-05,5.093403216669227e-05,6.923071079161788e-05,6.350503880709715e-05,2.8609554271008194e-05,2.361860534505716e-05,5.673737867652142e-05,5.08213716425804e-05,6.0998151060508945e-05,2.2678550733154768e-05,5.337690763921729e-05,4.0560455512562794e-05,3.482672878077141e-05,5.3884100156349856e-05,3.711443786713584e-05,3.514520581291264e-05,4.468365634796281e-05,8.084027484179677e-05,3.072634540200532e-05,3.491269264735159e-05,2.6329211470046828e-05,3.483763111413885e-05,2.3908122502503755e-05,0.00011219166343562489,7.89193240213942e-05,5.437749208082151e-05,3.1451181633389245e-05,8.236281267921035e-05,2.9257107705714076e-05,0.0001528561967218619,0.00010624088543451467,4.2842396099767e-05,3.632591966896211e-05,0.0001706070630527234,4.440843666173434e-05,9.757637158467464e-05,3.945232691529582e-05,5.625154263139789e-05,3.0434876528780666e-05,3.513779680395895e-05,2.431733173736191e-05,3.3393081746997935e-05,3.6419933074634706e-05,0.00010427572110460505,3.3647680723844926e-05,5.392266250961139e-05
PWY-6168,2.8694089126067637e-06,2.9469344750286123e-06,2.8430049786594026e-06,3.5030754827899766e-06,2.164831252133915e-06,1.6474273526238948e-06,1.695338177652336e-06,8.634012620448294e-07,5.489962619109275e-05,2.962981072354805e-06,3.1092116944914774e-06,3.813167260401559e-05,4.104181722727465e-06,1.7760838718310396e-06,1.9141368327180042e-06,3.3863689388938337e-06,2.302894089374713e-06,1.6350860097061798e-06,2.939761886166295e-06,2.1429352454884977e-05,2.7018674491035048e-06,2.6692042484836507e-06,3.722090480121765e-06,3.988997601973459e-06,2.140309954104585e-06,2.9038479884829007e-06,3.690154257270475e-06,2.8585019283565845e-05,5.2480165075883375e-06,7.489146184655491e-05,1.3274970936940947e-06,1.442256160980172e-06,1.927595116394741e-06,2.7512890981467365e-06,2.1700830592271355e-06,2.674481236089492e-06,5.1194424631800125e-05,2.5523319832160783e-06,1.3287899006245188e-05,4.135196299699682e-06,2.902719950508905e-05,2.0218825298722946e-06,2.128928519706331e-06,6.288644710261098e-05,3.496767638711195e-06,2.588670378054669e-06,4.07275809328448e-06,1.7470241778573266e-06,2.8793158638640754e-06,1.1500542606910259e-06,4.441087432312814e-06,4.690607391132417e-06,6.619690663847317e-05,3.4204587103624323e-06,2.9830518340289487e-05,6.773310047315623e-05,2.392086951431622e-06,5.372207553309397e-05,1.5584171963516793e-06,3.6090883479188944e-06,4.1220791172587875e-06,2.886061817699477e-06,3.068306690039347e-05,2.3730745561861256e-06,4.195021966378086e-05,5.648072581542667e-05,1.5153367385354616e-06,1.914622694585445e-06,2.876443159450093e-06,4.374740637971697e-06,5.912019387807005e-06,4.500915823952034e-06,5.0726120923605746e-05,4.024422833015321e-05,3.4102326838882827e-06,4.475512339609387e-05,4.7207584419366894e-05,3.580607706067146e-06,2.0747914253294205e-05,1.202105878542091e-06,1.3707867723957913e-06,3.759229043448318e-06,2.8963231784539115e-06,1.4687465238593847e-06,4.100452813670333e-06,6.485703237644344e-06,1.8182089688083434e-06,4.0972793374639424e-06,3.1373409881396817e-06,1.5520668675618513e-06,7.030832282816908e-05,2.094009187408552e-06,2.4161341595675108e-06,8.078186898262599e-07,2.0713533985150396e-06,1.8680762294151448e-05,2.8628099933636385e-06,2.289033613372767e-06,2.664484319726619e-06,4.010467545380228e-05,4.172890628375243e-06,1.8853039206227837e-05,1.8050922798186507e-06,2.5953679076641906e-06,1.8794581518894387e-06,2.9606757023190786e-06,2.801911601919496e-06,7.794642171438924e-05,2.293928649443739e-05,3.675154233403939e-06,1.2367652297033109e-06,6.177380931457614e-05,2.007421233909018e-06,4.150770894250839e-06,5.953623593450897e-06,4.043051170773123e-06,4.844914415200586e-06,2.8913736608538276e-06,2.768525219530838e-06,5.124742290894091e-06,1.9434840622141055e-06,4.055970064126792e-06,3.1380451177032533e-06,2.3299302742643436e-06,6.564435301217553e-05,4.255830955009383e-06,5.9211116532475245e-05,6.368634946653832e-05,4.459225352832674e-06,2.715334021578144e-06,3.688497998332904e-06,2.3060250143056585e-06,4.370339161310003e-06,8.352833609806065e-05,4.079726959345906e-06,7.176328371338904e-05,1.9425950941787617e-06,3.383727771192814e-05,4.041159786716602e-06,3.945135430822502e-05,1.2612440535273014e-05,4.155786151120877e-06,2.435293412002041e-06,5.852355977327281e-06,3.6739277531152696e-06,4.34873770381054e-05,2.3924674007511605e-06,4.335558151985913e-06,4.033861039070009e-05,2.962667715429846e-06,2.4453630152126215e-06,4.378641217216845e-06,2.4827782534559824e-06,2.0564728449140285e-06,3.175720186945776e-06,4.2642854004602146e-06
RIBOSYN2-PWY,7.666943762100841e-05,6.60344699067075e-05,8.585194064242874e-05,2.58675701210748e-05,9.417945696315294e-05,7.62749982071831e-05,9.81866171734113e-05,8.654781173502629e-05,7.154508266289285e-05,9.087685962368097e-05,4.545248640457165e-05,8.535353873007404e-05,4.212644327643754e-05,8.973050840324475e-05,9.600084982509352e-05,4.759418235926498e-05,0.00010311197357952956,8.729130423197185e-05,8.034686588328527e-05,3.1234109928649916e-05,3.861384306840163e-05,9.724056054178326e-05,2.203184229324237e-05,3.265761445029742e-05,5.684101606410506e-05,7.865332053423795e-05,0.00010451090030251932,4.836158035294406e-05,8.129044146870049e-05,7.489146184655491e-05,0.0001103157386681923,8.631209757021201e-05,0.0001358911401484385,0.00010042826946607968,0.00011520801907460175,7.300367220851641e-05,7.492019694016499e-05,0.00011077161033637184,6.169135383243461e-05,2.588848087304495e-05,4.5289044108337886e-05,6.263634414195425e-05,2.6910607534396615e-05,6.567297508493401e-05,8.244411255879971e-05,0.00011388394462535936,4.933027250360974e-05,0.0001095460289744482,4.681184788866014e-05,6.56191573258979e-05,4.373909856153811e-05,2.4215029551970027e-05,0.00011006565394377143,4.300457562597042e-05,3.623247018062033e-05,7.040221506997447e-05,0.00014123916373589638,9.013153907768198e-05,0.0001085265547490379,8.951048724276067e-05,4.202038281583433e-05,0.0001280482272310918,6.834612095599484e-05,7.912748410457745e-05,5.677997199430779e-05,5.80637049160071e-05,7.471998142825365e-05,5.9627378772995665e-05,9.3560459940304e-05,4.4627231410567715e-05,9.7368228445827e-05,5.814700877166112e-05,5.0726120923605746e-05,6.326707831122604e-05,4.469119049879274e-05,4.6678710688039955e-05,8.120842206333944e-05,1.576569946762189e-05,7.905824418950564e-05,7.06766666067842e-05,4.948599029474333e-05,5.022373744809151e-05,9.193863206517078e-05,0.0001020644039725575,7.386728113060186e-05,6.190125115396431e-05,0.00011427852313860362,6.139384256065414e-05,6.769037443233461e-05,5.81971911953924e-05,7.030832282816908e-05,4.6866814280698785e-05,0.00011154556291868775,0.00013034595528441236,0.00011247239766633984,2.1408230537461217e-05,8.067843869790811e-05,9.920639757948036e-05,9.433350806919005e-05,5.691985953631509e-05,6.151045051081303e-05,0.00012233768309018918,8.423019094822491e-05,5.5502092838625566e-05,5.368383967369145e-05,2.377121542674713e-05,4.760217004439193e-05,9.010521409374911e-05,5.614811403376005e-05,3.103544557005356e-05,9.139707748680863e-05,0.00012818226254690128,6.957533787153791e-05,7.920728815473203e-05,8.616857313455038e-05,0.00012061127135708699,9.066516138470383e-05,7.273546470700985e-05,8.188519170997874e-05,2.6916053042661e-05,8.935475211407387e-05,4.751920676226522e-05,5.116132067243208e-05,7.991298413670178e-05,8.391707655293882e-05,6.722423080622285e-05,6.510962698396518e-05,6.368634946653832e-05,6.872700246209704e-05,3.821657698120765e-05,1.7135766541347498e-05,8.329247317616572e-05,6.752673843813532e-05,8.352833609806065e-05,8.543808285878748e-05,9.935542870325826e-05,0.00012845229906133379,5.541832725790734e-05,3.724792678149794e-05,8.705909237500349e-05,0.00013483288919251653,6.51172074167182e-05,7.3789781475209e-05,0.0001564075075630552,2.9589876133553423e-05,5.327871844482161e-05,9.183038025908947e-05,6.414716418616421e-05,6.843942008320727e-05,7.22990076047715e-05,0.00010923055578658652,6.81563287320954e-05,3.4899257763289445e-05,0.00012487268077672603,6.42311616055852e-05,3.314711816536269e-05
DTDPRHAMSYN-PWY,0.0001589487352370369,8.628468573521894e-05,0.00012309218356884054,0.00014993712459776857,0.00016213369221235242,0.0001969061087614411,0.00028445160410081377,0.00015877213719814423,0.00016607393471910608,0.00013265776274697826,9.961251656509911e-05,0.00011441616863237596,6.195345756107797e-05,0.00015353600305882364,0.00022934104360206294,0.00019904715579213683,0.00016992627641587932,0.00019996322504771988,0.0001336599421413327,7.270004617797677e-05,8.070915539305453e-05,0.00020698736137334718,0.00011942694165078525,6.940698457584068e-05,9.556865245402197e-05,0.0001522670291343964,0.00017686649905752477,0.00024161042498411443,0.00013692384832951094,0.00011991323022361795,0.00019735491988851167,0.000149329343088464,0.00018219487980143537,0.0002210905625141257,0.0002074719151447782,9.863000585207694e-05,0.00014597499837018646,0.00017189961280063892,0.00011619660537385797,7.980205446847767e-05,8.024163101955602e-05,0.00013005446041692336,0.0001467913579154164,0.0001146713885781054,0.00012881420294226867,0.00017763180666896487,0.00014060762637307264,0.00011464961793253215,0.00013481160062394203,0.00013815026481446313,0.0001670255689795624,0.00012546923658149673,0.00010245809235739274,0.00010311277327879568,0.00010428195068034254,0.00010361359471889806,0.00016022018202782349,0.00018173497710458373,0.00017913446498652453,0.0001145359314290329,7.655155813672708e-05,0.0001879239268236161,9.225735661731875e-05,0.00012414403705653197,8.19336022130054e-05,0.00018040503557611765,0.0001521152244974734,0.0001259308845326507,0.0001327064641062854,8.421751089178284e-05,0.0001410578119066224,0.0001308728322219701,0.00016526034544565234,8.494313246237697e-05,9.157483180620353e-05,6.193125044578229e-05,0.00010626621469521746,4.124319390273205e-05,0.00015861289449284566,0.00015941960499926333,0.00010690913476591867,0.00011470105272426088,0.00018624653870730396,0.00016112572812933113,0.00010937672044375997,0.00010140248997460503,0.00018130046167502836,9.762420196680917e-05,0.00012012429240023494,0.00023971900286676068,2.94390981731431e-05,0.00015740894885108177,0.00015904474359000275,0.00023443572540446378,0.00018696820055063461,6.36204581095275e-05,0.0001249463648175631,0.0002172854428658611,0.0001464295473348265,0.00012284457245805252,0.00012095989561486534,0.00019880910735751693,0.00018542002115032463,0.00016047585834209576,7.939949523680858e-05,6.629848277842967e-05,0.00011168672160213285,0.00014242474386377908,0.0001420720274462696,7.887638599151747e-05,0.0002793096373436729,0.00014704351669341724,0.0002439109331777753,0.0001630298380147363,0.00013249051520847387,0.00016665592308912744,0.0001881494509637761,0.00015757609467141978,0.0001261653428151878,0.00011179159416056556,0.00015025117029997476,7.78766452123352e-05,9.108588328151122e-05,0.00015927599160637314,0.00017388150341685895,6.342479723425453e-05,0.00015399628729960893,8.155494309510514e-05,9.160640231305547e-05,7.560413010603919e-05,7.662108272431123e-05,0.00013262534521593473,0.0002831178517061543,0.00015707939988074548,0.00012817677628564175,0.00013116546395547415,0.00018356815841835542,9.726908832393182e-05,0.0002655424692878021,0.0002059670057331657,0.0001872504228929188,0.00012307659101598137,0.00010635396845554788,0.00012649644142294616,0.0001328876388205616,0.0001638148731430222,0.00010150030428331027,9.615146774675532e-05,0.00015777504962021045,0.00014854081986573873,0.00012834620834463174,0.0002028749373764611,0.00013812057043013638,0.0001444283163556859,0.0001443305334866795,8.822403700935077e-05
PWY-6892,9.572026036678061e-05,6.780136901918496e-05,7.04313258174297e-05,2.257953048090297e-05,8.966966405929282e-05,0.0001480191179138562,0.0001824910557558247,0.00023968380016066158,0.0001429444132238988,9.0890091041074e-05,2.0716959673271917e-05,6.363190150420983e-05,3.130965086994085e-05,0.00013660014621721795,0.00014479025984068884,4.654811845813496e-05,0.00013549496483959329,0.00014665831418355827,4.737974705996294e-05,1.5561669868205883e-05,4.028779281051942e-05,0.0001314603709041515,2.170152071723144e-05,5.4853679823548365e-05,2.3908787860871885e-05,7.280017008801073e-05,0.00022518681441544182,0.0001005244820508454,9.572478178955531e-05,0.00014678175977988909,0.00015033268353187613,0.0001237927524850895,0.0002473995092147733,0.0001233734871484662,0.00027995894405744004,2.1658566415758983e-05,9.125410953322513e-05,0.00018420529210402906,0.0001302940886321772,2.0845212854662344e-05,4.90232258305235e-05,7.042379352382654e-05,3.228551365278913e-05,0.00011462885585957569,0.00019005782098903583,0.00015775048811247333,2.285152654052189e-05,0.0001303863199491507,6.243708287469373e-05,0.0001798117305676214,7.598200446527584e-05,2.2533813994312536e-05,0.0001548465522908194,2.4029536962412786e-05,3.416885500280296e-05,9.429783833967483e-05,0.0002677646561470745,0.00022216455882754097,0.0001908218626785231,8.516468783534028e-05,1.6064339106122923e-05,0.00017139547236312403,7.293924386083357e-05,0.00016239975243552846,3.4196739352192875e-05,6.434423706212085e-05,0.0001436605595849762,0.00011168370207976101,8.838614254240655e-05,2.3903757941776715e-05,4.763065819685403e-05,4.662623782259083e-05,8.316879796235308e-05,5.605455865131833e-05,3.0446735575270476e-05,0.00011516989511416674,5.480236397518145e-05,1.616591943826778e-05,7.02742907873176e-05,0.00016726859812729974,8.978975614882162e-05,6.007073641671437e-05,0.00014054938557063557,0.00023165880769902142,4.246969538605845e-05,1.6430358811835502e-05,0.00023183974338864493,5.594547737156223e-05,3.4856367799449317e-05,0.000192893563343824,0.00010023808119547153,0.00014232474909161826,7.694061585711378e-05,0.00021224043167627146,0.00015242311905195398,3.504052605569678e-05,5.570626210946916e-05,0.00016960038911913004,0.00015521464538068938,3.9533722700150025e-05,2.6548459487480112e-05,0.00022679110448370102,0.00014767096719301955,9.632832255914577e-05,8.45224738350785e-05,1.9450439861185776e-05,9.02332447005634e-05,0.00015066963483893823,4.830494617689566e-05,2.751049624816592e-05,0.00018483349505757528,0.0001378911363119442,0.00015021856206562858,2.422237003445947e-05,5.210437172852475e-05,9.091252411402735e-05,0.0001642663010510897,0.00012431341945437087,0.00012906763505997858,6.884891287028567e-05,9.216958976801542e-05,3.0113284991547632e-05,2.617669035949684e-05,0.00014397064484431734,7.735007338273821e-05,2.7180327982293892e-05,0.00012168400865381059,8.547265519639502e-05,3.665187379251626e-05,2.5327086886785415e-05,2.075808910227266e-05,6.49470564334546e-05,3.187302262636834e-05,0.00010018279197730115,2.6325604292013472e-05,8.810503005087109e-05,0.00014010809516880755,1.0775931330769787e-05,3.1469908585749226e-05,2.94734053199769e-05,6.136251355969541e-05,4.37739462487634e-05,9.459914811545425e-05,1.9275878411873995e-05,6.131677093495216e-05,7.881602527769389e-05,4.257938141297502e-05,2.69428733288568e-05,3.900870733418905e-05,8.49816209500082e-05,1.8556475229632424e-05,1.3371738217149175e-05,1.8567361899799286e-05,0.00016522979246705102,1.886555264495667e-05,1.906517393837222e-05
PWY0-845,3.148796793808506e-05,1.1433966161926763e-05,1.830558840343099e-05,4.797858979821335e-05,4.710832956723043e-06,4.207530000114795e-06,8.299040356015465e-06,1.7387740454380205e-05,8.000505875325239e-05,5.339145299022973e-06,7.491865012077987e-06,4.334171969695513e-05,1.621906401768943e-05,4.245092513079601e-06,4.4032599710942455e-06,6.179872656668075e-06,3.4279256777202322e-06,3.0091359455134286e-06,1.1984752257561094e-05,1.6470596431702627e-05,5.4730059445133065e-06,4.849150136593385e-06,2.0381792950847186e-05,2.0512887690126466e-05,5.528156223544757e-06,5.528978285652287e-06,2.1628680893637707e-05,3.203769316159261e-05,3.0022909708061205e-05,8.022878417308036e-05,3.5403580822447093e-06,4.608007059614334e-06,4.055165754984421e-06,3.3718945092349087e-06,6.976994696195377e-06,2.4383519055349104e-05,3.886538111611766e-05,4.713751138411603e-06,8.728190907721221e-05,1.0207807666997126e-05,2.1513818660033805e-05,4.9972054295666645e-06,5.831421712572807e-06,3.6358011226691946e-05,1.4333005637351136e-05,4.163515848007791e-06,2.3261196053607132e-05,2.5658548395426997e-05,4.300622227662765e-06,4.184032567787963e-06,4.408769536971595e-06,5.510987486601983e-06,4.710115130818347e-05,5.854555923094653e-06,8.631053490532322e-06,0.00011508154076080569,5.122392914332351e-06,2.438274476758877e-05,4.8414907549999294e-06,1.086098795642509e-05,5.347155375854572e-06,3.408035773038153e-06,6.645710657983184e-05,3.813180307192018e-06,1.680928672221552e-05,3.40120922548454e-05,5.129249175642308e-06,4.254959937606804e-06,1.5564726220329077e-05,3.7118927872068526e-05,4.8073651924406804e-05,2.1946360253224092e-05,7.433553092678967e-05,2.7635534539747225e-05,1.7690635507315092e-05,6.58177181090859e-05,4.244676274812005e-05,4.928495973209042e-06,2.627449799947367e-05,2.551754956233053e-06,4.371438825017634e-06,2.36123797924184e-05,2.840822155031691e-06,1.8337677747198617e-06,3.340600394410352e-05,2.653834491690552e-05,6.621207811433589e-06,6.1138228141385625e-06,6.583535569617437e-06,4.144497666757753e-06,7.713399445403073e-05,1.051011543816444e-05,5.033699079317006e-06,3.5746725071646333e-06,4.255432262472466e-06,1.1895977359335823e-05,1.2821581800488012e-05,4.1125251363626755e-06,5.70069243343804e-06,1.2778404208119812e-05,4.558188278202368e-06,2.495357917947422e-05,6.705288559461983e-06,1.0505129652080952e-05,7.106056137413495e-06,8.558232122626062e-06,3.7863201211343484e-06,1.724786404220365e-05,1.5094051948539366e-05,8.210448516927574e-06,2.7344621512259247e-06,3.7523529357941426e-05,1.957903404192904e-05,3.464338074659977e-05,2.2615089029481046e-05,4.839710908528765e-06,3.3781466042149066e-05,4.543692341210043e-06,1.1961028066873093e-05,1.4856748237309261e-05,2.1997030370503126e-05,8.200634200651131e-06,1.433544233136731e-05,3.705274488580471e-05,1.7974232309224484e-05,1.4987424024772152e-05,9.849972559033279e-05,7.480939848969535e-05,1.899149595619993e-05,1.3709216649384227e-05,1.8891298997246137e-05,8.336326213670042e-06,1.1411905916899694e-05,0.00012532844281541247,1.9539784303639338e-05,6.219459736199328e-05,4.0539168571574e-05,2.177894042993729e-05,8.103826407551144e-06,3.0458315923147393e-05,4.279409054468503e-05,1.2768798185828073e-05,1.717054177643833e-05,6.188037259265048e-05,1.9462039361485823e-05,8.818010628346463e-05,2.1620450687092927e-05,1.609444034653352e-05,3.7992273272554e-05,1.2406538052859683e-05,2.6045145269458364e-05,1.7146023715889368e-05,1.5494856310547865e-05,3.500758406779451e-05,1.2337863608569787e-05,1.2449708631799767e-05
PYRIDOXSYN-PWY,2.364997306881814e-05,5.9845496463173425e-06,1.4062287643928995e-05,3.647846895226468e-05,2.93947638720546e-06,2.4550249287475252e-06,4.133179612957683e-06,1.0278775605845693e-05,6.819889111478447e-05,3.322086868521439e-06,4.084065095065098e-06,3.9669092814456874e-05,2.6825961060060183e-05,2.6433372002792494e-06,2.766914026461712e-06,3.627996244163902e-06,2.0641413491973445e-06,1.9696876219291463e-06,7.6148654354114935e-06,1.3944125106049114e-05,3.3746715410778542e-06,2.9535869025675367e-06,2.4081792648667797e-05,1.5014525094136048e-05,3.5482124228364325e-06,3.3278399190248805e-06,1.4832214324076715e-05,2.3990142945350905e-05,2.2252919317890036e-05,6.627859445067935e-05,2.289309226326043e-06,2.8588736941355362e-06,1.941612817748216e-06,2.1911427721402553e-06,3.253667722754706e-06,1.875547994280788e-05,3.149707335028065e-05,2.964001067367825e-06,8.369528622065485e-05,7.059100962173285e-06,1.7322450399011457e-05,3.0959024028880674e-06,3.58608177235733e-06,2.748080837328547e-05,9.823908855041262e-06,2.9467668831800234e-06,2.2157530495585037e-05,1.7997195874961366e-05,2.77369990526115e-06,2.4132450694878236e-06,2.753331940313923e-06,3.3313605527442006e-06,3.4514596667532875e-05,3.844139613123108e-06,6.524752632693665e-06,0.00010444825484649327,2.8229040108479423e-06,1.7244956912668163e-05,2.9039470034504845e-06,7.2058179982053995e-06,3.3996007237966707e-06,1.96418699440429e-06,5.180125381862725e-05,2.276753846985352e-06,3.3929554731299985e-05,2.7769451122456443e-05,3.0053791127359447e-06,2.6414123073763144e-06,1.0622853464153568e-05,2.55465474168533e-05,7.0195060820572e-05,1.6131630236869825e-05,8.029886936607157e-05,2.2201321665930525e-05,2.4077983304485318e-05,4.447704300493524e-05,3.447885892546336e-05,3.17540398422176e-06,2.5350567210547458e-05,1.6548125524731802e-06,2.8069358984717937e-06,2.1255903387603255e-05,1.8773857599912085e-06,1.130889558289131e-06,2.9593885477854806e-05,2.968451350247198e-05,4.869396412955822e-06,4.545619028090529e-06,4.459817446590721e-06,2.2233555180498987e-06,5.3607692790110615e-05,8.112847438239487e-06,3.0781961085522497e-06,1.9994903863569072e-06,2.3632776881627072e-06,1.0786302835479436e-05,8.837133677071657e-06,2.4477947038305294e-06,3.0919935566636335e-06,1.244972123065116e-05,2.9022382143202812e-06,1.7319839699822612e-05,4.836060534155037e-06,6.8981089360282006e-06,4.117016313370339e-06,7.2654262757334e-06,2.512232640799776e-06,9.733088402618059e-06,1.106719152751328e-05,7.189855680864788e-06,1.5636684988527293e-06,2.820281384997177e-05,1.3948443697741965e-05,2.6170936627136837e-05,1.815835718097063e-05,2.9614894144599396e-06,2.4196039758080532e-05,2.8285135433186693e-06,9.018659144088575e-06,1.1522822567114216e-05,1.9692048071543203e-05,6.809789461633069e-06,1.1001897750254118e-05,2.8949819916582264e-05,1.5419922408293714e-05,1.699100644208228e-05,0.00010229865712993768,5.9549527921951836e-05,1.4751558880899284e-05,1.1213319880317581e-05,1.779144629282921e-05,5.998375633397496e-06,9.922723429866727e-06,0.00010526479993355231,1.775066508552679e-05,4.433045824892934e-05,3.28883878118464e-05,1.9471080419009743e-05,7.606624674600553e-06,5.6541036143627946e-05,3.2620549065837456e-05,9.773258186878084e-06,1.3734736554633483e-05,4.5240531318341205e-05,1.3409695048314967e-05,8.430622381138643e-05,1.5198007047449126e-05,2.133576057559439e-05,6.385412427775381e-05,1.1948972025942942e-05,2.0485194810858483e-05,1.6344006522507467e-05,1.2584899554784496e-05,2.6099159025990515e-05,9.735999401501652e-06,1.4742213526372113e-05
THISYN-PWY,2.442207378767714e-05,3.763989350349715e-05,4.135402161386282e-05,4.941119226718134e-05,1.1256993076411627e-05,8.703180172961595e-06,2.2613473531979065e-05,1.275829574515235e-05,9.790288056107365e-05,2.8678776107678547e-05,3.310559496088483e-05,5.5962722912399875e-05,4.3390648692852136e-05,1.7785900072223195e-05,9.892219653555159e-06,3.953536431806601e-05,1.1649112009634105e-05,1.4920291203617426e-05,3.577160017303355e-05,2.118149265359951e-05,2.913518466366319e-05,1.1702204469418741e-05,3.222731465315168e-05,3.274398533533426e-05,1.5134276145344961e-05,2.248315991246246e-05,1.327234297459105e-05,2.7600541330488248e-05,7.37011256603564e-05,9.96584141648695e-05,1.775423635176468e-05,3.5473805173577135e-05,1.0618796294537643e-05,1.3105010008534412e-05,1.5680246004107834e-05,2.635074908018523e-05,8.201722211895293e-05,1.7473058503292102e-05,9.62290670587345e-05,1.7133228616957075e-05,2.5183507804257275e-05,3.1591878083901884e-05,2.0215950793307156e-05,9.758784475723043e-05,5.250953724049226e-05,3.305515689158317e-05,2.9992919346350004e-05,5.332262596998298e-05,3.2849397678475494e-05,1.2383753933631857e-05,3.5616144907894656e-05,2.6340632886587303e-05,9.601221861576078e-05,4.427522537959037e-05,2.8449326440576476e-05,0.00010247311317197501,4.366903306819219e-05,7.143245819703528e-05,7.023495067645871e-06,3.476323147572529e-05,2.465108750371932e-05,1.6221554467467788e-05,5.8813320139940085e-05,1.856980064549742e-05,6.82678190539238e-05,3.203499045883721e-05,1.5477844699788392e-05,1.10680284987162e-05,3.988513974426639e-05,3.97805168292306e-05,6.005160264716343e-05,1.8308791148445436e-05,8.613674921049322e-05,4.1072707853084554e-05,2.8659626770767283e-05,9.819573236446081e-05,8.291517218306563e-05,2.1118941869134043e-05,7.855882688526705e-05,1.0520773035802215e-05,2.825191557277002e-05,4.098984208156514e-05,1.4845629513352929e-05,1.0040340201892961e-05,6.880345262346799e-05,2.7423579107882858e-05,1.9500507777539498e-05,2.490297950202759e-05,3.175749971088629e-05,9.36977930029154e-06,7.88026817634541e-05,4.815631251304766e-05,2.6268141062905863e-05,9.15210848331632e-06,9.786494323669879e-06,2.575981391477162e-05,1.7083115970803177e-05,1.9188851866573575e-05,1.2874584144522691e-05,3.423475918258069e-05,1.9264330577237056e-05,4.989931400731234e-05,1.5097645336054962e-05,2.8257984757663703e-05,3.6746882694486084e-05,2.1348530771558384e-05,2.6434314055575546e-05,8.625136835871615e-05,1.5820583784728547e-05,2.7112285510242825e-05,1.0270658525600114e-05,7.093965283952242e-05,1.918665822631799e-05,4.6771233048386466e-05,6.681824080379991e-05,1.8709349302282746e-05,2.314949599490183e-05,1.2977722532760228e-05,4.6611696770084173e-05,3.7289890758131394e-05,9.469885182272322e-05,2.3087528131070805e-05,1.942230290535464e-05,7.378566227654967e-05,5.2738110610022845e-05,4.118328058934688e-05,0.00011633301464354739,0.00010490818049335323,4.4853101346104786e-05,2.800935685633553e-05,1.4163709744352595e-05,1.819899006505752e-05,3.5850310514395505e-05,7.293788729015397e-05,4.413056073061762e-05,7.50103925261693e-05,3.425091173790253e-05,3.0308633659704523e-05,4.66752075963873e-05,6.355246003043023e-05,7.318453598021297e-05,5.312825705595698e-05,5.5667906299345e-05,4.574403801325652e-05,2.7132725331475523e-05,6.19456194539922e-05,2.0466880715786856e-05,5.985808620496817e-05,6.726826193172789e-05,1.7291021939614307e-05,3.5293653335700274e-05,4.103033402486745e-05,1.6715855459613237e-05,6.953732570232704e-05,1.725543864212536e-05,3.940522192003265e-05
P164-PWY,1.50346763752525e-05,1.9672043120743135e-05,1.9348713614058858e-05,6.300772075330588e-06,1.8625686957504423e-05,9.178235694855195e-06,4.521445859756341e-05,2.9922462681369654e-05,2.5212776431393875e-05,2.5267028964738713e-05,2.416214602009604e-05,7.817388120474419e-06,7.869981025486217e-06,1.1608638251354239e-05,1.6694570374524768e-05,7.5939564186102175e-06,3.6770425287575815e-05,7.12294977586752e-05,2.1121165428302448e-05,5.432422113504853e-06,5.954670210997247e-06,1.844866829808735e-05,4.918276776534374e-06,6.244209219265096e-06,6.7709450362790475e-06,8.03773611621181e-06,3.162013946416642e-05,7.913298619570361e-06,7.730273644321799e-06,8.143937305316256e-06,2.536884831904479e-05,2.604628272429315e-05,7.673320929296593e-05,3.299448837681023e-05,8.166648128968683e-06,1.4437250691825674e-05,1.0282772057188594e-05,7.511112150492801e-06,1.0513319819912989e-05,9.170860806502461e-06,8.841643311053134e-06,1.0629902191263185e-05,1.6976278920791192e-05,4.18366140078042e-05,7.256055309464182e-05,3.647728161099259e-05,6.945806683644813e-06,7.87974739536972e-06,2.15918559026095e-05,9.32727542067841e-06,3.445989752050893e-05,1.107754445262735e-05,1.5044391761640513e-05,6.8338655795076155e-06,8.186630777119784e-06,8.744192473909326e-06,6.239705387411429e-06,3.183636771564079e-05,1.1612510367729442e-05,1.2058466240034902e-05,8.432350685204212e-06,1.7339459167088257e-05,6.053833526549246e-06,1.785188471797972e-05,7.725054910976907e-06,7.684519588348524e-06,1.4701877807965632e-05,5.3202735225695046e-05,8.577667749055522e-06,5.296215203533351e-06,5.4428252765157274e-06,5.885541523352211e-06,8.394950404137068e-06,6.66814880720996e-06,5.92820290091929e-06,9.09687723751022e-06,7.523814226878068e-06,7.747207300969427e-06,1.4460680273570672e-05,3.230846174220113e-05,4.3945534665787705e-05,6.998530454945352e-06,1.4136711246818323e-05,1.8377004887440123e-05,4.997831201356557e-06,6.0210980506039245e-06,3.638856163414587e-05,1.8441449245350435e-05,2.039763652195192e-05,8.413398934508094e-06,8.182325104555226e-06,8.724113290749147e-06,8.623684463691075e-06,8.259964106980358e-06,4.3174053731106245e-05,8.923425239115499e-06,9.679162963208405e-06,1.4427705477415184e-05,9.28974958748772e-06,6.676199022199851e-06,7.076516133123731e-06,5.661928568156725e-06,9.452229883206431e-06,1.8647421062288958e-05,2.2333005586547458e-05,5.533792957809361e-06,6.838857207311304e-06,2.6167159717025865e-05,2.3585320177152422e-05,6.5712248237139495e-06,1.4784063102920986e-05,8.148334264290064e-06,1.0358410704846378e-05,6.411664113486186e-06,1.0335046590310792e-05,9.138456684897457e-06,5.9859055324244525e-05,4.267992538560467e-05,7.2570879008473354e-06,7.4303905670330184e-06,6.9606141273667975e-06,1.5791887823621168e-05,5.8066389752880895e-06,7.442250598861711e-06,1.5127316313442405e-05,4.666653547173622e-06,8.052970769889267e-05,1.6634764575638292e-05,6.933030470937555e-06,1.71414963527813e-05,1.148686175517999e-05,1.7182429880984145e-05,4.1072138526280115e-06,5.930432622198943e-06,1.880135055355667e-05,1.6161330222397505e-05,5.775763054284473e-05,9.529169722511357e-06,4.458837151798834e-06,4.010439393268849e-06,4.5997392427008546e-05,1.4326761650917306e-05,2.242737306349511e-05,4.187804070110928e-06,5.9003742150885205e-06,7.265976219489636e-06,2.8564339101208626e-05,5.3116570724903605e-06,7.2254796040638254e-06,2.8827675552870843e-05,4.667618007848918e-06,5.312387812969556e-06,1.6192757590665298e-05,1.0290248770093988e-05,5.689505021858021e-06,6.666113899428684e-06
POLYISOPRENSYN-PWY,7.998223451795782e-06,1.2208557589930146e-05,6.053650620493352e-06,1.2250105668761614e-05,4.761251257449504e-06,3.202262333452789e-06,7.2927799641345e-06,3.5953772150474613e-06,4.7074028136165974e-05,4.815100343115634e-06,1.1301282608175125e-05,2.021537189560913e-05,1.2762709216989828e-05,4.405510724094229e-06,7.039790936393793e-06,5.445736147772034e-06,4.0103844892935136e-06,5.017165082720871e-06,1.1397907140388637e-05,1.5538310201790943e-05,1.1018987315916327e-05,4.091064112199484e-06,1.2363211120954267e-05,9.173037853497745e-06,1.3196351748431572e-05,1.2179960370208154e-05,3.988022368679006e-05,2.7227489610689128e-05,1.3171766711983619e-05,0.00013360039986753394,7.42588718932373e-06,2.908543492721821e-05,4.570038499703995e-06,4.989190593783285e-06,8.807728145935109e-06,1.0678754001749102e-05,6.959460611999061e-05,9.08749336715583e-06,6.299807670009056e-05,1.1687982280795091e-05,2.1455671105734912e-05,1.5476869645263393e-05,1.1399096919056541e-05,5.759675068183607e-05,2.915612832006052e-05,1.8522002695492118e-05,6.607717394166378e-06,1.0566367876011458e-05,1.3968882520657e-05,8.307709887618297e-06,4.030065539764246e-06,1.4468695502204365e-05,7.978350107665367e-05,1.1575290043045296e-05,7.432953084187232e-06,0.00014141120197398144,7.438954618390597e-06,8.078226229012376e-05,2.8962703373629778e-05,3.983271938164348e-05,9.111271864300535e-06,6.599696330809897e-06,1.5199972741435527e-05,2.4435939490730555e-06,8.4561771337008e-06,2.70043625136045e-05,5.843882229774419e-06,1.452702308007038e-05,8.957828783782428e-06,1.8775721684517612e-05,2.6395820206158475e-05,1.9382662109937845e-05,4.79652136283075e-05,2.848331502409433e-05,1.6598119098929228e-05,5.981254916992919e-05,2.3983992671932583e-05,1.0981590949520567e-05,2.757265233766746e-05,4.9537924835577e-06,1.9552770934735916e-05,3.0315914711550838e-05,3.3730299396518126e-06,3.35473850655979e-06,1.0299230738058081e-05,2.190793592560971e-05,1.030281312848817e-05,1.2420442397062368e-05,1.2122364854215242e-05,3.548283257565721e-06,0.00010271297503868746,1.7266512389492178e-05,4.056622029419777e-06,1.9424272061003577e-05,7.087355422575577e-06,1.265560771299636e-05,1.3186254185789372e-05,3.2796705815477457e-06,4.688090706004872e-06,1.613505548705808e-05,8.383134422842336e-06,9.33648270991604e-06,4.748275473291585e-06,1.6256669539885195e-05,1.1864983812139236e-05,1.0802676808374792e-05,1.3058515798007229e-05,4.3018129823413223e-05,2.290037120830504e-05,1.3198063361806305e-05,4.0494192864200746e-06,2.021531141551419e-05,7.077563263494962e-06,1.6791925999995598e-05,1.6570584383658308e-05,1.511934860341238e-05,3.482100824116019e-05,1.5081290783927878e-05,4.994706151921834e-06,2.0321402145267737e-05,1.644902289985958e-05,1.2734453410963626e-05,1.3251305843855735e-05,1.4681034090032403e-05,2.4325300197552992e-05,8.516345058583421e-06,6.375558244408133e-05,0.00010076404738800613,2.9762396104935792e-05,9.72615905285768e-06,1.1533877528434767e-05,3.894838219335167e-06,1.2435445696956123e-05,0.0001497790432712697,2.3361255923570248e-05,4.214291746003522e-05,1.0117793473647379e-05,1.433524004748431e-05,1.0515410321216098e-05,2.0495491593427985e-05,3.505865752396177e-05,2.7251860428008025e-05,1.6033574951829663e-05,4.320813790794697e-05,2.747218973522816e-05,4.0557169169224566e-05,2.234047206190353e-05,1.3214210994239803e-05,1.8793676328027102e-05,1.2849411377762442e-05,2.055392935849745e-05,1.3319459122108232e-05,1.7419098157815382e-05,1.5308625440134955e-05,1.1932741000936509e-05,1.3034205186406197e-05
PWY-6859,2.195775959262142e-06,7.183826551780021e-06,3.192283511596523e-06,7.2493702773695106e-06,2.0757317208395674e-06,1.6631386867408378e-06,3.758126371453959e-06,1.827115833934909e-06,3.0459070477405026e-06,1.8002170721877629e-06,7.598448900993319e-06,2.8977498385647427e-06,7.780171466423759e-06,1.9027417748029863e-06,3.6761256632003244e-06,2.8995441214221204e-06,2.035243188506107e-06,2.567409722320232e-06,7.037859575538737e-06,1.0515612111044018e-05,6.958489480072092e-06,2.1158608956042674e-06,7.48380189254612e-06,6.1896284668252885e-06,7.881306490584642e-06,7.341772385256667e-06,1.7482614325158809e-06,5.032693903402961e-06,7.444274250173284e-06,8.867454539086821e-06,3.851618033875498e-06,1.6655563826604924e-05,2.3083142626609557e-06,2.5982156328362247e-06,4.586653882496333e-06,6.238866361354137e-06,5.172884559423847e-05,4.85281208552484e-06,4.572698571069217e-05,7.082804528391553e-06,1.0694608873964427e-05,1.0663778964980216e-05,7.143848296668657e-06,7.74622632310513e-06,2.6158308797091854e-06,1.0594958939036532e-05,3.681417498666992e-06,5.9004957758549325e-06,8.017866564339294e-06,4.359765364327728e-06,1.962523164532933e-06,8.089848323238648e-06,3.128999198503714e-06,7.0584547327239e-06,2.8990855774599812e-06,2.9243589391819665e-06,3.777366204941877e-06,2.399903182793518e-06,1.654149756433358e-05,1.2403019449687515e-05,6.024566142941824e-06,3.401455541056164e-06,1.0682327471343137e-05,1.2360261580473819e-06,3.6178320019619887e-06,7.859085339111368e-06,2.55779967520555e-06,7.746484389402522e-06,2.479948788326014e-06,1.3677194667098736e-05,2.0371381041576518e-05,1.1940528167281889e-05,1.2896011299377924e-05,2.1064313836949664e-05,1.0908863037238376e-05,2.9084706792549745e-06,1.6839935645377757e-05,7.001469782177691e-06,1.9676481004825925e-05,2.545414422723059e-06,1.1660115485618474e-05,2.006706136957137e-05,1.7095763584252655e-06,1.6983675404528553e-06,6.563204768334464e-06,7.269561086342766e-06,5.365526046380106e-06,7.301485192410371e-06,7.46376659352008e-06,1.8619804285411103e-06,8.681937355245273e-06,1.1002505699985085e-05,2.0352290450017913e-06,1.0467504433049596e-05,3.638315411053638e-06,6.6194132342915115e-06,8.333947794539595e-06,1.6650831054263896e-06,2.398906033161914e-06,8.959524857305524e-06,2.9610682240414803e-06,4.813156346875632e-06,2.4304176673910483e-06,9.724645149438723e-06,7.225668222623509e-06,6.821641287836944e-06,7.603965257547054e-06,7.635098604183296e-06,6.947301430165252e-06,7.932127658084402e-06,2.1047264998006583e-06,1.10727790265356e-05,3.7114243386621148e-06,1.070832795418436e-05,1.1804230895384515e-05,8.754821455285739e-06,4.03952341986972e-06,8.268317975709586e-06,2.6120023320886155e-06,2.674746522338155e-06,1.7933744413010927e-06,7.675696844350822e-06,9.548688695567967e-06,8.023039795135384e-06,1.76217545821741e-05,5.0691182784490595e-06,4.521134878433024e-06,4.630678358243145e-06,2.061784132826553e-05,6.277211772728135e-06,7.109641078359509e-06,2.01501985035079e-06,7.49602970909053e-06,1.0972585116319663e-05,1.7639417244093827e-05,8.800529467369025e-06,5.4408951538285934e-06,8.154494925332283e-06,6.763920861523513e-06,1.2402607595563754e-05,1.775463239515567e-05,1.9585957793457653e-05,3.2689158765518578e-06,2.4874666302224413e-05,2.0481951317473292e-05,2.5345907109953337e-05,1.438023722569397e-06,6.768078711361018e-06,1.3278071769577601e-05,7.72160808366082e-06,1.5231539878054451e-05,8.879820423597734e-06,1.156080605680652e-05,8.273759301237071e-06,7.328663359127807e-06,7.633351254570223e-06
PWY-5384,6.713142358925948e-05,5.184187331769031e-05,2.4477623218730853e-05,1.762404332356402e-05,2.0511800789098424e-05,2.009030031423562e-05,2.7129333615883024e-05,5.4477113114033196e-05,0.0001066127663332495,4.5605467529244765e-05,1.9986720615348265e-05,3.607717571384281e-05,1.65376194922003e-05,4.881551050431267e-05,2.8122964218981696e-05,2.4209565582102475e-05,1.518723031197732e-05,3.715067705422035e-05,3.074831559270759e-05,1.1187466064841071e-05,2.248925794226336e-05,5.67241591954269e-05,2.6736841773082007e-05,1.5921485223737372e-05,1.2460173504907792e-05,1.8162751066918385e-05,3.3884466531281376e-05,0.0001263685231819042,3.826930422342176e-05,0.00010827625791300313,6.848575170419693e-05,2.4947059732001487e-05,2.597680443246176e-05,3.001504085712471e-05,6.578375313573419e-05,7.932176138752748e-05,6.421244723742624e-05,6.843815272636592e-05,5.078437971978787e-05,3.6122436801401815e-05,1.4800277622803282e-05,3.5228566578757844e-05,1.719509154843234e-05,6.307178902211404e-05,3.992527323736373e-05,1.1122243160779861e-05,1.9305153315774876e-05,6.087462870111791e-05,2.0058442010911027e-05,6.940044519767134e-05,2.1161822999116817e-05,3.578870428976362e-05,0.00012081667697276511,1.664394642104968e-05,5.4546475279379305e-05,9.29221846978556e-05,6.944749590206796e-05,8.834428604000145e-05,7.762798712021723e-05,2.8228743402488194e-05,5.540695494991342e-05,2.9007919111504995e-05,3.031178105238707e-05,3.1413246864355264e-05,1.6239301157447824e-05,1.7746509803786953e-05,6.973118961934226e-05,4.846292869087665e-05,2.589360477447909e-05,1.680489225625321e-05,1.0681392074327755e-05,5.2643026998232985e-05,3.2962330530043935e-05,2.0347720095631944e-05,1.541871016602096e-05,9.00646147764442e-05,3.3263659427111816e-05,1.4290214851190863e-05,5.037800987414335e-05,3.988481687724725e-05,2.2023953822933575e-05,4.2618214881096163e-05,2.878792358428014e-05,1.3767045936066593e-05,1.4318203664530466e-05,3.2754564884763055e-05,5.089387640054205e-05,4.6869647372347374e-05,1.54725974329722e-05,9.871835875942087e-05,9.731499947596965e-05,1.3582233964270153e-05,1.7965821565518173e-05,5.354840085152554e-05,3.6611532847091705e-05,1.0032251827090195e-05,2.2865038993167516e-05,2.4719065128802577e-05,4.272764988157946e-05,1.220394642723724e-05,0.00010430258467272894,0.0001636600526854126,2.0843782726660684e-05,2.378115322949076e-05,1.942117602938281e-05,1.6913896101347075e-05,3.5403794419368165e-05,8.226186857435466e-05,5.023468325440678e-05,1.8256251509052157e-05,2.8885364182873652e-05,3.5993571614185976e-05,1.5446535889243707e-05,2.448662328161365e-05,3.0155680649730197e-05,8.102559287891502e-05,9.718819775408117e-05,4.299068635130771e-05,5.530314679540432e-05,1.1818971798084525e-05,2.3435314171422596e-05,1.597911697444103e-05,2.6398391926481626e-05,7.662968619505058e-05,2.5715783257629e-05,1.048184657769925e-05,0.0001187192593078767,9.73618621118448e-05,1.5189310377118949e-05,6.68217067370038e-06,1.7511111366406042e-05,7.302654587509055e-05,1.5812815668940407e-05,7.117605015052472e-05,2.9543432535938752e-05,5.532217166057821e-05,2.7684978105980386e-05,1.4596265878277659e-05,1.845093244426201e-05,1.9122529893270234e-05,6.25710146725522e-05,5.3937366668816785e-05,1.3470880938288669e-05,1.4461397505960024e-05,3.501098354537245e-05,4.785807346775692e-05,3.102494072858323e-05,2.122568773168234e-05,1.518074329904328e-05,2.7012538918116955e-05,3.871115933714281e-05,1.5411731602653976e-05,1.832972831241593e-05,7.63368323383131e-05,4.0215936423835636e-05,1.7550840513355344e-05
PWY-6531,8.448107510316371e-07,9.481532846374022e-07,7.997298546576412e-07,7.599781896982172e-07,4.3535651234168944e-07,7.268920378441249e-07,9.326104088682303e-06,6.122190545417575e-07,7.704187369174225e-05,7.066490994541845e-07,8.367784045279721e-07,1.7667697631212834e-05,1.5770044797911628e-06,5.145036204542432e-07,3.419605677770326e-07,9.002589009680646e-07,6.321313375537844e-07,5.27020361370686e-07,8.359443541283873e-07,7.365746305436173e-06,7.716293614365591e-07,6.149990940810118e-07,7.200882439347169e-07,6.96158353697032e-07,8.695306191906649e-07,7.083064487989073e-07,1.8307199612854816e-05,2.449310949654233e-05,7.510037453671065e-07,8.387892598679721e-05,5.975455793850181e-07,5.662024393383411e-07,2.2250313770851637e-06,3.989710517504674e-07,6.583948731946427e-07,9.760108880973785e-07,2.7908311033578824e-05,6.363223822318813e-07,2.3475078365652e-05,8.847465424261229e-07,1.174434123801856e-05,4.101235369231815e-07,4.019685817748725e-06,5.5580593591672316e-05,1.0933111173107938e-05,2.782363993534466e-07,6.686875996914522e-07,6.385795349283694e-07,7.40738539711143e-07,1.0127082027593351e-06,1.2807908831991442e-06,8.06468027739927e-07,9.235552883981236e-05,8.018347877594332e-07,2.1928311846707627e-05,7.216699214351258e-05,2.6075389598108058e-06,5.515492706089481e-05,5.446462065256726e-07,5.2609256639671426e-06,2.4270861655984403e-06,6.111571800070772e-07,1.0630352370209376e-05,3.668833831638296e-07,5.516488098379487e-06,1.4023089861209214e-05,3.467260074631431e-07,6.861714628063139e-07,8.817898730427076e-07,8.694187302443403e-07,6.439874742785864e-06,6.920222815402418e-07,2.601735776164107e-05,1.1286221875544372e-05,8.683534004692635e-07,6.633992716050103e-05,8.03088470459997e-06,9.29646332963683e-07,1.9722440869567597e-05,7.925140362586214e-07,7.36173394899157e-07,8.417838264372495e-07,2.2175213895640217e-07,3.532799098800766e-07,7.590463181287468e-07,7.014325032709098e-07,2.768753485514241e-07,8.531619576004079e-07,8.826110902606388e-07,8.252721216632222e-07,7.145026474447793e-05,3.797155357787344e-07,5.347316510620333e-07,1.1475948934741314e-05,3.291572174704747e-07,8.284085379445739e-06,7.067309486425046e-07,5.021629452150634e-07,5.374410715697991e-07,7.168357565781541e-06,6.316668715084785e-07,6.215805918707888e-07,6.771664652674665e-07,6.021233786354212e-07,7.98879900755595e-07,1.0814422967888702e-06,7.215964151371879e-07,1.9307503445580353e-05,3.4264731763524998e-06,7.113712395412107e-07,5.552552821471313e-07,1.9603432308737726e-05,5.647769875632513e-07,1.3327542043363402e-05,9.91753668458328e-07,3.8242880072159965e-07,2.498214006842134e-05,4.260657080107416e-06,7.944384153158571e-07,8.75780800303166e-06,4.84147690979122e-07,8.535879064700035e-07,8.164295515829015e-07,4.9512497708754e-07,1.8265008962258656e-06,8.41739785683228e-07,5.0430404902257505e-05,8.794819143552797e-05,8.511028783430514e-07,7.558847917491404e-07,8.76928494748408e-07,8.160861608935982e-06,6.87038150450225e-07,7.015426354986575e-05,8.524802680454624e-07,1.3205722125219936e-05,4.473085673786186e-07,8.46050882699375e-06,7.026577830416539e-07,5.188419474229618e-06,1.952055892070316e-05,9.135994148393874e-07,8.197779755674502e-06,5.143745144153e-06,1.6959336118265455e-06,9.489146007550469e-07,1.3127315637984618e-05,7.091256732303969e-07,1.0647364584611352e-06,5.940071751635016e-07,7.925131108736249e-07,7.800132673630734e-07,8.350051741802856e-07,2.986271464819089e-07,7.677774739206867e-07,8.394651106191129e-07
PWY-5690,1.9513356872346633e-05,1.3582602707195041e-05,4.187502074390093e-05,9.347242908687178e-05,2.025065298305869e-05,3.2982386881918656e-05,2.1894184527029515e-05,3.5300445073502444e-05,0.00011313145513615829,7.3374544946004675e-06,1.2794201543010786e-05,3.403571163276626e-05,3.746033710952869e-05,1.8236024750223216e-05,7.874445311105285e-06,1.4130995357826115e-05,1.5437195437422415e-05,2.546235150250641e-05,1.4589313797447965e-05,2.70145196721055e-05,9.019374360690621e-06,9.386539724356556e-06,2.9944205905562952e-05,1.1579568246773174e-05,9.04131953246335e-06,3.125635223247198e-05,1.735377512965213e-05,0.0001178296794096635,2.6346377841871223e-05,0.00023308180213743723,9.516520574692807e-06,7.890080872858334e-06,1.616750633606917e-05,1.4268760608809971e-05,3.1579078158702604e-05,2.2351727444978044e-05,9.681468009077937e-05,9.435041262487537e-06,0.00010280138234120822,1.1752021565423723e-05,5.215967396075956e-05,1.4339722519575517e-05,1.3918121180528004e-05,0.00017598161820811908,1.628815961398112e-05,3.4534959486973426e-05,2.9228312569783192e-05,4.202135535512507e-05,7.800778040247885e-06,2.281306599228833e-05,2.0032002381190836e-05,2.1641424517496248e-05,0.00011088542087061828,2.0011307455587884e-05,2.1671144026372036e-05,0.00023972868660502105,2.1864531374644243e-05,7.363464740881466e-05,1.267827597244668e-05,1.9892336409924144e-05,1.2816882874394381e-05,1.684226932225812e-05,0.00010842590170941691,7.762142915862143e-06,7.905898838335461e-05,8.840214873764296e-05,3.404632313489964e-05,2.643707839196153e-05,2.7774800482172716e-05,5.6679908805779056e-05,3.751260912710103e-05,1.5471998210115936e-05,0.00011962228351953406,5.648531916271212e-05,2.56818057144364e-05,0.00014354896461961903,5.325862325521786e-05,1.1916170153515188e-05,7.048754629808257e-05,8.990551919575324e-05,2.8112977706004642e-05,2.4090708224727197e-05,9.308745971758163e-06,6.215253096234284e-06,7.602307304996281e-05,1.8774550953315793e-05,2.802173570326053e-05,7.172446841845177e-05,2.4241071981383853e-05,5.5553474767644694e-05,0.00017072895305057271,4.21439986208777e-05,1.0361202731087686e-05,5.8640349727747556e-05,1.4826215971794407e-05,2.489565228979186e-05,1.093005828307125e-05,1.1293154878974539e-05,1.3512099628312374e-05,2.7427875624189882e-05,3.380809195626261e-05,5.469271067396373e-05,9.510572958189672e-06,2.5016451477079974e-05,1.539117332164981e-05,2.259323850260358e-05,4.274686721192507e-05,7.537107647152785e-05,5.153817746117052e-05,8.446442624002519e-06,5.8743423703073525e-05,5.313121234253365e-05,6.309988522140461e-05,4.4728716996577964e-05,4.066644952930317e-05,2.8461422199244858e-05,4.8638139634076116e-05,7.557426008371164e-06,3.462380741444921e-05,1.1158723219085399e-05,3.820022708881981e-05,2.6941631052528448e-05,2.3611883350362077e-05,5.6666228740372e-05,4.441653707797248e-05,2.071554033730195e-05,0.00013115136674568033,0.0001937461491794912,1.6970535613430363e-05,1.8224505618073655e-05,2.5626479120909767e-05,1.3278335010848988e-05,1.434428431946619e-05,0.00023796223389960027,3.063999467085075e-05,0.00013492372452126528,4.8260531936090494e-05,4.628701813484764e-05,4.60439623888983e-05,4.8060783093085884e-05,3.116224097219578e-05,1.67348093163337e-05,4.326791444367473e-05,0.00011052045484073758,2.4513277993512115e-05,5.726784252179565e-05,2.488129208073436e-05,1.4239393671185349e-05,3.361088443474393e-05,1.280054076177138e-05,2.289009602238537e-05,2.6526866397871733e-05,2.1901017016643502e-05,1.5815573464273135e-05,8.589132726110063e-06,1.789825990198431e-05
TCA,1.858272844427341e-05,0.0,4.251933004521013e-05,9.548543999371758e-05,1.895337380204093e-05,1.8304743999812035e-05,2.0825047594967407e-05,2.4236538904797994e-05,0.00011665662704203685,0.0,0.0,3.5703737008718845e-05,3.0730037103529984e-05,0.0,0.0,1.6046965930007097e-05,1.3551414702231705e-05,2.6631834977248485e-05,1.5437463183489713e-05,2.0456716888541293e-05,9.645714971655622e-06,0.0,0.0,0.0,0.0,2.9075227692290026e-05,1.906141112341483e-05,0.0001137808869003463,0.0,0.00018720011827056494,0.0,0.0,1.8174289212623613e-05,1.4637033172291176e-05,2.5109496417509312e-05,0.0,9.615201101913187e-05,0.0,0.00010222545216038309,1.2930419613885734e-05,2.6207289784465797e-05,1.5056950533762818e-05,1.30325146511706e-05,0.00016220240516139677,1.7155393096028385e-05,2.205281913955211e-05,3.006509669097402e-05,4.410635503152217e-05,0.0,2.4380561749443854e-05,1.9751519705908914e-05,1.5520538351137768e-05,9.739170353468617e-05,1.8982997558866165e-05,2.2657745592812405e-05,0.00019287946279195612,1.9697399999440473e-05,8.00549668478575e-05,0.0,2.1790285031004665e-05,0.0,0.0,9.306698581700544e-05,0.0,7.621373886904431e-05,6.476891869896044e-05,2.3093250083631643e-05,1.5289201141947464e-05,3.0866828295894505e-05,4.930135082253066e-05,2.679688154827387e-05,0.0,0.00010375397146720389,0.0,2.4117212471536712e-05,0.00011384157536233085,4.762975895808561e-05,0.0,5.677922315365487e-05,4.855277594315506e-05,2.7967970179345605e-05,0.0,9.71569606985266e-06,0.0,7.459463114047896e-05,1.687834362584681e-05,2.7383643379365797e-05,2.8731123248387038e-05,2.2332167140071124e-05,4.604901317540375e-05,0.00012669639447230333,4.0407189105948634e-05,0.0,3.607592077723717e-05,0.0,2.3375016192018005e-05,0.0,1.2456221559892629e-05,0.0,2.511438359085558e-05,2.8103089751187095e-05,4.844476942515756e-05,0.0,2.6063201803220765e-05,0.0,1.8732503214715146e-05,2.7270551327349993e-05,6.749782822726586e-05,1.8080793313549427e-05,0.0,5.15226148175743e-05,5.734384629113502e-05,6.572185605389944e-05,4.4282096820724995e-05,4.063050663712584e-05,2.890238801441597e-05,5.270883683827385e-05,0.0,3.466596190657206e-05,0.0,3.308452685327907e-05,1.9950760245546235e-05,2.072467826763991e-05,5.527932159927852e-05,4.886323954957726e-05,1.9804227765602506e-05,0.00011969913823777283,0.000167241127341507,1.436042169005893e-05,1.5987214014846028e-05,2.6715162970351275e-05,0.0,0.0,0.00021449884340041917,3.0446190594643478e-05,0.00012938997620183114,4.765018294070322e-05,4.2958134240696675e-05,2.1508879212544926e-05,2.5175453702933017e-05,3.5029905271053045e-05,1.8339769874735016e-05,4.271741143455959e-05,2.9069088776755084e-05,0.0,4.751837007876509e-05,2.37253432087206e-05,1.354132448553878e-05,0.0,1.3090818503906486e-05,0.0,0.0,1.7488886716956974e-05,1.6178646903177073e-05,9.94082807781071e-06,1.776050507639371e-05
GLUDEG-I-PWY,6.137108667913126e-06,6.498416804663651e-06,2.9010490058962227e-06,2.3315171903822638e-06,4.113820987362261e-06,3.748792457835916e-07,4.754554181899868e-06,2.3940406784331963e-07,3.003755817747151e-06,2.7580833942507374e-06,3.958379714324387e-06,5.613291689342449e-06,4.087258573985897e-06,8.631132347836552e-07,1.711073825561304e-06,4.3247070278916865e-06,3.881255971292182e-06,3.4796820307155566e-06,2.8625272642908117e-06,7.041048440933964e-06,3.592529911253465e-06,4.1044421844700344e-06,6.286331823475329e-06,4.3059954295968425e-06,4.40392532922383e-06,4.381577733271026e-06,1.1999250842485217e-06,2.717462583497958e-05,4.6765735460767325e-06,6.837429830549828e-06,1.0110576856797055e-06,3.477608162971706e-07,2.8354216628762717e-06,4.612563732611452e-06,1.3636264100079166e-06,1.0691931832338249e-05,4.54185744074898e-05,2.1857946858120073e-06,7.239370467639462e-05,4.4662929701295e-06,9.11907308581826e-06,9.426340199580968e-07,2.171667762322057e-06,8.11326755910194e-06,1.0093748104379002e-05,2.8775156684177165e-06,2.7466545830862263e-06,5.306614574425398e-06,4.1754152520807414e-06,9.834527336696498e-07,3.7277133638450515e-06,4.12003684629361e-06,5.262674702259428e-06,8.668467270697279e-07,3.839986822745261e-06,6.955551714708362e-06,4.299828761382508e-07,4.970840186613834e-06,2.1955321314324702e-06,1.387536318299163e-06,5.0794569788593546e-06,3.957476235565761e-06,8.819939635303725e-06,9.535903888171822e-07,5.835697524545146e-06,1.310119162580817e-05,4.2046861703369986e-07,9.816727554774212e-07,4.687362451192629e-06,4.5659257260336705e-06,2.40578733035032e-05,5.646633760109485e-06,3.645852226066754e-05,7.805524558421886e-06,7.307528569217041e-06,5.926677392877882e-06,7.606914178767272e-06,3.94916475828094e-06,2.1497248039530377e-05,4.2838413959097954e-06,3.6186429243383204e-06,4.139572865883286e-06,2.597996638577259e-06,3.5105642201489223e-07,4.436372463365712e-06,1.2789758048353947e-05,3.1800671331075337e-06,3.8392765969312645e-06,4.130807616680501e-06,3.4762015849778213e-06,1.0297210039798628e-05,5.00035225098023e-06,3.908094903677601e-06,4.3471286207065656e-06,8.928427810800459e-07,4.4237100150139906e-06,2.7556034208566722e-06,4.0631223888152264e-06,5.351216647303432e-07,1.0901235464936277e-05,4.751101733128018e-06,2.674087727430784e-06,9.165679898523366e-07,3.5331232275974473e-06,9.096231215456266e-07,4.205418450282677e-06,3.262541424538037e-06,5.657705618069136e-06,5.030192721089427e-06,5.076306014872641e-06,9.919207026661998e-07,5.500107335371932e-06,4.146688511805965e-06,5.442698504971824e-06,6.663338576185141e-06,3.068792356089752e-06,8.388825398820298e-06,3.828520142092403e-06,3.7910626715142826e-06,4.392531034875455e-06,1.8089207626522036e-05,9.44861955591842e-06,1.036296190544016e-05,1.1267122790092851e-05,8.078423256493296e-06,4.850084763568992e-06,4.808618521417752e-05,5.9440718783973044e-06,7.365964954770179e-06,3.518857154848366e-06,5.064472050109191e-06,3.0982659257518993e-06,3.3831345972423042e-06,2.147406762464926e-06,1.4070365440116965e-05,9.532614327802212e-06,3.4406928571356923e-07,1.4878723282862738e-05,2.4185428361865935e-06,2.4952686015807575e-06,1.4672910951143016e-05,3.55328912456277e-06,1.3454077793321185e-05,6.625753627044623e-06,6.3299465665497505e-06,2.628355496768922e-05,4.0981287383517087e-07,7.066410595060753e-06,4.302290509362403e-06,1.1599404962982145e-06,5.699627394284571e-06,7.214525330211522e-06,6.897928418304243e-06,2.2188176786569535e-06,1.1366996132692945e-05,8.071715199386926e-06
PWY-6527,0.000141462461271201,7.696455564007765e-05,0.00013333426469456692,8.692546719467815e-05,0.00017563110688232868,0.0001426211994644433,0.00022976806462436108,0.00019751929414117285,0.00016541554734576168,0.0001202706736739465,8.656142183376213e-05,7.437939641471723e-05,6.0928101569067505e-05,0.00017070045685662797,0.00023716181134366565,0.00011233814008457588,0.0002094085304896379,0.00019706155831414397,0.00010675998082042047,1.8940919728531427e-05,7.419557208650708e-05,0.00012398909525400306,4.773426018581557e-05,3.620593995292194e-05,3.389828979919741e-05,0.00016419453858168245,0.00031224254705667953,0.00014104616097651942,0.00017887754312576382,0.00013001541029653964,0.0001578151734236335,0.00015706746956603378,0.00023402561580253202,0.00015311036967005317,0.00020058617997103823,0.00010852441201460412,0.00011476963002583119,0.00018700670542291925,0.00011683940099479078,7.800470753872907e-05,6.15428674216886e-05,0.00010738219450655323,5.074345550117837e-05,0.00015852876938949042,0.00018250724231313952,0.00012187812443301875,5.120200319161423e-05,0.00016157640017609232,0.00011888545265793178,0.00011964586368138316,9.996254791814199e-05,6.189668445542996e-05,0.0001559880476724324,6.109632805729075e-05,8.260167815047095e-05,0.00018610590291749231,0.00021083891249251997,0.0001665924296816951,0.00021195265524620685,0.00010223656207115655,7.452703210510295e-05,0.00018930552053439398,8.675246524013565e-05,0.00016413632528328414,4.5881215017942595e-05,6.670491920963479e-05,0.0001445934816505117,0.00017481950695426277,0.000137155346325416,4.0201575627015593e-05,4.4698242715372904e-05,9.221601399784666e-05,0.00013811403029312394,6.890204971505787e-05,3.8515155396617354e-05,0.00011356065791327965,4.22802521888931e-05,3.267398987317125e-05,6.422829756160525e-05,0.0002003195359442416,0.00012547051388184385,9.807938701827754e-05,0.0001606040149669183,0.00023490505114296417,7.040340036659845e-05,9.162236565584375e-05,0.00020243804012241647,7.976873231497557e-05,7.564629172112595e-05,0.0002456695957872785,0.00012318689987546156,0.00012219767806946434,0.00010194589096327828,0.00024396808838308308,0.0002457464966629055,4.424685604230926e-05,9.388654772610925e-05,0.00019842270211015205,0.00015481212163413145,7.117744596001973e-05,0.00014612125255455554,0.0002061595551281538,0.00019882405768748246,0.00011280520036434654,7.799759714484271e-05,2.9820397814682653e-05,0.00011818072818372959,0.00016615487863652398,0.0001062428272470732,4.617904706472086e-05,0.00012749347137344752,0.00017134439386745596,0.00018224665517746472,6.92708315306463e-05,9.079803302690171e-05,0.00014026056683226682,0.00017152916374079899,0.0001465527853749306,0.00012087492117337393,7.813787858534045e-05,0.00013638870313337768,4.301238527422997e-05,5.417484388757135e-05,0.00015105198578767607,0.0001491068226342924,3.343114423152339e-05,0.00012827407359103601,9.347118162442457e-05,7.763833865283836e-05,5.549226087724619e-05,3.950125738447583e-05,0.00014793476188404252,4.046850435742861e-05,9.477190481413539e-05,6.398729392918983e-05,9.850547979846358e-05,0.00016650584643684144,0.00011387175293555824,4.578253643724244e-05,6.458792830283061e-05,0.0001478687627243193,0.00011926531642794581,8.183751885961243e-05,3.126705849602752e-05,0.0001273922759680797,6.620703460871769e-05,0.00010672972135886117,7.075305344332654e-05,5.040021455256471e-05,7.962384993853263e-05,5.766554671345542e-05,6.943574489660435e-05,9.823712429483801e-05,0.0001436289262841168,7.355677487326295e-05,4.696221049155177e-05
PWY-7328,0.00010314381664849443,5.9769573500134463e-05,8.191200599402912e-05,2.3395521707978425e-05,7.7885165159906e-05,0.00011779444439931874,0.0001346727047884121,9.886784236334821e-05,0.00015718279146140936,7.251032798288473e-05,4.417413755028121e-05,5.341506982992334e-05,7.252736829433683e-05,8.246669521828171e-05,0.00010442180634018685,9.039021043782963e-05,0.0001004116192267843,0.00014467390865485183,8.8307821172265e-05,1.913698142769912e-05,3.916907484093832e-05,7.271926011641626e-05,5.027657116047763e-05,1.7028690185583195e-05,2.5279085247955152e-05,0.000103867570594902,3.123620400387859e-05,3.769697052047146e-05,0.00011543919208128667,5.443056234174535e-05,6.55876868186298e-05,7.068211531360732e-05,7.398168419163257e-05,0.00011472789706977166,0.00012358614405733344,0.0001006659600658066,0.0001150328918982818,0.0001150913847273281,9.951224415009607e-05,4.289818852407588e-05,8.383498776091734e-05,0.00010283378806386287,4.0996374404970946e-05,6.479953939733677e-05,1.7314237409231997e-05,0.00011730594863277669,5.61183800650863e-05,8.059019021030345e-05,6.166975876343263e-05,0.00014041289022729173,0.00011019531370306541,8.646480789817988e-05,0.00011086429296953779,2.146681942465544e-05,3.184165049516958e-05,7.637340853131472e-05,0.00013066373586799639,0.00015188876630721005,0.00015031636030765082,9.312058191831509e-05,4.959648673543105e-05,0.00011023218882585489,7.488712386518601e-05,4.944517507624361e-05,1.6650625276355776e-05,7.212148271048927e-05,0.00011499350883225337,0.00017614341786314,0.0001029916561062414,4.126788234488768e-05,2.329371021773698e-05,6.090256539326583e-05,3.418112606437872e-05,3.415843579143544e-05,3.5279339080789765e-05,0.0001244138494340651,5.545580366126889e-05,5.660085657492312e-05,7.028002580080816e-05,8.439930321139889e-05,5.4463924084378906e-05,5.105888252692135e-05,0.00013395528925971278,7.254857907905947e-05,2.9250221214343944e-05,5.035369623202487e-05,0.0001446796886924868,6.322717188016789e-05,2.1130699591041896e-05,0.00014557995376145765,4.4566676249343e-05,0.00015071581219004717,6.127269354116388e-05,0.00013371656180714123,5.1799409830532903e-05,2.3919384569016506e-05,4.922058369403636e-05,0.00011917273329812871,0.00011236611353518635,2.3432875815183576e-05,0.0001259484665692595,0.00010205609538614531,7.102080609349987e-05,0.00012857011317573817,8.586313698064322e-05,1.7399183171074e-05,8.62157281078507e-05,0.00016696299091780145,0.00010985751000990714,1.3701808767065033e-05,0.0001032166813498176,0.0001296947137214848,0.00016254797811334558,2.756633979974951e-05,2.8750702657745334e-05,7.386655296038492e-05,0.00016956974575047648,0.00010969416268433115,9.060518250896815e-05,1.721052335309688e-05,8.850177932019347e-05,2.752149136235196e-05,3.817120946154924e-05,0.00010833513805248707,8.870046640406576e-05,1.1428655771662966e-05,0.00012632801329379417,1.2214388246225222e-05,2.746418044294387e-05,2.9418790589353158e-05,4.200591011372171e-05,5.991470295179181e-05,3.839162432814304e-05,0.00011670337973410036,6.08271581907261e-05,9.66588731961723e-05,0.00012503902239016743,4.7318535503659655e-05,5.136108558998837e-05,7.398243787312538e-05,7.408104715772538e-05,5.5833261617968736e-05,6.124577535623549e-05,1.2205238755638479e-05,8.250022099919147e-05,5.256989648880787e-05,4.082044420484345e-05,2.0753732007847918e-05,1.7012520163716688e-05,5.339929462853632e-05,4.2214671816146956e-05,1.9805633277780615e-05,3.600491981674899e-05,8.329720044821492e-05,4.8739842746168385e-05,3.682605095460922e-05
PPGPPMET-PWY,2.9895727196075337e-05,2.5081235355090708e-05,8.068415443965445e-06,7.655744921098227e-06,2.0549007455440202e-05,3.639462414336998e-05,2.1856612095820527e-05,6.504705212257998e-05,2.065523861588553e-05,1.656502903285147e-05,1.4342807811550466e-05,8.475435735693805e-06,5.929956491712288e-06,2.602574115044248e-05,1.379637950707478e-05,9.374168859007111e-06,4.355957841786659e-05,4.261396909039492e-05,7.100988383704535e-06,8.138746985680765e-06,1.835119705989573e-05,1.7134552224163382e-05,7.604026479688149e-06,5.973034904726841e-06,6.754217311464694e-06,2.2433840159215555e-05,6.109581809990664e-05,2.6642234824707016e-05,3.401946139071946e-05,2.8373151596231137e-05,1.7051304633895187e-05,1.668450901767803e-05,2.648145392627022e-05,1.716043873728918e-05,2.8484997433494885e-05,9.920244631435099e-06,1.5764468728999428e-05,3.5121927874498696e-05,4.286176205928815e-05,7.90895391258657e-06,1.8761124028094387e-05,1.5461314350074975e-05,8.663772290165132e-06,4.886187468005681e-05,3.330834808365785e-05,2.2683362494889716e-05,8.340359131183828e-06,1.9558482010127373e-05,1.1610623764408801e-05,5.318861547693582e-05,1.9408214117672958e-05,1.527177005535711e-05,3.697071714280717e-05,5.591871449851907e-06,9.844630953553221e-06,8.982470231734601e-06,2.6862877542224845e-05,6.326457527363667e-05,3.263187885444231e-05,1.9992535081735465e-05,1.3565866631944657e-05,2.5654907513001547e-05,3.3003026273479576e-05,3.306380784558844e-05,6.332558465920067e-06,1.2675752607009062e-05,3.535675177673219e-05,2.6863079311975922e-05,1.3792407096011184e-05,1.3287695813662186e-05,2.0136680319875303e-05,9.158434374640365e-06,4.316446689606731e-06,9.137908374026844e-06,8.077598636035954e-06,1.9515838274828054e-05,9.31043590023852e-06,9.238400594170247e-06,1.9994807223483446e-05,6.302533926874033e-05,3.5531617151391964e-05,7.746869450244922e-06,1.890363290803167e-05,2.2715261512048563e-05,8.860487248532376e-06,9.360326523534058e-06,5.109976375413545e-05,2.165060550900445e-05,8.691055048338592e-06,2.824963901481453e-05,2.8212693443187302e-05,2.4430596150222705e-05,7.631368825289693e-06,1.695961887965139e-05,6.089700001682737e-05,5.887595256975928e-06,9.41082957263575e-06,1.7361970683966774e-05,2.916446993020097e-05,9.275061554519531e-06,2.9316324925855246e-05,2.8951029972947153e-05,1.2040122494985775e-05,1.2473836278112312e-05,2.593427348927612e-05,7.94782192432822e-06,1.5216462119363925e-05,1.0618733785733504e-05,1.357308627714528e-05,6.764344850442799e-06,4.8384191157795915e-05,2.8374637751907202e-05,1.3820300315496475e-05,9.600266564198914e-06,7.558799883330206e-06,1.6637123982121783e-05,5.897872425999728e-05,2.3366563135214247e-05,1.0794387764753075e-05,7.753818119410347e-06,9.88745937279339e-06,7.184546330646743e-06,9.252690580432254e-06,1.202096077927574e-05,6.322930884138963e-06,6.151048272149196e-06,3.711416122529876e-05,1.5049164302814817e-05,7.3119050483406435e-06,6.043909656704442e-06,6.608392556889767e-06,3.4200304597234714e-05,5.560811338178505e-06,3.801717342669522e-05,9.466951812244447e-06,8.331227381522256e-05,1.5181128050916813e-05,6.713165562980955e-06,7.563624456153149e-06,3.5369026206526323e-06,2.2766371190960966e-05,9.89996512842292e-06,2.5790483613126215e-05,1.0939378432077812e-05,1.2003347329855239e-05,5.539318385250828e-06,2.9315675590986633e-05,7.147139127995954e-06,5.420117913194245e-06,1.3042770638127039e-05,6.047455496443287e-06,5.998051891276495e-06,7.509363808814149e-06,1.6556290297244402e-05,6.905815340397846e-06,6.204897887445097e-06
PWY-7221,0.00011843455388319454,0.0001068897510497749,0.00010631424636587616,0.00013715531468851445,0.00015729043850636515,0.00022556709783009597,0.00022866877596900773,0.0001964075551583945,0.00021696060957686266,0.000128373027901731,0.00012391880242654824,0.0001503002577590155,6.376792037967074e-05,0.0001615111773276747,0.00022700486482369733,0.0001857345436223961,0.00021038770326177404,0.0001865606769003721,0.00017832192542798221,8.852097530394233e-05,0.00010101898232070057,0.00020099152147536444,7.58889285818132e-05,3.155582139982274e-05,6.961922990920936e-05,0.00020265590837629364,0.00020795941903343856,0.00017052935866908856,0.00014992543403192235,0.00013494066427987536,0.00020874132368042084,0.00016379954269529125,0.0002053843074823543,0.00018811702155925014,0.00018497740513697932,0.0001245528545698032,0.0001233767752300706,0.00018266248686849771,0.0001595500478925147,7.231750511933334e-05,0.00012101079027806308,0.00017400665198536502,0.00013133194200064046,0.00013078034292690326,0.0001588573218738693,0.00019498712667295455,8.668350314824522e-05,0.0002107198822218489,0.00014628592007968167,0.0002862721664622186,0.00020542243415024754,0.00015399729042131296,0.00016393877267272057,0.00014089324368434284,0.00013161333007858693,0.0001526650004377069,0.0001565378674500529,0.0002256576860626508,0.00017898387320411082,0.00013841855080413176,8.237511999126697e-05,0.00020221544466712411,0.0001523535824718536,0.00015294858045823695,0.00011523224294064652,0.00010103386342989194,0.0001775831894211091,0.00020376998245551743,0.00016320011541298623,0.0001435840775469169,9.852296309084133e-05,0.00010471368237565801,0.00012451217822418995,9.136487196239819e-05,5.119731782503408e-05,0.00019593070097725942,0.00014202435177648008,4.083920243172009e-05,9.201200215899816e-05,0.00027410032788008094,0.00022001911427384154,0.00010920748700331849,0.0001579225012686189,0.0002834861374885487,0.00015053171674420866,0.00010957582407888253,0.00025653276310406596,0.00016323631995156988,0.00013735406897415347,0.00027826900520636175,0.00010380015461953629,0.0001800893965700926,0.00011768875411992051,0.00021112409546291194,0.00018921510330372274,5.220687184521793e-05,0.0001282283718242824,0.00013857896205833045,0.0001663846305492621,8.31321230552998e-05,0.0002285568440384401,0.0001606799499973779,0.00015447948567857977,0.00013231664299047922,0.00017645443958112344,4.699324148720789e-05,8.899303976900031e-05,0.00016609739533036264,0.0002302600238396218,8.265748775976031e-05,0.00034780213348250036,0.000216588603013922,0.00021490304149701295,0.00012714321020129222,0.00013197220043932462,0.00020920262502129594,0.00018751693423812017,0.0001260517398910039,0.00017137759194716274,0.00012029340574516537,0.000130065692960224,9.590189442600066e-05,7.71137910632507e-05,0.00017032708694303191,0.0001437790291891021,9.569864531206418e-05,0.00018238611395189692,9.678935254145466e-05,0.00010960970626656941,0.00010805758670000337,5.2913038439486816e-05,0.0001512028333570171,0.0001521461087646434,0.00010530686716612379,0.00010286369926873762,0.00016213386162809777,0.00017208123337707763,0.000103373022555161,0.00018212106358021646,0.00016197115204691066,0.00015884513355147485,0.00016842975310473477,0.00014324496600322533,0.0001578345294217049,0.00012613220864988718,0.00012956549201079546,0.00012871458600611493,0.00011252731999106281,0.0001297182089434484,0.00011685024836035512,0.00012385222165767527,9.199925364151403e-05,0.00011290010802417632,0.00017656796339394026,0.00011623155883487155,7.923283328268647e-05
GLYCOGENSYNTH-PWY,0.0002386441588024176,0.0001432806523893782,0.0001596943172974545,9.609803549177829e-05,0.0002522931291236172,0.00025115425259576474,0.0002616695769738159,0.0002859241990066976,0.0002619271869017346,0.00020446493757843222,0.00014292028607137977,0.00019082933874876986,5.816290096662735e-05,0.00020382219849539537,0.000303168901422135,0.00021993250209692753,0.0003049711420763657,0.00032765770837562245,0.00018320458576991474,7.77435246567191e-05,0.0001335930061915272,0.0002192429595425457,8.162741904916991e-05,8.332793694983233e-05,9.853244882470448e-05,0.00022373634455513468,0.0003204455201943323,0.00021233186406164446,0.00017215696443971404,0.00020364821215960587,0.00026692212470891393,0.0002750142217597429,0.00039431145100416983,0.0002646495242203893,0.00031007748124960296,0.0001255346628998292,0.0001705392781304608,0.00024959014638457764,0.00015221213191419288,0.00019823384223655757,0.00011548355597240745,0.00017391619579952767,0.00017866055444086193,0.00018788099816730656,0.0002546056720922146,0.0002232385664910648,0.0001362030764525136,0.0002998364465939499,0.0001697160663133775,0.00023825230215596425,0.00024258352645886646,0.00014636046782963075,0.00021026831130843958,0.00011199360855674804,0.00018383276344324532,0.00017513931939071265,0.0003662285058597095,0.00030597799412039346,0.0003450930057409117,0.00019230183189025633,9.492794262326549e-05,0.00031605076280459587,0.0001193991059487009,0.00025712662813693737,2.9835467688445753e-05,7.727133773373835e-05,0.00028624511954441703,0.0002784702246959415,0.00018385341916180497,0.00010116054260308807,8.141917925534465e-05,0.00013651976437270092,0.00010823516312231051,9.053178832695362e-05,7.944290821073739e-05,0.00017603473150720427,0.00010475918129971815,9.15886063664382e-05,7.573587617499786e-05,0.00032966676301246636,0.00023990739913680228,0.00010836247594618901,0.00027432012933971373,0.0003591958314395276,5.8362028938864056e-05,8.946176337622325e-05,0.0003167732947152982,0.00013591108288129022,0.00012686742409758012,0.000314381157810281,0.00020076756982408058,0.00021008762376961481,0.0001812839104526127,0.000310830024487812,0.000291233042884002,7.703712441156567e-05,0.00015998599044233537,0.00028131362168987536,0.0002761800457501662,0.00010983316964443525,0.0002098359712231286,0.00032454598193157243,0.00024417151618588993,0.00019660033580131068,0.00015534006949041832,4.694845185194005e-05,0.00017532131020282267,0.00023838264774389404,0.00024009497548488657,8.275848126007789e-05,0.0003114315795984885,0.0002494752306887775,0.00024377418819168182,0.00011898316182305301,0.0001436301902376694,0.00030878655546586213,0.00028766925846070146,0.00022936265193677276,0.0002184480451600212,0.0001640478671515811,0.00017919626607819107,8.109468230871977e-05,0.00011177728637192992,0.00019973326007917768,0.0001515564501978249,8.525964669407227e-05,0.0001670690852862566,0.00014039506509858492,0.000117223794985298,5.483432619085868e-05,5.0860496014360056e-05,0.00015876155426539917,3.193181908961746e-05,0.00012335220925654,0.00014694295772045384,0.00023127498114138941,0.00026220629235567923,9.310656321398536e-05,6.657929024671982e-05,5.735190506419721e-05,0.00019965357078485945,0.00019955901283782998,0.00015730102247846697,3.8134852617090914e-05,0.00017669442586952332,0.00010344243849309549,0.00016790653993151416,7.030045620943694e-05,6.0664708018811854e-05,0.0001977403520091817,0.00013378778679141323,0.00012412093858802257,0.00016855725064442593,0.00020263230138194282,0.00012970518468124703,6.322185728284539e-05
PWY-5188,3.668946580203208e-06,4.268897597018272e-06,4.868363142370909e-06,2.860998564977385e-06,3.786260921985118e-06,4.624907313272911e-06,2.854891093683476e-06,2.8786871189878184e-06,8.030032010526921e-05,3.4078993077008483e-06,1.2925368291982845e-06,4.362552822062377e-05,2.3119467796500764e-06,1.7226314277961707e-06,3.478593821312896e-06,1.2818485026466676e-06,3.863745540775402e-06,1.5183178333288005e-06,1.6415393562122393e-06,5.142753059363017e-06,2.810435413180121e-06,2.829933243083192e-06,1.3828854188911153e-06,3.451200966030895e-06,1.544611247890937e-06,2.8441138457760674e-06,8.777445782094248e-06,9.30319176869417e-06,4.071368882849365e-06,0.00010897302874748164,5.016613163108437e-06,4.123378954598629e-06,1.9350468436260748e-05,3.101925383838612e-06,4.291054323791413e-06,1.3853951314924958e-06,3.0621736652972634e-05,4.335617742574166e-06,2.9096130111844436e-05,1.4218510723622909e-06,1.906110817761617e-05,3.471560476783954e-06,1.3033528332684036e-06,7.686247751443782e-05,2.9766921217303596e-06,2.8774767085160965e-06,2.734886539483946e-06,2.0366199951403963e-05,2.8343956859972392e-06,9.235641089613313e-06,5.5074395416003195e-06,1.7696427024356015e-05,7.564582076778704e-05,3.955096203814212e-06,7.018310699172188e-06,9.061557469163242e-05,4.349975216613743e-06,9.106098033223782e-05,5.34523626705899e-06,4.036524202815092e-06,3.7895571841596384e-06,2.877202163319943e-06,3.103206959166971e-05,5.625668558057749e-06,2.8731559190529557e-05,4.209668740097133e-05,4.764922107924183e-06,3.4280276963929137e-06,2.3705795647109035e-06,2.231490017593459e-05,1.8865601823003758e-05,4.584402075775299e-06,5.3950738556880004e-05,2.7214064325127276e-06,2.5801009203398055e-06,6.13721556621144e-05,9.292515650971057e-06,1.3593307802042505e-06,2.7805697054848113e-05,3.7881765349347095e-06,4.1958757125684225e-06,1.3778384193835229e-06,4.325356422701728e-06,4.354512766815834e-06,1.7066718367510379e-06,3.2377300986931474e-06,4.39862094259168e-06,2.5854036741898953e-06,2.3327270478821154e-06,3.4391305967397895e-06,0.00010363155801078047,4.877910057382163e-06,2.3365081574292464e-05,4.822146435531135e-06,8.652763107755068e-06,1.618166525856397e-05,3.0790499197763857e-06,3.4562538204745117e-06,3.844811138259186e-06,1.3558575711704176e-05,2.7618887254614803e-06,5.414725404393604e-06,8.562591261510974e-06,2.8690235889019245e-06,4.093649522443144e-06,3.0854614003442944e-06,3.760986792332031e-06,4.5650643070473694e-05,6.0334178276876485e-05,2.673220586002463e-06,2.837898875138976e-06,2.0897280955853336e-05,5.582465228185783e-06,5.862157571681187e-06,1.670304652117054e-06,3.8059260125928652e-06,1.3896841195542195e-05,3.3895109951971055e-06,3.819252694812587e-06,2.019363504796312e-05,1.5909248224074933e-06,1.3155297974827592e-06,2.216345214146287e-06,4.363871380349483e-06,4.107279014286785e-06,1.425097012808737e-06,5.590986870277982e-05,0.00013826645059697033,1.3283526126751385e-06,2.3126068312479744e-06,1.321406925470463e-06,7.112846835328055e-06,2.47434827738934e-06,8.884436930383794e-05,2.661385899532354e-06,2.381079933439746e-05,4.34356283918865e-06,1.7237225390866586e-05,3.351124240764374e-06,2.6951612555840493e-06,1.7029255761018693e-05,2.5572799739054576e-06,7.4782996544379515e-06,2.6560938223577754e-06,3.2454518904597837e-06,5.290476417699884e-06,1.3885591458990601e-05,2.389977773597796e-06,2.7456410339671758e-06,2.7570330924395057e-06,2.6031092395575068e-06,2.7438811276440914e-06,2.678191538149794e-06,4.074529170480438e-06,2.82632005654822e-06,1.5814549229029882e-05
ARGININE-SYN4-PWY,5.9977330254136984e-05,8.739119762897837e-06,4.8253485715470125e-06,5.305240925882898e-06,5.217937405856689e-06,4.0446541453692435e-07,5.235450660247702e-06,2.413168580826555e-07,3.074812612795668e-06,4.7161297950746255e-06,4.7769978294144446e-06,6.341642513527615e-06,5.522217878779907e-06,9.033906432619889e-07,4.743290763756351e-06,1.7014263788960442e-05,5.2124589516737846e-06,4.650408056620652e-06,5.264802653890623e-06,2.5186068698319873e-05,5.2319162615904195e-06,5.219436430370289e-06,1.4555446100396276e-05,5.992056782859628e-06,5.108394590284147e-06,5.227658635388616e-06,1.2878709326288747e-06,3.8377978760863775e-05,2.493814576663643e-05,6.944089268037821e-06,1.0367285811107138e-06,3.5557434519442803e-07,4.725721674842631e-06,5.188916353928701e-06,2.806743788235371e-06,2.3166452713075792e-05,6.490316996060196e-05,5.893674894044428e-06,9.936999849207636e-05,5.20718054288001e-06,2.192461555360959e-05,1.0455519619607483e-06,5.210329141570248e-06,8.356076301536034e-06,1.2756459545376717e-05,5.2673460825232525e-06,5.329409642383034e-06,7.489079464732733e-06,5.235971417545175e-06,1.053069943167247e-06,5.187889155037389e-06,4.715229890795641e-06,5.369202246022717e-06,9.82707159165423e-07,5.262502229556097e-06,7.05265382985989e-06,4.6896637638088957e-07,5.297540021317868e-06,2.747556795260256e-05,1.4858959169039748e-06,1.5140678008954075e-05,5.189736400396627e-06,1.057999520518665e-05,9.885320974205542e-07,8.068114552597527e-06,1.5724732718995115e-05,4.2683096292767013e-07,1.0325786767136522e-06,8.160332420901925e-06,5.294586780869972e-06,4.900187368473061e-05,2.7804465254539346e-05,4.203521390009961e-05,5.1458391463310946e-05,3.3521665250124105e-05,5.999271263299977e-06,7.542578874776775e-05,4.496282902526356e-06,6.441795315272709e-05,4.758826964301508e-06,5.293611239946918e-06,4.735477397480609e-05,4.676547955924098e-06,3.5913091809672577e-07,5.196104263421265e-06,3.193038771883888e-05,4.788507735304932e-06,5.284075799116603e-06,5.2099438895593705e-06,4.813093160252079e-06,1.0591547291161923e-05,8.959420254370935e-06,4.711219441090218e-06,5.732502469843182e-06,9.189047698572992e-07,4.848072283178834e-06,5.2137632601128e-06,5.096114473377807e-06,5.53312698764971e-07,2.7082575094112783e-05,5.261782498149866e-06,8.053199897915428e-06,9.404304782046234e-07,5.219071833046996e-06,1.0192751027914496e-06,5.281711340971819e-06,4.641071291029199e-06,5.868009894491899e-06,5.286397241852945e-06,7.596088501296509e-06,1.266001375790647e-06,5.959643338018894e-06,4.7084301316572525e-06,1.57860117139738e-05,4.773275895361346e-05,4.741686293716261e-06,1.191119528402106e-05,5.7250175003432065e-06,4.805053072771858e-06,5.253888676184512e-06,2.8738445902234666e-05,1.4774389405201846e-05,1.8873090744472585e-05,1.8633781740310447e-05,5.4890561965774714e-05,8.009125825921799e-06,0.00010525451320683134,5.882882631559155e-06,4.0667171751730936e-05,2.830662903918531e-05,8.392772151323304e-06,4.815815098201451e-06,2.006531789031839e-05,2.154587400760604e-06,5.175951374492035e-05,9.933329713163465e-06,3.6817648193740157e-07,3.8917047509278894e-05,8.972188032343925e-06,6.118643806179474e-05,3.690237931212594e-05,1.937273253793791e-05,1.8818865055031593e-05,0.0001362227072082194,4.991859968314674e-05,0.00011284603499981958,4.2376800448811793e-07,4.2209781404985444e-05,9.705133718532292e-05,1.2858620163341095e-06,3.0481888380904798e-05,3.538491412545188e-05,1.8992473727845784e-05,5.306648957268672e-06,3.150699944587924e-05,3.6276166604660884e-05
PWY-5505,4.609127572836691e-05,1.2686694650041017e-05,9.85973168787744e-06,7.969987422673387e-06,1.1142871548570158e-05,2.1480824270875194e-06,1.2162433104893217e-05,2.492864705951118e-06,1.7346162079601378e-05,9.936649541200185e-06,9.771196948536681e-06,2.335214931896547e-05,8.829102310037391e-06,3.7319885366052545e-06,1.0270626293693811e-05,2.0883955447084968e-05,3.0162381699234936e-05,1.0519731048892224e-05,9.843203850641417e-06,1.2872827216037141e-05,9.899568161917765e-06,1.2044792441418032e-05,1.505722951039884e-05,7.509015686266912e-06,8.86048217917244e-06,1.1108597546330135e-05,2.7310287141587123e-05,2.98927519035392e-05,3.921110338063886e-05,8.812700645233368e-06,4.514468182707496e-06,7.696928670578338e-06,2.0521339329306155e-05,1.1487154308614606e-05,6.499706392893266e-06,2.4861419509347387e-05,5.4066118743294034e-05,1.0772378838499812e-05,3.994862195688181e-05,8.324814289793084e-06,2.7963782692526374e-05,2.8396354747796024e-06,8.779674893620277e-06,4.1204188411369684e-05,2.3276565142222084e-05,9.59168638013432e-06,8.442882310519142e-06,1.4811026341470915e-05,1.1654248622849407e-05,2.232249877298862e-05,1.0864185228732217e-05,8.166192608468763e-06,1.6217669569909263e-05,8.265827247376897e-06,2.49861546668947e-05,9.19070663640883e-06,2.510210581087313e-06,5.424960380373053e-05,3.889935808410749e-05,1.5250807083180747e-05,1.7130642545040568e-05,1.1681482649430124e-05,1.358971133466276e-05,2.8993088714804147e-06,1.0477326397397623e-05,2.309436903294408e-05,2.3909956748347394e-06,5.763837473971742e-06,1.4777850559424156e-05,8.68465027405619e-06,2.02907288336886e-05,3.3335403272431574e-05,3.1918070744708765e-05,4.29723544443306e-05,1.5856902138203494e-05,1.7866657069916416e-05,1.5554470640430667e-05,6.840869049662425e-06,3.798679998458629e-05,1.1206934824157637e-05,1.185694966448449e-05,3.286401685549526e-05,1.0557926263930044e-05,1.8495549278180931e-06,8.080856471171803e-06,1.664094084723153e-05,1.0789731251744832e-05,1.0680101238174893e-05,1.0448717105751869e-05,9.426706014962126e-06,1.4897658258787588e-05,1.5190932262318118e-05,9.998031942660361e-06,1.2589580656255387e-05,9.91423042191203e-06,1.3035807474537146e-05,9.234587036327018e-06,2.492626885790854e-05,1.8791780882908144e-06,1.6693214240115876e-05,1.0790697350143293e-05,1.514778052201876e-05,3.969296907750062e-06,1.1325860425392147e-05,6.112374576083432e-06,8.283786465960373e-06,9.84057598918642e-06,5.2679780692319495e-05,2.7455886920970542e-05,1.0985874160435867e-05,5.919476366231869e-06,3.6457380110315294e-05,1.0535310133807497e-05,1.8238440568241127e-05,2.3648333730605103e-05,1.0408785935460202e-05,2.3328286050743182e-05,1.2943709133560198e-05,1.0476122048506797e-05,1.4006566521719347e-05,2.3587887181761737e-05,2.232756236493988e-05,2.1792553312148196e-05,3.0710412862477376e-05,3.224338269601787e-05,1.0618805724677755e-05,7.030307303988891e-05,8.965543907868963e-06,2.1387099591953625e-05,1.791539376867681e-05,1.3010952229550755e-05,9.900347952715975e-06,1.6624994672559672e-05,6.478599208943977e-06,2.454085370073684e-05,1.7016651235130344e-05,3.405097977954368e-06,2.168529335992487e-05,1.4582404974154814e-05,1.725514147139273e-05,5.085818351370111e-05,2.9308289376782578e-05,1.9094183947829605e-05,1.3746495737067655e-05,3.6883533346687973e-05,3.016754808781689e-05,2.3699813647592072e-05,1.4126803938844356e-05,1.5054447035668542e-05,3.566157576743239e-06,3.376095933687937e-05,2.0618225370200148e-05,1.825325570744066e-05,1.0214228404661779e-05,2.1486920264105917e-05,1.2645402400137253e-05
PWY-5030,1.9606691301238603e-05,1.1806643037912863e-05,2.9610853899027573e-06,3.868869500899472e-06,2.4102046483101514e-06,5.304677739122373e-06,3.65042774727728e-06,1.0457279127095756e-06,2.6774515315697506e-06,1.3229797343656032e-06,2.809982023489359e-06,2.151930877775056e-06,7.435344634080516e-06,1.4514726657434273e-06,8.571500048260674e-06,1.492581881681387e-06,2.005507318767867e-06,3.0793042374428097e-06,2.2548966698615616e-06,3.3060372443622294e-05,2.640839241110296e-06,2.2755104015406823e-06,2.5502230058980375e-05,8.397495842949366e-06,9.696581155066314e-06,2.3489897137679164e-06,4.586128030295402e-06,4.445157052401188e-05,1.471967521382786e-05,2.7668538732975423e-06,1.6581097818931773e-06,3.0905381909837044e-06,1.7438862038757228e-06,1.5935861233230141e-06,3.2462332125293923e-06,7.554685113380699e-06,4.245247104165001e-05,4.988833783688737e-06,0.00010677431310388625,3.647888504034689e-06,3.4145367032628016e-06,1.628428729076937e-06,2.4973041413880765e-06,3.099766958848439e-06,2.019628532566735e-06,2.0562709248607596e-06,3.0995575844708358e-06,3.6401724385757512e-06,1.7565987086877452e-06,7.025873729020767e-06,2.8903501625138828e-06,6.0984254885173e-06,1.523503763924888e-06,1.4064455416770338e-06,5.903770830527559e-06,2.959132881658766e-06,1.946951145799983e-06,1.8608541121408942e-06,1.5895167057889228e-06,3.077796640654164e-06,4.0449123862131955e-06,2.3760651155283044e-06,3.973113219677113e-06,1.88420471353903e-06,3.551161078395143e-06,7.191649135817336e-06,1.8020921044558748e-06,2.723146852355686e-06,3.2970364508541157e-06,9.579678272662588e-06,7.514473158906085e-05,9.574365811015302e-06,4.533846119306498e-05,1.918880852685991e-05,1.5314071766219577e-05,3.01348629871581e-06,5.672214033344053e-05,1.2775253387320429e-05,3.254152476049724e-05,2.41982597318864e-06,1.5124563853631275e-06,3.0528610896037434e-05,8.039445364553926e-07,9.517992760816213e-07,2.4960983977496167e-06,1.65456471460052e-05,2.5984756939858464e-06,3.311652938514806e-06,2.951610041894505e-06,2.66598323916735e-06,3.814274926458138e-06,4.3033144293122905e-06,2.7532187467435935e-06,1.339278505843073e-06,3.2460315830575663e-06,5.683781160404339e-06,3.7339561439377523e-06,3.4685495374545055e-06,1.2462409155380755e-06,1.5838806843389504e-05,1.7249100596368548e-06,1.8885318793679877e-06,2.339447544376549e-06,1.6974234000324981e-06,3.804099020818506e-06,7.914851719094897e-06,2.267785894623989e-06,2.27455813695475e-06,2.0473595079994695e-06,1.2515252851631214e-05,3.1752203937531142e-06,3.15400587761387e-06,1.466677200069143e-06,1.2635034614492654e-05,3.6405131760692385e-05,2.6395437922582933e-06,4.744320225013481e-06,1.7741831718042876e-06,1.5534818341852004e-06,9.291017940668422e-06,1.2975386087559964e-05,4.221494898574364e-06,3.641509787973352e-05,1.2752350806486744e-05,5.1677216308553785e-05,5.941880863576194e-06,4.048722776323314e-05,4.3440971886573814e-06,2.7187621297106853e-05,7.113761764336108e-06,1.878422958980889e-05,2.252742098810854e-06,3.5610173517738906e-06,2.8324679803070506e-06,4.010221047227221e-05,1.1195621911976436e-05,1.6745297771555544e-06,1.3882074369165188e-05,2.740008667245461e-06,6.13987602465072e-05,2.536017518374016e-05,1.063947511602153e-05,2.749482928534853e-06,0.0001412209866013057,2.5743388233285036e-05,0.00010342091552211191,2.4239057055924975e-06,1.1774056042642082e-05,2.6412010832903792e-05,3.4785978196162536e-06,1.1538305869881823e-05,1.989961878349833e-05,7.4624179080758265e-06,1.6042594619717544e-06,4.263137414712411e-06,1.5661651801884277e-05
PWY-6549,3.575069526315685e-05,1.4920653337861762e-05,3.570174820649338e-05,3.110932800413647e-05,3.943799698295906e-05,5.7276104161384675e-05,8.296348441466799e-05,3.657938599097384e-05,3.152373983005876e-05,2.8054911421133267e-05,4.7446610955502294e-05,2.97042742969438e-05,1.2113757160177076e-05,2.4362761979207295e-05,3.881553314799778e-05,1.8877621279716457e-05,7.132134044663625e-05,6.47785201028489e-05,2.004389788384456e-05,1.7146369223536146e-05,1.8141937838717047e-05,7.471577116612807e-05,1.7896818566423506e-05,1.3360434687703725e-05,1.2954551988524869e-05,4.157235452139179e-05,3.9760726233080026e-05,4.0191132612085154e-05,6.150184265805808e-05,1.107187051109878e-05,5.7848306081817504e-05,5.360175268262651e-05,3.557812597917654e-05,4.518690441132929e-05,4.5849284228356e-05,2.7764363898369e-05,2.877577287078498e-05,2.1494370273562257e-05,4.635409466984074e-05,1.440883821663322e-05,4.46547424542652e-05,4.7773268484534814e-05,2.0097841014000904e-05,6.081230800930387e-05,3.643196727167311e-05,2.130053761306899e-05,2.322697124732185e-05,4.599702182612088e-05,5.370640762597795e-05,2.5916375981319707e-05,3.9727754950806325e-05,2.3314026899554813e-05,1.8872407686362288e-05,1.9809584778427338e-05,4.1156326389608114e-05,1.3440249082487825e-05,3.52594920198111e-05,6.756257988975258e-05,4.843474835533181e-05,5.130201396310164e-05,1.9291733720073853e-05,4.66405583274758e-05,1.6260169044474918e-05,2.010651925579258e-05,1.8485492494559027e-05,3.2791688828788e-05,2.1030712663330764e-05,7.005327087844298e-05,2.583790573038901e-05,2.291794773824599e-05,1.63825515322073e-05,2.491683155340397e-05,1.8255165456561182e-05,1.64153582521403e-05,1.713812744496331e-05,2.2352430272420624e-05,1.4627405052387797e-05,1.2004426620219837e-05,3.8760438117090216e-05,8.837913489451346e-05,7.243583217272894e-05,2.106532998917773e-05,5.244589858089186e-05,3.273475347931817e-05,1.8850459659888942e-05,1.4099042150058966e-05,5.9710132704857204e-05,3.911222053650611e-05,3.466134039529848e-05,2.6033036264335535e-05,2.00499540808791e-05,2.810136979450679e-05,3.305306032896601e-05,4.857342784119589e-05,5.6194593675614885e-05,1.883276517399333e-05,1.7496911447161505e-05,2.353495678776621e-05,4.698143281790722e-05,1.6734677673015264e-05,4.553078207376367e-05,3.30797097695423e-05,2.6561763199684506e-05,5.3351368619019265e-05,4.040211412274938e-05,1.2594125755789706e-05,3.175408240336693e-05,6.69476250665063e-05,5.818899728669171e-05,1.4542959509654335e-05,8.540204183125075e-05,3.919457587049626e-05,5.2559611445725556e-05,2.480952766945295e-05,2.5441882860169644e-05,4.9938714561827184e-05,3.527996478001239e-05,4.501878829845203e-05,4.838827273177259e-05,1.4416839387623106e-05,2.1841854541895717e-05,5.481709523050862e-05,1.8315765909788144e-05,4.43202077637907e-05,2.864620647564629e-05,2.420920721463355e-05,3.3131233640887946e-05,1.5170769474377301e-05,1.3909204762283726e-05,2.0034864016421487e-05,1.716626749741836e-05,3.4538562009701656e-05,1.9016346962702356e-05,9.81514001065191e-06,1.535923748275102e-05,2.235955534643569e-05,4.242710031879281e-05,1.932929811051998e-05,4.616983518212773e-05,1.3830925413118312e-05,5.4841577181650855e-05,4.129352475271179e-05,1.8997197786138973e-05,1.418199650110599e-05,3.090767578054216e-05,2.4509915248638002e-05,2.392447784458844e-05,1.4594721415253652e-05,2.1358371585088695e-05,2.118114243194385e-05,3.961238622650405e-05,1.7538954881911152e-05,1.9203393622479015e-05,2.2676981958007075e-05,1.8221149006434386e-05,1.2110356108959242e-05
PWY-4041,3.660718899639556e-05,1.3508272653783274e-05,1.6950525394329353e-05,1.3203391833082474e-05,2.564188225083781e-05,4.625680204996578e-05,5.41832782122512e-05,5.112832296498005e-05,0.0001074468312583726,1.771917416713294e-05,1.030343875663462e-05,5.285270690372435e-05,1.7761200355703028e-05,3.673072694635868e-05,1.44525101886676e-05,1.3738319673642347e-05,4.1053164469864893e-05,4.095821375700085e-05,2.1736794581457414e-05,2.3905119625175348e-05,1.8986604609816525e-05,1.4251291039384085e-05,2.4082196584558803e-05,1.3738499971561156e-05,6.005524200515697e-06,4.612482984274935e-05,6.609105153367929e-05,0.00015974465726432762,2.1741631642848547e-05,0.00011133223521990212,2.6400814971736988e-05,4.1577607081058314e-05,3.683688910279515e-05,1.8474619239654345e-05,3.17582911610637e-05,1.222791082350537e-05,4.406014642809673e-05,2.464080599567561e-05,0.00010383261586431796,2.1402121220368967e-05,2.9428524656861254e-05,1.738996366896485e-05,3.2261756502189134e-05,0.0001065794764341898,2.5715971815103532e-05,4.360506184657765e-05,2.0911974275972538e-05,2.4750697911074217e-05,1.9867657044671818e-05,0.00010306336353433142,4.539307443821066e-05,4.793755112358528e-05,0.00011487329314643475,2.2241072479082773e-05,2.7602153110592104e-05,0.0001188089679599802,8.294932351028876e-05,0.00011489323838139652,5.949072315986357e-05,4.6773558151749606e-05,1.091266370819017e-05,3.0260408251054248e-05,4.5957944309735706e-05,2.7664226165616157e-05,9.880057132466098e-06,3.428166905588388e-05,3.5717718015930604e-05,4.1375879037157384e-05,5.745522415080539e-05,1.3825635597284804e-05,2.0910658866619037e-05,1.859563643875889e-05,7.307659982287753e-05,2.6674377693341435e-05,2.4351154444999275e-05,0.00011484171439294661,1.5414260916575074e-05,1.5687163276325854e-05,4.361042304477144e-05,5.587479731660895e-05,4.918834290935506e-05,2.6766827481091376e-05,5.364586870241e-05,1.4001252900810472e-05,1.3726386962984303e-05,3.357815953043898e-05,6.90218259712657e-05,8.67081567595834e-05,2.6417725529766607e-05,0.00013595451499993544,0.00011839187428855691,4.107007106235078e-05,1.4669063811913696e-05,5.253493193875853e-05,8.96378894823073e-05,1.0994604635493949e-05,2.24492090426249e-05,2.974756933111608e-05,2.697358120141856e-05,2.431129784883531e-05,4.216790348462936e-05,5.381876818626422e-05,1.9060719468358832e-05,1.8418760526090718e-05,2.6698379137423677e-05,1.0407269645326035e-05,2.00814559377225e-05,9.898090685311657e-05,2.8046955785620956e-05,1.8407639085781015e-05,9.351841287334402e-05,4.726033081020841e-05,4.750878657577346e-05,2.2562920865217462e-05,2.1643264982229422e-05,3.7108664065868325e-05,3.493791280447508e-05,3.289157788935068e-05,2.857210622656065e-05,3.604041318798099e-05,1.571408385591019e-05,1.2746216181751067e-05,1.0800070065765837e-05,2.7515777668268536e-05,2.94545725903712e-05,7.69622254226487e-06,0.0001033056725023989,0.0001414449419326626,2.3084294219243286e-05,2.0300111030344223e-05,1.911204526499142e-05,2.1664569917484473e-05,1.720610365061356e-05,0.00016144874380005374,1.1289698476321086e-05,9.372325589717548e-05,3.0407977641991947e-05,1.9197393786472244e-05,8.882361184645295e-06,2.002644862780072e-05,2.2590008700378e-05,1.9433867695969866e-05,2.811815100657911e-05,3.255886204116609e-05,1.727402675038497e-05,3.057826603968265e-05,1.4946165637847004e-05,2.1064265512223566e-05,2.7935634406870413e-05,1.4898473483373369e-05,1.2499342369310882e-05,1.697700302219291e-05,8.730974970050567e-06,1.6002846220625724e-05,1.490457544446822e-05,1.8921117406621765e-05
PWY-5941,0.0002119996581475764,0.00015378244156415027,0.00014732106077430278,6.671187550711427e-05,0.00027483415969810956,0.0003216222111584087,0.00032826287648780373,0.00030404845080352885,0.00033203839920018614,0.00021426460709478862,0.00014531089704083227,0.00015415903510204913,4.7208582520900304e-05,0.0001961249671980565,0.00035126606946800105,0.00017882870271545718,0.00029325675441131536,0.0002913336423128134,0.0001675311465893052,7.135889879634496e-05,0.00010726419947456983,0.0002872292403127256,5.208218547237223e-05,4.025111694711069e-05,7.216522540296482e-05,0.0002605343781460701,0.0003909851587950852,0.00031028455750580023,0.00019280101049826357,0.00037086010768603726,0.00029635622855314555,0.00024009846765307274,0.0003728073401100797,0.00031184675447639635,0.00027616793940212674,0.00015764412579936227,0.0001806593462473888,0.0002858007889999657,0.00021626196303477753,0.0001113986572567957,0.0001607142927071196,0.00022214782499193968,9.968223893471362e-05,0.00027667822432485343,0.000248615356667494,0.000250154981883537,9.009871215112486e-05,0.00023057092139119369,0.0001650987289029536,0.00027606550245725926,0.00021647823184496866,0.00018878995134999303,0.0002599105440985442,4.708365794100315e-05,0.00011693787073431757,0.0003617947550588261,0.0003583333730389884,0.000383005138383788,0.00028466895615219054,0.00022183767144328903,0.00010483445529579594,0.00031049692622482265,0.00016660557518482583,0.00017529318575840608,2.255898925049348e-05,0.00012671236628253077,0.00025038292475991166,0.00026904162265268075,0.0001906405885918606,8.621833714980504e-05,5.0417138306199245e-05,0.0001237998570612331,0.00011633806365197513,7.628193986883456e-05,7.008715687378726e-05,0.0002825733071676462,9.782433175521979e-05,6.860935384376045e-05,0.00010181854029225391,0.0003641002181793003,0.00028487776621370333,0.00010324061241220036,0.0002830256367901078,0.0003492858410625993,5.979276758274554e-05,0.00011039430825228793,0.00036328285523605817,0.00016572183451136287,0.00011037125891281528,0.0003987715848856826,0.00027317771380895226,0.00022293421097446112,0.00015464333835921767,0.00032992542896797557,0.00033910874415565677,5.2573077044924415e-05,0.00015434359615752296,0.0002477180395765852,0.00023452835926308425,6.42279149019444e-05,0.00026329772494282177,0.00028754340907036105,0.000218919267333244,0.00021025209306220957,0.000189288707317033,5.989075987801911e-05,0.00022515382407735322,0.0003073196474919208,0.00024346086115234147,4.936933178958763e-05,0.000370737181729994,0.00028263738459012773,0.0002432818950135354,8.899309732352278e-05,7.00687588139129e-05,0.00024122621633235265,0.000297171682024787,0.00025207917305780506,0.00020309507261175123,0.00010918671244227712,0.00019197687594859752,5.755035964092227e-05,8.682939828296271e-05,0.0001906399178299071,0.00014909083380773385,2.468301045810024e-05,0.00023979151981461564,0.0002596330977686503,6.484654097039443e-05,6.96037525193781e-05,6.476070824802058e-05,0.00017121549737113896,5.239018011635435e-05,0.0002798251077617935,0.00012047042062685707,0.0002703896666651992,0.00020930498999616873,8.253650879413688e-05,5.0230891938458915e-05,9.163074001848214e-05,0.00013187990421410122,0.00012415761757049074,0.00013881448113291987,3.441141904215445e-05,0.00013569026564255997,9.908206204384688e-05,0.0001371083867883415,7.288132464606406e-05,3.9105406026701145e-05,0.00014404448829766607,0.00010800147204398155,4.420942808374565e-05,8.182951944884412e-05,0.0002229651792354265,9.762701420881623e-05,6.89816608847147e-05
SER-GLYSYN-PWY,9.143465968644174e-05,7.578174551789188e-05,7.632681488501143e-05,6.921917376382592e-05,0.00011564049963706249,0.00013462495993452634,0.00015487703958762716,0.00017863027813120095,0.00014449859803546724,6.810154048157772e-05,3.674135430551035e-05,8.005436735260053e-05,2.9525336506204977e-05,9.445852309902149e-05,0.00017011761046337864,0.0001074519355600911,0.00012155034349064077,0.00014991712948786385,6.791716425841769e-05,4.3454545028879404e-05,6.863543571841256e-05,8.935145701130313e-05,8.359621035810434e-05,2.956690261688967e-05,6.173906650390012e-05,0.00012211455270643375,0.00018877589284672688,0.00017811088890021297,0.00011601486411017978,0.00015759407211504099,0.0001308484303150376,0.00010192462030621955,0.0001537357506208879,0.00011117385211089029,0.00016025054905346214,8.312234810286635e-05,0.00010076941128845767,0.00010082882541257045,0.00020382781360483662,6.356527586338088e-05,0.00010191970711433902,0.00011201494867349724,4.2947593661458724e-05,9.993047692911214e-05,0.00010192044071857101,0.0001601425620529016,2.228576825780029e-05,0.00010166950746970202,8.230426470765088e-05,0.00022189425636270037,0.0001644957717256062,9.632063822733849e-05,0.00012293367476784748,8.297667129251661e-05,6.592645540832926e-05,0.00014126639898928383,0.00013217356623879175,0.00016877181680925772,0.00011458543227651611,8.49673704074865e-05,5.745732314389338e-05,0.00013087450544366601,9.53555146829846e-05,0.000111055026980714,4.104024636273702e-05,7.500446486527578e-05,9.545460308028189e-05,0.00011036388867290793,9.744443385055022e-05,4.717592895506321e-05,7.161651001936527e-05,6.315800538611883e-05,9.728911318044844e-05,5.319243753677251e-05,4.186660578243853e-05,0.00015048938596012726,9.166422068881805e-05,5.987189016596975e-05,6.304252173203982e-05,0.0001708371911133998,0.00016769125426218594,7.244194604581416e-05,0.00011091977570204528,0.00018578938593000386,7.505015037685491e-05,3.815466301610921e-05,0.00014399369299952468,0.00011451618089592886,5.455879391615584e-05,0.00017574873807146846,0.00012174520868952864,0.00016675509286133032,7.174467935230685e-05,0.00013397112562981935,0.00015903041841604416,4.1146319539047405e-05,9.976686862532962e-05,0.00013208222478868165,0.00011107429237611335,3.854669869109502e-05,0.0001152321861692592,0.0001480656147978861,0.000104451301854108,8.511569165256214e-05,8.768559560105543e-05,7.097295723085599e-05,6.176082056723054e-05,0.00014283862502670482,0.00015414939990552462,1.782009078506357e-05,0.00022806855580468502,0.0001327663049253678,0.0001167828651400558,7.099968314991881e-05,3.3425656696874e-05,0.0001308029751300631,0.0001858127122818832,0.00011564446655425957,0.0001358608969978341,4.506600267447999e-05,0.00012336808021140157,5.125803412290475e-05,3.947486549575038e-05,0.00011226299940541246,9.2281578121787e-05,3.185499140863699e-05,0.00016390517007821008,0.0001281624787547601,5.131618507236951e-05,6.612583338764409e-05,4.997806305667672e-05,0.00010166992200132245,2.3532809276785946e-05,0.0001614121037176471,7.002976210151359e-05,0.00011291747939440272,9.850292213558051e-05,6.320054203881397e-05,7.545620903352256e-05,7.312455429795168e-05,0.00010651277557082042,6.104226109562008e-05,8.348903766075803e-05,0.00013307516866258484,7.333685989876541e-05,6.662641037071305e-05,8.389416557549494e-05,5.784337914141759e-05,8.926293862652469e-05,9.089181673773081e-05,3.537953021319488e-05,6.921068287167316e-05,3.130880381056147e-05,0.00011885263028479925,9.27153922453653e-05,6.669455117856279e-05
PWY-6147,2.3385189984839086e-05,2.7399201093019877e-05,1.9373199426471955e-05,2.2466282558861316e-05,5.413028947086614e-06,8.868891342731307e-06,2.1122662094640268e-05,4.66084345529659e-05,7.53467526729368e-05,1.1979875491840225e-05,1.4870352399209177e-05,3.6372646806234606e-05,3.818782944857159e-05,1.0346646044524542e-05,2.4961647155570615e-05,1.59259993937937e-05,7.4583659238431025e-06,6.055422704082095e-06,1.4929486225459847e-05,2.1962062452258484e-05,1.7937666189541975e-05,1.1290054746081045e-05,2.8692166626868095e-05,2.0058270984405915e-05,7.995049817548806e-06,1.002623689566248e-05,1.9109003892975094e-05,4.232271465109178e-05,1.2645336982108848e-05,4.930922492487007e-05,1.04515220863762e-05,8.68788234909444e-06,3.9610317106169e-06,1.0080444678688076e-05,1.3898708740713924e-05,1.6825816308004264e-05,7.842933661702353e-05,1.5381507245479615e-05,6.747340454010009e-05,1.2683875304682072e-05,9.058539291057507e-06,1.2193729215332397e-05,1.2374101303904402e-05,8.785463575776953e-05,1.4096480386744032e-05,6.695769033453595e-06,1.590401826902603e-05,2.0654014420902958e-05,1.2093987675774845e-05,2.1112899988972416e-05,2.6749816559384587e-05,1.7667486544168753e-05,4.774432479582769e-05,2.2390698591575207e-05,2.4519241168842956e-05,8.959896020648379e-05,1.2871762327721003e-05,3.2267675344612245e-05,1.653036403065082e-05,2.0028138084903424e-05,1.3185043189199267e-05,5.893483736039118e-06,3.8188936727124464e-05,5.834650065403326e-06,4.402074285741696e-05,5.297586559584533e-05,7.687161142379433e-06,8.074281485162818e-06,1.4589861730576667e-05,2.897887336266635e-05,7.002227123737231e-05,2.6722207985936815e-05,7.981285595279863e-05,5.3560549407276674e-05,3.2080676838840255e-05,6.411607966808374e-05,0.00010173881757087777,9.7530199101007e-06,8.441116640535784e-05,6.9453470142776e-06,1.43114435294728e-05,2.4141721909876477e-05,6.125107301518541e-06,4.43332720275549e-06,2.9753250522390516e-05,3.44842485865631e-05,4.026065413912191e-06,1.8432250186484847e-05,1.477263667202849e-05,1.683511144434732e-05,5.3233835419301354e-05,1.2533380138195461e-05,1.1572614082306088e-05,1.1927555969847337e-05,3.734050000255738e-05,1.542759797937834e-05,1.282013171864345e-05,2.0323518069676617e-05,1.2538709583426503e-05,4.40928719325362e-05,1.5426160996965492e-05,2.0095123229240786e-05,2.4008741524918797e-05,1.8809791225298207e-05,1.5957679631518042e-05,1.9369129609442618e-05,1.2599246869895207e-05,4.6511542941645536e-05,2.3446173929443326e-05,1.1979957952561016e-05,1.0390291124855028e-05,4.3226220144348744e-05,1.7717946217196013e-05,2.1771634122164458e-05,1.711496505809439e-05,5.031275659708134e-06,4.2797246830482266e-05,1.0841251877234532e-05,2.4598008709057486e-05,1.6129031041767512e-05,3.761240646212085e-05,1.7104897854435695e-05,1.746458676233601e-05,2.884514363194463e-05,5.3840764673029364e-05,2.7912234533865903e-05,5.9369055960162956e-05,9.894693999965064e-05,4.6121944711871266e-05,1.2732981424998276e-05,1.5129050240492751e-05,1.1599953001987404e-05,8.754948770047659e-05,7.634028079148143e-05,4.0969616238213385e-05,4.5419038352523224e-05,1.2409696210600216e-05,3.98959498240963e-05,7.33267253463313e-05,6.045512004200689e-05,5.478070785132155e-05,1.0538138479462285e-05,4.7524041574822565e-05,0.00014255207706969064,3.0418707122979314e-05,8.958609635607349e-05,2.8799910602008578e-05,2.9738026506220042e-05,2.606406916710878e-05,1.3998760784992459e-05,2.863122281153059e-05,2.201643413438553e-05,1.0916858100014871e-05,3.352801116333826e-05,2.3007345593398003e-05,4.416255753223868e-05
PWY-6703,5.9420787563055695e-05,6.184962365839803e-05,4.5507621864533185e-05,6.05861860510491e-05,3.9050439756375825e-05,4.922434122755717e-05,2.404721363042599e-05,7.609384081014309e-05,5.585441654731209e-05,4.001556955533267e-05,2.952195259573148e-05,4.1646370074981694e-05,5.566246982403509e-05,4.949891644447954e-05,0.00010291198458517984,2.5169385777618803e-05,8.236857201325722e-05,3.7305449496450345e-05,3.6456026241186414e-05,3.385693391019298e-05,2.750198653433962e-05,2.8159488770510352e-05,3.155845908210692e-05,2.9745531438955658e-05,1.2791841526883122e-05,2.839864429616071e-05,3.236298217885524e-05,2.5972529920967992e-05,4.747759029637223e-05,7.201897298071042e-05,5.242376459529832e-05,6.150854472338811e-05,2.432141316987723e-05,3.2037266900556586e-05,0.00011989989453782717,5.723550809031119e-05,7.520175935464065e-05,9.706475242587413e-05,9.536562474626455e-05,2.8761939571032747e-05,4.7328967959882886e-05,2.44974764413373e-05,1.2418866139379596e-05,7.436308685608655e-05,2.542470840588291e-05,3.976540944360626e-05,2.9676130314889185e-05,7.123877630758913e-05,3.295823961494307e-05,4.893825531465563e-05,2.8413412799663325e-05,4.0200085116138504e-05,8.288910619486587e-05,3.700481182347067e-05,1.6502190230265807e-05,9.669568025734936e-05,6.999750303517954e-05,4.343333497984431e-05,0.00010073735441739694,2.840415312253171e-05,2.946662961403203e-05,4.4583414923167334e-05,4.183827786881843e-05,3.355853177463443e-05,0.00010284281530670166,3.583779000153321e-05,4.8235450414627695e-05,2.1361613972333316e-05,6.736718356359205e-05,4.075168929474717e-05,5.905623800426345e-05,2.5799369719016383e-05,7.752018423902881e-05,7.002734393202277e-05,3.576944304038236e-05,5.396404426225842e-05,7.915734389726046e-05,1.2940173904537551e-05,8.512126253306633e-05,7.205655653771694e-05,3.284288937389545e-05,2.2727893882918678e-05,5.793614458124905e-05,4.140618192550403e-05,5.997486032414306e-05,5.855133049369818e-05,8.537495978905028e-05,2.7678167009142777e-05,2.5303822563281725e-05,3.0383647807976655e-05,8.364077315664554e-05,3.524362767753434e-05,4.5942535564479715e-05,9.783212263579161e-05,5.897917771242478e-05,2.4234000709174116e-05,1.5683580625709376e-05,4.6340771300199165e-05,7.51525459809171e-05,2.519943599550119e-05,2.6548964669947995e-05,0.00011272806696271484,4.778775234371625e-05,3.020261926433604e-05,3.696120747837551e-05,1.819550879279131e-05,7.09104186378478e-05,4.537535570421838e-05,2.3481570117708168e-05,1.7570300350463575e-05,2.7693898135602982e-05,2.7640506190323357e-05,4.2500422767075786e-05,5.91719293765642e-05,4.7328993264269293e-05,1.436135766814218e-05,4.1294883661863844e-05,3.173729572739307e-05,3.966150286526513e-05,1.4102098505786493e-05,5.569043764282832e-05,2.3621126741061876e-05,4.425091282260615e-05,7.00268297414776e-05,3.7950013199467534e-05,2.9497305629066833e-05,0.00010843471284485312,0.00010296620905581925,5.5293936460383116e-05,4.526035288258429e-05,1.866730212352931e-05,4.288850237875705e-05,8.968707699233098e-05,0.00010156359421994772,6.192046316910802e-05,8.132795974244345e-05,7.031084533350875e-05,5.966740273119515e-05,2.5353010265221845e-05,0.00017037288939059005,6.556364433054005e-05,3.583658595085273e-05,6.106068821348955e-05,0.0001324761171005247,3.312961194291209e-05,0.0001484779707907244,6.711019495136046e-05,4.1252089140545664e-05,8.717067135551729e-05,4.8967800870171545e-05,3.4331735470960874e-05,4.3652420059592085e-05,9.898433829547279e-06,7.112263258865393e-05,3.160283164202782e-05,4.529859124028985e-05
PWY-7991,5.914593286211635e-05,4.662185531613411e-05,5.350805363510129e-05,9.105014353044967e-05,9.188570594943307e-05,6.695823494723607e-05,9.398551867161376e-05,6.145145514706585e-05,2.0008645936365172e-05,8.928153231845463e-05,4.640213046801095e-05,5.9924796642939906e-05,4.159961587051478e-05,9.603837941893823e-05,8.327363487754001e-05,3.116276386875495e-05,0.00010715621670586261,6.848864128335801e-05,4.74568545382082e-05,3.1697981587053384e-05,3.2336938719725165e-05,0.00010030199423920502,3.832305827934347e-05,1.9616034809306133e-05,3.650267718973967e-05,7.15057502586103e-05,0.00010148749732970304,2.019337629041013e-05,5.640339422751478e-05,5.1417887790097065e-05,0.0001326255188661776,8.892869411287743e-05,0.00014138799308046889,0.00012880538934355334,0.00013561164083322297,5.0989576190770046e-05,5.153059653025274e-05,0.00010801142196063026,8.301369428945579e-05,2.13272297798465e-05,2.3800718934933893e-05,6.570545676569739e-05,2.0680891851297358e-05,4.3882920722789336e-05,9.031941406309128e-05,0.0001107281589280929,3.262952985791534e-05,9.349037027815646e-05,3.0399750852768888e-05,4.4713399661228e-05,3.203584897890615e-05,1.1943862953547324e-05,0.00010347780119154621,1.110642566346075e-05,1.8614143101945043e-05,7.582434765302362e-05,0.00013165307538176747,8.042578319422558e-05,6.75798458622153e-05,5.406530052999783e-05,3.696465614150043e-05,9.588818352755215e-05,6.195925998377407e-05,7.975630247899765e-05,6.392745297995837e-05,6.684009014411394e-05,7.045797100159226e-05,6.925172072876805e-05,6.623285558154977e-05,4.0181099086482306e-05,6.790574633015548e-05,7.169945623560022e-05,1.8633323456334467e-05,3.107652170281689e-05,3.3430270299105333e-05,2.5594918573912388e-05,3.469113107536232e-05,8.667048159311544e-06,7.925526718403576e-05,8.156316514128836e-05,3.620529797006566e-05,3.8679824481677016e-05,8.086700819179309e-05,7.185405416379863e-05,4.545646907577078e-05,5.730855301753577e-05,9.696768336696865e-05,2.6628668575852283e-05,5.074896579874161e-05,5.6101948625943426e-05,4.374958290005621e-05,5.5824504357440346e-05,0.00011089191802603176,0.00012453095750355588,0.00010497962529666342,2.5624647762423948e-05,6.143559287035445e-05,9.542458166753639e-05,0.00010621336160037247,2.575950056101623e-05,3.739620379494753e-05,0.00010798739717734138,9.025446628882588e-05,4.633146291748349e-05,6.214934815614536e-05,1.1687817024218107e-05,4.6778003664762184e-05,5.071914171355645e-05,6.011291452045101e-05,1.3118819535964035e-05,6.708983386633912e-05,9.042903722662042e-05,6.427892313338549e-05,5.084982739604145e-05,8.656555926463305e-05,0.00010783744349246335,8.3941813940232e-05,7.639510387913749e-05,7.554196475132307e-05,1.69048725068138e-05,8.347832543563612e-05,2.3668659303172577e-05,4.820828461681868e-05,0.00011348760476812283,8.531381290099348e-05,4.6242882348708504e-05,0.00011772457374611534,2.7120114446946655e-05,6.250398224627448e-05,7.752018501384134e-05,2.1794776526121875e-05,8.485683374717859e-05,7.837683529216979e-05,6.634108328058857e-05,0.00010554919502046346,6.340821037129124e-05,0.00011768784997872425,1.9066316625765703e-05,6.590063747864175e-05,0.00012086492000131955,7.292891274392275e-05,5.499731027770028e-05,4.513128704586687e-05,0.00015121771251908598,7.633376100484597e-05,9.890394068414038e-05,8.48294585013967e-05,3.989512352927659e-05,7.85099840485039e-05,0.00011308061662917903,0.00010501608426608341,4.170896138423891e-05,3.0015195387060572e-05,9.135241259477458e-05,5.332018802418173e-05,1.2236581196180658e-05
PWY-6606,3.7733084708402384e-06,8.219162324139165e-06,3.059426979027226e-06,7.140985891134743e-06,2.3281089199217887e-06,3.896958901960858e-06,8.45884383574317e-06,1.3095943446447028e-05,7.94045122510309e-06,2.907022633587829e-06,3.646766385953007e-06,3.6854823426628823e-06,3.074232074026698e-06,2.435035504507459e-05,1.0371301295810112e-05,2.861239438867286e-06,1.4229528751675331e-05,3.825190349523542e-05,1.751561434917004e-06,5.029105334322523e-06,2.522054165410614e-06,3.4097118582153664e-06,2.754672183703262e-06,2.7641924440296104e-06,3.4434337921508194e-06,7.135073389171469e-06,6.262194821636335e-06,3.958494606790326e-05,6.641850604338489e-06,7.48478078776562e-06,4.49421112798813e-06,2.9132352526423825e-06,1.3768822807228331e-05,1.3211170947449184e-05,7.309249440732543e-06,3.054185969784095e-06,3.756704721911947e-06,3.0842514984642608e-06,2.7156033654964987e-05,2.9820931622955986e-06,2.6508024973027903e-06,4.009968782223414e-06,3.1427921041830777e-06,4.189675455408727e-06,7.990992698650664e-06,3.4836288306574028e-06,3.642725905238676e-06,1.297331527409347e-05,2.8070023365905933e-06,6.135758893722624e-06,8.529214428275133e-06,1.0092597149569495e-05,4.7137463718452635e-06,6.784412798751429e-06,2.0371832502552315e-06,7.312050295656446e-06,1.0252281496822655e-05,1.4287235792017963e-05,4.8782043147568565e-06,3.738868377117863e-06,8.502299131007556e-06,3.1810960957929713e-06,4.394473066352548e-06,9.803050325843156e-06,8.118196704984262e-06,4.616037144893155e-06,9.552909141797614e-06,4.103093777757418e-06,2.678765893610924e-06,2.8035094513101327e-06,3.0672535224824725e-06,2.9754382882693488e-06,3.478892275717375e-06,3.1540340070406436e-06,2.9171029417658838e-06,1.2103348912805067e-05,3.1772830323909463e-06,3.0490190977683407e-06,3.1971566950605063e-06,4.964830991356493e-06,9.992285555639686e-06,2.987996767465395e-06,7.093432319308155e-06,5.896634901696799e-06,7.034376129678227e-06,2.9311130669413233e-06,9.468065844945414e-06,4.595101560485688e-06,4.452241309523538e-06,2.2200400455231005e-05,4.42157227042794e-06,1.1744447947389488e-05,2.3681382327267738e-06,5.0193044407306376e-05,1.2311227385358443e-05,3.21129471402086e-06,3.3898529802582447e-06,8.955146528368762e-06,3.0160552422843196e-06,3.96389180570595e-06,5.158706273052069e-06,6.859038079769991e-06,3.4997135498821163e-06,6.459818340982079e-06,2.5362968653781504e-06,7.317157841578039e-06,2.2050912541905965e-06,1.6079470089908992e-05,1.0416981479134036e-05,2.9344768869675423e-06,6.857690346186994e-06,3.210280652912772e-06,1.0223008658475746e-05,3.358277674031556e-06,3.0024504921918555e-06,6.2147027211949285e-06,8.957990679868765e-06,5.570945661323647e-06,1.2794891062533461e-05,4.124977064370161e-06,3.3903447810871035e-06,3.534079421371519e-06,3.420086421658968e-06,2.42415269931805e-06,3.68125135949258e-06,3.6673770091904344e-06,4.639652332125388e-06,7.45406012380167e-06,2.932621237372617e-06,2.4525787693235988e-06,3.938412007410352e-06,3.809353310122656e-06,2.518525728475832e-06,4.994638597954505e-06,3.3349294614704405e-06,6.6704329383297495e-06,8.501296622585581e-06,3.889355057170072e-06,2.5053532759693036e-06,2.876665102642207e-06,4.177697242012331e-06,2.406830739702258e-06,8.16892195251809e-06,3.225613803290478e-06,2.4210907872946062e-06,3.3152669254557766e-06,2.8327690616193443e-06,8.294517934978098e-06,2.9918304010180117e-06,4.219084061823791e-06,2.828814827388683e-06,3.1661655409793926e-06,2.9271577077248003e-06,6.851188837310635e-06,2.833791674767034e-06,4.463567997707582e-06
HISDEG-PWY,1.7352609234121633e-05,1.1706371790621526e-05,6.8229877594922616e-06,4.667501412338632e-06,2.2700184268764614e-06,1.3482166805299691e-05,3.2925668233600496e-06,2.0686772455752393e-06,2.1447163105201054e-06,2.5851804800737446e-06,2.592039936179846e-06,3.670550815048053e-06,5.182098162387256e-05,2.135316226143908e-06,2.846085519821676e-05,2.239955813737048e-06,1.7400971932395368e-06,1.4067236438595422e-05,2.687929221081518e-06,4.117115086185683e-05,2.953634937636389e-06,2.1105738324847075e-06,2.313387440345256e-05,7.0586449885345724e-06,8.724116430934221e-06,2.1741371422307245e-06,1.1226905985592924e-05,4.2807932223321525e-05,1.6000248341649236e-05,3.809000654484866e-06,2.74708304081666e-06,9.810138637965492e-06,1.6716211952621793e-06,1.315443549844198e-06,1.5788480210397256e-05,1.2289387027690199e-05,4.626137272574265e-05,1.0883784447538769e-05,0.00012390427400361682,7.78461821142368e-06,2.555512221123521e-06,2.7153630139616724e-06,8.202081018449693e-06,2.696594739111056e-06,7.698993064506326e-06,7.112833855490438e-06,5.1430059610835366e-06,2.67975584280691e-06,2.5303049499548173e-06,8.769488039555934e-06,7.5228359716740836e-06,1.058416067164199e-05,4.4983531897473375e-06,3.3595784264682223e-06,1.2409881071496478e-05,2.4369702008908144e-06,1.7715220886860166e-06,1.6716940350541227e-06,1.355776200969261e-06,2.4888752153740007e-05,4.586253011326583e-06,2.3817374038867074e-06,5.463205949343945e-06,3.3053407374144386e-06,5.3656366597729735e-06,6.59822764382413e-06,1.5664075341754067e-06,2.9474426185411856e-06,2.415176802862569e-06,2.7919103600646276e-05,6.809768381313732e-05,8.247441370876463e-06,4.2540214896476864e-05,1.5852342917846737e-05,1.399313933715785e-05,2.4587525770694003e-06,7.644747490076754e-05,4.904579560596866e-05,2.7332300770430837e-05,6.105180071823725e-06,1.2561124064563966e-06,3.201156418206239e-05,1.2943320143413955e-06,2.720329373034398e-06,3.0178971823406526e-06,1.8802956008513754e-05,6.162697110353558e-06,1.3298250038297937e-05,2.5562104461594177e-06,2.2788215543017607e-06,3.8919371124640325e-06,5.232438924017547e-06,2.479706593721646e-06,1.5139469857592912e-06,5.475515521955408e-06,1.3815380343749604e-05,1.0971347837680953e-05,7.923159160838909e-06,2.0065149415319435e-06,3.656721662604539e-05,1.505668894789461e-06,6.81279476858084e-06,7.647824235432978e-06,2.426963725544666e-06,8.838774999402555e-06,2.438540090895073e-05,2.5297408361885923e-06,3.2392296501748763e-06,2.2345969083997203e-06,1.1669568407424655e-05,2.895176840221207e-06,8.318674569203492e-06,1.5207916748708174e-06,1.6622873747141155e-05,5.537714477477642e-05,2.3400192935189695e-06,2.2699933978198035e-05,2.8929813371991443e-06,2.487042677529826e-06,6.736920962434467e-05,1.395683978693724e-05,8.94482943904174e-06,3.322612977920251e-05,1.1290916704146733e-05,5.067220791906445e-05,2.3634488937116452e-05,6.203223472601829e-05,5.239508350994807e-06,3.0956213778203256e-05,1.329202730298734e-05,3.323832630584126e-05,2.7225994525879634e-06,2.708349421939447e-06,4.898943524649016e-06,3.821054809052322e-05,4.905182831974471e-05,2.311166951403961e-06,1.8727093574295328e-05,2.5353633626589334e-06,0.00012027437234583515,5.150107486465012e-05,1.0164632905022539e-05,1.1204296400889931e-05,0.0001350628009428536,2.150480211341052e-05,0.00010694624701674666,7.329766969712282e-06,9.842389332934805e-06,4.40771384757805e-05,2.559772853886776e-06,1.0744172173690565e-05,3.2822658769622625e-05,1.642123709898721e-05,3.0886171193386344e-06,1.2544808278102232e-05,1.749288358708291e-05
PWY-702,1.5945646128966882e-06,1.352896258538795e-06,1.8124548055576637e-06,5.064290903476228e-06,1.08507952751734e-06,6.736639363761851e-07,7.512927454510181e-07,1.4302180732946443e-06,3.5724328655610375e-05,1.079270870115512e-06,1.4025306553307565e-06,1.0185397738088082e-05,1.7997251045690972e-06,4.7359548516939535e-07,4.798440130086742e-07,1.565544492802377e-06,4.954009758527251e-07,5.513821987407685e-07,3.842379682973717e-06,2.123595920386694e-06,1.548398120934979e-06,1.1483765475286646e-06,1.951903381125422e-06,1.9857198222308106e-06,2.553443741338042e-06,1.3235865677838113e-06,2.374966667665537e-05,2.2914851639890382e-05,1.0593012137629946e-06,9.429982793590045e-05,9.192894357280853e-07,8.216102991404807e-07,4.1326931680225937e-07,5.039892974018507e-07,1.4101032798067589e-06,2.3151911300160255e-06,3.7786437889220185e-05,1.1586938997135188e-05,1.496906974783717e-05,8.179066831354115e-06,1.4418558187675136e-06,1.1678122804046087e-06,1.2396704461741478e-06,4.575701405357707e-05,3.176777954187711e-05,1.290396727879402e-06,1.4969654674655073e-06,1.0550645114332309e-06,9.986076885322063e-07,1.5573471756927955e-06,1.5410717187377272e-06,1.2973779020374085e-06,3.5947855403633384e-05,1.951225416064621e-06,3.000880386240265e-05,3.1399107515067936e-05,1.1244414517588101e-06,3.338485598208748e-05,9.204965714146615e-06,1.4179703713530675e-06,1.708610315693562e-06,3.4378952349494507e-07,1.6185223882347481e-06,8.221774517685652e-07,4.54940344353826e-06,2.6323421797647457e-05,9.707411440969205e-07,7.934728850230695e-07,1.3093547805732488e-05,2.1327824507141024e-06,2.1344115688975177e-06,2.011538721797143e-06,1.091761794472123e-05,1.927536704194685e-06,1.9054222921579394e-06,9.58900263835443e-05,2.130538455276972e-06,1.8297163495883403e-06,1.1242610454138612e-05,1.6418141280486395e-05,1.0555956454245798e-06,1.0865900589789452e-05,4.7204678496296876e-07,3.8334469604002694e-07,3.1086235251005283e-06,1.5009147812852297e-06,5.471848685129216e-07,1.485523925158778e-06,2.142300318019849e-06,3.0860323421216855e-07,7.813093156666064e-05,1.102427149569958e-06,1.941762518648871e-06,1.638077592327493e-05,4.219389978476755e-06,5.176876476417202e-06,1.2610103307533582e-06,2.3836559414920002e-07,5.540378025722871e-07,1.1077544815760988e-05,1.5060206179192133e-06,4.807245084545892e-07,5.394083085665542e-07,6.911198201201879e-07,1.590821329576302e-05,1.6230263693432328e-06,1.1722388060327191e-05,5.080907564346493e-06,1.1609933110927653e-06,1.784073433282714e-06,7.586556198691467e-07,2.5582866641003932e-05,3.4863871519506796e-06,1.4082657254866052e-06,2.4473031203364806e-06,1.1944990112380693e-06,2.1710635949743987e-05,4.6476559121243914e-07,5.134072758401432e-07,2.367053071075856e-06,1.3584309400966992e-06,4.007703157596434e-06,1.7624864464500905e-06,1.1953865125314386e-06,2.308401937570539e-06,2.0637635035404874e-06,3.955923832456405e-05,5.16020329986508e-05,1.6630204768899288e-06,1.0122794007392123e-06,4.017438879881149e-06,1.0981167590730124e-06,2.432060764704537e-06,6.757127904339639e-05,1.491628109579901e-06,8.243741861446724e-05,3.0243239998548695e-05,1.9569316936176775e-06,2.497291340577445e-06,3.874711920476602e-06,4.563525394808895e-05,1.1162219596962009e-06,1.6929399254315809e-06,3.066335666730579e-06,2.043715487021616e-06,2.593814573462109e-06,1.0330942932392439e-06,3.3569669732283713e-06,2.397426280375566e-06,1.670820855189132e-05,2.057076560083016e-06,1.458859210361186e-06,3.6014582075548225e-06,5.230730687478228e-07,2.0466160440001535e-06,1.8637872443688652e-06
PWY-5695,8.450901150373784e-05,1.7308552585037702e-05,5.8672646759471645e-05,3.900285159559591e-05,9.096340379975647e-05,0.00016597675020416563,0.00011066152522042976,0.00011079955041485213,0.0001372749048409215,1.5892412278396067e-05,9.380873835163299e-05,0.00011644301475835275,6.209938904191837e-05,7.844398333442983e-05,4.488800698144422e-05,9.042224976687267e-05,6.945344320714007e-05,0.00012775656140811317,1.6181785813999473e-05,4.810674644594743e-05,8.69506442096857e-05,6.766141892778709e-05,7.400210472863729e-05,2.1438822951159723e-05,2.8490634865058524e-05,9.340704286605868e-05,0.0001661974387934309,0.00010872367188799845,0.00010563708213668936,0.00015214828817033325,5.95901473195798e-05,7.831104847170763e-05,0.0001273826355702533,6.791875513564084e-05,0.00013086421460609335,9.480777914613229e-05,7.421876474731197e-05,6.588014902878818e-05,0.00011639841606598781,2.9138691070044378e-05,0.00011360308819287925,3.5012471812745485e-05,8.55741604992901e-05,0.0001225823004981007,0.00011887226531139405,6.21095945373676e-05,3.508404123357904e-05,3.9103463845254566e-05,5.0711260041583227e-05,0.00013845293605236434,3.383390591802674e-05,7.437711639163938e-05,0.00016428254773800125,8.124928291012594e-05,5.449744550478229e-05,0.00017344669465291446,0.00014556729753046105,0.00014064337308701257,0.00013261243733738744,9.097428364985999e-05,5.56720654185959e-05,5.9179133008698785e-05,8.090965789359328e-05,9.141702920691733e-05,5.969036281215195e-05,0.0001291964382122379,0.00012071075680760457,9.63712120594355e-05,9.071568190883997e-05,1.4998100810659365e-05,9.570078306259206e-05,0.0001086661517009704,0.00011770023786844918,8.532790980861804e-05,4.837329383325463e-05,0.0001536335664737502,0.0001055036583741322,3.7439164575308824e-05,8.681813409017575e-05,0.0001448951546055891,8.242883549758859e-05,9.120310953696449e-05,0.00012747178960301577,0.00011527739662520157,7.373649777395949e-05,7.257578747662745e-05,0.00014878231625813296,5.788471201956373e-05,0.00010168249928390116,0.00014521788067728292,0.00014156776409545674,8.662856323864044e-05,1.3311647029824076e-05,8.530920018741461e-05,0.00010892879882622706,4.621181829513173e-05,3.846992861934889e-05,4.858101194223822e-05,0.00011296326753031756,7.440879019447066e-05,7.338891013683409e-05,0.00015943689709286063,7.718642853914519e-05,6.888710142230166e-05,9.354767136538202e-05,4.6971054545437226e-05,5.3320659145847066e-05,0.00016606996180263469,6.7352781303643e-05,7.856245112181643e-05,0.00010409409303690158,0.00013592735448532322,8.759537339346716e-05,8.193094824004238e-05,7.694996993338433e-05,0.00011956696247060907,0.00012404466918619164,4.744820014955577e-05,7.461597338314616e-05,2.7835080895454967e-05,6.303963018076288e-05,7.971338725391112e-05,5.121160289791623e-05,0.0001247362484480025,0.00010139274093802401,4.068958474607298e-05,0.00019960667547183196,9.408739674326181e-05,5.2666417322574976e-05,1.2784695861818864e-05,4.5073855216374965e-05,8.859746248541324e-05,8.686609047454092e-05,0.00019854136708702456,9.744336696810527e-05,0.00016011623418061373,4.832244068175233e-05,0.00010055923353427057,9.861460629575912e-05,8.39636941166017e-05,0.00016643355125211376,0.00010514919514962701,7.188409886555523e-05,0.0001654784076334223,8.860700183082735e-05,0.0001245430288796115,7.457028213741242e-05,7.416560614981522e-05,0.00012619999725359897,2.9083115604854136e-05,5.006149449383789e-05,8.210514430060991e-05,1.6759832594567272e-05,0.00014737992003652502,8.299889367741314e-05,7.424297755223168e-05
PYRIDNUCSYN-PWY,5.311817084766789e-05,4.70284696883987e-05,6.144988190401595e-05,5.835387513081731e-05,7.282213796239757e-05,0.00013202822643181575,0.00014442517045376005,0.00010515641879699079,0.00010694998600837244,6.374804763463202e-05,2.679174861498035e-05,6.640778659309256e-05,7.423877156327597e-05,0.0001018204200589458,0.00012695047078730868,5.0032650202592e-05,0.00012058518918881942,9.525388437199833e-05,5.758827322602089e-05,3.867028223874898e-05,3.593290921392078e-05,9.046368375477068e-05,5.086340121523976e-05,3.701169377890758e-05,2.612063485288829e-05,6.917864773509491e-05,0.00010146875612034786,0.000130569620221274,9.247265084083204e-05,0.0001169017160949377,0.00011763962484541444,0.00011763536656284992,0.00013699465337097037,8.522029418710576e-05,0.0001409296560652339,5.106362475911359e-05,9.07903922016889e-05,9.11979117085643e-05,8.716837229845243e-05,3.771909781378154e-05,5.179697638308534e-05,7.861875722514507e-05,7.775709359019787e-05,9.817544950260368e-05,9.416615465874697e-05,9.00908282248977e-05,4.255230830132346e-05,8.136223992546757e-05,7.131099405096851e-05,7.868883004301781e-05,7.309681167801144e-05,7.319867047155005e-05,0.00010760238940117206,5.454059656452312e-05,3.118913251871306e-05,0.00010187382138543518,0.0001397983849815289,0.00010733203360537518,0.00016910673517608904,6.83684760407174e-05,6.0007932181706015e-05,7.040838197472605e-05,5.6393379464488586e-05,7.629346156902958e-05,7.426671614689103e-05,5.539333103665257e-05,0.00013126804379373622,9.23257092910297e-05,7.645512720576944e-05,4.344621832654788e-05,8.03696792610216e-05,5.260974135e-05,7.886160531296634e-05,6.920702720026034e-05,2.0421349078805683e-05,8.299129281118814e-05,6.915060750120887e-05,1.6459916083588154e-05,6.425359623016356e-05,0.00012186412294588645,9.870423578064883e-05,4.951733408460203e-05,8.80831467217672e-05,0.00013318933474996598,6.739354069323804e-05,5.0733321095750795e-05,0.0001181587029172655,7.056070713523572e-05,2.837572415874329e-05,0.0001788583755165126,0.00011914189817573389,6.811839144009381e-05,7.301236798895228e-05,0.00013186835042266364,9.434075954296549e-05,5.0131200645249586e-05,5.5900934706498904e-05,8.45153206366338e-05,8.743599230540796e-05,3.5718399628314414e-05,8.232177401627145e-05,0.00014090096623721715,8.481102635425374e-05,8.933483494225289e-05,4.6333036439723985e-05,3.9808038209300696e-05,3.5445437509765514e-05,0.000103658336018601,6.246606639002996e-05,4.365997088854114e-05,0.00015786138538374016,0.00011014621513755928,0.00011003913068844316,5.089234990967739e-05,8.313098696133376e-05,9.298060052996356e-05,9.252513368539881e-05,8.473470912585986e-05,7.965028926838716e-05,3.747954104410521e-05,7.528991911106462e-05,2.3573797856219907e-05,5.0025585584234616e-05,9.239052454564877e-05,5.969489666024551e-05,3.342509318559953e-05,0.00011101929884349008,0.0001126969174799331,5.406726620294891e-05,6.821549442660817e-05,3.514646460632626e-05,6.988811683236669e-05,5.71740012692278e-05,9.125499382706217e-05,6.829712728007793e-05,8.814177121882472e-05,0.0001145567907380628,5.867665904101824e-05,6.833977646628656e-05,0.0001298524025719264,8.919461733161135e-05,7.393637921009737e-05,7.868171976908955e-05,0.00013693298765643343,6.134762111152904e-05,0.00010328150267455736,7.523753366679473e-05,2.8147447227853695e-05,6.304070218511528e-05,5.6399777950482374e-05,3.248112300736018e-05,3.5623182062776816e-05,4.165368614690623e-05,7.423865239941978e-05,3.394386500657704e-05,3.721369906170062e-05
NAGLIPASYN-PWY,3.361795363165043e-06,3.079414005198913e-06,1.5142319223456426e-06,1.4677360431871866e-06,9.135611624218739e-07,8.378900512899868e-07,1.239689420824011e-06,1.2275510782633774e-06,5.528872385993025e-05,1.1664026578226225e-06,3.788118383533095e-06,4.761189141042138e-05,5.802091964654791e-06,8.787177658427485e-07,8.37936757317988e-07,1.4431582023112234e-06,9.131082510214693e-07,9.41081400060198e-07,2.375620640825516e-06,1.459551602068762e-05,1.6853624349717851e-06,1.0211591492279616e-06,1.7221050626869847e-05,2.293866564737225e-06,2.307197446230099e-06,8.709218257519637e-07,1.3710345358262624e-05,2.429594147329953e-05,2.2546644808487255e-05,9.985796565274034e-05,1.0915502806875552e-06,1.082865964776464e-06,1.5042480168981123e-06,7.06452513862738e-07,1.4575096296587124e-06,6.041836053212205e-06,7.034777331033296e-05,7.695352465474611e-07,7.397333278290005e-05,3.280996343222728e-06,1.3783722518928757e-05,2.180289675331417e-06,1.1980732214402718e-06,5.3291246764829147e-05,7.645255315648156e-06,1.536400474342218e-06,2.6086824651196903e-06,9.3530973281687e-07,9.520047524371488e-07,1.0364554202067597e-06,1.1162181063789715e-06,8.915576158750659e-07,4.8282148198273866e-05,1.3229784313444295e-06,1.629728339031797e-05,9.664072771549158e-05,1.0369866732637777e-06,5.577135783296169e-05,1.1278179105820304e-06,4.266690125962472e-06,1.4513564041320533e-06,5.886472021576834e-07,1.99651236671019e-05,1.0500955783015422e-06,8.963378624684824e-06,2.998562520360639e-05,1.0557398494036687e-06,1.0546248355912938e-06,1.278188604431788e-05,3.4375519912042242e-06,3.1417454357009015e-05,7.299814653551724e-06,7.458908521871231e-05,2.460025822081621e-05,1.4181891536655985e-05,7.435368491202148e-05,3.823388259776964e-05,1.2443757747945032e-06,7.065793264293709e-05,7.367232131571122e-07,1.0830511470942148e-06,1.678313907095565e-05,7.643175274717383e-07,8.972768969612974e-07,3.906414918892664e-06,1.6195705643678312e-05,8.919583465369885e-07,1.569335758542595e-06,1.4609076697935069e-06,8.604463781150675e-07,8.460997012941105e-05,8.114569445622193e-06,1.0249845698507169e-06,1.5781007868405492e-06,7.592039430298367e-07,1.551485026370955e-05,1.8677378319472448e-06,1.1208969105310824e-06,4.485317291246746e-06,2.8243988235980147e-05,2.7601151748685178e-06,1.441976654042969e-06,2.2263437765225877e-06,4.359093808720487e-06,8.528561060176446e-06,1.6048856199501332e-05,2.319168522742913e-06,2.23465194496726e-05,1.4198792671436555e-05,3.4368381873252475e-06,7.576474839724484e-07,3.9837917145063825e-05,2.1483772702644674e-06,1.7523441696650208e-06,2.65166774088294e-05,8.979605396109239e-07,1.7327139733481125e-05,8.07468098785002e-07,2.441474598486085e-06,1.6600937597679617e-05,2.629909839783637e-05,7.160538698655261e-06,1.2326517686802404e-05,2.4302130589610853e-06,3.367982755075585e-05,3.7590406889818494e-06,0.00010389717619898884,0.00011265692288772861,3.679973295919033e-06,5.25106229187568e-06,1.851525447786655e-05,7.246357256692603e-06,2.3714756250281563e-06,0.00010695104094895854,2.566911330303966e-05,4.525687806026281e-05,8.340839741365497e-06,3.109746365160348e-05,1.259332027601059e-05,3.454755278077843e-05,6.332806674910184e-05,2.654641282491561e-06,1.5073546125227338e-05,4.815171535127261e-06,4.764846272872568e-06,3.4529942440880694e-05,1.1721577939628551e-05,1.8738241225880273e-05,4.109767430137482e-05,2.5394076652486613e-06,3.087310665338244e-06,6.973260068160339e-06,6.382501084463356e-06,1.496794639662569e-05,9.304373685804523e-06,1.5637907212790784e-05
PWY-5130,4.721052682872468e-06,5.676144520782845e-06,6.361324196305173e-06,7.398251381051958e-06,7.65196725138416e-06,2.8719083837128367e-06,8.995686292826135e-06,4.41679256417161e-06,3.002142502105104e-06,5.743123696272195e-06,6.688467990016748e-06,6.336787386974085e-06,7.315460704166848e-06,6.837022430922774e-06,6.443136706809838e-06,4.9060186274161075e-06,6.933524213568063e-06,5.570838039669136e-06,1.4162433970887383e-05,4.5177974529399455e-06,7.322583463081016e-06,7.173834167712973e-06,6.889541624636299e-06,7.389205301194218e-06,5.042483245160751e-06,4.485790897693942e-06,7.117258224132452e-07,6.473421106008787e-06,6.5604675723818465e-06,3.512497286426683e-06,8.283127960512685e-06,7.048412988707433e-06,5.080152300916276e-06,6.359228693380478e-06,7.945804023036113e-06,4.517555847319679e-06,8.602687362901408e-06,5.5776340272095674e-06,7.862190144587597e-06,4.067155038925143e-06,3.831133579931421e-06,5.8152910724168205e-06,6.824098597936809e-06,3.2471126314922866e-06,3.999818256660493e-06,3.945556688873308e-06,9.304869093599443e-06,6.8980219517205374e-06,8.26386780184564e-06,8.448259058884511e-07,5.3272633656357785e-06,6.0488609228182365e-06,1.5343302989536747e-06,8.688068420574457e-06,5.421309090591757e-06,7.052303641020433e-06,7.238455918776476e-06,1.8337689208902664e-06,8.612894989869865e-06,4.739122192010614e-06,8.47420985205784e-06,6.119102394473989e-06,3.068753058880681e-06,6.4735339037114905e-06,6.779310804219951e-06,6.0860493484946305e-06,2.8396525897132517e-06,3.661028476977619e-06,6.740610391978051e-06,9.003914791197154e-06,3.0566110517091225e-05,7.650334012226316e-06,2.582440482193865e-05,1.0657416582423073e-05,9.297837475776682e-06,3.0581513065252747e-06,1.2099930615671439e-05,3.6398256527631773e-06,1.7170075917860072e-05,2.401358465481134e-06,3.3557825388839412e-06,6.972373504785114e-06,6.200295585231687e-06,3.761200048518894e-06,7.922397407315214e-06,7.073821785299807e-06,2.264807041183743e-06,5.216076761735546e-06,7.212705397051838e-06,2.125649407412269e-06,5.278356125064771e-06,1.0964366699952854e-05,8.933726298599289e-06,3.3052950282907857e-06,2.6327950389772495e-06,5.259723098658835e-06,5.724725250935827e-06,1.0028658226165647e-05,5.512256950245167e-06,5.303110464144096e-06,2.5280291755469896e-06,5.801115949562975e-06,6.448412918780605e-06,8.937934768551653e-06,1.5238032872029985e-05,1.6430722622493067e-05,6.90863347704365e-06,9.832244487217989e-06,3.131130889020022e-06,7.259540881188167e-06,1.7860821928166127e-06,6.186277910327771e-06,3.3895322231925026e-06,6.905699733502547e-06,1.9408882002052338e-05,3.058085670789756e-06,2.6231122952283967e-06,8.891559710486509e-06,2.666034078776987e-06,6.604051290965474e-06,6.797535216787652e-06,6.543308423950868e-06,6.5114537792472095e-06,7.020305038330956e-06,1.0160959198080872e-05,1.746489393085175e-05,5.920154176720232e-06,4.391288803548536e-06,8.051279054582931e-06,7.187298924969144e-06,7.878413749799832e-06,5.376185198916528e-06,7.857408108069509e-06,4.727421883305833e-06,7.209060698519781e-06,9.974850812238787e-06,5.523463273580817e-06,1.1561577762756445e-05,6.9200454439158e-06,6.419951887489756e-06,2.4998389467482787e-05,4.493203697217909e-06,4.257063421058003e-06,7.53660536785489e-06,4.037800292619486e-06,1.726615505127111e-05,3.64591159585973e-06,6.610967348548978e-06,7.0282334214556325e-06,7.956705003549305e-06,5.018190866702987e-06,6.4626105555750465e-06,7.0858923451655965e-06,8.298935129161611e-06,6.159045902826329e-06,7.473526437315764e-06
PWY-7761,3.5550586384739895e-05,3.111396461087456e-05,4.848733947591798e-05,2.9575308280310283e-05,1.7606142883108344e-05,4.349660519044416e-05,3.625771847823672e-05,7.50028482515172e-05,7.542465537838569e-05,1.2557286969037861e-05,2.9595189854498835e-05,2.195413025880147e-05,3.794847011254191e-05,1.6824255176264484e-05,4.615945682810787e-05,2.0982930646568852e-05,0.0001007845558189818,1.4182193781558119e-05,3.358318183763835e-05,3.065964759442307e-05,1.9119058609034473e-05,5.125263624588064e-05,3.72064216412853e-05,2.232344934430376e-05,3.101079106166053e-05,5.075772866892671e-05,6.012670562176891e-05,6.226669384709496e-05,5.314583843612031e-05,6.21887122351519e-05,2.9155505367643076e-05,4.028400238417526e-05,0.0001228076583688462,4.993207365270621e-05,3.7455421548931565e-05,2.610280822449941e-05,2.9259520549220176e-05,6.770708566136927e-05,3.5159322223036014e-05,2.35299969250915e-05,3.7268634647074636e-05,4.4882524988660774e-05,4.005150463028923e-05,5.933882321989149e-05,5.6524305118705275e-05,6.00790555943494e-05,3.514907306925687e-05,5.329342268821423e-05,4.192470122581563e-05,7.513794430852247e-05,3.263640678495378e-05,3.833371230478401e-05,8.409831742154122e-05,2.323967338719238e-05,1.255442428841714e-05,4.5007886868087186e-05,7.747736810767213e-05,4.0995131449298816e-05,8.53652764457984e-05,2.973662885095562e-05,1.680022838426048e-05,2.2968438562402402e-05,2.429327930936083e-05,6.472569774741189e-05,3.848272357039621e-05,3.0493006244674463e-05,1.7667815973582588e-05,5.5325433317677146e-05,1.710296585553616e-05,2.3855726402868836e-05,1.465712329021753e-05,5.658443874114291e-05,4.627551399654839e-05,5.937644469581519e-05,1.5617934292780467e-05,6.925516186900041e-05,2.325024104773493e-05,2.5324188516980313e-05,3.0140005750017605e-05,7.06898065668814e-05,9.800890685481974e-05,2.4195428586992618e-05,6.542792323177663e-05,1.6415501250766837e-05,3.0826277806578746e-05,3.848273447598325e-05,1.938924246634715e-05,3.4929321246384505e-05,2.4104526278361332e-05,9.544338730568182e-05,6.953881585905871e-05,6.0621931531828136e-05,5.142110955620707e-05,2.3072745156651483e-05,6.860006878897044e-05,3.177003826143429e-05,4.2953776430233936e-05,3.6008151085174216e-05,5.1890104740341223e-05,1.2632125403790256e-05,6.353301813835923e-05,2.7376813483887853e-05,7.142468965162842e-05,3.9147426575371776e-05,1.8167724608108153e-05,3.897242180928034e-05,2.121431177380898e-05,5.1376822231551024e-05,3.9481595344485485e-05,3.8820682268884046e-05,8.488071225405885e-05,6.490926787025003e-05,3.56633329697299e-05,3.1378019712876964e-05,4.560102954611415e-05,2.520571733757825e-05,2.7418682182142715e-05,5.450604604666563e-05,4.1908382268868414e-05,1.4138667158308395e-05,6.718194905900569e-05,2.6755850552746944e-05,3.7837209012129785e-05,5.921323838046616e-05,4.920626726041729e-05,2.815395250091531e-05,3.7470123446859064e-05,3.913313774587421e-05,3.97975104978581e-05,3.0655865066440156e-05,3.597431649066906e-05,4.971315770380585e-05,4.183668201893639e-05,6.784974686973412e-05,4.832748185320169e-05,4.725637678952912e-05,9.722866463922325e-05,1.6708841832925807e-05,2.7250552214615582e-05,4.5012852717833e-05,4.731443161964553e-05,6.632404988794863e-05,7.417546110134854e-05,1.6183129693365277e-05,1.7388650161826605e-05,4.109165807069797e-05,7.413290202348351e-05,2.4031769966621803e-05,2.6919819671110338e-05,1.3718032364342676e-05,6.340829148739686e-05,2.3778167223819453e-05,5.242858617883984e-05,1.9476526795040906e-05,1.8028900687474213e-05,1.3576444972855895e-05
PYRIDNUCSAL-PWY,3.964186289797328e-05,3.5482019734180724e-05,5.4350537352263156e-05,3.305476657778838e-05,1.7189611207934397e-05,4.9567227497934135e-05,4.1975351844022345e-05,4.1980512868378166e-05,8.3314240058336e-05,1.4703567803101266e-05,3.3737334826670823e-05,2.5637122996846678e-05,4.11243201260046e-05,1.9751444584185622e-05,5.329330262358274e-05,2.4556608632919044e-05,0.0001054390105388919,1.6725211389831817e-05,3.8802099151223885e-05,3.095867635740218e-05,2.1935012290546794e-05,5.8200330733288716e-05,3.8454384931073786e-05,2.54029654851591e-05,3.423047290144369e-05,5.795742150903825e-05,6.85052560713077e-05,7.144875104820003e-05,6.0008345553807104e-05,2.5869238581517436e-05,3.3835956006439936e-05,4.606564640753838e-05,0.00013366058737230928,5.659867669565561e-05,4.330612542395428e-05,3.0058832819781192e-05,3.217082273586867e-05,7.435720107606135e-05,3.724255431111842e-05,2.7613960902897444e-05,4.196015159399003e-05,5.039562160459108e-05,4.4785335232003275e-05,6.560501593566486e-05,6.364535860391733e-05,6.834004353495128e-05,3.8386757335125095e-05,5.9936445074371825e-05,4.729235704875217e-05,7.376547003496764e-05,3.790321854849864e-05,4.360166915843865e-05,8.981465257796868e-05,2.6908369543532257e-05,1.48195162240385e-05,2.8591033481691894e-05,8.727506040886372e-05,4.706739853441163e-05,9.50284070158521e-05,3.3575589287728975e-05,1.930782008489969e-05,2.7043394863902424e-05,2.816106069100076e-05,7.26357624808467e-05,4.452116871977325e-05,3.3103074490789064e-05,2.076310120985632e-05,6.289374462380134e-05,2.009185718686985e-05,2.75632171950367e-05,1.5496589594291394e-05,5.851571645208971e-05,5.002890238279144e-05,5.778272772595549e-05,1.7704641334908877e-05,7.615515281885198e-05,2.650091245578754e-05,2.875864911773223e-05,3.241953008289839e-05,7.952039155576952e-05,0.00010327007816498355,2.665285861932074e-05,7.25251207332014e-05,1.9446147287172692e-05,3.349967937944499e-05,4.184142164848665e-05,2.2888961146741608e-05,3.999549614224594e-05,2.7603735231186002e-05,8.960145489350782e-05,4.851627450723236e-05,6.837013190898933e-05,5.726117258103236e-05,2.715409516356651e-05,7.826592114128098e-05,3.612285246849105e-05,4.792584903344475e-05,4.2071149324397015e-05,5.843985450325542e-05,1.4767374284663685e-05,7.076646456878452e-05,3.176076126227463e-05,7.984570807233406e-05,4.4215913032672744e-05,2.116623444819904e-05,4.2887117640548186e-05,2.4653350442004885e-05,5.7550845936130474e-05,4.521686286093114e-05,4.158420061896582e-05,3.518178422556355e-05,7.21231474905186e-05,4.1202852688344876e-05,3.556576156230978e-05,4.9958641308639675e-05,2.9609397497575475e-05,3.1987615579845084e-05,6.099723026397428e-05,4.82615906891597e-05,1.660205581756139e-05,7.222573841590445e-05,2.901841973373655e-05,3.966668566119802e-05,6.308690397822918e-05,5.3138644899209574e-05,3.0455431850306497e-05,4.188351840884977e-05,2.149129786906393e-05,4.341925503525335e-05,3.0629104595989165e-05,3.876492992468689e-05,5.452102269086609e-05,3.040649839556675e-05,0.0,5.03984179847782e-05,5.348207455514408e-05,0.00010140085769562348,1.9522948312032386e-05,2.8030196815123932e-05,2.6991564664200166e-05,5.3527510442619106e-05,7.16258143183062e-05,7.75668393474868e-05,1.6224196973987657e-05,2.0084309740004224e-05,4.450051690985855e-05,7.900304496380217e-05,2.7587270785012748e-05,3.0644835449576626e-05,1.609410194466592e-05,6.276875621568489e-05,2.6840577739235244e-05,5.6963471471569234e-05,2.2882565602187965e-05,2.074713032318348e-05,1.492546929366612e-05
PWY-5189,2.485231284662838e-06,2.9427412989309874e-06,3.3187464541384084e-06,1.9236694659758285e-06,2.5582978642382407e-06,3.125190084114436e-06,1.919822073336304e-06,1.9347766604691043e-06,6.673912725177013e-05,2.3246059453391236e-06,8.862892772090987e-07,3.2391327103508385e-05,1.568146685555205e-06,1.154690060614154e-06,2.340748152240133e-06,8.577519281742937e-07,2.6176593538405775e-06,1.02267684198719e-06,1.1021991974935241e-06,3.6297387010108804e-06,1.9035978250822328e-06,1.912564414975197e-06,9.278765458421104e-07,2.3795985209217e-06,1.0377249175191555e-06,1.9156061323834837e-06,5.975542383166505e-06,6.581018101599609e-06,2.7583426527444573e-06,0.00010414695368827207,3.412898028916885e-06,2.7852421955075768e-06,1.3515824953662251e-05,2.091291385414728e-06,2.892019384445035e-06,9.287375793697733e-07,2.389773771206527e-05,2.924914720963184e-06,2.143672805339605e-05,9.538571601679682e-07,1.3720812503577374e-05,2.338754589796909e-06,8.73193535008649e-07,6.96242864522111e-05,2.0042428320999966e-06,1.933077076784763e-06,1.8532645516536902e-06,1.4405742397435411e-05,1.91245070395474e-06,6.3443849826977135e-06,3.748480979049985e-06,1.2832223765380987e-05,6.212361577177579e-05,2.6676281465281885e-06,4.833077597868767e-06,7.845229132112892e-05,2.9302029527817975e-06,8.633151911292213e-05,3.6264833210095375e-06,2.7230334899651422e-06,2.607358921342588e-06,1.9328900628400444e-06,2.3096366438989927e-05,3.8092273960729695e-06,2.1009818943586608e-05,3.813717355734861e-05,3.230525919106014e-06,2.3149341064351546e-06,1.5936239424983621e-06,1.6714107614318765e-05,1.693968156630707e-05,3.1206958149897193e-06,4.56676839188582e-05,1.8645930817554938e-06,1.7565712260974796e-06,6.073541842385618e-05,6.4725556619406424e-06,9.376289174274714e-07,2.4516176336743405e-05,2.558083742807659e-06,2.8566753924348254e-06,9.283358399925161e-07,2.9536085571901847e-06,2.9309146472293825e-06,1.143361213135743e-06,2.2091567558482327e-06,2.96270541074112e-06,1.7981345495242402e-06,1.5890292544690623e-06,2.3164562421286813e-06,9.1480060031379e-05,3.3364303884345055e-06,1.768735219463203e-05,3.2461996699362297e-06,5.896953026921797e-06,1.2257231393650734e-05,2.0783890148359665e-06,2.323058597987773e-06,2.587429631590043e-06,9.844005131363812e-06,1.8875034738288975e-06,3.6569282291939984e-06,5.8583290407003715e-06,1.9346364934634564e-06,2.785740548606756e-06,2.1261992764462894e-06,2.5521648499689233e-06,3.5162182213442624e-05,5.2262168954679723e-05,1.8246175775580168e-06,1.9107374470608743e-06,1.4944544614736616e-05,3.785358714105575e-06,4.013529897704665e-06,1.1235366495335638e-06,2.560900404791725e-06,9.655764659600434e-06,2.2949999624504565e-06,2.578094027122454e-06,1.790234571845776e-05,1.0745333371334007e-06,8.918101333240589e-07,1.5557162946668383e-06,2.94818020504173e-06,2.844933019082701e-06,9.613821277689074e-07,4.369594761783304e-05,0.00012928518114190893,8.93144873948151e-07,1.5735285797321383e-06,8.897239686805173e-07,4.863888519037576e-06,1.6820168273594432e-06,7.661329528191663e-05,1.7973808880987355e-06,1.7352917908041943e-05,2.9369244813893103e-06,1.2552600775231463e-05,2.2831839665769117e-06,1.8244140696041286e-06,1.2190260442216518e-05,1.7245527193010498e-06,5.139726097744583e-06,1.799051686715511e-06,2.2033635179882626e-06,3.906449700593666e-06,1.1369345429848043e-05,1.6098166343201664e-06,1.8601840591873593e-06,1.864096422855393e-06,1.7891173741824633e-06,1.8988110853353963e-06,1.8673972665918197e-06,2.7436334833701562e-06,1.9184220918972564e-06,1.1888769950710753e-05
PWY-6897,3.914428915792634e-05,2.81606871268197e-05,6.580581959857047e-05,5.656388002244013e-05,2.6312352028350258e-05,8.597885248599702e-05,9.225919157830874e-05,5.341394568143357e-05,9.66741948844649e-05,3.33527538276914e-05,3.666613685908583e-05,9.262730046611007e-05,3.604044630669853e-05,7.74333915932268e-05,0.00010747538195223766,3.7884012203922286e-05,1.7142432039468596e-05,1.4485826929374046e-05,6.212037585030464e-05,2.676793449955236e-05,2.877934994598739e-05,8.513770535847694e-05,4.105933516757999e-05,3.035036833277368e-05,3.576562992001786e-05,5.3001647741146917e-05,1.3398199327098458e-05,6.91724763921298e-05,8.088546577145905e-05,0.00010256585799969738,9.685654604912884e-05,6.349536370905464e-05,1.4296467825909434e-05,3.734384607283811e-05,3.760621821682525e-05,4.418146205341556e-05,8.367426818747559e-05,0.00010463167322545118,0.00011618680985428764,1.8163412465117144e-05,2.7164283381996755e-05,5.4084584807930366e-05,2.602313835413962e-05,0.00010011311582398865,6.071112261124359e-05,8.52808821723463e-05,3.512173620739442e-05,6.939511699889605e-05,3.547172763078588e-05,9.442534527402353e-05,3.763268409434008e-05,3.7733467700430874e-05,9.930398119619186e-05,4.920426128898861e-05,2.662331959620783e-05,0.00010111792266715682,5.7731494040103715e-05,8.104885479831172e-05,9.618962479908737e-05,6.47224060901302e-05,2.4857269372652472e-05,8.095116189647786e-05,5.112873294074808e-05,2.773463749117548e-05,5.579052138045119e-05,6.74341807585039e-05,6.0883099518630193e-05,1.7702828229078816e-05,3.189619534040877e-05,5.377320494853384e-05,4.961547155433213e-05,5.8163011830898754e-05,7.785186015235215e-05,4.3111872951266396e-05,3.260730437079912e-05,9.447299404003717e-05,7.957103457827792e-05,2.3123372462219184e-05,7.773435430803475e-05,8.237502043626654e-05,8.256604096921814e-05,5.382502261807429e-05,4.001969650574326e-05,5.092947177708401e-05,6.344386242758637e-05,3.2603536927677476e-05,6.457977077463754e-05,2.4964004521165902e-05,3.49324553341046e-05,6.428750636850532e-05,7.43533129534524e-05,6.165079153893641e-05,5.660386418934587e-05,5.3818670903620615e-05,5.497538383671141e-05,1.8105115043030698e-05,6.707278181568946e-05,2.8526646197030494e-05,4.510310849592018e-05,4.5721694320362135e-05,7.254945276419616e-05,4.739101900284701e-05,4.3005565508164336e-05,2.8482695097093524e-05,3.918301956472534e-05,2.0421411035504447e-05,2.5458196036832173e-05,8.667641980901244e-05,3.743174865225132e-05,2.5819632998204795e-05,4.8563093555164784e-05,0.00011459261179703762,2.7374729709625087e-05,5.2260487234792766e-05,7.127015729168516e-05,8.019552238105935e-05,2.5123177243691786e-05,5.1427239823439164e-05,8.190732322334783e-05,3.2880932680190624e-05,8.215684577683539e-05,2.452667679693724e-05,4.4321754300513074e-05,9.019615564935201e-05,5.172621031275999e-05,4.410747954560367e-05,9.8429915439364e-05,9.357863225431533e-05,4.188964453521243e-05,3.8870309473745186e-05,2.7488026711804957e-05,6.260909744710172e-05,0.00010231320731680104,8.167552150697327e-05,4.8406082996020074e-05,7.360617225479173e-05,5.1382713753083286e-05,5.017762399234896e-05,8.918987588954238e-05,6.222163646310952e-05,7.566110111294531e-05,6.847080847471349e-05,6.852854155848883e-05,8.736321760660389e-05,5.9272744032990605e-05,7.984456794947978e-05,3.609300947598048e-05,7.8215281199234e-05,6.550393498638266e-05,4.1296384521388416e-05,7.590369226380855e-05,6.986987350630928e-05,2.1708002879929808e-05,9.859423831415348e-05,1.8685256933804004e-05,4.866013597937148e-05
PWY-7357,5.820636235857752e-05,3.520234038077389e-05,0.00013730756191739839,6.244676607512824e-05,8.439365450914965e-05,0.00015667694620176607,0.00018589824372851015,0.0001639914096048561,0.0001595650596428059,9.750122509911791e-05,7.939737231541774e-05,0.00011256116863953546,3.049174944189768e-05,0.0001232146771717055,0.00019159824275468218,7.366532562602916e-05,0.00015531401312197522,0.00013207416244196885,9.92460253411969e-05,3.909571911731703e-05,5.3135363773266405e-05,0.00012568863009461287,4.015737903620495e-05,5.559547609513136e-05,4.3912136680147475e-05,0.00012019821029875706,0.00019016637390687724,0.00012335589896318646,0.0001279607066591096,9.840124383225301e-05,0.00013165248847344554,0.0001112665256367015,0.00022659576072782373,0.0001440859683311135,0.00014962891349500553,7.822279072460069e-05,8.731195745673825e-05,0.00013550825357384763,0.00011818127838270805,4.2754754147584365e-05,4.615104646315474e-05,0.00012272906491398854,5.771816342382115e-05,0.000117753660012341,0.00015536826060261319,0.00015357712900232205,4.284426415036154e-05,0.00011676083407025171,5.614537948996637e-05,0.0001473558043223575,0.00010956163358793185,0.00010931849320864462,0.00013274808122086505,6.410499563045399e-05,4.3134811069068174e-05,9.711792473378405e-05,0.00017565327871136736,0.00014607688459761413,0.0001565434748790583,8.388545611738196e-05,4.711628860213931e-05,0.00016974619775574545,7.097010331266945e-05,0.0001522633734364904,5.363980334772919e-05,6.426282302838542e-05,0.00011846693366334388,0.00010567537578735582,4.496408705858018e-05,8.413157381023874e-05,4.0079337016908304e-05,0.00010089359409016508,7.086018989268457e-05,3.8892105674827056e-05,3.630102430281309e-05,0.0001181467399352733,7.552776277703383e-05,2.39047633599522e-05,7.050410379818858e-05,0.00016022894230738872,0.00011858810471043565,6.507584678142193e-05,0.000132521525285454,0.0002187773560409444,7.179798467988512e-05,4.887482556710944e-05,0.00018101243527483048,6.51701988894377e-05,6.316983595207841e-05,0.00011632208868013636,7.535521352516784e-05,9.213734224986894e-05,9.889476622654424e-05,0.00015050147622246252,0.0001596776454417919,1.8696036671867727e-05,9.707808707468822e-05,0.00012103524409929549,0.00010325669869854291,5.265640553010265e-05,0.00011559582757601868,0.00019060787865752226,0.00010387701162637034,9.083334988961342e-05,7.262839943161481e-05,3.8980676248673287e-05,5.058119049784887e-05,0.00014213858648315023,0.00010439710781025367,2.9328479830831113e-05,0.0001864818851954814,0.00016819056818675196,0.0001187942758037705,7.552116333324473e-05,8.855498214783591e-05,0.00013544619310976828,0.00012091159454617516,9.970376402380318e-05,0.00013348329508853466,3.8124685886970134e-05,9.746679171131415e-05,2.3769229407267917e-05,7.210057740637601e-05,0.0001440364903416596,8.128558619220706e-05,5.0677657223856375e-05,9.098364798596982e-05,7.703215605655604e-05,5.823527956754891e-05,5.70114079098052e-05,3.9666117421024194e-05,0.00010279557133554694,9.318858431752431e-05,7.052599661516547e-05,5.974009442670938e-05,9.054936384219799e-05,9.859597254203126e-05,5.9835291276018366e-05,9.868607062811777e-05,5.0943549329993355e-05,9.536740325629897e-05,0.00013185315035639492,9.951099977714936e-05,7.095537925639353e-05,7.549398286652533e-05,7.8329621174141e-05,0.00010362909040370502,8.69493916069595e-05,6.443511404706274e-05,6.668414275662693e-05,8.81521084159062e-05,6.967719680906335e-05,4.9238391641915884e-05,0.0001479148664307199,0.00010843140153385881,5.5164324375017395e-05
PWY-7238,0.0001768507014587771,0.00013381157184712278,0.00019664133462201014,0.00012856455994575929,0.00032167714267629475,0.00039467369406323793,0.00036608109212501154,0.00032258432853417247,0.0003750167253802894,0.0002494863186019486,0.00011178097791275979,0.00027653083804578423,4.082383685528134e-05,0.00030780215144972085,0.00033091673782847773,0.0002857859366395451,0.00032697821664548444,0.00029980917824002707,0.00018478761378904165,4.724059137062573e-05,0.00015117491278637628,0.00027547717548908674,6.026447857684554e-05,0.00011904325105154924,0.00015239444946012705,0.0003147696516770722,0.0003010607981575046,0.00026463161351505135,0.00018555600227015333,0.0002591578648654911,0.00034504528674128104,0.00024217504905598824,0.00035235980294641054,0.0003176513628850036,0.00028946169732371854,0.00016736106364326875,0.00014022341339028595,0.00032349821953963725,0.00011498452468588801,0.00018085414113717352,0.0001617618409244967,0.00025399229273219057,0.00020610478603139175,0.000268491120086449,0.0002511201906128816,0.0003539531538634173,0.0001263979538132428,0.00027736142338777894,0.0001941316354206685,0.000356630205098555,0.0002861668299903598,0.00027483550948983223,0.0003575973580868873,0.00017697690603481268,0.0001925729141193148,0.0001705546078104,0.00034723059639119177,0.00041440936048288966,0.0002639314639327146,0.00017088349952827883,0.00011720760159886016,0.00039096298124485947,0.0001879803031805275,0.00023159733379283308,4.049424991018342e-05,0.00017315252690628492,0.00027633239746056106,0.0003467362679009942,0.00023273978521304596,0.00011159642699520735,6.253985248530954e-05,0.00014803110499401662,0.00016250219740700141,8.684024618443189e-05,9.244299678106487e-05,0.00039023291013558697,6.417611783680324e-05,7.487511374799483e-05,7.895994356156443e-05,0.00038838155013647417,0.0003337190506486779,0.00010241891201768085,0.0002986409765719455,0.0003864547108581771,0.00011907991660662731,0.00011896713728841633,0.00036161303851950784,0.00020376954813932516,0.00021218761154512985,0.0004686758488724672,0.00026479051541440277,0.00026396697601476713,0.00023244658568294504,0.0004192253886728095,0.0003015348613182215,9.304798368839264e-05,0.00024362510078458014,0.00033635265581476837,0.0002848620734776044,0.00015472220262728435,0.00034616249861125353,0.00028876481559678634,0.00029697828586070516,0.0002347852558777877,0.00019902721739496488,7.231910365741107e-05,0.00021829800116462302,0.00029771598786568036,0.0003100427005329265,0.00010387509383032183,0.00042871607533795803,0.0002861456959987509,0.0002664210642295056,0.00011939637347084947,0.00010233878918854054,0.0003485761533885636,0.0002873190434937105,0.0002491214934288524,0.0002366454701787735,8.206956394428907e-05,0.00026637628827974515,0.00011163806891546728,9.216354532859224e-05,0.00018988010306573375,0.0001485649727835503,6.0476235668924014e-05,0.0002787679864466112,0.00018067131589186915,0.0001343824140571986,0.00010746996201275823,5.650920330492414e-05,0.0002661870319745524,5.762796806390144e-05,0.000228179747546017,0.0001311643396040443,0.00019326438325706292,0.0002601661261123834,0.00012871472203330252,6.220451933231461e-05,5.709317875846088e-05,0.00016710892043294494,0.00020971915546659218,0.00018283209443485516,3.41889804795708e-05,0.00015594072946667283,0.00010877540551185786,0.00017969670614722007,0.00012605940362443418,0.00010907244649493364,0.0001780981594051204,0.00015633360043137653,0.00015240300920155508,0.00015850374163534623,0.00025919083026410743,0.00016019873665197197,0.00013458503372922322
LIPASYN-PWY,1.0286360744561414e-07,1.1481725530512812e-07,7.756334065383748e-08,4.806092860023308e-08,1.7734628820177592e-08,2.2862802620177603e-08,6.604025142250857e-08,5.415162693227194e-08,6.06582083443438e-08,1.042542898384615e-07,1.2384836533333344e-07,6.823730580512815e-08,1.1156965966666679e-07,2.7621375122405075e-08,1.1408443266475416e-08,4.945252969514649e-08,1.0445465050512817e-07,5.322714108917521e-08,3.903281620177592e-09,1.0184617400000007e-07,1.1318526750512825e-07,1.1238506070512822e-07,1.163050396666667e-07,9.055226650512817e-08,1.1496821966666669e-07,5.141994620177591e-09,8.323426624984355e-08,6.724983819871786e-08,7.396708776165048e-08,1.493646390884619e-07,4.1911525254223204e-08,3.1669998054223255e-08,8.04799512498435e-08,5.1605768065605274e-08,4.581548979999997e-08,9.657851154471546e-08,5.3811831740111914e-08,5.741912388242827e-08,1.9716223731187686e-09,8.184584450512814e-08,6.249514219871789e-08,5.4882507967948675e-08,2.1382842135380973e-06,1.1714417181228082e-07,4.77604e-05,6.235915046712044e-08,1.4717745783846196e-07,4.0438352882428344e-08,1.1177679008627456e-07,6.176223636598613e-08,3.4648430322405064e-08,3.346237607534624e-08,6.980671742473595e-08,7.597930413356636e-08,8.97361317051282e-08,1.112024942717948e-07,3.7594924371794864e-08,5.413425200045375e-08,1.4966539963982026e-07,1.285377656666669e-07,1.178496213333334e-07,5.5379295622405005e-08,5.549277832240499e-08,1.3105821599054598e-08,7.227239213356637e-08,1.1989243633333345e-07,5.5350295101282046e-08,3.0184955322405076e-08,9.57502036666667e-08,5.844845096794864e-08,1.0534720800000001e-07,1.1507250666666673e-07,1.3003861583846182e-07,1.140378536666667e-07,1.0446397000000005e-07,1.290125663935894e-07,7.15151924753759e-08,1.1352678966666671e-07,1.0044631277894744e-07,4.2680024551995784e-08,4.5952850653837444e-08,1.1028677650512827e-07,3.889581113238789e-08,1.83040301378825e-07,6.859285518907165e-08,9.046118150512819e-08,8.416561966945132e-08,8.827419317179485e-08,6.635605307676664e-08,5.3730549000453776e-08,9.554310653846149e-08,8.460926250512819e-08,5.314547937780984e-09,6.052799340151508e-08,8.794280358393094e-08,1.139071916666667e-07,8.090381650512818e-08,2.680576312250862e-08,9.10710815780486e-08,8.904027166666662e-08,8.409772238317695e-08,3.9982336439976694e-08,6.590591575958453e-08,5.6791918811615135e-08,1.059040809789474e-07,1.0361246370512825e-07,1.1811843917179491e-07,1.0349372396432335e-07,3.629769312999501e-08,1.2354211233333342e-07,3.89694080071644e-08,9.87811675051282e-08,4.3768703667120464e-08,7.508243750512817e-08,5.358284560023304e-08,6.202697710429989e-08,7.33311212544977e-09,9.926171430512821e-08,2.0785881937780993e-08,1.175977236666667e-07,3.066005790652864e-08,1.207794768666667e-07,1.1358096533333341e-07,5.674239102050409e-08,8.198463638317693e-08,1.081203245051282e-07,6.004188660441588e-08,1.515602788717951e-07,7.953328969642856e-08,1.379903870384618e-07,1.1631325886666673e-07,1.416956880444766e-08,1.1604893433333336e-07,1.2105545803846121e-07,8.346518636309523e-08,8.490777375584198e-08,4.0086363322405045e-08,9.683504503846159e-08,1.1328600766666669e-07,1.0350959400000005e-07,6.588920875339486e-08,9.607953404984363e-08,6.976516050512815e-08,4.4428309629995e-08,7.530005416025636e-08,6.802818349358966e-08,1.4968604246666706e-07,1.0296578438317705e-07,4.8819470332051255e-08,1.2777706366666685e-07,1.163277251717949e-07,1.2443602680000002e-07,1.0183281483846155e-07,5.025074069291782e-08,1.1449959566666669e-07,1.2320248886666676e-07
PWY-7282,5.6548542536031035e-05,2.8208290454061588e-05,3.401418700591023e-05,4.26933773166543e-05,1.296359530154591e-05,1.63830890575551e-05,4.962291696865732e-05,4.2643700590040135e-05,9.376304056505573e-05,1.4991050665613428e-05,3.1905005242154435e-05,6.923466978314719e-05,1.762171094885011e-05,1.414592722926489e-05,1.4794335627198804e-05,2.0583073246306277e-05,9.47378598950521e-06,7.195529796326365e-06,3.308060247065845e-05,1.637805297091536e-05,1.508237374719822e-05,1.6960579698652535e-05,1.8512083647891648e-05,2.943677585381521e-05,1.5372832430156565e-05,1.8259937929728356e-05,1.7692164210199894e-05,6.230854799311851e-05,6.290150294272116e-05,0.00010795958710370859,1.138413009855469e-05,1.5035689687327076e-05,1.627258467890003e-05,9.71228141956234e-06,4.0927954345128825e-05,4.036845040966982e-05,4.912353943644605e-05,1.5806873599637377e-05,5.962073752471924e-05,1.550962521231449e-05,2.134665718841894e-05,1.581935260686104e-05,1.72427759266904e-05,6.794316586261238e-05,2.532337435541876e-05,1.1299659322436306e-05,2.9544743546157696e-05,5.017913188804734e-05,1.2427799521335281e-05,1.7001469729118363e-05,1.322873837468133e-05,1.9885544156454885e-05,8.124271471290562e-05,1.5016525076165515e-05,1.8224247438700098e-05,0.00012363795523275274,1.5921688520323247e-05,4.9767078857264875e-05,1.7511167747422715e-05,2.8545604872432078e-05,1.610728683910764e-05,1.3905363908853079e-05,6.310127033680831e-05,1.1860360850732587e-05,1.7031696359200815e-05,5.363527816727607e-05,1.855406935480742e-05,1.0692212323420981e-05,2.6632213391756094e-05,4.024867121654185e-05,4.496061271355759e-05,4.442247250647568e-05,7.872480765423065e-05,2.2330628441380554e-05,1.608412649391846e-05,0.0001014791868908527,6.373399253744886e-05,1.3265695736514203e-05,4.037974477526317e-05,8.193979070574715e-06,1.3842956876948913e-05,2.2418241770801158e-05,8.249341597574808e-06,6.410904841820328e-06,4.031595428919302e-05,3.58216558699065e-05,1.5876341198782276e-05,1.2469647392989962e-05,1.3885381367872976e-05,2.032240314726675e-05,0.00010707927016177668,2.2655613257299718e-05,1.7513009612579392e-05,1.503360935286762e-05,1.780067755084e-05,1.3177962507374122e-05,3.1136880434600505e-05,1.2861727608502897e-05,2.3138484818658995e-05,1.3758341924972327e-05,1.445458511916946e-05,3.9653182267713083e-05,1.5572095205318854e-05,2.1531384539149866e-05,2.2925306822076313e-05,1.4822019098253936e-05,8.994222646819317e-06,5.0946726490925926e-05,2.684241668893721e-05,1.3600328096270726e-05,1.0958507260563336e-05,7.116592563474644e-05,2.7100397426064637e-05,4.727738073046863e-05,3.420202300791765e-05,1.6667209043357733e-05,3.203916431805414e-05,1.4403362697162083e-05,2.682318437061476e-05,2.6847216583350235e-05,3.6916042202115856e-05,1.0315853537828378e-05,3.084169411332479e-05,6.236368932864268e-05,2.8065690365993437e-05,2.1096215630332064e-05,7.906848416952505e-05,9.112317604486993e-05,3.522626381398293e-05,1.4565332843994247e-05,2.4318716724668503e-05,2.1079667928246982e-05,2.3281049535290003e-05,0.00011770166012668266,2.9769161988841688e-05,8.200621607849006e-05,1.99449731316107e-05,3.2362521219940424e-05,1.5705458027862904e-05,3.1364560389111986e-05,7.562063814756094e-05,2.2466409510208107e-05,3.302903018795004e-05,3.381365384716227e-05,4.1306652447823796e-05,4.021343186521645e-05,3.315819803171504e-05,2.2942493151628337e-05,4.018370187504216e-05,1.994290329908054e-05,4.9355125011365616e-05,2.6920404015818203e-05,2.6803474103486576e-05,6.692507934139013e-05,2.636777303711334e-05,1.6693908200140643e-05
RHAMCAT-PWY,1.8407500569102704e-05,2.8977073672539695e-05,4.4843396306738224e-05,2.6934515491628252e-05,3.3689127698399044e-05,3.0574128176648016e-05,3.4498001980056344e-05,3.8219116299006146e-05,7.175530419500043e-05,3.104535724037791e-05,1.975260213980208e-05,5.6716655920196965e-05,3.20687575480286e-05,3.209638506609283e-05,2.8293908655416445e-05,4.8643669085732845e-05,2.6787912032029173e-05,3.9048784389043934e-05,2.5752363537932515e-05,2.9241299784080992e-05,2.795264445667482e-05,3.5638316582929055e-05,3.0137491685929564e-05,1.701495717404774e-05,2.4428901391363484e-05,5.300264431892737e-05,4.813784776061732e-05,3.552949147081245e-05,3.2414108595375346e-05,0.00010723445968523165,3.916581094556413e-05,3.452688278887243e-05,1.7577923518116572e-05,1.648663150510631e-05,1.3906814025478923e-05,3.752181707484913e-05,0.00013628949271406407,2.5447151258882226e-05,0.0001037678695250106,2.9439488724068163e-05,2.6274233893601948e-05,2.288174767213735e-05,1.8070332815885577e-05,0.00013763515182997139,1.9367851449147258e-05,4.8043431446707456e-05,3.283991298572973e-05,2.9186721917442802e-05,1.4451596488781981e-05,2.0557124044055602e-05,4.299555915995017e-05,2.7564373557323867e-05,8.262110601948896e-05,1.897680958314401e-05,1.4672170888611827e-05,9.172617073511006e-05,4.2905999008315786e-05,4.7501596757283405e-05,8.17417152357539e-05,1.6112065211693936e-05,2.0468198689495437e-05,4.7239191230474076e-05,3.534074002992637e-05,1.8366868293006587e-05,1.1828252045638539e-05,4.179811845651974e-05,6.206952589472713e-05,3.055658901975599e-05,2.1455341541810086e-05,1.8655869413141452e-05,3.117719703982265e-05,2.175283803364966e-05,6.707269553853977e-05,2.9676495181859613e-05,3.180364317439064e-05,6.70832620381804e-05,3.839768943021186e-05,2.789194576126702e-05,7.351267960935598e-05,3.261409591944736e-05,1.6766337473875175e-05,2.6294266392932838e-05,6.646300535051295e-05,4.3998040231287995e-05,3.4046853749016645e-05,3.273351762686845e-05,4.194648320606662e-05,1.4788501959654868e-05,2.4099770688533696e-05,1.282056053457588e-05,0.00010726387974006002,2.1605465099069142e-05,4.0074332943558814e-05,6.74060018912236e-05,3.015167995634548e-05,3.669407365404637e-05,4.5824693376442485e-05,1.543947056411621e-05,4.968910511762801e-05,3.5383260358148245e-05,3.709173584953103e-05,3.923831971502957e-05,5.973444846699209e-05,4.6165744015263836e-05,1.4468524332185955e-05,2.8767715258309653e-05,4.3814175914693e-05,8.91683899518659e-05,4.3942534883550355e-05,3.436289865276816e-05,1.3222339472136589e-05,3.495511164942743e-05,3.9723927677737016e-05,2.6652660904846006e-05,1.3884041584583377e-05,2.4657587181238397e-05,2.688983570938474e-05,3.639872066346817e-05,3.280888819792513e-05,2.6098206862984705e-05,3.93510200737515e-05,1.5134443985080271e-05,1.181149226103751e-05,2.9161192138992282e-05,4.826735709214243e-05,1.2129621390137332e-05,9.733864074125721e-05,0.00013897386589413593,2.34358368771239e-05,3.448199183008888e-05,3.281432389595459e-05,4.827530612687457e-05,2.1281939249393636e-05,0.00010125708516602927,4.4970221358832514e-05,7.034281799357112e-05,2.165511800379414e-05,3.998928601547184e-05,2.547405704136207e-05,5.074655552941218e-05,4.3174811766529413e-05,3.237128104537473e-05,2.087801622718205e-05,0.00013440126732161564,3.0540984503094786e-05,8.527980387125778e-05,4.062973850494764e-05,2.6783101934412016e-05,3.9688020122483666e-05,2.3945731296672434e-05,3.2938966252380824e-05,3.091451667203915e-05,2.6837135225941814e-05,3.4885158893537524e-05,2.6590399351390503e-05,2.770653153867408e-05
PWY-6282,4.111170671912708e-05,2.84380921270279e-05,3.956773453289815e-05,0.00010463294005868237,1.6939565873711904e-05,2.2790732260146176e-05,1.4254718659579335e-05,1.5257759499505704e-05,5.44977596090696e-05,2.3302280694604345e-05,1.3936604295511088e-05,1.3166080424793462e-05,1.6631478390666474e-05,2.0178773670589012e-05,1.3900764971508141e-05,1.4957588835761887e-05,2.1500803717313918e-05,1.925796887899343e-05,1.9522808801016436e-05,3.352816792683706e-05,3.838892701806599e-05,2.3567455621745353e-05,3.770222495102501e-05,2.0921670654197448e-05,2.1904698953978004e-05,2.574741430224858e-05,2.1808576986434473e-05,0.00012336547530539913,5.2643353421945156e-05,0.00010556456049958508,2.9100579887004154e-05,1.452737814206755e-05,1.1617332326643354e-05,2.2372468282675148e-05,6.015362827012876e-05,1.9572090075274796e-05,9.415827583582605e-05,1.7942487856409098e-05,9.257008740514504e-05,1.8806284169613048e-05,1.3373634129386407e-05,1.8181566349419135e-05,2.214684739394271e-05,8.424657808150827e-05,1.7599964810841475e-05,1.818118372431063e-05,3.768795141050851e-05,5.1954200746335724e-05,1.8718664650398713e-05,1.6871531575493152e-05,1.2158762178142756e-05,1.6260303302602906e-05,5.9510857884270896e-05,4.467028428283649e-05,1.1539670405412347e-05,0.00020990639422717715,1.7388266094006415e-05,2.391291551243135e-05,2.2539165784138935e-05,4.236257198629976e-05,1.5454104683832063e-05,2.0858299413389934e-05,5.904982094649931e-05,1.98261098894477e-05,3.22300171954374e-05,6.957068770575606e-05,1.5186486729038545e-05,1.968204281113972e-05,6.0216375442401514e-05,4.7809445284409926e-05,6.280764730017526e-05,3.203617766839858e-05,6.585689895504365e-05,9.52969254756499e-05,5.10586303574079e-05,6.80380914828165e-05,8.52091278941986e-05,1.7733931211828786e-05,8.99850984658585e-05,2.2139668518782815e-05,1.463166590580556e-05,7.526479553716848e-05,1.5532829016087288e-05,1.284361407627207e-05,3.875612381214396e-05,4.158145930647177e-05,9.79186211400215e-06,3.254884900451226e-05,2.692396926460731e-05,5.02249976724775e-05,8.353741542503165e-05,1.9530896207355944e-05,2.4061980589405352e-05,5.79860661370462e-06,4.084749857629614e-05,2.9929798039746544e-05,2.854359557310839e-05,1.936122457527303e-05,1.486401010822359e-05,6.265573286111399e-05,1.2861338912821934e-05,5.6958083586928434e-05,2.1900406534867565e-05,2.340935521396711e-05,1.468968453179695e-05,2.002780917128988e-05,1.942713074767631e-05,6.058114260349698e-05,2.7011575256596602e-05,1.8018620391516594e-05,3.113763119097198e-05,4.7226704157458584e-05,1.581339535412264e-05,4.969984646603779e-05,6.269812831251379e-05,1.8167875716046442e-05,2.1743278031779242e-05,2.264883524645363e-05,2.737927829744064e-05,6.026440326098902e-05,0.0001006140969165002,3.3696475203480905e-05,6.874236170094478e-05,8.478194329069008e-05,7.4494289279763e-05,1.7421621898353796e-05,0.00011196570337267423,0.00010490189763728697,5.547972411815267e-05,3.536006257689663e-05,5.147916632573762e-05,2.220709751527792e-05,2.1062615244162114e-05,0.000194155178742651,8.795091449516222e-05,0.00014350872328357142,4.679167175731409e-05,0.00010674182248645649,2.2842827063633897e-05,0.00013741283494955148,7.325037140892756e-05,2.909480463894358e-05,6.102939407752852e-05,3.4357586881342606e-05,4.861306397154168e-05,0.00011255957644004681,1.8875575514944198e-05,4.6202162860488634e-05,7.956867785952542e-05,2.0546077568455405e-05,4.4353306892948426e-05,7.116256061813898e-05,1.5660417587227776e-05,6.237676558887389e-05,6.329247042540934e-05,4.698803516688445e-05
PWY-6478,1.1055150451093738e-07,1.3309703222401561e-08,1.6201600712395598e-08,1.565975248673421e-08,4.3939073456854e-09,4.643112888867e-09,1.4286704810976686e-08,1.955280030406745e-08,7.055610509528147e-09,1.6392156365717548e-08,1.656676135283056e-08,1.1332453158137146e-09,1.4301301884897057e-08,1.307383350500838e-08,0.0,4.617050580421004e-09,1.8994225759546812e-08,1.671117062663375e-08,1.6391265792998736e-08,1.445287717577647e-08,1.6393290848516806e-08,2.1126540015639166e-09,4.617657726187071e-08,1.6199328962553984e-08,1.8064549502979257e-08,4.3938199221976225e-09,1.8063971270501358e-08,1.2112304188154706e-07,1.3021590325612765e-07,1.1480260644606004e-08,1.0197596849820084e-09,1.0620359677751655e-08,2.1995469828164683e-08,7.3163571178919874e-09,3.0656482090429075e-09,1.3087182604544628e-08,1.3564977715832012e-06,1.6627261505247752e-08,9.65640364575067e-07,1.6394924827533284e-08,1.1548971697708116e-08,4.547563510994873e-09,1.1548282633779609e-08,1.341121274126833e-08,1.685731884324689e-08,1.499744459299365e-08,1.321410692174496e-08,1.781000442276891e-08,1.63912072142305e-08,1.9750876631206497e-08,1.3617183842288765e-08,1.318821901112904e-08,1.2593054002673266e-09,2.610952984870431e-08,2.6706514827943173e-08,8.24592946597239e-09,1.6735395532798812e-08,1.706057468062926e-08,1.5092304408817975e-08,1.7268225429065114e-08,1.6395421762680808e-08,1.513573406101052e-08,1.669717400272316e-08,1.950122684504017e-08,1.8818514570018745e-08,3.156897823764814e-08,1.6387888769467756e-08,4.6779699726302555e-09,1.3502763442012534e-08,1.6397606575918813e-08,1.5054493947069122e-08,1.3214794888912667e-08,3.0612146054087177e-07,1.389209952704325e-08,9.980674111382531e-08,9.169255808163362e-09,6.520957400697385e-08,1.6565636564702507e-08,5.0761488903194385e-08,4.5573455452874545e-09,3.1792109619998454e-08,5.5377893580413356e-08,1.3913914131161386e-08,2.103900250077462e-09,1.6022293004809103e-08,1.802455235478578e-08,1.969832770781709e-08,1.6395417323954986e-08,7.147191221316287e-09,5.664872028904273e-09,8.378199922426172e-09,2.198401129178954e-08,1.6198562704370944e-08,1.875081065446613e-08,8.281009894240267e-09,1.4175840230345054e-08,1.3521778217584137e-08,6.6030220472039004e-09,2.102138060362781e-09,5.005649193655947e-08,4.5448435771579964e-09,3.729710257360567e-08,1.652968278985961e-08,2.0004169593513663e-08,1.639644837937568e-08,1.89922183153728e-08,0.0,1.7544564485733653e-08,4.5000233986759715e-09,2.095961374942547e-08,2.663084845825663e-08,4.3446392034267075e-09,1.4243340546882031e-08,1.5524051039977335e-08,3.975483178112834e-08,1.390092170204692e-08,4.08999431715894e-09,1.523441155732796e-08,1.6562857157191502e-08,4.459950021087856e-09,5.058029243884622e-09,1.639588974657466e-08,1.6431972368567513e-08,5.978692773274063e-08,9.759965767538698e-08,4.547802729876222e-09,2.8843829989028212e-08,1.2699196068663199e-08,1.7996952558517343e-08,1.6198281089865114e-08,4.367810963996833e-08,1.6194596164496863e-08,1.2998398638247921e-08,2.749452411539094e-09,1.3130063448121476e-08,4.0388161895764266e-09,1.8830155551769303e-08,4.548152704480129e-09,1.2027691604894991e-08,4.5636465874460104e-08,1.1935963319044343e-08,4.442233845132523e-09,2.1111397390864178e-09,6.789110423496382e-08,5.344862216018018e-07,2.9484178319316378e-08,1.4431510672362654e-08,1.3650068534356596e-08,7.650492246340738e-08,2.38404328511434e-08,2.08246932881511e-08,4.9538140206689046e-09,1.321438661282448e-08,2.0769927660783305e-09,1.3215206527949266e-08,2.2031623166984453e-08
PWY-6519,3.434217602691091e-05,2.5300269916098043e-05,4.419706568696258e-06,9.746115899744996e-06,5.354797426727827e-06,3.4982911191318535e-06,7.741516938271527e-06,2.80191988778103e-06,4.955487543514787e-05,1.1735456431775034e-05,1.3733752728741023e-05,1.4934031268987397e-05,7.922440788643768e-06,3.596536869434683e-06,1.435107255728775e-05,1.5365796364299726e-05,3.443133111979558e-06,1.9119189071993933e-05,3.9744654786652615e-06,1.955045219062361e-05,1.76336860608725e-05,2.140766734966741e-05,2.1679831472222e-05,8.642457871401988e-06,4.76923375250159e-06,4.707684892482341e-06,1.815771710287642e-05,4.952270299774483e-05,5.26607702152628e-05,9.97468896297457e-05,3.5495352915187305e-06,3.911704974660332e-06,3.757967601399852e-06,8.488492958858166e-06,4.156698923279563e-06,1.7518096522294844e-05,8.648516450076961e-05,1.6666415546085984e-05,9.367314226771602e-05,1.388327639083889e-05,8.715403624911424e-06,3.9705496786024085e-06,4.824964538241674e-06,7.339377706618251e-05,5.698407268098415e-06,1.85011165974117e-05,4.643410439639481e-06,3.6758863835896265e-06,4.082278034568924e-06,3.2789880157840236e-06,3.7887507148814955e-06,4.516500119100307e-06,5.5024756603138485e-05,2.1751609325001712e-05,9.772848482622247e-06,0.00014498198406760236,3.996039328637084e-06,2.8183766235325475e-05,2.1485081013618762e-05,2.162023560073335e-05,4.061193322747268e-06,3.6309607683520506e-06,2.538852479493634e-05,4.071816288128418e-06,8.841636776742394e-06,5.20437977297061e-05,4.860998519396667e-06,4.037907438810599e-06,4.038611546765026e-05,2.247982689642691e-05,4.747432397457408e-05,2.9126895206638987e-05,5.7871841070618705e-05,5.138606566688522e-05,2.9816829920165275e-05,4.947414172872968e-05,7.424287701410812e-05,4.833046484097456e-06,7.372444945865725e-05,1.8808077448016692e-05,7.645573805749408e-06,6.590106773825873e-05,3.6790233601231064e-06,1.4811177304057149e-05,4.348777386115491e-06,3.9589306355298765e-05,2.9573704308969773e-06,3.638192831507758e-06,5.043479516751124e-06,3.1456070935356346e-06,8.53363650291995e-05,1.874428534451674e-05,4.150454109099734e-06,7.125847886310762e-06,1.1624667242533943e-05,1.9168671951702244e-05,2.6950313048105922e-05,4.010762216460932e-06,3.382235117490872e-06,2.3722850865998756e-05,1.3396006557206443e-05,4.077619939344045e-06,5.704344297429542e-06,4.044669614522053e-06,4.270024550059652e-06,5.28131640393496e-06,4.2030816527563636e-06,5.696187329903499e-05,2.6330392207225597e-05,4.768897047646133e-06,1.3729697962680956e-05,2.485284548271672e-05,4.03046985671933e-06,4.57904771935067e-06,4.6160386631916734e-05,3.582100623460032e-06,2.3242491024278934e-05,4.101096668029316e-06,1.279536387678501e-05,3.0225858455868107e-05,3.22402059701409e-05,2.05592986384447e-05,3.81594950705078e-05,3.2230512918139996e-05,5.932542332751271e-05,1.679854533784511e-05,0.00011103920040843745,0.0001034892301383167,2.7047105698943844e-05,3.533605848758505e-05,2.4357408773255764e-05,6.616601721353133e-06,5.1496566297956e-06,0.00013696175582178776,6.813916126634257e-05,9.390474786139903e-05,3.054855742665591e-05,5.3442741063345936e-05,1.5641967321102594e-05,0.00010906699559985251,4.78205584402714e-05,1.8754248253433896e-05,4.432260382612043e-05,4.147894065607543e-05,3.819233588369124e-05,9.785421295357302e-05,1.9244699846006207e-05,4.2783977725489275e-05,7.967321763409555e-05,2.0395130297871827e-05,2.6200919541369653e-05,2.324445750755081e-05,1.5459329254532187e-05,5.731701306260665e-05,5.286984049812621e-05,2.806287292454773e-05
PWY-6700,0.00013914432547846125,8.186387827916627e-05,0.00012589036857076346,0.00015211161417541308,0.00012733737373327915,0.00011950568788893277,0.00014473925558365394,0.00012375988102128428,7.947023660243657e-05,7.201560289861163e-05,9.52185529799187e-05,8.505107702512815e-05,6.89308563869876e-05,0.00011079216309576077,0.00015106971716668518,0.00014139335734471005,0.00013461617058625866,0.00011063999383023714,0.00011414165077901468,0.00013372841683619496,6.871269260263368e-05,0.00011284518823419301,9.437616521269345e-05,8.266777040219541e-05,9.710963489334663e-05,0.00014070004489403102,0.00010896559214053647,5.1463728096026665e-05,9.056561447839751e-05,0.00010563940212801513,0.00012672653351900555,9.024197073242548e-05,0.00011894350551198751,0.00011460006852509217,0.00014443646559297464,9.700631822564607e-05,0.00010205831534798909,0.00012131750565476516,0.0001299199536334289,0.00013698529214898432,9.091280582456264e-05,0.0001356488990256317,0.00013107817511196006,9.956845747625601e-05,9.744604364756038e-05,0.00013270301102341582,7.144227748732393e-05,0.00010968621179086866,6.876012495144035e-05,0.00010097761496764559,0.00013414908128517292,6.130999424778436e-05,0.00010541712769779412,0.00013190280323741182,9.319727243943845e-05,9.687724499987823e-05,0.00012061524810651512,0.00010696611358341284,0.0001574114993613337,8.658125624780945e-05,7.997192473529429e-05,0.0001552137656619961,9.282762432508939e-05,0.00010972439144228138,9.877849632345462e-05,6.657483754136629e-05,0.00011343080654267312,0.00015658719673424218,0.00014302182321294398,0.00013970154440343308,0.00012160501822922608,0.00010835640325072168,7.972007062717918e-05,8.729016860117412e-05,6.0063513140332584e-05,0.00010800329285858615,0.00012598024601543243,0.00011528612625133059,6.775732179592584e-05,0.00014138284347480412,8.043967477410613e-05,7.990617469742972e-05,0.0001319831397306016,0.00014097559485138538,6.607870478353015e-05,7.921851429318142e-05,0.0001363644157473657,5.122267560676251e-05,9.871955267629209e-05,7.659648507569648e-05,0.00011549576617429795,7.252208824661761e-05,0.00011005405510252735,0.00012974131073059328,0.00011300715769018427,6.683869901947006e-05,0.00010820257486858918,0.00010888589691538047,7.16329209595327e-05,0.00012438884656276988,6.840047260627631e-05,0.00013519176641791327,0.00011636044266160177,0.00010673130910313922,5.834148843433202e-05,6.086996938361969e-05,8.495194224457798e-05,8.325709147790662e-05,0.00011878680334709434,3.91663262765824e-05,8.04171418963374e-05,0.00013362569510555258,0.0001423709376112125,8.365805091215263e-05,0.0001111529098168975,0.00016680465615144058,0.00012210931120358408,9.436658774713319e-05,0.00013205029098854244,0.0001108502545530138,0.00012958266875916672,7.747158908529365e-05,8.176343638897512e-05,0.00011829294968160336,0.00010491961848852076,8.697603000600852e-05,0.00015738808957427224,8.425794929678973e-05,9.637942188694121e-05,0.00010453451783143202,5.632410817794352e-05,8.676010542883873e-05,9.443845584050757e-05,8.992780471969336e-05,9.166564723441032e-05,8.388663415409522e-05,0.00011229696180358854,0.00011266467773996127,0.00011903524327365163,0.0001472906706529434,0.00012077896213493183,9.091226886436656e-05,9.481201233424609e-05,0.00017214349383240526,0.00010175441333749807,0.00012340995985693113,7.773315801707247e-05,8.567305757723017e-05,0.00013572904287718335,7.773008180288741e-05,9.048790847882567e-05,8.445108938624227e-05,8.821712480366744e-05,0.0001273301477853919,8.564214925157077e-05,9.637823885721693e-05
PWY-6807,1.2502792919542943e-07,2.3315414698150843e-07,6.849528384091025e-08,1.5216651079433724e-07,8.577509728609274e-08,4.2755787791291354e-08,6.543056926027984e-07,6.515228736200306e-08,1.3261794221168942e-07,1.3654335566685604e-07,1.403856995195718e-07,8.917437598164492e-08,1.4721454630466667e-07,7.803594987829594e-08,6.806329835984089e-08,1.039040033576181e-07,1.95070144001713e-07,1.2432707723478055e-07,1.0649496873182177e-07,1.676910214965679e-07,1.4129946935198481e-07,2.3992992999602627e-07,2.7584370601190416e-07,1.807877326093382e-07,4.977993162330272e-07,1.35054995468309e-07,1.2675180565300787e-06,1.3378687420709294e-07,4.3531788194499686e-07,1.0480209927288366e-07,1.2600921319130973e-07,9.978400941567473e-08,9.986949741599578e-08,9.947143558651544e-08,8.351445875975645e-07,8.070940679490577e-07,1.132140158493978e-05,1.238955789462464e-07,1.6734773609200287e-06,1.3564904493834416e-07,1.27319790354314e-07,1.4352854234598415e-07,1.621985222330481e-07,4.6370231923394816e-08,4.033418503314112e-08,1.0490466477328525e-07,1.6800414687173852e-07,1.554125662398915e-07,1.6112163141473173e-07,9.896049543957343e-08,9.311409170732848e-08,2.195790956949514e-07,2.486376373323401e-07,1.5870314096680925e-07,1.5036769528837773e-07,3.5630996000136913e-07,1.1856834361491006e-07,1.6962006908387693e-07,1.385760313527155e-07,1.5034317363351326e-07,1.4046769981894698e-07,2.52942096712144e-08,5.834258374670914e-08,6.139565105933031e-08,1.7290763898259185e-07,1.4957691590284278e-07,9.349678294149762e-08,1.0356388714312017e-07,1.2553015493835008e-07,1.5695837230269916e-07,6.495191724841016e-07,8.270102514125778e-08,2.553990856159913e-06,2.6701842944990513e-06,1.7188525002330835e-07,9.080387556303881e-08,1.806613405394459e-05,1.298117874333468e-07,3.434716015187091e-06,4.519228052931714e-08,9.943276747489417e-08,1.0666368034189193e-07,2.735339742711958e-07,7.516388607805802e-08,1.0656773726857283e-07,6.425302866162799e-07,3.625159815502251e-08,1.423115714225083e-07,1.0821778075284716e-07,1.033852267022996e-07,9.796206475071496e-08,1.0091269520829905e-07,1.2442181708281817e-07,8.084879711802224e-08,1.4588078376653897e-07,1.5859404843463573e-07,3.493010600293281e-08,7.167951393423239e-08,1.0778888447343417e-07,1.5751896118693534e-07,8.233726193030818e-08,1.2665394330143538e-07,1.239072908644946e-06,4.969854048617731e-08,1.6079302551982847e-07,5.978107221117602e-08,7.930198168698733e-08,1.559123227704345e-06,1.4301194472236925e-07,1.4582793171466403e-07,4.188463685452627e-08,1.5666391720915863e-06,2.000492651749254e-07,6.56533347817273e-08,6.3104063532834e-07,2.0230622364672167e-07,2.605877286000424e-08,1.3314945465234394e-07,7.39087611392415e-08,1.2439819485397982e-07,7.61829066949485e-09,9.898288633083386e-07,3.0550836145242963e-06,1.2036572024470588e-07,2.231371635101564e-06,1.3984393512544134e-07,7.863760567082362e-07,3.546433302063508e-08,1.201424614177769e-06,8.907997611279252e-07,6.137673161045166e-07,5.4114404826611466e-08,1.5769560339237015e-07,2.610932345764914e-07,6.22932359161598e-07,1.432778582855346e-07,2.6923839490427257e-07,1.7662836909756962e-07,1.7930031368757827e-07,2.482652116112282e-06,1.3666049064089013e-06,2.246700530357811e-06,1.1137572631636854e-07,2.463293424231014e-06,9.684245433465888e-06,2.0950242100892813e-06,1.3300104557219002e-07,9.660785447054e-07,4.20629994206698e-06,1.2595459727615594e-07,6.92678087043147e-08,1.1772488856574635e-06,5.550062679247875e-08,3.694738720325736e-08,1.2424924471839753e-06,1.2859899449684475e-06
PWY-6936,0.00011499369431880373,4.734065884383146e-05,6.850860853518401e-05,9.922526955446691e-05,8.299885592323274e-05,9.827863477829824e-05,8.170061618833367e-05,0.00011411912558497792,0.00018560699701432426,8.307346501919915e-05,9.328148960544297e-05,0.00011938560296671853,1.7021188211042944e-05,9.049328568550535e-05,0.00015784979136369186,2.926286916766171e-05,0.0001700418670138385,0.00011176650913564147,4.8877554560115006e-05,1.195061383296273e-05,3.5198311961120555e-05,8.060922861268008e-05,3.479782418016916e-05,4.8474754572104667e-05,3.516458384262645e-05,4.679950012408818e-05,0.00010320448015449049,7.094448959573456e-05,0.00011156025882616965,0.00014423394624468405,0.00013039995657904103,0.00015542229564471108,0.00010578694432573628,6.701031071691244e-05,0.00016323187610814836,9.34138317929717e-05,9.295598258859155e-05,9.345980931366566e-05,0.00014419392757317648,1.3903455496511364e-05,7.205010796052668e-05,8.127870310283831e-05,1.673078667959995e-05,0.00015594412950737703,6.845860898916534e-05,9.006781336002506e-05,2.906733511574399e-05,0.00011724930717985458,3.128526479385358e-05,0.00017373897277130884,6.854190770693187e-05,8.194949284267605e-05,0.00014540371611936585,5.151442553032319e-05,0.00010571478222955566,0.0001626761286513717,0.00015664140208336702,0.00012583951783354445,0.0002024510550606851,6.914654895911038e-05,6.563158968953766e-05,9.515317358441997e-05,6.328773348719865e-05,3.359936769091409e-05,2.821390284140125e-05,5.7894691828166456e-05,0.00011574133716131973,9.874482093941149e-05,4.103144440013177e-05,7.879112080725004e-05,4.747124112759167e-05,7.38086274718484e-05,0.00010185345246697474,3.0759863112770865e-05,2.734480063051331e-05,0.00018743396749028554,3.50760647735716e-05,3.104865738521384e-05,5.871705692510226e-05,0.00013629571021809395,0.00011432520736128004,1.3371544203724413e-05,0.00010380816670165196,7.351643455331532e-05,3.321993782290494e-05,8.407616515655107e-05,0.00014234549946311114,4.6872733421791447e-05,1.6932791004121978e-05,0.00015702145824645361,0.00018228338666040223,9.165958370530494e-05,5.484372486251224e-05,8.79901825649447e-05,0.0001389039391031261,2.4984726524766797e-05,5.469780336794412e-05,4.000949951895734e-05,0.00010005972498154295,1.622922879025829e-05,8.603084450160065e-05,0.00018226543513383766,4.357908139772491e-05,6.899735377679333e-05,5.024387449190946e-05,4.031290303617691e-05,7.481542184070913e-05,0.0001266874838744788,0.00011255268231935244,2.6290739912824075e-05,0.00016383461511702342,5.9420601426726635e-05,0.00010131420993538449,8.03874012321413e-05,2.0376963705169854e-05,6.659434446170224e-05,7.841880909004344e-05,8.353852429053987e-05,5.539412096712597e-05,2.7022191106147163e-05,6.284725168367159e-05,3.4848233990829665e-05,4.316953985662527e-05,9.347284508113906e-05,1.5053465693333757e-05,2.4842856760867777e-05,0.00010156017452517628,0.0001317913864885278,2.635114079086499e-05,1.4650474051015138e-05,2.4080891741621456e-05,0.0001404664762371934,1.005572428612197e-05,0.00012164108627606487,2.365597153177709e-05,0.00014271925859858872,5.978494951680106e-05,4.150777143586342e-05,4.18764996533804e-05,2.644002147885647e-05,8.443791023690113e-05,6.636138279631993e-05,2.653001031737936e-05,2.733742163956774e-05,3.838575987792047e-05,6.149098965559767e-05,7.48866005349421e-05,1.2345547515653798e-05,2.860743627716382e-05,1.5090539751733825e-05,5.3926202098162504e-05,3.70978610809555e-05,4.658949991394789e-05,9.00088408137337e-05,4.6643221065376136e-05,1.2428370390544648e-05
PWY-5989,2.5880719291285374e-05,9.342821556108928e-06,1.9214108613003322e-05,9.708242508594051e-06,7.455113789530264e-06,2.3036442695633214e-05,1.5161456473452844e-05,1.3613954524968897e-05,6.496869077942664e-05,2.0463879040611322e-06,3.5529650532094648e-06,1.5834898014287743e-05,1.0071269395400216e-05,1.6358182797077596e-05,9.951543523005032e-06,1.1636644381986262e-05,1.2020575791371081e-05,1.6316724446083418e-05,5.164683955447048e-06,1.7519134239935414e-05,3.4573144344691508e-06,1.1724805337616457e-05,2.9998489196879064e-05,4.074136677361155e-06,5.7610276219100875e-06,1.7878659680001245e-05,1.86842731008664e-05,5.840823553947279e-05,3.810213328565342e-06,0.00011891833701650082,1.2795073511670794e-05,7.520839353600714e-06,1.2899626145940242e-05,1.2743005839405666e-05,3.169998637753366e-06,1.915212222740763e-05,5.326719176463011e-05,6.574787567884956e-06,9.804050582979845e-05,4.899228559075127e-06,1.5466680247605326e-05,1.199630153543613e-05,1.3056880916604424e-05,8.927769219290623e-05,1.2454141755326359e-05,1.5634135222513094e-05,4.429112359422102e-06,1.335898840483299e-05,5.672708875644219e-06,1.867765283181247e-05,1.1666393303058546e-05,1.7877151662142258e-05,6.528470431020064e-05,3.8105305767570515e-06,8.960720062477926e-06,0.00019825997184374963,1.4226904346458388e-05,2.894823294852132e-05,1.3000166590746903e-05,3.156092091148478e-05,3.7479410363978e-06,3.4932193886123467e-06,5.648638125679846e-05,2.9555403201799785e-06,1.7632068135219387e-05,7.056270260599912e-05,1.6178810162766047e-05,1.874757907169358e-05,3.745572593180247e-05,2.0443229611432065e-05,1.398094659052226e-05,3.8498679955665145e-06,7.046921994208969e-05,1.5452399860673913e-05,2.4428322619655763e-05,7.63011749630678e-05,2.185921913615633e-05,4.119863268587882e-06,5.429796067180943e-05,1.6813412203881847e-05,1.7024983487415857e-05,1.8434916918584503e-05,4.0270834079111885e-06,2.671981741902286e-06,1.2362180473962058e-05,2.1697572255108364e-05,1.07712846230998e-05,2.307889002214065e-05,2.122577965688781e-05,4.656430301743534e-05,9.355190715774408e-05,2.107965943732107e-05,2.9827125152041028e-06,5.950075527572766e-06,1.6619086196585342e-05,1.5075303622765319e-05,1.4179217223014557e-05,4.8356464793417275e-06,2.9146234166849844e-06,4.596900863089078e-05,1.5221066591943662e-05,1.8695138626549296e-05,1.567946073329698e-05,1.643912855340893e-05,1.2046620677512893e-05,1.2339721889698929e-05,4.373240439161673e-06,6.247190248401492e-05,2.9081920547562384e-05,4.485029284636896e-06,3.2766428682812194e-05,4.365927934843584e-05,1.31799921720576e-05,1.0026610504987693e-05,2.7048257730507484e-05,1.5200015186580375e-05,2.463185050543274e-05,8.06728134621783e-06,1.3542200362016754e-05,1.4222356883043097e-05,1.7395994191671465e-05,1.615973433991295e-05,7.3438388571861615e-06,2.880626766457239e-05,4.8368053217000287e-05,5.164000783266895e-06,0.000111345605571112,0.00011112223231608942,2.2034485485634065e-05,5.1905310402499235e-06,2.179749908374908e-05,1.2538618038066687e-05,5.8546486870279054e-06,0.0001996869426624062,1.5934425739535233e-05,9.9434745724277e-05,4.925824277211364e-06,3.9054973147328775e-05,6.390182581976566e-06,6.459902823165953e-06,4.1846629934628195e-05,1.6361569744639503e-05,1.5792146494126387e-05,3.982800906252162e-05,1.0901583009291093e-05,6.1694250032078025e-06,1.8865617566411854e-05,6.113899177817219e-06,1.130408462775434e-05,1.8078134956613127e-05,9.214654305462974e-06,3.090276418526064e-05,9.136832202819098e-06,5.968465732190732e-06,4.05090173563474e-06,2.7184729711140595e-05
PWY-7664,4.630691481069886e-05,3.131318410798941e-05,4.434174322834531e-05,0.00010745079318628062,1.9654897692854583e-05,2.5626380523983656e-05,1.6490331574903425e-05,1.7738856836647155e-05,6.003112382376276e-05,2.6628479361532686e-05,1.606019790950313e-05,1.5201203712648657e-05,1.8193879810585216e-05,2.3400951679213976e-05,1.6082218286888913e-05,1.702442342838533e-05,2.4820320502382375e-05,2.2168578263498756e-05,2.2160446939214565e-05,3.588053892022519e-05,4.163348612447637e-05,2.7089029760621973e-05,3.6859213472160915e-05,2.299964177834734e-05,2.3526415212140547e-05,2.9149193704152383e-05,2.5259861792893226e-05,0.00012251347186563544,5.841626873355854e-05,0.00011158541391349373,3.352155574883315e-05,1.689439463618638e-05,1.355413747867621e-05,2.5819824809316676e-05,6.77671351115614e-05,2.0026091787883762e-05,9.865945787636107e-05,2.082786217259492e-05,9.937559763939387e-05,2.0564559139246698e-05,1.5309655037162676e-05,2.0516285358705664e-05,2.4664810585993516e-05,8.803427009484972e-05,2.0338837270872416e-05,2.1005874148541743e-05,4.089362124532689e-05,5.596155864687606e-05,2.1267822595356694e-05,1.9544578373969423e-05,1.3799543504677673e-05,1.872947607284359e-05,6.599187459299233e-05,4.6242857807511826e-05,1.2508025558471602e-05,0.00022134975070054478,2.0104591814673195e-05,2.7436807969785278e-05,2.6117124724778646e-05,4.578117074650069e-05,1.7182861065485182e-05,2.4068632958767933e-05,6.391631045968583e-05,2.291284608915913e-05,3.3445074415244246e-05,6.864849284870787e-05,1.7601866466997835e-05,2.2617846957206738e-05,6.312086820212078e-05,4.675311666769718e-05,6.648335309822956e-05,3.5566529051262724e-05,6.458003884850808e-05,9.493722481351182e-05,5.206589162461007e-05,7.452412874506102e-05,8.671867706262185e-05,1.9661230662788176e-05,9.114530465694886e-05,2.558061005282245e-05,1.6622035929370798e-05,7.758180431336728e-05,1.7617132734230607e-05,1.4941741318594718e-05,3.8433741526826734e-05,4.5599971103836134e-05,1.1438433066836718e-05,3.473097184450407e-05,3.0271606687212592e-05,5.446932951698667e-05,9.17064868637506e-05,2.2389414102373613e-05,2.7048728589916053e-05,6.796229490541286e-06,4.634648775723855e-05,3.223227862147066e-05,3.2545123239493386e-05,2.245272651936717e-05,1.7161424628334702e-05,6.658055966179339e-05,1.4397727619245527e-05,6.446525200398043e-05,2.5397259009614372e-05,2.6690408790415262e-05,1.6770547637939446e-05,2.0170867715516364e-05,2.2102145117030537e-05,6.748051463664245e-05,2.993366898972767e-05,2.0290507269868157e-05,3.51903540836003e-05,5.1510811966504896e-05,1.8362943655397958e-05,5.446638195751489e-05,6.77133184928826e-05,2.0972921103349e-05,2.497887543224825e-05,2.5736695361284645e-05,3.106604040927044e-05,5.9793852226036386e-05,0.00010527843003495268,3.343309480340805e-05,7.299974318700365e-05,9.188432237758473e-05,7.559176833863969e-05,1.714695849114512e-05,0.00011552617533193734,0.00011085192246670289,6.0401518275970426e-05,3.855362330496343e-05,5.139252969012908e-05,2.540229435562142e-05,2.064754366300065e-05,0.0001957531817428076,9.39289865254077e-05,0.00015363177101738898,5.2971913215845255e-05,0.00010966308946813228,2.2968051560011412e-05,0.00013769801507428197,8.100476604615447e-05,3.0073326083308672e-05,6.619529412196546e-05,3.870474666544941e-05,5.218758068964706e-05,0.00011250365463674752,2.1709772423631677e-05,4.5725064635629775e-05,8.041739297538255e-05,2.350540146479945e-05,4.636696386196853e-05,7.59394207659244e-05,1.7975176059941386e-05,6.936403254404557e-05,6.633451468031838e-05,5.05089872312285e-05
PWY0-1586,8.746954141563185e-05,1.713263156045727e-05,6.141249683305751e-05,7.364568073547567e-06,2.246744187610132e-05,0.00011949913697071986,0.00011096651594455987,0.00024778296641718943,0.00041589580964791957,2.36565252876961e-05,1.0359206215978072e-05,0.00015562595908168045,3.743929447127349e-05,8.973269740031399e-05,7.00132510533438e-05,4.3940607953089424e-05,3.0639354385597706e-05,2.6380000756109264e-05,4.125851637109644e-05,4.687385065187925e-05,2.4379782317715032e-05,8.062558163682897e-05,2.4035920263376268e-05,1.709156007185154e-05,4.531377599943756e-05,8.393472973853514e-05,0.00011865584135773903,0.00012657246070124997,9.589290069348263e-05,0.0005945106504669231,4.0795124672659916e-05,4.226383055855652e-05,8.328372052432758e-05,3.9098524350463694e-05,0.0001294049104852179,6.943648397265156e-05,0.0002579545074016889,9.938208726279037e-05,0.00026019691842958355,2.7716953169513892e-05,0.00011025597137264498,7.818238675091794e-05,3.473805300541823e-05,0.00035996337617409094,0.00017965194355169562,0.00017554489941492204,5.232706410077261e-05,6.533574383953536e-05,7.121314358671603e-05,0.0003395412694677409,5.3341051303926896e-05,4.8468237329954745e-05,0.000426546343392279,1.073174826581878e-05,6.920636141556756e-05,0.0005204961252971425,0.0001696725103243108,0.00035691627645080646,0.0001419748976295175,0.00012765850834270585,1.1539991913666281e-05,1.6471687301913613e-05,0.00011325592417568464,8.209889778436504e-05,2.592458860028296e-05,0.0001930704105777539,0.00010335564372243743,5.122396858323474e-05,6.750920109240577e-05,4.31264611039288e-05,5.311375054641872e-05,8.519201016451979e-05,0.00019782070762989172,8.044549014841004e-05,1.1311312259234458e-05,0.0003724118352763955,3.166849876688644e-05,6.068548840891706e-05,0.00014585210117523082,0.00018442084919004608,0.0001525607418102671,5.325003363912722e-05,2.7128758928727414e-05,6.40781543078974e-05,3.28595518907132e-05,8.62662891152562e-05,0.00015058730281665826,9.081905753275604e-05,3.5350808454008815e-05,0.00042129079595999805,0.0004656152665256921,0.00018251397167226647,2.5337880610935394e-05,9.26122995067985e-05,0.00017667269268093323,3.4566618344482375e-05,3.347960330863058e-05,1.1732214575816043e-05,4.2246948741602365e-05,9.019902546464776e-05,0.0001325154903738787,0.00016501071719667504,3.219335512793368e-05,7.115351776933094e-05,1.9978439316971664e-05,4.406004985494321e-05,2.3568230326009454e-05,0.0003038542998657612,0.0001102039160658279,1.5524457185882487e-05,0.0003296447291480688,0.00020361854577605423,9.975139199837422e-05,4.0641791660386835e-05,0.00010716295271205995,9.304518166440275e-05,7.653241247877652e-05,2.8403863241282102e-05,4.712182729405544e-05,0.00010750460573936896,4.677085361857009e-05,1.355628105459697e-05,1.1202335235398547e-05,0.00013407925148565075,0.0001058807711294106,1.1382203016066534e-05,0.00036006673819248346,0.00042725257073511513,2.0816441913181418e-05,5.8778850901989885e-05,2.8357211628515493e-05,7.675450060651138e-05,0.00010890605767481859,0.0005329324919478751,5.1295347712146025e-05,0.00020324044440986135,0.0001158488435401457,6.801943684434135e-05,9.221112797724088e-05,2.8106585766890744e-05,0.00022093009603615184,0.0001137318393620585,9.481482599634335e-05,0.00011418474068314687,6.471368514690694e-05,8.641502588667729e-05,4.070204920789536e-05,3.6121565941207454e-05,7.004898827747722e-05,3.403568596594679e-05,3.249144797540005e-05,2.394294358541707e-05,4.016871220417771e-05,0.00016203576043711545,6.265971510584287e-05,2.4267263617033103e-05
PWY-8073,3.361795363165043e-06,3.079414005198913e-06,1.5142319223456426e-06,1.4677360431871866e-06,9.135611624218739e-07,8.378900512899868e-07,1.239689420824011e-06,1.2275510782633774e-06,5.528872385993025e-05,1.1664026578226225e-06,3.788118383533095e-06,4.761189141042138e-05,5.802091964654791e-06,8.787177658427485e-07,8.37936757317988e-07,1.4431582023112234e-06,9.131082510214693e-07,9.41081400060198e-07,2.375620640825516e-06,1.459551602068762e-05,1.6853624349717851e-06,1.0211591492279616e-06,1.7221050626869847e-05,2.293866564737225e-06,2.307197446230099e-06,8.709218257519637e-07,1.3710345358262624e-05,2.429594147329953e-05,2.2546644808487255e-05,9.985796565274034e-05,1.0915502806875552e-06,1.082865964776464e-06,1.5042480168981123e-06,7.06452513862738e-07,1.4575096296587124e-06,6.041836053212205e-06,7.034777331033296e-05,7.695352465474611e-07,7.397333278290005e-05,3.280996343222728e-06,1.3783722518928757e-05,2.180289675331417e-06,1.1980732214402718e-06,5.3291246764829147e-05,7.645255315648156e-06,1.536400474342218e-06,2.6086824651196903e-06,9.3530973281687e-07,9.520047524371488e-07,1.0364554202067597e-06,1.1162181063789715e-06,8.915576158750659e-07,4.8282148198273866e-05,1.3229784313444295e-06,1.629728339031797e-05,9.664072771549158e-05,1.0369866732637777e-06,5.577135783296169e-05,1.1278179105820304e-06,4.266690125962472e-06,1.4513564041320533e-06,5.886472021576834e-07,1.99651236671019e-05,1.0500955783015422e-06,8.963378624684824e-06,2.998562520360639e-05,1.0557398494036687e-06,1.0546248355912938e-06,1.278188604431788e-05,3.4375519912042242e-06,3.1417454357009015e-05,7.299814653551724e-06,7.458908521871231e-05,2.460025822081621e-05,1.4181891536655985e-05,7.435368491202148e-05,3.823388259776964e-05,1.2443757747945032e-06,7.065793264293709e-05,7.367232131571122e-07,1.0830511470942148e-06,1.678313907095565e-05,7.643175274717383e-07,8.972768969612974e-07,3.906414918892664e-06,1.6195705643678312e-05,8.919583465369885e-07,1.569335758542595e-06,1.4609076697935069e-06,8.604463781150675e-07,8.460997012941105e-05,8.114569445622193e-06,1.0249845698507169e-06,1.5781007868405492e-06,7.592039430298367e-07,1.551485026370955e-05,1.8677378319472448e-06,1.1208969105310824e-06,4.485317291246746e-06,2.8243988235980147e-05,2.7601151748685178e-06,1.441976654042969e-06,2.2263437765225877e-06,4.359093808720487e-06,8.528561060176446e-06,1.6048856199501332e-05,2.319168522742913e-06,2.23465194496726e-05,1.4198792671436555e-05,3.4368381873252475e-06,7.576474839724484e-07,3.9837917145063825e-05,2.1483772702644674e-06,1.7523441696650208e-06,2.65166774088294e-05,8.979605396109239e-07,1.7327139733481125e-05,8.07468098785002e-07,2.441474598486085e-06,1.6600937597679617e-05,2.629909839783637e-05,7.160538698655261e-06,1.2326517686802404e-05,2.4302130589610853e-06,3.367982755075585e-05,3.7590406889818494e-06,0.00010389717619898884,0.00011265692288772861,3.679973295919033e-06,5.25106229187568e-06,1.851525447786655e-05,7.246357256692603e-06,2.3714756250281563e-06,0.00010695104094895854,2.566911330303966e-05,4.525687806026281e-05,8.340839741365497e-06,3.109746365160348e-05,1.259332027601059e-05,3.454755278077843e-05,6.332806674910184e-05,2.654641282491561e-06,1.5073546125227338e-05,4.815171535127261e-06,4.764846272872568e-06,3.4529942440880694e-05,1.1721577939628551e-05,1.8738241225880273e-05,4.109767430137482e-05,2.5394076652486613e-06,3.087310665338244e-06,6.973260068160339e-06,6.382501084463356e-06,1.496794639662569e-05,9.304373685804523e-06,1.5637907212790784e-05
PWY0-862,4.2917026405843863e-05,2.9119053130524147e-05,4.1532103834452865e-05,0.00010359398032919501,1.8020086596614143e-05,2.3405002343300383e-05,1.5020686626681732e-05,1.6192674428325836e-05,5.547430391967757e-05,2.4368286794352282e-05,1.4780210563412981e-05,1.3965619504548124e-05,1.8322927671277223e-05,2.1414999943090385e-05,1.4690426001514839e-05,1.589129598668807e-05,2.2708044499177567e-05,2.025359313721897e-05,2.0547871675932523e-05,3.45996419135222e-05,3.870879292066395e-05,2.484885031972818e-05,3.2757500290084335e-05,2.3191334530541203e-05,2.193209729717657e-05,2.6828813525419404e-05,2.3031721834105692e-05,0.00011768468841418306,5.41998809287083e-05,0.00010411215793917963,3.06794932549348e-05,1.5423856539124063e-05,1.2341630423319209e-05,2.3662919176303198e-05,6.229031112185627e-05,1.8377439117274715e-05,9.258964425543512e-05,1.907111573929601e-05,9.255930352320002e-05,1.99971512649885e-05,1.3998058182782079e-05,1.8767217141087675e-05,2.2771935129409508e-05,8.18843853793058e-05,1.8564519023390954e-05,1.919080910205797e-05,4.0925341735549925e-05,5.224417727031229e-05,1.9577127249426273e-05,1.7835835399524295e-05,1.2596543407092928e-05,1.7232118841576866e-05,6.081240138763571e-05,4.219359287258487e-05,1.1670598311968615e-05,0.00021289837918337493,1.8322972881013897e-05,2.5050820041385226e-05,2.3840176717888446e-05,4.338518893641707e-05,1.579864746454814e-05,2.2073930865573405e-05,5.9569143875237995e-05,2.094109902605815e-05,3.1955871556489266e-05,6.390478631839584e-05,1.6067197586618864e-05,2.0693186366773403e-05,6.0134862837151836e-05,4.160531103633242e-05,6.393479542831095e-05,3.29361555423842e-05,5.82549989795274e-05,9.297204294280951e-05,4.940398894698202e-05,6.976152467349921e-05,8.370341492127076e-05,1.9788756466078875e-05,8.76697877704596e-05,2.33737161105726e-05,1.5192925029166363e-05,7.416490185666413e-05,1.610906351159688e-05,1.3618082215697958e-05,3.6723103061059755e-05,4.33779246574147e-05,1.0425373881231336e-05,3.216844882271856e-05,2.8115243452110052e-05,5.017751791053376e-05,8.492225156362019e-05,2.0480312701659966e-05,2.492305309175813e-05,6.1857142265726905e-06,4.243274644060459e-05,3.0391558270641796e-05,2.9983350099976747e-05,2.0529540584309104e-05,1.567909067206171e-05,6.398783143235737e-05,1.317270253173791e-05,5.928564929250877e-05,2.324856134858656e-05,2.4596779916353833e-05,1.533975483434488e-05,1.8670558724562116e-05,2.043413339783711e-05,6.240385732971661e-05,2.7412805899071724e-05,1.8865241910753405e-05,3.2193828807819184e-05,4.723083501389833e-05,1.6769707006205505e-05,5.1004881499153803e-05,6.364711945438349e-05,1.920339537585797e-05,2.2807761020710503e-05,2.357842732149147e-05,2.844974478912585e-05,5.7288872725630666e-05,9.968654748442303e-05,3.203106147736872e-05,7.089830618398084e-05,8.566687731737766e-05,7.07676861817887e-05,1.575590567921623e-05,0.00010825389389958111,0.00010358440465714605,5.799172535727921e-05,3.632642898979989e-05,4.931619085396046e-05,2.3297263831506566e-05,1.859541491210677e-05,0.00018413113315930645,8.978327438043926e-05,0.0001431194916121156,4.891786428160065e-05,0.00010648056485382258,2.128463528043999e-05,0.0001364654370219299,7.676523797222855e-05,2.7774543629167414e-05,6.149517429728787e-05,3.589144067929943e-05,4.983379510126351e-05,0.00011219151655071859,1.997762057409381e-05,4.3225450079530496e-05,7.955527131646438e-05,2.154966181339307e-05,4.488391529472324e-05,7.835040023366143e-05,1.6545938458324084e-05,6.411618092660751e-05,6.357937483676003e-05,4.943964324014947e-05
PWY66-389,1.267347097270847e-05,1.3780814003067143e-06,4.101250491536098e-07,2.7187579436713826e-06,4.261530245242453e-07,4.2583180747001836e-07,3.297095706964524e-07,1.1194387618596515e-06,6.927725212601904e-05,2.3876650741933198e-06,1.8976162396478896e-05,1.9795808624137267e-05,2.5250578212790397e-06,4.267650979990807e-07,1.4027968705831451e-05,3.546784237212338e-07,2.8427738301015046e-07,9.290558573101234e-07,9.326543568790778e-07,1.2453255979952986e-05,1.275177998496515e-06,1.1941230585080187e-06,9.496831058234187e-07,1.32645593273892e-05,1.0399698268781836e-05,9.64314185029023e-07,4.4186204304285275e-05,1.7566791473892004e-05,1.3053692741792315e-05,8.724843695374008e-05,2.466372488913494e-07,2.399350618924564e-06,8.728164761295103e-07,8.775008534483456e-07,2.689780288765394e-07,1.4243801143324354e-06,2.0541379120927313e-06,3.5154191495513727e-07,4.505941644774458e-05,5.541047546144174e-07,2.3571580801332205e-06,4.496720820323275e-07,6.233002399702513e-07,8.504150484108669e-05,1.92087519175092e-06,1.444196145235676e-07,8.015809358006488e-06,3.79659804532393e-07,1.4424030319331224e-05,8.268874626144097e-07,1.2161054013555179e-05,4.948417676457473e-07,8.343149043304758e-06,2.387988769729114e-07,1.4518118415230172e-05,4.155914614798514e-06,5.506774826724579e-06,5.1325559477463585e-05,4.6237420109768806e-06,5.880409333715371e-06,1.3271386321285241e-05,3.0316120510259454e-07,3.136205027363261e-06,1.367101388559479e-05,2.4750931906577235e-06,3.3332333184187446e-05,9.54000543338444e-07,6.88213983050652e-07,1.678493095919024e-06,8.268220183954208e-07,1.2588952225869799e-05,2.423862511511149e-06,4.851784321807023e-05,2.8377804512372985e-06,1.2417682263384628e-05,7.312251932977671e-05,1.275829518595193e-05,2.4609008891956233e-06,2.7254837737560752e-05,2.4233229163575855e-07,4.0230671461150633e-07,2.4713724993987463e-06,2.6187492424786415e-07,2.6961567934257644e-07,9.61118273179206e-07,1.3087662905039168e-06,6.526876397409901e-07,1.0299372347708875e-06,3.800441944750721e-07,1.026309591301036e-06,1.1918741125769302e-05,3.8904919088414663e-07,2.86086219811203e-06,1.4150419665550432e-05,1.4433361066145667e-05,1.0992077815359561e-05,3.3540407043863293e-07,3.6358907655978896e-07,8.561730245911659e-07,2.434589385004884e-06,3.096534327504531e-07,2.532538739247789e-07,6.649350942292384e-06,1.210176761579513e-06,3.076402502719486e-06,1.3273336140009017e-05,3.0197913266004527e-06,9.103887296753936e-06,1.681061811701586e-05,1.1988846602737671e-05,9.016914269621853e-07,8.889850252612136e-06,9.626968693429944e-07,2.4361572943208857e-06,2.5008659977468593e-06,3.747461522354269e-07,2.7580549943771593e-05,1.2570019157361649e-06,7.291030936704968e-07,9.459612911896973e-06,3.675054232723059e-06,1.1036089181553517e-05,2.6266134643788275e-06,1.3863517021174248e-05,4.043209629482833e-05,8.070549076404509e-06,4.082934324049013e-06,2.8816614323502844e-05,1.057718759552964e-05,1.3633694786981449e-05,1.2982647051799677e-05,1.5428913266000686e-06,1.3336252986529596e-05,6.139281667188026e-06,1.2821032182436777e-05,5.746468563117298e-05,9.839664161254697e-07,4.535689900130788e-06,1.672177429848799e-05,2.6459791685663406e-06,2.9230814293668315e-05,1.2039934589193732e-06,1.445112246729102e-05,2.124263530034978e-06,1.498626387781135e-06,6.523986423003625e-07,1.3384542164694027e-05,1.154186474441249e-06,1.2847437937285378e-06,1.4658209048526417e-05,2.429968866454277e-06,9.742447736043385e-07,6.640849058426542e-06,1.9650512660996717e-06,2.913081013447084e-06,3.895209923390138e-07
