,SRR6915103_500K_merged_Abundance.RPKs,SRR6915104_500K_merged_Abundance.RPKs,SRR6915105_500K_merged_Abundance.RPKs,SRR6915106_500K_merged_Abundance.RPKs,SRR6915107_500K_merged_Abundance.RPKs,SRR6915108_500K_merged_Abundance.RPKs,SRR6915109_500K_merged_Abundance.RPKs,SRR6915110_500K_merged_Abundance.RPKs,SRR6915111_500K_merged_Abundance.RPKs,SRR6915112_500K_merged_Abundance.RPKs,SRR6915114_500K_merged_Abundance.RPKs,SRR6915117_500K_merged_Abundance.RPKs,SRR6915125_500K_merged_Abundance.RPKs,SRR6915126_500K_merged_Abundance.RPKs,SRR6915127_500K_merged_Abundance.RPKs,SRR6915128_500K_merged_Abundance.RPKs,SRR6915129_500K_merged_Abundance.RPKs,SRR6915130_500K_merged_Abundance.RPKs,SRR6915131_500K_merged_Abundance.RPKs,SRR6915132_500K_merged_Abundance.RPKs,SRR6915133_500K_merged_Abundance.RPKs,SRR6915134_500K_merged_Abundance.RPKs,SRR6915135_500K_merged_Abundance.RPKs,SRR6915136_500K_merged_Abundance.RPKs,SRR6915147_500K_merged_Abundance.RPKs,SRR6915149_500K_merged_Abundance.RPKs,SRR6915150_500K_merged_Abundance.RPKs,SRR6915151_500K_merged_Abundance.RPKs,SRR6915152_500K_merged_Abundance.RPKs,SRR6915153_500K_merged_Abundance.RPKs,SRR6915155_500K_merged_Abundance.RPKs,SRR6915156_500K_merged_Abundance.RPKs,SRR6915167_500K_merged_Abundance.RPKs,SRR6915168_500K_merged_Abundance.RPKs,SRR6915169_500K_merged_Abundance.RPKs,SRR6915170_500K_merged_Abundance.RPKs,SRR6915171_500K_merged_Abundance.RPKs,SRR6915172_500K_merged_Abundance.RPKs,SRR6915173_500K_merged_Abundance.RPKs,SRR6915174_500K_merged_Abundance.RPKs,SRR6915175_500K_merged_Abundance.RPKs,SRR6915176_500K_merged_Abundance.RPKs,SRR6915177_500K_merged_Abundance.RPKs,SRR6915178_500K_merged_Abundance.RPKs,SRR6915179_500K_merged_Abundance.RPKs,SRR6915180_500K_merged_Abundance.RPKs,SRR6915181_500K_merged_Abundance.RPKs,SRR6915182_500K_merged_Abundance.RPKs,SRR6915183_500K_merged_Abundance.RPKs,SRR6915184_500K_merged_Abundance.RPKs,SRR6915185_500K_merged_Abundance.RPKs,SRR6915186_500K_merged_Abundance.RPKs,SRR6915195_500K_merged_Abundance.RPKs,SRR6915196_500K_merged_Abundance.RPKs,SRR6915197_500K_merged_Abundance.RPKs,SRR6915198_500K_merged_Abundance.RPKs,SRR6915199_500K_merged_Abundance.RPKs,SRR6915200_500K_merged_Abundance.RPKs
PHOSLIPSYN-PWY,3.5937069039634807e-05,4.711427109298809e-05,2.622436716273041e-05,0.00010164086476175093,3.8484980083706046e-05,4.3553175667617146e-05,2.484902931459075e-05,3.0666301323436953e-05,3.3340110451273544e-05,3.770554191693105e-05,5.405769947662818e-05,4.045465707523615e-05,8.493350465450053e-05,7.829506161840169e-05,2.4357182822227762e-05,4.5903488524517555e-05,3.1117705470666944e-05,3.7273354770274376e-05,1.9010444605741898e-05,2.1174180258608585e-05,2.5919223583220074e-05,5.900565656375899e-05,3.1096567608367e-05,5.7847594956492876e-05,5.693543700237512e-05,2.2438059570715542e-05,4.417809738445282e-05,3.05726120053001e-05,2.4899427714026072e-05,3.265213169014307e-05,4.364217219421462e-05,4.2487185881658334e-05,5.0668047664738554e-05,2.9515888372134727e-05,3.04733683252794e-05,4.1917065016593846e-05,3.389099274248756e-05,7.314597217681003e-05,5.655658716513003e-05,3.352050690636349e-05,5.1367707962636124e-05,6.68104853911692e-05,2.2693131594210048e-05,2.7337538818800785e-05,4.943897460591936e-05,4.569910085575608e-05,3.781955142814835e-05,2.2628997447503625e-05,3.371306816897429e-05,4.656993844339613e-05,4.11602630312953e-05,6.614547877942191e-05,4.2775902078197645e-05,4.3674458074887635e-05,4.40922733415847e-05,5.571286639182932e-05,3.097206293870113e-05,5.859877527757189e-05
PWY-5981,7.787539879453285e-06,2.4240342132936922e-05,9.388243650407776e-06,2.7371426271056633e-05,8.195197382921658e-06,1.003314439066443e-05,8.421189712196256e-06,7.654795772774246e-06,1.3872193173435307e-05,1.817591564530053e-05,6.673749369942452e-06,9.380566331086763e-06,3.793241518170726e-05,4.344842110919505e-05,7.712226092311382e-06,1.081054469677734e-05,8.606328494722201e-06,9.828890719433212e-06,1.0326730676089141e-05,8.839894286109942e-06,9.069529230564968e-06,2.6696576864394987e-05,9.180625521902567e-06,3.503732632499064e-05,8.300426883214899e-06,9.407093028264726e-06,7.098815943838122e-06,2.1708153101369896e-05,8.527997307516887e-06,1.0071742052476732e-05,7.56212128643769e-06,1.2582362766801471e-05,3.5496913248989e-05,9.526601445146021e-06,8.104751228248911e-06,9.503413495972112e-06,8.677007168472557e-06,2.229903636349838e-05,6.944710390469013e-06,1.2550184807456063e-05,9.757548370389492e-06,9.558351700861992e-06,9.801004973344563e-06,1.4540742853130481e-05,1.1530150116331552e-05,2.7512146016866875e-05,1.469574052369767e-05,1.337473698543061e-05,4.3482720746958326e-05,9.56805804135268e-06,7.987860010438098e-06,7.724095375969949e-06,8.356485849502734e-06,7.214241284273765e-06,1.0194911230702947e-05,4.380782780684797e-05,1.0057321711978496e-05,1.2295485550721966e-05
PWY0-1319,3.6604322577751474e-05,8.170688484954297e-05,6.711689202391823e-05,0.0001319732188804794,9.510395894993857e-05,9.967896861992472e-05,7.37303484012607e-05,9.628596692372904e-05,0.00013314629022812325,5.782314537990555e-05,9.396053776720467e-05,0.00012639618979633634,0.0001077969897333643,0.00011450310595958378,5.6455843353868986e-05,3.983354014403127e-05,8.577527784278438e-05,6.579722956157494e-05,9.08210092636978e-05,6.612794624935044e-05,6.426915956201e-05,5.6204442967258386e-05,5.448420758200818e-05,9.400324756859509e-05,0.00010773368871121304,6.316465194180552e-05,9.392012848436573e-05,7.388905864666765e-05,0.00012259571339401926,0.00010215847081383713,7.443148495928777e-05,7.933084967181004e-05,0.0001018807247084798,5.4302603345619975e-05,8.638606066763545e-05,0.00011839090501662213,0.00011188881164531892,0.00012989005473967123,9.627867488198029e-05,8.483712556800111e-05,9.747006018340307e-05,7.778265242502244e-05,6.724701537604133e-05,0.00013179615947341526,9.566286281940328e-05,0.00012051025260100939,8.560001098049599e-05,6.0204342608462943e-05,0.000119576515857355,0.00012321123656904468,0.00011187920021529487,0.00010031318946921118,9.032782032011108e-05,0.00011164453825480266,7.715685315626724e-05,0.0001005307322907946,0.00010104427856027923,8.896647229469013e-05
PWY4FS-7,2.9515460138931577e-05,3.437665216327831e-05,2.9813063866522674e-05,0.00013254835750195812,2.6568733465705733e-05,3.1341518449784694e-05,1.701984823584585e-05,2.3528659390270364e-05,2.520910994616624e-05,2.7966270009528733e-05,4.066146954048334e-05,2.759511615449782e-05,7.368490477553728e-05,6.743454182638529e-05,2.5112154101143507e-05,4.1933871469759196e-05,2.7811559484064626e-05,3.3911656323525944e-05,1.2358291426515967e-05,1.6490445238764317e-05,1.809825590392976e-05,5.9841872258152316e-05,2.2753458248150902e-05,7.695481988605764e-05,7.966421462608764e-05,1.5311034959593058e-05,3.4968038352939695e-05,2.1537131922222784e-05,1.7001899076171245e-05,2.9837383692961625e-05,6.709401724077209e-05,3.0199989590739804e-05,4.6185785638909424e-05,2.2970834609467446e-05,2.1047849983888026e-05,2.8819087048950804e-05,2.269466115647237e-05,5.9722164120394075e-05,4.223439310479266e-05,2.483899315187362e-05,3.7450520862122586e-05,5.742147463514161e-05,1.5195263457205253e-05,1.7918785507209523e-05,3.684780552546074e-05,3.196638057465532e-05,3.108171643419821e-05,1.4524700084498935e-05,2.253779082501517e-05,3.3464579054433536e-05,2.8301589199398867e-05,6.559631922118631e-05,3.150351921878853e-05,3.0170272602022797e-05,3.295660699989681e-05,4.3661978823826524e-05,2.089717426593742e-05,6.32818760203508e-05
COLANSYN-PWY,1.8744016078365695e-05,8.601832368799214e-05,1.4900798348788008e-05,7.309353868261434e-05,1.908934291968652e-05,4.90289371404406e-05,3.340880255569855e-05,4.955931447074538e-05,9.053723691412982e-05,4.8651053509743205e-05,5.7103676990067486e-05,4.35443488339348e-05,7.77526016461314e-05,5.266660145144397e-05,4.198597556910081e-05,2.619348342894383e-05,2.941934519096169e-05,3.659476415536132e-05,5.4716460139878256e-05,2.4500281041503437e-05,3.8272292802855925e-05,3.8850166878350774e-05,2.1328803582082813e-05,4.118976717255704e-05,2.1350929323069918e-05,5.538724308181732e-05,3.15535368674699e-05,3.302267175256629e-05,5.588365108734267e-05,3.71187961514586e-05,6.373619806759809e-05,2.0541090666467266e-05,7.499875666997128e-05,3.434079481987212e-05,2.139933673612138e-05,6.67890642490848e-05,7.648226646288403e-05,3.413231458500426e-05,4.0566482886347476e-05,4.3817753471069375e-05,4.726819699685235e-05,3.4346610415021514e-05,4.325202168853122e-05,7.25219237314133e-05,3.7838696630057546e-05,7.28702746200436e-05,4.606865271854811e-05,5.262326610036934e-05,2.8745767043207562e-05,3.65658059893854e-05,3.0368387785699207e-05,2.2537663273789117e-05,4.2215770381654867e-05,3.133287709505216e-05,2.498591166054567e-05,2.8310440514806448e-05,2.8861708699224072e-05,3.573557297855696e-05
GLUCONEO-PWY,8.122815126012848e-05,7.424117977601594e-05,3.255178800649151e-05,0.00012605259045367744,4.4438131688945756e-05,4.221573182658046e-05,9.168962609118224e-05,4.638294677132434e-05,7.369582911156187e-05,4.7428773864979436e-05,4.408653954501128e-05,3.198090801703101e-05,6.661493780149748e-05,6.924352464913124e-05,5.041391819986128e-05,4.1266675790058015e-05,3.268572222110025e-05,5.412558118609825e-05,7.724242755434717e-05,4.5424097487889056e-05,5.1729269018845434e-05,8.818485832693925e-05,3.133149459757176e-05,8.219196800099993e-05,4.644104861508641e-05,2.271339779927098e-05,6.374157862879551e-05,5.732034069653446e-05,3.912917420548948e-05,3.887953731921931e-05,6.061769026352685e-05,5.3786228188676033e-05,8.212770203894295e-05,6.501748068385579e-05,6.615529808654623e-05,2.2757130447900355e-05,6.160571802533495e-05,8.400357967697451e-05,6.719298864030855e-05,3.1689772952202814e-05,5.434102751807447e-05,5.351152673996769e-05,3.756222970586955e-05,9.94240620097081e-05,8.168472652343478e-05,8.308326929303026e-05,4.4958860365617596e-05,6.448473220295212e-05,6.909240512344448e-05,5.355449234404845e-05,3.8670187966433374e-05,5.337595830637311e-05,3.551594645838996e-05,5.180591852717678e-05,5.668557811360723e-05,3.574399747144052e-05,5.359119198428923e-05,7.935220870095411e-05
PWY-7115,1.3476405525363043e-05,1.4321849798077075e-05,7.452047820949215e-06,6.209912488683941e-05,9.47716302285742e-06,1.0924143429320513e-05,1.8449411402872004e-05,9.845252627585561e-06,1.081547170088823e-05,8.742673555869125e-06,8.790402201802176e-06,2.4253055643520505e-05,2.5700954927953048e-05,2.0991496961420606e-05,8.51645900249918e-06,1.2077993909038552e-05,8.483113607996611e-06,1.5093545574126869e-05,1.713141972648834e-05,1.6245729735701043e-05,8.753946674620653e-06,1.2173487529095365e-05,1.2532114785864278e-05,1.5730205486254257e-05,2.0725120083658877e-05,8.59752359784891e-06,1.2551283920212672e-05,1.0071049854226452e-05,1.157303572606229e-05,1.3057914557751091e-05,9.885776446211424e-06,7.163117490447367e-06,9.520137719632177e-06,1.605103359453026e-05,2.3127181265245805e-05,1.1327260402458892e-05,8.419485865809278e-06,1.4700494247371398e-05,9.74817989443511e-06,1.9638243837405942e-05,1.1282514818511004e-05,8.050180696873486e-06,1.0647902033076034e-05,1.7013898212999487e-05,3.341362662152314e-05,9.579555422605775e-06,1.7554405867437032e-05,1.1390855998839225e-05,1.4044057377784778e-05,1.4578357029381404e-05,1.2372347019005976e-05,6.738540400513847e-06,8.376225815920932e-06,9.11850361917064e-06,1.658111804056471e-05,1.1021273089471906e-05,1.6048280918095266e-05,1.1723268900710226e-05
P163-PWY,7.12006492744892e-08,8.366453479919816e-08,8.706267502180155e-08,6.256877540822553e-08,7.664578280781425e-08,6.319654400058417e-08,8.339211290615768e-08,8.731070407458185e-08,8.529297462285275e-08,6.713047745157778e-08,8.437866390231292e-08,8.218185069366822e-08,9.574604930016281e-08,8.366226348745109e-08,8.718283803543376e-08,8.434569639129886e-08,8.07471422014248e-08,8.518271855632859e-08,7.797694928735849e-08,8.049040088929856e-08,8.527605785790153e-08,8.508973168974784e-08,9.716911546431116e-08,6.199338243634388e-08,7.908629747905377e-08,8.611901464228317e-08,8.290046731029488e-08,8.611439065011428e-08,6.940173070178665e-08,7.595598682330007e-08,8.501755617242808e-08,7.997881591483696e-08,8.70252516240481e-08,8.738868524142179e-08,8.12269146554125e-08,8.54287191102862e-08,7.818014372261522e-08,8.655429678312378e-08,7.952006813087375e-08,8.927880272265095e-08,8.214850517746127e-08,8.613311262474759e-08,2.503279280822241e-09,8.358618535313447e-08,8.868742296179862e-08,7.735973238730951e-08,8.822690424034988e-08,8.630903102437683e-08,8.191934006248706e-08,8.678541117232278e-08,8.52696338598357e-08,8.706728207808224e-08,8.694677141070978e-08,7.913413392842549e-08,8.51077923709916e-08,8.222231243876194e-08,8.001049555881099e-08,6.102027960674094e-08
1CMET2-PWY,8.08748464727375e-05,0.00011264777664499974,5.8854838836220126e-05,0.00010836058072177175,0.00010696742016025073,9.852427545972813e-05,0.00010646762878728963,0.00010420925637044842,0.0001678962691303153,8.3205611278697e-05,0.00010742275257256537,0.0001008007661912354,8.796251769714601e-05,9.374862088317849e-05,9.850535374514519e-05,0.00012628458938999633,7.309434567439121e-05,6.437549105300992e-05,7.8569328493091e-05,7.888404027488109e-05,7.506396942628504e-05,8.979905449177197e-05,8.2370959052648e-05,8.343497346229111e-05,6.968687856624774e-05,7.536211173566867e-05,0.00013164724811265947,4.117329274286914e-05,9.084908666391739e-05,8.734643208874387e-05,0.00012008033772781692,9.447142495648004e-05,0.00011137904536419594,8.496155598950025e-05,0.00010368173384834273,0.00011593423142587702,0.00013942884985850142,0.00011941670790796202,0.0001151014995018521,9.917712366363908e-05,8.559825119272363e-05,6.98340955623508e-05,9.667139367696015e-05,0.0001319597367501105,8.712936021932605e-05,0.00010883743672581438,0.00011298422417408682,8.086093895351666e-05,0.00011314477116310839,0.00010456402106455006,0.00012699240562255432,0.00010642612278961187,9.492548265514823e-05,0.00014181026481122273,9.381910141895841e-05,0.00010997965839098913,8.914381412241104e-05,7.683745841515482e-05
PWY-2201,8.179390085504396e-05,8.334579162357299e-05,7.669938297080591e-05,7.343177225650547e-05,6.21345378474371e-05,6.524920309395037e-05,2.7338298074497246e-05,8.647404074223258e-05,0.00011764090232402494,3.2469891360852164e-05,8.876618813401395e-05,6.489324846044302e-05,9.142884552757823e-05,7.920845310999378e-05,6.056173890085706e-05,0.0001071574839142743,4.379303693073578e-05,4.3218858817332346e-05,7.082042071568326e-05,3.157003609178188e-05,4.727964463334047e-05,7.686961471595308e-05,7.68016911996451e-05,7.695618590499242e-05,4.519665294857296e-05,6.143806617349613e-05,8.288387619391756e-05,4.836108531903449e-05,8.315103692554651e-05,3.137393737279451e-05,9.764123892487218e-05,7.9328783532309e-05,9.185308613332171e-05,5.616546340818254e-05,2.9561688717313598e-05,7.37693420482176e-05,9.544764609204469e-05,8.647099766073071e-05,7.73577383614893e-05,4.490310196932805e-05,4.391358750106776e-05,6.541979574229327e-05,7.550673588513911e-05,8.09352212872771e-05,6.503933111665833e-05,9.457074498447725e-05,8.384161419316028e-05,6.623789338296344e-05,3.401719896457101e-05,4.9351287536813657e-05,8.395133751418194e-05,2.8845900698412923e-05,6.262228514277954e-05,3.722274623308521e-05,3.160242550289101e-05,3.313323625893688e-05,7.579218929138744e-05,2.774135084724242e-05
PWY-3841,0.00011199031293169356,0.0001154105583512083,8.273070622241574e-05,0.00011469748639595291,0.00012793824868702198,0.00011226824163119817,0.00011735188042401778,0.00013540543811095548,0.00016158777654930184,0.00010347070888385831,0.00011580248942590101,0.00011816060621586283,9.487444545912416e-05,0.00010700130641050712,0.00012781614303922372,0.00013601598351518763,0.00011797981964086217,6.842239412866948e-05,8.986869880817155e-05,9.539446682585022e-05,8.364735309504904e-05,0.00011004933848127303,0.0001059993343585786,0.00010296153700722342,8.851905114595204e-05,9.200361134298235e-05,0.00014281112023089876,9.526877916232514e-05,0.0001143664415186323,8.384522476119041e-05,0.0001553533508009063,0.00010573888559946431,0.00011551930376555138,9.664491791820845e-05,0.00011851727145067963,0.0001329064675592664,0.0001329780360629575,0.00012547851809230614,0.00013240825408832697,0.00012255541185639788,8.493054447121883e-05,8.221306125769954e-05,0.00010244019730648298,0.00014191338439763175,9.947236565704083e-05,0.00011352821284791348,0.00014040955779123603,0.0001053074219081222,0.00013707760967383232,0.0001102458461076304,0.0001378524340574755,0.00010919017306084494,0.00011004660890885027,0.00014036787132034524,0.00010572972317441165,0.0001220018616023902,0.00011381776840278737,0.00010978340899981685
PWY-5345,8.514650934675234e-06,3.845669200673714e-05,8.636825670082549e-06,6.967260375300108e-05,4.8670287426872305e-06,8.780645587914322e-06,1.0481839122522164e-05,5.754104261749284e-06,1.316144542500119e-05,2.90564640808539e-05,6.2704512733373115e-06,4.646917510700401e-06,3.87986151038859e-05,1.1535591477741125e-05,1.9220866651926004e-05,2.1167154481419206e-05,8.479617923330423e-06,9.38013275913958e-06,4.881900642637312e-06,1.3404553455603095e-05,7.165507146490807e-06,1.0054254853480242e-05,6.255289116807194e-06,8.780664896038174e-06,1.7747204596734924e-05,7.643436452138566e-06,4.886189357055555e-06,7.486105047106771e-06,1.3216039170364511e-05,2.947111892855389e-05,4.434408565187541e-05,1.5678241719940885e-05,6.512955849881518e-06,1.074477035418451e-05,8.993621193666049e-06,1.0588768994272325e-05,1.1532149192389217e-05,9.023346674498092e-06,7.874499834448954e-06,1.9842560074714255e-05,5.830076780115087e-06,7.633324483364673e-06,9.128145433913023e-06,7.079208134733827e-05,5.594464635904832e-05,1.291859968372214e-05,9.680825275357979e-06,1.10324718934581e-05,5.744930850209315e-06,2.5302616489716606e-05,4.8255479372256355e-06,7.086634885796268e-06,2.0065446012384833e-05,7.092001327249184e-06,9.043385157911545e-06,4.149017441239002e-05,6.593665276985696e-06,9.012786245372978e-06
PWY-821,2.2290079792414023e-06,2.645840146609204e-06,3.830668690369504e-06,4.636040041106599e-05,1.182826285529408e-06,2.0634195701336987e-06,4.084553776721657e-06,2.136932624447816e-06,2.558735191728505e-06,4.272789484072749e-06,1.9784454570902078e-06,2.732208156931537e-06,2.406131175966258e-05,1.904709588690181e-06,7.183551190617828e-06,1.0977513989554293e-05,1.971840772745978e-06,2.2308660059385e-06,1.5585287257960976e-06,7.899586614553005e-06,2.0433766065045736e-06,4.394539677965945e-06,1.427400205044873e-06,1.8041626677132666e-06,8.084234828172733e-06,3.601013799291699e-06,1.4879191213226666e-06,1.960923734748854e-06,3.3849681462558595e-06,8.975010902531239e-06,2.269911153284709e-06,7.086791701043504e-06,1.9131872221729715e-06,2.5180370440774705e-06,3.7853290222333987e-06,2.963054145171889e-06,2.068354275151461e-06,5.710482894687724e-06,1.9298785907889565e-06,8.022509763572896e-06,2.2037889862868986e-06,3.0762315961064836e-06,2.83297752847137e-06,4.5327744516216976e-05,2.6522785856921347e-05,2.6436780164138837e-06,2.457877731597082e-06,2.583476373668023e-06,1.8138613936939806e-06,7.746948263763627e-06,1.8228395856294802e-06,4.11607703613865e-06,6.50180314979842e-06,2.5776300266155257e-06,2.0178632612704663e-06,2.857775398676032e-06,2.0334673261079894e-06,4.864029967177963e-06
PWY1ZNC-1,3.3105897587838333e-06,1.818619358313405e-05,3.795685976983687e-06,4.179377523975183e-05,1.856101781524896e-06,3.4059703714371824e-06,1.695300165322111e-06,2.209338731477105e-06,5.064131124830272e-06,1.3639432117914851e-05,2.377518293396008e-06,1.7500648097361556e-06,1.4571893715976894e-05,4.7543109378760105e-06,3.2775737914232853e-06,6.111372012149553e-06,3.429516060853255e-06,3.863634985833656e-06,1.85417737309388e-06,4.988607909438504e-06,2.8256139904958394e-06,4.001308277765006e-06,2.5042477429516935e-06,3.425368468026059e-06,4.229545956017036e-06,3.0206529828591795e-06,1.8463875519226299e-06,3.036792571818488e-06,5.70820539139047e-06,3.470382318894941e-06,2.480381993405582e-05,2.6824309182329693e-06,2.4779873392366976e-06,4.4972738324228e-06,1.6505208939568652e-06,4.151423643501529e-06,4.516538391738066e-06,3.5183360656721644e-06,3.0346658529753493e-06,3.508442919497946e-06,2.22313256003346e-06,3.2205944704051123e-06,3.796346381187173e-06,4.042560656841444e-05,1.2050778597902027e-05,5.080165647441722e-06,3.92492694501369e-06,4.599541437105163e-06,2.2454884465540677e-06,3.7274997949557943e-06,1.8191914295461955e-06,2.6995893202472546e-06,2.708843514360618e-06,2.717327169539988e-06,3.5430076083739594e-06,2.1526275057296936e-05,2.6110555223203666e-06,3.5644271093754835e-06
SO4ASSIM-PWY,3.3105897587838333e-06,1.818619358313405e-05,3.795685976983687e-06,5.763999577804223e-05,1.856101781524896e-06,3.4059703714371824e-06,4.060019256911132e-06,2.209338731477105e-06,5.064131124830272e-06,1.3639432117914851e-05,2.377518293396008e-06,1.7500648097361556e-06,5.5751773369692656e-05,4.7543109378760105e-06,8.534686094697306e-06,1.750416125462337e-05,3.429516060853255e-06,3.863634985833656e-06,1.85417737309388e-06,6.134313976128356e-06,2.8256139904958394e-06,4.001308277765006e-06,2.5042477429516935e-06,3.425368468026059e-06,9.698257772322994e-06,3.0206529828591795e-06,1.8463875519226299e-06,3.036792571818488e-06,5.70820539139047e-06,1.3397987795988103e-05,2.480381993405582e-05,8.949016833690776e-06,2.4779873392366976e-06,4.4972738324228e-06,3.6032359784589393e-06,4.151423643501529e-06,4.516538391738066e-06,3.5183360656721644e-06,3.0346658529753493e-06,8.584863262410387e-06,2.22313256003346e-06,3.2205944704051123e-06,3.796346381187173e-06,4.042560656841444e-05,3.635747742471016e-05,5.080165647441722e-06,3.92492694501369e-06,4.599541437105163e-06,2.2454884465540677e-06,1.4373040751777506e-05,1.8191914295461955e-06,2.6995893202472546e-06,8.806062679896455e-06,2.717327169539988e-06,3.5430076083739594e-06,2.1526275057296936e-05,2.6110555223203666e-06,3.5644271093754835e-06
SULFATE-CYS-PWY,6.792801278294473e-06,3.294332671718385e-05,7.705735121830958e-06,7.974004554843272e-05,4.011685364711064e-06,7.072417205424314e-06,8.57233603583898e-06,4.8124254272902865e-06,1.0863219987507348e-05,2.4881933944394184e-05,5.148820454178203e-06,3.8063773744228655e-06,6.344693584933676e-05,9.80539433010538e-06,1.6611185651312778e-05,1.3013149310563195e-05,7.237310381740105e-06,7.966501454367404e-06,3.969748543653265e-06,9.932406244426888e-06,5.877509722368874e-06,7.96079478958238e-06,5.284196374480731e-06,7.306015459136271e-06,1.5715939049577668e-05,6.3407174929040345e-06,4.048394692057047e-06,6.3010873701298775e-06,1.17022480706174e-05,1.9666144360610686e-05,3.2632488779440196e-05,1.536803153892855e-05,5.433201699335576e-06,9.21892417074149e-06,7.637754641678744e-06,8.784779438861453e-06,9.680327693580262e-06,7.604422993874281e-06,6.412295257191766e-06,1.5399649308054554e-05,4.745601452120828e-06,6.4262008893554274e-06,7.837372606212392e-06,6.171889594112604e-05,5.4461014200265434e-05,1.0673469626030387e-05,8.059436516850066e-06,9.054664885011941e-06,4.563541067437242e-06,2.2808309978381446e-05,4.00069620239526e-06,5.733433665155712e-06,1.650564713142572e-05,5.864574471601644e-06,7.4893518016011475e-06,3.920857283631983e-05,5.627928120415837e-06,7.294678392934835e-06
CALVIN-PWY,8.686847827037576e-05,0.00013906610337218307,7.938941492398457e-05,0.00015094264108184044,0.0001435232126094813,0.00012391387750207357,9.160360511733147e-05,0.00010737445092236506,0.00012334468725852405,0.00015047058185773134,9.687954418991979e-05,0.0001229544846937485,0.0001437411270115623,8.415343535512676e-05,6.967630351593115e-05,0.00010210497119190021,9.015952110770289e-05,9.57996049585951e-05,0.0001231657247253119,9.713046928049601e-05,8.18650598951276e-05,0.00010172886380761443,0.00010009059041069665,0.0001267979962282981,0.00014382925762790715,0.00010944951428471719,0.00012230640599320157,7.497754278193636e-05,0.00013913812785319808,7.609076301825768e-05,0.00013843803368370768,0.0001322153327077076,0.00012739465483573004,7.835962622116677e-05,0.00011237063815211356,0.00015477466105299904,0.00014705198274367605,8.664894573147695e-05,0.00010231372007595582,0.00013541140641802485,9.787459031734388e-05,0.00010385244136100828,0.00010314066513572141,0.00013775711686616715,0.00011961291851284093,0.00010283315421029336,0.00012967488795381942,9.308431253144813e-05,0.0001280342553098468,0.00013786410022222507,0.00013717793401129717,0.00011722016816602195,0.00011725855585759432,0.0001643880948759845,0.00011793290591707421,0.0001608270701040956,7.606441713751254e-05,9.919161523273245e-05
NONOXIPENT-PWY,3.997704001218175e-05,0.00010694122692603641,5.132548067460102e-05,0.0002388542354253351,0.0001254858814300586,9.914558840888478e-05,5.583383168682872e-05,8.158689479098671e-05,7.832933559177242e-05,0.00012235243051633812,7.290570274086202e-05,8.943811286387164e-05,0.00016374987017195346,5.3117476467051916e-05,3.253498828770352e-05,0.00010589151512773011,7.24995146118633e-05,7.767972224923397e-05,7.478765050130044e-05,8.086095042470897e-05,5.928814694158212e-05,7.650639173904912e-05,6.92449206614566e-05,0.00012411154933092888,0.00010294233665820781,6.921152411404639e-05,8.345347051315435e-05,4.140554961283871e-05,0.0001572429254113705,3.915129912039412e-05,0.0001277333483907871,8.388314517230085e-05,8.904407256452403e-05,6.196573082453338e-05,8.599043543513787e-05,0.00011045464783444429,0.00010993044406640241,4.274941456159807e-05,6.397228203945017e-05,0.0001060328789758897,4.927575776157258e-05,0.00011045477053309887,9.49469145209532e-05,8.714380093993538e-05,0.00010530282076024752,8.010883664640827e-05,8.486646069422131e-05,5.239544644501729e-05,0.0001060310511679716,7.495588617549428e-05,0.00012460171428100856,0.00011359480981317925,7.816417206347377e-05,0.00012659911810572978,7.59396723566614e-05,0.00010618009283158018,3.7471627476055884e-05,7.885760119808727e-05
PENTOSE-P-PWY,3.358694471531535e-05,5.025460449580505e-05,1.4753370949484294e-05,7.36673153161956e-05,3.65363660244031e-05,3.668177618131315e-05,5.241905329516818e-05,5.0582749876512106e-05,7.879220571980202e-05,4.503563836816394e-05,6.106914579874967e-05,3.874010800600538e-05,7.359279793026118e-05,5.125537018968737e-05,1.3838388194464809e-05,2.316090144896733e-05,2.3417277029610165e-05,1.6532047455834178e-05,5.7193730969125384e-05,1.767374653567626e-05,3.366380089192094e-05,1.2983605913910675e-05,1.4163335231170952e-05,2.6207131346796915e-05,1.3436526593013205e-05,2.1620014968930412e-05,3.949523017850779e-05,1.8109928685498232e-05,2.5217804636909327e-05,1.8240584515928336e-05,4.848090330360048e-05,1.4381516012126052e-05,6.892820370534101e-05,2.1333584047310068e-05,4.5291427230793675e-05,2.7927646320641753e-05,7.014786939808974e-05,4.828631682627407e-05,4.795059221437261e-05,3.460795380211918e-05,1.6053467745758982e-05,1.4434479710880325e-05,1.8928720122097118e-05,3.120133286939239e-05,4.736757566411093e-05,6.426401649021648e-05,2.0804478347158446e-05,3.371541512498263e-05,2.9037888386198688e-05,1.722558523934784e-05,3.2530131568264335e-05,2.4475165787114924e-05,2.7996791447210114e-05,3.503426598229282e-05,1.2742540498886522e-05,5.311006899312324e-05,3.239221745089073e-05,1.2961849127851262e-05
PWY-6901,4.3767709874706776e-05,5.381644546391387e-05,2.2687597499882702e-05,8.927022861791134e-05,3.4673085217137944e-05,3.343891307487732e-05,4.306414434707399e-05,4.028618637847781e-05,8.147064548434056e-05,3.7242389334502965e-05,3.872129890952479e-05,2.5657781205456052e-05,6.340082082918004e-05,4.4736693955684935e-05,2.3739230107381314e-05,2.5235892558136672e-05,2.4033620438615474e-05,2.410978564269694e-05,6.295455148387797e-05,2.6028391817855947e-05,4.670211474906976e-05,1.7059781648167294e-05,1.2250743307367469e-05,2.24302615885901e-05,1.2530018119836359e-05,2.683875560052216e-05,4.736453431963735e-05,2.44848244627979e-05,2.610287146949561e-05,2.675762129794852e-05,4.993305016977736e-05,2.302319321074193e-05,6.369573436158866e-05,3.0333790588751087e-05,5.288011821366375e-05,1.7835506813329495e-05,5.637572660014361e-05,4.639961774135684e-05,5.221766504827208e-05,2.736562748450387e-05,2.4299893318929712e-05,2.1587858520826104e-05,2.4181001695676607e-05,5.044476489044987e-05,5.340935541025036e-05,4.1216489652000986e-05,2.853819512051505e-05,3.554871732377535e-05,4.116189518211849e-05,2.853050614343919e-05,3.7368297598996816e-05,3.042681725510881e-05,2.5817415207364245e-05,4.787403824151432e-05,1.852300421497261e-05,3.320340084738415e-05,3.9843678166201e-05,1.9812013575369452e-05
PWY-8178,5.337935218343255e-05,0.00014198610460473555,5.2916226161090757e-05,0.0002482808912498472,0.00010992159460130798,0.0001229202116498803,7.148704717541647e-05,9.528482583240928e-05,8.953508837789913e-05,0.00013956989094700818,9.187690184457455e-05,0.00010302261986430153,0.00015298336284947324,6.777426238883575e-05,3.8927136033594994e-05,0.00010450582791363941,8.434050308061275e-05,8.359252197382175e-05,9.381902406854511e-05,7.186477475469199e-05,6.651832200511072e-05,8.898435216213179e-05,7.974581605494143e-05,0.00014030092399248712,0.00011758174020414632,9.482279566467551e-05,8.037008439245248e-05,5.376798710231003e-05,0.00016031951200130504,5.383128532445343e-05,0.00014381511537356762,9.674045939792457e-05,0.00010721739295904329,6.116988734820138e-05,0.00010346069563261845,0.00013871986579738402,0.00013330492814757442,5.7327802121463965e-05,7.626056610126524e-05,0.00011029336686871082,6.524776487718524e-05,0.0001282809188870233,0.00011397999377525775,0.0001043286683802949,0.00011322172595263808,9.379264929652735e-05,0.00010626240670888603,6.140458606974552e-05,0.00010854994951239291,8.98020099109285e-05,0.00014355687219646683,0.00013396465473751215,9.140174030284203e-05,0.00014284358618539105,8.679182382104319e-05,0.00012816652411873128,4.473849330125836e-05,9.841761080833436e-05
PANTO-PWY,8.837173013785607e-05,9.981312770689196e-05,5.096953573858136e-05,8.028101768218116e-05,8.33582223253127e-05,7.877456817137406e-05,5.634835002532988e-05,0.0001054626484811664,0.0001222556442713476,6.730009675453678e-05,9.160803573236346e-05,7.050881077525967e-05,7.537475848290408e-05,7.619723123172725e-05,4.7946202551695954e-05,9.328719709542394e-05,5.3375396383709143e-05,7.971811039631675e-05,0.0001030514315435065,7.492263345933132e-05,6.966321637119566e-05,4.641169495319367e-05,6.399257085701457e-05,7.007660726230012e-05,9.052413481108011e-05,5.445319024354166e-05,0.0001257721793020247,0.00010332947679752186,7.424790962593963e-05,7.281980971476141e-05,9.217897250242552e-05,9.436770933456857e-05,0.00010719717238470429,6.287628131063253e-05,6.767433629683848e-05,0.00012032617191834577,8.675535738353491e-05,9.213380074125442e-05,7.100212036807516e-05,6.054389767222917e-05,9.461361412840035e-05,8.496056880153045e-05,7.129377855199311e-05,0.00010649974779178857,5.3756112884035004e-05,0.00010623583548412096,7.567988443692823e-05,7.966532043933082e-05,4.761070616458132e-05,0.00010897213965960166,7.072189156561812e-05,7.540463086411308e-05,7.703474509858276e-05,9.973712897896848e-05,7.770897703349405e-05,8.779497832528697e-05,0.00010576170784942722,5.7078529708973785e-05
PANTOSYN-PWY,8.020389099623624e-05,9.47097867670509e-05,3.357129163858109e-05,6.823566263999107e-05,7.231263782041875e-05,8.813535892732549e-05,7.212961937043003e-05,9.269692753140134e-05,0.00011723213671975335,7.912141667914902e-05,9.63973550190238e-05,7.330029561494986e-05,7.255396153474121e-05,8.481841041905334e-05,4.369293466224121e-05,9.973522582349945e-05,6.202669693833782e-05,5.280704073830214e-05,0.000103413177754211,7.841703497305405e-05,5.751558883866328e-05,4.9859784541291244e-05,5.514268021303156e-05,7.112193759485034e-05,6.85011005511402e-05,5.231214730339218e-05,0.0001181978546393975,5.953814624458163e-05,7.604245269064098e-05,8.264635267081467e-05,9.901396409345239e-05,9.057407614401788e-05,9.507380226656292e-05,6.889926669795049e-05,8.360419544727873e-05,0.00010606180467072557,0.00010238926227823561,8.869420147867465e-05,8.243396811408879e-05,6.534274302672981e-05,9.068436709730129e-05,6.816756804233817e-05,7.046833516504969e-05,0.00011045740006751013,6.816771872152334e-05,9.659250234056589e-05,8.502685434032897e-05,6.612945546157608e-05,6.438883899913194e-05,0.00010265938313186813,7.173494431571327e-05,7.964535748264762e-05,7.246992900441311e-05,0.00010472584793606889,6.061164637889717e-05,8.713409649053945e-05,8.432291497347537e-05,5.388883277924959e-05
BRANCHED-CHAIN-AA-SYN-PWY,0.00016104377228354976,0.00016646352320417524,0.00010992024352298753,0.00021165260302876562,0.00016251742819898846,0.00015852072843111094,0.00018536634185134282,0.00016220069395035008,0.00016613334454276775,0.0001555248087183839,0.00013698148259732513,0.00013197202785094074,0.00015670728055210733,0.0001413277146823577,0.00011866734859931563,0.0001668663611218093,0.00014505349387916567,8.867153929155391e-05,0.00017015141352522725,0.00010422853820565556,0.00011522888284882598,0.00017160284612555195,0.00011118469878876725,0.00015249291383871114,0.00014009136935872244,0.00012147091659986848,0.00020224216236499015,9.771051978529274e-05,0.00015696364050640243,0.00012149684089245596,0.00017585145069030702,0.00016079618338923693,0.00014413115320462903,8.811272579869611e-05,0.00017326334400214204,0.0001490763034685017,0.00016057035456963176,0.00017290921618523457,0.00018537644095324135,0.00015003555178157073,0.00013236383251814904,0.00016450976204973437,0.00012752752712770173,0.00017713491545324111,0.0001659737553300866,0.0001465983465952484,9.626704838876671e-05,0.00012919385871500182,0.00014707866525027956,0.00013578712115331433,0.0001850076900606522,0.000162406028869568,0.00011045511704941359,0.00014693069989760095,0.0001412041296968327,0.00017653892539700087,0.00013540049870611588,0.00015203037076889241
P42-PWY,1.1306753751408269e-05,1.6544569245316157e-05,1.2766585981319841e-05,1.0735425251619967e-05,1.2743943048975372e-05,1.7516862208539797e-05,2.452235621781788e-05,2.711910600588473e-05,1.5318383663024352e-05,1.615119589581815e-05,9.477702806892721e-06,1.0560399970121592e-05,1.688341212126297e-05,1.6869615258451697e-05,2.436778369258607e-05,1.6946300287916257e-05,1.1710697051458888e-05,2.5945071460570046e-05,2.4616641683904372e-05,1.6602566913761687e-05,2.1122735209245357e-05,2.1253598443468488e-05,1.3016833557530227e-05,2.0340884656945215e-05,1.4237055974512409e-05,1.0995959226704559e-05,1.2705484961131286e-05,1.1956859702432287e-05,1.4106936207851652e-05,1.5497710655192934e-05,1.679481768467894e-05,1.687574268784628e-05,2.1221222800993955e-05,1.925487406177237e-05,1.615804488214974e-05,1.155537585705373e-05,1.3344949897712704e-05,1.203039519515032e-05,9.773594060539257e-06,3.0091492282661552e-05,1.024730817667088e-05,1.9517725289384866e-05,1.7922520327361183e-05,1.4981460945920393e-05,2.14127697363613e-05,1.2607039361169224e-05,2.130979482808634e-05,2.1042668379926813e-05,6.482047355529028e-06,2.161253077299032e-05,1.0266796436162869e-05,1.3229987245402016e-05,1.2724706514738383e-05,9.746477219052484e-06,3.0441897395130417e-05,1.3148563214599157e-05,1.2565744704960639e-05,1.1923741262073659e-05
PWY-6969,3.0829787208402535e-05,3.06036970164499e-05,1.1952352131567864e-05,0.00011762648862577315,1.3272130594159999e-05,2.445540432392035e-05,5.053073322760812e-05,5.54041191325115e-05,3.152695618574005e-05,2.4162910443258615e-05,2.1264058095074482e-05,2.806281132346382e-05,6.892952245479983e-05,1.9753020494938438e-05,3.0970440463565235e-05,9.89014918270608e-05,1.707173294688128e-05,2.678901664785622e-05,3.196335866770634e-05,1.788654442874399e-05,2.513911757625704e-05,3.207703457449999e-05,1.9098158439403987e-05,3.6114832156062855e-05,2.6867956054401122e-05,1.3990380663938894e-05,4.39835549771488e-05,1.6755859240452882e-05,1.601980956379005e-05,2.485419272857847e-05,2.212090192540724e-05,2.9734814942194778e-05,3.4987084306701135e-05,4.216308005009438e-05,3.7391020976628524e-05,2.7219789110969014e-05,2.5784904920293164e-05,4.196950387233752e-05,1.428048272156011e-05,3.667390992695439e-05,1.5660370823732827e-05,2.5691633398514345e-05,1.794210780494068e-05,3.948467279077343e-05,4.386698130900896e-05,4.3516738197981084e-05,3.8284287886544174e-05,4.591751743361885e-05,2.4535542822908423e-05,2.6443977075837685e-05,1.5165704220839752e-05,3.6845573030036735e-05,1.8244642781519136e-05,1.567778159921207e-05,3.0242081658683707e-05,1.940542729445817e-05,1.9350125907299543e-05,1.85711188059795e-05
P108-PWY,1.2935544656917202e-05,1.6844781746944044e-05,6.39820841461494e-06,9.253079856548021e-06,2.0647853944586925e-05,1.677769444771742e-05,1.9210119350741923e-05,1.5640615670577094e-05,2.2044333749779093e-05,1.1811807315414143e-05,2.5297689173983285e-05,1.644584367822431e-05,1.0336511108812956e-05,1.3778453948046605e-05,1.3228783891419323e-05,1.254235960367854e-05,1.2694688579403727e-05,1.282320770353336e-05,1.4564141433553953e-05,1.6528345581998553e-05,8.544472970279642e-06,1.2124475189769448e-05,1.48540951165418e-05,1.2609361025284282e-05,1.837544366499922e-05,1.691383114737743e-05,2.3421885672296097e-05,1.5247720685272009e-05,8.613184984822337e-06,1.277733428671982e-05,1.4112111676144023e-05,1.547059415215727e-05,1.605244011527818e-05,2.3666108094178224e-05,1.3522282074415363e-05,1.8151733169088198e-05,1.4045455516294742e-05,1.5955177512888302e-05,2.107601373298798e-05,2.7351026975733817e-05,1.1352366429985754e-05,1.2864795972849052e-05,1.4974669044973385e-05,1.5514604504808228e-05,1.9652053031592895e-05,9.32925073422127e-06,1.755946281611223e-05,1.36434130792267e-05,1.823822206370096e-05,1.2282189184742047e-05,1.1179171864483724e-05,1.2662514069015407e-05,1.3881839846855666e-05,1.2953157404010195e-05,1.4945315380275144e-05,1.1245780584752126e-05,1.3517463732652369e-05,1.368033020957603e-05
PWY-5154,0.00010160926063248384,5.303472777432e-05,3.354676136309047e-05,0.00012965362874098522,4.409910797329907e-05,6.677662674131767e-05,5.4398201863744555e-05,8.057009246725841e-05,9.253584471458705e-05,2.1235510505198247e-05,0.00010159600421561133,3.7952669240696516e-05,7.263973612654888e-05,6.997631350132953e-05,7.052996940669363e-05,4.386376725868656e-05,4.888592890404145e-05,4.4077904925367284e-05,7.077840449567356e-05,2.8776131625005505e-05,3.056812224269817e-05,8.454693495194258e-05,4.5426721048658865e-05,4.55601284289631e-05,7.882382657041192e-05,3.757000009639228e-05,6.535357207718986e-05,4.4674378116692626e-05,3.795413261117021e-05,3.072939277526993e-05,5.33202041595849e-05,3.388051482349735e-05,7.814924168337116e-05,3.802148233370234e-05,7.620188697098921e-05,4.319641426164186e-05,8.221492764449377e-05,6.80209214381313e-05,5.427160835947715e-05,3.692117328341692e-05,7.200298937503576e-05,9.156192271613316e-05,3.2390644316896494e-05,6.60363400007383e-05,3.182544145597441e-05,8.297950208826424e-05,3.144182278134718e-05,5.480689977177847e-05,3.668048072718686e-05,8.876845999424398e-05,2.6735684159504275e-05,0.00010162135112371068,5.8208880908461386e-05,6.109070448355934e-05,7.083225542820439e-05,4.1637828626766555e-05,5.60093106909337e-05,9.985614830317616e-05
OANTIGEN-PWY,7.902156035673271e-05,2.4857950807461887e-05,5.6455706709288584e-05,9.782354654976947e-05,7.354298083454868e-05,7.466631666534033e-05,0.00011533085199587558,7.788786224503828e-05,6.792121238489953e-05,2.9723863430115667e-05,8.947334882213936e-05,5.859460506735628e-05,8.329570039033795e-05,7.299992492588219e-05,7.323861320757194e-05,0.00012917783945113153,7.609994702062954e-05,6.855276484332171e-05,8.384436267586568e-05,7.09966806666385e-05,7.42916457043905e-05,7.681346831730574e-05,4.333489164124187e-05,9.62424518365408e-05,2.5236480551989942e-05,3.6711550684773967e-05,7.753034686132627e-05,5.916447407610164e-05,0.00013443794954717396,4.0169112518578806e-05,9.168510909688002e-05,7.473486798072074e-05,6.332484267299327e-05,5.941837927554647e-05,9.462749916979442e-05,2.8017750309145292e-05,9.884663616927504e-05,0.00011632099432919094,2.5950585774532993e-05,8.899809939843171e-05,2.458925061314236e-05,9.225960006427176e-05,9.975779356681407e-05,9.210206796242477e-05,9.72726475711281e-05,5.2588206549322925e-05,6.123458247792176e-05,5.9697032205360165e-05,7.036993157274401e-05,6.91604823009016e-05,7.104014483296228e-05,7.9256000423079e-05,3.96362945180937e-05,4.489059705112217e-05,6.159785017076116e-05,8.740902006300099e-05,4.193680845796275e-05,3.822075790003195e-05
UDPNAGSYN-PWY,5.3615915813205254e-05,1.357067630487466e-05,7.241257436698492e-05,0.00010182436331671159,5.515316844613685e-05,5.436447031477878e-05,0.00010199201543652011,5.77052353118456e-05,3.939524565992382e-05,1.666890879210081e-05,6.475566124552185e-05,4.205186105490089e-05,6.116421446731759e-05,6.633866122761663e-05,5.9300521048755985e-05,0.00011663143972867574,6.889075694499429e-05,6.130632767613857e-05,6.196726543600652e-05,7.98787708095599e-05,5.56495157880466e-05,5.911139729091822e-05,3.0082053029140907e-05,8.341635556166684e-05,1.41640404041412e-05,2.2920197686926176e-05,5.369916191057155e-05,4.851194463979547e-05,0.0001371221984931429,2.6295189130240774e-05,8.001609798788255e-05,6.422607614242538e-05,4.200828597346982e-05,5.643501894256172e-05,7.952350197103683e-05,1.5547226835424012e-05,7.282909962234145e-05,9.73258086674027e-05,1.4551581306677362e-05,8.652575331820655e-05,1.4169012171927413e-05,6.912220560755243e-05,0.00010730584780312229,8.949830472390764e-05,9.642552987759957e-05,3.391463811637319e-05,4.8153855987103604e-05,4.234325047810106e-05,6.355082703660981e-05,6.482050220709007e-05,4.981468397744277e-05,5.139052680151185e-05,2.6542764563430983e-05,2.639815985150203e-05,3.7836834664857475e-05,8.293532110150302e-05,3.0306451305715784e-05,2.186069833824299e-05
PWY-5973,1.729035197940829e-05,6.828340751841354e-05,3.7237628420034254e-05,8.481925173488119e-05,4.673320650028992e-05,7.428378286348458e-05,7.994613499736334e-05,9.614284545518155e-05,0.00014526969488130994,2.9369489649193587e-05,9.390489405675501e-05,4.7922065125166124e-05,9.4118527329183e-05,7.715556945821129e-05,5.405232290803803e-05,3.69938674216998e-05,5.148573619303902e-05,1.9772752158964913e-05,7.601544638000922e-05,2.1711986942721412e-05,5.792271494613631e-05,9.23147666774979e-05,2.4698428643630433e-05,6.480581574795398e-05,3.667325977359694e-05,5.29237995838093e-05,7.289291498102846e-05,4.617546046637175e-05,5.443455174959005e-05,7.976414895350593e-05,6.0845179089677845e-05,4.5563434645126006e-05,9.778227916580836e-05,6.550650394315864e-05,6.428683076278276e-05,4.9287547945739656e-05,8.432929944410542e-05,8.484667288145258e-05,4.583814957614229e-05,3.488812930965294e-05,0.00010543067694984416,5.9126592860861054e-05,4.1765310080483626e-05,7.850764469687066e-05,5.6517455549585306e-05,0.00010788412996142652,7.227357981188003e-05,7.463583446966038e-05,4.329450659464058e-05,0.00010438482436026365,5.189536076720782e-05,8.377059828978321e-05,8.00434464843256e-05,8.420782935755963e-05,6.861972505580359e-05,5.378955679884387e-05,6.525164089195317e-05,3.812406951141417e-05
FASYN-INITIAL-PWY,4.373174060179713e-05,9.081246391389269e-05,4.7208321109846584e-05,0.00012137079971682795,7.79474453546392e-05,0.00010752419743832777,0.00011646689827494051,4.7693687135615895e-05,6.283750532405228e-05,8.088829235146455e-05,0.00010265755521844167,8.802411538830435e-05,9.475716537325696e-05,7.803006587029591e-05,8.420403197427808e-05,0.00010182207491803247,9.558160353709018e-05,6.532274564830686e-05,0.00010043080343066176,5.274574456238275e-05,8.875022411619423e-05,6.807891173987417e-05,8.097510767549244e-05,0.00010068545498035041,7.768125012607673e-05,9.253028849441442e-05,0.00011901504158245055,5.5613507730437207e-05,0.00013457383371549085,9.320078309587256e-05,0.00010178322274467192,6.657153814649753e-05,0.00011425102369605358,7.603816167188608e-05,8.56279765241648e-05,0.00012512103689789152,8.536918926662498e-05,9.6462350683232e-05,0.00011634619294448836,0.00010101443002753717,5.991868711736974e-05,5.2601103424648694e-05,7.822312886527605e-05,0.00010262809305234593,0.00010225957862410474,7.101467984867915e-05,9.333476753307044e-05,4.221971096746535e-05,8.736679009591888e-05,6.780086043495371e-05,0.0001369886769740893,4.563815340981624e-05,7.031649120735953e-05,0.00014506056192913348,6.14129277572926e-05,8.617702614668e-05,9.554758880417944e-05,8.536226655465171e-05
PWY-2941,4.752066640505204e-05,4.0264215455286586e-05,3.364705189789815e-05,4.570837745176061e-05,4.123809001745436e-05,3.1723162349070576e-05,6.0666815536734666e-05,4.334707978556814e-05,2.874330087637331e-05,4.598264050302076e-05,3.163410442294832e-05,3.4560645249460567e-05,4.252344269806688e-05,8.567359875646217e-05,4.601350052088185e-05,3.317956783341202e-05,3.244325019855932e-05,2.8836604209235412e-05,3.673201850877144e-05,4.011392577264853e-05,3.4539302905930626e-05,5.396288931151863e-05,3.141825657580001e-05,3.632289011151467e-05,3.279325020165556e-05,3.260803493375644e-05,3.728257253579632e-05,2.8847830601252755e-05,4.5752487691338016e-05,5.0597936155438485e-05,3.658131490308629e-05,3.631949239154628e-05,5.259079820735339e-05,2.025339380841617e-05,2.5725935580465553e-05,3.227566743538811e-05,3.9127508961301686e-05,5.039229092664732e-05,3.536383418218534e-05,3.004486817359824e-05,2.56888808201655e-05,2.755855784601224e-05,4.047661065637361e-05,4.6559095046895185e-05,3.796256004615326e-05,5.110120382402785e-05,3.5777744884444036e-05,4.631171168224824e-05,3.983056276377475e-05,3.888611916469469e-05,3.868163807926395e-05,6.436342222076686e-05,3.860280250379596e-05,2.579371867893211e-05,3.0160322496051415e-05,6.214039125667899e-05,3.417169170628532e-05,1.9098513284194576e-05
PWY-6385,9.809780424721369e-05,0.00011306919393706397,6.665862255228861e-05,0.00012069908184020444,0.00010453934226353958,0.00011101698336318111,0.0001289327407209786,9.989678237842553e-05,0.00016741590202323678,0.00010361998243709912,0.00010290087319491804,0.00010162907764694218,0.00011045981098226331,9.772289746159699e-05,6.503493729654717e-05,0.00014449005728001335,0.00011382273886114823,7.448249349260439e-05,0.00011580836527958445,9.995755385342743e-05,9.002637905865261e-05,0.00010914756242904332,0.00010286399871426086,0.00010765130371780288,0.000103373050324389,7.399435179617708e-05,0.00012415237665901551,6.606087425020593e-05,0.0001126450563456045,9.111243383739417e-05,0.00013856923981047837,7.421238443537106e-05,0.0001276130344251586,5.4494493683918714e-05,0.00011478881520659304,0.00013336195084628845,0.00014073367717248606,0.00014689667895762974,0.00011978993074146568,0.00010891016775557465,0.0001080626003329561,0.00010445451592515187,0.0001026876300842564,0.00012037259950433853,0.00011915753991218276,0.00011552961663820871,0.00010691252277393186,0.00011109831250120884,0.00010076191053128856,0.0001250991015932729,0.0001085023625593438,0.00014364167376798183,0.0001138087662717686,0.00014600980501787084,7.913267407263903e-05,0.00013511875078283465,0.00011580571221354042,0.00011636681065360446
ARO-PWY,0.00010819099772539919,0.0001158328238573245,0.00010804929579241516,0.00013784488474431433,0.00012524679924199268,0.00012964441865649935,0.00014200081926264683,9.495456716522348e-05,0.00016759335372868394,0.00011779460966949305,0.0001154243569908517,0.0001342677147531969,0.0001278103792294643,9.899735300499951e-05,0.00010487910705105477,0.0001280787379727725,0.0001106285280940415,7.704874728589957e-05,0.00012696707540489825,0.00011037595317954724,0.00010935806227372407,9.200739380392305e-05,0.00011592445504520431,0.00012343152948208298,8.968796039717613e-05,7.304778776561891e-05,0.0001482080537862098,6.885278355326171e-05,0.00014928691316586586,8.815806418868275e-05,0.00012530235467480628,0.00012143685634726157,0.00011514840854347537,7.982233435572809e-05,0.00011562869001951586,0.00015200582795507929,0.00012735851992604798,0.00015071438503354049,0.00014030479724506405,0.00013631216958968936,0.00010067689756484367,0.00010116010885161297,0.0001249882984407898,0.0001255658013994988,0.00012439366162838127,0.00011544205656439906,0.0001062035678828969,9.779374391132993e-05,0.00013016516103121648,0.00013272018759454446,0.0001331659543186506,0.00011220951686431819,0.00010829496327692761,0.00017467249908120525,9.389977310342858e-05,0.000137259998849929,0.00012167163822062826,9.926722685657198e-05
COMPLETE-ARO-PWY,0.00011240760388310868,0.00010846322808564265,0.00010687062567207765,0.00013918413070049946,0.00012917804291393838,0.00013661374265386327,0.0001399837477876621,0.00010211842860960636,0.00017812614941130556,0.00012052319226897023,0.0001213178954583485,0.00013583461055111088,0.00013379094875940896,0.00010411281250294665,0.00011078260962081798,0.0001355673419223867,0.00011398307056547028,7.305594761746536e-05,0.00013216112257016582,0.00010423851421969844,0.00010972579893100991,8.835596832501928e-05,0.00011785387856562621,0.00012951766328894374,9.27724587018672e-05,7.83455167758564e-05,0.00015443632301505178,6.943752219975294e-05,0.00013937823601864571,9.449789749533655e-05,0.00013284225555472675,0.00011895152001980057,0.00010918520950712575,8.234929508739322e-05,0.00011714010459294103,0.00014862342170284554,0.0001362139383874014,0.000156155241633553,0.0001360987073462116,0.00013646151000996015,9.401641404216118e-05,0.00010771493178086436,0.00013222682019980019,0.00013376158099223144,0.00012224412416330993,0.00011878010367852528,0.0001055570540407239,7.875676124290273e-05,0.0001381703609929725,0.00013197690322698286,0.0001380609387513425,0.00011742149537258937,0.00011072913116680501,0.00017676831888223848,8.473120824459199e-05,0.0001469023357268758,0.00012660908811367867,0.00010520131682358086
PWY-6163,0.00011285970504666551,0.00012214806550203946,0.00012872536108105535,0.0001335208489654071,0.0001425770492099279,0.00013432227476042067,0.000149955439002871,0.00011858224901713685,0.0002022913401000414,0.00014955220628556638,0.00012038049918433452,0.00013480048602961727,0.00014810997285208752,9.340083871155803e-05,0.00012337279639171956,0.00013535326328209613,0.00011028078859361136,7.421202380529403e-05,0.00014604071976605717,0.0001146257676872086,0.0001051874630619618,0.0001017499739076295,0.00013886864342925242,0.0001380382010149293,0.00010006018066559663,9.718587538591935e-05,0.0001509933423883501,9.57077719624673e-05,0.00016110468925627602,0.00010177849036012307,0.00013885328546935975,0.0001210735724313611,0.000126179340133959,7.713931999631686e-05,0.00011306564975909226,0.00016465189387549262,0.0001416547387168255,0.0001574123113267485,0.00014902757255369763,0.00015272939317894843,0.00012939531799533872,0.00010913289040746458,0.00012532792475653917,0.00014217376461871973,0.00012630713131792532,0.00012438177106413473,0.0001170791484083089,0.00011445248116559929,0.0001519172198889663,0.0001448840584335414,0.00013437753784253416,0.00012220285867920561,0.0001528190498654121,0.00018528486143400326,0.00010669837790291123,0.0001360736575709249,0.00014063009059121412,0.0001057733601342633
PWY-6628,8.700951449626362e-05,7.787279948909971e-05,5.241077523844983e-05,0.00011312457651866454,5.583467638355581e-05,5.494632413517224e-05,6.790419885525123e-05,6.99812449091729e-05,0.00013071661061455383,5.6543237176031694e-05,5.3205178312283555e-05,8.676364238259308e-05,9.032524349121563e-05,6.711571524924339e-05,7.615798377258332e-05,7.78646558059787e-05,6.504914635756218e-05,5.534385930408369e-05,8.994130300802446e-05,4.509246328116081e-05,7.389377097696993e-05,6.41980148204795e-05,3.522469423898326e-05,7.004810405879487e-05,5.4926465156630054e-05,4.468841690335123e-05,7.800113840663094e-05,5.352427245590646e-05,9.49705160656456e-05,6.360798696470272e-05,5.484156139383777e-05,9.275850470769326e-05,9.048523647635992e-05,4.4264756311983786e-05,8.048570696397425e-05,5.439606574677965e-05,6.339866292933497e-05,9.289986331857133e-05,4.204570403641262e-05,7.330067379691202e-05,6.760785234441439e-05,3.8515383374869705e-05,7.329151011928511e-05,0.00011048341828145208,8.169556038105381e-05,8.688779420806366e-05,5.8786274667631856e-05,4.755871792751244e-05,7.59858894480986e-05,3.838449148722147e-05,2.9481269937344017e-05,2.865687287014753e-05,4.831948963034043e-05,0.00010802074584176946,5.892502897236596e-05,7.926354424240505e-05,5.3589594870854905e-05,5.84881971999636e-05
PWY-6629,9.797150479619532e-05,8.957324552075193e-05,9.790805544823566e-05,0.0001213856420336655,0.0001034042401028283,9.494746745105708e-05,9.762406827280985e-05,8.439477192640509e-05,0.00011935354098458773,8.252751125448341e-05,9.212019626725582e-05,9.768137487496168e-05,0.00011216513565255644,8.884164068986787e-05,8.770270422846888e-05,7.069326576326328e-05,8.562807155352541e-05,4.759664571249426e-05,0.00011825949044761745,6.610661657943317e-05,6.370435622130628e-05,7.5857944453439e-05,0.00010069663709502474,0.00011569364708896042,8.46803318029874e-05,7.502969696692474e-05,0.00011662220589658939,5.6809971762358805e-05,0.00010919971290039716,8.740060583371906e-05,0.00012201858219306331,8.82965171593673e-05,9.599309744595575e-05,6.132021827651461e-05,8.581592195465423e-05,0.00011595753648418427,0.00010474534386868658,0.00011598485849531445,0.0001150744192172321,9.20196412699607e-05,6.822023335339872e-05,8.011081975105495e-05,0.00011812308308139062,0.0001210960503900082,8.516958624187617e-05,9.817791901674899e-05,7.86192144618463e-05,7.749483578801056e-05,0.00010147232737245131,0.00010110331782757095,9.697671383539456e-05,0.00010351541460771624,8.349272884302506e-05,0.00014419016674813552,5.953278953465528e-05,0.00012628512095674762,9.930396319831064e-05,9.186917669308713e-05
PWY-6630,7.407513391676805e-05,6.405181037181337e-05,5.241077523844983e-05,9.884262059083743e-05,4.665631934895435e-05,5.494632413517224e-05,4.069761365718202e-05,3.9761296350271154e-05,5.776853369573113e-05,5.6543237176031694e-05,4.9420582710479245e-05,4.9285044800724565e-05,6.183521691568566e-05,4.853252540661246e-05,5.823850970822617e-05,6.74076389892702e-05,6.504914635756218e-05,5.534385930408369e-05,6.678584974460197e-05,4.0132634864416403e-05,6.60506522096981e-05,6.41980148204795e-05,5.873038984133565e-05,7.117420224953901e-05,2.958561835412053e-05,4.468841690335123e-05,7.800113840663094e-05,5.352427245590646e-05,9.165123573506608e-05,4.485784696097564e-05,5.484156139383777e-05,8.345748679943773e-05,7.989335300098179e-05,4.4264756311983786e-05,8.024247954318486e-05,4.640865216254116e-05,4.181486708510973e-05,8.996036275490709e-05,4.4494338044215346e-05,6.287518925167718e-05,4.226148971455418e-05,3.96206088316483e-05,5.949005638026912e-05,4.986054219764862e-05,5.450229209535264e-05,3.449411595028032e-05,4.696463441867197e-05,4.6413128953549605e-05,5.2340547986599786e-05,4.048664767834937e-05,4.448716619611851e-05,4.649443806908975e-05,4.831948963034043e-05,5.0290933437452056e-05,4.704113005703619e-05,4.966794612320098e-05,5.3589594870854905e-05,4.357835048629204e-05
PWY-5837,1.756758829798141e-06,6.725251490048025e-06,7.712784700299904e-07,4.0960872669118596e-05,8.58875084717879e-07,4.767257462967316e-07,6.69772029809884e-06,6.844761592023161e-07,3.1522113202958157e-06,4.6230018283333026e-07,3.854336842949588e-06,2.69807944137584e-07,2.003562541671422e-05,1.63759546157114e-06,4.3429398459634584e-06,8.169284558806881e-07,7.749491124232538e-07,5.557571103992913e-07,5.72256250421525e-07,1.485658391455033e-06,7.999446938895724e-07,1.6306379470175355e-06,8.234761642315548e-07,6.31931422767361e-06,4.701654547168628e-06,9.420565317339194e-07,8.202526768845185e-07,8.515417526421456e-07,7.563510942604236e-06,4.768892915158592e-06,6.88830869160069e-07,8.10863846617553e-07,8.138072222920103e-06,1.026067032258548e-06,6.133022427593492e-06,5.296643735114996e-07,1.043094764478331e-06,8.435330345927852e-07,3.4942767872927644e-07,7.4670677076641135e-06,3.4755139617922634e-07,8.706533600278973e-07,1.6048715555637933e-06,9.095124753588631e-07,9.081868168172403e-06,1.2586031992108993e-06,8.368599913563891e-07,7.437384719988318e-06,6.659094082884881e-06,2.8038320914819526e-06,6.77688043349144e-07,3.873063959138615e-06,8.057905138279918e-07,1.0043080811506383e-06,8.152264008901446e-07,1.0177124853837312e-06,8.13664427492805e-07,4.8989989265152795e-06
PWY-5838,4.5052352314530255e-06,1.3695772616184856e-05,2.4283988695440784e-06,6.014655152470797e-05,2.784803505036064e-06,1.5746609989744673e-06,1.5824403868795194e-05,2.291688005529712e-06,9.987661718846446e-06,1.5106932206928272e-06,1.089857929493893e-05,9.014655550231558e-07,4.003318436456529e-05,5.307982540119426e-06,1.118711834276571e-05,2.5417817425633066e-06,2.289140403562654e-06,1.790704914303538e-06,1.9102502013038644e-06,4.522759646942639e-06,2.5547728520420233e-06,3.762738326361995e-06,2.400181492661075e-06,1.3180503989808648e-05,1.0229271897420738e-05,2.8626220375956587e-06,2.698257281220546e-06,2.7575405567699093e-06,1.237885827156433e-05,1.016859017340136e-05,2.2807966244820823e-06,2.423460145046968e-06,2.1876804274877903e-05,3.2900864613864164e-06,1.348845832886855e-05,1.7551514033631179e-06,3.380176396486475e-06,2.7926343483762442e-06,1.1733664437157829e-06,1.574896233940769e-05,1.1688113952350555e-06,2.741583492750628e-06,3.498620899872627e-06,2.9116337480548206e-06,1.9225606700413327e-05,4.141458742556699e-06,2.7618747744423498e-06,1.93721452841362e-05,8.575039466039535e-06,8.400517985222141e-06,2.099660995369558e-06,1.0274370219633808e-05,2.5956062063691705e-06,3.1641394522340804e-06,2.640378360472986e-06,2.8484351475697832e-06,2.631229858259526e-06,1.1868064179957292e-05
PWY-5840,1.0096258291506548e-06,2.442751583666825e-06,9.07869740713804e-07,5.647883226756361e-05,9.278045779106429e-07,8.236391586254779e-07,1.2055553418722223e-06,8.957453375676001e-07,1.3006999560140935e-06,1.000563592032351e-06,7.51840121962292e-07,4.3541181530466496e-07,3.0493810560377055e-05,1.0806432114956433e-06,1.774102973952603e-06,1.5096246251964839e-06,8.8478589598273e-07,8.58331614684526e-07,5.805855566582336e-07,1.0745780060049264e-06,8.524589333765864e-07,1.9989287387026713e-06,9.052995131992102e-07,1.2779063560721942e-06,1.7868362599530176e-06,9.493650591071741e-07,9.282988850048774e-07,9.40784052306196e-07,2.7726467275789514e-06,1.922950718591959e-06,6.260885622624761e-07,8.997475001351806e-07,1.0780684265751097e-06,9.672859699803465e-07,2.113668364407551e-06,8.481855327004751e-07,1.8153459754354997e-06,1.5532921236654853e-06,5.039413671020915e-07,5.917480287141912e-06,6.176611090813858e-07,9.893122235257118e-07,9.288689540344204e-07,9.449055053021279e-07,1.454382008429313e-05,1.598794255398088e-06,1.7302391146471984e-06,1.8594565922514653e-06,1.0187627238794198e-06,1.0888931177915512e-06,1.296467929679232e-06,2.532368691704977e-06,9.488640328114205e-07,9.48194233811568e-07,1.0487910112085265e-06,1.1661809972074578e-06,9.253724325381726e-07,2.269040661893154e-06
PWY-5845,1.0096258291506548e-06,2.442751583666825e-06,9.07869740713804e-07,5.647883226756361e-05,9.278045779106429e-07,8.236391586254779e-07,1.2055553418722223e-06,8.957453375676001e-07,1.3006999560140935e-06,1.000563592032351e-06,7.51840121962292e-07,4.3541181530466496e-07,3.0493810560377055e-05,1.0806432114956433e-06,1.774102973952603e-06,1.5096246251964839e-06,8.8478589598273e-07,8.58331614684526e-07,5.805855566582336e-07,1.0745780060049264e-06,8.524589333765864e-07,1.9989287387026713e-06,9.052995131992102e-07,1.2779063560721942e-06,1.7868362599530176e-06,9.493650591071741e-07,9.282988850048774e-07,9.40784052306196e-07,2.7726467275789514e-06,1.922950718591959e-06,6.260885622624761e-07,8.997475001351806e-07,1.0780684265751097e-06,9.672859699803465e-07,2.113668364407551e-06,8.481855327004751e-07,1.8153459754354997e-06,1.5532921236654853e-06,5.039413671020915e-07,5.917480287141912e-06,6.176611090813858e-07,9.893122235257118e-07,9.288689540344204e-07,9.449055053021279e-07,1.454382008429313e-05,1.598794255398088e-06,1.7302391146471984e-06,1.8594565922514653e-06,1.0187627238794198e-06,1.0888931177915512e-06,1.296467929679232e-06,2.532368691704977e-06,9.488640328114205e-07,9.48194233811568e-07,1.0487910112085265e-06,1.1661809972074578e-06,9.253724325381726e-07,2.269040661893154e-06
PWY-5850,1.0096258291506548e-06,2.442751583666825e-06,9.07869740713804e-07,5.647883226756361e-05,9.278045779106429e-07,8.236391586254779e-07,1.2055553418722223e-06,8.957453375676001e-07,1.3006999560140935e-06,1.000563592032351e-06,7.51840121962292e-07,4.3541181530466496e-07,3.0493810560377055e-05,1.0806432114956433e-06,1.774102973952603e-06,1.5096246251964839e-06,8.8478589598273e-07,8.58331614684526e-07,5.805855566582336e-07,1.0745780060049264e-06,8.524589333765864e-07,1.9989287387026713e-06,9.052995131992102e-07,1.2779063560721942e-06,1.7868362599530176e-06,9.493650591071741e-07,9.282988850048774e-07,9.40784052306196e-07,2.7726467275789514e-06,1.922950718591959e-06,6.260885622624761e-07,8.997475001351806e-07,1.0780684265751097e-06,9.672859699803465e-07,2.113668364407551e-06,8.481855327004751e-07,1.8153459754354997e-06,1.5532921236654853e-06,5.039413671020915e-07,5.917480287141912e-06,6.176611090813858e-07,9.893122235257118e-07,9.288689540344204e-07,9.449055053021279e-07,1.454382008429313e-05,1.598794255398088e-06,1.7302391146471984e-06,1.8594565922514653e-06,1.0187627238794198e-06,1.0888931177915512e-06,1.296467929679232e-06,2.532368691704977e-06,9.488640328114205e-07,9.48194233811568e-07,1.0487910112085265e-06,1.1661809972074578e-06,9.253724325381726e-07,2.269040661893154e-06
PWY-5860,6.86816875173744e-07,1.694304142900532e-06,6.127066531672908e-07,5.3334539914724685e-05,6.211214716430051e-07,5.528217557532132e-07,8.10708690213276e-07,5.999365261840778e-07,8.70914977209363e-07,6.770502215473317e-07,5.047562274254357e-07,2.9123228247870047e-07,2.3190793964087848e-05,7.24337550895343e-07,1.20108301553525e-06,1.0188527748639367e-06,6.125659462699293e-07,5.803792669159533e-07,3.889155509008606e-07,7.205431561403816e-07,5.729147473985837e-07,1.3486758291916952e-06,6.078749118827309e-07,8.595007939258838e-07,1.2054639383964127e-06,6.442323445846073e-07,6.240101980817187e-07,6.327555331715143e-07,1.970794453649407e-06,1.2942730907622842e-06,4.1992339766341056e-07,6.07020040955168e-07,7.223624167905927e-07,6.509662840751235e-07,1.4444326681078383e-06,5.693649484179193e-07,1.2258477794551256e-06,1.0504397284013255e-06,3.3725467426418973e-07,4.289407379236144e-06,4.129895447040069e-07,6.622837007022043e-07,6.560218504826085e-07,6.35299990687123e-07,1.0955121631231623e-05,1.0725450632529206e-06,1.1628983172577191e-06,1.257352366560377e-06,6.829338296531039e-07,7.294171586475968e-07,8.871547679225238e-07,1.7070584067549842e-06,6.375284263998091e-07,6.351061983454814e-07,7.030607437182299e-07,8.228303925630018e-07,6.219227794077825e-07,1.5440897495341002e-06
PWY-5861,3.297726092643934e-06,1.1672148657058942e-05,1.673433060525043e-06,5.8376984242919315e-05,1.8800211420896341e-06,1.0634887623008267e-06,1.189921765857629e-05,1.5460747292557091e-06,6.888106119023365e-06,1.030118750490252e-06,8.08525359075985e-06,6.050968873893718e-07,3.184798138700951e-05,3.6350042506955524e-06,8.253072556836453e-06,1.7300774664015133e-06,1.68799247729738e-06,1.2298702892516346e-06,1.2938431807193658e-06,3.090224915230893e-06,1.74525800877282e-06,2.565997920210717e-06,1.6310078547087424e-06,9.664116089283366e-06,7.314134406102164e-06,2.015207723726493e-06,1.8430006711872654e-06,1.8870153763222577e-06,1.1417531451130663e-05,7.137944712266973e-06,1.554667207758067e-06,1.668871229443679e-06,1.6250894107016525e-05,2.2657123613656434e-06,1.0654977751435016e-05,1.1869592916392817e-06,2.3082053349956346e-06,1.910516510539379e-06,7.892942991587914e-07,1.3352821465572215e-05,7.83571536386601e-07,1.84893758655404e-06,2.956719752960216e-06,1.99292955053422e-06,1.5113534065036665e-05,2.806261685667168e-06,1.8653321294607662e-06,1.5136499284581422e-05,5.9943857265225675e-06,5.8148882309724115e-06,1.4606847728618354e-06,7.170176706653213e-06,1.7679729081065348e-06,2.1429428229546815e-06,1.7849671562647765e-06,2.194558672033473e-06,1.7952569925268378e-06,8.853629654830994e-06
PWY-5862,6.86816875173744e-07,1.694304142900532e-06,6.127066531672908e-07,5.3334539914724685e-05,6.211214716430051e-07,5.528217557532132e-07,8.10708690213276e-07,5.999365261840778e-07,8.70914977209363e-07,6.770502215473317e-07,5.047562274254357e-07,2.9123228247870047e-07,2.3190793964087848e-05,7.24337550895343e-07,1.20108301553525e-06,1.0188527748639367e-06,6.125659462699293e-07,5.803792669159533e-07,3.889155509008606e-07,7.205431561403816e-07,5.729147473985837e-07,1.3486758291916952e-06,6.078749118827309e-07,8.595007939258838e-07,1.2054639383964127e-06,6.442323445846073e-07,6.240101980817187e-07,6.327555331715143e-07,1.970794453649407e-06,1.2942730907622842e-06,4.1992339766341056e-07,6.07020040955168e-07,7.223624167905927e-07,6.509662840751235e-07,1.4444326681078383e-06,5.693649484179193e-07,1.2258477794551256e-06,1.0504397284013255e-06,3.3725467426418973e-07,4.289407379236144e-06,4.129895447040069e-07,6.622837007022043e-07,6.560218504826085e-07,6.35299990687123e-07,1.0955121631231623e-05,1.0725450632529206e-06,1.1628983172577191e-06,1.257352366560377e-06,6.829338296531039e-07,7.294171586475968e-07,8.871547679225238e-07,1.7070584067549842e-06,6.375284263998091e-07,6.351061983454814e-07,7.030607437182299e-07,8.228303925630018e-07,6.219227794077825e-07,1.5440897495341002e-06
PWY-5896,1.0096258291506548e-06,2.442751583666825e-06,9.07869740713804e-07,5.647883226756361e-05,9.278045779106429e-07,8.236391586254779e-07,1.2055553418722223e-06,8.957453375676001e-07,1.3006999560140935e-06,1.000563592032351e-06,7.51840121962292e-07,4.3541181530466496e-07,3.0493810560377055e-05,1.0806432114956433e-06,1.774102973952603e-06,1.5096246251964839e-06,8.8478589598273e-07,8.58331614684526e-07,5.805855566582336e-07,1.0745780060049264e-06,8.524589333765864e-07,1.9989287387026713e-06,9.052995131992102e-07,1.2779063560721942e-06,1.7868362599530176e-06,9.493650591071741e-07,9.282988850048774e-07,9.40784052306196e-07,2.7726467275789514e-06,1.922950718591959e-06,6.260885622624761e-07,8.997475001351806e-07,1.0780684265751097e-06,9.672859699803465e-07,2.113668364407551e-06,8.481855327004751e-07,1.8153459754354997e-06,1.5532921236654853e-06,5.039413671020915e-07,5.917480287141912e-06,6.176611090813858e-07,9.893122235257118e-07,9.288689540344204e-07,9.449055053021279e-07,1.454382008429313e-05,1.598794255398088e-06,1.7302391146471984e-06,1.8594565922514653e-06,1.0187627238794198e-06,1.0888931177915512e-06,1.296467929679232e-06,2.532368691704977e-06,9.488640328114205e-07,9.48194233811568e-07,1.0487910112085265e-06,1.1661809972074578e-06,9.253724325381726e-07,2.269040661893154e-06
PWY-5897,4.201960131523727e-06,1.2839250278218882e-05,2.1818529859394835e-06,5.896450052361065e-05,2.462075627027266e-06,1.387890349389346e-06,1.5204978149753264e-05,2.0141714716322945e-06,8.857385504559586e-06,1.3335088518836523e-06,9.823594492207734e-06,7.926833552954791e-07,3.813845608461968e-05,4.6928096930862835e-06,1.1022886552797695e-05,2.2792895552509295e-06,2.0583254818262225e-06,1.5975139595759628e-06,1.6798685613849303e-06,4.0958081798473344e-06,2.2904263019827985e-06,3.5317183398454847e-06,2.148318311533503e-06,1.3568551774938306e-05,1.0035977178867013e-05,2.5646832742894577e-06,2.380047438435131e-06,2.4437438494374253e-06,1.240312547957345e-05,9.641673344378376e-06,2.0076166812019935e-06,2.1981329514124313e-06,1.9992255223195498e-05,2.9221292355959535e-06,1.3453818678780436e-05,1.5464140984451398e-06,2.9843948085614587e-06,2.458231051964784e-06,1.0310071745961097e-06,1.572592159168472e-05,1.031342824538792e-06,2.4771281554878005e-06,3.2527333091132706e-06,2.620449159857862e-06,1.8940907608908814e-05,3.658573052844796e-06,2.443230276708454e-06,1.76853687191078e-05,8.624087162066035e-06,7.736053249461862e-06,1.8831624844292148e-06,9.860888375601778e-06,2.337664466941417e-06,2.824243522565764e-06,2.361450004245391e-06,2.600910081752031e-06,2.3507922097007597e-06,1.120548801163906e-05
PWY-5898,4.201960131523727e-06,1.2839250278218882e-05,2.1818529859394835e-06,5.896450052361065e-05,2.462075627027266e-06,1.387890349389346e-06,1.5204978149753264e-05,2.0141714716322945e-06,8.857385504559586e-06,1.3335088518836523e-06,9.823594492207734e-06,7.926833552954791e-07,3.813845608461968e-05,4.6928096930862835e-06,1.1022886552797695e-05,2.2792895552509295e-06,2.0583254818262225e-06,1.5975139595759628e-06,1.6798685613849303e-06,4.0958081798473344e-06,2.2904263019827985e-06,3.5317183398454847e-06,2.148318311533503e-06,1.3568551774938306e-05,1.0035977178867013e-05,2.5646832742894577e-06,2.380047438435131e-06,2.4437438494374253e-06,1.240312547957345e-05,9.641673344378376e-06,2.0076166812019935e-06,2.1981329514124313e-06,1.9992255223195498e-05,2.9221292355959535e-06,1.3453818678780436e-05,1.5464140984451398e-06,2.9843948085614587e-06,2.458231051964784e-06,1.0310071745961097e-06,1.572592159168472e-05,1.031342824538792e-06,2.4771281554878005e-06,3.2527333091132706e-06,2.620449159857862e-06,1.8940907608908814e-05,3.658573052844796e-06,2.443230276708454e-06,1.76853687191078e-05,8.624087162066035e-06,7.736053249461862e-06,1.8831624844292148e-06,9.860888375601778e-06,2.337664466941417e-06,2.824243522565764e-06,2.361450004245391e-06,2.600910081752031e-06,2.3507922097007597e-06,1.120548801163906e-05
PWY-5899,4.201960131523727e-06,1.2839250278218882e-05,2.1818529859394835e-06,5.896450052361065e-05,2.462075627027266e-06,1.387890349389346e-06,1.5204978149753264e-05,2.0141714716322945e-06,8.857385504559586e-06,1.3335088518836523e-06,9.823594492207734e-06,7.926833552954791e-07,3.813845608461968e-05,4.6928096930862835e-06,1.1022886552797695e-05,2.2792895552509295e-06,2.0583254818262225e-06,1.5975139595759628e-06,1.6798685613849303e-06,4.0958081798473344e-06,2.2904263019827985e-06,3.5317183398454847e-06,2.148318311533503e-06,1.3568551774938306e-05,1.0035977178867013e-05,2.5646832742894577e-06,2.380047438435131e-06,2.4437438494374253e-06,1.240312547957345e-05,9.641673344378376e-06,2.0076166812019935e-06,2.1981329514124313e-06,1.9992255223195498e-05,2.9221292355959535e-06,1.3453818678780436e-05,1.5464140984451398e-06,2.9843948085614587e-06,2.458231051964784e-06,1.0310071745961097e-06,1.572592159168472e-05,1.031342824538792e-06,2.4771281554878005e-06,3.2527333091132706e-06,2.620449159857862e-06,1.8940907608908814e-05,3.658573052844796e-06,2.443230276708454e-06,1.76853687191078e-05,8.624087162066035e-06,7.736053249461862e-06,1.8831624844292148e-06,9.860888375601778e-06,2.337664466941417e-06,2.824243522565764e-06,2.361450004245391e-06,2.600910081752031e-06,2.3507922097007597e-06,1.120548801163906e-05
NONMEVIPP-PWY,0.00013836428652438438,0.00010485395139525839,0.00010488524302744013,9.636345725119586e-05,0.00012135953018245351,0.0001111554790645193,0.0001175357767653375,8.60232047657166e-05,0.00016597988920833562,8.980302991404708e-05,0.00010273727024916861,0.00011853777745545672,0.00010788985276291365,7.240215132974634e-05,0.00011817642282301814,0.00013714904215880532,0.00011371155051637405,5.8929154558754444e-05,0.00011746558259856751,0.00011833216763900313,9.410995433853268e-05,8.819027924331491e-05,9.850950066848947e-05,9.861867298723225e-05,0.00010248988058990072,7.476126960409049e-05,0.00012264695699862904,7.248994785079925e-05,0.00013441074878420707,0.00010718594711794283,0.00013221794412411345,0.00011969197997646347,0.00011375810858880012,7.518731711181152e-05,0.0001144602978837678,0.0001363649080360244,0.00013398928673823422,0.0001222498111069362,0.00014166556243180037,0.00013375724656240951,0.00010645733837502995,9.66006453698536e-05,9.154552433373918e-05,0.00014902771144280328,0.00011117081060169751,0.00012389293656657585,0.00011650426275120341,0.00011509937283314817,0.00011123415014283106,0.00013281330113468036,0.00011984618477856085,0.00012630570229488772,0.0001306459187335903,0.00015480148663577994,0.0001080380105544197,0.00013268168948148704,0.000114164947130303,0.0001083947045262809
PWY-5121,2.2406900109842257e-05,5.721525348084817e-05,1.8625120133637584e-05,2.4255616363130972e-05,1.9595264633346467e-05,2.2044748274025943e-05,2.6012551108458623e-05,4.678697274258361e-05,0.00012161513560963289,4.391152531695024e-05,5.971130555816559e-05,5.558292332299281e-05,3.457357518709048e-05,3.0176359632869837e-05,1.9803942490836938e-05,2.036695633711895e-05,3.244485713874381e-05,1.9027172704113993e-05,4.505512319473203e-05,2.568173980801983e-05,2.0629092761976284e-05,1.5656573204905166e-05,4.199435969760143e-05,3.105176631087688e-05,1.9763298637046208e-05,3.073112732697897e-05,3.1218252200810994e-05,1.889252780562315e-05,2.1157704713436448e-05,4.6993930320233416e-05,5.238851541279205e-05,3.1268504344948115e-05,6.461767126433899e-05,3.6608432900281776e-05,2.1468074241879522e-05,5.202679772593883e-05,8.08731522181649e-05,2.696975575007011e-05,4.29518659837578e-05,2.562475935663463e-05,2.3856762329968906e-05,2.487644093576573e-05,2.6792017676438655e-05,4.792058076451646e-05,2.4976731198001228e-05,4.461555962034581e-05,2.1282218646406994e-05,4.768539231134233e-05,2.7190623119498036e-05,1.7322470236524694e-05,2.3843235002602937e-05,2.102844703876254e-05,3.468169254114803e-05,3.3432663901269654e-05,1.9153738499512568e-05,1.8054270531389676e-05,3.164267949654265e-05,4.1446501397245536e-05
PWY-6270,6.775734342936201e-05,8.143238555507164e-05,3.529128769463225e-05,6.061302219313016e-05,8.709349396373717e-05,3.142563676242691e-05,0.00010150592008996972,7.127978757353968e-05,0.00010418739227093593,7.609658263002646e-05,7.506945944827358e-05,8.10089610876481e-05,9.964856491270584e-05,5.881839352975455e-05,3.251392204029739e-05,9.977381419892392e-05,5.580427539105445e-05,4.3596755318500366e-05,3.929995454335933e-05,8.340357111726729e-05,5.3955564272297745e-05,6.987772652119005e-05,7.018836550420775e-05,7.39053997517359e-05,7.272209776721624e-05,6.325333595597905e-05,4.6015302617817516e-05,5.4695642049898345e-05,4.957470848571649e-05,8.170308768283438e-05,0.00011262266095746513,9.101119726958283e-05,8.590377501005745e-05,3.2791227471202415e-05,5.868898823104441e-05,8.193536216033622e-05,6.804357549608775e-05,7.868692020081347e-05,7.846580889722773e-05,7.664576065044683e-05,4.1418717337316184e-05,5.8928200948401327e-05,4.3007184516766365e-05,0.00011075744703123149,4.143811457829829e-05,9.396190326366976e-05,7.871273924499947e-05,7.564612558431644e-05,9.076063904153946e-05,3.6317194987559266e-05,7.197752221435209e-05,8.241013691403922e-05,8.40939557593419e-05,6.245214371279087e-05,5.654661848452142e-05,0.00011255931995919662,6.982041871156984e-05,7.370238049098504e-05
PWY-7392,1.6857645376074957e-05,5.203720319938612e-05,1.5226558985833713e-05,1.8164255982819042e-05,1.5640245093901184e-05,1.603760618152932e-05,1.8061786888944695e-05,4.276692984537332e-05,8.205114981863825e-05,3.1771123843311316e-05,4.7094567430834036e-05,4.5507208908652126e-05,2.6306440165460157e-05,2.5941443226916162e-05,1.6132484614354665e-05,1.635037243891852e-05,1.9444602633473965e-05,1.547694015965055e-05,2.5476230253157122e-05,1.8673822206554704e-05,1.60799323889318e-05,1.3353930376384831e-05,3.705495327759773e-05,8.72675231034947e-06,1.5912418958571506e-05,2.693650630602972e-05,2.3432982058046627e-05,1.3669360758959387e-05,1.616012827600398e-05,3.454340475195891e-05,3.1206489318881033e-05,1.8512010854059776e-05,5.907543399269313e-05,2.1971431996107835e-05,1.6516502689543528e-05,4.583768018269322e-05,4.94945230796389e-05,2.228363991731067e-05,3.721855956357769e-05,2.1391863216755202e-05,1.0838278980924471e-05,1.7179329180279947e-05,2.2851358838635142e-05,2.4635575180279392e-05,9.723955589289201e-06,3.753438413222815e-05,8.935727955063484e-06,4.098695873050378e-05,1.933486473547157e-05,1.4049610016704712e-05,8.714214725326648e-06,1.7107814126316554e-05,2.0532610519709538e-05,2.913208443212925e-05,8.767695847991587e-06,9.198186502832872e-06,9.521614328363888e-06,3.1938862119224356e-05
PWY-7560,6.445101619452025e-05,7.715006366898476e-05,3.2569611039960945e-05,9.636345725119586e-05,8.501876356058107e-05,2.857468119273468e-05,0.00010758779477225831,6.917351312430972e-05,9.756303327162587e-05,8.742572324978174e-05,7.56392260197326e-05,8.042888963727056e-05,0.00010351998641662176,5.806682451975961e-05,2.9493327863875623e-05,0.00010035123866769207,5.274708883249806e-05,4.641568909051589e-05,3.596010683028377e-05,7.985987547299006e-05,5.055422660113526e-05,7.284138403909825e-05,6.965475901433614e-05,7.490357800098443e-05,7.401494767150652e-05,6.033227993533982e-05,4.312210703478455e-05,5.4435164879413816e-05,4.6119409506647034e-05,8.010051701514846e-05,0.00011352188810383213,9.44103531770636e-05,8.440560399157167e-05,3.047822434656138e-05,5.570677806400088e-05,7.875523275853676e-05,6.470595726663239e-05,7.596018634431393e-05,7.52712537537476e-05,7.204137976509495e-05,3.809738139559965e-05,6.124543791859683e-05,4.191750820873972e-05,0.00010646668194100672,3.892691163451123e-05,8.99205899119539e-05,7.52837300605474e-05,7.323299389607316e-05,9.264088901565216e-05,3.2848562961041134e-05,7.019333057558027e-05,8.661748833933422e-05,8.088328299947202e-05,5.8582702694702735e-05,5.274829170775858e-05,0.00011449596815497299,6.602843037654418e-05,7.565063231176008e-05
PWY-1042,0.00017555126541686045,0.00019787576210909946,0.00010347258336617927,0.00019416991434548683,0.00016957872052209753,0.0001771313485517018,0.00016195033698326335,0.00016999050051311453,0.0002425635095922576,0.00020593782319455108,0.00016502777041081364,0.00016931760131773602,0.00016727471019281243,0.00014207788702603544,0.00015825889516211649,0.00013195240858332973,0.00014997407669729723,0.00011260602813518301,0.0001881170160145477,9.510933348949606e-05,0.0001391304159707977,0.0001786392335782836,0.00011926466341045854,0.00020734361714892126,0.00016788872599140912,0.00016121381217732664,0.0001776588885769211,0.0001214556736769358,0.00014516818044265224,0.0001566626661942886,0.00019424841002367994,0.00017509198026390533,0.00017569897095600162,0.00011414701956496734,0.000164271548799065,0.00020089333197935227,0.00020559112716735909,0.00016261188962131388,0.00015770633915765538,0.0001889839190150939,0.00014500796667274533,0.00018887120652831448,0.0001389623804220495,0.00017206504100348067,0.00015897270896091017,0.0001696796394715248,0.00015166654158853244,0.00014288973883689983,0.0001505427279634103,0.0001902424516401686,0.00019017883430189357,0.00019525591688025152,0.00015334454483779413,0.00024027856356199028,0.00013946213661181125,0.00021645928589712022,0.0001364786406168866,0.0001884732305080742
PWY-5464,4.2875786388372e-05,3.5382436825089184e-05,1.2714186682820338e-05,0.00014753900559705263,1.9349939961456652e-05,2.847727482036015e-05,7.134732966520759e-05,7.262316168291216e-05,5.889550818114685e-05,3.500339310642266e-05,3.816107177381983e-05,2.375467025567613e-05,9.683478097806632e-05,2.3463901739065998e-05,3.604246045545283e-05,3.2798440080800984e-05,1.9956273865218548e-05,2.8090029035882626e-05,4.205499809580417e-05,2.3658342360789237e-05,3.9081418069113454e-05,5.246166057780102e-05,2.1059057715186118e-05,2.4032320599280975e-05,3.120384964187793e-05,1.767448314403513e-05,5.810357748935006e-05,1.8056349072310318e-05,2.2274819461026678e-05,2.6674818480673718e-05,2.9335651893415825e-05,3.0143575101062065e-05,5.634772454017231e-05,3.790794381100099e-05,4.567643134192206e-05,2.6237683284469694e-05,3.0221977279331205e-05,6.176820549138184e-05,2.360909947040939e-05,4.963684622861836e-05,2.6339769403394e-05,2.9072430602238272e-05,2.3289328714399494e-05,3.756140150137164e-05,5.718798100823675e-05,6.672080228718546e-05,3.351940104715876e-05,7.035970770047425e-05,2.8661207445379717e-05,3.9535037468227495e-05,1.759739206372199e-05,3.639800997101026e-05,1.848479921030892e-05,1.876027241259128e-05,2.2176892762475274e-05,2.325038350345373e-05,2.8234916317982847e-05,1.6685736058126776e-05
PWY-5659,1.9255797844179586e-05,6.503964757272531e-05,1.012121294601264e-05,6.439430464033133e-05,1.2251112972930718e-05,4.0501198851115774e-05,2.47432711898421e-05,3.2111599233895365e-05,6.386932168405512e-05,3.421575535801529e-05,4.099115124990995e-05,3.424559697580382e-05,6.190747133304887e-05,4.8093441263659627e-05,3.248658736991363e-05,1.5869268471779056e-05,2.289897784259855e-05,3.4714757198624934e-05,4.2325605058449556e-05,2.069552842148037e-05,3.0151400934807906e-05,2.7951842681715176e-05,1.9865483874837635e-05,6.16981062012543e-05,1.3580086133578284e-05,4.265228891804479e-05,3.0530375830910366e-05,2.232058938126819e-05,6.341476717214066e-05,2.4876515336734556e-05,4.821010382922265e-05,3.5675606267208575e-05,6.281840715707672e-05,2.4817185259515478e-05,1.3710432389193094e-05,5.0964840608847526e-05,5.669702596223097e-05,1.9790128589113348e-05,3.303707629793206e-05,3.6187700305219994e-05,3.439598134833748e-05,2.3077384577104546e-05,4.319605533012688e-05,5.69999687192894e-05,3.4285745607121096e-05,4.9828774965696715e-05,3.732827015983409e-05,3.82155884944444e-05,4.2251372261988344e-05,2.6092370672178864e-05,5.3725971092311664e-05,1.4135456657814721e-05,2.857328779486737e-05,2.1412232513107527e-05,2.2479493282266176e-05,2.8390773625701167e-05,2.83211456365998e-05,2.5997001267672293e-05
PWY-7323,1.37360674410778e-05,5.44073961276774e-05,1.0146323040903073e-05,6.426348484202902e-05,1.2209760629926196e-05,2.1766728745129476e-05,1.2368110829571727e-05,3.3218818719686636e-05,6.552137276462623e-05,2.7063403187482775e-05,3.479461145850262e-05,3.4504317889805124e-05,5.236070815072717e-05,6.242670781187687e-06,1.5080285077111954e-05,1.5436102807487064e-05,1.4869276878923573e-05,3.014316846753311e-05,1.832561590029628e-05,1.1115894484077566e-05,2.1352295993906775e-05,2.8103781442991562e-05,1.704734978201789e-05,3.9023715125719034e-05,1.0734141334835355e-05,2.555005131680936e-05,1.739551515148582e-05,1.552653977651227e-05,1.6164909511664983e-05,1.5212451966621619e-05,3.174865622405691e-05,1.2025654858784615e-05,6.2383810107643e-05,1.3431015072219098e-05,1.1978660267834818e-05,5.137921565042214e-05,4.416916050306359e-05,1.763081248879848e-05,2.7799327569457876e-05,2.5779707849283286e-05,1.8615500911953494e-05,2.4559669074528938e-05,4.149786226827194e-05,4.968331116462495e-05,2.8505760256662487e-05,4.7321362280385165e-05,2.7450698902289307e-05,3.396721568948516e-05,2.1425027660144092e-05,2.4118677141698983e-05,1.236825291651493e-05,1.081574499207043e-05,1.9211608123613172e-05,1.3144157778111309e-05,2.0080008994290034e-05,1.4104331792396264e-05,1.5265375774813573e-05,1.4380675258885804e-05
BIOTIN-BIOSYNTHESIS-PWY,1.5818071243213663e-05,6.53163722175956e-05,1.595309851052183e-05,5.383394633939587e-05,3.3575185756502454e-05,2.1155472301991526e-05,2.1432229320387936e-05,6.500907322923079e-05,9.96323441411303e-05,8.656130973626264e-06,6.97332549538289e-05,1.724871066177216e-05,6.22917135594729e-05,3.901827970015612e-05,2.69797158306168e-05,3.8030429362073144e-05,1.6996464399151856e-05,1.8988367972506332e-05,5.0220306438551424e-05,2.1871700960066698e-05,1.4635433418512446e-05,1.9805162307519005e-05,2.2159638796324077e-05,0.0,0.0,2.894760059011045e-05,2.8478979942153062e-05,1.6305790133779504e-05,1.945083178153755e-05,2.0061120150706936e-05,5.255761691301437e-05,2.1228450333940732e-05,5.476708503101284e-05,2.599240804335438e-05,1.8586955463265352e-05,4.147897222182117e-05,5.969263389733734e-05,5.239705606392592e-05,3.1935308303859464e-05,3.342472043356455e-05,5.9559595592183825e-05,0.0,0.0,5.217724576475806e-05,1.6808373379601586e-05,8.766996214614564e-05,2.4242753628338472e-05,2.9949191876722855e-05,1.717306663740723e-05,5.9481700171238705e-05,2.1224674172758962e-05,1.4115675542216677e-05,2.631087368437193e-05,4.512330939225345e-05,1.4508480112749754e-05,2.6808703531698317e-05,3.527326136713407e-05,1.4344268020808916e-05
PWY-6588,9.379267829798795e-06,4.500049742073561e-06,1.665418894986829e-05,1.4353573697906802e-05,7.021508379334682e-06,1.571730414823446e-05,8.940558540689012e-06,8.199467223051095e-06,6.211675570684142e-06,6.922376786316746e-06,5.630280522282058e-06,6.803922497015652e-06,2.656122471617369e-05,9.754002054447844e-06,1.0841856249102588e-05,1.5438913965086427e-05,8.360168413442978e-06,1.455781133632745e-05,9.469532594302745e-06,7.820994920335907e-06,1.4451706755625486e-05,1.411475597974653e-05,1.374123210282275e-05,6.960450866192755e-06,1.3529360964423311e-05,6.659799699175398e-06,1.0420288435361573e-05,1.6347673365250513e-05,7.277873004379918e-06,1.5420781587355534e-05,1.103105586984208e-05,7.865206319497567e-06,1.0414123286312793e-05,1.3296513475107883e-05,8.966318540984397e-06,7.810100079621748e-06,6.561471130128593e-06,1.028565241091496e-05,7.350440587909082e-06,9.178664353139551e-06,6.899560778198402e-06,8.428900370107104e-06,1.5614920562461014e-05,1.5791913726851572e-05,2.703961118088723e-06,8.07907414677661e-06,4.63467044676074e-05,9.16648017979763e-06,1.0704381942290993e-05,1.0568189436713852e-05,9.626010675043737e-06,7.446165779165745e-06,8.30126288867455e-06,5.113204211837446e-06,1.4634143349554358e-05,1.2558914338840747e-05,1.0177799119714328e-05,1.612481843260508e-05
ANAEROFRUCAT-PWY,0.00010160935514487967,6.714159817546836e-05,5.0062267087186856e-05,0.00011737543986304312,3.632210426618656e-05,3.4466770734199544e-05,0.00010347361160821354,4.1637480550645075e-05,0.00010930838054460903,4.024248563030375e-05,6.453337304577193e-05,2.2850392223596405e-05,0.00011089146206529376,6.436221190282983e-05,6.789047270470588e-05,2.80248787290302e-05,3.785347001235362e-05,3.821605277752096e-05,7.497279359453518e-05,5.690773370516568e-05,7.726271904069018e-05,6.858503207504325e-05,3.1154648911511493e-05,6.345687322624431e-05,4.1347189071766844e-05,3.430018647897671e-05,6.0311242755348245e-05,5.1631483094603824e-05,4.48327946738809e-05,3.897748249913376e-05,5.0546020916249446e-05,6.298525493207075e-05,7.967406936606457e-05,6.253177405514645e-05,7.693780793251219e-05,2.579014901470845e-05,5.80924827646551e-05,0.00010310116576467502,6.84774253717803e-05,2.6938842343082786e-05,4.0070645069957324e-05,4.003280238148682e-05,2.3927236697937553e-05,9.619245674596488e-05,8.140303541072346e-05,7.404274062759481e-05,4.0772373897265026e-05,7.782454734735472e-05,8.860048213626478e-05,7.114208002589753e-05,2.905493422312909e-05,4.046992104032539e-05,2.7654364317411728e-05,8.600122533124647e-05,3.103340262677817e-05,5.5166764085685416e-05,5.3880752269451775e-05,2.5924866151054455e-05
ANAGLYCOLYSIS-PWY,0.00014145896538112675,0.00014774426186188398,0.00011975234330443408,0.00015403144673711047,0.00013862567502720606,0.00015077146633802482,0.00014639545607376617,0.00014514844883430008,0.00018865122584244676,0.0001659291309895267,0.00012553963024336057,0.00014615916842882894,0.00013569978328540345,0.0001191258167654786,0.0001467878498008446,0.0001281213175142636,0.0001379970442701682,0.00010434754736238061,0.00015845032086857363,0.0001144262673013342,0.0001166539150077335,0.00014428833128654064,0.00011359034317530148,0.00017612281471506068,0.00013365984777117097,0.0001232365638898396,0.00014951740502713856,0.00010649836833749134,0.0001415024905523926,0.00013901093201653747,0.00015947250578816097,0.00016047331180090097,0.00014877791762539256,0.00010509217100933899,0.00013871873749853901,0.00016581820801911116,0.00017631078835389288,0.0001521654102333866,0.00015058615416241322,0.00016876899826275563,0.00012365449340158582,0.00013446998371425403,0.00014121054533814515,0.000153479083696335,0.00014179052992514,0.00014570965560235653,0.0001341365727647684,0.00012746230094031654,0.0001349172525735276,0.0001559676669858841,0.00016258522277075394,0.00014922108487610387,0.00015190327066507615,0.00020368943909026193,0.0001214075734365359,0.00017788502618900316,0.00013099030768931347,0.00014487179172438446
GLYCOLYSIS,0.00010409315466355766,6.44969692992647e-05,5.149381514866256e-05,0.00012868487081154885,3.545254910607622e-05,4.232863221229494e-05,0.00011053124950897247,3.7991391671275216e-05,0.00010804866723191309,3.699459899522026e-05,6.525822524726072e-05,2.2146366383753825e-05,0.00011790115697673739,6.479439686407539e-05,6.654055737040602e-05,3.4602291168580185e-05,3.764424633812416e-05,4.476985267257067e-05,8.004246961835088e-05,6.906254727835413e-05,7.986814075035349e-05,7.559573781824988e-05,3.1207403734171015e-05,7.638588402676148e-05,4.2773549809885105e-05,3.191676888787056e-05,5.7138630428883814e-05,5.2429493064897744e-05,4.100551210326722e-05,3.6649845167988066e-05,5.2405257665348155e-05,6.649836170445193e-05,8.09012359877043e-05,6.905522210536529e-05,7.717129460726752e-05,2.376515271467062e-05,5.4716719755865486e-05,0.00010302319465600528,6.59710017196489e-05,2.336637703880214e-05,4.475163446015105e-05,3.7916589711126076e-05,3.0022394519525926e-05,0.00011007994535022295,9.348335181755968e-05,7.461640234602838e-05,4.06141321457414e-05,8.359302245596905e-05,9.427024263413786e-05,7.484843389964308e-05,3.724508595449419e-05,3.936188752089185e-05,2.6118716542335174e-05,9.043907058883826e-05,3.9042945260417205e-05,5.014761859712536e-05,5.2371229192745576e-05,3.642505066571312e-05
P461-PWY,4.673089313035379e-06,7.145901272210768e-06,6.831100158249614e-06,1.403366327768104e-05,6.112198853032362e-06,4.999725308910751e-06,5.195408459803147e-06,5.010578572887547e-06,4.9240560572260106e-06,5.264673465706042e-06,4.475599492468251e-06,4.9828301506546e-06,2.3666428058857407e-05,6.9691514622004084e-06,4.005746833618266e-06,5.992124332685209e-06,4.634596038470652e-06,6.388338847542543e-06,5.206616993135252e-06,6.4165007242883935e-06,4.575522513391089e-06,7.066344787169776e-06,4.4427242409706435e-06,1.3844880434681763e-05,9.355608791131948e-06,5.351512160325263e-06,5.2746390548946056e-06,5.005986344028069e-06,6.6238106207470975e-06,6.5365408499243944e-06,5.023803827036195e-06,4.904477172068091e-06,5.186709473648226e-06,4.8356931301840785e-06,4.63913048663522e-06,5.137489411894374e-06,3.9056694414353226e-06,4.863152776838476e-06,5.059723173450608e-06,1.6770217395199844e-05,4.769621885131583e-06,5.1814429602099075e-06,5.773991845118716e-06,4.655821104279957e-06,1.3816846547653523e-05,5.083880330496703e-06,1.2746395874076112e-05,4.507947107118205e-06,6.453569658363489e-06,6.018933991583084e-06,4.914506814267795e-06,4.463868001405185e-06,5.231701103611263e-06,5.1639353606515455e-06,4.8783307689640245e-06,6.499531263771504e-06,4.852343310593704e-06,5.170074986775463e-06
PWY-2221,1.1028061156561267e-06,7.350976253615792e-07,1.3593238751794543e-06,7.143126584664394e-07,6.580216842490425e-07,7.025914307889378e-07,1.0651722425612693e-06,1.209829351338705e-06,7.921616994617435e-06,8.02678921601994e-07,4.838890106249188e-07,1.4589538590011354e-05,6.398994915397976e-06,1.9334016060760335e-05,8.189729745227981e-07,3.510081667607978e-05,9.84575673431072e-07,3.0312869344985794e-05,4.249425374666396e-07,7.8835834839818e-07,1.0403564528568969e-06,1.0629798007162604e-06,9.919129886990502e-07,9.602760892816034e-07,4.2227880227275513e-07,3.930090566450548e-07,7.159628852095357e-07,7.418295430368512e-07,5.533943214287128e-07,1.3090560920652323e-05,8.009449224019522e-07,1.1208019641894136e-06,5.126495031352507e-07,1.6577562900826144e-06,1.6580553794623867e-06,7.669567531990814e-07,5.234886505218728e-07,9.54938967323291e-07,7.145914077622562e-07,1.3112788946366218e-05,1.1131616199898332e-06,8.844638564707224e-07,4.523744463071173e-07,2.2088686076195414e-05,4.5991911748687715e-06,8.933362623413847e-07,1.4496762025462858e-06,1.3018782024100782e-06,6.478425579635458e-07,5.916749095999866e-07,5.023810211079847e-07,1.2469596114492686e-06,8.366958226699162e-07,8.99741412470922e-07,1.2625207208439518e-05,7.672985336170613e-07,9.502909566372208e-07,9.224435829485964e-07
PWY-5484,9.599765433472636e-05,6.07304778250299e-05,4.318235866354668e-05,0.0001200805189958238,3.108540855918061e-05,2.9490533652006066e-05,0.0001046668314442894,3.686507869375893e-05,0.0001070936564165681,3.475429943242751e-05,6.000308507205708e-05,1.940892624469463e-05,0.0001111981180738136,6.227744794678054e-05,6.057702210615375e-05,2.4667371550905473e-05,3.271907000267797e-05,3.3880169166940575e-05,6.86737676937452e-05,5.465987703600972e-05,7.512499914772284e-05,6.445799122875856e-05,2.6643853164722262e-05,5.622123910817542e-05,3.624491508037317e-05,2.960464447015031e-05,5.463369862276836e-05,4.677469880376718e-05,3.894855278997051e-05,3.3761538222405315e-05,4.5130792422551415e-05,5.4332273649721326e-05,7.449995639585922e-05,6.463760247800211e-05,7.043549420725734e-05,2.1749170217498738e-05,5.10665768305077e-05,9.773735034663886e-05,6.169279592114407e-05,2.2796352602125378e-05,3.6030095743158104e-05,3.656495722518583e-05,2.0167960288166407e-05,8.868718026731973e-05,8.01671553397383e-05,6.98465863459861e-05,3.621995398769116e-05,8.093188423976755e-05,8.003216605377836e-05,6.644475974471898e-05,2.4774444980914793e-05,3.604226972546728e-05,2.4485819064238464e-05,7.766580996935384e-05,2.7352457331969913e-05,4.781149935895927e-05,4.742915187972457e-05,2.290464609373549e-05
PWY-7345,6.725120472144701e-05,4.7517563252042886e-05,2.9288238585748246e-05,8.971096009296141e-05,2.3786457401458434e-05,3.153626768316244e-05,6.266627381471832e-05,3.6658613453662326e-05,4.468381151445715e-05,3.339730661725654e-05,3.9815439134196085e-05,1.9842024094994562e-05,5.40901706416982e-05,5.37264733396422e-05,4.2127124142630554e-05,2.361033528096326e-05,2.647132099007994e-05,2.585607838707633e-05,6.322605917668038e-05,3.534283987854791e-05,4.4611822509754266e-05,3.453058265283194e-05,1.4670418738374167e-05,3.8127531049593896e-05,1.7544356586455994e-05,2.7756729505442602e-05,4.7066107974183325e-05,4.147576306088171e-05,3.8203863666974486e-05,3.2102798411511796e-05,4.529169679999027e-05,5.1295344892615324e-05,5.1371874029626174e-05,3.0901595690443025e-05,4.1247508100307854e-05,1.9014599416968926e-05,3.571857829108108e-05,7.077223958796983e-05,3.568306563352226e-05,2.183146253520033e-05,3.506083658783826e-05,2.5972362662608062e-05,2.0159642104887684e-05,3.6303829987509305e-05,7.067578295585172e-05,3.138816498310162e-05,3.613787379814109e-05,4.775065211324711e-05,4.91457885851881e-05,4.3009640006006234e-05,2.230763696305346e-05,2.7513864022982456e-05,2.4891697582906186e-05,3.442940215094515e-05,2.2130771428207483e-05,4.203690143740111e-05,3.6696971188141195e-05,2.130928175420465e-05
PWY66-399,3.6380797383645116e-05,4.222457054514586e-05,1.5416256402197752e-05,1.4882594091013354e-05,1.7614710338104012e-05,1.9639448499356502e-05,5.8072608530521826e-05,2.7737473308522155e-05,8.602002586332592e-05,2.1725511755731e-05,2.5078200179394534e-05,1.4029405500830102e-05,2.0307172912875706e-05,3.543339797869627e-05,3.078427082456622e-05,1.310361728891985e-05,1.2650126709221384e-05,2.8295823338025093e-05,3.834447080914509e-05,2.556178248475566e-05,3.178251831310902e-05,3.1599885457109795e-05,7.265414847750979e-06,3.900418647782702e-05,7.648821691092933e-06,2.2167094377343095e-05,3.6691044272539375e-05,2.9216729450953792e-05,2.0245717075083184e-05,2.4162579460796556e-05,3.213405743503808e-05,3.553443777442709e-05,5.122929861731738e-05,4.143724710554183e-05,2.313289076623494e-05,1.086629619485513e-05,3.3072083971361864e-05,4.846654410529791e-05,2.1471500922565863e-05,1.832022206730715e-05,1.7078102423352678e-05,3.000543684311912e-05,1.280664140330155e-05,2.9703050218864254e-05,5.335535185725388e-05,5.421258205743698e-05,2.719638068354278e-05,4.4936908809874644e-05,8.581103245515364e-06,4.386711156090803e-05,1.1757084281109463e-05,2.8828489770864956e-05,1.4815795474782112e-05,1.8393746247586672e-05,2.158165360995515e-05,1.4896789984778332e-05,1.7922455144958644e-05,1.5146598648100142e-05
PWY-7456,1.6970400350826084e-05,4.8364792258494214e-05,8.399620432918568e-06,4.069542600943474e-05,1.1846172720140458e-05,3.823870310024846e-05,1.0627970271701885e-05,2.5601522073204273e-05,3.3477083577466316e-05,2.6958558796997093e-05,3.095112516850396e-05,2.834505482261446e-05,1.648866195377429e-05,5.099232738002037e-06,1.5691957810014064e-05,1.3518579770160283e-05,2.1209873330802623e-05,2.740967640994981e-05,3.793786912627918e-05,7.762448914163034e-06,2.0945501976991726e-05,2.7872141322150766e-05,1.5210096384703677e-05,4.156713233206617e-05,9.183993413013622e-06,3.080180782000697e-05,2.329477385607621e-05,1.1898030986797655e-05,4.878576402512794e-05,1.2082747095544363e-05,2.860609532849458e-05,1.2510484782223295e-05,5.471897970041663e-05,1.072767046902684e-05,1.2533689391187003e-05,2.707575351271397e-05,3.086120584245884e-05,1.8867974699354276e-05,2.6764908683977672e-05,1.531111365010434e-05,2.6576691662910595e-05,1.8768740926964124e-05,3.7202720764918e-05,3.6787586389088076e-05,2.5721213005050426e-05,3.293594951398763e-05,2.0066120390137747e-05,2.7829443518333622e-05,2.981889482349984e-05,2.2197913833545684e-05,2.790879375459849e-05,7.982677142214817e-06,2.6101137878244056e-05,2.191894697800108e-05,2.204848759123507e-05,2.46235552533376e-05,9.660013245562835e-06,1.2469584899726011e-05
PWY-6572,2.459785800353992e-07,3.4943449709700616e-07,3.626039471945486e-07,3.586730491815119e-07,3.2120265168719e-07,2.462897953464363e-07,7.926683897796918e-06,3.451053976600489e-07,3.1922103597421486e-07,2.0009016975401088e-07,5.313110257895227e-07,2.1200249685691215e-07,4.015663206774939e-07,5.493318102071115e-07,3.725737485938479e-07,3.570618146538465e-07,3.202108814527161e-07,3.248952086967021e-07,3.2363906099009627e-07,3.030856259787564e-07,3.432236803089548e-07,2.829768175258296e-07,2.7230207861726075e-07,2.770433321699049e-07,2.631587311251643e-07,2.7493491706446623e-07,3.4630135190345694e-07,3.741833282878298e-07,3.327776751091299e-07,2.6579491499373073e-07,1.6850705623698325e-06,2.5081863496079946e-07,4.171003970871907e-07,3.2996749555037e-07,3.758142755451529e-07,2.400339142058362e-07,2.41669767323222e-07,2.4766923149125546e-07,2.634973722241226e-07,3.2277515687789754e-07,3.357137799780539e-07,2.563832300776116e-07,2.6440051867056786e-07,4.411348507041193e-07,2.686995970848548e-07,3.9468368042953167e-07,3.229311775556656e-07,3.6011528382312757e-07,5.521411703230574e-07,2.842908203613212e-07,2.447339080642845e-07,2.469669246169426e-07,3.1166225808456566e-07,3.0462790506650693e-07,2.964240922094531e-07,3.432740156550423e-07,3.013425868355015e-07,2.820010046739837e-07
PWY-6749,1.7495155506581198e-08,1.7494932881812594e-08,1.7494722195881027e-08,1.7495088030733453e-08,1.7494683517717433e-08,1.7495185225757046e-08,1.7495202403898675e-08,1.749467705118471e-08,1.7494624707318183e-08,1.7494669450134245e-08,1.7494738035367538e-08,1.7495163028725297e-08,1.749482440731359e-08,1.7494562662529972e-08,1.749495906237524e-08,1.7494937976366546e-08,1.74950241898706e-08,1.7494405867355274e-08,1.7495041127302437e-08,1.7494904581102773e-08,1.74946065728183e-08,1.7494066799636407e-08,1.7495025126163407e-08,1.7495066144407693e-08,1.7494926436675235e-08,1.749468852896272e-08,1.7494831731271424e-08,1.749471575871225e-08,1.7495214386756016e-08,1.7494913819142396e-08,1.749512847737831e-08,1.7495098678826746e-08,1.74951313619412e-08,1.1901889325998984e-07,1.7495042281329558e-08,1.7495137761402876e-08,1.7495207497791878e-08,1.7495278321498262e-08,1.749504952168594e-08,1.749508702543475e-08,1.7494406928490572e-08,1.7494869359916042e-08,1.7494914073977983e-08,1.1907015727695714e-07,1.749516013482609e-08,1.7493318396063056e-08,1.1904884508864377e-07,1.7494495643427528e-08,1.749484119628908e-08,1.7494231358018935e-08,1.749504974630768e-08,1.749464031188592e-08,1.7495204061901146e-08,1.7495203533077536e-08,1.7494956340152786e-08,1.7495193064025646e-08,1.7495004054160488e-08,1.749487409503736e-08
PWY-6386,0.00011385562410670054,0.0001257218970000445,7.918701457316911e-05,0.00011522886340824685,0.00010631792616991988,0.00011452762055312642,0.00014620523322957698,0.00011035300848934156,0.00018536766210344233,0.00011229090522676628,0.00011069588128841862,0.00010360147787462821,0.00010832163842194149,9.921835370049042e-05,0.00012021167227517753,0.00015318391357992372,0.0001153082604808745,8.1317036856707e-05,0.00010311758107376897,9.587928899458837e-05,0.00010017606680885101,0.00011127729118900121,0.0001161563400345862,0.00011160525657664345,9.85331207861853e-05,8.297891106220283e-05,0.00012976236444157878,6.0188871040868984e-05,0.000110127255395636,8.886618101402751e-05,0.00014247372358794743,0.00011274689471860765,0.00013166401536326465,5.672413064990902e-05,0.0001142509184466169,0.00013938228123204776,0.000145648612763156,0.00015078973932831086,0.00015014194100781096,0.00011870045325635443,0.0001075832201269586,0.00011586539187546921,0.0001227239097904747,0.00012780998098430675,0.00012507148333932756,0.0001187656263284448,0.00011093226900515626,0.00011282695524724949,0.00011137305731872143,0.00012795575409958504,0.00012208927795076156,0.00015301670985558413,0.0001348343664852716,0.0001521106591372097,9.568505504313166e-05,0.00014857452246599612,0.00012099098104940036,0.00012664808576287338
FERMENTATION-PWY,6.383289386766779e-05,6.103219240447493e-05,1.0787140709454115e-05,0.00016117861322828856,2.125050416245795e-05,5.550110537514021e-05,8.237509669199782e-05,5.732311697122755e-05,6.716685241065312e-05,6.565002227688406e-05,5.4666901461160304e-05,5.341942927372033e-05,0.00010607068230008045,6.793596028721058e-05,4.8167617756158234e-05,4.157010666114481e-05,3.425756730479189e-05,5.6056544117124106e-05,7.573217813864553e-05,4.3814846565328626e-05,5.189208219914553e-05,5.1470390600501264e-05,3.968458087150872e-05,6.447985235498163e-05,4.597234446858807e-05,1.3093920732735041e-05,5.8906328681727785e-05,2.5840724034298753e-05,8.041904016241815e-05,3.507660104003612e-05,5.514968455223172e-05,5.948851308004727e-05,8.266818082969275e-05,4.230810085058836e-05,8.895109079846821e-05,4.9502600320027183e-05,5.268779633584798e-05,7.73209157302294e-05,4.7703436127490845e-05,6.296192271122098e-05,5.666407333337047e-05,5.3949434931167566e-05,6.387981103827621e-05,7.57325609751371e-05,0.00012921661231821035,7.309325092820234e-05,5.403789440246201e-05,4.3423495095467025e-05,5.006693355928275e-05,5.064632808122452e-05,6.0306280625401993e-05,6.513136700146178e-05,3.7309283621835976e-05,6.807084287075529e-05,5.530753050847828e-05,0.00010820456849143636,3.618843331487448e-05,4.7488047747314806e-05
P161-PWY,2.609250111633611e-06,4.291466225740019e-06,3.917211878354979e-06,7.923326200441396e-06,3.2260323292418965e-06,2.6613521222391117e-06,2.701839899940705e-06,2.6855100436904984e-06,2.826545021467019e-06,2.8349248518740607e-06,2.4853748682804702e-06,2.683996461013989e-06,1.3090916043014433e-05,3.8033626038006205e-06,2.153829523817634e-06,2.76459729977715e-06,2.7808707208796086e-06,3.3980378753433895e-06,2.7669400295902735e-06,3.852499616976263e-06,2.4571977852867904e-06,3.974408922189526e-06,2.425365217170357e-06,9.14568326467328e-06,4.988404348385518e-06,3.095631713745472e-06,2.7034837413628395e-06,2.634505470533799e-06,3.687186779273767e-06,3.439865550740787e-06,2.52501141088943e-06,2.670196494223077e-06,2.8733416767721066e-06,2.1588911443225826e-06,2.538761381243573e-06,2.765249496487016e-06,2.1197347050990527e-06,2.569984801446208e-06,2.7126020943042405e-06,9.781856132918265e-06,2.572625341151161e-06,2.7768929952724335e-06,3.32304246029209e-06,2.3771649538566676e-06,7.411640815407286e-06,2.763052099192112e-06,3.0848475380523175e-05,2.408216707135733e-06,3.93465649045108e-06,2.9936490077041965e-06,2.551881960291039e-06,2.6149235855257814e-06,2.78223932625685e-06,2.840342346748368e-06,2.8064272884607235e-06,3.3419696444443547e-06,2.7738551525607915e-06,2.8076000308481446e-06
PWY0-1297,3.8109075821931413e-06,6.340040629339103e-06,5.579475527622083e-06,1.1277297528575598e-05,4.797637271472934e-06,4.0032403335360665e-06,4.054910308660159e-06,3.977252514866012e-06,4.242291247989353e-06,4.286160063929377e-06,3.8012904691760774e-06,4.0220920144291705e-06,1.823288214741819e-05,5.5393416989109855e-06,3.1386101311707973e-06,4.972894894372544e-06,4.093575652808169e-06,4.970029736067744e-06,4.010379307555717e-06,5.7191912735102546e-06,3.6677696620584954e-06,5.857389740708673e-06,3.566692207164098e-06,1.3107278947000383e-05,7.6107540422178586e-06,4.6666512250777866e-06,4.018016554332766e-06,3.8867549842478435e-06,5.3392035669090655e-06,5.185751010047571e-06,3.938132686235363e-06,3.939940207305805e-06,4.226094874427221e-06,3.6217552066620157e-06,3.737935494844325e-06,4.1577207626740914e-06,3.1551067267004515e-06,3.667199245530049e-06,4.044377708917658e-06,1.4129252551727584e-05,3.818643961062688e-06,4.123195636071578e-06,4.912685632930359e-06,3.5588148473855066e-06,1.0650478227201744e-05,4.097248537288814e-06,2.9868675256824448e-05,3.638725650480503e-06,5.812786213802396e-06,4.614162833252613e-06,3.7978480328243397e-06,3.853158939509332e-06,4.2900754009312224e-06,4.219562895374474e-06,4.109289123364161e-06,4.867956420287497e-06,4.127496292195402e-06,4.295750602331854e-06
PWY0-1298,4.1407024931637645e-05,7.561026924015952e-05,3.2001295468208894e-05,8.394630330732806e-05,8.601619675061853e-05,7.966133063161322e-05,1.740935006300582e-05,5.5634733036197765e-05,8.392393974341659e-05,9.834198928918494e-05,8.571447278406454e-05,8.733002826832089e-05,8.582311446134116e-05,4.908564142561762e-05,2.2385614504533162e-05,4.737303511454983e-05,4.606974515424739e-05,3.5475815181036234e-05,4.541731205740932e-05,8.834915161504051e-05,7.260793396934642e-05,7.062258835372601e-05,4.949604629247547e-05,6.314501368737008e-05,6.302408550046914e-05,5.749763312904515e-05,6.513463437488212e-05,3.998402893158707e-05,4.2524011891263034e-05,8.543070342196935e-05,5.772842834821373e-05,6.29177201615104e-05,6.597537621275675e-05,2.3366608337683223e-05,5.161388212324486e-05,0.00011616067885618628,6.7096270577334e-05,2.3716309445286172e-05,6.7968501999896e-05,7.674203426158285e-05,5.22887950884159e-05,3.338226210832922e-05,5.2250635569854825e-05,6.869284501624178e-05,5.58779939992824e-05,6.045795668531041e-05,3.671756270509501e-05,6.061541454567671e-05,9.003380901322738e-05,7.818463243084203e-05,7.29198716695114e-05,6.517733585011584e-05,5.8716598204045244e-05,0.00010721574197807841,4.368377455888352e-05,4.705734663739881e-05,4.381813623499917e-05,4.868204670313126e-05
PWY0-1477,2.609250111633611e-06,4.291466225740019e-06,3.917211878354979e-06,7.923326200441396e-06,3.2260323292418965e-06,2.6613521222391117e-06,2.701839899940705e-06,2.6855100436904984e-06,2.826545021467019e-06,2.8349248518740607e-06,2.4853748682804702e-06,2.683996461013989e-06,1.3090916043014433e-05,3.8033626038006205e-06,2.153829523817634e-06,2.76459729977715e-06,2.7808707208796086e-06,3.3980378753433895e-06,2.7669400295902735e-06,3.852499616976263e-06,2.4571977852867904e-06,3.974408922189526e-06,2.425365217170357e-06,9.14568326467328e-06,4.988404348385518e-06,3.095631713745472e-06,2.7034837413628395e-06,2.634505470533799e-06,3.687186779273767e-06,3.439865550740787e-06,2.52501141088943e-06,2.670196494223077e-06,2.8733416767721066e-06,2.1588911443225826e-06,2.538761381243573e-06,2.765249496487016e-06,2.1197347050990527e-06,2.569984801446208e-06,2.7126020943042405e-06,9.781856132918265e-06,2.572625341151161e-06,2.7768929952724335e-06,3.32304246029209e-06,2.3771649538566676e-06,7.411640815407286e-06,2.763052099192112e-06,3.0848475380523175e-05,2.408216707135733e-06,3.93465649045108e-06,2.9936490077041965e-06,2.551881960291039e-06,2.6149235855257814e-06,2.78223932625685e-06,2.840342346748368e-06,2.8064272884607235e-06,3.3419696444443547e-06,2.7738551525607915e-06,2.8076000308481446e-06
PWY4LZ-257,3.187139960766332e-06,5.2924150595670064e-06,4.6897640185682694e-06,9.760336160952781e-06,3.9607566190379154e-06,3.3196713056999594e-06,3.3459493770210736e-06,3.325729524372974e-06,3.4920489273927233e-06,3.5012880643925195e-06,3.0887345105371423e-06,3.294613990011436e-06,1.5103679552020713e-05,4.643951958958424e-06,2.6631264060893334e-06,3.63506953460033e-06,3.4296165091886544e-06,4.1421141101284604e-06,3.402157091763526e-06,4.644801433111245e-06,3.0318843132017525e-06,4.793300163408419e-06,2.9638959797497504e-06,1.1055508721583566e-05,6.243319358493425e-06,3.777166595962573e-06,3.331694801370045e-06,3.2407368926425682e-06,4.5698710055141946e-06,4.108181066646693e-06,3.111460780772417e-06,3.2490191186985034e-06,3.5415649774637434e-06,2.8463065283718434e-06,3.1395867466598636e-06,3.4452709687144312e-06,2.6171318475947432e-06,3.1720691364749656e-06,3.3284093747341646e-06,1.162826993886383e-05,3.1368023896511988e-06,3.3800158127117127e-06,4.0704335967053255e-06,2.951325222345978e-06,8.737300651906833e-06,3.3766893932010545e-06,2.16175877968301e-05,2.983213518006383e-06,4.8560111074935215e-06,3.737955860331822e-06,3.1647285207846855e-06,3.1633661055835572e-06,3.4615355304095503e-06,3.506074079312003e-06,3.4850116893615594e-06,4.1299063540054295e-06,3.4130222964082828e-06,3.5001595549534715e-06
PWY-7111,0.00010411753529391929,0.0001208742796078121,8.122514907633329e-05,0.0002251041072581617,0.00011313439255169153,8.422326482801536e-05,0.00010262154748809007,9.233317380326575e-05,0.00010163393566354105,8.670645045203675e-05,5.6441920964182964e-05,0.0001133193311313927,0.00016610304611040037,9.337827081228952e-05,8.19288596410584e-05,1.564994593676275e-05,0.00010784810878869598,7.226280513870872e-05,0.00011571957085518049,9.146418400799049e-05,8.621489313299554e-05,0.00012817076550974084,0.0001053008734359666,0.00012610769054930757,6.110479471628994e-05,7.590774802919908e-05,0.00011337009702240966,7.019575823415816e-05,0.00012881749130917068,7.805600359774615e-05,3.814566822682209e-05,0.00014960345711818044,0.00015160972463637253,1.6041328209583254e-05,0.0001275631077226624,0.00011390645883030745,0.00012692651441012097,0.0001289336969531456,0.00010737104319845454,0.00013052632241188316,9.696924170490525e-05,6.370950368129641e-05,9.835541430491969e-05,8.28673582360819e-05,0.0001318149534741942,0.00010419728170216446,8.269819346641181e-05,6.25378116977455e-05,0.00011795369211322333,5.716944939043486e-05,0.00011397171841004491,0.00011326696758625817,4.723010693715225e-05,0.00016255997600753098,9.488899256739048e-05,0.00012885390152839212,6.98197807164351e-05,4.909257958987514e-05
VALSYN-PWY,0.00017072960250302682,0.00017784888410691285,0.00016982936011966705,0.00023179250338496322,0.00017328148344265238,0.00019626261771641112,0.00021531243232627068,0.00018180188343769874,0.0002157535988052572,0.00018696929068250372,0.00016891025308099792,0.00022720684457376277,0.0001650128017048474,0.0001543322014620638,0.00017187494648176146,0.0001735938859478268,0.00018878964643964468,0.00010366692816396484,0.00018319189685179804,0.0001192220123682915,0.00014916681612621953,0.00018147199743082318,0.00016167310570873388,0.00019375229369111526,0.0001992218519496779,0.00016521466441878313,0.0002142700184132401,0.00011682750132800019,0.00015833663205011268,0.00014243503095748126,0.0001871477478588379,0.00019857782220832694,0.00019620868591619989,0.00010744505793225495,0.00019181422264216477,0.0002492750524706101,0.00021927718465274037,0.00020259049041771118,0.00021443654486222674,0.00019110601586819675,0.0001357013059371984,0.00017583724700902248,0.00016609285466247787,0.00018406684632599104,0.0002129260633386239,0.0001675590319919177,0.0001488811071133719,0.00013083693370570786,0.00016743239894681693,0.00017861816436580823,0.00021164446236077852,0.00017052180200860742,0.0001960656872643425,0.0002443768163200997,0.00016273873693972458,0.00018183940039935643,0.00016607079921343525,0.0001589328291062026
ILEUSYN-PWY,0.0001639853805902823,0.00016880259269830134,0.00010288582830113314,0.00022824754177390975,0.00016465340903122684,0.0001539201993103091,0.00018899804829319245,0.00016024059473537312,0.00015058951306932297,0.00014727558644493015,0.0001267429933774422,0.00012169525127366185,0.0001565012337242915,0.0001469928861251233,0.0001102462480675858,0.00016826293354616894,0.0001454318850984365,8.47612908151518e-05,0.00016754505775996032,0.00010403512031583571,0.00011222815032025343,0.00017992577190823888,0.00011256258448634195,0.00015409578913480463,0.00013565085238707378,0.00011777487765900457,0.00020996709495858782,0.00010121013040429594,0.00015817412324967074,0.00011183662114841165,0.00017882630301839525,0.00017209730881696857,0.00013144503589767792,8.217413185647755e-05,0.00017211531537593685,0.00014089866795006798,0.00015045684449142442,0.0001649294847530186,0.00018207216694448593,0.00014260390785404725,0.00012795015506438686,0.0001646115388087372,0.0001241823841583888,0.00017878605704578837,0.0001699868008502009,0.00014290036865648097,8.59654675845109e-05,0.00012908655112611698,0.00015182407852055397,0.00013477093778185197,0.00018218651593662668,0.00016482852394681532,0.00010283240089319538,0.00013622150454300783,0.00014632126544543645,0.00017642027944413154,0.00012646973825270188,0.00014679026529726736
PWY-3001,9.39249411725531e-05,7.963893249227801e-05,2.2603359320221492e-05,0.00012724574282189992,3.875389534272799e-05,0.00010004150059064923,0.00011311088819792669,0.00011288502671579242,0.0001351406663823227,9.358537710182269e-05,5.9397428932265426e-05,9.025100987040236e-05,9.7463125764951e-05,7.726857717522781e-05,8.205062059175389e-05,6.773405846980583e-05,5.992237290545542e-05,6.34419693071631e-05,8.940013365676056e-05,7.213740659065443e-05,6.476827729753915e-05,9.617157730148144e-05,4.854888442497166e-05,7.220717453546149e-05,3.708373361118662e-05,3.073583495054961e-05,0.00011415833592182794,6.165534434569027e-05,3.618801189358188e-05,5.069756519050789e-05,8.693560601839906e-05,3.814317465917181e-05,0.00011765840269353965,5.86651638588255e-05,0.00011173229092648748,7.430751337954014e-05,8.546016239543297e-05,0.00011220877107780137,9.448041113647624e-05,5.7408922891040746e-05,7.611915208200966e-05,5.1366230819016965e-05,4.487975488645261e-05,0.00010594508766638664,8.855126129767718e-05,0.00010654413014169645,4.568579988623375e-05,7.237111146133712e-05,6.655445921324123e-05,7.657924550606972e-05,8.705923446721606e-05,0.00010887639866835358,3.9335519757769886e-05,7.987595962196985e-05,8.577465853113699e-05,0.00011456689078084598,6.763793318986913e-05,3.6534037029153716e-05
PWY-5103,0.0001567174568163503,0.0001577619927658968,8.143428667887964e-05,0.00021826815917325423,0.00015520206683747217,0.0001330972187818566,0.00017274279895712578,0.00014683724197870414,0.00012503465291627754,0.00012950545438241941,0.0001081377027725331,9.457690321603953e-05,0.00014746951172186967,0.00014222977877923482,8.90497983508688e-05,0.00016042965936699207,0.00012600505156703804,7.438156547525814e-05,0.0001534678074012736,9.380536404425506e-05,9.632518610409512e-05,0.00017236422233231208,9.271625173266795e-05,0.00013561733604499883,0.00011300066501034259,9.924374589644664e-05,0.0001998935501587072,9.051421933439466e-05,0.00014861802782887594,9.58374319041217e-05,0.00016843085654514074,0.00015362694115074918,0.00010907955546773855,7.007231031478415e-05,0.00015961745238839644,0.00011095733433466426,0.00012473709539264808,0.0001445879840249795,0.0001604983163615991,0.00012254469110069415,0.00011930721113828755,0.0001552230343436193,0.00010470869908961478,0.0001663190814842981,0.00014762536801017834,0.00012794712127471689,6.780388740995604e-05,0.0001219500905570412,0.00014081272697396703,0.00011551442972797946,0.00016270872003695317,0.00015767233821952254,7.941175554895831e-05,0.00010662878059466425,0.00013320281627381654,0.0001692531636041059,0.00010858783850084578,0.00013567227740439604
ARGSYN-PWY,0.00012616548288841238,0.000130720375919651,0.0001220552176866595,0.00013186928309929166,0.00013426361915861728,0.00012558676231823305,0.0001563902511468892,0.00011386241973805146,0.00010709498481842775,0.0001326142712893174,0.000120041735770488,0.00014938223239854107,0.00011815979102936655,7.63749881151877e-05,0.00014300404069728716,7.278146666394858e-05,0.00013873168947115469,6.25236788620351e-05,0.0001365312400952219,9.76890102338101e-05,0.00011676316988288991,8.59896404021344e-05,0.00011683150110279705,0.00011731960560239131,0.0001243476195696615,0.00010928998664559734,0.00013819096350009395,8.169274065496099e-05,0.0001429592409211397,0.00011124233030559513,0.00015081675795614502,0.00015340782952002498,0.0001125566761466933,7.463406564076355e-05,0.00012795255840836856,0.00016718834002755255,0.00014546702109810106,0.00012085307478420093,0.00015124090255177376,0.00016835549096550103,7.153590029930205e-05,0.00010111133741392022,0.0001057024824239636,0.00013345028995707665,0.00014353048019920934,9.680527388467571e-05,8.506010327855952e-05,6.463995335093468e-05,0.00013013697097243507,0.00010321020675378917,0.00015464009012412463,9.182055082394516e-05,0.00011874463259304492,0.0001899881753950341,9.706307059917612e-05,0.00012611784547598008,0.00010974584480115321,0.00010402192419662129
ARGSYNBSUB-PWY,0.00012741337718535431,0.00013670571695552144,0.00012445170678240398,0.00013714171643191316,0.0001320583689831612,0.00012547472058799464,0.00015422946511394096,0.00011602196473097653,0.00010221921416722343,0.00013406341055333216,0.00012109747193820027,0.00014302141608217093,0.00011543187760975884,7.056667865356164e-05,0.00013544799950931805,2.702794883724638e-05,0.00013288389661124348,6.677205004285107e-05,0.00014061366230714122,0.00010180906947306195,9.868437482134458e-05,7.984673709811785e-05,0.00011982660033865918,0.00012121278173370265,0.0001231409661261453,0.00011114800425101413,0.00014591128778030567,7.77267016245833e-05,0.00015878674781260032,0.00011552734615951592,0.0001412042698755755,0.00015644734566760252,0.00011433137541718218,7.874225231531202e-05,0.00012961562985948344,0.00016422008289638742,0.0001445746628942931,0.00011301921144720874,0.00014858784543411577,0.00017699777663856298,6.788604543834771e-05,9.156304108702306e-05,0.00010891253007965986,0.00014032564891353544,0.00014772836962187298,0.00010381196564544872,7.681867600906854e-05,5.167502627921861e-05,0.00013969513715515305,0.00010189747639264346,0.00015711697047755577,9.087628900325094e-05,0.00012495844799835783,0.0001862967112970306,0.00010125285839696702,0.00012408270252912756,0.0001148947269566382,0.00011290640314050761
GLUTORN-PWY,0.00011334333506663373,0.00010451039126613668,0.00011318502610279565,0.00013812444141603772,0.00011565501789726419,0.00011603067894065385,0.00011759945364587371,8.58825746873416e-05,9.164177035489707e-05,0.00010091536524119102,0.00010345129722192589,0.00012570594503331215,0.00010594386128782834,5.631982510444081e-05,0.00011332768360391082,2.7809653508747237e-05,0.00010651798777422587,6.338901354100308e-05,0.00011126558816078516,5.9985175992776954e-05,7.537015757105007e-05,7.785259799107906e-05,8.78672085808467e-05,0.00011511829586430425,0.0001075810372770423,9.953597405117204e-05,0.00012647200730972743,4.310117782447889e-05,0.00012608717596237584,9.034535147881097e-05,0.00011425875972007056,0.00011117939198831542,8.012169326749329e-05,5.153043175440735e-05,0.00010500846399136368,0.00015439415929755404,0.00014213967914590567,9.562789875772018e-05,0.00011840131110271056,0.00011995992114984845,6.141353535465145e-05,8.268815302421178e-05,9.293940679369954e-05,0.00012914328153674313,0.00012197799925206942,7.993369762574411e-05,5.6374315431716275e-05,3.8760347831806796e-05,0.0001118387633463007,8.22587050949971e-05,0.00012821175760168238,9.395520525634082e-05,0.00010557095368353563,0.00015481363852325305,9.93736306856597e-05,0.00010306162646048641,9.676115891963975e-05,0.00010853764753833443
PWY-7400,0.00012605292573922175,0.0001303374745763065,0.00012184301234224694,0.0001310567440913958,0.00013430315718663798,0.0001255811938220589,0.0001557269264697835,0.00011331267710715373,0.00010760763219494277,0.0001322814935776402,0.00011997096750705301,0.0001498553289725121,0.00011841952732861641,7.54069605555475e-05,0.0001434276742277511,7.669830080314174e-05,0.00013881417281969886,6.280287321904651e-05,0.00013595682052685548,9.705519752673844e-05,0.00011834760839954802,8.688772347172045e-05,0.00011635044422976992,0.00011712392800707655,0.00012430786889412902,0.00010901012530210624,0.0001379876727200089,8.089334097224276e-05,0.00014269878525030903,0.00011066081490460579,0.00015133792119935354,0.00015301747255757752,0.00011273180050412142,7.427652583835419e-05,0.0001275722885841182,0.00016758151820605753,0.00014581128125709753,0.00012149065893082691,0.00015118792446078212,0.00016727719111296873,7.19468021978543e-05,0.00010224380455488765,0.0001055594409249985,0.00013308302520336973,0.00014293849271419595,9.672279314047222e-05,8.544831889166438e-05,6.59924366750069e-05,0.00012977075024789614,0.00010331273134949579,0.00015426816352760134,9.222212004883497e-05,0.00011863789869271002,0.00018978283250246052,9.725431887364919e-05,0.00012595402114121373,0.0001096739178224064,0.00010400921874893607
HSERMETANA-PWY,7.466005414754502e-05,9.21869996183001e-05,2.1543393020234606e-05,5.649192650066637e-05,7.424816214210465e-05,9.101229486921877e-05,9.734700266310491e-05,7.022084388015681e-05,0.0001232286479055494,8.254032534502393e-05,9.79852221099488e-05,7.8353087477006e-05,6.70355052192228e-05,4.4622264761029345e-05,5.133135645113077e-05,4.1879865860815464e-05,4.02477450973632e-05,6.25915358167905e-05,6.111064511479962e-05,2.3674125571963967e-05,5.843351280415024e-05,5.878638917997929e-05,4.8275499224590704e-05,7.966135915885704e-05,3.188170634145005e-05,5.0202087100275504e-05,6.449660209405278e-05,3.276038058690754e-05,0.00011635749539073662,8.336297707141165e-05,0.00012281034233021246,5.262117186259276e-05,9.116443289458933e-05,5.644715289454419e-05,7.695317154047076e-05,8.654585820895706e-05,0.0001119477927732155,7.019451361079665e-05,8.768093205163761e-05,6.368766726883073e-05,6.712032356768002e-05,2.6308949008609597e-05,9.073342054281795e-05,0.00012388185557883483,8.420626976462728e-05,9.237208717064209e-05,4.626990761444308e-05,5.963586607305134e-05,5.77297923439158e-05,3.9656054535347776e-05,0.0001103962043200306,7.49351046106873e-05,6.0728906277655134e-05,7.810966932235769e-05,7.803328833745441e-05,8.644671880048992e-05,5.517607436320512e-05,5.250403233169533e-05
PWY-6151,0.0001581866037527839,0.00015003597519093053,0.00010235861177608369,0.00010943320305048472,0.00013373620751121242,0.00013113483109287582,8.436657858882106e-05,9.733052640496753e-05,0.00016958055500118218,0.00012557093030850493,0.00017711032717118589,0.00013987140266701658,0.00010576078239222481,0.0001290356358712998,0.00011453125726212867,0.00012434454822794283,0.00012312903461566323,8.219088897742665e-05,0.0001158943214353451,7.09284565726564e-05,7.766269496808451e-05,0.00010318897866706704,0.00013974453705105813,0.00011427838954356806,9.130959663970422e-05,0.000116827889418347,0.00017180271162600184,9.042743426094279e-05,0.00016466672282425753,0.00012354566596110863,0.00010070635051256451,8.803673466898082e-05,0.00013007261282672246,8.936337864155887e-05,0.00012431700295879226,0.00013076976134900414,0.00011109952492280671,0.00013763144526935574,0.00014676875251479774,9.47238063854188e-05,0.0001081218482349935,8.783974391368903e-05,0.00012521220706201506,0.00013647150874494254,0.00010245742451903115,0.00013819810189676812,0.00010190188159497157,0.00010107901782273347,9.974738035043567e-05,0.00014439059078215564,0.00013460339461026944,0.0001410855229952463,0.0001266983927020133,0.00017312617611570935,0.00013371691556760936,0.00013288863437887718,0.00010610346570238133,0.00012252875638400963
PWY-6609,8.818665178185722e-05,0.0001600563966562905,6.411879935703968e-05,0.0001416465589084914,0.0001421891596155655,0.00010577420815212014,0.00014276481105327896,0.00010404060076574583,0.00015345028439113552,0.00012496474552789653,0.00013326845992835218,0.00014921075839703342,0.0001068022656748608,9.614358460074927e-05,6.622027771072563e-05,6.590330989279926e-05,7.22235615941813e-05,8.564571754121112e-05,7.50777442094732e-05,0.00011133816499433595,0.00011199658367688478,0.00012655552666398124,0.00010579999223294938,0.0001376698011717042,0.00010608738888210218,0.0001225113804968671,0.00014492371190402435,8.919002731073724e-05,0.00014313709431892525,0.00015484944303013459,0.00012239140874044924,0.00013642523475258916,0.00011831569952519892,7.709989971213123e-05,0.00011938607620290148,0.00015190724858368815,0.00015315914632282844,0.00011732185732089083,0.00014464398606902818,0.00014141065171149365,0.0001147891213045105,0.00010652743634559851,0.00011383366962798444,0.0001279100597684773,0.00010304466866018873,0.00013322846975561835,0.00010580769068010074,0.0001447998557985273,0.0001225319301178708,0.00013488928700688892,0.00013017613359606528,8.508154860087628e-05,0.00011940604269005485,0.0001634455973431747,7.936527611382036e-05,0.00012723928616733017,0.00010559453761101718,0.00013206189683593564
PWY-6126,3.021802830846313e-05,7.295818316951924e-05,5.367219456584564e-05,2.433632958093643e-05,5.3385123218498154e-05,2.076271799283349e-05,8.574802159192763e-05,7.877261288423837e-05,0.00012763062528259027,6.369660698863086e-05,6.679089371758894e-05,1.8761021844473562e-05,8.509030460233084e-05,6.510785072865981e-05,6.632635758483536e-05,5.1458905333348756e-05,8.475050823716173e-05,4.275475399983978e-05,3.840342419873363e-05,2.4253743462280034e-05,5.814973518776043e-05,3.170203471072295e-05,1.9910438485106905e-05,3.292962360989239e-05,5.796919845900888e-05,4.150942374237369e-05,5.6327270244505543e-05,5.6898065272238084e-05,4.880666386392849e-05,6.832214023937877e-05,4.828799428642322e-05,4.333621929309246e-05,0.00011870404230430193,5.248385201473328e-05,3.0077318584270107e-05,7.858259049404116e-05,9.256625359927885e-05,5.343066870051574e-05,4.042351667585373e-05,2.1906060980759366e-05,5.549528119053044e-05,2.583331673394439e-05,3.7340557804662416e-05,2.5281602856208307e-05,7.260151912644763e-05,6.54977869350101e-05,4.5664039221758865e-05,0.00011659184604808918,6.616158688081496e-05,5.694502926400409e-05,4.924719984660705e-05,6.698365573374868e-05,0.0001208521758628923,6.0670764620687993e-05,6.357908071560648e-05,4.253640598759744e-05,5.4698350700942364e-05,1.6210239580616372e-05
PWY-7229,4.297312492344255e-05,9.572041140028082e-05,7.260821520724786e-05,3.8070612711709026e-05,6.464536887073809e-05,3.199366643211071e-05,0.00010904837851049357,0.00010021142741205556,0.00015160218360687062,8.494927273580332e-05,8.821340580505058e-05,3.0146774341017775e-05,0.00010559796303608095,8.442273816955707e-05,9.000043136233254e-05,6.441760389749053e-05,0.00010527605813303368,5.244698376530487e-05,5.427145740625525e-05,3.794220606357196e-05,7.785056370746467e-05,4.713923058263792e-05,2.9069969018247983e-05,4.747296779996091e-05,7.36805858837602e-05,5.2639596429626995e-05,7.333634456256035e-05,7.269934621281947e-05,6.36236268726538e-05,8.704790614568691e-05,6.822533154531664e-05,6.006524112776001e-05,0.00014857723443346358,6.565180478937764e-05,4.409393725107079e-05,9.921315095959767e-05,0.00011490571657864404,7.648008329738494e-05,5.667111576113811e-05,3.4717262388916096e-05,7.457238254135995e-05,3.642464874557333e-05,4.490849344278033e-05,3.927754644690857e-05,9.839483412374788e-05,8.78854872162067e-05,6.474088131651644e-05,0.0001337770414509693,8.93766020991796e-05,7.459043450327384e-05,6.410898550734574e-05,8.438439442583353e-05,0.00013542127021589454,8.193740055649648e-05,8.290666622170327e-05,6.21891786300174e-05,7.25600001540779e-05,2.5226348810156755e-05
PWY-841,3.790778263337159e-05,7.923439360287227e-05,3.2790407364442874e-05,3.237129648853163e-05,6.33567195281979e-05,2.778535315539355e-05,8.781679888576937e-05,7.542113427885742e-05,0.00011902031759393208,6.880827025320119e-05,6.927906669982811e-05,2.5468434308584018e-05,8.319033322595323e-05,6.401886998523557e-05,6.291356607093263e-05,4.92673217472027e-05,7.983257688318108e-05,4.6591325957835574e-05,4.714292036736986e-05,3.0388129495349053e-05,5.7889369120909356e-05,3.762364446592944e-05,2.589444707580192e-05,4.0729203254120954e-05,5.799165822584561e-05,4.635890773936848e-05,6.54121912005064e-05,5.635670535295243e-05,5.658638643361028e-05,7.00505114047534e-05,5.539575982703533e-05,5.039607716749519e-05,0.00010961454935369398,4.933856477876147e-05,3.7403066765126394e-05,8.358808644655236e-05,9.432616404114855e-05,6.162356149415537e-05,4.753430576729991e-05,2.8564392452127145e-05,6.044609452542729e-05,2.185879297782635e-05,4.452718998805585e-05,3.3806338334920066e-05,7.132215787755662e-05,7.371517586987678e-05,5.116383532381247e-05,9.988952957831495e-05,6.824368015586757e-05,6.430169796494819e-05,5.6223363766448204e-05,6.160155624549195e-05,9.150702270488374e-05,7.034906148909179e-05,6.55382766394248e-05,5.119383424445513e-05,5.8786721785242126e-05,2.132741029883847e-05
PWY-7220,1.4149099264133649e-05,3.960682762289401e-05,2.762262521710106e-05,1.1403559258607844e-05,2.8327249932938805e-05,9.424922221607989e-06,4.7147984056405224e-05,4.268921795252203e-05,8.821206447467134e-05,3.4160985074230165e-05,3.6435152672601476e-05,8.435282254274975e-06,5.416321759626913e-05,3.588054165175877e-05,3.49769189198627e-05,2.6650397321955353e-05,4.56335221124599e-05,2.1429057871814817e-05,1.8772096301787643e-05,1.1174717453131544e-05,3.044726179844293e-05,1.5240204962783777e-05,9.152766158088906e-06,1.5547668985266362e-05,2.9439140268842813e-05,2.2832397780950124e-05,2.8440650558526726e-05,3.12025072612026e-05,2.5094379947258694e-05,3.698219478389457e-05,2.3493189861861876e-05,2.1160607707168764e-05,7.119906137104635e-05,3.013547645281987e-05,1.410730906507091e-05,4.1970515568876647e-05,5.3464180789108024e-05,2.682530351369728e-05,1.9399234815585557e-05,9.962244865464865e-06,2.843931334275452e-05,1.2023916285019923e-05,1.8681087675356378e-05,1.1730767828869562e-05,3.853812864207993e-05,3.431911465971088e-05,2.281204572613054e-05,8.219118134798215e-05,3.456619122519589e-05,3.00318923993999e-05,2.4273424189679492e-05,3.711199137851239e-05,7.556693998234775e-05,2.9802434228971418e-05,3.4443000497654254e-05,2.04137417339787e-05,2.776080982673036e-05,7.341073789675598e-06
PWY-6123,7.968273513483071e-05,0.00012924963523091058,1.4971196330287356e-05,0.00010392547512743367,8.623378332779054e-05,8.806452760815237e-05,0.00011279127350603085,0.00011042064846143231,0.00013411804936167256,0.00010758036618964833,0.0001099758140666679,0.00012230980616294705,8.338659990578978e-05,9.043548764606918e-05,6.933253634682078e-05,8.401019297840942e-05,9.337029674803204e-05,7.355414978928847e-05,8.926634787630126e-05,5.394990829666963e-05,7.325767594289491e-05,6.59032960203012e-05,6.245566394111079e-05,7.271846323972965e-05,5.924232219990699e-05,8.376033460806913e-05,0.00010362617344636953,6.466427723374043e-05,8.151521533843757e-05,7.313171661296187e-05,8.531330435668124e-05,7.566752592368089e-05,0.0001173999293104309,7.816537477339946e-05,7.460455720978972e-05,0.0001104012039570389,0.00010182362151286991,0.00010274871519279923,8.045378535609023e-05,6.029712356214912e-05,9.13935450590744e-05,1.7113444495079385e-05,6.679810244865255e-05,0.00012375201047734694,7.608325270535951e-05,0.00011469456778145547,9.495280609974676e-05,7.274601810948593e-05,7.745244062414487e-05,0.00010677647181920543,8.369513427104204e-05,4.596346188053967e-05,7.337039893345097e-05,0.00010561939225046234,8.309158821219889e-05,0.00011287486954259224,8.27967540038145e-05,5.25344760252175e-05
PWY-6124,7.536241566614335e-05,0.00013280233091234682,1.2958644621758e-05,9.083207864501909e-05,8.576592270677122e-05,8.177145293818533e-05,0.0001076408001781245,0.00010772469712314717,0.0001321203220791373,0.00010551133837142337,0.00010439802405773952,0.00011595088303865747,8.139152517877588e-05,8.925557573163822e-05,6.742698926238796e-05,8.183065286676321e-05,8.651315617320542e-05,6.970881969832596e-05,8.249606910009902e-05,4.9967845232806114e-05,7.106584882414626e-05,6.0594287070495e-05,5.878299080762578e-05,6.911978044357458e-05,5.391490890658275e-05,8.361336526335008e-05,0.00010053437739073364,6.205304688571432e-05,8.019125169491111e-05,6.64170918974226e-05,7.93940151807748e-05,7.574022782113689e-05,0.00012118305679952729,8.206451175518863e-05,6.99190915706438e-05,0.00010242707164706523,0.00010855554752010415,9.828935281495793e-05,7.366759172140786e-05,6.235790728724766e-05,9.13297027764194e-05,1.10087711826927e-05,6.454743288477072e-05,0.0001157500527801825,6.047234348152943e-05,0.00010672668338453217,9.195575582185784e-05,7.439727510504397e-05,6.943630669769437e-05,0.00010317025276320357,7.986799739785747e-05,4.0155105729236785e-05,6.671788874076923e-05,9.766601559363405e-05,7.762841247653579e-05,0.00011395264378109309,7.738742907402706e-05,4.7908249553565485e-05
PWY-7234,2.6652504063989535e-05,2.997166541085412e-05,0.0,8.595932652605769e-05,0.0,1.5940348454623754e-05,7.232244250535354e-05,2.7655446656974138e-05,2.6266064707196536e-05,4.79277782081444e-05,1.9077049253936386e-05,1.5423854603713525e-05,4.756404592123199e-05,5.2527893646367816e-05,4.968404442204544e-05,0.0,0.0,2.6116918502774942e-05,3.826619896697851e-05,2.4381745993021285e-05,2.7938141499753703e-05,4.1744340509789783e-05,0.0,1.6773914998849197e-05,0.0,0.0,4.8262913623862016e-05,0.0,0.0,0.0,1.9429403817030687e-05,0.0,5.420025133862103e-05,2.822612541548812e-05,3.6637953466697456e-05,0.0,0.0,6.2670669744993e-05,1.370405850999871e-05,3.472541946156391e-05,0.0,1.0762553020896022e-05,0.0,3.0487265529766585e-05,5.91551023056512e-05,2.8735547254704818e-05,0.0,0.0,2.9176689113895494e-05,0.0,0.0,1.2773541734250391e-05,0.0,2.0180183569160066e-05,0.0,5.838612603905182e-05,3.171037082894157e-05,0.0
PWY-6121,0.00010399004038049529,0.00011493270176562698,0.00012142327724006613,0.00012755156958215832,0.00012737267182645585,0.00012585913541916926,0.00012700878122624235,0.00010336393748466088,0.00011580086286141793,0.00010151289175048521,9.564190120966064e-05,0.00011475719748691037,0.00011492655487879167,7.551824971262904e-05,0.00010010996979926367,7.168837447720988e-05,0.00010228185534826194,7.309019445361775e-05,0.00013233161854289826,0.00012831305795274649,7.70080688109605e-05,7.702250999595586e-05,0.00011524164022080957,0.00014123905047654255,9.647019992640897e-05,6.448850468248147e-05,0.0001321009909327761,8.56759379639428e-05,0.0001241512657411847,0.00010966106264844785,0.00011726963835016063,0.00014534639030756554,0.00012798649828057944,4.93806871805724e-05,0.00010422066207143876,0.00013854634036335203,0.00014336830155333948,0.00012853654664002586,0.00010337210962954113,0.00014630080599422002,9.131334394333984e-05,8.398265664242961e-05,0.00010547973154987189,0.0001565495450012318,0.00011904502072045322,0.0001364224823222598,9.256722614216513e-05,0.00012012947175099924,0.0001158281471321306,0.00011558159183146748,0.00011695677323204969,0.00011610099196299256,0.00010828419238985475,0.00017511605867392846,9.651538697959078e-05,0.00011576152105081995,9.942069502480474e-05,0.00010487779795275708
PWY-6122,0.00011597500637388818,0.00011481127208332388,0.0001412628275500206,0.00014972427645502178,0.00012181678639992546,0.00013154516580790641,0.00012212887377459737,0.00010186293821752118,0.00011493495998941032,0.00010904474146634882,0.0001042009649497985,0.00011356214021217376,0.00011598777752119244,7.756564328691485e-05,0.00011743321437979577,0.00010760878074441528,0.00011146971906890853,8.036188765819433e-05,0.00013185019262544381,0.00013172772054720892,9.611411757548205e-05,9.538362511381797e-05,0.00012862388828220776,0.00014759456615034982,0.00010264334223350419,6.995627901419355e-05,0.00014128856359558708,8.379771726533645e-05,0.0001286750052856524,0.00011505283608485251,0.00011755369710452516,0.00015103250916760348,0.00013452922323214453,5.564855190591903e-05,0.00011923153528509192,0.00014084764698930134,0.00014199088391961785,0.00013739687759883374,0.00010938967203084877,0.00015175493066319517,0.00010359465037052782,9.190968478068472e-05,0.00010263223808090772,0.00017322896549467544,0.00013669234716286364,0.00014480888322467654,9.177598420008053e-05,0.00011756262562767609,0.00011155562829305048,0.00011250467868646455,0.00013077437044524293,0.00012353404337784934,0.0001232628532151372,0.0001683750368194887,0.00010867208415876366,0.00012008479840589603,0.00011775517412366434,0.000109137914031225
PWY-6277,0.00011597500637388818,0.00011481127208332388,0.0001412628275500206,0.00014972427645502178,0.00012181678639992546,0.00013154516580790641,0.00012212887377459737,0.00010186293821752118,0.00011493495998941032,0.00010904474146634882,0.0001042009649497985,0.00011356214021217376,0.00011598777752119244,7.756564328691485e-05,0.00011743321437979577,0.00010760878074441528,0.00011146971906890853,8.036188765819433e-05,0.00013185019262544381,0.00013172772054720892,9.611411757548205e-05,9.538362511381797e-05,0.00012862388828220776,0.00014759456615034982,0.00010264334223350419,6.995627901419355e-05,0.00014128856359558708,8.379771726533645e-05,0.0001286750052856524,0.00011505283608485251,0.00011755369710452516,0.00015103250916760348,0.00013452922323214453,5.564855190591903e-05,0.00011923153528509192,0.00014084764698930134,0.00014199088391961785,0.00013739687759883374,0.00010938967203084877,0.00015175493066319517,0.00010359465037052782,9.190968478068472e-05,0.00010263223808090772,0.00017322896549467544,0.00013669234716286364,0.00014480888322467654,9.177598420008053e-05,0.00011756262562767609,0.00011155562829305048,0.00011250467868646455,0.00013077437044524293,0.00012353404337784934,0.0001232628532151372,0.0001683750368194887,0.00010867208415876366,0.00012008479840589603,0.00011775517412366434,0.000109137914031225
TRNA-CHARGING-PWY,0.00013631254560421202,0.0001258641603306107,0.00011392841869942041,0.0001446933753351594,0.00013442593693906849,0.0001404171802208721,0.0001394847802371844,0.00013071047905529074,0.0001569757100352039,0.00012207370728199387,0.00012801482546541613,0.00013618973163306714,0.00012014293749826117,0.00010605826360550042,0.00013838099858547778,0.0001581183956106634,0.00014637629599265046,9.686654128509193e-05,0.00013825543311317173,0.00014810407538531637,0.00012090731016101918,0.0001417588351886902,0.00012012473797448548,0.00013598718270846415,0.00011942533406055175,0.00010536374117874755,0.00012672869766276824,8.811760058001844e-05,0.00012950979031414904,0.0001209926814314538,0.00014073416241238334,0.0001408444762178644,0.00014532934316436035,8.010615015865462e-05,0.00013769761645734466,0.00014798631539013834,0.0001551057598306513,0.00012460445412696946,0.00014835110823753313,0.00016438669468328231,0.0001330950236075427,0.00011952588791767301,0.000118352043663411,0.00015226155650531421,0.00012387191988460548,0.0001248505871078061,0.00013194523589918835,0.00011799803018050723,0.000142463578211226,0.00013465697220957257,0.00014257263305230634,0.0001351153959254929,0.00014940987746432343,0.0001779646006570957,0.00013168292964995233,0.0001383274720395207,0.00013136485233724324,0.00012793868803452182
PWY0-1061,4.8521586014131384e-05,1.9142763393849796e-05,2.249549618620259e-05,8.59746191824563e-05,6.829735693381626e-05,5.263735572043751e-05,3.706222159442622e-05,3.161279504699444e-05,4.7615279339691546e-05,1.8707685636423612e-05,2.020427109132918e-05,4.562784919552186e-05,2.7428141197895934e-05,4.585844473382025e-05,3.3531593575766496e-05,2.550461902299821e-05,2.0384759769665405e-05,1.8225325653534825e-05,3.4648601355067025e-05,5.15425972401827e-05,3.951783512044729e-05,2.399124288478566e-05,2.222544464526047e-05,2.0213428345246898e-05,2.9837615621748328e-05,1.9877940523614773e-05,9.055499659609759e-05,1.9193423102283556e-05,2.85191899716649e-05,1.9326384572015784e-05,2.180276301326517e-05,1.8292658857147338e-05,2.2447804964062797e-05,2.159993877719478e-05,3.800710039994609e-05,5.060292345332191e-05,2.005748363430558e-05,5.536557307829832e-05,6.0932515430271826e-05,3.094535365216321e-05,2.0118323973486133e-05,2.0767463219330643e-05,2.3200942401771554e-05,1.8113949545794225e-05,4.525040340044735e-05,2.3340020754410404e-05,1.9771443938412484e-05,1.8989760903305547e-05,5.876326619627998e-05,2.5397143307661454e-05,3.872903392058593e-05,1.4164118576281193e-05,1.1608923591871642e-05,6.0313134547919874e-05,6.136234283316061e-05,3.7557116801312965e-05,3.164858375960979e-05,1.6060961540978403e-05
PWY-6317,7.627066128641755e-05,0.0001430563293746481,4.5157884172706724e-05,8.44143726784303e-05,9.950582916914245e-05,9.158911632892163e-05,9.014211528793301e-05,9.104890049953522e-05,0.00012798083201610855,9.869600420139964e-05,9.362374939879308e-05,0.00011809227229336093,9.769016831945368e-05,5.529558739587128e-05,7.702743860441126e-05,3.99418706252032e-05,6.966179049970466e-05,5.851241245383551e-05,0.00011514330609800831,3.8040313643127707e-05,7.139168749563398e-05,8.003543527547274e-05,6.820419616469075e-05,8.15809253756766e-05,7.167050617125524e-05,8.95867299985848e-05,0.00010778962875243108,5.891877751668438e-05,0.0001321526849216256,8.841286547840472e-05,0.0001134229092910023,8.42302197513747e-05,9.147568519485096e-05,2.8815991091242554e-05,8.18289756616774e-05,0.0001349293287243591,0.00013498778890063445,6.368128629739054e-05,9.973007891374005e-05,0.0001091343212387645,8.286686692088626e-05,7.942610766824472e-05,0.00011730009888848596,0.00011338264511826376,8.5174663030465e-05,9.933117116089759e-05,5.244406226571689e-05,7.118218970126384e-05,6.882044308814392e-05,5.898692342686596e-05,0.00011967407123011506,7.640103945944029e-05,8.131518942591162e-05,0.00013126766574622523,7.497449619271326e-05,0.00010473019624816027,8.342238011218255e-05,6.98176955493258e-05
GALACT-GLUCUROCAT-PWY,1.0627649360428066e-05,1.766848290548878e-05,1.4478541445795155e-05,6.613659453455333e-05,9.972727413157876e-06,1.3123316500022814e-05,1.591660256059176e-05,1.363564249153103e-05,1.256645130424937e-05,8.3964155104683e-06,2.1258592512873094e-05,1.4779617997553898e-05,4.8231049180810486e-05,1.1935804750755502e-05,8.509121356736347e-06,1.2298731275142444e-05,1.4479731141223294e-05,7.222238697980043e-06,1.3690086117202026e-05,9.573061094522185e-06,1.0719126416675436e-05,1.7255149831481654e-05,7.0365087576187734e-06,1.4620781721902336e-05,1.5297104122657205e-05,1.3997073614715535e-05,1.1779124826593162e-05,1.3501811911873684e-05,1.62948838249129e-05,1.2242140323812727e-05,1.2183166536826565e-05,2.0513303246899988e-05,1.6304535639674676e-05,1.0584971068282941e-05,1.4602809922446376e-05,2.4018373349969477e-05,1.012461491710185e-05,1.3427137909400171e-05,1.394618773128353e-05,1.507876703504798e-05,1.221055468941854e-05,1.5709836103993178e-05,6.384990692774301e-06,1.206016400013633e-05,2.925874731166634e-05,1.4655948256017219e-05,9.097621252386136e-06,9.594236175872626e-06,9.65489161345896e-06,2.474264260545231e-05,9.197458612835962e-06,8.324252954130329e-06,1.64947732608798e-05,7.726068482138246e-06,1.0983594632588735e-05,9.418362808328223e-06,1.3140227603354098e-05,1.4800483414327716e-05
GLYCOCAT-PWY,1.3267738083901206e-05,1.9794072660943516e-05,1.229853931859269e-05,4.57432360717629e-05,1.8046507508999638e-05,6.73097748123316e-05,2.8256025557295834e-05,2.6569258610641666e-05,3.7901083113917924e-05,1.8581340991048037e-05,3.666570589648608e-05,1.7718247913683237e-05,3.2682472427600305e-05,4.885383377566253e-05,1.690786605862121e-05,1.350101466551923e-05,2.1500711103747566e-05,1.530566950065652e-05,6.066582643360442e-05,3.160101313101471e-05,2.2739959106845197e-05,1.7875797271811427e-05,1.4535017928901826e-05,6.305141647974616e-05,1.3206683796743915e-05,2.462383950292277e-05,4.529895568865488e-05,2.2762785250189498e-05,0.0001059993915306248,1.4889642120801837e-05,3.331801948015652e-05,1.837033576818132e-05,2.8331086869086747e-05,2.151903208801878e-05,3.2200639696117946e-05,1.6514023597286893e-05,2.168306757388606e-05,5.01560073059816e-05,1.6310833555718926e-05,2.4885293503457374e-05,1.768848999152145e-05,1.3981115842977022e-05,7.877301519962568e-05,2.0038669048711483e-05,1.6759810156437552e-05,2.0422665800957646e-05,2.0311103159923972e-05,2.9459523634314918e-05,2.0127378937946877e-05,1.3829114883182688e-05,2.007304069195313e-05,1.3515181836208717e-05,1.4185336984573921e-05,1.4990150124350753e-05,1.7813261594970536e-05,3.252110393204342e-05,1.4976303143663133e-05,1.4091050532387192e-05
TRPSYN-PWY,9.043148251955701e-05,7.691446936747349e-05,9.693869108920659e-05,0.00010785909453543369,8.645246043927806e-05,6.946781699342673e-05,7.182250704217679e-05,7.364650756115097e-05,8.550480609793547e-05,5.9163954350674255e-05,7.223921700897524e-05,7.228516288588425e-05,9.692178058981649e-05,8.005055968544895e-05,7.376343954114256e-05,4.38218013758859e-05,6.61997516707179e-05,3.367409951055555e-05,0.00011115191051589919,4.5481060752113207e-05,4.084613209668997e-05,6.747825312885808e-05,9.000805936200705e-05,0.00010768155438306051,8.077228735262679e-05,8.065349635871281e-05,9.228898438710859e-05,4.721684524511217e-05,8.641819856414443e-05,8.645605182378267e-05,0.00012090290911928227,6.820074649701506e-05,8.917078182741993e-05,4.793629126281335e-05,6.645604177007549e-05,9.257197969045439e-05,8.407726993138816e-05,8.869975966998528e-05,0.00010036586902090285,6.496383311460184e-05,5.2548271852692286e-05,6.217747596698986e-05,0.0001122863660316241,0.00011741706625920291,6.151449940848068e-05,8.533228025743373e-05,6.232123482795576e-05,8.667795223250613e-05,7.805053244320812e-05,7.98809779689944e-05,7.188910075714109e-05,9.521251970714523e-05,6.567623669258589e-05,0.00011660750798103623,4.3552816356280467e-05,0.00011415425290742893,8.199810853613811e-05,8.435443559767166e-05
THRESYN-PWY,7.345752704646712e-05,0.00010559502436409641,1.8702808814353405e-05,0.00012938407853451637,5.6121178233729825e-05,8.703996081257194e-05,9.486819819721904e-05,9.640546152980153e-05,0.00016125380982504994,8.02012210490101e-05,8.473110136809709e-05,8.26403753588625e-05,0.00010037001411793644,8.385163106030962e-05,7.113923635386211e-05,7.02299628225185e-05,6.03263652022324e-05,6.104608923035903e-05,7.948500688068267e-05,7.88884852978906e-05,5.240035944764164e-05,7.612552506334544e-05,3.735684237749732e-05,5.8391033367927396e-05,6.661388149041277e-05,2.067669104224853e-05,9.41817758831062e-05,5.4645084422194336e-05,2.931224609675907e-05,5.037240134553696e-05,8.527276630502062e-05,4.1589930370488405e-05,0.00011129199341909403,4.945683516649768e-05,9.457460415461993e-05,7.788754520314131e-05,7.768452793773988e-05,9.270619527073391e-05,7.317658874250384e-05,6.510590607229301e-05,6.775499181242832e-05,3.876248511857998e-05,3.488928850508e-05,0.0001076419078256493,6.850198540766793e-05,0.00010740968800058271,5.926905843519736e-05,8.443979202335446e-05,5.887186334030079e-05,7.624760433414812e-05,6.967231241269542e-05,8.950452205582594e-05,6.477869960324107e-05,7.90245716827015e-05,7.720678246172767e-05,9.855669143629072e-05,5.724444238011612e-05,5.261910846291644e-05
DAPLYSINESYN-PWY,3.9002087081450046e-05,2.7430074177320627e-05,2.261232615605165e-05,9.364961217876238e-05,2.2761919847497096e-05,2.3192538900075407e-05,5.1794161583708035e-05,2.1041435059465745e-05,5.655265237926298e-05,4.1624384279510034e-05,2.2010030841873558e-05,1.9976462729947946e-05,6.40723726189579e-05,3.6114636186410566e-05,4.443243237060566e-05,9.989902075399061e-05,2.0708094698129142e-05,3.0292333475214847e-05,3.825594458884416e-05,2.3752168451316476e-05,5.023011548295592e-05,3.986604127502373e-05,2.1325382496239505e-05,1.7548020382415437e-05,4.681058161630069e-05,4.077745839383302e-05,5.2208549099789576e-05,2.121983517811879e-05,1.110643383012002e-05,2.5235540911670626e-05,2.1536486695690824e-05,2.1190226007009144e-05,3.0185167600215085e-05,2.849559600853976e-05,5.913205608597015e-05,2.3159739432888352e-05,2.2355124049106963e-05,9.280412849887452e-05,4.982807613276477e-05,5.182729192416479e-05,2.7528947868713937e-05,1.865504640564935e-05,1.9284237377345323e-05,3.39986069076671e-05,4.813732160404688e-05,2.8951853630830763e-05,1.7683314648176014e-05,3.367727311125753e-05,3.419001393739342e-05,2.2313342181525822e-05,4.198604961734346e-05,4.942553637247975e-05,1.9434845648079774e-05,3.380812703692923e-05,4.6048847642306155e-05,5.7651894988177645e-05,3.757158343764792e-05,1.3253790313396442e-05
PWY-2942,0.00011240653725601453,0.00010807054369603042,6.067828375464194e-05,0.00010537033057642722,7.310324466306388e-05,8.715306701259519e-05,0.00010331736079251017,9.524428958731327e-05,0.00015702425079881037,8.784115694690365e-05,0.00012088448613978055,8.797689173289172e-05,0.00010812536600325713,8.768476161545649e-05,5.824419987423721e-05,0.0001150433477308487,9.02585364605486e-05,6.268248120605777e-05,8.56698752631143e-05,6.901111739329647e-05,6.925789436708056e-05,6.611397482849372e-05,4.982533744135446e-05,8.167429384992969e-05,8.65550198500448e-05,7.854859952859636e-05,0.00010661976700568164,6.370091783869889e-05,0.00011571671462830284,0.00010645102567405747,7.659469098940847e-05,6.857018815904351e-05,0.00012015481305433534,6.555141235441949e-05,9.43225936715463e-05,9.387691083110023e-05,9.731217987928775e-05,0.00011119230642561057,9.562692310529352e-05,8.75682563173021e-05,0.0001136810858210575,8.011016694340119e-05,8.363480169876303e-05,0.00012782135033926817,6.483408835800425e-05,0.00010787384673291322,0.00010916188621133017,0.00010646218443198986,5.324147641675263e-05,0.00012339663064264784,7.119054114322183e-05,0.00013134097967366036,9.359518514793559e-05,9.582426961977545e-05,7.06014662330419e-05,0.00010780139796110864,0.00010192814876788738,7.395076802604093e-05
PWY-5097,0.00012469027083662426,0.0001133485260055606,0.00010268055712300188,0.00013599478559030197,0.00011492688993681721,9.853140701080968e-05,0.000129815658970157,9.495069925465998e-05,0.00014716070948838202,0.00012241254599514067,0.00011528224292308192,9.46884543937143e-05,0.00011954673273656777,9.366176487418886e-05,0.00010683349242392677,0.00011083784279724089,9.809461331280999e-05,6.831367941899477e-05,0.00010336968318380395,9.67513819346452e-05,8.332607743025224e-05,8.181354299045777e-05,0.00011318411497278657,9.240644137780011e-05,0.00010947833866909083,9.654943632706542e-05,0.0001392516059977122,6.383878093973864e-05,0.00013135134390459828,0.00011300823412902853,0.00012871626315261902,7.723192318399429e-05,0.00010962202923681294,7.993259595741846e-05,0.00012797553550371627,0.00013458102122014401,0.00012475727738937666,0.00012525835673538968,0.00013225898122555662,0.0001396025785591667,0.00010968872746743672,0.00010641160147775432,0.0001147199828900717,0.00012503509054148329,0.000105912887951121,0.00010896145649506197,0.0001164313666875134,0.00010725123657778398,9.700370618394112e-05,0.00012965510191422376,0.00013936644814287668,0.00013953654744446067,0.00010282399867632602,0.00013577303495103214,9.325107039543366e-05,0.0001271607335689802,0.0001226533105368251,8.380168689272122e-05
PWY-724,8.953817043394316e-05,0.00010657635429682417,2.9375735628655117e-05,0.000119846025169836,7.272212195074776e-05,9.391063736160163e-05,0.00011010158484031162,8.94836953422725e-05,0.00014404573451977688,0.00010409814566655294,9.99340275706706e-05,9.09407892478963e-05,0.0001090304323603929,8.51355237591874e-05,8.67675553912588e-05,8.554892998756614e-05,8.4184508945731e-05,6.236647347303331e-05,9.665493703105183e-05,8.540141823737976e-05,7.128914160924256e-05,6.606558218395671e-05,5.571926833845349e-05,7.031938118929626e-05,7.874002431394728e-05,3.115057998540983e-05,0.00011413902436739448,5.749511013524468e-05,0.00010903637962971841,6.671231905234285e-05,0.00010142793619808163,7.056843624898173e-05,0.00010237328071248694,6.0106444736740704e-05,0.00011190253636746935,9.677665389147952e-05,9.360884688819815e-05,0.00010893645712189683,9.397517186837253e-05,8.57852931978304e-05,7.869644889625763e-05,4.9854435773578464e-05,9.153081124960433e-05,0.00011633471464736632,9.62393599359665e-05,0.00010145787189580176,7.56271421533092e-05,8.166262371013355e-05,7.192625176719725e-05,0.00011209708269295392,9.993115456147503e-05,0.0001003299583246807,7.630758956908797e-05,0.00010524709938107442,7.400560347017958e-05,0.00011174438271132321,0.00010251317562258477,5.686490209170971e-05
PWY-5686,0.00015730230367849753,0.00014943587453265732,9.471482704841695e-05,0.00010319750544289633,0.00012039496818016107,0.00014409884141906181,0.00016295082536667713,0.00013414304577367874,0.00014839631598867353,0.00012991973251385658,0.00015299963008759754,0.00014455225493529162,0.00012424019533436884,9.997747112328778e-05,0.00011814154168299316,0.00015722501679056128,0.00014624322163863675,0.00010445797330077179,0.00013820158888445938,0.00013257406846939646,8.42616021703101e-05,0.0001370858618428615,0.00011899318466989993,0.00014398042376989598,0.00011275560942835945,0.00010761055208357589,0.00016208292140832317,0.00010496936177143272,0.00015152846165871714,0.00013135983620586323,0.00013976633953847564,0.00013016239607816855,0.000155975752836281,5.693822492822215e-05,0.0001639332320184609,0.0001860802539362019,0.00015222257428928397,0.00014268820450715093,0.00012006114706469427,0.0001452732456650123,0.00011047657659449715,0.0001318269231190876,0.00014611463453508426,0.00016494440336948927,0.00013910009186812988,0.0001424397905640605,0.00014505101765943475,0.00010233698085054754,0.00012452773473380348,0.00013106208813271343,0.00014227223974110507,0.00012043820205221253,0.00013933837176911338,0.00018863928234877738,0.0001401670993560431,0.00010570562079348223,0.00011626693715762834,0.00013853804381388542
PWY-7211,1.976157372852e-05,4.070783831374986e-05,2.451178135208142e-05,2.0464441050492622e-05,3.5881702531222437e-05,1.6410871532155455e-05,6.093659611277581e-05,4.446502385229215e-05,7.498614502917383e-05,3.80605585232123e-05,4.002156894798773e-05,1.4560756520155522e-05,6.955523758400598e-05,4.333820788388523e-05,5.0632511724360205e-05,4.4949466375822096e-05,3.498239055563561e-05,2.2567830569561423e-05,2.462138491949291e-05,1.893664867521728e-05,4.508929438140807e-05,2.485747458429667e-05,1.5801887520686097e-05,2.393017416849778e-05,3.696492894830205e-05,2.90238818904211e-05,4.194459313514387e-05,3.570525343289073e-05,3.400807772678243e-05,4.352844151398775e-05,2.5437587609039274e-05,3.087086158373034e-05,5.314478645765117e-05,3.374652757678147e-05,2.4698454015614e-05,2.7429426490608828e-05,4.7464350041128175e-05,4.343336262378602e-05,2.5500169236245887e-05,1.5522111712808012e-05,3.030285742254697e-05,1.950410354992096e-05,2.817390506089111e-05,1.949680679472969e-05,5.0707874093442234e-05,4.321613503555077e-05,3.141367059972879e-05,2.8641400933694216e-05,4.085063863196764e-05,4.8732683635837955e-05,3.1743145740883396e-05,3.280146897639848e-05,4.521289197766573e-05,3.967004106504367e-05,3.43712486834654e-05,3.109979047603734e-05,3.6867463944063605e-05,1.2876432779488446e-05
PWY-7790,0.00015730230367849753,0.00014943587453265732,9.471482704841695e-05,0.00010319750544289633,0.00012039496818016107,0.00014409884141906181,0.00016295082536667713,0.00013414304577367874,0.00014839631598867353,0.00012991973251385658,0.00015299963008759754,0.00014455225493529162,0.00012424019533436884,9.997747112328778e-05,0.00011814154168299316,0.00015722501679056128,0.00014624322163863675,0.00010445797330077179,0.00013820158888445938,0.00013257406846939646,8.42616021703101e-05,0.0001370858618428615,0.00011899318466989993,0.00014398042376989598,0.00011275560942835945,0.00010761055208357589,0.00016208292140832317,0.00010496936177143272,0.00015152846165871714,0.00013135983620586323,0.00013976633953847564,0.00013016239607816855,0.000155975752836281,5.693822492822215e-05,0.0001639332320184609,0.0001860802539362019,0.00015222257428928397,0.00014268820450715093,0.00012006114706469427,0.0001452732456650123,0.00011047657659449715,0.0001318269231190876,0.00014611463453508426,0.00016494440336948927,0.00013910009186812988,0.0001424397905640605,0.00014505101765943475,0.00010233698085054754,0.00012452773473380348,0.00013106208813271343,0.00014227223974110507,0.00012043820205221253,0.00013933837176911338,0.00018863928234877738,0.0001401670993560431,0.00010570562079348223,0.00011626693715762834,0.00013853804381388542
PWY-7791,0.00015730230367849753,0.00014943587453265732,9.471482704841695e-05,0.00010319750544289633,0.00012039496818016107,0.00014409884141906181,0.00016295082536667713,0.00013414304577367874,0.00015400319838733666,0.00012991973251385658,0.00015299963008759754,0.00014455225493529162,0.00012424019533436884,9.997747112328778e-05,0.00011814154168299316,0.00015722501679056128,0.00014624322163863675,0.00010445797330077179,0.00013820158888445938,0.00013257406846939646,8.42616021703101e-05,0.0001370858618428615,0.00011899318466989993,0.00014398042376989598,0.00011275560942835945,0.00010761055208357589,0.00016208292140832317,0.00010496936177143272,0.00015152846165871714,0.00013135983620586323,0.00013976633953847564,0.00013016239607816855,0.000155975752836281,5.693822492822215e-05,0.0001639332320184609,0.0001860802539362019,0.00015222257428928397,0.00014268820450715093,0.00012006114706469427,0.0001452732456650123,0.00011047657659449715,0.0001318269231190876,0.00014611463453508426,0.00016494440336948927,0.00013910009186812988,0.0001424397905640605,0.00014505101765943475,0.00010233698085054754,0.00012452773473380348,0.00013106208813271343,0.00014227223974110507,0.00012043820205221253,0.00013933837176911338,0.00018863928234877738,0.0001401670993560431,0.00010570562079348223,0.00011626693715762834,0.00013853804381388542
PWY0-162,3.6318380287807856e-05,7.577476560381081e-05,5.411984763202376e-05,9.100637148892144e-05,7.727774129495088e-05,3.9557668169630194e-05,9.048096677556942e-05,8.207412798957082e-05,0.00011504714036403809,6.633190479702184e-05,7.180748867683607e-05,3.6291297932511305e-05,9.241658760823455e-05,6.227106107367907e-05,7.393865519390443e-05,0.00010317098444788049,8.884009379897999e-05,5.2332351161711505e-05,4.364380521541748e-05,4.414717202099054e-05,7.539353163677426e-05,4.8690096566000045e-05,3.773771339842093e-05,3.793361247313257e-05,6.237629957140814e-05,5.0238514025439024e-05,6.689528644574634e-05,5.910260328226265e-05,5.831246077231617e-05,7.304605075181271e-05,5.1946599455759195e-05,4.83211529191842e-05,0.00010826445145045247,4.6686145898869104e-05,6.909385742563722e-05,9.065519707181167e-05,9.399960539681512e-05,9.462761120979915e-05,4.506324393870396e-05,2.4236439623682797e-05,5.7296302946708025e-05,3.916220355445604e-05,5.4936717148864535e-05,3.738080341618292e-05,7.213281024029033e-05,6.637759672343135e-05,5.0231700481424114e-05,9.626922082048361e-05,6.56237545368093e-05,0.00010480926530833104,5.945310340963782e-05,6.890139217015594e-05,0.0001191054051248633,6.994172149381829e-05,6.901376167715822e-05,4.534801688359546e-05,5.913395503890475e-05,3.6182069440000604e-05
HISTSYN-PWY,9.948620018007944e-05,8.899072127511377e-05,5.935446210822512e-05,0.00010324877730923695,0.00010159172857362225,9.801644208939503e-05,0.00010414901748968564,7.449720024392824e-05,0.00014222105768991298,7.797341975373773e-05,0.00010433388505235491,9.517163678290095e-05,6.238609439702829e-05,9.813671701903721e-05,7.702000936895942e-05,0.00011848688933535253,8.451681444220017e-05,7.206389684067294e-05,8.789728897413103e-05,4.9912117938001615e-05,9.037036372408205e-05,7.106472845910663e-05,8.654075010918922e-05,9.873056790682298e-05,6.255967190695089e-05,2.457538303537428e-05,0.00010728134396706306,5.5055625067711384e-05,0.00010166030187698168,8.044931043629923e-05,9.883009670935157e-05,0.00011013562235833443,0.00011902331367857854,5.909081019660462e-05,8.22997415583233e-05,9.901971314038273e-05,0.00011101414136185909,0.00013199114135699529,0.00010295277689244901,0.00010089806522902727,8.060515831839819e-05,9.399193511683426e-05,0.00010110991853570156,0.00010929271487405772,8.203434031692833e-05,0.00011202432737978543,7.90664106161634e-05,7.056092778282138e-05,7.871271322526504e-05,8.981509036756549e-05,0.000111928281462824,8.177468344790678e-05,9.37822865814204e-05,9.80078451934196e-05,7.352196868757079e-05,8.556656773134458e-05,9.894955879076918e-05,9.291213076715698e-05
GLUCUROCAT-PWY,1.4150664608536743e-05,3.813994252705574e-05,1.61600416253163e-05,7.50013661479835e-05,5.873173816152671e-05,2.7050726624579266e-05,5.3166821983079196e-05,3.4831520263604996e-05,2.8954679879207563e-05,4.0659985021908635e-05,6.891020947709515e-05,3.143128965275759e-05,7.126167644108946e-05,4.98468523082704e-05,3.396603368940961e-05,1.804607361973579e-05,3.7157754593726395e-05,1.2068456080861187e-05,3.8476213194389106e-05,3.329970045908876e-05,1.9705641564560997e-05,3.391658685617523e-05,1.1503318369310825e-05,2.6443532393788066e-05,2.021120059327528e-05,2.9632860694070817e-05,2.5991657839544152e-05,3.2378878913356775e-05,3.220858505243794e-05,2.6350535173438768e-05,4.048709700154735e-05,1.8354259642780197e-05,4.295376793119925e-05,4.9240843451022936e-05,2.955393587442426e-05,4.664559659881944e-05,4.023011726800497e-05,7.994763697749283e-05,6.674392203759296e-05,7.985141052915659e-05,1.667999138655474e-05,3.529009439172848e-05,1.834787026501914e-05,3.5168056145917064e-05,3.373696400020864e-05,8.63325100081738e-05,1.6937730795319957e-05,6.071228984047819e-05,1.3194126860208625e-05,4.828592097121076e-05,2.648631046265015e-05,3.043989135958306e-05,3.6546279305396484e-05,3.236648508256113e-05,1.7928039781302694e-05,3.1294326530141714e-05,3.907368505686722e-05,2.4407971145126107e-05
COBALSYN-PWY,1.1597704994956221e-05,6.978933464619343e-05,3.2294621011615686e-05,4.376964729115224e-05,2.2240061929425144e-05,3.404437722299243e-05,5.38755948392406e-05,4.8885756194712964e-05,4.1568263716792475e-05,4.612949490937428e-05,3.7831175317877394e-05,4.975127925025186e-05,6.125792975897455e-05,2.2821076361834997e-05,1.370628440801115e-05,1.1291248135198335e-05,4.218287247413394e-05,2.1202840069872055e-05,1.983007936652214e-05,3.146200678067126e-05,1.812738376629591e-05,1.4579090854256166e-05,1.61894124823239e-05,2.3807867140264664e-05,1.6821920458609862e-05,9.29505236444361e-06,3.148535756573981e-05,1.7005456818752396e-05,2.6458829771924805e-05,1.811791139358426e-05,5.853660860364852e-05,2.101307148621128e-05,4.042552793967235e-05,1.5567512048933682e-05,2.2192689946999808e-05,5.573168656158204e-05,3.5244972231945616e-05,2.8517381257362325e-05,4.0655999519245964e-05,2.6815652257153775e-05,3.328523585218179e-05,1.2560590250159394e-05,1.9174775142310595e-05,4.636485121823556e-05,2.8546935224336796e-05,2.1315459074618382e-05,1.832383955835288e-05,3.156759638027038e-05,4.034266549003272e-05,4.094392508331297e-05,4.111102041569887e-05,4.03460590428431e-05,2.6830538387836604e-05,5.02119521802908e-05,2.276668651663045e-05,1.5227677313788118e-05,3.0479037878091266e-05,1.1679612996000518e-05
PWY-5667,3.6604322577751474e-05,8.170688484954297e-05,6.711689202391823e-05,0.0001319732188804794,9.510395894993857e-05,9.967896861992472e-05,7.37303484012607e-05,9.628596692372904e-05,0.00013314629022812325,5.782314537990555e-05,9.396053776720467e-05,0.00012639618979633634,0.0001077969897333643,0.00011450310595958378,5.6455843353868986e-05,3.983354014403127e-05,8.577527784278438e-05,6.579722956157494e-05,9.08210092636978e-05,6.612794624935044e-05,6.426915956201e-05,5.6204442967258386e-05,5.448420758200818e-05,9.400324756859509e-05,0.00010773368871121304,6.316465194180552e-05,9.392012848436573e-05,7.388905864666765e-05,0.00012259571339401926,0.00010215847081383713,7.443148495928777e-05,7.933084967181004e-05,0.0001018807247084798,5.4302603345619975e-05,8.638606066763545e-05,0.00011839090501662213,0.00011188881164531892,0.00012989005473967123,9.627867488198029e-05,8.483712556800111e-05,9.747006018340307e-05,7.778265242502244e-05,6.724701537604133e-05,0.00013179615947341526,9.566286281940328e-05,0.00012051025260100939,8.560001098049599e-05,6.0204342608462943e-05,0.000119576515857355,0.00012321123656904468,0.00011187920021529487,0.00010031318946921118,9.032782032011108e-05,0.00011164453825480266,7.715685315626724e-05,0.0001005307322907946,0.00010104427856027923,8.896647229469013e-05
PWY4FS-8,2.9515460138931577e-05,3.437665216327831e-05,2.9813063866522674e-05,0.00013254835750195812,2.6568733465705733e-05,3.1341518449784694e-05,1.701984823584585e-05,2.3528659390270364e-05,2.520910994616624e-05,2.7966270009528733e-05,4.066146954048334e-05,2.759511615449782e-05,7.368490477553728e-05,6.743454182638529e-05,2.5112154101143507e-05,4.1933871469759196e-05,2.7811559484064626e-05,3.3911656323525944e-05,1.2358291426515967e-05,1.6490445238764317e-05,1.809825590392976e-05,5.9841872258152316e-05,2.2753458248150902e-05,7.695481988605764e-05,7.966421462608764e-05,1.5311034959593058e-05,3.4968038352939695e-05,2.1537131922222784e-05,1.7001899076171245e-05,2.9837383692961625e-05,6.709401724077209e-05,3.0199989590739804e-05,4.6185785638909424e-05,2.2970834609467446e-05,2.1047849983888026e-05,2.8819087048950804e-05,2.269466115647237e-05,5.9722164120394075e-05,4.223439310479266e-05,2.483899315187362e-05,3.7450520862122586e-05,5.742147463514161e-05,1.5195263457205253e-05,1.7918785507209523e-05,3.684780552546074e-05,3.196638057465532e-05,3.108171643419821e-05,1.4524700084498935e-05,2.253779082501517e-05,3.3464579054433536e-05,2.8301589199398867e-05,6.559631922118631e-05,3.150351921878853e-05,3.0170272602022797e-05,3.295660699989681e-05,4.3661978823826524e-05,2.089717426593742e-05,6.32818760203508e-05
PWY-7196,1.79746066293199e-05,4.579559526208828e-05,3.279178173889417e-05,1.3704692976993093e-05,4.867693137552291e-05,1.1804136063223547e-05,3.9540250301859145e-05,5.137419135396022e-05,8.27001170564395e-05,3.956038272241289e-05,4.262121553538757e-05,1.0196509204500021e-05,5.562084213430969e-05,4.171962952262223e-05,3.525656747745572e-05,3.383111504074122e-05,5.487562818024288e-05,2.6678384395626428e-05,2.3447601262249635e-05,1.3407642602932848e-05,3.576499680029602e-05,1.8150198926618343e-05,1.1832472094784351e-05,1.9278180352970877e-05,3.766246525889777e-05,2.8849339177867e-05,3.710479858824693e-05,3.7119097047501364e-05,3.0780805971699055e-05,4.419646038863563e-05,2.831606942576891e-05,2.610231490609607e-05,7.383628566986785e-05,3.309356477531385e-05,1.7684344396398907e-05,5.454496397668161e-05,6.1379073836787e-05,3.0345711968540105e-05,2.4948765506655432e-05,1.1997615664469794e-05,3.412848466302894e-05,1.6065073445068416e-05,2.8952962081242675e-05,1.4128704385957815e-05,4.372951955991416e-05,3.853283701414421e-05,2.703411000688412e-05,8.144263359185715e-05,3.907822231720679e-05,3.61489929979797e-05,3.3333006226802474e-05,4.3742486450401874e-05,9.018420311183643e-05,3.86591158346488e-05,4.095924464964083e-05,2.4827152385014358e-05,3.338591304994485e-05,9.140040048550544e-06
PWY-6545,1.6016962924009796e-05,4.0513206952998355e-05,3.0356238117030822e-05,1.2786565383852199e-05,3.1680822549156725e-05,1.0744929682339178e-05,4.9792271675916064e-05,4.1451862190793255e-05,5.8969789435519936e-05,3.849108224318336e-05,3.895260521292882e-05,9.478064148430586e-06,5.477374329040718e-05,3.7985548404007945e-05,3.7499456160693055e-05,2.8800095869016514e-05,4.96435936923421e-05,2.271970733161752e-05,2.102388814080221e-05,1.2664872258412605e-05,3.160722199522852e-05,1.7225988447090337e-05,1.051800030217374e-05,1.726762589218371e-05,3.149481846501e-05,2.433681531487512e-05,3.114468005726885e-05,3.374703332108966e-05,2.793579880042177e-05,3.710525977196568e-05,2.619882451299611e-05,2.3870628929445473e-05,7.16714137771086e-05,2.9891883575586214e-05,1.605908483331999e-05,4.51019265879512e-05,5.7590960349711656e-05,2.425857876562526e-05,2.159203995311701e-05,1.1405171003299748e-05,3.073804631050098e-05,1.3613290388494814e-05,2.0550551156549177e-05,1.3362474626654209e-05,4.149034794375778e-05,3.44690751192314e-05,2.583032762738341e-05,6.745239444158576e-05,3.809281747569759e-05,3.0756035982425544e-05,2.7288605472991826e-05,3.850249104876789e-05,7.457258869551866e-05,3.228202699069316e-05,3.689787314645475e-05,2.279535929594807e-05,3.0241695188985138e-05,8.439236946333338e-06
PWY-7184,1.6165492588204867e-05,4.393047104570139e-05,2.9313604717537647e-05,1.3118770924123191e-05,3.3352963973601966e-05,1.0869072459772288e-05,5.0990701353633784e-05,4.698426682436512e-05,9.547407168084994e-05,3.42727081353038e-05,3.9927080804778496e-05,9.635293122036644e-06,5.6406750236113436e-05,3.959242956994634e-05,3.8958008113176196e-05,2.9920900148424282e-05,4.9447797590045465e-05,2.3642759071751447e-05,2.1225004794761875e-05,1.2742270988059247e-05,3.364734167618942e-05,1.7206757858000298e-05,1.0379808729786218e-05,1.731995838538154e-05,3.187932173290561e-05,2.48281294491959e-05,3.1981318246062686e-05,3.410135751346053e-05,2.7568589832412595e-05,4.0393877944961344e-05,2.5980011819124464e-05,2.4013854129475496e-05,7.491044125866181e-05,3.343985813825552e-05,1.610527371113605e-05,4.541974976361756e-05,5.868799622005795e-05,3.0239560232149577e-05,2.189607838636579e-05,1.1413954924191882e-05,3.110454468790645e-05,1.2991005122588648e-05,2.1127341990335895e-05,1.3440218970423572e-05,4.081037045256607e-05,3.7492516135622326e-05,2.5864593458545257e-05,8.164561686462888e-05,3.8517137005334694e-05,3.409270243581492e-05,2.681392673910919e-05,4.037375806024208e-05,7.69529226646666e-05,3.3647740807500926e-05,3.8440523817140174e-05,2.3191859155701876e-05,3.031877997846644e-05,8.331774484667998e-06
PWY-7198,4.6812246955392115e-06,9.672363241567752e-06,4.269076570826092e-06,5.738417425588085e-06,3.978548506823813e-06,4.598221839781916e-06,3.3514486883570136e-06,4.485720821981707e-06,3.364805230442371e-06,4.614225578607744e-06,1.9122562751452003e-05,2.5490339198720013e-06,1.226181669344314e-05,3.0240627923986803e-06,5.279476049999699e-06,6.331165534765866e-06,5.419482413862064e-06,6.026574405986009e-06,5.658912319898921e-06,5.241286505197521e-06,3.825763317073387e-06,4.63678623496651e-06,4.692013326515589e-06,4.726035869604194e-06,5.7390272510627265e-06,5.125171474548869e-06,4.08338404868022e-06,6.012786359005385e-06,8.758825005124383e-06,3.6666460949304906e-06,5.144922390039853e-06,5.462832679700664e-06,3.1680668057093647e-06,6.130166104116977e-06,5.415056143803558e-06,3.0378880979715935e-06,4.019924565445465e-06,4.064664948123672e-06,5.219331318106205e-06,2.6654040767882564e-06,6.026934322269138e-06,4.692375844863315e-06,8.778472933720124e-06,3.9359183500542446e-06,5.958553597181349e-06,4.0260290659338775e-06,6.602178128030247e-06,5.068326055306336e-06,3.971748999411569e-06,4.196678576166606e-06,4.9192259049563224e-06,4.2423404838302494e-06,4.1328602017643225e-06,5.369856397045099e-06,6.0734301330327955e-06,5.505776163959777e-06,5.201447809786905e-06,5.113138492683484e-06
PWY-7210,5.3880122144680005e-06,1.1624275344828446e-05,5.360209199716571e-06,6.148052093719865e-06,5.006617656142139e-06,4.951297578993274e-06,4.338679529406232e-06,5.716663460287472e-06,4.415321333723524e-06,5.884339585354504e-06,2.0754419559091304e-05,2.969248704751975e-06,1.5054864430753827e-05,3.887048884492417e-06,6.589197948155987e-06,7.608550320304018e-06,6.880082249087103e-06,7.1460014298640116e-06,6.612063505120753e-06,5.7110468223985365e-06,4.831304867513789e-06,5.41372339685371e-06,5.038761254315019e-06,5.539131123992543e-06,7.0695689441325395e-06,6.2357211880282575e-06,5.10549164345374e-06,7.400271554380061e-06,1.0129694562998301e-05,4.688123784580322e-06,6.250731613568527e-06,6.492708193538912e-06,4.151831008139821e-06,7.490029401751142e-06,6.100589500460331e-06,3.930480483553053e-06,5.189320999015236e-06,5.062792209526121e-06,6.183257426680424e-06,3.1481285401699514e-06,7.360065520925445e-06,5.375102203188077e-06,9.615791173212208e-06,4.517706010365174e-06,7.483869658086325e-06,5.1090696757977205e-06,7.746839885929439e-06,6.6247802481950505e-06,5.033655598577116e-06,5.249133932138583e-06,6.017654593169149e-06,5.39286005037942e-06,5.405719229825242e-06,6.604478190688599e-06,7.496874328785902e-06,6.510342251111337e-06,6.416204683094029e-06,5.212589289153322e-06
PWY0-166,1.8634291067478474e-05,4.810981612950242e-05,3.0066123230698506e-05,1.4706610228710474e-05,4.275144804056303e-05,1.2428819377421336e-05,5.440468598070173e-05,5.166357658975677e-05,0.0001002032215788413,3.2556424256410905e-05,4.273113356659897e-05,1.0711756350697577e-05,5.582481621220353e-05,4.309922666324616e-05,4.25770062061761e-05,3.466545705238741e-05,5.380886456517687e-05,2.7090451862837817e-05,2.382044703498669e-05,1.4157763383210737e-05,3.663104700008516e-05,1.8950515907382515e-05,1.1749984714387114e-05,1.9009120676757558e-05,3.472987969649657e-05,2.6743499584476125e-05,3.663763828479314e-05,3.69008635315241e-05,3.0257687413661473e-05,4.3874060698338974e-05,2.8194724524855226e-05,2.73579699226415e-05,7.588133570434953e-05,3.7038442753686483e-05,1.8294150209264567e-05,4.901876428062741e-05,6.409063740758473e-05,3.332876491769825e-05,2.471774777692386e-05,1.276923254459347e-05,3.34616454217152e-05,1.3780279195250403e-05,2.5560578221779725e-05,1.5054246648134078e-05,4.1392723863501115e-05,4.006236122719778e-05,2.8934007563824066e-05,7.776077077163363e-05,4.232073903007936e-05,3.910069744767637e-05,3.0016463310839714e-05,4.3588626933390934e-05,7.848726067922679e-05,3.840321569878659e-05,4.2666277091365404e-05,2.5989133667469957e-05,3.281442946731287e-05,9.254761732714089e-06
PWY-1269,2.6621085049766486e-05,2.071153126530902e-05,1.2712528630086771e-05,7.783116646061545e-05,2.029170551135338e-05,1.4101152124441246e-05,3.316576815894011e-05,2.8018151774149192e-05,4.6934459112007514e-05,1.5987951026020425e-05,4.145018209884518e-05,1.2647886619909017e-05,7.152182325516979e-05,3.6125923607719816e-05,2.1084104507120544e-05,0.00010353214117516719,1.9181493218803755e-05,4.16362235832135e-05,2.4259745976498827e-05,1.3486636835351374e-05,1.681751304581517e-05,3.88382378026474e-05,1.7330786768086256e-05,1.3479006633229245e-05,3.3061825036539806e-05,1.801810188923115e-05,2.3004584654508517e-05,2.5245158650992686e-05,8.588940044410455e-06,1.75217071823951e-05,2.3672893975771705e-05,2.8469259114479023e-05,3.6173210827661306e-05,3.839987887966333e-05,1.774323245222474e-05,2.0599872949218798e-05,2.4542885989367494e-05,4.06490083756238e-05,3.608782023919283e-05,1.847863464941566e-05,2.930512605060519e-05,4.704742863531674e-05,1.516332309142756e-05,3.743124833866373e-05,3.196879258135434e-05,4.473724321227161e-05,2.5853979238670448e-05,5.091911733344327e-05,1.2952289558671319e-05,1.0998569883062478e-05,1.8499054014988968e-05,5.101593813947878e-05,1.898906286055885e-05,1.6918605440913183e-05,2.787473520427064e-05,1.2876183929582495e-05,1.325750077219674e-05,3.892116272009554e-05
PWY-7185,3.726093324531575e-06,7.246004483325732e-06,3.105878908326035e-06,5.1150870627263005e-06,2.8232070454122585e-06,4.044258709474621e-06,2.3133091464761755e-06,3.15335763544794e-06,2.278821492197202e-06,3.3405272743451385e-06,1.708473403560657e-05,2.0042268370057434e-06,9.303821272311838e-06,2.096859958943958e-06,3.7805012144725034e-06,4.766926208500298e-06,3.8283959131172916e-06,4.660673537683733e-06,4.429538643771321e-06,4.560343956106302e-06,2.7124223377480005e-06,3.6297119297928408e-06,4.203976664586136e-06,3.7360248440838997e-06,4.233762385056237e-06,3.872294526513459e-06,2.9277865520546917e-06,4.411430923583682e-06,7.069679330955725e-06,2.5686464531428886e-06,3.857033908730452e-06,4.16625360361537e-06,2.1539526541282235e-06,4.489656338032322e-06,4.441817348645178e-06,2.1018170347988348e-06,2.7719701409481344e-06,2.924437677361325e-06,4.024353371527761e-06,2.0515125097874214e-06,4.504944360214584e-06,3.974644458225822e-06,7.575781383364836e-06,3.146230518948976e-06,4.327406503697021e-06,2.8424499326013167e-06,5.119717855169371e-06,3.4751593488532626e-06,2.8004405167360982e-06,2.985658643001242e-06,3.6597490987372057e-06,2.979866682145057e-06,2.8285424280180306e-06,3.9238527200687065e-06,4.409956494980724e-06,4.226253412763708e-06,3.836950250142634e-06,5.28013457011693e-06
PWY-6731,1.3334776187189537e-05,6.783097244958739e-05,3.5014622643694396e-05,1.0044803387885656e-05,6.058112871798745e-05,4.072985450456502e-05,4.622045021472587e-05,7.337653481946908e-05,5.943490225708373e-05,1.0786839856634469e-05,7.470072193239233e-05,3.636863729520773e-05,9.41416602794393e-05,4.1512899243283134e-05,2.0999965573417202e-05,3.1234154358477714e-05,3.5920770475169533e-05,1.7303520165667423e-05,6.084152130077977e-05,2.3218432021358453e-05,4.061532943953726e-05,2.3055428670076068e-05,1.2148058871134909e-05,5.068566067795491e-05,1.2078082926908306e-05,1.391965068925608e-05,5.890029800956321e-05,4.072927162780855e-05,5.641423270176292e-05,3.8021741784050336e-05,8.478220321559293e-05,3.586524361351873e-05,5.8167306667294566e-05,1.91771984199974e-05,2.4677585395521257e-05,4.985926275836971e-05,9.815453232393189e-05,0.00010965029015844841,6.221319569014174e-05,4.594052743734471e-05,4.532836372611439e-05,3.570441866453382e-05,4.195984968164147e-05,8.23539287731847e-05,2.0351327457831245e-05,9.939070378290693e-05,3.1001334442735696e-05,5.3562508674089415e-05,1.3387514605848337e-05,2.6699116422125453e-05,4.462885953995014e-05,1.264143648961162e-05,3.999421644236625e-05,2.0568166065043254e-05,3.8950305402705544e-05,5.731710318511657e-05,4.273892654699132e-05,2.8346240936302687e-05
PWY-7200,1.6632257410882648e-05,4.278618390356886e-05,2.784286806433719e-05,1.2244263951986605e-05,4.936022068343241e-05,1.061211856006195e-05,1.8435346686342956e-05,4.833958805465941e-05,8.094050477568927e-05,3.165611291778752e-05,3.8641631088716094e-05,9.08301298861922e-06,4.763037988486742e-05,3.870276825520342e-05,2.4789513137965417e-05,3.0428170558694732e-05,4.072793182885904e-05,2.5973986410781697e-05,2.1201173491040418e-05,1.2182581905384892e-05,3.226069943887799e-05,1.6279796985216004e-05,1.0743763789284962e-05,1.7146649360633358e-05,3.53045054789866e-05,2.4417851472214388e-05,3.464256516747208e-05,3.3071841153901756e-05,2.743912553676521e-05,4.145980381911111e-05,2.6057478753680767e-05,2.416051497360461e-05,6.847463136505875e-05,2.8296163748367298e-05,1.5836268042922804e-05,4.7367585619863565e-05,5.443031134369207e-05,2.7454988331512203e-05,2.2229715586746986e-05,1.0793078592616522e-05,2.935241473553101e-05,1.3401529390100273e-05,2.7046409345992268e-05,1.289317800494307e-05,3.565206612414154e-05,3.4756665347948744e-05,2.494804794609337e-05,7.188463925854294e-05,3.8200171516355684e-05,3.36735738193055e-05,2.985619574346655e-05,3.999504072277972e-05,7.672004900218509e-05,3.566184642874899e-05,3.725155308206945e-05,2.257896232188294e-05,2.9894685302768155e-05,8.116906989650598e-06
PEPTIDOGLYCANSYN-PWY,0.00011385811641738152,0.0001223042473896229,7.728725598802445e-05,0.00011436033314142563,0.0001086711771973822,0.00011254088622265063,0.00013679068582365413,9.960819757521525e-05,0.0001684272352352624,0.00010961800960944331,0.00010612428262438421,0.00010162907764694218,0.00010442696898955306,9.604562185660487e-05,0.00011410996306956334,0.00015118427519319566,0.00011382273886114823,7.70532901148319e-05,0.00011042179692900489,0.00011082777148497073,9.723169078405451e-05,0.0001146805888743741,0.0001112283927125112,0.00011706390887673533,0.00010844751486481258,7.901733520156962e-05,0.00012415237665901551,6.852534940770931e-05,0.0001126450563456045,0.0001103838955289943,0.00013513307741778088,0.00010597183093855882,0.0001360916581947085,6.109718607764418e-05,0.00011925228050999662,0.00013707100825935932,0.00014073367717248606,0.00014658734222950133,0.00012504955789484085,0.0001173318415410458,0.00011129140659034527,0.00011038914349710746,0.00012480928972603467,0.00013226935466077397,0.0001169755801851291,0.00011868682531534777,0.00011211218222511792,0.00011830718427895924,0.00010381570780201797,0.00012739216596711612,0.0001130298152579808,0.0001510386996453919,0.0001232139781448393,0.00014600980501787084,8.7830939464526e-05,0.00014372394883566415,0.00012755076558147892,0.00012434806331658958
PWY-6387,0.0001113731195873237,0.00013560728622465253,8.050307094778249e-05,0.00011777471767167738,0.00011562404310414039,0.00011477405187507556,0.0001443317137341571,0.00010580595690385355,0.0001803605177530655,0.0001104094256562763,0.00010999234699196524,0.00010702167129067546,0.00011246949829700476,9.666833193154122e-05,0.00011566603014123021,0.00015865058050291018,0.00011891188623704229,7.875851487451888e-05,0.00012162345491580153,0.00011000482397811585,9.716552642263908e-05,0.00011796244607571161,0.00011489988957552202,0.00011378333165241933,0.00011373112612149107,8.120932885434889e-05,0.00013378014591968623,6.676397013658439e-05,0.00011941710550782456,0.00010851274782830736,0.00014944843097812585,0.0001104934513295506,0.0001395502945072919,6.456266875938551e-05,0.00011837342122896326,0.00013724936408327656,0.00014379728240937652,0.0001449276445627895,0.00014115747516577475,0.0001206371645185761,0.00011431117790840964,0.00011390009695762451,0.00012878605329424782,0.00013232767019215574,0.00012142030279146332,0.00012030392541337282,0.0001119865856213719,0.00011959430950558514,0.00011701957246740024,0.0001305444356672093,0.00013399021401437402,0.00015171494770017022,0.00013323219964409677,0.00015315357769563357,9.5753898555492e-05,0.00014053741692709779,0.0001231412841064336,0.0001250908767320586
DARABCATK12-PWY,1.5579144668634365e-07,1.3065539506630453e-07,1.2319676926240212e-07,3.2608112661853583e-07,9.02854352239354e-08,9.459155303548037e-08,1.694597498014483e-07,1.009533249816235e-07,2.2061447221762268e-07,1.1162693004416329e-07,6.026200799835352e-08,1.405910094050276e-07,4.894881653713087e-07,1.7549398160432493e-07,1.4540429399764335e-07,1.6268375673692313e-07,1.8520296502207778e-07,1.34282152849371e-07,9.354734243017368e-08,3.1303794445182406e-07,1.4987043667383932e-07,1.286254073965001e-07,1.3807989815282187e-07,9.795158849613143e-08,1.1187596444483086e-07,1.335380320681676e-07,1.551164954983749e-07,8.621004072669699e-08,1.4435577279900813e-07,1.087389879721771e-07,1.2109368260401729e-07,1.959991329029125e-07,1.1695110383778976e-07,1.6398196231950836e-07,7.82017727490289e-08,1.1292021940108009e-07,8.441270717360885e-08,9.502660110979718e-08,5.1244683090242687e-08,2.914212163678846e-07,1.012024136405936e-07,2.8748131301510506e-07,1.2117638987617703e-07,1.4296844161445819e-07,4.4301195795218515e-07,7.011436342522892e-08,1.279767138431766e-07,1.161471962328513e-07,1.5389432558062473e-07,3.283409033763211e-07,1.1313457857020308e-07,8.43739448621073e-08,1.6819103794857947e-07,1.416414234945511e-07,1.8995619196456265e-07,1.5072393379879033e-07,1.2103002064356704e-07,1.2726039885373176e-07
COA-PWY,9.483673204327386e-05,8.929994524341171e-05,3.654212394905628e-05,8.119125357230462e-05,6.989426882846007e-05,9.587119420972196e-05,9.697203678333105e-05,7.838034225087829e-05,0.00011887111740516875,9.396045476799487e-05,9.627062250550024e-05,9.84927535122842e-05,7.011835949337144e-05,9.450521269541752e-05,4.456546895589386e-05,0.00010779536026771107,8.029820750962095e-05,4.5197332943699365e-05,0.00010769792543474546,9.202718861206906e-05,5.451017746479423e-05,5.3229504557034955e-05,5.2217034066696484e-05,7.964361053446167e-05,6.231440310531756e-05,4.862944426741991e-05,0.000140400894371934,4.7322863329496e-05,0.00010247153992610806,9.19757063258973e-05,0.00011198576938838713,9.043909906527324e-05,9.685812716736877e-05,7.444654938677708e-05,0.00011290912791715204,0.00012380871155766394,0.00012386106591325363,8.671343496716097e-05,8.811545224176988e-05,6.556327131072624e-05,9.597520009980224e-05,6.003138855526898e-05,6.909181440021651e-05,0.00011804407937252914,9.38421514295876e-05,8.922088049493677e-05,8.948047282992816e-05,5.8788293294941685e-05,9.970050320056341e-05,0.00010341742803158435,9.275642179471402e-05,7.914866826950784e-05,6.690466775166455e-05,0.0001099483899781786,6.056149559297307e-05,9.939785418842339e-05,8.564281007545685e-05,5.2786671442623045e-05
COA-PWY-1,0.00010412816621798315,9.902378865487184e-05,8.518620972773436e-05,9.758360833598362e-05,9.720064370923342e-05,0.00012276461941446265,0.00010888383255221175,8.629885256356325e-05,0.00013050940609277291,0.00010063704040570525,9.693743701035467e-05,0.0001174339310945662,7.973413523818834e-05,0.00011560732619566536,0.00011325625934932446,0.00011633671419444345,0.00010238530875252248,6.705741775509739e-05,0.00011693032742710035,0.00011748440925814369,8.652927082848332e-05,8.673785339600528e-05,9.32923247985094e-05,7.938120545608287e-05,8.641481211039258e-05,6.660701568285577e-05,0.00013881113605068257,8.87079383099307e-05,0.0001206149005455936,9.95916048356925e-05,0.0001306700424477773,0.0001101142429500966,0.00012285561368577963,8.179386462362515e-05,0.0001228650657691058,0.0001344855022339678,0.00012535897042388876,0.00010009218517263024,0.00013335461690297434,0.00014528034763481093,0.00010084128248612842,7.991262850206647e-05,8.437288184831628e-05,0.00011989469689414867,0.0001058969034054971,0.00012423602429960032,0.00010570492717742405,8.361873920146833e-05,0.00012272702711851129,0.00010815615441243611,0.00010157506912975821,8.420235537092513e-05,0.00012380009112575432,0.0001366233846058004,7.227566797503409e-05,0.00012967793330528402,0.00011837510816810889,6.79635954165265e-05
PWY-6125,2.1902436486390087e-05,5.377757844062719e-05,3.99295313022373e-05,1.6797972445695283e-05,4.4537318680071485e-05,1.438278724895878e-05,6.28873366489756e-05,5.2566786634503966e-05,0.00010949794673187497,4.702461412524043e-05,4.819392926968458e-05,1.2713750685615298e-05,6.549612465648461e-05,4.801737638876258e-05,4.8780954235411964e-05,4.0230481741913036e-05,6.118151116016821e-05,3.2165383955567794e-05,2.7576797767003026e-05,1.6553787388206237e-05,4.175668608789338e-05,2.2886545848212842e-05,1.4001446897784419e-05,2.342155098457681e-05,4.2388614830159564e-05,3.2291898662297876e-05,4.198297033575478e-05,4.3346874134261734e-05,3.6901077665101426e-05,5.1719218540899946e-05,3.415689028932033e-05,3.075494474935257e-05,8.469557379405223e-05,3.980794514841282e-05,2.129856445558208e-05,5.920276313679564e-05,7.064345544258067e-05,3.841762443665657e-05,2.900012060211301e-05,1.4927116362885444e-05,4.135980822530336e-05,1.855554430047552e-05,2.9900006961180596e-05,1.7536753124242362e-05,5.11954836494551e-05,4.783988119485337e-05,3.227322633057749e-05,9.989996968329257e-05,4.784264878847183e-05,4.2224990493512765e-05,3.627612357696354e-05,5.3582010253197125e-05,8.883243546394427e-05,4.3640336468221193e-05,4.683480243484961e-05,2.9711229877404178e-05,4.0127565622178235e-05,1.1285450197264909e-05
PWY-7222,1.4149099264133649e-05,3.960682762289401e-05,2.762262521710106e-05,1.1403559258607844e-05,2.8327249932938805e-05,9.424922221607989e-06,4.7147984056405224e-05,4.268921795252203e-05,8.821206447467134e-05,3.4160985074230165e-05,3.6435152672601476e-05,8.435282254274975e-06,5.416321759626913e-05,3.588054165175877e-05,3.49769189198627e-05,2.6650397321955353e-05,4.56335221124599e-05,2.1429057871814817e-05,1.8772096301787643e-05,1.1174717453131544e-05,3.044726179844293e-05,1.5240204962783777e-05,9.152766158088906e-06,1.5547668985266362e-05,2.9439140268842813e-05,2.2832397780950124e-05,2.8440650558526726e-05,3.12025072612026e-05,2.5094379947258694e-05,3.698219478389457e-05,2.3493189861861876e-05,2.1160607707168764e-05,7.119906137104635e-05,3.013547645281987e-05,1.410730906507091e-05,4.1970515568876647e-05,5.3464180789108024e-05,2.682530351369728e-05,1.9399234815585557e-05,9.962244865464865e-06,2.843931334275452e-05,1.2023916285019923e-05,1.8681087675356378e-05,1.1730767828869562e-05,3.853812864207993e-05,3.431911465971088e-05,2.281204572613054e-05,8.219118134798215e-05,3.456619122519589e-05,3.00318923993999e-05,2.4273424189679492e-05,3.711199137851239e-05,7.556693998234775e-05,2.9802434228971418e-05,3.4443000497654254e-05,2.04137417339787e-05,2.776080982673036e-05,7.341073789675598e-06
PWY-7228,2.6365340000931353e-05,6.191761607595232e-05,4.7050419647753686e-05,2.092903859712199e-05,5.4623785104093786e-05,1.779954701233577e-05,7.084069299954396e-05,5.759596116451719e-05,0.00012330548695000559,5.4748204167567406e-05,5.5320609001890616e-05,1.5936372222262274e-05,7.368265673266645e-05,5.4875935532387234e-05,5.734699158477353e-05,4.5763524154905706e-05,6.755897782740735e-05,3.56501968742252e-05,3.294594094532678e-05,2.0520961692476552e-05,4.8258791847502164e-05,2.8257493975244763e-05,1.69122455072117e-05,2.821097170421074e-05,4.768812849838417e-05,3.70098809697359e-05,4.8279882740494636e-05,4.9589784714227e-05,4.268095941582905e-05,5.892869883911818e-05,4.056329042734585e-05,3.6151252079766234e-05,9.36595690238244e-05,4.482255444814649e-05,2.586203948364936e-05,6.693789630163022e-05,7.927661409266423e-05,4.627882176101469e-05,3.4465759527209846e-05,1.8620607189215764e-05,4.8556133670896936e-05,2.214010361071055e-05,3.3469246236072115e-05,2.1815044967852975e-05,5.923415755647807e-05,5.570086717314944e-05,3.839220917677625e-05,0.00010932479922676803,5.57397758007857e-05,4.8664837064351177e-05,4.1546944565447355e-05,6.170239919476291e-05,9.204680354486893e-05,5.0739153324590434e-05,5.3699475708741166e-05,3.581746430062257e-05,4.645427896132333e-05,1.407497809719364e-05
PWY-6168,5.772988241149615e-06,4.436701335080808e-06,1.0818704434596577e-05,7.757517431042097e-05,1.279002139757193e-05,1.3023663407169027e-05,3.415073931173114e-05,5.025252385566296e-06,2.3021974721538266e-06,4.904898101288853e-06,5.997772271241369e-06,1.3139933802470815e-05,4.944730998847225e-05,2.650525729089551e-05,1.0949855362109004e-05,1.0122914599436942e-05,1.4017062536033643e-05,4.2202725082848486e-06,3.838670171429052e-05,1.220140710358323e-05,4.003492836168203e-06,1.3878284964879969e-05,1.097278680402009e-05,1.3585245730376673e-05,1.7688409780245697e-05,5.799991279180086e-06,6.770451195065095e-06,5.864212168809388e-06,1.3270299321623243e-05,5.964222516673995e-06,4.449862831929821e-05,1.2014525724719311e-05,2.5571515435693184e-05,1.0345094664179895e-05,1.2753257746267927e-05,4.5610460938375905e-06,6.261375133432629e-06,1.6502985421470992e-06,5.947636680280103e-05,1.67835373543028e-05,5.8749134613287164e-06,2.7175980349460192e-06,1.2945224036271523e-05,3.7497615034090067e-06,2.4728076472177933e-05,5.623629125845715e-06,1.2780123064289939e-05,5.899037257960873e-06,1.3025242779885542e-05,4.296102782730701e-05,1.2963497636487093e-05,3.4658301824585364e-05,6.053857940355276e-06,4.395429439857123e-06,1.2232331592120741e-05,1.7622289497303423e-05,1.2233779216936109e-05,5.970677347534689e-06
RIBOSYN2-PWY,4.0743441631766584e-05,7.023872036087718e-05,3.498767279119337e-05,8.768937311493766e-05,7.772860235176017e-05,8.921537030693685e-05,7.833918619587938e-05,7.091020796810285e-05,0.00010658112496544058,7.845925643404174e-05,8.591347591671751e-05,9.448538366205937e-05,5.902909877783795e-05,5.0988521497281956e-05,3.1189182553522655e-05,2.773614981634575e-05,7.032375811178045e-05,5.759371784302507e-05,8.181913494801176e-05,5.684032191540423e-05,2.3249195381267433e-05,5.956461121956185e-05,4.409309116920166e-05,6.005737216917066e-05,5.9472108264474814e-05,5.438117554628788e-05,9.458703461643776e-05,6.0465678801436926e-05,0.00010306927924230591,7.460606081203691e-05,7.324412839386155e-05,5.341934529490843e-05,9.26001084187538e-05,3.029705091024593e-05,7.685474057188304e-05,0.00010338622622895132,8.455936024608676e-05,3.9151285945624416e-05,9.099968883472662e-05,3.862159855135776e-05,5.102802104956514e-05,6.313773498525853e-05,8.433590607031551e-05,4.143857277878977e-05,8.835528097178367e-05,4.010534671916581e-05,7.585965388651921e-05,5.564612556087968e-05,7.350950916864475e-05,8.580138797821555e-05,8.474705670256747e-05,8.754538931669595e-05,5.667418705732075e-05,9.807980165021756e-05,6.053149360481644e-05,4.156560952282346e-05,5.936583930754475e-05,8.032022125207508e-05
DTDPRHAMSYN-PWY,0.00025197810988696957,0.00016736112368349675,8.221417644834317e-05,0.0001415263264452429,0.0001258035077153602,0.00016385219142005245,0.00017288523036365915,0.00013401017742655652,0.00031803454181394264,0.00017970524508216385,0.00017027547759455774,0.00012257197076494754,0.0001819616663273915,0.00013040716826765374,0.0001204927331364296,0.0002260716029004502,0.00012316541654732325,9.74534655909679e-05,0.00014314785392615303,7.063945050870277e-05,0.00013619299291855926,0.0001588353312205852,9.608375035173839e-05,0.0001586895571158358,0.00013193332426293103,0.00010380476954472452,0.00017328038303471318,0.00010616055621791241,0.0001674320045180307,9.980374455254534e-05,0.00014496673845172076,0.00011746804592625761,0.00014680046767324883,0.00012996230383840231,0.00015096692581715912,0.00020804157943604616,0.00017591517073156136,0.00015840584071756907,0.00014921959976125875,0.00011525990742565496,0.00011116643619684336,0.00020490923596933337,0.0001283918093806556,0.00011640557274271783,0.00013200785562625598,0.00014290032191109926,0.00012679812347949262,0.00013147720873800067,0.00012965067822652513,0.0001128495956723058,0.00016049682512393626,0.0001944916576568928,0.00011933801695041259,0.00015125240119716985,0.00016774165670568723,0.00010524288279410298,0.00011177894905790767,0.00021051864704409404
PWY-6892,5.588620615937891e-05,0.00010197009784218569,1.423826850998433e-05,4.8290369468587886e-05,7.392347603938688e-05,5.375618018047914e-05,5.486772344844661e-05,4.311839023872523e-05,7.859162470200918e-05,5.126040223866504e-05,7.116110968685288e-05,5.288857851980034e-05,4.693815848816498e-05,6.15953518523072e-05,2.62209130622614e-05,5.4357535485296914e-05,4.586988761464042e-05,1.1267920965980231e-05,8.750812963663918e-05,6.240228395813534e-05,3.848741909456294e-05,2.1075187816878366e-05,4.2316660299430536e-05,4.878642819575519e-05,4.293458252121275e-05,5.180283063359512e-05,6.796376617683927e-05,3.687905398618092e-05,5.536546206676166e-05,3.4247712202623956e-05,7.512348472833963e-05,3.803352950115231e-05,4.255713819641711e-05,2.8533888317914283e-05,5.020471713113589e-05,5.4870462189343155e-05,9.518449977453502e-05,7.037769023636932e-05,8.592418169075981e-05,1.7406127018228677e-05,6.552114172765743e-05,3.3352454780675326e-05,6.672639530962858e-05,0.00010276364334578685,5.6678841499317936e-05,7.809916814502472e-05,4.6353213485010995e-05,2.0919103511592663e-05,2.647233067088421e-05,4.2021219305844355e-05,7.43301808467996e-05,8.615545985884286e-05,3.5648786919230293e-05,2.290719883030276e-05,4.147872950731184e-05,8.621937101972115e-05,2.4403259626087583e-05,1.98536581776417e-05
PWY0-845,1.2430362384861278e-05,3.4477694654340054e-05,1.745129190452338e-05,4.7800011962911154e-05,3.231823358540554e-05,2.5578859907166447e-05,4.016098837547326e-05,2.5960711669653783e-05,6.466609461333089e-05,1.5954668218185873e-05,3.7815930198372765e-05,1.8140044236449616e-05,4.7752351512616784e-05,5.6527564947248755e-05,2.0296274831343484e-05,1.4892927613917293e-05,2.822216408037483e-05,1.7647736431286167e-05,2.6849764508995013e-05,1.5618667529908582e-05,1.5865720058912027e-05,1.8025769211451023e-05,1.4201851085767391e-05,1.5151627470158324e-05,1.1252084527120678e-05,1.4010352516167222e-05,3.211376762536489e-05,3.1802294439060256e-05,1.3501515102369179e-05,1.9619002308873365e-05,4.610490690906348e-05,1.67659826505311e-05,5.491086556925737e-05,4.03208584487293e-05,1.7776680844508475e-05,2.0379052846732987e-05,4.9238741138723586e-05,5.3638135851595276e-05,2.2402819411850415e-05,2.1259660449290263e-05,1.6590840212798437e-05,1.1646248941678213e-05,1.2123797632924034e-05,3.842566639256788e-05,2.3741587432048715e-05,5.9468824022434746e-05,2.5577582793783535e-05,4.116605319786926e-05,1.767981957893778e-05,2.208628034703329e-05,1.4281166103619751e-05,1.843103922997576e-05,1.562589466945701e-05,1.756561153326856e-05,1.639328890383734e-05,2.172412776540317e-05,2.2207365137378398e-05,1.134239466774889e-05
PYRIDOXSYN-PWY,8.12213609635152e-06,2.3945230620157816e-05,1.343331208907804e-05,4.007185261485433e-05,2.5658996572673655e-05,2.2585904501104947e-05,3.1977537123628604e-05,2.2318203000795253e-05,4.39686171359446e-05,1.258471710508481e-05,3.428670771117193e-05,1.2274343833823455e-05,4.2729286138135244e-05,5.587709869854755e-05,1.72514172817038e-05,5.669771762331864e-05,2.3722929064793374e-05,1.6303079501057518e-05,2.0838549921819832e-05,1.0717563612953742e-05,1.3490465767179456e-05,1.578182988843381e-05,1.0536866761905863e-05,1.0735001241961281e-05,7.32776790927341e-06,1.3100013288788977e-05,2.4693083181260947e-05,2.8231571111685902e-05,9.693144954368584e-06,1.600557791477223e-05,3.1253913751375766e-05,1.3319545099379284e-05,4.812663377915274e-05,3.388464612826056e-05,1.120443394420332e-05,1.562017414555188e-05,3.3736010182260285e-05,4.1678412964818825e-05,1.8909204205244194e-05,1.2975847477152906e-05,1.7272177173747322e-05,1.0939393140786847e-05,7.469726589905863e-06,3.695211865860194e-05,1.745317091443284e-05,7.101711107379436e-05,2.5285684856493933e-05,3.174143772985586e-05,1.418679516414447e-05,2.030955821548879e-05,1.057636945608768e-05,1.5002864084569157e-05,1.5921412790116483e-05,1.429893418067341e-05,1.2204722442148776e-05,1.4937605621214893e-05,1.878398880811319e-05,1.1752346096429943e-05
THISYN-PWY,6.190306310199941e-05,5.5598115039991285e-05,1.8388691333403465e-05,7.012123721011929e-05,3.2768332101879676e-05,7.05834112720101e-05,5.382053792844872e-05,6.718046485285097e-05,7.048880923383739e-05,3.4130135542021434e-05,6.229408467983019e-05,2.532138890017315e-05,6.273727200317424e-05,6.730708162596494e-05,4.409211106641993e-05,7.255506921606769e-05,5.106360530615923e-05,3.0020553193627524e-05,5.994773881534337e-05,4.420352850466979e-05,3.2063123517983684e-05,4.9511800565062865e-05,6.558101481949156e-05,6.675086670921069e-05,5.170432797887203e-05,2.07391312925015e-05,6.246898392769163e-05,2.456359355723253e-05,2.449535155476699e-05,5.31213740495338e-05,3.978118634201523e-05,5.568504877862907e-05,7.51848850933334e-05,4.608702811668346e-05,5.152175112194005e-05,2.2416326654497132e-05,8.485663592660631e-05,5.6941690369302696e-05,4.8697753587716085e-05,3.363728903500147e-05,5.8843631039326396e-05,5.2708329492875506e-05,1.8677523875766783e-05,5.5527756341143e-05,2.9270868068702738e-05,6.516003439341287e-05,4.472217455035415e-05,4.855484940139202e-05,5.457613662586866e-05,3.8016896737217505e-05,2.873985584869478e-05,6.513231900917e-05,5.384046277962023e-05,3.398635158273474e-05,5.5329104283166146e-05,2.048498552187623e-05,4.370217429868335e-05,3.585879543884199e-05
P164-PWY,8.25531690819535e-06,2.008084047745703e-05,1.0766789049255491e-05,2.090177424578382e-05,1.665014409734954e-05,9.089437441214882e-06,1.3365897929012008e-05,1.6407130220582632e-05,1.5239296678383643e-05,1.205212998351642e-05,1.665521873788953e-05,7.650652369239332e-06,2.1320329327612387e-05,7.557889814711965e-06,1.1186033063568245e-05,1.1700971062379429e-05,9.404561120563219e-06,1.0614766090001234e-05,1.0497722401506874e-05,1.262954881767107e-05,9.944880467824193e-06,6.518844397626531e-06,1.3103348955300058e-05,1.3775467079553238e-05,1.1460635077603855e-05,1.7995588721677202e-05,2.2480732577312355e-05,1.6888450939371972e-05,1.567280366604611e-05,7.2010808756517475e-06,1.2275939739082949e-05,1.2677138256878333e-05,1.1381457813711029e-05,7.452457133235948e-06,1.6116914510944948e-05,8.473800709161376e-06,2.0701533254113098e-05,8.626070987438972e-06,1.0930743024638994e-05,1.1079253409593096e-05,1.6244064892371457e-05,1.1472002774830051e-05,1.39768152592177e-05,1.044472031522164e-05,7.729070737667773e-06,1.1060778710462773e-05,7.212499757440617e-06,6.721531374253674e-06,1.4379959647706255e-05,9.852724520967818e-06,1.1744347153964913e-05,1.7899892841622337e-05,1.0380030927896014e-05,8.660786070215305e-06,5.550947403292406e-06,1.35233210181385e-05,7.758224065822761e-06,8.907462835510602e-06
POLYISOPRENSYN-PWY,1.323708916975402e-05,4.271626351003028e-05,1.0496168742380414e-05,6.484709788135092e-05,1.1622324962460598e-05,1.0961661632806125e-05,1.2750337906366079e-05,3.4928362156281345e-05,6.623810634916739e-05,2.4954634767658912e-05,3.469587988607967e-05,3.320993469271125e-05,5.897726542596342e-05,2.1724293378699404e-05,9.82194637675081e-06,1.3715226484252195e-05,1.390756845332593e-05,1.4590439859722858e-05,1.7020083866531903e-05,1.7716406205183064e-05,1.217155459272475e-05,9.138857300949148e-06,2.9340846956991896e-05,1.3967781676962328e-05,1.2962772478061237e-05,2.166182853348462e-05,1.4872328457167178e-05,9.50557734740768e-06,1.2066610670732287e-05,2.4645188510783364e-05,1.9673273478597176e-05,1.2849677697237748e-05,4.546552087479169e-05,1.5690769435272675e-05,1.0825959520904258e-05,3.1277178750195586e-05,3.5724220107926947e-05,1.6170780761039425e-05,2.7368939463109892e-05,1.5955153075432842e-05,9.83958296081181e-06,1.1543504935590872e-05,1.670529221148535e-05,1.763266789403437e-05,1.3162559578892545e-05,3.273925377688628e-05,1.2067669785579745e-05,2.7016064130819894e-05,1.585478190888052e-05,9.794535478814904e-06,1.562575255709459e-05,1.3490679331636078e-05,1.4612105499532331e-05,1.9179213782305915e-05,1.2140882911335579e-05,8.867155577432147e-06,1.0023471584470076e-05,2.2926303358342332e-05
PWY-6859,8.154591635745265e-06,3.1873297692241597e-05,7.195255983703728e-06,1.1063542880627041e-05,7.543977014187796e-06,7.255129856469562e-06,8.020122366580943e-06,2.617252889776729e-05,4.41230606843338e-05,1.6378629688438424e-05,2.4393354226633816e-05,2.387529371239044e-05,1.5792731326744508e-05,1.4934202844906346e-05,6.786165654453289e-06,7.807667087668765e-06,8.373977666999078e-06,8.527252168077982e-06,1.0750832359295196e-05,9.240467900085864e-06,7.865186111316664e-06,6.418418508716688e-06,2.0955486066470763e-05,3.343834559335713e-06,8.106176102361895e-06,1.5133635988842984e-05,1.0493084981240966e-05,6.344094588362092e-06,7.684375326772648e-06,1.7095169148506462e-05,1.2902000036377339e-05,8.02575602306848e-06,3.593653620429817e-05,1.0075167258535787e-05,7.4069891986869975e-06,2.3779208543026625e-05,2.3250557332488007e-05,1.0953292593939166e-05,1.9352795904673317e-05,1.061180474557467e-05,4.3264525424255206e-06,7.685284524561558e-06,1.1623529677405139e-05,1.0534942253464145e-05,3.6746024376413375e-06,2.10470529073936e-05,3.6734677304555272e-06,2.0590218671684382e-05,9.490060149168543e-06,6.869219408850338e-06,3.443527619865453e-06,8.543024871848793e-06,9.031966779193151e-06,1.4092574104398268e-05,3.5347254547829837e-06,3.812016015917155e-06,3.640217186374379e-06,1.5850648085371795e-05
PWY-5384,4.231034976401157e-05,7.936310884245335e-05,3.3638725289113353e-05,3.8983291132730055e-05,1.179020854684537e-05,4.7323571752642675e-05,3.850132259543997e-05,4.0011847796499975e-05,3.3574961887013115e-05,3.891988181213874e-05,3.136872117479395e-05,2.461297440206545e-05,2.3126550207310636e-05,3.1894341656530795e-05,3.70395137392154e-05,3.1553904023548106e-05,2.8367915434082475e-05,3.408788185520745e-05,6.608636826091028e-05,1.4710259367798843e-05,3.4084170202040234e-05,3.0920023169660596e-05,1.455830804487592e-05,8.075705754234586e-05,3.3778365278569464e-05,2.1682542835173737e-05,3.518678046204941e-05,2.7825596557133728e-05,7.65633781657701e-05,4.54743082041046e-05,5.699640757208874e-05,3.946864529002583e-05,3.1122032276770054e-05,4.519410650839855e-05,1.522066808476939e-05,4.656997275413247e-05,1.7952061008958167e-05,3.717618754421228e-05,1.283579176469579e-05,2.080658685038609e-05,3.49964507395829e-05,2.972553268150943e-05,5.091277427792347e-05,5.4140557396423566e-05,5.96493756232032e-05,1.3246532282903409e-05,3.2118532939967154e-05,2.212884873016255e-05,4.0756709503511146e-05,2.823437758283624e-05,3.1606892028616556e-05,3.951668313419213e-05,3.6267251900956234e-05,4.366517058518178e-05,1.2212585567057072e-05,4.38905965626892e-05,3.645346756408283e-05,2.6468507379257838e-05
PWY-6531,5.2539433948208345e-06,7.903154639375283e-06,9.552857667098247e-06,3.3211627990280055e-05,2.6584429862101566e-06,2.871282991952017e-06,4.139318447649363e-06,1.342992302939643e-06,7.576507036609878e-07,1.060995742592755e-06,1.103581828400822e-06,3.96232049482093e-06,1.9508784158578864e-05,9.241402329426597e-06,2.563984881053023e-06,5.289069092176713e-06,3.5082230202861648e-06,7.95952628414203e-06,2.694960802967373e-06,7.345695208786538e-06,2.794744216111378e-06,5.451976305551835e-06,4.8937130187643e-06,2.8183062670203357e-06,5.552860342148637e-06,2.59380721297719e-06,9.005351404102012e-07,5.592061374035273e-06,2.0198746995322316e-06,3.043234204515945e-06,9.679060938416224e-07,2.832733405692545e-06,6.284118924269246e-06,5.906946971939463e-06,1.6568941965089218e-06,2.609593581190777e-06,4.440705004690768e-06,1.242479480495275e-05,2.409423037827099e-06,8.954841643562572e-06,9.690868995149528e-07,2.767613794575154e-06,2.9844948130506654e-06,1.4745510719320603e-06,9.201221703572488e-06,2.5990468108403153e-06,4.995889610892557e-06,4.256276570989246e-06,8.317840486081639e-06,1.8945474550860365e-05,2.6319979762198426e-06,1.157595684626138e-06,2.626109234289718e-06,2.107458157112266e-06,4.565924698450536e-06,4.09345689918761e-06,2.6378966865701512e-06,5.01134945422865e-06
PWY-5690,4.3320852345110214e-05,4.4903790566759294e-05,1.0359030502149231e-05,0.00012714105052790914,1.2089210470274998e-05,2.908800614609738e-05,5.2416394698844966e-05,5.670059182905742e-05,7.466111852902859e-05,2.9317759782874664e-05,3.8267488108088885e-05,2.5510803684625247e-05,7.982921639932474e-05,1.9162627415528342e-05,3.099393762466314e-05,0.00010804729862078721,1.4367575283037512e-05,2.173871079730914e-05,4.6996831966911984e-05,2.4234808476526817e-05,3.0912076621705025e-05,4.173761137178591e-05,1.5232860224590313e-05,3.5649033904796536e-05,2.6776322304541535e-05,1.308739595541547e-05,4.221151773303099e-05,1.5110436665080713e-05,1.4785066934655987e-05,2.2563396755915303e-05,1.930986357291645e-05,2.7186646481986627e-05,5.835425077661144e-05,4.7825558053376334e-05,3.9932389030432316e-05,2.8016948929602773e-05,3.649071509046267e-05,7.232065477243163e-05,2.0262420064596947e-05,3.842413778159225e-05,1.8153788602681712e-05,2.7700964854009063e-05,1.5880052939194302e-05,4.7098852024042596e-05,5.030100773849885e-05,5.055776168064487e-05,3.1578206693685796e-05,6.0195961568628814e-05,2.1476665437283688e-05,2.6969520739254704e-05,1.3362876648236286e-05,4.4103067694063924e-05,1.5199151584724353e-05,1.3435622886752554e-05,2.4173789041901255e-05,1.754956665070665e-05,2.167477685239543e-05,1.5453655200861386e-05
TCA,3.674216367119099e-05,2.5612163257354482e-05,9.680109052798044e-06,0.00012978125291205933,1.4057215606485427e-05,2.420437281381928e-05,5.577028466095554e-05,5.697662830265778e-05,4.1850993752725726e-05,2.7551153438576546e-05,2.7398256239140872e-05,1.936174868863554e-05,7.682948885091251e-05,1.6039461915370205e-05,2.8583460128702183e-05,0.00010427559941464627,1.487535322750958e-05,2.3689720177264805e-05,3.3607688232351614e-05,2.0408957127601807e-05,2.9615280569112584e-05,3.6975705376863294e-05,1.7475487533597645e-05,2.6587652902364444e-05,2.3102019044904376e-05,1.2956290544276625e-05,4.571005586672403e-05,1.3247917563954562e-05,1.6757189476636118e-05,1.9453304322285902e-05,2.1571201474445634e-05,2.3255067001771268e-05,4.3905653654874796e-05,2.821599835301967e-05,4.2193689535820065e-05,2.055290965881087e-05,2.1540878571065736e-05,5.180190106726321e-05,1.75044165077835e-05,3.988867380446832e-05,1.9307524204766278e-05,2.557308866050679e-05,1.7438412821589282e-05,2.6802234499404895e-05,5.065717846748518e-05,5.006798727939451e-05,2.6325992626469633e-05,4.8595928015320146e-05,2.086526254442338e-05,2.880578699378324e-05,1.3675591737439759e-05,2.8847330847568465e-05,1.3624641889844881e-05,1.4146685290056457e-05,1.7155393284741356e-05,1.7394671882765864e-05,2.192309834221175e-05,1.5861692739295492e-05
GLUDEG-I-PWY,1.014563555719224e-05,1.833301557700429e-05,5.7168723576244215e-06,8.211956973675093e-06,1.0825183375959234e-05,9.909078873225787e-06,1.052766224182557e-05,1.2610422299316872e-05,2.8760096279954376e-05,1.1256754626861142e-05,1.188229576281485e-05,1.053428476490358e-05,1.624910703002909e-05,1.2596116877306281e-05,1.2209766920896968e-05,6.394211160100629e-06,6.714081166108886e-06,1.6201542261837463e-05,1.0177975213011994e-05,1.2035543180128745e-05,9.833785203501964e-06,1.302758719672527e-05,1.2616941563233935e-05,5.689878542090072e-06,9.806150565145793e-06,1.590249556103253e-05,9.059177032816264e-06,1.0794457292988492e-05,6.642478856934188e-06,2.085583757315037e-05,1.1416129373267965e-05,5.177941145634792e-06,1.0849749945187696e-05,9.275985431226724e-06,5.364363616841368e-06,1.57429253673299e-05,1.324934859886312e-05,1.1419826352779707e-05,1.272600050952122e-05,9.278037310460773e-06,1.5546175536502075e-05,5.733458129606368e-06,5.620531346696347e-06,1.1117092000866886e-05,1.2631682088970698e-05,1.1352479073002235e-05,1.2900517297872022e-05,9.290753987574547e-06,1.0313276825613279e-05,6.316265548929838e-06,5.48499634611402e-06,7.939448276166041e-06,1.2432744080732305e-05,1.4332748876484907e-05,8.176593529143605e-06,9.62548295026877e-06,1.4065788108767125e-05,1.5825538873303678e-05
PWY-6527,7.477416818282116e-05,0.0001881017149179193,3.3231883808483315e-05,9.256375514555172e-05,0.00012965054400726923,0.00012407420216050736,0.00011904519694379315,0.00011220533369947188,0.00016687168117047384,0.00012720689717539286,0.00012765425106671516,0.00013380642271422095,0.0001123824124946264,8.936018773306432e-05,8.829813914482976e-05,3.976878590768854e-05,8.016977836322737e-05,7.231143905680188e-05,0.00014223353173399537,5.604487870479148e-05,8.087730500598395e-05,9.084446050775884e-05,9.351282592820154e-05,0.00011129517504471335,8.231714435137207e-05,0.00011960140960713026,0.00012428402068101057,7.271814461367694e-05,0.0001742023646655428,0.0001106825992244971,0.00014319159366161754,7.120546464801133e-05,0.00011300697815476775,3.955686822177736e-05,9.37950879185978e-05,0.0001589961180641438,0.000164754332093607,8.106332876337718e-05,0.00011593411933895252,0.0001267281832402292,0.00010896059653291517,8.257276396206872e-05,0.000151510285666974,0.00012606397140324974,8.82521813951942e-05,0.00011190712875415091,5.895561573685147e-05,9.099201321540448e-05,8.357764474826579e-05,7.177022442560023e-05,0.00013125530516981923,8.856264111479199e-05,7.49623464649759e-05,0.00013870301182275578,7.418063733655174e-05,0.0001106350881665224,9.493988473288864e-05,7.693961345849031e-05
PWY-7328,6.337204594479075e-05,0.0001234398194291513,1.537043665189872e-05,7.254880723685772e-05,7.195622211191836e-05,6.697417976044495e-05,0.00010105426889839313,8.870824760818063e-05,0.00010484022409342464,8.177744976790178e-05,7.44907801908442e-05,7.662230174699615e-05,9.555054452058152e-05,3.6324517868772584e-05,6.873477723697413e-05,3.251155671405158e-05,4.254901600204198e-05,5.7053160453239986e-05,8.782123840411809e-05,2.8789527450935194e-05,6.5823044419958e-05,6.614773807116276e-05,4.897085793638876e-05,7.941968354083309e-05,5.8403709892470826e-05,6.960888966037426e-05,9.682201907453588e-05,5.099432539829514e-05,0.00010915555449696394,6.985254148374574e-05,9.389882971740302e-05,5.400019258144299e-05,7.478317316927875e-05,4.4762195745703856e-05,9.641833958915382e-05,6.894144580341055e-05,0.00011857625220290005,0.00010719905038993016,7.820262043686563e-05,7.570795601617941e-05,6.0523974255482905e-05,8.167843641745071e-05,8.529376488390641e-05,9.19894302665772e-05,7.672252317076755e-05,0.00010958476711015362,4.218668120215604e-05,6.8514999578625e-05,4.603112050339885e-05,4.920836995772115e-05,8.317457050971689e-05,0.00011361279427664077,6.529539554420425e-05,0.00010176879161117225,7.38135480687034e-05,7.249414479512152e-05,5.737057223331839e-05,8.03452355223744e-05
PPGPPMET-PWY,1.3601077009527945e-05,2.229202177915544e-05,1.4266750591842585e-05,1.1285901493087578e-05,1.9472971791291046e-05,1.5246645853410496e-05,1.3082668294337805e-05,1.4534545211718124e-05,1.2421745652716897e-05,1.8596360742468953e-05,2.721092666285463e-05,1.127231402947935e-05,5.611965252408106e-06,1.0821959549989364e-05,1.3175442166983109e-05,1.2289133821398617e-05,1.774372371151926e-05,1.3826810742993402e-05,1.4146585469098513e-05,1.650480226079576e-05,1.6033115971283114e-05,1.0908111316959849e-05,1.8876516382754082e-05,1.5772384425508276e-05,1.3148409257975294e-05,2.3411775502473297e-05,1.7350943932106593e-05,1.4365673691441843e-05,2.234770933638695e-05,1.1041734049257274e-05,1.1653673524381288e-05,1.4040899386601314e-05,1.748992739743533e-05,1.4039014854131435e-05,1.486509965037329e-05,1.1962240137431638e-05,1.1796397995259935e-05,2.535373765257961e-05,1.8281941868538176e-05,1.2790665813083745e-05,1.6185353826202283e-05,1.3186667997165803e-05,1.7795724169386083e-05,2.0182387463780584e-05,4.662995007533107e-06,2.5005689557474087e-05,2.940055962069156e-05,1.6116495451863085e-05,2.3826389278548217e-05,1.2299818269397416e-05,1.8612743468588096e-05,1.4005771026840356e-05,1.4198611996831867e-05,1.1561804220933363e-05,2.5992676035276405e-05,2.5090047959283346e-05,1.4180773323243722e-05,1.5168150334646281e-05
PWY-7221,0.0001914602589641065,0.00013630181967648407,0.000157394843024784,0.00011653357960372603,0.0001269946052662214,0.00015469486900554909,0.0001272118924260604,7.656952577973474e-05,0.00019783419675761528,0.00012923687623768624,0.00010318856299431858,0.00014016942271606047,0.00010771618978365922,0.00010207107488204568,0.0001489281380712419,0.00015382403175626095,0.00011994085111251977,0.00010364975932643571,0.00012396797376879328,0.00011838904090064673,0.00010998663619815561,0.0001821154447124871,0.00010118638477692465,0.00014791935021310506,0.00011593254895449566,8.893800526472477e-05,0.00014668445523272552,0.00011964426303235024,0.00013680766270409003,0.00013427923993269901,0.0001463026295006478,0.00011426272131924198,0.00012007928131266124,7.947001261624527e-05,0.00014508068737770636,0.00015936037355356435,0.00014649447564981426,0.00016135750799045853,0.00014780475673757196,0.0001334714341196329,0.00015622606115377926,0.00012500406369223065,0.00013906610852207368,0.00013943691235887833,0.00012242391146331317,0.00014047832093730067,0.00010785698976400401,0.00016223525913911289,0.00013903816853002427,0.00012080779871919226,0.00013557898092129715,0.00016900097045204193,0.0001072622089734889,0.00016746636982838803,0.00012082949256697422,0.0001427981911698827,0.00012857212240104183,0.00016207790152501867
GLYCOGENSYNTH-PWY,0.00014033835388820503,0.00020911749910367748,0.0001390198844780701,0.00014238321478142756,0.00021875368203561467,0.00017784033125487216,0.00014967144090214434,0.0001411064816051051,0.00018135799000367403,0.00015819279977399668,0.0001419269222524765,0.00018728845588202365,0.0001190112628100425,9.131168699929864e-05,0.00020653152151322028,0.00012134675110596842,0.00015089160276879611,8.73610864349127e-05,0.00017592157190679078,0.00016081932194156488,0.0001309059211534734,0.00011243224280986309,0.0001571422151296765,0.0001530293314400192,0.00011972590905073242,0.00016958579045384223,0.00017700706518397838,9.528110168231731e-05,0.0002381655334005094,0.00016523005973065403,0.00022294343212513073,0.00020134110828551533,0.00018324167735142154,9.082790702610185e-05,0.00013046856702559397,0.00024376742816756608,0.00021062909520859995,0.0001439742652752185,0.00017450586247469684,0.0002024981448671562,0.0001124042552729765,0.0001173383702900353,0.00017799692119938268,0.00020813969618615943,0.00015732103258350537,0.000119432920586605,0.0001376749199210801,8.256607745531077e-05,0.00018714132042522175,0.00011598118962438378,0.0002313573968626919,0.00012813326959323007,0.0001431599056578871,0.0002566387155237696,0.00010936849009944729,0.00020276303331316268,0.00014572562768415637,0.00012241092313241287
PWY-5188,2.0487433649385923e-06,2.2366717178718103e-06,1.8201094211310577e-06,4.6021399709636224e-05,1.7738408148731143e-06,1.8821540993219712e-06,1.958612059488129e-06,1.8087845784816745e-06,2.7435006340459444e-06,1.258084344429294e-06,2.163764687376248e-06,1.4686123960346924e-06,3.1742747586249086e-05,1.7031260302445137e-06,1.5897376825306646e-06,1.6918857464793014e-06,1.7483025047838602e-06,1.7523142342043398e-06,1.8764520748090894e-06,1.6000257548400313e-05,1.675221106029894e-06,1.3013266518769672e-06,1.8165853343160022e-06,3.8924013693240024e-07,1.684230918811983e-05,1.5793934282060983e-06,1.891235683819275e-06,1.2248007783819487e-06,1.5836071788693562e-06,1.8020136447657362e-06,1.8084376417295918e-06,7.982011980197307e-06,4.849654727982324e-06,1.7617316869522666e-06,2.3952714405866054e-06,1.8997894243894405e-06,1.378784563159871e-06,1.4081044754236058e-06,1.3023148615301707e-06,1.7986857126280682e-06,2.960188797765348e-06,1.743600676574434e-06,1.5027099533349378e-06,1.1867864076100316e-06,1.7270848359538695e-05,1.5065187344541184e-06,2.1907177515496943e-05,2.661047396787342e-06,1.6191356578836908e-06,4.654889473520953e-06,1.512020021243515e-06,2.83234224947905e-06,1.8161490894541663e-06,1.8520897460538182e-06,1.7491065988842983e-06,7.306589302015117e-06,1.2896251576448716e-06,1.787780336504185e-06
ARGININE-SYN4-PWY,1.738808148350217e-05,4.533085576682092e-05,6.8817981114003005e-06,8.912697613447995e-06,3.8043225025774335e-05,4.7045295629980797e-05,2.0963974897992028e-05,5.87128633601012e-05,7.689889151316683e-05,2.751505351741621e-05,5.512424805423962e-05,1.9324922527463773e-05,3.181329392355756e-05,6.563540016107576e-05,2.8858980507437762e-05,8.167565720247105e-06,1.858002636164934e-05,1.9582929461920986e-05,4.984313848960662e-05,1.6328320759636148e-05,1.3934274330685978e-05,2.3560563995742037e-05,2.981874629317901e-05,7.0323153870924736e-06,1.7546744156926402e-05,3.1297881479122396e-05,3.7291200519576976e-05,2.6720855313501314e-05,7.963838452256809e-06,2.9534558487364064e-05,6.400900822461236e-05,6.329473145284439e-06,6.349219434907143e-05,1.9503125618702434e-05,2.380604408318727e-05,3.602203639984804e-05,5.032989815402946e-05,7.187239975588924e-05,3.39208873526207e-05,3.426761491548559e-05,5.833080985479323e-05,7.670678785483296e-06,9.029159060493625e-06,6.0372165265076266e-05,1.7483818698863557e-05,7.373890169703544e-05,2.3663836251654157e-05,5.7636026267597765e-05,2.6705852665237542e-05,6.418169513513587e-05,7.2163380855837605e-06,4.106488906682526e-05,4.762108899369551e-05,3.756556436104236e-05,2.26147009484355e-05,1.6871831704379976e-05,4.9854560215764946e-05,2.6038041382935307e-05
PWY-5505,1.6112201125624843e-05,5.1207485906308766e-05,2.51777441398719e-05,2.4765130588036903e-05,1.9100177101859972e-05,4.716867479725606e-05,2.208116756816363e-05,4.1485875612039486e-05,5.113031462376464e-05,2.8729135823224303e-05,4.4633349235490236e-05,1.8843483233244847e-05,3.10423696462709e-05,1.9328005806139554e-05,2.4326408838973093e-05,1.1639387764733549e-05,2.693737712058091e-05,1.657399161337339e-05,4.0403355205457894e-05,1.3719253525865354e-05,1.8128543197757574e-05,1.7456498972332477e-05,2.6679333560748406e-05,1.2961374667003231e-05,2.415776330074657e-05,3.4423436742539546e-05,2.795589039232258e-05,1.7977645299988447e-05,1.438366270172349e-05,2.1580741292575433e-05,4.766634804874794e-05,1.0867428494256495e-05,4.0014140629297703e-05,2.164513899358874e-05,3.297880871279195e-05,2.9374725421018957e-05,2.299088433484719e-05,4.739255891419899e-05,3.591919181031041e-05,2.8506164201750868e-05,5.64837216557485e-05,1.5185667968747432e-05,1.7092415448134877e-05,2.0431898434275396e-05,3.6984567324842686e-05,4.757715154561352e-05,1.110185194273742e-05,1.7800772476228578e-05,2.912199324883006e-05,1.7575632503860827e-05,1.3469596393361689e-05,4.7348207133911444e-05,3.823135586273984e-05,3.1981384543008206e-05,2.862053745713496e-05,1.5905207178250342e-05,3.758336035801818e-05,2.9533911813586434e-05
PWY-5030,1.0701290225685491e-05,3.784226781529359e-05,1.1730673909700477e-05,9.5262447813805e-06,1.4947490196474774e-05,1.8643800940903604e-05,2.3038869024856733e-05,4.832115480870197e-05,8.05539826730998e-05,1.769954346422701e-05,5.309275242215747e-05,1.826928077716999e-05,9.319382695201126e-06,1.1612625614362834e-05,1.1327893247041153e-05,7.311717523052157e-06,1.730908780116195e-05,1.3984172354244827e-05,2.5543447286420337e-05,2.135373762516372e-05,1.2529708005670011e-05,9.350202498077846e-06,8.898263018066111e-06,1.0172971011321772e-05,9.329659364979911e-06,1.6087902658310948e-05,3.604741546132037e-05,2.2969988386424483e-05,9.835214264688494e-06,2.0189284599199895e-05,2.8508882412363535e-05,7.5657933773450495e-06,5.951380965085631e-05,1.3970686548600478e-05,1.1426278459234222e-05,2.7881869715901422e-05,3.714250393636978e-05,4.159848374729072e-05,1.6612429165949356e-05,1.808762447110203e-05,1.1131991946050128e-05,9.3075111281844e-06,1.1899850532865545e-05,2.9371374606763714e-05,1.040268590312498e-05,4.02558804780735e-05,2.2107951730306733e-05,2.8476845626910258e-05,1.2295373661632973e-05,9.57279109211071e-06,1.0844046363668462e-05,9.05263325760989e-06,1.667635757546319e-05,1.4209284949527247e-05,8.972198875055557e-06,8.637378580459466e-06,7.3030719897445245e-06,1.410357502178429e-05
PWY-6549,6.084020087405655e-05,4.244037564159634e-05,1.3005100758948206e-05,6.362568592855345e-05,1.1696046011188304e-05,4.084807581595405e-05,2.1748923175473972e-05,3.8073466457215294e-05,4.0027415451994457e-05,2.6726551944829798e-05,3.315481531999631e-05,1.0976689312012016e-05,1.969713128881014e-05,3.265260461121647e-05,3.635911292909171e-05,7.073344574846466e-05,2.8487123992184318e-05,5.0036085916106417e-05,3.6154765054920125e-05,3.300191475172352e-05,3.469610806295549e-05,5.8874888158952355e-05,2.9645962078287454e-05,3.998176419703466e-05,3.232861741250159e-05,1.569808364346275e-05,2.6158955241752166e-05,1.339103065294319e-05,3.735605797262726e-05,1.9490291677410826e-05,4.3370887886381917e-05,1.8663083684224142e-05,4.2175505235858875e-05,3.020117924759273e-05,5.459406685270616e-05,2.2215501597641427e-05,1.5847224016026333e-05,4.252126998969251e-05,3.011714038188658e-05,4.0356849064954254e-05,5.8546168292566486e-05,5.610142146831342e-05,4.269014930049765e-05,1.4576237347902438e-05,4.468580320654369e-05,4.276884538938177e-05,1.2680383962663554e-05,4.005649958678258e-05,3.178669150525722e-05,2.0354112537220382e-05,2.979174681519207e-05,6.048482015378087e-05,3.061932549767623e-05,2.6535546749499915e-05,5.3905281107013494e-05,1.7642947368332025e-05,3.061240629577662e-05,5.79954061185524e-05
PWY-4041,1.7603527889891248e-05,2.2081311560600108e-05,1.0216022247871971e-05,7.558023554941597e-05,1.196281040546936e-05,6.8886237102230045e-06,2.2924294359835432e-05,1.3371537734267622e-05,4.538440168016621e-05,1.4743125370779336e-05,1.3939139981069753e-05,2.2986495610564127e-05,6.670382928820434e-05,2.6801441961954494e-05,1.973199770647626e-05,2.9209674466596303e-05,7.424095984083973e-06,1.3800321541838867e-05,1.5939866183857104e-05,2.8812439694189476e-05,2.0022090374788977e-05,2.002192479406968e-05,9.995127967672336e-06,2.1538382934431126e-05,1.0567254593744606e-05,1.3818365613438688e-05,2.6164304105626442e-05,1.3792970041718593e-05,1.4434952618619348e-05,2.376824827790452e-05,1.095276312529965e-05,2.8812439694189476e-05,3.1314701578875736e-05,1.4227656210153085e-05,2.9604254177703028e-05,1.8029143397896235e-05,4.630986015847138e-05,4.3497308700370856e-05,1.446097088480539e-05,2.1815320309857065e-05,1.1436917750038708e-05,7.640965326060642e-06,1.5913590100194683e-05,1.591488287295329e-05,3.900720701352275e-05,2.216994624330747e-05,6.785212509201095e-06,1.3861092892761557e-05,1.4698743781129645e-05,2.042778188830015e-05,2.227537762872541e-05,2.1070430447493784e-05,1.7747267922029507e-05,1.2569873602948975e-05,1.2242857945342591e-05,2.2617155521197365e-05,8.789550900176673e-06,1.1083150861237973e-05
PWY-5941,0.00015065765061241567,0.00022256134192438117,0.00012300787405602616,0.00018530288797863944,0.00014956809845647853,0.00012541074519283388,0.0001864749985805021,0.00014531603080374553,0.00016959599527714464,0.00020664995916147393,0.00014002108366490665,0.00018759400817116895,0.00018760901650180007,7.78899097806071e-05,0.00011844431592049989,8.263548794388426e-05,0.00014947020020555517,9.810790967836016e-05,0.00016496420317456216,6.483314301123478e-05,0.00011535838173358886,0.00012570820607903555,9.786932161387864e-05,0.00018989893310171783,0.0001299753974393641,0.00013092004542828825,0.00016689331169337179,9.597851503988538e-05,0.00019717854084372308,0.00013084402295203244,0.00019312385464727674,0.00013425772515149583,0.00014375539935426328,9.722969098834966e-05,0.00015205102096130628,0.00019738623482043498,0.00021691012713618573,0.0001753815249450036,0.0001700373212330825,0.0001829127868099041,9.558560024294907e-05,9.085822733132828e-05,0.00016858295252510411,0.00021010976607508208,0.00017012641416828267,0.00018380416101496883,6.850169206636075e-05,8.973759981608856e-05,0.0001085772972415627,9.907388119412944e-05,0.00016317043641094896,0.00016455142541558007,0.00012144487704157474,0.0002312657254290915,0.0001399953982502389,0.0002025495749669458,0.00016407484524343398,0.0001098460502702626
SER-GLYSYN-PWY,8.08696550325993e-05,9.469509983700809e-05,6.70695865141962e-05,0.0001156117022141141,5.87549795657366e-05,4.8006135008800154e-05,9.286408493600656e-05,0.00010133597851663601,0.00012946085449022217,0.000107361424376207,7.583358602442216e-05,6.387808996154024e-05,7.338319791349817e-05,6.401774325949737e-05,0.00010398279770960941,1.8279120975426642e-05,6.194406322249054e-05,5.102368745342853e-05,7.351683095338759e-05,5.620930168371387e-05,5.5253883335580376e-05,6.296917904400953e-05,4.582774498248024e-05,7.821651899897287e-05,4.492659416843954e-05,6.634581856757107e-05,0.00011643583555682717,5.920134086720684e-05,8.804964351103937e-05,6.414552981248093e-05,8.296823046232164e-05,4.605292202689077e-05,0.00011748266402316047,5.948754449265948e-05,9.312351090148217e-05,0.00010400751581713123,0.00010170330893634023,0.00010580500483787487,8.082967788331579e-05,8.920691351726394e-05,4.774275503425514e-05,4.521863673625137e-05,0.0001089035295617527,0.00010387512860286913,0.00015131470223180753,9.783242455797915e-05,6.43041407334597e-05,7.748851087365808e-05,5.284588130615299e-05,4.8190394673112074e-05,9.679735475303758e-05,8.740910532709575e-05,5.620998662111548e-05,8.40353071386194e-05,6.719505415638095e-05,0.00011123788604184881,8.437303155795025e-05,5.05336609063274e-05
PWY-6147,5.773685934827925e-05,4.28865156758516e-05,2.1118839764849272e-05,7.271506564990214e-05,3.6850563392057536e-05,2.0013323136923686e-05,4.608051517858303e-05,4.621279748754396e-05,0.00010693617333709437,2.5383127840711376e-05,5.487842306099549e-05,3.559201756902092e-05,2.8350353726768418e-05,6.874051720903439e-05,1.2866528087967026e-05,5.831069262841402e-05,2.3827408733425392e-05,4.102910504006103e-05,6.15059278677003e-05,3.3781519501002736e-05,3.262073591172493e-05,8.078923680387676e-05,1.9282996515312003e-05,3.660658842848247e-05,5.111661235682359e-05,3.6003987526657115e-05,2.6117437760700482e-05,4.618540603945399e-05,3.44692211046444e-05,2.0829265837462052e-05,4.796630308343908e-05,2.858087683726339e-05,6.582106318634329e-05,1.6861467825603462e-05,4.291197530723395e-05,3.0387233049571346e-05,7.148583579851511e-05,6.141765239494532e-05,2.1328238689105542e-05,2.434372212680819e-05,6.972892588315538e-05,6.083715408598666e-05,3.480699764990541e-05,4.6260639189073565e-05,3.532165114485343e-05,1.2780600367436835e-05,4.553920788697538e-05,0.00010297284175873093,2.9750490751791406e-05,3.157801707375498e-05,2.951451012886223e-05,6.486203024514243e-05,2.990496105454041e-05,3.4027825840798556e-05,3.188481377430804e-05,1.4438431501837352e-05,1.2688199013604967e-05,6.488139273881119e-05
PWY-6703,6.853540488417474e-05,5.013096238635228e-05,3.0681923792210506e-05,0.00010177258847250479,3.309003160379453e-05,5.238155386309932e-05,9.342333180392618e-05,8.372446030409436e-05,9.353920582574555e-05,4.470400973945072e-05,8.654738864008581e-05,5.2610385472407635e-05,9.151470734618079e-05,6.964040596344765e-05,5.8841027313423924e-05,0.00011182350770016662,6.976976142035973e-05,4.240265624550694e-05,7.31642316803196e-05,2.1995672650279933e-05,2.7372790740977076e-05,3.298772552228495e-05,5.7970542061746335e-05,5.9921962142383876e-05,5.272894171232144e-05,2.7593555267442433e-05,3.6121027799724134e-05,7.735591902211405e-05,8.616902002369492e-05,7.768740563984843e-05,7.190457557456577e-05,2.547324419390413e-05,6.98168576855653e-05,2.829664620688222e-05,4.777747806646412e-05,6.686067169565285e-05,7.0521139514698e-05,7.553323063832785e-05,5.539546923444233e-05,3.2259701007164606e-05,5.757155208089275e-05,4.069238067495564e-05,8.75770746827331e-05,5.4385598198385665e-05,3.222855446958747e-05,0.00010314683525917468,5.1489040721446825e-05,9.382738235470888e-05,2.860422885599625e-05,7.521974338329028e-05,4.4260472256955316e-05,7.594818686287855e-05,5.922101443223705e-05,4.322435147119418e-05,1.632872236485714e-05,6.894099037562245e-05,5.4895919844060115e-05,3.3039724533153566e-05
PWY-7991,2.4781372280486625e-05,9.787565384932003e-05,4.282761825287987e-05,8.030069488015134e-05,7.887223269025046e-05,0.00010963158946577744,7.901146759951624e-05,8.774149562475735e-05,0.00011207903365089767,5.435301602459755e-05,8.662485197054811e-05,0.00010835214483816161,7.635191817052019e-05,7.260751600154963e-05,9.099113438985207e-06,0.0001090225527658417,7.495469201366356e-05,7.152623051953335e-05,9.787825361124213e-05,3.313566133640911e-05,1.5947786753271335e-05,6.067573146978092e-05,3.7692496085702625e-05,0.00010016819651041389,6.739498068112826e-05,6.442262640547137e-05,0.0001077552712763634,6.757636443987283e-05,0.00010199069675969686,7.926136742436082e-05,7.359111147448696e-05,4.3985854789656544e-05,9.659040657892918e-05,5.123107123450387e-05,8.105098350579257e-05,9.240198249359181e-05,8.563482562274496e-05,5.565493337878651e-05,6.471262238246708e-05,9.589419232847294e-06,9.363272674198544e-05,0.00010134809255287816,7.294276760496347e-05,4.0402118000856655e-05,8.737025325490064e-05,0.00011317319610724925,5.288385156671757e-05,3.2353021210919496e-05,7.849345070268232e-05,0.00012748060616304269,7.194463959456136e-05,9.074371554624179e-05,6.665087808749477e-05,7.194243953036952e-05,6.853722610568489e-05,4.276562564640657e-05,4.519337342371365e-05,0.00010422207461170755
PWY-6606,4.3301614216008235e-06,3.2524207016867743e-06,4.016040416729993e-06,4.702157702568606e-06,3.1922623806294325e-06,4.1094190201509285e-06,2.750133129942996e-06,4.1802473259072145e-06,3.3279297857014346e-06,3.7657174579567812e-06,3.6899332704527465e-06,3.590000853814959e-06,3.615823525866346e-06,4.635938406746688e-06,3.622226277573845e-06,4.045900838310799e-06,3.973724230008279e-06,4.540269503596681e-06,3.5844528493651878e-06,4.024003817784207e-06,8.362940580033455e-06,4.0972188308290075e-06,3.6057152403347604e-06,1.022393447280912e-05,3.5077004687240403e-06,4.575310714650354e-06,2.630482348379077e-06,4.109773123211784e-06,4.468524900371078e-06,3.8136575483553957e-06,3.4497426011027684e-06,3.897350037344225e-06,7.05155864698233e-06,3.72508286965868e-06,5.032733836513535e-06,2.921576597981748e-06,1.0112254983658293e-05,6.182876886263579e-06,3.45257985665072e-06,4.079733732564633e-06,2.9839485752601006e-06,4.680703425116888e-06,5.536419382223507e-06,8.658108002511591e-06,4.037154405636135e-06,4.646347667300411e-06,4.196201673220881e-06,4.0934516911048475e-06,3.5753547705017376e-06,4.236620170710117e-06,2.9837675963376882e-06,3.598010461514678e-06,4.065313756796438e-06,6.198587336567064e-06,3.3369634897457486e-06,4.521986637730279e-06,4.142549575042604e-06,3.9630836783764076e-06
HISDEG-PWY,1.5731576084712187e-05,3.373590074395343e-05,1.3597264718392708e-05,1.3898853104534823e-05,1.3671547311587998e-05,2.0899447369018046e-05,3.7519619006805304e-05,5.781409335993074e-05,9.187822056681713e-05,1.6811799724425685e-05,4.719261777802976e-05,1.5004129212797028e-05,1.4253762149472608e-05,3.7839277894556136e-05,2.0465766106098876e-05,7.774770919397276e-06,1.9613084281316098e-05,1.5794955208511367e-05,2.9571996811859406e-05,5.6625477888277305e-05,1.8125988802002514e-05,7.4515307337241904e-06,7.168598387101073e-06,1.3915381523961139e-05,1.3746740622816927e-05,1.7458832304416232e-05,3.1386221843400496e-05,2.7048732655503394e-05,1.380768173240131e-05,2.3733847696661734e-05,2.9953337571743358e-05,7.660211031249734e-06,6.303374253826318e-05,3.500589034150011e-05,1.0144368255086391e-05,2.8549900811648697e-05,4.7073508780357866e-05,4.5318794118631315e-05,1.4001275078565756e-05,2.6608061255822666e-05,1.2468820131695715e-05,1.3009308492655917e-05,1.3839831458238056e-05,3.740856319892504e-05,1.18226377304501e-05,5.580654597000155e-05,2.6812316030386664e-05,5.2900273747303686e-05,1.1598745202616045e-05,1.407936266767703e-05,1.2091682729132634e-05,9.416027174800942e-06,4.077406438605199e-05,1.5015815088614827e-05,9.513795852513218e-06,1.048867260051277e-05,7.217138918983157e-06,1.1580796353703635e-05
PWY-702,2.5431766468025513e-06,4.756069297178988e-06,3.4068393909874474e-06,8.591895281727967e-06,2.756200534465319e-06,3.7545775379147348e-06,1.938115092874108e-06,1.5324330162164614e-05,8.415501161027459e-06,4.386307253059335e-06,1.744839408041614e-06,1.2142032644256636e-06,1.6720054042436892e-06,1.0854546182631874e-05,4.206793689730947e-06,4.2225170632780745e-06,2.5769865257241414e-06,2.365841616801777e-06,4.599662834380088e-06,3.841045745229462e-06,3.323619793890589e-06,3.4983194510236195e-06,3.2622721195744538e-06,1.3465872296606631e-06,3.2990158739554675e-06,3.1341240050334107e-06,4.372060456337497e-06,3.953248634401312e-06,3.3234037913247373e-06,3.8188451741494e-06,4.198860829509095e-06,2.487466833540261e-06,5.113289096429158e-06,3.2726364860192177e-06,2.6825011813830936e-06,5.798406899719998e-06,6.047146684960181e-06,4.4881206224994995e-06,3.5382895738798646e-06,3.1031006754562073e-06,2.3370107623243133e-06,1.7196944053528497e-06,3.521704862210915e-06,3.941039146857784e-06,5.1352503969318004e-06,3.895513569567574e-06,2.216006467676072e-06,2.2164184704436495e-06,3.0438467388900244e-06,3.7676582802855808e-06,4.0610754015370816e-06,4.98830465442403e-06,3.822514137349051e-06,3.2213986077582668e-06,1.745649453017454e-06,1.4507179968434856e-06,4.1735240913522016e-06,2.381011501591423e-06
PWY-5695,7.366916186878074e-05,0.00010316510268944613,4.399123779033412e-05,0.00017461568016470134,8.025269121154448e-05,6.76178164150048e-05,0.0001293420731009185,0.00010042217458947953,0.00016548885083808525,6.526321791050807e-05,0.00011314565542612443,7.12045602804246e-05,0.00010966334712463174,0.00010182405824313898,6.137865962241353e-05,6.620087183497025e-05,7.630033327012624e-05,2.9844469646828874e-05,8.654556017514236e-05,8.699816239823299e-05,3.807535514298861e-05,8.571567714219963e-05,4.448382730539976e-05,8.447510166838335e-05,4.2923647542086204e-05,5.7299100451305505e-05,0.0001126152899617989,8.032902513905353e-05,0.000134838061339476,7.544199856379319e-05,0.00010571074562173889,2.5128895475999952e-05,0.00012580398264692928,5.84119603046852e-05,0.00011324980687588131,0.00011689788371342522,0.00013141395128363144,9.65185217968585e-05,8.034126425351808e-05,9.308292408143927e-05,0.00011198175883767392,8.076937431975076e-05,0.00010911122399905942,0.00010704171454705204,0.00010279790620214861,0.00013339842340556816,9.965264948669087e-05,0.00012782465534317875,5.2260823313139484e-05,0.00010254010498943151,3.587171910438638e-05,9.062940921642857e-05,6.089362701885869e-05,0.0001107301863796908,6.005740523795339e-05,4.672263660418458e-05,6.576690863827346e-05,8.640490174930021e-05
PYRIDNUCSYN-PWY,5.209375994102619e-05,8.771291091723935e-05,5.506045545479148e-05,7.680036507882493e-05,6.529437032301747e-05,6.450714037430347e-05,0.00010443883237040405,8.27720693624011e-05,0.00012671707287414572,5.815481270354525e-05,9.132668571314807e-05,6.86641660582979e-05,8.120889871512493e-05,6.827666753424273e-05,7.729875139076018e-05,7.876995676539605e-05,5.024808286361708e-05,3.218679661642595e-05,8.550964257820359e-05,6.797099026212542e-05,1.730689934267839e-05,4.4513445378388174e-05,4.9202632019772835e-05,6.520778505657166e-05,3.905171025999954e-05,3.56979093584489e-05,9.583526518509635e-05,4.751080189341896e-05,8.226627774459104e-05,5.8137984700995876e-05,8.798796871046243e-05,5.257561343756434e-05,9.048784097859415e-05,4.8317820250171806e-05,5.9516648089734904e-05,8.055054857977779e-05,9.498610578911032e-05,6.178156192099291e-05,7.419267325704542e-05,6.813370000980885e-05,7.247586472355653e-05,5.669276985809627e-05,6.933732743185686e-05,7.127485862014351e-05,4.399315878363178e-05,8.43319142285315e-05,7.051176419172985e-05,6.450102660271067e-05,5.8695144398202034e-05,6.366402673074078e-05,5.0013384649961266e-05,9.648688992150179e-05,5.5971676898823394e-05,8.30571671554795e-05,6.833991539005598e-05,6.9456159498698e-05,5.9486267780296193e-05,5.30091785450533e-05
NAGLIPASYN-PWY,5.644168927135632e-06,2.0110479497893192e-05,5.49186386174849e-06,6.242061020359416e-05,1.5244603049793934e-05,1.0602994361911353e-05,5.297816150419068e-06,2.1539093607139938e-05,5.923286539463313e-06,1.074229685880289e-05,2.6514709184451775e-05,3.88252483443504e-06,4.692900431979859e-05,4.0548628522472395e-05,9.885881227915864e-06,3.86503994432256e-06,1.74780249647749e-05,1.1206734348225587e-05,2.5450573436863927e-05,1.7383646536690172e-05,5.584786156816311e-06,5.468361703232937e-06,3.4110110310209614e-06,3.7307874945651735e-06,2.524056233471809e-05,1.2205607009073388e-05,1.844319947058096e-05,2.0923103608908666e-05,1.637169128579358e-05,4.5304555477417695e-06,2.5155459746813535e-05,8.032217160615225e-06,1.761103588378087e-05,3.8075393212136117e-06,1.9728856502406666e-05,4.606791017995826e-06,2.2410162678887733e-05,3.8800739403014064e-05,1.2363747387810388e-05,1.2150398960403128e-05,2.3266238780686637e-05,3.7392340718146477e-06,1.2568161920300641e-05,1.0004223828428845e-05,2.4166356017452446e-05,3.945419639733653e-05,3.7897289033900403e-06,1.7819179362067882e-05,1.3926608947719933e-05,1.6666828442369683e-05,2.9233015729108736e-06,4.589558480027395e-06,4.857702498270498e-06,3.7353252370621197e-06,4.495121310519974e-06,9.181532215121321e-06,4.543604975320022e-06,3.688536725695996e-06
PWY-7761,2.4667591699750695e-05,4.005397791018158e-05,1.364579945247341e-05,4.3165648517969155e-05,3.4514957591412003e-05,3.8928009715091e-05,1.6265895529050215e-05,3.2524016448337866e-05,3.405851389169651e-05,3.797997409066284e-05,3.8936111324766735e-05,1.1033388827798629e-05,4.27888349088143e-05,3.8998840443443865e-05,1.2622462836078894e-05,3.0055338470924837e-05,3.590929595907534e-05,1.5008288485935653e-05,4.1532247576798094e-05,4.05856543226627e-05,2.5219314867464764e-05,1.1711048208531258e-05,2.997933084611495e-05,3.3908596706942376e-05,2.0114270504165248e-05,1.8813367723031235e-05,4.541865598300482e-05,1.4352181613428705e-05,4.326352486930166e-05,2.9662200907461954e-05,3.233566936478631e-05,3.365483209652057e-05,2.570963450262627e-05,1.5015876768879564e-05,4.412375874058539e-05,4.4440777619002456e-05,1.2902999240857165e-05,1.4976974066733218e-05,4.483866111324207e-05,2.3236367895337735e-05,2.4692586115662416e-05,2.9384628008578058e-05,3.91359671726034e-05,2.9322749615124932e-05,2.3111514202980277e-05,4.101674486193522e-05,4.853287531338728e-05,4.044746190007039e-05,3.380531172456791e-05,4.392282961042312e-05,3.752623048386794e-05,3.214462366910824e-05,1.1482227557309165e-05,4.522038427723432e-05,2.1548614287902932e-05,4.611885435842368e-05,2.194697603395318e-05,4.143907689677751e-05
PYRIDNUCSAL-PWY,2.846281028104099e-05,4.464394871525093e-05,1.589033735019831e-05,4.338359101136209e-05,3.8946088370711156e-05,4.374067039771113e-05,1.8969519069645713e-05,3.511727681066745e-05,3.795976805940521e-05,4.334676842448115e-05,4.266611475788407e-05,1.3048496003061681e-05,4.640049739951339e-05,4.2680328184548234e-05,1.483314667008002e-05,3.0188817442583634e-05,4.050661875458313e-05,1.638996445920172e-05,4.6665868202223176e-05,4.576672000389929e-05,2.8955189893971326e-05,1.3690392773586275e-05,3.417543975358535e-05,3.785334437812037e-05,2.296329852462491e-05,2.157568091396195e-05,4.980659049436736e-05,1.6146903590843937e-05,4.830783022904853e-05,3.3138206471132956e-05,3.677023707451094e-05,3.8164321089512396e-05,2.9069588162939677e-05,1.665206067546161e-05,4.606253079103418e-05,5.009957602656744e-05,1.5099432882095567e-05,1.7648915944276264e-05,5.0786647696814894e-05,2.6905290076476007e-05,2.6700233058547787e-05,3.0949367863680826e-05,4.447246534282232e-05,3.3701723880726934e-05,2.6248404224850973e-05,4.3739302659512005e-05,5.261925429418555e-05,4.3199968675104286e-05,3.890165970154117e-05,4.788321570004012e-05,4.257732006874868e-05,3.572629834350765e-05,1.340291849092206e-05,5.065236654602613e-05,2.3889622867380433e-05,5.2114019249860186e-05,2.5416820687299042e-05,4.316026876399007e-05
PWY-5189,1.377468085869137e-06,1.5310480922009497e-06,1.221518796148285e-06,3.7638762691230234e-05,1.1976222221744694e-06,1.2992614178560948e-06,1.3184070742658656e-06,1.2166735684011014e-06,1.8561513868001376e-06,8.525413963120674e-07,1.4930761416920758e-06,9.855083112564285e-07,2.3680232851772772e-05,1.148453299373705e-06,1.0658118883601018e-06,1.1568562316559269e-06,1.1785637440023933e-06,1.2027638725132208e-06,1.2611197218197246e-06,1.3159196586514503e-05,1.1642530849593032e-06,8.778534332739205e-07,1.2205359032305453e-06,2.5987498841375034e-07,1.2396759127425349e-05,1.0619128853901455e-06,1.2718338145912814e-06,8.287073153008759e-07,1.065368169448897e-06,1.2139343994281232e-06,1.2135937830731573e-06,5.501752986988603e-06,3.3883565874006455e-06,1.1967906871878045e-06,1.6127275379450502e-06,1.275012764625517e-06,9.230124515747067e-07,9.495475201853522e-07,8.733589250206853e-07,1.2182719062302238e-06,2.031928284369502e-06,1.2000316205847404e-06,1.010311924586201e-06,7.936929475267435e-07,1.2231228210356181e-05,1.0167168601243367e-06,1.9615978213744847e-05,1.8080222239464235e-06,1.088603473830598e-06,3.3373859901493935e-06,1.016555843767367e-06,1.9944996825251367e-06,1.219293265844827e-06,1.246216778357482e-06,1.1814053987742787e-06,5.001785961321484e-06,8.672753796660413e-07,1.2067965480461055e-06
PWY-6897,6.817578527044012e-05,5.533158558953806e-05,2.2328640503843167e-05,7.320829079068826e-05,4.432978460519148e-05,7.971862164120029e-05,6.4202347891102e-05,7.096698702539513e-05,8.029706202476939e-05,7.847109753584739e-05,5.775367321313545e-05,5.963051979661351e-05,5.865917997152727e-05,6.54486503926591e-05,4.4608722801152844e-05,7.030470405229044e-05,6.143278318874624e-05,5.084700093892272e-05,5.271961692550681e-05,3.9273347840064364e-05,2.945000818153954e-05,7.03937556401352e-05,6.920195022370317e-05,9.116163933535716e-05,6.230280305564392e-05,2.490662938912611e-05,5.645855322262116e-05,3.9087772565921074e-05,2.543879667571062e-05,5.444607847564418e-05,4.252436422703905e-05,5.2212816188534484e-05,7.339645517647664e-05,4.329817627552614e-05,5.760285780746233e-05,7.29976241413609e-05,8.084985316940463e-05,7.627554487949332e-05,7.323559194581958e-05,5.179750503162674e-05,4.871369228736903e-05,8.623978686292597e-05,2.1203786294881544e-05,5.553755833047723e-05,6.603041090194493e-05,5.722372308109634e-05,4.227758502633258e-05,7.031142890676108e-05,7.46647091572224e-05,4.2828256771813776e-05,4.896251277030095e-05,8.153049489271103e-05,5.024732867683589e-05,6.830213205328711e-05,6.912999521095669e-05,3.1700178068065784e-05,4.0408226796648393e-05,7.544352289270649e-05
PWY-7357,7.174335971022318e-05,8.924899586266833e-05,3.915986011094318e-05,6.673687720326534e-05,8.486175951062479e-05,8.396843461082658e-05,7.700484414097012e-05,8.430801253210209e-05,8.872923448613167e-05,8.979668286372977e-05,7.182194258941039e-05,8.034966434624808e-05,5.4066798790815035e-05,6.977166440039801e-05,5.0289687890436405e-05,5.944728488998888e-05,9.515777508265325e-05,5.0377474107208044e-05,5.728677147022901e-05,5.7417750652424506e-05,4.9882056198837035e-05,6.0816596265525766e-05,8.178785683218526e-05,9.893894461123158e-05,6.424988541627983e-05,4.4669734485280934e-05,6.467949418609261e-05,5.347687576771265e-05,0.00011887203388658566,5.9528999307185446e-05,8.641181432336502e-05,6.0854778588249845e-05,7.323195759500563e-05,4.616736576437878e-05,8.387347467191553e-05,0.00011152589565237783,0.00011437155165924775,9.66940231610661e-05,9.64214880511399e-05,7.311390852693824e-05,5.2574483002644874e-05,8.236486080526438e-05,8.200135590789523e-05,7.143174469457281e-05,8.679954077410629e-05,5.7255554975405556e-05,4.3558221240999484e-05,6.554177855160623e-05,9.16710465096123e-05,4.97493374765616e-05,9.336263729068563e-05,9.043253570908796e-05,5.003578398121864e-05,0.00010572690085461315,7.168182478380605e-05,5.955272361451628e-05,4.3384836736868476e-05,7.342520173225386e-05
PWY-7238,0.00017784299590087885,0.00017012208512042228,0.0001701062882041411,0.00021495750064719693,0.0002141788304210127,0.000205538172972973,0.0001855461095426255,0.00013517031841301137,0.0001786561275222073,0.00023345524989060745,0.00016708957833983515,0.00019018882892972975,0.00018766860607113476,0.00016441234580372573,0.00018103108502665096,0.00010195824729977985,0.00019253999177209726,9.103630563841704e-05,0.0001929645539967294,0.00013039501906046192,0.00018581485757739424,0.00012500843948563386,0.00018417691299138741,0.0001400115176708491,0.0001503269318954752,0.00013229633605994483,0.00024457264279690005,8.817384307801457e-05,0.00017821416039206833,0.00014171391170685085,0.0002140557936818298,0.00021456674896800057,0.0001789475985339278,8.656085715551354e-05,0.00016924123466992535,0.0002392198555559629,0.0002499661653309863,0.00023584148756057618,0.00024099470592171292,0.0001728672657550472,0.00012278256301642004,0.00010783661371575064,9.320100092568614e-05,0.00020711715947284968,0.00017720227546228352,0.00021039409539341458,8.364591710458686e-05,7.586354991187835e-05,0.00017834123089376054,0.00011301297421653086,0.00023135744639605062,0.0001368861515938205,0.000141388639802779,0.00025698916360233383,0.00015794319745544378,0.0002367673781795666,0.00020086151166830155,0.00011470276264788191
LIPASYN-PWY,4.369003151666667e-07,7.407574400000003e-08,1.1864731999999998e-08,1.1864731999999998e-08,7.650419600000004e-08,7.499383999999998e-09,5.132132660000003e-07,6.771825999999998e-09,1.001762e-08,1.1864731999999998e-08,7.529661999999998e-09,7.499383999999998e-09,7.499383999999998e-09,7.800718e-09,2.2727403823333326e-07,1.1864731999999998e-08,1.1864731999999998e-08,2.947733991666667e-07,6.771825999999998e-09,2.3348266223333298e-07,3.1055286000000034e-08,1.3846408000000003e-08,4.3762787316666665e-07,3.1843634e-08,7.743134e-09,1.1864731999999998e-08,1.3846408000000003e-08,1.1864731999999998e-08,1.1864731999999998e-08,7.499383999999998e-09,5.985374800000001e-08,5.928879380000008e-07,6.771825999999998e-09,1.1864731999999998e-08,1.1864731999999998e-08,8.215589999999999e-09,6.771825999999998e-09,1.135002e-08,7.457753999999999e-09,1.1864731999999998e-08,7.499383999999998e-09,1.9650694000000003e-08,7.499383999999998e-09,4.1913028000000055e-08,1.1864731999999998e-08,7.743134e-09,2.2727403823333326e-07,2.1480292023333288e-07,3.648339955666672e-07,6.771825999999998e-09,7.499383999999998e-09,5.985374800000001e-08,1.1864731999999998e-08,3.2812358000000005e-08,1.5895966000000005e-08,1.1864731999999998e-08,6.771825999999998e-09,7.457753999999999e-09
PWY-7282,3.3750194931278056e-05,4.8243543302564706e-05,1.539963832220841e-05,6.6008712157803e-05,4.2794416508343715e-05,3.8470310940695666e-05,3.947381702532728e-05,4.368779548494928e-05,5.9421709661067784e-05,3.272560597934718e-05,4.56008369745258e-05,4.0023016400844935e-05,4.9786096660815725e-05,7.123538673393239e-05,2.7588320386228328e-05,1.7536428296247053e-05,4.3416891266073265e-05,3.037746720226796e-05,4.0907415825668576e-05,3.131612214545786e-05,2.385082299813943e-05,3.451174715269065e-05,3.132013403298001e-05,3.6681748672176646e-05,3.040520853138788e-05,1.9029043180129496e-05,4.7759009043403546e-05,3.828137288931055e-05,1.9690761351224032e-05,3.5123290972842746e-05,5.539382514242667e-05,3.277224910631019e-05,7.678998980665926e-05,5.634732443580399e-05,4.222894600505455e-05,3.9508899520262606e-05,8.032014213168856e-05,8.420757921187974e-05,3.912317652110397e-05,2.6933455974835442e-05,2.253625109835298e-05,2.1805027109769676e-05,1.4886442801378778e-05,3.9736279054132355e-05,4.863580981733828e-05,4.829679559801712e-05,2.4967493559994842e-05,6.609382099285193e-05,3.535775367383803e-05,2.0047657571249106e-05,2.8231475258653695e-05,3.581977581967893e-05,2.4240130122742295e-05,3.579912351245425e-05,3.6511930340337676e-05,4.342517996554273e-05,2.8430291332391883e-05,1.969026143973413e-05
RHAMCAT-PWY,2.3513770077357144e-05,3.86478978426371e-05,2.2564807956564042e-05,6.6001317878992e-05,1.7886195639705358e-05,2.2520820982523173e-05,4.399737989645321e-05,3.0227962362327225e-05,7.60810450093992e-05,2.941710135845458e-05,5.55077111453911e-05,4.0413081515678045e-05,5.401802309803225e-05,2.3336440460237702e-05,1.829722666311959e-05,1.009503454390972e-05,2.433884181361759e-05,2.5031877288897453e-05,2.214392069048256e-05,1.728463345833709e-05,3.047490366286028e-05,1.8926504191112646e-05,2.8974723947681727e-05,3.455908336577391e-05,1.2851775725184674e-05,3.528756863569039e-05,3.807339443984094e-05,2.6347596002834522e-05,1.4742751034708339e-05,3.830841542201366e-05,2.5492541227687534e-05,1.979783230098638e-05,5.038993461068513e-05,2.0417251811003304e-05,1.8470021741254756e-05,4.656208650533478e-05,6.2386125307027e-05,6.074146064911152e-05,1.8152948229032706e-05,1.9550616638636146e-05,2.937960276825264e-05,3.962892206845814e-05,1.9446054246715247e-05,5.019403805678118e-05,5.0804450297851744e-05,3.603967208072642e-05,1.3784600103259574e-05,2.6197983547487012e-05,3.491565816366654e-05,2.7286710721670694e-05,2.5776296690997588e-05,3.121645041129628e-05,2.545401632569349e-05,5.0341069275949816e-05,2.2177126968886585e-05,2.819442940788498e-05,4.1643634785642915e-05,2.10798030279409e-05
PWY-6282,1.5860334684117003e-05,6.412911552319058e-05,3.241842450836143e-05,8.407320366012007e-05,4.375294637670816e-05,7.190975877036336e-05,7.537380375841719e-05,8.694274721292594e-05,0.00013585371810046534,2.7707800479309073e-05,8.813650608107155e-05,4.530868871703138e-05,9.253764239694162e-05,7.461820228473711e-05,4.816226959891299e-05,3.336561546880032e-05,4.5538015647478495e-05,1.7445477174214472e-05,7.371698734054192e-05,1.9534864177975947e-05,5.616824966216368e-05,8.616111799434436e-05,2.1900039428122256e-05,5.856314572673913e-05,3.46979151752382e-05,4.99005780624564e-05,6.604858423163547e-05,4.465526265755954e-05,5.025686115035716e-05,7.230388659415775e-05,5.69692320695543e-05,4.060439880133198e-05,9.14167270758684e-05,6.370377078836117e-05,6.03468682250704e-05,4.6102461826732584e-05,8.029893329637095e-05,7.714082065509662e-05,4.31452688830378e-05,3.2318782343417186e-05,0.00010127567779420929,5.372938424354536e-05,4.006196261507705e-05,7.194604527768799e-05,5.138672221383265e-05,0.00010529489398333384,6.393421342049758e-05,7.288012850284569e-05,4.109340647303416e-05,0.00010557801920917857,4.8689074110320204e-05,7.808224262605506e-05,7.12390082660231e-05,7.995010982150252e-05,6.565750771167804e-05,5.0382438111093986e-05,6.008372550298334e-05,3.458549108473602e-05
PWY-6478,7.725504203972884e-08,8.230790337238855e-08,2.3741521418724062e-07,2.6033266413744103e-07,1.5963876881142627e-08,1.8061882548076485e-07,4.170072541098211e-06,2.04561296460506e-07,5.706633542762763e-07,1.9312665993841802e-07,1.7626362035491982e-07,1.79449287842543e-07,3.0673451350252946e-07,8.520015547047336e-08,2.3352836933284206e-07,2.2073412349812347e-07,2.3623339431562025e-07,2.292287021826174e-07,5.1929592370059653e-08,2.186933016162412e-07,8.914337890734307e-08,7.715456905341918e-08,2.375585801371595e-07,4.859514313345806e-08,2.2946630323946803e-07,1.719305323714257e-07,5.669199100426241e-08,2.297172514413208e-07,1.7669942117042825e-07,2.1518529470805976e-07,2.6595938615670535e-08,1.9239769252858887e-07,2.3468157346240923e-07,2.371308803963905e-07,9.261020245468668e-08,2.0302069358448844e-07,1.903830625655713e-07,5.593139060548252e-07,2.0682310291958632e-07,1.9946178244767824e-07,1.9601164136977905e-07,2.151427057129777e-07,1.7926569639615283e-07,1.8115502753327233e-07,1.983815526313082e-07,5.0467186817742665e-08,9.985840797195448e-08,2.3768552944209904e-07,1.0171796708882472e-08,2.3468866585183027e-07,1.5771425509274793e-08,2.1791952869524283e-07,1.908554534928616e-07,6.15821341464906e-08,2.2743531186185522e-07,5.216590735287549e-08,9.708278065454618e-08,2.1530840650515033e-07
PWY-6519,1.6905017771465372e-05,6.0070602133104986e-05,1.709158565281639e-05,5.119466644876849e-05,3.420822017095292e-05,2.4287687487738602e-05,2.0750510976898133e-05,6.782550649961523e-05,9.59607307807504e-05,7.360200674153734e-06,6.845129476808151e-05,3.816243749220658e-05,7.337030925185082e-05,7.305042480108476e-05,3.5008648229290755e-05,3.296469686706301e-05,1.8975547626994133e-05,1.7877273425777173e-05,6.245743090509881e-05,2.089459725679424e-05,2.9472554224756974e-05,2.04454761791159e-05,2.185060060375086e-05,2.008982488787184e-05,2.0141983683971544e-05,2.9393597031184065e-05,4.781853624038905e-05,2.151208771392056e-05,1.9596378947277647e-05,2.3232102165320675e-05,5.576931913312044e-05,1.9801603371807845e-05,7.54439338586694e-05,2.444250770697277e-05,2.5328626535967813e-05,3.8514180608256924e-05,5.6964702505046626e-05,6.343881425985492e-05,4.172031728748157e-05,3.088413378543733e-05,6.366119752264144e-05,1.9975648971708615e-05,1.9778036470865024e-05,5.590639486874458e-05,2.6760103756397592e-05,9.247478904334971e-05,2.135736511046136e-05,2.7296976606638872e-05,1.985441187663798e-05,5.828711580728156e-05,2.1392112979229892e-05,1.1408154023777825e-05,2.8519029181225574e-05,4.610917319006515e-05,1.6974670520075763e-05,2.8012455064675692e-05,3.82290250816779e-05,2.1666900915577887e-05
PWY-6700,6.728054201831782e-05,0.00010620971759763324,8.930641469136587e-05,8.49533587068374e-05,0.00011199081025409454,9.60954851576491e-05,8.851577820491308e-05,7.530325412862539e-05,0.0001107005465981117,9.939747511779904e-05,0.00010061066906235324,9.236477933280636e-05,0.000100832981677167,9.541409037239694e-05,9.40054019095983e-05,9.254040954830108e-05,9.16890322974203e-05,8.426561449929793e-05,8.771533306933066e-05,0.0001079269947588053,8.645727586998062e-05,0.00010540340339673083,8.917014127047632e-05,0.00010080515500373727,7.907708942614531e-05,8.771168332194929e-05,8.020942367415657e-05,0.00010056054364152625,8.706125234058906e-05,9.41303785044449e-05,0.00011511168649807767,9.683357831968591e-05,8.55824102091881e-05,4.7586204946346496e-05,5.7031902005726726e-05,0.00012079120612878067,0.0001141876496449157,9.563670948921585e-05,0.00011482199662937696,9.906333321858288e-05,8.222330051507847e-05,9.225815536636834e-05,9.799474078043249e-05,0.00014712467316574664,9.569110745950512e-05,9.923962235737222e-05,0.00012758852851708116,0.0001198180359479955,0.00011047423696869926,0.00010565119271376217,7.826605235653932e-05,0.00011429208278581398,0.00013127204316108794,0.00014954849733938316,8.813728659119479e-05,9.879453536442355e-05,9.885340332475372e-05,0.00010337302291861716
PWY-6807,2.963826225011819e-06,1.3956333037961953e-06,2.690831370828164e-06,1.1899492626630119e-06,9.597493578516877e-07,1.8223761727034273e-06,3.740127584258506e-06,6.651374651032283e-06,1.4153105071390272e-06,1.4696888876557802e-06,1.4666608866009003e-06,7.375131647100345e-07,3.1005305870935517e-06,3.855916197677846e-06,3.4590865478858568e-06,3.181156578299397e-06,6.867473801100117e-07,1.1487398007608656e-06,5.819996653513068e-07,3.891048112212809e-06,3.462535543102634e-06,7.00485565286204e-07,8.555060582077759e-07,5.697328014822792e-07,1.945187726466676e-06,1.391363007585391e-06,9.523053962761321e-07,3.1033417664879038e-06,6.504046908258354e-07,1.9545266686892394e-06,1.4825752947364293e-05,7.187772291466425e-07,1.3249209044597735e-05,3.35694924165496e-06,2.863737182687299e-06,1.507711279721286e-06,7.654194912323313e-07,2.0051769564971008e-05,1.0117340995797639e-06,3.7220559418487262e-06,7.735123148582838e-07,2.886535274521293e-06,5.921960173781245e-07,7.660102097611039e-07,3.0718429277449036e-06,4.163689606930848e-06,2.944293347555125e-06,4.3377843951033165e-06,1.1710535271698189e-06,2.8749750255825862e-06,1.1799259901107214e-06,4.174883427568235e-07,7.279852543221087e-07,1.7803844958498238e-06,4.390577070103129e-06,7.898896413260852e-07,5.597768899848739e-07,8.012997192357123e-07
PWY-6936,7.559408755634197e-05,5.384498963513779e-05,1.6498235020423445e-05,0.00012360262757941097,6.975190390574201e-05,7.030273551683386e-05,6.829899840164554e-05,7.051021863909016e-05,6.982914092626374e-05,5.446092928244306e-05,3.150845177510671e-05,8.265295176109086e-05,7.53046690737538e-05,3.504330378825034e-05,2.0421406429352528e-05,3.866838281904893e-05,3.373947313821506e-05,6.295445645602399e-05,7.050100017864466e-05,1.944436888511311e-05,4.892006945380638e-05,6.106535171604388e-05,1.0128558254869297e-05,8.883385497774715e-05,2.8809109145826405e-05,3.021800187584509e-05,7.228121796705738e-05,2.2849572533843073e-05,0.00012155739222177791,4.3991699829593025e-05,7.376971422692133e-05,7.723932282105982e-05,9.873323008957933e-05,5.953781588291711e-05,6.484884994992138e-05,5.12042098490818e-05,7.452816204353857e-05,5.4055058631548886e-05,2.24123187392756e-05,4.621494797879559e-05,4.855631986909714e-05,1.9394078426665343e-05,0.00010277645873226269,9.155579306438052e-05,7.977990783999783e-05,4.0418452781353363e-05,6.639840761235057e-05,5.482652823955676e-05,4.191821168056973e-05,1.1423732438617002e-05,3.375371108936998e-05,2.9814126719919856e-05,1.9177539486182347e-05,5.1825557245212104e-05,1.0601559617884519e-05,0.00010555185033374025,5.020193393819562e-05,4.5309807419178307e-05
PWY-5989,1.4448916746750152e-05,3.0779087838200456e-05,1.1843383860676318e-05,9.454518001522055e-05,1.1151615807116783e-05,1.3494872295583758e-05,5.277898090569424e-05,1.0589276042292336e-05,2.0577529724043984e-05,1.0729235307102694e-05,1.750542260286452e-05,1.1526477473705426e-05,0.00010001175386536013,1.357882247284664e-05,2.1182840110526083e-05,2.88409053494022e-05,1.4577594656287842e-05,1.0455595926759884e-05,1.19570910737739e-05,1.662983125284622e-05,2.4942859286347798e-05,9.17280107828944e-06,9.63449361836758e-06,9.621451951781568e-06,2.4832121866039682e-05,9.923375968605439e-06,2.619906006725616e-05,8.451908539647951e-06,1.539855231512948e-05,1.5766250480250322e-05,1.424158479765116e-05,3.466549391846552e-05,1.5335724424386768e-05,1.853439793443363e-05,2.8074315538514272e-05,1.076793467354549e-05,1.4626921284167163e-05,2.6307478610775406e-05,1.0230218404529978e-05,2.7837240583282264e-05,8.300329994515761e-06,1.0749883336404438e-05,1.3943900426697667e-05,4.365717182295633e-05,3.861567416011556e-05,9.50133392879533e-06,1.141627447407196e-05,1.2305687428787827e-05,1.3926313976792457e-05,1.7735573536389875e-05,1.1181340084629224e-05,9.8547369027074e-06,1.6866777682021025e-05,1.1723459392693748e-05,1.5149913868177276e-05,1.6663483091529165e-05,1.753878421316742e-05,8.237138571107753e-06
PWY-7664,1.5239111507606794e-05,6.733870795400827e-05,3.3184741890187324e-05,8.721001006012218e-05,4.784637107274469e-05,7.486483432921866e-05,7.786880453110757e-05,8.750593500613516e-05,0.00013472707940643622,3.111480789661604e-05,8.680043986030409e-05,4.914826972762281e-05,9.504368151153273e-05,7.685017212716434e-05,5.004546106294254e-05,3.4721136677531585e-05,4.518251308946279e-05,1.7057142666873642e-05,7.696130920130606e-05,1.912155007416679e-05,5.7739052103584865e-05,8.511448791766796e-05,2.327829448193629e-05,6.0493242607200624e-05,3.823429173381277e-05,5.333882481511232e-05,6.543971882757637e-05,4.3773132347445865e-05,5.346957347295584e-05,7.136368919851075e-05,5.55615784762834e-05,4.1179285234721035e-05,9.568008718967179e-05,6.535997675131223e-05,5.8855409732334105e-05,5.083679907009514e-05,8.317804436622063e-05,7.763751997392269e-05,4.721957388834336e-05,3.566291853430687e-05,0.00010037110951951587,5.277748308424491e-05,4.509342117880827e-05,7.250445196804771e-05,5.208017754436898e-05,0.00010573073854452459,6.366628147930956e-05,7.353603742476248e-05,4.5201966597964134e-05,0.00010769083989714753,5.186228818701896e-05,7.673762234649207e-05,7.166700223675247e-05,8.593051176177202e-05,6.647977424231609e-05,5.4958864587786216e-05,6.19620967278835e-05,3.349895301858447e-05
PWY0-1586,6.16741490453679e-05,6.772324684099373e-05,2.0610525843527258e-05,0.0003242739268665477,9.89628923004862e-05,5.896107638092076e-05,9.934841404267833e-05,9.18517997261254e-05,0.00013457034871622994,6.691918080437715e-05,9.971995654836677e-05,9.390509905293086e-05,0.00021475461222439035,0.00014810780416438243,1.5936961395494537e-05,9.469116742910002e-05,5.143037685302023e-05,5.3706961475031296e-05,0.0001316721951649261,4.686015889989117e-05,5.5468147468104024e-05,9.305681004988394e-05,3.6186407885966575e-05,6.504303160732668e-05,0.00010153725835940329,2.589540316144407e-05,9.4424608242256e-05,7.27676688883915e-05,5.7198981032111575e-05,6.883174464254021e-05,0.0001669938264779243,2.148979714103167e-05,7.849210878910279e-05,3.3360314753027826e-05,7.838538493611331e-05,6.683090479691995e-05,0.00012285838427223238,0.00010552087656821705,7.66412797331985e-05,4.5655518969133444e-05,9.540637852818876e-05,9.443637403812926e-05,2.405448306143894e-05,0.0001225047126044472,0.00012986741681586558,0.00013929272869197333,2.5059030721497186e-05,5.886388686421008e-05,5.6124305672802527e-05,8.014365488279796e-05,5.9144715838945054e-05,0.00011320612780794699,5.694572814667744e-05,3.940538843481761e-05,3.952408407778842e-05,7.487320861654575e-05,6.115373827529954e-05,6.636527018752392e-05
PWY-8073,5.644168927135632e-06,2.0110479497893192e-05,5.49186386174849e-06,6.242061020359416e-05,1.5244603049793934e-05,1.0602994361911353e-05,5.297816150419068e-06,2.1539093607139938e-05,5.923286539463313e-06,1.074229685880289e-05,2.6514709184451775e-05,3.88252483443504e-06,4.692900431979859e-05,4.0548628522472395e-05,9.885881227915864e-06,3.86503994432256e-06,1.74780249647749e-05,1.1206734348225587e-05,2.5450573436863927e-05,1.7383646536690172e-05,5.584786156816311e-06,5.468361703232937e-06,3.4110110310209614e-06,3.7307874945651735e-06,2.524056233471809e-05,1.2205607009073388e-05,1.844319947058096e-05,2.0923103608908666e-05,1.637169128579358e-05,4.5304555477417695e-06,2.5155459746813535e-05,8.032217160615225e-06,1.761103588378087e-05,3.8075393212136117e-06,1.9728856502406666e-05,4.606791017995826e-06,2.2410162678887733e-05,3.8800739403014064e-05,1.2363747387810388e-05,1.2150398960403128e-05,2.3266238780686637e-05,3.7392340718146477e-06,1.2568161920300641e-05,1.0004223828428845e-05,2.4166356017452446e-05,3.945419639733653e-05,3.7897289033900403e-06,1.7819179362067882e-05,1.3926608947719933e-05,1.6666828442369683e-05,2.9233015729108736e-06,4.589558480027395e-06,4.857702498270498e-06,3.7353252370621197e-06,4.495121310519974e-06,9.181532215121321e-06,4.543604975320022e-06,3.688536725695996e-06
PWY0-862,1.2497807709626297e-05,6.385652917801397e-05,3.194972064065277e-05,8.168927784006883e-05,4.474690507698123e-05,7.065310826188981e-05,7.299847875809916e-05,8.371316446081614e-05,0.0001287479035482546,2.8742358001814412e-05,8.000846428665172e-05,4.5752137613402456e-05,8.973811678627476e-05,7.292361126825996e-05,4.816530821105239e-05,3.214187482412139e-05,4.245394295441744e-05,1.5166550039283335e-05,7.246300921497747e-05,1.709596087950257e-05,5.473824011696781e-05,7.969333200945518e-05,2.185270272598491e-05,5.742346991493794e-05,3.5754192630483684e-05,5.0001606507531275e-05,6.118087548552601e-05,3.941310897199102e-05,4.957861603634405e-05,6.651977751753189e-05,4.880799294803457e-05,3.891947715488265e-05,9.28101746916539e-05,6.219119213111527e-05,5.169999280043082e-05,4.7094083919524826e-05,7.778374386096917e-05,7.543603082701177e-05,4.391339142048067e-05,3.311546305402415e-05,9.558991622706776e-05,4.801388744164632e-05,4.180931145205088e-05,6.786933985387787e-05,4.875523296455526e-05,0.00010018037696460368,6.220641096714998e-05,7.233945504510167e-05,4.2023898068874794e-05,0.00010767395306516623,4.821368821547892e-05,6.998829036295613e-05,7.167130530058426e-05,8.192306700972282e-05,6.243806660364789e-05,5.1705794759527247e-05,5.870902271233591e-05,2.848720853290031e-05
PWY66-389,8.810389949763349e-07,5.877342062779436e-07,1.074498559177978e-06,5.718642278007888e-07,5.261957074566117e-07,5.607820536503494e-07,8.509583734841478e-07,9.656440104566406e-07,6.272386963816805e-06,6.40755429362274e-07,3.8642973483151386e-07,1.1317823697958215e-05,5.177810855778288e-06,1.579164802786862e-05,6.486900598017841e-07,1.0451320415562572e-05,7.861681011723781e-07,2.2025510977764502e-05,3.397981383228015e-07,6.275977393107626e-07,8.276465966538567e-07,8.506910899118801e-07,7.865856200681296e-07,7.673413655747011e-07,3.3727942268681103e-07,3.142122065558902e-07,5.726614234438206e-07,5.900039550246471e-07,4.4294203388503427e-07,9.810983624991613e-06,6.359746370958844e-07,8.965295577337508e-07,4.100608777670322e-07,1.2692678314649908e-06,1.3278519682662894e-06,6.129646788715242e-07,4.185345326095959e-07,7.646780201719384e-07,5.704405958664746e-07,1.0163190156671636e-05,8.850724413047877e-07,7.05367373011727e-07,3.615560885989102e-07,1.6461756327791524e-05,3.581230307312286e-06,7.137130386021995e-07,1.1543083860637244e-06,1.0350947093019247e-06,5.178031137820827e-07,4.6985010092425083e-07,4.005487755959084e-07,9.960223134034511e-07,6.650655229909763e-07,7.193833035524725e-07,9.832493571362814e-06,6.134308846266101e-07,7.582038521096898e-07,7.334348705174464e-07
PWY-5130,0.0,9.760727543446949e-06,0.0,1.0556455343945865e-05,6.3899605607039385e-06,8.14604107808277e-06,1.5985106365162548e-05,8.168000281888882e-06,9.602711444070669e-06,6.786352435461196e-06,1.4116045399595816e-05,8.097647432622593e-06,6.785759931599664e-06,0.0,1.2376167690968794e-05,0.0,8.231214547650855e-06,7.45647878598667e-06,8.179873617445052e-06,7.255209663578695e-06,7.4583815873132834e-06,5.825057051029544e-06,6.49430552675114e-06,6.753846008705063e-06,0.0,0.0,1.0004286029859448e-05,7.287862973218071e-06,1.0056816531709834e-05,8.117393539807896e-06,1.053885737866334e-05,0.0,9.43475587512376e-06,1.521672163737286e-05,5.988088885579246e-06,5.832639758964496e-06,7.09179217376875e-06,8.53656133635936e-06,6.377451187589143e-06,1.7600741370579494e-05,6.949627547124324e-06,0.0,1.0159582764964444e-05,6.994499680842895e-06,1.1235447975104198e-05,6.556563258366716e-06,1.5012337793585568e-05,8.652405315955967e-06,5.872705527079464e-06,0.0,8.882289243843638e-06,1.356024281181667e-05,0.0,0.0,0.0,0.0,0.0,0.0
P124-PWY,0.0,0.0,0.0,2.834254151446612e-07,0.0,0.0,3.402119762167113e-08,0.0,0.0,0.0,0.0,0.0,1.0520656808342526e-07,0.0,0.0,0.0,0.0,0.0,0.0,0.0,0.0,0.0,0.0,2.490709866357422e-05,9.223720409414135e-08,0.0,0.0,0.0,0.0,0.0,0.0,0.0,0.0,4.117627541729302e-08,0.0,0.0,0.0,0.0,0.0,0.0,0.0,0.0,0.0,4.118191671737656e-08,0.0,0.0,4.1175387058471363e-08,0.0,0.0,0.0,0.0,0.0,0.0,0.0,0.0,0.0,0.0,0.0
