,SRR6915091_500K_merged_Abundance.RPKs,SRR6915092_500K_merged_Abundance.RPKs,SRR6915093_500K_merged_Abundance.RPKs,SRR6915094_500K_merged_Abundance.RPKs,SRR6915095_500K_merged_Abundance.RPKs,SRR6915096_500K_merged_Abundance.RPKs,SRR6915097_500K_merged_Abundance.RPKs,SRR6915098_500K_merged_Abundance.RPKs,SRR6915099_500K_merged_Abundance.RPKs,SRR6915100_500K_merged_Abundance.RPKs,SRR6915101_500K_merged_Abundance.RPKs,SRR6915102_500K_merged_Abundance.RPKs,SRR6915113_500K_merged_Abundance.RPKs,SRR6915115_500K_merged_Abundance.RPKs,SRR6915116_500K_merged_Abundance.RPKs,SRR6915118_500K_merged_Abundance.RPKs,SRR6915119_500K_merged_Abundance.RPKs,SRR6915120_500K_merged_Abundance.RPKs,SRR6915121_500K_merged_Abundance.RPKs,SRR6915122_500K_merged_Abundance.RPKs,SRR6915123_500K_merged_Abundance.RPKs,SRR6915124_500K_merged_Abundance.RPKs,SRR6915137_500K_merged_Abundance.RPKs,SRR6915138_500K_merged_Abundance.RPKs,SRR6915139_500K_merged_Abundance.RPKs,SRR6915140_500K_merged_Abundance.RPKs,SRR6915141_500K_merged_Abundance.RPKs,SRR6915142_500K_merged_Abundance.RPKs,SRR6915143_500K_merged_Abundance.RPKs,SRR6915144_500K_merged_Abundance.RPKs,SRR6915145_500K_merged_Abundance.RPKs,SRR6915146_500K_merged_Abundance.RPKs,SRR6915157_500K_merged_Abundance.RPKs,SRR6915158_500K_merged_Abundance.RPKs,SRR6915159_500K_merged_Abundance.RPKs,SRR6915160_500K_merged_Abundance.RPKs,SRR6915161_500K_merged_Abundance.RPKs,SRR6915162_500K_merged_Abundance.RPKs,SRR6915163_500K_merged_Abundance.RPKs,SRR6915164_500K_merged_Abundance.RPKs,SRR6915165_500K_merged_Abundance.RPKs,SRR6915166_500K_merged_Abundance.RPKs,SRR6915188_500K_merged_Abundance.RPKs,SRR6915189_500K_merged_Abundance.RPKs,SRR6915190_500K_merged_Abundance.RPKs,SRR6915191_500K_merged_Abundance.RPKs,SRR6915192_500K_merged_Abundance.RPKs,SRR6915193_500K_merged_Abundance.RPKs,SRR6915194_500K_merged_Abundance.RPKs,SRR6915201_500K_merged_Abundance.RPKs,SRR6915202_500K_merged_Abundance.RPKs,SRR6915203_500K_merged_Abundance.RPKs,SRR6915204_500K_merged_Abundance.RPKs,SRR6915205_500K_merged_Abundance.RPKs,SRR6915206_500K_merged_Abundance.RPKs,SRR6915207_500K_merged_Abundance.RPKs,SRR6915208_500K_merged_Abundance.RPKs,SRR6915209_500K_merged_Abundance.RPKs,SRR6915210_500K_merged_Abundance.RPKs,SRR6915211_500K_merged_Abundance.RPKs,SRR6915212_500K_merged_Abundance.RPKs,SRR6915213_500K_merged_Abundance.RPKs,SRR6915214_500K_merged_Abundance.RPKs,SRR6915215_500K_merged_Abundance.RPKs,SRR6915216_500K_merged_Abundance.RPKs,SRR6915217_500K_merged_Abundance.RPKs,SRR6915218_500K_merged_Abundance.RPKs,SRR6915219_500K_merged_Abundance.RPKs,SRR6915220_500K_merged_Abundance.RPKs,SRR6915221_500K_merged_Abundance.RPKs,SRR6915222_500K_merged_Abundance.RPKs,SRR6915223_500K_merged_Abundance.RPKs,SRR6915224_500K_merged_Abundance.RPKs,SRR6915225_500K_merged_Abundance.RPKs,SRR6915226_500K_merged_Abundance.RPKs,SRR6915227_500K_merged_Abundance.RPKs,SRR6915228_500K_merged_Abundance.RPKs,SRR6915229_500K_merged_Abundance.RPKs,SRR6915230_500K_merged_Abundance.RPKs
PHOSLIPSYN-PWY,2.73414864180021e-05,3.138296694949399e-05,3.692586788340022e-05,0.00010731223667231334,0.00014264515151054033,0.00014165827065850195,5.931435934597978e-05,0.00016129155430570074,7.244521753588116e-05,4.975658290329457e-05,4.1003572618841456e-05,8.719857628457635e-05,3.642500536457548e-05,0.00010572750251841941,2.6552796049786306e-05,3.1118139644694384e-05,4.2111316803855844e-05,5.5347521602614633e-05,3.828990773897338e-05,7.206025208628854e-05,3.0605199839124445e-05,2.580855307783287e-05,3.8878196638215316e-05,5.2706925885904147e-05,6.633891325797998e-05,3.869018351037362e-05,5.175009008567691e-05,6.338236644633474e-05,3.8359874798854114e-05,3.449867397240373e-05,3.132664001320197e-05,4.098420242462684e-05,9.659113614153772e-05,2.8511343061000023e-05,6.06840600387487e-05,8.930583416399688e-05,3.837180437191973e-05,4.998626487712436e-05,4.1210503880200904e-05,4.602187567376501e-05,2.164181549310158e-05,3.762761642529024e-05,6.288799035464944e-05,3.238332898563869e-05,4.648112126016649e-05,1.9691351355812044e-05,2.3134787521496287e-05,3.2536704530821034e-05,5.803197992878957e-05,8.846943027718444e-05,5.199466769212459e-05,5.00491899456834e-05,4.198821692926873e-05,4.72875208109743e-05,2.85050077701279e-05,4.481282590405125e-05,2.5968139102237266e-05,3.829980510853204e-05,3.6265597696480165e-05,2.2928609237527484e-05,2.883779084285778e-05,4.0214588136095094e-05,6.455830981229764e-05,2.0763717539804342e-05,5.619607678271158e-05,3.1074559438531796e-05,3.330316092599502e-05,0.00013658882984251983,6.202371188946011e-05,7.916682357596192e-05,6.64529515473583e-05,3.400295421635412e-05,3.55416543839319e-05,8.776031249477818e-05,4.9529977764135614e-05,2.491968055195752e-05,2.3167490914670094e-05,5.109872206293002e-05,3.080996390757044e-05
PWY-5981,6.603127745053487e-06,3.9111491064035835e-05,2.4990686622758436e-05,3.605352539629041e-05,3.625833608773434e-05,0.00012521938194445714,2.839209707539618e-05,0.0001557767147196335,1.4432292580344618e-05,3.072279803196726e-05,3.221993061678424e-05,1.5099158483283567e-05,2.9941705265936194e-05,5.0320999749342956e-05,2.7636339719426846e-05,2.9657699587118878e-05,1.8798643174058133e-05,2.544646665993959e-05,3.4862119974566746e-05,2.8054066522282524e-05,4.063527805942454e-05,3.322116042322361e-05,4.3012322304433015e-05,5.771265435406836e-06,9.239989939856167e-06,2.8317696613026605e-05,1.4897252188446529e-05,2.616338451984156e-05,7.4301771822632e-06,3.313432495122962e-05,2.4689746554652476e-05,1.2763670420265962e-05,3.4138272256981504e-05,3.915797070218302e-05,3.2451974705690574e-05,2.296601925207949e-05,3.407285829759849e-05,2.5310330327941988e-05,3.67742481816858e-05,3.132413280858816e-05,2.4351763336668934e-05,2.6576498372032547e-05,3.053808486687896e-05,2.905451669173556e-05,3.0283776122609934e-05,1.0122537605949342e-05,2.8100974468546022e-05,2.543631811760259e-05,2.9011572611988106e-05,3.777785882507487e-05,3.2959316769773295e-05,2.5885788833485112e-05,9.214788338787186e-06,2.9936814369918214e-05,2.0737901702772706e-05,2.0808797798757675e-05,3.1059134244315786e-05,2.1374021786041615e-05,2.336869175450383e-05,2.3025301817325605e-05,1.3023756829614152e-05,3.30969928294515e-05,3.3365892524212425e-05,8.607326997185672e-05,2.6583742730609857e-05,3.475154388403226e-05,3.1480027348278376e-05,2.5620863342164464e-05,1.7469153681085566e-05,5.693609354016559e-06,2.1707761926481323e-05,2.6975490986386752e-05,2.4472516347789502e-05,9.37538250650664e-05,3.994960391098794e-06,2.6023012338700484e-05,2.5202133684345024e-05,3.349897908221571e-05,2.6686341877002187e-05
PWY0-1319,0.000121397063534818,6.137414301073719e-05,5.8721093211935155e-05,0.00016375489854614407,0.00013897278714978278,0.00012957152474484101,0.00010823395533370969,0.00015674979101978247,0.00010224975514861934,7.436879117015367e-05,8.414098125804845e-05,0.00011533371706582346,8.383674127213709e-05,0.00011670503466361921,8.405452354922508e-05,4.223618177665564e-05,0.0001376995870858058,6.856111600710579e-05,0.000103281514170075,0.00011073644008850999,8.174380170925167e-05,7.98851221671165e-05,9.155815577459417e-05,0.00011013543980938295,0.00013650180848249422,0.00010784161229418001,0.00012200817661826979,8.301032090489367e-05,7.355888555140518e-05,9.774700821073374e-05,2.9114648762441988e-05,0.00012917314165679069,0.00011298782021907443,8.098846693517853e-05,0.00010474042394857468,0.00013632589373601433,7.287580916829415e-05,9.328509140841587e-05,9.518166696076096e-05,0.00014637742974776585,1.8083510730737337e-05,4.968483735080471e-05,0.00011030793818056875,8.464629693490484e-05,0.00012533558563186873,2.515781842962256e-05,9.159546016460762e-05,9.662867005319043e-05,8.242569059309855e-05,0.00015383012991764997,8.876344147917978e-05,6.603776774359524e-05,8.608974269034212e-05,8.869549016178952e-05,4.04845832886119e-05,9.769460283810316e-05,0.00013679027614006974,4.640467203132164e-05,5.854448169462479e-05,2.380935598993139e-05,8.844167740164437e-05,9.173910167287613e-05,9.707139088341521e-05,0.00010699036358756793,6.833894886558862e-05,8.357281362250896e-05,8.284523263788602e-05,0.00015881488880394563,7.670773614117822e-05,0.0001350097587966227,9.476872116478312e-05,6.058998142427338e-05,7.49404801446795e-05,0.00010692950709576842,8.375941287926831e-05,0.00010151220417410177,3.5189010552640926e-05,8.608113706581141e-05,2.5852713064687696e-05
PWY4FS-7,1.5893428957705902e-05,2.3585036193647335e-05,2.256924985209567e-05,8.16836251147787e-05,0.00013251557722726828,0.00013875119273607474,4.5684882937080143e-05,0.00015443189840163362,7.705763364329256e-05,4.024829146269628e-05,2.8654718213221948e-05,7.677512268772491e-05,2.6031085245917146e-05,8.443346204718515e-05,2.4252575743648975e-05,2.2337788918492365e-05,2.135435375866614e-05,4.257824951485139e-05,2.5358903657120182e-05,4.554378804569988e-05,2.1656696049764237e-05,1.6099283104485367e-05,2.280478045709692e-05,3.6456852399808464e-05,4.983386482635662e-05,2.380548287870759e-05,3.666871806884188e-05,5.061944792813952e-05,2.738452119373567e-05,2.3592661777948552e-05,2.4493232186549525e-05,2.1882195242332482e-05,8.767941695350872e-05,1.7966074838618606e-05,4.695647424253461e-05,7.126198204863517e-05,2.231670971403542e-05,3.4251805815032764e-05,2.5137815614766033e-05,3.215827067979263e-05,1.7075866682868012e-05,2.547604444040029e-05,4.7834490277557745e-05,2.2725407421808096e-05,3.0702621020866905e-05,1.4372817096956574e-05,1.5513072134127314e-05,2.9853701926268927e-05,4.3515567569920945e-05,6.352846409381633e-05,3.0446915450592047e-05,4.302204832226138e-05,3.065939101726205e-05,3.226410285187875e-05,2.109229128955318e-05,3.6595667248633995e-05,1.4418670955339724e-05,3.177315966360318e-05,2.9557474675000005e-05,1.6351582572412027e-05,2.052095939799014e-05,5.98032423029468e-05,5.294399782434549e-05,2.6667209027507038e-05,4.1728432011206774e-05,2.421139691250441e-05,2.2333714968258047e-05,0.0001279314680141173,5.0220952092001474e-05,8.746764493998067e-05,5.29370971775356e-05,2.4309596599049497e-05,2.3114166375225513e-05,7.748600010179688e-05,3.746504342479592e-05,1.6618226390160845e-05,1.6914233288402906e-05,3.1776088372014264e-05,2.8029983317780064e-05
COLANSYN-PWY,8.738884206585888e-05,2.7193404689058955e-05,1.9787470490074016e-05,0.00011940346046994953,3.980132333970044e-05,6.738036637678932e-05,4.0877887974287696e-05,6.817382742685513e-05,6.916550180333301e-05,3.424960216302286e-05,1.7764147617746028e-05,6.438843674940294e-05,4.89214452746765e-05,7.337581217344774e-05,3.0164038790122588e-05,4.455483909829247e-05,2.6586091544654472e-05,5.050080035482918e-05,2.4787349568726255e-05,6.216870230098971e-05,5.957906270005567e-05,2.5822085442865346e-05,3.494686803154119e-05,3.191967209128238e-05,4.511380073544546e-05,3.321184556664869e-05,0.0001058031577736973,3.834714145306394e-05,5.6459893710686385e-05,3.383021390411725e-05,2.367038912554946e-05,0.00010220982510368859,0.00011260342030556534,3.0220769550547623e-05,3.612900822485348e-05,8.064354735225375e-05,2.305600409368021e-05,4.175723402839293e-05,9.607261690698604e-05,6.063686888140511e-05,2.1696956364002514e-05,2.1384768426036442e-05,3.769849413835687e-05,2.6291538200071816e-05,4.836076308012176e-05,1.2262960169495077e-05,4.4367520109059e-05,5.398694537015959e-05,7.331469355034302e-05,0.00013966688146291103,7.900211664543206e-05,5.295623987138354e-05,4.4766306934420505e-05,3.206208068737566e-05,3.233285737949406e-05,2.0755591475481332e-05,2.5310726576481197e-05,4.2338522584308706e-05,1.8236353318318284e-05,2.7990040137232294e-05,3.754353946470403e-05,0.00011284304960243195,3.456487160497195e-05,3.4100500982767236e-05,3.037374451632398e-05,2.4366547839175815e-05,2.4520054471956245e-05,8.677193376526959e-05,3.240389142819257e-05,5.051710660787406e-05,3.989227071233258e-05,2.290436107931383e-05,2.8684243705443248e-05,7.877729012556652e-05,5.4956370546029373e-05,6.113534051121795e-05,3.683343480002759e-05,6.699629066713154e-05,3.3189929542101694e-05
GLUCONEO-PWY,0.00012065352584019184,4.2772537078452875e-05,4.642792823560073e-05,0.0001276563707614986,0.00016571035240355245,0.00016346583798258318,5.273625658492911e-05,0.00017116855591160426,4.745974576384653e-05,4.558741300319407e-05,3.61203956284963e-05,9.778351273611886e-05,4.282997213470745e-05,6.78842213512186e-05,3.3589878486402044e-05,3.584495954751184e-05,3.2132287189742145e-05,8.915008303992387e-05,7.157634208276196e-05,4.191590245966589e-05,5.357899801853476e-05,4.069007337933191e-05,4.331006759931453e-05,8.549939181200878e-05,4.4177221502317424e-05,6.623719900398496e-05,0.00011478777652592703,3.988037779063388e-05,9.711722656396293e-05,3.3750611946736015e-05,4.3174492855923144e-05,9.661604219360494e-05,9.95588363880135e-05,6.174014075714943e-05,5.609374359046355e-05,9.028806721768362e-05,6.954744715268786e-05,4.909593513339062e-05,6.461106177846964e-05,6.327698245055584e-05,4.14187388685221e-05,3.3974302968472796e-05,5.91481840783956e-05,6.742102565709702e-05,3.3561341373760714e-05,4.317906188864801e-05,7.05802914097543e-05,5.456843733983909e-05,5.984041547770841e-05,8.995258705268879e-05,4.2926998853885436e-05,9.624664373136617e-05,6.540124795717489e-05,7.357006794094695e-05,7.733191440707153e-05,4.8109591202275825e-05,6.288868528286821e-05,6.862579280922994e-05,5.1965427593672236e-05,6.236987502497535e-05,3.86088384912415e-05,7.000829124044719e-05,3.192270714967953e-05,3.406065573696853e-05,0.00010919565536524355,4.3996081460117186e-05,5.680909204075111e-05,0.00015878719378440383,3.327325919259883e-05,0.00010818188314129798,3.161277686401759e-05,5.9260318342915354e-05,4.31852727795577e-05,0.0001318775926741911,4.604206928871292e-05,3.752026583327877e-05,4.029203038108506e-05,1.8594714882946336e-05,5.622186831997723e-05
PWY-7115,1.7656316141909165e-05,4.734373771780784e-06,2.737615771344509e-06,6.7062843590436995e-06,5.189237784223073e-05,8.01893342587129e-05,1.8372564670438855e-06,8.273096591701239e-05,6.8776265253030154e-06,6.908549757080261e-06,1.3102475975740088e-06,1.4166434845478744e-05,6.601183545430621e-06,3.2887921899353854e-06,3.2003302221696554e-06,1.0209060278784566e-06,3.4202249990223007e-06,2.5553119026800528e-06,8.96295918097664e-07,2.4334085953452585e-06,4.855074733114359e-06,5.398394888491107e-06,3.6683434738183017e-06,4.14466353257542e-06,2.404009785178445e-06,1.627936658454386e-06,3.3491461914818984e-05,2.8402565169767937e-06,5.046327294760074e-06,7.845040903286273e-07,4.362633378111703e-06,1.110530013255886e-05,4.015661865218458e-05,3.255734169167706e-06,2.8116720969226934e-06,2.0989133463649066e-05,7.943913425149559e-07,2.9279816303128705e-06,1.1835489626269646e-05,4.873972193126801e-06,8.05354961504884e-07,1.4919011130760313e-06,3.437727869604575e-06,3.485092728953263e-06,1.6314163824556435e-06,1.9779249085364737e-06,2.2911897601362354e-06,3.7386873506770368e-06,7.748659525420799e-06,1.5353761268425217e-05,1.0659191794401279e-06,1.938007000576843e-05,9.559509651237512e-06,1.4755812090647347e-06,2.4307451070790104e-05,1.946769345564263e-06,2.744259621918866e-06,2.158962949526908e-05,1.4020208044575682e-06,3.0673308439013367e-06,6.193691230165826e-07,1.7854555989238253e-05,2.5076290074765113e-06,7.092849383334882e-06,1.4225197465281716e-06,6.998324157647946e-06,1.381618072580163e-05,5.6368357615636986e-05,2.0092013016109506e-06,4.723922680140083e-05,4.2750198154334125e-06,1.5648211519147922e-06,1.6678366710338636e-06,7.274886656086269e-05,2.65224829391531e-06,3.568428097941551e-06,7.980185519411321e-07,4.671741625772778e-06,1.8034754488031632e-05
P163-PWY,2.8051005121190843e-08,2.661847019154184e-08,2.6115053802642547e-08,5.788769236353907e-08,2.2466898261235942e-08,2.85181623556483e-08,2.6400885800606035e-08,3.1466751889972154e-08,3.1733845023634004e-08,2.9698346577453578e-08,2.6971495999990474e-08,6.165956682661831e-08,6.479952127570342e-08,3.1286506146948956e-08,2.7696548094894687e-08,2.6446599498781442e-08,2.6262050854123255e-08,3.066362473968837e-08,5.352991718797858e-08,5.2608430417545654e-08,2.616741743116096e-08,3.069078594759539e-08,2.6580157080219507e-08,6.112873634534325e-08,2.9661135976501033e-08,3.036991671147695e-08,3.0957374522207496e-08,3.0636565359135745e-08,2.6486781239218916e-08,3.070962720845084e-08,2.6952263168843253e-08,3.1047511752345147e-08,3.0486171752638395e-08,2.643959182952153e-08,5.070793696804099e-08,3.0912613028360026e-08,2.8404166860052245e-08,2.6166196515674936e-08,2.5412551625451553e-08,2.9449874904715115e-08,2.6036176276458467e-08,2.5950866869660617e-08,2.9770975697985686e-08,2.722386875621071e-08,5.617491561678268e-08,6.406551872921606e-08,2.9403215889085762e-08,2.6293686304768317e-08,3.174925256878242e-08,2.7932210683353587e-08,5.821272544304908e-08,2.7675544985347577e-08,6.267236198720804e-08,2.7064152539962926e-08,5.1812778962306836e-08,2.6751522574903695e-08,6.496470752461897e-08,2.6781694023946124e-08,2.8002868767336005e-08,2.61596159713137e-08,2.5060468677857632e-08,2.9825059881528496e-08,5.22992041424093e-08,2.5379047461542145e-08,2.579490170607386e-08,2.7824451113488286e-08,3.064609934795051e-08,2.4153007053646776e-08,2.7103330605640744e-08,2.9232253802348453e-08,3.172021602482964e-08,2.648940924815438e-08,3.0665255848650326e-08,6.495201293470693e-08,1.6027773572170683e-05,2.792210345171508e-08,4.704065214054929e-08,5.501229130272197e-08,5.8482079050783803e-08
1CMET2-PWY,0.00015145811094812302,6.411157626403925e-05,0.00013078760549843963,0.000148566537189038,0.00013188358344939783,0.00016505155896647935,9.725423156846357e-05,0.00016149282730219328,9.842764068407772e-05,7.89557862176946e-05,0.00012746492590911594,0.00012307539833714785,7.364868531385952e-05,8.16693443487992e-05,0.00010011661134577236,0.00012059519338517863,0.0001785888909584503,9.577262835509601e-05,8.043556652411414e-05,0.00013823595686978082,9.730493679933684e-05,8.163784163132724e-05,0.00011621796471607336,0.00011006443879166982,9.887845337873666e-05,0.00015333671746719095,0.00013845521246834742,0.00010168081047571217,8.703810773249787e-05,0.00010317085958528316,5.7687989885325854e-05,0.00013819999065908003,8.723836630776244e-05,8.7647714930403e-05,6.290299672871534e-05,0.00010527900503566712,0.00012235133969709086,8.182201276430405e-05,0.0001018936033226401,9.998559022188412e-05,5.50952382017371e-05,0.00010542965277764198,0.00011439152965216412,9.283873331224085e-05,8.634904978646413e-05,6.63523101610171e-05,9.022672002117098e-05,9.334514823635174e-05,0.00013187593087715698,8.453377123000407e-05,0.00010961936857371557,8.776757140936506e-05,8.490054678885587e-05,0.0001007942072346017,9.219404529734331e-05,0.00012199505741482647,0.000142525758977568,7.52099662073933e-05,8.341397601103253e-05,6.060335515889956e-05,7.798288164915684e-05,0.00010020097293055595,9.334945440984338e-05,0.00011567671678954831,0.00011170997959966465,0.0001597727651032424,6.573046673646124e-05,0.00015416091569471596,9.555316272988615e-05,0.0001426255989960288,0.00011868523071441848,8.290331668860549e-05,0.00011545855998325431,0.00013809240136736554,0.00011394656012276249,4.614265548209074e-05,8.646001525657256e-05,0.00010882784434713613,0.00014666779082145686
PWY-2201,7.768253170411938e-05,4.2018781252837085e-05,4.1655168077682604e-05,7.824967157581192e-05,3.4878155902564256e-05,8.194387150500369e-05,9.777591396165337e-05,3.774193487479999e-05,9.866866938406181e-05,8.431784358635118e-05,7.825020332705031e-05,8.673355328549596e-05,5.796959402642893e-05,6.173980359338895e-05,3.711404942405185e-05,5.785905345225525e-05,6.358408195412526e-05,6.647842693665332e-05,2.6174195528981776e-05,9.807032550361361e-05,7.463621269800201e-05,7.152584532527814e-05,3.31776804633955e-05,9.307288142478404e-05,8.781251729997853e-05,0.0001008701021049589,8.126525649106637e-05,6.108730202893087e-05,7.489672544513846e-05,4.4473179776349256e-05,1.3952633798681646e-05,0.00010572568295648091,7.614550155571108e-05,7.133405870891435e-05,4.926460275264457e-05,7.200961974781895e-05,2.6907584937280543e-05,2.9259297786123175e-05,0.00010161891926797304,9.13712499846471e-05,3.6127044730851715e-05,4.270559265211884e-05,8.668017442217938e-05,7.680268884772638e-05,9.014692053465751e-05,2.3528392642130386e-05,4.57046126189247e-05,5.541164344017985e-05,0.0001248833605354472,0.0001060883370969211,0.00011187686233753658,4.1491872766463504e-05,8.118426949044617e-05,8.969778557012506e-05,4.0886778006698936e-05,7.049815189519938e-05,0.0001521316830088907,6.0925732046406603e-05,6.462643461938482e-05,3.0364796250677405e-05,2.860471978812311e-05,6.1677634439413e-05,6.819565645821428e-05,3.115828148971235e-05,9.646250482630099e-05,3.779590379634871e-05,3.668342469101299e-05,0.0001035910219226494,8.500358136281748e-05,8.533476431739343e-05,8.526037323363965e-05,2.6601267077448487e-05,5.4850263741473395e-05,9.344427495356227e-05,0.0001139534905387731,5.0056755070946634e-05,2.7107183398107353e-05,7.057586543124916e-05,3.4948692671041325e-05
PWY-3841,0.0001441134049509762,8.59241035372653e-05,0.00014694477614759225,0.00014453013647156747,0.00010606372157460483,0.00015145412462943343,0.0001431505666559697,0.00014852154394393835,0.0001229785696495302,8.482413443211957e-05,0.00014414727975001811,0.00013165106893530147,0.00012197206929273881,8.510705840404394e-05,0.00011829664362327327,0.00014202341411713278,0.00018336993278862207,0.00013128285060203174,9.653727041785159e-05,0.00013724006071075853,0.00015053224902298682,0.00010325052299938396,0.00011877095739840005,0.00018719324098363183,0.00011772446036371289,0.00016419729328814032,0.00012214352540608993,0.00012144803684547698,0.0001112329458609551,0.0001226154419169414,7.623200928015329e-05,0.0001235498638529233,9.057283197402861e-05,8.139557208161909e-05,7.645890658619584e-05,9.981974766900105e-05,0.000131304062078783,0.00013482013851565114,9.412295899135112e-05,0.00014111780536150447,0.00010398821353423663,0.00011449461163042138,0.0001310526372745383,0.00011370726239859045,0.00010079899049878192,9.548034777376366e-05,0.00010264723767588235,0.0001204195372449667,0.00014481104249450223,0.00020072560305016632,0.00012698466413778325,9.238921737574514e-05,0.00010220685743836554,0.00012195601084827037,0.00012077240606165084,0.0001609992820581838,0.00018283318645076775,0.0001007820551661372,0.00011820286965775894,7.910268129231998e-05,9.283145134664888e-05,0.00010539979801759744,0.00011647701663939561,0.00013793245241599126,0.00015125137327840675,0.0001994069152177125,7.401726513537595e-05,0.0001559899302350007,0.00011852948601813182,0.00015505693132299603,0.00011956642841811476,0.00010018634635131473,0.0001375228136084153,0.0001280820889970984,0.00011772494421994347,7.640044237915169e-05,0.00010119778420734216,0.00013655101516011402,0.0001606091288154661
PWY-5345,8.929976323629606e-05,2.033779115520348e-05,1.2186188417874759e-05,0.00011787046964777596,0.00011802970764067008,0.00014831762625963085,2.0450018279177118e-05,0.00012060718676556622,3.9140401604008405e-05,7.419865777851204e-06,2.3966366905859892e-05,6.917576853865917e-05,9.788735261142164e-06,2.3288378063326533e-05,1.080392964001092e-05,2.468351974910554e-05,2.0450972249128007e-05,9.163268186777141e-06,1.3240578227261164e-05,8.781832117659265e-06,2.6106797328238888e-05,2.9328222724038544e-05,2.624683624293821e-05,1.2871507857446566e-05,7.861746132395321e-06,8.057811274498643e-06,9.692032325824793e-05,1.567093503635095e-05,9.996810556945686e-06,2.4275983419505752e-05,2.626598405219452e-05,6.77113652210811e-05,5.6377511351027486e-05,8.867901735560424e-06,2.7046952480049756e-05,9.389661350439792e-05,1.8694827330306007e-05,3.1839046663729004e-05,2.318359292399316e-05,2.33072648761852e-05,1.978017282323759e-05,1.2711819673261512e-05,2.0746891033276636e-05,2.346811915342153e-05,8.961874945551409e-06,8.43933810430627e-06,7.24630274366679e-06,2.0617342630354033e-05,4.455611553136819e-05,3.664301980261478e-05,2.4750991418669198e-05,4.118837977490782e-05,2.1377363395483202e-05,2.288609163653489e-05,1.720402520138883e-05,8.302039250066953e-06,1.691372889717963e-05,4.30693020409121e-05,2.2427152939975348e-05,1.0273543912124973e-05,1.7997020533611243e-05,6.780527433175613e-05,2.4194360962649818e-05,2.7104319737643717e-05,2.231693121510817e-05,1.5083663158235478e-05,1.552481612702728e-05,0.00013285119721880158,1.0036116559337476e-05,9.486940574435655e-05,2.9855095704660666e-05,2.3691793503305422e-05,2.026795392065159e-05,0.0001273963962971852,2.3054434351253007e-05,1.9753246028968593e-05,7.114303720071437e-06,1.1644426334851065e-05,2.8910054910731787e-05
PWY-821,4.557820190640423e-05,1.7186437068366169e-06,6.816180207421088e-07,8.693708844884354e-05,6.959955874741914e-05,9.705815242440649e-05,1.3600242294494196e-07,8.112698435538142e-05,1.922553468237595e-05,1.820646113367814e-06,5.001082630868614e-07,3.387147905481651e-05,4.177006792143307e-06,2.543795483280921e-06,2.8000198491774638e-06,5.193854921445181e-07,7.719057410246301e-06,1.2209243576403194e-06,6.1846885988758505e-06,1.457231703019451e-07,8.784107985436364e-06,1.1417774144363549e-05,1.4219917915603741e-05,8.434990688048511e-06,1.23046160954781e-06,6.582508194509194e-07,6.735009740109106e-05,1.1855967753275167e-06,2.4533762919512004e-06,5.891661505208906e-07,1.6067626979848855e-05,4.591730956439646e-05,3.180326270354944e-05,4.333443597179201e-06,1.4127260255560645e-05,6.953434319506319e-05,6.06919207575035e-07,1.1466647633448959e-06,1.0635143289659613e-05,9.749157251213816e-06,6.534485559350107e-07,1.770915709192658e-06,8.419912079466464e-06,1.6419492247577806e-06,3.012523705179636e-07,3.7612176801776383e-06,1.464676988490318e-06,5.901124701019299e-06,1.7770990237393668e-05,1.9804520556423513e-05,5.487846163533984e-07,2.366370082623923e-05,8.916192147446441e-06,3.0211945621662255e-06,7.727906379303738e-06,2.4847549339863136e-07,6.330257942896224e-07,1.9635746140733404e-05,2.732943290388108e-07,3.3979328370704055e-06,7.228408868255027e-06,2.821931594389088e-05,1.4112514259055412e-05,1.5142813311774414e-05,6.631932316436013e-07,9.92711148871935e-06,9.262525437747381e-06,7.853472084996281e-05,5.505304101456275e-06,4.411653503971018e-05,1.1601388639256508e-05,1.901408936309411e-06,1.0870141907994041e-07,8.452313035236465e-05,9.060239843782797e-06,9.886116632819767e-06,5.966610571954509e-07,2.8286537355342784e-06,1.514600634028891e-05
PWY1ZNC-1,5.447034513663399e-05,1.055211978846096e-05,5.775544026076908e-06,6.423445408935666e-05,9.147760004394202e-05,0.00016020679092436897,9.313988795583946e-06,0.00016545880714047287,1.7146923462292042e-05,2.9004039124882904e-06,1.1509404884898064e-05,1.7859562266267043e-05,2.033724557487696e-06,1.1711137638760029e-05,4.377829446439654e-06,1.180873286981106e-05,3.524395360141854e-06,3.778895695119501e-06,2.8155775354839736e-06,3.770961821154549e-06,4.095322333006057e-06,5.789098384991119e-06,2.3470952362950418e-05,5.428983469324491e-06,3.2058550151528925e-06,3.140533710881888e-06,5.849530904160173e-05,6.48384284414352e-06,3.960306753647732e-06,1.2960185536658438e-05,1.0290410272285547e-05,3.248836105913839e-05,1.7877142292814577e-05,4.448695118628116e-06,1.2752159723341535e-05,5.669550333252813e-05,7.77998488523748e-06,1.7939720311514783e-05,9.874569501801062e-06,5.176840086548453e-06,8.966589059739736e-06,5.34561370738942e-06,4.8619711953903695e-06,1.0187519651512946e-05,4.286793852551892e-06,3.468342469781899e-06,2.7717997018838394e-06,9.38885759555554e-06,2.8549130602692168e-05,1.0997423905512456e-05,1.1954921897223302e-05,1.7016645293228155e-05,5.795687691895823e-06,1.225458619457398e-05,7.500314469861315e-06,3.2159417188381195e-06,6.983634851466665e-06,1.0061991368848654e-05,9.920701796363039e-06,4.467830957838066e-06,3.595002883638068e-06,1.2594405721175935e-05,1.0147777193642794e-05,1.0878972829854904e-05,1.0881778019555575e-05,8.053614253039167e-06,8.756853731322387e-06,4.30665509671474e-05,3.169521807966924e-06,2.09678751719232e-05,5.271458728785003e-06,2.021864703836675e-05,8.913166748133141e-06,6.219785213133364e-05,4.146822272116367e-06,9.6248245522884e-06,3.233377976593912e-06,4.664444589666132e-06,9.076835654890637e-06
SO4ASSIM-PWY,9.671460895105046e-05,1.055211978846096e-05,5.775544026076908e-06,9.225926500051162e-05,0.0001826514758787205,0.0002177267195572024,9.313988795583946e-06,0.00023921187571999722,2.5695971752535804e-05,2.9004039124882904e-06,1.1509404884898064e-05,4.391040922939468e-05,4.189375622570623e-06,1.1711137638760029e-05,4.377829446439654e-06,1.180873286981106e-05,8.996541223604262e-06,3.778895695119501e-06,5.618889420503979e-06,3.770961821154549e-06,1.2245520843590385e-05,1.7404707044276495e-05,2.3470952362950418e-05,5.428983469324491e-06,3.2058550151528925e-06,3.140533710881888e-06,0.00011424306102787173,6.48384284414352e-06,3.960306753647732e-06,1.2960185536658438e-05,1.3634562033067442e-05,7.763442604835081e-05,7.612888530891659e-05,4.448695118628116e-06,1.602130282579536e-05,0.00010367898932440324,7.77998488523748e-06,1.7939720311514783e-05,9.874569501801062e-06,1.044693558281496e-05,8.966589059739736e-06,5.34561370738942e-06,9.768857397459832e-06,1.0187519651512946e-05,4.286793852551892e-06,3.468342469781899e-06,2.7717997018838394e-06,9.38885759555554e-06,2.8549130602692168e-05,3.7264817035254896e-05,1.1954921897223302e-05,2.1579390490808343e-05,1.0494797704715334e-05,1.225458619457398e-05,7.500314469861315e-06,3.2159417188381195e-06,6.983634851466665e-06,2.6287379000987557e-05,9.920701796363039e-06,4.467830957838066e-06,7.885166542855122e-06,3.830960593608111e-05,1.1769187733366484e-05,2.0147153011003433e-05,1.0881778019555575e-05,8.053614253039167e-06,8.756853731322387e-06,0.0001749426242795307,4.0813476804836875e-06,6.329936430310266e-05,1.4461511685005243e-05,2.021864703836675e-05,8.913166748133141e-06,0.00010866167880332309,1.1833285886813932e-05,9.6248245522884e-06,3.233377976593912e-06,4.664444589666132e-06,1.19781155316968e-05
SULFATE-CYS-PWY,0.00011165869991977776,1.548744797482615e-05,1.1481994871857697e-05,8.351310494509928e-05,0.00015470950357663417,0.0001908653465716367,1.675498640561842e-05,0.0002103120020860906,2.6339455090437153e-05,6.200460143401637e-06,2.145405226170057e-05,6.155112686899459e-05,7.03923631243724e-06,1.9080606973710317e-05,8.975136059374882e-06,1.9017101140894272e-05,1.7140831514716594e-05,7.88482702128201e-06,1.0736636205188317e-05,8.073264016707673e-06,2.2829337940735496e-05,2.8056199852201344e-05,3.557032455642328e-05,1.1184629680765234e-05,6.911572341532523e-06,6.822948467666722e-06,9.723710097218614e-05,1.242742655190745e-05,8.429750313684002e-06,2.269685449577243e-05,1.5687300534063738e-05,8.43903917162415e-05,9.669335320428783e-05,7.801306695185314e-06,2.1421720473000484e-05,0.00011141060899023631,1.4240262431226975e-05,2.3690210792237298e-05,1.8965964695370396e-05,1.4890375241244552e-05,1.2741249688675918e-05,1.0471167723907893e-05,1.794862284776628e-05,1.8817175760571644e-05,8.333814185383045e-06,5.861464015447548e-06,5.9569593337464855e-06,1.6811643299517295e-05,4.2746121915953245e-05,4.90678313449538e-05,2.14797317733398e-05,3.1774882791409205e-05,1.8170418972434065e-05,2.2570257951920866e-05,1.3101419349135204e-05,6.576429228474524e-06,1.4278989819893839e-05,3.811082618824745e-05,1.7554531193289826e-05,8.579300572449781e-06,1.300809320066797e-05,5.93891246262882e-05,1.7010858023256464e-05,2.3514147376706615e-05,2.055408549478738e-05,1.479381915535017e-05,1.5624547722575524e-05,0.00014566291806476946,8.597186955875314e-06,7.868114968663622e-05,2.510786707491248e-05,1.5750205301020006e-05,1.742230099267881e-05,9.094197167230128e-05,2.092942748461697e-05,1.7273915143179205e-05,6.562301185769583e-06,9.41389467744942e-06,2.5023133299178716e-05
CALVIN-PWY,0.0001676943489841018,4.538862515836321e-05,6.610751820244768e-05,0.00013965050314660707,0.00015884026057817516,0.00030908739265302494,6.196605976078396e-05,0.00029431966939182265,9.472204456254061e-05,0.00010413396370320837,6.399431467297856e-05,0.00012270837388914706,0.00010146088581916454,6.743002636116192e-05,7.478758936390157e-05,8.273128404615424e-05,2.2976923816714673e-05,8.930816153203046e-05,7.049863262458817e-05,9.799320959476012e-05,8.611296153529708e-05,8.21045184986889e-05,5.25826091138406e-05,0.00010946876126755189,8.953324720552906e-05,9.696864078804781e-05,0.00016002684489129675,0.0001079808826019411,7.394481778751977e-05,8.111413773989314e-05,9.912973682864938e-05,0.00014722968108263698,0.00017778189303104607,4.993618287744592e-05,6.12604684502571e-05,0.00011543682205339816,9.684680364656279e-05,8.392139202639397e-05,8.448575653305295e-05,0.00012996114307107815,0.00011157223380418852,4.0874143431334134e-05,7.992754034131317e-05,0.00010615128925717189,8.185674773761318e-05,8.148712888163106e-05,0.00010430753093136406,0.00010368161286361805,7.622953113729432e-05,0.0001558438193114823,6.523307660043932e-05,0.00012470220501779262,7.96668243463729e-05,3.0444782950741602e-05,7.612060132545687e-05,7.059703246013853e-05,7.700444607703708e-05,0.00013160138858744067,6.057099842529438e-05,2.6594658256194107e-05,8.894839152012879e-05,0.00014608618953366654,6.017800163267343e-05,7.352658112447233e-05,0.00011533376349107952,9.681620178341886e-05,6.0890351830368816e-05,0.00018700517047133392,2.3243173842560963e-05,0.00015048059424041933,7.989092141387347e-05,7.13842543867235e-05,9.387054618113787e-05,0.00020427540736342535,9.028212858244736e-05,8.069300668750424e-05,9.428862209856395e-05,9.744190677628584e-05,0.00019463276435209917
NONOXIPENT-PWY,0.000188750091521025,2.6544357483814163e-05,2.660549063458202e-05,0.00021319184945736583,0.0003043731587616688,0.0003346947862167212,2.6731536455742193e-05,0.0003420573067586848,4.72907794146539e-05,6.64223272514998e-05,3.1469679906453e-05,0.00014701597730719404,7.321282345461231e-05,5.18373641078664e-05,5.6813470965804434e-05,5.466316404043915e-05,1.3397733429244608e-05,3.578562426361286e-05,3.802434667472073e-05,4.551659733229585e-05,7.471716219110142e-05,6.191556090415356e-05,6.299796578271596e-05,9.614912307268558e-05,5.0164967505863656e-05,5.218444554433765e-05,0.00023738313891697333,6.211642565520633e-05,3.0468069810812628e-05,5.393783224364736e-05,6.29026059782116e-05,0.00014533719889505347,0.00014636372646212293,2.4818135019522057e-05,2.5627989411006582e-05,0.0001570099919163201,3.819381243400579e-05,5.5358526015272986e-05,4.435180084877229e-05,7.823206831739167e-05,7.625709660136505e-05,1.6304237481116913e-05,3.480389984963846e-05,7.703159226526467e-05,3.595193320554232e-05,7.734164608690153e-05,9.81817903753696e-05,6.210309547443032e-05,6.740911074743139e-05,0.00016475997443810152,4.8985414915038084e-05,9.012640913722827e-05,4.365282915891648e-05,7.700165690759689e-06,3.749669454041412e-05,4.1224952939745936e-05,3.717084349163825e-05,8.906874884111055e-05,2.4922591755808308e-05,1.4016104270459945e-05,5.302421229363488e-05,0.00011474345980033394,2.5165940462431998e-05,0.00016077052920750117,4.416941008782761e-05,6.330458121167726e-05,2.896677411808163e-05,0.00022179759300062186,8.618596916634762e-06,9.672861452490867e-05,5.356937840926848e-05,2.765212966225399e-05,5.9478004709709214e-05,0.0002034453718879569,4.596173903728926e-05,4.256736187550362e-05,6.110782068641635e-05,4.807702726997199e-05,0.0001742324614786272
P124-PWY,1.0281981926062433e-06,1.262319920176933e-07,1.2626929847598442e-07,3.6473774589233443e-07,6.3878099698430825e-06,1.264209120355728e-07,1.2629898515611014e-07,1.1370159969044394e-05,1.248350252488699e-07,5.508413356426389e-07,1.2624212160657272e-07,1.2360987091971486e-08,2.2866718711710488e-07,3.595943739320338e-06,1.2623142261815716e-07,1.2621288502414076e-07,9.397448882190187e-10,9.397469864032099e-10,9.397491889333126e-10,1.2626030620460146e-07,1.263331666129572e-07,1.2624203165398282e-07,4.7780672257408735e-06,1.296165540393863e-07,2.2246437921228477e-07,8.072309672165184e-09,2.5753099925724393e-07,1.2623600795617231e-07,9.397496861447205e-10,1.2625666316375766e-07,1.2624240279545968e-07,2.3016813083007272e-07,2.253414246049577e-07,1.2625857067877964e-07,9.397442622371059e-10,2.522858506560443e-07,1.2633257392885846e-07,9.397470978168322e-10,1.2631773117455645e-07,9.397469916303488e-10,1.2624642219015048e-07,1.261657939880314e-07,2.1168923715081217e-07,1.263746214856429e-07,1.262025102517759e-07,1.2622778959632195e-07,1.2636678408273642e-07,1.2626451327099719e-07,1.2875118164450306e-07,1.3978047114133521e-05,1.36884018481687e-07,5.702515024709691e-07,1.262533237172892e-07,9.397403477737075e-10,1.2634823553417865e-07,1.2629102098943644e-07,1.248725921630469e-07,7.482028812027537e-09,1.262809810042528e-07,1.262361469574104e-07,9.397468223592408e-10,9.397510229540297e-10,9.39739879915969e-10,2.3746745287571935e-07,1.2634926493058583e-07,9.397482980891403e-10,9.39745315880699e-10,9.054260109012522e-06,1.2617721291209445e-07,6.0812501014098825e-09,1.2623626398340734e-07,1.2624001684262904e-07,1.262745693867324e-07,1.298291880483678e-07,2.1184297852622103e-06,1.1153819281770649e-08,9.397437979431311e-10,9.397274064999772e-10,1.6069450931140673e-07
PENTOSE-P-PWY,0.00013308899579013526,1.952375076103787e-05,2.5929432410533055e-05,0.0001705019983557759,0.00024452571549281343,0.0001770314487497011,2.773659814517946e-05,0.00017657518528332983,3.268641758329607e-05,5.476836447091709e-05,3.419913757822372e-05,9.346933506912174e-05,4.2477076496527774e-05,3.482996401263371e-05,2.638606448078098e-05,1.3931178303571744e-05,1.3737280940915934e-05,3.443524342887532e-05,2.1680302687178737e-05,3.688720345111646e-05,3.3115543480316154e-05,5.4380554946195216e-05,3.4588510955519006e-05,6.186103238529538e-05,3.040201974379241e-05,4.9124535048048265e-05,0.0001469985488957934,3.761736687855144e-05,2.9955751892604463e-05,1.6409027513985205e-05,1.2069725788019568e-05,0.00010391505408298195,9.68402555673907e-05,2.6144394461821066e-05,1.864217703711541e-05,9.292083620982587e-05,1.9287926782086916e-05,1.5156980938102932e-05,4.2324095846963955e-05,3.3252904417214446e-05,1.5966325476856376e-05,1.4522081757163117e-05,2.149850487072227e-05,4.814073998442908e-05,2.9139824409329306e-05,1.9657344582989755e-05,5.956250407707155e-05,1.6119062736993707e-05,7.17881393471859e-05,5.684267321739256e-05,5.033812469265469e-05,4.670323941236069e-05,4.0813040114164015e-05,9.531368131416773e-06,2.7890068256003807e-05,2.154824001531963e-05,4.165446565036987e-05,3.659807004166295e-05,1.7433145378331464e-05,1.0976806627620385e-05,1.1185477540747548e-05,5.695123015934798e-05,2.689429290588234e-05,2.7236882712955076e-05,4.91039839801613e-05,1.1553106935730139e-05,2.2123776151854316e-05,0.0001800516630641431,9.729951882826618e-06,4.913817386083153e-05,5.085817236804684e-05,7.841747699389878e-06,3.742843633906317e-05,6.969237565833793e-05,2.0463642234904828e-05,2.5118214418779924e-05,1.3940217538313128e-05,3.906361342890185e-05,9.975785614945168e-06
PWY-6901,7.365674253007837e-05,2.3669492263360672e-05,2.4124275520269517e-05,0.00010865230187663197,0.00012361632911853554,0.00015567335531674564,3.176102300397733e-05,0.00013647433685047292,2.4289145764508442e-05,4.119594907343269e-05,2.321156381550032e-05,8.277407425666477e-05,3.096576148508926e-05,2.6574109192575727e-05,2.226368590231012e-05,1.4513412116653325e-05,1.9611437040867206e-05,2.502118571498679e-05,3.277323215239345e-05,2.7609586319674147e-05,3.6913669400689756e-05,2.420028180987774e-05,3.192270667518395e-05,5.783339863568428e-05,2.4723629156786613e-05,4.131626664739175e-05,0.00011361001675465308,2.12962684200657e-05,3.8124106329740805e-05,2.0331542490652947e-05,1.4930236345103659e-05,8.888768334037875e-05,9.969316058529373e-05,3.3567940485814605e-05,2.0091671321342372e-05,8.243954384913143e-05,2.11086680634893e-05,2.1045244665887796e-05,4.770422926557224e-05,2.7950836312472462e-05,1.8236898469152724e-05,1.9365961418061585e-05,2.1186436759446697e-05,5.0924947716685696e-05,2.202496298086777e-05,1.5959326318954182e-05,3.864745238660196e-05,2.2359231285821265e-05,4.270779503823877e-05,3.7522292112806835e-05,2.5665069128341776e-05,5.279443493601131e-05,2.6854889353671373e-05,1.6075340322128694e-05,3.9867677730462e-05,2.7629099007088473e-05,3.599535937565034e-05,4.363042487076189e-05,2.291078312699556e-05,1.6927389779673286e-05,1.7224110142634345e-05,5.796005360479015e-05,2.1324714617137388e-05,2.3191268935217393e-05,3.015979180152496e-05,1.7282828126485004e-05,2.573843971604467e-05,0.00010818593201583366,1.279508335083419e-05,6.791374185309378e-05,2.0836417549398908e-05,1.2678670971016962e-05,2.087132270856161e-05,8.706481184465364e-05,2.284020152903873e-05,2.4994659890213692e-05,1.6517811386434265e-05,7.210677683684388e-06,1.9558901852372812e-05
PWY-8178,0.00015484830941389112,2.9932446354365504e-05,3.3930940882368065e-05,0.00017985337406720318,0.0002452290907484055,0.0003140007213867431,3.3668401526749326e-05,0.0003132078227207966,6.24716728798716e-05,8.270600725951106e-05,3.8540092286532e-05,0.0001327478440999815,9.600087904633453e-05,4.6846951905884085e-05,7.323917233262501e-05,7.207664661462967e-05,1.2595470659515238e-05,5.47309921052339e-05,4.627566919418028e-05,6.591628438355441e-05,6.826283539130967e-05,7.191164196924728e-05,4.841820976979811e-05,0.00010373733639642878,6.31824309658553e-05,5.7427715716088416e-05,0.0002284998024611338,9.18342653969734e-05,3.870677355577487e-05,5.8263565176398006e-05,8.202490180721349e-05,0.0001536447502108399,0.0001498540204665701,3.0290931727242932e-05,3.746617158364094e-05,0.00015276393477527952,6.414808792884046e-05,6.460698549023854e-05,6.454726340695382e-05,9.918275747612552e-05,9.771870838313057e-05,2.20453786700856e-05,5.0570633820302434e-05,8.669155839780239e-05,5.721377786771177e-05,8.894758858185338e-05,0.00010461579198724003,7.806223164877087e-05,7.607046976892792e-05,0.0001534117066241703,4.6507570579682854e-05,9.481705936414662e-05,5.391444078110574e-05,1.378089797368668e-05,5.4489658101515685e-05,5.795307799069002e-05,4.439572524928214e-05,0.0001086831570887205,3.7070536065472633e-05,1.7608804511067372e-05,7.000715797774271e-05,0.00013092824049786857,3.6950414557107043e-05,7.91617189544513e-05,6.879338144722383e-05,7.06229713954296e-05,4.557504253263504e-05,0.00022954726639500746,1.1092680099373351e-05,0.00010592176856757401,6.314630121268362e-05,4.3553137761446274e-05,6.699127984640394e-05,0.00019372742256089414,5.6730590367345126e-05,5.118819497026483e-05,8.438944220225255e-05,6.0022169074054774e-05,0.00013771567182379067
PANTO-PWY,0.00011938028430613983,8.65811043334739e-05,0.00010642959459251714,0.00013051982861045282,0.00010933174248860725,0.00015927740567970225,9.198179522001366e-05,0.00016849559988986172,9.366672888548171e-05,9.793198982479793e-05,0.00011271838235637097,0.00010546280191529136,5.177525740291249e-05,0.00014793596556810594,5.197731723869162e-05,0.00010628793262201715,0.0001642040007945352,8.203316206387776e-05,6.81555564623151e-05,0.0001283638270168967,6.466999282379144e-05,8.290224738412438e-05,0.00010466454114971593,0.00012341559011906574,0.00011358856356122104,0.00015847394455240045,0.00010530247973391962,0.00010100857890536496,0.0001079587318858868,9.45831329029992e-05,7.960475311953596e-05,0.00015231722248439773,0.00011765146405477489,7.989046486308356e-05,7.735815392159743e-05,8.987651408134766e-05,0.00010090616641146748,5.926591350043285e-05,0.00016413876771588404,0.00010955334483111169,5.175300011221637e-05,7.014931195218322e-05,6.918554213438744e-05,8.553471241321215e-05,7.873193259942003e-05,5.292406409980812e-05,0.00010082200460352654,0.00010921174242374621,0.00011156765669046475,0.00016584169836360098,9.135118702120904e-05,7.478237583262825e-05,0.00010757373764029865,8.67739061915062e-05,6.134122241139847e-05,0.00012092336703108705,0.0001607666807301811,6.138109526443183e-05,6.876936604187886e-05,7.270732664580239e-05,6.377846624858661e-05,8.893173047053647e-05,8.061509758224883e-05,0.00014374691821562207,6.279213825903332e-05,0.000109727655487362,7.457879254467412e-05,0.0001321222860579324,8.747518805323322e-05,9.741155057098578e-05,0.00010058066415897325,9.225846312783317e-05,8.593333429186709e-05,0.0001265577493079945,0.00011094044405890756,7.899664444175877e-05,6.0611161164973294e-05,9.453418644908278e-05,0.00015678463979551486
PANTOSYN-PWY,0.00011037159422070215,5.2631159571155285e-05,0.00010878914358434566,9.971954122519136e-05,8.100849897859514e-05,0.00012090913118935676,8.999843878126718e-05,0.00014939951661503158,7.247809525265341e-05,8.590244025071947e-05,0.00011084447130137016,9.148212439976705e-05,6.481268065636897e-05,0.00013166117391523916,4.622746452194108e-05,7.299477975393639e-05,0.00015015918089546484,6.437070416785203e-05,7.019332060626248e-05,0.00013517553736670622,6.544272842629804e-05,8.017386752233892e-05,9.310940658059567e-05,0.00013080896144168825,0.00010245419936769379,0.00015314500271476896,0.00010179272975068934,8.501548889725067e-05,0.00010179761386152826,9.680936398956103e-05,4.3125031867647686e-05,0.00012558602147040175,9.676020801572083e-05,5.6989198293179876e-05,6.450054426406719e-05,8.002364395320085e-05,0.00011636549372213924,7.771381419217644e-05,0.00011958641614398267,8.6977958080946e-05,5.506909598611954e-05,6.804793427135159e-05,7.526794329596317e-05,9.56430368547717e-05,9.230838352765322e-05,1.2982603994646692e-05,9.066686565931501e-05,0.00010572780469547536,0.0001072754053622124,0.0001691279950834121,8.119722933609675e-05,6.110465298731838e-05,0.0001076342755091076,8.375170972122778e-05,6.831078979642143e-05,0.00010357030467667205,0.00014174177564248475,5.474025731381147e-05,7.829220288973027e-05,6.349958978280854e-05,7.127113901210614e-05,8.298223069450006e-05,8.320888833677413e-05,0.00010914605335868492,7.556318341729814e-05,0.00012575754361302726,7.870507392209822e-05,8.873607443410422e-05,9.54007518039718e-05,8.072867988017191e-05,8.935134418707598e-05,7.014952317650801e-05,9.560268146558777e-05,0.00010864250572322185,0.00010747939542528548,8.480779429488673e-05,5.081474124584228e-05,8.100533119471372e-05,0.00014803747262089707
BRANCHED-CHAIN-AA-SYN-PWY,0.00017773727117128375,7.705847330939468e-05,0.00010021339997238548,0.0002103347949597004,0.00017795472264169705,0.00022296981058551207,0.00012080773202792371,0.00023340131350289817,0.00012920890319143358,0.00011604601128299539,0.00012488523064990627,0.00015000985803812427,9.187889656382355e-05,8.990459803445343e-05,9.032777033197845e-05,0.0001663405944809397,5.323395684612612e-05,0.00011710364131417575,0.000111971228523903,0.00013677243335438751,0.00012347401979057583,0.00011200448762049507,0.00013807478517204928,0.000148739281210328,0.00015020993501258163,0.00013018694130234422,0.00019765094920682507,0.00014050817567338238,0.00019325839690860925,9.93237457966051e-05,0.0001762955328121272,0.0001314159460326418,0.00017660407668077804,8.49003758902932e-05,0.00011091896230165366,0.00013738814881496917,0.0004143367450943823,8.003967185339141e-05,0.00012961334809110644,0.00015240397038214932,0.00021191275813371214,6.407928419141962e-05,0.00010126590654834567,0.00012560532513483633,0.00012414825891402144,0.0001840779887462983,0.00013125404317189266,0.00012100702528908075,0.00017522449985948524,8.201482797163253e-05,0.00013878562891526418,0.00012082793205273645,0.0001284460996387489,0.00013497359661102297,0.00011491280136290415,0.00011533847814225908,0.00020225717512535767,0.00010017756091703297,0.00012618244923850885,7.511182167989975e-05,0.00010638571676742889,0.00018433427310304718,0.00011048832777249915,0.00011553652792837076,0.00017025385436075324,8.415086528970913e-05,0.00012197305387147715,0.0002295328656457092,8.601183460332468e-05,0.00021188081277697307,0.00012905955713603446,0.00012177002702203199,0.00013014991442045855,0.0002196521487173502,0.00014667174526687333,0.00012218462537989084,0.00010466609180890826,0.00010190448519341075,0.00015621296477966303
P42-PWY,2.999296770898023e-05,0.0,0.0,1.3234643676162446e-05,0.0,0.0,1.5788623789072942e-05,0.0,3.246854861419498e-05,1.0176567710504538e-05,1.022441135494954e-05,1.4561850547345105e-05,8.873193171330876e-06,4.740638938054789e-05,0.0,0.0,0.0,1.3148422997320681e-05,2.265663411836787e-05,1.6668002960641068e-05,0.0,1.9611882602289006e-05,1.2605743976597178e-05,4.931237589879683e-05,9.154792549006e-06,1.8236776469863198e-05,7.159438404594139e-06,1.4752268100726263e-05,1.602711191185684e-05,0.0,0.0,9.228413248799223e-06,2.777395344545447e-05,3.7667757576936564e-05,2.3168390261851744e-05,2.7889794800097597e-05,0.0,0.0,1.2409078025120416e-05,1.120037457099384e-05,0.0,1.8183302206269797e-05,0.0,1.4206102026363516e-05,0.0,1.1851859738771463e-05,1.2340869241811898e-05,1.4802859172720282e-05,1.7225423370484794e-05,6.626134253688238e-05,0.0,0.0,2.5104859053485457e-05,0.0,1.6829943389153635e-05,0.0,9.412098243896146e-06,1.7984171304187923e-05,1.4545700498588269e-05,0.0,0.0,1.8078694556306507e-05,1.4502917250386698e-05,0.0,0.0,0.0,1.9252944139275507e-05,2.7507434760277908e-05,0.0,1.3430215058010896e-05,2.820070183990927e-05,1.2647473228409193e-05,1.6437072129610853e-05,2.1374282944030587e-05,2.331467072829512e-05,7.022344321940023e-06,0.0,1.9451995915385778e-05,1.124348458122526e-05
PWY-6969,6.684477909317592e-05,5.692114769884506e-05,4.010445855042968e-05,0.00014047959356777747,0.00019512118499967026,0.00019006390996854816,2.735915990934707e-05,0.0001743894686886272,3.7154190045794454e-05,5.423152602054704e-05,2.952658965525495e-05,9.788460543569324e-05,1.5955335255930502e-05,4.404508898744399e-05,2.9483339954415118e-05,1.3485137131520004e-05,3.798143838630014e-05,6.719896616395069e-05,3.403296437978168e-05,4.568190937784379e-05,3.7550900522994896e-05,4.235572514532629e-05,5.35104659984644e-05,6.558622032318826e-05,2.4942697706147756e-05,3.421278319839748e-05,9.615347856185173e-05,4.2992073593045514e-05,4.0122003173680726e-05,2.218408858093334e-05,3.561612057354736e-05,0.00011348534822858426,0.00011933542756519695,6.17895142572223e-05,5.3844681296060056e-05,9.576420129404982e-05,1.3198312779040039e-05,1.406443235821784e-05,5.0480150046251057e-05,6.560742892416833e-05,1.2855256432306143e-05,4.4929184225886184e-05,1.6739444940409027e-05,3.7661323696603603e-05,4.437537967277058e-05,1.6358728827234453e-05,2.134005720584278e-05,3.039169934467318e-05,5.393604128225806e-05,0.00011138873634858777,1.619648627532918e-05,4.118513915217999e-05,3.752949721616979e-05,5.0020215451470974e-05,3.989229774426762e-05,2.584972296004765e-05,2.0490589676238918e-05,2.8072330751772377e-05,4.639556708224075e-05,1.223620666642015e-05,3.0979821420231844e-05,5.363879851734737e-05,5.4490646394759314e-05,0.00010378338517617162,2.2326944029372407e-05,3.134322374914529e-05,3.450306057262116e-05,0.00021605558107290468,3.15052276741052e-05,8.380492507483195e-05,7.4256707060877e-05,3.731061743601657e-05,3.297383779885305e-05,0.00017861924501480966,5.9042505820240465e-05,3.317246135950086e-05,4.1765140031917455e-05,2.6598684181731325e-05,2.227897361587024e-05
P108-PWY,6.244687375821664e-05,1.0280609202484518e-05,1.3473597009832004e-05,3.433562178362504e-05,2.362220079591646e-05,5.128477715399066e-05,1.2268140755694238e-05,9.620270210060755e-05,1.2829158907686131e-05,1.2241267596887129e-05,2.529688096425004e-05,2.0549307921285264e-05,1.3386920178987923e-05,3.053837483121738e-05,1.815721011788311e-05,6.158197302133381e-06,9.046287712629965e-05,2.879875470451872e-05,1.1773041401276817e-05,2.675021927248544e-05,1.0125413801893278e-05,1.4308612836388977e-05,3.9725366098665865e-05,1.794589145757439e-05,2.9879548544670397e-05,3.6419734555176645e-05,1.2683598580474887e-05,2.346958877667088e-05,1.4280967448756818e-05,1.217166074791473e-05,1.2755881796392583e-05,1.0518893755121667e-05,9.018528091274202e-06,8.339422692408025e-06,1.8654573919861706e-05,1.0039833821090693e-05,1.7165651301985582e-05,1.1208005782185479e-05,1.146727548515618e-05,1.488011521505891e-05,1.2082242872252732e-05,1.0466746894092976e-05,1.1984879474795252e-05,1.0682963289576212e-05,1.4315530629674084e-05,6.732849891856925e-06,1.2470763862579171e-05,1.7705756373191433e-05,2.1179566860373455e-05,1.7459983131610772e-05,1.7560028613167267e-05,1.4479737129390137e-05,1.025207158268367e-05,1.0227938278337447e-05,1.0541662041334446e-05,1.0851051200982852e-05,1.4854356282166344e-05,1.1912082237828056e-05,6.862215096474108e-06,1.937572210266588e-05,9.956880157980247e-06,8.48083823311671e-06,1.599392452985445e-05,1.3047660731440691e-05,2.542540623274913e-05,1.939908575151856e-05,8.554314170811125e-06,2.5861330599500414e-05,1.816634860317191e-05,9.149556288412207e-06,1.4220762663483436e-05,2.8885782736999838e-05,2.5735290227132844e-05,2.87177975093155e-05,1.4381234118442786e-05,1.4398673375015619e-05,4.367182284890798e-06,1.0556498943532618e-05,1.1699150747752127e-05
PWY-5154,0.00012349031344360267,3.2493703815779985e-05,1.5561225827240587e-05,0.00010627681072077405,0.0001339248404702705,0.00020630596965994947,5.811629018864045e-05,0.00020988919892196361,5.5711938462773376e-05,6.246630086506697e-05,3.89935394232724e-05,9.27645733587797e-05,8.077021800361897e-05,3.7783285299117536e-05,4.5217570954086396e-05,3.864029873953466e-05,0.00016082876656871477,4.9424676641203706e-05,4.808992974906808e-05,5.490840245775011e-05,6.0315232596743564e-05,4.038324021548607e-05,9.537039699906255e-05,2.936928025898489e-05,7.660239888620579e-05,7.087666760229944e-05,0.00010377688401832629,6.61701438830639e-05,9.304149093425206e-05,6.369902100313668e-05,2.034668843873955e-05,0.00011948014171894226,0.00011157110575563352,3.629837348665006e-05,5.901890753144852e-05,0.00010511079380087212,1.745148948074585e-05,5.847862129279448e-05,3.502260149608385e-05,8.550603887537406e-05,1.9440743509666388e-05,3.5373860750317215e-05,6.088600491223901e-05,7.628585643048037e-05,7.726167798446945e-05,3.686505704587815e-05,6.233779985573625e-05,0.00010832196392747469,3.6105317083406583e-05,4.5285574529810483e-05,5.0750328623592396e-05,6.983296663635743e-05,7.361948468618012e-05,4.20020504401035e-05,2.5442661151534932e-05,5.3732256957445556e-05,2.322862596803555e-05,4.972623777805445e-05,5.651092028034984e-05,3.5943960167628976e-05,5.215340421832044e-05,0.00011303217734034312,7.315166522336327e-05,2.5685791874934707e-05,4.439297160396404e-05,9.818929485257369e-05,6.645347274322497e-05,0.0001629915682545973,5.888743120055132e-05,8.895908687538829e-05,9.592299143945146e-05,6.621496742681833e-05,5.4400533657323126e-05,0.00015194125295662947,5.50687148635919e-05,0.00010306566309593166,5.062580520617109e-05,7.507355135153937e-05,2.474990656413831e-05
OANTIGEN-PWY,4.886283722584755e-05,3.646135816387749e-05,5.8888616805114575e-05,6.369934909307533e-05,8.42290682143155e-05,9.124694636080786e-05,6.784365921578414e-05,0.00010384675950060674,2.508559553856095e-05,4.777782681928188e-05,4.965730973666411e-05,6.748033575295251e-05,6.657411763702835e-05,0.0001073265985312837,6.560651485849019e-05,2.4897283753161835e-05,3.0197736549059993e-05,3.6613782489920125e-05,5.6626425721619215e-05,8.729047043172237e-05,6.433035090276708e-05,5.179699395684666e-05,2.195575923240263e-05,0.0001251755906406764,5.6471879004725956e-05,4.8076483897683735e-05,8.305905973657696e-05,4.242109473726345e-05,2.4337464478724316e-05,4.7061284604331397e-05,1.4968231863442344e-05,7.41618261427236e-05,9.383745580189424e-05,2.8596207536101686e-05,5.9143812692198856e-05,7.670027702604132e-05,4.7448495607288726e-05,4.948418461957729e-05,6.918732818942491e-05,7.249757356967233e-05,4.735333187240164e-05,2.053362206283175e-05,5.1044081523141056e-05,6.21478937704466e-05,2.5018966638023708e-05,3.181827734385926e-05,5.5892960538786916e-05,4.986883912979371e-05,4.886533336134611e-05,5.265935999344814e-05,2.7467525658415006e-05,5.436987249295139e-05,5.615655590825096e-05,6.699873301573022e-05,6.040891174736155e-05,6.84054428082666e-05,3.6789151958861086e-05,6.36837809521035e-05,4.6534193564363884e-05,2.4876719293956727e-05,3.371801876845943e-05,0.00010222888675639616,3.0134119520742038e-05,0.00012110170413985075,2.9283605668246724e-05,5.200005947831816e-05,3.945638668542574e-05,0.00012518527476924253,7.023692644236696e-05,0.00012090872486936149,5.107858682981362e-05,8.473096892261668e-05,8.061420404127079e-05,6.962115676987486e-05,2.867972635260019e-05,6.20655773780846e-05,5.566274276681642e-05,7.976615842830911e-05,0.00025007834048612593
UDPNAGSYN-PWY,3.128491664145211e-05,2.794003696190197e-05,3.537797175390576e-05,3.9894556608727636e-05,0.00021304488524087563,0.0001839936406589526,5.335057586599494e-05,0.00023794825567207212,1.4561532864148846e-05,3.417308899716737e-05,3.3155863545561274e-05,5.0491389640864334e-05,4.740325686321727e-05,8.75255590688175e-05,5.795857480106522e-05,1.4436978673557854e-05,2.5545906446599855e-05,2.1012683485775814e-05,4.8294008928643234e-05,5.601677803996363e-05,6.531852919925358e-05,4.7706582330937953e-05,2.6416652991772412e-05,9.839003043253376e-05,3.680891016843784e-05,2.933458895612315e-05,6.279806815443521e-05,2.5164082018958013e-05,1.377727881954555e-05,3.4502057224419094e-05,1.9569825864256985e-05,5.786811715556437e-05,7.757698916937651e-05,1.6903595757523477e-05,4.539269358996189e-05,6.001626634035154e-05,4.61587669918807e-05,5.1757175075345855e-05,4.255687922639829e-05,5.9312320106388544e-05,4.376123202229091e-05,1.2926744253442419e-05,4.3744771802893805e-05,4.363364693177115e-05,1.7848285078862476e-05,1.765478255263057e-05,4.117391377015828e-05,3.4382703143396004e-05,3.2383719618995345e-05,3.241967716115031e-05,1.575117624739235e-05,4.602285109653421e-05,4.3692223988835103e-05,4.877373124514623e-05,5.2990557451754156e-05,6.415991222483811e-05,2.13358087156514e-05,5.298286305967029e-05,5.2029060949267076e-05,1.6654449886402973e-05,2.0074065999373983e-05,9.577443334159675e-05,1.790085333741825e-05,0.00011356675189588685,1.6252970749860097e-05,3.669299173015112e-05,2.848737854380407e-05,0.0001876603715459902,5.175420898089606e-05,0.00014780264357034759,3.70421888811843e-05,6.163406030552071e-05,5.785336820234005e-05,0.00012467732793013407,1.6061746098924844e-05,4.2627970601476385e-05,3.333156142005653e-05,6.551674811022782e-05,0.00021568445731953744
PWY-5973,0.00015702560077594056,6.365868324137626e-05,8.894522144438583e-05,0.00015374747440713413,0.00011988317485012199,0.00019128748041184868,6.0027598457150555e-05,0.00019792098247823703,8.066568714313909e-05,6.8745135914253e-05,0.00011825157299295197,0.00011129985132319531,6.530241354689349e-05,0.00013924651497094294,3.19130224169615e-05,3.341774554477844e-05,0.00019158621486342885,0.0001432324667765114,9.644160287641511e-05,0.00014099865541752446,6.763598891910947e-05,9.301247493475344e-05,0.00010026587623407952,0.00012054610682885122,0.00012589345016889142,0.00015083476839411998,0.00011363675370237726,0.00011084693080860543,0.00010452239105719136,0.00011145449375392538,1.809476868522984e-05,0.00014628919096013247,0.00012452091271527733,9.884465424420923e-05,5.129823351120096e-05,9.162290299056993e-05,1.5245921573219882e-05,9.314258749049135e-05,9.58760274673865e-05,0.00011904253612591965,1.3891257003009978e-05,7.734832813283952e-05,8.239222458648967e-05,0.00010944549404129216,8.414085069751604e-05,3.586593793690306e-05,0.00014366830811106887,0.00010897715460153447,0.00010258973233369349,8.555889866625679e-05,0.00010829928028010437,7.198548733580096e-05,6.374387207713909e-05,0.00010735626321015713,6.785607685443385e-05,7.008805838353318e-05,0.000177328060008079,8.441609494247329e-05,8.130948411731139e-05,6.141350649468826e-05,4.094946283495823e-05,8.902390497188221e-05,6.426926253655768e-05,4.700683408015963e-05,0.00011276099185271141,8.766001996155264e-05,6.076986906416847e-05,0.0001635682501996836,3.926450485824443e-05,7.32894965187507e-05,0.00011021890297665874,6.810757689180687e-05,0.00011017835427351389,0.00017376288134632328,9.211199226512064e-05,6.429941796838727e-05,1.1214810909693992e-05,9.804990571050831e-05,2.2062478042022657e-05
FASYN-INITIAL-PWY,5.161825305138739e-05,6.840497657290634e-05,1.7344771162401926e-05,8.49280011415697e-05,9.912301369426703e-05,0.00016524776819700125,8.325998559979387e-05,0.0001315388934613325,0.00011388564819655352,0.00010879865155785933,1.3035929592320085e-05,7.740156972601089e-05,7.711939492097744e-05,5.917780544068344e-05,9.383112616135253e-05,1.8787614098521493e-05,1.9445768613892623e-05,5.52456387228862e-05,8.269145211618971e-05,7.446395741306687e-05,7.669987894380368e-05,3.904875489070537e-05,2.355593869765809e-05,0.0002092836463351192,0.00010010380127081882,6.241800550763193e-05,7.17394663615998e-05,6.122581913173737e-05,0.00011899134399515643,2.7832035088289588e-05,2.6482185796957762e-06,8.382783179565485e-05,0.0001024211649809081,4.74606527058021e-05,6.647244443590082e-05,6.889328586451392e-05,5.49146812058827e-05,9.338495184703523e-05,6.298229696924736e-05,0.000115222648976434,3.6059729774727005e-05,4.1530596647455384e-05,4.328430484515993e-05,0.00012725095897368185,6.568944283525509e-05,3.127353514714057e-05,9.93805541850141e-05,0.0001334810889235438,1.5836585580574907e-05,3.081954746181575e-05,8.272855572392806e-06,5.0675271203384117e-05,5.091244948083149e-05,2.2808962816485006e-05,6.447025292237994e-05,7.935988449979224e-05,4.3910440747533933e-05,5.444201723777386e-05,7.380286758643373e-05,3.697558411542745e-05,6.863693404746341e-05,0.0001059326202779482,6.085238955285152e-05,1.4465752597398612e-05,1.425616903043345e-05,7.148010577585197e-05,8.777872257255374e-05,0.00010468635463538698,9.35945077059251e-05,0.0001109650334497902,4.65903623486285e-05,7.424872984978408e-05,1.2334723572337938e-05,9.814665492114979e-05,2.9173955930426528e-05,0.00011529386434242682,4.365205784603893e-05,8.193655536753674e-05,0.00018138307742714677
PWY-2941,3.8128682078259384e-05,2.0451067029833637e-05,1.1587774393766974e-05,0.00010558452558145378,3.697811155544543e-05,1.882357420439591e-05,1.4955671744537884e-05,1.3244341907017174e-05,2.0125997642549777e-05,3.94990746901985e-05,2.2350198954424483e-05,4.230469009175169e-05,3.0034551925041187e-05,0.00012044934939633723,1.7908928832972174e-05,3.0174681690564802e-05,2.7637548124653264e-05,2.232646035594288e-05,1.7870965450177676e-05,1.6565486433995116e-05,1.9179100578696065e-05,2.278736430444126e-05,1.5920936395234962e-05,2.267047074659415e-05,2.320849752232662e-05,2.3061941669516823e-05,3.697163014873686e-05,2.664418663791637e-05,2.249417582150688e-05,2.1897147394474763e-05,1.1542615450401717e-05,4.3935816798976754e-05,4.2398009486912486e-05,2.8104501109849132e-05,1.4256782574914927e-05,8.541794040404047e-05,2.1588277645067324e-05,1.4244426417234025e-05,2.360720443514586e-05,1.9893030901210218e-05,2.0868121708174823e-05,1.9737245601697204e-05,1.2940720994432543e-05,3.31554764411651e-05,2.0799728603385987e-05,2.1862768466679693e-05,3.928788079835849e-05,2.5006553392297513e-05,6.429015621728277e-05,2.7189929457066803e-05,2.231203673053066e-05,2.2914705862090496e-05,1.8154977855049384e-05,2.0537349655407804e-05,3.0908577096583834e-05,1.9123588110189318e-05,2.0261894285238765e-05,2.1043522137437753e-05,1.566097255433597e-05,1.968978960266775e-05,1.2780192546941898e-05,1.8668412578928935e-05,2.184451705565749e-05,2.9149966815554317e-05,2.2652177906765223e-05,2.2871405271815342e-05,2.1511604021392742e-05,0.00012326431426259266,2.0319608251513945e-05,2.9580933550995563e-05,4.3425856651808685e-05,2.1884563349372606e-05,2.9930160993422064e-05,5.377178294174513e-05,2.897552168914894e-05,2.1356278129438968e-05,1.5800572109125246e-05,2.0299873301851996e-05,0.00013289186604049306
PWY-6385,0.00014343594345134648,6.729122837123702e-05,0.00013452098427163079,0.00018276794837317916,0.00016765662708889033,0.00016949490070858501,0.00012443364985685216,0.0001862934847034443,0.00011356180806121113,0.00010513921241929386,0.0001391736131788502,0.00014447645157063304,0.00010958480044403404,0.0001221758212044879,8.598766198413422e-05,0.00012911386301465446,0.0001541036720594544,9.984978230571343e-05,0.00012379567325734332,0.0001691496560722053,0.00010681265311395004,9.805892774112592e-05,0.00011535821055617184,0.0002216800708418332,0.00013383555061028635,0.00016660426721565766,0.00018160665045743556,0.00011385753177787535,0.00010345882832019139,9.893032391505484e-05,0.0001274027051419563,0.0001549961680649761,0.0001380956255803383,8.924469105216662e-05,9.680715856997152e-05,0.00011092242760888802,0.00020196258879518473,0.00016611448935637774,0.0001611740254840215,0.00010970148886736002,0.00016660296482031272,0.00010913254751102207,0.00013160848765186492,0.0001343627433744476,0.00011181387078211915,0.0001090281304576343,0.00012277073625560712,0.00012279192515620696,0.00014734105571866465,0.00017821536916028094,0.00012760799625453396,7.867575954324778e-05,0.00010331249690739441,0.00012158090570832412,0.0001131895806153592,0.000140475207562408,0.000194994822424668,7.480191330895081e-05,0.00011698341671993609,5.939234552290096e-05,0.00011851402897608826,0.00013353361792028736,0.0001257484234065959,0.00015847794098097285,0.00010088849800018776,0.00020547338356792478,8.895702941063636e-05,0.0001812635927008337,0.0001239591657342077,0.00016256370754210266,0.00012628724245637412,9.831603510306379e-05,0.0001299601123155291,0.00016275104092049197,0.00013588300732928263,0.00010755504503799994,0.00012288808509438781,0.00011053216668737573,0.00021507820586333704
ARO-PWY,0.00013699647881237583,6.106828741608611e-05,6.160580645761182e-05,0.0001349021622402493,0.00014197679216255963,0.00021758750104532498,0.0001371525082320699,0.0001985695429856427,0.00011458473570161569,0.00010172844723586263,0.00010466511561587159,0.00010206033688148669,0.00013003994669408866,0.00011165011463930225,0.00010178079046629949,9.520732741584536e-05,0.00014993949505049173,6.671732804566934e-05,0.00014268047629836838,0.0001297997622688785,9.656194111342519e-05,6.390485570854686e-05,0.00011118352705137075,0.0001058064335664428,0.0001293987852035531,0.00011700113652469995,0.00011352574034819519,9.006823059172866e-05,0.00011400381312257642,8.414348869793612e-05,5.774624303905157e-05,0.000100606330226295,0.00011809707326973485,7.336966463084435e-05,9.22377532370373e-05,0.00010182471378595492,0.00012696868943364235,0.000164297690563747,8.463045480740171e-05,0.00011988094208462648,8.95236893112048e-05,4.160403272803235e-05,0.00010281459677592179,0.00013386445837646542,9.373742901575538e-05,6.291656337663265e-05,0.00014360466961268038,0.00015356702709954363,9.684904742219064e-05,0.00017087374079292807,0.00010674119540499783,8.648528070251742e-05,8.23361456917597e-05,8.74152941036886e-05,0.00010968945936708219,9.925914381115857e-05,0.00014209645157618435,8.180176153173868e-05,8.44873668495509e-05,6.145212618622024e-05,0.00014376378584071296,0.0001374287956138962,0.00011530151823694919,0.00015052464969880837,6.487293913944356e-05,0.00014473285567085997,9.227528532601494e-05,0.00014358678548511526,0.00010289535855502643,0.00016637540704487295,9.973478283058817e-05,7.91484213993577e-05,7.052559634420674e-05,0.00016166871448580687,5.6570906319144546e-05,0.00013679374153058093,8.157231424715674e-05,0.00011045598333616689,0.00021045033506587386
COMPLETE-ARO-PWY,0.00014017324140003568,6.612752666520525e-05,6.74205403976784e-05,0.00014571202340773207,0.00014374530129121225,0.00021660141144473638,0.0001177359464324974,0.00020817387541548007,0.00011302557129721012,0.00010816535773807997,0.00011393891729424298,0.00010775913071256014,0.00011468066171439241,0.0001036003989078602,9.297197285856113e-05,8.788890265266099e-05,0.00015318264725253705,7.272545825620686e-05,9.155056598819228e-05,0.00012608275818294643,0.00010033248900240472,5.821583573214987e-05,0.00011133902107961505,0.00010518322957463994,0.00012895026411336152,0.00011740155071956972,0.00012189936426471386,9.600500051156834e-05,0.00011807223602073348,8.528961616393001e-05,5.471228879502473e-05,0.00010662253960700216,0.00011483491052212031,4.061216948938434e-05,9.552085861965401e-05,0.00010138918580499785,4.6330173168848976e-05,0.00011899518393704598,9.085097779113742e-05,0.00011242581384805849,4.2562457461057143e-05,4.3010015964514754e-05,9.486265270186153e-05,0.00014226661456173903,9.599757428417913e-05,4.5515767497414154e-05,0.0001443866330116895,0.00014216399186244333,0.0001005503671766292,0.00014841025070483569,7.744790609476773e-05,8.653343546218864e-05,8.144534173924254e-05,8.787591515001064e-05,6.398955080426098e-05,0.00010542818890577245,0.00011915010998021796,8.211154561813043e-05,7.955581235871371e-05,5.3662403288221e-05,4.5752464135276394e-05,0.00012646055387418803,0.00010813681002949787,0.0001564551658330705,3.897454272048457e-05,0.0001379888766276637,8.458705288060179e-05,0.00014954447976583745,0.00010053115280005785,0.00014976407608117463,0.00010526480198720074,6.461262238556274e-05,6.558586276072596e-05,0.00015543335505627443,3.248464534357734e-05,7.409765750876829e-05,8.027925247530602e-05,9.661720288379428e-05,0.00014637583420804291
PWY-6163,0.00013090480531338184,5.6096463911863093e-05,0.00011362699721240996,0.0001347567270916538,0.0001276574063093451,0.00019834022057205528,0.00013232951765981813,0.0001781483569923141,0.00012687276103570458,0.0001336871899465298,0.00012544959028763848,0.00010286856303360875,0.00013618906948802882,0.00011079556472421367,0.00012517174318803229,0.00010766837644940648,0.00014940274671929222,6.96279801351161e-05,0.0001585591910806641,0.00015783008054683797,0.00010505394261622426,7.383578002122601e-05,0.0001153396324078531,0.00013646522920401417,0.00013138081742865705,0.00013070450914805208,0.00011462953820554176,0.00010993318384796178,0.000110947871283996,9.322111061396523e-05,6.925331351175426e-05,9.778177430831391e-05,0.00011206050179712505,7.801329109977176e-05,0.00010335578002212133,0.00010026808519564471,0.00013791168694048166,0.0001894153276009583,9.055220901726583e-05,0.00011881426583735914,0.00010539168660822535,9.460016302771757e-05,0.0001213471074614969,0.00014783636920007208,0.00010102147176182949,8.359818879337679e-05,0.00014631782192064995,0.00016459570288512314,0.00010305012867851515,0.00016146085101456173,0.00011256053807170504,9.401369972901141e-05,8.754492128827455e-05,0.0001260227544696133,0.00012847367036022007,0.00010622507770898961,0.0001528484333007014,9.093591192640509e-05,0.0001178990928951769,6.704121231060078e-05,0.00014954152657082785,0.00012689732953440085,0.0001291303521567175,0.00014253470641026748,9.075635672093392e-05,0.00019929996803575692,8.983621986538202e-05,0.00013239714743530794,0.00012437155779642495,0.00016039810578332266,0.00011221738200131146,0.0001059759597304592,0.00011142046433034513,0.00013989691529847273,0.00013221289376609237,0.00013418974168542794,0.00010607585030463306,0.00012423426852228799,0.00021204368556594264
PWY-6628,0.0001080415473208708,5.6944565929828833e-05,4.2504446067194404e-05,0.00010491409050278924,0.0001213017488125766,0.00018820925109598846,6.986736860832704e-05,0.000178975400254748,5.8316102449936625e-05,7.463536892573124e-05,5.1423206746279356e-05,6.910693035996612e-05,6.240328935920579e-05,0.0001006095145675395,6.181775823044576e-05,2.5648894202620945e-05,0.0001080081585850047,5.838288985360453e-05,3.270214511708219e-05,7.312773559516454e-05,8.810600253164735e-05,3.393656209574675e-05,5.1035410015819496e-05,8.408855681032108e-05,7.890091850281334e-05,7.969215387544966e-05,0.0001025918955326886,5.92385195568536e-05,8.832814847316574e-05,5.046135600718832e-05,1.9196385885662996e-05,9.421911140623535e-05,9.91605104120074e-05,2.6102252976238392e-05,5.367616795841414e-05,7.323615503587162e-05,2.9001671657488916e-05,6.498548555367431e-05,7.803070829227282e-05,6.006150670483628e-05,1.7009877185559337e-05,3.055870620935172e-05,6.730217354282907e-05,6.878953342763676e-05,2.9929676924559112e-05,2.8590184658681794e-05,3.986454695669737e-05,5.265887512600013e-05,5.65363190393699e-05,7.577941473197933e-05,5.245729910295037e-05,7.312815702853905e-05,5.851041108749188e-05,6.17363913666575e-05,6.01966814469746e-05,9.064730733223475e-05,9.310171155628641e-05,6.704453778858672e-05,6.51469383004332e-05,3.876723045029405e-05,2.6747402611874344e-05,0.00010740303432344437,8.26227639618936e-05,0.00012425002836427077,2.3208302311855845e-05,3.661431149557034e-05,6.024733525437525e-05,0.00013258309607791713,5.3680306539126935e-05,0.00013544787224231794,7.813289536691974e-05,3.926200250819214e-05,3.9787090398438115e-05,0.00011109321011538194,2.8093036512270577e-05,4.9298796496462936e-05,2.969376856297604e-05,7.44150683891279e-05,3.2978525757228886e-05
PWY-6629,0.00010771184512209176,5.240786620999255e-05,5.9946045075333574e-05,0.00013434297639897927,0.00011667524185260246,0.00017056613998170546,2.6538372489693782e-05,0.00016539943231662094,7.495646343740541e-05,9.931706597159335e-05,8.907716418771552e-05,6.89615096299756e-05,6.709337532956673e-05,3.0200218989885062e-05,4.405882734582108e-05,9.21667918742014e-05,5.856061668514736e-05,6.477616306465267e-05,4.0805469589409675e-05,0.00010963952926045072,5.398089078728718e-05,4.385960267223135e-05,8.070983791920191e-05,8.662205669330425e-05,3.6333723578918536e-05,5.914884623201522e-05,0.00012362915746546376,7.547997334324242e-05,7.742580966982416e-05,2.811771308933984e-05,5.085132135654731e-05,9.846818787865418e-05,8.909441162871348e-05,4.0131161771949e-05,3.954357528919199e-05,8.817879378526522e-05,5.67840191774751e-05,2.786405563770228e-05,7.443355467114943e-05,3.529841617841748e-05,4.0180089348253824e-05,3.096432776513595e-05,6.519195314807049e-05,0.00010631876921049228,2.777208371239704e-05,3.319337843896129e-05,9.740732893618504e-05,8.539002175683422e-05,7.656352631550061e-05,7.732482218624546e-05,7.717635765380395e-05,6.000058417220863e-05,5.411858909268731e-05,5.681726486757359e-05,5.754909242305624e-05,7.50398673177628e-05,9.544128499307834e-05,6.105232288104854e-05,6.480613039352462e-05,2.9248480508274878e-05,3.799744676083822e-05,7.877223616183734e-05,5.3700348625398316e-05,9.396850945804643e-05,3.169783135629072e-05,6.07639530795948e-05,5.773090708650782e-05,0.00014590641348600068,7.035831865913392e-05,0.00010406428261390791,3.580105183613025e-05,3.531686846043214e-05,6.571750541533317e-05,0.00014047413007558802,2.6786032496248955e-05,5.925193644766168e-05,4.993498697840704e-05,5.4251219399683086e-05,2.588165723633178e-05
PWY-6630,5.958272492173051e-05,5.6944565929828833e-05,3.659799683469748e-05,7.549615481475624e-05,9.075266168729706e-05,0.0001844438163448831,3.353718218022187e-05,0.00016912739860093767,5.8316102449936625e-05,2.6661182090108645e-05,4.170172339208351e-05,4.9109538229798445e-05,6.240328935920579e-05,9.88106552711925e-05,6.254168647733972e-05,2.0811036112217726e-05,0.0001080081585850047,2.7822152021687392e-05,4.742478642964563e-05,7.312773559516454e-05,8.810600253164735e-05,3.393656209574675e-05,5.1035410015819496e-05,8.449565902909374e-05,7.890091850281334e-05,7.969215387544966e-05,8.97491016157926e-05,3.4313386049959085e-05,6.462688515813945e-05,5.046135600718832e-05,7.825149616143104e-06,3.652188296823898e-05,6.114059765116138e-05,1.7937893916309445e-05,5.367616795841414e-05,5.731990888715527e-05,2.9001671657488916e-05,6.498548555367431e-05,3.2833482802902904e-05,6.062963202214203e-05,2.1111045420071355e-05,2.5716441989024325e-05,2.8232999545943762e-05,5.246444871364233e-05,2.7782918278816846e-05,2.6415450930068554e-05,3.4249250021923375e-05,5.265887512600013e-05,5.65363190393699e-05,5.908989070397101e-05,3.573239501033111e-05,3.4721275372243896e-05,5.449661155614471e-05,4.810511574164291e-05,6.133109868093697e-05,9.064730733223475e-05,3.525148141982129e-05,3.094434636960942e-05,6.51469383004332e-05,2.267368058060856e-05,2.7256458255587232e-05,3.548560953212374e-05,6.274033703723166e-05,0.00012425002836427077,2.3612416546888996e-05,3.241866766672839e-05,6.024733525437525e-05,0.00012700287980139716,4.2316730551484635e-05,0.00011658113125040823,7.021846628621642e-05,3.926200250819214e-05,4.560737295165119e-05,8.722924001886892e-05,2.7252109301954494e-05,5.2260688771216505e-05,2.969376856297604e-05,4.222737762989946e-05,5.856479278707751e-05
PWY-5837,3.0543133412805965e-05,7.0219816707840515e-06,1.1450865358676659e-05,4.481217143497073e-05,7.996206873811555e-05,0.00010902278036268025,8.018090816125018e-07,0.00010631959591420943,1.4233943435690762e-05,1.033825521470877e-05,1.595775455677204e-06,1.549752575425054e-05,1.179003241628378e-05,2.8752630710621105e-05,3.6511523279841674e-07,1.0275771246020467e-05,1.2878265701970313e-05,1.0540577772123436e-05,6.418923939517975e-06,2.2894096256080114e-06,2.282752448302664e-06,2.78607902207644e-06,7.154261203850114e-06,2.008486410250276e-06,1.8357899973571706e-06,4.651188190698856e-06,3.578242448949192e-05,1.0774076007009725e-05,6.958100347055308e-06,9.213277660304538e-06,9.176512073206371e-06,3.36354096726112e-05,3.942063385130924e-05,2.373297876560749e-06,5.529546221810243e-06,2.7170346630033198e-05,2.3118101840165357e-05,1.0016860891625391e-05,2.385968683178984e-06,2.037386335337619e-06,8.016676210136138e-06,5.018193436416576e-06,1.057406063853822e-06,1.1081012765191609e-06,1.7234711116310266e-06,6.934892695740545e-06,8.906046430740817e-07,1.0907016172602055e-05,9.918175126167305e-06,2.2703834689725397e-05,1.8073677777767474e-06,2.4986522122103366e-05,1.6533231104367623e-06,1.6795706395744985e-06,7.781905821275181e-06,8.399051185547306e-07,7.990836717229822e-06,1.4269662556326448e-05,1.175368146252108e-06,1.585114893863577e-06,8.958695020732887e-06,2.179213687434431e-05,1.1372262230478636e-05,1.4164151899332727e-05,1.7016777763247501e-06,3.0441124599786485e-06,1.0356709232085896e-05,8.112546312116111e-05,1.6905673422054134e-06,2.119558082925848e-05,6.056732497222717e-06,1.2853186339726686e-05,5.189440311953963e-07,6.195771243762406e-05,2.2722748339737075e-06,2.0997427258132044e-06,1.1535312027572012e-05,1.711383755816412e-06,1.4118470327838785e-05
PWY-5838,6.873251637166089e-05,1.4645208268098884e-05,3.2592063545992127e-05,8.965343433619433e-05,0.00012180829204159124,0.00014067141971731872,2.672306920942753e-06,0.00014646843430180401,3.48241118819319e-05,2.4667252891781683e-05,5.274683158554132e-06,3.690504987953384e-05,2.4140614593311355e-05,3.696131421090702e-05,1.2250121997341713e-06,1.5380234429879255e-05,3.4054044714177574e-05,2.5231088137210386e-05,1.4677561502876178e-05,7.634846587215783e-06,7.17768762374733e-06,8.847304527804839e-06,1.937784208258213e-05,6.548880868593697e-06,6.0642905089457584e-06,1.4951921795329083e-05,7.109922888305653e-05,2.7622584731480328e-05,1.9706488926737645e-05,2.4068750812598238e-05,1.6533914434519187e-05,6.0734023519059535e-05,6.792752603123615e-05,7.506997425072036e-06,1.3484990747790257e-05,5.405077708001932e-05,1.987941252298648e-05,2.2962571934309806e-05,7.60194378910626e-06,6.558162149048562e-06,1.851293351365785e-05,1.4630500702284581e-05,3.4971429679270658e-06,3.62431849098687e-06,5.66213456763112e-06,1.254194788640203e-05,2.9084135214287086e-06,2.355669826110212e-05,2.8833717584629555e-05,4.0043901746711673e-05,6.014662904673649e-06,3.635342816837318e-05,5.382077859438431e-06,5.5109429166701406e-06,1.8207315700321334e-05,2.8137429059963614e-06,2.4145239934630046e-05,2.8593814112305797e-05,3.877198715232267e-06,5.102647650126663e-06,1.2734513173539946e-05,4.020810695478467e-05,2.8333973628863135e-05,3.256133144001786e-05,5.6159941254148385e-06,9.252556402098827e-06,2.4468825862259883e-05,0.00011649434297321012,5.521269415052737e-06,4.6141920675769994e-05,1.829630051549001e-05,2.1538773081822706e-05,1.7550309094378545e-06,0.0001053980361329904,7.514953327605379e-06,6.434708533011547e-06,1.575301615960772e-05,5.324959385633007e-06,9.070497940630194e-06
PWY-5840,4.363794875098766e-05,4.7588675641354287e-07,4.575581332660711e-07,5.5405733456394004e-05,0.0001121305994885308,0.0001382779023514071,4.822937057257646e-07,0.00013682671416225456,2.5863448380841854e-05,2.0516437105146305e-06,1.5589136773108272e-06,2.658750209692477e-05,2.1409385637310046e-06,2.615058927418941e-06,6.429817378441418e-07,1.2722536690162364e-06,4.080684794606458e-06,3.559420753002704e-07,1.579132868458128e-06,2.4827214452532782e-06,4.453207516583314e-07,1.6288322702932953e-06,8.535460546461538e-06,3.221708677659234e-07,2.462881972953307e-06,5.733319954277972e-07,6.084166863831908e-05,4.782349687929631e-07,3.7859951337130635e-06,5.330695436635988e-07,1.6194345169138095e-05,4.98534247367558e-05,5.0826202531314254e-05,2.3043059704429635e-06,9.25227338965217e-06,2.9971068416100294e-05,4.809546016230796e-07,2.527641739984761e-06,4.96089243375512e-06,5.174613616393314e-07,3.789696972090351e-07,4.180579539598748e-07,2.198479127597293e-06,2.052859761343658e-06,4.0871813795400166e-07,1.1685698673605526e-05,6.897293949363184e-07,9.240406139757676e-07,4.2075964547756475e-07,2.196165305125236e-05,4.703076819869134e-07,2.5225948657260887e-05,1.2801400504445778e-06,4.088779297893506e-07,8.165797902345822e-07,8.647834681383511e-07,1.6223568791178776e-05,2.3634968429384283e-05,4.5341398760966366e-07,4.6001586396084716e-07,1.5290103357704908e-06,3.2519871881199086e-05,8.081716199922513e-07,2.954017855370693e-05,1.0293813410481236e-06,1.0143290191223997e-06,9.962600608327897e-07,0.00010750152016094824,1.230154317778075e-06,1.654839484818969e-05,2.592906499263958e-06,1.2773982276665288e-06,7.595294115872529e-07,9.343081742535861e-05,2.5253527227026594e-06,2.928302217623976e-06,1.1141688333592182e-07,2.6759742500198327e-06,4.587473876457867e-06
PWY-5845,4.363794875098766e-05,4.7588675641354287e-07,4.575581332660711e-07,5.5405733456394004e-05,0.0001121305994885308,0.0001382779023514071,4.822937057257646e-07,0.00013682671416225456,2.5863448380841854e-05,2.0516437105146305e-06,1.5589136773108272e-06,2.658750209692477e-05,2.1409385637310046e-06,2.615058927418941e-06,6.429817378441418e-07,1.2722536690162364e-06,4.080684794606458e-06,3.559420753002704e-07,1.579132868458128e-06,2.4827214452532782e-06,4.453207516583314e-07,1.6288322702932953e-06,8.535460546461538e-06,3.221708677659234e-07,2.462881972953307e-06,5.733319954277972e-07,6.084166863831908e-05,4.782349687929631e-07,3.7859951337130635e-06,5.330695436635988e-07,1.6194345169138095e-05,4.98534247367558e-05,5.0826202531314254e-05,2.3043059704429635e-06,9.25227338965217e-06,2.9971068416100294e-05,4.809546016230796e-07,2.527641739984761e-06,4.96089243375512e-06,5.174613616393314e-07,3.789696972090351e-07,4.180579539598748e-07,2.198479127597293e-06,2.052859761343658e-06,4.0871813795400166e-07,1.1685698673605526e-05,6.897293949363184e-07,9.240406139757676e-07,4.2075964547756475e-07,2.196165305125236e-05,4.703076819869134e-07,2.5225948657260887e-05,1.2801400504445778e-06,4.088779297893506e-07,8.165797902345822e-07,8.647834681383511e-07,1.6223568791178776e-05,2.3634968429384283e-05,4.5341398760966366e-07,4.6001586396084716e-07,1.5290103357704908e-06,3.2519871881199086e-05,8.081716199922513e-07,2.954017855370693e-05,1.0293813410481236e-06,1.0143290191223997e-06,9.962600608327897e-07,0.00010750152016094824,1.230154317778075e-06,1.654839484818969e-05,2.592906499263958e-06,1.2773982276665288e-06,7.595294115872529e-07,9.343081742535861e-05,2.5253527227026594e-06,2.928302217623976e-06,1.1141688333592182e-07,2.6759742500198327e-06,4.587473876457867e-06
PWY-5850,4.363794875098766e-05,4.7588675641354287e-07,4.575581332660711e-07,5.5405733456394004e-05,0.0001121305994885308,0.0001382779023514071,4.822937057257646e-07,0.00013682671416225456,2.5863448380841854e-05,2.0516437105146305e-06,1.5589136773108272e-06,2.658750209692477e-05,2.1409385637310046e-06,2.615058927418941e-06,6.429817378441418e-07,1.2722536690162364e-06,4.080684794606458e-06,3.559420753002704e-07,1.579132868458128e-06,2.4827214452532782e-06,4.453207516583314e-07,1.6288322702932953e-06,8.535460546461538e-06,3.221708677659234e-07,2.462881972953307e-06,5.733319954277972e-07,6.084166863831908e-05,4.782349687929631e-07,3.7859951337130635e-06,5.330695436635988e-07,1.6194345169138095e-05,4.98534247367558e-05,5.0826202531314254e-05,2.3043059704429635e-06,9.25227338965217e-06,2.9971068416100294e-05,4.809546016230796e-07,2.527641739984761e-06,4.96089243375512e-06,5.174613616393314e-07,3.789696972090351e-07,4.180579539598748e-07,2.198479127597293e-06,2.052859761343658e-06,4.0871813795400166e-07,1.1685698673605526e-05,6.897293949363184e-07,9.240406139757676e-07,4.2075964547756475e-07,2.196165305125236e-05,4.703076819869134e-07,2.5225948657260887e-05,1.2801400504445778e-06,4.088779297893506e-07,8.165797902345822e-07,8.647834681383511e-07,1.6223568791178776e-05,2.3634968429384283e-05,4.5341398760966366e-07,4.6001586396084716e-07,1.5290103357704908e-06,3.2519871881199086e-05,8.081716199922513e-07,2.954017855370693e-05,1.0293813410481236e-06,1.0143290191223997e-06,9.962600608327897e-07,0.00010750152016094824,1.230154317778075e-06,1.654839484818969e-05,2.592906499263958e-06,1.2773982276665288e-06,7.595294115872529e-07,9.343081742535861e-05,2.5253527227026594e-06,2.928302217623976e-06,1.1141688333592182e-07,2.6759742500198327e-06,4.587473876457867e-06
PWY-5860,3.21402883930323e-05,3.18023010912958e-07,3.05348324351639e-07,4.171579537593179e-05,0.0001007776404468775,0.0001328428921844415,3.2234793242829876e-07,0.00011805976346663933,1.9259855648489236e-05,1.3805605118311875e-06,1.0447177856288791e-06,2.0115187925282282e-05,1.457991455404638e-06,1.7655744903445153e-06,4.304400165464553e-07,8.512829835948481e-07,2.7383344620705726e-06,2.375754652720891e-07,1.0707285134578763e-06,1.6629959610612395e-06,2.974128702349178e-07,1.0912317879210846e-06,5.802906760698388e-06,2.15068779330461e-07,1.652884021035246e-06,3.8264590638489386e-07,4.981792972548318e-05,3.193892018263045e-07,2.556164475378167e-06,3.5612104117800827e-07,1.1428826838895074e-05,4.161152426781952e-05,3.96175877716541e-05,1.5522693954502588e-06,6.7770678808563345e-06,2.2161179229946883e-05,3.2087941693444505e-07,1.7192597143113487e-06,3.406430459536612e-06,3.45662080421618e-07,2.528664785190046e-07,2.791668271277758e-07,1.4830905860449393e-06,1.3827209870397925e-06,2.728423866860255e-07,8.024824723535691e-06,4.615771506090085e-07,6.185755961042762e-07,2.808029348765396e-07,1.517979051624828e-05,3.138332029729449e-07,2.292777500101842e-05,8.584703636481902e-07,2.73074209705847e-07,5.472897185623568e-07,5.787861082802384e-07,1.1307099136779297e-05,1.7753633891151986e-05,3.0300653759094725e-07,3.0725180956964596e-07,1.0390021342401944e-06,2.680307559603186e-05,5.404518582305974e-07,2.058920763784791e-05,6.883566809546358e-07,6.78566840429051e-07,6.679671199502631e-07,9.720159046379465e-05,8.244122801514405e-07,1.1643605919520802e-05,1.7428761079987015e-06,8.56632254879435e-07,5.072442860892848e-07,7.283821516530929e-05,1.696341330555309e-06,1.99076207883141e-06,7.430086702926268e-08,1.7993343990205582e-06,3.109275316841466e-06
PWY-5861,5.3868925472205374e-05,1.0544213933891118e-05,2.3419263980241292e-05,7.33685493883638e-05,0.00011286668685906325,0.0001361819745947992,1.8069696858039205e-06,0.00012905508333610434,2.702836648832414e-05,1.850763850013358e-05,3.579545627092339e-06,2.946285817158722e-05,2.1104291582939407e-05,2.9967022097770777e-05,8.231804398470327e-07,1.0727873062312123e-05,2.4010898641724076e-05,1.8358565233724507e-05,1.1593938241682676e-05,5.164855485551193e-06,4.927283397744205e-06,6.059371361805783e-06,1.3513881156634607e-05,4.488176121204063e-06,4.109980271740944e-06,1.0264982802011698e-05,6.054656595626634e-05,2.051445142228699e-05,1.4058534381696908e-05,1.771048445098369e-05,1.1682824706030644e-05,5.3643885276307476e-05,5.614401722821229e-05,5.1792961025469454e-06,1.0344588270371358e-05,4.3807063135688764e-05,1.3681210781419813e-05,1.8680816482061835e-05,5.304605507443953e-06,4.485223991289416e-06,1.2889824055511048e-05,1.0352636488108546e-05,2.375864921172763e-06,2.4606625439281344e-06,3.8457605813272975e-06,8.631856665962473e-06,1.970582340577201e-06,1.7547502045293308e-05,2.0721907812940933e-05,2.8542820813524512e-05,4.0585224630613684e-06,3.934804239910783e-05,3.6789247631284443e-06,3.7648142041896572e-06,1.376648993593906e-05,1.9000083519650089e-06,1.7209932334284358e-05,2.206525941191126e-05,2.6392108969911097e-06,3.473822158407348e-06,1.0078070784705285e-05,3.510075246318935e-05,2.1185486182122215e-05,2.280098796124299e-05,3.8074409393427215e-06,6.369368687218028e-06,1.895691456962667e-05,0.00010856857772538253,3.769278405572879e-06,3.6037056154822214e-05,1.2945545134944242e-05,1.593826870292328e-05,1.1747907269865837e-06,8.399012776198455e-05,5.124798947273191e-06,4.4805119955698585e-06,1.098148386088336e-05,3.6112836934992942e-06,6.249519250219344e-06
PWY-5862,3.21402883930323e-05,3.18023010912958e-07,3.05348324351639e-07,4.171579537593179e-05,0.0001007776404468775,0.0001328428921844415,3.2234793242829876e-07,0.00011805976346663933,1.9259855648489236e-05,1.3805605118311875e-06,1.0447177856288791e-06,2.0115187925282282e-05,1.457991455404638e-06,1.7655744903445153e-06,4.304400165464553e-07,8.512829835948481e-07,2.7383344620705726e-06,2.375754652720891e-07,1.0707285134578763e-06,1.6629959610612395e-06,2.974128702349178e-07,1.0912317879210846e-06,5.802906760698388e-06,2.15068779330461e-07,1.652884021035246e-06,3.8264590638489386e-07,4.981792972548318e-05,3.193892018263045e-07,2.556164475378167e-06,3.5612104117800827e-07,1.1428826838895074e-05,4.161152426781952e-05,3.96175877716541e-05,1.5522693954502588e-06,6.7770678808563345e-06,2.2161179229946883e-05,3.2087941693444505e-07,1.7192597143113487e-06,3.406430459536612e-06,3.45662080421618e-07,2.528664785190046e-07,2.791668271277758e-07,1.4830905860449393e-06,1.3827209870397925e-06,2.728423866860255e-07,8.024824723535691e-06,4.615771506090085e-07,6.185755961042762e-07,2.808029348765396e-07,1.517979051624828e-05,3.138332029729449e-07,2.292777500101842e-05,8.584703636481902e-07,2.73074209705847e-07,5.472897185623568e-07,5.787861082802384e-07,1.1307099136779297e-05,1.7753633891151986e-05,3.0300653759094725e-07,3.0725180956964596e-07,1.0390021342401944e-06,2.680307559603186e-05,5.404518582305974e-07,2.058920763784791e-05,6.883566809546358e-07,6.78566840429051e-07,6.679671199502631e-07,9.720159046379465e-05,8.244122801514405e-07,1.1643605919520802e-05,1.7428761079987015e-06,8.56632254879435e-07,5.072442860892848e-07,7.283821516530929e-05,1.696341330555309e-06,1.99076207883141e-06,7.430086702926268e-08,1.7993343990205582e-06,3.109275316841466e-06
PWY-5896,4.363794875098766e-05,4.7588675641354287e-07,4.575581332660711e-07,5.5405733456394004e-05,0.0001121305994885308,0.0001382779023514071,4.822937057257646e-07,0.00013682671416225456,2.5863448380841854e-05,2.0516437105146305e-06,1.5589136773108272e-06,2.658750209692477e-05,2.1409385637310046e-06,2.615058927418941e-06,6.429817378441418e-07,1.2722536690162364e-06,4.080684794606458e-06,3.559420753002704e-07,1.579132868458128e-06,2.4827214452532782e-06,4.453207516583314e-07,1.6288322702932953e-06,8.535460546461538e-06,3.221708677659234e-07,2.462881972953307e-06,5.733319954277972e-07,6.084166863831908e-05,4.782349687929631e-07,3.7859951337130635e-06,5.330695436635988e-07,1.6194345169138095e-05,4.98534247367558e-05,5.0826202531314254e-05,2.3043059704429635e-06,9.25227338965217e-06,2.9971068416100294e-05,4.809546016230796e-07,2.527641739984761e-06,4.96089243375512e-06,5.174613616393314e-07,3.789696972090351e-07,4.180579539598748e-07,2.198479127597293e-06,2.052859761343658e-06,4.0871813795400166e-07,1.1685698673605526e-05,6.897293949363184e-07,9.240406139757676e-07,4.2075964547756475e-07,2.196165305125236e-05,4.703076819869134e-07,2.5225948657260887e-05,1.2801400504445778e-06,4.088779297893506e-07,8.165797902345822e-07,8.647834681383511e-07,1.6223568791178776e-05,2.3634968429384283e-05,4.5341398760966366e-07,4.6001586396084716e-07,1.5290103357704908e-06,3.2519871881199086e-05,8.081716199922513e-07,2.954017855370693e-05,1.0293813410481236e-06,1.0143290191223997e-06,9.962600608327897e-07,0.00010750152016094824,1.230154317778075e-06,1.654839484818969e-05,2.592906499263958e-06,1.2773982276665288e-06,7.595294115872529e-07,9.343081742535861e-05,2.5253527227026594e-06,2.928302217623976e-06,1.1141688333592182e-07,2.6759742500198327e-06,4.587473876457867e-06
PWY-5897,6.516352568180608e-05,1.751660919584025e-05,2.9989835047376892e-05,8.45874140467751e-05,0.00011797982811459218,0.00014058505145325738,2.349013412990949e-06,0.000143502705236207,3.241753536125154e-05,2.2631246207858433e-05,4.654479085186957e-06,3.455198332519904e-05,2.2799789436417678e-05,4.783801996151066e-05,1.081561145065769e-06,2.315716212279372e-05,3.320157379885317e-05,2.398755059390258e-05,1.4820635170798357e-05,6.725364293480102e-06,6.467368673147878e-06,7.946341085417168e-06,1.954327155427004e-05,5.787322506404228e-06,5.362896636546318e-06,1.3252876133026352e-05,6.714383102659027e-05,2.6035408402057487e-05,1.7898352265150247e-05,2.281371444381465e-05,1.8737838078621848e-05,5.7776855749978255e-05,6.452989555753879e-05,6.683593878335004e-06,1.3318797949013416e-05,5.1388087899792666e-05,5.151064625847306e-05,2.233953798226745e-05,6.722927820272152e-06,5.8240305532716695e-06,1.8132944701120518e-05,1.3248378499237135e-05,3.0867012564568624e-06,3.199693423069127e-06,4.995596943199442e-06,1.3014667427883668e-05,2.567764405338324e-06,2.261607254121022e-05,2.6034267952606485e-05,5.396660863039687e-05,5.307504166034586e-06,3.611477857543396e-05,4.7613335621104404e-06,4.872008527871081e-06,1.8688574168793112e-05,2.4762117584408084e-06,2.164033560626798e-05,2.7466687547763678e-05,3.4248620084380476e-06,4.569786098643321e-06,1.8470030909617257e-05,3.800966084106189e-05,2.6267476949345694e-05,3.401430717527837e-05,4.957831316732085e-06,8.671946960515433e-06,2.3569794987408993e-05,0.00011605650685006779,4.905711543214824e-06,4.547593967251366e-05,1.6410573860395422e-05,2.892166839810453e-05,1.5432116724848665e-06,0.00010463635932638565,6.618137202685543e-06,5.728292843506459e-06,2.5898920157731794e-05,4.759987271295899e-06,1.0907266217608209e-05
PWY-5898,6.516352568180608e-05,1.751660919584025e-05,2.9989835047376892e-05,8.45874140467751e-05,0.00011797982811459218,0.00014058505145325738,2.349013412990949e-06,0.000143502705236207,3.241753536125154e-05,2.2631246207858433e-05,4.654479085186957e-06,3.455198332519904e-05,2.2799789436417678e-05,4.783801996151066e-05,1.081561145065769e-06,2.315716212279372e-05,3.320157379885317e-05,2.398755059390258e-05,1.4820635170798357e-05,6.725364293480102e-06,6.467368673147878e-06,7.946341085417168e-06,1.954327155427004e-05,5.787322506404228e-06,5.362896636546318e-06,1.3252876133026352e-05,6.714383102659027e-05,2.6035408402057487e-05,1.7898352265150247e-05,2.281371444381465e-05,1.8737838078621848e-05,5.7776855749978255e-05,6.452989555753879e-05,6.683593878335004e-06,1.3318797949013416e-05,5.1388087899792666e-05,5.151064625847306e-05,2.233953798226745e-05,6.722927820272152e-06,5.8240305532716695e-06,1.8132944701120518e-05,1.3248378499237135e-05,3.0867012564568624e-06,3.199693423069127e-06,4.995596943199442e-06,1.3014667427883668e-05,2.567764405338324e-06,2.261607254121022e-05,2.6034267952606485e-05,5.396660863039687e-05,5.307504166034586e-06,3.611477857543396e-05,4.7613335621104404e-06,4.872008527871081e-06,1.8688574168793112e-05,2.4762117584408084e-06,2.164033560626798e-05,2.7466687547763678e-05,3.4248620084380476e-06,4.569786098643321e-06,1.8470030909617257e-05,3.800966084106189e-05,2.6267476949345694e-05,3.401430717527837e-05,4.957831316732085e-06,8.671946960515433e-06,2.3569794987408993e-05,0.00011605650685006779,4.905711543214824e-06,4.547593967251366e-05,1.6410573860395422e-05,2.892166839810453e-05,1.5432116724848665e-06,0.00010463635932638565,6.618137202685543e-06,5.728292843506459e-06,2.5898920157731794e-05,4.759987271295899e-06,1.0907266217608209e-05
PWY-5899,6.516352568180608e-05,1.751660919584025e-05,2.9989835047376892e-05,8.45874140467751e-05,0.00011797982811459218,0.00014058505145325738,2.349013412990949e-06,0.000143502705236207,3.241753536125154e-05,2.2631246207858433e-05,4.654479085186957e-06,3.455198332519904e-05,2.2799789436417678e-05,4.783801996151066e-05,1.081561145065769e-06,2.315716212279372e-05,3.320157379885317e-05,2.398755059390258e-05,1.4820635170798357e-05,6.725364293480102e-06,6.467368673147878e-06,7.946341085417168e-06,1.954327155427004e-05,5.787322506404228e-06,5.362896636546318e-06,1.3252876133026352e-05,6.714383102659027e-05,2.6035408402057487e-05,1.7898352265150247e-05,2.281371444381465e-05,1.8737838078621848e-05,5.7776855749978255e-05,6.452989555753879e-05,6.683593878335004e-06,1.3318797949013416e-05,5.1388087899792666e-05,5.151064625847306e-05,2.233953798226745e-05,6.722927820272152e-06,5.8240305532716695e-06,1.8132944701120518e-05,1.3248378499237135e-05,3.0867012564568624e-06,3.199693423069127e-06,4.995596943199442e-06,1.3014667427883668e-05,2.567764405338324e-06,2.261607254121022e-05,2.6034267952606485e-05,5.396660863039687e-05,5.307504166034586e-06,3.611477857543396e-05,4.7613335621104404e-06,4.872008527871081e-06,1.8688574168793112e-05,2.4762117584408084e-06,2.164033560626798e-05,2.7466687547763678e-05,3.4248620084380476e-06,4.569786098643321e-06,1.8470030909617257e-05,3.800966084106189e-05,2.6267476949345694e-05,3.401430717527837e-05,4.957831316732085e-06,8.671946960515433e-06,2.3569794987408993e-05,0.00011605650685006779,4.905711543214824e-06,4.547593967251366e-05,1.6410573860395422e-05,2.892166839810453e-05,1.5432116724848665e-06,0.00010463635932638565,6.618137202685543e-06,5.728292843506459e-06,2.5898920157731794e-05,4.759987271295899e-06,1.0907266217608209e-05
NONMEVIPP-PWY,0.00013997397114921353,9.678919510389614e-05,0.00013000428013138675,0.00014157053705506452,0.00011001665464884117,0.00016113777357067006,0.0001297074841380241,0.00013209386615349242,0.0001112261398705158,0.00010433804429673944,0.00014125596141433753,0.00012804559127345148,9.962170602080212e-05,0.00013176829037616188,0.0001011938237801358,0.0001409924999231464,0.00014424113631954653,7.979050878489698e-05,0.00013728471930439642,0.00016467607894790607,0.00011962143379944927,9.476507101893602e-05,9.542644302694424e-05,0.00011556942059511495,0.00012606535655146028,0.00015712313691695779,0.00015605181482816974,0.00011336748144753824,0.00011636186000738896,0.0001097959795231918,6.875230203913712e-05,0.00014419152202321117,0.00010622017298883743,8.140800473433764e-05,0.00010080537765081681,9.601210372716564e-05,0.00011385222838507606,0.00014999932246692027,0.0001136996018949658,0.00013652420936540317,6.664215954387163e-05,7.854915178789669e-05,0.00011524340869795141,0.00013769394775719473,0.00011245351867018262,6.24944819579202e-05,0.00012114529772209098,0.0001146878718968258,0.00014537368416160637,0.00015978209950487824,0.000111267154981534,8.917515588736905e-05,8.686888031564629e-05,0.00012288146815986808,0.00012772471620179542,0.00013307015975717792,0.00016603200035471434,7.980122216131417e-05,0.00011766089381069086,7.725077838477505e-05,0.00011996273086132166,0.00011867405040275412,0.00010611919330376613,0.00020125296850665177,0.00010094851270581328,0.00020341383901717504,7.936391337895734e-05,0.00012876712833341568,0.00011388911019358443,0.000157384781554374,0.0001050236720430515,9.988041823491961e-05,0.00013753519853002905,0.00013405992096099747,0.00010855161127705038,0.00012025011586711745,0.00010993715208210625,0.00010572151859344117,0.00019606424960873006
PWY-5121,0.00010384953186242887,8.608534045802352e-06,2.6431103089063766e-05,3.0012609577942746e-05,2.2788238589027244e-05,1.3506893061217968e-05,7.54583038483715e-05,7.547211409946368e-06,4.243628129906532e-05,0.00010024142413649909,3.111801883733734e-05,3.675463700758608e-05,5.0884559767295954e-05,3.0278563423671688e-05,1.928764061100224e-05,9.208725220618244e-06,1.7534307407465828e-05,3.668363917737143e-05,1.0572060677031802e-05,8.240003188286017e-05,3.99309723343959e-05,3.18493736848502e-05,2.6356053052027797e-05,6.0471748318560354e-05,2.005741050564417e-05,0.00010840090510440053,0.00012053701086272779,5.4766583406754395e-05,4.593622238853203e-05,3.5282382429832124e-05,9.695555940378186e-06,0.00011395357068884668,0.00010183351979754757,5.846392800048254e-05,2.613330998460207e-05,5.33988491848433e-05,7.918028468759483e-06,4.552481902678504e-05,0.00011462814872032108,2.5152033173899065e-05,8.295118123499002e-06,3.951634183053236e-05,3.9356202925030106e-05,5.303327018935715e-05,3.502753572974361e-05,1.365150413500505e-05,5.6090387711051306e-05,5.28536798437887e-05,7.540396427925315e-05,4.391646125727443e-05,5.0930411019167406e-05,2.0573524543072034e-05,3.58807015018973e-05,5.445405886856133e-05,1.7507316168745722e-05,2.566134456771124e-05,0.00011960060264551154,3.752274832638308e-05,3.709818320371091e-05,8.914808293574698e-06,1.281020106451013e-05,0.00010122406549747586,5.337115665321088e-05,1.5148061384980566e-05,3.6063652547550334e-05,1.5036866475292328e-05,3.523014254920044e-05,2.542199126967766e-05,2.9725668300438776e-05,3.869286111090335e-05,6.808466925319241e-05,1.5768415501731754e-05,2.6398112853613092e-05,1.569756088764049e-05,5.525431201907984e-05,9.03682092108344e-05,8.560840666805638e-06,4.563666700897662e-05,1.5195922141295473e-05
PWY-6270,0.00011661535563513814,1.3155693410275542e-05,3.710899136185979e-05,0.00013341442996265824,7.758069377071919e-05,0.00013487838362577612,4.314891672792778e-05,0.000120344125890774,6.241435884934147e-05,6.0576936901192916e-05,4.7746696675842795e-05,7.573368616039118e-05,3.006015638073369e-05,7.662346584843702e-05,3.27910784064729e-05,2.2155623344018994e-05,3.1751454795499304e-05,6.108540111025683e-05,2.3429380108754167e-05,5.04956128593801e-05,3.207282771870535e-05,3.0291812939468287e-05,4.169887911169386e-05,8.078974545122842e-05,3.9523294349177384e-05,4.1365194838649095e-05,0.00014088795079055403,5.5712598120171865e-05,4.245332799794455e-05,4.4237737432820446e-05,2.360946055638377e-05,0.00010869486224950716,8.938042449945317e-05,3.5959934861051994e-05,4.0450910693427835e-05,7.645957062114175e-05,1.7633694960568722e-05,4.132222165214902e-05,6.815188255004785e-05,5.608076695585026e-05,1.7807750849010003e-05,3.2348556164733567e-05,7.124963161687276e-05,5.3134206531813275e-05,3.962987127397662e-05,3.411550580108254e-05,6.881927033601489e-05,4.670643447757888e-05,8.012142096354889e-05,3.2253392767229145e-05,4.329617038498461e-05,5.424715117279967e-05,3.9641637936219545e-05,3.943329302965643e-05,3.4415882171809386e-05,3.7783916110645826e-05,5.610313678813996e-05,3.5494543751649897e-05,3.433106188968228e-05,1.4787836871234638e-05,3.351108549066893e-05,7.98712080308953e-05,3.6791881640218703e-05,8.819115404511341e-05,4.244267474502671e-05,5.0005066311574124e-05,3.2048390942780714e-05,0.00011897307195616852,3.8644797199409165e-05,7.829852488756806e-05,6.407999534132975e-05,4.0212292576654494e-05,4.826508558114584e-05,0.00011556029437856112,3.5224428536369896e-05,3.0729862426494765e-05,1.7854834544333645e-05,4.962011515832512e-05,2.4835605596956238e-05
PWY-7392,9.348352257849079e-05,6.226598782975061e-06,1.8488077458097113e-05,6.7119753166770945e-06,6.811613797834064e-06,7.239180495280161e-06,3.140938110366441e-05,5.239497937906748e-06,3.5136751101071046e-05,5.356496547517624e-05,2.336906249523645e-05,3.120511357469566e-05,2.0999853663820686e-05,2.4638745513372624e-05,4.7663117366968115e-06,4.554766703719816e-06,1.3490833270990226e-05,3.3130876357766455e-05,5.244812000145359e-06,3.514829847087968e-05,2.046110421727139e-05,1.8412085346417483e-05,5.698746854574038e-06,5.372101297012115e-05,1.3786626909217494e-05,3.126184007815729e-05,0.00011449955812268834,3.695715829593418e-05,2.732259379947069e-05,2.603129168439388e-05,6.0158235592644145e-06,8.977644900681369e-05,9.116902878755466e-05,2.767354062704985e-05,1.0440851069935204e-05,4.672936781953127e-05,3.6378097344713858e-06,2.5816934713566674e-05,6.174215278404581e-05,1.0585557158853792e-05,6.150982558599847e-06,2.1920467845551955e-05,3.509691927628468e-05,3.295627351141514e-05,2.290868771246712e-05,4.358032673013069e-06,4.3747558098102176e-05,3.1636715972239544e-05,5.414779329723952e-05,2.011771076363444e-05,2.887039042906317e-05,1.6819613979346937e-05,2.5684671327491996e-05,2.6467541401511465e-05,1.1946261367194462e-05,1.837956168947667e-05,4.3007465754272155e-05,2.3575306210670864e-05,2.0870561274713283e-05,5.2167122850933015e-06,4.8638759406859625e-06,6.789354959300938e-05,2.540537278976014e-05,5.568177683544647e-06,2.477331050398741e-05,5.813002259576907e-06,2.083579966551675e-05,1.888629447658152e-05,2.1231512636624137e-05,3.262522836928252e-05,4.7914270673396364e-05,5.380473815324918e-06,1.5459158276970153e-05,5.349684567303285e-06,2.4455344295063337e-05,2.3544422862125233e-05,3.811025757548611e-06,3.143896628970981e-05,1.1699387860219729e-05
PWY-7560,0.00011245764956748269,1.1641357870865496e-05,3.388200312234797e-05,0.00012897423709389998,0.00011001665464884117,0.00013325369662596444,3.9811699001792275e-05,0.00011954895128591731,5.945199395038603e-05,5.7548747584663715e-05,4.349016147720749e-05,7.166925338114272e-05,2.7913764665904308e-05,7.197951114533661e-05,3.056604887985328e-05,2.0142660030098567e-05,2.8360490180156772e-05,5.8764748197075146e-05,2.099514634111403e-05,4.604851428520484e-05,2.8955729981467397e-05,2.7565792781598474e-05,3.829910103618187e-05,7.681723542113776e-05,3.646859135669396e-05,3.7131414600486356e-05,0.00014317056842171177,5.242238832560976e-05,3.902093037464133e-05,4.055338522188978e-05,2.420000859545922e-05,0.00010506161485602085,0.00010622017298883743,3.291980748683531e-05,3.813019293477433e-05,7.688699154818508e-05,1.6133665354611064e-05,3.745777083787406e-05,6.536434763714862e-05,5.27909026269325e-05,1.826706653660266e-05,2.936388110363049e-05,6.733075643242197e-05,4.855785888790191e-05,3.6092344241184216e-05,3.998024369061556e-05,6.404626914206862e-05,4.318246797367463e-05,7.697523479713494e-05,2.8897836874132474e-05,3.9821097495703416e-05,5.0760459318373065e-05,3.668622129623634e-05,3.577214885801611e-05,3.0952948251201076e-05,3.407357542697592e-05,5.120779120980511e-05,3.348793141028756e-05,3.1100256915872505e-05,1.321728957709233e-05,3.0860899529332124e-05,8.15030043112573e-05,3.3531207121565085e-05,8.099949456037529e-05,3.91455216525939e-05,4.5193048904304515e-05,3.060488625252651e-05,0.0001263254994815895,3.555291958060773e-05,7.500506813124648e-05,6.120122565656854e-05,3.824637745260345e-05,4.4956890171205365e-05,0.00011649969826163955,3.1605199286548865e-05,2.8585501582723254e-05,1.5967540937016187e-05,4.687960644519181e-05,2.21166009870542e-05
PWY-1042,0.00020484246184726055,8.8631101649343e-05,0.0001847845404510643,0.0001872122349401824,0.00019808856178576124,0.00021248293016162072,0.0001231365094150008,0.00023953095744672212,0.00016353459730075176,0.00013233550689046049,0.00014062665814236047,0.00015140156820300947,0.00014519191627221172,9.683278786668216e-05,0.00010133422749065253,0.00016972631109304372,3.5697024065577954e-05,0.0001920228178631434,0.00013232673348676126,0.0001902289272376776,8.751154789317782e-05,0.00011467610457617892,8.514122988286405e-05,0.00017786745104997982,0.000140374264310747,0.00017387807680666647,0.00021891023307490056,0.0001514629884527774,0.00024135073759175266,0.00014567844693168578,0.00019568289995352232,0.00018840567116550538,0.0001980945314153566,0.00013313742932537123,0.00011739751149678842,0.00015815175304932652,0.0002731602551102208,0.00011660002693636846,0.0001475678841434156,0.00015549042378282298,0.00017804487578549375,0.00010367365492001797,0.0001279799712581891,0.0001591457813245301,0.00011051057856824305,0.00017704158946990568,0.0001369767547405517,0.0001748978647089669,8.234397725120439e-05,0.0001315853585216742,6.533699465980472e-05,0.00016427765998414316,0.00013112899291494137,0.00017511181051663985,0.00013184639371328205,9.948726177289434e-05,0.0001503203605711943,0.00016357459577967268,0.00011761765519566494,9.010689703160567e-05,0.00013588986942595182,0.0001945253479077045,0.00015199950157746307,6.609585189053513e-05,0.0002760597971714566,0.00017305177644981817,0.00012832687879135696,0.00020806767332976576,0.00012627500915860548,0.0001906529069181907,0.0001636353724431302,0.00018168703242423066,0.0001365803525003699,0.00022235792752628975,0.00010865405604826518,0.0001187360983813092,0.000191471819797738,0.00015702435320589207,0.00020680503471139737
PWY-5464,0.00011650444704621269,6.91226381813285e-05,0.0,0.00017342940276422438,0.00021026735342994775,0.00022516174683440032,4.1787468995296556e-05,0.00023823820466991612,5.046516381981829e-05,3.170072130664229e-05,3.391395937471848e-05,0.00012500179692288024,2.2622523422437884e-05,5.001138576269723e-05,0.0,2.712921295459754e-05,3.364381703947016e-05,3.321128940313076e-05,3.7173048711502935e-05,8.005803259451376e-05,5.179607072000841e-05,6.749903172238291e-05,8.07602589367355e-05,8.61827124869587e-05,4.948228959807656e-05,5.543954502645034e-05,0.00020591309889001307,2.9367570155373247e-05,4.167879405105861e-05,0.0,3.857722046443018e-05,0.00014145908454637202,0.00015971178562437457,8.527758267784356e-05,6.366496452853269e-05,0.00013548976474409897,0.0,1.7591471857292613e-05,5.41637652138069e-05,3.556285071701303e-05,0.0,4.93821677352054e-05,0.0,5.674465007047569e-05,0.0,4.216798899219809e-05,3.3820453454621764e-05,4.994600107830573e-05,7.412828985084056e-05,0.00012496251463220694,0.0,6.476608249783801e-05,5.722378899342968e-05,0.0,4.682679851778849e-05,4.0859932828901664e-05,4.499895183344863e-05,4.862691258863059e-05,3.442249886066414e-05,0.0,0.0,7.843931727297749e-05,3.2216493033798295e-05,9.224348414244233e-05,0.0,1.9088459289597102e-05,4.4903058360494545e-05,0.00021701809613351532,0.0,0.00011037707810864962,0.00010294407223761122,3.935417148885285e-05,3.791178859876788e-05,0.00021363626579955095,4.462222520761818e-05,1.7178143962590706e-05,0.0,3.362049555028124e-05,2.422183317113988e-05
PWY-5659,7.802303539492474e-05,4.220631724602304e-05,1.3882368479138695e-05,0.00012264557279872534,2.9402102951543016e-05,0.00010856263295532075,4.1823990076502455e-05,0.00012237629253030623,5.9426429172705956e-05,2.270558718591687e-05,1.7648534831510627e-05,4.8267947119467256e-05,3.662063628887695e-05,7.059345713374575e-05,3.3866264753344686e-05,3.042324927909954e-05,3.480803715609072e-05,3.335931349690606e-05,1.9029883599157736e-05,5.3322055805881206e-05,4.2450566606297466e-05,2.43454183149372e-05,3.569526208471553e-05,3.209134555868068e-05,5.034824499384838e-05,5.385609301792213e-05,9.352394522818815e-05,2.337433263464216e-05,4.0860134025271375e-05,3.320460039560061e-05,3.729137514526148e-05,9.508870250652227e-05,0.00010246799889758232,1.8141205349421747e-05,2.879087434562613e-05,6.084477212192706e-05,3.544659387029187e-05,4.093490337361009e-05,7.221060925488229e-05,5.122552871592214e-05,2.2239023550682365e-05,1.4193626081876336e-05,2.5915291281275563e-05,1.5235864932715365e-05,3.669455411007995e-05,1.046921080194283e-05,2.728549116481161e-05,5.04563688570465e-05,5.655642089168933e-05,0.00013256679344132328,5.4526720837025215e-05,4.259625448937406e-05,3.6961939339018895e-05,2.1740028698335e-05,2.716467506866498e-05,1.3412854655013284e-05,2.8576103655190448e-05,3.040381970680001e-05,1.227803874420459e-05,2.8819691506829313e-05,2.5235266537101185e-05,9.196630001334043e-05,2.6096764087155264e-05,2.971847022656261e-05,1.8849903505679112e-05,5.112691161289193e-05,1.8916907315312606e-05,9.652745997608426e-05,2.416152408248853e-05,6.015319757214051e-05,2.9972758270836024e-05,2.1341728954770066e-05,1.6974100913361676e-05,6.965775871312562e-05,3.4665644958940815e-05,4.961376030842376e-05,2.7568289789492442e-05,5.621166662652651e-05,3.5354609855971815e-05
PWY-7323,6.144582715759896e-05,3.284332755526829e-05,9.12955183715565e-06,9.741151798937659e-05,1.8563912695054592e-05,4.1504251635628724e-05,2.859213085901501e-05,3.708662850764517e-05,4.17659660060643e-05,1.5080880423251934e-05,1.3555471002908669e-05,3.131198693558917e-05,3.413805210398039e-05,3.1882917332470595e-05,1.5614522759423392e-05,1.5713110388797343e-05,1.2397119614540095e-05,3.161243599878601e-05,1.4583672983567844e-05,5.0469301943983726e-05,2.3290944354906044e-05,2.092637339526366e-05,1.5016388418323204e-05,2.6857250260029626e-05,3.642997505199454e-05,2.6694631435091397e-05,8.72948496749385e-05,1.8887350417436005e-05,3.088206409710479e-05,2.9327324682218735e-05,4.142095087878374e-05,9.11887851965885e-05,8.905110217156061e-05,1.3540993616134958e-05,2.8707153046573287e-05,5.840362165167581e-05,1.8012092760575608e-05,2.2695672575899958e-05,6.635652461873779e-05,1.527747554654987e-05,1.5706401175577477e-05,1.1421255589129288e-05,2.5997484568575395e-05,1.401603326901087e-05,2.3424406938883955e-05,9.002788848175525e-06,2.4099953247268038e-05,2.107905176632077e-05,6.120595072680434e-05,0.00012861138358523347,3.555180599183908e-05,3.409314040321633e-05,3.664369624495699e-05,1.6608616677286775e-05,2.5161651190704426e-05,1.2536007521537983e-05,4.577644784968979e-06,1.9443310023626952e-05,1.0462855253843777e-05,2.6198631078884316e-05,2.7637244912235284e-05,5.667289023181186e-05,1.3433577593036103e-05,2.858972521027238e-05,1.698788198716288e-05,2.25812887108598e-05,1.3535367277703452e-05,5.3966009735055154e-05,1.8041387292139266e-05,2.8421544192433698e-05,2.9947260342826273e-05,1.6565259823482545e-05,1.3746382759248155e-05,5.607164116507694e-05,1.9640748191758167e-05,3.091534957048585e-05,1.679696383000632e-05,3.845097077583167e-05,1.2549208164661926e-05
BIOTIN-BIOSYNTHESIS-PWY,8.594199544806681e-05,0.0,3.380734172280451e-05,8.34861947660953e-05,0.0001226465815486561,0.00012653823562813602,4.686871248322142e-05,0.00011963622372396092,5.2161047950705985e-05,6.917412170498794e-05,9.773770743018908e-05,7.763806880527561e-05,4.960518747808216e-05,3.260392641239661e-05,1.7001532021152026e-05,2.4271232769735163e-05,3.1676519601812714e-05,6.103721048958653e-05,3.9072151936653764e-05,9.428582639268918e-05,3.2801936113947365e-05,2.5741281899568338e-05,4.8271914919270024e-05,8.44480215290665e-05,2.6296079021236535e-05,9.225821226353848e-05,0.00010628871990772368,5.10038798826394e-05,6.300524371281344e-05,2.6752088124458283e-05,0.0,9.213978234379595e-05,8.146601749516265e-05,7.828731854401959e-05,2.6595825419384788e-05,8.700002904571241e-05,0.0,2.4876064235163054e-05,9.529134123939296e-05,5.720845665362823e-05,0.0,3.052236915076413e-05,3.7440636689231706e-05,9.257315299906583e-05,5.8408998789848476e-05,2.1712450968914838e-05,9.765153674220579e-05,7.338622374710676e-05,0.00011580464858151459,9.317712703730597e-05,0.00011414718696193247,5.1665245412599795e-05,4.925422705239389e-05,7.257683225759023e-05,2.828635760019245e-05,4.067649939903349e-05,0.00016895510764999407,3.3260128346952285e-05,4.6691749419889004e-05,2.3561199507385283e-05,2.0992355417831598e-05,5.255707742120554e-05,4.290969289996428e-05,3.591294167584522e-05,9.028270443121724e-05,0.0,3.5115627176353934e-05,0.00016111027504702854,4.3769921591556196e-05,5.4171185439481947e-05,6.8979600899016e-05,0.0,6.168997350330821e-05,0.00010476727941742929,0.00010583380621444815,2.6120473783128236e-05,9.213628436826095e-06,6.047597910028876e-05,0.0
PWY-6588,1.3367639689373531e-05,7.047175526831601e-06,4.437706717362961e-06,2.488135266860531e-06,4.5292900432801366e-05,6.136287821291876e-06,1.405511352398292e-06,1.4473460287242215e-05,4.562625601336898e-06,5.254443452955715e-06,6.700434075477943e-06,7.07316749847659e-06,1.660186159647895e-05,3.2722876401883713e-06,1.6262780327562104e-06,1.826735701193509e-06,8.620362847319098e-06,6.7004162786021636e-06,1.7992239519918405e-06,3.347971272484281e-06,5.606086847300087e-06,4.2169478311364974e-06,3.037055670586508e-06,2.84162608216882e-06,3.810921657775731e-06,2.203306053716598e-06,5.786356642966647e-06,2.0482658219684453e-06,2.4068600346071416e-06,3.78119330507116e-06,6.269891128551241e-06,4.816192370798345e-06,1.2507519239308814e-05,8.08371890377318e-06,6.593316818468409e-06,8.633068828117483e-06,9.257569376885602e-06,1.3992365418521645e-06,5.2319960308580285e-06,1.5139996193365743e-06,1.642076271845108e-06,8.574314660206565e-06,8.252919512592397e-06,1.5631865958428883e-06,4.151613762474438e-06,9.543699352912366e-06,1.3879323051956308e-06,2.8282536639846045e-06,1.4084434325455398e-05,4.779280116635876e-05,5.344433890847614e-06,8.578572558606903e-06,2.1874853782325808e-06,3.3268035194059785e-06,2.34867966051836e-06,7.019861557964957e-06,1.195870495820679e-05,9.245707471832162e-06,5.026822053241057e-06,8.508246718453991e-06,5.795102132296095e-06,2.202828607971641e-06,1.1988105887968663e-06,7.010879148626948e-06,2.8564275147469293e-06,2.002825078239288e-06,3.2859420311221475e-06,2.697200469262703e-05,1.992576347249351e-06,6.213257505071598e-06,6.40115493252032e-06,1.5671119659650193e-05,1.7757594829067907e-06,7.3183728043484e-05,2.1584288598578766e-05,4.474261598349186e-06,3.3959090009615925e-06,1.1814262354228883e-05,1.329286527473396e-05
ANAEROFRUCAT-PWY,0.00010345773204880379,3.0531565093269964e-05,2.8900497152096482e-05,0.0001389299042920632,0.0001328920422502597,0.00015608688365457228,5.386957600351441e-05,0.00015357030999415327,3.212542301965782e-05,4.28529267449604e-05,4.050618510024748e-05,7.867473879796954e-05,5.665530338339767e-05,6.537227419247895e-05,2.9946735630493296e-05,2.5747052217711423e-05,4.191468718807615e-05,4.314885910587529e-05,6.34691023190481e-05,3.4282103973922274e-05,5.3336758748354035e-05,3.664584625678007e-05,4.990013945395847e-05,0.00011576718309224107,3.1434450433269104e-05,6.083110105312546e-05,0.00011181071546888476,2.432299075806267e-05,7.506263328341896e-05,3.487033462657635e-05,2.511164788771861e-05,9.583188562688801e-05,9.89008166750912e-05,4.510274236293842e-05,3.570778280469822e-05,8.845102917545153e-05,2.2755311595104768e-05,3.14555954165725e-05,6.752240512784545e-05,4.65411949936826e-05,2.2200601781885785e-05,4.245480425656607e-05,5.001033196864583e-05,7.851379443579812e-05,3.7806505307050085e-05,2.5360223207145442e-05,6.924621735473555e-05,3.05935533942109e-05,5.8254365911526016e-05,7.046841789990015e-05,3.950240363768243e-05,8.398458160230531e-05,3.041623755735211e-05,5.538214593095542e-05,7.353746213136643e-05,4.856044409976652e-05,4.779711791114247e-05,5.479433421383821e-05,4.682206630485285e-05,3.835921993509316e-05,1.8055221797080165e-05,7.017960826416654e-05,2.4747523035404635e-05,4.972607438329516e-05,7.498640598762866e-05,3.098234743760715e-05,5.880864754599808e-05,0.00015035725052703407,4.789810392216301e-05,0.000122580445204947,3.8290318163926595e-05,4.5585660430198225e-05,3.761793248828763e-05,0.00011846863685743382,3.604215504260142e-05,3.1941466457275174e-05,1.6952343000632843e-05,4.8039299053916964e-05,6.362384042788216e-05
ANAGLYCOLYSIS-PWY,0.00016171066158541974,0.00011272011245619463,0.0001547994816835377,0.00018722142220216443,0.0001964589353907027,0.0002016788829218166,0.00013799886083814425,0.00020213430517913655,0.00014013695955795213,0.00010770398615494829,0.00012873297274345634,0.00012887771134002788,0.00011703073125191054,0.00010625768540004836,0.00010478544776565613,0.00012933837029847027,7.087050341520188e-05,0.00017551060743542293,0.00012793812630466694,0.00017816133999521406,0.00010718002434998148,9.868167319266157e-05,0.00010347272853727775,0.000168824322795885,0.00015669203479844778,0.0001622772620084911,0.00017011423773880975,0.0001347372043373769,0.0002041167693062206,0.00013010631475819618,0.00014018334904166083,0.00015115748545717155,0.00014394704593826958,0.00010393840379694214,0.00011197567769640229,0.00011801202172611392,0.0002583716294014371,0.00013618689768171406,0.0001214650302024053,0.0001668553887253185,0.0001443977398850902,0.0001188085323013637,0.00012923396964447962,0.0001466584749758327,0.00012337546606638463,0.00012217311442789478,0.00013586737738279306,0.00015831258417617808,9.26004718605587e-05,0.00014593027221026622,8.07531178424353e-05,0.0001126274555729451,0.00011833125055886359,0.0001670745702739838,0.00011028044029344703,0.00011825730793799179,0.00014273673301296253,0.00010964579876986388,0.0001267294764707604,8.083543180802898e-05,0.0001271746750330685,0.00014798791302741483,0.00012659547339846143,0.00011579372885487784,0.0002194766400266715,0.00017315936717737427,9.738984220350375e-05,0.00021155217639813777,0.00012566082919754067,0.00016271205432794703,0.00013919846362499795,0.00014063228783667042,0.00013551614137178482,0.00019065143731600376,0.00011015201589079275,0.00010572598290830856,0.00015880708592963172,0.00014859493528621945,0.00019846859698637327
GLYCOLYSIS,0.00013265737744548155,4.7066933148269125e-05,3.0473482604323903e-05,0.00017901092036519522,0.00020196659477857143,0.00018041110330273538,8.782710917269404e-05,0.00017633737383006195,3.6176487325113606e-05,3.9069793867544505e-05,8.797120436616363e-05,8.285519993543479e-05,7.567993197911562e-05,9.59674967298761e-05,2.7605741052906208e-05,3.133849766114565e-05,4.5270462017106504e-05,6.406375535598571e-05,6.532759325153861e-05,6.95577117853344e-05,5.1013495324846116e-05,4.906625748095468e-05,6.863817154743536e-05,0.00012158079733725354,7.927725326443137e-05,0.00011384243940378335,0.00012332532102805527,2.5607675516999252e-05,8.137277002579984e-05,3.683138796216215e-05,5.1806047270078055e-05,0.00010188444533877385,0.0001130081254049059,5.291725579841804e-05,4.963791128766865e-05,0.00010234201315675157,3.574275623228128e-05,4.3836847437283777e-05,6.807324955536106e-05,4.9305543733461105e-05,2.616458626569785e-05,4.58560026273095e-05,5.073579368497824e-05,7.865182006176836e-05,8.896362612180614e-05,3.284587231803677e-05,7.593673096719713e-05,5.271555503922934e-05,9.059607323821519e-05,9.717405211616852e-05,7.302789526202019e-05,9.486047419279564e-05,5.967177064356848e-05,7.947629975340272e-05,7.969633228818105e-05,4.785378769385125e-05,5.747420717679503e-05,6.051261447323397e-05,5.231775144755706e-05,5.8145817104871815e-05,2.4132581108439165e-05,6.52460773106363e-05,8.789737310549048e-05,5.640675005469031e-05,9.627426908274494e-05,3.4831728550412076e-05,7.407724628917058e-05,0.00019605053100607718,8.891946317584809e-05,0.00013647858873563147,4.213790115770194e-05,6.142116626338497e-05,4.804072430907338e-05,0.0001296478913790257,0.00010593961655747051,2.9569907287588555e-05,2.548301562089823e-05,5.127075251569804e-05,7.817375610382006e-05
P461-PWY,2.6821031477837623e-05,6.401515463168077e-06,6.689929018062431e-06,7.743050565451394e-05,7.592641246880722e-05,0.0001316631439434767,1.8837857125432106e-06,0.00010399459083541391,1.2289413779474304e-05,4.547395373529614e-06,7.995993906186178e-06,4.280028964314527e-05,1.2658827341284784e-05,1.0825952921764431e-05,6.873301317384202e-06,3.921365558921106e-06,1.0199221294713685e-05,5.407840851253121e-06,7.28204516804497e-06,3.4587342947704897e-06,8.932274023007607e-06,1.5864925113191848e-05,3.0107247981068905e-05,8.738783838331383e-06,9.93644892741461e-06,5.70014014926818e-06,7.682203902223625e-05,6.2400432256690645e-06,3.653662081222821e-06,5.29302449488908e-06,9.436356658059498e-06,3.3343486339488656e-05,9.049673018673357e-06,1.1201717923778765e-05,1.4349801844401454e-05,5.539894715873798e-05,3.7027782189000647e-06,3.209998180833511e-06,1.3449312329057444e-05,3.800015067033289e-06,3.1151355881834135e-06,4.5755089814562525e-06,9.67107977587781e-06,3.3816156193201386e-06,2.6713551748416676e-06,3.8897021462652595e-06,2.2407270646247697e-06,3.696571136355518e-06,2.4324567370251834e-05,1.818451009628506e-05,9.231601546979223e-06,3.607259951759279e-05,1.8080151160605947e-05,1.3284468331842364e-05,5.967312501271882e-06,3.8184650164791285e-06,1.2768600297623837e-05,2.3975959541294782e-05,4.058830126599411e-06,4.037425758628742e-06,0.0,4.5808179056637565e-05,6.881144735709378e-06,1.4918453980767352e-05,4.134474868159764e-06,2.315937767566269e-06,8.783903451576963e-06,7.802469792804648e-05,3.528912512021995e-06,4.492082396359171e-05,1.0252956354537922e-05,5.277835659810911e-06,1.3937674172168252e-05,7.997759111296268e-05,8.836161951151418e-06,3.384494264431986e-06,5.228511160688024e-06,4.0380167155040345e-06,1.4751818022532173e-05
PWY-2221,4.0162531273972954e-05,3.1103738819395174e-06,8.03273923925238e-07,2.832764265917573e-05,6.452808118286404e-05,2.635576143926914e-05,3.1253700414654597e-07,4.079958932180397e-05,2.400387827471398e-06,8.005461736525817e-07,2.0426966254269977e-06,1.297702241246749e-05,1.1069292732401846e-06,1.1852787219553146e-05,7.407513700209817e-07,6.359267407138103e-06,1.5227256186554119e-06,5.529717181463393e-07,5.701193273024114e-07,5.8294563223714735e-06,6.777057251416567e-05,1.4987190794940676e-05,8.511391362244058e-06,1.6554782253394264e-06,6.483663472281217e-07,6.31105336049983e-07,2.0730200585754024e-05,4.994750432997241e-07,5.17139887924322e-07,6.040960031448674e-07,5.872280533412345e-07,1.6713509175915065e-05,4.120674772606344e-06,2.3362932778899515e-05,1.8360315384173784e-05,6.792830542243176e-06,1.8858988295682326e-05,1.2822021679602265e-05,1.2567362451582231e-05,5.762417359821396e-07,7.84556582008212e-07,1.8459573074324199e-06,2.3739179760830823e-06,6.743977882524305e-07,4.1355850217640146e-07,7.730974896327121e-07,1.1354095616706955e-06,2.968581490864429e-06,4.272493587279657e-05,3.5949301766545336e-05,1.496736772165614e-06,1.3487654507718186e-05,2.9065308068067034e-06,9.265830788514052e-06,5.708038102517209e-07,7.323859822121875e-07,1.2343815796673176e-05,3.7398641724464126e-06,1.3730945016440742e-06,1.8169590727254267e-06,6.207151431189925e-07,7.2076555286441915e-06,1.2887674733095895e-05,1.1513090359536759e-05,1.5959090682165873e-06,1.395025923393409e-05,3.027659537822742e-05,5.715837881888752e-05,4.66733954859987e-07,4.005729325647034e-06,4.229435498867395e-07,6.140016959037508e-06,1.22438161239701e-05,5.799075311837745e-06,1.8806167894091178e-06,8.879444209282417e-07,1.7685505927479047e-05,6.268917881470273e-07,1.0058420069591456e-05
PWY-5484,0.00013142763181878947,4.671709146374133e-05,3.038503500659814e-05,0.0001655864701030152,0.0001814521162213752,0.00016812507428110943,8.700788598900105e-05,0.00016435597091043986,3.4911371282115165e-05,3.905502214491995e-05,8.564435022995851e-05,8.133967783995614e-05,6.8895498177731e-05,9.656108770860875e-05,2.660180727689442e-05,2.840040817550842e-05,4.54643736115418e-05,6.335952310044915e-05,6.116615710886773e-05,6.975705418710747e-05,4.961801765302269e-05,4.6918313824769116e-05,6.781113007678977e-05,0.00011228648907821143,7.768618818538741e-05,0.00011462868250421922,0.00011976162839627906,2.548854951148407e-05,8.057496579568312e-05,3.5183249022993956e-05,3.917638864123225e-05,0.00010103423122664702,0.00010876080645615984,5.4909603998157986e-05,4.7682335945529955e-05,9.490373206374222e-05,2.2490008478627536e-05,4.204121749433342e-05,6.678251013921429e-05,4.71223292949496e-05,2.3455322635452244e-05,4.418249802252344e-05,4.6768703455268344e-05,7.530793809488553e-05,8.439403107563705e-05,3.0116470774738475e-05,7.301470773771966e-05,4.731893311428002e-05,9.380828853859964e-05,8.09333456878266e-05,7.647174910322243e-05,9.253894693728424e-05,5.606396445835516e-05,7.737674648261903e-05,7.434776466470338e-05,4.6635850287104265e-05,5.696293686149937e-05,5.598332982584114e-05,4.493008388002702e-05,5.691820458186196e-05,1.5989231803880458e-05,6.324762496393434e-05,7.937433371884523e-05,5.494074458310038e-05,9.428884825484064e-05,3.0653414260365634e-05,7.059293650714876e-05,0.00019014432496360138,8.112910202637054e-05,0.0001309454534947641,4.2239689324919485e-05,6.105109235779262e-05,4.8533372276912325e-05,0.00012435195234273208,0.00011531320238809779,2.9282299159675516e-05,1.7632163028857107e-05,4.9399701384334515e-05,5.51600171973019e-05
PWY-7345,9.388306221058415e-05,3.722462536672097e-05,2.400801628916157e-05,0.00011619467994081577,0.00016705329452579686,0.00017425518327296837,4.5813261335042734e-05,0.00016858356989310556,2.647591804451726e-05,3.0002851696727808e-05,3.304714688352708e-05,5.8943948979424706e-05,3.934259946242896e-05,6.924800547579554e-05,2.6226898961712164e-05,1.907215488808532e-05,2.8758826652165707e-05,2.7277750042852642e-05,3.84590666206326e-05,3.513985062271468e-05,3.9592701778668654e-05,2.2985536098839797e-05,4.387836501346783e-05,8.426741383812727e-05,3.4936200868968505e-05,5.792326601909781e-05,0.00010891414862563141,1.8279747432269254e-05,3.871258109539743e-05,2.707901188956779e-05,2.093839178385274e-05,9.215930163818804e-05,8.010361014425034e-05,3.5877300932366546e-05,3.3415810660010234e-05,9.294913531515415e-05,1.68429273151876e-05,2.8664352925776347e-05,3.240200036079411e-05,3.1961267433975106e-05,1.5918585782083785e-05,2.235588515945773e-05,3.3823774505893574e-05,3.7902532925260397e-05,2.9204920079881563e-05,9.897436907911146e-06,2.174432829410833e-05,3.6090950825541696e-05,3.8261955937214225e-05,3.9607732340202575e-05,3.807373466099153e-05,6.70102508325941e-05,3.452073349017393e-05,3.09295806384021e-05,3.955903263193167e-05,3.064727350301024e-05,3.970788877430592e-05,5.137130076257811e-05,3.224989285970367e-05,2.5943697383221756e-05,0.0,5.2457334669382494e-05,3.2561931357830094e-05,3.2502944566207505e-05,4.925561829205801e-05,2.5291146657661237e-05,4.365817638009905e-05,0.00013489259648809398,3.2991656506908796e-05,0.00010308903501758779,2.4913002180944092e-05,3.583511407698321e-05,3.149716431894505e-05,9.169184635546012e-05,4.0978619784889e-05,3.025848265783127e-05,1.412316804643066e-05,1.0300621703160374e-05,3.594508595962052e-05
PWY66-399,7.746761069002295e-05,0.0,0.0,5.20228495033132e-05,0.0,0.0,2.7140526275788425e-05,0.0,2.159005710807609e-05,2.927746708305744e-05,1.4311980809293506e-05,2.5814582603942988e-05,2.719527621470728e-05,4.637994627769693e-05,1.335712414855829e-05,0.0,0.0,3.6376300076982446e-05,3.3669558443023485e-05,2.2727903281555474e-05,0.0,1.4841594863577587e-05,2.982640511274111e-05,6.188696202988231e-05,1.75056346610565e-05,2.7074853558072315e-05,7.786784518199873e-05,1.6934422539081317e-05,4.716981997845585e-05,1.5805121183212342e-05,0.0,7.73517391272301e-05,6.228576312633365e-05,3.857665922952723e-05,2.434655103469855e-05,3.997177347754289e-05,0.0,0.0,4.383200319528734e-05,1.680442697730653e-05,0.0,1.5955129046169335e-05,3.1803267400397086e-05,2.256671073845599e-05,1.9156918827645456e-05,2.0599335786397772e-05,3.284069224440375e-05,1.774046463853926e-05,4.3100972865743576e-05,8.741282065523329e-05,2.9717885064249713e-05,0.0,2.230871208193267e-05,3.1038752379480424e-05,2.2358644073744857e-05,0.0,3.505842681691395e-05,2.9112176482118072e-05,1.9963166911914434e-05,0.0,0.0,3.655620454073705e-05,1.656857321601961e-05,0.0,3.542536588121005e-05,0.0,3.573845456316271e-05,4.7151686002134475e-05,0.0,3.6974623939355405e-05,1.4206815350344526e-05,1.719153793306992e-05,2.2890779298282768e-05,9.70029282958195e-05,2.766035365364761e-05,2.135094669963363e-05,0.0,4.378845271383932e-06,2.3671767130647767e-05
PWY-7456,5.290322957133291e-05,2.031765125426291e-05,7.427212852392686e-06,8.194228429379949e-05,4.668911618768236e-06,2.8517270902695225e-06,4.0078602370001296e-05,3.564334615637633e-06,5.814034760397405e-05,1.173433333467212e-05,1.323301354644704e-05,3.438477947028056e-05,1.5530327814897263e-05,5.953122263370433e-05,3.472365745385232e-05,9.082246129102919e-06,1.0283572628627758e-05,2.9205536242610055e-05,1.5806519097101794e-05,3.76955784569561e-05,3.6200245064774496e-05,1.7162164005110534e-05,1.1582612244542282e-05,3.0525783816764196e-05,3.2409893796262514e-05,5.1504438856443997e-05,2.672709603691639e-05,1.60073406402206e-05,3.652527072206316e-05,3.4159095904635385e-05,3.2156415611126686e-05,5.146874180864068e-05,3.6201676460431474e-05,7.4784895037281605e-06,1.4646202258936565e-05,5.34569209681239e-05,1.3452645160916064e-05,3.30843743644661e-05,3.131611104861369e-05,5.2220594996725146e-05,1.277069015454741e-05,8.051009282742604e-06,1.661185769044588e-05,1.5483172625124655e-05,2.183982184445052e-05,6.390870929609172e-06,2.7157507118603364e-05,3.742152583119945e-05,5.001847524429514e-05,2.804378303050825e-05,2.7996728242072725e-05,2.2003950873899932e-05,3.036670416754704e-05,1.2587320742558415e-05,2.544225651197902e-05,1.315969889222693e-05,3.550607107213291e-06,1.1571197688153553e-05,8.184858279394899e-06,1.6707311312346732e-05,1.5461037597568776e-05,2.942031484240703e-05,1.1455132096922001e-05,1.4891157385626536e-05,1.5725557051061416e-05,5.007027600626181e-05,1.0800052346233984e-05,8.93942549207993e-06,1.6778554808675074e-05,2.1165101440992052e-05,2.8530843588353855e-05,9.08909734900172e-06,9.961568372376707e-06,1.8113876898699366e-05,1.8192654554943627e-05,2.7017486871291464e-05,1.2769397949692915e-05,2.0650720065425137e-05,2.0924412314446076e-05
PWY-6572,9.649387372387938e-06,4.475242134013037e-08,4.455856608636514e-08,2.9064779091811754e-07,4.43277066899169e-08,5.861159388448819e-08,4.482550542253063e-08,4.176359931146983e-08,5.100467909318077e-08,4.02979937051584e-07,4.491846674453015e-08,6.418719291878488e-07,8.192741459036891e-07,7.454613457618699e-06,4.463096163743662e-08,3.091157753650017e-07,5.560411804297395e-07,6.04565687344621e-06,3.7384977740660484e-07,5.2459120286378225e-08,4.460349224134967e-08,8.662024239008344e-06,6.356825912930246e-07,1.4213609412392832e-07,5.902854127516478e-07,4.354714063790331e-07,4.7567683502326624e-08,7.3240173082187575e-06,6.755298590973224e-07,6.6982180723185776e-06,3.548228678245159e-07,6.322235725859586e-08,7.0518326373372086e-06,4.5799670114775843e-08,2.2637058881146886e-07,4.569312756706637e-08,3.88851601769273e-07,5.670229061547164e-07,1.4426022301995018e-07,5.00693682976442e-07,5.016194389095061e-07,4.579930003591204e-08,4.409230104771725e-08,5.039925645853302e-08,4.472620950222266e-08,4.252181287690443e-07,4.501393437095631e-08,6.107529460559407e-08,1.4857650198603104e-05,6.48840739480635e-07,5.765841255847271e-06,5.258467072662309e-07,4.4694245784119435e-08,7.513273916466602e-07,4.436893660001717e-08,5.026684033315531e-08,1.7133101788082432e-05,5.605288273945688e-07,4.483263119091345e-08,4.4691263924223775e-08,5.849180491728679e-07,3.287213831773812e-07,6.243122954296872e-07,1.728613458122058e-07,4.490634212810128e-08,2.66590139098564e-07,5.455095584741246e-07,1.8922518629493633e-07,4.4943307103316866e-08,4.5299179623101615e-07,4.2501472915903893e-07,7.448523526697454e-07,4.1405939376125875e-07,1.6209273761156546e-07,4.5606501321949805e-07,5.115511235012042e-07,4.817455221943164e-07,3.544822083621683e-07,4.921246605481139e-08
PWY-6386,0.0001339519007384763,6.805565825495561e-05,0.0001334821649508684,0.00013073364614250778,0.00012419167089401464,0.00015349854182958192,0.0001254210697009038,0.00016807503876915453,0.00011173344759936455,0.00010052965835182713,0.00013603144051710286,0.00014564511469313687,0.00011485082336241556,0.00013356675390724013,9.062969341029776e-05,0.00013380245393752006,0.00015213582653474,9.575724249154011e-05,0.000125644296077149,0.00016633353753051978,0.00010631756872649204,6.122734918871539e-05,0.00010893851378630291,0.00021694366320950263,0.00013958852143883323,0.00016512610020784628,0.00014727990778821786,0.00010685330701589036,0.00010147625416027692,9.378573723552295e-05,0.00011561126112360616,0.00015083948195282408,0.00011013642907362264,8.348231156511733e-05,9.245691366029922e-05,9.986101859033225e-05,0.000183239066077123,0.00016783125386949976,0.00014534115728476936,0.00010981096936415705,0.00015978001657517048,0.00010933204796618188,0.00012875661714886863,0.00013936366209996458,0.00010442387735726446,0.0001083300106556227,0.00014096359883358783,0.0001300263515844537,0.00013186165858724612,0.0001672958390812667,0.00012047519689953243,9.039822237427222e-05,0.00010120857574963567,0.00012425113074508395,0.00011202233397311174,0.000136955178417756,0.00017328089327773492,7.610652246332054e-05,0.00010813501321826845,5.766666639223425e-05,0.00012044660239397214,0.00014161505884435484,0.00011700482409850033,0.00015834747537941222,8.833767694702192e-05,0.0002069178690134277,8.611836539583466e-05,0.00017531998068146735,0.00012412719160509052,0.00015168652924957095,0.0001195151739327396,9.530048953850243e-05,0.00012630395243353593,0.00014536047947347623,0.00011648613579406,0.0001201615497141299,0.00012282619184210235,9.872363155958265e-05,0.00023012479693311028
FERMENTATION-PWY,7.721300107008709e-05,2.981278060553016e-05,2.3345539228242256e-05,0.00014335106326889067,0.0002450308438632801,0.000197492952532308,4.3722782569497254e-05,0.00016858249845129109,3.765609576187311e-05,7.36678692726564e-05,3.494312116436174e-05,8.831773701289439e-05,7.634999553386874e-05,4.00585599433322e-05,4.337462338305058e-05,2.149420001245839e-05,2.806017225958338e-05,2.4920617816840478e-05,3.502081059999246e-05,5.207420853640164e-05,3.4583447625057216e-05,4.911246614980623e-05,4.160434149933206e-05,4.201187428526314e-05,4.639793223532173e-05,3.00825036503834e-05,9.913178632271806e-05,2.654585977497324e-05,4.60478863499999e-05,1.3873230442439701e-05,3.197148835792726e-05,0.00010245340853706841,0.00012987794642872709,5.686171750975869e-05,5.429302358318775e-05,0.00012033000069959345,6.282410008777156e-05,2.143921311367354e-05,4.3116243506178036e-05,5.038804553137812e-05,5.451596838441331e-05,3.0200323022254902e-05,4.761300574430936e-05,5.336213898665917e-05,5.615997122212464e-05,1.7548734446097552e-05,4.612609052796388e-05,4.646238283445581e-05,6.207679266696732e-05,7.371769074881859e-05,4.880947047164468e-05,6.596392367174137e-05,6.344751361896719e-05,3.8965477220830395e-05,4.9472784548187636e-05,4.3486566311581e-05,5.467199444742582e-05,5.627861519456477e-05,4.4714774678343927e-05,1.6982029911916657e-05,4.295706731104425e-05,8.732826481167055e-05,4.368199218869258e-05,8.560282319394458e-05,3.761912473645642e-05,2.0381116823387088e-05,4.788940924074487e-05,0.0002723757288640314,3.473345010859632e-05,0.00011967895887783786,7.321332876975513e-05,3.663627222934313e-05,3.122390695731694e-05,0.00017213416718818076,5.298788287276009e-05,5.565918588478846e-05,4.367113981699046e-05,2.3096419104811806e-05,0.00010011730780525812
P161-PWY,1.3839847083472857e-05,3.66897452689851e-06,4.108123354746635e-06,6.98470666389404e-05,0.00020636564108510633,0.0002533212632985589,9.810223316902237e-07,0.0002213392999759619,7.798142704448151e-06,3.3896906795737717e-06,5.194530467800621e-06,4.2157181938738296e-05,8.081283631194712e-06,6.595768846562737e-06,3.357527963995997e-06,4.061299555115966e-06,4.667017783332745e-06,3.2400705829075076e-06,5.881514071820952e-06,2.1304690603669653e-06,5.4047038527054515e-06,2.5662250877979533e-05,1.5953138241824426e-05,4.854797542319154e-06,5.227115226223126e-06,2.9335965891237036e-06,6.736504597354434e-05,3.5224766072335504e-06,1.1307440286642972e-05,2.9724920242268873e-06,8.689478412911986e-06,2.1193401726179952e-05,4.867555592827522e-06,4.942525338972957e-06,8.994415354081237e-06,4.819232066085144e-05,7.387287150103278e-06,2.1468360204740807e-06,8.785056300966496e-06,2.2502060489399364e-06,2.4895520506902554e-06,3.1326641997692354e-06,6.239154615480394e-06,2.372111388228269e-06,1.3220127882458662e-06,7.296429450427093e-06,1.293101488494006e-06,2.0466978891984417e-06,1.8967300341920564e-05,7.504662634331372e-05,4.8815992185278475e-06,4.780344281558382e-05,2.4409796898451337e-05,1.1418385726549346e-05,3.2998402583277677e-06,2.62238689888599e-06,9.385903904207216e-06,3.450262404431824e-05,3.040200009818728e-06,3.2475801935123407e-06,3.0486607094603275e-06,4.633834540396247e-05,3.7157898698276584e-06,1.4879891847319033e-05,3.6718651474187356e-06,1.2877386193958998e-06,6.571124147362866e-06,0.00015563857936066918,2.0948153564552023e-06,3.860930209539894e-05,6.125303775670864e-06,3.092453101150611e-06,1.152502318600873e-05,0.00013517963031237968,1.10794092597817e-05,1.860298996510499e-06,2.493886182451412e-06,1.0633823088526816e-05,3.143786444420537e-05
PWY0-1297,1.9991423199113186e-05,5.381256801675293e-06,5.955036528512199e-06,7.331066906208991e-05,0.00014224265266894954,0.00014251291332716522,1.4808378871691224e-06,0.00017935125720918612,1.1944188998412464e-05,5.093131569657529e-06,7.418210293367405e-06,5.857929005306844e-05,1.3194728739699457e-05,9.039068052691924e-06,4.687533258644458e-06,6.287289093671732e-06,6.6192194283795485e-06,4.981018838246484e-06,8.917257934514667e-06,2.9762112562786808e-06,8.266452813530765e-06,3.399951600955742e-05,1.0860667212565148e-05,7.274459532021754e-06,7.622109514065194e-06,4.30369065200569e-06,9.3054805938492e-05,4.946549771923117e-06,2.2514149517408574e-05,4.386503542282957e-06,1.5863573808128014e-05,2.921442844034896e-05,7.136076193059661e-06,1.019027207389175e-05,1.4048053258886117e-05,5.8263019241923045e-05,1.6513007121006292e-05,3.2593953256467727e-06,1.3462141500156116e-05,3.378513274755763e-06,4.845253440977906e-06,4.725489623525452e-06,9.345774616585454e-06,3.5691652841132046e-06,2.0301165792779614e-06,7.605151539060911e-06,1.938649452482224e-06,3.126583360715717e-06,2.0300708098303495e-05,7.808846843078218e-05,6.527731081352383e-06,5.445713113665801e-05,3.588513679371256e-05,1.5126448268935325e-05,5.190732821089158e-06,4.054132996710954e-06,1.0444012035585966e-05,3.908830190064177e-05,4.608951232282617e-06,4.936246679541759e-06,4.629202452088983e-06,6.207621969903596e-05,5.576132362039799e-06,3.486416380779362e-05,4.998301828481165e-06,1.9380809254857762e-06,9.842596444598143e-06,0.00013960821809641394,3.1284904633049933e-06,4.7159688627171664e-05,8.969908455556617e-06,4.5797817234390016e-06,1.403620212212262e-05,0.00011301568275234475,1.5951227327773275e-05,2.7777759424985404e-06,4.4481887853985785e-06,1.690353437949023e-05,3.5612257039082493e-05
PWY0-1298,8.502363045838876e-05,2.581517672893036e-05,3.857291225308293e-05,9.561045406204206e-05,0.00011917602836066802,0.00014256278519181719,9.964289290689845e-05,0.00016616886450641279,5.116350506441627e-05,7.024809423855927e-05,3.0190046191643515e-05,7.878096332544878e-05,7.329631206450561e-05,3.194338192084395e-05,1.159741012992138e-05,1.34687585802254e-05,1.3188593863785502e-05,2.2887666346708286e-05,8.590512821250983e-05,1.4003792156930654e-05,9.00432683823011e-05,4.680701820564154e-05,1.5837450371516483e-05,0.00012403107939999873,4.289410062041327e-05,3.363653042187051e-05,8.754791724122992e-05,1.120075669219476e-05,7.303329553917071e-05,3.665716048452687e-05,1.6345068726371294e-05,7.42007495142729e-05,5.8574270089831534e-05,3.17162135832581e-05,5.497068494579632e-05,9.761183880928044e-05,3.8605007148325626e-05,0.00010346234730173606,5.756819248479224e-05,3.900404511998229e-05,5.0477849022287646e-05,2.8160395655023563e-05,4.485942656018589e-05,7.079846643984249e-05,3.230160494960832e-05,9.510198293853236e-06,6.526980141879056e-05,0.00010206528701025888,2.022385531132357e-05,0.0001426241350524724,1.0853678721636717e-05,4.181910154293362e-05,9.14664531429235e-05,1.875024479286437e-05,4.445355849582548e-05,5.4546485832768386e-05,1.051883565681567e-05,3.974106024515226e-05,3.45877413397182e-05,3.45694781766795e-05,6.077007989688564e-05,0.00010772756207286508,6.278828774776143e-05,9.545257844651834e-05,1.3343586065233855e-05,9.638102705167915e-05,7.536807035103126e-05,0.00010712257375370317,6.003337865160686e-05,8.780626759324598e-05,1.7868747668606574e-05,4.5359048498013335e-05,1.7956978817536208e-05,0.000116123238058448,2.981827186560545e-05,9.852437686019002e-05,2.7842818639604407e-05,8.038879951130955e-05,4.753159809670205e-05
PWY0-1477,1.3839847083472857e-05,3.66897452689851e-06,4.108123354746635e-06,6.98470666389404e-05,0.00020636564108510633,0.0002533212632985589,9.810223316902237e-07,0.0002213392999759619,7.798142704448151e-06,3.3896906795737717e-06,5.194530467800621e-06,4.2157181938738296e-05,8.081283631194712e-06,6.595768846562737e-06,3.357527963995997e-06,4.061299555115966e-06,4.667017783332745e-06,3.2400705829075076e-06,5.881514071820952e-06,2.1304690603669653e-06,5.4047038527054515e-06,2.5662250877979533e-05,1.5953138241824426e-05,4.854797542319154e-06,5.227115226223126e-06,2.9335965891237036e-06,6.736504597354434e-05,3.5224766072335504e-06,1.1307440286642972e-05,2.9724920242268873e-06,8.689478412911986e-06,2.1193401726179952e-05,4.867555592827522e-06,4.942525338972957e-06,8.994415354081237e-06,4.819232066085144e-05,7.387287150103278e-06,2.1468360204740807e-06,8.785056300966496e-06,2.2502060489399364e-06,2.4895520506902554e-06,3.1326641997692354e-06,6.239154615480394e-06,2.372111388228269e-06,1.3220127882458662e-06,7.296429450427093e-06,1.293101488494006e-06,2.0466978891984417e-06,1.8967300341920564e-05,7.504662634331372e-05,4.8815992185278475e-06,4.780344281558382e-05,2.4409796898451337e-05,1.1418385726549346e-05,3.2998402583277677e-06,2.62238689888599e-06,9.385903904207216e-06,3.450262404431824e-05,3.040200009818728e-06,3.2475801935123407e-06,3.0486607094603275e-06,4.633834540396247e-05,3.7157898698276584e-06,1.4879891847319033e-05,3.6718651474187356e-06,1.2877386193958998e-06,6.571124147362866e-06,0.00015563857936066918,2.0948153564552023e-06,3.860930209539894e-05,6.125303775670864e-06,3.092453101150611e-06,1.152502318600873e-05,0.00013517963031237968,1.10794092597817e-05,1.860298996510499e-06,2.493886182451412e-06,1.0633823088526816e-05,3.143786444420537e-05
PWY4LZ-257,1.6421383331148773e-05,4.038903910240711e-06,4.622011163466862e-06,5.053288030516377e-05,2.908004764755549e-05,2.3528889789754053e-05,1.2145415639462892e-06,4.256946164207023e-05,9.179174599464757e-06,4.162717038773268e-06,5.584334824780942e-06,2.3125998426190536e-05,1.01818087363477e-05,7.755338065263437e-06,4.022907902803477e-06,5.306359584066024e-06,5.35554578129439e-06,3.939414897127719e-06,6.670279678781889e-06,2.5406567132403787e-06,6.281917953018025e-06,2.223740915190168e-05,8.157193338757203e-06,5.761622638701582e-06,6.0535798057221475e-06,3.6226440992096083e-06,8.883844504527741e-05,4.338414473433567e-06,1.4420033283589175e-05,3.5750776773763165e-06,1.0063135957061757e-05,1.6886974821906055e-05,6.0138609349601145e-06,6.9139031317787e-06,1.08294912828988e-05,4.5407621162702215e-05,8.78556136187034e-06,2.5981590253508917e-06,9.75736099223858e-06,2.7311833313054176e-06,3.3577996567746297e-06,3.810514057000304e-06,7.687773531571315e-06,2.898413395774828e-06,1.6637477705252645e-06,7.988101842738353e-06,1.6012589543840043e-06,2.540839639277894e-06,1.770158737948504e-05,5.754393437664037e-05,5.882025312975418e-06,3.510020703524491e-05,2.5274783978559882e-05,1.3192098025129678e-05,4.0792263651114844e-06,3.1663101606242392e-06,1.0718843660143434e-05,3.726667243741984e-05,3.7115377455910574e-06,3.860234554381602e-06,3.623670224615849e-06,2.3886631050711382e-05,4.490644815635252e-06,1.3143140342168651e-05,4.401817684226469e-06,1.5641128317381234e-06,7.64523179147175e-06,8.206623191454083e-06,2.5363468768273487e-06,1.951000202305634e-05,7.920500901451551e-06,3.771013466145894e-06,1.1980784263905116e-05,0.00010645894075311086,1.2989276090701801e-05,2.289777443326259e-06,3.2818705642072853e-06,1.2189593267891058e-05,3.5925452513169906e-05
PWY-7111,0.00013442580030287126,4.82539619660146e-05,9.070939050682843e-05,0.00025246757831977324,0.00028192253931262645,0.00023296333418503106,6.903871674387471e-05,0.0002561749157709154,6.613944432328899e-05,7.88745680597078e-05,8.264197149389253e-05,0.00012852024223553455,4.938310606516212e-05,0.00010948230367415569,4.04338848348102e-05,2.359568842308531e-05,4.3113647680364885e-05,3.360575888655728e-05,7.696306490033706e-05,0.00014268527810088917,7.381078181313764e-05,8.81371667364624e-05,9.571441761259933e-05,0.0001282887898125479,0.00010979774499770607,7.569996239199942e-05,0.00023651970270210967,3.685265019794556e-05,3.621796826610431e-05,7.15357773449655e-05,1.8672008134910612e-05,0.00014289206291948992,0.0002167402230908294,1.25310275084959e-05,6.630773074265953e-05,0.0001883988290911666,2.0713926491989888e-05,7.518778146522903e-05,7.643982893666237e-05,6.679858114539405e-05,1.138209880484122e-05,4.086325851394195e-05,6.765959911900953e-05,7.551275898911956e-05,2.922702608757356e-05,3.975400110138752e-05,8.748923803740888e-05,6.009788819338019e-05,0.0001103747691354896,6.699423713736567e-05,4.128493101040715e-05,0.0001286038800668984,0.00010259482860794172,6.087433392886002e-05,3.683226259219111e-05,4.462638093339349e-05,7.237351864039264e-05,0.00011569384470266897,5.034384340658359e-05,4.621090630799731e-05,6.72079728986657e-05,0.0001986962531573564,7.334420347235657e-05,2.8008323732408658e-05,6.679306685125154e-05,9.214093349586418e-05,7.914066353386487e-05,0.00036606740128130173,6.82837985067059e-05,0.00024900147515924414,3.9647822919109004e-05,7.118929471240435e-05,7.259700676823343e-05,0.00023881346008949313,5.418905960722345e-05,0.00012394849173962954,1.3694003269684279e-05,6.309561076719109e-05,0.00013158348964115702
VALSYN-PWY,0.00020915270621616085,8.752488244741691e-05,0.00013567982220381592,0.00024852511478802493,0.00024897938285403637,0.00022109588960050284,0.00012588635126461618,0.0002613194113089379,0.00015139098364091037,0.00015772782351424633,0.0001351370877556943,0.0001714761253034968,0.00013403486713838684,0.00010131392144879794,0.00010884118222677498,0.0002370430009889111,0.000198837341580583,0.0001612954191509183,0.00013396178623898233,0.000154648411335211,0.00014198172507203823,0.00012825755678598375,0.00015540836182286139,0.0001672020027663992,0.00016706187398176015,0.00012858636095618406,0.00023625833058120254,0.00016386048102590798,0.00021744264542127866,9.869690991028886e-05,0.00019321200456167578,0.00017134448750820154,0.00022797576409871908,0.00010251134381992103,0.00012905309341727921,0.00018271317895564895,0.00040953879219656636,0.00018020398948093445,0.00014220531863316685,0.00017853852582562878,0.00022014471841039194,8.508752583301616e-05,0.00012914103925711727,0.00017125665742876453,0.00012596522747148465,0.00020953931914361015,0.00016792950816169326,0.0001480803794896614,0.00018977696332710234,0.00011657480992309986,0.00015278442213347837,0.00014720740926888623,0.00014515104975986124,0.0001324411003785604,0.00013166937199662356,0.00017242020876794592,0.00021469778014318906,0.00015538734929701053,0.00016682770059627317,0.00011227949755838642,0.00012762309181130728,0.00023459239094861435,0.00011141566934638598,0.00011663730718107829,0.00016812926636226521,0.00015349181116272088,0.00013199520705272136,0.0003443640364447468,9.465122400388804e-05,0.0002726013133813901,0.0001682583342229916,0.0001244477817564735,0.00014709727811151104,0.000248019639950923,0.0001782483102584616,0.00015837515926340947,0.00010899248922173989,0.0001173019279242125,0.0001655010179112196
ILEUSYN-PWY,0.00017268111320815433,8.050423542248119e-05,0.0001152830178337841,0.00022409752593954385,0.00019039537456802918,0.00022109588960050284,0.00011130937732234661,0.0002562010514549461,0.0001234519257250441,0.00010521349226090847,0.0001180081987623463,0.00015598500760953752,8.414531572823442e-05,0.00010088977394483105,9.189748531276707e-05,0.0001762675304609417,0.00012381879875553024,0.00011096686011974829,0.00010852380550882226,0.00014347148695480395,0.00012040888103811488,0.00011618568719540244,0.0001427684213631341,0.00013644957738084948,0.0001438911262376678,0.0001205298220305454,0.0002077464291382613,0.00013676044379139207,0.00018782114297865454,9.113651359826681e-05,0.00019294542874622448,0.0001221883590322896,0.00017442973494430055,7.689119482098251e-05,0.00010177931711555126,0.00015116668179106544,0.0003947106593964094,6.787876646831929e-05,0.00011750759391018951,0.0001478506271473285,0.00021783001145798438,7.870362204340585e-05,0.00010010825529609583,0.00011166039036096949,0.00011962003423437618,0.00020949814049036388,0.00012108339236073325,0.00010465537754776153,0.00016926094241146672,9.798983985877454e-05,0.00012877588045117654,0.00012524472041893417,0.00012638729251435648,0.00012789254497199822,0.00011461195425139388,0.00011508122733807103,0.00019011536865631165,9.554178521836029e-05,0.00012358269206386906,9.031929023886438e-05,9.878937372732494e-05,0.00018991045536412906,0.00010988399405953047,0.00011195348031526001,0.0001590235607834281,7.047233274045208e-05,0.00012183509795821333,0.00023759149595616014,8.815204035697437e-05,0.00021124874534694,0.0001236611791307971,0.00012387744966518575,0.00013345243444538762,0.00022937926222016064,0.00014921219825231687,0.00010942063761330737,0.0001089686422519544,9.550278241900267e-05,0.00016029632385456414
PWY-3001,0.00014047448222877088,4.16849359343727e-05,8.349103698167176e-05,8.61584390158117e-05,0.00015300615182758422,0.0002294839661717562,7.290076623629208e-05,0.00023491616794938546,7.35328226403178e-05,5.9863430208343964e-05,8.817420669474896e-05,0.00011054383557243935,3.044400258593211e-05,5.403157610896997e-05,5.4502446001739854e-05,5.827525564630277e-05,5.915988124418246e-05,8.82823769000245e-05,6.253132747839927e-05,0.00010517281955406948,8.461027587354137e-05,8.108276284389835e-05,8.20869758391633e-05,9.011672597039814e-05,9.065106422733571e-05,0.00011518593784051653,0.00016149362539311427,8.975546412442221e-05,0.00011528305697295827,6.58617939160435e-05,5.97498694790939e-05,0.00010140369282141626,0.0001312741512919063,2.7072918850183804e-05,7.767673046403024e-05,0.00011057209885705248,7.461378835580341e-05,5.202894402485468e-05,0.00010026314919971526,4.389852894030182e-05,6.609707096990531e-05,4.866505050104526e-05,7.630542091419176e-05,9.0010937423177e-05,5.478724278658247e-05,2.6611889630768632e-05,8.837316498772844e-05,7.33233240683001e-05,8.958424018857179e-05,4.877759602260368e-05,0.00010481519427865473,8.313329274727846e-05,8.944995914224091e-05,0.00010003726868350428,9.215474464424276e-05,9.302306028569397e-05,0.00011751741492400314,8.198172500275266e-05,8.873264536369043e-05,4.054916534788182e-05,8.153311386374206e-05,0.0001371822478786507,8.894153796130937e-05,4.359486467640291e-05,0.00010251534103844436,3.387620949273676e-05,7.776727080180302e-05,0.00020425144387166896,6.93372182971559e-05,0.00016758244636293738,8.977518710149407e-05,4.730861110441342e-05,9.267009306745268e-05,0.00016573155954689682,6.676639599359435e-05,7.9589736729717e-05,5.5514749428992385e-05,9.132121921241638e-05,0.00016728479505694917
PWY-5103,0.00015149283463904517,6.872523563246278e-05,0.00010306175466175776,0.00020394294745793153,0.00015972934098922937,0.00020136203570602848,0.00010245794965380401,0.00023812778054680355,0.0001099599822039247,8.683261635106441e-05,0.00010860349419754362,0.00014339066285577138,6.78471786578857e-05,9.841579059031348e-05,6.82705377392185e-05,0.00014805403593368344,2.7841867880105594e-05,8.4697805431793e-05,9.656023270827889e-05,0.00013380160158375884,0.00010927158601483572,0.00010689901863745892,0.00013206950078736138,0.000120293556340465,0.00013159975121713045,0.00011456625222391241,0.0001845753604351926,0.00012262286956239715,0.00017112687093804595,8.574941086437792e-05,0.00018995925487160328,0.00010187985951887936,0.00014733386405077885,6.496138878134072e-05,8.862319371124741e-05,0.000131712547697967,0.0003763254559260016,4.914252490662713e-05,0.00010260280937793038,0.00013195942397253328,0.0002151516559993708,4.9730367514799904e-05,7.67381628429774e-05,9.13600741254706e-05,0.00011420467961552775,0.00020093878320941668,0.00010176575697844346,8.762647040111832e-05,0.00015626879398312197,8.357383065629469e-05,0.0001163853262564349,0.00011018868857889893,0.0001163857530041305,0.00012155334528114156,0.00010366385827819851,8.778769440448512e-05,0.00017682147889198167,7.565117065977804e-05,0.00010530143621456221,7.12211763795342e-05,7.65280890638482e-05,0.0001651292153840908,0.00010772518591148039,0.0001080794569577799,0.0001482034007288256,5.253927920866769e-05,0.0001155837928852639,0.0001958921791935657,8.382339271062209e-05,0.00017845614381689564,0.00010403136174217635,0.00012325655633201689,0.00012626854701128213,0.00021305719780113049,0.00013382686749944874,9.198266471097681e-05,0.00010768363018153794,7.905408432589018e-05,0.00015284189846508604
ARGSYN-PWY,0.00012176445531879372,5.279389588656441e-05,1.826223906228031e-05,0.00011053006392933654,0.00013329072571779716,0.00018513705052288263,0.0001227745607747636,0.00018586373830329955,0.00012089033059211865,7.30460506146967e-05,4.5722174590908835e-05,9.417361116050149e-05,0.00013563261849002263,5.3076420402845665e-05,8.49194371930668e-05,3.801878000855585e-05,0.0001607081252858781,4.716976825180667e-05,0.00014184179846515868,5.263703371450844e-05,0.00010442780398292376,4.520067719282042e-05,0.00011624626733645805,4.709208095289222e-05,9.818350062800168e-05,8.815117876114857e-05,0.00012083438604203357,6.448025678355576e-05,0.00012079229538675536,8.716143758862393e-05,2.403496176436722e-05,0.0001105718540374,0.00011357178151402629,3.5356631860819436e-05,8.813853862086327e-05,9.879391752333658e-05,2.0218807921480492e-05,0.00012830059107878057,3.909402934604979e-05,0.00010402627928247954,1.7483148800494948e-05,4.372236523246086e-05,7.499029146060944e-05,0.00015452907909782715,8.327839366066887e-05,3.87566831249832e-05,0.00012309184381253157,0.00015440241212852612,3.535721279105321e-05,4.172079033139264e-05,3.8279218173180345e-05,8.119841886258769e-05,8.470686565114175e-05,3.5894439960316346e-05,0.00011010122663747916,6.680902623569836e-05,2.0235447541477444e-05,7.345166376840439e-05,5.535695268408604e-05,3.9222897492347684e-05,0.00014192659194273372,0.00015693319007272782,9.207174028466699e-05,7.745841326474486e-05,3.990856074118827e-05,0.00013784109407876462,7.855360378006612e-05,0.00015648684116439113,7.322130959814296e-05,0.0002110225278705299,0.00010128158919347318,7.426905965520798e-05,5.6700137270017946e-05,0.00019939992041896623,4.117771854890169e-05,0.00014900066794898574,4.760143081296375e-05,0.00010655986557108328,0.00022485365427049548
ARGSYNBSUB-PWY,9.293242728947371e-05,6.581277984296868e-05,3.2593686991569194e-05,9.505248201169894e-05,0.00012701820903152913,0.0001793234195136625,0.0001382944031657509,0.00018143886454679843,0.00011603388359608494,6.531876568061394e-05,3.8357370625984234e-05,9.10532060313121e-05,0.00014093872149544397,5.376643588536306e-05,9.0153040369588e-05,4.1936270438664274e-05,5.7117036823098047e-05,4.906642110716602e-05,0.0001302953497653296,5.2011647343593505e-05,0.00011858708363096003,3.97593284635817e-05,0.00010425790029529978,2.9161363604093985e-05,7.749573976403097e-05,6.920424275356017e-05,0.00012652022899904607,5.9773998837670836e-05,0.00011160284073614969,6.57931660466005e-05,1.7077801380507312e-05,0.00010955284152869347,0.00011902112047383058,3.340040485737066e-05,7.295318025710533e-05,0.00010048427068766945,1.4309152781588453e-05,0.0001293307599096859,2.4328810545250596e-05,0.00010631021764239329,1.3250374433662895e-05,4.534773627992433e-05,8.140996499186055e-05,0.0001537194215734924,8.522432958008638e-05,3.084994503837559e-05,0.00012388739519588688,0.0001559853004628209,3.0692294811077965e-05,4.7095057355939424e-05,1.6755552209734975e-05,8.135841925073511e-05,8.89295850199434e-05,3.067817506402124e-05,0.00011392858734944437,7.35638260341963e-05,1.61995562688867e-05,7.75328513206587e-05,6.125013863031415e-05,3.8700537798172876e-05,0.00013335526670630942,0.0001479936871899326,9.315115836945266e-05,0.00013945449829948846,3.580082399439932e-05,0.00012784496541081553,6.927517384419857e-05,0.00016457276513945652,6.943477366271667e-05,0.00020668299238232185,9.651552359647665e-05,7.822595492790578e-05,4.9666211833228966e-05,0.0001999285284441341,4.0036170878068545e-05,0.0001460402860422159,4.435271124597328e-05,8.41529656036047e-05,0.00025416787164216857
GLUTORN-PWY,0.0001120292243205226,2.9795070284776475e-05,2.8684000601222385e-05,0.00011482136954431089,0.00014260145477666352,0.00021815611446824988,6.539889353450569e-05,0.00023887390565551932,9.768690890176215e-05,5.3065805758091326e-05,2.2442796152615713e-05,8.697141990597675e-05,0.00010384113230368711,2.119017568503543e-05,7.30105033413528e-05,4.8894436861000266e-05,0.00012011283454030541,5.9905294622443544e-05,0.00010431865286249009,4.7230535046463874e-05,5.0538926906605373e-05,2.9771955197701968e-05,7.863096781878452e-05,1.9625949941037116e-05,5.6700367407464e-05,4.986191062105266e-05,0.00011602448798214278,5.954484551644097e-05,8.667365840718335e-05,3.801901602855426e-05,1.8555818830838106e-05,0.00010539779631181776,9.385032490629965e-05,2.7045370025740665e-05,5.438079054645259e-05,9.122718960387448e-05,1.7285938157356984e-05,0.00012907295286121798,2.5024510023040043e-05,9.301730786859294e-05,3.653658145754123e-05,2.6474490945439624e-05,5.122737696619489e-05,0.00011296675253942782,6.0063664433612876e-05,2.8887959815388918e-05,0.00011185415758177474,0.0001102504290543231,2.709011027163155e-05,4.4472517946089024e-05,3.292756322227652e-05,6.516077013194951e-05,5.9138072469363994e-05,3.101634135651488e-05,0.00010711507592678552,4.2229713230439164e-05,3.555833362264491e-05,7.4400810713603e-05,4.571755680004471e-05,3.4510422642205406e-05,0.00012147979517433894,0.0001038344400796914,7.003872240822852e-05,2.8232852284654835e-05,4.046477090578772e-05,7.318809455340402e-05,5.580202702155822e-05,0.00014371775311007432,6.298336395013349e-05,0.00018026546730161503,8.353421329794069e-05,6.081942342884825e-05,4.20047690564702e-05,0.00015024333957544447,4.2645583122902506e-05,0.0001231247682841934,4.627852062670522e-05,5.26259169552911e-05,0.0001403415708308282
PWY-7400,0.00012156329008262039,5.259843146730299e-05,1.8495521045149313e-05,0.0001103187256648473,0.000132582185462527,0.0001846854500917928,0.0001221804748414014,0.00018563504957639894,0.00012105764306545183,7.373300639439958e-05,4.2433680146270866e-05,9.399464941982973e-05,0.00013531034820154944,5.398786772854822e-05,8.470613109543672e-05,3.8638911000206477e-05,0.00016030453253823029,4.754530632574004e-05,0.000142535899472938,5.291976259746819e-05,0.00010436228801731852,4.560334226021555e-05,0.00011696631470061721,4.970681791234924e-05,0.0001002990711529142,9.006617850192909e-05,0.00011832375795641357,6.521768998633014e-05,0.00012132985522290549,8.8511947834121e-05,2.4809419414245456e-05,0.0001081609515852373,0.00011005591500777052,3.4120646007713284e-05,8.950094045289859e-05,9.778613078728319e-05,2.090327120134326e-05,0.0001287876778338823,3.971722104388106e-05,0.0001039048781761632,1.787536331429929e-05,4.2444163441546974e-05,7.503075613544643e-05,0.00015428650710454662,8.326350300446395e-05,3.9936423962544046e-05,0.00012293436364494705,0.0001540915042944053,3.593810710808459e-05,4.1287081247439596e-05,3.8430758766760946e-05,8.110700920313895e-05,8.450803292658202e-05,3.6449187071638734e-05,0.00010996913934748231,6.69387637279801e-05,2.0619119174655672e-05,7.347395624768297e-05,5.54031311001916e-05,3.9304498956958366e-05,0.00014283722295111345,0.0001565643707680699,9.229284520494541e-05,7.43343892905584e-05,4.028842097107612e-05,0.00013798475616279748,7.939718050518105e-05,0.00015519080748482985,7.364933041153315e-05,0.00021114368292421155,0.00010166835960437315,7.415997766317248e-05,5.747181558337741e-05,0.00019844969055545503,4.1314202638406344e-05,0.00014889175952026903,4.8184841936684214e-05,0.0001080354987210225,0.0002241201355435028
HSERMETANA-PWY,0.00011452836370202803,4.487533650891476e-05,2.307587987943313e-05,0.00012091550199840631,6.717578429444222e-05,7.147555673303805e-05,5.633620296834622e-05,4.9657541021986464e-05,6.166775353218598e-05,4.888368587566164e-05,4.35231691958672e-05,7.922638187158685e-05,2.517563215571343e-05,4.073249694153283e-05,8.915241653226208e-05,6.901720210529017e-05,5.44116239850674e-05,2.8910192410321162e-05,4.5765659264094304e-05,4.2205867304427495e-05,6.763841220202493e-05,3.198703656308518e-05,2.167219255855509e-05,6.354970977438596e-05,3.4237727469260664e-05,4.827395019686792e-05,0.00011268368282005396,6.779278297919114e-05,5.614749936206933e-05,3.530263363146093e-05,4.78043320066665e-05,0.00011000856630127112,6.44873594608449e-05,4.25885255470807e-05,4.1321661104366556e-05,7.850118553969309e-05,7.094486603026744e-05,8.923462074877605e-05,7.671701869142531e-05,5.970010553188001e-05,4.4382744831376016e-05,5.042219685519672e-05,4.1223446632603096e-05,8.227624310406284e-05,3.389420243463095e-05,3.7131558978714485e-05,7.820114628757444e-05,5.301365934376964e-05,5.884567214347047e-05,3.2253235526552516e-05,3.972694380026951e-05,6.553290155324486e-05,4.28454875977034e-05,4.8997656020741716e-05,6.71931579045046e-05,6.847166004028273e-05,5.4671611248076296e-05,4.4928799833156826e-05,6.752455820463406e-05,2.9245818998787895e-05,4.68090498334112e-05,0.00010810293235449771,4.512379154202797e-05,9.353884314071036e-05,3.4403898836879433e-05,3.965646551296166e-05,2.959112797984859e-05,0.00012517523192045958,4.421055286194363e-05,9.466480853203119e-05,5.7518554306719334e-05,4.100148100044373e-05,5.5370026482008704e-05,0.0001091844123608485,4.353283132838538e-05,3.5594801814947207e-05,2.251995790506855e-05,5.347050072919209e-05,0.0001233726295247602
PWY-6151,8.203599014602348e-05,4.4652990694539864e-05,5.1387035303193584e-05,8.330631857172924e-05,0.00011692068102341693,0.0002045926952721968,0.0001131596482523321,0.0001883013704773717,0.0001323370525049389,6.373945014661191e-05,7.780308856890915e-05,8.265924771803845e-05,0.00010221317069456178,3.564205231427568e-05,5.483547134871589e-05,0.00010675092855747546,4.348184860770909e-05,8.021065929346884e-05,0.00011409152125023433,0.0001385481655782056,7.683773377492942e-05,3.878397021307744e-05,3.998900259329217e-05,7.121038422697153e-05,8.249338127760249e-05,0.0001188203602632811,0.00011950423564504615,9.617900241305671e-05,0.00011941628813886387,6.083918756131748e-05,7.042941486744792e-05,0.00013331026439343164,0.00010029543491017397,5.3183253004231154e-05,0.00010297134742712007,0.00010477905509140477,0.00018979155226226242,0.00016644257273920422,0.00010539319873192887,9.749161585931895e-05,0.00014069199454011338,9.440583387839558e-05,0.00015159985885339586,0.0001071318162667075,0.00011623966949747609,0.00010948968714322988,8.970020352985685e-05,8.664647760085461e-05,6.624621302177577e-05,0.000141408160620024,0.00012212836234825925,6.627566290867146e-05,0.00010463973468712487,0.00010412407920432014,9.65790117247248e-05,0.00011582795715876349,0.00015142453748145487,7.306487040105177e-05,9.810030905592454e-05,6.816952671620721e-05,0.00012406122948285407,0.0001433616993215426,0.00012183654073431922,0.00015571167327323098,0.00011315290719781439,0.00011602275896742532,8.24344711167381e-05,0.00016528598497276566,0.00014439364062437024,0.0001427631525172258,7.781221318908651e-05,6.057342055687913e-05,9.976369210553446e-05,9.68589323913131e-05,0.00011101575931462415,0.00011738153096289799,9.505011465163418e-05,0.00010321390198085372,0.00024130088754650242
PWY-6609,0.0001404883868615937,0.00011218124002396986,0.00016992000582883237,0.0001530299404688036,0.00012508329340945676,0.00016283241230098414,0.00018548106655069527,0.00020300554514335144,0.00012602244847287038,0.00011833623349027936,0.0001321058722918081,0.00013305701125688942,0.0001464765388689209,0.00014915161821916478,9.945803705552534e-05,0.00010798936698508597,0.00016245599792755506,9.664293254861816e-05,0.0001528181775121072,0.0001424963023843829,0.00013298288256372669,0.00010955923971560198,0.0001356909561051896,0.00016412998402286948,0.00015880624492313402,0.0001422989741403195,0.00011265692129602551,9.42548797173599e-05,0.0001541130130787967,0.00017769853895043583,9.005733304884765e-05,0.00014923485413056515,0.0001346684338721283,8.394615560842556e-05,0.00014928816260758798,0.0001315643507148074,0.00018218140067246698,0.00018062920106211826,0.0002217903892969686,0.00015582608674823468,0.0001128923299849033,8.465265371871744e-05,9.669798097436896e-05,0.00010744108078276477,0.00013102464407065235,9.368018564499062e-05,0.0001472802833643799,0.00014310169218501907,0.00015508467817159743,0.00019104267140312788,0.00011522769206797149,8.415534218252632e-05,0.00014993044119958636,0.00012176002321249235,0.00010845498745021616,0.00011828805215854456,0.00015221012035577337,7.69349853880259e-05,0.0001368318413954778,9.058958986756198e-05,0.00016474110527355679,0.0001819588959211496,0.00016057651888490008,9.710884602980809e-05,9.768237717748344e-05,0.00021848488962396644,0.00010936941130538878,0.00018289135204614256,0.0001482123845956658,0.00018307967282798546,0.0001400779968883814,8.632866331431914e-05,0.00012452176399553355,0.00012882066473276374,0.00010477426854843456,0.0001272022295920929,0.0001414346991564406,0.00013356037780509094,0.00014867158189610326
PWY-6126,0.00011469167214329379,9.198634131331214e-05,3.14424107548394e-05,0.0001761455977124871,0.00012053422334195598,0.00014745306362289656,7.372389127376443e-05,0.0001450836113754292,2.981311501756824e-05,6.482000498219602e-05,7.18951593829788e-05,9.649427555433647e-05,6.973999109309063e-05,9.473278443290054e-05,7.316754321490596e-05,5.0975695239224276e-05,2.27675025632502e-05,8.28142503528187e-05,0.00011487125208701566,0.0001189811471804385,3.2032497412740365e-05,8.396486086359776e-05,7.213003400345557e-05,0.0001894871750287916,7.987243958917043e-05,0.00011365231706852393,0.0001675850979394196,9.732636302775419e-05,0.0001235511133975904,2.840374120762744e-05,3.443576198192685e-05,0.00014012759743664986,0.00015172181349941107,0.00011219416139552058,0.00011361539733992694,0.00011872026273080516,7.284546417320264e-05,0.00012526561752117523,8.674754022964578e-05,3.380184775137944e-05,5.237313263972763e-05,0.00011541146237448051,0.0001126154067949913,6.0942283646168883e-05,5.286047011647999e-05,5.510729739071115e-05,7.14263099540904e-05,6.111054097752734e-05,0.0001001853330354662,8.942172532239367e-05,4.5206400151146505e-05,5.9877164546340945e-05,3.777756444174345e-05,0.00011808032913918683,8.751924794120025e-05,8.420296253978913e-05,0.00010198937701677483,6.57296082492198e-05,0.00011075828103512648,3.730228619179608e-05,2.1134863987094126e-05,0.0001284017040352224,3.9321566182796486e-05,9.503691968944313e-05,6.323999250408321e-05,7.924575582281792e-05,5.925619101090008e-05,0.000168383660751511,3.7652854916930276e-05,7.715973108774543e-05,7.866825224237915e-05,4.996016255923111e-05,0.0001028012804053015,3.7079527166333856e-05,4.0828452055752575e-05,9.783387435467677e-05,6.490337260774528e-05,0.00011882832381272329,0.00017711443828722894
PWY-7229,0.00014016884986456382,0.00011154165332207509,4.7983297737556484e-05,0.00019390154117685622,0.00012670954366041033,0.00016395561348298254,0.00010015152867168935,0.00015400797171834205,4.4654437225775844e-05,8.234734478655983e-05,9.360363720216474e-05,0.00011402614549375888,9.085750486861584e-05,0.00011916305541660486,8.618858909675606e-05,6.554547067107301e-05,3.603575260024725e-05,0.00010031375668101712,0.00014446327262588322,0.0001430569826859029,4.87484227962877e-05,0.00010437078170480065,9.304778419606092e-05,0.00020262574613434114,0.00010521551654029411,0.00013871829558877123,0.00018943863108535964,0.00011268268093228993,0.00014517865967352437,4.28488867465039e-05,4.880367318743798e-05,0.00015776532283849455,0.00016549547050279044,0.0001136338492336236,0.00013861903918660276,0.00013431118616088594,9.259394381772538e-05,0.00015418758023626186,0.00010945744870747752,5.171245785091451e-05,6.326578185537908e-05,0.00013020122361738642,0.0001333503485290286,8.207692937714221e-05,7.555805692479052e-05,6.419981962706277e-05,8.970911533733047e-05,8.39648304418025e-05,0.00012206149443700467,0.00011688808493696729,6.455910392960955e-05,7.75668419876819e-05,5.6219507329109846e-05,0.00014087712267613601,0.00010910833637561885,0.00010737369239936236,0.00012414546133690283,8.233788712811415e-05,0.00012967030614558628,5.2639385829871174e-05,3.303334135484686e-05,0.00014561415994855423,5.773243045881602e-05,0.00012564688130140605,8.654426889815047e-05,0.00010949720255091529,7.604884748263678e-05,0.00017682049197743688,5.674940024372066e-05,0.0001075933710932479,0.00010064055266399959,6.509937072548687e-05,0.00011922752106498414,5.617301728189003e-05,6.001803582193935e-05,0.00012142075008985946,8.310968554898057e-05,0.00014062339184775738,0.00019285927463519548
PWY-841,0.00011181178451486863,5.487185805956415e-05,4.1058684751052354e-05,0.00014602325710117068,0.00012886549588254134,0.00014361693321606053,7.956607586402313e-05,0.00014482204615117218,3.783186465659611e-05,6.227246542351177e-05,7.791164220797165e-05,9.625863896151709e-05,7.136160922243862e-05,9.75520820488297e-05,7.474102406978702e-05,4.2702308714539276e-05,3.203831883522634e-05,7.665568324339188e-05,0.00010051512706412633,0.00012058679223724454,3.899711628209896e-05,8.650307216304786e-05,8.135659986852809e-05,0.00012443531974009513,8.908470094586445e-05,0.00011688763011608799,0.00014750717353140085,7.034922250336999e-05,0.00011205971163263942,3.614066016940772e-05,3.0512970226403815e-05,0.00012215319106704083,0.000101434872767371,8.028942589352984e-05,8.486855558035038e-05,0.00010675505805748585,3.153865956786613e-05,0.00010151775158545224,7.758682002451139e-05,4.2349588776174425e-05,2.2653912593072977e-05,5.537659439298526e-05,9.35422437272164e-05,6.939600831982859e-05,6.033188965075337e-05,4.892299853235951e-05,7.76007006110108e-05,6.836105730350963e-05,8.159567384865493e-05,7.671963145603486e-05,4.958797244794121e-05,5.82898824605871e-05,4.373535572455405e-05,9.124785752027837e-05,8.154929113537392e-05,7.796127203128082e-05,7.103114092761275e-05,6.382995429554417e-05,8.760000896649289e-05,4.0493468983974614e-05,2.7109315801388184e-05,0.00010561402923600997,4.679958661707124e-05,9.34981904173665e-05,6.367954362939333e-05,7.63145626015131e-05,6.230668389309664e-05,0.00015788677189317122,4.6268713577728744e-05,8.518404103224522e-05,7.761579818364161e-05,5.81172852063739e-05,9.165637245350926e-05,4.8236647693881435e-05,4.67338076464245e-05,9.235065267459858e-05,3.849720821241355e-05,0.00010673250406436334,0.00017264900330940256
PWY-7220,7.57072757042989e-05,5.667521206817484e-05,1.4813393561764025e-05,0.000143756822426035,0.0001289104517668731,0.0001278688485089788,3.925028027177954e-05,0.00014612539928098226,1.4327930282279799e-05,3.618444155251289e-05,3.974554569441738e-05,6.706936948998908e-05,3.977099903518423e-05,5.779325154401698e-05,4.5246572421039246e-05,2.6890308870900222e-05,1.0468280978156322e-05,5.305229510984932e-05,6.609431460425716e-05,7.67231539791835e-05,1.52631128115375e-05,5.448383509466054e-05,4.3055606957574844e-05,0.00017323660605801655,4.3850678333810524e-05,7.216560898954085e-05,0.00013544144206767075,6.797883929626777e-05,7.620684770640709e-05,1.3474789629145695e-05,1.695997898711468e-05,0.00011203500129585507,0.00013059485649439078,0.000119447335865304,7.09339698152485e-05,9.669279248680089e-05,3.5964169473751496e-05,7.63941636695896e-05,5.3499674626543204e-05,1.5825469556805776e-05,2.601907951157056e-05,7.808529240157091e-05,7.326588463113413e-05,3.256166218821968e-05,2.6577108667134603e-05,3.0441146622111603e-05,4.118243799261458e-05,3.12738653618153e-05,6.553306306484643e-05,5.239818215079025e-05,2.280922935504103e-05,3.5005306196115623e-05,1.853187901009304e-05,7.482052167614226e-05,5.1281306827085046e-05,4.813737684213692e-05,6.494509392324594e-05,3.964071805432567e-05,6.858032537774232e-05,1.903324986711265e-05,9.73703574243071e-06,9.028408608089189e-05,1.927419518643605e-05,5.164169663091441e-05,3.324879985408769e-05,3.988922282853347e-05,3.3529993083326256e-05,0.00017758913418788628,1.8069191082499252e-05,4.135961642890587e-05,4.630503328193341e-05,2.628186304597723e-05,6.570583622707428e-05,1.8012910351515026e-05,1.9937286021798587e-05,5.578698910268324e-05,3.616122414297905e-05,7.984364323110126e-05,0.0001280281143624467
PWY-6123,0.00013636661387845207,4.792985125354655e-05,0.00015742890812808349,0.00013464577182509914,0.00010671706712497823,0.00012667021091620776,0.0001099010360269879,0.00013366522817587347,0.00010925791020628011,6.733699324530048e-05,0.00014507144260302162,0.00010830493716829895,8.484951755916149e-05,0.00013133439640050773,9.188159968993729e-05,4.808155388785034e-05,0.000191512055210275,0.00012561615155758134,0.0001070005596570565,0.00017179694072058655,0.00010075898689041834,0.00012046614267279031,0.00012481801257403424,9.143475984459117e-05,0.0001699783962725623,0.000160238814226417,0.00013396620087860199,0.00011121550728624683,0.0001745089433107928,0.00011066223866915675,4.839486969915905e-05,0.0001073883753144833,9.09549406821227e-05,9.578262662011422e-05,8.63445117090179e-05,0.00010361777730354157,1.85304498151803e-05,7.909557544152107e-05,8.965215245593447e-05,0.00014269533189635955,1.633255696466028e-05,5.36830614826414e-05,8.201165718475399e-05,0.00011801959047953108,0.00011997096915056127,4.158004190724741e-05,0.00011238237823138024,0.0001349317554301278,0.00011165435884379794,0.0001794030981107984,9.938142074982318e-05,9.917902621789447e-05,0.00010743268167392667,0.00013450518429047666,7.572970019430745e-05,6.861191363424211e-05,0.0001439693998145435,0.0001096995266860287,7.600326258494516e-05,5.921041818403963e-05,7.242814027651044e-05,9.887711854262947e-05,9.81082957523322e-05,0.00013970324468290726,0.0001374017943038674,0.00013050130512810571,0.00010163048766210457,0.00012194777329766192,0.0001105287737314955,0.00012391468105866222,9.779723139037569e-05,0.00010499582776680292,0.00011411479500569387,0.00012161297268394595,0.00012260777790454286,0.00010649306345736122,2.3759247308374907e-05,0.00012337045473388963,0.00016709259506469555
PWY-6124,0.00012699578206046885,4.374422739646427e-05,0.0001553381197153323,0.00012860198654714828,9.905818886541388e-05,0.00012392569534704892,0.00010396961816792973,0.00012951878877774355,0.00010722087002405485,6.255551948819228e-05,0.0001418678339029363,0.00010833156382091098,8.711682831010246e-05,0.00012681120551990795,8.424282200794454e-05,4.224223107203433e-05,0.0001948398257990151,0.00012406285947818787,9.903513682660075e-05,0.0001617296239651946,9.713835763400525e-05,0.00011761445525049686,0.00012478088148229857,9.9710929364947e-05,0.00018289179498337136,0.00015994524009052454,0.00012439678282425904,0.00010857356130942069,0.00018055360046591721,0.00010831071165906897,4.4391591348678774e-05,0.00010488376576634853,9.065977033712083e-05,9.617141556361662e-05,8.468743508631302e-05,0.00010843873568307294,1.1495112473284559e-05,7.021647935734636e-05,8.608606616532283e-05,0.00013513335985737242,1.0265576127557041e-05,4.79156587625463e-05,7.518845567076674e-05,0.00011030611220275377,0.00012142653179603103,3.7297764766848535e-05,0.00011418753420035963,0.00012852257313030586,0.00011125001162095637,0.0002051268067805726,0.00012051282413022638,9.302526121727288e-05,0.00010655215837611808,0.00012858268203914437,6.781122613678792e-05,6.261397685857514e-05,0.00014471643507368308,0.00010711657058599239,7.081914834648396e-05,6.491106500224003e-05,6.482370031731247e-05,9.716969398608037e-05,9.4871451531086e-05,0.0001367206775580468,0.00013746975424884685,0.00012547854931071697,0.00010815934744862458,0.00012544465246591477,0.00010952354784847614,0.00012547409852825984,9.137250962406081e-05,0.00010165990713459293,0.00011120596428866471,0.00012115572061859305,0.0001234154421019724,0.00010544079347376957,2.065328443260859e-05,0.00012418627973933544,0.00015522031646380318
PWY-7234,0.0001235995831564732,4.333871417128102e-05,0.0001367649744483998,7.071936494889266e-05,9.168821749585068e-05,0.00011358310677430463,1.94824440766892e-05,0.00011673184243809466,4.933808577045098e-05,5.092578246243661e-05,8.693189322235635e-05,6.613477186277309e-05,2.0461140638664827e-05,2.1120811341726647e-05,3.958685509148651e-05,3.2313457527573344e-05,0.0001444509332233867,3.4160338238388264e-05,6.873126326414187e-05,0.00014178436029116403,1.940764284455275e-05,7.303284945866952e-05,9.941736244768924e-05,6.496135205827478e-05,0.00010746994751801287,0.00011870657588150048,0.0001207385775042126,3.595325730640347e-05,3.818067655020699e-05,9.003647541358799e-05,2.851028325843643e-05,3.988448580789089e-05,6.131433289067578e-05,2.6351463455071147e-05,5.9950292793273635e-05,3.057638503428282e-05,1.85304498151803e-05,3.306492569453818e-05,4.025505432139049e-05,3.127915584755408e-05,1.633255696466028e-05,1.891688921561306e-05,4.196448117276164e-05,1.9358622050118883e-05,9.586420961770513e-05,2.8620990247236536e-05,1.5079024861463946e-05,8.550989303794468e-05,1.426931409649595e-05,3.798243334611409e-05,4.8763464489131986e-05,5.175530911542683e-05,4.9106357640586566e-05,2.7395146912325314e-05,5.405762725797763e-05,5.615423403809e-05,2.692112415014331e-05,5.5589758437385404e-05,1.871084963344919e-05,3.651967092003273e-05,6.230281700277339e-05,3.8966468480490715e-05,4.0805945786883076e-05,2.802439789042451e-05,3.218333222189936e-05,0.00012281040807640318,6.181322272768418e-05,9.28803302707722e-05,7.866232361098709e-05,6.977531430448126e-05,7.616132494577808e-05,8.743075456241382e-05,4.963879756722392e-05,0.00010819782197300304,3.403480236129448e-05,3.101756312868836e-05,1.6358610072137924e-05,5.268835104651704e-05,1.7802134205548574e-05
PWY-6121,0.00016076116630399126,4.578139227221459e-05,0.000132844590149087,0.00016496930470477907,0.00018562583123099164,0.00016140782196137006,0.00013737594957372913,0.00015652526402539288,0.00010856781516476234,0.00010239617351328894,0.00011370969081133822,0.00011856775456594273,9.79733673265468e-05,0.000141933488425736,9.751169038942265e-05,4.893524417208094e-05,0.00017918469284991244,8.482982142065026e-05,0.00012288366434689426,0.00015880291085669241,8.390181884588782e-05,0.00010365898541372095,0.00012308517742213494,9.839400876357005e-05,0.00014421455032780973,0.00014700623429901496,0.00016640170296566747,5.376673663601991e-05,0.00012675823873873793,8.901134984477623e-05,3.096655724290193e-05,0.00013855486870635863,8.830068510836958e-05,9.270052268818248e-05,9.068009745776514e-05,0.00010478765234695529,8.637571603403489e-05,0.00012700613042680584,0.00012807250361889362,0.00010936529193468933,2.8927994875162036e-05,7.285853744386087e-05,0.00011351289410141791,0.0001305762327552644,0.00011088841655525677,6.181514308865174e-05,0.0001218301454548573,0.00012393747432785706,0.00012896850031111247,0.00016978027963591354,0.00010034148192684733,6.68562785927253e-05,9.330384721210914e-05,0.00012601336866095491,0.00010483073603471198,0.00010070040693013746,0.00015760162435646052,6.881170483198584e-05,8.950951902946126e-05,6.48254402957939e-05,9.493496860769684e-05,9.70385416555875e-05,9.529507217378823e-05,0.00012826247553560224,9.10432774771095e-05,0.0001364345065022922,7.247309606651457e-05,0.00018384171610215524,0.00011171863839021645,0.00015412238544377466,9.925202629098754e-05,0.0001085525852890648,0.00013249405750606483,0.00014812648359771154,0.00011468993677025856,0.00010551655684246595,4.104098720855766e-05,0.00010827087316205007,0.00023759338086243523
PWY-6122,0.00017305723744956173,4.141732219854198e-05,0.00013312874455747155,0.00019308588237039427,0.00019258179734437265,0.00019431762842600742,0.00013520516218548214,0.00016454830152618768,0.00010560718139151862,0.0001026521263446805,0.0001080775676175887,0.00013924169550894006,0.00010713304294731382,0.0001509241801292562,0.0001106049891225799,0.00013127296185921176,0.0001841099815954868,0.00012180364197118887,0.0001275326563317963,0.00017354344640952048,7.788085580884501e-05,0.00010572867181573685,0.00013105757857155456,0.00010336115703537708,0.00014673794267802302,0.00018172735722074912,0.00017685597322942352,0.00013858201430754752,0.00013254905652202687,8.614659662995166e-05,0.0001339926071231024,0.00014326243056993646,0.00014476131759951793,0.00010179635356352988,9.200088030215112e-05,0.00011750562336531272,0.00020562312484572723,0.00013856518828973816,0.00013885956463018144,0.0001474152245288199,0.0001589801153646126,7.776695024711148e-05,0.00013272513259949322,0.00012466921009268226,0.00010751406492129424,0.00011777664538637454,0.00011419475648505224,0.00011912275106030882,0.00013663600526601542,0.00016099027474949788,0.0001254591685000005,6.593976691203253e-05,0.00010765816511030458,0.0001387896501322473,0.00011070584166176728,0.000106148239278502,0.0001649241058802977,8.95054962448182e-05,9.761410916744615e-05,7.030005961136615e-05,0.00010322740071047245,0.00011434574079608537,9.360482679779782e-05,0.0001301030673286232,0.00013411389948562793,0.00012529233124518262,8.233627055017946e-05,0.00019704083773219557,0.00011819380430461961,0.0001635839248791085,0.00010414948998480084,0.00013634418973895122,0.00015669236631526905,0.0001499433398900179,0.00013764619287108152,0.00010630240249053523,0.00010606376791395916,0.00011062748906451216,0.00025511991607077685
PWY-6277,0.00017305723744956173,4.141732219854198e-05,0.00013312874455747155,0.00019308588237039427,0.00019258179734437265,0.00019431762842600742,0.00013520516218548214,0.00016454830152618768,0.00010560718139151862,0.0001026521263446805,0.0001080775676175887,0.00013924169550894006,0.00010713304294731382,0.0001509241801292562,0.0001106049891225799,0.00013127296185921176,0.0001841099815954868,0.00012180364197118887,0.0001275326563317963,0.00017354344640952048,7.788085580884501e-05,0.00010572867181573685,0.00013105757857155456,0.00010336115703537708,0.00014673794267802302,0.00018172735722074912,0.00017685597322942352,0.00013858201430754752,0.00013254905652202687,8.614659662995166e-05,0.0001339926071231024,0.00014326243056993646,0.00014476131759951793,0.00010179635356352988,9.200088030215112e-05,0.00011750562336531272,0.00020562312484572723,0.00013856518828973816,0.00013885956463018144,0.0001474152245288199,0.0001589801153646126,7.776695024711148e-05,0.00013272513259949322,0.00012466921009268226,0.00010751406492129424,0.00011777664538637454,0.00011419475648505224,0.00011912275106030882,0.00013663600526601542,0.00016099027474949788,0.0001254591685000005,6.593976691203253e-05,0.00010765816511030458,0.0001387896501322473,0.00011070584166176728,0.000106148239278502,0.0001649241058802977,8.95054962448182e-05,9.761410916744615e-05,7.030005961136615e-05,0.00010322740071047245,0.00011434574079608537,9.360482679779782e-05,0.0001301030673286232,0.00013411389948562793,0.00012529233124518262,8.233627055017946e-05,0.00019704083773219557,0.00011819380430461961,0.0001635839248791085,0.00010414948998480084,0.00013634418973895122,0.00015669236631526905,0.0001499433398900179,0.00013764619287108152,0.00010630240249053523,0.00010606376791395916,0.00011062748906451216,0.00025511991607077685
TRNA-CHARGING-PWY,0.00016420193514738137,0.00015828776398761163,0.00015718591896817432,0.00015199497383927262,0.00017595551656701797,0.00017341654867254888,0.00015909669055147734,0.000156764201224003,0.00012464721780370956,8.253652803063747e-05,0.00013024606367824054,0.00012879232011681307,0.0001128897059241328,0.0001305590349195347,0.00010737252751323082,0.00010818001574516713,0.00017729619960621498,0.00016017382416150133,0.00015414427410440757,0.00015381278215255903,0.00014454987284236783,0.00011764184809607025,0.0001329748702022245,0.0001712200327597184,0.00014596501391653287,0.00016210867030391494,0.0001590324065334942,0.00012458623147276138,0.00016471802109483953,0.00014868807209295767,0.00011382627757919761,0.00013454312888921827,0.00012331039282518886,9.436194185821794e-05,0.00010975128699995549,0.00011573313020466306,0.00025900566673317884,0.0001674531430939238,0.00010642545956769676,0.0001682671302110063,0.0001642056960488721,0.00013186979413775678,0.0001285673826617614,0.00013566622650793453,0.00012671906164809062,0.00010966830893375608,0.00013061677711074797,0.00014988626640784965,0.00011160110395108674,0.00019247891960093674,0.00010331172544740728,9.472087892003579e-05,0.0001243950425410524,0.000157856335123929,0.00013068083331323825,0.00016960133943226216,0.00013927039881106828,9.865278207185368e-05,0.00014199613223727763,9.904909559820675e-05,0.00015054103187333524,0.00013734311355253324,0.00013897254683814338,0.0001551886223669065,0.00017412086948659667,0.00019180116701772475,8.792317413646406e-05,0.00019094215652173637,0.00013313760897782354,0.00016909921596558447,0.00012189551279100928,0.00013043773477436224,0.00013665189464479244,0.00015532771874379443,0.00010997560991428233,0.00014119417708799222,0.0001345068656539168,0.00014976333250823419,0.00020186287395812896
PWY0-1061,1.6670140874458347e-05,6.040926209883552e-06,4.812330403923295e-06,6.110673753658074e-06,0.00011320251819709276,0.00019579083907328578,2.6817280086387133e-06,0.00022893810393546815,6.858954040147067e-06,6.664304913388606e-06,3.148324811995444e-06,1.4306365690938075e-05,7.044965974728437e-06,3.0419656441059034e-06,2.9723193783008272e-06,1.974590158768828e-06,3.427150200540556e-06,2.379503831620857e-06,2.2727283862049122e-05,3.397507634626821e-06,4.931279832933375e-06,5.2265179261208325e-06,3.614807267754425e-06,1.2273728315751427e-05,2.4721531767258274e-06,2.5155211043590083e-06,4.124624479640319e-05,2.6443524958740357e-06,2.3314206369010924e-05,2.504937762063384e-06,6.188084262489826e-06,1.0681378062831482e-05,4.3951421823889796e-05,3.0031727203892612e-06,3.0405707278435033e-06,2.219860577090825e-05,3.3505318710306914e-06,5.134431888074506e-06,1.3008812262176134e-05,4.6854705294901005e-06,2.998757654651652e-06,2.8092684835079797e-06,8.984778934921574e-06,2.5377367151546515e-05,1.922492418612144e-05,2.814994403454077e-06,2.5880471818490383e-06,3.57422262470952e-06,7.598958629211025e-06,1.613504932396403e-05,2.5031355708471874e-06,2.6373787961520058e-05,9.419631424336761e-06,3.910482259122624e-06,3.422404683868812e-05,3.7212238913024877e-06,3.160296876895451e-06,2.4657840607236818e-05,6.186328980518488e-06,3.1276666007625373e-06,3.845232370200479e-06,2.0944639166337524e-05,2.641813840612888e-06,8.23602089230025e-06,9.382875864393344e-06,1.7733836776539573e-05,2.6875972511794476e-05,0.00015431378969216642,6.9891417516500165e-06,6.683023919633443e-05,4.180600382548523e-06,2.0035613038830366e-05,5.312914434725563e-06,0.00011094821558598999,3.420307040973665e-06,3.353058234075782e-06,3.977772170185322e-06,5.250298066009937e-06,4.714658925834875e-05
PWY-6317,3.921355914871256e-05,2.644518704772692e-05,3.6702793852634306e-05,8.396585183082303e-05,0.00012774521211116524,0.00014540343875720017,5.38754700245831e-05,0.00012581397785853694,4.64688691561947e-05,4.9449834105985494e-05,1.5800072595385352e-05,3.735180047171389e-05,4.5715187607003356e-05,3.221580815569925e-05,4.9135470292883124e-05,3.125960556738064e-05,2.729200561795021e-05,4.861834870195466e-05,5.2837214255126914e-05,2.535389777644771e-05,7.029872796253037e-05,3.123507196071125e-05,4.0532712198785404e-05,3.0746443616443845e-05,3.995769905115098e-05,2.4526438213341755e-05,7.403246909161299e-05,5.149469511776038e-05,5.5165224612482854e-05,4.120794414088442e-05,4.9341545446331135e-05,9.530839674583528e-05,8.128803076919147e-05,2.4858433674992505e-05,5.307768319657925e-05,7.743458947518807e-05,3.915732185114988e-05,5.492018903806428e-05,2.5999937989240522e-05,7.484450493239288e-05,3.9063617560854406e-05,3.1869006429045646e-05,4.397739536636738e-05,7.925036040193555e-05,1.8016650124021907e-05,3.9227644062010114e-05,6.66430085639882e-05,7.162456111182591e-05,3.7955455971966556e-05,1.9432337114886458e-05,2.505524322354512e-05,4.358215417160591e-05,5.497022445820822e-05,2.9532222689100553e-05,5.067186267569751e-05,4.290277052187447e-05,2.5515208214268295e-05,5.909926075025191e-05,3.096330844114442e-05,1.733138025397887e-05,6.793472396381563e-05,8.550624077484512e-05,4.978688845195594e-05,1.1912316234005628e-05,3.080411045199023e-05,4.230965035920471e-05,2.5851664958927545e-05,0.00016117782512082277,4.693707854325423e-05,8.532954131104365e-05,3.026740481405493e-05,3.68881245032168e-05,5.214813515139007e-05,6.549155269467612e-05,2.4556847247516777e-05,8.080525986712215e-05,3.9359298660222e-05,2.628185081871197e-05,0.00014143354449831742
GALACT-GLUCUROCAT-PWY,2.8790489459632263e-05,6.6654769398735885e-06,4.853061802257795e-06,7.77650691761835e-05,0.00012958250062059188,3.097415607549694e-05,7.078831754490334e-06,3.966918915719743e-05,2.9707324098308333e-05,3.4210971337568754e-05,1.557642713208612e-05,4.690144615350188e-05,1.9701198851144572e-05,9.788973706692197e-06,5.14342131379733e-06,4.5880684455933965e-06,4.484610476622326e-06,4.624963357500273e-06,1.9705427901043976e-05,4.9972749589057e-06,4.9933603454064335e-06,2.1445735843232818e-05,1.635150011023187e-05,1.6138380849321857e-05,4.987451336846547e-06,2.2422315415292456e-05,7.244019924417439e-05,4.615856280712577e-06,5.055443081384162e-06,1.2920504863181305e-05,7.480624360465227e-06,5.8249602341098004e-05,7.760950503364877e-05,2.4925365061899394e-05,2.772983699225588e-05,5.21384334371279e-05,3.3016308788669347e-06,5.0511539535679595e-06,8.44854946697574e-06,7.198137648682201e-06,3.3920642159504815e-06,5.332711697735125e-06,4.5588284104476804e-06,1.615015788306241e-05,3.5483321642446707e-06,1.1440064971029068e-05,2.1004832805525467e-05,4.899979960194555e-06,2.1344482093841536e-05,8.90528812782001e-06,4.50926483864307e-06,1.9504477390878634e-05,2.792170624259242e-05,3.483000769696719e-06,1.0147618792357294e-05,8.121631997955835e-06,3.348463965119879e-06,2.0928436096004154e-05,5.789161021756162e-06,6.614623545906506e-06,8.373795332391318e-06,2.9706970590046512e-05,8.097365326573133e-06,1.533222203582349e-05,4.721903256049951e-06,7.605680477223197e-06,4.927659309949652e-06,8.24842892539523e-05,5.108553382566696e-06,5.903112747194042e-05,2.9940312857872494e-05,4.743128627231996e-06,1.1770860074278545e-05,7.607630439325261e-05,3.253015337136356e-05,2.1928880912184097e-05,7.5173918089486356e-06,1.0456502972615493e-05,1.744769899568646e-05
GLYCOCAT-PWY,0.00010442729572490204,2.176096181140032e-05,3.857536882079648e-05,8.21704115567865e-05,5.416906820887395e-05,2.123955922619769e-05,5.03977797730723e-05,1.6837677128547025e-05,6.0700753776674824e-05,2.4884228393773973e-05,2.1242751975312457e-05,1.3320158262612343e-05,1.226300220065188e-05,5.887994034600833e-05,1.453868709887996e-05,2.938899031047018e-06,3.999290955101131e-05,1.9787686757548218e-05,1.5287902234965075e-05,2.1779714261072182e-05,7.649430385574271e-05,2.9102027136667744e-05,3.908462579902364e-05,2.547050575143441e-05,5.158746699423042e-05,3.1903558175642625e-05,4.023280295879199e-05,1.8890234628680905e-05,3.127700566728383e-05,3.7544094196296256e-05,6.192038551770406e-06,4.297918591670126e-06,1.8564024522998202e-05,5.281016480804401e-06,1.3808687845735958e-05,3.649001714487982e-05,2.6193703901588414e-06,5.080923890913715e-06,3.553951099309009e-05,3.64896843671585e-05,3.544274668088156e-06,1.2725143336125718e-05,1.218564737422475e-05,1.1565598447253196e-05,6.537433907669633e-05,9.347989908363646e-06,1.519817096507624e-05,1.5396031254109252e-05,3.986037234492467e-05,8.722472447218997e-06,4.587772667262587e-05,1.0826118732808674e-05,4.7603929507148136e-05,3.696759825731373e-05,1.6577252026212607e-05,4.5934384261850025e-05,1.5621669183834568e-05,1.0109239506378232e-05,3.964560140052045e-05,1.145839654887956e-05,3.985844166802038e-06,1.5264345944113957e-05,1.97717020890874e-05,1.4997367074325543e-05,4.1102855047170905e-05,1.966050806397703e-05,2.5788936250868325e-05,8.032592525275061e-05,3.7766005873703444e-05,4.735945817705742e-05,4.0646088129706505e-05,1.0949619624520656e-05,4.1246299138334964e-05,2.795043925473785e-05,7.615975388941883e-05,2.095902616746711e-05,2.657188693208292e-06,2.3823724347908784e-05,1.6722349377421765e-05
TRPSYN-PWY,8.51033801776527e-05,4.4214167664392434e-05,5.780291718442693e-05,0.00013429644598337244,9.441316824359861e-05,0.00013617790972616156,1.2724709455071385e-05,0.00013461648843358337,5.229528825977627e-05,9.73077251473574e-05,7.38444148456477e-05,4.7936220618071375e-05,4.2272410464753086e-05,1.5053730154373354e-05,2.553876374551702e-05,0.00011824484244024467,3.1676615800600304e-05,6.22754805208775e-05,2.3200547903544015e-05,0.00010161750571124968,3.382621498688514e-05,3.5136649037526025e-05,6.049603066320335e-05,7.485093085853773e-05,1.821745992310086e-05,3.601696675022895e-05,0.000141500455057566,6.24326679749199e-05,5.413181124298881e-05,1.4705205801390109e-05,5.107363266266151e-05,9.65399766608564e-05,6.876354865628066e-05,4.6632755075258635e-05,2.20463254276479e-05,8.105723646690497e-05,0.0001246430892167565,1.3270792279777217e-05,6.53641565363572e-05,1.8214815804069774e-05,4.2991054672428344e-05,2.393916489695549e-05,4.7156869895693504e-05,8.308994982491634e-05,1.4068594117642862e-05,2.630206281849379e-05,7.002204257042553e-05,5.583816517229508e-05,6.223860153139766e-05,4.7265749405112275e-05,8.95636438847512e-05,4.3870376002609336e-05,3.847614349145574e-05,4.013996171790963e-05,5.279626021049379e-05,5.6339899991346324e-05,8.234339354314787e-05,4.710120372905841e-05,5.537854936933731e-05,1.8614902139145232e-05,3.444695684466718e-05,4.959597407201194e-05,3.20457133934376e-05,6.199269544849699e-05,2.8101065453011213e-05,3.429974538012326e-05,4.125480020666452e-05,0.00015417810521189165,5.111943541795737e-05,7.189124218526181e-05,1.887946878456661e-05,2.217904623003208e-05,7.590065418019743e-05,0.00013435636388020738,2.444878835040673e-05,4.9327325682733715e-05,3.3033265826993e-05,3.4237435521202596e-05,1.1644693978123327e-05
THRESYN-PWY,0.00012572533308651581,3.198208260226731e-05,7.052507991193442e-05,0.00015053654362796306,0.00013729538575198757,0.0002372911118338063,6.0128281945300824e-05,0.00022258793771237552,6.188734254613288e-05,8.686262881477184e-05,7.545660571475107e-05,0.00011188856161112757,7.950201126630148e-05,5.716975193411858e-05,4.472970136824904e-05,4.02937033675542e-05,8.931212214312161e-05,8.533171057839894e-05,5.192978489014465e-05,0.00011288654300162292,7.061414403023022e-05,6.748918986794125e-05,6.396274467875682e-05,7.551075146588042e-05,7.271466408778493e-05,0.000126834886961031,0.00018475675058392672,7.302325461018001e-05,9.260001454224244e-05,5.5584947272199397e-05,4.091844674844084e-05,0.00014911336230222374,0.00017454235119576493,7.844631519690808e-05,6.708560312322173e-05,0.00012261060140965699,4.8430262109582284e-05,4.829656986842756e-05,0.00011329969697852582,8.593687440324738e-05,4.5136642647052554e-05,4.3240776556714155e-05,7.020035704504334e-05,8.369866266838529e-05,9.070811262029644e-05,1.928324198628371e-05,8.661286786978426e-05,6.178213806236574e-05,0.0001071530992636815,4.133500109058927e-05,0.00010149126785257852,7.068056890716955e-05,7.486374969568572e-05,8.780563128673438e-05,8.150760938666872e-05,9.19564019369779e-05,0.0001586300875744113,8.111402072438118e-05,7.469087133329873e-05,3.0232813403425342e-05,8.022716824091854e-05,0.00011816656073412902,7.891478539776558e-05,3.098282321358553e-05,8.288108974156338e-05,4.2413849832408847e-05,6.326588198323783e-05,0.00019421418633942426,7.366850873695908e-05,0.00016358974387597507,9.712515684178042e-05,4.682522642301511e-05,7.698579776626206e-05,0.00014023863155022943,5.67315707324045e-05,6.816628308118193e-05,4.183385654231228e-05,9.754447188646058e-05,0.00017377885374379333
DAPLYSINESYN-PWY,8.281549810135157e-05,3.0538271514483766e-05,1.2645984730620065e-05,0.00010998483157647296,0.0001691371952381433,0.0001946983002575061,1.486124375377253e-05,0.00018394398411330994,2.2815734334812915e-05,4.2312007621374205e-05,3.238163800888547e-05,4.9638674392545193e-05,1.92913479197237e-05,1.6123952931003767e-05,8.942759035844301e-06,5.7766878966710375e-06,1.1298027285143753e-05,1.1342610720566267e-05,2.276824234436817e-05,2.0323800052478316e-05,7.618766696999315e-06,1.789382630575161e-05,5.6692796091805344e-05,4.809650745071861e-05,1.4505861633247286e-05,4.34683375633301e-05,0.00010253864745126646,1.0375231050582788e-05,2.8674342683740224e-05,2.8694951751997536e-05,1.1606699157272362e-05,5.84402468561092e-05,8.711569634207207e-05,3.182681921148186e-05,1.7830411484198647e-05,8.46913993125161e-05,1.2034237106111523e-05,1.0320312855339477e-05,5.339162057584113e-05,9.718405464460619e-06,3.241556663604906e-05,1.2553936890321232e-05,2.5155716089642602e-05,1.6244900763771337e-05,1.358929275004073e-05,6.591681075773605e-06,1.9897596627296107e-05,1.5222462091013648e-05,2.5990246967753804e-05,3.4203727353135604e-05,4.043694351139828e-05,4.47236442927178e-05,2.213251818980283e-05,1.858962227237185e-05,4.612514009175572e-05,1.4742827522917395e-05,5.4767260102842347e-05,3.4383371449947365e-05,1.453565038951475e-05,1.0246444961776017e-05,8.201277266836154e-06,6.35252207428118e-05,1.9343009764803574e-05,1.728215046905523e-05,2.9577138506752767e-05,2.3815349203373657e-05,3.1624794696306246e-05,0.00020138229092484599,1.5867596583818197e-05,0.00011366750472241628,3.749047929002616e-05,1.0388549501355174e-05,2.5497915561158074e-05,0.00015610019712508196,1.235590690992096e-05,1.0005872055622897e-05,1.3813573199317473e-05,1.7747930004236658e-05,4.388470647823463e-05
PWY-2942,9.835594114258966e-05,5.9957257542721106e-05,8.196730545589635e-05,0.00017303086453081292,5.7671601639932905e-05,0.00012398630318715307,5.0679358672198794e-05,0.0001180218685525628,7.721017953344646e-05,6.320871038730067e-05,9.917937580211217e-05,0.00010895839311153972,7.848517900397898e-05,0.00010406217000176403,6.670854275582787e-05,0.0001072655361433587,9.950319816880024e-05,9.170131251203697e-05,9.368873882949235e-05,0.00010862094781774038,8.047295155897738e-05,7.995022296376666e-05,5.2198479069375354e-05,7.974909445743525e-05,7.889027810705821e-05,0.00011411553487313962,0.00011788046201223857,9.124405169229652e-05,0.00010529783481585909,5.7042023529492753e-05,2.1959583995215174e-05,8.503687988232907e-05,0.00011485076077766259,3.926280824166582e-05,6.731684106188376e-05,0.00010071120961252175,0.00013593037575676615,6.261932483543823e-05,7.185417244584941e-05,0.00011975631542328963,8.662198061874371e-05,6.92895564655341e-05,9.496412216989326e-05,9.612800371751632e-05,6.137643085144719e-05,7.748955781091392e-05,9.782288280180873e-05,8.198085614331097e-05,9.892515664967663e-05,0.00011418123999020445,8.875025062949336e-05,7.275817903557648e-05,7.471372495794112e-05,7.588441667712512e-05,7.493275562162406e-05,0.00010828167956361823,9.765813580802693e-05,5.520408008057798e-05,8.354790632555469e-05,6.496813122531645e-05,3.969266882831252e-05,8.28583631575955e-05,6.360241419946454e-05,9.522453620244111e-05,0.0001107737507347153,0.00010459641543234107,7.216241096762146e-05,0.00012405163727788096,4.418204309298335e-05,0.00010874680755899273,8.276885050975619e-05,7.262320467552178e-05,0.0001004334886751987,0.00014383114042491548,7.919670354971698e-05,7.436182620799801e-05,2.9529848237352934e-05,5.1049873813643525e-05,0.0001227627459445477
PWY-5097,0.00013971261122498846,6.192792055744003e-05,0.00011026067188522747,0.00018878115365975398,0.0001574852539496746,0.00018130687803050987,0.00011540644435626786,0.00017083840374244104,9.706651416066144e-05,7.769894742056431e-05,0.00011699066970394335,0.00011704530962107433,7.957367490426635e-05,0.00012927358563017771,7.449660391987992e-05,0.00012689384898737218,0.0001616955101478927,8.880286744972233e-05,0.00012076838275550097,0.00012384856506908012,8.172657274542401e-05,8.900011483925578e-05,0.00011052353358961006,7.666562531606017e-05,0.0001043889667085717,0.00015690772651050892,0.00014253656038838036,8.948375209944469e-05,0.00010332873677967293,8.983527486983438e-05,9.032863523499554e-05,0.00013320930258209837,0.00016458429051072177,8.216110542399011e-05,8.239427087977277e-05,0.00010636042475867365,0.00023591932994414185,0.00013632175570708167,9.740790347861787e-05,0.00011733881351670315,0.00012833026302492529,9.142993124407759e-05,0.00010145884969338624,0.00012374930416391883,9.59506856115685e-05,9.646135976997414e-05,0.00012178227223514166,0.00012924658214671144,0.00012314354726774545,9.377228348474041e-05,0.00010790827882960525,8.14448188395834e-05,9.765876072199991e-05,9.787221082871339e-05,0.00011385125403133251,0.00012124444799907736,0.00014933520697924603,7.574680978098824e-05,9.545069602932394e-05,6.220540953863672e-05,4.8088187031885684e-05,0.00011727237471723556,9.727260405077603e-05,9.369605341283955e-05,0.00011263246035186695,0.00014454655074502362,9.273874586836782e-05,0.000201369091473161,9.852735388910956e-05,0.00014544453456736083,8.022352749453505e-05,8.201432086434691e-05,9.90286891308505e-05,0.00018680386921846062,9.188519954872801e-05,0.00013227636026248374,5.623376820366696e-05,0.00011276713634004513,0.00013387491508685186
PWY-724,0.00011738406957874077,4.843137472514484e-05,7.562909292543712e-05,0.00016455105156456615,0.0001244282061691252,0.00018007073599923877,7.5331065496144e-05,0.0001621688090514006,7.05436715338428e-05,6.146412378292425e-05,9.049826152476198e-05,0.00010690523067895307,8.064681456505359e-05,7.641562523742465e-05,5.462304944174968e-05,5.2363163939067196e-05,0.00012597048312592307,7.903023323405399e-05,7.117437658424502e-05,0.00010381740642859572,7.408832091393795e-05,7.095605537972879e-05,7.694445346311165e-05,7.054037167960234e-05,9.075425427708099e-05,0.00014670974498718275,0.0001223549725430178,6.960757112809366e-05,9.990930505777365e-05,7.161042831599611e-05,1.7276807144108273e-05,8.07601484518857e-05,0.000140230240811831,3.3475081435742936e-05,6.879703537459846e-05,0.00010339682148981565,6.029764722170154e-05,6.555192039018499e-05,7.85378123912372e-05,9.344986824428969e-05,5.2228303881480514e-05,5.060686975527731e-05,8.358149863871734e-05,0.00010083432176883517,7.713950369833877e-05,2.6354157470859976e-05,0.00010022145470775923,8.750454112575978e-05,0.00010600842834453034,5.289283939331785e-05,8.51254273777309e-05,6.635923216541641e-05,8.74452180246861e-05,6.855286009197993e-05,9.322316571452024e-05,0.00010373071686750021,9.424623615605507e-05,6.45571694100271e-05,7.502027198167854e-05,3.765784967800156e-05,4.7414234444246145e-05,0.00011583195689398032,7.820790965433969e-05,5.857887182012898e-05,8.323087586247715e-05,7.684088169344581e-05,7.264532315976763e-05,0.0001758104670572351,6.639264479974147e-05,0.0001422593688094415,7.544197850846528e-05,5.270778768260146e-05,7.863127123783163e-05,0.00014636929053965636,6.264925681010518e-05,9.505174810389403e-05,2.534995589154592e-05,7.934061895245865e-05,0.0001417552993475548
PWY-5686,0.00015425846060556367,0.00010961482226884871,0.00014339252227676545,0.0001404623010793282,0.00012847086255343213,0.00019615160911269937,0.0001554430972461318,0.00015782202644657026,0.00011657856378452191,0.00011366272878946447,0.00012770148011811286,0.00011030766101021949,0.00013179633745274752,0.00014454369621089437,0.00012700239011680168,0.0001778928556923055,0.0001884775726228357,0.00012667863754265744,0.00016471625581812002,0.00018613634799555316,0.00010366234370887358,0.0001288169065967681,0.00014361622246959768,0.00010448708672904549,0.00015043417867383556,0.00015826978791234068,0.00012500298346921504,0.0001304797014098792,0.0001528075370681316,0.00011837532418180486,0.00010596935349794797,9.629813334872237e-05,0.00010901977672268967,8.986574169113691e-05,0.00010645101173296398,0.00010683772775480879,0.00020156292936468627,0.00015082135661637164,0.000102461723934513,0.00017421888002909828,0.00016908911506654853,0.00011851479566053931,0.00016360876493052507,0.00017918869268920528,0.00014506968186753802,0.00012108546798666343,0.00015440700806865977,0.00012875497236028378,0.00012131510427313727,0.0001934613620579281,0.000126666889837892,9.303196341724462e-05,0.00010870511346532432,0.0001448068320377173,0.00015619726624031976,0.00011140954750359631,0.0001699893324404321,9.697982611210833e-05,9.434588151643139e-05,8.506699153476545e-05,0.00011896511341988638,0.00011643934344492693,0.00012735910077338436,0.00012668080275324682,0.00015071399558256747,0.0001947900047016236,0.00012353278248477195,0.00015785695118715614,0.00013256383170478828,0.0001561200000892524,0.00011708179771815247,0.00013092977854831667,0.00014611428765854662,0.00017055508428056752,0.00012079006500637297,0.0001717920160984622,0.00014125384208334366,0.00013834841908948577,0.000269422472611064
PWY-7211,9.923825026366344e-05,6.965663354331961e-05,2.6429243094278045e-05,0.00012113080991938685,0.00012415698532703827,0.00015005012006600942,5.0504713552362125e-05,0.00013908432933938577,2.333582529748757e-05,3.3890067043185086e-05,6.104019625929775e-05,8.04127868914331e-05,3.125250627538333e-05,5.2231654523734516e-05,5.056287554386792e-05,4.361965310858743e-05,1.9730688749441827e-05,2.7517784768151712e-05,7.303145075059654e-05,9.365229517906254e-05,2.5291520754602155e-05,5.324457471567032e-05,6.486974832067124e-05,8.993040279443156e-05,6.10319093946165e-05,9.366306880266196e-05,0.00011852447222188771,2.7540957109541274e-05,4.2401344703797355e-05,2.3802846300660875e-05,2.197695810575964e-05,9.114001668464729e-05,9.739819989072832e-05,5.269339950767971e-05,5.0617030216890866e-05,9.514018794447857e-05,4.1891274179889664e-05,3.318676277269404e-05,5.704702771695846e-05,2.491066485115858e-05,2.0904163061943947e-05,6.122314737190466e-05,4.637675866716251e-05,5.1668300309994477e-05,2.764888957453863e-05,2.70273854223434e-05,5.972369733921866e-05,4.775842488541193e-05,7.292999583587309e-05,7.23127419569697e-05,3.2104568458901414e-05,4.67127625952814e-05,2.9108594290619415e-05,6.744939059016175e-05,7.399824074200534e-05,5.9383268614083623e-05,5.482327343167216e-05,5.0252786638687e-05,5.1914999309114006e-05,2.94846030755374e-05,1.714016729353964e-05,5.604684499201808e-05,3.0040009899611984e-05,7.462768515652914e-05,3.607115406080349e-05,6.614999676105394e-05,4.728060705565762e-05,0.00014895883342206647,3.053234648792069e-05,6.419461586665439e-05,6.23580488501374e-05,4.113796717029097e-05,7.54930629720025e-05,3.20314755712785e-05,3.108733667792764e-05,3.3070143517255744e-05,3.289887326952045e-05,4.82126611470213e-05,6.928443609203386e-05
PWY-7790,0.00015425846060556367,0.00010961482226884871,0.00014339252227676545,0.0001404623010793282,0.00012359912946995004,0.00019615160911269937,0.0001554430972461318,0.00015782202644657026,0.00011657856378452191,0.00011366272878946447,0.00012770148011811286,0.00011030766101021949,0.00013179633745274752,0.00014454369621089437,0.00012700239011680168,0.0001778928556923055,0.0001884775726228357,0.00012667863754265744,0.00016471625581812002,0.00018613634799555316,0.00010366234370887358,0.0001288169065967681,0.00014361622246959768,0.00010448708672904549,0.00015043417867383556,0.00015826978791234068,0.0001106811174998054,0.0001304797014098792,0.0001528075370681316,0.00011837532418180486,0.00010596935349794797,9.629813334872237e-05,0.00010901977672268967,8.986574169113691e-05,0.00010645101173296398,0.00010683772775480879,0.00020156292936468627,0.00015082135661637164,0.000102461723934513,0.00017421888002909828,0.00016908911506654853,0.00011851479566053931,0.00016360876493052507,0.00017918869268920528,0.00014506968186753802,0.00012108546798666343,0.00015440700806865977,0.00012875497236028378,0.00012131510427313727,0.0001934613620579281,0.000126666889837892,9.303196341724462e-05,0.00010870511346532432,0.0001448068320377173,0.00015619726624031976,0.00011140954750359631,0.0001699893324404321,9.697982611210833e-05,9.434588151643139e-05,8.506699153476545e-05,0.00011896511341988638,0.00011643934344492693,0.00012735910077338436,0.0001266078530590636,0.00015071399558256747,0.0001947900047016236,0.00012353278248477195,0.00012201910428526173,0.00013256383170478828,0.0001561200000892524,0.00011708179771815247,0.00013092977854831667,0.00014611428765854662,0.00017055508428056752,0.00012079006500637297,0.0001717920160984622,0.00014125384208334366,0.00013834841908948577,0.000269422472611064
PWY-7791,0.00015425846060556367,0.00010961482226884871,0.00014339252227676545,0.0001404623010793282,0.00010987867888447691,0.00019615160911269937,0.0001554430972461318,0.00015782202644657026,0.00011657856378452191,0.00011366272878946447,0.00012770148011811286,0.00011030766101021949,0.00013179633745274752,0.00014454369621089437,0.00012700239011680168,0.0001778928556923055,0.0001884775726228357,0.00012667863754265744,0.00016471625581812002,0.00018613634799555316,0.00010366234370887358,0.0001288169065967681,0.00014361622246959768,0.00010448708672904549,0.00015043417867383556,0.00015826978791234068,0.0001106811174998054,0.0001304797014098792,0.0001528075370681316,0.00011837532418180486,0.00010596935349794797,9.629813334872237e-05,0.00010901977672268967,9.573079762791015e-05,0.00010645101173296398,0.00010683772775480879,0.00020156292936468627,0.00015082135661637164,0.000102461723934513,0.00017421888002909828,0.00016908911506654853,0.00011851479566053931,0.00016360876493052507,0.00017918869268920528,0.00014506968186753802,0.00012108546798666343,0.00015440700806865977,0.00012875497236028378,0.00012131510427313727,0.0001934613620579281,0.000126666889837892,9.303196341724462e-05,0.00010870511346532432,0.0001448068320377173,0.00015619726624031976,0.00011140954750359631,0.0001699893324404321,9.697982611210833e-05,9.434588151643139e-05,8.506699153476545e-05,0.00011896511341988638,0.00011643934344492693,0.00012735910077338436,0.0001266078530590636,0.00015071399558256747,0.0001947900047016236,0.00012353278248477195,0.00012201910428526173,0.00013256383170478828,0.0001561200000892524,0.00011708179771815247,0.00013092977854831667,0.00014611428765854662,0.00017055508428056752,0.00012079006500637297,0.0001717920160984622,0.00014125384208334366,0.00013834841908948577,0.000269422472611064
PWY0-162,0.00013633898756860646,8.435576058588812e-05,0.00010969205167780833,0.00013501290099195436,0.0001269761446860285,0.00018352385815591178,7.59436931700147e-05,0.00014804026113438915,4.679789217035055e-05,6.370135829455207e-05,0.00011094906643677982,8.873898022173373e-05,7.112995364756709e-05,8.468366608886762e-05,8.16376344802329e-05,9.693752942037348e-05,0.0001580527884221214,8.36838058212844e-05,0.00010861229829084718,0.00011945837753004631,5.704481464717743e-05,8.403021774174687e-05,0.00011936002174358998,0.00011441446805810105,8.75318640652792e-05,0.0001258337582632515,0.00011760337588608378,9.613478411988217e-05,0.00011900933389333324,8.639064431134574e-05,3.785676540809302e-05,9.686956457820355e-05,0.00011278436962938782,8.87591122674492e-05,8.891890155408447e-05,9.790897457415037e-05,9.257036929660518e-05,0.00010969241693946095,7.67266772381925e-05,3.702674138350573e-05,7.01477879271128e-05,0.00010640835639018212,0.00011391934682452554,0.00011030941175494179,5.406342844376078e-05,7.033008357472577e-05,8.987074458849216e-05,8.168442320020635e-05,8.798108146679019e-05,9.444378496298814e-05,4.7048880410589045e-05,5.9676774062885684e-05,5.004249644538905e-05,0.0001094991468660706,0.00011638988867852664,7.845557590438785e-05,0.0001081405499072774,6.363349792690237e-05,8.994557823113984e-05,5.5163173483687357e-05,4.5019662308282345e-05,0.00011302603322241218,4.93498503319921e-05,0.00012687319335499746,6.606288469260159e-05,0.00017516808769169593,6.502867141568735e-05,0.00016159147910846603,8.461254952122823e-05,0.00014102949267255272,8.020456820100039e-05,7.705721278879858e-05,0.00010820154622485894,0.00013885502889479642,5.292700233487151e-05,0.00010049732338136712,7.135849303560386e-05,0.00011224164691934886,0.0002158429072880913
HISTSYN-PWY,0.00011181387160083497,2.5668828625759522e-05,4.1362307376976446e-05,0.00013069904313920617,0.00011278435111015471,0.0001559918922906229,0.00010613914526572169,0.0001385776608767555,9.992362418051958e-05,4.928398652598619e-05,7.08831598449033e-05,7.998711036690037e-05,8.445353090320363e-05,8.099103714543363e-05,7.108194337247364e-05,0.00011529868581821456,0.00014203122950507834,7.611112724554718e-05,9.769043921786314e-05,0.00011085311751127769,8.435381576269132e-05,4.8010169596121634e-05,7.125861035452722e-05,0.00010087821628293547,0.00011036092221360242,0.00012725342511644687,9.646430876928204e-05,8.124905959539963e-05,0.00010873030626564685,3.9021623758511305e-05,5.653813974311753e-05,9.765775289554562e-05,8.817965254170724e-05,6.4818668689612e-05,6.449501417180865e-05,8.81643192456142e-05,0.00013504316441883724,0.00010514728758511375,8.485330603395558e-05,8.8734820964879e-05,9.059415656580323e-05,4.76402799525382e-05,7.748655772976055e-05,0.00012154341897910666,0.00010404321513592004,7.757312764230978e-05,0.00011559762610808209,8.196335915187222e-05,0.00011253938133731539,3.1620630990866774e-05,9.770523828796977e-05,6.908607069502726e-05,7.913214819025832e-05,8.570266092574549e-05,9.13229634215399e-05,9.697161090648354e-05,0.00012011294543187877,7.737732260420689e-05,7.856051010921051e-05,3.645589443898848e-05,9.960685208676853e-05,0.00010060324573359952,7.448032952056199e-05,5.12198510970116e-05,9.801142588579654e-05,5.5495037578068115e-05,6.624132355453178e-05,0.00013739585457936147,7.29998205626468e-05,0.0001519795055711529,0.00011822471417562074,5.56874681700274e-05,6.782458769655271e-05,0.00010244271220826196,0.00012189819003337558,0.00013157982896254669,5.721690661335471e-05,6.647569638446077e-05,0.00019442021673342035
GLUCUROCAT-PWY,4.071062751104873e-05,2.9563789121850317e-05,1.9029427032842647e-05,0.0001632829680714173,0.00013164232094597014,3.197302988985756e-05,5.9902307433633804e-05,3.485122784229018e-05,8.225263937527333e-05,5.811830250625857e-05,3.8191543721604186e-05,6.490532840747196e-05,5.4219075849848094e-05,2.0255166070582753e-05,1.251876308299406e-05,3.1816746397665864e-05,2.1754175828316542e-05,2.4838027560858894e-05,3.308988069665099e-05,6.78829700172855e-05,2.5390146003443587e-05,4.0340732694429024e-05,3.99278944642854e-05,3.48483882603655e-05,4.254461843952277e-05,6.618207981723981e-05,7.710928264407417e-05,3.488065880892089e-05,9.545147975503638e-05,2.608730935474891e-05,1.9293042049052655e-05,7.753839699485416e-05,9.55401882981631e-05,4.226452011034212e-05,5.502828516064525e-05,5.3620870548635286e-05,2.997007412976345e-05,5.836565391066704e-05,2.0618032725601778e-05,5.365026944315225e-05,9.548300696759598e-05,2.4208216738121712e-05,2.9900008145218297e-05,4.8066614979001646e-05,9.026992812854616e-05,6.379336381642712e-05,8.311937344479247e-05,4.2304286331311024e-05,0.00010343024016710419,2.0641885340035185e-05,5.77482980659162e-05,3.388018653444177e-05,7.459312402471284e-05,8.321886520975026e-05,2.3120153961030972e-05,6.501610915694748e-05,9.060401858742773e-05,2.0889099901419134e-05,6.527441770893989e-05,1.5210482463941086e-05,3.9742711549539924e-05,3.3992481087097015e-05,4.2591513881671115e-05,2.4995187791306384e-05,4.2190334354688285e-05,1.8044626815021893e-05,4.3059626266839564e-05,0.0001220850808826057,7.50430422052108e-05,6.973714506174892e-05,7.648540032860673e-05,2.7099717941173806e-05,1.665068979813001e-05,7.538429016496436e-05,0.00010088650664124713,6.12456987066127e-05,2.25118365760505e-05,3.2880126402715636e-05,2.2498526196277486e-05
COBALSYN-PWY,4.0365215437656203e-05,1.9646934943826048e-05,1.5599566107527142e-05,7.713345471214814e-05,0.00011198795928587301,9.411041103650689e-05,6.608754736947709e-05,0.00010078627193068028,3.292428200585492e-05,2.8407914547420973e-05,2.9225418251216456e-05,1.8830158752221168e-05,7.717265183035063e-05,6.525836277447751e-05,1.5001290777946593e-05,2.083239655999377e-05,1.8329038748611958e-05,1.307548137291269e-05,2.735594174122376e-05,2.8360896999340825e-05,1.9080365118425525e-05,2.1479901956340432e-05,1.6810802247595368e-05,2.6921759965036988e-05,2.19901100231911e-05,5.5670073954843965e-05,3.895611908455343e-05,1.0615359513707359e-05,3.9812896973783915e-05,1.4389792535089306e-05,1.0369980099268795e-05,3.432968644205218e-05,5.684063262810581e-05,1.6526000044059947e-05,3.2309738268284503e-05,5.349738767720132e-05,8.926843032756506e-06,4.2113606469860105e-05,1.6151556974940285e-05,3.053279861948671e-05,9.324734741471605e-06,1.5312270791432336e-05,1.3284978339285451e-05,3.1841589205301955e-05,4.648732372079769e-05,1.197371900305262e-05,3.498637175712445e-05,5.3237153777370685e-05,2.2503008431900514e-05,9.567585605062028e-06,3.142650954591505e-05,3.884343234230782e-05,2.6098139514837173e-05,3.448585510201952e-05,1.332373787223465e-05,1.9819911791753876e-05,1.654933683639545e-05,2.3636518136071654e-05,2.380905137265283e-05,1.563314855697904e-05,3.234147146103348e-05,3.701328195532736e-05,1.1983372636270755e-05,1.8808876590474806e-05,3.24859387307793e-05,2.45205645455655e-05,1.2086626474895608e-05,9.387309755807964e-05,2.2956808499769055e-05,3.053709128483155e-05,3.288608023638269e-05,1.482263835044221e-05,3.55892674110819e-05,7.532065089536897e-05,6.317497918500584e-05,5.0617798123403095e-05,1.535209026070205e-05,2.9114287760847028e-05,0.00011437240833792511
PWY-5667,0.000121397063534818,6.137414301073719e-05,5.8721093211935155e-05,0.00016375489854614407,0.00013897278714978278,0.00012957152474484101,0.00010823395533370969,0.00015674979101978247,0.00010224975514861934,7.436879117015367e-05,8.414098125804845e-05,0.00011533371706582346,8.383674127213709e-05,0.00011670503466361921,8.405452354922508e-05,4.223618177665564e-05,0.0001376995870858058,6.856111600710579e-05,0.000103281514170075,0.00011073644008850999,8.174380170925167e-05,7.98851221671165e-05,9.155815577459417e-05,0.00011013543980938295,0.00013650180848249422,0.00010784161229418001,0.00012200817661826979,8.301032090489367e-05,7.355888555140518e-05,9.774700821073374e-05,2.9114648762441988e-05,0.00012917314165679069,0.00011298782021907443,8.098846693517853e-05,0.00010474042394857468,0.00013632589373601433,7.287580916829415e-05,9.328509140841587e-05,9.518166696076096e-05,0.00014637742974776585,1.8083510730737337e-05,4.968483735080471e-05,0.00011030793818056875,8.464629693490484e-05,0.00012533558563186873,2.515781842962256e-05,9.159546016460762e-05,9.662867005319043e-05,8.242569059309855e-05,0.00015383012991764997,8.876344147917978e-05,6.603776774359524e-05,8.608974269034212e-05,8.869549016178952e-05,4.04845832886119e-05,9.769460283810316e-05,0.00013679027614006974,4.640467203132164e-05,5.854448169462479e-05,2.380935598993139e-05,8.844167740164437e-05,9.173910167287613e-05,9.707139088341521e-05,0.00010699036358756793,6.833894886558862e-05,8.357281362250896e-05,8.284523263788602e-05,0.00015881488880394563,7.670773614117822e-05,0.0001350097587966227,9.476872116478312e-05,6.058998142427338e-05,7.49404801446795e-05,0.00010692950709576842,8.375941287926831e-05,0.00010151220417410177,3.5189010552640926e-05,8.608113706581141e-05,2.5852713064687696e-05
PWY4FS-8,1.5893428957705902e-05,2.3585036193647335e-05,2.256924985209567e-05,8.16836251147787e-05,0.00013251557722726828,0.00013875119273607474,4.5684882937080143e-05,0.00015443189840163362,7.705763364329256e-05,4.024829146269628e-05,2.8654718213221948e-05,7.677512268772491e-05,2.6031085245917146e-05,8.443346204718515e-05,2.4252575743648975e-05,2.2337788918492365e-05,2.135435375866614e-05,4.257824951485139e-05,2.5358903657120182e-05,4.554378804569988e-05,2.1656696049764237e-05,1.6099283104485367e-05,2.280478045709692e-05,3.6456852399808464e-05,4.983386482635662e-05,2.380548287870759e-05,3.666871806884188e-05,5.061944792813952e-05,2.738452119373567e-05,2.3592661777948552e-05,2.4493232186549525e-05,2.1882195242332482e-05,8.767941695350872e-05,1.7966074838618606e-05,4.695647424253461e-05,7.126198204863517e-05,2.231670971403542e-05,3.4251805815032764e-05,2.5137815614766033e-05,3.215827067979263e-05,1.7075866682868012e-05,2.547604444040029e-05,4.7834490277557745e-05,2.2725407421808096e-05,3.0702621020866905e-05,1.4372817096956574e-05,1.5513072134127314e-05,2.9853701926268927e-05,4.3515567569920945e-05,6.352846409381633e-05,3.0446915450592047e-05,4.302204832226138e-05,3.065939101726205e-05,3.226410285187875e-05,2.109229128955318e-05,3.6595667248633995e-05,1.4418670955339724e-05,3.177315966360318e-05,2.9557474675000005e-05,1.6351582572412027e-05,2.052095939799014e-05,5.98032423029468e-05,5.294399782434549e-05,2.6667209027507038e-05,4.1728432011206774e-05,2.421139691250441e-05,2.2333714968258047e-05,0.0001279314680141173,5.0220952092001474e-05,8.746764493998067e-05,5.29370971775356e-05,2.4309596599049497e-05,2.3114166375225513e-05,7.748600010179688e-05,3.746504342479592e-05,1.6618226390160845e-05,1.6914233288402906e-05,3.1776088372014264e-05,2.8029983317780064e-05
PWY-7196,7.728210456187474e-05,6.637812118035558e-05,1.743192905695607e-05,0.0001054768689647476,0.00010800129838973325,0.00011051174752658779,4.5477849115770424e-05,0.00012236515188454496,1.7059114765703197e-05,3.7493322961174665e-05,3.825113332778106e-05,6.360568031314096e-05,4.5030087854189914e-05,5.282726332485052e-05,5.404328920952724e-05,3.543427357891338e-05,1.2442992724564747e-05,5.354984816909614e-05,7.401585158766137e-05,5.5999528612090465e-05,1.7894633456265024e-05,5.551771955907099e-05,4.536138888199939e-05,0.00012052298188002781,4.716969978773213e-05,7.562489618497503e-05,0.00010404892495785249,6.744402396967931e-05,8.28177364581446e-05,1.6327183458380426e-05,2.1027450037813063e-05,9.126695664595308e-05,9.257355366506698e-05,3.817446396674771e-05,6.918073739833629e-05,8.313076102403207e-05,5.150874899862617e-05,7.440033823323774e-05,5.2029989598432767e-05,1.8722702290018784e-05,4.0475272066384065e-05,7.519482546288942e-05,6.98820253253726e-05,3.717704660476285e-05,3.096646653542363e-05,4.6193416355606984e-05,4.768976145988676e-05,3.692750945207098e-05,5.943484647999839e-05,5.920599243771297e-05,2.5789646507658115e-05,3.559345896541369e-05,2.160363828165371e-05,6.397421743759897e-05,5.297734635389816e-05,5.490437238630904e-05,6.908598565988639e-05,4.2124007522040586e-05,7.773392410243299e-05,2.123312456608941e-05,1.182939023305968e-05,9.708340738315521e-05,2.285651276376915e-05,5.97150217737878e-05,3.6276049699364486e-05,4.8476294384131135e-05,3.7840616972229115e-05,0.00013649300696993733,2.1197221929728416e-05,4.450198914964394e-05,5.074913168315676e-05,3.292409943970121e-05,7.602193072200176e-05,2.1096352899413294e-05,2.1712432762111985e-05,6.465674041891003e-05,4.34880164968067e-05,8.285073820704669e-05,8.926181808168349e-05
PWY-6545,6.204312768668372e-05,5.560872951649937e-05,1.672886609703148e-05,4.968522710561276e-05,7.690322278840039e-05,2.466322728377744e-05,3.983441023468616e-05,3.6229498199561034e-05,1.6056498150980827e-05,3.1316345121456976e-05,4.0667848321852633e-05,6.419991534923106e-05,3.9879217339745826e-05,5.654654500297475e-05,3.725311652353327e-05,2.903256428710797e-05,1.1853153960200554e-05,3.2590147068586975e-05,6.39932657038459e-05,6.456552438011305e-05,1.739717350119902e-05,2.5959227549578094e-05,4.109346212300952e-05,9.578743062978325e-05,4.474839856185805e-05,2.9936845410371485e-05,6.315173145724947e-05,4.569072656366518e-05,5.570105467053202e-05,1.527101505958049e-05,1.8401524404935656e-05,5.733596605177916e-05,4.491939116070329e-05,5.3956276504788104e-05,6.596274098386788e-05,5.4776421955182626e-05,4.032699668038868e-05,6.696769035580658e-05,4.2246652937835664e-05,1.7113110801294142e-05,2.9250468613879247e-05,6.943330380024082e-05,7.156079689630842e-05,3.4107656445413236e-05,2.7068516760242046e-05,3.264463680759202e-05,4.2963696930403065e-05,3.2981683522582963e-05,2.290999881324991e-05,4.1072576610277885e-05,2.2258642190816854e-05,3.3580058464082215e-05,2.041289934164254e-05,3.414812758479959e-05,5.344175465909103e-05,4.2972743021076796e-05,6.582695398483194e-05,3.8313699468533594e-05,5.5467569712975624e-05,2.0658685741388164e-05,1.1385659108735215e-05,8.590178340574653e-05,2.11757432426701e-05,3.0644246409136686e-05,1.3961257768709298e-05,3.9178350737578077e-05,3.266556437055151e-05,9.521422377954118e-05,1.933713142233811e-05,4.212230226257112e-05,1.1828801194230423e-05,2.8838055370323883e-05,5.5990565368142735e-05,1.7534778930262334e-05,1.0583578410523095e-05,5.909571607764744e-05,3.832803250804256e-05,6.926545812510814e-05,0.0001344115537567468
PWY-7184,8.206770485380927e-05,5.9850908384097805e-05,1.689523303951882e-05,0.0001449975204352606,0.00012813586167484533,0.00013304996595075248,4.350311903980556e-05,0.00014884447091812576,1.6173563807159843e-05,3.850443142079452e-05,4.5128776911075e-05,7.31783202228697e-05,4.4136412682504427e-05,6.232413320889081e-05,5.028493861159465e-05,2.9143063887601615e-05,1.2110906034145649e-05,5.6588832358761744e-05,7.079367257021419e-05,8.331341924863457e-05,1.74544898433352e-05,5.8837718667813566e-05,4.812103048288804e-05,0.0001732944035472495,4.674667292361576e-05,7.639859326763514e-05,0.00013504082152584898,7.203674019373001e-05,7.97769819606847e-05,1.5419353024965447e-05,1.692847765333508e-05,0.00011522432811777365,0.00011739283840548752,0.00011723573381033662,6.947541993686533e-05,9.962103170928408e-05,3.8055632794299627e-05,8.320339361789911e-05,5.959759174871677e-05,1.8146340499870716e-05,1.3007452849382172e-05,8.110939635960125e-05,7.698005633067458e-05,3.5831895037550134e-05,2.9540303015278937e-05,3.095329371749577e-05,4.4801130187726634e-05,3.481924567795574e-05,7.226886164733906e-05,5.857173634644481e-05,2.576211241226384e-05,3.793565715631644e-05,2.1075280372156072e-05,8.100544655864067e-05,5.633021244119391e-05,5.3761936465473224e-05,7.169520173286225e-05,4.2344789733220916e-05,7.45194328098506e-05,2.1258955597460518e-05,1.1386477866080303e-05,9.561975718495479e-05,2.1727807459509585e-05,5.711975600195409e-05,3.7531581893226505e-05,4.48866953559845e-05,3.6458469345612345e-05,0.00017562811929637442,2.0455656484295554e-05,4.562730222200545e-05,5.105565955436602e-05,2.8857770729079775e-05,6.860171121020285e-05,2.056167707827591e-05,2.2472781547574292e-05,4.5936461468114225e-05,4.002024754677089e-05,8.367282980235135e-05,0.00013112904718646883
PWY-7198,4.30260274827866e-05,2.897338375012314e-05,3.888170313245456e-06,3.8814474472331445e-05,6.93164794658081e-05,1.897957469903741e-05,6.778521057093707e-06,1.4756528517006893e-05,7.194684698440445e-06,9.081557662988246e-06,3.180985078411449e-06,9.346262835412545e-06,7.585846226266867e-06,3.2018494280860714e-06,3.252472150803053e-05,5.230584828721399e-06,9.771344099120639e-06,6.796911497135515e-06,4.286641292841867e-06,4.316918809598417e-06,6.810436615341709e-06,5.589494047706925e-06,1.8026979743605967e-05,4.587083531662014e-06,3.31851223220071e-06,2.1902487768663175e-06,8.323183418182282e-06,1.6413191231491156e-06,8.159729062737557e-06,5.200792663186638e-06,4.595420688348533e-06,6.887557859521309e-06,7.400395344255925e-06,7.648961642326642e-06,1.4779552373946068e-05,9.050674439747295e-06,1.0332805174266713e-05,9.328182521156988e-06,2.9209260348954778e-05,7.042315025717464e-06,4.5678068877666646e-06,4.948783824949026e-06,7.438635899669991e-06,8.162525093748233e-06,5.4857916667268425e-06,8.018955748811814e-06,5.7872960448686375e-06,6.900327676836021e-06,1.5174948738915889e-05,3.407751690351745e-05,4.601226085249066e-06,1.61949655312353e-05,7.515328202971404e-06,4.284070776753235e-06,8.872497117619258e-06,6.889593784220399e-06,4.166824232548656e-06,1.6663796842903753e-05,5.844231633715428e-06,7.782314086558966e-06,9.904167857318435e-06,6.185896539494148e-06,4.734283068078216e-06,2.849408832319046e-05,8.18880638490945e-06,6.2277493956509595e-06,9.602924600898486e-06,8.53053011631398e-05,3.172482304125757e-06,9.482218940201265e-06,6.812904776482016e-06,6.686318698995179e-06,1.613342293848071e-06,8.887778709402709e-06,4.275950932920193e-06,1.0652137342280182e-05,7.80884665693065e-06,8.585967368396428e-06,3.5082970986917613e-05
PWY-7210,4.62336938501315e-05,3.2137689530104666e-05,4.607279748341174e-06,4.736234796714828e-05,7.862725170411945e-05,2.395911699692054e-05,8.389802335966221e-06,1.8995080685322325e-05,7.772365293607027e-06,1.0994930719845976e-05,4.0867683153886e-06,1.1756053092388086e-05,9.317026587881313e-06,4.1724723606658805e-06,3.276292221527934e-05,6.443309570927189e-06,1.006923244561365e-05,8.614205840070787e-06,5.567202609851998e-06,5.6212737026152606e-06,7.479328393407832e-06,7.145040689462663e-06,2.0181638750941593e-05,6.06253948468426e-06,4.29290987478252e-06,2.8854790244942275e-06,1.0877084214013997e-05,2.1675413352648686e-06,1.0448317070254066e-05,5.849623876089199e-06,5.6226990312117175e-06,8.981527997720679e-06,9.732886572896996e-06,9.999269391020185e-06,1.851467032913275e-05,1.1666126658690927e-05,1.2365091455418094e-05,1.1818742264581447e-05,3.1227406518789366e-05,7.729891651833504e-06,6.371176871420014e-06,6.444469518831068e-06,9.540765818379789e-06,9.802616467447768e-06,6.6922787654199846e-06,9.783151722121777e-06,7.27903159322426e-06,8.36587392381176e-06,1.8354382119758725e-05,3.50386523750996e-05,5.60671477369709e-06,1.8055983645795495e-05,8.404462475311798e-06,5.577202081832982e-06,1.0996830248296209e-05,8.624036204854687e-06,5.402161915823145e-06,1.896670875349591e-05,7.519142586437821e-06,8.74735068442947e-06,1.0165583051473221e-05,8.028686166181081e-06,5.665204383507186e-06,3.0499634422099098e-05,9.793307489053604e-06,7.743635028727645e-06,1.1408577578501495e-05,9.857383581611766e-05,3.907880977830268e-06,1.1478586356850517e-05,8.529333258261948e-06,8.022243510181209e-06,2.1311036466422997e-06,9.58902868046283e-06,5.184287734376735e-06,1.3708969500496941e-05,9.497429011321904e-06,1.0990885981621926e-05,4.3399912634306894e-05
PWY0-166,8.57882959228728e-05,6.158793000397073e-05,1.8828636484763345e-05,0.00014037069829981707,0.00011960405199567323,0.0001312437211988316,4.7037452944884857e-05,0.00014369194405911885,1.7756881113343255e-05,4.000051022995434e-05,5.1261548438128404e-05,7.787381464181942e-05,4.790869843649717e-05,6.490314848347845e-05,5.6840065931844e-05,3.1335435091474605e-05,1.3723780207981262e-05,5.8554360449264913e-05,7.408003948641085e-05,8.872221968238368e-05,1.94883562852462e-05,6.082919354006615e-05,5.2417753514453575e-05,0.00016590223067878166,4.805439453476773e-05,7.804925786328969e-05,0.00012679555302058836,7.441655307528944e-05,8.251061357551525e-05,1.7318247538551962e-05,1.5928502400936128e-05,0.00011300843824231246,0.0001063421656913493,0.00011181269034875263,6.45447047858241e-05,9.717537445947821e-05,4.028787717659186e-05,8.899444771941542e-05,6.482169182515616e-05,2.0417539852239702e-05,1.1988259835115627e-05,8.342852769210296e-05,7.87512876240686e-05,3.8442977678739727e-05,3.186295349134782e-05,3.1544314472428697e-05,4.797212749711546e-05,3.812324451839951e-05,7.782025144852969e-05,6.368679554640691e-05,2.8467884531606475e-05,3.9605158236354295e-05,2.332757129010138e-05,8.666587616685654e-05,6.121004807268195e-05,5.958573556909941e-05,7.792542992743157e-05,4.372975319805955e-05,8.155832699296333e-05,2.3133667918786933e-05,1.2314288956689413e-05,9.993414236918503e-05,2.3858597142741834e-05,6.20321609681082e-05,4.175554512165837e-05,5.007993467510154e-05,3.875552751539579e-05,0.00016360310173658618,2.251383708277379e-05,4.831476242133247e-05,5.493984105002402e-05,3.147271428706819e-05,7.069553135535376e-05,2.279572471960234e-05,2.4687349532895055e-05,4.19937977165332e-05,4.392501293908654e-05,8.469862286574773e-05,0.00013369073875113508
PWY-1269,6.962241942140836e-05,4.291495168069943e-05,4.5426714003226946e-05,0.00011326896508910902,0.00011616497611521097,0.00013441129001302846,4.932862149575086e-05,0.00015987069229221677,1.2726099026864515e-05,1.951010142911304e-05,6.566637024687127e-05,6.155731905245009e-05,1.429823965633509e-05,6.183350513830628e-05,2.399201312963781e-05,6.0820186591711534e-05,4.4432409273680746e-05,3.797371759685773e-05,2.8862302249655323e-05,3.0410730776819634e-05,2.5087858440439598e-05,2.8641607007637465e-05,4.479060176039159e-05,5.430332171249466e-05,2.6305467499621554e-05,4.8530553319012385e-05,0.00012251728639608138,3.4430328158817774e-05,3.7231016296244956e-05,6.216321150862207e-05,5.150805701022782e-05,5.9546964291119877e-05,7.880988621353447e-05,4.505529926920533e-05,1.6212215360687406e-05,8.38019530225782e-05,6.256379644577568e-05,3.680902283775048e-05,2.541670497552732e-05,4.35074409760734e-05,5.20944270140253e-05,2.010049190289167e-05,3.0740045458001696e-05,2.3718733022726203e-05,2.9674104003340768e-05,6.0675507737939784e-05,2.5881130216352263e-05,3.103138631823615e-05,2.9733868461435505e-05,2.5259797929235628e-05,3.3222488792127875e-05,4.323921584915557e-05,2.8817401976433394e-05,4.616314835565762e-05,1.928914837150427e-05,3.71189808433134e-05,2.554283437861431e-05,3.430055361371366e-05,4.649802099803294e-05,2.496992879836158e-05,1.9207084781748344e-05,3.492961912921743e-05,2.1398029603014075e-05,3.122132916731984e-05,5.43618343997808e-05,7.377353149502754e-05,2.9125719049395702e-05,0.00012870386995932239,1.505638488227647e-05,5.005470492040729e-05,6.321620343559812e-05,3.263147053232966e-05,5.275459199787575e-05,9.093681191279525e-05,7.032432351818505e-05,2.1341032673345784e-05,2.2637432683753657e-05,4.655580299597631e-05,1.4096247651796638e-05
PWY-7185,3.939403044681551e-05,2.5896014301003525e-05,2.980022677215466e-06,2.9739487652852016e-05,6.58968612596628e-05,1.3687629529991432e-05,4.932586960776886e-06,1.0382929035302596e-05,6.404609841619321e-06,6.8292457057740076e-06,2.1999265406085377e-06,6.637444841355604e-06,5.53217251312497e-06,2.1850437651086024e-06,3.082110576252646e-05,3.866424884111333e-06,1.1894678105858896e-05,4.7856392082643805e-06,2.9466282314497693e-06,2.951091945142158e-06,5.757886040444404e-06,3.903253291458072e-06,1.4800614946261458e-05,3.088137995958075e-06,2.2992149487146827e-06,1.4822467606781735e-06,5.738393087950123e-06,1.1044634304567804e-06,5.723295487818855e-06,4.273700899362963e-06,3.6802492957656493e-06,4.734860667687387e-06,5.108926662363277e-06,5.240625894567619e-06,1.098904337046395e-05,6.3380238481814084e-06,8.211473838122281e-06,6.492024884344963e-06,2.537805083155051e-05,5.978344478626403e-06,3.83294318744909e-06,3.400175700066228e-06,5.197994315825783e-06,6.1903713309307884e-06,4.056004725995989e-06,6.266397228895872e-06,4.136080888636967e-06,5.153596342967406e-06,1.1182395882091439e-05,3.2901724819850436e-05,3.397222776367359e-06,1.3885388241709505e-05,6.224457031341139e-06,2.9198168957538927e-06,6.379203804048529e-06,4.901261323848764e-06,2.859196020128356e-06,1.3945396771484772e-05,4.040593675202535e-06,6.396019994286708e-06,1.4279357776001012e-05,4.252479660723559e-06,3.588106051611759e-06,2.556718197641391e-05,6.152376406194061e-06,4.485873585694562e-06,7.457668425957749e-06,7.260780555111219e-05,2.3118140770774838e-06,7.126509429750963e-06,4.8844850326978335e-06,5.073826263884139e-06,1.0882670337650458e-06,7.874266211002018e-06,3.1901416946299045e-06,8.154244942682055e-06,5.777577563218375e-06,6.024960733591345e-06,2.623129667083848e-05
PWY-6731,2.104068112429238e-05,1.0314955835821728e-05,2.71887045704449e-05,8.714784954599557e-05,9.940484366917456e-05,4.004752540187414e-06,3.388738527183986e-05,3.838096431498818e-05,4.259030869080995e-05,3.925647995133154e-05,1.189678452557907e-05,6.104840219256573e-05,1.4808161164536013e-05,2.0802234777634174e-05,1.7892002689122475e-05,5.535707300004815e-06,1.437278282297603e-05,3.3486011355599096e-05,1.621629435063889e-05,1.1624634114698942e-05,2.8785769615967438e-05,1.6940482927671496e-05,2.1520271512635228e-05,1.4763067537478337e-05,2.6049679022037742e-05,1.622582370776404e-05,8.74465570691645e-06,2.8006017606588282e-05,6.254251445613474e-05,2.0434072653954045e-05,1.5830233444752545e-05,4.631346482960087e-05,5.687385086736816e-05,1.9310738137858958e-05,3.005256233760243e-05,4.977733200374526e-05,5.326034247653513e-06,1.0429611681712447e-05,6.481306362354036e-05,6.318877877604846e-05,1.2115283688469343e-05,2.321265728697988e-05,4.498984376095502e-05,3.333501281612793e-05,4.2569502504814315e-05,1.4453889514307625e-05,4.4507207540373734e-05,1.4437799567926338e-05,4.7204266688040565e-05,2.3704295381390244e-05,7.021474059572777e-05,4.1792504488253285e-05,4.079791995639273e-05,3.105780483168768e-05,1.2759074227618554e-05,2.770701256657826e-05,1.6343602305536005e-05,3.5698038409324796e-05,2.235442017159866e-05,9.603343405788819e-06,1.5889970072973528e-05,8.082044002587114e-05,2.958441265072832e-05,8.722418358439738e-06,3.997553483136224e-05,1.4453992182283898e-05,1.7667777423619674e-05,9.9128114341913e-05,3.171073759791148e-05,3.330711048536416e-05,3.880262707910254e-05,8.143152004152837e-06,2.8986650873468647e-05,2.5058267235125054e-05,9.29868117826315e-05,2.6865783919602634e-05,1.4576683094715404e-05,3.9955591275630385e-05,2.673128414867998e-05
PWY-7200,7.525836205978073e-05,5.6557148098072143e-05,1.5308394576202342e-05,0.00010474037562403398,8.435369773296949e-05,0.000108685838011475,3.9499833605589093e-05,0.0001153344035350701,1.4734491308518991e-05,3.7397360229173606e-05,3.867407747896819e-05,6.927559468432077e-05,4.086237643746885e-05,5.127484598882178e-05,4.9335786024731754e-05,3.1673788105037603e-05,1.0882827378485474e-05,4.8064363483424883e-05,6.690095034110223e-05,7.119931891476347e-05,1.6303479100620114e-05,4.992439131473901e-05,3.9590766807438786e-05,0.00012156528377764111,3.8529009238888886e-05,7.229594281626546e-05,0.00010508298944274644,6.577064582717126e-05,7.487685078201914e-05,1.466927120627658e-05,1.607459155885361e-05,8.007308962216627e-05,5.942782909388006e-05,8.429132591714647e-05,4.989943334720219e-05,7.954189702936477e-05,4.04282773246206e-05,7.430800052368382e-05,4.8785260177716314e-05,1.6745051141459706e-05,1.1621071283736612e-05,4.286865534624757e-05,4.901366189904438e-05,3.357911978045071e-05,2.8091795891737338e-05,3.744988623688177e-05,4.255558387171166e-05,3.3248252581411364e-05,6.440206489401608e-05,5.529811147379804e-05,2.472887754861573e-05,2.9365383454128487e-05,1.9446837729567397e-05,4.044305337548745e-05,4.744401619472585e-05,5.149541158617784e-05,6.743441375715151e-05,3.480158366889111e-05,7.172319342202951e-05,1.9205550084383056e-05,1.0318425521623392e-05,8.425845943389214e-05,2.0729407186508135e-05,5.49789915628879e-05,3.470314542680048e-05,4.231100939274679e-05,3.408819798664964e-05,0.00010686116809442237,1.913610938316499e-05,4.0571554706073563e-05,4.7505016345710376e-05,2.92321389103156e-05,6.53301177342586e-05,1.9218222931996676e-05,2.146233410110541e-05,4.035363526155926e-05,3.8858087549014336e-05,7.307402354461388e-05,9.696451416688125e-05
PEPTIDOGLYCANSYN-PWY,0.00014458895767658158,7.186255248698084e-05,0.00014330883003461182,0.0001731339360361675,0.00015648257109690522,0.00016092720552523434,0.0001312619177533143,0.00017702434509520943,0.00011646006792701919,0.00011946891276878692,0.00014142588310699677,0.00014746008221365434,0.00010849325713146263,0.00012326584299794552,9.194225594762922e-05,0.00013673276851069167,0.00015859441193896676,0.00010716303910410626,0.00013728906971381444,0.00017196141323454501,0.00011649224631460442,0.00010028430307980467,0.00011804524787780659,0.0002217769375836413,0.0001364321884579256,0.0001647285233766537,0.0001747372161591939,0.0001250913275079897,0.00011474609936368238,0.00010550476634170308,0.00013064603241878404,0.0001567640582865555,0.00013094433614972844,9.347643927928726e-05,0.00010562012038111084,0.00010435350944170966,0.00020364424899476716,0.00017917756332185746,0.00016423630358830082,0.00012312350117940464,0.00018245242177932812,0.00011369787178921316,0.00013178009697439012,0.00014355550088392254,0.0001107483888066192,0.00011039111507211242,0.0001348903985851493,0.00012279192515620696,0.00015121270810437474,0.00016269071226606213,0.00012469327114756636,8.610266946671127e-05,9.862846903746444e-05,0.00012968407040795984,0.00012600417987624184,0.00015133079498280054,0.00019363136336618837,7.756276918793088e-05,0.00012424568345545037,6.255642179937268e-05,0.00012850786711581641,0.00013784542892624074,0.00013149446540180158,0.0002164806713533734,0.00010192192187023793,0.00021464692804730643,9.303733474751487e-05,0.00017445192049502298,0.00012696677044782728,0.0001644179840147336,0.00013206151535051177,0.00010907627354748819,0.00013593713458674513,0.00015932444923593125,0.00012893403848844107,0.00010871652543986257,0.00014018511786042961,0.00011854535578026225,0.00021999889913888984
PWY-6387,0.0001425679571452441,6.812842675020647e-05,0.00014037939210522968,0.00017524194393884581,0.0001543583673709234,0.0001668235679845813,0.00012899896414921718,0.00018508572634583922,0.00011003476417869065,0.0001100703917646486,0.0001411571427986025,0.00015317226348328776,0.00011342103883678982,0.00013252779931685572,9.333971707030241e-05,0.0001346657746028461,0.0001622070476587431,0.00010525333640272388,0.00013591505910145703,0.00017285607728242169,0.0001178238188044251,0.00010009816442669772,0.00012098580637244833,0.0002270823069741783,0.0001396173389164511,0.0001683846523072833,0.00017234286542185017,0.00012370084439808146,0.00011071041154529918,0.00010236165904905378,0.00013021829570252427,0.00016015683661616984,0.00013217242092800183,9.350910986574107e-05,0.0001098697850577983,0.00010982702793907235,0.0002339947677312789,0.00017563985522571618,0.0001617229689854377,0.00012160777129689006,0.00018210039716456372,0.00011260400354526573,0.0001360358941392833,0.0001496927959709538,0.00010793770305839157,0.00011322745228693171,0.00013718280860223664,0.00012798145088191058,0.00014977773879210583,0.0001706906411717469,0.0001245598071917679,8.732657542719599e-05,0.00010647786115925793,0.00013493313468590883,0.0001248719001424353,0.00014793136575960616,0.0001912427627292504,7.78769431214953e-05,0.00012669797370251773,6.200088332811603e-05,0.00012353823297681362,0.00013802461125691606,0.00013174990102683687,0.00021257323399902144,9.993561352968983e-05,0.00021131199264504832,9.656106413896885e-05,0.00017174490007644503,0.00012769858601462762,0.00015421298450772004,0.00012774719143998262,0.00010392124162072259,0.00013726007526845293,0.00015792730402178958,0.00013234818365750388,0.00011808190770482187,0.00013511933613374533,0.00011449958125041393,0.00022165942792293737
DARABCATK12-PWY,7.736368921892571e-08,3.166277109755439e-08,2.1845615868047635e-08,7.85824397641631e-08,7.861161422507229e-08,7.844735767579572e-08,3.812270975401754e-08,7.80081420695911e-08,5.187600343946734e-08,1.753754347916246e-08,8.481031327305813e-09,7.810140829462915e-08,7.019724541681665e-08,3.3550014697004034e-08,1.7394139133923722e-08,1.3498514768957496e-08,2.1648186715978216e-08,8.813608062103114e-09,6.875475922739156e-08,3.063416855037521e-08,3.660025268103004e-08,7.282919231758244e-08,3.147424536758451e-08,1.229182143251955e-08,3.5563121518555755e-08,5.261236249319543e-08,7.796372383456787e-08,4.48783519236367e-08,1.7395105171024245e-08,3.218419699013892e-08,7.13349212239468e-08,7.78703175453453e-08,7.850744612443289e-08,5.2400274220806674e-08,7.737708905352246e-08,7.819526710638367e-08,2.053095365279646e-08,2.0930716702697652e-08,5.560362634017683e-08,1.350554940454268e-08,2.0538910914759327e-08,8.498807218814294e-09,7.1483746603993494e-09,1.7392442425097004e-08,2.5256796926108595e-08,6.203067073891498e-08,7.532599578882847e-09,2.2370108564338152e-08,7.848869191832052e-08,7.840864281763374e-08,7.987993235035526e-09,7.447083499268002e-08,7.799894932481891e-08,2.004919165578107e-08,5.663809350873506e-08,3.0032720020643045e-08,7.815919164977325e-08,5.837802509819542e-08,3.1821182634659145e-08,2.5116837606839987e-08,5.4458730767949655e-08,7.661936638658321e-08,8.503225845149623e-09,7.786853257761808e-08,8.504719296968676e-09,3.170022256746982e-08,7.747359385438811e-08,7.86071659018598e-08,1.0027401318692325e-08,7.761040473337829e-08,7.809367473723907e-08,1.5535897504067098e-08,4.220205230273986e-08,7.863563620629718e-08,6.714677331591057e-08,2.2917768962905e-08,1.553146183793436e-08,1.3506962801403613e-08,2.0964715489206395e-08
COA-PWY,9.944650925659147e-05,4.1542918986906047e-05,0.00010382679882013041,8.536096861958001e-05,8.548413507267536e-05,0.00011500200629824167,0.00012050330029566889,0.00015125914636366852,9.068787157444702e-05,0.00010233412486809885,0.00014001888235210162,8.053576379454634e-05,9.657539794282884e-05,0.00013925925179088128,4.432893434484491e-05,6.442352675426669e-05,0.00014283621522926437,5.512846039457993e-05,0.00011925979283685402,0.00015026146727503605,6.91887607121195e-05,8.858708892834547e-05,9.66317467353744e-05,0.00014599844350708917,9.565369429858554e-05,0.00016197919487639828,0.0001139335976059505,7.67171604987297e-05,0.00011334564768400187,0.00010476897698936248,3.061473413527797e-05,0.00012101872053961201,0.00010513144631505033,4.117058463369226e-05,7.397153723151728e-05,7.777825190548416e-05,0.00011945886850787203,0.00013633562495434908,9.732477011613614e-05,9.142439946450048e-05,5.045989116945024e-05,6.932085429386709e-05,7.79707632115883e-05,0.0001216741399902297,0.00015212308284544114,6.830397027955522e-06,0.00011704766377187967,0.00011601927803932994,0.00010145902130658801,0.00016898762163424947,9.557535120184491e-05,5.146338404603915e-05,0.00011790810327441719,8.159842887174721e-05,0.0001030577638397799,0.00012177556824569334,0.0001643438521646511,5.866604650521991e-05,8.687950653026572e-05,5.514141447163814e-05,7.952430302556003e-05,8.52938833617764e-05,0.00011893514548148783,9.155357870972041e-05,8.515711047106473e-05,0.00017030448915633924,7.669806163488013e-05,9.833381756610128e-05,0.00012154088205076711,0.0001092540772416589,7.979349257812952e-05,7.54884236452373e-05,9.735620682520755e-05,0.0001162412494798095,0.0001387687557622263,0.00011786684186533398,5.034692458066181e-05,7.946804478880955e-05,0.00017089443211936494
COA-PWY-1,0.0001085211552865015,9.342781900730995e-05,0.00010606269789439664,0.00011964534902120306,9.812291154075452e-05,0.0001518302648403295,0.00014556175148416322,0.0001621757348387996,0.00010433345863470676,9.478976304551733e-05,0.0001203302371823886,9.376334492303034e-05,0.00011265681785417521,0.00013925925179088128,0.0001221978656544674,6.442352675426669e-05,0.0001510768687130095,9.18154204287738e-05,0.0001444258614876292,0.00014932163498409425,0.00010105173365811422,9.127568298682001e-05,0.00012955345318277519,0.00014599844350708917,0.00011425818410817971,0.0001662986890383904,0.0001139335976059505,0.00011206656131009684,0.00012043502090447975,0.00012152406267019307,9.079244306839833e-05,0.00013329597277195022,0.00011390211289080507,4.864372051918495e-05,9.406112925606988e-05,9.383350263017975e-05,0.00011945886850787203,0.00016028091099172276,0.00010876362369960265,0.0001176017698933916,5.045989116945024e-05,7.56864316197169e-05,0.000101844347405772,0.00013696559267545154,0.00012636106497551018,5.7420336847206143e-05,0.0001355854205557159,0.0001373689520353223,9.859525790721278e-05,0.00016898762163424947,8.077384859126018e-05,6.819464425003977e-05,0.0001289320418600602,9.761132615131297e-05,0.00013324797736704818,0.00012567457259309578,0.000165589761831003,7.236951127475331e-05,9.899441657117597e-05,6.651071221681744e-05,0.00010726648898780614,0.00010575202459348499,0.00012506318443360293,0.00019771173272156551,8.515711047106473e-05,0.00020410489108650668,8.81988029557428e-05,0.0001456986970535026,0.00012710520794302396,0.00013628510996062924,0.00010228510944529622,0.00010025892576687017,9.735620682520755e-05,0.00018172515576687744,0.00012401502283493834,0.00013003387863163259,6.957372199266575e-05,8.814337608273876e-05,0.00019947749795606117
PWY-6125,9.250152785231671e-05,7.005844198401343e-05,2.1636207084004544e-05,0.000145541020945411,0.00012963643350548504,0.000139827286156831,5.315234426881729e-05,0.00015106974118218584,2.0570952932207218e-05,5.0825724328970354e-05,5.289498562339514e-05,8.350665515585735e-05,5.231312965147454e-05,6.997435373247788e-05,6.165561655259966e-05,3.977113239725529e-05,1.5811156413507012e-05,5.6911853147637475e-05,7.801651867696688e-05,9.162169057889422e-05,2.19352258192742e-05,6.735840969193518e-05,5.5662076344051574e-05,0.00013560752778145815,5.595415802614098e-05,8.826548274732413e-05,0.0001393714775317103,7.75817719948625e-05,8.399481606987342e-05,1.9968614022301096e-05,2.5781679313632312e-05,0.00011905812931398154,0.00011491831117976306,9.408260442510698e-05,7.361398530566768e-05,0.0001008452583668636,5.692987282453062e-05,9.59842534393521e-05,6.0871520391844695e-05,2.2928821191059236e-05,4.237821573501266e-05,9.061366104318342e-05,8.71035999967185e-05,4.570449013789215e-05,3.657023665397311e-05,4.699568636180395e-05,5.442689360951339e-05,4.2073468599813624e-05,6.976637935020438e-05,6.943681701263921e-05,3.167667938158154e-05,4.180415330233473e-05,2.6117044055275433e-05,8.370840418745356e-05,6.636906691191216e-05,6.621792939543124e-05,8.036434262133105e-05,4.795127897084893e-05,8.704630702837644e-05,2.626788042827243e-05,1.4458619772748608e-05,0.00010539116313736907,2.784880819660569e-05,6.752128672404702e-05,3.995920943160157e-05,5.6067579475568824e-05,4.429405074460887e-05,0.00016767839663841335,2.5956898479453266e-05,5.529451502863937e-05,5.9698111375251236e-05,3.749083734160786e-05,8.490083383406317e-05,2.6162746451172237e-05,2.8415348747284633e-05,7.246024180914723e-05,5.147520828321816e-05,8.942671678611375e-05,0.00016857083922070058
PWY-7222,7.57072757042989e-05,5.667521206817484e-05,1.4813393561764025e-05,0.000143756822426035,0.0001289104517668731,0.0001278688485089788,3.925028027177954e-05,0.00014612539928098226,1.4327930282279799e-05,3.618444155251289e-05,3.974554569441738e-05,6.706936948998908e-05,3.977099903518423e-05,5.779325154401698e-05,4.5246572421039246e-05,2.6890308870900222e-05,1.0468280978156322e-05,5.305229510984932e-05,6.609431460425716e-05,7.67231539791835e-05,1.52631128115375e-05,5.448383509466054e-05,4.3055606957574844e-05,0.00017323660605801655,4.3850678333810524e-05,7.216560898954085e-05,0.00013544144206767075,6.797883929626777e-05,7.620684770640709e-05,1.3474789629145695e-05,1.695997898711468e-05,0.00011203500129585507,0.00013059485649439078,0.000119447335865304,7.09339698152485e-05,9.669279248680089e-05,3.5964169473751496e-05,7.63941636695896e-05,5.3499674626543204e-05,1.5825469556805776e-05,2.601907951157056e-05,7.808529240157091e-05,7.326588463113413e-05,3.256166218821968e-05,2.6577108667134603e-05,3.0441146622111603e-05,4.118243799261458e-05,3.12738653618153e-05,6.553306306484643e-05,5.239818215079025e-05,2.280922935504103e-05,3.5005306196115623e-05,1.853187901009304e-05,7.482052167614226e-05,5.1281306827085046e-05,4.813737684213692e-05,6.494509392324594e-05,3.964071805432567e-05,6.858032537774232e-05,1.903324986711265e-05,9.73703574243071e-06,9.028408608089189e-05,1.927419518643605e-05,5.164169663091441e-05,3.324879985408769e-05,3.988922282853347e-05,3.3529993083326256e-05,0.00017758913418788628,1.8069191082499252e-05,4.135961642890587e-05,4.630503328193341e-05,2.628186304597723e-05,6.570583622707428e-05,1.8012910351515026e-05,1.9937286021798587e-05,5.578698910268324e-05,3.616122414297905e-05,7.984364323110126e-05,0.0001280281143624467
PWY-7228,0.00010444456887774782,7.730973375201057e-05,2.6555014790752366e-05,0.00015936444571648998,0.00013864893131827863,0.00015312256529182954,6.20749983148434e-05,0.00016195557500709416,2.501513443751858e-05,5.8481655161959885e-05,6.056093755967e-05,9.389377241146548e-05,6.031710717253145e-05,7.843570610004508e-05,6.858882584502525e-05,4.6073670926956906e-05,1.9882632400729637e-05,6.57215655410106e-05,8.532441667490835e-05,0.00010082406622109646,2.6824726149548754e-05,7.688282333906834e-05,6.43811932693265e-05,0.00017060521822118022,6.349980635361892e-05,9.841232527224458e-05,0.0001495208341270651,8.385593009434963e-05,9.12724666833415e-05,2.457700064705767e-05,3.1384832295184306e-05,0.00012800953229175397,0.00012735015763134331,0.00011941962793780073,7.816229330154518e-05,0.0001088464553671928,6.545679749930647e-05,0.00010721750101318267,6.732631697565978e-05,2.800734016184706e-05,4.7483048162078024e-05,9.572277650000899e-05,9.493690021832417e-05,5.386132256538742e-05,4.335337562878517e-05,5.2000670309228835e-05,6.154311916632785e-05,4.866669457461375e-05,7.535803982516485e-05,8.123315059741193e-05,3.771793407557439e-05,4.6913808857080215e-05,3.167002982600281e-05,8.964288153575716e-05,7.455302595009113e-05,7.647336137022111e-05,8.982155678071874e-05,5.3402132435928226e-05,9.450683749221449e-05,3.1118365721632173e-05,1.793353986697324e-05,0.00011297817078822436,3.384751104991217e-05,7.715225799507207e-05,4.4837060463962265e-05,6.570845565479076e-05,5.050491872436449e-05,0.00017591401962507738,3.1662780449021425e-05,6.547398139988001e-05,6.826443523693263e-05,4.3237807513940684e-05,9.27635956276518e-05,3.2330123236371415e-05,3.431186608530804e-05,8.056958530025415e-05,5.9803303035410496e-05,9.671955613135537e-05,0.00019162525639761016
PWY-6168,2.8200917928760788e-05,4.790837436490483e-06,6.447534863475836e-06,0.00012537076233775808,8.173257169630825e-05,7.685663920045762e-05,3.0251524138805766e-06,4.210562352829792e-05,4.8096395203389784e-05,1.3332716307881586e-05,5.838450057925215e-06,1.7870009484533242e-05,3.10783675541724e-06,5.723774604363007e-06,3.1875423884729874e-06,5.1022598122005865e-06,1.2711679564714223e-05,4.790630415977397e-06,7.615986277258999e-06,4.9656424705672635e-06,5.5628029950400616e-06,2.547409254144175e-05,1.4825821005918016e-05,2.0469671896906937e-05,5.5594729440309014e-06,3.977684080156833e-06,9.389796172409568e-05,1.8174404903337542e-05,3.339897603342816e-06,2.8908706919762273e-06,5.648487176648258e-06,8.211946459262046e-05,8.39253943516947e-05,5.571194694072485e-05,5.367667595740051e-06,7.513882355501353e-05,4.817515794658742e-06,3.259907824899853e-06,6.519238155452763e-06,4.482366502577936e-05,4.373793828804005e-06,3.059449905725999e-06,1.3853785018136327e-05,5.6957217653792594e-06,5.327535856592586e-06,4.463082872377455e-06,5.225195040998851e-06,3.2050573008627583e-06,5.7786966776159466e-05,4.912734294960659e-05,5.163169813364623e-06,2.5954705224200386e-05,4.897712596498101e-06,5.108979154932646e-06,5.090631081300028e-06,5.519172078555399e-06,1.5527764108274797e-05,1.912866101422496e-05,6.1744229612925545e-06,3.5743618562459925e-06,4.3458503073894205e-06,4.414023552735609e-05,2.7616181226936355e-06,2.7423911615114554e-05,2.7990617009571112e-06,2.565682704001431e-06,2.0863698140229753e-05,6.725719431600434e-05,5.0397033227843595e-06,6.063115035279201e-05,5.057342645814949e-05,4.949302626158951e-06,1.8850574838591147e-05,6.701529560984649e-05,1.5939790760146244e-05,6.795087375692894e-06,6.805654171433098e-06,2.708819520990784e-06,1.6628520298331695e-05
RIBOSYN2-PWY,9.315054155482339e-05,4.406523108045787e-05,8.333836540604268e-05,0.00015464365580951085,9.335349013893959e-05,0.00014605528779312358,8.88891421311879e-05,0.00012757725624105412,7.557871696433844e-05,5.000432580578023e-05,7.039486483881726e-05,9.802599685081687e-05,8.545179656797226e-05,0.00012789548215168657,4.6202445706122525e-05,5.93357371511501e-05,3.398719324117867e-05,6.804351254232993e-05,8.093065908321468e-05,9.50728665340346e-05,5.919226111943051e-05,4.886897780613911e-05,6.0597071076877466e-05,6.625903278421346e-05,8.420726093529036e-05,9.025364106609001e-05,0.00011867346161807652,6.921041163134535e-05,6.988247219820062e-05,5.2551336447956835e-05,4.827478215319242e-05,0.00010546831386369316,9.476195875877785e-05,8.50871215864745e-05,8.961278326634635e-05,8.269753950279123e-05,9.05949315580466e-05,0.00011406391750315366,7.122646293490932e-05,6.402292454370278e-05,2.8792840277380396e-05,5.473230303604479e-05,7.549403609005689e-05,8.627907147309344e-05,6.02206505858238e-05,1.873445951097291e-05,8.509709586700433e-05,0.00010895762010577518,7.982476675838087e-05,0.00018579331593955836,4.41154274092401e-05,4.516954019932368e-05,5.397304869603291e-05,8.572467271010601e-05,6.399928283355037e-05,8.53147126977087e-05,8.985645219910192e-05,4.7631411569643375e-05,5.060562859435035e-05,3.975670030646283e-05,2.434944846590589e-05,6.831870564799923e-05,7.402585414963657e-05,3.2269901673004245e-05,7.138574125551466e-05,4.524399914500639e-05,6.646237382097663e-05,9.918187353429794e-05,7.914601442396898e-05,8.433424727974758e-05,0.00010236329269785293,6.005587143221656e-05,7.797738307458855e-05,8.492125715115865e-05,7.218177820832336e-05,0.00010941729904669756,4.25326549911489e-05,7.542242744881404e-05,2.4998098361376766e-05
DTDPRHAMSYN-PWY,0.00022375022520772654,8.92878751377043e-05,0.00025395254892434207,0.0002298793307794822,6.976344677768973e-05,8.188103659734039e-05,0.00020920758625511497,8.301664398413341e-05,0.00012154853315864897,0.00012391752661310425,0.00013701514028745745,0.00018316828507347269,0.0001288330506949421,0.00018116130125006224,8.609763597648656e-05,0.0001827064795138413,0.00044736922287044555,0.00017642252089430883,0.00011932160665324337,0.00022701994787152136,0.00010723793058773761,0.00010362230947717608,0.00016996802052660995,0.00029104921601966503,0.00019013279221196332,0.00021053555652240328,0.0001259411797051173,0.00021109885484478483,0.00013919267080398113,0.00013874712843732297,0.00026887302719237773,0.00016465186639701574,0.00015482933959134543,0.00011957461424673567,0.00010292396581461308,0.00019573839982578854,0.00015268226347992696,0.00014368782558485602,0.00020556629477886103,0.00014337159805286954,0.0005724382453209323,9.594878399494466e-05,0.00011344426101134408,0.00013925871378848176,0.0002448616707882911,0.0002437803521467175,0.00014700279680688772,0.00015699925209264185,0.00014857823387696143,0.00020189042694829855,0.00014570597364677937,9.577744873991246e-05,0.00010685797367846771,0.00015702799855673723,7.648423443745295e-05,0.00012065196759469685,0.0001515806482914551,0.00011350572818638571,0.00010446166146907572,6.782858304681913e-05,0.00018303622675877276,0.00012217903661321816,0.0001345624497061128,0.00020378818669233894,0.00015144281853336238,0.00018189847177979505,0.00011964066841746743,9.977001928817009e-05,0.00015472003370309355,0.00016728851985746274,0.00013701752359519467,0.00015347184852890558,0.00022981007673694785,8.93186216055239e-05,0.00022458185242411194,0.00014617242469374696,0.0007185044298945314,0.0001576464311317595,0.00040078979881795213
PWY-6892,6.30627864797863e-05,4.685175830031388e-06,2.8821107203207927e-05,5.183046775244196e-05,9.852593541876256e-05,0.00015269480716790997,3.973715459746453e-05,0.00017680099530212453,4.3430942692195365e-05,5.459878267251025e-05,4.9730238292993146e-05,7.436692075594587e-05,1.1131310723757278e-05,5.279042181498803e-05,2.3198622156285604e-05,6.5809116672863726e-06,2.0385527613245546e-05,3.936789465895968e-05,2.3284589433316276e-05,4.993745325681528e-05,2.7274781374836148e-05,1.6410705786864378e-05,3.9256208510182846e-05,4.198148932859659e-05,2.8701644340990467e-05,7.803775614190451e-05,0.0001006531470307757,1.7350102081546824e-05,6.022817750366059e-05,1.4102178025824835e-05,1.2855387099622139e-05,9.204040163159771e-05,7.46247123968889e-05,5.764189001592708e-05,3.726955190768706e-05,8.07546138799532e-05,7.1569031407612615e-06,6.061511878547591e-06,2.5487340341507115e-05,4.047597437621964e-05,7.082921393692713e-06,1.771471544708278e-05,1.562053315749719e-05,1.5608898636695107e-05,7.159580866064929e-05,3.379019192092809e-05,3.396153037450194e-05,1.3260011920515473e-05,6.600338633583855e-05,6.106395101728468e-05,5.6874810088453374e-05,4.9368242963820245e-05,4.6835764627934965e-05,4.1956332139629476e-05,7.798305557359888e-06,5.127164222874378e-05,6.405662917034486e-05,1.5203177802562795e-05,2.0458778158153453e-05,2.6383932189746308e-05,4.772467851883041e-06,2.634496784319755e-05,3.1139317671393424e-05,2.2966491641808743e-05,6.814103911155745e-05,2.997312829375092e-05,1.2120334561369322e-05,9.81200337653267e-05,4.565084728904168e-05,3.4655039149803156e-05,6.607543048323531e-05,1.453626127485991e-05,5.743096401653125e-05,0.00010091691369231218,0.00012939601942747644,8.8023752722291e-06,6.990017039015636e-06,3.0922584796478955e-05,3.346042583176725e-05
PWY0-845,7.800351307558119e-05,2.336348322656829e-05,2.618305166432043e-05,0.00010380354763909216,0.00011709528330061044,0.00014916414270901382,3.477953703984732e-05,0.00014776437257569397,2.4340772222445196e-05,4.95895391890703e-05,2.764115282835283e-05,3.8332137276625144e-05,2.580195221454071e-05,2.0447818955027144e-05,2.1179232393758837e-05,1.2203721896301005e-05,2.9162622549554645e-05,2.452615851548502e-05,1.2755149601278023e-05,8.329084916119802e-05,5.947119741562256e-05,2.8233531731234522e-05,2.5183109066253254e-05,2.1843620425237733e-05,3.105605858381945e-05,2.2934259796907624e-05,5.1622305913059825e-05,3.892698236425607e-05,2.7768606181839197e-05,1.8992519725315705e-05,1.2118820209274006e-05,5.6128214321785656e-05,4.3027782735098064e-05,6.68845800174509e-05,3.986021954806756e-05,8.69154506746881e-05,1.0693321627309538e-05,1.3987299536548156e-05,5.73915252305188e-05,3.451446188888482e-05,9.575982082867561e-06,3.2870818623413735e-05,2.9925438937814978e-05,1.689402186467126e-05,4.683611332187833e-05,9.285716125482405e-06,1.998610062543357e-05,1.5512744058350743e-05,6.655595350267412e-05,8.941361574360608e-05,7.832030284008745e-05,1.7470470499359363e-05,3.9399009898512945e-05,4.298917263574533e-05,2.5053608572731324e-05,5.855871583282003e-05,7.188051987820773e-05,4.770557912042327e-05,4.528387309165329e-05,1.6583648431109283e-05,7.4476464027071455e-06,2.4962030591107815e-05,3.819544573936663e-05,7.793388236783811e-05,3.9028443864465995e-05,1.7218256542998755e-05,1.3289071048881403e-05,0.00011196686100192703,5.47740948987949e-05,9.64970532829604e-06,5.697730460233109e-05,1.1352005927471043e-05,3.636711712987483e-05,9.465774204336638e-05,8.546027968531713e-05,1.843145447125099e-05,6.8315392356545065e-06,1.6890761579008454e-05,1.20602431408142e-05
PYRIDOXSYN-PWY,7.267148780345926e-05,3.3221011509491865e-05,2.8951408473454098e-05,0.00010235553957008529,8.7490180645761e-05,0.00011889836915579025,3.259120613987253e-05,0.00011870680825119806,2.209089163215854e-05,4.249650050419597e-05,2.888471590061643e-05,4.122271875784043e-05,1.803995781342795e-05,1.786185262543215e-05,1.8374597374746424e-05,1.0461290526686125e-05,4.1547718238060065e-05,2.3849105006821663e-05,1.0762585295479749e-05,9.871853510114158e-05,4.732427026398228e-05,2.776181298664821e-05,3.7846025423767634e-05,2.103897255081661e-05,5.2079547567647854e-05,2.1383691624940924e-05,4.275923515219581e-05,4.0523998851990416e-05,2.5304583822509502e-05,1.976697591322212e-05,1.848994236573785e-05,4.906543031469913e-05,4.012799275812052e-05,6.433675069007833e-05,4.206566545498906e-05,7.340606089507949e-05,9.56881837570371e-06,1.262206285849572e-05,8.477797649605045e-05,3.38312275091773e-05,8.199580178537048e-06,2.859110732651594e-05,2.397798039002373e-05,1.6590344239878704e-05,5.5352023437395025e-05,1.070050517053128e-05,1.8143949379839418e-05,1.868255020031673e-05,6.027722363341715e-05,0.00015963937652043513,0.00012330567452509766,1.704748180462084e-05,4.12980392945181e-05,4.613924124980865e-05,2.343003100926523e-05,5.3927023507999665e-05,0.00011349871989087905,4.269807384550431e-05,3.8877596910517766e-05,1.5593679055508145e-05,6.1279066550905626e-06,2.1274747666423683e-05,3.81059419926559e-05,6.295670098885867e-05,3.878655253221158e-05,1.6893665016308466e-05,1.1763078390243238e-05,8.684510522230317e-05,6.0448882164145574e-05,7.745353728143835e-06,5.0383171227872107e-05,1.2536502342278784e-05,5.582044702554023e-05,8.072777123393159e-05,9.12131884897169e-05,2.0292506731495758e-05,6.804325871177374e-06,1.5601508741614962e-05,8.917856099281925e-06
THISYN-PWY,7.287713236535571e-05,1.8438046269803156e-05,7.391178549256599e-05,7.601302531358351e-05,0.0001002716461053882,0.0001479737725640739,6.662674816870612e-05,0.00016654055877723584,7.061222331767328e-05,5.060499596274313e-05,8.822518567397705e-05,7.806081738166434e-05,2.0355395510626776e-05,8.241780778106885e-05,4.1283128883372505e-05,2.5682605701313513e-05,3.72925423976011e-05,5.3824280964464264e-05,5.172843853068783e-05,0.00010343606909568203,4.216032761121367e-05,4.194062528645696e-05,2.590365976231552e-05,6.681318560945115e-05,6.237186004569893e-05,0.00012174183960914204,7.515361033757356e-05,4.265351668759747e-05,8.150889198985973e-05,3.8911797607168816e-05,3.219015831665775e-05,7.720455279872687e-05,0.00010107287216511481,4.940123072836462e-05,6.658105486322733e-05,6.937927997838374e-05,2.764172273333705e-05,2.4941799219520416e-05,6.795294299650143e-05,7.575672649124994e-05,1.9712606496470342e-05,4.061258920645751e-05,3.6588756179186124e-05,3.7121159586652005e-05,9.499938829293476e-05,6.382282219470686e-05,6.189674562478687e-05,4.186125552596409e-05,0.00010218018931761055,2.0919671384467367e-05,7.392526806637335e-05,4.076265491824853e-05,7.338944915907061e-05,7.867061320440731e-05,2.453093899446528e-05,6.446835383615302e-05,9.288792521417638e-05,3.3393089687850087e-05,5.096332608204907e-05,4.617831395610921e-05,1.5935934062152964e-05,5.4484154159886065e-05,4.713899058305767e-05,4.669553908436603e-05,8.165910742670827e-05,6.551185068588782e-05,3.87103281901347e-05,0.0001108812376864939,8.690427471413735e-05,7.591146916730846e-05,6.525222882498043e-05,4.489325865559799e-05,9.493472519808202e-05,9.394089944146584e-05,0.00010154791456231417,2.677732568292846e-05,2.2639112933660045e-05,5.10531203905348e-05,5.654114144296164e-05
P164-PWY,6.134167172840172e-06,4.401583895328499e-06,6.793836826491625e-06,6.4345994070101875e-06,9.942052862570733e-06,1.5681708284082505e-05,6.809859960427093e-06,2.2143880615415296e-05,6.010204051160057e-07,1.307907839743946e-05,5.314927973458167e-06,1.0054292224564337e-06,7.39764571882135e-06,2.2910906908330568e-05,1.0423468141755326e-05,3.336320712785631e-06,4.553396089399612e-06,7.775111116031211e-06,7.760481224350283e-07,3.5069603347166563e-06,8.80492261881433e-06,1.169244667228512e-05,1.0032764090967796e-05,1.1742922657464039e-05,5.69760423800618e-07,3.916365783545888e-06,5.499419919538639e-06,1.1169750682422664e-05,8.410334255853474e-06,9.33717730231602e-06,7.253749739908243e-06,4.972578373654637e-06,1.2221638909143327e-06,8.870436722892806e-06,9.085223319674468e-06,1.1883285432922963e-06,3.0221769109215747e-06,3.6560437472294724e-06,1.293381140296954e-05,3.674903642928377e-06,2.8392611323712326e-06,1.609683669289085e-05,9.320175302020124e-06,6.298686957564578e-06,2.1717559521786754e-05,6.730088519409106e-06,1.0887077619862075e-05,2.4797342933953675e-05,8.916642835177471e-06,3.532161882384718e-06,1.0470968507917851e-05,1.3973002512807435e-05,1.1572208986132675e-05,8.916071038549618e-06,1.2448182288970943e-05,6.8616915379520184e-06,4.369299175145354e-06,2.590875089962611e-05,5.487902692523659e-06,1.0517394449752617e-05,6.307009165125082e-06,2.6700720540918795e-06,6.4418730254070976e-06,1.2478941790104483e-05,9.416359569218366e-06,6.4050950510470305e-06,5.86316720674775e-06,1.8053496668520172e-05,8.16252343859059e-06,6.407001903792069e-06,6.909961251924517e-06,7.557208907880217e-06,1.2428315315245577e-06,1.4006753794051332e-05,5.773415368075954e-06,2.170481499467687e-05,7.051916199646038e-06,1.0887760256874662e-05,4.521568345998822e-06
POLYISOPRENSYN-PWY,7.80143586333127e-05,4.136760351920849e-06,1.1398342899267003e-05,6.443743373396555e-05,0.00012176226906567912,8.817990240594687e-05,2.1692813326079627e-05,0.00010087994114000937,2.3999200819128405e-05,4.349548617171635e-05,1.452300396378957e-05,3.084035845455026e-05,1.4511643721353703e-05,2.0606132498404235e-05,4.763813915133727e-06,4.513973883474292e-06,8.048853438912548e-06,2.548327449237541e-05,3.4521509610128665e-06,2.4364388716866654e-05,2.2876706338817865e-05,1.9445359944022407e-05,1.2239854823727141e-05,4.288084883601647e-05,1.1784548692010561e-05,2.207993631215077e-05,0.000105341714450197,2.719951925806825e-05,1.8264836284745135e-05,1.6788861208632314e-05,7.144496369250582e-06,7.850687573759634e-05,0.0001108493360701819,2.0747584924434578e-05,1.1423986698743295e-05,6.886112751830874e-05,4.086632002204197e-06,1.632735562915118e-05,7.188393558079426e-05,7.271820014280605e-06,4.698746644244823e-06,1.5410500646857287e-05,2.460446477307098e-05,2.2574391456737564e-05,1.5490925505476594e-05,5.367293395748351e-06,3.156070935941743e-05,2.1577102835857353e-05,3.9828862183170316e-05,1.7104430370092815e-05,2.039212508170835e-05,2.2849561805608847e-05,1.808040333847453e-05,1.854681668891724e-05,8.813840605540349e-06,1.1332486405197655e-05,3.1089879167102265e-05,1.904623213018901e-05,1.4325288844349088e-05,3.982034072557846e-06,3.6387847121833003e-06,5.874671832257041e-05,1.7761941993009452e-05,1.2289979701737219e-05,1.634904508129982e-05,5.948688615176511e-06,1.4598255543386856e-05,0.00010441007140712941,1.3108529908626699e-05,2.9237490556771905e-05,3.80105141768065e-05,4.173069521869464e-06,9.212784243481083e-06,7.972738843843512e-05,1.7018814123791038e-05,3.392385955845397e-05,2.83066320699279e-06,2.2480969569797253e-05,9.160436509162899e-06
PWY-6859,6.287988065882137e-05,2.48337349805396e-06,7.926449299924153e-06,2.5061637769838895e-06,2.6838490953930474e-06,3.2249394717267614e-06,1.2954298649599237e-05,2.588782751605695e-06,1.707635621736546e-05,2.7074564425269945e-05,1.0310351633075308e-05,1.6352298021136234e-05,8.607902170069218e-06,1.2896163254230623e-05,1.708591963435629e-06,1.7947989309278224e-06,5.744979560708114e-06,1.8856231383484377e-05,2.072399331479642e-06,1.4546803816147118e-05,8.353261303327696e-06,7.939858380560567e-06,2.0246302293961034e-06,3.140354548882905e-05,6.077088684563876e-06,1.2346197511105744e-05,8.62043293809934e-05,1.7928690405162827e-05,1.1727046238123385e-05,1.148297712619576e-05,2.6136465315042842e-06,5.5443420772822134e-05,9.663980610245484e-05,1.2494096398915564e-05,3.846585603963163e-06,3.216623741496079e-05,1.405612170197987e-06,1.0316271873717274e-05,3.188487450387133e-05,4.191056741259075e-06,2.690729714171707e-06,9.732242226250465e-06,1.828508677712528e-05,1.4785582818841975e-05,1.0201195060648251e-05,1.6690785136851513e-06,2.249986431925557e-05,1.3810990409838587e-05,2.7433845831690946e-05,8.159253221412525e-06,1.2958214101665264e-05,8.768650295881681e-06,1.1548854997939666e-05,1.123649646302672e-05,5.045283498787455e-06,7.900747828434237e-06,1.79338928814509e-05,1.1055731205191666e-05,8.951001044043998e-06,1.9463211179733088e-06,1.8482323112957087e-06,3.8342514432650944e-05,1.0820659190531805e-05,2.1404052623207596e-06,1.1231806427030852e-05,2.259982889984241e-06,9.332988306006211e-06,1.0572653543135713e-05,8.980806210789753e-06,1.667964989881064e-05,2.559266105304963e-05,2.0300152494618703e-06,6.008995282655731e-06,2.1266419415732453e-06,1.0189620472210002e-05,9.191782931008107e-06,1.42346626115585e-06,1.5031297047755397e-05,5.563458798769321e-06
PWY-5384,5.3648290080519316e-05,1.1976441373683426e-05,1.3092789393298301e-05,4.5066029728367193e-05,0.000214599528403865,0.0002241509686574992,2.281487664945083e-05,0.00020911604579415972,1.8388371057160032e-05,5.063349424616962e-05,8.831267156761657e-06,3.401549826860392e-05,3.699288064105962e-05,4.6681631120647316e-05,3.751805998895066e-05,1.4731902609450903e-05,1.5560133354694404e-05,1.114387711611377e-05,3.2144242391206434e-05,8.47708173808935e-06,2.766433596074613e-05,1.0700500626296314e-05,2.3257670273202112e-05,1.4868174572827277e-05,1.601545496913765e-05,1.3221666013499438e-05,6.55911493645886e-05,1.2489145214876308e-05,1.4782784285173486e-05,2.2194305668180723e-05,1.8646064668918726e-05,6.642085444786891e-05,3.32062077902624e-05,2.8815893950276317e-05,1.916374796280374e-05,7.50820060859754e-05,1.5944903857977625e-05,2.7079586910423655e-05,1.1116196163614505e-05,2.7394174940391243e-05,1.283973720449717e-05,1.0525579790396114e-05,2.4933218133327817e-05,2.7333429341945416e-05,2.3464535379059635e-05,2.667040949790856e-06,6.544731014532215e-06,3.7463440193934625e-05,1.1895171036203062e-05,1.128794350975698e-05,2.66865511498563e-05,5.204041635380372e-05,2.599054004925068e-05,9.754470152827345e-06,3.988056133551388e-05,1.2787977348028376e-05,1.1770728889039841e-05,5.5559315694412074e-05,1.4713226878820336e-05,8.183312183676653e-06,5.743910905681177e-05,3.147134091938484e-05,2.548922292771415e-05,8.003494836570009e-06,1.7296920445584797e-05,2.0050005186656666e-05,1.639370386825917e-05,0.000164386427406199,2.429860029707035e-05,7.391505638480351e-05,3.617452045948516e-05,1.3503636236726375e-05,2.1731229171797203e-05,4.0047557104971216e-05,2.8863480932838697e-05,3.203027823780221e-05,1.6515305884798654e-05,3.4782737018976014e-05,1.6171856656600117e-05
PWY-6531,2.3863667711841454e-05,1.1390858433622595e-06,1.0246768964928266e-06,3.611443804332258e-05,0.00019166886158191303,2.5426663374722826e-05,8.347659966729964e-07,2.1820734489851627e-05,1.1172448013035117e-05,5.911904002768644e-06,8.74842766058851e-06,2.3125587078909463e-05,6.578780120045613e-06,7.928401650462253e-07,8.685947482273221e-07,5.4568664205861e-07,1.4060403274314867e-05,6.808318438119667e-07,1.0653231889692139e-06,5.60669517421556e-06,7.993088458726754e-06,8.871170730312119e-06,5.294513872691678e-06,7.554169206973081e-06,1.2953615953235935e-06,1.6980576884876307e-06,5.273184294444688e-05,6.470816024808935e-07,6.529767941445331e-07,7.413307091655052e-07,2.055721602996622e-06,4.512980067907431e-05,2.7247272499150545e-05,1.35856152761249e-05,4.664302834276932e-06,4.341776918288623e-05,5.530595107455621e-07,6.395544406857825e-07,6.792276844186905e-06,1.1746555975141987e-06,7.236535861428206e-07,9.754769221161205e-07,6.517081251115326e-06,1.5956945384346417e-06,8.517296491190129e-07,1.5151657405596183e-06,6.5406407569535e-07,7.263415231750799e-07,1.0157593611057219e-05,7.118678399081842e-06,7.549374478331666e-07,1.1089727892723203e-05,8.749080232866978e-06,1.0942495937947452e-06,4.831689654265511e-06,8.442658262907405e-07,1.0161311333243267e-05,1.1344687037951848e-05,5.948988600775187e-07,5.845474556086792e-07,5.324821213698786e-07,2.0785864226386765e-05,2.0676574300769043e-06,1.1067984725769672e-05,7.457729407370107e-07,1.3162937630586718e-06,6.7155169367558405e-06,0.00010039049617362783,2.4628051510170488e-06,2.9686443448467034e-05,1.3318344364954111e-05,6.296358222951089e-07,1.00157939898223e-06,3.2577772773598235e-05,6.6828865707084094e-06,1.1835756548756349e-06,5.450057399699502e-07,2.3408719018190397e-06,4.416015495924645e-06
PWY-5690,0.00014149164021006537,6.664104292020842e-05,6.98299836887003e-05,0.00015935613023278716,0.00027288238291556553,0.00033641299284367876,5.141089400148417e-05,0.00030558316698559425,3.411172013063474e-05,5.8479574303181265e-05,8.791908959169247e-05,0.00011634713269299922,3.616721049649282e-05,3.6417317887221666e-05,2.34331892346902e-05,2.650239894512537e-05,5.952418373489437e-05,8.837019532054985e-05,3.0134836034513614e-05,9.50999919101273e-05,5.213767246180973e-05,6.800703841967589e-05,8.913806270276198e-05,6.840822517684456e-05,8.561775096032245e-05,5.2919415833793756e-05,0.00021446167834024692,4.566669077474679e-05,7.926449353368166e-05,2.126562203176065e-05,7.850508211107251e-05,0.00012080951635937899,0.00014820327312333112,7.000790955919886e-05,5.108816534975974e-05,0.00014073964048796464,3.879265442804571e-05,1.2169076519027136e-05,6.096778096575232e-05,6.15611132857003e-05,5.134410000844919e-05,4.3647449343897e-05,4.136391395644151e-05,4.3766031875207376e-05,5.54032463995939e-05,4.173188293087409e-05,4.796429151818511e-05,4.720507138882149e-05,8.362210916886997e-05,0.00014130225099110862,7.868732683407924e-05,7.165146817185508e-05,6.984925050541614e-05,8.725162003685326e-05,4.3619503633398966e-05,3.7622005089379005e-05,0.00012492031371120663,5.676383562336795e-05,4.4001679063505873e-05,2.3705832195118698e-05,2.9620780554400324e-05,5.74002338984623e-05,5.6066977272171656e-05,0.00012574217524659046,9.014815004807744e-05,2.8342592665654245e-05,3.913496511213225e-05,0.00026947572804905456,4.6707145161788235e-05,9.509192311769223e-05,9.453082393291859e-05,6.74660778595045e-05,5.666547538383877e-05,0.0002460228868645754,6.0270770825502925e-05,4.098429021787322e-05,3.8402486240294105e-05,3.3202090620725406e-05,2.6488294837912942e-05
TCA,7.880198100638594e-05,5.914989300267201e-05,0.0,0.00014738228639157866,0.00021245685073508782,0.00021646959551282542,3.057727022762229e-05,0.0002047144962989006,3.7697668206647236e-05,2.2587757861469045e-05,2.1580263125177642e-05,0.00010157741447494343,1.6093479745952308e-05,3.7639659584149055e-05,0.0,1.5556212917306387e-05,2.825368519038165e-05,2.2977533038446394e-05,2.7770138462849605e-05,5.672796000010609e-05,4.3314901052997575e-05,4.836917312018205e-05,5.997075758068341e-05,6.353186811883395e-05,3.464523806935559e-05,3.3662733837759484e-05,0.0001229751914672356,2.0218383480084603e-05,2.959729810089382e-05,0.0,3.3621156572134525e-05,0.00011621670848392975,0.00012726562291896036,6.410304164550434e-05,5.139331669294604e-05,0.00010802995329438976,0.0,1.3552911641886472e-05,3.782134035095703e-05,2.544963199582433e-05,0.0,4.0042828667731914e-05,0.0,4.146537131037459e-05,0.0,2.0262927312149618e-05,2.4609139806540186e-05,3.6363287869698555e-05,6.403113997181761e-05,9.503472389267436e-05,0.0,5.0086552935811776e-05,4.4208623764544866e-05,0.0,4.138376672372996e-05,3.223755227249392e-05,3.0205595099827543e-05,3.5759313808257016e-05,2.5610658312368892e-05,0.0,0.0,5.797384570328721e-05,2.3444932798379294e-05,0.00011729587729203431,0.0,1.315483977125812e-05,3.8727981551455116e-05,0.00023123393152999755,0.0,9.117323981724998e-05,8.007141291691661e-05,2.512179571026387e-05,2.5534270364072916e-05,0.00019269716919562767,3.256124866958314e-05,1.2189542100626605e-05,0.0,2.375971279670988e-05,1.9357195676538647e-05
GLUDEG-I-PWY,7.069272353094975e-05,1.33601541405856e-05,1.3059249896864059e-05,5.522785442253588e-06,1.5999241260145465e-05,1.3142875386547618e-05,2.5134826478004195e-06,2.0067769577212842e-07,5.922589707106687e-06,2.4786257051674427e-05,1.3447310893355907e-05,1.4889200446543049e-05,1.0247104725302317e-05,1.0901135083022226e-05,2.196437763246497e-05,7.470512598558473e-06,8.605829237882104e-06,1.659841024596126e-05,7.70957797334208e-06,2.366511656554759e-05,9.058471031065767e-06,2.2288682102030912e-05,1.8647446539826585e-05,1.92601503972565e-05,1.0982439127719028e-05,9.924490825968475e-06,7.191766437090418e-05,1.960535320980972e-05,1.4655202632687205e-05,1.0450428595846188e-05,1.2751081258287829e-05,2.0285635925154928e-05,2.6178975579342624e-05,2.3147662358328725e-05,1.069724452813922e-05,5.4127421151680206e-05,1.477976866630852e-05,6.250051253476112e-06,1.4896378376375594e-05,2.6906478671504428e-05,7.266089888529371e-06,1.4917071215446439e-05,1.650788146879884e-05,8.006365514446885e-06,5.722591218139594e-06,9.447098253135187e-06,4.348699509683519e-06,6.177308318390925e-06,2.629813425163453e-05,1.2204034058490458e-05,1.1800287396604886e-05,3.303601935405314e-05,1.8502379651378457e-05,6.699796453302045e-06,7.1149012163185805e-06,6.9776735601020115e-06,1.201858004184212e-05,3.156927381704634e-05,7.747723366632863e-06,1.2336663332717844e-05,7.085931903433948e-06,1.008307452932522e-05,2.2767829850532184e-05,8.618108817539069e-06,1.4568127262960061e-05,1.0747324653590443e-05,9.497964728604632e-06,7.78689851934537e-06,1.2756944160462211e-05,2.7820436705998137e-05,2.640304897303907e-05,2.094556253167296e-05,1.8693902183742799e-06,1.8902293269800164e-05,1.5860300499958075e-05,2.710699284428769e-05,6.157230418482335e-06,8.36801982027949e-06,1.259611482865251e-05
PWY-6527,5.399265115760457e-05,8.509038707302617e-05,4.981995635656243e-05,0.00012206194751136663,0.00014330425346166815,0.000135689156783793,0.0001239420316160482,0.0001266545005260142,6.265233085565617e-05,6.640425900217039e-05,2.8894495513177644e-05,5.152145414651091e-05,5.944530670423608e-05,4.6896001911015386e-05,6.255070591263537e-05,3.7474655205892716e-05,4.089327412623247e-05,6.494265628441623e-05,7.93645606949301e-05,3.7464001506325886e-05,8.471033891333581e-05,4.371229191013702e-05,5.62710518213616e-05,5.845683211760796e-05,6.912865682106927e-05,3.89008680682106e-05,9.1288159831525e-05,6.306510715815954e-05,7.172330270582346e-05,5.9446812871243935e-05,4.850120102408225e-05,0.00013464685488360443,0.00011613421339560847,3.366800836809679e-05,6.500346072084289e-05,0.00010175413677726625,3.372171850574581e-05,0.00011147537172820639,3.6696374378214074e-05,9.524076827344342e-05,3.6964977381429093e-05,4.5880295598067204e-05,5.311904362538152e-05,9.494256140652897e-05,2.535138512080402e-05,3.800954075431977e-05,8.565775889333074e-05,0.00010644561149049661,5.235550166785876e-05,2.8838597386411088e-05,3.498716737135587e-05,4.6266928203960694e-05,7.823742922158052e-05,4.102427307895845e-05,5.377088144727766e-05,7.79790726562835e-05,4.6876914634756506e-05,5.546927209190912e-05,5.4715533898657164e-05,2.9333461770122853e-05,7.498462830207826e-05,0.00011280899620262732,7.30218943821221e-05,2.025839250429261e-05,4.3052099327129536e-05,5.9163880755339425e-05,3.796292436534373e-05,0.00010200147381892735,7.2329091480374e-05,0.00010054817096229455,4.2731482128147974e-05,5.007198961402044e-05,5.859492804072941e-05,7.954499713166428e-05,3.46067617829576e-05,0.00010359565144321534,6.046747003042558e-05,3.25194146521425e-05,3.194509883613004e-05
PWY-7328,6.540998464819774e-05,9.290016218676075e-06,2.740563623264972e-05,8.352631271901709e-05,9.50792619328483e-05,4.050759430194139e-05,2.9255268125285775e-05,6.925595600089952e-05,6.35152841695789e-05,4.7247426939271524e-05,1.0003870341910745e-05,5.752761738372449e-05,6.484021350743943e-05,6.489880346392328e-05,3.564751528537977e-05,5.3502677896672265e-05,1.4306400962488421e-05,7.84152502407396e-05,3.4018431278856105e-05,9.331689890948643e-06,4.199620737150149e-05,1.55912004139139e-05,1.2776488290364893e-05,1.3935385913473798e-05,2.224214641730438e-05,1.3382119981780579e-05,9.077397763936532e-05,7.288966373421075e-05,6.391475414377478e-05,2.5322649801744187e-05,1.1486203871976475e-05,7.092236494911095e-05,8.064441178656441e-05,6.425061769336822e-05,5.340750999145393e-05,7.732765321172858e-05,1.8193060750613328e-05,2.551799925172813e-05,8.302336123285054e-05,5.6238811819682895e-05,1.4215575152594273e-05,2.433842461926098e-05,2.5554431386433153e-05,8.595572294220035e-05,2.0454961098690912e-05,4.3269308246120864e-05,6.64477438631151e-05,4.13277032869489e-05,4.4183172094319935e-05,2.1679830207936835e-05,8.191190958452627e-05,5.28587113619732e-05,3.781171140044224e-05,2.936309094686214e-05,5.801802197499159e-05,2.588285733433081e-05,1.321224946629636e-05,5.735339213433057e-05,1.8738877599978426e-05,9.163468355034467e-06,5.31397387867715e-05,0.00015002942276101064,3.3631399725369785e-05,7.6019534933184e-06,3.6805219240149165e-05,2.1923155386393605e-05,3.0510625858842115e-05,0.00014264358981001736,3.0624393085998075e-05,6.785203372227927e-05,3.22219269100143e-05,1.9518476883772545e-05,9.102919795944888e-05,2.3677421965402294e-05,8.32811000024988e-05,5.83696464871311e-05,7.196983028262317e-05,5.4651411564813394e-05,6.088172077600617e-05
PPGPPMET-PWY,1.787028937673096e-05,2.8778402115392634e-05,6.828066164878421e-06,2.1588046682520558e-05,4.881048460007258e-05,0.00015335393400168874,1.1348434064061887e-05,0.00016337904696348652,3.2494386871574766e-06,1.1689520103498817e-05,1.27138832178477e-05,4.329345174190116e-06,9.01299938803276e-06,4.439792380202894e-05,3.198207576663987e-05,8.52898682443755e-06,1.4405956740246633e-05,7.430083673457017e-06,8.06888126895645e-06,8.041723513992228e-06,8.733514822864868e-06,4.369842830347183e-06,3.0713943771858836e-05,2.7080686280069528e-05,1.2653102792488172e-05,1.3406963953310298e-05,1.977619155634836e-05,1.1053274102746073e-05,5.963659875610103e-06,1.2963651183101545e-05,1.1808323575233835e-05,1.4634077403779469e-05,1.9830048801412423e-05,2.7598592388138813e-05,1.3711709831377384e-05,2.047364419132275e-05,1.638774194938483e-05,1.357049776127154e-05,1.0418083760789531e-05,9.77144773449513e-06,1.1552856888598013e-05,1.5816828831229495e-05,4.9438360410221675e-06,1.0204805756036453e-05,4.164576403287365e-06,1.1528428573496123e-05,5.976407075966431e-06,1.1151414678022632e-05,2.9157314738821616e-05,6.429047002389224e-05,2.2218308094527297e-05,4.136640345677548e-05,1.720382194411767e-05,1.3567422946036308e-05,9.51773767810704e-06,1.3275425626554274e-05,2.7959255412662877e-05,1.6602141593243774e-05,3.4613775986515465e-06,1.9350538731093054e-05,1.2247110820444677e-05,8.152759093117112e-06,1.0330362802305155e-05,3.101927290088574e-05,1.1027822231396033e-05,1.8017400111183664e-05,2.646108631303209e-06,9.843716014268544e-05,1.0254078593130277e-05,7.0265880943203114e-06,3.5107192001291504e-06,1.0912798775886535e-05,9.332029185097652e-06,6.422876927407318e-05,8.236885344741762e-06,7.519057008125079e-06,1.1713654629457317e-05,6.0008069300502305e-06,2.1822325135875507e-05
PWY-7221,0.0001619433456122027,0.00011164017677211116,0.00012424116574864504,0.00015638873460611442,0.00013845192068681636,0.00017919137819427945,0.00013841776575902523,0.00016194689852593356,8.340995120197686e-05,0.00014626755415330663,0.00011992397023349619,0.00015398732024284493,0.00012213558431763914,0.0001173341363172276,0.00013150572384989555,0.00014794347369775755,0.0001937645207329072,6.72716212163058e-05,0.0001128507815547494,0.00013613861621999084,0.00010140136589481006,0.00012532810857482572,0.00012020034940096535,0.00015884280739706175,0.0001040296709921879,0.0001476201218474962,0.00016024748777577824,9.918216254737821e-05,9.592550778217967e-05,0.00013798974983535774,0.00020545537463265094,0.00014209866637741127,0.00011756169764163288,0.00011521402316972184,8.578248943638984e-05,0.00011058270503224491,0.00033233286124531266,0.00017578224944673126,7.999525700596956e-05,0.00010735473150218752,0.0002530641888197737,0.00011675021200254735,0.00012937968376343687,0.00015090231455890587,0.00011125053255920661,0.0001717963731764083,0.00011986328279934704,0.00010486863035457077,7.453001037034891e-05,0.0001716362784846763,0.00010429813012540588,5.936667527308818e-05,9.835257084152692e-05,9.778718771034876e-05,0.00013255165866413743,0.00018243957727904795,0.00013878633855651053,7.153096154282552e-05,0.0001484345048153245,7.522865908952388e-05,0.000100616620702418,0.00014719718147763043,0.0001321060460881063,0.00013247214680769292,5.088558999742713e-05,0.00017523116622429445,9.70418376279692e-05,0.0001632972332644426,0.00012428189127491925,0.00014641231951918572,0.0001223551926816263,0.00011715834750184088,0.00015623613952500957,0.00014995500827624363,0.00010638393922311114,0.00013964772246467848,0.00016868315931605415,0.0001146611486162107,0.0002533059980143786
GLYCOGENSYNTH-PWY,8.090916309090133e-05,6.770891584477215e-05,2.9301019458117046e-05,8.47426261402535e-05,0.0001753750965828945,0.00020840201591327027,0.00014896312827310926,0.00021291211333394992,0.00010401626490159135,7.026220179319692e-05,2.682951834862338e-05,7.602790157125496e-05,0.00015889410169233267,4.2507767271810165e-05,7.875735869765004e-05,3.923254451402968e-05,3.1125769403330175e-05,4.984291581494854e-05,0.00014476049241244826,3.819600646161921e-05,0.00012563411149109062,5.699278070424568e-05,4.303690305466027e-05,4.599200791394701e-05,8.984427937093465e-05,4.9700673814008274e-05,0.00013768553233892264,5.1413456738287006e-05,0.00010526967599751889,8.747188445985112e-05,3.174538286141209e-05,0.00010487355455621861,0.0001404861297475882,6.028920917262825e-05,0.00010537199779966636,0.00011243181681381668,4.940778325481949e-05,0.00014619989844517792,8.12356928116143e-05,0.000111095072831106,3.7305716163399975e-05,3.26079495016052e-05,9.359018153959804e-05,0.00010996148267628214,6.20454320783775e-05,4.0648196975120826e-05,0.00011179801944615572,0.00012971517135151403,4.3391616703375655e-05,5.356241717638908e-05,4.070527584805875e-05,7.340390441531688e-05,9.402155189541817e-05,3.297174747045056e-05,0.00010032758714641901,0.00011528625413855825,1.594924884183703e-05,9.963313743661611e-05,9.069036728714932e-05,3.558940393366076e-05,9.037703150658394e-05,0.0002193891885396479,0.00012004798521391342,0.00012135307621931579,3.9271957476840384e-05,0.00015667124429425618,8.405399403567318e-05,0.0001415343285218443,9.386637667542106e-05,0.00015785659828393173,5.511445764398259e-05,6.687095968826732e-05,3.6757060098733906e-05,0.0001421806543743469,4.5408210327968336e-05,0.00016197857621444098,6.67183128526161e-05,0.00012491225419262235,0.00020204009868202692
PWY-5188,3.717716817168355e-05,3.400066868920498e-06,6.137938825415343e-06,4.18974412712701e-05,0.00013532284941989296,0.00014352454582474824,8.322139165058445e-07,0.0001431033000038988,9.495263986857097e-06,9.492703351056453e-07,9.302839199063307e-07,2.1929756522159347e-05,1.176546980789329e-06,2.5704740080128346e-06,8.362082042035899e-07,1.5876973300543504e-06,2.010735033785271e-06,1.609472789324397e-06,1.4373602301019202e-05,1.0871243681119604e-06,9.146919827442989e-06,7.868622084869557e-06,1.1099154100575394e-05,1.2974720889989668e-06,1.0818359370082268e-06,1.0832108460433169e-06,8.683584632255958e-05,1.6062093849837484e-06,1.6159374089571017e-06,1.2502045493777807e-06,1.0723910104977553e-05,3.370678573780524e-05,5.6550954070332725e-05,7.196033647862011e-06,6.7202428465686186e-06,4.451779350777646e-05,1.5730901658959839e-06,1.5907264864252023e-06,1.552470573865706e-06,8.130048032707997e-06,1.5684964589271455e-06,8.45305440169394e-07,5.524434853928622e-06,1.2818445306189726e-06,1.4393411056792188e-06,1.3064656911044767e-06,8.277936074885776e-07,1.0785452008054278e-05,8.22658227362142e-06,3.38024662771287e-05,1.6370363111114586e-06,3.1830125826677824e-05,1.0976518159372625e-05,1.5811733578790438e-06,9.810308691786165e-07,9.500950535071105e-07,1.2917651490068987e-05,2.3947140520385048e-05,8.496399004700661e-07,9.232240314341594e-07,9.286846412568665e-07,1.7158938915650117e-05,1.4728059384573284e-06,2.9496121723906396e-05,1.6226247385654179e-06,1.446219581286907e-06,1.1565326053584868e-05,0.0001063240312387909,8.528046806770022e-06,2.8835068779315953e-05,9.927492709787463e-06,1.6301818506517278e-06,8.650162359888282e-07,5.069851396424236e-05,1.5180280638575474e-05,1.261015754912893e-06,1.0280985978427767e-06,1.175179919308781e-05,1.0991208270189313e-05
ARGININE-SYN4-PWY,8.985926718185812e-05,2.4668790577607355e-05,4.3466266161065064e-05,5.732362021248529e-06,1.5833858493837616e-05,2.2517259642479752e-05,6.050788657851256e-05,2.1351564447523687e-05,3.875918618964651e-05,6.092745532473091e-05,5.903618310393065e-05,5.208576855861386e-05,5.2280070645077855e-05,5.1215295949164145e-05,2.2900417666531353e-05,4.987528434626364e-05,3.943499808571973e-05,9.501372683160103e-05,3.3498403683557465e-05,9.040235451786062e-05,3.054163646994212e-05,3.682143488100231e-05,2.2575166695908535e-05,5.445125093806953e-05,8.0305390629752e-05,6.21457320639564e-05,9.980808185324116e-05,7.566936518533233e-05,0.0001236665883373928,3.572155395001787e-05,2.606922264525446e-05,0.000106754783333312,6.122592053767339e-05,8.097522767920473e-05,4.018522983582994e-05,6.846334685883538e-05,2.1499733135673726e-05,1.9429554720039946e-05,8.775343139780008e-05,8.846110148886415e-05,2.1740384278941274e-05,4.9870682506395464e-05,5.6164194840902716e-05,2.2107354050912276e-05,6.467918174597353e-05,1.960273825554757e-05,3.979148089032726e-05,2.6923510246521527e-05,9.847064467962042e-05,1.4482449139515135e-05,9.1851949469303e-05,5.885163344066789e-05,5.2050606475519054e-05,0.00010884505546867518,3.017661961619613e-05,6.890554445887061e-05,0.00015019369358899322,5.0970370503258886e-05,6.667131988997517e-05,4.3895758680271695e-05,1.79518539465712e-05,1.989434356490918e-05,4.356816882325704e-05,1.035059838085175e-05,0.00010102948085130381,1.6985841254657967e-05,2.7935049136394846e-05,7.950794543260446e-06,3.919134213507529e-05,3.279735862390113e-05,8.924330688907725e-05,4.637904595995267e-05,2.7085607904512237e-05,2.0345244284430106e-05,0.00012671018416871886,3.476456286963097e-05,1.7109779597875718e-05,8.522261974952547e-05,3.0472590398868943e-05
PWY-5505,9.73227376537165e-06,1.7173449524278874e-05,1.7420823977517015e-05,6.725483642751028e-06,1.7740894435773395e-05,2.0928139642742472e-05,3.13629483688291e-05,2.0704015515582465e-05,4.626822349419753e-05,1.6673245832469918e-05,1.6007396317422478e-05,2.174986042286589e-05,6.122591268937049e-05,2.706703651696294e-05,1.52870383360521e-05,2.1225613273888714e-05,1.5185170535214779e-05,2.7593674723951852e-05,2.0871439057467396e-05,5.162385612367628e-05,2.1189041804458844e-05,1.9614963423997897e-05,1.552945931864749e-05,1.0928265444884075e-05,2.743227219126054e-05,1.689289597251835e-05,3.904056830557141e-05,2.0472745424292476e-05,2.3275004148696347e-05,2.171571667143451e-05,1.8400395223841854e-05,1.5883503502672183e-05,5.251732092478405e-05,2.5524913880254033e-05,2.2441601149922143e-05,6.248255251266083e-05,1.7795829960800717e-05,2.0240140500329137e-05,2.6125855145080562e-05,3.7367275831750686e-05,1.840825400510855e-05,1.9391318902449554e-05,2.4559942620664622e-05,1.7514026381663227e-05,3.439786285924145e-05,1.7463034146916393e-05,2.517673184316454e-05,2.4129927572392666e-05,1.0660742458505729e-05,1.6140838154474314e-05,1.0114457238861535e-05,3.5579062818115394e-05,2.2011519031400544e-05,2.6080945168711348e-05,2.161056932821524e-05,2.0242548668484957e-05,1.996849310978712e-05,3.334477930311057e-05,2.7742113975802368e-05,1.787086945518474e-05,3.0079524425647142e-05,3.7708402623322044e-05,3.728116022585707e-05,1.0593375991633925e-05,2.3986352686144812e-05,2.097088165205971e-05,2.5026348635321737e-05,3.7174643676503984e-05,4.03536575381292e-05,3.6285683970510026e-05,1.7437949123373688e-05,3.361956563700975e-05,1.1837124071497254e-05,2.134850888306425e-05,2.7276851766284387e-05,4.845715052576004e-05,1.7010051851415988e-05,1.7122320163569304e-05,3.2031412038049797e-05
PWY-5030,9.787527176210882e-05,2.023585650713672e-05,0.00011625646149052764,2.6959497878836283e-05,5.881533879378843e-06,9.414770867679577e-05,3.600361766596069e-05,3.0140870852280963e-05,4.07660204709101e-05,0.00013421370952441022,0.00010004561901311652,6.191842813185963e-05,4.256717241434327e-05,9.793249366288997e-05,2.598921537339074e-05,1.0011746523777e-05,0.0001541141513686891,7.867756409716051e-05,2.9640559519936944e-05,0.00010112594299522527,5.427135973511229e-05,5.8880875694485816e-05,6.899330820263146e-05,8.765717139336272e-05,7.73120434567391e-05,0.00012222490415947352,6.419162161403525e-05,6.526799210539572e-05,7.117545994595161e-05,5.43857155702614e-05,1.4374975919393304e-05,9.974698201730556e-05,7.978814306489334e-05,6.297801440854851e-05,4.744794131616701e-05,4.788515064246189e-05,1.3915048953544514e-05,2.315176029119376e-05,0.00012790211762267876,2.7070060558379752e-05,2.699858364770817e-05,4.427857645881502e-05,5.814031206024599e-05,2.6718604371286677e-05,6.155547108058229e-05,2.388098410545317e-05,3.4153082206492796e-05,4.65521070275362e-05,0.00010134371062779524,0.00016813145591601799,0.00010381189075329892,4.048499723034483e-05,3.755706784360825e-05,8.495304666444416e-05,2.0066325475604412e-05,3.342401515403605e-05,0.00015616928825446837,3.1359814948739564e-05,2.7097235181384016e-05,2.9624221822887352e-05,9.081187239465933e-06,4.045048575121103e-05,6.190901570734092e-05,2.3108291461133687e-05,5.4928931341199894e-05,3.119251816036387e-05,5.12895836170796e-05,1.5216142783703185e-05,0.00010024043361357971,4.417457322925038e-05,5.593893858275011e-05,3.6178686984931356e-05,5.482071085520301e-05,1.4724441076045557e-05,8.129347567633518e-05,3.673965627768884e-05,9.609383178794244e-06,4.635505709065158e-05,6.212996498524821e-06
PWY-6549,1.120937221495283e-05,2.3789094999732035e-05,2.316119475770519e-05,4.3413692947138166e-05,2.1898900145137488e-05,3.066839320428642e-05,2.4084800240204348e-05,3.2860072469764944e-05,4.0121454503564346e-05,1.782807823583261e-05,9.904063274544899e-06,2.3893266927398506e-05,7.07825527926471e-05,3.437544279327323e-05,3.4934323703494546e-05,1.798386910740725e-05,1.589146355062944e-05,3.131571032310836e-05,1.608472663743648e-05,5.3671534752258135e-05,3.4757448747464324e-05,1.137704404495243e-05,2.0868472265966738e-05,2.0896272966020295e-05,1.9485611927761857e-05,8.938492629028504e-06,3.588835616191754e-05,2.5114684221394888e-05,1.3405175006578209e-05,1.5560586883842587e-05,2.6230337568882228e-05,1.6902278507815048e-05,1.5777390423438755e-05,4.629490525120239e-05,1.6504021546457964e-05,1.9871613999513555e-05,0.00011847988575399182,1.4423843586851655e-05,4.497810656866274e-05,3.0464726949108286e-05,0.00010884873261385833,2.85457933558267e-05,3.060001814213975e-05,1.7726583113514993e-05,3.748567847102466e-05,1.6239778045161513e-05,2.473744966043997e-05,1.4868624505048588e-05,1.227421581105079e-05,3.2872134623613926e-05,1.47371074099151e-05,3.8421734428197637e-05,1.8589913982378514e-05,1.297138740252492e-05,2.1181937907373957e-05,3.551330226691826e-05,6.052271410905181e-05,2.660493081279942e-05,4.7928251002072126e-05,2.090884031058826e-05,5.569530758091884e-05,5.6821843854063236e-05,3.4527422474175235e-05,3.526479357243657e-05,2.5060458280767966e-05,2.103740981071803e-05,4.33290950082569e-05,3.9697066166579475e-05,3.4439149668372795e-05,2.1384945803295922e-05,3.464249699321247e-05,3.0283954628960372e-05,2.8317138310462482e-05,5.493562960624026e-05,5.221542561571489e-05,5.494177649294501e-05,3.7914205773970986e-05,1.1801539300616833e-05,0.00010887666731983442
PWY-4041,7.93381273860662e-05,1.2921997886916137e-05,1.3650014778091255e-05,8.753001649295827e-05,0.000171071121546221,0.00020109198801944306,2.1180108222261658e-05,0.00020490949502645884,1.5302045343993266e-05,3.694758153671324e-05,2.122519574517198e-05,6.175797557390839e-05,2.2372996759874985e-05,1.9777750115138905e-05,1.620526700016133e-05,1.0710543990125812e-05,2.607242768519412e-05,1.161575860671402e-05,1.553585968553438e-05,4.416683118424321e-05,2.269991352943666e-05,1.826410482218313e-05,1.6881895429080804e-05,1.0610773498473436e-05,1.8193325504777534e-05,1.0869825695046778e-05,0.0001149742083501666,2.5659083667291668e-05,3.1696378233003724e-05,1.1890980904736095e-05,6.453195863245094e-06,6.925579576380582e-05,0.00010445375211216368,9.545029957488678e-06,2.5246242406980202e-05,9.662492692184428e-05,1.3351826361784884e-05,1.391077189832603e-05,2.5300175565908655e-05,1.6584051616836672e-05,1.273998234695633e-05,1.1226630717799901e-05,2.7729232112892242e-05,3.374013824164409e-05,1.916325025668304e-05,9.700162077361435e-06,2.4738437305916484e-05,3.552002578555522e-05,2.4365031794323706e-05,6.997085992358111e-05,5.5090020018172195e-05,4.978446547170476e-05,7.568054652913527e-06,2.3910225931519742e-05,1.1257658819255688e-05,1.5540383388009528e-05,3.0342928655233914e-05,3.988554941729057e-05,1.8283100398490578e-05,1.5169244696843205e-05,1.582212817923635e-05,6.243209915222342e-05,2.24587005090112e-05,1.6058833361269567e-05,2.311023489616775e-05,2.1532863048942587e-05,1.685409017582759e-05,0.00017556046273166175,6.751943285723526e-06,9.708800805825971e-05,2.372834265200172e-05,1.2302964498861478e-05,1.2974617112454751e-05,7.673267300523281e-05,2.7504410871004692e-05,1.6866762453691292e-05,5.1422476860928975e-06,3.1863666173318647e-05,5.8519701670053576e-05
PWY-5941,0.00016325828760943331,2.3013264402856876e-05,5.6491126091468916e-05,0.0001535777859081238,0.0003108058221540737,0.00034905964400343183,6.56842411271676e-05,0.00031378540268044744,0.0001354685516577827,8.332425155752751e-05,2.1714159433652365e-05,0.0001385392767146468,0.00012423918496289597,8.773667969114134e-05,7.205157199372382e-05,3.135319078869744e-05,2.9345482775261226e-05,0.00011090050146314606,7.839869351519121e-05,2.3346850147640585e-05,0.00016584835270596186,3.590482362453086e-05,2.9609196881380055e-05,3.667521246881888e-05,4.675878318590383e-05,3.103284351254457e-05,0.00017465246189790897,0.00010742764081177383,0.00012689976143540556,5.248136050697734e-05,5.7012294111067405e-05,0.00014669258482298631,0.0001738354607910422,9.212768239848972e-05,9.296277393881686e-05,0.00016270244666693464,9.57863244480444e-06,6.189475394103841e-05,0.00011216996943053142,0.00010983428845256758,1.509735060646821e-05,4.684470206199148e-05,8.794227842318817e-05,0.00011295070571121731,6.979005937026574e-05,1.6685868121205517e-05,0.00013664378395952982,8.297641236146496e-05,7.397806078861834e-05,4.802612563643355e-05,0.00013754010894678078,9.546653041418734e-05,7.915954922429929e-05,5.861009014165976e-05,0.00011047895955159674,5.6572260691083364e-05,3.0968807935822735e-05,0.00010799714871503951,4.436097182501691e-05,2.1909282906021905e-05,9.98142338287278e-05,0.00023973413387528658,7.363106811921169e-05,1.853965267373566e-05,7.367112688436295e-05,4.914289336009958e-05,6.1221667685733e-05,0.00022914902548389207,6.585519854852387e-05,0.00023222250804371696,7.747327614180283e-05,4.30431505984327e-05,8.691365453804043e-05,0.0002160701606444189,0.00012329556318410923,0.00011692270219761664,6.356924643689478e-05,0.00014526892056211,0.00024586677583251403
SER-GLYSYN-PWY,0.00014730540174668567,2.397572189593797e-05,0.00011671546086928848,0.00014784816414029856,0.00012434807457106052,0.00020403117273301206,6.362030170538197e-05,0.00020059420904087227,5.182015056149439e-05,7.173220973631944e-05,8.289023446823304e-05,0.00010939758780594328,7.28874717389839e-05,7.609740580067179e-05,6.906235852465862e-05,4.221830607293916e-05,0.0001750251467104075,9.524225574273441e-05,5.5099824932363754e-05,8.037552922541684e-05,7.483831906667967e-05,5.96075476504324e-05,0.00010716070440978643,9.742863935622449e-05,0.00011624553453209287,0.00011974095356224014,0.00011122036561824439,6.976862163399522e-05,0.00011600528662856843,0.00011754545643741994,3.019646449199831e-05,0.00010350325073798645,0.00011476683468871103,6.996899454804222e-05,2.7440914477149944e-05,0.00010937114232841737,8.082208308129753e-05,5.754670276769377e-05,8.890424905014028e-05,7.897625587666645e-05,1.662035304766227e-05,4.852819069441254e-05,5.1884423840424705e-05,6.849966720335616e-05,7.881499729003722e-05,2.518691174349196e-05,8.44088476144103e-05,7.071120714443444e-05,0.00010932823553359046,0.00018469488439507538,0.0001249782074848584,6.899433577220816e-05,8.389632777603571e-05,7.517404970961241e-05,7.708168558968663e-05,4.1516154675997664e-05,0.0001628059230966048,6.115269983310508e-05,4.154576577289136e-05,3.1199596385191385e-05,3.620312017744392e-05,0.00012896307708811866,3.62286409390131e-05,5.6200733101052456e-05,0.00013095026894698698,0.0001160881120623186,4.245834134014306e-05,0.00012814448376911107,6.885935450888564e-05,0.0001039840171421128,0.00010760046382159168,8.29269548687849e-05,7.150861944448023e-05,0.00012578828123668755,0.00010710138242538008,5.5679935594581504e-05,4.6174706101049614e-05,5.929789593528922e-05,0.00018910219635229032
PWY-6147,4.8741919788511306e-05,1.712192191473427e-05,0.00011447969372833136,7.714065110624743e-05,9.538795976030018e-05,0.00015073312158730417,5.113875799296355e-05,0.00014760573531054542,5.1970657657399065e-05,9.36460312693044e-06,0.00016844819565201875,7.055780197567623e-05,2.1824015292209027e-05,6.727240503054218e-05,4.2641487720694784e-05,8.58036658906434e-05,7.391727803223908e-05,2.6898449565265784e-05,2.7161989432251692e-05,0.00013766713786641474,2.036547573206807e-05,7.627708798823747e-05,4.811155940735998e-05,6.194933670796153e-05,8.526102337895618e-05,0.0001619063570904279,0.00012059181020031194,8.508205188461428e-05,4.3418113125744656e-05,4.3698299664110706e-05,9.882347792438121e-05,7.918053669948121e-05,7.700523002584428e-05,4.683908930262872e-05,2.2119108325088956e-05,6.055723516962657e-05,6.674885269097107e-05,3.1415931046430135e-05,7.136339235651571e-05,5.732336760620108e-05,9.157019414447058e-05,2.0110441988455386e-05,4.2546217119853796e-05,9.022809454400003e-05,8.738692833070546e-05,6.658443644646638e-05,5.3592249139232104e-05,5.8456188395289655e-05,8.670291272307327e-05,0.00014642060437987768,7.70747437439802e-05,3.629599690906977e-05,4.209916539485516e-05,8.58285368319008e-05,2.4547179187411485e-05,3.787692528874943e-05,8.09044448220614e-05,4.954070461321584e-05,3.94228088495864e-05,4.210194145863636e-05,1.2638887540121362e-05,5.1613822676090556e-05,6.0254836958180864e-05,1.3151519655932636e-05,9.598290568119255e-05,4.806498839754142e-05,2.8136538927740725e-05,0.0001192983888279446,8.432878815508545e-05,3.459854474174093e-05,7.730707920021291e-05,8.364175910329058e-05,0.00010359482606592839,8.059020366907587e-05,0.0001243283507766239,3.087527412571336e-05,5.7662562457542826e-05,2.302722835027446e-05,3.1873189362037475e-05
PWY-6703,0.00012463376954140133,9.127070038129717e-05,7.312812754465425e-05,0.0001163375475209422,8.755013298634332e-05,0.00015365863594815998,5.908777626017834e-05,0.00014054766177542158,4.40856715347829e-05,6.870298270747035e-05,8.531771155825769e-05,9.713954043201677e-05,5.263552904611833e-05,7.932582517754056e-05,7.194031237450795e-05,5.8027918707988027e-05,6.592766122398841e-05,7.632589407001317e-05,5.964953756360372e-05,0.00012287661797252076,6.856228766921217e-05,6.215908760905105e-05,9.928558432424895e-05,0.00013628994649038698,6.200852308135447e-05,0.00010755259109113992,0.00011894829175887905,6.95093567591069e-05,7.223717732462468e-05,6.715600938276585e-05,2.774353683056517e-05,8.090887262032113e-05,8.509675139518892e-05,6.582986743296978e-05,2.9147416161641627e-05,9.326031512643043e-05,2.837351649729615e-05,7.803121319033245e-05,8.433301447470569e-05,8.112126996537782e-05,3.5202974585813696e-05,3.864134559413693e-05,7.183495420120478e-05,7.205332713824672e-05,8.80885061640959e-05,0.00011133911469070524,6.794370971881198e-05,6.668588765083192e-05,0.00013053655252766067,0.00014289398941869587,0.00010775212014019943,5.706350111230734e-05,5.602403936987245e-05,8.251795432938975e-05,4.025462978419098e-05,6.84645604392203e-05,0.00014565735901829376,4.8155408764154146e-05,7.509012413872763e-05,4.610454565759299e-05,3.90797637608324e-05,4.779556988007136e-05,4.157851300954461e-05,9.509394220528636e-05,6.789617408138622e-05,7.688177441105286e-05,2.31744022905636e-05,0.0001176109997607015,6.128079643202036e-05,3.921083394490065e-05,0.00011259054683361312,8.910781581000318e-05,8.320251381822132e-05,0.00010030968478283998,0.00011214621704595065,5.719564041169426e-05,4.294232444642283e-05,8.658646813732302e-05,0.0001254601085202999
PWY-7991,6.734921598335629e-05,6.134042964913423e-05,6.830861337420917e-05,0.0001621708146440557,9.219210134724524e-05,0.00011178482367667443,4.71074436226359e-05,0.00010223626422414697,6.334027679601365e-05,7.918460828879116e-05,7.021676049552672e-05,9.299853454772057e-05,6.512514061414766e-05,0.00010395437955630849,3.689752900110449e-05,9.934808346120076e-05,5.004028052843666e-05,8.25206427075854e-05,8.022944564165758e-05,0.00011306647453081406,7.012952650653956e-05,5.482635642845779e-05,5.239462343992677e-05,5.7224799466672205e-05,6.291688481656163e-05,6.331981472065698e-05,9.831114994238604e-05,0.00010722864923287277,7.936266692220738e-05,3.344223570407071e-05,0.0001049953635431579,8.088959029771421e-05,6.4661236111028e-05,8.096956003447503e-05,6.420406901081872e-05,7.306786444017395e-05,0.00019442938894168399,0.00015182070687388998,4.6538018632664355e-05,4.6435031173681365e-05,0.00012398329102127883,3.988051514584529e-05,6.485519139768384e-05,0.00010522859980633035,5.8657081109904306e-05,6.706949809282923e-05,9.495605660202576e-05,9.383600276103359e-05,6.137723967870636e-05,0.00016656697797654796,6.456459785976495e-05,3.883482701978493e-05,3.251635388193648e-05,6.993384406002064e-05,7.448155173231025e-05,0.00010574115815239141,0.00011601008842582308,5.502823825669681e-05,7.51438190923389e-05,4.91729948529982e-05,5.26546382532963e-05,3.547954955853866e-05,5.788164895873452e-05,7.07534515736275e-05,7.304530255537094e-05,1.4463639142872373e-05,6.193495966166287e-05,5.4297823446717163e-05,5.5740439724214606e-05,6.175077880949875e-05,8.68982633964131e-05,4.63756574857846e-05,0.00011349298728578651,7.570516505291512e-05,5.172285265110811e-05,9.488027084722342e-05,6.118384099606433e-05,7.516716460298254e-05,4.945007491455555e-05
PWY-6606,6.283604906654309e-06,3.600243755972817e-06,3.7780118033560704e-06,5.590476123018958e-06,2.0951228236017906e-06,1.2723707399789597e-05,3.796913706764347e-06,1.3996800493837436e-05,3.4971105801265435e-06,9.724712211113282e-06,9.435498168780508e-06,1.95363528157738e-06,3.3733490970624997e-06,1.5060534838201953e-05,3.180333688018788e-06,2.7397433552718587e-06,3.909885392651585e-06,6.698557933090378e-06,3.8088773655650087e-06,6.899270967527213e-06,4.271977603328936e-06,1.0262235866657166e-05,9.855079909842787e-06,1.5829276834191442e-05,6.271782257392549e-06,9.259074838026424e-06,1.4356837427697632e-05,9.069734954270852e-06,4.542283859710522e-06,8.478059259400537e-06,2.746394731914294e-06,1.8353079003370807e-06,1.1899776914386285e-05,7.590498507786591e-06,7.832195029382545e-06,2.3900215874100436e-06,4.563276448908932e-06,4.1909136884553095e-06,2.93812187983317e-06,3.4889682613481436e-06,4.511169786606958e-06,4.465019664747989e-06,2.557100086424363e-06,3.8507999367562465e-06,3.8630385139220025e-06,5.903127037886332e-06,4.157730145930459e-06,4.386443129323874e-06,7.813889443617273e-06,1.7829055861036057e-05,8.798828330454442e-06,4.191193335799799e-06,9.28206682622171e-06,3.1294572708239213e-06,5.2188967477127175e-06,3.754674285071051e-06,8.634265976404074e-06,5.659587216456683e-06,3.3566898898333733e-06,3.252482716584716e-06,3.5703109710370975e-06,4.7858731369712945e-06,5.676238742151034e-06,4.537577517164434e-06,8.09465024462266e-06,5.568424773608329e-06,7.766014294870927e-06,8.707736195245066e-05,4.580224761017717e-06,1.612722880852964e-05,2.2425653097272294e-05,6.073587295814068e-06,1.1347351166182249e-05,7.465018152567592e-06,5.4187985517464936e-06,7.661952608581664e-06,2.5996419928902845e-06,5.092240239384719e-06,6.029296827908239e-06
HISDEG-PWY,0.00010461436547414102,2.9086357418274823e-05,0.00013501763036866937,6.883784182567139e-05,7.542998413300034e-06,0.00011107483719691313,4.2314748028848514e-05,0.00010555922816768314,6.202933445926364e-05,0.00017245672902939645,0.0001167479746854636,8.420598149269973e-05,3.846887272044965e-05,8.527681700920648e-05,5.169631847281366e-05,2.1067428229205988e-05,0.00015882807032562962,7.23123360462888e-05,9.122188051326221e-05,0.00011184000128289572,7.37804751108165e-05,6.6780237971653e-05,9.27561430205321e-05,0.00012099762247774287,0.00012286684392381515,0.00014932761362521226,7.079226969104189e-05,7.984507075045707e-05,8.910784782722752e-05,8.802968223134805e-05,2.4686394565104304e-05,9.584895110698428e-05,7.715810094266213e-05,6.169372519851691e-05,6.199108074029139e-05,5.929359565016218e-05,1.5500603457485477e-05,8.211101425954235e-05,0.00015109697790561733,4.4067008946497375e-05,2.712782572408604e-05,7.136185523017206e-05,7.534341726204783e-05,5.8136529733535277e-05,9.464004058432963e-05,2.104958773575345e-05,5.59915289886135e-05,4.8896782115889225e-05,0.00012020207585840147,0.0001635793843922316,0.00019115549225695187,6.006671799791526e-05,6.391384095349659e-05,0.00012445459463232564,3.942435258722006e-05,7.902440706251627e-05,0.00019089130720344164,4.797734430791372e-05,6.178280662498439e-05,5.5538571605082985e-05,2.078617172874519e-05,3.5404429293675534e-05,8.789886590274338e-05,8.43336549420943e-05,6.653829195099279e-05,0.0001269562907999121,5.574699802630772e-05,1.1231716272587838e-05,0.0001047699168295391,4.488476581861988e-05,7.856271669803008e-05,3.1962745262605775e-05,5.573347672940332e-05,2.494314253569279e-05,0.00014045711856875876,3.104239626688067e-05,2.4562601421408744e-05,8.89134762700551e-05,5.678273254428547e-06
PWY-702,1.655612307636564e-05,3.185867156133339e-05,1.3927914008445404e-05,2.069021916114189e-05,6.238082914210977e-05,0.0001797560673108879,1.2298175564483574e-06,0.00013861967827970615,3.66681174697965e-06,9.347777455694936e-06,1.6941416648877315e-05,3.3106401178737236e-06,4.18286616443769e-06,2.0411606393515658e-06,1.4537490846470548e-05,9.630848561139011e-06,3.150276606590291e-05,8.974699976467079e-06,1.94775970469513e-06,1.689366253597285e-06,1.7585025376241363e-05,2.182575583890458e-05,1.5512058214425952e-05,4.753955383769339e-05,2.6297413375776025e-05,2.2668417498020107e-05,1.4201463584252392e-05,1.4894289878528979e-05,2.551391367217644e-05,2.3586894666377238e-05,5.9310651484844944e-06,1.9880744856341376e-05,1.1515122509896788e-05,1.6431753971833318e-06,8.311083167909897e-06,1.2245077618486039e-05,2.002604499810764e-05,2.5032791941197297e-06,5.508990255815505e-06,1.7057704931693715e-06,1.6902134319623473e-05,1.1369297356334777e-05,1.3584357088265906e-05,1.3404809099882785e-06,1.8454934378082985e-06,1.6808511691977573e-06,1.4412154929960323e-06,1.3873259959722545e-06,4.926550264479552e-06,1.7801193502108265e-05,2.4908259729183242e-05,1.8253392725980123e-05,1.1314140598871852e-05,1.9238170541461776e-05,4.701908476073455e-05,1.4607497974351312e-05,2.9709569820424487e-06,1.4883766116740834e-05,2.1542715436980104e-05,1.0348006399062114e-05,1.804589654447664e-05,8.066887337778166e-06,2.0010016671757585e-05,1.0955385176264842e-05,7.828034981881126e-06,1.6501640968419862e-06,1.6443979153505959e-06,1.0195621085478913e-05,1.4150018311659433e-06,2.4678676816935735e-05,8.667260087522959e-06,1.746403804469249e-06,2.570684170560404e-05,5.135641048303981e-05,3.21953233965524e-06,2.2534417465199015e-06,7.843047218475111e-06,2.5419535848829882e-05,2.3147796404392744e-06
PWY-5695,0.00017460686469591275,4.561595503719587e-05,0.00014164681637570173,0.00018454675059680073,0.00016106625481412186,0.00018211549369287545,8.636143211278747e-05,0.00016928000151232253,7.615377684978287e-05,0.00010422195723218705,0.0001320852276686707,0.00016029819303090557,9.258897462942993e-05,0.00013251833855241988,6.464591389620638e-05,0.0001029191052768358,0.00016104785788853768,8.886751897763539e-05,8.132345468224027e-05,0.00014673411729521806,9.899631078300343e-05,0.00011455736612355005,0.00013472683977267512,0.00011299074446416866,0.000157923689148755,0.00015598720426061898,0.00023560797354971695,8.438982861283503e-05,0.00010147182609334463,0.0001221320586396337,9.903490418452969e-05,0.00017462282253858866,0.0001681288192226525,0.00010363761790049677,0.00010016798171648793,0.00018498830570831868,0.00017095014769648458,0.00010333203340444733,0.00016523868076680754,0.00012734159049715015,0.00012456295760791909,8.022783621328053e-05,0.00010616463073777623,0.00011137425964667208,0.00010373146998386289,0.0001018250363263517,0.00013692214076561066,0.00010177779948677283,0.0001370609620465906,0.0001763547814845121,0.00011999286186912186,9.943308918784581e-05,0.00010733005843863152,0.00012477946849194223,7.251805873408603e-05,0.00013749685193582324,0.00016175948305881895,9.821583571150066e-05,8.733727696771085e-05,8.490757322333656e-05,6.198931482784002e-05,0.00014110507824889896,0.00010763706956222887,5.649050875498957e-05,0.0001189821372312118,0.0001373732897906761,0.0001004640214881448,0.00018438994393496757,0.00010996271136452778,0.00018091452642057503,0.00013830992487638124,8.821597243267554e-05,0.00012457220983163697,0.00017710299101041826,0.0001112627350325319,0.00010200001819397372,0.0001133588013053962,0.00012806302082780152,0.00011053354387977034
PYRIDNUCSYN-PWY,0.00011938622073581646,8.037266243624981e-05,0.00012794209103000496,0.00012527339224425402,0.00011503447537735571,0.00014443400909207503,4.964097466808643e-05,0.00014312422005627415,6.098947768426346e-05,6.563513115550759e-05,9.024520072183924e-05,9.519528602516243e-05,4.051304712079925e-05,4.870646148172176e-05,5.845254918000439e-05,6.589920956911979e-05,0.00014156306305624988,9.13135499492449e-05,4.838494420786927e-05,0.00014299363071099204,6.16316863520248e-05,6.986393635639617e-05,8.570596861257004e-05,9.525650611413398e-05,9.006632043395304e-05,0.00012071617538632043,9.660654717242564e-05,7.415098872869141e-05,8.255386228717357e-05,5.767308922542813e-05,6.421076103347479e-05,9.470066145947542e-05,6.676249047268616e-05,8.29332359236078e-05,6.86474102592575e-05,7.75324613305628e-05,0.0001343445885368778,9.318379428075187e-05,6.871066648856427e-05,9.078623927751918e-05,7.009649735610071e-05,7.840287740409376e-05,8.6713368339457e-05,7.295681692991386e-05,5.856602071221672e-05,4.4331440207791415e-05,6.453960001770189e-05,3.55580986366005e-05,9.237729784765118e-05,0.00016027964939720727,0.00010009524121347794,3.910797374960009e-05,6.583607820162517e-05,0.00010507174513756677,3.2368734728771624e-05,8.28260563178167e-05,0.00011875518370766767,2.529840886671915e-05,5.742754564433531e-05,4.5299732006587176e-05,4.073618641687059e-05,9.608736238364213e-05,5.687310180592013e-05,0.0001100477575838457,8.691957300137939e-05,5.744614521870303e-05,5.8832200573180286e-05,0.00011902821400674624,6.848162602489063e-05,9.379317804967432e-05,0.00011198013481738953,7.508340516035207e-05,8.308194501155123e-05,0.00011586513223394076,8.667720376326057e-05,4.8927482386403765e-05,6.8032785440414e-05,7.074914625311031e-05,0.00014211903996627542
NAGLIPASYN-PWY,9.650022293683711e-05,6.4231862456939975e-06,2.5026387075979488e-05,0.00012351236650075885,0.00013722061959993038,0.000135967995655098,4.201811265753189e-05,0.00013028569856748367,4.3800355177316913e-05,1.2803299852535343e-05,5.2482088362625244e-05,7.591060498840097e-05,2.161203154234243e-05,2.3549227180110936e-05,1.6268127864356324e-05,5.782449520687326e-06,2.272237314764793e-05,3.514256594444556e-05,1.912623216941566e-05,6.131327467602841e-05,1.6713246191790455e-05,4.148023793575928e-05,2.7465894042642218e-05,5.3244300516238176e-05,6.718838804261508e-05,0.00010135828116638004,0.00011641756333977443,1.7627170938640662e-05,3.647540712175929e-05,6.083704898089585e-06,1.2062264660937811e-05,8.429415687403575e-05,9.329906570600362e-05,4.7734788340008494e-05,2.0606576239606574e-05,7.144031549171148e-05,5.9760620637380134e-06,1.5137992230579676e-05,4.506001384619337e-05,3.894721513993183e-05,6.000033972070715e-06,3.7163717634995025e-05,3.255654052079702e-05,1.8614274991268704e-05,7.152886466596884e-05,2.890624655204348e-05,6.034960409319997e-06,1.8878590000673095e-05,4.791953700525277e-05,5.396935143192705e-05,7.453890603863363e-05,4.637281316073426e-05,3.81283261504916e-05,2.1844802156837962e-05,1.795314988345466e-05,3.4561236441032745e-05,0.0001213031270245633,3.024401484767678e-05,2.780634049474193e-05,2.0852629429641362e-05,5.66161000265336e-06,2.7426646563224287e-05,3.9106217805397675e-05,6.110235435306197e-05,2.7602681299887194e-05,1.1192215401010405e-05,2.1037927548950094e-05,0.00011013315489978436,5.210062729435927e-05,4.1857089505456624e-05,4.2156438970323186e-05,5.151761828667633e-06,2.8426096203635107e-05,7.895753356175197e-05,8.265664925619982e-05,1.4404660195624273e-05,5.892514079904783e-06,2.8170040202088223e-05,5.2564421550154515e-06
PWY-5130,5.320981285288838e-05,5.3793182703026405e-06,9.923731182608497e-05,5.225992760707435e-05,2.1424662585172872e-05,1.5664228683166697e-05,1.8334511769383145e-05,2.7814421404508112e-05,2.3690008269355417e-05,6.975313152691873e-06,4.56435334411127e-05,1.9636458100430148e-05,8.090276252782698e-06,4.540689362738421e-05,2.0403583047039835e-05,2.6618839458303807e-06,5.8483494749865095e-05,2.1074288626812787e-05,1.0209205413747721e-05,3.434831401413192e-05,5.8624183819162945e-06,3.6915431453706605e-05,2.4535749124462886e-05,2.2640660867374923e-05,2.650400315251137e-05,4.9859771360867925e-05,6.511365080086152e-06,1.8354572928693732e-05,1.6497041022061153e-05,3.16096832777873e-05,5.322053946715682e-06,6.928464278106733e-06,4.605056353037952e-06,6.665298022738407e-06,1.0957076425720314e-05,4.096621870843976e-06,8.148759044809905e-06,4.658241910487238e-06,6.058039228231355e-06,9.838932595382522e-06,5.502503536044565e-06,6.6234960667487484e-06,1.4606897286365196e-05,1.2027809193711998e-05,9.29414328975375e-06,3.7137091201368252e-06,1.092008305605976e-05,1.4518201253715279e-05,1.813699442772954e-05,0.00014022262192068288,1.166056127494105e-05,5.486085417700548e-06,1.0340700483920554e-05,2.4476635609128302e-05,5.565241749344254e-06,5.3326233881499055e-06,1.558310242511276e-05,5.1919750681527135e-06,4.59435292654232e-06,3.344524441176332e-05,4.545856085241584e-06,5.424607645774649e-06,3.6034999309524535e-05,7.702487393171458e-06,2.5769037730461733e-05,2.9330330481679127e-05,7.143017792440535e-06,2.754057748787361e-05,4.076454102980517e-05,5.283479770223894e-06,1.0929253160749376e-05,4.7316636377799936e-05,3.8793008017281825e-05,9.088235807009995e-06,9.239144833282599e-06,1.3636336918120169e-05,4.933577856237962e-06,9.962370002739485e-06,8.248113844285017e-06
PWY-7761,9.663528458011902e-06,3.604761932495845e-05,1.7872484125080435e-05,5.863550579895271e-05,2.9698737227934003e-05,4.0043391336114944e-05,4.442746942873391e-05,4.6191312569599e-06,2.657698322973068e-05,4.543760849460904e-05,5.059192817323807e-05,1.9169733214597902e-05,1.5388328793191935e-05,6.841610351557426e-05,3.043663897281805e-05,1.2712442960249213e-05,2.8046410035355762e-05,1.4519170273092088e-05,2.7370580400841822e-05,4.650818827219465e-05,3.4420743356680944e-05,2.561460168633214e-05,2.436147155718119e-05,5.573051977768183e-05,4.175112081359361e-05,1.5907060193613235e-05,4.274216882932898e-05,3.6114289353692564e-05,4.157479234219379e-05,1.5357117085155585e-05,1.8193728521322807e-05,4.2795540631580566e-05,2.9370485244218174e-05,7.84587040345155e-06,1.0219399820238405e-05,5.3633929600554824e-05,4.716179803735146e-05,3.191248695840812e-05,5.5878425247826735e-05,2.4744578824874152e-05,1.2346406921851939e-05,2.36480887621922e-05,1.199731852569072e-05,2.4161027092855863e-05,3.603512792447895e-05,1.3839779121811547e-05,5.0978258154934345e-05,1.1268350728418887e-05,1.4987411476094841e-05,3.956201771680933e-05,3.64576847918391e-05,2.2876936570791718e-05,2.821241561748936e-05,2.882480014456532e-05,1.9097775325176186e-05,4.2239133433955386e-05,1.1167391518649256e-05,2.0037900231411363e-05,3.0587154016276265e-05,2.511730726414073e-05,1.6471417087846352e-05,2.907298151716597e-05,1.5077271213424514e-05,1.8771304591675294e-05,1.0741080959783583e-05,5.144449700657422e-05,3.067222249890541e-05,9.055378663431079e-05,2.6547359851156643e-05,2.551254108383127e-05,1.495298284452232e-05,1.6710528702420325e-05,2.402215145295908e-05,7.32022489284629e-05,5.889663543370291e-05,1.0913453925998769e-05,1.403044957777873e-05,1.3952818107015852e-05,1.9008946728283457e-05
PYRIDNUCSAL-PWY,1.0907127112219973e-05,3.97969931446505e-05,1.9916269343647883e-05,5.604114943609995e-05,2.5694628452186116e-05,4.5289141402513e-05,5.005256081953575e-05,0.0,2.936888734867587e-05,5.1946565671591234e-05,5.404378681659833e-05,2.1920827852808312e-05,1.7483357444780025e-05,7.384560027383493e-05,3.324529533840805e-05,1.4461200717443222e-05,2.775311839441886e-05,1.5971500740938423e-05,3.176615826659263e-05,4.897424768712361e-05,3.74608857759023e-05,2.6385462342297404e-05,2.2681842024253015e-05,5.9427841698882764e-05,4.337603537948394e-05,1.811040986542965e-05,4.547668695041947e-05,3.6296635129474966e-05,4.598122149258077e-05,1.7947475329535775e-05,2.0987810631114267e-05,4.630647025432225e-05,3.2418572241362924e-05,8.988292503767377e-06,1.1482419207258328e-05,5.552543214947079e-05,4.8307079136612014e-05,3.561414619103214e-05,5.681729576529961e-05,2.7971550032303382e-05,9.665825623943996e-06,2.5496194276046572e-05,1.3850502870451082e-05,2.7854745920626503e-05,3.962032806486152e-05,1.5396643209068618e-05,5.7360130967857036e-05,1.3284289938524815e-05,1.7462239754275918e-05,4.0932392387894475e-05,3.8340820431742877e-05,2.5092746105032028e-05,3.145480959409946e-05,3.212553640961471e-05,1.7598768400238894e-05,4.744962973507135e-05,1.0455067734051177e-05,2.254903461816185e-05,3.472457648809413e-05,2.531322197877938e-05,1.871113148471015e-05,3.355275045062805e-05,1.7322667713951687e-05,2.180646123594455e-05,1.2459680114639373e-05,5.8038211220339785e-05,3.161503509265388e-05,9.627245403703486e-05,3.012165626798511e-05,2.662280255552006e-05,1.7154907734091278e-05,1.8746660395833057e-05,2.6852759055715197e-05,7.474174972796288e-05,6.386576126745162e-05,1.2828450557148497e-05,1.5407315469531696e-05,1.622844288734883e-05,2.2446210657441172e-05
PWY-5189,2.850125934511372e-05,2.3214673604424437e-06,4.376831895238664e-06,3.26191288861233e-05,0.00011850873254388808,0.00013171974878693288,5.589837659353873e-07,0.00013816510821936746,6.892220582023607e-06,6.373578034992477e-07,6.296473988961583e-07,1.7154952570032885e-05,7.99846859051215e-07,1.7917471579339303e-06,5.658571878091091e-07,1.0861171453232198e-06,1.3758299156893241e-06,1.0920405935056834e-06,1.1624543067807769e-05,7.403532703955729e-07,6.508377321750374e-06,6.08208388290628e-06,7.677012376477989e-06,8.713966235592328e-07,7.452152850366037e-07,7.353029305978061e-07,7.302934297531024e-05,1.0871207828555123e-06,1.0920691753228004e-06,8.588259212534301e-07,8.225497170275792e-06,2.538360038274707e-05,4.793234269192379e-05,5.375448762717477e-06,4.878182232218384e-06,3.7243062713492564e-05,1.0570326927388035e-06,1.0871896834106838e-06,1.059659316003965e-06,5.651138078507139e-06,1.0705224261179694e-06,5.729715891129361e-07,3.8083336936875855e-06,8.602966068639718e-07,9.749989618211448e-07,8.834372417266119e-07,5.551843733275989e-07,7.53481066486942e-06,5.9300834447686755e-06,2.568089308386405e-05,1.0987149386774228e-06,2.5646940496965292e-05,8.13911898368831e-06,1.066528293267955e-06,6.586889381835051e-07,6.385139816842392e-07,1.0360538416990221e-05,2.079678081878121e-05,5.740606806336156e-07,6.182010445226937e-07,6.24014172183018e-07,2.1114875397216e-05,9.90835268883804e-07,2.1258279245456404e-05,1.0888723439967344e-06,9.810267851239714e-07,8.52802660814495e-06,8.750432981987702e-05,6.308037825546236e-06,2.1407741634316917e-05,6.975224902980548e-06,1.1112082881467648e-06,5.829893978768151e-07,3.805841022039582e-05,1.083906339321978e-05,8.68582047994554e-07,6.949437949879552e-07,9.002217596528972e-06,8.695351590902065e-06
PWY-6897,6.624010624265821e-05,4.579827289357466e-05,5.6256554628182504e-05,8.322971270210926e-05,8.661083299401419e-05,0.0001326652408417022,6.778972565892971e-05,0.00015236418309443956,8.57505856936305e-05,4.79005658761696e-05,7.794373712708342e-05,6.0004724982283344e-05,2.7601308901007067e-05,8.32728811060003e-05,4.604194291493914e-05,8.953315645969195e-05,2.3111817660642335e-05,5.3338761079394185e-05,5.9331975044765595e-05,0.00011434321897766415,6.530817416115771e-05,5.7649115002189734e-05,1.3352128902719685e-05,5.4410143689367326e-05,7.679856142480493e-05,9.882337122405171e-05,7.624280337350018e-05,5.267055244862616e-05,8.217130088132598e-05,3.8518981716117686e-05,7.311941031562255e-05,7.905987851314487e-05,8.494737868950933e-05,6.284615632443788e-05,6.515375821629909e-05,6.180717127269251e-05,5.054497294703637e-05,9.358317179605824e-05,7.101270860671483e-05,8.293276191563197e-05,5.7217867803961196e-05,4.474678600418714e-05,4.495584228027439e-05,5.8674154776482274e-05,9.17053899546453e-05,0.00010153792800092514,7.024108602212355e-05,7.968579807039804e-05,9.43267097566711e-05,3.210425747757181e-05,5.9578737549337784e-05,3.5422993070527965e-05,7.342118636908028e-05,6.20813040584752e-05,4.561577406471513e-05,5.808546482445996e-05,7.722257214772689e-05,3.850282399455874e-05,5.8327221813275097e-05,3.9541701479392415e-05,2.7764167870302237e-05,7.161614603868731e-05,5.00311364527817e-05,7.196718786095246e-05,5.616785317727325e-05,6.890621359274913e-05,5.216409790853139e-05,9.878053562112106e-05,0.00010085473081923943,9.131291207242203e-05,5.344920853935055e-05,8.976423097420918e-05,7.847478778419291e-05,7.959046961568468e-05,8.957205441329496e-05,5.0154683265944645e-05,5.692723837152179e-05,3.9284510521470197e-05,8.066310094514854e-05
PWY-7357,4.770563696176653e-05,4.107161175455548e-05,3.950756900057835e-05,7.009771921829876e-05,7.135744027120335e-05,0.00013790054793887945,6.701017195820008e-05,0.00015620999007664725,0.00010108865811816162,6.484110836698045e-05,6.309324133931538e-05,5.1117101340590174e-05,5.754514560358158e-05,8.097292582596493e-05,5.188708565443381e-05,7.930977127955923e-05,1.5789285257547537e-05,5.0565350231433564e-05,5.5123158104620434e-05,0.00010202183467005333,6.1711747613109e-05,5.452117268030999e-05,1.0949091288370748e-05,5.308909605364648e-05,6.029591314080354e-05,7.7029324524386e-05,6.246506256382899e-05,4.6212471636474034e-05,9.859805978634292e-05,2.755559026512993e-05,5.7675720516222246e-05,7.266051315198848e-05,7.300383233378954e-05,5.2721518000589056e-05,5.903585732268979e-05,5.322434094075264e-05,3.6191567723745856e-05,9.430263022735264e-05,5.274697222409625e-05,7.585744615678051e-05,4.7213427341495934e-05,3.734444904855479e-05,3.6204723175278654e-05,8.04806939576736e-05,9.266980374512546e-05,8.3063737874884e-05,9.467889628606794e-05,9.016774026747688e-05,8.748747485224761e-05,2.2818158222806006e-05,4.614692959029653e-05,3.170129247085862e-05,7.949236151224095e-05,5.052685819661087e-05,4.8419822489423776e-05,5.4548605420256395e-05,6.950036288089589e-05,4.232469499220561e-05,4.8333653164176994e-05,3.595669469157219e-05,3.1163274516175775e-05,8.236035453389746e-05,6.163823460884008e-05,7.23761219726763e-05,4.8987315763090226e-05,5.8812778550018405e-05,4.499725723562785e-05,9.876770891110767e-05,9.847004807000232e-05,9.90950759421972e-05,4.2175988625096876e-05,8.536391616537542e-05,6.063964850363165e-05,8.251994798786263e-05,9.872832211534699e-05,8.17647502279711e-05,5.380104050088701e-05,3.555000284512287e-05,0.00014244388144472327
PWY-7238,0.00012414468328564722,0.00010632156675823403,7.288776113626046e-05,0.00015506300508290937,0.00023607783286525987,0.00028162028659800434,0.00019248733142560636,0.0002471500446105186,0.0001505642734254691,6.435465019722402e-05,6.282481338231013e-05,0.00013514676242938815,0.00016748912365025878,7.44857159882359e-05,0.00011348670953836229,4.1318593253964556e-05,7.412329857161214e-05,0.0001017179514508086,0.00022421112773525782,0.00013106459454957558,0.00017471748854383854,6.87660224220214e-05,5.2966860388723437e-05,0.0001618922384955834,0.0001552087400657964,0.00012197135776428814,0.0001294455129973785,9.813009456170619e-05,0.00017509190824557174,8.089115476546632e-05,6.729267426660947e-05,9.86653117506193e-05,0.00021247830208068693,4.565567771627605e-05,0.00011723547730218409,0.00012158339371042744,7.945162183635407e-06,0.00017817360241051454,0.00011122611140955095,0.00013460727637872754,2.1078054453452378e-05,7.361339182496176e-05,0.00011755603590507009,0.0001362328940300531,0.00014994879886510084,2.3955968283888494e-05,0.00014567820353916778,0.00019504570283387327,6.0031583792922514e-05,0.00013837264416382972,9.223487878245269e-05,0.00012683397283608165,0.0001459983848638671,0.00010461351316778098,0.00014860463228588122,0.0001468183833125997,0.00012365332557849588,0.00011551658275481635,0.00012715329463401068,7.653994065269691e-05,0.00012848833769026757,0.00022516567112005497,0.0001427183606905855,0.0001263353491976176,8.972214486712157e-05,0.00015917042465599058,9.985353765450919e-05,0.00024925859041605766,0.0001218916033271994,0.00032096340420293025,9.434871452998532e-05,8.821576410075487e-05,6.671024509105733e-05,0.0001738372154639832,0.00015981703448594703,0.00021732537191249766,8.018598388764537e-05,0.00018156734598489882,0.00022207017785110417
LIPASYN-PWY,4.05564e-10,2.0547369600000007e-07,4.05564e-10,1.082740099999998e-06,2.3018035999999997e-07,1.0408602599999978e-06,8.749148399999974e-07,1.9986837999999998e-07,9.648272e-08,0.0,0.0,9.99076e-10,8.745510399999973e-07,1.901635828000003e-06,8.749148399999974e-07,9.462743999999998e-09,0.0,0.0,8.749148399999974e-07,0.0,0.0,0.0,6.32858e-06,2.0790708000000006e-07,0.0,4.05564e-10,4.05564e-10,0.0,4.05564e-10,8.679272439999974e-07,9.331093519999972e-07,0.0,8.883885199999971e-07,0.0,8.749148399999974e-07,1.3610727000000004e-07,3.7985748000000006e-08,8.749148399999974e-07,4.05564e-10,0.0,0.0,8.757259679999975e-07,1.4058720000000002e-08,0.0,4.217616000000001e-08,1.2166919999999999e-09,0.0,0.0,0.0,2.26419e-05,0.0,1.4058720000000002e-08,1.4869848e-08,0.0,8.753204039999973e-07,0.0,0.0,8.671578799999974e-07,0.0,8.749148399999974e-07,0.0,8.753204039999973e-07,1.4464284000000001e-08,2.0385144000000002e-07,4.05564e-10,1.4464284000000001e-08,8.794106819999972e-07,6.54988e-06,8.671578799999974e-07,8.745928039999974e-07,0.0,8.749148399999974e-07,0.0,3.5838367999999997e-07,4.99538e-10,3.0335388e-07,8.862706319999973e-07,8.749148399999974e-07,1.2483545119999985e-06
PWY-7282,5.055419365732536e-05,2.0115716533273815e-05,4.037539635756283e-05,5.6902563582773906e-05,0.00010488316026745872,0.00015561699012078706,5.063617836356491e-05,0.00014159226983202755,4.218720209145247e-05,5.11673065344597e-05,3.9634213836842744e-05,4.194085429594167e-05,2.450508138413364e-05,3.8599828852446056e-05,3.230431517091821e-05,2.429710327730549e-05,2.0593170914423565e-05,3.2548882604732356e-05,2.310132015976988e-05,8.708079582851752e-05,2.7548776277793214e-05,4.210691089803679e-05,1.0500856387782552e-05,2.7420902405332234e-05,3.798067554622324e-05,3.968482133531541e-05,3.943777025851911e-05,4.209614038020469e-05,4.45585871841371e-05,2.0661688039189775e-05,1.778032431118217e-05,5.0492922636066875e-05,5.314626208637273e-05,3.275685019578737e-05,4.5279235909569967e-05,7.37578310973499e-05,1.742446337610661e-05,2.6033829864456897e-05,4.6764530337463975e-05,4.9401755756066686e-05,1.8604498674545986e-05,3.5804340457264836e-05,3.952564862918894e-05,2.721143066187518e-05,5.8972655686018674e-05,1.612305198540734e-05,3.318539922687532e-05,2.239245735102106e-05,7.586574449495796e-05,8.915067970071967e-06,5.3411086272183164e-05,2.24286145819459e-05,5.482690857198421e-05,4.8008061564614557e-05,3.776321309772621e-05,4.404426866997746e-05,6.0975579672715276e-05,3.739498011279631e-05,5.069831856070106e-05,2.2824886366777606e-05,1.2173906490835917e-05,3.837494124272695e-05,4.962382785354777e-05,2.5700517282013127e-05,4.617049134596137e-05,2.3955275317672154e-05,2.2172339573445152e-05,0.00011340169471210065,6.729495633100523e-05,2.0729277065948825e-05,4.722129098871614e-05,1.936131755482988e-05,4.447607630289463e-05,7.434584407627225e-05,8.864549170820971e-05,2.6250509167502913e-05,1.2373392294011676e-05,2.4866566221109982e-05,2.4024184771167844e-05
RHAMCAT-PWY,0.00012800865247756727,1.3483451829870997e-05,1.793606754444519e-05,8.248504213468357e-05,0.00012319644886343587,0.00012109007811628373,1.8268017838843628e-05,0.0001819915764385797,3.451029113948278e-05,3.647078755325716e-05,1.752361686528951e-05,4.870688979824168e-05,3.7769183990607496e-05,3.0199904915963055e-05,2.7466661267058293e-05,9.2265873770222e-06,6.577612264742886e-05,4.6359231051300984e-05,3.121970715120424e-05,6.339091836543632e-05,2.48766529979941e-05,3.964607048473736e-05,3.732754540236006e-05,2.059561719120809e-05,2.1215605675878364e-05,5.959093650319854e-05,9.166546857180755e-05,4.0134464376663315e-05,5.8913886893458606e-05,1.359987188544693e-05,4.5357746962436104e-05,0.000105342446887128,6.645762960715466e-05,6.63872046382355e-05,8.193652835154026e-06,8.166436980541624e-05,3.813231545926585e-05,4.522301528930864e-05,3.2674784317828e-05,3.930027033978201e-05,2.290089113423844e-05,3.182415409677619e-05,2.0853555430418505e-05,5.54396781632281e-05,2.2324661135061985e-05,2.6793930993233724e-05,4.731608045663193e-05,2.3113540839426047e-05,5.022585146055277e-05,9.611781146552886e-06,1.7615058570572776e-05,3.744486627260819e-05,2.8971697813121344e-05,2.8015634768907696e-05,1.8424039528593738e-05,1.8800191553501694e-05,3.666745896400212e-05,3.960685286761745e-05,2.7266068975634025e-05,1.1783503924328452e-05,2.5329594891922616e-05,4.8579210010150306e-05,3.155013962708005e-05,1.9068957315206607e-05,2.0666837706287667e-05,1.7518673202489137e-05,1.2527193491786274e-05,6.29059169810284e-05,2.1453904301328606e-05,4.841066299404192e-05,3.859442047943612e-05,1.3545155119282335e-05,2.2289406704616585e-05,8.457842749713931e-05,2.7530996025636245e-05,4.330523201899536e-05,2.241377016882681e-05,2.8542613895853137e-05,4.646881430380403e-05
PWY-6282,0.00015271922228966058,6.019634639744217e-05,8.266197694620453e-05,0.0001536586113810607,0.00012152866415022899,0.0001833740963411102,5.478107688585439e-05,0.00018316326525826535,7.72508692012995e-05,6.191685638315568e-05,0.00010750036278998772,0.00010334498083319753,6.0967899790069955e-05,0.00013596453927314318,2.831016497250376e-05,2.8947422232767636e-05,0.00018440774816671533,0.00013251385071469645,9.012276297452961e-05,0.00012889080588551882,5.9539201660142856e-05,8.617283046706476e-05,9.435594081423851e-05,0.00011135102949690959,0.00011813317527859,0.00014471895197201636,0.00010411768694076074,0.00010047681960584536,9.782007262519108e-05,0.00010584864080042725,1.6632395249662822e-05,0.00013438750913723874,0.00011598242029152194,9.380638901821657e-05,5.130451017296866e-05,8.717873354564431e-05,1.3932618599528546e-05,8.514873498287891e-05,8.716614327699742e-05,0.00011269758603727864,1.2192277751139174e-05,7.382884765025587e-05,7.500014459633842e-05,0.00010355795054313136,8.308775402903894e-05,3.2250418332153326e-05,0.00013800494133209805,0.00010031570419341021,9.744530895926896e-05,8.27263549551538e-05,0.0001001114498901845,7.020853979925114e-05,5.921606837074e-05,0.00010317389507905398,6.458735812834586e-05,6.550294724458294e-05,0.00016649736627680803,8.088976516633916e-05,7.627878860757469e-05,5.720707684565285e-05,3.829168078563562e-05,8.48328952976593e-05,6.049142660802741e-05,4.494419569078547e-05,0.00011282392903683019,8.475364921475855e-05,5.621633073769128e-05,0.00023722419257963458,3.674837460302574e-05,7.177655870525171e-05,0.00010077278808093741,6.196734024737743e-05,0.00010098798882691442,0.00017497923571706687,9.306913096154646e-05,5.9983313056485274e-05,1.0288021818117592e-05,9.18822775668836e-05,2.0307606456094972e-05
PWY-6478,1.831708311853408e-07,2.253763052753785e-07,3.4554275052764354e-07,7.939322148187726e-08,1.1221774882775372e-06,1.1068542281180555e-07,5.603609232261819e-08,7.615722407413395e-08,4.18419012399926e-08,7.475767308866125e-07,4.642537236240197e-07,7.185323709670226e-07,8.507841913759097e-08,3.12520615767336e-07,4.3458389647854944e-07,1.211997180243463e-08,3.9397199841801523e-07,2.174126954442462e-07,1.3149763807290862e-08,9.737633255839644e-08,7.0278931409747e-08,3.716169999480477e-07,3.726498129092954e-07,1.8273544190317346e-07,8.186669987277327e-08,2.704536929385893e-07,1.0386175860603695e-07,2.44475223783517e-07,1.6358141870157785e-07,4.362004512804308e-07,1.837443876749424e-08,4.371556697430674e-09,1.9021845351128276e-06,1.450626237240748e-07,9.874387573913139e-08,7.666784260885062e-08,2.5763560602486842e-09,3.4633472249592965e-09,5.356263892211789e-08,1.908130833699295e-08,1.2012280742746139e-08,3.472790973303282e-07,9.775849597599745e-09,3.625630771295182e-08,5.601591199057432e-08,1.976346646625532e-08,9.713144485056593e-08,9.091894551854497e-08,2.3008278223700238e-06,1.990985564605232e-06,1.6201499075242718e-07,4.647992900232501e-08,6.826619037094204e-08,4.269789680498625e-08,2.3826997121500232e-07,1.4067613007805068e-08,2.0230920382478747e-06,2.2668005636110252e-08,7.999903872058997e-10,4.3644539246401675e-07,1.0956613515052157e-08,7.892913431859873e-08,2.6519289030615255e-08,2.1655566648730384e-08,5.435939195727044e-08,2.38433607749157e-07,5.4139482576232286e-08,5.38182542739745e-07,2.2118098246646983e-08,1.8362472804935475e-07,4.6357646715846983e-07,1.3882021732439725e-07,2.2679272682830133e-08,1.3167518782702048e-07,1.480423828640888e-07,1.7574595169859898e-08,1.7477020151356993e-07,5.905848728339968e-08,4.662203158406546e-08
PWY-6519,9.658497079894322e-05,1.7122145468566463e-05,3.903858089895778e-05,7.29423593171803e-05,0.00011919808503665722,0.00012425784685755857,5.3973745538497874e-05,0.00011905169990459796,5.468026832348269e-05,6.1881990555243e-05,0.0001078276539026218,7.594036847376179e-05,5.7517791675722386e-05,4.3841677853920566e-05,1.7004562478409774e-05,2.044623520895249e-05,2.941301529730071e-05,6.480605705690459e-05,4.539618097382534e-05,9.630217699858202e-05,3.7904949581194426e-05,2.7472758675367566e-05,4.92565399071266e-05,8.768901488951104e-05,5.874986131836138e-05,0.00010252367155032691,0.00010139327873858017,4.676460851183634e-05,9.071170630615424e-05,3.8406659715307554e-05,1.2528745076658737e-05,0.0001073144785860536,8.882413624904986e-05,8.087942528311775e-05,2.9908514341603758e-05,8.65159126083313e-05,1.195011268001136e-05,5.368605266411345e-05,9.213289397442126e-05,8.724609363872675e-05,1.0519955180803604e-05,3.0640160592151595e-05,4.9878825791601474e-05,9.286592209851729e-05,7.408918323234503e-05,3.026673817350019e-05,9.713739330763452e-05,8.162964349633647e-05,0.00010600802695241042,7.866593493820374e-05,0.0001068398610971487,5.2000101905260486e-05,5.1802441225098704e-05,7.390097137996741e-05,2.7434501268690973e-05,4.44276655631951e-05,0.0001658140261492739,3.4097248546436466e-05,4.6204303208294545e-05,2.1224270830476588e-05,2.3615365617690976e-05,5.218175927212646e-05,5.140063431769479e-05,2.9699047371016328e-05,9.935987476353576e-05,2.0489505148128395e-05,3.7605331265654776e-05,0.0001785634701462858,4.106253601733148e-05,5.5260402356741515e-05,7.296710606053372e-05,2.085886748273457e-05,7.106905606355996e-05,0.00010237757595533305,0.0001034659642690914,2.5809309821070423e-05,9.506267094565359e-06,6.730759105232869e-05,1.9160035553932926e-05
PWY-6700,0.00010075617439365706,0.00011860656558913917,9.589362520940183e-05,7.85488254997565e-05,0.00011808230819231494,0.000159094689532636,0.00012110734757203659,0.00016793278615444932,0.00010602795196253282,0.00010237122258883656,0.00013472104911343527,8.324383679078514e-05,7.895446760115893e-05,0.0001445525226925689,0.0001017041282548021,0.00020878691299901447,6.087505360718635e-05,0.00012923195961779083,0.00012726288972579844,0.0001785417895675651,0.00011162393916927565,9.206393978349557e-05,7.507605365030157e-05,0.000138822603073342,0.0001045234537475483,0.00013608748798626198,0.00014051846946467518,0.00013241545028459613,0.00012153086284938256,9.448517255707165e-05,9.445436519845171e-05,0.00011457496422004309,0.0001265727078208955,8.685532514086963e-05,8.909301289222633e-05,0.00010764199911984806,0.00018854747171492508,0.00016239866954698373,0.00012489226112419162,0.0001269326262800429,0.00018680625770565697,8.803673448522646e-05,0.00012464958417282492,0.00014011333560297348,0.00011797167008500391,0.0001554517795492869,0.0001377129768412926,0.0001654702418341425,9.242538690986779e-05,0.00022835402213084463,0.00011673158010281506,6.492517538177223e-05,0.000106193158776987,0.00014114606850116742,9.504081579765242e-05,0.00011406435132470561,0.00017210087384120465,7.532193382950569e-05,0.00010697390601186882,8.4889379962644e-05,0.00014241091819991127,0.00014068626750906777,0.00011088487150871772,0.0001471518481700476,0.00017078025359825287,0.00014922158634109552,7.888404128075208e-05,0.00014475914001554663,0.0001308391581666714,0.00012853000922011907,0.000118301171791564,0.00010900187542821498,0.00017103951025569764,0.00012566383715049794,0.0001157136214614623,0.00013109133589367104,0.0001077762057287738,0.00016531337667204975,0.00016075381537736567
PWY-6807,7.215660100973783e-07,5.0709248184963015e-09,2.4948594840864783e-07,3.0373899326369755e-07,2.04125344843934e-08,1.4594890871826987e-07,4.056776589969872e-07,1.990927163070503e-07,2.172783986408556e-07,3.344530974044107e-05,3.53828365903108e-06,1.9979709176486037e-06,7.813439807313488e-07,8.102003420587145e-07,5.719396249495687e-07,7.511786078546561e-08,1.8967441353455244e-05,1.2048152010855584e-06,1.5127711004799155e-07,4.918444588213926e-07,9.806827457882656e-08,8.258103002110229e-07,3.4150793470673974e-07,1.3183977443577978e-06,1.2195401478794084e-06,2.090662400338345e-06,3.923512669928933e-06,7.003320383881388e-07,5.942447300876525e-07,2.244466250453019e-07,4.328711755462873e-07,6.137887935935221e-06,6.491230192470236e-06,6.756944434057184e-06,2.1362985852641147e-06,6.031900380981496e-06,1.7991083223635266e-06,2.3115121732269813e-07,1.6246872935932232e-05,2.045205508942923e-07,1.7931961547339575e-06,3.1814670266089616e-07,5.8397080920776306e-08,4.094503412923158e-07,1.3057530986318423e-06,1.0997832638271944e-05,3.096777422414732e-07,1.1276121104057531e-07,1.3270475047428977e-05,6.531556185546418e-07,1.4053106907946635e-05,6.398856240003135e-07,9.61183671946078e-07,9.839016645784548e-07,1.110682922513639e-06,2.435028748171611e-07,7.09717407001242e-06,3.961499558394589e-06,2.5365940227293616e-07,1.697356210952868e-07,2.7564368582678116e-08,4.285055534051483e-07,9.990774759007236e-07,1.7637373029410582e-06,1.1825403494069167e-05,1.496098867615773e-07,5.010187257657872e-07,1.6240796452704125e-07,1.1405755730975985e-06,7.4742256292554e-07,2.6549926347059157e-06,1.7863288006566884e-06,8.552040400936994e-07,1.5526792902896886e-07,3.739091689283071e-06,1.2559598830521338e-06,7.523571599812811e-08,7.404472518671847e-07,2.884403684880282e-06
PWY-6936,9.365892616733055e-05,4.09378273639923e-05,1.609466786064944e-05,0.00011853818106648099,0.00020654327832831694,0.00017932973359552405,1.5974064001996018e-05,0.0002232565821287443,1.4136199342985718e-05,2.807718680007203e-05,2.3778270374857098e-05,6.171888038640985e-05,1.7325590231675483e-05,1.0631427266057375e-05,1.570116104947477e-05,2.5104528832416065e-05,1.986074490526697e-05,1.8114778645725933e-05,3.60929653090023e-05,3.146149090664821e-05,1.5602753604719935e-05,2.5078083724733143e-05,1.0729771405568797e-05,7.105207036843529e-05,2.3711086262135053e-05,1.9140259875243954e-05,0.00014621572701718693,1.7542015086930914e-05,2.4651406204980048e-05,1.992527406450338e-05,3.942785444324504e-05,9.998455486092195e-05,0.0001090496525084744,3.3141223831591594e-05,1.0704921034752516e-05,0.00010901285207247333,2.5306756398234857e-05,2.1352911399741496e-05,1.0748475797105043e-05,1.7684105565135977e-05,2.5212047973661924e-05,1.5254752593092197e-05,1.2312544962411647e-05,3.7049034770885875e-05,2.4991700723602723e-05,1.8666125705157367e-05,3.365891801372313e-05,1.9834146133429468e-05,4.650351044519815e-05,4.019297879473705e-05,2.939363922749805e-05,3.252632616753839e-05,9.996660412823278e-06,3.9925004255985485e-05,4.594637474072661e-05,1.355376986566018e-05,3.1258282901119426e-05,2.8798005033798103e-05,2.7872549951965088e-05,2.1365431988832783e-05,1.6317822456497465e-05,6.79735084414029e-05,2.2430437408393594e-05,9.793596883686432e-06,1.6564552922921786e-05,1.5223610349791851e-05,2.2222509017784e-05,0.00015812006647145685,1.962660246371727e-05,0.00010124328226225212,3.999168507395705e-05,8.744274046040651e-06,4.3433424447147137e-05,0.00010845923142573085,3.396590558294643e-05,1.3308594354016734e-05,1.7474748000717354e-05,2.4195486730382335e-05,2.4043681322117976e-05
PWY-5989,0.00013763173787529083,8.520419819133353e-06,1.857162882013836e-05,0.00015207865095136168,0.0001287699855691323,0.00017663095476510302,1.0478330949250401e-05,0.00017822875634948833,2.5164782679641223e-05,3.5200699448460985e-05,3.833200353836619e-05,9.393936039239554e-05,3.746212493955535e-05,6.909071468225639e-05,1.6298219088782512e-05,7.005774786514497e-06,0.00014900870537328846,3.7107905837252805e-05,2.8811684410736034e-05,3.2079173136673424e-05,2.6250767451974998e-05,1.8361849514623685e-05,7.759004283376966e-05,3.3463735588020794e-05,4.285408243926038e-05,7.83151648527008e-05,0.00012025953447061021,5.027647334529833e-05,1.4387925697866817e-05,1.3297699769190286e-05,1.824161564724894e-05,0.0001477543843381301,0.00013390765175547585,3.1695321940934104e-05,3.834512917593008e-05,9.58474781875537e-05,3.2852132456654617e-06,2.0831956282033504e-05,4.143446971036832e-05,3.9373772763595915e-05,3.1165135545172796e-06,5.581778585970703e-06,1.4381016808591445e-05,1.0841567161710639e-05,2.082424826507505e-05,1.2038112894876653e-05,2.279324268426852e-05,1.2277546057785236e-05,2.804422362465845e-05,7.844784289997713e-05,4.411930977816616e-05,5.1625918112481854e-05,4.9197481613778565e-05,3.50026394436756e-05,2.0303129034136913e-05,5.238013683599714e-06,4.7634850930453004e-05,5.256775827977223e-05,1.1831066712076629e-05,1.6195795825938965e-05,6.560849578238443e-06,6.24773764348654e-05,1.9413757145479592e-05,3.7620917677721006e-05,1.0823984308008328e-05,1.0898662032621221e-05,3.5775044091152166e-05,0.00020055107866379077,2.4451355308182948e-05,7.471760126560315e-05,2.9743357043889415e-05,1.3194778619410896e-05,2.220568989945966e-05,0.00015311308704505315,1.5615684078252613e-05,3.681077947595296e-05,3.911146049958637e-06,3.36178988371443e-05,1.9360606154464758e-05
PWY-7664,0.00015032962428221112,6.22661707383123e-05,8.603872078132906e-05,0.00016127373899041622,0.0001292401969203882,0.00019045599270309303,5.867021134696105e-05,0.00018426950370637016,8.152939853586216e-05,6.491447835320138e-05,0.00010849588786953969,0.00010518817137738948,6.429008768903832e-05,0.0001383017907840322,2.7819760246910282e-05,2.8522691432566146e-05,0.000181093331749444,0.00013133637466771367,9.34394259123615e-05,0.00012967682124041113,5.9427317619687284e-05,8.644361774596983e-05,9.273027752198985e-05,0.0001158323812321937,0.00012164323220537335,0.00014517247505701407,0.000108264264470216,0.00010018716119219254,0.00010065165034295521,0.00010560980677875506,1.588264519526775e-05,0.0001376287558682419,0.00012001672119804246,9.694043522230645e-05,5.5745382654794755e-05,8.937491647209482e-05,1.5651087569737306e-05,8.940436073651903e-05,8.663646715683699e-05,0.00011216365306649595,1.1820021382451298e-05,7.314595516067773e-05,7.473026844653205e-05,0.00010738074007783809,8.381014487519523e-05,3.156396711363275e-05,0.00014077524727662712,0.00010571868655444156,0.0001012726331062298,9.084953370124766e-05,0.00010104669564674527,7.395117979198792e-05,6.303429998098623e-05,0.0001021963937689211,6.725794021143087e-05,6.440706679835822e-05,0.00016910886183084503,8.410504370357943e-05,7.580259094206127e-05,5.801662534581184e-05,4.1550326419924754e-05,8.996114570297959e-05,6.378611721528643e-05,4.772930057783318e-05,0.00011159164443427973,8.530658402400379e-05,5.8895577521544846e-05,0.00023993440306684108,3.9840963602807205e-05,7.77023945593057e-05,0.00010271461609403246,6.283344160457935e-05,0.00010125442192227295,0.0001851065326829387,9.086699789340755e-05,6.455477665242689e-05,1.1466500403551202e-05,9.06742627841039e-05,1.9454181203632178e-05
PWY0-1586,0.00015749109149707172,1.0976869524764326e-05,4.955204486237826e-05,0.00021643378997997014,0.0006209684965503164,0.00046091046536413756,5.6807363724243114e-05,0.00048819589534076005,0.00010817081361686673,7.033337273957e-05,5.4384423371852265e-05,0.00014790340399954685,7.543627483189199e-05,3.165275877595192e-05,6.688733152998041e-05,0.0001215823745450544,2.70931815074367e-05,7.505163770181392e-05,3.449205760055037e-05,0.00012378484221580883,3.5458303455400475e-05,9.046851391188336e-05,4.144362250143877e-05,7.012517527910706e-05,5.484425005796208e-05,0.00012024430958711396,0.0003682087080842743,8.422546654056736e-05,5.256071498960439e-05,5.616897193077544e-05,0.00013917809708560526,0.00018423081519868283,0.00027410047318732504,6.571866025195436e-05,5.5271351922602306e-05,0.00027230429971173087,0.00017991564458135154,6.764193562126418e-05,0.0001506431312014643,8.327179112239723e-05,0.00010660986676043793,1.6472341164076527e-05,9.058230644059471e-05,4.3225740428405695e-05,3.200581550343465e-05,0.00012799741461309963,5.603432119839733e-05,6.01265872908887e-05,9.578604321529523e-05,0.0001871569998921585,6.866278479829178e-05,4.990446186368484e-05,4.4269128620132285e-05,3.888972634504361e-05,5.535198568033149e-05,2.7393235232406474e-05,0.00015288888307875447,5.545066412523791e-05,3.218565220130395e-05,2.0066166256885108e-05,4.6066968674918946e-05,0.0001627002819405764,7.287489864169923e-05,4.748359611694276e-05,6.0907146188754405e-05,2.350372341653751e-05,5.9925162772500346e-05,0.0005203542457109791,7.093798311543174e-05,0.00020299137645184563,8.851743389432502e-05,2.1541292594566342e-05,5.821226907936589e-05,0.00032566794146935004,0.00012613551649100357,6.145172584319034e-05,7.344907085516159e-05,7.291757332915446e-05,0.00013495550440141769
PWY-8073,9.650022293683711e-05,6.4231862456939975e-06,2.5026387075979488e-05,0.00012351236650075885,0.00013722061959993038,0.000135967995655098,4.201811265753189e-05,0.00013028569856748367,4.3800355177316913e-05,1.2803299852535343e-05,5.2482088362625244e-05,7.591060498840097e-05,2.161203154234243e-05,2.3549227180110936e-05,1.6268127864356324e-05,5.782449520687326e-06,2.272237314764793e-05,3.514256594444556e-05,1.912623216941566e-05,6.131327467602841e-05,1.6713246191790455e-05,4.148023793575928e-05,2.7465894042642218e-05,5.3244300516238176e-05,6.718838804261508e-05,0.00010135828116638004,0.00011641756333977443,1.7627170938640662e-05,3.647540712175929e-05,6.083704898089585e-06,1.2062264660937811e-05,8.429415687403575e-05,9.329906570600362e-05,4.7734788340008494e-05,2.0606576239606574e-05,7.144031549171148e-05,5.9760620637380134e-06,1.5137992230579676e-05,4.506001384619337e-05,3.894721513993183e-05,6.000033972070715e-06,3.7163717634995025e-05,3.255654052079702e-05,1.8614274991268704e-05,7.152886466596884e-05,2.890624655204348e-05,6.034960409319997e-06,1.8878590000673095e-05,4.791953700525277e-05,5.396935143192705e-05,7.453890603863363e-05,4.637281316073426e-05,3.81283261504916e-05,2.1844802156837962e-05,1.795314988345466e-05,3.4561236441032745e-05,0.0001213031270245633,3.024401484767678e-05,2.780634049474193e-05,2.0852629429641362e-05,5.66161000265336e-06,2.7426646563224287e-05,3.9106217805397675e-05,6.110235435306197e-05,2.7602681299887194e-05,1.1192215401010405e-05,2.1037927548950094e-05,0.00011013315489978436,5.210062729435927e-05,4.1857089505456624e-05,4.2156438970323186e-05,5.151761828667633e-06,2.8426096203635107e-05,7.895753356175197e-05,8.265664925619982e-05,1.4404660195624273e-05,5.892514079904783e-06,2.8170040202088223e-05,5.2564421550154515e-06
PWY0-862,0.00013821847729786807,6.039497626156692e-05,8.413293396008567e-05,0.00015035719294359082,0.00012036830924186712,0.00017751547493997016,5.833639927859306e-05,0.00017142720686147192,7.902150411665284e-05,6.197790315420616e-05,0.00010736996645224043,0.00010180426952623559,6.166031579670414e-05,0.000133899377103764,2.5359707013116915e-05,2.6357040158421268e-05,0.00016453300285297729,0.00012511087935508753,9.096019762283218e-05,0.00012742820232122966,5.880845686130354e-05,8.61387260636526e-05,8.457067207830757e-05,0.00011434696677471957,0.00011712762810224023,0.00014057847527572514,0.0001034758008356099,9.85954467593813e-05,9.74628052097626e-05,0.00010429200541818966,1.2681411784163899e-05,0.00013494037150566803,0.00011681303320222928,9.578245316078637e-05,5.4777784513680934e-05,8.414267632924372e-05,1.4254826916756426e-05,8.590733121096117e-05,8.37853270509912e-05,0.00010926470750073792,1.0094127457539313e-05,6.954371896977969e-05,7.325414514267383e-05,0.00010165078881457139,8.3409748000957e-05,2.820235410201534e-05,0.00013560687838729465,0.00010844260998158345,9.719624044114546e-05,8.471154131952704e-05,9.955258589050188e-05,6.943481617680973e-05,6.121586823472256e-05,9.70474327964493e-05,6.544336408914679e-05,5.888972499059617e-05,0.00016605747580811302,8.006643381259043e-05,7.324204846941221e-05,5.817802000574129e-05,3.9837169568659974e-05,8.405145112332694e-05,6.114848171225048e-05,4.561626681974047e-05,0.00010515963183827684,8.550929615483813e-05,5.799935310939578e-05,0.00023409914878557046,3.7859491350028364e-05,7.34876564743744e-05,0.0001019746611270364,6.080263392813314e-05,9.98648353476505e-05,0.0001758465202223342,8.023554252463658e-05,6.245866461693195e-05,1.0559537110048171e-05,8.445613387860256e-05,1.574804466231203e-05
PWY66-389,3.3217683660130315e-05,2.271021759244171e-06,6.420002622036455e-07,2.4525984636127478e-05,6.602267350794234e-05,2.1881961307674237e-05,2.4970045921810536e-07,3.443413246884846e-05,1.8909090601059164e-06,6.408223030839311e-07,1.626097237320799e-06,1.0503722913870578e-05,8.802411615268968e-07,9.653471394893076e-06,5.874540658505471e-07,4.563929176898153e-06,1.2026438055863642e-06,4.397393057398148e-07,4.550555148107534e-07,4.653117695191813e-06,4.339687306090424e-05,1.1714699462694704e-05,6.705220542463667e-06,1.3238343890129565e-06,5.174113804809884e-07,5.042853885630595e-07,1.7306331396902314e-05,3.9790947629440636e-07,4.112244678687766e-07,4.819225690607016e-07,4.6371429841467826e-07,1.365369454995087e-05,3.313497020680959e-06,8.383047414918472e-06,1.373628790081118e-05,5.574989814268808e-06,9.581348565574442e-06,8.20262571084553e-06,9.8665533388526e-06,4.5926437325101735e-07,6.088210501423636e-07,1.4513400291378347e-06,1.8815212364396167e-06,5.382278069074994e-07,3.290867718104601e-07,6.146610133189562e-07,9.052443327928482e-07,2.332937704247079e-06,3.5606191435623746e-05,3.6345560395421946e-05,1.1851300707073444e-06,1.0911953496716622e-05,2.328992837942274e-06,7.122614841446801e-06,4.544315517565601e-07,5.816506771189855e-07,9.573274780175777e-06,2.987708575248149e-06,1.0870691471122303e-06,1.413003195837936e-06,4.955358223535624e-07,5.803352756320893e-06,9.977982995950207e-06,7.644746006489918e-06,1.266238646197711e-06,8.31539625419967e-06,2.4150290184611672e-05,0.00010830858084560404,3.7284318555656064e-07,3.2324904784455228e-06,3.372835788739233e-07,4.80179805102899e-06,9.413914792416695e-06,4.655373838802679e-06,1.488632393963649e-06,7.09985591394587e-07,8.250960450794136e-06,5.002214972669912e-07,7.755550587984665e-06
PWY-6749,0.0,0.0,0.0,1.092855081057043e-08,9.94636264241784e-08,9.945148182735126e-08,0.0,9.945316811362652e-08,0.0,0.0,0.0,0.0,5.656623249031136e-07,2.068016002432189e-08,0.0,0.0,0.0,0.0,0.0,0.0,0.0,0.0,0.0,0.0,0.0,0.0,0.0,0.0,0.0,0.0,0.0,1.069555600400507e-09,0.0,0.0,0.0,1.7328451083894755e-08,0.0,0.0,0.0,0.0,0.0,0.0,0.0,0.0,0.0,2.5346812717957076e-07,0.0,0.0,0.0,4.356055831669556e-09,0.0,4.3560530256109905e-09,0.0,0.0,0.0,0.0,2.962779812018837e-07,1.0695540293999029e-09,0.0,0.0,0.0,0.0,0.0,0.0,0.0,0.0,0.0,0.0,0.0,1.069557710989216e-09,0.0,0.0,0.0,1.974157076210951e-05,0.0,0.0,0.0,0.0,4.989088199125193e-07
