"","ERR688505_500K_merged_Abundance","ERR688506_500K_merged_Abundance","ERR688507_500K_merged_Abundance","ERR688508_500K_merged_Abundance","ERR688509_500K_merged_Abundance","ERR688510_500K_merged_Abundance","ERR688511_500K_merged_Abundance","ERR688512_500K_merged_Abundance","ERR688513_500K_merged_Abundance","ERR688514_500K_merged_Abundance","ERR688515_500K_merged_Abundance","ERR688516_500K_merged_Abundance","ERR688517_500K_merged_Abundance","ERR688518_500K_merged_Abundance","ERR688519_500K_merged_Abundance","ERR688520_500K_merged_Abundance","ERR688521_500K_merged_Abundance","ERR688522_500K_merged_Abundance","ERR688523_500K_merged_Abundance","ERR688524_500K_merged_Abundance","ERR688525_500K_merged_Abundance","ERR688526_500K_merged_Abundance","ERR688527_500K_merged_Abundance","ERR688528_500K_merged_Abundance","ERR688529_500K_merged_Abundance","ERR688530_500K_merged_Abundance","ERR688531_500K_merged_Abundance","ERR688532_500K_merged_Abundance","ERR688533_500K_merged_Abundance","ERR688534_500K_merged_Abundance","ERR688535_500K_merged_Abundance","ERR688536_500K_merged_Abundance","ERR688537_500K_merged_Abundance","ERR688538_500K_merged_Abundance","ERR688539_500K_merged_Abundance","ERR688540_500K_merged_Abundance","ERR688541_500K_merged_Abundance","ERR688542_500K_merged_Abundance","ERR688543_500K_merged_Abundance","ERR688544_500K_merged_Abundance","ERR688545_500K_merged_Abundance","ERR688546_500K_merged_Abundance","ERR688547_500K_merged_Abundance","ERR688548_500K_merged_Abundance","ERR688549_500K_merged_Abundance","ERR688550_500K_merged_Abundance","ERR688551_500K_merged_Abundance","ERR688552_500K_merged_Abundance","ERR688553_500K_merged_Abundance","ERR688554_500K_merged_Abundance","ERR688555_500K_merged_Abundance","ERR688556_500K_merged_Abundance","ERR688557_500K_merged_Abundance","ERR688558_500K_merged_Abundance","ERR688559_500K_merged_Abundance","ERR688560_500K_merged_Abundance","ERR688561_500K_merged_Abundance","ERR688562_500K_merged_Abundance","ERR688563_500K_merged_Abundance","ERR688564_500K_merged_Abundance","ERR688565_500K_merged_Abundance","ERR688566_500K_merged_Abundance","ERR688567_500K_merged_Abundance","ERR688568_500K_merged_Abundance","ERR688569_500K_merged_Abundance","ERR688570_500K_merged_Abundance","ERR688571_500K_merged_Abundance","ERR688572_500K_merged_Abundance","ERR688573_500K_merged_Abundance","ERR688574_500K_merged_Abundance","ERR688575_500K_merged_Abundance","ERR688576_500K_merged_Abundance","ERR688577_500K_merged_Abundance","ERR688578_500K_merged_Abundance","ERR688579_500K_merged_Abundance","ERR688580_500K_merged_Abundance","ERR688581_500K_merged_Abundance","ERR688582_500K_merged_Abundance","ERR688583_500K_merged_Abundance","ERR688584_500K_merged_Abundance","ERR688585_500K_merged_Abundance","ERR688586_500K_merged_Abundance","ERR688587_500K_merged_Abundance","ERR688588_500K_merged_Abundance","ERR688589_500K_merged_Abundance","ERR688590_500K_merged_Abundance","ERR688591_500K_merged_Abundance","ERR688592_500K_merged_Abundance","ERR688593_500K_merged_Abundance","ERR688594_500K_merged_Abundance","ERR688595_500K_merged_Abundance","ERR688596_500K_merged_Abundance","ERR688597_500K_merged_Abundance","ERR688598_500K_merged_Abundance","ERR688599_500K_merged_Abundance","ERR688600_500K_merged_Abundance","ERR688601_500K_merged_Abundance","ERR688602_500K_merged_Abundance","ERR688603_500K_merged_Abundance","ERR688604_500K_merged_Abundance","ERR688605_500K_merged_Abundance","ERR688606_500K_merged_Abundance","ERR688607_500K_merged_Abundance","ERR688608_500K_merged_Abundance","ERR688609_500K_merged_Abundance","ERR688610_500K_merged_Abundance","ERR688611_500K_merged_Abundance","ERR688612_500K_merged_Abundance","ERR688613_500K_merged_Abundance","ERR688614_500K_merged_Abundance","ERR688615_500K_merged_Abundance","ERR688616_500K_merged_Abundance","ERR688617_500K_merged_Abundance","ERR688618_500K_merged_Abundance","ERR688619_500K_merged_Abundance","ERR688620_500K_merged_Abundance","ERR688621_500K_merged_Abundance","ERR688622_500K_merged_Abundance","ERR688623_500K_merged_Abundance","ERR688624_500K_merged_Abundance","ERR688625_500K_merged_Abundance","ERR688626_500K_merged_Abundance","ERR688627_500K_merged_Abundance","ERR688628_500K_merged_Abundance","ERR688629_500K_merged_Abundance","ERR688630_500K_merged_Abundance","ERR688631_500K_merged_Abundance","ERR688632_500K_merged_Abundance","ERR688633_500K_merged_Abundance","ERR688634_500K_merged_Abundance","ERR688635_500K_merged_Abundance","ERR688636_500K_merged_Abundance","ERR688637_500K_merged_Abundance","ERR688638_500K_merged_Abundance","ERR688639_500K_merged_Abundance","ERR688640_500K_merged_Abundance","ERR688641_500K_merged_Abundance","ERR688642_500K_merged_Abundance","ERR688643_500K_merged_Abundance","ERR688644_500K_merged_Abundance","ERR688645_500K_merged_Abundance","ERR688646_500K_merged_Abundance","ERR688647_500K_merged_Abundance","ERR688648_500K_merged_Abundance","ERR688649_500K_merged_Abundance","ERR688650_500K_merged_Abundance","ERR688651_500K_merged_Abundance","ERR710424_500K_merged_Abundance","ERR710425_500K_merged_Abundance","ERR710426_500K_merged_Abundance","ERR710427_500K_merged_Abundance","ERR710428_500K_merged_Abundance","ERR710429_500K_merged_Abundance","ERR710430_500K_merged_Abundance","ERR710431_500K_merged_Abundance","ERR710432_500K_merged_Abundance"
"UNMAPPED",0.452468,0.56039,0.472405,0.488663,0.45737,0.340651,0.345959,0.358975,0.189926,0.544875,0.59851,0.42283,0.640414,0.383048,0.362644,0.446463,0.379555,0.383606,0.538924,0.582625,0.594083,0.438,0.588347,0.612058,0.574347,0.430949,0.262245,0.30179,0.460841,0.142412,0.396809,0.422891,0.303285,0.399708,0.327044,0.551484,0.329669,0.368915,0.296632,0.492211,0.523302,0.483822,0.546579,0.276284,0.358093,0.352369,0.536481,0.434561,0.581351,0.278611,0.46202,0.486201,0.211306,0.526805,0.521321,0.164108,0.221274,0.231923,0.325832,0.507994,0.634159,0.341749,0.47409,0.395593,0.554398,0.400585,0.372727,0.369347,0.437194,0.551538,0.539635,0.568579,0.403817,0.505222,0.641269,0.285624,0.501008,0.623631,0.35372,0.319494,0.477536,0.52227,0.354795,0.270276,0.529525,0.577139,0.29851,0.531533,0.541319,0.255748,0.262067,0.448397,0.522082,0.310097,0.351718,0.576646,0.414724,0.340949,0.392214,0.521489,0.437127,0.336623,0.344113,0.491078,0.530044,0.65749,0.552055,0.343276,0.432119,0.625012,0.273228,0.376778,0.378882,0.541456,0.508053,0.357394,0.346015,0.495888,0.465149,0.503843,0.442028,0.633953,0.619901,0.455026,0.447483,0.62028,0.224324,0.254059,0.567765,0.608105,0.64844,0.430023,0.369758,0.0819884,0.513194,0.370094,0.381715,0.467957,0.296317,0.421512,0.330609,0.4611,0.4893,0.179559,0.469343,0.402087,0.496852,0.538051,0.402857,0.437254,0.533205,0.508664,0.506547,0.394849,0.505932,0.554206
"UNINTEGRATED",0.511157,0.415527,0.495274,0.485474,0.504202,0.613549,0.605598,0.596126,0.740075,0.428596,0.381257,0.531573,0.342806,0.57615,0.587495,0.516086,0.578183,0.575559,0.429778,0.399499,0.384483,0.525387,0.393945,0.371675,0.408102,0.528714,0.6796,0.644065,0.501406,0.783949,0.556969,0.540004,0.647712,0.561043,0.627417,0.420322,0.625871,0.589554,0.649076,0.485668,0.447039,0.481652,0.426854,0.662678,0.601476,0.60423,0.44389,0.524413,0.392644,0.66588,0.499151,0.480718,0.72535,0.44583,0.447273,0.76191,0.733855,0.703947,0.625237,0.45858,0.346537,0.612914,0.490459,0.57035,0.422653,0.565617,0.586272,0.590063,0.528162,0.425424,0.436179,0.408215,0.552037,0.471884,0.343936,0.651512,0.469164,0.364283,0.612683,0.628858,0.48325,0.454461,0.606884,0.678596,0.440069,0.398171,0.649498,0.438367,0.434633,0.687973,0.670984,0.512069,0.44965,0.639281,0.597021,0.407728,0.557228,0.617624,0.569063,0.450225,0.524657,0.6153,0.618893,0.47491,0.441388,0.325457,0.419135,0.600536,0.523888,0.361589,0.66505,0.571315,0.574492,0.432164,0.463017,0.598352,0.600031,0.47123,0.498423,0.469106,0.523262,0.349613,0.360454,0.50917,0.517358,0.361977,0.713629,0.678693,0.409355,0.372999,0.334811,0.538045,0.608212,0.847963,0.459757,0.575405,0.582798,0.50441,0.677875,0.548697,0.623586,0.509255,0.479172,0.78449,0.503604,0.567062,0.47369,0.438816,0.568487,0.537774,0.444036,0.467271,0.469992,0.567016,0.46909,0.42594
"12DICHLORETHDEG-PWY: 1,2-dichloroethane degradation",0,0,0,0,0,0,0,0,0,0,0,0,0,0,0,0,0,0,0,0,0,0,0,0,0,0,0,0,0,0,0,0,0,0,0,0,0,0,0,0,0,0,0,0,0,0,0,0,0,0,0,0,0,0,0,0,0,0,0,0,0,0,0,0,0,0,0,0,0,0,0,0,0,0,0,0,0,0,0,0,0,0,0,0,0,0,0,0,0,0,0,0,0,0,0,0,0,0,0,0,0,0,0,0,0,0,0,0,0,0,0,0,0,0,0,0,0,0,0,0,0,0,0,0,0,0,0,0,0,0,0,0,0,0,0,0,0,0,0,0,0,0,0,0,0,0,0,0,0,0,0,0,0,0,0,0
"1CMET2-PWY: folate transformations III (E. coli)",0.000319253,0.000146144,0.000236084,0.000382436,0.000322328,0.000327051,0.000309455,0.000444106,0.000310554,0.000241106,0.000162039,0.000270073,0.000183435,0.000378593,0.000426461,0.000261782,0.000368425,0.000332936,0.00031481,0.00018935,0.000222148,0.000298213,0.000212865,0,6.24055e-05,0.000333441,0.000490463,0.000336527,0.000286318,0.000213936,0.000400175,0.000304743,0.000465458,0.000374157,0.000547601,0.000266792,0.000249657,0.000350575,0.000243754,0.000285243,0.00023663,0.000381694,7.44105e-05,0.000194819,0.000317625,0.000339056,0.000178236,0.000443886,0.000205813,0.000488132,0.000259535,0.000221201,0.000314261,5.4926e-05,0.000168671,0.000221495,0.000260177,0.000347441,0.000399684,0.000232465,0.000213285,0.000398864,0.000274468,0.000287632,0.000229947,0.000129744,0.000289985,0.000263077,0.000267711,0.000223059,0.000248713,0.000203887,0.000220948,0.0002087,0.000119135,0.000298922,0.000245441,0,0.000141366,0.000427766,0.000184941,0.000274743,0.000346142,0.000416309,0.000250334,0.000162574,0.000440255,0.000187335,0.000114255,0.000486421,0.000227464,0.000334526,0.000295529,0.000320848,0.000489038,9.10638e-05,0.000204881,0.000395385,0.000322611,0.000197176,0.000164192,0.000413622,0.000407882,0.000284175,0.000278542,0.00011516,0.000229832,0.000289269,0.000155911,0.000143661,0.000558266,0.000327914,0.000316881,0.000110032,0.00022658,0.000362077,0.0003314,0.000292397,0.000301107,0.000242543,0.00031921,6.34561e-05,0.000185636,0.000366125,0.000336769,0.00023376,0.000394754,0.000234666,0.000168095,8.21983e-05,0.000116377,0.00034316,0.000174146,0.000181392,0.000233028,0.000237111,0.000402443,0.000272301,0.000184904,0.000341561,0.000337503,0.000306402,0.000188788,0.000531823,0.000183535,0.000380111,0.000231602,0.000161954,0.000372494,0.000283697,0.000172757,0.000203777,0.000195557,0.000398971,0.000228638,7.25712e-05
"3-HYDROXYPHENYLACETATE-DEGRADATION-PWY: 4-hydroxyphenylacetate degradation",0,0,0,0,0,0,0,0,5.58069e-05,0,0,3.78783e-05,0,0,0,0,0,0,0,0,0,0,0,0,0,0,0,0,0,9.8371e-05,0,0,0,0,0,0,0,0,4.15869e-05,0,0,0,0,0,0,0,0,0,0,0,0,0,3.98394e-05,0,0,0,0,0,0,0,0,0,0,0,0,2.50715e-05,0,0,0,0,0,0,4.3601e-05,0,0,5.57435e-05,0,0,0,0,0,0,0,0,0,0,0,0,0,0,0,0,0,0,0,0,0,0,0,0,0,0,0,0,0,0,0,4.02487e-05,0,0,0,0,0,0,0,0,3.24512e-05,0,0,0,0,0,0,0,0,0,0,0,0,0,0,0,0,1.5905e-05,0,3.00708e-05,0,0,0,0,0,0,0,0,0,0,0,0,0,0,0,0,0,0,0,0
"AEROBACTINSYN-PWY: aerobactin biosynthesis",0,0,0,0,0,0,0,0,0,0,0,0,0,0,0,0,0,0,0,0,0,0,0,0,0,0,0,0,0,0,0,0,0,0,0,0,0,0,0,0,0,0,0,0,0,0,0,0,0,0,0,0,0,0,0,0,0,0,0,0,0,0,0,0,0,0,0,0,0,0,0,0,0,0,0,0,0,0,0,0,0,0,0,0,0,0,0,0,0,0,0,0,0,0,0,0,0,0,0,0,0,0,0,0,0,0,0,0,0,0,0,0,0,0,0,0,0,0,0,0,0,0,0,0,0,0,0,0,0,0,0,0,0,7.73751e-05,0,0,0,0,0,0,0,0,0,0,0,0,0,0,0,0,0,0,0,0,0,0
"ALL-CHORISMATE-PWY: superpathway of chorismate metabolism",0,0,0,0,0,0,0,0,0,0,0,0,0,0,0,0,0,0,0,0,0,0,0,0,0,0,0,0,0,0,0,0,0,0,0,0,0,0,0,0,0,0,0,0,0,0,0,0,0,0,0,0,0,0,0,0,0,0,0,0,0,0,0,0,0,0,0,0,0,0,0,0,0,0,0,0,0,0,0,0,0,0,0,0,0,0,0,0,0,0,0,0,0,0,0,0,0,0,0,0,0,0,0,0,0,0,0,0,0,0,0,0,0,0,0,0,0,0,0,0,0,0,0,0,0,0,0,0,0,0,0,0,0,0,0,0,0,0,0,0,0,0,0,0,0,0,0,0,0,0,0,0,0,0,0,0
"ALLANTOINDEG-PWY: superpathway of allantoin degradation in yeast",0,0,0,0,0,0,0,0,5.46951e-05,0,0,0,0,0,0,0,0,0,0,0,0,0,0,0,0,0,0,0,0,0,0,0,0,0,0,0,0,0,0,0,2.18947e-05,0,0,0,0,0,0,0,0,0,0,0,6.64585e-05,0,0,0,0,0,0,0,0,0,5.13743e-05,0,0,0,0,0,0,0,0,0,0,0,0,4.80502e-05,0,0,0,0,0,0,0,0,0,0,0,0,0,0,0,0,0,0,0,0,0,0,0,0,0,0,0,0,0,0,0,0,3.14991e-05,0,0,0,0,0,0,0,0,0,0,1.7954e-05,0,0,0,0,0,0,0,0,0,0,0,0,0,0,0,0,0,0,0,0,0,0,0,0,0,0,0,0,0,0,0,0,0,0,0,0
"ANAEROFRUCAT-PWY: homolactic fermentation",0.00026032,0.000204464,0,0.000147564,0.000129958,0.000243501,0.0003225,0.000258713,0.000321036,0,0.000116436,0.000266782,4.99362e-05,0,0.000204669,0,0.000234809,0.00013094,0.000107599,9.35854e-05,0.000148037,0,0.000108811,0.000112024,7.76849e-05,0.000244947,0.000242648,0.000290625,0.000170513,0.000260125,0.000191753,0.000170825,0.000217571,0.000179065,0.000100332,0.000167655,0.000275627,0,0.000265456,0.000106007,0.000161451,0,0,0.000307217,0,0.000338736,8.77699e-05,0.000260844,0,0.000399059,0.000222313,0.000305849,0.000314113,0.000168977,0.000188483,0.000335534,6.49943e-05,0.000351737,7.2083e-05,0.000197249,9.37964e-05,0,0.000206105,0,0.000132187,0.000150392,0.000225649,0.000241324,0.000172164,0,6.0474e-05,9.78352e-05,0.000220374,0.000106843,8.89751e-05,0.000304676,0.000190332,0.00011115,0.000144738,0.000399485,0.000305865,8.02376e-05,0,0,0.000239005,0.00013442,0.000353211,0.000238293,0.000107078,0.000445809,0.000291239,0.000323717,9.54768e-05,0.000218889,0.000189306,8.81882e-05,0,0.000108159,0,0.000158019,0.000363547,0.000199259,0,0.000160645,0,0.000175326,0,0.00026583,0.000252815,0,0.000498167,0.00026021,0.000319929,0.000151079,0.000201045,0.000113403,0.000211044,0,0.000195382,8.46184e-05,0.000121873,8.81574e-05,7.45842e-05,0.000155437,0.000255384,0,0.000296147,0.000253362,0.00015779,0,0.000134509,0.000100385,0.00012292,0.000298186,0.000119118,0.000314384,0.000118865,0.000181953,0.000115732,0.000132815,0.000247368,6.77705e-05,0.000203946,0,0.000199088,0.000112551,9.79847e-05,4.73488e-05,9.90985e-05,9.69526e-05,0,0.00011593,0,0.000252945,0.000105164,8.33432e-05
"ANAGLYCOLYSIS-PWY: glycolysis III (from glucose)",0.000419731,0.00031644,0.000474188,0.000232784,0.000478966,0.000502762,0.000607515,0.000567423,0.00041636,0.000404507,0.000236112,0.000374533,0.000140478,0.000509794,0.000579658,0.000242311,0.000566463,0.000514479,0.000418157,0.000224624,0.000292389,0.000422564,0.000189375,0.000239304,0.000179534,0.000404167,0.000633368,0.000490088,0.000467348,0.000319242,0.000611557,0.000427589,0.000677942,0.000575378,0.000664909,0.000347594,0.000293964,0.000598044,0.000353022,0.000231685,0.000251608,0.000454867,0.000349792,0.000344102,0.000545348,0.000591371,0.000170765,0.000566635,0.00032733,0.000545137,0.000392855,0.000416443,0.000365358,0.000323242,0.000326605,0.000360875,0.000628678,0.000452152,0.000658484,0.000357186,0.000239004,0.000679202,0.000329227,0.000503226,0.000206461,0.000197951,0.000495776,0.000555085,0.000302087,0.0001987,0.000183195,0.000282101,0.000316652,0.000314687,0.000116928,0.000346462,0.00027269,0.000238795,0.000242266,0.00057149,0.000414269,0.000318776,0.00050711,0.000650245,0.000376017,0.00023162,0.000593627,0.00031305,0.000229561,0.000668979,0.000351821,0.000445187,0.000422148,0.000559692,0.000608148,0.000135188,0.000379544,0.00053338,0.000522191,0.000221384,0.000436477,0.000803504,0.000419168,0.000479576,0.00033811,0.000287739,0.000408632,0.000408145,0.000365246,0.000180903,0.000679941,0.000531484,0.000519132,0.00025208,0.000366118,0.000637745,0.000452765,0.000430866,0.000447107,0.00017538,0.00052427,0.000159899,0.000203335,0.000429298,0.000356696,0,0.000407483,0.00032313,0.00031857,0,0.000192263,0.000448408,0.000462788,0.000365252,0.000219575,0.000356202,0.00046283,0.000278817,0.000375058,0.000369267,0.000412147,0.000393706,0.000379987,0.000176357,0.000333627,0.000286411,0.000302273,6.94291e-05,0.000143422,0.00027251,0.00023114,0.000174254,0.000251309,0.000402,0.000377462,0.000124185
"ARG+POLYAMINE-SYN: superpathway of arginine and polyamine biosynthesis",0,0,0,0,0,0,0,0,0.000292921,0,0,0.000246703,0,0,0,0,0,0,0,0,0,0,0,0,0,0,6.03264e-05,9.04738e-05,0,0.000344316,0,0,0,0,0,0,0.000160341,0,0.000222298,0,0.000105832,0,6.99569e-05,0.00025972,7.36231e-05,0,0,0,0,0,0,0,0.000213358,0,0.000130846,0.00035683,0,0.000190578,0,6.04316e-05,0,0,0.00012595,0,0,0.000158531,0,0,0,0,0,0,0.000193338,0,0,0.000262972,8.30143e-05,0,9.72956e-05,0,0,5.64093e-05,0,0,0,0,0,0,0,0,0.000257318,0,0,0,0,0,0,0,0,8.5911e-05,0,0,0,0,0,0,0,0.000183798,0,0,0,0,0,0,7.07938e-05,0,0.000103096,0,0,0,0.00011045,0,0,0,7.94157e-05,0,0.000251596,0.000280245,0,0,0,0,0,0.000304824,0,0.000132662,0,0.000131023,0,0,0.000164107,0,5.05096e-05,0,0,0,0.000131131,0,0,0,0,0,0,0,0,0
"ARGDEG-PWY: superpathway of L-arginine, putrescine, and 4-aminobutanoate degradation",0,0,0,0,0,0,0,0,4.70117e-05,0,0,3.34826e-05,0,0,0,0,0,0,0,0,0,0,0,0,0,0,0,0,0,2.146e-05,0,0,0,0,0,0,1.93005e-05,0,1.72243e-05,0,0,0,0,3.01393e-05,0,0,0,0,0,0,0,0,6.30452e-05,0,1.76857e-05,0,0,1.96448e-05,0,0,0,0,0,0,0,0,0,0,0,0,0,0,2.82135e-05,0,0,6.94851e-05,0,0,1.35363e-05,0,0,0,0,0,0,0,0,0,0,0,7.38792e-05,0,0,0,0,0,0,0,0,0,0,0,0,0,0,0,0,0,0,0,0,0,0,0,0,0,0,0,0,0,0,0,0,0,0,0,0,0.000122407,0,0,0,0,0,0,0,0,0,0,0,0,0,0,0,0,0,0,0,0,0,0,0,0,0,0,0,0
"ARGININE-SYN4-PWY: L-ornithine biosynthesis II",0.000163053,0,0,0,0,0,0,0,0.000183993,0,0,7.04252e-05,0,0,0,5.53112e-05,0,0,0,7.48419e-05,0,0,4.48038e-05,0,4.1273e-05,0,0,9.57865e-05,6.98664e-05,0.000285636,0,0,0,0,0,6.49447e-05,0.000171102,0,0.000282037,0,5.45751e-05,0,0,0.000120051,3.80135e-05,0,0,0,0,0,0,0,0.000108495,0,5.65929e-05,0.000257141,0,9.97932e-05,0,0,4.26967e-05,0,6.75115e-05,0,0,9.66975e-05,0,0,0,0,0.000149773,7.96272e-05,0.000168815,0.000145764,9.88788e-05,8.16572e-05,0.000210854,0,0.000149952,0,0,0.000137579,0,0,0,8.33972e-05,0,0,0,0,0.000197192,0,0,0,0,0,0,0,0,7.57494e-05,0,0,0,0,0,0,0,0.000147258,3.5928e-05,0,0,0,0,4.40064e-05,0.00013368,0,3.13453e-05,0,0,0,8.21093e-05,0,5.68639e-05,0,0.000150473,5.67166e-05,0.000242405,0.000183094,0.000120743,8.75565e-05,0,0,0,0.00027783,0.000139083,2.07235e-05,0,0.000101344,3.28794e-05,0.000193193,8.80583e-05,5.57419e-05,5.16796e-05,0.000468711,0.000138729,0.000335152,0,0.00012691,0.000298584,0,9.06979e-05,0.000107707,6.27107e-05,0,9.86353e-05,0.00010414
"ARGSYN-PWY: L-arginine biosynthesis I (via L-ornithine)",0.000466192,0.000336419,0.000573634,0.000475375,0.000689682,0.000487165,0.000541404,0.000460799,0.000427013,0.000435591,0.000246139,0.00047662,0.000165821,0.000582847,0.000653207,0.000751471,0.000533134,0.00047606,0.000531378,0.000122622,0.00034123,0.000470495,0.00031033,0.000341245,0.000268552,0.000608517,0.000697682,0.000469315,0.000325135,0.000361361,0.000574463,0.000374797,0.000625774,0.000508096,0.0005522,0.000330696,0.000265922,0.000552197,0.000314984,0.000323911,0.000321242,0.000443205,0.000477327,0.000386636,0.000470977,0.000633191,0.000391422,0.000561053,0.000409755,0.00054116,0.000652042,0.000437286,0.000347416,0.000499211,0.000415162,0.000454839,0.000515486,0.000517563,0.00051124,0.000467319,0.000234247,0.000797115,0.000299952,0.000465258,0.000285393,0.000224073,0.000430444,0.000567632,0.000447755,0.00030778,0,0.000322853,0.000244911,0.000179205,0.00016711,0.000380242,0.000257673,0.000131989,0.000148652,0.000606488,0.000414964,0.000278312,0.000419396,0.000740147,0.00041195,0.000258109,0.000620865,0.000421855,0.000479303,0.000610097,0.000333025,0.000513292,0.000433031,0.000606645,0.000573651,0.000240563,0.000547886,0.000687258,0.000486098,0.000354944,0.000467732,0.000491804,0.000462733,0.000553676,0.000339913,0.00022586,0.000414369,0.000428414,0.000566706,0.000215227,0.000685609,0.000606366,0.000633135,0.000330301,0.00030833,0.000676355,0.00046999,0.0004165,0.000479182,0.000330401,0.000483636,0.000221043,0.000265857,0.000398329,0.00028308,0.000316734,0.000322822,0.000307431,0.000332145,0.000199811,0.000265595,0.000429832,0.00011157,0.000296244,0.000267276,0.000367548,0.000465668,0.000279575,0.000117491,6.02153e-05,0.000320685,0.000462104,0.000388263,3.59829e-05,0.000370862,0.000179577,0.000306384,0.000389489,0.00020434,0.000368695,0.000308335,0.000363705,0.000443601,0.000359834,0.000353546,0.000267362
"ARGSYNBSUB-PWY: L-arginine biosynthesis II (acetyl cycle)",0.000484576,0.000343583,0.000606967,0.000562941,0.000697396,0.000529084,0.000623075,0.000522401,0.000433873,0.000443784,0.000299076,0.000486204,0.000168645,0.000615517,0.00071886,0.000759686,0.000514581,0.000568185,0.000581258,0.000177136,0.000376131,0.000505225,0.000272919,0.000360487,0.000283125,0.000646834,0.000722073,0.000453722,0.000399461,0.000360659,0.000578366,0.000374558,0.000656252,0.000586144,0.000560485,0.000383998,0.000257788,0.000557161,0.00032832,0.000387125,0.00033805,0.00050426,0.000520754,0.000399201,0.000474428,0.000641038,0.000390161,0.000571138,0.000461957,0.000542151,0.000690269,0.000460634,0.00034802,0.000539561,0.000464377,0.00046494,0.000530514,0.000516657,0.000512516,0.000506933,0.000277048,0.000874128,0.000323516,0.000530222,0.000319311,0.000229718,0.000409807,0.000594802,0.000444494,0.000388935,0.000193571,0.000304808,0.000227244,0.000192007,0.000167259,0.000376271,0.00024642,0.000138062,0.00015397,0.000645413,0.000446067,0.000270281,0.00040301,0.0007925,0.000494525,0.000262868,0.000642037,0.000400356,0.000491368,0.000606544,0.0003499,0.000514803,0.000494665,0.000691521,0.000593319,0.000255309,0.000582786,0.000695021,0.000551424,0.000393822,0.000496785,0.000493931,0.000502922,0.000591469,0.00034102,0.00022029,0.000407255,0.000482224,0.000584156,0.000251113,0.000708229,0.000649093,0.000665631,0.000336002,0.000287305,0.000709697,0.000497367,0.000390599,0.000510117,0.000385229,0.00047873,0.000242663,0.000265617,0.000446817,0.000297469,0.000316025,0.000328651,0.000316092,0.000344099,0.000192875,0.000216177,0.000436846,9.53541e-05,0.000311539,0.000262396,0.000379846,0.000488004,0.000244781,0.000104896,7.23436e-05,0.000294725,0.000479859,0.000374393,4.11898e-05,0.00037101,0.000159714,0.00031697,0.000343491,0.000182115,0.000360176,0.000342183,0.000345082,0.000461936,0.000351453,0.000401499,0.000255433
"ARO-PWY: chorismate biosynthesis I",0.00038592,0.00035034,0.000542085,0.000456719,0.000517565,0.000515611,0.000547844,0.000515013,0.000469904,0.000398207,0.000317353,0.0004161,0.000232772,0.000542075,0.000646621,0.000614303,0.000614837,0.000447271,0.000429663,0.000123368,0.000321046,0.000435335,0.000202668,0.000320874,0.000306924,0.000640472,0.000598,0.000379233,0.000450859,0.00030894,0.000523928,0.000493329,0.000581095,0.000499123,0.000599348,0.00028508,0.000306878,0.000570989,0.000315964,0.000316712,0.000306713,0.000521815,0.000445549,0.000366495,0.000413241,0.000520479,0.000298572,0.00050171,0.000275198,0.000613781,0.000580505,0.000415046,0.000403834,0.000447467,0.000390961,0.000327941,0.000576753,0.000499931,0.000623478,0.000405509,0.000187041,0.000668094,0.000289099,0.000474615,0.000268682,0.000159813,0.000452623,0.000542913,0.000398004,0.000368293,0.000247871,0.000291251,0.000253676,0.000201705,0.000173738,0.000354477,0.000255623,0.000254354,0.000212536,0.000650868,0.000453936,0.000299355,0.000499766,0.000703539,0.000378358,0.000273217,0.000668296,0.00039556,0.000425213,0.000582932,0.000247021,0.000411953,0.000416373,0.000578817,0.000520425,0.000188143,0.000440063,0.000528815,0.000549426,0.000264307,0.000459732,0.000577385,0.000523585,0.000433978,0.000369814,0.000185539,0.000326382,0.00042501,0.000523982,0.000228204,0.000669193,0.000504503,0.000539967,0.000281018,0.00027751,0.000611968,0.000455665,0.000425697,0.000513908,0.000195882,0.000409106,0.00020657,0.000198272,0.000422394,0.000306152,0.000236761,0.00042358,0.000293477,0.000295934,0.000270375,0.000172278,0.000444562,0.000159443,0.000282117,0.000283171,0.000335497,0.000473151,0.000276358,0.00024539,0.000413873,0.000382722,0.000399806,0.000375077,0.000493824,0.000295416,0.000355921,0.000328679,0.000304037,0.000250404,0.000240298,0.000350209,0.000305683,0.000338226,0.000330895,0.000342762,0.000225726
"ASPASN-PWY: superpathway of L-aspartate and L-asparagine biosynthesis",0.000178294,0.000135761,5.25629e-05,0,0.000110129,0.000156563,0.000250166,0.000210965,0.000307484,0.00012228,5.62955e-05,0.000139637,8.31073e-05,0.000195028,0.000175067,0.000100554,0.000192837,0.000228351,8.10516e-05,0.000144292,7.17618e-05,0.000179704,3.85222e-05,0,0,0.000141313,0.000479756,0.000303805,0.000172546,0.000520607,0.000226561,0.000211281,0.000396592,0.00016159,0.000200207,9.23574e-05,0.000288941,0.000181519,0.000465322,0,0.000130962,0.000115472,0,0.000287209,0.000147267,0.000214174,3.22134e-05,0.000134697,8.32141e-05,0.000219274,0.000107049,0.000165716,0.000316437,5.70976e-05,0.00013095,0.000345879,0.00036077,0.000361176,0.000146982,0.000156038,3.99796e-05,0.000214809,0.000123825,0.000272908,0,0.000186042,0.000175242,0.000200278,0.00013191,0,0.000150684,5.80527e-05,0.000243826,6.67879e-05,7.60695e-05,0.000295212,0.000215832,0,0.000216889,0.000207743,0.000116221,0.000136431,0.000190278,0.000315535,8.0366e-05,0.000114466,0.000310889,0.000123881,3.63645e-05,0.000347647,0.00031492,0.000116911,0.000112843,0.000391993,0.00029745,3.98315e-05,6.5834e-05,0.000260987,0.000169344,0.000119147,0.000137404,0.000170108,0.000283679,0.000118846,0.000105419,2.73444e-05,0.000128163,0.000299912,0.000139474,4.2955e-05,0.000216717,0.000294277,0.000236574,8.50107e-05,0.000126781,0.000182566,0.00035352,0.000206075,0.000145584,0.000107637,6.28166e-05,0.000103483,3.79028e-05,0.000102122,0.000243346,0.000135895,0.000416637,0.000346882,0.000103971,6.13106e-05,3.87932e-05,0.000143091,0.000304987,0.000442076,0.000138614,0.00023288,0.000170462,0.000116511,0.000410285,0.000401936,0.000189923,0.000114017,0.000117013,0.000528459,0.000144716,0.000274266,8.4879e-05,5.43109e-05,0.000214548,0.000145616,5.55961e-05,8.18071e-05,0.00010364,0.000184785,7.05449e-05,5.01618e-05
"AST-PWY: L-arginine degradation II (AST pathway)",0,0,0,0,0,0,0,0,9.43573e-05,0,0,2.66274e-05,0,0,0,0,0,0,0,0,0,0,0,0,0,0,2.72649e-05,4.86406e-05,0,0.000163427,0,0,0,0,0,0,4.0786e-05,0,9.99479e-05,0,1.44514e-05,0,0,9.89483e-05,0,0,0,0,0,0,0,0,7.47056e-05,0,2.04964e-05,0.000156944,0,5.52684e-05,0,0,0,0,0,0,0,4.2784e-05,0,0,0,0,0,0,5.79863e-05,0,0,9.16347e-05,0,0,0,0,0,0,0,0,0,0,0,0,0,0,0.000159555,0,0,0,0,0,0,0,0,0,0,0,0,0,0,0,0,4.11366e-05,0,0,0,2.47052e-05,0,0,0,0,6.13957e-05,0,0,0,0,0,0,0,0,0,5.42091e-05,0.000121872,0,0,0,0,0,0.000146897,0,7.33898e-05,0,0,0,0,0,0,0,0,0,0,0,0,0,0,0,0,0,0,0,0
"BIOTIN-BIOSYNTHESIS-PWY: biotin biosynthesis I",6.66438e-05,0,0,0,0,0,0,0,0.000147091,0,0,4.90949e-05,0,0,0,0,0,4.91821e-05,0,4.85211e-05,0,0,0,0,0,0,5.57212e-05,7.08432e-05,0,0.000252082,0,0,0,0,0,0,0.000132223,0,0.000228046,0,3.94384e-05,0,0,0.000177312,0,0,0,0,0,0,0,0,0.000149755,0,2.74793e-05,0.000319087,0,0.000107472,0,0,0,0,6.64793e-05,0,0,0.000108877,0,0,9.44632e-05,0,0,0,0.000146651,0,0,0.000172659,7.6234e-05,0,0.000118501,0,0,0,0,0,0,0,0,0,0,0,0.000220742,0,0,2.24257e-05,0,0,0,0,0,9.25464e-05,0,0,0,0,0,0,0,0.00014226,0,0,0,7.43259e-05,0,0,7.87274e-05,0,7.58938e-05,0,0,4.94533e-05,7.33639e-05,0,0,0,0.000130451,0,0.000261527,0.000274505,5.35759e-05,0,0,0,0,0.000320209,0,0.000175998,0,7.59983e-05,0,0,9.25537e-05,0,4.92063e-05,0.000162036,0,0,6.24928e-05,0,0,0,0,0,0,0,0,0
"BRANCHED-CHAIN-AA-SYN-PWY: superpathway of branched chain amino acid biosynthesis",0.000378936,0.000250888,0.000492438,0.000475416,0.000489067,0.000533151,0.000604448,0.000581445,0.000648292,0.00038749,0.000283411,0.000396522,0.000159006,0.000526837,0.000574743,0.000420673,0.00058526,0.000555845,0.000397258,0.000156835,0.000327276,0.000456233,0.000127344,9.45307e-05,0.000279705,0.000560309,0.000542549,0.000592178,0.000416074,0.000473167,0.000651805,0.000418834,0.000580598,0.000589735,0.000452217,0.000362314,0.000231875,0.000474568,0.000351167,0.00013532,0.000305521,0.000455207,0.000462854,0.000391844,0.000458648,0.000630705,0.000414261,0.00048935,0.000421802,0.000658302,0.000503561,0.000393837,0.000510263,0.000361566,0.000197566,0.000359575,0.00047829,0.00066873,0.000577587,0.000278794,0.000244741,0.000538236,0.000447053,0.000448174,0.000358612,0.00023938,0.000460467,0.00056431,0.000387752,0.00039489,0.000293677,0.0003498,0.000311995,0.00019283,0,0.000499274,0.000242356,0,0.000277457,0.000743333,0.000505207,0.000218693,0.000399495,0.000647313,0.000437499,0.000295671,0.000678825,0.000482669,0.000362449,0.000785431,0.000495209,0.000578931,0.000391145,0.00059171,0.000558638,0.000162364,0.000342498,0.000613441,0.000502654,0.000307848,0.000543002,0.000520309,0.000473068,0.000493382,0.000407575,0.000176235,0.000440198,0.000504301,0.000624201,0.000170802,0.000796773,0.000620452,0.000584547,0.000295695,0.000400184,0.000549435,0.000452561,0.00047728,0.000495375,0.000245305,0.000443232,0.000213116,0.000198864,0.000431842,0.000403296,0.000177295,0.000465361,0.000428883,0.000236427,0.000273424,0.000261662,0.000385007,0.000529633,0.000426155,0.000307159,0.000364447,0.00047797,0.000279557,0.000497467,0.000235351,0.000339603,0.000400286,0.000460751,0.000153835,0.000236353,0.000348547,0.00026163,0.000189998,0.000301132,0.000364589,0.000209072,0.000231776,0.000282604,0.000325063,0.000200888,0.000278725
"CALVIN-PWY: Calvin-Benson-Bassham cycle",0.00037522,0.000282954,0.000490407,0.000317163,0.000488374,0.000526947,0.00064528,0.000519779,0.000511301,0.000419954,0.0002015,0.000340461,0.000188963,0.000532556,0.000635671,0.000449335,0.000589481,0.000557686,0.000381267,0.000171348,0.000331971,0.000456632,0.000172748,0.000263172,0.000260619,0.000465137,0.000787372,0.000309035,0.000434742,0.000476775,0.00059432,0.0004655,0.000719577,0.000586043,0.00062976,0.000346406,0.000274683,0.000635902,0.000416958,0.000325166,0.000328107,0.000438109,0.000427919,0.0003768,0.000714156,0.000559784,0.000251652,0.000571319,0.000412807,0.000511349,0.000417697,0.000429349,0.000490408,0.000153318,0.000361225,0.000388744,0.000616713,0.000538499,0.000614727,0.000351565,0.000174749,0.000643766,0.000406676,0.000600796,0.000201124,0.00022959,0.000479552,0.000534277,0.000404159,0.000256724,0.000239669,0.000253964,0.000290048,0.000309202,0.000152001,0.000411498,9.20951e-05,0.000235571,0.000253362,0.000546701,0.000387622,0.000301164,0.000549755,0.00084795,0.000388018,0.000227136,0.000502849,0.000237833,0.000248901,0.000400578,0.00047158,0.000323375,0.000407649,0.000682331,0.00073401,0.000248052,0.000337921,0.000734719,0.000520143,0.000233753,0.00037913,0.000786548,0.000559605,0.000485801,0.00041278,0.00010348,0.000413053,0.000471225,0.000409445,0.000206774,0.000629215,0.000612299,0.000494731,0.000303688,0.00031477,0.000595348,0.000493224,0.000417084,0.000383433,0.000163696,0.00044461,0.000204127,0.000204178,0.000388264,0.000386057,0.000180521,0.000519524,0.000355218,0.000217641,0.000220626,0.000114964,0.000447667,0.000291611,0.000313942,0.000270948,0.000439155,0.000528129,0.000276175,0.000271059,0,0.000489382,0.000247051,0.000429311,0.000219696,0.000291308,0,0.000252536,0.000208984,0.000212224,0.000279048,0.000255088,0.000160021,0.00025357,0.000504492,0.000312224,8.14919e-05
"CARNMET-PWY: L-carnitine degradation I",0,0,0,0,0,0,0,0,2.15122e-05,0,0,0,0,0,0,0,0,0,0,0,0,0,0,0,0,0,0,0,0,4.66535e-05,0,0,0,0,0,0,0,0,0,0,0,0,0,2.05095e-05,0,0,0,0,0,0,0,0,4.86748e-06,0,0,5.18692e-05,0,9.93903e-06,0,0,0,0,0,0,0,3.94368e-06,0,0,0,0,0,0,2.46046e-05,0,0,7.00869e-06,0,0,0,0,0,0,0,0,0,0,0,0,0,0,2.82875e-05,0,0,0,0,0,0,0,0,0,0,0,0,0,0,0,0,8.51148e-06,0,0,0,0,0,0,0,0,0,0,0,0,0,0,0,0,0,0,1.45781e-05,4.04002e-05,0,0,0,0,0,5.36963e-05,0,4.07088e-05,0,0,0,0,0,0,0,0,0,0,0,0,0,0,0,0,0,0,0,0
"CATECHOL-ORTHO-CLEAVAGE-PWY: catechol degradation to &beta;-ketoadipate",0,0,0,0,0,0,0,0,0,0,0,0,0,0,0,0,0,0,0,0,0,0,0,0,0,0,0,3.46766e-05,0,0,0,0,0,0,0,0,0,0,3.47401e-05,0,0,0,0,0,0,0,0,0,0,0,0,0,0,0,0,0,0,0,0,0,0,0,0,0,0,0,0,0,0,0,0,0,0,0,0,0,0,0,0,0,0,0,0,0,0,0,0,0,0,0,0,0,0,0,0,0,0,0,0,0,0,0,0,0,0,0,0,0,0,0,0,0,0,0,0,0,5.48985e-05,0,0,0,0,0,0,0,0,0,0,0,0,0,0,0,0,0,0,0,0,0,0,0,0,0,0,0,0,0,0,0,0,0,0,0,0,0,0,0
"CENTFERM-PWY: pyruvate fermentation to butanoate",0,3.05301e-05,4.12662e-05,0,0,0,0,0,0,0,0,0,0,0,0,0,0,3.85152e-05,0,0,0,0,0,0,0,0,0,0,0,0,0,0,0,0,0,0,0,0,0,0,0,0,0,0,0,0,0,0,0,0,4.32925e-05,0,0,0,0,0,0,0,0,0,0,0,0,2.89965e-05,0,0,0,0,0,0,0,0,0,0,0,0,0,0,0,0,0,0,3.03853e-05,0,0,0,0,0,0,0,0,0,0,0,0,0,0,0,0,3.01845e-05,0,0,0,3.98304e-05,0,0,0,0,0,0,0,0,5.60055e-05,0,0,0,0,0,0,0,0,4.07881e-05,0,4.7042e-05,2.8568e-05,0,0,0,0,0,3.53911e-05,0,0,0,0,0,0,0,0,0,8.6649e-05,2.60085e-05,0,0,0,0,0,0,0,0,0,3.97686e-05,0,0,0,0
"CHLOROPHYLL-SYN: 3,8-divinyl-chlorophyllide a biosynthesis I (aerobic, light-dependent)",0,0,0,0,0,0,0,0,0,0,0,0,0,0,0,0,0,0,0,0,0,0,0,0,0,0,0,0,0,0,0,0,0,0,0,0,0,0,0,0,0,0,0,0,0,0,0,0,0,0,0,0,0,0,0,0,0,0,0,0,0,0,0,0,0,0,0,0,0,0,0,0,0,0,0,0,0,0,0,0,0,0,0,0,0,0,0,0,0,0,0,0,0,0,0,0,0,0,0,0,0,0,0,0,0,0,0,0,0,0,0,0,0,0,0,0,0,0,0,0,0,0,0,0,0,0,0,0,0,0,0,0,0,0,0,0,0,0,0,0,0,0,0,0,0,0,0,0,0,0,0,0,0,0,0,0
"CITRULBIO-PWY: L-citrulline biosynthesis",0,6.6589e-05,0,0,0,0,5.98094e-05,0,0.000234315,0,0,9.94028e-05,7.17751e-05,0,0,0,0,0,0,6.75658e-05,0,0,0.000136942,0,5.96747e-05,0,0,0.000167314,0,0.000310051,0,0,0,0,0,0,0.000196136,0,0.000286187,0,4.97479e-05,0,0,0.000165628,5.32342e-05,0,0,0,0,0,0,0,0.000143561,0,8.056e-05,0.000339431,0,0.000141501,0,0,0,0,9.03873e-05,0,0,0.000112164,0,0,0,0,0.000181032,5.9321e-05,0.000206852,0.000150871,9.81598e-05,0.000114185,0.00020357,0,0.000126086,0,0,0.000168291,0,0,0,0.000101598,0,0,0,0,0.000211987,0,0,0,0,0,0,0,0,9.29008e-05,0,0,0,0,8.93397e-05,0,0,0.000205492,5.31442e-05,0,0,0,0,0,0.000103674,0,6.39886e-05,0,0,0,8.99894e-05,0,0,0.000144018,0.000181584,7.90158e-05,0.000204021,0.000215355,0.000130705,7.32514e-05,0.000134164,0,0,0.000283758,0.000145669,0,0,0.000192335,0,7.20733e-05,4.34736e-05,0.000111477,8.89503e-05,4.77027e-05,0.000163758,0.000178449,0,5.46636e-05,0.000207299,0,9.37865e-05,0.000109556,0,0,0.00013732,0.000175574
"COA-PWY-1: superpathway of coenzyme A biosynthesis III (mammals)",0.000365653,0.000268916,0.000378938,0.000182145,0.00047436,0.000430243,0.000417626,0.000396885,0.000313671,0.000336559,0.000140967,0.000378536,0.000203014,0.000376735,0.000537556,0.000457753,0.000472338,0.000376866,0.00034256,0.000162265,0.000153671,0.00038355,0.000241556,0.000246865,0.000239869,0.000428055,0.000473138,0.00025121,0.00038699,0.000186383,0.000426836,0.000339065,0.000399765,0.000451882,0.000369304,0.000285698,0.00025296,0.000477798,0.000187672,0.000351934,0.000191654,0.000298892,0.000352843,0.000258586,0.000346882,0.000531494,0.000192598,0.000239547,0.000279658,0.000515685,0.000343943,0.000341276,0.00028234,0.000273687,0.000333121,0.000334111,0.000502329,0.000383371,0.000420977,0.000344836,0.000231703,0.000596093,0.00031259,0.000299152,0,9.68042e-05,0.000400142,0.000386597,0.000338667,0.00021439,0.000255473,0.000281992,0.000194469,0.00016366,0.000191086,0.000311292,0.000204212,5.64961e-05,0.000154087,0.000467476,0.00040454,0.000197084,0.000454298,0.000442066,0.000217909,0.000241884,0.000521287,0.000289412,0.00033408,0.000482707,0.000203744,0.000443554,0.000279864,0.000393408,0.000356315,0.000130951,0.00036839,0.00046472,0.000426544,0.000265521,0.000491129,0.000542554,0.00034846,0.00032089,0.000338283,0.000194967,0.000341266,0.000348394,0.000432343,0.000154829,0.000582296,0.000416511,0.000481298,0.000291135,0.000349836,0.000489392,0.000339632,0.000308752,0.000335101,0.00022915,0.000330079,0.000176198,0.000192575,0.000291057,0.000274958,0.000154098,0.000357822,0.000211559,0.000266809,0.000136643,5.30495e-05,0.000278593,7.66254e-05,0.000207859,0.000224262,0.0003236,0.000359889,0.000223763,0.000160171,0.000403211,0.000343445,0.000417815,0.000279739,0.000419596,0.000247121,0.000313943,0.0002713,0.000352735,0.000319148,0.00020057,0.00032359,0.000367257,0.000321656,0.000387435,0.000312369,0.000185503
"COA-PWY: coenzyme A biosynthesis I (prokaryotic)",0.000346047,0.00026887,0.00038262,0.000389735,0.000493186,0.00046006,0.000396368,0.000430622,0.000346678,0.0003122,0.000127892,0.000359333,0.000192757,0.000335563,0.000521768,0.000412514,0.000431538,0.000353327,0.000322584,0.000142401,0.000169948,0.000374235,0.000224239,0.000229703,0.000239283,0.000391476,0.000524798,0.000219258,0.000377659,0.000184687,0.000398,0.000330808,0.00046371,0.000514082,0.000403985,0.000273675,0.000236225,0.00047629,0.000204552,0.000308585,0.000182721,0.000263641,0.000321303,0.000244708,0.000346093,0.000493929,0.000209051,0.000260282,0.000317435,0.000531447,0.000309573,0.000322176,0.000258784,0.000246918,0.000319652,0.000313103,0.000463127,0.000423996,0.000543095,0.000321816,0.000242939,0.000566987,0.000319909,0.000273086,0.000210123,8.88284e-05,0.000424643,0.00034785,0.000326406,0.000260678,0.000311822,0.000271055,0.000185228,0.000146669,0.000206026,0.000286109,0.000221059,4.9433e-05,0.000175294,0.000548779,0.000455847,0.0001857,0.000451918,0.000410891,0.000333337,0.00023143,0.000505311,0.00026139,0.000322156,0.000445851,0.000199837,0.00043569,0.000274971,0.000429346,0.000383553,0.000153779,0.000352307,0.00046303,0.000423071,0.000246792,0.000461132,0.000517424,0.00038285,0.000290294,0.000300315,0.000176677,0.00032366,0.000326555,0.000408292,0.000141552,0.000583096,0.000398859,0.000469432,0.000316306,0.000353245,0.000478481,0.000334316,0.000300088,0.000313611,0.000204106,0.000329216,0.000167834,0.000218577,0.000304533,0.000300399,0.000185334,0.000326606,0.000195835,0.000243179,0.000124221,0.000107429,0.000270101,0.0001064,0.000183353,0.000209279,0.000301868,0.000403503,0.000204807,0.000169378,0.000423262,0.000335543,0.000402824,0.000263173,0.000501556,0.00023302,0.00031992,0.000242699,0.000332117,0.000309773,0.000197584,0.000352855,0.000341245,0.000341816,0.000375975,0.000337882,0.000171224
"COBALSYN-PWY: superpathway of adenosylcobalamin salvage from cobinamide I",8.69089e-05,4.24705e-05,7.94048e-05,0,0.00012254,0.000262648,0.000359888,0.000190818,0.000154074,6.54326e-05,0.000101305,9.25933e-05,3.14349e-05,0.000196759,0.000144529,4.50427e-05,0.000259139,0.00025541,0.000112567,4.26653e-05,0,0.000186078,0,0,0,0.000181841,0.000271016,2.91986e-05,3.96922e-05,0.000179303,0.000182184,0.00023519,0.000343317,0.000216129,7.1318e-05,0,0.000100408,0.000183055,0.000225708,0,0.000120939,0.000171694,3.76992e-05,0.000142307,0.000192,0.000194627,6.06542e-05,8.41077e-05,0.000195751,0.000138329,0,0,0.000155291,0,5.46146e-05,0.000132918,0.000212137,0.000154186,3.00231e-05,0.000154775,5.83091e-05,0.000291335,5.37634e-05,0.000180754,0,7.98482e-05,0.000103092,0.000119292,0.000119061,0.000101029,0,0.000137773,9.26533e-05,0.000109108,5.15125e-05,0.000162434,0,0,5.23737e-05,0.000252407,6.14014e-05,0.000131733,0.000179224,0.000313644,0,9.55827e-05,0.000204179,0,0.000116319,0.000120753,0.00014228,0.000134234,7.34454e-05,0.000261201,0.000220086,8.30489e-05,0.000135071,0.000274112,0.000233387,3.33498e-05,0.000130824,0.000108872,0.000252927,0.000113525,0.000200994,3.3582e-05,8.87317e-05,0.000161456,0.000110707,0,0.000196297,0.000263978,0.000160197,8.33836e-05,8.82292e-05,0.000262404,0.000227797,0.000220807,0.000139002,6.18545e-05,0.000160065,8.60294e-05,0.000111782,0.000207488,0.000154665,0,0.000134072,0.000166579,8.3887e-05,9.8997e-05,0,6.80836e-05,0,0.000186134,9.71686e-05,0.000127307,0.000134321,8.77747e-05,2.33462e-05,6.88655e-05,0.000155057,0.00014802,0.000111117,4.19557e-05,5.4969e-05,0,4.45675e-05,7.1633e-05,3.81081e-05,0.000180524,8.62388e-05,6.64043e-05,0.00012161,0.000283011,0.00014,2.90732e-05
"COLANSYN-PWY: colanic acid building blocks biosynthesis",0.000100901,7.12706e-05,0,0,0.000135403,0.00011932,0,0,0.000127814,0.000102757,5.05911e-05,5.75629e-05,0,9.13972e-05,0.000211146,9.12089e-05,0,0.00013372,0,7.91216e-05,0,0,6.70051e-05,0,0,0.000115809,7.2207e-05,9.93366e-05,5.81813e-05,0.000348343,5.12629e-05,0.000108583,4.02439e-05,0.000162624,0.000114213,6.56974e-05,0.000160744,9.52608e-05,0.000179557,0.000119609,7.47027e-05,6.97395e-05,9.2948e-05,0.000208848,0,5.33486e-05,7.79752e-05,8.13134e-05,8.49648e-05,0.000108235,6.77365e-05,0.00019847,0.000166397,0,9.83902e-05,0.00023465,0,0.000209923,0,9.58578e-05,0,0.000111409,9.13949e-05,6.5251e-05,4.04784e-05,0.000140446,0,0.000120295,0,5.57298e-05,9.98891e-05,0.000100307,0.000178788,0.000133822,0,0.000207317,0.000119733,0,0.000156819,8.12515e-05,0,6.89319e-05,6.79419e-05,0.000103173,6.27105e-05,9.08611e-05,0.000190311,7.17054e-05,8.38097e-05,8.09967e-05,0.000291027,0.000110767,0,6.50969e-05,0,7.79755e-05,9.78523e-05,0.000201829,0.000166814,0.000104419,8.79456e-05,0,0.000145884,0.000108174,0,0,0.000105439,7.87703e-05,0.000106093,0,0,0.000104925,0.000161116,4.05949e-05,9.40702e-05,9.3585e-05,4.47642e-05,7.53466e-05,0.000103008,2.78135e-05,8.0028e-05,4.22779e-05,6.63889e-05,0.000110149,8.3677e-05,5.5399e-05,0.000232854,0.000314415,5.14498e-05,4.92451e-05,0,4.50356e-05,0,0.000277366,0.000111703,7.31161e-05,0.000111132,6.69331e-05,0,0,0.00012848,0.000126848,4.78917e-05,0,0.000109704,0,0,5.38619e-05,0.000102111,0,8.45561e-05,6.93838e-05,6.66942e-05,0.000130159,5.37807e-05,0
"COMPLETE-ARO-PWY: superpathway of aromatic amino acid biosynthesis",0.00036818,0.000311635,0.00051371,0.000394494,0.000496917,0.000460565,0.000469528,0.000479203,0.00044999,0.000360238,0.000273871,0.000375037,0.000195676,0.0004671,0.000626263,0.000571521,0.000506064,0.00042374,0.000376875,0.00012078,0.000305931,0.000401276,0.000162001,0.000302357,0.00026122,0.000595855,0.000580809,0.000379057,0.000403521,0.000287717,0.000500697,0.000483622,0.000556548,0.000489245,0.000578511,0.00027901,0.000303724,0.000550708,0.000296499,0.000302865,0.000282223,0.000484253,0.000383282,0.000317197,0.000400795,0.00050452,0.000255629,0.00049971,0.000247964,0.000593115,0.000544647,0.000370527,0.000404851,0.000422752,0.000364798,0.000343125,0.000567369,0.000488876,0.000619516,0.000371927,0.000177363,0.000630344,0.000284641,0.000430201,0.000258279,0.000144155,0.00044104,0.000502776,0.000365079,0.000340914,0.000232826,0.000256219,0.000245932,0.000189016,0.000161316,0.000340976,0.000239166,0.000223233,0.000205816,0.000619393,0.000381938,0.000235854,0.000483241,0.000677408,0.000357607,0.000248485,0.000651242,0.000365638,0.000365411,0.000595068,0.000258246,0.000400096,0.000400928,0.000555466,0.000504892,0.000182638,0.000407871,0.00051932,0.0005117,0.000228352,0.00041939,0.000555142,0.000517823,0.000419057,0.000324668,0.000183458,0.000317198,0.000384006,0.000511129,0.000201831,0.000624507,0.000450938,0.000512826,0.000267029,0.00027106,0.000610286,0.000430409,0.000373395,0.000480792,0.000177187,0.000391339,0.000174475,0.000186898,0.000396622,0.000299663,0.000215465,0.000393525,0.000300276,0.000266254,0.000245496,0.000162332,0.000430188,0.000167447,0.00028207,0.000251218,0.0003372,0.000449355,0.000253713,0.00019341,0.000248766,0.000351404,0.00030808,0.000358155,0,0.000295377,0.000306751,0.000279418,0.000281746,0.000208545,0.00024467,0.000325195,0.000216101,0.000304233,0.000319175,0.000308158,0.000212866
"CRNFORCAT-PWY: creatinine degradation I",0,0,0,0,0,0,0,0,0,0,0,0,0,0,0,0,0,0,0,0,0,0,0,0,0,0,0,0,0,0,0,0,0,0,0,0,0,0,0,0,0,0,0,0,0,0,0,0,0,0,0,0,0,0,0,0,0,0,0,0,0,0,0,0,0,0,0,0,0,0,0,0,0,0,0,0,0,0,0,0,0,0,0,0,0,0,0,0,0,0,0,0,0,0,0,0,0,0,0,0,0,0,0,0,0,0,0,0,0,0,0,0,0,0,0,0,0,0,0,0,0,0,0,0,0,0,0,0,0,0,0,0,0,0,0,0,0,0,0,0,0,0,0,0,0,0,0,0,0,0,0,0,0,0,0,0
"DAPLYSINESYN-PWY: L-lysine biosynthesis I",6.94752e-05,8.70761e-05,8.48241e-05,0,8.75764e-05,0.000221869,0.000223826,0.000300776,0.000353206,0,0,0.000177393,0,8.29719e-05,0,0.000163799,0.000102487,0.000180595,8.70662e-05,0,0,0.000117402,0,0,0,0.000244007,0.000163675,0.000435279,0,0.000287912,0.000122075,7.11886e-05,0.000155783,9.36679e-05,0,9.39845e-05,0.000132445,0.000137881,0.000207472,0,0.000138178,9.39587e-05,0.000108467,0.000191763,0.000173589,0.000244626,0,0.000148938,6.83307e-05,0.00045087,0.000108821,7.47851e-05,0.000211261,0,0.000176396,0.000337249,0.000108603,0.000397816,0.00022011,0.000124364,5.15315e-05,7.23586e-05,0.00020928,0.000134149,0,8.98137e-05,0.000229016,0.000185966,0.00020255,7.33515e-05,7.00541e-05,0,0.000156281,0,0,0.000303951,0,0,0.000105488,0.000379089,0.000319978,0,6.95966e-05,8.76785e-05,0.000131178,8.862e-05,0.000317886,0.000332246,8.53825e-05,0.000634063,0.000280077,0.000308365,0,0.000195696,6.26925e-05,0,0,0,0.00016284,0,0.000250077,7.2415e-05,0.000171418,6.32614e-05,6.37268e-05,0.000116286,0.000213682,0.000220137,0.000202764,0,0.000523409,0.000195829,0.000197657,8.49329e-05,0,0.000116848,0.000262542,0,6.78252e-05,0.000100511,5.78432e-05,4.88617e-05,5.43812e-05,8.60459e-05,5.86867e-05,0,0.000183397,0.000304514,0,0,6.36254e-05,6.95594e-05,0,0.00028313,6.48577e-05,0.000250653,0,6.02569e-05,0,0,8.97107e-05,6.1166e-05,0.000158046,0,0,0,7.41667e-05,0,0,7.94947e-05,0,0,0,6.7988e-05,0,4.41786e-05
"DARABCATK12-PWY: D-arabinose degradation I",0,0,0,0,0,0,0,0,1.20012e-05,0,0,0,0,0,0,0,0,0,0,0,0,0,0,0,0,0,0,0,0,4.99173e-05,0,0,0,0,0,0,1.07815e-05,0,2.51072e-05,0,0,0,0,1.72996e-05,0,0,0,0,0,0,0,0,3.06349e-05,0,0,5.67202e-05,0,6.76903e-06,0,0,0,0,0,0,0,1.33559e-05,0,0,0,0,0,0,1.0816e-05,0,0,3.68595e-05,0,0,9.89566e-06,0,0,0,0,0,0,0,0,0,0,0,5.08596e-05,0,0,0,0,0,0,0,0,0,0,0,0,0,0,0,0,2.87223e-05,0,0,0,0,0,0,0,0,0,0,0,1.51842e-05,0,0,0,0,0,0,3.5338e-05,8.07719e-05,0,0,0,0,0,5.89056e-05,0,4.57245e-05,0,0,0,0,1.23596e-05,0,0,0,0,0,0,0,0,0,0,0,0,0,0,0
"DENITRIFICATION-PWY: nitrate reduction I (denitrification)",0,0,0,0,0,0,0,0,0,0,0,0,0,0,0,0,0,0,0,0,0,0,0,0,0,0,0,0,0,0,0,0,0,0,0,0,0,0,0,0,0,0,0,0,0,0,0,0,0,0,0,0,0,0,0,0,0,0,0,0,0,0,0,0,0,0,0,0,0,0,0,0,0,0,0,0,0,0,0,0,0,0,0,0,0,0,0,0,0,0,0,0,0,0,0,0,0,0,0,0,0,0,0,0,0,0,0,0,0,0,0,0,0,0,0,0,0,0,0,0,0,0,0,0,0,0,0,0,0,0,0,0,0,0,0,2.21805e-05,0,0,0,0,0,0,0,0,0,0,0,0,0,0,0,0,0,0,0,0
"DENOVOPURINE2-PWY: superpathway of purine nucleotides de novo biosynthesis II",0,0,0,0,0,0,0,0,0.000167942,0,0,0,0,0,0,0,0,0,0,0,0,0,0,0,0,0,0,0.000103475,0,0.000135403,0,0,0,0,0,0,0,0,0.00011257,0,0,0,0,0,0,0,0,0,0,0,0,0,0.000117452,0,0,0.000220388,0,0,0,0,0,0,0,0,0,0,0,0,0,0,0,0,0,0,0,0.000157523,0,0,0,0,0,0,0,0,0,0,0,0,0,0,0.000156936,0,0,0,0,0,0,0,0,0,0,0,0,0,0,0,0,0,0,0,0,0,0,0,0,0,0.000135527,0,0,0,0,0,0,0,8.57216e-05,0,0.000123248,0.000120251,0,0,0,0,0,0.00017609,0,0.000147549,0,0,0,0,0,0,0,0,0,0,0,0,0,0,0,0,0,0,0,0
"DHGLUCONATE-PYR-CAT-PWY: glucose degradation (oxidative)",0,0,0,0,0,0,0,0,0,0,0,0,0,0,0,0,0,0,0,0,0,0,0,0,0,0,0,0,0,0,0,0,0,0,0,0,0,0,0,0,0,0,0,0,0,0,0,0,0,0,0,0,0,0,0,0,0,0,0,0,0,0,0,0,0,0,0,0,0,0,0,0,0,0,0,0,0,0,0,0,0,0,0,0,0,0,0,0,0,0,0,0,0,0,0,0,0,0,0,0,0,0,0,0,0,0,0,0,0,0,0,0,0,0,0,0,0,0,0,0,0,0,0,0,0,0,0,0,0,0,0,0,0,0,0,0,0,0,0,0,0,0,0,0,0,0,0,0,0,0,0,0,0,0,0,0
"DTDPRHAMSYN-PWY: dTDP-&beta;-L-rhamnose biosynthesis",0.000432114,0.000244234,0.000370359,0.000496074,0.000473686,0.000537621,0.000801615,0.000435571,0.000367135,0.000378583,0.000303289,0.000289064,0.00020736,0.000438896,0.000646687,0.000647077,0.00046414,0.000557346,0.000412013,0.000216033,0.000255665,0.000602613,0.000367612,0.000241271,0.000291068,0.000436031,0.000539211,0.000603028,0.000383603,0.000262394,0.000543498,0.000406189,0.000535133,0.000656763,0.000593768,0.000276499,0.000343298,0.0004907,0.000271318,0.000273787,0.000199738,0.000375684,0.000467185,0.00024689,0.000383858,0.000507763,0.00045235,0.000314323,0.000397965,0.000337806,0.000465556,0.000333936,0.000228809,0.000326657,0.000299401,0.000204139,0.000458642,0.000428786,0.00049863,0.000303388,0.000215875,0.000559428,0.000227147,0.000360947,0.000234717,0.000409496,0.000391396,0.000349827,0.000366986,0.000260378,0.00043114,0.000374797,0.000365113,0.000240616,0.000270118,0.000134135,0.000297069,0.000145328,0.000369219,0.00041979,0.000273269,0.00033324,0.000522904,0.000476119,0.000314917,0.000264848,0.000489824,0.000261192,0.00036743,0.000621979,6.21326e-05,0.000427911,0.000476016,0.000676838,0.000504442,0.000191036,0.000384689,0.0006467,0.000421476,0.000343595,0.000325619,0.000531447,0.000558943,0.000473393,0.000214969,0.000197683,0.00032629,0.000321743,0.000377453,0.00025919,0.000733935,0.000387486,0.000678268,0.000454475,0.000371053,0.000509688,0.00049513,0.000457048,0.000344969,0.000331649,0.000429286,0.000215717,0.00027444,0.000426605,0.000476666,0.000231154,0.000354659,0.00018725,0.000271984,0.000233854,0.00022987,0.00036209,0.0010128,0.000330509,0.000344423,0.000273646,0.000531359,0.000253299,0.000973105,0.00065033,0.000446827,0.000354133,0.000292065,0.000419396,0.000369309,0.00048653,0.000266869,0.000289093,0.000485405,0.000436512,0.000381889,0.000617524,0.000456057,0.00036964,0.000451838,0.00025327
"ECASYN-PWY: enterobacterial common antigen biosynthesis",0,0,0,0,0,0,0,0,2.2885e-05,0,0,0,0,0,0,0,0,0,0,0,0,0,0,0,0,0,0,3.34761e-05,0,0.000100257,0,0,0,0,0,0,0,0,6.14862e-05,0,0,0,0,0,0,0,0,0,0,0,0,0,3.57886e-05,0,0,8.47077e-05,0,2.24282e-05,0,0,0,0,0,0,0,1.76035e-05,0,0,0,0,0,0,1.52866e-05,0,0,5.79245e-05,0,0,1.77054e-05,0,0,0,0,0,0,0,0,0,0,0,5.7292e-05,0,0,0,0,0,0,0,0,0,0,0,0,0,0,0,0,0,0,0,0,0,0,0,0,0,4.64454e-05,0,0,0,0,0,0,0,0,0,3.36188e-05,3.22871e-05,0,0,0,0,0,4.32791e-05,0,0.000102681,0,0,0,0,0,0,0,0,0,0,0,0,0,0,0,0,0,0,0,0
"FAO-PWY: fatty acid &beta;-oxidation I (generic)",0,0,0,0,0,0,0,0,0.000152165,0,0,4.53849e-05,0,0,0,0,0,0,0,0,0,0,0,0,0,0,7.41e-05,3.94232e-05,0,0.00044418,0,0,0,0,0,0,0.000107145,0,0.000154202,0,6.38733e-05,0,0,0.000204438,0,0,0,0,0,0,0,0,0.000143873,0,2.38347e-05,0.000323036,0,7.26275e-05,0,0,0,0,4.41371e-05,0,0,0.000129661,0,0,0,0,0,0,0.000136892,0,0,0.000171262,0,0,3.78058e-05,0,0,0,0,0,0,0,0,0,0,0,0.000279273,0,0,0,0,0,0,0,0,0,0,0,0,0,0,0,0,0.000134927,2.5412e-05,0,0,3.05383e-05,0,0,0,0,0.000112224,0,0,0,0,0,0,0,4.92732e-05,0,0.000148352,0.000204521,0,0,0,0,0,0.000418306,0,0.000187981,0,0,0,0,4.62053e-05,0,0,0,0,0,0,0,0,0,0,0,0,0,0,0
"FASYN-ELONG-PWY: fatty acid elongation -- saturated",8.83198e-05,0,6.76683e-05,0,0,0,0,3.78801e-05,0.000167792,0,0,5.04141e-05,0,5.00176e-05,0,4.33807e-05,0,4.66833e-05,0,6.5023e-05,0,0,0.000100083,0,0,0,5.80666e-05,0.0002591,0,0.000287796,0,2.32241e-05,0,0,0,0,0.000138784,0,0.000250376,0,4.78992e-05,0,0,0.000216707,0,0,0,0,0,0,0,6.01555e-05,0.000178528,0,2.92807e-05,0.000451516,0,8.5027e-05,0,8.91835e-05,0,0,0.000145046,0,8.7815e-05,0.000161629,4.81848e-05,0,0.000123174,7.70059e-05,0,0,0.000163657,0,0,0.000187203,7.56539e-05,0,0.000139366,0,5.0974e-05,0,0,0,5.86575e-05,0,3.41986e-05,6.48583e-05,0,0.000117641,0.00024059,6.49834e-05,0,1.93258e-05,0,0,0,0,0,0.000172596,4.74885e-05,6.47502e-05,0,0,3.34337e-05,0,0,0.000171554,0,0,9.41806e-05,0.000122643,3.80639e-05,0,9.26108e-05,4.83075e-05,8.00916e-05,0,0,7.96771e-05,9.61438e-05,5.79268e-05,0,9.58752e-05,0.000146131,0,0.000273881,0.000299576,8.20528e-05,0,8.04005e-05,0,0,0.000470445,0,0.000321253,0,0.000121932,0,0,0.000116817,5.39419e-05,5.36533e-05,0.000149928,0,0,6.59213e-05,0,0,0,0,0.000115882,0,0,0,9.49806e-05
"FASYN-INITIAL-PWY: superpathway of fatty acid biosynthesis initiation (E. coli)",0,0,0,0,0,0,0,0,0,0,0,0,0,7.13526e-05,0,0,0,6.53184e-05,0,0,0,0,0,0,0,0,0,0.000166052,0,0,0,0,0,0,0,0,0,0,0,0,0,0,0,0,0,0,0,0,0,0,0,0,0,0,0,0,0,0,0,0,0,0,5.59217e-05,0,0,0,0,0,0.000101752,0,0,0,0,0,0,3.90407e-05,0,0,0,0,0,0,0,0,0,0,3.29133e-05,3.90919e-05,0,0.000124797,0,0,0,2.10154e-05,0,0,0,0,0,0,0,0,0,0,0,0,0,0,0,0,9.62697e-05,0,5.3173e-05,0,0,6.8365e-05,0,0,0,0,0,0,0,0,0,0,0,0,0,0,0,0,0,0,0,3.88307e-05,0,0,0,0,0,0,0,0,0,0,0,0,0,0,0,0,0,0,0,0
"FERMENTATION-PWY: mixed acid fermentation",0,0,0,0,7.63614e-05,0.000101931,0.000123095,0,0.000279585,8.37393e-05,9.04942e-05,0.000182627,0,0,0.000218971,0,0.000194146,0,0.000230657,0,0,0.000245103,0,7.15932e-05,4.3329e-05,0.000144895,0.000179541,9.39481e-05,0.000199246,0.00045107,0.000172317,7.45979e-05,0,6.26421e-05,0.000194503,0.000207782,0.000156742,0.000170231,0.000196844,9.78213e-05,6.73068e-05,0,0,0.000311213,5.97146e-05,8.22351e-05,0,9.91512e-05,0,0.000290567,9.78639e-05,0.000111311,0.000190824,0,0.000151676,0.000307832,0,0.000140263,0.00017713,7.80549e-05,0.000175951,0.000194287,5.82203e-05,0,4.97266e-05,0.000137709,0,0.000167019,0,0,0,6.67725e-05,0.000163583,5.27852e-05,0,0.000245546,7.57178e-05,0,0.000123258,8.4392e-05,0.000174183,0.000136029,0.000117978,0.000137916,0,0,0.000105022,0,0,0,0.000308021,8.50144e-05,0.00018788,0,0,0,7.72635e-05,0.00012461,8.24659e-05,8.52228e-05,9.78851e-05,0,0,0,0.000129379,0,7.509e-05,0.000134357,0.000227633,0,0.000194937,7.24562e-05,8.89898e-05,0.000112321,0,0.000146908,0.000237623,0.000145623,0,0.000123252,8.03503e-05,0,6.5978e-05,0.000136842,0.000130209,6.24118e-05,0.00016558,0.000245514,0,6.55725e-05,0,5.65202e-05,4.75367e-05,0.000333508,9.86849e-05,0.000149175,0,5.36688e-05,3.72451e-05,0,8.85625e-05,4.28899e-05,0,0,0,0,8.81891e-05,0,0,0,0.000124641,0,0.000109701,0,5.80788e-05,4.9726e-05
"FOLSYN-PWY: superpathway of tetrahydrofolate biosynthesis and salvage",9.57021e-05,0,0,0,0,0,0,0,0.000110598,0,0,0,0,0,0,0,0,0,0,0,0,0,0,0,0,0,0,0,0,9.51531e-05,0,0,0,0,0,0,0.000123616,0,0,0,0,0,0,0.00012267,0,0,0,0,0,0.000129798,0,0,8.29663e-05,0,0,0.000151635,0,5.59094e-05,0,6.52251e-05,0,0,0,0,0,7.75221e-05,0,0,0,0,0,0,8.44045e-05,0,0,0.000129202,0,0,0,0,0,0,0,0,0,0,0,0,0,0,0.000123616,0,0,0,0.000164048,0,0,0,0,0,0,0,0,0,0,0,0,6.87586e-05,0,0,0,7.67322e-05,0,0,0,0,0.000115542,0,0,0,0,0,0,0,0,0,0.000171098,5.69083e-05,0,0,0,0,0,0.000129308,0,0.000138383,0,0,0,0,5.61907e-05,0,0,0,0,0,0,0,0,0,0,0,0,0,0,0
"FUC-RHAMCAT-PWY: superpathway of fucose and rhamnose degradation",0,0,0,0,0,0,0,0,0.000148955,0,0,6.57934e-05,0,0,0,0,0,0,0,6.11534e-05,0,0,0,0,0,0,6.71886e-05,5.08315e-05,0,0.000220631,0,0,0,0,0,0,0.000167433,0,0.000150238,0,5.90892e-05,0,0,0.000176554,5.04776e-05,0,0,0,0,0,0,0,0.000168958,0,5.05898e-05,0.000190243,0,0.000126634,0,0,0,0,5.44138e-05,0,0,9.03948e-05,0,0,0,0,0,0,9.82598e-05,5.8479e-05,0,0.000122143,0,0,8.23375e-05,0,0,0,0,0,0,0,0,0,0,0,0.000217102,0,0,0,0,0,0,0,0,7.62338e-05,0,0,0,0,0,0,0,8.58863e-05,4.1735e-05,0,0,0,0,0,0,0,8.22472e-05,0,0,6.79708e-05,0,0,0,0,0,0,0.000128174,0.000249654,0,0,0,0,0,0.000216989,0,0.000145408,6.08277e-05,5.61183e-05,0,0,6.35922e-05,0,0,0,6.18689e-05,0,3.73223e-05,0,0,0,0,0,0,0,0,0
"FUCCAT-PWY: fucose degradation",0,0,8.06797e-05,0.000122333,5.4714e-05,0,6.65801e-05,0,0.000179071,0,5.33915e-05,4.50677e-05,0,4.33774e-05,2.6836e-05,0,0,6.79286e-05,0,6.12494e-05,0,0,0,0,0,0,4.49261e-05,7.51003e-05,0,0.000232746,6.24376e-05,0,0,0,0,4.36862e-05,0.000108099,0,0.000107781,0,5.5202e-05,0,0,0.000166046,5.31144e-05,4.04849e-05,0.000102261,0.000100633,0,0,0,4.82634e-05,0.000213874,0,9.50702e-05,0.000191227,0,0.000164537,2.96307e-05,4.0257e-05,0,0,9.10804e-05,0,0,8.63395e-05,0,3.89906e-05,4.95862e-05,4.90653e-05,0,0,6.99718e-05,4.53419e-05,0,0.000145422,0,0,5.56075e-05,0,0,0,0,0,8.69275e-05,0,2.94302e-05,0,0,0,0.000231973,0,0,4.0157e-05,7.9861e-05,8.64252e-05,0,0,3.23389e-05,7.97796e-05,0,3.47518e-05,0,3.66191e-05,4.29432e-05,0,0,8.53344e-05,2.31435e-05,0,0,3.33568e-05,9.79674e-05,0,0,0,0.000106798,0,0,6.78689e-05,0.000102316,0,2.594e-05,4.20195e-05,0,3.35466e-05,9.9229e-05,0.000270991,0,0,0,0,0,0.000205899,0,0.000154271,0.000121896,3.69133e-05,0,0,4.67906e-05,0,2.86379e-05,0,4.4772e-05,0,2.26216e-05,0,0,3.59887e-05,0,0,0,2.73171e-05,0,0
"GALACT-GLUCUROCAT-PWY: superpathway of hexuronide and hexuronate degradation",0,0,3.41558e-05,0,0,0,0,0,9.0313e-05,0,0,3.00119e-05,0,0,0,0,0,0,0,0,0,0,0,0,0,0,0,0,0,0.000129526,0,0,0,0,0,0,3.67258e-05,0,0,0,0,0,0,6.31343e-05,0,0,0,0,0,0,0,0,6.12523e-05,0,6.52833e-05,7.9213e-05,0,4.43587e-05,0,0,0,0,0,0,0,2.84654e-05,0,0,0,0,0,0,4.7361e-05,0,0,9.5551e-05,0,0,1.82572e-05,0,0,0,0,0,0,0,0,0,0,0,8.75691e-05,0,0,0,0,0,0,0,0,0,0,0,0,0,0,0,0,8.38383e-05,0,0,0,5.59393e-05,0,0,0,0,0,0,0,0,0,0,0,0,0,0,0.000118462,0.000101779,0,0,0,0,0,9.29755e-05,0,0,0,0,0,0,7.74597e-05,0,0,0,0,0,0,0,0,0,0,0,0,0,0,0
"GALACTARDEG-PWY: D-galactarate degradation I",0,0,0,0,0,3.62486e-05,0,0,0.000291088,0,0,0.000107865,0,0,0,0,0,0,0,5.94628e-05,0,0,0,0,0,0,4.75474e-05,4.61521e-05,0,0.000475197,0,0,0,0,0,0,4.93945e-05,0,0.000128107,0,0.000123074,0,0,0.000220317,0,0,0,0,0,0,0,0,0.000281069,0,7.37571e-05,0.000430368,0,9.93702e-05,0,2.56241e-05,0,0,2.66856e-05,0,0,9.85207e-05,0,0,0,0,0,0,0.000178376,0,0,0.000187151,0,0,4.95759e-05,0,0,0,0,0,0,0,0,0,0,0,0.000423914,0,0,0,0,0,0,0,0,6.94843e-05,0,0,0,0,0,0,0,0.000111562,3.71215e-05,0,0,6.19056e-05,0,0,0,0,5.7237e-05,0,0,4.53506e-05,0,0,0,0,0,0,0.000225155,0.00044808,0,0,0,0,0,0.000516279,0,9.82708e-05,0,2.25635e-05,0,0,0.000128988,0,0,0,0,0,0,0,0,0,0,0,0,0,0,0
"GALACTITOLCAT-PWY: galactitol degradation",0,0,0,0,0,0,0.000113814,8.3572e-05,0.000147706,0,0,4.09576e-05,0,0,0,0,0,0,0,0,0,0,0,0,0,0,8.22039e-05,0,4.36499e-05,0.000237879,0,0,0,0,0.000369162,0,4.03448e-05,0.000115759,0,0,3.56004e-05,0,0,0.00013962,0,0,0,0.000141048,0,3.38299e-05,0,0,0.0001064,0,2.77069e-05,0.000214548,0,0.000101368,0,2.55022e-05,0,0,4.82652e-05,0,0,3.31198e-05,0,3.61152e-05,0,0,0,0,9.536e-05,0,0,0.000176646,2.09516e-05,0,3.10661e-05,3.5842e-05,0,0,0,0,0,0,0,0,0,0,0.000186863,0,0,0,0,3.06356e-05,0,0,0.000140219,3.07307e-05,0,0.000401503,0,0,0,0,0,7.65018e-05,0,0,0,3.0101e-05,6.03092e-05,0,0,3.17086e-05,0,0,0,0,0,0,0,0,0,0,5.26214e-05,0.000242603,0,0,0,5.49511e-05,0,0.000330946,0,0,4.42741e-05,0,0,0,1.02395e-05,0,0,0,1.20427e-05,0,0,0,0,0,0,0,0,0,0,0
"GALACTUROCAT-PWY: D-galacturonate degradation I",7.17901e-05,0,3.90218e-05,0,5.60382e-05,0,0,2.37277e-05,0.000115749,0,0,7.21933e-05,0,7.02414e-05,0,7.15014e-05,0,0,0,2.71701e-05,0,9.21528e-05,0,0,0,5.3893e-05,3.39452e-05,0,0,0.00014145,0,0,0,0,0,0,9.02609e-05,0,3.61087e-05,0,5.05258e-05,4.09816e-05,0,0.000107347,0,0,0,0,0,0,0,0,6.64027e-05,0,5.75704e-05,0.000117108,0,4.86476e-05,0,7.95973e-05,0,5.69919e-05,3.01321e-05,0,0,3.22274e-05,0,0,0,0,5.86786e-05,7.29079e-05,7.26972e-05,9.56357e-05,0,0.000102923,0,0,3.29237e-05,0,0,3.15083e-05,6.19084e-05,5.14609e-05,0,2.46734e-05,0,0,7.11454e-05,0,9.32864e-05,0,6.59884e-05,2.96108e-05,0,0,0,0,0,2.43833e-05,0,0,6.8565e-05,4.7676e-05,0,0,0,0.000104329,0,0,0,5.79235e-05,0,0,0,9.15641e-05,3.53603e-05,0,3.79712e-05,2.37266e-05,9.44727e-05,0,0.000105433,6.08832e-05,0,0,0.000158403,8.12763e-05,0,4.41582e-05,0,0,0,0.00014397,3.863e-05,9.41172e-05,7.60543e-05,4.78004e-05,0,0,0.000126563,5.5402e-05,0,0,0,0,2.60205e-05,0,5.85549e-05,0,0,0,0.00010371,2.02771e-05,5.13699e-05,0
"GLCMANNANAUT-PWY: superpathway of N-acetylglucosamine, N-acetylmannosamine and N-acetylneuraminate degradation",0.000110738,4.51254e-05,6.81392e-05,8.55413e-05,0.000220501,4.57591e-05,0.000180731,0,0.000199051,8.60574e-05,4.14519e-05,0.000115645,0,0.000224838,0,6.67642e-05,0.000140729,0.000174001,8.77417e-05,4.18402e-05,7.48225e-05,0.000107873,0,0,0,7.52541e-05,0.000453511,0,0.000128771,0.000335221,8.64454e-05,0,0.00013928,0.000108516,0,4.81737e-05,0.000167874,8.36669e-05,0.000111311,0,7.51222e-05,6.50783e-05,4.46658e-05,0.00016916,0.000389219,4.78921e-05,0,0,6.28343e-05,0.000189644,0,0,0.000172161,0,5.72811e-05,0.000193609,0,0.000191528,0,0.000119896,2.65826e-05,0,7.50675e-05,0.000226133,0,0.000102406,0.000137387,4.83124e-05,5.02501e-05,0,0,8.95025e-05,0.000146848,4.37014e-05,0,0.000179501,5.18627e-05,0,6.43943e-05,0.00010743,5.05748e-05,0,0.000192809,0.000177591,0,7.86349e-05,0,0,4.10321e-05,0,0.000272234,0.000124323,5.13906e-05,0,5.13378e-05,8.43186e-05,9.73745e-05,0.000220481,0.000110536,9.02032e-05,0,0.000325625,0.000288455,0.000107175,4.00076e-05,0,8.10982e-05,0.00017725,6.09338e-05,0,0.000104103,0.000248769,0.000132776,5.15327e-05,0,0.000175092,0.000130177,8.34885e-05,0.000147392,4.7133e-05,4.76195e-05,0,0,5.428e-05,0.000170157,0,0.000217218,5.93479e-05,0,5.11622e-05,4.45367e-05,6.35125e-05,0,0.00023089,0,0.000164014,0.000117969,7.67186e-05,0,0,0.000159938,0.000106914,6.00632e-05,0,7.38322e-05,0,4.06917e-05,0,0,0.000120773,5.54901e-05,5.14136e-05,0.000119759,0.000181762,0.000104287,0
"GLUCARDEG-PWY: D-glucarate degradation I",0,0,0,0,0,0,0,0,0.000241875,0,0,8.79866e-05,0,0,0,0,0,0,0,2.65502e-05,0,0,0,0,0,0,4.39426e-05,4.79486e-05,0,0.000449482,0,0,0,0,0,0,4.65236e-05,0,0.000108998,0,4.55059e-05,0,0,0.000226391,0,0,0,0,0,0,0,0,0.000169041,0,5.64969e-05,0.000214418,0,8.20601e-05,0,2.54004e-05,0,0,2.58394e-05,0,0,9.07307e-05,0,0,0,0,0,0,0.000107904,0,0,0.000143407,0,0,4.40556e-05,0,0,0,0,0,0,0,0,0,0,0,0.000248708,0,0,0,0,0,0,0,0,4.16235e-05,0,0,0,0,0,0,0,9.29561e-05,0,0,0,4.61184e-05,0,0,0,0,3.64696e-05,0,0,3.69096e-05,0,0,0,0,0,0,0.000120609,0.000278105,0,0,0,0,0,0.000261478,0,0.000113526,0,0,0,0,0.000118673,0,0,0,0,0,0,0,0,0,0,0,0,0,0,0
"GLUCARGALACTSUPER-PWY: superpathway of D-glucarate and D-galactarate degradation",0,0,0,0,0,3.62486e-05,0,0,0.000291088,0,0,0.000107865,0,0,0,0,0,0,0,5.94628e-05,0,0,0,0,0,0,4.75474e-05,4.61521e-05,0,0.000475197,0,0,0,0,0,0,4.93945e-05,0,0.000128107,0,0.000123074,0,0,0.000220317,0,0,0,0,0,0,0,0,0.000281069,0,7.37571e-05,0.000430368,0,9.93702e-05,0,2.56241e-05,0,0,2.66856e-05,0,0,9.85207e-05,0,0,0,0,0,0,0.000178376,0,0,0.000187151,0,0,4.95759e-05,0,0,0,0,0,0,0,0,0,0,0,0.000423914,0,0,0,0,0,0,0,0,6.94843e-05,0,0,0,0,0,0,0,0.000111562,3.71215e-05,0,0,6.19056e-05,0,0,0,0,5.7237e-05,0,0,4.53506e-05,0,0,0,0,0,0,0.000225155,0.00044808,0,0,0,0,0,0.000516279,0,9.82708e-05,0,2.25635e-05,0,0,0.000128988,0,0,0,0,0,0,0,0,0,0,0,0,0,0,0
"GLUCONEO-PWY: gluconeogenesis I",0.000225088,0.000174993,0,0.000159373,0.000152006,0.000136858,0.000181318,0.000235407,0.000258239,0.000120882,0.000160239,0.000275434,0,0.000132006,0.000187697,0,0.000238177,0,0.000132936,9.53186e-05,0,0,0,0,7.76929e-05,0.000230837,0.000250838,0.000192666,9.38227e-05,0.000299546,0.000242812,0.000205216,0,0.000155575,0.000111892,0.000108104,0.000223612,0,0.000239349,0,0.000192994,0,0,0.000319143,0,0.000167129,0,0.000273641,0.000133501,0.000165597,0.000165512,0,0.000304042,0,0.000160646,0.000300246,0,0.000313895,0,0.000193908,6.4356e-05,0.000167202,0.000232251,0,9.63892e-05,0.000200125,0.000201297,0.000180722,0.00020256,0,0.000166187,0.000148634,0.000281197,0.000122501,9.89396e-05,0.000299102,0.000159428,0,0.000187435,0.000330439,0.000191898,0.000101157,0,0,0,0.000125465,0.000208493,9.87919e-05,0,0.000224343,0.000303797,0.000239513,0.000125299,0.000337281,0.000127973,0.000107401,0,0,0.000112095,0.000159096,0,0.000151869,0.000161134,0,0,0,0.000267156,0.000202602,0.00022954,0,0,0.00028752,0.000277756,0.00018772,0.000177976,0,0.00028964,0.000195004,0.000222208,0,0.000141894,0.00011952,0.00014736,0.000220721,0.000227113,6.72232e-05,0.00029603,0.000353079,0.00014866,8.03269e-05,8.99698e-05,0.00017492,0,0.000326708,0.000223493,0.000331556,0.000144052,0.000191889,8.12047e-05,0,0.000247251,7.65295e-05,0.000196773,0,0.000188711,0,0.000100427,5.89713e-05,0.000120107,0.000169059,0,0,0,0.000145938,0,0.000117091
"GLUCOSE1PMETAB-PWY: glucose and glucose-1-phosphate degradation",0,0,0,0,0,0,0,0,0.000467344,0,0,0.00015664,2.81401e-05,0,0,0,0,0,0,9.48103e-05,0,0,0,0,0,0,0,0.000634753,0,0.000438471,0,0,0,0,0,0,0.000222781,0,0.000269452,0,0.000249783,0,0,0.000377023,0.000464246,0,0,0,0,0,0,0,0.000293562,0,0.000140841,0.00039052,0.000691087,0.000623691,0,0.000401773,0,0,0.000233773,0,0,0.000134423,0,0,0,0,0,0,9.87045e-05,0,0,0.000306829,0,0,0.00015544,0,0,0,0,0,0,0,0,0,0,0,0.000293734,0,0,0,0,0,0,0,0,6.51743e-05,0,0,0,0,0,0,0,0.000434475,0.000341017,0,0,0.000483839,0,0,0,0,0.000553405,0,0,0.000128292,0,0,0,0,0.0002533,0,0.000257282,0.000310049,0,0,0,0.000217914,0,0.000298602,0,0.000419351,0,9.25381e-05,0,0,0.000140523,0,0,0,0.000200051,0,0.000175287,0,0,0,0,0,0,0,0,7.91422e-05
"GLUCUROCAT-PWY: superpathway of &beta;-D-glucuronosides degradation",7.88147e-05,0,3.49931e-05,0,8.84537e-05,0,4.7933e-05,0,0.000117326,4.01611e-05,0,4.12744e-05,0,6.11291e-05,0,6.46796e-05,0,0,0,3.86007e-05,3.52249e-05,5.34984e-05,0,0,0,4.73455e-05,3.28352e-05,3.86447e-05,4.77598e-05,0.000146927,5.50792e-05,0,0,6.23988e-05,0,5.23831e-05,9.23116e-05,3.11106e-05,0,0,4.46116e-05,4.26947e-05,0,0.000117753,3.03834e-05,3.32246e-05,0,0,0,0,0,0,7.47878e-05,0,7.28572e-05,0.000138404,0,5.64854e-05,0,7.93451e-05,0,6.03348e-05,3.0609e-05,0,0,3.69232e-05,0,0,0,0,5.8261e-05,7.00791e-05,8.02739e-05,0.000137913,3.67396e-05,0.000106913,3.35539e-05,0,3.18605e-05,0,0,2.16675e-05,5.98901e-05,5.08909e-05,0,3.79074e-05,0,0,7.31851e-05,0,9.9191e-05,0,5.47269e-05,3.32727e-05,0,0,5.21797e-05,0,0,2.61683e-05,5.50181e-05,0,4.04871e-05,5.75262e-05,0,0,4.35635e-05,9.97019e-05,0,0,0,8.30442e-05,0,0,4.00581e-05,4.01914e-05,0,0,2.85429e-05,2.10874e-05,8.11029e-05,0,8.75475e-05,5.00599e-05,8.79953e-05,0,0.000172717,9.07974e-05,4.54721e-05,3.87347e-05,0,0,0,0.000149175,4.06385e-05,8.65132e-05,0,3.90085e-05,7.27957e-05,0,0.000115198,5.16474e-05,0,0,0,5.66558e-05,4.18501e-05,3.93435e-05,5.54315e-05,0,6.68587e-05,3.72638e-05,0.00011093,2.38358e-05,3.72574e-05,0
"GLUDEG-I-PWY: GABA shunt",0,0,0,0,0,0,0,0,1.58129e-05,0,0,1.32556e-05,0,0,0,0,0,0,0,0,0,0,0,0,0,0,0,6.78243e-05,0,6.6695e-06,0,0,0,0,0,2.99737e-05,0.000106814,0,0.000169039,0,2.26993e-05,0,0,9.95345e-06,0,0,0,0,0,0,0,0,3.02088e-05,0,1.11582e-05,0,0,6.395e-06,0,0,0,0,0,0,0,2.9738e-05,0,0,0,0,0,0,8.05483e-05,0,0,3.26251e-05,0,0,5.00413e-05,0,0,0,0,0,0,0,0,0,0,0,3.16825e-05,0,0,0,0,0,0,0,0,3.04906e-05,0,0,0,0,0,0,0,0,0,0,0,0,0,0,0,0,2.20759e-05,0,0,0,5.1683e-05,0,3.12233e-05,0,0,0,0.000110744,5.16235e-05,0,0,0,0,0,4.51831e-06,0,0,0,3.87459e-05,0,0,3.50132e-05,0,0,0,0,7.80621e-05,0,0,0,0,0,0,0,0,3.55853e-05,0
"GLUTORN-PWY: L-ornithine biosynthesis I",0.000388046,0.000220829,0.000498975,0.000310885,0.000577227,0.000484195,0.00053935,0.00048188,0.000392505,0.00042534,0.000144322,0.000400722,0.000133486,0.000526198,0.000611134,0.000654834,0.000403925,0.000537208,0.000432075,4.52134e-05,0.000306321,0.000464819,0.000198826,0.000259373,0.000186965,0.000515815,0.000573772,0.000354635,0.000173096,0.000367509,0.00053314,0.000333306,0.000595427,0.000524047,0.000506903,0.000271963,0.000245813,0.000488081,0.000286227,0.000199995,0.000271787,0.000433511,0.000453723,0.000347953,0.000400618,0.00055201,0.00031699,0.000486565,0.000402797,0.000399754,0.000548124,0.000382987,0.000323952,0.000446728,0.000315956,0.000395177,0.00048539,0.000457538,0.00045549,0.000374861,0.000144039,0.000728596,0.000289985,0.000464667,0.000151804,0.000196109,0.000334939,0.000507979,0.000396711,0.000178967,0,0.000230258,0.000147606,0.000171643,0.000160996,0.000344124,0.000133764,5.92089e-05,0.000166425,0.000555613,0.000372104,0.000189659,0.00032982,0.000739879,0.000270032,0.000197561,0.000553919,0.000279421,0.000408262,0.000511568,0.000314959,0.000468028,0.000430462,0.000627051,0.000510357,0.000146289,0.000439883,0.000640547,0.000491695,0.000228341,0.000367494,0.000462928,0.000431378,0.000517464,0.000231465,0.000204267,0.000366457,0.000402403,0.000555046,0.000106136,0.000522101,0.000520461,0.000564053,0.000241707,0.000247006,0.00060635,0.000487105,0.000334136,0.000442016,0.000168902,0.000429066,0.000156913,0.000204934,0.000307609,0.000219871,0.000236541,0.000306955,0.000283341,0.000329801,0.000181225,0.000140102,0.000362259,0.000101107,0.00035913,0.000227787,0.000306635,0.000365159,0.000198948,0.000120072,9.0165e-05,0.000233265,0.000409197,0.00030677,6.65606e-05,0.000283378,0.000138223,0.000297728,0.000224895,0.000122784,0.000251296,0.000290492,0.000266839,0.000334239,0.000293693,0.000296984,0.000210866
"GLYCOCAT-PWY: glycogen degradation I",0,0,0,0,8.23995e-05,0,0,0,8.9178e-05,0,0,2.66692e-05,0,0.000124387,0,0,0,0,0,0,0,0,0.000101567,0,0,6.2402e-05,3.5255e-05,0.00016969,0.000105865,0.000281046,0,0,6.85174e-05,0,0,0.000247225,3.49645e-05,0,7.87507e-05,0.000112943,9.19495e-05,0.000176299,0,7.8598e-05,0,0,0,0.000173217,0,0.000135926,0,0,8.14787e-05,0,3.49414e-05,4.82758e-05,0,9.03911e-05,0,4.84363e-05,0.000116738,0,9.09975e-05,0,0,3.59974e-05,7.96153e-05,0,0,0,3.71342e-05,7.64968e-05,3.15257e-05,0.000122117,6.34489e-05,0.000123513,4.20822e-05,0,2.95712e-05,0,0,6.8477e-05,0,0,0,7.64818e-05,0,0,0,0.000178771,0.000173141,0,0,8.65771e-05,6.35781e-05,0,0,0,0,4.80189e-05,5.59927e-05,5.19279e-05,0,0,0,0,0,3.72352e-05,0,0,0.000223353,4.68146e-05,9.15581e-05,7.12531e-05,7.09904e-05,0.000178143,8.8149e-05,0,7.47549e-05,0,0.000198773,0,0,0.000309689,0.000147466,0,6.59017e-05,0.0001166,0,0,7.31237e-05,0,0,9.3868e-05,0,0.00019288,6.1127e-05,0,0,0,3.04272e-05,0,0,4.7134e-05,0,9.37249e-05,0,0,5.30164e-05,0,6.09267e-05,5.52962e-05,0,0,0,4.38164e-05
"GLYCOGENSYNTH-PWY: glycogen biosynthesis I (from ADP-D-Glucose)",0.000648773,0.000405564,0.000480489,0.000317945,0.000737093,0.000685736,0.000737412,0.000784397,0.000579034,0.000583508,0.000435148,0.000482118,0.00010007,0.000582645,0.000854863,0.000714973,0.000833006,0.000913265,0.000564736,0.000231019,0.000423187,0.000638294,0.000251261,0.000289663,0.000300095,0.000640689,0.000976939,0.000529952,0.000482312,0.000445622,0.000735079,0.000748063,0.00115815,0.000786156,0.000887417,0.000351922,0.000401068,0.000712473,0.000355414,0.000680106,0.000287463,0.000502386,0.000568614,0.000404511,0.000758709,0.000638132,0.000438179,0.00082203,0.000501003,0.000582576,0.000676163,0.000389536,0.000469569,0.000354791,0.000527796,0.000345059,0.00104836,0.000721927,0.000960584,0.000509378,0.000267697,0.000940846,0.000293973,0.00074759,8.54704e-05,0.000175396,0.000736513,0.000773572,0.000508427,0.000312761,0.000248856,0.000390969,0.000239125,0.000256446,0.000234333,0.000381268,0.000292856,0.00032273,0.000176298,0.000868088,0.000613225,0.000314824,0.00077018,0.00106141,0.000168036,0.00023366,0.000855835,0.000363627,0.000388056,0.0008157,0.00042373,0.000571117,0.000542579,0.000897396,0.000785752,0.000231323,0.000492572,0.000837265,0.000794944,0.000307202,0.00056487,0.000867561,0.000736048,0.000579958,0.000420574,0.000139986,0.000512196,0.000538516,0.000637876,0.000271947,0.000818341,0.000657412,0.000677887,0.000331687,0.000402251,0.00094437,0.000757027,0.000665266,0.000597295,0.000486674,0.000511986,0.000224631,0.000336782,0.000534967,0.000415467,0.000310732,0.000384767,0.000322347,0.000348043,0.000169611,0.000152586,0.000433446,0.00011423,0.000259544,0.000394849,0.0004825,0.000758986,0.00024246,0.000243986,0.00016083,0.000476423,0.000574201,0.000431975,0.000126435,0.000491053,0.000307224,0.000441467,0.000211368,0.000186639,0.000581094,0.00039808,0.000377807,0.000556555,0.000518602,0.000406053,0.000181495
"GLYCOL-GLYOXDEG-PWY: superpathway of glycol metabolism and degradation",0,0,0,0,0,0,0,0,1.20549e-05,0,0,0,0,0,0,0,0,0,0,0,0,0,0,0,0,0,6.23099e-06,0,0,5.30812e-05,0,0,0,0,0,0,1.07723e-05,0,2.59285e-05,0,3.11886e-05,0,0,3.09585e-05,0,0,0,0,0,0,0,0,3.07919e-05,0,2.16179e-05,6.02773e-05,0,6.8149e-06,0,0,0,0,0,0,0,3.27407e-05,0,0,0,0,0,0,2.4576e-05,0,0,3.93233e-05,0,0,2.64228e-05,0,0,0,0,0,0,0,0,0,0,0,5.26884e-05,0,0,0,0,0,0,0,0,0,0,0,0,0,0,0,0,3.44644e-05,1.18123e-05,0,0,0,0,0,0,0,0,0,0,1.59695e-05,0,0,0,0,0,0,3.84117e-05,8.367e-05,0,0,0,0,0,6.09296e-05,0,5.12443e-05,0,0,0,0,1.26269e-05,0,0,0,0,0,0,0,0,0,0,0,0,0,0,0
"GLYCOLYSIS-E-D: superpathway of glycolysis and the Entner-Doudoroff pathway",0,0,0,0,0,7.42581e-05,0,0,0.000249981,0,0,0.000121888,0,0,0,0,0,0,0,6.77193e-05,0,0,0,0,0,0,8.1927e-05,9.19835e-05,5.6101e-05,0.000279303,0,0,0,0,0,0,0.000155631,0,8.55658e-05,0,9.11496e-05,0,0,0.000216526,0,0.000103182,0,0,0,0,0,0,0.000232198,0,8.46639e-05,0.000325612,0,0.000199234,0,7.62337e-05,0,0,0.000134705,0,0,0.000127561,0,0,6.82886e-05,0,0,0,0.000137491,7.73594e-05,0,0.000252514,8.00477e-05,0,0.000102354,0,0,0,0,0,0,5.0455e-05,0,0,0,0,0.000279846,0,0,0,9.95045e-05,0,0,0,0,0,0,0,0,0,0,0,0,0.000148093,0,0,0,0.000103066,0,0,5.66792e-05,0,9.76916e-05,0,0,0,0,0,0,0,0.00012486,0,0.000205217,0.000299963,6.47569e-05,0,6.23176e-05,0,0,0.000324998,0,0.000159463,0,9.20031e-05,0,0,0.000230104,0,4.18296e-05,0,0,0,5.74742e-05,0,7.87113e-05,0,0,0,0,0,0,0
"GLYCOLYSIS-TCA-GLYOX-BYPASS: superpathway of glycolysis, pyruvate dehydrogenase, TCA, and glyoxylate bypass",0,0,0,0,0,0,0,0,4.15486e-05,0,0,0,0,0,0,0,0,0,0,0,0,0,0,0,0,0,0,0,0,0.000140352,0,0,0,0,0,0,0,0,0,0,0,0,0,3.01324e-05,0,0,0,0,0,0,0,0,3.27236e-05,0,0,0.000172796,0,3.19447e-05,0,0,0,0,0,0,0,1.8394e-05,0,0,0,0,0,0,2.55358e-05,0,0,1.92348e-05,0,0,0,0,0,0,0,0,0,0,0,0,0,0,3.43967e-05,0,0,0,0,0,0,0,0,2.0148e-05,0,0,0,0,0,0,0,0,0,0,0,0,0,0,0,0,0,0,0,0,0,0,0,0,0,0,2.93935e-05,3.95498e-05,0,0,0,0,0,0.000111885,0,0,0,0,0,0,0,0,0,0,0,0,0,0,0,0,0,0,0,0,0,0
"GLYCOLYSIS: glycolysis I (from glucose 6-phosphate)",0.000313223,0.000241214,0,0.00015947,0.000165034,0.000245511,0.00034988,0.000274508,0.000355146,0,0.000155842,0.000341678,0.000204284,0,0.000249326,0,0.000274652,0.000143628,0.000119483,0.000172907,0.000151704,0,0.000121024,0.000186343,0.000115768,0.00028124,0.00028407,0.000356117,0.000199358,0.000361193,0.000225796,0.000202557,0.000259154,0.000191123,9.72491e-05,0.000171262,0.00031745,0,0.000319552,0.000122931,0.000200871,0,0,0.000374952,0,0.000357889,0.000112661,0.00029709,0,0.000417514,0.00023134,0.000382069,0.0003574,0.000239559,0.00023974,0.000431029,6.70377e-05,0.000391553,7.81725e-05,0.000233232,0.00012011,0,0.000284416,0,0.000200217,0.000202108,0.000250482,0.000276324,0.000220641,0.000139755,0.000119637,0.000115637,0.000324545,0.000100901,9.29278e-05,0.000374999,0.000261686,0.000191232,0.000198644,0.000436928,0.000332134,7.10374e-05,0,0,0.000315607,0.000141834,0.000378502,0.000272131,0.000168236,0.00045979,0.000392389,0.000350508,0.000105767,0.000261483,0.000163276,0.000154638,0,0.000131206,0,0.000240424,0.000394502,0.000189588,0,0.000178109,0,0.000175388,0,0.000266021,0.000349626,0,0.00050653,0.000306257,0.000366572,0.000171998,0.000196893,0.000103363,0.000234189,0,0.000225239,0.000121626,0.000107799,0.000121809,0.000139208,0.000179397,0.000291992,8.38099e-05,0.000353809,0.00040692,0.000153292,8.53199e-05,0.00018178,0.000124286,0.000144901,0.000379753,0.000169241,0.000346613,0.000103923,0.000197221,0.000132932,0.000187557,0.000282231,5.6992e-05,0.000202735,0,0.000224731,0.000111813,9.85484e-05,0.000221041,0.000236131,0.000123119,0,0.000187142,0,0.000260703,9.49418e-05,0.000167898
"GLYOXYLATE-BYPASS: glyoxylate cycle",0,0,0,0,0,0,2.62422e-05,0,0.000143812,0,0,9.13334e-05,0,0,0,0,0,0,0,0,0,0,0,0,0,0,6.30405e-05,2.97304e-05,0,0.000359911,0,0,0,0,0,3.00964e-05,5.93506e-05,0,9.31567e-05,0,4.20204e-05,0,0,0.000266223,0,0,0,0,0,0,0,0,0.000188634,0,6.26545e-05,0.000250308,0,0.000102722,0,0,0,0,4.30957e-05,0,2.99158e-05,9.41209e-05,0,0,0,0,0,0,0.000102813,0,0,0.000203088,0,0,7.77415e-05,0,0,0,0,0,0,0,0,0,0,0,0.000254704,0,0,0,0,1.95567e-05,0,0,0,4.35458e-05,0,0,0,0,0,0,0,0.000114123,7.77479e-05,0,0,6.49781e-05,0,0,0,0,7.46355e-05,0,0,3.95585e-05,0,0,0,0,3.00138e-05,0,9.98811e-05,0.000224374,0,0,0,0,0,0.000234342,0,0.000120489,0,3.92744e-05,0,0,3.39411e-05,0,0,0,0,0,0,0,0,0,0,0,0,0,0,0
"GOLPDLCAT-PWY: superpathway of glycerol degradation to 1,3-propanediol",2.30992e-05,0,6.13138e-05,0,3.73014e-05,4.28079e-05,0,3.88685e-05,2.47275e-05,7.64717e-05,0,0,0,7.13617e-05,6.41548e-05,0,5.38723e-05,7.7917e-05,0,0,0,0,0,0,0,0,0.000125665,3.98886e-05,7.20821e-05,1.48915e-05,0,0.000116058,6.47232e-05,6.58823e-05,0.000123439,0,5.93056e-05,8.19056e-05,0.000119198,0,0,1.95975e-05,0,3.44107e-05,7.10954e-05,3.5354e-05,0,6.96545e-05,3.84601e-05,4.90986e-05,0,0,6.70302e-05,0,0,0,0.000159238,5.57784e-05,0.000303187,0,0,0,0,3.95065e-05,0,0,0.000101526,2.78545e-05,4.2635e-05,0,0,0,0,0,0,0,0,0,0,4.90485e-05,6.70035e-05,0,4.98407e-05,0.000122192,0,0,8.99067e-05,3.50739e-05,0,4.02635e-05,0,0,2.97414e-05,8.05978e-05,8.41492e-05,0,2.54583e-05,5.48663e-05,0.00013085,0,5.21283e-05,0.000303721,3.20178e-05,6.52546e-05,6.86659e-05,0,0,5.2266e-05,3.78089e-05,0,0.000130966,0,7.67266e-05,3.80198e-05,0,0,9.66211e-05,4.44105e-05,2.61007e-05,0,0,0,0,0,0,0,5.17388e-05,0,0,0,0,5.14411e-05,0,5.30591e-05,0,0.000109312,6.87479e-05,0,0,0,5.48198e-05,0,0,0,0,0,7.08331e-05,0,0,4.17102e-05,0,0,0,5.65678e-05,0,0
"HCAMHPDEG-PWY: 3-phenylpropanoate and 3-(3-hydroxyphenyl)propanoate degradation to 2-hydroxypentadienoate",0,0,0,0,0,0,0,0,8.08494e-05,0,0,5.43143e-05,0,0,0,0,0,0,0,0,0,0,0,0,0,0,0,2.64756e-05,0,0.000182929,0,0,0,0,0,0,0.000116849,0,0,0,0,0,0,7.28483e-05,0,0,0,0,0,0,0,0,0.000128383,0,3.08614e-05,0,0,8.73666e-05,0,0,0,0,0,0,0,5.5011e-05,0,0,0,0,0,0,8.14192e-05,0,0,0.00011867,0,0,5.81816e-05,0,0,0,0,0,0,0,0,0,0,0,0.000179886,0,0,0,0,0,0,0,0,0,0,0,0,0,0,0,0,3.81817e-05,0,0,0,0,0,0,0,0,2.41166e-05,0,0,3.36293e-05,0,0,0,0,0,0,4.51779e-05,0.000347152,0,0,0,0,0,0,0,8.12581e-05,0,0,0,0,0,0,0,0,0,0,0,0,0,0,0,0,0,0,0,0
"HEME-BIOSYNTHESIS-II-1: heme b biosynthesis V (aerobic)",0,0,0,0,0,0,0,0,9.06061e-05,0,0,2.80056e-05,0,0,0,0,0,0,0,0,0,0,0,0,0,0,0,3.74586e-05,0,0.000319395,0,0,0,0,0,0,7.0932e-05,0,8.34272e-05,0,4.39371e-05,0,0,0.000120874,0,0,0,0,0,0,0,0,0.000160199,0,6.45323e-05,0.00026431,0,7.4484e-05,0,0,0,0,1.99696e-05,0,0,9.0619e-05,0,0,0,0,0,0,0.000105589,0,0,0.000105437,2.26822e-05,0,4.48054e-05,0,0,0,0,0,0,0,0,0,0,0,0.000250753,0,0,0,0,2.80281e-05,0,0,0,0,0,0,0,0,0,0,0,9.49323e-05,3.97042e-05,0,0,7.81481e-05,0,0,0,0,6.89089e-05,0,0,3.45001e-05,0,0,0,0,0,0,0.000104632,0.000226294,0,0,0,0,0,0.000255446,0,9.38569e-05,0,0,0,0,2.32684e-05,0,0,0,0,0,0,0,0,0,0,0,0,0,0,0
"HEME-BIOSYNTHESIS-II: heme b biosynthesis I (aerobic)",0,0,0,0,0,0,0,0,8.75347e-05,0,0,2.80056e-05,0,0,0,0,0,0,0,0,0,0,0,0,0,0,0,3.74586e-05,0,0.000265633,0,0,0,0,0,0,4.06789e-05,0,7.27554e-05,0,4.39371e-05,0,0,8.7061e-05,0,0,0,0,0,0,0,0,0.000100473,0,3.83867e-05,0.00026431,0,7.4484e-05,0,2.15735e-05,0,0,0,0,0,6.58431e-05,0,0,0,0,0,0,0.000105589,0,0,0.000105437,2.26822e-05,0,3.40097e-05,0,0,0,0,0,0,0,0,0,0,0,0.000250753,0,0,0,0,2.80281e-05,0,0,0,0,0,0,0,0,0,0,0,9.49323e-05,3.97042e-05,0,0,7.81481e-05,0,0,0,0,4.9138e-05,0,0,3.45001e-05,0,0,0,0,0,0,0.000104632,0.000183854,0,0,0,0,0,0.000255446,0,9.38569e-05,0,0,0,0,7.62894e-05,0,0,0,0,0,0,0,0,0,0,0,0,0,0,0
"HEMESYN2-PWY: heme b biosynthesis II (oxygen-independent)",0,0,0,0,0,0,0,0,0.00014058,0,0,3.28561e-05,0,0,0,0,0,0,0,0,0,0,0,2.5787e-05,0,0,0,3.41867e-05,0,0.000299723,0,2.3934e-05,0,0,0,0,8.66479e-05,0,9.93101e-05,0,5.89423e-05,0,0,0.000173088,0,0,0,0,0,0,0,0,0.000190281,0,7.59188e-05,0.000291552,0,7.56173e-05,0,0,0,0,2.97114e-05,0,0,8.57149e-05,0,0,0,0,0,0,0.000113485,0,0,0.000135857,2.26822e-05,0,4.48054e-05,0,0,0,0,0,0,2.16889e-05,0,0,0,0,0.000256583,0,0,0,0,3.26292e-05,0,0,0,0,0,0,0,0,0,0,0,0.000133542,3.27878e-05,0,0,7.65205e-05,0,0,0,0,8.26706e-05,0,0,3.45001e-05,0,0,0,0,0,0,0.00014657,0.000256399,0,0,0,3.01622e-05,0,0.000272242,0,0.000106482,0,0,0,0,8.89894e-05,0,0,0,0,0,3.35144e-05,0,0,0,0,0,0,0,0,0
"HEXITOLDEGSUPER-PWY: superpathway of hexitol degradation (bacteria)",0,0,0,0,0,0,0,0,0.000231167,0,0,9.95937e-05,0,0,0,0,0,0,0,0,0,0,0,0,0,0,0.00013506,0,5.95987e-05,0.000268688,0,0,0,0,0,0,9.78513e-05,0,0,0,6.46319e-05,0,0,0.000223338,0,0,0,0,0,0,0,0,0.000201038,0,6.31996e-05,0.00028038,0,0.000187943,0,5.60749e-05,0,0,0.000103005,0,0,7.62936e-05,0,0,0,0,0,0,0.000177866,0,0,0.000221423,0,0,6.74311e-05,0,0,0,0,0,0,0,0,0,0,0,0.000261637,0,0,0,0,0,0,0,0,0,0,0.000115056,0,0,0,0,0,0.000136985,0,0,0,6.5847e-05,0,0,0,0,0,0,0,0,0,0,0,0,0,0,0.00012406,0.000273627,0,0,0,5.86568e-05,0,0.000305479,0,0,0,0,0,0,3.08357e-05,0,0,0,0,0,0,0,0,0,0,0,0,0,0,0
"HISDEG-PWY: L-histidine degradation I",4.71746e-05,0,0,0,0,3.68108e-05,0,0,0,0,0,0,0.000173446,0,8.02528e-05,0,0,0,0,0.000122343,0,0,7.12093e-05,0,2.65705e-05,0,0,0.000106843,4.4826e-05,0,0,0,0,0,5.26561e-05,0,0.000108796,4.0975e-05,0.000289315,2.67077e-05,0,0,0,0,0,0,0,0,0,1.999e-05,0,2.81697e-05,0,0,3.56297e-05,0,0,0,0,0,0,0,0,0,0,0,0,0,0,8.63183e-05,0.000208139,0,9.39848e-05,4.49044e-05,4.12756e-05,0,0.00021371,0.000172822,6.36242e-05,1.66023e-05,0,9.3003e-05,0,0,0,4.91104e-05,0,0,0,0,0,0,0,0,0,0,3.99073e-05,0,0,0.000102278,0,0,0,0,0,7.27101e-05,0,0,0,3.83464e-05,0,0,0,4.63393e-05,0.000155089,0,5.97368e-05,0,0,0.000199861,3.98763e-05,0,0,3.02417e-05,0.000138909,8.6137e-05,0.000142863,0,9.19107e-05,4.11141e-05,9.97176e-05,0,0,1.32187e-05,0.000102675,0.000102335,0,4.87674e-05,0,0.000379759,0.000122894,2.92471e-05,3.07688e-05,0.000447799,5.97641e-05,0.00031763,0,2.95925e-05,0.000135606,0,3.19689e-05,9.99078e-05,5.42209e-05,0,0,5.02179e-05
"HISTSYN-PWY: L-histidine biosynthesis",0.000425275,0.00028777,0.000455205,0.000296592,0.000380365,0.000379714,0.000383346,0.000337857,0.000253358,0.000204731,0.000179912,0.000292258,0.000167474,0.000418834,0.000415083,0.000602672,0.000394907,0.000409392,0.000300382,5.49627e-05,0.000235375,0.000390364,0.000206867,0.000390823,0.000202949,0.000472577,0.000156173,0.00038799,0.000320602,0.000149725,0.000396133,0.000218896,0.000330243,0.000330596,0.000233123,0.000299123,0.000275265,0.000370941,0.000255435,0.000290077,0.000235673,0.00040346,0.000416084,0.000224846,0.000150327,0.000393416,0.000331752,0.000188107,0.000271627,0.000398895,0.000380822,0.000412905,0.000247821,0.000492005,0.000335843,0.000196355,9.87142e-05,0.000252975,0.000368974,0.000309331,0.000133381,0.000581073,0.000236604,0.000261137,0.000278344,0.000124757,0.000276166,0.000474769,0.000335475,0.000226252,0.000214823,0.000276262,0.000169578,0.000238601,0.000171488,0.000294168,0.000204373,0,0.000175971,0.000427375,0.000355448,0.000202452,0.000289964,0.000403157,0.000393975,0.000210755,0.000340684,0.000350213,0.000340337,0.000543007,0.000188061,0.00039953,0.000283849,0.000384688,0.000298304,0.000114069,0.000366706,0.000400916,0.000245579,0.00025957,0.000388377,0.000293872,0.000339286,0.000327393,0.000226223,0.000233153,0.000249565,0.000244121,0.00038837,0.000169143,0.000562679,0.000403325,0.000471252,0.000240655,0.000278933,0.000417434,0.000252993,0.000296,0.000355389,0.000198215,0.000288302,0.000191508,0.000124214,0.000333203,0.000284408,0.000175971,0.000360412,0.000181534,0.000191576,0.000195884,0.000130885,0.000305531,0.000293408,0.000145815,0.000224115,0.000233186,0.00030772,0.000232053,0.00033259,0.000210495,0.000231297,0.000310521,0.000301602,0.000411061,0.000228369,0.000385295,0.000228169,0.000323023,0.000360008,0.000190981,0.000190776,0.000304011,0.00039327,0.000223468,0.00026406,0.000299787
"HOMOSER-METSYN-PWY: L-methionine biosynthesis I",0,0,0,0,0,0,0,0,0.000261035,0,0,8.9301e-05,0,0,0,0,0,0,0,0,0,0,0,0,0,0,3.50735e-05,8.29858e-05,0,0.000242754,0,2.85559e-05,0,0,0,0,8.96657e-05,0,5.28682e-05,0,7.01325e-05,0,0,0.000239113,7.23198e-05,0,0,0,0,0,0,4.30349e-05,0.00014051,0,4.08396e-05,0.000305865,0,0.000138456,0,2.7773e-05,0,0,3.08865e-05,0,0,7.69643e-05,0,0,0,0,0,0,0.000152639,0,0,0.000130195,0,0,7.46809e-05,0,0,0,0,0,0,0,0,0,0,0,0.000292133,0,0,3.75633e-05,0,2.7344e-05,0,0,0,2.89929e-05,0,0,0,0,0,0,0,0.000138497,0.000101217,0,0,0,0,0,0,0,5.16058e-05,0,0,3.42678e-05,0,0,0,0,0,0,0.000124831,0.000253056,0,0,0,0,0,0.000318472,0,0.000176186,0,0,0,0,5.51028e-05,0,0,0,0,0,0,0,0,0,0,0,0,3.92284e-05,0,0
"HSERMETANA-PWY: L-methionine biosynthesis III",0.000317892,0.000177783,0.000238921,0.000292021,0.000299377,0.000376336,0.000527232,0.000444967,0.000309966,0.000260781,0.000215552,0.000210861,9.75798e-05,0.000380775,0.000478986,0.000295013,0.000535716,0.00034626,0.000174572,4.29536e-05,0.000123324,0.000352614,9.5894e-05,9.48143e-05,4.42454e-05,0.000295538,0.000472004,0.000390202,0.000297628,5.69938e-05,0.00035074,0.000300465,0.000634767,0.000341448,0.00052234,0.000292672,0.000244316,0.000317829,0.000195745,0.000191342,0.000188823,0.000329085,0.000182865,0.000201278,0.000375583,0.000289912,0.00018799,0.000301295,0.000294364,0.000618262,0.000282068,0.000210797,0.000270923,6.10446e-05,0.000256491,0.000122459,0.000563751,0.000411159,0.000446186,0.000206636,0.000195711,0.000494665,0.000233895,0.000397308,0.000204602,8.95802e-05,0.000371399,0.000345213,0.000264531,0.000211679,0.000101835,0.000232021,0.000207577,0.000148926,9.96983e-05,0.000266171,3.79336e-05,0,0.000138068,0.000475241,0.000296343,0.000134465,0.000400274,0.000498701,0.00019745,0.000187102,0.000489317,0.000286383,9.94559e-05,0.000574874,0.00010773,0.000375652,0.000244063,0.00046436,0.000401196,8.09275e-05,0.000212287,0.000544632,0.000301182,0.000149351,0.000312059,0.000503488,0.000383377,0.000318714,0.000205994,0.000142194,0.000187027,0.000272284,0.000267526,0.000118558,0.000567965,0.000402542,0.000458981,0.000171168,0.000222259,0.000424266,0.000338845,0.000366888,0.000386191,0.00013764,0.000308885,0,0.000105115,0.000343231,0.000162174,0.000130497,0.000256654,9.60081e-05,8.12259e-05,0.000181726,7.6997e-05,0.000339272,0.000104605,0,0.00021519,0.000260815,0.000422465,0.000190604,6.84267e-05,0.000333394,0.000217436,0.000341009,0.000141167,0,0.000174394,0,0.000204953,0.000128141,8.5776e-05,0.000228678,0.000130736,0.000186799,0.000142768,0.000283599,0.000190428,7.29706e-05
"ILEUSYN-PWY: L-isoleucine biosynthesis I (from threonine)",0.000418345,0.000280798,0.000536077,0.000496526,0.000539129,0.00056865,0.000678458,0.000623464,0.000736862,0.000414607,0.000287597,0.0004408,0.000159011,0.000581664,0.000618924,0.00047073,0.000623716,0.000601727,0.000432525,0.000147773,0.000345632,0.000491941,0.000140099,0.00011003,0.000297447,0.00060994,0.000613575,0.000625123,0.000443486,0.000562211,0.000726051,0.00045879,0.000636538,0.000627108,0.00047548,0.000384899,0.00025117,0.00052445,0.000362518,0.000156892,0.000331167,0.000495484,0.000508622,0.000449463,0.000489304,0.000671946,0.000442872,0.000539768,0.000459167,0.000722919,0.000558288,0.000433415,0.000549995,0.000399105,0.000225563,0.00039713,0.000497314,0.000727815,0.000615617,0.000305614,0.000278758,0.000576379,0.000452608,0.000498467,0.000360657,0.00031235,0.000499797,0.000613498,0.000417822,0.000408936,0.000284495,0.000382322,0.000336627,0.000207123,0,0.000547577,0.000254979,0,0.000287119,0.000781429,0.000554917,0.000237113,0.00043879,0.000688068,0.000465593,0.000316106,0.000729346,0.000539388,0.000396337,0.000836222,0.000551518,0.000637199,0.000435544,0.000665945,0.000608197,0.000187199,0.000380491,0.000694993,0.000520133,0.000347925,0.000583138,0.000546617,0.00053831,0.000550405,0.000436665,0.000191045,0.000471703,0.000580368,0.000657607,0.000190251,0.000860663,0.000674799,0.000637472,0.000321774,0.000404961,0.000605746,0.000474503,0.000549718,0.000520619,0.000243024,0.00047607,0.00022143,0.000214813,0.000457779,0.000418123,0.00019445,0.000511533,0.000461681,0.000255934,0.000318,0.000258833,0.000432046,0.000540093,0.000446896,0.000330617,0.000386276,0.000511766,0.000312948,0.000553672,0.000269695,0.000366831,0.000429556,0.000536784,0.00017186,0.000269425,0.000356359,0.000290608,0.000205884,0.000318774,0.000419632,0.000228945,0.000250373,0.000309632,0.000349057,0.000225847,0.000289029
"KDO-NAGLIPASYN-PWY: superpathway of (Kdo)2-lipid A biosynthesis",0,0,0,0,0,0,0,0,3.04452e-05,0,0,0,0,0,0,0,0,0,0,0,0,0,0,0,0,0,0,0,0,4.22198e-05,0,0,0,0,0,0,0,0,3.53688e-05,0,0,0,0,3.24378e-05,0,0,0,0,0,0,0,0,3.38538e-05,0,0,8.98707e-05,0,9.06528e-06,0,0,0,0,0,0,0,2.07443e-05,0,0,0,0,0,0,3.32698e-05,0,0,3.62152e-05,0,0,0,0,0,0,0,0,0,0,0,0,0,0,7.52664e-05,0,0,0,0,0,0,0,0,0,0,0,0,0,0,0,0,8.14538e-06,0,0,0,0,0,0,0,0,0,0,0,0,0,0,0,0,0,0,1.55897e-05,4.38823e-05,0,0,0,0,0,8.69438e-05,0,0,0,0,0,0,0,0,0,0,0,0,0,0,0,0,0,0,0,0,0,0
"KETOGLUCONMET-PWY: ketogluconate metabolism",0,0,0,0,0,0,0,0,2.57945e-05,0,0,2.01289e-05,0,0,0,0,0,0,0,0,0,0,0,0,0,0,4.62494e-05,3.78755e-05,0,0.000138409,0,0,6.13174e-05,0,0,0,1.50599e-05,0,0,0,0,0,0,4.61676e-05,0,0,0,0,0,0,0,0,0.000192143,0,0,0.000247057,0,2.8168e-05,0,0,0,0,4.71594e-05,0,0,1.18289e-05,0,0,0,0,0,0,4.3789e-05,0,0,3.28807e-05,0,0,4.57136e-05,0,0,0,0,0,0,0,0,0,0,0,3.85958e-05,0,0,0,0,0,0,0,0,1.28803e-05,0,0,0,0,0,0,0,2.35268e-05,0,0,0,0,0,0,0,0,4.8556e-05,0,0,1.02381e-05,0,0,0,0,0,0,0.00014782,0.000150004,0,0,0,0,0,0.000242957,0,0.000152436,0,0,0,0,2.88977e-05,0,0,0,0,0,1.23328e-05,0,0,0,0,0,0,0,0,0
"LACTOSECAT-PWY: lactose and galactose degradation I",7.40774e-05,4.47508e-05,9.11344e-05,3.04564e-05,0.000108023,0.000343137,0.000444115,7.40187e-05,0.000156824,0,4.92993e-05,0,0,0.000135161,0.000174993,7.91578e-05,0.000183443,0.000215136,9.47584e-05,0,5.07973e-05,0.000235011,5.90632e-05,0,7.05942e-05,0.000133538,0,7.34766e-05,0.000157912,3.59261e-05,0.000160653,0.000173025,5.4876e-05,0.000157552,0.000205146,4.73644e-05,0,4.255e-05,0.00012661,0,0.000191767,0.000178892,0.000119264,0.000203586,0,4.3288e-05,0,0.000103551,0.000108419,0.000214904,0.000226053,0.000197958,0,7.32964e-05,7.54804e-05,0,0.000141124,0.000128038,0.000359263,0.000145959,5.63785e-05,0,0.000142287,0,0,2.83491e-05,0.000141803,0.000134532,0.000111025,0.000131566,0,0,6.32682e-05,0,0,7.94271e-05,0,0,0,0.000227614,0.000181081,7.52755e-05,3.30498e-05,0.000142213,4.22319e-05,8.81343e-05,0.000303273,0,0,4.71931e-05,6.59633e-05,0.0001608,0,0.000117552,0.000257652,0,0,8.65962e-05,9.78152e-05,0,0.000154433,0.000203889,0,8.42148e-05,0.00017909,0,7.91221e-05,0.000350887,0.000179796,0,0.000206361,0.000235464,0.000272274,0,0,9.4629e-05,9.46084e-05,0.000217985,0.000278632,5.53109e-05,6.02128e-05,0,0,0,0,0,2.64197e-05,0,0,8.25633e-05,5.57123e-05,4.15023e-05,0,0,4.64369e-05,0,4.86224e-05,6.23899e-05,0,0,0,0,0,0,0,0,2.92995e-05,0,0,8.6355e-05,0,0,4.73435e-05,0,5.58263e-05,0
"LIPASYN-PWY: phospholipases",0,0,0,0,0,0,0,0,0,0,0,0,0,0,0,0,0,0,0,0,0,0,0,0,0,0,0,0,0,0,0,0,0,0,0,0,0,0,9.03938e-05,0,0,0,0,0,0,0,0,0,0,0,0,0,0.000216225,0,0,0,0,0,0,0,0,0,0,0,0,0,0,0,0,0,0,0,0,0,0,0,0,0,0,0,0,0,0,0,0,0,0,0,0,0,0,0,0,0,0,0,0,0,0,0,0,0,0,0,0,0,0,0,0,0,0,0,0,0,0,0,0,0,0,0,0,0,0,0,0,0,6.5413e-05,0,0,0,0,0,0,0,0,9.40926e-05,0,0,0,0,0,0,0,0,0,0,0,0,0,0,0,0,0,0,0,0
"LPSSYN-PWY: superpathway of lipopolysaccharide biosynthesis",0,0,0,0,0,0,0,0,5.24203e-05,0,0,0,0,0,0,0,0,0,0,0,0,0,0,0,0,0,0,0,0,0,0,0,0,0,0,0,0,0,0,0,0,0,0,6.4299e-05,0,0,0,0,0,0,0,0,0,0,0,0,0,1.91314e-05,0,0,0,0,0,0,0,0,0,0,0,0,0,0,0,0,0,0,0,0,0,0,0,0,0,0,0,0,0,0,0,0,0,0,0,0,0,0,0,0,0,0,0,0,0,0,0,0,0,0,0,0,0,0,0,0,0,0,0,0,0,0,0,0,0,0,0,0,0,0,0,0,0,0,0,0,0,0,0,0,0,0,0,0,0,0,0,0,0,0,0,0,0,0,0,0,0,0
"LYSINE-DEG1-PWY: L-lysine degradation XI (mammalian)",0,0,0,0,0,0,0,0,0,0,0,0,0,0,0,0,0,0,0,0,0,0,0,0,0,0,0,0,0,0,0,0,0,0,0,0,0,0,0,0,0,0,0,0,0,0,0,0,0,0,0,0,0,0,0,0,0,0,0,0,0,0,0,0,0,0,0,0,0,0,0,0,0,0,0,0,0,0,0,0,0,0,0,0,0,0,0,0,0,0,0,0,0,0,0,0,0,0,0,0,0,0,0,0,0,0,0,0,0,0,0,0,0,0,0,0,0,0,0,0,0,0,0,0,0,0,0,0,0,0,0,0,0,0,0,0,0,0,0,0,0,0,0,0,0,0,0,0,0,0,0,0,0,0,0,0
"MET-SAM-PWY: superpathway of S-adenosyl-L-methionine biosynthesis",0,0,0,0,0,0,0,0,0.000361947,0,0,0.000145233,0,0,0,0,0,0,0,0,0,0,0,0,0,0,6.0661e-05,0.000144154,0,0.000321097,0,5.39759e-05,0,0,0,0,0.000135673,0,9.08403e-05,0,0.000112402,0,0,0.00030127,0.000115772,0,0,0,0,0,0,7.79715e-05,0.000211519,0,7.1055e-05,0.000325287,0,0.000219295,0,5.13902e-05,0,0,5.66058e-05,0,0,0.000110781,0,0,0,0,0,0,0.000196592,0,0,0.000205115,0,0,0.000113712,0,0,0,0,0,0,0,0,0,0,0,0.000324398,0,0,6.79292e-05,0,4.79931e-05,0,0,0,4.78032e-05,0,0,0,0,0,0,0,0.000207897,0.000165855,0,0,0,0,0,0,0,8.9885e-05,0,0,5.9602e-05,0,0,0,0,0,0,0.00018454,0.000303338,0,0,0,0,0,0.000346668,0,0.000241421,0,0,0,0,9.74637e-05,0,0,0,0,0,0,0,0,0,0,0,0,7.10645e-05,0,0
"METH-ACETATE-PWY: methanogenesis from acetate",0.00015928,8.20702e-05,7.12814e-05,0,0.000186429,0.000355666,0.00029608,0.00034162,9.15783e-05,0.00014295,5.54443e-05,5.0145e-05,0,0.000154796,0.000376223,8.78483e-05,0.000223493,0.000272118,0.000131257,0,0.000108989,0.000189186,4.97083e-05,0,4.18746e-05,0.00011885,0.000417375,4.67549e-05,6.04483e-05,6.2549e-05,0.000232296,0.000200531,0.000470673,0.000278644,0.000269655,0,6.92626e-05,0.000203289,4.50138e-05,0,7.71354e-05,0.00015233,0.00010461,0.000105946,0.000332789,0.000194022,0,0.000192258,0.000164406,0.000239989,9.63149e-05,7.77761e-05,0.000105287,0,0,0,0.000336158,0.000211532,0,0,6.49717e-05,0.000289568,8.59676e-05,0.000268854,0,0,0.000219284,0.000184275,0.000139803,0,0,0,0,5.77052e-05,0,0,0,0,3.35251e-05,0.000267604,0.000113324,0.000102905,0.000239537,0.000375784,0,3.92253e-05,0.000288679,0,0,0.000166474,5.18466e-05,0.000256058,0.000127877,0.000427677,0.000320134,2.26925e-05,0.000163949,0.000363647,0.000308956,0,5.59082e-05,0.000126357,0.000387814,0.000281368,7.18223e-05,0,0.000154385,0.000189307,9.60865e-05,0,0.000210456,0.000227445,0.000260067,0,0,0.000149586,0.000261288,0.000244524,0.000161076,6.78448e-05,7.43518e-05,0,0,0.000171232,0.000162479,0,5.79618e-05,0,0,0,0,0,0,0,0,0,0.000193285,0,0,0,0,5.39283e-05,0.000114687,0,8.11858e-05,0,8.56543e-05,0,0,0.000173612,0,0,0,0.000140789,0,0
"METHANOGENESIS-PWY: methanogenesis from H2 and CO2",0,0,0,0,0,0,0,0,0,0,0,0,6.17669e-05,0,0,0,0,0,0,0,0,0,0,0,0,0,0,0,0,0,0,0,0,0,0,0,0,0,0,0,0,0,0,0,0,0,0,0,0,0,0,0,0,0.000151152,0,0,0,0,0,0,0,0,0,0,8.8303e-05,0,0,0,0,0,0,0,0,0,0,0,0,0,0,0,0,0,0,0,0.000125156,0,0,2.92048e-05,0,0,0,0,0,0,0,0,0,0,0,0,0,0,0,0,0,0,0,0,0,0,0,0,0,0,0,0,0,0,0,0,0,0,0,0,0,0,0,1.92114e-05,0,0,0,0,0,0,0,0,0,0,0,0,0,0,0,0,0,0,0,0,0,0,0,0,0,0,0,5.05388e-05
"METHGLYUT-PWY: superpathway of methylglyoxal degradation",0,0,0,0,0,0,0,0,1.46818e-05,0,0,9.53605e-06,0,0,0,0,0,0,0,0,0,0,0,0,0,0,1.57434e-05,1.10289e-05,0,8.70589e-05,0,0,0,0,0,0,0,0,9.38245e-06,0,0,0,0,1.08305e-05,0,0,0,0,0,0,0,0,1.32949e-05,0,3.57802e-05,8.39624e-05,0,6.82953e-05,0,0,0,0,0,0,0,6.80158e-06,0,0,0,0,0,0,7.46748e-06,0,0,1.33788e-05,2.99938e-05,0,4.19017e-05,0,0,0,0,0,0,2.27172e-05,0,0,0,0,8.36573e-05,0,0,0,0,0,0,0,0,0,0,0,0,0,0,0,0,8.08298e-06,0,0,0,0,0,0,0,0,0,0,0,0,0,0,0,0,0,0,5.00403e-05,0.000173738,0,0,0,0,0,0.000145017,0,0.000107185,0,0,0,0,0,0,0,0,0,0,0,0,0,0,0,0,0,0,0,0
"METSYN-PWY: superpathway of L-homoserine and L-methionine biosynthesis",0,0,0,0,0,0,0,0,0.000347312,0,0,0.000134311,0,0,0,0,0,0,0,0,0,0,0,0,0,0,5.41615e-05,0.0001328,0,0.000304876,0,4.75611e-05,0,0,0,0,0.000127374,0,8.40402e-05,0,0.000104593,0,0,0.000292966,0.00010769,0,0,0,0,0,0,6.94415e-05,0.000197727,0,6.34379e-05,0.000353445,0,0.000208224,0,4.58545e-05,0,0,5.06508e-05,0,0,0.000108353,0,0,0,0,0,0,0.000192528,0,0,0.000190533,0,0,0.000108518,0,0,0,0,0,0,0,0,0,0,0,0.000327679,0,0,6.1074e-05,0,4.30431e-05,0,0,0,4.64575e-05,0,0,0,0,0,0,0,0.000197203,0.000149837,0,0,0,0,0,0,0,8.30022e-05,0,0,5.66343e-05,0,0,0,0,0,0,0.000181517,0.000310777,0,0,0,0,0,0.000353252,0,0.000228851,0,0,0,0,8.90911e-05,0,0,0,0,0,0,0,0,0,0,0,0,6.43439e-05,0,0
"NAD-BIOSYNTHESIS-II: NAD salvage pathway III (to nicotinamide riboside)",0,0,0,0,0,0,0,0,3.88368e-05,0,0,0,0,0,0,0,0,0,0,0,0,0,0,0,0,0,0,5.65495e-05,0,6.37514e-05,0,0,0,0,0,0,0,0,1.92268e-05,0,0,0,0,1.08192e-05,0,0,0,0,0,3.1954e-05,0,4.15426e-05,0,0,0,8.05233e-05,0,0,0,0,0,0,9.21718e-06,0,0,1.34178e-05,0,0,0,0,0,0,1.13596e-05,0,0,2.74624e-05,0,0,0,0,0,0,0,0,0,0,0,0,0,0,4.99499e-05,0,0,0,0,0,0,0,0,2.72691e-05,0,0,0,0,0,0,0,1.06195e-05,0,0,0,0,0,0,0,0,8.6133e-05,0,0,0,0,0,0,0,0,0,1.46708e-05,2.49505e-05,0,0,0,0,0,9.06047e-05,0,0.000120088,0,0,0,0,0,0,0,0,0,0,0,0,0,0,0,0,0,0,0,0
"NADSYN-PWY: NAD de novo biosynthesis II (from tryptophan)",0,0,0,0,0,0,0,0,0,0,0,0,0,0,0,0,0,0,0,0,0,0,0,0,0,0,0,0,0,0,0,0,0,0,0,0,0,0,0,0,0,0,0,0,0,0,0,0,0,0,0,0,0,0,0,0,0,0,0,0,0,0,0,0,0,0,0,0,0,0,0,0,0,0,0,0,0,0,0,0,0,0,0,0,0,0,0,0,0,0,0,0,0,0,0,0,0,0,0,0,0,0,0,0,0,0,0,0,0,0,0,0,0,0,0,0,0,0,0,0,0,0,0,0,0,0,0,0,0,0,0,0,0,0,0,0,0,0,0,0,0,0,0,0,0,0,0,0,0,0,0,0,0,0,0,0
"NAGLIPASYN-PWY: lipid IVA biosynthesis (E. coli)",0,0,0,0,0,0,0,0,0.000122225,0,0,0.000120288,0,0,0,0,0,0,0,4.33715e-05,0,0,0,0,0,0,3.63563e-05,6.06394e-05,0,0.000218509,0,0,0,0,0,0,0.000165441,0,0.000172727,0,3.43106e-05,0,0,0.000114737,0,0,0,0,0,0,0,0,0.000107823,0,4.67907e-05,0.000190401,0,0.000131587,0,0,0,0,4.91563e-05,0,0,6.80636e-05,0,0,3.5347e-05,0,9.6027e-05,0,0.000164791,6.96842e-05,4.18323e-05,0.00016104,0.000106884,0,0.000164478,0,0,4.87599e-05,0,0,0,4.23007e-05,0,0,0,0,0.000178574,0,0,0,0,0,0,0,0,7.89981e-05,0,0,0,0,0,4.7853e-05,0,3.98148e-05,2.78938e-05,0,0,0.00010498,0,0,0,0,4.55978e-05,0,0,4.92493e-05,7.51397e-05,0,0,0,9.23276e-05,0,0.000239279,0.00025866,0,0,5.55472e-05,0,0,0.000225034,6.89754e-05,9.44175e-05,0,8.0981e-05,4.61494e-05,0.000109082,0.000133687,0,4.13944e-05,0,0,0.000102554,2.5904e-05,5.63392e-05,0.00012644,0,0,0,0,0,0,4.48927e-05
"NONMEVIPP-PWY: methylerythritol phosphate pathway I",0.000293844,0.000294836,0.000360458,0.000385072,0.000430827,0.000517513,0.0004963,0.000478145,0.000395511,0.000280889,0.000172189,0.000408636,0.000264696,0.000464077,0.000579109,0.000537319,0.000466731,0.000443529,0.000401333,0.000208639,0.000299852,0.000396713,0.000276162,0.000280627,0.000287343,0.000472732,0.000533112,0.000375165,0.00040891,0.000278984,0.000405447,0.000391067,0.000552695,0.00048477,0.000462788,0.000302249,0.000215868,0.000482039,0.000269128,0.000464219,0.000259008,0.000381166,0.00036148,0.000268856,0.000408293,0.000530036,0.000332791,0.000436436,0.000293238,0.000512499,0.00047343,0.000307158,0.000348323,0.000308895,0.000306213,0.00030408,0.000513302,0.000498577,0.000547593,0.000356314,0.000203425,0.000611516,0.000292319,0.00046764,0.000197197,0.000192202,0.000446352,0.000516809,0.000415377,0.000354566,0.000273847,0.000264624,0.00025218,0.000174214,0.000117484,0.000309376,0.000273581,0.000261226,0.000214275,0.000587012,0.000377488,0.00026619,0.000471774,0.000601202,0.000286255,0.000172112,0.000647001,0.000333242,0.000349948,0.000668374,0.000267864,0.000441936,0.00041159,0.000462986,0.000450252,0.000168297,0.000400362,0.000512174,0.000460612,0.000305982,0.000448211,0.000545946,0.000397721,0.000378393,0.000296764,0.000205567,0.000339996,0.00037575,0.000426996,0.000250031,0.000683549,0.000487028,0.000527434,0.000357007,0.00031996,0.000528957,0.00039984,0.000302593,0.000426111,0.00027815,0.000434883,0.000233365,0.000173638,0.000337304,0.000291194,0.00024112,0.000347427,0.000243998,0.000267657,0.000225279,0.000220448,0.00034948,0,0.00025159,0.000306211,0.000298781,0.000437906,0.000236803,0.000146669,0.000477515,0.000358849,0.00037801,0.000375107,0.000477235,0.000301612,0.00037357,0.000283117,0.000300707,0.000367689,0.000312027,0.000285716,0.000322122,0.000360844,0.000423732,0.000356387,0.000167801
"NONOXIPENT-PWY: pentose phosphate pathway (non-oxidative branch) I",0.000266788,0.000196153,0.000365572,0.000364046,0.000364497,0.000491416,0.000659388,0.000428112,0.000538907,0.000318662,0.000267749,0.000231541,8.97102e-05,0.000492497,0.000451308,0.000299445,0.000550467,0.000450657,0.000331779,0.000128924,0.000210333,0.000416138,0.000159381,0.000104947,0.000178016,0.000378646,0.000904684,0.000338212,0.000467387,0.00057174,0.000564389,0.000425394,0.000725679,0.00044688,0.000604296,0.000326716,0.000399573,0.000504371,0.00039317,0.000233369,0.000300619,0.000313557,0.000296735,0.000489505,0.00064606,0.000421475,0.000228408,0.000481399,0.00031923,0.000486268,0.000394135,0.000275632,0.00058375,6.04968e-05,0.000270409,0.000692257,0.000683136,0.000477074,0.000712978,0.000269041,0.000222653,0.000496908,0.000397624,0.00051249,0.000221672,0.000247324,0.000501608,0.000470996,0.000310837,0.000240669,0.00013469,0.000184523,0.000243223,0.000170567,0.000214576,0.000484377,3.83005e-05,9.86307e-05,0.000191074,0.00052483,0.000495231,0.000213434,0.000531144,0.000700896,0.0003558,0.000209392,0.000488325,0.000252212,0.000177427,0.000456251,0.000471328,0.000290387,0.000319261,0.00058901,0.000627801,0.000239398,0.000249144,0.000625994,0.000471715,0.000206988,0.000356279,0.00068824,0.000529639,0.000367666,0.000325196,4.21553e-05,0.000392256,0.000572715,0.000292816,0.00018988,0.000492376,0.000524739,0.000378545,0.000281108,0.000217585,0.000466969,0.000511458,0.000403297,0.000294829,9.21689e-05,0.000383358,0.000165332,0.000133218,0.000410889,0.000287976,9.4309e-05,0.000471548,0.00052885,0.000118481,0.000181074,5.493e-05,0.000382963,0.000208073,0.000708139,0.000183827,0.000442392,0.000524896,0.000158569,0.000193748,0,0.00038461,0.000131359,0.000338047,9.38129e-05,0.000288992,0,0.000257153,0.000144173,0.000115944,0.000289242,0.000162969,8.73821e-05,0.000192487,0.000411917,0.000208069,3.52924e-05
"OANTIGEN-PWY: O-antigen building blocks biosynthesis (E. coli)",0.000240835,0.000266175,0.000109172,7.76902e-05,0.000378785,0.000435743,0.000422338,0.000326806,0.000343646,0,0.000203133,0.000221719,9.5777e-05,0.000302626,0.000118753,0.000280962,0.000398968,0.000310477,0.00019551,0.000209664,0.000190585,0.000219599,0.000146168,0.000155015,0.000180488,0.000302828,0.000110451,0.00031708,0.000257621,0.000252145,0.000260834,0.000140708,0,0.000218027,0,0.000250591,0.000197102,0.000183403,0.000236686,0.000137016,0.000209442,0.000298329,0.00029929,0.000192451,0.000215002,0.000308197,0.000165071,0.000243654,0.000215901,0.000424266,0.000380156,0.000266605,0.000234879,0.000242501,0.000140073,0.000177386,0,0.000374232,0.000270822,0.000240241,0.000184624,0,0.000181541,0.000116239,0.000179063,0.000188649,0.000316277,0.000313585,0.000272646,0.000242444,0.000146838,8.33894e-05,0.000120345,0,0,0.000203177,0.000222048,0.00015656,0.000137956,0.000373807,0.000349669,0.000133943,0.000153814,0.000165525,0.000229716,0.000157163,0.000441972,0.000250006,0,0.000542336,9.39817e-05,0.000366475,0,0.000319996,0.000382834,0.000110537,7.63635e-05,0.00013769,0.000153511,0.000197276,0.000337202,0.000174143,8.27331e-05,0.000289548,0.000244647,0.000100027,0.000169369,0.000317933,0.000349014,0,0.000663273,0.00030432,0.000446789,0.0001181,0.00018987,0.000338365,0.000260456,0.000235796,0.000169204,0.000166555,0.000159054,0.000181897,6.81518e-05,0.000328374,9.50792e-05,0.000109997,0.000228171,0.000138768,0.000124831,0,0.000149468,0.000244211,0.00011384,0.000200451,0,0.000259981,0,7.56023e-05,0.000155252,0.00010783,0.000289709,0.000270927,0.00018184,0,0.000163212,0.000126601,0.000240921,0.000136706,0.000211727,0.000171464,0,0.00022577,9.92303e-05,0.000309953,0.000197586,0.000191562
"ORNARGDEG-PWY: superpathway of L-arginine and L-ornithine degradation",0,0,0,0,0,0,0,0,4.70117e-05,0,0,3.34826e-05,0,0,0,0,0,0,0,0,0,0,0,0,0,0,0,0,0,2.146e-05,0,0,0,0,0,0,1.93005e-05,0,1.72243e-05,0,0,0,0,3.01393e-05,0,0,0,0,0,0,0,0,6.30452e-05,0,1.76857e-05,0,0,1.96448e-05,0,0,0,0,0,0,0,0,0,0,0,0,0,0,2.82135e-05,0,0,6.94851e-05,0,0,1.35363e-05,0,0,0,0,0,0,0,0,0,0,0,7.38792e-05,0,0,0,0,0,0,0,0,0,0,0,0,0,0,0,0,0,0,0,0,0,0,0,0,0,0,0,0,0,0,0,0,0,0,0,0,0.000122407,0,0,0,0,0,0,0,0,0,0,0,0,0,0,0,0,0,0,0,0,0,0,0,0,0,0,0,0
"ORNDEG-PWY: superpathway of ornithine degradation",0,0,0,0,0,0,0,0,0.000241229,0,0,9.20588e-05,0,0,0,0,0,0,0,0,0,0,0,0,0,0,6.16927e-05,4.96932e-05,0,0.000392492,0,0,0,0,0,0,0.000100164,0,0.000147971,0,4.3386e-05,0,0,0.00022332,0,0,0,0,0,0,0,0,0.000142337,0,7.73414e-05,0.000299152,0,0.000188722,0,0,0,0,5.72479e-05,0,0,0.000114192,0,0,0,0,0,0,0.00017366,0,0,0.000182529,0,0,9.00328e-05,0,0,0,0,0,0,0,0,0,0,0,0.000234265,0,0,0,0,0,0,0,0,0,0,0,0,0,0,0,0,0.000162861,0.000112262,0,0,5.73637e-05,0,0,0,0,6.59192e-05,0,0,0,0,0,0,0,0,0,0.000129337,0.000367932,0,0,0,0,0,0.000355744,0,0.000122664,0,0,0,0,3.27587e-05,0,0,0,0,0,0,0,0,0,0,0,0,0,0,0
"P105-PWY: TCA cycle IV (2-oxoglutarate decarboxylase)",0,0,0,0,0,0,0,0,0.000156193,0,0,7.31876e-05,0,0,0,0,0,0,0,0,0,0,0,0,0,0,4.10224e-05,5.58289e-05,0,0.000209908,0,0,0,0,0,0,9.34808e-05,0,0.000135493,0,3.13703e-05,0,0,0.000274385,0,0,0,0,0,0,0,0,0.000114052,0,0,0.000175627,0,7.70571e-05,0,0,0,0,0,0,0,6.49438e-05,0,0,0,0,0,0,0.000109988,0,0,0.000135539,0,0,5.60181e-05,0,0,0,0,0,0,0,0,0,0,0,0.000132716,0,0,0,0,0,0,0,0,0,0,0,0,0,0,0,0,7.64089e-05,0,0,0,4.93661e-05,0,0,0,0,0.000115464,0,0,0,0,0,0,0,9.10326e-05,0,0.000105926,0.000162355,0,0,0,0,0,0.000187681,0,0,0,0,0,0,3.13284e-05,0,0,0,0,0,0,0,0,0,0,0,0,0,0,0
"P108-PWY: pyruvate fermentation to propanoate I",0,0,0,0,0,0,0,0,5.1871e-05,0,0,3.35862e-05,0,0,0,0,0,0,0,0,0,0,0,0,0,0,0,0,0,3.18353e-05,0,0,0,0,0,0,3.68895e-05,0,5.71393e-05,0,3.12448e-05,0,0,5.36394e-05,0,0,0,0,0,0,0,0,8.62169e-05,0,3.02397e-05,0,0,8.80444e-05,0,0,0,0,3.83268e-05,0,0,2.27067e-05,0,0,0,0,0,0,2.50679e-05,0,0,1.97217e-05,0,0,2.28999e-05,0,0,0,0,0,0,0,0,0,0,0,4.02913e-05,0,0,0,0,0,0,0,0,0,0,0,0,0,0,0,0,4.75332e-05,3.62084e-05,0,0,4.24264e-05,0,0,0,0,0.000132011,0,0,0,0,0,0,0,6.91629e-05,0,5.54898e-05,0,0,0,0,0,0,0,0,0,0,0,0,0,0,0,0,0,0,0,0,0,0,0,0,0,0,0,0,0
"P122-PWY: heterolactic fermentation",0,0,0,0,0,0,0,0,0.000122193,0,0,1.60412e-05,0,0,0,0,0,0,0,0,0,0,0,0,0,0,0,7.23543e-05,0,9.70625e-05,0,0,0,0,0,0,7.63904e-05,0,0,0,0,0,0,7.65222e-05,0,0,0,0,0,0,0,0,6.97857e-05,0,0,7.95688e-05,0,7.64142e-05,0,0,0,0,3.95018e-05,0,0,1.30827e-05,0,0,0,0,0,0,2.08367e-05,0,0,8.57175e-05,0,0,4.50771e-05,0,0,0,0,0,0,0,0,0,0,0,9.91776e-05,0,0,0,0,0,0,0,0,0,0,0,0,0,0,0,0,0,1.64775e-05,0,0,0,0,0,0,0,0,0,0,0,0,0,0,0,0,0,1.47262e-05,0.000132971,0,0,0,0,0,0.000199683,0,0.000129502,0,0,0,0,0,0,0,0,0,0,0,0,0,0,0,0,0,0,0,0
"P124-PWY: Bifidobacterium shunt",0,6.26398e-05,6.37172e-05,0,7.6246e-05,0.000171024,0.000179061,0,0.000225193,0,0,0,0,7.21516e-05,0,0,0,0.00011851,0,0,0,0,0,0,0,0.000180689,0,0.000234347,0,0,0,0,0,0.000131361,0,7.12833e-05,0,0,0,0,0,0.000156498,0,0,0,0.000109236,0,9.87876e-05,0,0.000343699,8.91389e-05,7.41326e-05,8.32308e-05,0,7.64975e-05,0,0,0.000267207,0,0,0,0,0.000113719,0,0,0,0.000248433,0.00014586,5.56052e-05,0,0,0,4.34112e-05,0,0,0.00017984,0,0,0,0.000295841,0.000233609,0,0,9.68182e-05,0,3.24889e-05,0.000361894,0.000216711,6.40346e-05,0.000237052,0,0.000233008,0,0,0.00020042,0,0,0,6.59422e-05,0,0.000236098,0,0,0,0,8.97359e-05,0,5.80192e-05,0.000126804,0,0.000417326,7.33813e-05,8.76888e-05,6.54484e-05,0,0.000124586,8.56035e-05,8.18075e-05,0,0,0,0,0,0,0,0,0,0,0,0,0,0,0,0,0,8.428e-05,0,0,0,0,0,0,9.88182e-05,0,0,0,0,0,0,6.86709e-05,0,0,0,0,0,0
"P125-PWY: superpathway of (R,R)-butanediol biosynthesis",0,0,0,0,0,0,0,0,0,0,0,0,0,0,0,0,0,0,0,0,0,0,0,0,0,0,0,0,0,0,5.77576e-05,0,0,0,0,0,0,0,1.40781e-05,0,0,0,0,0,0,0,0,0,0,4.21548e-05,0,7.33961e-05,0,0,0,0,0,0,0,0,0,0,0,0,0,0,0,0,0,0,0,0,0,0,0,0,0,0,0,0,0,0,0,0,0,3.07398e-05,0,0,0,0,0,0,0,0,2.28128e-05,0,0,0,0,0,0,0,0,0,0,0,0,0,0,0,0,0,0,0,0,0,1.46004e-05,0,0,0,0,0,0,0,0,0,0,0,0,0,0,0,0,0,0,1.59388e-05,0,0,0,0,0,0,0,0,0,0,0,0,0,0,0,0,0,0,0,0
"P161-PWY: acetylene degradation (anaerobic)",0,4.62076e-05,0,0,0,0,0,0,0.000232605,0,0,0.000116711,0,0,0,0,0,0,0,0,0,0,0,0,0,3.40039e-05,0,0.000175472,0,0.000350942,0,0,0,0,0,0,0.000132176,0,0.00011417,0,0,0,0,0.000226956,0,0,0,0,0,0,4.11381e-05,0,0.000202103,0,5.32784e-05,3.16662e-05,0,0.000205531,0,0,3.52384e-05,0,6.18552e-05,0,0,7.3982e-05,3.62235e-05,0,0,0,5.67642e-05,0,9.41619e-05,0,0,0.000210622,0,0,0.000113103,0,0,0,0,0,0,0,0,0,0,0,0.000373881,4.82699e-05,0,0,0,0,0,0,0,0,0,0,0,0,0,0,0,0.000128779,4.59874e-05,0,0,0,0,0,0,0,0.000202606,0,0,6.23937e-05,0,0,0,0,0,0,8.46679e-05,0.000298892,0,0,0,0,0,0.000235233,0,0.000277606,0,0,0,0,0.000149307,0,0,0,0,0,0,0,0,0,0,0,0,0,0,0
"P162-PWY: L-glutamate degradation V (via hydroxyglutarate)",0,0,0,0,0,0,0,0,0,0,0,0,0,0,0,0,0,0,0,0,0,0,0,0,0,0,0,0,0,0,0,0,0,0,0,0,0,0,0,0,0,0,0,0,0,0,0,0,0,0,0,0,0,0,0,0,0,0,0,0,0,0,0,0,0,0,0,0,0,0,0,0,0,0,0,0,0,0,0,0,0,0,0,0,0,0,0,0,0,0,0,0,0,0,0,0,0,0,0,0,0,0,0,0,0,0,0,0,0,0,0,0,0,0,0,0,0,0,0,0,0,0,0,0,0,0,0,0,0,0,0,0,0,0,0,0,0,0,0,0,0,0,0,0,0,0,0,0,0,0,0,0,0,0,0,0
"P163-PWY: L-lysine fermentation to acetate and butanoate",0,0,0,0,0,0,0,0,0,0,0,0,0,0,0,0,0,0,0,0,0,0,0,0,0,0,0,0,0,0,0,0,0,0,0,0,0,0,0,0,0,0,0,0,0,0,0,0,0,0,0,0,0,0,0,0,0,0,0,0,0,0,0,0,0,0,0,0,0,0,0,0,0,0,0,0,0,0,0,0,0,0,0,0,0,0,0,0,0,0,0,0,0,0,0,0,0,0,0,0,0,0,0,0,0,0,0,0,0,0,0,0,0,0,0,0,0,0,0,0,0,0,0,0,0,0,0,0,0,0,0,0,0,0,0,0,0,0,0,0,0,0,0,0,0,0,0,0,0,0,0,0,0,0,0,0
"P164-PWY: purine nucleobases degradation I (anaerobic)",4.66586e-05,0,0,0,6.19479e-05,0,0.00016977,0,0.000112906,8.77256e-05,0,0,0,5.24972e-05,7.91668e-05,0,0.000104034,0.000244185,0,0,0,0,0,0,0,2.62925e-05,0.000175395,0,0,0,9.88769e-05,7.95277e-05,0.000310075,0.00012727,0,0,0,2.72397e-05,0,0,0,3.64396e-05,0,0.000145857,0.000254355,0.000120398,0,0,8.46354e-05,0,0.00011831,3.43222e-05,0,0,0,0,0,0.000113832,0,0,2.98593e-05,8.27666e-05,0,9.04184e-05,0,0,6.234e-05,0.000164962,3.28631e-05,0,0,0,0,0,0,0,0,0,0,9.94903e-05,0.000136996,0,6.74854e-05,9.79039e-05,0,0,0.000139951,0,0,0,5.52381e-05,0,0,0,0.000182325,3.37079e-05,0,7.77937e-05,0,0,2.51465e-05,0,0,7.90376e-05,7.37513e-05,0,0,9.00195e-05,7.94998e-05,0,6.37928e-05,0,0,0,0,0,0.000199516,0.000165519,0,0,0,0,0,0,7.8123e-05,0,0.000215985,0.000105275,2.41347e-05,0,0,7.01073e-05,0,4.13948e-05,7.08896e-05,4.47978e-05,0.000191408,2.72978e-05,0,0,0.000141819,0,8.25283e-05,0,0,0,0,0,0,0.000102503,0,0,0,4.8336e-05,0,0
"P185-PWY: formaldehyde assimilation III (dihydroxyacetone cycle)",0,0,0,0,4.41384e-05,3.95429e-05,0,5.01532e-05,0,7.92864e-05,0,0,0,7.95478e-05,0,0,5.71843e-05,0,0,4.96236e-05,0,0,0,0,0,0,0.000179732,0,4.58599e-05,1.28969e-05,0,0.000161112,4.96472e-05,0,7.12766e-05,0,0,0,8.3774e-05,0,0,2.30162e-05,0,0,0,0,0,0.000112355,6.38253e-05,7.46284e-05,0,0,8.22888e-05,0,0,0,0,6.60162e-05,6.71975e-05,0,0,0,0,0,0,0,0.000145635,5.62622e-05,5.73445e-05,0,0,0,0,0,0,0,0,0,0,3.56777e-05,0,0,0,0,0,0,0.000100403,6.75464e-05,0,3.25708e-05,0,0,5.34119e-05,0.000129155,0.000119731,0,0,0,6.59204e-05,0,6.05738e-05,0.000149862,4.48618e-05,4.2421e-05,0,0,0,8.44501e-05,3.26849e-05,0,5.28058e-05,0,9.0669e-05,4.5528e-05,0,0,0.000118146,4.59254e-05,3.2226e-05,0,0,0,0,0,0,0,0,0,0,0,0,2.54192e-05,0,7.9048e-05,0,0.000141641,6.68138e-05,0,0,0,0,0,0,0,0,0,0,0,0,0,0,0,0,7.2647e-05,0,0
"P221-PWY: octane oxidation",0,0,0,0,0,0,0,0,3.321e-05,0,0,0,0,0,0,0,0,0,0,0,0,0,0,0,0,0,3.10982e-05,2.48312e-05,0,4.85407e-05,0,0,0,0,0,0,4.6439e-06,0,5.73019e-05,0,0,0,0,3.06229e-05,0,0,0,0,0,0,0,0,1.6321e-05,0,0,0,0,7.26038e-06,0,0,0,0,0,0,0,3.12125e-06,0,0,0,0,0,0,6.51507e-06,0,0,1.76532e-05,0,0,0,0,0,0,0,0,0,0,0,0,0,0,1.97199e-05,0,0,0,0,0,0,0,0,0,0,0,0,0,0,0,0,0,0,0,0,0,0,0,0,0,0,0,0,0,0,0,0,0,0,0,0,4.93883e-05,0,0,0,0,0,0,0,4.88156e-05,0,0,0,0,0,0,0,0,0,0,0,0,0,0,0,0,0,0,0,0
"P23-PWY: reductive TCA cycle I",0,0,0,0,0,0,0,0,0,0,0,0,0,0,0,0,0,0,0,0,0,0,0,0,0,0,0,0,0,0,0,0,0,0,0,0,0,0,0,0,0,0,0,0,0,0,0,0,0,0,0,0,0,0,2.60256e-05,0,0,0,0,0,0,0,0,0,0,0,0,0,0,0,0,0,3.15609e-05,0,0,0,0,0,2.01171e-05,0,0,0,0,0,0,0,0,0,0,0,0,0,0,0,0,0,0,0,0,0,0,0,0,0,0,0,0,0,0,0,0,0,0,0,0,0,0,0,0,0,0,0,0,0,0,0,0,0,0,0,0,0,0,0,0,0,0,0,0,0,0,0,0,0,0,0,0,0,0,0,0,0,0,0,0,0
"P241-PWY: coenzyme B biosynthesis",0,0,0,0,0,0,0,0,0,0,0,0,0,0,0,0,0,0,0,0,0,0,0,0,0,0,0,0,0,0,0,0,0,0,0,0,0,0,0,0,0,0,0,0,0,0,0,0,0,0,0,0,0,0,0,0,0,0,0,0,0,0,0,0,0,0,0,0,0,0,0,0,0,0,0,0,0,0,0,0,0,0,0,0,0,0,0,0,0,0,0,0,0,0,0,0,0,0,0,0,0,0,0,0,0,0,0,0,0,0,0,0,0,0,0,0,0,0,0,0,0,0,0,0,0,0,0,0,0,0,0,0,0,0,0,0,0,0,0,0,0,0,0,0,0,0,0,0,0,0,0,0,0,0,0,0
"P261-PWY: coenzyme M biosynthesis I",0,0,0,0,0,0,0,0,0,0,0,0,0,0,0,0,0,0,0,0,0,0,0,0,0,0,0,0,0,0,0,0,0,0,0,0,0,0,0,0,0,0,0,0,0,0,0,0,0,0,0,0,0,0,0,0,0,0,0,0,0,0,0,0,0,0,0,0,0,0,0,0,0,0,0,0,0,0,0,0,0,0,0,0,0,0,0,0,0,0,0,0,0,0,0,0,0,0,0,0,0,0,0,0,0,0,0,0,0,0,0,0,0,0,0,0,0,0,0,0,0,0,0,0,0,0,0,0,0,0,0,0,0,0,0,0,0,0,0,0,0,0,0,0,0,0,0,0,0,0,0,0,0,0,0,0
"P4-PWY: superpathway of L-lysine, L-threonine and L-methionine biosynthesis I",0,0,0,0,0,0,0,0,0.000264533,0,0,0.000124072,0,0,0,0,0,0,0,0,0,0,0,0,0,0,8.88431e-05,0.00021252,0,0.00024138,0,6.03487e-05,0,0,0,0,9.8011e-05,0,0.000119245,0,4.35861e-05,0,0,0.000182334,0,0,0,0,0,0,0,6.99403e-05,0.00017756,0,0,0.000278337,0,0.00026608,0,6.65342e-05,0,0,8.35427e-05,0,0,7.16834e-05,0,0,0,0,0,0,0.000125135,0,0,0.000229899,0,0,7.15238e-05,0,0,0,0,0,0,0,0,0,0,0,0.000219666,0,0,0,0,0,0,0,0,0,0,0,0,0,0,0,0,8.63337e-05,0.000139146,0,0,0,0,0,0,0,0.000124049,0,0,0,0,0,0,0,0,0,0.000133393,0.000220705,0,0,0,0,0,0.000271423,0,0.00023322,0,0,0,0,5.94947e-05,0,0,0,0,0,0,0,0,0,0,0,0,0,0,0
"P41-PWY: pyruvate fermentation to acetate and (S)-lactate I",0.000275989,0.000158835,0.000198211,5.93847e-05,0.000363373,0.000514165,0.000449005,0.000392339,0.00030679,0.000200596,0.00013564,0.000204685,0,0.000349158,0.00060217,0.000344787,0.000341288,0.000449628,0.000293685,0.000109882,0.000197087,0.000415601,0.000114784,0.000150643,6.40775e-05,0.000395312,0.000420543,0.000462531,0.000337343,4.37832e-05,0.000464829,0.00039789,0.000461309,0.000437165,0.00048174,0.000309112,0.000210932,0.000343938,0.000220222,0,0.000227764,0.00035728,0.000234807,0.000259273,0.000354063,0.000459272,0.000159371,0.000353255,0.00023042,0.000555968,0.000294084,0.000188591,0.000297025,0.000108371,0.000161771,0.00019785,0.000405714,0.000394515,0.000360084,0.000266466,0.000272351,0.000489231,0.000226332,0.000305303,3.78755e-05,4.40739e-05,0.00038269,0.000428639,0.000286539,0.000274125,5.02769e-05,0.000283693,6.6761e-05,7.61033e-05,0.000120519,0.000262712,0,5.21942e-05,2.12167e-05,0.000604487,0.000479789,0.000184941,0.000386069,0.000545218,0.000128873,0.000184724,0.000445905,0.000393775,0.000270583,0.00051,0.000135537,0.000440438,0.000317593,0.000552215,0.000423648,9.73488e-05,0.000257297,0.000393733,0.000353657,5.20714e-06,0.000408023,0.000365966,0.000375793,0.000410581,0.000279886,0.000114668,0.000280979,0.000373419,0.000314602,4.12934e-05,0.000643742,0.000435822,0.00043768,0.000210419,0.000173191,0.000366913,0.000460648,0.000379474,0.000349825,7.60687e-05,0.000217974,8.53128e-05,4.36242e-05,0.000342602,0.00018013,0,0.000132021,8.25794e-05,8.76133e-05,6.22378e-05,0,0.000310409,0,0.000169184,0.00011865,0.000248648,0.000304472,0.000137222,4.33321e-05,0,0.000225534,8.10858e-05,0.000264372,0,9.00045e-05,5.94944e-05,0.000180582,7.37027e-05,0.000159906,0.000256914,0.000136932,0.000100925,0.00011309,0.000331884,0.00022631,0
"P42-PWY: incomplete reductive TCA cycle",0,0,0,0,0,0,0,0,0,0,0,2.57171e-05,0,0,0,0,0,0,0,0,0,0,0,0,0,0,0,3.24098e-05,0,0,0,0,0,0,0,0,2.56792e-05,0,4.13515e-05,0,2.48125e-05,0,0,0,0,0,0,0,0,0,0,0,7.55801e-05,0,2.03975e-05,8.03013e-05,0,4.2599e-05,0,0,0,0,0,0,0,0,0,0,0,0,0,0,3.53574e-05,0,0,0,0,0,6.83801e-05,0,0,0,0,0,0,0,0,0,0,0,0,0,0,0,0,0,0,0,0,0,0,0,0,0,0,0,0,3.71503e-05,2.95532e-05,0,0,0,0,0,0,0,7.74565e-05,0,0,0,0,0,0,0,3.3292e-05,0,0,0,0,0,0,0,0,0,0,0,0,0,0,0,0,0,0,0,0,0,0,0,0,0,0,0,0,0,0,0
"P441-PWY: superpathway of N-acetylneuraminate degradation",0,7.3528e-05,0,0,0,0,0,0,0.000268146,0,0,0.000174848,0,0,0,0,0,0,0,0,0,0,0,0,0,0,0,0,0,0.000340744,0,0,0,0,0,6.15273e-05,0.000202544,0,0.000176283,0,9.90091e-05,0,0,0.000244433,0,8.6135e-05,0,0,0,0,0,0,0.000244218,0,9.473e-05,0.00025292,0,0.000265981,0,6.65008e-05,4.98597e-05,0,0.000119367,0,0,0.000114616,9.10376e-05,0,0,0,0,0,0.000171557,0,0,0.000258091,0,0,0.000113227,0,0,0,0,0,0,7.33273e-05,0,0,0,0,0.000313228,0,0,0,0,0,0,0,0,6.26385e-05,0,0,0,0,0,0,0,0.00021839,9.00739e-05,0,0,0.000165706,0,0,0,0,0.000146258,0,0,7.15153e-05,0,0,0,0,0,0,0.000218672,0.000139091,0,0,0,6.44955e-05,0,0.000255038,0,0.000232714,0,6.36881e-05,0,0,0.000200928,0,9.86069e-05,0,0,0,0,0,0,0,0,0,0,0,0,0
"P461-PWY: hexitol fermentation to lactate, formate, ethanol and acetate",0.000248606,0.000101667,0.000156572,0,0,9.83208e-05,5.12725e-05,5.62464e-05,0.000327407,0,0,0.000168372,0,0,0.00011601,0,0.000113244,7.39024e-05,0,5.76211e-05,8.07918e-05,7.22686e-05,0,0,0,0,0.000265197,9.91621e-05,0.000118877,0.000568717,4.00798e-05,8.81663e-05,8.55887e-05,0,0.000787326,0,0.000181411,0.000295534,0.000158058,0,5.02977e-05,7.18912e-05,0,0.000286285,0.000186384,0,0,0.000218167,0,4.24435e-05,0,0,0.000349023,0,0.000139319,0.000310935,0.000520414,0.00028579,0.000781192,5.80384e-05,4.24877e-05,0.000111957,0.000124016,0.000110176,5.69312e-05,0.000147389,0.000337283,7.22321e-05,0,0,0,0,0.000255518,0,0,0.000227037,0,0,7.91932e-05,6.31732e-05,6.25046e-05,0,0,8.76938e-05,0,0,0.00021412,0.000106789,0,8.02841e-05,0.000340007,7.81781e-05,0,9.80438e-05,0.000219529,0,7.59502e-05,0,0.000170828,0,0,0.000720167,8.36e-05,0,4.48371e-05,8.16973e-05,0.000139177,0.000164617,5.24663e-05,0,0.000173028,7.65178e-05,0.000112806,0,0,0,0.000158014,0,8.09001e-05,7.24222e-05,0,0,0,6.57197e-05,0,0,0.000242485,0.000408296,0,0,0,6.94414e-05,0,0.000455611,0,0.000244307,8.32646e-05,5.91829e-05,0,0,0.000103983,0,5.65607e-05,0,0,0,0.000123343,0,0,0,0,0,0,0.00012954,0,0
"P562-PWY: myo-inositol degradation I",0,0,0,0,0,0,0,0,0,0,0,0,0,0,0,0,0,0,0,0,0,0,0,0,0,0,0,0,0,3.12402e-05,0,0,0,0,0,0,0,0,0,0,0,0,0,0,0,0,0,0,0,0,0,0,0,0,0,0,0,0,0,0,0,0,0,0,0,0,0,0,0,0,0,0,0,0,0,0,0,0,0,0,0,0,0,0,0,0,0,0,0,0,0,0,0,0,0,0,0,0,0,0,0,0,0,0,0,0,0,0,0,0,0,0,0,0,0,0,0,0,0,0,0,0,0,0,0,0,0,0,0,0,0,0,0,0,0,0,0,0,0,0,0,0,0,0,0,0,0,0,0,0,0,0,0,0,0,0
"P621-PWY: nylon-6 oligomer degradation",0,0,3.70527e-05,0,0,0,0,0,0,0,0,0,0,0,0.000106031,0,0,0,0,0,0,0,0,0,0,0,4.46849e-05,0,0,0,0,0,0,0,0,2.35434e-05,0,2.62952e-05,0,0,0,0,0,0,0,0,0,2.97353e-05,0,0,0,2.09887e-05,0,0,0,0,0,0,0,0,0,0,0,0,0,0,0,0,0,0,0,0,0,0,0,0,0,0,0,0,0,0,0,0,0,0,0,0,0,0,0,0,0,0,6.90028e-05,0,0,0.000206151,0,0,0,0,0.000114113,0,0,0,0,0,0,0,0,0,0,0,0,0,0,0,0,0,0,0,0,0,0,0,0,0,0,0,0,0,0,0,0,0,0,0,0,0,0,0,0,0,0,0,0,0,0,0,0,0,0,0,0,0
"PANTO-PWY: phosphopantothenate biosynthesis I",0.000201766,0.000208496,0.000244273,0.000352182,0.000281085,0.000271961,0.000187328,0.000350887,0.000261954,0.000194301,0.000217967,0.000153965,0.000255346,0.000428776,0.00032669,0.000151221,0.000313441,0.000217753,0.000193692,0.000174201,0.000164765,0.000276871,9.65199e-05,0.000215315,0.000169736,0.000198387,0.00045067,0.000154142,0.000234002,0.000226365,0.000266624,0.000336986,0.000412925,0.000387402,0.000456326,0.000148509,0.000260356,0.000377157,0.000336013,5.05029e-05,0.00013761,0.000167624,0.000134335,0.00027152,0.000275428,0.000280589,0.000168292,0.00022397,0.000195884,0.00020931,0.000167442,6.1792e-05,0.000342197,0.000121138,0.000241923,0.000176156,0.000505548,0.00027903,0.000557568,0.000150402,0.000190817,0.000334825,0.000180704,0.000260184,0.0002331,0.000156155,0.000254322,0.000253959,0.000223078,0.00019663,0.00029318,0.000198139,0.000231914,0.00024659,0.00022529,0.000212284,0.000247642,3.93064e-05,0.00018187,0.000351767,0.000186007,0.000164586,0.000309082,0.000422113,0.000184214,0.000192494,0.000260399,0.000151044,0.000203831,0.000331664,0.000243593,0.000186387,0.000234934,0.000363474,0.000352558,0.000100642,0.000271508,0.000358223,0.000331898,0.000179701,0.000105226,0.000527018,0.000228262,0.000191273,0.000250023,9.63449e-05,0.000234662,0.000263667,0.000205459,0.00017193,0.000290116,0.000309969,0.000315264,0.000233903,0.000185311,0.000307434,0.000291347,0.000283089,0.000263009,0.000253204,0.000286194,0.000112456,0.000167971,0.000312914,0.000356256,0.000175162,0.000379462,0.000293402,0.000254616,0.000137121,4.28613e-05,0.000239919,0.000125907,0.000230394,0.000253101,0.000214132,0.000404337,0.000157837,0.000193962,0.000399739,0.00024615,0.000186587,0.000251727,0.000499923,0.00021178,0.000309102,0.000268967,0.00019385,0.000305873,0.000216998,0.000222704,0.000169101,0.000119509,0.000289229,0.00016179,0.000128567
"PANTOSYN-PWY: superpathway of coenzyme A biosynthesis I (bacteria)",0.000189701,0.000220682,0.000289604,0.000351807,0.00034292,0.00032794,0.000216769,0.000345588,0.000272739,0.000218072,0.000143169,0.000214067,0.000209223,0.000366482,0.000397074,0.000203247,0.000345714,0.000270465,0.000242558,0.000113699,0.000146918,0.000324412,0.000142584,0.000146855,0.000197044,0.000240118,0.000459191,0.000170083,0.00027504,0.000191456,0.000319638,0.000338841,0.000407961,0.000432051,0.00038111,0.00020116,0.000228976,0.000427495,0.000239502,9.24789e-05,0.000144559,0.000183401,0.000177379,0.000235353,0.000311113,0.000353844,0.00014083,0.000243101,0.000233159,0.000286426,0.000184468,9.96212e-05,0.000287214,0.000167851,0.000278925,0.000170561,0.000470442,0.000304097,0.000468244,0.000197988,0.000184356,0.000364108,0.000212197,0.00026632,0.00022294,0.00010683,0.00027291,0.00028015,0.000251841,0.000199163,0.000285836,0.000224763,0.00019448,0.000164887,0.000211072,0.000221681,0.000208504,4.29526e-05,0.000170086,0.000404159,0.000255205,0.000169958,0.000322569,0.00040752,0.000216941,0.000215567,0.000280923,0.000182505,0.000244984,0.000297426,0.000192049,0.000261796,0.000246222,0.000405939,0.000345399,0.000116202,0.000258698,0.000393674,0.00033211,0.000189323,0.00016059,0.000509019,0.000292958,0.000225839,0.000269876,0.000121643,0.000277627,0.000250127,0.000257338,0.000112509,0.000353325,0.000306788,0.000381579,0.000254765,0.000234545,0.000372572,0.000292392,0.000282691,0.000287068,0.000183492,0.000297704,0.000133865,0.000174364,0.000286706,0.000302658,0.000172137,0.000335087,0.00020461,0.000243233,0.00012657,5.47088e-05,0.000254199,0.000118278,0.000153119,0.000225513,0.000232479,0.0003905,0.000174763,0.000186813,0.000418698,0.000224798,0.000215129,0.000266553,0.000508496,0.000224436,0.000318283,0.000237653,0.000236328,0.000313785,0.000209994,0.000255691,0.000228219,0.000156918,0.000291723,0.000219437,0.000153859
"PENTOSE-P-PWY: pentose phosphate pathway",0,4.53025e-05,5.19523e-05,0,7.31898e-05,0.000221811,0.000186625,0.000246531,0.000379892,0,0,0.000143627,0,7.03839e-05,0,5.40314e-05,0.000104433,0.000118178,6.55403e-05,7.79703e-05,0,0,7.38401e-05,0,0,0.000196744,0.000196385,0.000352329,9.72085e-05,0.000350469,0,6.68553e-05,0,0,0,0,0.00016839,0.000128338,0.000313396,0,0.000133574,5.32755e-05,0,0.000223389,0.000116131,0.000177686,0,6.70655e-05,0,0.000354857,0.000128472,0,0.000300733,0,6.27093e-05,0.000421573,0,0.000311152,0,0.000133089,4.98874e-05,0,0.00022289,0,0,0.000148255,0.000168933,0.000112486,0.000132562,8.86598e-05,9.85858e-05,6.72906e-05,0.000160446,0.000120883,9.16492e-05,0.00033033,5.25444e-05,0,0.000135584,0.000319781,0.000288969,8.5313e-05,0,0,5.79105e-05,6.47657e-05,0.000231643,0.000227565,6.74233e-05,0.000462213,0.000268321,0.000255971,0,0.000195878,0.000163958,8.56837e-05,0,0,0,9.12072e-05,0.000266528,0,5.88457e-05,0.000113136,0,3.36455e-05,9.125e-05,0.000234512,0.000167097,0,0.000382823,0.000163946,0.000161763,7.04345e-05,6.40088e-05,0.000132535,0.000145568,7.2845e-05,8.46205e-05,7.77302e-05,0.000107075,0,0,0,0.000179514,0,0.000329808,0.000358764,8.18632e-05,4.67834e-05,3.94385e-05,3.82206e-05,0,0.00040791,7.14746e-05,0.000237875,5.08148e-05,0.000122842,4.41806e-05,0,0.000234807,5.18795e-05,0.000157375,0.000140136,7.72397e-05,0,5.75579e-05,9.32529e-05,0.00011452,9.57688e-05,0,0,0,6.25968e-05,0,3.99331e-05
"PEPTIDOGLYCANSYN-PWY: peptidoglycan biosynthesis I (meso-diaminopimelate containing)",0.000411309,0.000286881,0.000472719,0.00044906,0.00051001,0.000503101,0.000527973,0.000530144,0.000451198,0.000330208,0.000298488,0.000393471,0.000262742,0.000463465,0.00055727,0.000577659,0.000523008,0.00046976,0.000441794,0.000209094,0.000333814,0.00040946,0.000232725,0.000306696,0.000322336,0.000495688,0.000637681,0.000513389,0.000418765,0.000332038,0.000516817,0.000415004,0.000586397,0.000459807,0.000643839,0.000306252,0.000268129,0.000513867,0.00032321,0.000539482,0.000302759,0.000509449,0.000446883,0.000372466,0.000436763,0.000584175,0.000357273,0.0005458,0.00036337,0.000596713,0.000504699,0.000394201,0.000365401,0.000409203,0.000335995,0.000321984,0.000592053,0.000535571,0.00064472,0.000380579,0.000264718,0.000591293,0.000329644,0.000407579,0.000398942,0.000211184,0.000445986,0.00049414,0.000460134,0.000333133,0.000275929,0.000255986,0.000259485,0.000194059,0.000163222,0.000357479,0.000341224,0.000366571,0.000285242,0.000590922,0.000469195,0.000263757,0.000460131,0.00070201,0.000457242,0.000247492,0.000634972,0.000357892,0.000321493,0.000689228,0.000310676,0.000417478,0.000339985,0.000591921,0.000566345,0.000214493,0.000389823,0.000563569,0.000483187,0.000297906,0.000472807,0.00054469,0.000493859,0.000420603,0.000320064,0.000278222,0.000352648,0.000395067,0.000550225,0.000240609,0.00072619,0.000520128,0.000520956,0.000287492,0.000345894,0.000528359,0.000411524,0.000403024,0.000476284,0.000404326,0.000397904,0.000166908,0.00020871,0.000412236,0.000366051,0.000316738,0.000381529,0.000369312,0.00024492,0.000250894,0.00020571,0.000379378,0.000392501,0.000252764,0.000292443,0.000298352,0.000437855,0.000301493,0.000478779,0.000458333,0.000398519,0.00037088,0.000364014,0.000513436,0.000317246,0.000352253,0.000300258,0.000313181,0.000347353,0.000275805,0.000263939,0.000295706,0.000345842,0.000466292,0.000355762,0.00018799
"PHOSLIPSYN-PWY: superpathway of phospholipid biosynthesis I (bacteria)",0.000126741,0.000131015,0,0,0.000163124,9.62365e-05,0,0.000138897,0.000415732,0,0,0.00027018,0,0.000122307,0.000114361,0,0,7.86586e-05,8.48745e-05,0.000135698,0,0.000159946,8.42517e-05,0,0,0.000113124,0.000313082,0.000185923,0.000199086,0.000359653,0,0.000203618,0,0.000167338,0,7.39268e-05,0.000227658,0.000113309,0.000181259,0,0.000144853,0,0,0.000336289,8.95897e-05,0.00012741,0,0.000115304,0,0,0,0,0.000337624,0,9.91597e-05,0.00042699,0.000143602,0.000357838,0.000421911,0.000209145,6.52219e-05,0.000249304,0.000157737,0,9.87626e-05,0.00020609,0.000175069,0,0,0,0,8.05229e-05,0.000253074,8.81935e-05,0,0.000249759,0,0,0.000164913,0.000174802,0,0,0.00026772,0.000135386,0,0,0,0,0.000108263,9.56085e-05,0.000362396,0,0,0.000105917,9.33065e-05,0.000131181,7.82204e-05,0,0.000171837,0.000148088,9.90283e-05,0,0.000180681,0.000114963,8.00599e-05,0,0,0.000269344,0.000151592,0,0.000113351,0.000271697,0.000100359,0,7.81111e-05,0,0.000295372,0,6.65575e-05,0.000104234,0,0,0,9.80147e-05,0.000145843,0,0.000331584,0.000365079,8.42276e-05,0.000110505,0,0,8.85886e-05,0.000337822,8.17024e-05,0.000278158,0,0,0.000210867,0,0.00016725,0,5.39782e-05,0,0,0.000101545,0.000200655,0,0.000119091,0,0,0,0,0.000110624,0,8.70247e-05
"PHOTOALL-PWY: oxygenic photosynthesis",0,0,0,0,0,0,0,0,0,0,0,0,0,0,0,0,0,0,0,0,0,0,0,0,0,0,0,0,0,0,0,0,0,0,0,0,0,0,0,0,0,0,0,0,0,0,0,0,0,0,0,0,0,0,0,0,0,0,0,0,0,0,0,0,0,0,0,0,0,0,0,0,0,0,0,0,0,0,0,0,0,0,0,0,0,0,0,0,0,0,0,0,0,0,0,0,0,0,0,0,0,0,0,0,0,0,0,0,0,0,0,0,0,0,0,0,0,0,0,0,0,0,0,0,0,0,0,0,0,0,0,0,0,0,0,0,0,0,0,0,0,0,0,0,0,0,0,0,0,0,0,0,0,0,0,0
"POLYAMINSYN3-PWY: superpathway of polyamine biosynthesis II",0,0,0,0,0,0,0,0,0,0,0,0,0,0,0,0,0,0,0,0,0,0,0,0,0,0,0,0,0,0,0,0,0,0,0,0,0,0,0,0,0,0,0,0,0,0,0,0,0,0,0,0,0,0,0,0,0,0,0,0,0,0,0,0,0,0,0,0,0,0,0,0,0,0,0,0,0,0,0,0,0,0,0,0,0,0,0,0,0,0,0,0,0,0,0,0,0,0,0,0,0,0,0,0,0,0,0,0,0,0,0,0,0,0,4.12573e-05,0,3.74509e-05,0,0,0,0,0,0,0,0,0,0,0,0,0,0,0,0,0,0,0,0,4.18191e-05,0,0,0,0,2.8279e-05,0,0,0,0,0,0,0,0,0,0,0,0,0
"POLYAMSYN-PWY: superpathway of polyamine biosynthesis I",0,0,0,0,0,0,0,0,0.000227826,0,0,0.000171413,0,0,0,0,0,0,0,0,0,0,0,0,0,0,3.21083e-05,5.17132e-05,0,0.000331573,0,0,0,0,0,0,0.000116057,0,0.000186089,0,6.44728e-05,0,3.87562e-05,0.000195567,4.09233e-05,0,0,0,0,0,0,0,0.000156986,0,7.95478e-05,0.000294954,0,0.000120743,0,3.4235e-05,0,0,8.18467e-05,0,0,0.000124237,0,0,0,0,0,0,0.000162304,0,0,0.000201903,5.00894e-05,0,7.28336e-05,0,0,3.20004e-05,0,0,0,0,0,0,0,0,0.000209936,0,0,0,0,0,0,0,0,7.08135e-05,0,0,0,0,0,3.56429e-05,0,0.000120511,0,0,0,0,0,0,4.06826e-05,0,5.84924e-05,0,0,0,6.66315e-05,0,0,0,4.84449e-05,5.40002e-05,0.000207229,0.000258156,0,0,0,0,0,0.000315246,2.90588e-05,8.11413e-05,0,8.73714e-05,0,0,0.000136346,0,2.76904e-05,0,0,0,8.70934e-05,0,0,0,0,0,0,0,0,0
"POLYISOPRENSYN-PWY: polyisoprenoid biosynthesis (E. coli)",0,0,0,0,0,0,0,0,0.000104065,0,0,5.10729e-05,0,0,0,0,0,0,0,0,0,0,0,0,0,0,0,6.79563e-05,0,0.000292344,0,7.9115e-05,0,0,0,0,0.00016367,0,0.0001471,0,5.34077e-05,0,0,0.000124007,0,0,0,0,0,0,0,0,0.000178172,0,0,0.000278608,0,0.000190598,0,0.00010551,0,0,3.7424e-05,0,0,6.12962e-05,0,0,0,0,8.06782e-05,0,0.00010597,8.06837e-05,4.89595e-05,0.000129546,6.70476e-05,0,6.81551e-05,0,0,0,0,0,0,5.72201e-05,0,0,0,0,0.000216781,4.69385e-05,0,0,0,3.27771e-05,0,0,0,3.81882e-05,0,0,0,0,0,0,0,9.71798e-05,0,0,0,5.3271e-05,0,0,0,0,9.16342e-05,0,0,0,0,0,3.43682e-05,0,6.66838e-05,0,0.000146832,0.000231354,0,0,0,0,0,0.000315148,6.27737e-05,8.79211e-05,0,0,0,6.47134e-05,8.36587e-05,4.89365e-05,0,0.000143256,7.6348e-05,0.000120455,0,0,0,0,6.11574e-05,0,0,0,0,0
"PPGPPMET-PWY: ppGpp metabolism",5.80424e-05,0,0,0,5.83059e-05,0,6.15942e-05,0.000178449,4.56618e-05,0,4.36694e-05,2.14126e-05,0,7.43969e-05,3.89025e-05,0,0,0.000118776,0,0,5.81317e-05,0,0,0,0,0,0.000186262,6.64954e-05,9.53083e-05,6.20861e-05,4.69577e-05,4.19784e-05,7.52005e-05,0,0,0,3.70742e-05,0,0.000100082,0,4.67004e-05,0,0,0.000105201,9.92569e-05,6.48406e-05,0,5.36216e-05,3.42746e-05,0,5.40973e-05,0,8.25627e-05,0,0,1.76972e-05,0,0.000149267,0,0,0,0,8.1257e-05,9.61326e-05,0,2.87723e-05,9.09735e-05,6.54193e-05,3.81415e-05,0,5.81538e-05,0,9.53641e-06,0,0,4.22688e-05,0,0,4.65439e-05,0.00016596,9.08218e-05,0,5.30738e-05,5.0006e-05,0,0,0.000138058,5.79259e-05,0,7.32969e-05,5.95444e-05,0,0,4.89642e-05,0.000164301,1.64497e-05,0,0,8.39455e-05,0,7.89186e-05,0,0,0,7.02155e-05,0,4.44543e-05,2.39881e-05,3.60606e-05,0,0.000127138,7.47723e-05,3.84315e-05,0,0,0,0.000155208,6.77747e-05,2.95147e-05,0,0,0,0,0,1.73332e-05,0,8.54755e-05,3.45528e-05,0,0,0,7.23369e-05,0,7.99915e-05,0,0.000173811,0,0,0,0,0,0,7.08249e-05,0,0,0,7.70782e-05,0,0,0,0,0,0,4.23729e-05,0,0
"PROPFERM-PWY: superpathway of L-alanine fermentation (Stickland reaction)",0,0,0,0,0,0,0,0,0,0,0,0,0,0,0,0,0,0,0,0,0,0,0,0,0,0,0,0,0,0,0,0,0,0,0,0,0,0,0,0,0,0,0,0,0,0,0,0,0,0,0,0,0,0,0,0,0,0,0,0,0,0,0,0,0,0,0,0,0,0,0,0,0,0,0,0,0,0,0,0,0,0,0,0,0,0,0,0,0,0,0,0,0,0,0,0,0,0,0,0,0,0,0,0,0,0,0,0,0,0,0,0,0,0,0,0,0,0,0,0,0,0,0,0,0,0,0,0,0,0,0,0,0,0,0,0,0,0,0,0,0,0,0,0,0,0,0,0,0,0,0,0,0,0,0,0
"PROTOCATECHUATE-ORTHO-CLEAVAGE-PWY: protocatechuate degradation II (ortho-cleavage pathway)",0,0,0,0,0,0,0,0,0,0,0,0,0,0,0,0,0,0,0,0,0,0,0,0,0,0,2.59689e-05,4.74347e-05,0,8.73578e-06,0,0,0,0,0,0,0,0,8.92541e-05,0,0,0,0,0,0,0,0,0,0,0,0,0,0,0,0,0,0,0,0,0,0,0,0,0,0,0,0,0,0,0,0,0,0,0,0,0,0,0,0,0,0,0,0,0,0,0,0,0,0,0,0,0,0,0,0,0,0,0,0,0,0,0,0,0,0,0,0,0,0,0,0,0,0,0,0,0,0,0,0,0,0,0,0,0,0,0,0,0,0,0,0,0,0,1.69631e-05,0,4.40189e-05,0,0,0,0,0,0,0,0,0,0,0,0,0,0,0,0,0,0,0,0
"PRPP-PWY: superpathway of histidine, purine, and pyrimidine biosynthesis",0,0,0,0,0,0,0,0,0.000165488,0,0,0,0,0,0,0,0,0,0,0,0,0,0,0,0,0,0,0.000106652,0,0.000127346,0,0,0,0,0,0,0,0,0.000115298,0,0,0,0,0,0,0,0,0,0,0,0,0,0.000141836,0,0,0.00020814,0,0,0,0,0,0,0,0,0,0,0,0,0,0,0,0,0,0,0,0.000164165,0,0,0,0,0,0,0,0,0,0,0,0,0,0,0.000149084,0,0,0,0,0,0,0,0,0,0,0,0,0,0,0,0,0,0,0,0,0,0,0,0,0,0.000138091,0,0,0,0,0,0,0,0,0,0.000129764,0.000109936,0,0,0,0,0,0.000168201,0,0.000150664,0,0,0,0,0,0,0,0,0,0,0,0,0,0,0,0,0,0,0,0
"PWY-101: photosynthesis light reactions",0,0,0,0,0,0,0,0,0,0,0,0,0,0,0,0,0,0,0,0,0,0,0,0,0,0,0,0,0,0,0,0,0,0,0,0,0,0,0,0,0,0,0,0,0,0,0,0,0,0,0,0,0,0,0,0,0,0,0,0,0,0,0,0,0,0,0,0,0,0,0,0,0,0,0,0,0,0,0,0,0,0,0,0,0,0,0,0,0,0,0,0,0,0,0,0,0,0,0,0,0,0,0,0,0,0,0,0,0,0,0,0,0,0,0,0,0,0,0,0,0,0,0,0,0,0,0,0,0,0,0,0,0,0,0,0,0,0,0,0,0,0,0,0,0,0,0,0,0,0,0,0,0,0,0,0
"PWY-1042: glycolysis IV",0.00066947,0.000391805,0.000683146,0.000277661,0.000717178,0.000657279,0.000701792,0.000717519,0.000485512,0.000531599,0.00041794,0.000455763,0.000220809,0.000595762,0.000875121,0.00067894,0.000676051,0.000659065,0.000541388,0.000323126,0.000469953,0.000614093,0.000195988,0.000336747,0.000377424,0.000625679,0.000848968,0.00042553,0.000549938,0.000486438,0.000783027,0.000553317,0.00079192,0.000748248,0.00095008,0.000417252,0.000394134,0.000812687,0.000453483,0.000343675,0.000344156,0.000559764,0.000498537,0.000471991,0.000738487,0.000739595,0.000350498,0.000722717,0.00050467,0.000592189,0.000450657,0.000508512,0.00044858,0.000528673,0.000478748,0.000393578,0.000823549,0.000555252,0.000979743,0.000433289,0.000368396,0.000772146,0.000441455,0.00066425,0.000272955,0.000274344,0.000679653,0.000684656,0.000499979,0.000295104,0.000449977,0.000344706,0.000387896,0.00049586,0.000143492,0.000414711,0.000366871,0.000304241,0.000303449,0.000767557,0.000550713,0.000401989,0.000673737,0.000936023,0.000412422,0.000323158,0.000797153,0.000331654,0.000368616,0.000570379,0.000460567,0.000495645,0.000677847,0.000736019,0.000804499,0.00027705,0.000558863,0.000688719,0.000705007,0.000253895,0.000530751,0.00109945,0.000576304,0.000566347,0.000431971,0.000332032,0.000602879,0.000527083,0.000468093,0.000196594,0.00075009,0.000744984,0.000726067,0.000364897,0.000365934,0.000706808,0.000592728,0.000553463,0.000583451,0.000241222,0.000558003,0.00028304,0.000419918,0.000580096,0.000475898,0.000348471,0.000597803,0.000445938,0.000393455,0.000221332,0.000264434,0.00060759,0.00055537,0.00043592,0.00040405,0.000463872,0.000587806,0.000355042,0.000565302,0.000300788,0.000564239,0.000518544,0.000498169,0.000741422,0.000481797,0.00056093,0.000450209,0.000268427,0.000330234,0.000348129,0.000363718,0.000331475,0.000296243,0.000494098,0.000396663,0.000238768
"PWY-1269: CMP-3-deoxy-D-manno-octulosonate biosynthesis",2.48784e-05,0,0,8.63961e-05,0,0,0,0,0.000156276,0,0,0.000100401,0,0,4.44193e-05,0,0,0,5.16216e-05,0,0,2.95262e-05,4.35352e-05,0,2.95068e-05,0,2.58102e-05,4.52439e-05,8.58596e-05,0.00021767,0,0,0,0,0,0,0.000143464,0,0.000160518,0,5.06152e-05,7.32917e-05,0.000115904,0.000127764,0,3.48302e-05,0,0,0,0,0,0,0.000134617,0,7.31468e-05,0.000398291,0,5.76206e-05,0,0,0,0,0.000105274,0,0,0.000123957,0,0,9.40898e-05,0,0.000127863,2.69078e-05,0.000153553,0.000123918,0,0.000212097,8.8185e-05,0,0.000168486,0,0,3.96271e-05,0,0,0,0,2.73846e-05,0,0,0,0.000198754,0,0,0,0,3.75499e-05,0,0,0,4.91306e-05,0,6.59801e-05,0,0,0,0,0,7.60067e-05,5.59498e-05,0,0,6.75803e-05,4.18067e-05,3.73995e-05,0,0,6.50603e-05,0,6.92264e-05,0,0,2.70043e-05,0,4.79592e-05,0.000104861,5.1074e-05,0.000185614,0.000259352,0,0,3.39606e-05,2.19883e-05,0.000216974,0.000320716,0,8.201e-05,7.41645e-05,2.80983e-05,0.000211846,0.00017254,9.1147e-05,0,0,9.58148e-05,3.6843e-05,0.000133311,0,0.00010897,8.51487e-05,0,0,0.000139819,0,5.36562e-05,8.03777e-05,6.51354e-05
"PWY-1501: mandelate degradation I",0,0,0,0,0,0,0,0,0,0,0,0,0,0,0,0,0,0,0,0,0,0,0,0,0,0,0,0,0,0,0,0,0,0,0,0,0,0,0,0,0,0,0,0,0,0,0,0,0,0,0,0,0,0,0,0,0,0,0,0,0,0,0,0,0,0,0,0,0,0,0,0,0,0,0,0,0,0,0,0,0,0,0,0,0,0,0,0,0,0,0,0,0,0,0,0,0,0,0,0,0,0,0,0,0,0,0,0,0,0,0,0,0,0,0,0,0,0,0,0,0,0,0,0,0,0,0,0,0,0,0,0,0,0,0,0,0,0,0,0,0,0,0,0,0,0,0,0,0,0,0,0,0,0,0,0
"PWY-1622: formaldehyde assimilation I (serine pathway)",0,0,0,0,0,0,0,0,0,0,0,0,0,0,0,0,0,0,0,0,0,0,0,0,0,0,0,0,0,0,0,0,0,0,0,0,0,0,0,0,0,0,0,0,0,0,0,0,0,0,0,0,0,0,0,0,0,0,0,0,0,0,0,0,0,0,0,0,0,0,0,0,0,0,0,0,0,0,0,0,0,0,0,0,0,0,0,0,0,0,0,0,0,0,0,0,0,0,0,0,0,0,0,0,0,0,0,0,0,0,0,0,0,0,0,0,0,0,0,0,0,0,0,0,0,0,0,0,0,0,0,0,0,0,0,0,0,0,0,0,0,0,0,0,0,0,0,0,0,0,0,0,0,0,0,0
"PWY-181: photorespiration",0,0,0,0,0,8.17042e-05,0,0,0,0,0,0,0,0,0,0,0,0,0,0,0,0,0,0,0,0,0,0,0,0,0,0,0,0,0,0,0,0,0,0,0,0,0,0,0,0,0,0,0,0,0,0,0,0,0,0,0,0,0,0,0,0,0,0,0,0,0,0,0,0,0,0,0,0,0,0,0,0,0,0,0,0,0,0,0,0,0,0,0,0,0,0,0,0,0,0,0,0,0,0,0,0,0,0,0,0,0,0,0,0,0,0,0,0,0,0,0,0,0,0,0,0,0,0,0,0,0,0,0,0,0,0,0,0,0,0,0,0,0,0,0,0,0,0,0,0,0,0,0,0,0,0,0,0,0,0
"PWY-1861: formaldehyde assimilation II (assimilatory RuMP Cycle)",0.000241994,7.2616e-05,0.000132433,0,9.98979e-05,0,9.68891e-05,0,0,0.00014813,0,4.80749e-05,0,0.000369802,0,0,0.000363988,0,0,0.000110835,8.49844e-05,6.43533e-05,0,0,0,7.84273e-05,0.000547008,6.6175e-05,0.000200576,0,8.11659e-05,0.000221001,0.000431449,7.16351e-05,0.000526127,0,0,0.000465449,3.94239e-05,0,9.18396e-05,7.99568e-05,0.000124557,0,0.000440672,0,0,0.000202861,0,8.5607e-05,0,6.71692e-05,0.000146293,7.56202e-05,0,0.00032076,0,9.74338e-05,0.000739987,0.000100061,0,0,7.19938e-05,0.000327431,0.000159871,0,0.000432375,0.0001835,0,0,0,0,4.06763e-05,0,0,5.98006e-05,0,0,0,0.000254157,6.83595e-05,0,0.000225929,0.00035332,0.000195182,0.00011466,0,0.000137691,0,0.000172063,0,0,0.000211675,0.000119802,0,0,0,0.000283301,0.000172904,9.89567e-05,0,0.00061603,0.000220034,0,0,5.95379e-05,0,0,0,0,0.000220371,0.000202101,0.000316103,0.000113551,0,0.000238413,0,0,0,8.84509e-05,0.00012906,0.000103611,7.32637e-05,0.000296943,0,0,9.91494e-05,9.57953e-05,0,5.70737e-05,6.16616e-05,9.12019e-05,0,0.000142056,0,8.36552e-05,8.17683e-05,9.95321e-05,0,0,0,7.93724e-05,0,0,0,0,0.000130551,0,0,0,0,6.80058e-05,0,0.000290172,0,4.21636e-05
"PWY-2221: Entner-Doudoroff pathway III (semi-phosphorylative)",0,0,0,0,0,0,0,0,0,0,0,0,0,0,0,0,0,0,0,0,0,0,0,0,0,0,0,0,0,0,0,0,0,0,0,0,0,0,0,0,0,0,0,0,0,0,0,0,0,0,0,0,0,0,0,0,0,0,0,0,0,0,0,0,0,0,0,0,0,0,0,0,0,0,0,0,0,0,0,0,0,0,0,0,0,0,0,0,0,0,0,0,0,0,0,0,0,0,0,0,0,0,0,0,0,0,0,0,0,0,0,0,0,0,0,0,0,0,0,0,0,0,0,0,0,0,0,0,0,0,0,0,0,0,0,0,0,0,0,0,0,0,0,0,0,0,0,0,0,0,0,0,0,0,0,0
"PWY-241: C4 photosynthetic carbon assimilation cycle, NADP-ME type",8.7164e-05,4.16383e-05,6.54131e-05,0,7.33211e-05,0.000177066,0.000182459,0.000181498,0.000142131,0,0,0.000198872,0,0.000103205,5.90024e-05,8.64446e-05,7.68602e-05,0.000110927,0,0,0,0,0,0,0,0.000132476,0.000158568,0.000108989,0,5.78566e-05,9.24773e-05,4.16034e-05,6.98825e-05,6.41863e-05,0,0,0.000142645,7.55156e-05,0.000201654,0,0.000105275,0,0,0.000205736,4.2576e-05,0.000172799,0,6.78147e-05,0,0.000232994,6.69461e-05,5.40168e-05,0.000212775,0,0,7.01722e-05,4.86654e-05,0.000283385,0,0.000109626,0,5.80258e-05,0.000121849,5.18437e-05,0,0.000149568,0.000144022,8.75896e-05,8.40776e-05,0,0,0,0.000171167,0,0,0.000176633,7.29992e-05,0,9.16868e-05,0.000193597,0.000170326,0,0,0,0,8.48278e-05,0.00018598,6.69948e-05,5.07969e-05,0.000245653,0.000175862,0.000178323,0,0.000205734,8.32453e-05,3.68931e-05,0,0,0,5.63032e-05,0.000125997,0,2.77358e-05,6.89341e-05,0,0,6.72807e-05,0.000137257,0.000116143,0,0.000237913,0.000161191,0.000162282,4.91972e-05,0,7.58289e-05,0.000137572,0,6.99481e-05,7.9007e-05,0,0,0,0,4.29904e-05,0,9.81752e-05,0.00016092,0,0,3.77631e-05,7.36868e-05,0,0,0,0.000199939,0,8.83075e-05,0,0,6.6672e-05,8.82774e-05,0.000100237,0,0,0,5.26561e-05,0,0,6.96853e-05,0,0,0,0,0,4.34654e-05
"PWY-2941: L-lysine biosynthesis II",0.000201669,9.68051e-05,6.39128e-05,0,0,0.000315374,0.000232655,8.0483e-05,0.000147309,0,8.6565e-05,0,0,7.3441e-05,0.000276386,0,0.000261689,0,9.04877e-05,9.0393e-05,0,9.35657e-05,0,0,0,0,0,0.000246137,0,0,0.00027016,0.000154275,0,0,0,6.06073e-05,0.000134511,7.25652e-05,0.000111346,0,0.000105787,0.000119902,8.06934e-05,0.000150088,8.51425e-05,0,0,0.000240585,0,0.000321066,0.000159745,0.000251385,0,0,0,0.00018552,0,0,8.75154e-05,9.57417e-05,0.000132613,0,0,6.48734e-05,0.000108619,4.70174e-05,0.000200598,0.000289146,9.62956e-05,0.00015307,0,6.37119e-05,0,0.000115399,0,0,0.000117782,0,5.34302e-05,0.000178035,0.00016257,0,0,0.00013107,0,0.000155625,0.000174946,0,0,0,3.42542e-05,0,0,7.74944e-05,0.000330259,0,0,0.00010769,7.43996e-05,0,9.11974e-05,0,0,0,0.000175563,0,0,0.000123427,7.72691e-05,0,0.000173719,0.000196558,0.000142392,7.76706e-05,8.63245e-05,0,0,0.000110912,9.52473e-05,0.00014049,0,7.67768e-05,0,0,6.93199e-05,0,9.01879e-05,0,0,0.000171195,0,8.47274e-05,0,2.85945e-05,9.24451e-05,0.000130862,0,0.000143581,0,0,0.000176701,6.43773e-05,8.47161e-05,0,0,0.000156367,0,0,0,0,0,0,0.000109663,6.73111e-05,0,0
"PWY-2942: L-lysine biosynthesis III",0.000339347,0.000186695,0.000322705,0.000366784,0.000348016,0.000479144,0.000449436,0.00050701,0.000362316,0.000254333,0.000237236,0.000339675,0.000268794,0.000364229,0.000462343,0.000294144,0.000495353,0.000433601,0.00027223,0.00012665,0.000216249,0.00029797,0.00020451,0.00011354,4.94811e-05,0.000362083,0.000668558,0.000567022,0.00033412,0.000259236,0.000357353,0.000400331,0.00067121,0.000364939,0.000489293,0.000305952,0.000261368,0.000356409,0.000306293,0.000238118,0.000225108,0.000345072,0.000223268,0.000302321,0.00048345,0.000388455,0.000178251,0.000462748,0.000258404,0.000512496,0.000333062,0.000262016,0.00029835,0.000349504,0.000208818,0.000368505,0.000569967,0.0005037,0.000533974,0.000284817,0.000164669,0.000433041,0.00028578,0.000480191,0.00039325,0.000220025,0.000429868,0.000416829,0.000361528,0.000256931,0.000237542,0.000212025,0.000203224,0.000247937,0.000160092,0.000328959,0.000273878,0,0.000219641,0.000524952,0.000388314,0.000218749,0.000359871,0.000573557,0.000426911,0.000207194,0.000471059,0.000389436,0.0002114,0.000761087,0.000243701,0.000396477,0.000217246,0.000560732,0.000446773,0.000150824,0.000253603,0.000516034,0.000514627,0.000157953,0.000370863,0.000420786,0.000492373,0.000304196,0.000257812,0.000260593,0.00033544,0.000310469,0.000337853,7.05632e-05,0.000718466,0.000412062,0.000435697,0.000323596,0.000216955,0.000276432,0.000369661,0.000362847,0.000388875,0.000251017,0.000307728,0.000130508,0.000172309,0.000347469,0.000310063,0.000203709,0.000363891,0.000292814,0.000177787,0.000217774,0.000173528,0.000176988,0.000250671,0.000327365,0.000214039,0.000317462,0.000451482,0.000247342,0.000281961,0.00044618,0.000359836,0.000229353,0.00029277,0.000496171,0.000207739,0.000346492,0.000253952,0.000221525,0.000310554,0.000241781,0.000210008,0.000291989,0.000158513,0.000419831,0.000193271,0.00018396
"PWY-3001: superpathway of L-isoleucine biosynthesis I",0.000320402,0.000151728,0.00019976,0,0.000297531,0.000429644,0.000502341,0.000395631,0.000502419,0.000219767,0.000142077,0.000285483,0.000129255,0.000309463,0.000434724,0.000217111,0.000429277,0.00044166,0.000176392,0.000152908,0.000124497,0.000335011,8.06568e-05,0,0,0.000326535,0.000281093,0.000494719,0.000344671,0.000432179,0.00042778,0.000351652,0.000462791,0.000332274,0.000341249,0.000218154,0.000212077,0.00029538,0.00031095,0.00016522,0.000208851,0.000301389,0,0.000340338,0.000277228,0.000419642,0,0.000380622,0.000160569,0.000552357,0.000353467,0.00033356,0.000364845,0.000193704,0.000155938,0.000361743,0.000274509,0.000522764,0.00014413,0.000177111,0.00013537,0.000349287,0.000237874,0.000248479,0,0.000231068,0.000334108,0.000349521,0.000296169,0.000195125,0.000114707,0.000184573,0.000243267,0.000137124,0,0.000417218,0.000229288,0,0.000154575,0.000463009,0.000392235,0.000185825,0.000335482,0.00039816,0.000104787,0.000228078,0.000527817,0.00034358,0.000191897,0.000633524,0.000367684,0.000340272,0.000207416,0.000416341,0.000466215,7.94345e-05,0.000204764,0.000341843,0.000285335,0.000207519,0.000347302,0.000306264,0.000213982,0.000251683,0.000259907,9.55072e-05,0,0.000390675,0.00033333,6.63488e-05,0.000645884,0.000414628,0.000407053,0.000198333,0.000208511,0.000357588,0.000314813,0.000386428,0.000340045,0.000172798,0.000194131,0.00017089,9.55287e-05,0.000259151,0.000246722,0,0.00038101,0.000370978,0.000179756,8.06424e-05,0.000109596,0.000213977,0,0.000356251,0.000215724,0.000345234,0.000272175,0.000242845,0,0,0.000279079,0.000159883,0.00026733,0,0.000218184,0,0.000198294,0.000154065,0.000259749,0.000206959,0.000180309,0.000181433,0.00019808,0.000324031,0.000128678,0.000137227
"PWY-3781: aerobic respiration I (cytochrome c)",0,0,0,0,0,0,0,0,0,0,0,0,0,0,0,0,0,0,0,0,0,0,0,0,0,0,0,0,0,0,0,0,0,0,0,0,0,0,0,0,0,0,0,0,0,0,0,0,0,0,0,0,0,0,0,0,0,0,0,0,0,0,0,0,0,0,0,0,0,0,0,0,0,0,0,0,0,0,0,0,0,0,0,0,0,0,0,0,0,0,0,0,0,0,0,0,0,0,0,0,0,0,0,0,0,0,0,0,0,0,0,0,0,0,0,0,0,0,0,0,0,0,0,0,0,0,0,0,0,0,0,0,0,0,0,0,0,0,0,0,0,0,0,0,0,0,0,0,0,0,0,0,0,0,0,0
"PWY-3801: sucrose degradation II (sucrose synthase)",0,0,0,0,0,0,0,0,0,0,0,0,0,0,0,0,0,0,0,0,0,0,0,0,0,0,0,0,0,0,0,0,0,0,0,0,0,0,9.88154e-05,0,0,0,0,0,0,0,0,0,0,0,0,0,0,0,0,0,0,0,0,0,0,0,0,0,0,0,0,0,0,0,0,0,0,0,0,0,0,0,0,0,0,0,0,0,0,0,0,0,0,0,0,0,0,0,0,0,0,0,0,0,0,0,0,0,0,0,0,0,0,0,0,0,0,0,0,0,0,0,0,0,0,0,0,0,0,0,0,0,0,0,0,0,0,0,0,0,0,0,0,0,0,0,0,0,0,0,0,0,0,0,0,0,0,0,0,0
"PWY-3841: folate transformations II (plants)",0.000364163,0.000273557,0.000411803,0.000500717,0.000440659,0.000354028,0.000351684,0.000453965,0.000300127,0.000270082,0.000283329,0.000342195,0.000356882,0.00043487,0.000500623,0.000441677,0.000445626,0.000336056,0.00039411,0.000292318,0.000305356,0.000329573,0.000328987,0.000339628,0.000231824,0.000427996,0.000462634,0.000433667,0.000370926,0.000200637,0.00043438,0.00032142,0.000440662,0.000419495,0.000544159,0.000358539,0.000236863,0.000398318,0.00027779,0.000509365,0.00028327,0.00047268,0.000285068,0.000174588,0.000285405,0.000477562,0.000235568,0.000496384,0.000267028,0.000510441,0.000422789,0.000343981,0.000311269,0.000408679,0.000306824,0.000288988,0.000254679,0.00034753,0.000482325,0.000287052,0.000289347,0.000579701,0.000354731,0.000306453,0.000302079,0.000131149,0.000300139,0.000422632,0.000378503,0.000332404,0.000362098,0.000283209,0.000261365,0.00028219,0.000183831,0.000293965,0.000300866,0.000426668,0.000230587,0.000536276,0.000375792,0.000308772,0.000430008,0.000466315,0.000375052,0.000231228,0.00046681,0.000314454,0.000275239,0.000509431,0.000222546,0.000403139,0.000365828,0.00031958,0.000491957,0.000168137,0.0003732,0.000510364,0.000410154,0.000302169,0.000392531,0.000440798,0.000411677,0.000325822,0.000305698,0.000275099,0.000306678,0.000321354,0.000336413,0.000214263,0.000647672,0.000392048,0.000377014,0.000272158,0.000343221,0.000495529,0.000381942,0.000295057,0.000429088,0.000450027,0.000409605,0.000280177,0.000335003,0.000349348,0.000372221,0.000350583,0.000413945,0.000213188,0.000294014,0.000181156,0.000187613,0.00035826,0.0003356,0.000163779,0.000311782,0.000284675,0.000405389,0.000440298,0.00038379,0.000543299,0.000388484,0.000388362,0.000283187,0.000536724,0.000271812,0.000434802,0.000269741,0.000328646,0.000524404,0.000289698,0.000273989,0.000276557,0.000260489,0.000401689,0.000360789,0.000213627
"PWY-4041: &gamma;-glutamyl cycle",9.95196e-05,3.82358e-05,5.10008e-05,4.36841e-05,7.49148e-05,0.000126297,0.000152694,0.000130013,0.000240378,5.05674e-05,3.13708e-05,0.000137742,0,0.000104998,6.42317e-05,4.46615e-05,0.000112134,0.000114161,0,7.10355e-05,0,4.14906e-05,0,0,1.82907e-05,0.000132083,0.000201491,0.000398702,0,0.000266631,7.27055e-05,0.000113095,0,5.48799e-05,0,3.42796e-05,0.0001045,7.03389e-05,0.000242448,0,7.32538e-05,5.0234e-05,0,0.000232207,7.6632e-05,0.000124646,0,6.78564e-05,5.86494e-05,0.000252011,0,0.000127585,0.000259108,0,7.92478e-05,0.000362486,5.74543e-05,0.000274033,6.44353e-05,0.000123896,0,9.00816e-05,0.00012438,8.04334e-05,2.83036e-05,8.55831e-05,9.19023e-05,0.00011494,0.000158886,0,0,5.32548e-05,0.00016553,0,0,0.000252448,4.30908e-05,0,0.000104422,0.000147131,0.00012573,0,0.000150616,4.13731e-05,0,8.77011e-05,0.000186478,0.000231986,0,0.00035275,0.000252412,0.000111648,0,0.000151674,0.000241844,3.3014e-05,0,8.85366e-05,7.76393e-05,8.91235e-05,0,0.000143866,5.74579e-05,5.43341e-05,0,3.10314e-05,5.86675e-05,0.000225403,7.45143e-05,0,0.000245736,0.000125905,0.000132112,6.28981e-05,0,0.00011349,9.1942e-05,9.54019e-05,7.81237e-05,0,4.48971e-05,3.53068e-05,0,0,8.07447e-05,2.80492e-05,0.000263651,0.000328694,0,0,0,5.91478e-05,0,0.0004002,3.03365e-05,0.000208862,8.80193e-05,4.99922e-05,0,0,5.39055e-05,5.59178e-05,7.7217e-05,0,4.80064e-05,0,4.32244e-05,0,3.07659e-05,4.37818e-05,3.71913e-05,5.16757e-05,2.88286e-05,4.09566e-05,4.66599e-05,5.4318e-05
"PWY-4361: S-methyl-5-thio-&alpha;-D-ribose 1-phosphate degradation I",0,0,0,0,0,0,0,0,0,0,0,0,0,0,0,0,0,0,0,0,0,0,0,0,0,0,0,0,0,0,0,0,0,0,0,0,0,0,0,0,0,0,0,0,0,0,0,0,0,0,0,0,0,0,0,0,0,0,0,0,0,0,0,0,0,0,0,0,0,0,0,0,0,0,0,0,0,0,0,0,0,0,0,0,0,0,0,0,0,0,0,0,0,0,0,0,0,0,0,0,0,0,0,0,0,0,0,0,0,0,0,0,0,0,0,0,0,0,0,0,0,0,0,0,0,0,0,0,0,0,0,0,0,1.93973e-05,0,0,0,0,0,0,0,0,0,0,0,0,0,0,0,0,0,0,0,0,0,0
"PWY-4702: phytate degradation I",0,0,0,0,0,0,0,0,0,0,0,0,0,0,0,0,0,0,0,0,0,0,0,0,0,0,0,0,0,0,0,0,0,0,0,0,0,0,0,0,0,0,0,0,0,0,0,0,0,0,0,0,0,0,0,0,0,0,0,0,0,0,0,0,0,0,0,0,0,0,0,0,0,0,0,0,0,0,0,0,0,0,0,0,0,0,0,0,0,0,0,0,0,0,0,0,0,0,0,0,0,0,0,0,0,0,0,0,0,0,0,0,0,0,0,0,0,0,0,0,0,0,0,0,0,0,0,0,0,0,0,0,0,0,0,0,0,0,0,0,0,0,0,0,0,0,0,0,0,0,0,0,0,0,0,0
"PWY-4984: urea cycle",0,5.92047e-05,0,0,0,0,5.10597e-05,0,0,0,0,0,5.70186e-05,0,0,0,0,0,0,0,0,0,0.000132792,0,0,0,0,0.000143518,0,0,0,0,0,0,0,0,0.000110326,0,7.04664e-05,0,0,0,0,0,4.64369e-05,0,0,0,0,0,0,0,0,0,0,0,0,0,0,0,0,0,0,0,0,0,0,0,0,0,0.000158502,0,0.000134643,0.000129338,9.8399e-05,0,0.000184335,0,4.94299e-05,0,0,0.000155867,0,0,0,9.22872e-05,0,0,0,0,0,0,0,0,0,0,0,0,0,8.58956e-05,0,0,0,0,7.72955e-05,0,0,0,0,0,0,0,0,0,8.68765e-05,0,5.48249e-05,0,0,0,7.7217e-05,0,0,0.000128113,0.000169563,0,0.000182176,0,0.000120602,6.75851e-05,0.00016056,0,0,0,0.00014069,0,0,0.000192387,0,5.33892e-05,0,9.76541e-05,7.84627e-05,3.14733e-05,0.000149946,0.000163449,0,0,0.000203824,0,8.01137e-05,7.16199e-05,0,0,0.000127587,0.000169961
"PWY-5004: superpathway of L-citrulline metabolism",0,0,0,0,0,0,0,0,0,0,0,0,0,0,0,0,0,0,0,0,0,0,0,0,0,0,0,0,0,0,0,0,0,0,0,0,0,0,0,0,0,0,0,0,0,0,0,0,0,0,0,0,0,0,0,0,0,0,0,0,0,0,0,0,0,0,0,0,0,0,0,0,0,0,0,0,0,0,0,0,0,0,0,0,0,0,0,0,0,0,0,0,0,0,0,0,0,0,0,0,0,0,0,0,0,0,0,0,0,0,0,0,0,0,0,0,0,0,0,0,0,0,0,0,0,0,0,0,0,0,0,0,0,0,0,0,0,0,0,0,0,0,0,0,0,0,0,0,0,0,0,0,0,0,0,0
"PWY-5005: biotin biosynthesis II",0,0,0,0,0,0,0,0,0,0,0,5.64915e-05,0,0,2.76765e-05,0,0,3.89775e-05,0,0,0,0,0,0,0,0,0,0,0,0,0,0,0,0,0,0,9.32542e-05,0,0,0,1.3654e-05,0,0,4.5482e-05,0,3.88158e-05,0,0,0,0,0,0,0,0,0,0,0,0,0,0,0,0,0,0,0,3.15743e-05,0,0,6.66318e-05,0,0,0,0,0,0,0,0.000140254,0,0,2.71177e-05,0,0,0,6.87639e-05,0,0,0,0,0,0,0,0,0,0,0,0,4.258e-05,0,0,5.94986e-05,0,0,0,0,0,0,0,0,0,0,0,0,0,0,0,0,3.48307e-05,0,0,0,0,0,0,0,0,0,4.76503e-05,0,0,0,0,0,0,0,0,3.73749e-05,0,3.5222e-05,0,0,8.95065e-05,0,3.14449e-05,0,0,0,6.21311e-05,6.24376e-05,6.27716e-05,0,0,0,0,0.000102174,0,0
"PWY-5022: 4-aminobutanoate degradation V",0,0,0,0,0,0,0,0,0,0,0,0,0,0,0,0,0,0,0,0,0,0,0,0,0,0,0,0,0,0,0,0,0,0,0,0,9.31031e-05,0,0,0,0,0,0,0,0,0,0,0,0,0,0,0,0,0,0,0,0,0,0,0,0,0,0,0,0,0,0,0,0,0,0,0,7.29281e-05,0,0,0,0,0,0,0,0,0,0,0,0,0,0,0,0,0,0,0,0,0,0,0,0,0,0,0,0,0,0,0,0,0,0,0,0,0,0,0,0,0,0,0,0,0,0,0,0,0,0,0,0,0,0,0,0,0,0,0,0,0,0,0,0,0,0,0,3.96559e-05,0,0,0,0,0,0,0,0,0,0,0,0,0,0,0
"PWY-5028: L-histidine degradation II",0,0,0,0,0,0,0,0,0,0,0,0,0,0,0,0,0,0,0,0,0,0,0,0,0,0,0,0,0,0,0,0,0,0,0,0,0,0,0,0,0,0,0,0,0,0,0,0,0,0,0,0,0,0,0,0,0,0,0,0,0,0,0,0,0,0,0,0,0,0,0,0,0,0,0,0,0,0,0,0,0,0,0,0,0,0,0,0,0,0,0,0,0,0,0,0,0,0,0,0,0,0,0,0,0,0,0,0,0,0,0,0,0,0,0,0,0,0,0,0,0,0,0,0,0,0,0,0,0,0,0,0,0,0,0,8.55076e-05,0,0,0,0,0,0,0,0,0,0,0,0,0,0,0,0,0,0,0,0
"PWY-5030: L-histidine degradation III",5.33025e-05,0,0,0,0,0,0,0,0,0,0,0,0,0,0,0,0,0,0,9.82409e-05,0,0,7.84995e-05,0,2.95323e-05,0,0,0.000110945,3.49939e-05,0,0,0,0,0,0,0,9.9838e-05,0,0.000249317,0,0,0,0,0,0,0,0,0,0,0,0,0,0,0,0,0,0,0,0,0,0,0,0,0,0,0,0,0,0,0,0.000229678,0,0.000100167,6.71059e-05,0,0,0.000158568,0,7.57502e-05,0,0,8.86946e-05,0,0,0,5.95146e-05,0,0,0,0,0,0,0,0,0,0,0,0,0,4.43009e-05,0,0,0,0,0,0,0,0,0,0,0,0,0,0,0.000101956,0,0,0,0,0,3.70722e-05,0,0,3.4156e-05,0.000141664,0,0.00016091,0,8.07215e-05,4.92404e-05,0,0,0,0,0.000107758,3.07206e-05,0,3.61504e-05,0,0.000209241,0,3.35333e-05,0,0.000468216,7.15436e-05,0.00030716,0,3.96463e-05,0.00015369,0,3.43318e-05,6.28539e-05,0,0,0,5.07049e-05
"PWY-5055: nicotinate degradation III",0,0,0,0,0,0,0,0,0,0,0,0,0,0,0,0,0,0,0,0,0,0,0,0,0,0,0,0,0,0,0,0,0,0,0,0,0,0,0,0,0,0,0,0,0,0,0,0,0,0,0,0,0,0,0,0,0,0,0,0,0,0,0,0,0,0,0,0,0,0,0,0,0,0,0,0,0,0,0,0,0,0,0,0,0,0,0,0,0,0,0,0,0,0,0,0,0,0,0,0,0,0,0,0,0,0,0,0,0,0,0,0,0,0,0,0,0,0,0,0,0,0,0,0,0,0,0,0,0,0,0,0,0,0,0,0,0,0,0,0,0,0,0,0,0,0,0,0,0,0,0,0,0,0,0,0
"PWY-5079: L-phenylalanine degradation III",0,0,0,0,0,0,0,0,0,0,0,0,0,0,0,0,0,0,0,0,0,0,0,0,0,0,0,0,0,0,0,0,0,0,0,0,0,0,0,0,0,0,0,0,0,0,0,0,0,0,0,0,0,0,0,0,0,0,0,0,0,0,0,0,0,0,0,0,0,0,0,0,0,0,0,0,0,0,0,0,0,0,0,0,0,0,0,0,0,0,0,0,0,0,0,0,0,0,0,0,0,0,0,0,0,0,0,0,0,0,0,0,0,0,0,0,0,0,0,0,0,0,0,0,0,0,0,0,0,0,0,0,0,0,0,0,0,0,0,0,0,0,0,0,0,0,0,0,0,0,0,0,0,0,0,0
"PWY-5080: very long chain fatty acid biosynthesis I",0,0,0,0,0,0,0,0,0,0,0,0,0,0,0,0,0,0,0,0,0,0,0,0,0,0,0,0,0,0,0,0,0,0,0,0,0,0,0,0,0,0,0,0,0,0,0,0,0,0,0,0,0,0,0,0,0,0,0,0,0,0,0,0,0,0,0,0,0,0,0,0,0,0,0,0,0,0,0,0,0,0,0,0,0,0,0,0,0,0,0,0,0,0,0,0,0,0,0,0,0,0,0,0,0,0,0,0,0,0,0,0,0,0,0,0,0,0,0,0,0,0,0,0,0,0,0,0,0,0,0,0,0,0,0,0,0,0,0,0,0,0,0,0,0,0,0,0,0,0,0,0,0,0,0,0
"PWY-5088: L-glutamate degradation VIII (to propanoate)",0,0,0,0,0,0,0,0,0,0,0,0,0,0,0,0,0,0,0,0,0,0,0,0,0,0,0,0,0,0,0,0,0,0,0,0,0,0,0,0,0,0,0,0,0,0,0,0,0,0,0,0,0,0,0,0,0,0,0,0,0,0,0,0,0,0,0,0,0,0,0,0,1.79344e-05,0,0,0,0,0,1.04791e-05,0,0,0,0,0,0,0,0,0,0,0,0,0,0,0,0,0,0,0,0,0,0,0,0,0,0,0,0,0,0,0,0,0,0,0,0,0,0,0,0,0,0,0,0,0,0,0,0,0,0,0,0,0,0,0,0,0,0,0,0,0,0,0,0,0,0,0,0,0,0,0,0,0,0,0,0,0
"PWY-5097: L-lysine biosynthesis VI",0.000302532,0.0002515,0.000336837,0.000317018,0.000420673,0.000474409,0.000476066,0.000593364,0.000399009,0.000257918,0.000241177,0.000344077,0.000280276,0.000473183,0.000483562,0.000374031,0.000511211,0.000441351,0.000376078,0.000106216,0.000292592,0.000327069,0.00022796,0.000208281,0.000146959,0.000403853,0.000675184,0.000545759,0.000338736,0.000266979,0.000430868,0.000453196,0.00059996,0.000422064,0.000544534,0.000323257,0.000272244,0.000457377,0.000396312,0.000336112,0.000248064,0.000367787,0.000274423,0.000318589,0.000459068,0.000503174,0.000337592,0.000481426,0.000363959,0.000527223,0.000380959,0.000308607,0.00031504,0.000364434,0.000282294,0.000361818,0.000580683,0.00050633,0.000581936,0.000278961,0.000215081,0.000589375,0.000256336,0.000424062,0.000402265,0.00020974,0.000437072,0.000433261,0.000371147,0.000266109,0.000225067,0.00025015,0.000233484,0.000221612,0.000174154,0.000333347,0.000298067,0,0.000260234,0.000534225,0.000392271,0.000237333,0.000403221,0.000663151,0.000445735,0.000206354,0.00052419,0.000384695,0.000270688,0.000759456,0.000257013,0.000418987,0.000290419,0.000661419,0.000538159,0.000174574,0.000281705,0.000500322,0.000536738,0.000211554,0.000363774,0.000457315,0.000530565,0.000339998,0.000267473,0.000264997,0.000369358,0.000310479,0.00037828,0.000151696,0.000716782,0.000474751,0.000424878,0.000302635,0.000344821,0.000484823,0.000511721,0.000385335,0.000409925,0.000267448,0.00034417,0.000170672,0.000167459,0.000364187,0.000380254,0.000210493,0.000384983,0.000298086,0.000212966,0.000203691,0.000229811,0.000265741,0.000287049,0.000251841,0.00022177,0.000316074,0.000404076,0.000337793,0.000323425,0.000426838,0.00040901,0.00036561,0.000311712,0.000421257,0.000211777,0.000324062,0.000268997,0.000222881,0.000312513,0.000266835,0.000248931,0.000276744,0.000267803,0.000442561,0.00023735,0.00020104
"PWY-5100: pyruvate fermentation to acetate and lactate II",0.000275989,0.000158835,0.000198211,5.93847e-05,0.000363373,0.000514165,0.000449005,0.000392339,0.00030679,0.000245053,0.00013564,0.000204685,0,0.000349158,0.00060217,0.000344787,0.000341288,0.000449628,0.000293685,0.000109882,0.000197087,0.000415601,0.000114784,0.000150643,6.40775e-05,0.000395312,0.000420543,0.000462531,0.000337343,0.000146668,0.000464829,0.00039789,0.000461309,0.000437165,0.000541273,0.000333141,0.000210932,0.000343938,0.000220222,0.000167059,0.000227764,0.00035728,0.000234807,0.000259273,0.000354063,0.000459272,0.000159371,0.000364407,0.00023042,0.000555968,0.000294084,0.000188591,0.000297025,0.000108371,0.000161771,0.00019785,0.000405714,0.000394515,0.000578342,0.000266466,0.000272351,0.000489231,0.000226332,0.000305303,4.47025e-05,6.55242e-05,0.00038269,0.000428639,0.000286539,0.000274125,5.02769e-05,0.000283693,6.6761e-05,8.83382e-05,0.000120519,0.000262712,7.11645e-05,6.09706e-05,7.36812e-05,0.000604487,0.000479789,0.000184941,0.000386069,0.000545218,0.000128873,0.000184724,0.000445905,0.000393775,0.000270583,0.00051,0.000148459,0.000440438,0.000317593,0.000552215,0.000423648,9.73488e-05,0.000257297,0.000393733,0.000353657,2.92824e-05,0.000408023,0.000442471,0.000375793,0.000410581,0.000279886,0.000114668,0.000280979,0.000373419,0.000314602,4.12934e-05,0.000643742,0.000435822,0.00043768,0.000210419,0.000173191,0.000366913,0.000460648,0.000379474,0.000349825,7.60687e-05,0.000217974,9.09953e-05,4.36242e-05,0.000342602,0.00018013,0,0.000132021,0.000134018,8.76133e-05,6.22378e-05,4.07692e-05,0.000310409,0.000105636,0.000169184,0.00011865,0.000248648,0.000304472,0.000137222,0.000224847,0,0.000225534,8.10858e-05,0.000264372,0,9.00045e-05,5.94944e-05,0.000180582,7.37027e-05,0.000159906,0.000256914,0.000136932,0.000100925,0.00011309,0.000331884,0.00022631,0
"PWY-5101: L-isoleucine biosynthesis II",0,0,0,0,0,0,0,0,0,0,0,0,0,0,0,0,0,0,0,0,0,0,0,0,0,0,0,0,0,0,0,0,0,0,0,0,0,0,0,0,0,0,0,0,0,0,0,0,0,0,0,0,0,0,0,0,0,0,0,0,0,0,0,0,0,0,0,0,0,0,0,0,0,0,0,0,0,0,0,0,0,0,0,0,0,0,0,4.4328e-05,0,0,0,0,0,0,0,0,0,0,0,0,0,0,0,0,0,0,0,0,0,0,0,0,0,0,0,0,0,0,0,0,0,0,0,0,0,0,0,0,0,0,0,0,0,0,0,0,0,0,0,0,0,0,0,0,0,0,0,0,0,0,0,0,0,0,0,0
"PWY-5103: L-isoleucine biosynthesis III",0.000346212,0.000228247,0.000472359,0.000447576,0.000464909,0.000541113,0.000636889,0.000554868,0.000682229,0.000367236,0.000250256,0.000362039,0.000152439,0.000503779,0.000562812,0.000372041,0.000554148,0.000548438,0.000366713,0.000137531,0.00030982,0.000450593,0.000106568,7.46597e-05,0.000263649,0.00054975,0.00057874,0.00057875,0.000428969,0.000534424,0.000631692,0.000429999,0.000591058,0.000592427,0.000445707,0.000354037,0.000202952,0.00046267,0.000331213,0.00011368,0.000286771,0.000448221,0.000431726,0.000405144,0.0004548,0.000619044,0.000410682,0.000453612,0.000417281,0.000673777,0.000491382,0.000378353,0.000503111,0.000336791,0.000161936,0.000342016,0.000460135,0.000672894,0.000563823,0.000250682,0.000246317,0.000494889,0.000431713,0.000422209,0.000344313,0.00026728,0.000459714,0.000549432,0.000377186,0.000389472,0.000281635,0.00034523,0.000288777,0.000171434,0,0.000501983,0.000213156,9.01272e-05,0.000266247,0.000746128,0.000531143,0.000196031,0.000404364,0.000657335,0.00042582,0.000287268,0.000682765,0.000513278,0.000330644,0.000748289,0.000500384,0.000615438,0.000350788,0.000605512,0.000581596,0.000146008,0.000306232,0.000625866,0.000496297,0.000298056,0.000562747,0.00050816,0.00048447,0.000476721,0.000415896,0.000171676,0.000408597,0.00054993,0.000617037,0.000157318,0.000822971,0.000652163,0.000588413,0.000277234,0.000393443,0.000501746,0.000439402,0.000507818,0.000480141,0.000216106,0.000409915,0.00020928,0.000174485,0.000407044,0.00037186,0.000153242,0.000473565,0.000410097,0.000209717,0.000288753,0.000243696,0.000390275,0.000527652,0.000416593,0.000286988,0.000358889,0.000475943,0.000273884,0.000534281,0.00020655,0.000320919,0.000365619,0.000489527,0.000122601,0.000215353,0.000316408,0.000240866,0.000169065,0.000276293,0.0003421,0.000184063,0.000219397,0.000249655,0.000315428,0.000170028,0.000264591
"PWY-5104: L-isoleucine biosynthesis IV",0,0,0,0,0,0,0,0,0,0,0,0,0,0,0,0,0,0,0,0,0,0,0,0,0,0,0,0,0,0,0,0,0,0,0,0,6.00832e-05,0,0,0,0,0,0,0,0,0,0,0,0,0,0,0,0,0,0,0,0,0,0,0,0,0,0,0,0,0,0,0,0,0,0,0,5.11627e-05,0,0,0,0,0,5.1597e-05,0,0,0,0,0,0,0,0,0,0,0,0,0,0,0,0,0,0,0,0,4.43479e-05,0,0,0,0,0,0,0,0,0,0,0,0,0,0,0,0,0,0,0,0,0,0,0,0,0,0,0,0,0,0,0,0,0,0,3.82181e-05,0,0,3.6875e-05,0,0,0,0,0,0,0,0,0,0,0,0,0,0,0,0,0,0
"PWY-5121: superpathway of geranylgeranyl diphosphate biosynthesis II (via MEP)",0,0,0,0,0,0,0,0,3.48547e-05,0,0,0,0,0,0,0,0,0,0,5.78917e-05,0,0,0,0,0,0,0,0,0,0.000112016,0,0.000103587,0,0,0,0,0.000168434,0,0.000207456,0,2.36228e-05,7.34691e-05,0,0,0,0.00012229,0,0,0,0,0,0,3.57304e-05,0,0,0.000108604,0,4.43309e-05,0,0.000168458,0,0,6.24887e-05,0,0,2.71107e-05,0,0,0,9.00745e-05,0.000128274,0,9.29289e-05,0.000118953,8.60843e-05,3.19529e-05,0.000138127,0,0.000108512,0,6.3248e-05,0.000100321,0,0,0,0,0,0,0,0,9.9453e-05,7.35422e-05,0,0.000111801,0,5.00744e-05,0,0,0,6.02752e-05,0,0,0,0.000122562,0,0,0,0,0,0,0,0.00014519,0,7.39027e-05,0,0,0,0,0,0,0,0,5.97824e-05,0.000103807,0.000105227,0,3.4396e-05,4.53459e-05,0.00011577,0,0,0,0,0.000136113,0.000112095,0.000107092,0,0,0,0.000224068,0.000138186,0.000147097,0,0.000474183,0.000117671,0.00030107,0,0,8.98141e-05,0,9.75528e-05,0,0,0,0,0
"PWY-5130: 2-oxobutanoate degradation I",0,0,0,0,0,0,0,0,0,0,0,0,0,0,0,0,0,0,0,0,0,0,0,0,0,0,0,0,0,0,0,0,0,0,0,0,0,0,0,0,0,0,0,0,0,0,0,0,0,0,0,0,0,0,0,1.38944e-05,0,0,0,0,0,0,0,0,0,0,0,0,0,2.78376e-05,9.34246e-05,0,5.70542e-05,0,0,0,0,0,3.99684e-05,0,0,0,0,0,0,0,0,0,0,0,0,2.98063e-05,0,0,0,0,0,0,0,0,0,0,0,0,0,0,0,0,0,0,0,0,0,0,5.43564e-05,0,0,0,0,0,0,0,0,0,0,6.36515e-05,0,0,0,0,0,0,2.81083e-05,0,0,0,0,3.01076e-05,0,0,5.96524e-05,0,0,0,0,0,0,0,0,0,0,0,0,0,0,0
"PWY-5136: fatty acid &beta;-oxidation II (plant peroxisome)",5.80786e-05,2.58269e-05,0,0,0,0,0,0,0.000317029,0,0,0.000111356,0,0,0,0,0,0,0,0,3.11405e-05,0,0,0,0,0,0.000111151,4.07328e-05,0,0.000563692,0,0,0,2.64412e-05,0,0,0.000146663,0,0.000156077,0,6.34583e-05,0,0,0.000225935,2.13219e-05,0,0,0,0,0,0,0,0.000319686,0,3.34497e-05,0.000366159,3.4655e-05,0.00017343,0,0,0,0,5.36477e-05,0,0,0.000167572,0,0,0,0,0,0,0.000207201,0,0,0.000339632,0,0,8.00973e-05,0,0,0,0,0,0,0,5.8769e-05,0,0,0,0.000276886,3.4256e-05,0,0,0,0,0,0,0,0,0,0,0,0,0,0,0,0.000201347,1.94671e-05,0,0,3.42081e-05,0,0,0,0,0.000131002,0,3.33693e-05,4.61705e-05,0,0,0,0,6.67603e-05,0,0.000143798,0.000587362,0,0,0,0,0,0.000479094,0,0.000188853,0,0,0,0,6.61171e-05,0,2.87718e-05,0,0,0,0,0,0,0,0,0,0,0,0,0
"PWY-5138: fatty acid &beta;-oxidation IV (unsaturated, even number)",0,0,0,0,0,0,0,0,5.7045e-05,0,0,1.95255e-05,0,0,0,0,0,0,0,0,0,0,0,0,0,0,4.23261e-05,4.52411e-05,0,0.000188931,0,0,0,0,0,0,4.23817e-05,0,0.000108613,0,2.34733e-05,0,0,7.75962e-05,0,0,0,0,0,0,0,0,5.9128e-05,0,1.45209e-05,0.00018916,0,2.90457e-05,0,0,0,0,2.94367e-05,0,2.00008e-05,5.66251e-05,0,0,0,0,0,0,5.30979e-05,0,0,6.08381e-05,0,0,1.79594e-05,0,0,0,0,0,0,0,0,0,0,0,0.000107136,0,0,0,0,0,0,0,0,0,0,0,0,0,0,0,0,4.81248e-05,0,0,0,1.59608e-05,0,0,0,0,8.68877e-05,0,0,0,0,0,0,0,0,0,6.99091e-05,7.88074e-05,0,0,0,0,0,0.000236362,0,0.000160231,0,0,0,0,1.9758e-05,0,0,0,0,0,0,0,0,0,0,0,0,0,0,0
"PWY-5154: L-arginine biosynthesis III (via N-acetyl-L-citrulline)",0.000122764,6.87129e-05,0,0,0,0,3.8807e-05,4.49423e-05,0.000301751,7.54424e-05,0,0.000248654,0,5.11019e-05,6.27798e-05,5.12411e-05,7.8149e-05,0,0,6.67073e-05,0,0,0.000204385,0,4.38439e-05,0,0.000139089,0.00011598,0.000124531,0.000344623,0,6.44641e-05,5.72248e-05,0,0,7.26028e-05,0.00023087,8.15983e-05,0.000310613,0,0.000161558,0,0.000110824,0.000353998,0.000121877,0,0,0,0,8.72297e-05,0,0,0.000237784,0,0.000168469,0.000391341,0,0.000209922,4.44141e-05,5.14727e-05,0,0,0.000154739,0.000131156,7.36514e-05,0.000212686,4.61862e-05,6.94343e-05,7.43158e-05,0,0,4.59276e-05,0.000168234,0.000135013,0.0001511,0.000325362,0.000190444,0,0.000142254,9.09647e-05,6.10195e-05,0.00015472,0.000114326,0.000184505,0,0.000124436,0,0,0,0,0.000344448,8.77476e-05,0,0,0.000281319,0.000139532,0,0,5.43682e-05,5.19309e-05,5.20636e-05,7.81477e-05,0,0,6.85612e-05,0,0,0.000193235,7.80643e-05,5.63239e-05,0,8.99877e-05,0,0,0.000214768,0,0.000245083,7.32075e-05,0,0.000119699,0.000159642,0.000147995,0.000154376,0.000121591,0.000203012,0.000101237,0.000285033,0.000310679,0.000154839,6.69338e-05,7.55962e-05,0.000105516,0.000118887,0.000315354,0.000194252,0.000295745,5.16504e-05,0.00017349,0.000116621,9.20245e-05,8.64384e-05,5.36626e-05,8.55852e-05,6.76321e-05,7.79823e-05,0.00019093,0.000118946,0.000156089,0.000184797,6.52763e-05,0.000107768,0.000165354,0,0,6.09462e-05,0.000154161
"PWY-5156: superpathway of fatty acid biosynthesis II (plant)",0,0,0,0,0,0,0,0,0,0,0,0,0,0,0,0,0,0,0,0,0,0,0,0,0,0,0,0,0,0,0,0,0,0,0,0,0,0,0,0,0,0,0,0,0,0,0,0,0,0,0,0,0,0,0,0,0,0,0,0,0,0,0,0,0,0,0,0,0,0,0,0,0,0,0,0,0,0,0,0,0,0,0,0,0,0,0,0,0,0,0,0,0,0,0,0,0,0,0,0,0,0,0,0,0,0,0,0,0,0,0,0,0,0,0,0,0,0,0,0,0,0,0,0,0,0,0,0,0,0,0,0,0,0,0,0,0,0,0,0,0,0,0,0,0,0,0,0,0,0,0,0,0,0,0,0
"PWY-5178: toluene degradation IV (aerobic) (via catechol)",0,0,0,0,0,0,0,0,0,0,0,0,0,0,0,0,0,0,0,0,0,0,0,0,0,0,0,0,0,0,0,0,0,0,0,0,0,0,0,0,0,0,0,0,0,0,0,0,0,0,0,0,0,0,0,0,0,0,0,0,0,0,0,0,0,0,0,0,0,0,0,0,0,0,0,0,0,0,0,0,0,0,0,0,0,0,0,0,0,0,0,0,0,0,0,0,0,0,0,0,0,0,0,0,0,0,0,0,0,0,0,0,0,0,0,0,0,0,0,0,0,0,0,0,0,0,0,0,0,0,0,0,0,0,0,0,0,0,0,0,0,0,0,0,0,0,0,0,0,0,0,0,0,0,0,0
"PWY-5180: toluene degradation I (aerobic) (via o-cresol)",0,0,0,0,0,0,0,0,0,0,0,0,0,0,0,0,0,0,0,0,0,0,0,0,0,0,0,0,0,0,0,0,0,0,0,0,0,0,0,0,0,0,0,0,0,0,0,0,0,0,0,0,0,0,0,0,0,0,0,0,0,0,0,0,0,0,0,0,0,0,0,0,0,0,0,0,0,0,0,0,0,0,0,0,0,0,0,0,0,0,0,0,0,0,0,0,0,0,0,0,0,0,0,0,0,0,0,0,0,0,0,0,0,0,0,0,0,0,0,0,0,0,0,0,0,0,0,0,0,0,0,0,0,0,0,0,0,0,0,0,0,0,0,0,0,0,0,0,0,0,0,0,0,0,0,0
"PWY-5188: tetrapyrrole biosynthesis I (from glutamate)",5.36279e-05,4.86646e-05,0.000156832,0.000253655,0.000108885,0.000238496,0.000182873,0.00028816,0.000223785,0.000110058,0,0.000215511,0.000109496,0.000204192,0.000269116,0.000207334,0.000161856,0.000113951,0.00019036,4.37933e-05,0.000144654,0.000127429,9.19812e-05,5.67452e-05,0,0.000170287,0.000402319,6.25336e-05,9.30149e-05,0.000251654,0.000205284,0.000183214,0.000352035,0.000216334,0.00036949,0.000151504,7.20151e-05,0.000296936,0.000139009,0,0.000124665,0.000197666,0.000217252,0.000196097,0.000265822,0.000260348,8.34975e-05,0.000314405,0.000157506,0.00016603,0.000210611,0.000117655,0.000258483,0.000138898,9.09551e-05,0.000209498,0.000395523,0.000250448,0.000216103,8.30087e-05,9.93729e-05,0.00029668,0.000126864,0.000244713,0.00022529,9.55539e-05,0.000162685,0.000179847,0.00018054,0.000181408,0,0.000123459,0.000119194,0,4.06934e-05,0.000163213,0.000153131,4.24903e-05,6.62709e-05,0.000193562,6.06222e-05,0.000114428,0.0001404,0.000378197,0.000199858,5.62207e-05,0.000295113,3.38586e-05,7.19025e-05,0.000170031,0.000291554,9.85699e-05,0.000156662,0.000356785,0.000263889,5.53437e-05,0.000172522,0.000307981,0.000384917,8.79842e-05,0,0.000332062,0.000308485,0.000246806,0.000107647,6.24659e-05,0.000164067,0.000158767,0.000168583,5.18458e-05,0.000137635,0.000173084,0.000178232,0.000183387,0.000151226,0.000384989,0.000248031,0.000168309,0.000211148,6.5058e-05,7.18306e-05,2.98588e-05,0,0.000209915,8.24442e-05,0.000126647,0.000171305,0.00031746,0,6.42055e-05,0,0.000144755,0,0.000257835,0,0.000144852,0.00026877,9.84206e-05,0,0,0.000167826,0.000191958,0.000161866,0,0.000127635,3.08829e-05,6.47209e-05,0.000159532,7.62408e-05,0.000110801,3.30748e-05,6.57432e-05,0,0.000297917,0.000147373,6.32079e-05
"PWY-5189: tetrapyrrole biosynthesis II (from glycine)",0,0,0,0,0,0,0,0,0.000147538,0,0,8.18345e-05,0,0,0,0,0,0,0,0,0,0,0,0,0,0,1.82176e-05,0,0,0.000227894,0,0,3.9698e-05,0,0,0,5.62018e-05,0,5.00546e-05,0,3.4154e-05,0,0,0.000149903,0,0,0,3.94948e-05,0,0,0,3.41528e-05,0.000138734,0,0,0.000154566,0,0.000203691,0,0,0,0,5.68655e-05,0,0,8.65663e-05,0,0,0,5.16754e-05,0,0,0.000100894,0,0,0.000131545,0,0,5.70689e-05,0,0,0,0,0,0,0,0,0,0,0,0.000193073,0,5.29378e-05,0,0,0,0,0,0,2.75335e-05,0,0,0,0,0,0,0,7.94327e-05,0.000138848,0,0,3.93816e-05,0,0,0,0,0,0,0,5.31101e-05,0,0,0,0,0,0,0.000100634,0.000296839,0,0,0,0,0,0.000161201,0,0,0,0,0,0,0,0,0,0,0,0,0,0,0,0,0,0,0,0,0,3.41298e-05
"PWY-5198: factor 420 biosynthesis II (mycobacteria)",0,0,0,0,0,0,0,0,0,0,0,0,7.55198e-05,0,0,0,0,0,0,0,0,0,0,0,0,0,0,0,0,0,0,0,0,0,0,0,0,0,0,0,0,0,0,0,0,0,0,0,0,0,0,0,0,0.000148233,0,0,0,0,0,3.13324e-05,0,0,1.98591e-05,0,7.46314e-05,0,0,0,0,0,0,0,0,0,0,0,0,0,0,0,0,0,0,0,0.00012134,0,0,0,0,0,0,0,0,0,0,0,0,0,0,0,0,0,0,0,0,2.67004e-05,0,0,0,0,0,0,0,0,0,0,0,0,0,0,0,2.61304e-05,0,0,0,0,0,2.01065e-05,0,0,0,0,0,0,0,0,0,3.57373e-05,0,0,0,0,0,0,0,0,0,0,0,0,0,0,0,0,0,5.20373e-05
"PWY-5209: methyl-coenzyme M oxidation to CO2",0,0,0,0,0,0,0,0,0,0,0,0,5.28408e-05,0,0,0,0,0,0,0,0,0,0,0,0,0,0,0,0,0,0,0,0,0,0,0,0,0,0,0,0,0,0,0,0,0,0,0,0,0,0,0,0,0.00012414,0,0,0,0,0,3.06541e-05,0,0,2.1523e-05,0,6.94656e-05,0,0,0,0,0,0,0,0,0,0,0,0,0,0,0,0,0,0,0,0.000100414,0,0,2.4928e-05,0,0,0,0,0,0,0,0,0,0,0,2.63356e-05,0,0,0,0,0,0,0,0,0,0,0,0,0,3.89601e-05,0,0,0,0,0,0,0,3.31497e-05,0,0,0,0,0,1.46816e-05,0,0,0,0,0,0,0,0,0,0,0,0,0,0,0,0,0,0,0,0,0,0,0,0,0,0,0,4.25376e-05
"PWY-5265: peptidoglycan biosynthesis II (staphylococci)",0,0,0,0,0,0,0,0,0,0,0,0,0,0,0,0,0,0,0,0,0,0,0,0,0,0,0,0,0,0,0,0,0,0,0,0,0,0,0,0,0,0,0,0.000138892,0,0,0,0,0,0,0,0,0,0,0,0,0,0,0,0,0,0,0,0,0,0,0,0,0,0,0,0,0,0,0,0,0,0,0,0,0.000131286,0,0,0,0,0,0,0,0,0,0,0,0,0,0,0,0,0,0,0,0,0,0,0,0,0,0,0,0,0,0,0,0,0,0,0,0,0,0,0,0,0,0,0,0,0,0,0,0,0,0,0,0,0,0,0.000160307,0,0,0,0,0,0,0,0,0,0,0,0,0,0,0,0,0,0,0,0
"PWY-5306: superpathway of thiosulfate metabolism (Desulfovibrio sulfodismutans)",0,0,0,0,0,0,0,0,0,0,0,0,0,0,0,0,0,0,0,0,0,0,0,0,0,0,0,0,0,0,0,0,0,0,0,0,0,0,0,0,0,0,0,0,0,0,0,0,0,0,0,0,0,0,0,0,0,0,0,0,0,0,0,0,0,0,0,0,0,0,0,0,0,0,0,0,0,0,0,0,0,0,0,0,0,0,0,0,0,0,0,0,0,0,0,0,0,0,0,0,0,0,0,0,0,0,0,0,0,0,0,0,0,0,0,0,0,0,0,0,0,0,0,0,0,0,0,0,0,0,0,0,0,0,0,0,0,0,0,0,0,0,0,0,0,0,0,0,0,0,0,0,0,0,0,0
"PWY-5345: superpathway of L-methionine biosynthesis (by sulfhydrylation)",0,0,0,0,0,0,0,0,0.000242175,0,0,0.000112117,0,0,0,0,0,0,0,0,0,0,0,0,0,0,0.00015037,0.00018643,0,0.000151104,0,8.64706e-05,0,0,0,9.76019e-05,0.000181514,0,0.00019631,0,6.71903e-05,0,0,0.000231234,0,0,0,0,7.42085e-05,0,0,0,0.000267046,0,0,0.000201909,0,0.000273595,0,6.88935e-05,7.05838e-05,0,0,0,0,0.000124106,0,0,0,0,0,0,0.000177109,0,0,0.000235222,0,0,0.000122052,0,0,0,0,0,0,0,0,0,0,0,0.00020743,0,0,9.6555e-05,0,6.32188e-05,0,0,0,2.56903e-05,0,0,0,0,0,0,0,0.000251728,0.000139629,0,0,9.92486e-05,0,7.42051e-05,0,0,0.000300132,9.99328e-05,0,0.000108824,0,0,0,0,0.000100198,0,0.000212642,0.000200615,6.33057e-05,0,0,7.29075e-05,0,0,0,0.000222214,0,0,0,0,0.000108716,0,5.24955e-05,0,0,0,5.2036e-05,0,0,0,0,0,0,0,0,0
"PWY-5347: superpathway of L-methionine biosynthesis (transsulfuration)",0,0,0,0,0,0,0,0,0.00033434,0,0,0.000131889,0,0,0,0,0,0,0,0,0,0,0,0,0,0,6.09132e-05,0.000145193,0,0.00032287,0,5.3053e-05,0,0,0,0,0.000136878,0,9.45811e-05,0,0.000108667,0,0,0.00029334,0.000117762,0,0,0,0,0,0,7.64342e-05,0.000205728,0,6.2974e-05,0.000371765,0,0.000219283,0,4.8589e-05,0,0,5.42205e-05,0,0,0.000117911,0,0,0,0,0,0,0.000196848,0,0,0.000197212,0,0,0.000118626,0,0,0,0,0,0,0,0,0,0,0,0.000332718,0,0,6.81668e-05,0,3.91896e-05,0,0,0,4.9646e-05,0,0,0,0,0,0,0,0.000204897,0.000146093,0,0,0,0,0,0,0,9.22969e-05,0,0,5.78896e-05,0,0,0,0,0,0,0.000198,0.00032253,0,0,0,0,0,0.000372732,0,0.000240196,0,0,0,0,9.39482e-05,0,0,0,0,0,0,0,0,0,0,0,0,7.0746e-05,0,0
"PWY-5367: petroselinate biosynthesis",0,0,0,0,5.21427e-05,0,0,7.08191e-05,4.30781e-05,0,0,5.9647e-05,0,0,4.08231e-05,4.5965e-05,0,7.88525e-05,0,0,0,0,0,0,0,0,0,0,0,9.99243e-05,0,0,0,0,0,0,4.67954e-05,3.99533e-05,0,0,0,4.29682e-05,0,8.30123e-05,0,0,0,0,5.46453e-05,4.02027e-05,4.90393e-05,0,7.53494e-05,0,0,0.000117771,0,9.45891e-05,0,0,0,0,0,0,1.44402e-05,5.97119e-05,0,0,0,0,0,0,5.10615e-05,0,0,0.000113212,0,0,3.82253e-05,0,5.10082e-05,0,7.44969e-05,0.000113274,0,0,0,0,0,7.70864e-05,0.000156453,0,0,0,0,0,0,0,0,0,0,0,0,0,8.25912e-05,0,0,6.96119e-05,4.36664e-05,0,3.70111e-05,0,0,0,0,5.2111e-05,2.8679e-05,0,0,0,0,0,0,0,0,0,0.00010215,0.000119368,0,0,0,0,0,0.000145371,0,0.000110212,0,0,0,0,0,0,0,0,0,0,0.000132345,0,0,0,0,0,0,0,0,0
"PWY-5384: sucrose degradation IV (sucrose phosphorylase)",0.000182502,0.000146742,7.36482e-05,0,0.000135148,0.000222494,0.000200529,0.000214871,0.00033799,0.00013015,6.08536e-05,0.000151983,0,0.000139544,7.93001e-05,6.96001e-05,4.14828e-05,0.000104435,9.47834e-05,3.32442e-05,0,0.000165144,0,5.53457e-05,3.79492e-05,0.00021318,0.000103303,0.000478267,0.000107215,0.00023693,0.000188604,6.7858e-05,0.000193124,0.000131809,0.000188268,0.00022237,0.000151012,0.000195361,0.000118581,0.00012393,5.08102e-05,0.000121589,4.24601e-05,0.000291094,0.000313926,0.000232046,6.21068e-05,0.000166894,0,0.000397508,0.000173526,9.52513e-05,0.000269807,0,0.000156607,0.000290713,0.000198799,0.000407725,0.000216082,0.000125964,0.000156247,8.63531e-05,0.000200046,0,0,4.02822e-05,0.000179419,0.000123211,0.000103609,9.85481e-05,3.26475e-05,0.000150761,0.000126691,5.76381e-05,0,0.000302516,9.2989e-05,0,0.00011727,0.000303211,0.000301373,0.000123818,8.08248e-05,4.0681e-05,7.8113e-05,8.55498e-05,0.000370754,0.000279119,0.000101533,0.000622688,0.000205388,0.000337336,5.37712e-05,0.0001546,9.87785e-05,3.01243e-05,3.35228e-05,7.35707e-05,0,3.41343e-05,0.000280778,0.000437488,9.40008e-05,9.47056e-05,0,9.37853e-05,5.94854e-05,0.000185833,0.000202712,0,0.000451243,9.48496e-05,0.000114715,6.82608e-05,8.44541e-05,0.000247802,0.000255759,4.96643e-05,9.77736e-05,0.000111671,6.69577e-05,4.40672e-05,0,0.000205246,7.04957e-05,0,0.000273415,0.000290349,4.50979e-05,2.06689e-05,6.67768e-05,0.000199374,5.65671e-05,0.000215651,0,0.000154686,8.01375e-05,3.80103e-05,0,0,0.00014931,0.000155196,0.000141298,4.79465e-05,9.72993e-05,0,8.15722e-05,6.38181e-05,0,7.76314e-05,0,0,0,0.000195371,0.000125899,5.03844e-05
"PWY-5392: reductive TCA cycle II",0,0,0,0,0,0,0,0,0,0,0,0,0,0,0,0,0,0,0,0,0,0,0,0,0,0,0,0,0,0,0,0,0,0,0,0,0,0,0,0,0,0,0,0,0,0,0,0,0,0,0,0,0,0,0,0,0,0,0,0,0,0,0,0,0,0,0,0,0,0,0,0,0,0,0,0,0,0,0,0,0,0,0,0,0,0,0,0,0,0,0,0,0,0,0,0,0,0,0,0,0,0,0,0,0,0,0,0,0,0,0,0,0,0,0,0,0,0,0,0,0,0,0,0,0,0,0,0,0,0,0,0,0,0,0,0,0,0,0,0,0,0,0,0,0,0,0,0,0,0,0,0,0,0,0,0
"PWY-5415: catechol degradation I (meta-cleavage pathway)",0,0,0,0,0,0,0,0,0,0,0,0,0,0,0,0,0,0,0,0,0,0,0,0,0,0,0,0,0,0,0,0,0,0,0,0,0,0,0,0,0,0,0,0,0,0,0,0,0,0,0,0,0,0,0,0,0,0,0,0,0,0,0,0,0,0,0,0,0,0,0,0,0,0,0,0,0,0,0,0,0,0,0,0,0,0,0,0,0,0,0,0,0,0,0,0,0,0,0,0,0,0,0,0,0,0,0,0,0,0,0,0,0,0,0,0,0,0,0,0,0,0,0,0,0,0,0,0,0,0,0,0,0,0,0,0,0,0,0,0,0,0,0,0,0,0,0,0,0,0,0,0,0,0,0,0
"PWY-5417: catechol degradation III (ortho-cleavage pathway)",0,0,0,0,0,0,0,0,0,0,0,0,0,0,0,0,0,0,0,0,0,0,0,0,0,0,0,4.17037e-05,0,0,0,0,0,0,0,0,0,0,4.5298e-05,0,0,0,0,0,0,0,0,0,0,0,0,0,0,0,0,0,0,0,0,0,0,0,0,0,0,0,0,0,0,0,0,0,0,0,0,0,0,0,0,0,0,0,0,0,0,0,0,0,0,0,0,0,0,0,0,0,0,0,0,0,0,0,0,0,0,0,0,0,0,0,0,0,0,0,0,0,5.08876e-05,0,0,0,0,0,0,0,0,0,0,0,0,0,0,0,0,0,0,0,0,0,0,0,0,0,0,0,0,0,0,0,0,0,0,0,0,0,0,0
"PWY-5419: catechol degradation to 2-hydroxypentadienoate II",0,0,0,0,0,0,0,0,0,0,0,0,0,0,0,0,0,0,0,0,0,0,0,0,0,0,0,0,0,0,0,0,0,0,0,0,0,0,0,0,0,0,0,0,0,0,0,0,0,0,0,0,0,0,0,0,0,0,0,0,0,0,0,0,0,0,0,0,0,0,0,0,0,0,0,0,0,0,0,0,0,0,0,0,0,0,0,0,0,0,0,0,0,0,0,0,0,0,0,0,0,0,0,0,0,0,0,0,0,0,0,0,0,0,0,0,0,0,0,0,0,0,0,0,0,0,0,0,0,0,0,0,0,0,0,0,0,0,0,0,0,0,0,0,0,0,0,0,0,0,0,0,0,0,0,0
"PWY-5420: catechol degradation II (meta-cleavage pathway)",0,0,0,0,0,0,0,0,0,0,0,0,0,0,0,0,0,0,0,0,0,0,0,0,0,0,0,0,0,0,0,0,0,0,0,0,0,0,0,0,0,0,0,0,0,0,0,0,0,0,0,0,0,0,0,0,0,0,0,0,0,0,0,0,0,0,0,0,0,0,0,0,0,0,0,0,0,0,0,0,0,0,0,0,0,0,0,0,0,0,0,0,0,0,0,0,0,0,0,0,0,0,0,0,0,0,0,0,0,0,0,0,0,0,0,0,0,0,0,0,0,0,0,0,0,0,0,0,0,0,0,0,0,0,0,0,0,0,0,0,0,0,0,0,0,0,0,0,0,0,0,0,0,0,0,0
"PWY-5431: aromatic compounds degradation via &beta;-ketoadipate",0,0,0,0,0,0,0,0,0,0,0,0,0,0,0,0,0,0,0,0,0,0,0,0,0,0,0,4.17037e-05,0,0,0,0,0,0,0,0,0,0,4.5298e-05,0,0,0,0,0,0,0,0,0,0,0,0,0,0,0,0,0,0,0,0,0,0,0,0,0,0,0,0,0,0,0,0,0,0,0,0,0,0,0,0,0,0,0,0,0,0,0,0,0,0,0,0,0,0,0,0,0,0,0,0,0,0,0,0,0,0,0,0,0,0,0,0,0,0,0,0,0,5.08876e-05,0,0,0,0,0,0,0,0,0,0,0,0,0,0,0,0,0,0,0,0,0,0,0,0,0,0,0,0,0,0,0,0,0,0,0,0,0,0,0
"PWY-5464: superpathway of cytosolic glycolysis (plants), pyruvate dehydrogenase and TCA cycle",0,0,0,0,0,0,0,0,0,0,0,0,0,0,0,0,0,0,0,0,0,0,0,0,0,0,0,0,0,0,0,0,0,0,0,0,0,0,0,0,0,0,0,0,0,0,0,0,0,0,0,0,0,0,0,0,0,0,0,0,0,0,0,0,0,0,0,0,0,0,0,0,0,0,0,0,0,0,0,0,0,0,0,0,0,0,0,0,0,0,0,0,0,0,0,0,0,0,0,0,0,0,0,0,0,0,0,0,0,0,0,0,0,0,0,0,0,0,0,0,0,0,0,0,0,0,0,0,0,0,0,0,0,0,0,0,0,0,0,0,0,0,0,0,0,0,0,0,0,0,0,0,0,0,0,0
"PWY-5484: glycolysis II (from fructose 6-phosphate)",0.000258528,0.000196881,0,0.000161416,0.000109255,0.000214283,0.00027869,0.00022123,0.000313031,0,0.000114791,0.000293433,0.000165907,0,0.000175684,0,0.000197325,0.000106228,8.87651e-05,0.000166313,0.000141059,0,0.00010506,0.000142619,8.64669e-05,0.000245769,0.000202626,0.000268951,0.000144693,0.000321399,0.000159435,0.000143575,0.00017711,0.00015,7.82168e-05,0.000148445,0.000314042,0,0.000284034,0.000103819,0.000167162,0,0,0.000334635,0,0.000306035,9.6583e-05,0.000226039,0,0.000359239,0.000211815,0.000334566,0.000327093,0.000176406,0.000179108,0.000408071,4.98899e-05,0.00034333,5.55808e-05,0.000178697,8.43666e-05,0,0.000277322,0,0.000197715,0.000185089,0.000198469,0.00020688,0.000198462,0.000139021,0.000120313,8.38584e-05,0.00029409,9.90284e-05,9.42689e-05,0.00034774,0.000257985,0.000158167,0.000190501,0.000373049,0.00030515,6.6777e-05,0,0,0.00028237,0.000130926,0.00031613,0.000241191,0.000131633,0.000385911,0.000364197,0.000311038,7.90165e-05,0.000183865,0.000154976,0.00012339,0,8.69408e-05,0,0.00019398,0.000367112,0.000160674,0,0.000132839,0,0.000167995,0,0.000243261,0.000279432,0,0.000448129,0.000237698,0.000302838,0.000141686,0.000186926,8.99044e-05,0.000179144,0,0.000168461,0.000118826,9.95899e-05,9.99584e-05,0.000123344,0.000133642,0.000267546,5.11753e-05,0.000314985,0.000367195,0.000143573,5.3965e-05,0.000158278,8.04551e-05,0.000115029,0.000353654,0.000126645,0.000332085,9.82246e-05,0.000191735,0.000100091,0.000183584,0.000241016,5.42751e-05,0.000182729,0,0.000190775,0.000111517,8.16638e-05,0.00020658,0.000232241,8.21869e-05,0,0.000178618,0,0.000223206,8.75261e-05,0.000145439
"PWY-5494: pyruvate fermentation to propanoate II (acrylate pathway)",0,0,0,0,0,0,0,0,0,0,0,0,0,0,0,0,0,0,0,0,0,0,0,0,0,0,0,0,0,0,0,0,0,0,0,0,0,0,0,0,0,0,0,0,0,0,0,0,0,0,0,0,0,0,0,0,0,0,0,0,0,0,0,0,0,0,0,0,0,0,0,0,0,0,0,0,0,0,0,0,0,0,0,0,0,0,0,0,0,0,0,0,0,0,0,0,0,0,0,0,0,0,0,0,0,0,0,0,0,0,0,0,0,0,0,0,0,0,0,0,0,0,0,0,0,0,0,0,0,0,0,0,0,0,0,0,0,0,0,0,0,0,0,0,0,0,0,0,0,0,0,0,0,0,0,0
"PWY-5497: purine nucleobases degradation II (anaerobic)",0,0,0,0,0,0,0,0,7.1508e-05,0,0,0,0,0,0,0,0,0,0,0,0,0,0,0,0,0,7.55948e-05,4.49776e-05,0,0.000175759,0,0,0,0,0,0,0.000104642,0,0,0,0,0,0,9.48224e-05,0,0,0,0,0,0,0,0,8.33554e-05,0,0,0,0,0,0,0,0,0,0,0,0,5.46589e-05,0,0,0,0,0,0,3.45897e-05,0,0,0.000129142,0,0,4.37378e-05,0,0,0,0,0,0,0,0,0,0,0,0.000156606,0,0,0,0,0,0,0,0,0,0,0,0,0,0,0,0,1.11161e-05,0,0,0,0,0,0,0,0,0,0,0,0,0,0,0,0,4.43497e-05,0,0.000212481,0.000132794,0,0,0,0,0,6.50104e-05,0,2.65147e-05,0,0,0,0,7.59983e-05,0,0,0,0,0,0,0,0,0,0,0,0,0,0,0
"PWY-5505: L-glutamate and L-glutamine biosynthesis",0,0,0,0,0,0,0,0,4.3781e-05,0,0,0,0,0,0,5.59675e-05,0,0,0,0,0,0,0,0,0,0,0,0,8.54042e-05,0,0,0,0,0,0,4.50762e-05,9.87327e-05,0,7.90895e-05,0,5.7003e-05,0,0,8.98928e-05,0,0,0,0,0,4.49358e-05,0,0,4.11708e-05,0,5.69148e-05,0,0,0.000102314,0,0,4.56946e-05,0,2.90096e-05,0,0,5.24204e-05,0,0,0,0,0,0,7.39322e-05,0.000108721,0,0,3.40418e-05,0,7.03473e-05,0,0,0,0,0,0,3.3176e-05,0,0,0,0,3.57238e-05,0,0,0,0,0,0,5.58465e-05,0,0,0,0,0,0,0,0,0,0.000100927,5.57577e-05,0,0,8.50402e-05,0,0,0,0,4.60293e-05,0,0,0,5.35723e-05,0,0,0,6.38421e-05,0,0.000146423,0,5.31216e-05,4.93536e-05,0,0,0,0,4.78497e-05,3.92229e-05,0,0,3.92704e-05,0,9.83881e-05,6.48049e-05,4.17959e-05,0,0,0,0,4.55323e-05,0,0,8.86076e-05,0,4.97523e-05,0,6.11417e-05,0
"PWY-5514: UDP-N-acetyl-D-galactosamine biosynthesis II",0,0,0,0,0,0,0,0,0,0,0,0,0,0,0,0,0,0,0,0,0,0,0,0,0,0,0,0,0,0,0,0,0,0,0,0,0,0,0,0,0,0,0,0,0,0,0,0,0,0,0,0,0,0,0,0,0,0,0,0,0,0,0,0,0,0,0,0,0,0,0,0,0,0,0,0,0,0,0,0,0,0,0,0,0,0,0,0,0,0,0,0,0,0,0,0,0,0,0,0,0,0,0,0,0,0,0,0,0,0,0,0,0,0,0,0,0,0,0,0,0,0,0,0,0,0,0,0,0,0,0,0,0,0,0,0,0,0,0,0,0,0,0,0,0,0,0,0,0,0,0,0,0,0,0,0
"PWY-5531: 3,8-divinyl-chlorophyllide a biosynthesis II (anaerobic)",0,0,0,0,0,0,0,0,0,0,0,0,0,0,0,0,0,0,0,0,0,0,0,0,0,0,0,0,0,0,0,0,0,0,0,0,0,0,0,0,0,0,0,0,0,0,0,0,0,0,0,0,0,0,0,0,0,0,0,0,0,0,0,0,0,0,0,0,0,0,0,0,0,0,0,0,0,0,0,0,0,0,0,0,0,0,0,0,0,0,0,0,0,0,0,0,0,0,0,0,0,0,0,0,0,0,0,0,0,0,0,0,0,0,0,0,0,0,0,0,0,0,0,0,0,0,0,0,0,0,0,0,0,0,0,0,0,0,0,0,0,0,0,0,0,0,0,0,0,0,0,0,0,0,0,0
"PWY-561: superpathway of glyoxylate cycle and fatty acid degradation",0,0,0,0,0,0,0,0,0.000196761,0,0,9.14899e-05,0,0,0,0,0,0,0,0,0,0,0,0,0,0,5.60363e-05,4.24442e-05,0,0.000351543,0,0,0,0,0,0,8.8319e-05,0,0.000129506,0,3.90422e-05,0,0,0.000265016,0,0,0,0,0,0,0,0,0.000150063,0,0,0.000295655,0,0.000103394,0,0,0,0,0,0,0,9.08256e-05,0,0,0,0,0,0,0.000131058,0,0,0.000185277,0,0,7.8982e-05,0,0,0,0,0,0,0,0,0,0,0,0.000239474,0,0,0,0,0,0,0,0,0,0,0,0,0,0,0,0,9.75752e-05,2.91132e-05,0,0,4.74296e-05,0,0,0,0,9.75775e-05,0,0,0,0,0,0,0,0,0,0.000121592,0.000212378,0,0,0,0,0,0.000276684,0,0,0,0,0,0,4.78032e-05,0,0,0,0,0,0,0,0,0,0,0,0,0,0,0
"PWY-5647: 2-nitrobenzoate degradation I",0,0,0,0,0,0,0,0,0,0,0,0,0,0,0,0,0,0,0,0,0,0,0,0,0,0,0,0,0,0,0,0,0,0,0,0,0,0,0,0,0,0,0,0,0,0,0,0,0,0,0,0,0,0,0,0,0,0,0,0,0,0,0,0,0,0,0,0,0,0,0,0,0,0,0,0,0,0,0,0,0,0,0,0,0,0,0,0,0,0,0,0,0,0,0,0,0,0,0,0,0,0,0,0,0,0,0,0,0,0,0,0,0,0,0,0,0,0,0,0,0,0,0,0,0,0,0,0,0,0,0,0,0,0,0,0,0,0,0,0,0,0,0,0,0,0,0,0,0,0,0,0,0,0,0,0
"PWY-5651: L-tryptophan degradation to 2-amino-3-carboxymuconate semialdehyde",0,0,0,0,0,0,0,0,0,0,0,0,0,0,0,0,0,0,0,0,0,0,0,0,0,0,0,0,0,0,0,0,0,0,0,0,0,0,0,0,0,0,0,0,0,0,0,0,0,0,0,0,0,0,0,0,0,0,0,0,0,0,0,0,0,0,0,0,0,0,0,0,0,0,0,0,0,0,0,0,0,0,0,0,0,0,0,0,0,0,0,0,0,0,0,0,0,0,0,0,0,0,0,0,0,0,0,0,0,0,0,0,0,0,0,0,0,0,0,0,0,0,0,0,0,0,0,0,0,0,0,0,0,0,0,0,0,0,0,0,0,0,0,0,0,0,0,0,0,0,0,0,0,0,0,0
"PWY-5654: 2-amino-3-carboxymuconate semialdehyde degradation to 2-hydroxypentadienoate",0,0,0,0,0,0,0,0,0,0,0,0,0,0,0,0,0,0,0,0,0,0,0,0,0,0,0,0,0,0,0,0,0,0,0,0,0,0,0,0,0,0,0,0,0,0,0,0,0,0,0,0,0,0,0,0,0,0,0,0,0,0,0,0,0,0,0,0,0,0,0,0,0,0,0,0,0,0,0,0,0,0,0,0,0,0,0,0,0,0,0,0,0,0,0,0,0,0,0,0,0,0,0,0,0,0,0,0,0,0,0,0,0,0,0,0,0,0,0,0,0,0,0,0,0,0,0,0,0,0,0,0,0,0,0,0,0,0,0,0,0,0,0,0,0,0,0,0,0,0,0,0,0,0,0,0
"PWY-5656: mannosylglycerate biosynthesis I",0,0,0,0,0,0,0,0,9.19644e-05,0,0,2.72202e-05,0,0,0,0,0,0,0,0,0,0,0,0,0,0,0,0,0,0.000214066,0,0,0,0,0,0,2.47364e-05,0,0,0,0,0,0,8.2949e-05,0,0,0,0,0,0,0,0,9.1911e-05,0,0,0.000165898,0,6.95248e-05,0,0,0,0,0,0,0,4.82429e-05,0,0,0,0,0,0,9.00074e-05,0,0,0.000159753,2.58369e-05,0,3.1144e-05,0,0,0,0,0,0,2.25542e-05,0,0,0,0,0.000223575,0,0,0,0,0,0,0,0,0,0,0,0,0,0,0,0,0,5.44177e-05,0,0,0,0,0,0,0,0,0,0,0,0,0,0,0,0,0,6.7305e-05,0.000289081,0,0,0,0,0,0.000156722,0,0,0,0,0,0,0,0,0,0,0,0,1.73862e-05,0,0,0,0,0,0,0,0,0
"PWY-5659: GDP-mannose biosynthesis",0.000142072,6.25265e-05,5.63746e-05,0,0.000166667,0.000157539,0,8.11609e-05,0.0001646,9.24595e-05,5.11723e-05,3.48442e-05,0,7.23397e-05,0.000185493,5.46126e-05,0.000101283,0.000103041,0.000119849,7.77099e-05,0,0.000119782,6.00084e-05,0,0,9.09124e-05,8.68262e-05,8.00438e-05,4.30277e-05,0.000283358,6.26057e-05,0.000118817,5.23448e-05,0.000131118,9.68917e-05,0.000176941,0.000123827,0.000138146,0.000134783,8.76056e-05,6.32918e-05,9.3671e-05,6.25452e-05,0.000195575,6.00878e-05,3.12225e-05,5.16684e-05,5.02248e-05,7.62248e-05,0.000108518,4.19452e-05,0.000167087,0.000157211,0,8.34979e-05,0.000313193,0.00024545,0.000179782,3.79964e-05,8.31934e-05,7.70622e-05,7.45712e-05,7.81322e-05,4.44692e-05,2.59193e-05,0.000100738,5.29984e-05,0.000100818,0,3.81372e-05,0.000144822,0.000101724,0.00021639,0.000158877,0,0.000184785,8.89422e-05,0,0.00014481,9.63572e-05,3.61262e-05,6.36557e-05,0.000130479,8.70536e-05,4.00767e-05,6.79956e-05,0.000186475,5.05317e-05,0.000100871,8.73945e-05,0.000309788,0.000164018,0,9.68359e-05,0,6.40638e-05,8.296e-05,0.000185672,0.000177658,9.53682e-05,6.03959e-05,0,0.000143391,8.09506e-05,2.66158e-05,2.84545e-05,0.000179321,7.93184e-05,7.99524e-05,0,0,8.63643e-05,0.000118419,2.42441e-05,0.000110439,7.86738e-05,0.000112109,0.000127875,8.56377e-05,1.63415e-05,5.08246e-05,3.86778e-05,0.000175184,0.000198645,5.55595e-05,4.62651e-05,0.000201996,0.000297921,3.61732e-05,5.69529e-05,4.22307e-05,3.24555e-05,2.46354e-05,0.000288585,0.000103952,0.000111342,9.33642e-05,4.46547e-05,0,0.000120162,0.000107851,0.000134893,3.21062e-05,0.000329879,0.000117115,0.000148753,5.6297e-05,3.24787e-05,0.000144527,9.07325e-05,6.96624e-05,7.2813e-05,7.22091e-05,0.000117366,3.83187e-05,0
"PWY-5667: CDP-diacylglycerol biosynthesis I",0.000419999,0.000253659,0.00043339,0.000242567,0.000456315,0.000333576,0.000414608,0.000311804,0.000448281,0.000311314,0.000205487,0.000306495,0.000157074,0.000391472,0.000472076,0.00034238,0.000260636,0.00036264,0.000311126,0.000183731,0.000268784,0.000331649,0.00019368,0.000190873,0.000204396,0.000434809,0.000524586,0.000185239,0.000369389,0.000345154,0.000482816,0.00038113,0.000559046,0.00028462,0.000465471,0.000207385,0.000267805,0.000524432,0.000219139,0.000233363,0.000205407,0.00036059,0.000408046,0.000349024,0.000420055,0.000440436,0.00024707,0.000366583,0.00030614,0.00036942,0.000317955,0.000290684,0.000344433,0.000258034,0.000100527,0.00042927,0.000473966,0.000404073,0.00048504,0.000250325,0.000125412,0.000619808,0.000181425,0.000439999,0.000150708,0.000222063,0.000278148,0.000393064,0.000345849,0.000100574,0.000212341,0.000276458,0.000261092,0.000246749,0.00020919,0.000322189,0.000239678,6.25608e-05,0.000175224,0.000359618,0.000210149,0.000182766,0.00043847,0.00054626,6.33431e-05,0.000272622,0.000331972,0.000136764,0.000264321,0.000227665,0.000410002,0.000311776,0.000346151,0.000568819,0.000459802,0.000137625,0.000362024,0.000426501,0.000466546,0.00022641,0.000231994,0.000447913,0.000446209,0.000399419,0.000295011,0.000145315,0.000187352,0.000293324,0.000267768,0.000204247,0.000284314,0.000344538,0.000542712,0.000222043,0.000293109,0.000370017,0.00034549,0.000302077,0.000279203,0.000153913,0.000411909,7.19202e-05,0.000142899,0.000270983,0.000265352,0.000172795,0.000397482,0.000383665,0.000290496,0.000269276,0.000187928,0.00025737,7.4792e-05,0.00039715,0.000296316,0.000282583,0.000387773,0.000302435,0.000220303,0.000184495,0.000398009,0.00029162,0.000258851,0.000401263,0.000246739,0.000282201,0.000281519,0.000318587,0.000300977,0.000169203,0.000212904,0.000405744,0.000324755,0.000398823,0.000295646,0.000168712
"PWY-5675: nitrate reduction V (assimilatory)",0,0,0,0,0,0,0,0,0.00030791,0,0,0.000124114,0,0,0,0,0,0,0,0,0,0,0,0,0,0,6.50724e-05,0,0,0.000328345,0,0,0,0,0,2.24949e-05,0.000103458,0,9.86344e-05,0,4.74247e-05,0,0,0.000209777,0,0,0,0,0,0,0,0,0.000213153,0,6.71365e-05,0.000180267,0,0.000107969,0,0,0,0,4.36682e-05,0,0,9.88034e-05,0,0,0,0,0,0,0.000170875,0,0,0.000261031,0,0,7.91811e-05,0,0,0,0,0,0,0,0,0,0,0,0.000257022,0,0,0,0,0,0,0,0,0,0,0,0,0,0,0,0,8.85553e-05,5.02828e-05,0,0,3.14659e-05,0,0,0,0,5.01201e-05,0,0,6.53806e-05,0,0,0,0,0,0,0.000158526,0.000453336,0,0,0,0,0,0.000202339,0,0.000101007,0,6.9476e-05,0,0,0,0,0,0,0,0,4.25234e-05,0,0,0,0,0,0,0,0,0
"PWY-5676: acetyl-CoA fermentation to butanoate II",0.000157311,7.63689e-05,0.00012259,0,7.82662e-05,3.67654e-05,7.91835e-05,4.26087e-05,0,0.000134223,0,0.000122064,0,0,0.000150519,3.69942e-05,6.31671e-05,8.9666e-05,4.32399e-05,0,0,0.00012511,0,0,3.86715e-05,0,0.000156471,3.05524e-05,0.000135685,7.23401e-05,0.000129459,7.94989e-05,0,3.25911e-05,0.000413234,5.45369e-05,0.000106056,0.000175646,0,0,3.28985e-05,0.000102796,0,0.00012712,0.000125926,0,0,0.000171875,0,3.51614e-05,0,4.41451e-05,0.000188885,3.11994e-05,0.000111745,8.9883e-05,0.000254851,0,0.000445487,3.32296e-05,0,0.000143143,0.00013509,4.413e-05,0,6.46248e-05,0.000178588,5.45491e-05,0,0,0,0,1.42508e-05,0,0,7.73026e-05,0,0,8.27023e-05,7.49498e-05,4.91037e-05,0,0.000180139,0,0,6.02273e-05,0.000135387,9.2442e-05,7.89967e-05,8.24032e-05,5.4196e-05,0.000127574,4.34984e-05,4.3117e-05,0.000147677,4.3151e-05,5.58079e-05,4.25331e-05,0.000150704,0,0,0.000497423,6.53999e-05,8.76046e-05,3.50297e-05,5.29537e-05,8.37857e-05,0.000151583,3.35796e-05,0,8.82893e-05,8.71675e-05,0.000117929,0,0,5.36429e-05,5.48272e-05,0,9.61084e-05,6.37387e-05,0,0,0,4.17775e-05,7.31091e-05,0,0,9.56193e-05,0,0,0,4.33991e-05,0,0,3.21127e-05,0.000161463,0,8.23321e-06,3.279e-05,0,0.000184673,0,6.12858e-05,0,2.50378e-05,4.92255e-05,0.000100342,0,0,0,0,3.16285e-05,0,3.21614e-05,0,0
"PWY-5677: succinate fermentation to butanoate",0,0,0,0,0,0,0,0,0,0,0,0,0,0,0,0,0,0,0,0,0,0,0,0,0,0,0,0,0,0,0,0,0,0,0,0,0,0,0,0,0,0,0,0,0,0,0,0,0,0,0,0,0,0,0,0,0,0,0,0,0,0,0,0,0,0,0,0,0,0,0,0,0,0,0,0,0,0,0,0,0,0,0,0,0,0,0,0,0,0,0,0,0,0,0,0,0,0,0,0,0,0,0,0,0,0,0,0,0,0,0,0,0,0,0,0,0,0,0,0,0,0,0,0,0,0,0,0,0,0,0,0,0,0,0,0,0,0,0,0,0,0,0,0,0,0,0,0,0,0,0,0,0,0,0,0
"PWY-5686: UMP biosynthesis I",0.000405697,0.000342164,0.000426099,0.000490563,0.000542155,0.00063525,0.000578081,0.000534231,0.000374938,0.000353761,0.000348714,0.000439376,0.000278149,0.000466284,0.000624796,0.000625388,0.000513445,0.000489318,0.000520277,0.000156837,0.00016719,0.000552881,0.000279823,0.000312506,0.000261073,0.000546842,0.000596273,0.000507664,0.000492593,0.000210907,0.000565834,0.000439389,0.000612926,0.000507868,0.000464257,0.00038941,0.000233067,0.00044309,0.000364755,0.000279666,0.000259761,0.000492478,0.000304275,0.000298941,0.000433396,0.000538364,0.000406814,0.000515169,0.000280068,0.00061287,0.000520685,0.000441299,0.000323008,0.000429235,0.000321029,0.000348839,0.00051663,0.000474112,0.000607826,0.000371417,0.000188679,0.000652183,0.000303156,0.000475909,0.000349781,0.000204283,0.000453406,0.000531624,0.000405085,0.000345368,0.000298899,0.000346307,0.00027625,0.000260117,0.000159167,0.00036155,0.000397156,0.000278816,0.000255065,0.000650728,0.000548699,0.000303011,0.000482228,0.000655368,0.000460698,0.000253452,0.00067487,0.000290039,0.000397727,0.000645018,0.000202109,0.000429691,0.000486294,0.000622287,0.000475822,0.000136681,0.000487755,0.000476321,0.000454077,0.000318681,0.000506272,0.000497805,0.000471665,0.000397175,0.000435049,0.000210131,0.000384325,0.000343265,0.000446658,0.000184581,0.000744318,0.000558699,0.000459614,0.000348767,0.000372696,0.000592146,0.000468134,0.000355932,0.000361704,0.000388994,0.000542618,0.000205447,0.000223248,0.00039791,0.000329841,0.000181798,0.000382691,0.000245155,0.000370574,0.000250802,0.000286384,0.00042513,0.000420439,0.000229799,0.000312438,0.000300068,0.000400631,0.000261244,0.000444232,0.000535553,0.000436585,0.000486733,0.000370059,0.000515335,0.000335841,0.000435168,0.000352471,0.000291976,0.00042329,0.000283506,0.000368209,0.000366187,0.000337765,0.00044043,0.000305647,0.000175953
"PWY-5690: TCA cycle II (plants and fungi)",0,0,0,0,0,0,0,0,0,0,0,0,0,0,0,0,0,0,0,0,0,0,0,0,0,0,0,0,0,0,0,0,0,0,0,0,0,0,0,0,0,0,0,0,0,0,0,0,0,0,0,0,0,0,0,0,0,0,0,0,0,0,0,0,0,0,0,0,0,0,0,0,0,0,0,0,0,0,0,0,0,0,0,0,0,0,0,0,0,0,0,0,0,0,0,0,0,0,0,0,0,0,0,0,0,0,0,0,0,0,0,0,6.0161e-05,0,0,0,0,0,0,0,0,0,0,0,0,0,0,0,0,0,0,0,0,0,0,0,0,0,0,0,0,0,0,0,0,0,0,0,0,0,0,0,0,0,0,0
"PWY-5692: allantoin degradation to glyoxylate II",0,0,0,0,0,0,0,0,0,0,0,0,0,0,0,0,0,0,0,0,0,0,0,0,0,0,0,0,0,4.65684e-05,0,0,0,0,0,0,0,0,0,0,0,0,0,0,0,0,0,0,0,0,0,0,9.67743e-06,0,0,1.50055e-05,0,7.50913e-06,0,0,0,0,0,0,0,0,0,0,0,0,0,0,0,0,0,9.66527e-06,0,0,0,0,0,0,0,0,0,0,0,0,0,0,1.93133e-05,0,0,0,0,0,0,0,0,0,0,0,0,0,0,0,0,0,0,0,0,0,0,0,0,0,0,0,0,0,0,0,0,0,0,0,5.37772e-06,9.50602e-06,0,0,0,0,0,8.95313e-06,0,0,0,0,0,0,0,0,0,0,0,0,0,0,0,0,0,0,0,0,0,0
"PWY-5695: inosine 5'-phosphate degradation",0.000229744,4.89929e-05,0.000176534,0.000129043,0.000265757,0.000453173,0.000311856,0.000303965,0.00040623,8.9271e-05,0,0.000294186,0.000207848,0.000224239,0.000156947,0.000293951,0.000189707,0.000356089,4.98812e-05,0.000142952,5.4433e-05,0.000196986,0.000227789,7.45253e-05,8.67722e-05,0.00026748,0.000506684,0.00027136,0.000295952,0.000506003,0.000164106,0.000213013,0.000374143,0.000201757,0.000374524,0.000265783,0.000174545,0.000224635,0.000271789,9.997e-05,0.000282782,0.00010114,4.63791e-05,0.000324764,0.000354232,0.000177541,0.000112869,0.000147086,0.0001497,0.000338545,9.43066e-05,0.000197954,0.00043612,0.000257394,0.000156466,0.000445262,0.000416698,0.000331835,0.000431418,0.000240977,0.000156995,0.000176169,0.000199208,0.000265793,0.000170996,0.000293258,0.00031059,0.000267713,0.000250865,4.63701e-05,0.000292508,0.000311202,0.000287375,0.000241706,0.000142687,0.000366075,0.000294937,0.000131924,0.000202095,0.000381543,0.000210695,0.000264972,0.000357889,0.00034064,0.000212302,0.000189557,0.000401969,0.00015487,0,0.000376786,0.000445993,0.000235497,5.51938e-05,0.000246296,0.000293891,0.000138762,0.000118443,0.00014459,0.000325148,0.00020812,0.00019756,0.000437991,0.000232676,0.000203213,0.000253275,0.000140054,0.000155775,0.000375159,0.000178941,0,0.000273525,0.000358194,0.000243586,0.000228397,0.000215506,0.000365674,0.000326434,0.000137623,0.00020402,0.000139004,0.000180112,0.000220805,0.000154299,0.000334094,0.000277951,0.000148295,0.000519936,0.000337939,0.000156369,5.07609e-05,0.000135225,0.000241886,0.000310746,0.000481822,0.00026184,0.000334044,0.000139875,0.000261867,0.000361382,0.000265111,0.000397153,0.000302551,0.000197405,0.00054864,0.000246248,0.000369892,0.000198726,0.000222989,0.000388261,8.54656e-05,0.000148956,0.000249917,5.53389e-05,0.000377193,0.000259835,0.000213134
"PWY-5705: allantoin degradation to glyoxylate III",0,0,0,0,0,0,0,0,1.03415e-05,0,0,1.02923e-05,0,0,0,0,0,0,0,0,0,0,0,0,0,0,0,0,0,0.000118192,0,0,0,0,0,0,0,0,0,0,0,0,0,1.69542e-05,0,0,0,0,0,0,0,0,1.47283e-05,0,0,7.79756e-05,0,1.15519e-05,0,0,0,0,0,0,0,3.34209e-05,0,0,0,0,0,0,9.82765e-06,0,0,4.17248e-05,0,0,6.94245e-06,0,0,0,0,0,0,0,0,0,0,0,0.000111655,0,0,0,0,0,0,0,0,0,0,0,0,0,0,0,0,1.73654e-05,0,0,0,0,0,0,0,0,0,0,0,0,0,0,0,0,0,0,1.33026e-05,2.89853e-05,0,0,0,0,0,9.44129e-05,0,0,0,0,0,0,0,0,0,0,0,0,0,0,0,0,0,0,0,0,0,0
"PWY-5723: Rubisco shunt",0,0,0,0,0,0,0,0,0.000372164,0,0,0.000109284,0,0,0,0,0,0,0,0,0,0,0,0,0,0,0,0.000159993,0,0.000374982,0,0,0,0,0,8.27375e-05,0.000122789,0,0.000193341,0,9.34119e-05,0,0,0.000220289,7.19131e-05,0,0,0,7.46029e-05,0,0,0.000103929,0.000404643,0,0,0.000424021,0,0.000205265,0,8.59119e-05,0,0,0.000172831,6.07105e-05,0,0.00018817,0,0,0,0,0,0,0.000212564,0,0,0.000370236,0,0,0.000107515,0,0,0,0,0,0,5.55558e-05,0,0,0,0,0.000343311,0,0,0,5.96888e-05,7.221e-05,0,0,0,0,0,0,0,0,4.82137e-05,0,0,0.000276101,0.00010502,0,0,0,0,0,0,0,0.000122236,0,0,6.37495e-05,0,0,0,0,8.6027e-05,0,0.000261689,0.000335991,0,0,0,0,0,0.000401414,0,0.000192432,0,0,0,0,0,0,0,0,0,0,0,0,0,0,0,0,0,0,0,0
"PWY-5724: superpathway of atrazine degradation",0,0,0,0,0,0,0,0,0,0,0,0,0,0,0,0,0,0,0,0,0,0,0,0,0,0,0,0,0,0,0,0,0,0,0,0,0,0,0,0,0,0,0,0,0,0,0,0,0,0,0,0,0,0,0,0,0,0,0,0,0,0,0,0,0,0,0,0,0,0,0,0,0,0,0,0,0,0,0,0,0,0,0,0,0,0,0,0,0,0,0,0,0,0,0,0,0,0,0,0,0,0,0,0,0,0,0,0,0,0,0,0,0,0,0,0,0,0,0,0,0,0,0,0,0,0,0,0,0,0,0,0,0,0,0,0,0,0,0,0,0,0,0,0,0,0,0,0,0,0,0,0,0,0,0,0
"PWY-5742: L-arginine degradation IX (arginine:pyruvate transaminase pathway)",0,0,0,0,0,0,0,0,0,0,0,0,0,0,0,0,0,0,0,0,0,0,0,0,0,0,0,0,0,0,0,0,0,0,0,0,0,0,0,0,0,0,0,0,0,0,0,0,0,0,0,0,0,0,0,0,0,0,0,0,0,0,0,0,0,0,0,0,0,0,0,0,0,0,0,0,0,0,0,0,0,0,0,0,0,0,0,0,0,0,0,0,0,0,0,0,0,0,0,0,0,0,0,0,0,0,0,0,0,0,0,0,0,0,0,0,0,0,0,0,0,0,0,0,0,0,0,0,0,0,0,0,0,0,0,0,0,0,0,0,0,0,0,0,0,0,0,0,0,0,0,0,0,0,0,0
"PWY-5747: 2-methylcitrate cycle II",0,0,0,0,0,0,0,0,8.07722e-05,0,0,8.3834e-06,0,0,0,0,0,0,0,0,0,0,0,0,0,0,0,0,0,6.04913e-05,0,0,0,0,0,0,2.71051e-05,0,0,0,0,0,0,3.77691e-05,0,0,0,0,0,0,0,0,4.98455e-05,0,0,5.88862e-05,0,2.48161e-06,0,0,0,0,0,0,0,7.55864e-06,0,0,0,0,0,0,8.6601e-06,0,0,6.3291e-05,0,0,9.29271e-06,0,0,0,0,0,0,0,0,0,0,0,5.8753e-05,0,0,0,0,0,0,0,0,0,0,0,0,0,0,0,0,1.28192e-05,0,0,0,0,0,0,0,0,0,0,0,0,0,0,0,0,0,0,1.59119e-05,3.62866e-05,0,0,0,0,0,9.07304e-05,0,4.33704e-05,0,0,0,0,0,0,0,0,0,0,0,0,0,0,0,0,0,0,0,0
"PWY-5837: 2-carboxy-1,4-naphthoquinol biosynthesis",0,0,0,0,0,0,0,0,9.85401e-05,0,0,3.29306e-05,0,0,0,0,0,0,0,0,0,0,0,0,0,0,0,2.11808e-05,0,0.000187854,0,0,0,0,0,0,7.11571e-05,0,0.00012866,0,0,0,0,0.000159319,0,0,0,0,0,0,0,0,7.85243e-05,0,0,0.000167228,0,5.59581e-05,0,0,0,0,0,0,0,9.00774e-05,0,0,0,0,0,0,4.05746e-05,0,0,0.000129766,0,0,7.50335e-05,0,0,0,0,0,0,0,0,0,0,0,0.000187634,0,0,0,0,0,0,0,0,1.5893e-05,0,0,0,0,0,0,0,5.38211e-05,3.07795e-05,0,0,0,0,0,0,0,2.79875e-05,0,0,0,0,0,0,0,0,0,8.94763e-05,0.000234764,0,0,0,0,0,0.000139805,0,7.4428e-05,0,0,0,0,5.63455e-05,0,0,0,0,0,0,0,0,0,0,0,0,0,0,0
"PWY-5838: superpathway of menaquinol-8 biosynthesis I",0,0,0,0,0,0,0,0,0.000138582,0,0,7.12147e-05,0,0,0,0,0,0,0,0,0,0,0,0,0,0,0,5.35433e-05,0,0.000251241,0,0,0,0,0,0,0.000134384,0,0.000186537,0,0,0,0,0.000136709,0,0,0,0,0,0,0,0,0.000118724,0,0,0.000204385,0,8.20168e-05,0,0,0,0,0,0,0,9.52419e-05,0,0,0,0,0,0,8.21188e-05,0,0,0.000168493,0,0,0.000121072,0,0,0,0,0,0,0,0,0,0,0,0.000209814,0,0,0,0,0,0,0,0,3.78542e-05,0,0,0,0,0,0,0,7.33332e-05,0,0,0,0,0,0,0,0,5.99873e-05,0,0,0,0,0,0,0,0,0,0.000143487,0.000238753,0,0,0,0,0,0.000208572,0,9.92137e-05,0,0,0,0,5.80435e-05,0,0,0,0,0,0,0,0,0,0,0,0,0,0,0
"PWY-5840: superpathway of menaquinol-7 biosynthesis",0,0,0,0,0,0,0,0,0,0,0,0,0,0,0,0,0,0,0,0,0,0,0,0,0,0,0,0,0,0.000239786,0,0,0,0,0,0,0,0,0.000156878,0,0,0,0,0.000136354,0,0,0,0,0,0,0,0,0.000107746,0,0,0.000200334,0,7.05561e-05,0,0,0,0,0,0,0,7.40478e-05,0,0,0,0,0,0,0,0,0,0.000160464,0,0,9.72281e-05,0,0,0,0,0,0,0,0,0,0,0,0.000193499,0,0,0,0,0,0,0,0,0,0,0,0,0,0,0,0,6.9755e-05,0,0,0,0,0,0,0,0,3.34132e-05,0,0,0,0,0,0,0,0,0,4.5677e-05,0.000204737,0,0,0,0,0,0.000175151,0,9.47312e-05,0,0,0,0,0,0,0,0,0,0,0,0,0,0,0,0,0,0,0,0
"PWY-5845: superpathway of menaquinol-9 biosynthesis",0,0,0,0,0,0,0,0,0,0,0,0,0,0,0,0,0,0,0,0,0,0,0,0,0,0,0,0,0,0.000239786,0,0,0,0,0,0,0,0,0.000156878,0,0,0,0,0.000136354,0,0,0,0,0,0,0,0,0.000107746,0,0,0.000200334,0,7.05561e-05,0,0,0,0,0,0,0,7.40478e-05,0,0,0,0,0,0,7.31275e-05,0,0,0.000160464,0,0,9.72281e-05,0,0,0,0,0,0,0,0,0,0,0,0.000193499,0,0,0,0,0,0,0,0,0,0,0,0,0,0,0,0,6.9755e-05,0,0,0,0,0,0,0,0,3.34132e-05,0,0,0,0,0,0,0,0,0,0.000146437,0.000204737,0,0,0,0,0,0.000175151,0,9.47312e-05,0,0,0,0,5.33743e-05,0,0,0,0,0,0,0,0,0,0,0,0,0,0,0
"PWY-5850: superpathway of menaquinol-6 biosynthesis",0,0,0,0,0,0,0,0,0,0,0,0,0,0,0,0,0,0,0,0,0,0,0,0,0,0,0,0,0,0.000239786,0,0,0,0,0,0,0,0,0.000156878,0,0,0,0,0.000136354,0,0,0,0,0,0,0,0,0.000107746,0,0,0.000200334,0,7.05561e-05,0,0,0,0,0,0,0,7.40478e-05,0,0,0,0,0,0,0,0,0,0.000160464,0,0,9.72281e-05,0,0,0,0,0,0,0,0,0,0,0,0.000193499,0,0,0,0,0,0,0,0,0,0,0,0,0,0,0,0,6.9755e-05,0,0,0,0,0,0,0,0,3.34132e-05,0,0,0,0,0,0,0,0,0,4.5677e-05,0.000204737,0,0,0,0,0,0.000175151,0,9.47312e-05,0,0,0,0,0,0,0,0,0,0,0,0,0,0,0,0,0,0,0,0
"PWY-5855: ubiquinol-7 biosynthesis (early decarboxylation)",0,0,0,0,0,0,0,0,1.67859e-05,0,0,0,0,0,0,0,0,0,0,0,0,0,0,0,0,0,0,3.99145e-05,0,3.81204e-05,0,0,0,0,0,0,4.0084e-05,0,9.81079e-06,0,0,0,0,1.58596e-05,0,0,0,0,0,0,0,0,1.75594e-05,0,7.52507e-06,7.37616e-05,0,9.18165e-06,0,0,0,0,0,0,0,1.29991e-05,0,0,0,0,0,0,1.50628e-05,0,0,1.60219e-05,0,0,0,0,0,0,0,0,0,0,0,0,0,0,2.41107e-05,0,0,0,0,0,0,0,0,0,0,0,0,0,0,0,0,0,7.0469e-06,0,0,0,0,0,0,0,3.13861e-05,0,0,0,0,0,0,0,0,0,2.94997e-05,2.68454e-05,0,0,0,0,0,7.48661e-05,0,7.56757e-05,0,0,0,0,0,0,0,0,0,0,0,0,0,0,0,0,0,0,0,0
"PWY-5860: superpathway of demethylmenaquinol-6 biosynthesis I",0,0,0,0,0,0,0,0,0,0,0,0,0,0,0,0,0,0,0,0,0,0,0,0,0,0,0,0,0,0.000215051,0,0,0,0,0,0,0,0,0.000133644,0,0,0,0,0.000129844,0,0,0,0,0,0,0,0,9.22205e-05,0,0,0.000161813,0,7.1955e-05,0,0,0,0,0,0,0,5.63446e-05,0,0,0,0,0,0,0,0,0,0.000171081,0,0,7.48814e-05,0,0,0,0,0,0,0,0,0,0,0,0.000165066,0,0,0,0,0,0,0,0,0,0,0,0,0,0,0,0,7.01081e-05,0,0,0,0,0,0,0,0,2.39574e-05,0,0,0,0,0,0,0,0,0,3.23544e-05,0.000190113,0,0,0,0,0,0.000138232,0,9.59985e-05,0,0,0,0,0,0,0,0,0,0,0,0,0,0,0,0,0,0,0,0
"PWY-5861: superpathway of demethylmenaquinol-8 biosynthesis I",0,0,0,0,0,0,0,0,0.000146559,0,0,5.8618e-05,0,0,0,0,0,0,0,0,0,0,0,0,0,0,0,4.16593e-05,0,0.000229103,0,0,0,0,0,0,0.000108269,0,0.000167721,0,0,0,0,0.000130327,0,0,0,0,0,0,0,0,0.000104644,0,0,0.000165794,0,9.15179e-05,0,0,0,0,0,0,0,7.5528e-05,0,0,0,0,0,0,6.58566e-05,0,0,0.000185194,0,0,9.69351e-05,0,0,0,0,0,0,0,0,0,0,0,0.000183304,0,0,0,0,0,0,0,0,2.78388e-05,0,0,0,0,0,0,0,7.56749e-05,0,0,0,0,0,0,0,0,4.57589e-05,0,0,0,0,0,0,0,0,0,0.000117339,0.000237182,0,0,0,0,0,0.000170591,0,0.000103077,0,0,0,0,4.385e-05,0,0,0,0,0,0,0,0,0,0,0,0,0,0,0
"PWY-5862: superpathway of demethylmenaquinol-9 biosynthesis",0,0,0,0,0,0,0,0,0,0,0,0,0,0,0,0,0,0,0,0,0,0,0,0,0,0,0,0,0,0.000215051,0,0,0,0,0,0,0,0,0.000133644,0,0,0,0,0.000129844,0,0,0,0,0,0,0,0,9.22205e-05,0,0,0.000161813,0,7.1955e-05,0,0,0,0,0,0,0,5.63446e-05,0,0,0,0,0,0,5.7371e-05,0,0,0.000171081,0,0,7.48814e-05,0,0,0,0,0,0,0,0,0,0,0,0.000165066,0,0,0,0,0,0,0,0,0,0,0,0,0,0,0,0,7.01081e-05,0,0,0,0,0,0,0,0,2.39574e-05,0,0,0,0,0,0,0,0,0,0.000120312,0.000190113,0,0,0,0,0,0.000138232,0,9.59985e-05,0,0,0,0,3.9895e-05,0,0,0,0,0,0,0,0,0,0,0,0,0,0,0
"PWY-5870: ubiquinol-8 biosynthesis (late decarboxylation)",0,0,0,0,0,0,0,0,0,0,0,0,0,0,0,0,0,0,0,0,0,0,0,0,0,0,0,0,0,0,0,0,0,0,0,0,0,0,0,0,0,0,0,0,0,0,0,0,0,0,0,0,0,0,0,0,0,0,0,0,0,0,0,0,0,0,0,0,0,0,0,0,0,0,0,0,0,0,0,0,0,0,0,0,0,0,0,0,0,0,0,0,0,0,0,0,0,0,0,0,0,0,0,0,0,0,0,0,0,0,0,0,0,0,0,0,0,0,0,0,0,0,0,0,0,0,0,0,0,0,0,0,0,0,0,0,0,0,0,0,0,0,0,0,0,0,0,0,0,0,0,0,0,0,0,0
"PWY-5873: ubiquinol-7 biosynthesis (late decarboxylation)",0,0,0,0,0,0,0,0,0,0,0,0,0,0,0,0,0,0,0,0,0,0,0,0,0,0,0,0,0,0,0,0,0,0,0,0,0,0,0,0,0,0,0,0,0,0,0,0,0,0,0,0,0,0,0,0,0,0,0,0,0,0,0,0,0,0,0,0,0,0,0,0,0,0,0,0,0,0,0,0,0,0,0,0,0,0,0,0,0,0,0,0,0,0,0,0,0,0,0,0,0,0,0,0,0,0,0,0,0,0,0,0,0,0,0,0,0,0,0,0,0,0,0,0,0,0,0,0,0,0,0,0,0,0,0,0,0,0,0,0,0,0,0,0,0,0,0,0,0,0,0,0,0,0,0,0
"PWY-5896: superpathway of menaquinol-10 biosynthesis",0,0,0,0,0,0,0,0,0,0,0,0,0,0,0,0,0,0,0,0,0,0,0,0,0,0,0,0,0,0.000239786,0,0,0,0,0,0,0,0,0.000156878,0,0,0,0,0.000136354,0,0,0,0,0,0,0,0,0.000107746,0,0,0.000200334,0,7.05561e-05,0,0,0,0,0,0,0,7.40478e-05,0,0,0,0,0,0,0,0,0,0.000160464,0,0,9.72281e-05,0,0,0,0,0,0,0,0,0,0,0,0.000193499,0,0,0,0,0,0,0,0,0,0,0,0,0,0,0,0,6.9755e-05,0,0,0,0,0,0,0,0,3.34132e-05,0,0,0,0,0,0,0,0,0,4.5677e-05,0.000204737,0,0,0,0,0,0.000175151,0,9.47312e-05,0,0,0,0,0,0,0,0,0,0,0,0,0,0,0,0,0,0,0,0
"PWY-5897: superpathway of menaquinol-11 biosynthesis",0,0,0,0,0,0,0,0,0.000138733,0,0,6.84973e-05,0,0,0,0,0,0,0,0,0,0,0,0,0,0,0,5.15885e-05,0,0.000246981,0,0,0,0,0,0,0.000129632,0,0.000184639,0,0,0,0,0.000145978,0,0,0,0,0,0,0,0,0.00011549,0,0,0.000203867,0,8.02058e-05,0,0,0,0,0,0,0,0.000105403,0,0,0,0,0,0,7.80926e-05,0,0,0.000167542,0,0,0.000119452,0,0,0,0,0,0,0,0,0,0,0,0.000209716,0,0,0,0,0,0,0,0,3.56611e-05,0,0,0,0,0,0,0,7.21031e-05,5.6487e-05,0,0,0,0,0,0,0,5.91033e-05,0,0,0,0,0,0,0,0,0,0.000141833,0.000241277,0,0,0,0,0,0.000203017,0,9.97144e-05,0,0,0,0,5.9242e-05,0,0,0,0,0,0,0,0,0,0,0,0,0,0,0
"PWY-5898: superpathway of menaquinol-12 biosynthesis",0,0,0,0,0,0,0,0,0.000138733,0,0,6.84973e-05,0,0,0,0,0,0,0,0,0,0,0,0,0,0,0,5.15885e-05,0,0.000246981,0,0,0,0,0,0,0.000129632,0,0.000184639,0,0,0,0,0.000145978,0,0,0,0,0,0,0,0,0.00011549,0,0,0.000203867,0,8.02058e-05,0,0,0,0,0,0,0,0.000105403,0,0,0,0,0,0,7.80926e-05,0,0,0.000167542,0,0,0.000119452,0,0,0,0,0,0,0,0,0,0,0,0.000209716,0,0,0,0,0,0,0,0,3.56611e-05,0,0,0,0,0,0,0,7.21031e-05,5.6487e-05,0,0,0,0,0,0,0,5.91033e-05,0,0,0,0,0,0,0,0,0,0.000141833,0.000241277,0,0,0,0,0,0.000203017,0,9.97144e-05,0,0,0,0,5.9242e-05,0,0,0,0,0,0,0,0,0,0,0,0,0,0,0
"PWY-5899: superpathway of menaquinol-13 biosynthesis",0,0,0,0,0,0,0,0,0.000138733,0,0,6.84973e-05,0,0,0,0,0,0,0,0,0,0,0,0,0,0,0,5.15885e-05,0,0.000246981,0,0,0,0,0,0,0.000129632,0,0.000184639,0,0,0,0,0.000145978,0,0,0,0,0,0,0,0,0.00011549,0,0,0.000203867,0,8.02058e-05,0,0,0,0,0,0,0,0.000105403,0,0,0,0,0,0,7.80926e-05,0,0,0.000167542,0,0,0.000119452,0,0,0,0,0,0,0,0,0,0,0,0.000209716,0,0,0,0,0,0,0,0,3.56611e-05,0,0,0,0,0,0,0,7.21031e-05,5.6487e-05,0,0,0,0,0,0,0,5.91033e-05,0,0,0,0,0,0,0,0,0,0.000141833,0.000241277,0,0,0,0,0,0.000203017,0,9.97144e-05,0,0,0,0,5.9242e-05,0,0,0,0,0,0,0,0,0,0,0,0,0,0,0
"PWY-5910: superpathway of geranylgeranyldiphosphate biosynthesis I (via mevalonate)",0,0,0,0,0,0,0,0,0,0,0,0,0,0,0,0,0,0,0,0,0,0,0,0,0,0,0,0,0,0,0,0,0,0,0,0,0,0,0,0,0,0,0,0,0,0,0,0,0,0,0,0,0,0,0,0,0,0,0,0,0,0,0,0,0,0,0,0,0,0,0,0,0,0,0,0,0,0,0,0,0,0,0,0,0,0,0,0,0,0,0,0,0,0,0,0,0,0,0,0,0,0,0,0,0,0,0,0,0,0,0,0,0,0,0,0,0,0,0,0,0,0,0,0,0,0,0,0,0,0,0,0,0,0,0,0,0,0,0,0,0,0,0,0,0,0,0,0,0,0,0,0,0,0,0,0
"PWY-5913: partial TCA cycle (obligate autotrophs)",0,0,0,0,4.20783e-05,8.61174e-05,0.000106366,0,0.000351508,0,0,0.000137445,0,0,5.09823e-05,0,6.17404e-05,0,0,0,0,0,0,0,0,8.57426e-05,0.000123282,0.00016487,0,0.000324638,6.684e-05,2.63735e-05,0,3.90112e-05,0,0,0.000180561,8.45819e-05,0.000208968,0,5.78466e-05,0,0,0.000288658,2.46475e-05,6.51717e-05,0,4.2844e-05,0,0.000278523,4.84083e-05,7.20948e-05,0.000189861,0,9.2645e-05,0.000358258,0,0.000201676,0,5.36191e-05,0,4.51218e-05,0.000117707,0,4.50863e-05,0.000111212,0,8.18902e-05,0,0,0,0,0.000158288,0,0,0.00022405,5.43022e-05,0,6.71015e-05,7.64961e-05,0.000138523,0,0,0,0,0,9.13032e-05,0,0,0,0.000303806,7.70532e-05,0,0,0,0,0,0,0,5.56665e-05,9.3321e-05,0,0,0,0,0,3.89021e-05,0.000148936,0.000161061,0,0.000169152,6.7765e-05,9.19427e-05,4.122e-05,0,5.69324e-05,0.000132448,0,0,7.31993e-05,0,0,0,0,3.29039e-05,0,0.000185688,0.000436211,0,3.03213e-05,0,3.60775e-05,0,0.000355945,2.78257e-05,0.000181616,0,5.64739e-05,0,0,4.05919e-05,3.31907e-05,0,0,0,0,4.09977e-05,0,0,0,0,0,0,0,0,3.60724e-05
"PWY-5918: superpathway of heme b biosynthesis from glutamate",0,0,0,0,0,0,0,0,0.000131576,0,0,5.43642e-05,0,0,0,0,0,0,0,0,0,0,0,0,0,0,0,4.47316e-05,0,0.000247426,0,0,0,0,0,0,3.6607e-05,0,9.52482e-05,0,4.9454e-05,0,0,0.000127417,0,0,0,0,0,0,0,0,0.000144557,0,4.52828e-05,0.000204041,0,0.000127227,0,0,0,0,0,0,0,7.74283e-05,0,0,0,0,0,0,9.36635e-05,0,0,0.000131147,0,0,4.7794e-05,0,0,0,0,0,0,0,0,0,0,0,0.000238636,0,0,0,0,0,0,0,0,0,0,0,0,0,0,0,0,0.000104741,7.28566e-05,0,0,6.53312e-05,0,0,0,0,7.77789e-05,0,0,4.80236e-05,0,0,0,0,0,0,0.000126642,0.000242628,0,0,0,0,0,0.00021249,0,0.000106423,0,0,0,0,4.71515e-05,0,0,0,0,0,0,0,0,0,0,0,0,0,0,0
"PWY-5920: superpathway of heme b biosynthesis from glycine",0,0,0,0,0,0,0,0,8.07357e-05,0,0,1.78937e-05,0,0,0,0,0,0,0,0,0,0,0,0,0,0,0,0,0,0.000220784,0,0,0,0,0,0,3.0648e-05,0,5.92943e-05,0,0,0,0,9.03724e-05,0,0,0,0,0,0,0,0,9.6641e-05,0,0,0,0,8.06984e-05,0,0,0,0,0,0,0,7.0281e-05,0,0,0,0,0,0,8.32704e-05,0,0,0.00011334,0,0,3.90852e-05,0,0,0,0,0,0,0,0,0,0,0,0.000189761,0,0,0,0,0,0,0,0,0,0,0,0,0,0,0,0,8.06593e-05,0,0,0,0,0,0,0,0,0,0,0,0,0,0,0,0,0,0,0,0.000179732,0,0,0,0,0,7.32128e-05,0,0,0,0,0,0,0,0,0,0,0,0,0,0,0,0,0,0,0,0,0,0
"PWY-5941: glycogen degradation II",0.000474894,0.000376659,0.000463113,0.000273695,0.000812787,0.000913047,0.000931905,0.00082859,0.000743693,0.000633248,0.000332256,0.000447597,0,0.000643461,0.000914896,0.000644555,0.000802614,0.000777995,0.00050645,0.000143493,0.000368968,0.000765225,0.000181152,0.000172539,0.000262851,0.000782166,0.00094783,0.000679645,0.000493457,0.000587256,0.000822387,0.000592206,0.00100199,0.000872887,0.00073545,0.000422236,0.000328581,0.000814475,0.000299807,0.000412243,0.00037651,0.000654559,0.000383135,0.000549142,0.000699218,0.000786705,0.000311808,0.000631604,0.00050174,0.000746523,0.000638158,0.000549829,0.000626502,0.000199958,0.000376423,0.00038756,0.000954082,0.000904246,0.000673179,0.000470022,0.000306153,0.000964201,0.000406925,0.000562042,0,0.000303452,0.000632493,0.000806427,0.000546755,0.000278082,0.000141736,0.000370125,0.000259929,0.000201377,0.000222977,0.000660502,0.000182353,0,0.000189413,0.000959438,0.000759087,0.000256088,0.000781057,0.00102733,0.000195794,0.000277103,0.000926163,0.000477572,0.000391146,0.00110076,0.000511085,0.000646665,0.000498585,0.00100171,0.000813879,0.000167955,0.000540562,0.000800907,0.000703655,0.000223097,0.00077155,0.000692111,0.000702789,0.000626401,0.000501634,0.000192552,0.000591052,0.000638132,0.000676257,0.000196388,0.00100355,0.00070815,0.000681978,0.000260445,0.000194842,0.000798684,0.000731716,0.000687206,0.000574118,0.000233085,0.000586897,0.000182626,0.000231243,0.00048255,0.00038178,0.000107741,0.000534,0.000427668,0.000216925,0.000240445,0.000166384,0.000525589,0.00021705,0.000465653,0.000300279,0.000432462,0.00063205,0.000236767,0.000230391,0,0.00031559,0.000395546,0.000408412,8.2151e-05,0.000372715,0.000264773,0.000375749,0.000250669,0.000144592,0.000444944,0.000340354,0.000174365,0.000314805,0.000580759,0.000346314,0.000235205
"PWY-5971: palmitate biosynthesis (type II fatty acid synthase)",0,0,0,0,0,0,0,4.01307e-05,0.000158994,0,0,4.8934e-05,0,0,0,4.53787e-05,0,4.95495e-05,0,0,0,0,0,0,0,0,0,0,0,0.000277774,0,0,0,0,0,0,0.000146826,0,0,0,0,0,0,0.00021075,0,0,0,0,0,0,0,0,0.000172752,0,0,0.000437633,0,8.25706e-05,0,0,0,0,0,0,8.44415e-05,0.000159796,0,0,0,0,0,0,0.000159238,0,0,0.000183486,0,0,0.00014459,0,5.03068e-05,0,0,0,0,0,0,0,0,0.000122011,0.000233411,0,0,0,0,0,0,0,0,0,0,0,0,0,3.56757e-05,0,0,0.000167808,0,0,9.40382e-05,0,0,0,0,5.10875e-05,7.73807e-05,0,0,0,0,0,0,0,0,0,0.000270715,0.00028973,0,0,0,0,0,0.000452786,0,0.000315401,0,0,0,0,0,0,0,0,0,0,6.544e-05,0,0,0,0,0,0,0,0,0
"PWY-5972: stearate biosynthesis I (animals)",0,0,0,0,0,0,0,0,0,0,0,0,0,0,0,0,0,0,0,0,0,0,0,0,0,0,0,0,0,0,0,0,0,0,0,0,0,0,0,0,0,0,0,0,0,0,0,0,0,0,0,0,0,0,0,0,0,0,0,0,0,0,0,0,1.20048e-05,0,0,0,0,0,0,0,0,0,0,0,0,0,0,0,0,0,0,0,0,0,0,0,0,0,0,0,0,0,0,0,0,0,0,0,0,0,0,0,0,0,0,0,0,0,0,0,0,0,0,0,0,0,0,0,0,0,0,0,0,0,0,0,0,0,0,0,0,0,0,0,0,0,0,0,0,0,0,0,0,0,0,0,0,0,0,0,0,0,0,0
"PWY-5973: cis-vaccenate biosynthesis",0.000118795,0,0.000126185,0.000359736,6.36647e-05,0,4.27601e-05,8.54034e-05,0.000127019,0,4.41495e-05,7.07363e-05,6.07668e-05,6.12305e-05,4.94881e-05,5.50447e-05,0,9.32575e-05,0,0.000102385,0.00012908,0,0.000126861,0,0,0,6.99597e-05,0.000314019,0.000151926,0.000225727,8.48384e-05,4.20226e-05,0,0,0.000177383,6.22086e-05,0.000222655,4.90791e-05,0.000228684,0,3.56103e-05,5.06433e-05,0,0.000183782,0,0,0.000129143,0.000153922,6.46141e-05,4.89114e-05,5.60449e-05,4.63222e-05,0.000138785,0,3.68231e-05,0.000379713,0,0.00010994,0,0.000121454,4.63586e-05,0,0.000145884,0,9.82698e-05,0.000170209,4.1384e-05,0,0.000175719,0.000159277,0.000209032,0,0.000162458,0.000283365,0.00015659,0.000147607,0.000261256,0,0.000221269,0,5.87695e-05,0.000227077,8.38191e-05,0.0001331,0.000120292,0.00011579,2.81747e-05,8.71536e-05,0,0.000135424,0.000186408,5.60051e-05,7.74265e-05,1.78737e-05,0.000116427,0,0,0,0,0.000190643,3.74708e-05,0.000158907,0,7.38584e-05,9.30193e-05,0,0,0.000141947,5.12574e-05,6.10968e-05,8.65101e-05,0.00013351,4.63918e-05,0.000144648,0.000178067,6.3218e-05,6.06228e-05,0,0,0.000186053,0.000301654,9.99867e-05,0.00020261,0.000234643,0.000218201,7.12987e-05,0.000270301,0.00024283,0.000172152,0.000112128,0.000166317,0,8.66789e-05,0.000381031,0.000245407,0.000301802,0.000139083,0.000276616,9.59793e-05,0.000456681,0.000179413,9.32634e-05,0.00017098,0.000123545,0.000144839,0.000353815,0.000150934,0.000153196,0.000266596,0,0.000144461,0.000229354,5.48669e-05,0,0.000206792,0.000145988
"PWY-5981: CDP-diacylglycerol biosynthesis III",0.000125874,0.000107127,8.2599e-05,0.000228342,0,0,3.91715e-05,0,0,0,0,0,0.00010705,0,0.000108845,0,0,0,0,0,0,0,0,0,0,0,0,0.0001238,6.38559e-05,7.63057e-05,0.000118939,0,0,0,0.000109125,0,1.42839e-05,0,4.97546e-05,0,0,0,0,4.4073e-05,0,0,0.000135633,0.000195709,0,0.000137851,0,0.000114205,5.47754e-05,0,0,0.00011808,0,0,0,0,0,0,0.00010534,0,0.000143253,5.50591e-05,0,0,0,9.42185e-05,0,0,1.43118e-05,0,0,1.53015e-05,0,0,9.83808e-06,0,0,0,0,0,6.02359e-05,9.10763e-05,0,0,0,0,9.67491e-05,5.86833e-05,0,5.144e-05,0.000146905,0,0,6.0402e-05,5.87658e-05,0,0,0.000149811,7.27768e-05,5.62653e-05,0,0,0,5.03588e-05,0,0,0,7.0484e-05,4.33811e-05,0.000127085,0,0,7.90818e-05,0,0,0,6.42164e-05,0,0,7.12341e-05,3.8372e-05,7.89521e-05,1.60048e-05,0.000104039,0,0,0,6.93221e-05,0,0.000121986,0,0.000198647,0.000184991,0,0,0,0,0,3.87283e-05,0,0,0,0,0,0,0,0,6.00817e-05,0,0,0,0
"PWY-5989: stearate biosynthesis II (bacteria and plants)",7.03589e-05,0,5.78114e-05,0,0,0,0,4.66018e-05,0.000143624,0,0,7.49049e-05,0,4.67614e-05,0,3.84438e-05,0,5.22822e-05,0,5.20592e-05,0,0,9.23397e-05,0,0,0,5.69626e-05,0.000145779,0,0.000260217,0,2.04573e-05,0,0,0,0,0.000125272,0,0.000228924,0,3.84998e-05,0,0,0.000192217,0,0,0,0,0,5.07199e-05,3.12028e-05,4.75799e-05,0.000145793,0,2.57269e-05,0.000390611,0,0.000121229,0,8.35999e-05,0,0,0.000139075,0,5.05111e-05,0.000160168,4.16284e-05,0,0.00010358,6.32049e-05,0,0,0.000155689,0,0,0.000165258,6.11078e-05,0,0.000126395,0,6.13836e-05,0,0,0,3.55931e-05,0,2.91011e-05,6.17471e-05,0,0.000120817,0.000197446,5.73044e-05,0,1.71784e-05,0,0,0,0,0,0.000128575,4.09745e-05,4.9975e-05,0,0,4.2038e-05,0,0,0.000141127,5.40753e-05,0,8.60995e-05,0.00011505,3.66509e-05,0,7.57513e-05,4.73682e-05,6.48208e-05,0,0,4.21929e-05,4.97024e-05,4.47622e-05,0,7.71551e-05,0.000132593,0,0.000256433,0.000255137,6.54217e-05,0,6.53943e-05,0,0,0.000420159,0,0.000207447,0,0.000101703,0,0,9.98565e-05,4.70779e-05,4.33677e-05,0.000132049,0,0,9.4857e-05,0,0,0,0,9.40641e-05,0,0,0,7.80408e-05
"PWY-5994: palmitate biosynthesis (type I fatty acid synthase)",0,0,0,0,0,0,0,0,0,0,0,0,0,0,0,0,0,0,0,0,0,0,0,0,0,0,0,0,0,0,0,0,0,0,0,0,0,0,0,0,0,0,0,0,0,0,0,0,0,0,0,0,0,0,0,0,0,0,0,0,0,0,0,0,0,0,0,0,0,0,0,0,0,0,0,0,0,0,0,0,0,0,0,0,0,0,0,0,0,0,0,0,0,0,0,0,0,0,0,0,0,0,0,0,0,0,0,0,0,0,0,0,0,0,0,0,0,0,0,0,0,0,0,0,0,0,0,0,0,0,0,0,0,0,0,0,0,0,0,0,0,0,0,0,0,0,0,0,0,0,0,0,0,0,0,0
"PWY-6071: superpathway of phenylethylamine degradation",0,0,0,0,0,0,0,0,0,0,0,0,0,0,0,0,0,0,0,0,0,0,0,0,0,0,0,0,0,0,0,0,0,0,0,0,0,0,0,0,0,0,0,0,0,0,0,0,0,0,0,0,1.67065e-05,0,0,0,0,1.65081e-05,0,0,0,0,0,0,0,7.52918e-06,0,0,0,0,0,0,0,0,0,1.33017e-05,0,0,0,0,0,0,0,0,0,0,0,0,0,0,0,0,0,0,0,0,0,0,0,0,0,0,0,0,0,0,0,1.11608e-05,0,0,0,0,0,0,0,0,0,0,0,0,0,0,0,0,0,0,0,0,0,0,0,0,0,0,0,0,0,0,0,0,0,0,0,0,0,0,0,0,0,0,0,0,0,0,0,0
"PWY-6113: superpathway of mycolate biosynthesis",0,0,0,0,0,0,0,0,0,0,0,0,0,0,0,0,0,0,0,0,0,0,0,0,0,0,0,0,0,0,0,0,0,0,0,0,0,0,0,0,0,0,0,0,0,0,0,0,0,0,0,0,0,0,0,0,0,0,0,0,0,0,0,0,0,0,0,0,0,0,0,0,0,0,0,0,0,0,0,0,0,0,0,0,0,0,0,0,0,0,0,0,0,0,0,0,0,0,0,0,0,0,0,0,0,0,0,0,0,0,0,0,0,0,0,0,0,0,0,0,0,0,0,0,0,0,0,0,0,0,0,0,0,0,0,0,0,0,0,0,0,0,0,0,0,0,0,0,0,0,0,0,0,0,0,0
"PWY-6121: 5-aminoimidazole ribonucleotide biosynthesis I",0.000423549,0.000272802,0.000388429,0.000367275,0.00053927,0.000450017,0.000520453,0.000478833,0.000446882,0.000273041,0.000353151,0.000442902,0.000244063,0.000464467,0.000658477,0.000586852,0.000431962,0.000451909,0.000489965,0.000172744,0.000301432,0.000492947,0.000314105,0.000283613,0.000223911,0.000535181,0.000511152,0.000505324,0.000452987,0.000315569,0.000608935,0.000312779,0.000542905,0.000412597,0.000459737,0.000300984,0.000277218,0.000546702,0.000334685,0.000307505,0.000309344,0.000382393,0.000408635,0.000393978,0.000389224,0.000493396,0.000266149,0.000514605,0.000296386,0.00049057,0.000519304,0.000418693,0.000418132,0.000492688,0.000405437,0.000491612,0.000463937,0.000449347,0.000500001,0.00037854,0.000227635,0.000617759,0.000346217,0.000342589,0.000316524,0.000188217,0.000370707,0.00050099,0.000364517,0.000385199,0.000273542,0.000302864,0.000276921,0.000226727,0.000270927,0.000380311,0.000310328,0.000207199,0.000226116,0.000607971,0.00042719,0.000275837,0.000479602,0.000680181,0.000377053,0.00030069,0.000522671,0.000294047,0.000386158,0.000578604,0.000397444,0.000372574,0.000369983,0.000565379,0.00055556,0.000193184,0.000481144,0.000529146,0.000450713,0.000364107,0.000403145,0.000458334,0.000502079,0.000488275,0.000369569,0.000241993,0.000382332,0.000424428,0.000457548,0.00022849,0.000579395,0.000471158,0.000517485,0.000358048,0.000297304,0.000588358,0.000515461,0.000352657,0.000432153,0.000380864,0.000477974,0.000203522,0.000238415,0.000448308,0.000321979,0.000282465,0.000418173,0.000376143,0.000240437,0.000189936,0.000210087,0.000421082,0.00028535,0.000337199,0.000274954,0.000290685,0.000361977,0.000280012,0.000280353,0.000476882,0.000337868,0.000451862,0.000394044,0.000469861,0.000277416,0.00038382,0.000343852,0.000333149,0.000377883,0.000314436,0.000303919,0.000353481,0.000260779,0.000419097,0.000316111,0.000216257
"PWY-6122: 5-aminoimidazole ribonucleotide biosynthesis II",0.000447299,0.000297591,0.00045432,0.00033964,0.000631406,0.000497398,0.000550314,0.000505239,0.000457828,0.000264545,0.000332654,0.000494997,0.000240644,0.00044959,0.000648156,0.000645826,0.000484556,0.000437121,0.000477079,0.000168889,0.000302629,0.000479106,0.0003016,0.000311159,0.000222559,0.000562031,0.000540266,0.000533155,0.000489859,0.0003849,0.000619912,0.000301878,0.000539784,0.000424564,0.000459665,0.000325177,0.000278126,0.00057116,0.000367402,0.000287517,0.000301589,0.000432844,0.000431574,0.000396131,0.000406129,0.000518242,0.000254149,0.000523649,0.000308826,0.000576647,0.000514194,0.000425618,0.00042417,0.000518839,0.000429186,0.000513262,0.000518245,0.000530758,0.000502295,0.000422307,0.0002232,0.000644238,0.000361775,0.000350927,0.000320585,0.000187162,0.000399431,0.000541375,0.000427335,0.00037379,0.000271251,0.000304415,0.000315897,0.000232992,0.000266136,0.000415813,0.000317655,0.000191592,0.000245485,0.000635136,0.000451489,0.00027831,0.000500978,0.000690631,0.000442234,0.000286166,0.000535727,0.000364739,0.000392306,0.000632144,0.000415184,0.000397242,0.000369113,0.000593647,0.000609523,0.000207512,0.000479896,0.000509835,0.000505615,0.000346066,0.000436851,0.000449759,0.000498169,0.000473576,0.000365898,0.00024785,0.000398018,0.000439979,0.000523581,0.000226016,0.000659764,0.000489083,0.000609043,0.000342617,0.000315737,0.000670369,0.000555558,0.000394119,0.000472837,0.000380924,0.000469843,0.000223318,0.000219763,0.000453632,0.000307515,0.000308159,0.000397484,0.000391737,0.0002603,0.000208902,0.000203922,0.000393271,0.000409113,0.000337386,0.000250362,0.000291603,0.000355939,0.0002698,0.000372877,0.000475773,0.000338472,0.000436901,0.000417475,0.000454179,0.000278204,0.000395721,0.00034223,0.000310252,0.00037194,0.000348558,0.000291159,0.000362428,0.000331418,0.000435582,0.000305998,0.000252422
"PWY-6123: inosine-5'-phosphate biosynthesis I",0.000371597,0.000215073,0.00032312,0.000397727,0.000364614,0.000385697,0.00042164,0.00038446,0.000298958,0.000174384,6.85123e-05,0.000285936,0.000288396,0.000239971,0.000461432,0.000264254,0.00037698,0.000322217,0.000290591,9.87072e-05,0.000159102,0.000455356,0.00021181,0.00010205,0.000191614,0.000295833,0.000459822,0.000446371,0.000336527,0.000223574,0.000400237,0.000316662,0.000405092,0.000375685,0.000409126,0.000254029,0.000308578,0.000341418,0.000313442,0.000132303,0.000191693,0.000256074,8.12013e-05,0.000253918,0.000365339,0.000355594,0.000226149,0.000363443,0.000280263,0.000529694,0.000351456,0.000362544,0.000224251,0.000234743,0.000239213,0.00033783,0.000411653,0.000361868,0.00039762,0.00027637,0.000213941,0.000355822,0.00032396,0.000276883,0.000281486,0.000140486,0.000326269,0.00035416,0.000279313,0.000264274,0.000298865,0.000246321,0.000229084,0.000251435,0.000231278,0.000322258,0.000393876,0,0.000141285,0.000422574,0.000369566,0.000285494,0.000323658,0.000492262,0.00029343,0.000237139,0.000392608,0.000254203,0.000154044,0.00049521,0.000235161,0.000396412,0.000171214,0.000465798,0.000516429,0,0.000286529,0.000315575,0.000275409,0.000196106,0.000367042,0.000435477,0.00026665,0.000233754,0.000180763,0.00014763,0.000302879,0.000324767,0.000252925,0.000187405,0.000599917,0.00038334,0.000399156,0.000238856,0.000283003,0.000320201,0.000322856,0.00028879,0.000291072,0.000272594,0.000317618,0.000160502,0.000225904,0.000329533,0.000334546,0.000168139,0.000278255,0.00032264,0.000169812,0.000231446,0.000206191,0.000313969,4.56991e-05,0.000255016,0.000392869,0.000262039,0.000326331,0.000255955,0.00018441,0.000348964,0.000287382,0.000245126,0.000309242,0.000547392,0.000278066,0.00041352,0.000210068,0.000277511,0.000396758,0.000266364,0.000216484,0.000259398,0.000313185,0.000375121,7.10769e-05,0.000222457
"PWY-6124: inosine-5'-phosphate biosynthesis II",0.00036071,0.000199442,0.000292637,0.000390762,0.00034024,0.000353269,0.000397726,0.00037707,0.000280256,0.000158316,5.98846e-05,0.000273354,0.000291569,0.000215519,0.00044183,0.000235883,0.000348469,0.000301854,0.000263058,8.77074e-05,0.000141941,0.000442533,0.000194522,8.82616e-05,0.000176668,0.000269861,0.000426832,0.000454083,0.000348627,0.000239131,0.000379029,0.000297012,0.000365838,0.000345174,0.000378722,0.000236931,0.000311095,0.000328832,0.000304902,0.000119219,0.000180564,0.000242643,6.99067e-05,0.000247984,0.000338332,0.000329017,0.000213243,0.000344369,0.000258442,0.000537106,0.000323158,0.000346609,0.000218875,0.000224653,0.000220151,0.000317975,0.000404862,0.000346783,0.000374607,0.000262113,0.000205366,0.000323139,0.000341139,0.000247052,0.000264742,0.000131017,0.000314416,0.000328606,0.000261927,0.000246553,0.000279119,0.000224473,0.000226915,0.000238719,0.000236829,0.000224968,0.000393482,0,0.000136299,0.000406811,0.000374774,0.000274134,0.000304932,0.000455128,0.000285915,0.000220357,0.000367331,0.000329057,0.000135305,0.00047842,0.000241856,0.000392003,0.000150271,0.00043775,0.000482984,0,0.000265722,0.000286106,0.000246974,0.000193786,0.000366105,0.000484643,0.000254214,0.000210714,0.000164159,0.000138082,0.000280507,0.000309869,0.00024089,0.000176209,0.000588053,0.000355679,0.000385424,0.000227115,0.000270891,0.000300827,0.000299778,0.000272295,0.000269987,0.000266097,0.000299598,0.000152181,0.000218593,0.000300969,0.000320525,0.000157226,0.000261162,0.000103043,0.00015516,0.000216479,0.000187255,0.000288687,3.88801e-05,0.000183762,0.000374888,0.000254527,0.00030566,0.000247613,0.000165856,0.000333765,0.000281012,0.000221705,0.000297896,0.000536171,0.000268003,0.000409781,0.000192297,0.000260225,0.000404296,0.00024638,0.000202425,0.000247402,0.00028804,0.000356257,6.07175e-05,0.000208934
"PWY-6125: superpathway of guanosine nucleotides de novo biosynthesis II",4.09362e-05,0,0,0,0,0.000115006,5.29978e-05,5.35729e-05,0.000245126,0,0,0.000230707,6.08323e-05,0.000124212,9.75357e-05,0.000132529,0,0,0.000103019,0,8.09705e-05,7.83245e-05,0,0,0,4.53135e-05,0.000100621,5.67196e-05,0.000137485,0.000186757,0.000146756,0,0,0,0,4.73071e-05,0.000231563,0,0.000317115,0,0,9.60384e-05,4.89621e-05,0.000245557,6.0224e-05,0,0,0,9.49102e-05,0.000282599,0.000265594,6.9931e-05,0.000175773,8.68441e-05,5.06917e-05,0.000284741,0,0,0,5.78944e-05,0,0,0.000106091,0,0.000192549,8.47513e-05,0.000107037,0,0.000102562,0,6.57157e-05,0,0.000196819,0.000135898,4.82766e-05,0.000179316,0.000334458,0,0.000169577,0,7.0684e-05,8.42746e-05,4.82262e-05,0,0.000295491,0.00011888,0,5.27345e-05,0,0,0.000186667,5.33904e-05,0,8.38224e-05,0.000140692,4.77549e-05,0,0,0,0.000155608,0.000115821,0,0,5.0183e-05,0.000163963,0.000123196,0.000125475,0.000315492,0.000197199,5.44985e-05,0.000200589,0.000110717,0.000163076,0.000155654,6.59552e-05,5.81565e-05,0.000126528,0.000129031,0.000141505,5.43127e-05,0,9.70548e-05,9.09043e-05,0,8.36485e-05,0.000108001,8.39491e-05,0.000166513,7.56345e-05,9.22269e-05,6.79931e-05,0,7.34685e-05,0.000221556,0.000197521,0.000102559,0,0.000205209,8.69187e-05,0.000465111,0.000225443,0,8.61451e-05,0.000546719,0.000104523,0.000262884,8.85415e-05,0.000148516,7.69635e-05,9.15202e-05,5.97644e-05,8.53483e-05,0.000105532,0.000246909,9.35699e-05,0.000143011
"PWY-6126: superpathway of adenosine nucleotides de novo biosynthesis II",6.09949e-05,0,0,0,0,0.00015673,7.63395e-05,7.6405e-05,0.000287994,0,0,0.000305054,9.01928e-05,0.000166827,0.000137249,0.000185099,0,0,0.000136783,0,0.00010592,9.30767e-05,0,0,0,6.56708e-05,0.000138253,0.000115877,0.000183676,0.000212674,0.000195376,0,0,0,0,6.76916e-05,0.000267231,0,0.000322523,0,0,0.000129564,7.01988e-05,0.000275911,8.24623e-05,0,0,0,0.000120496,0.000364114,0.000351428,0.0001004,0.000219267,9.29527e-05,7.35098e-05,0.000338805,0,0,0,8.27414e-05,0,0,0.000145336,0,0.000236439,0.00011227,0.00014589,0,0.000143281,0,9.36648e-05,0,0.000249628,0.000184552,7.01164e-05,0.000221972,0.000388946,0,0.000197861,0,9.96112e-05,0.000119215,6.71766e-05,0,0.000357068,0.000159488,0,7.55575e-05,0,0,0.000256917,7.65066e-05,0,0.000115521,0.000193297,6.87324e-05,0,0,0,0.000220809,0.000151416,0,0,7.07217e-05,0.000168787,0.00018397,0.000167839,0.000360631,0.000250658,7.41407e-05,0.000267747,0.000154393,0.000223266,0.000204996,9.29717e-05,8.41897e-05,0.000164077,0.00016182,0.000186824,7.93001e-05,0,0.000126155,0.000132096,0,0.000116689,0.000149957,0.000116189,0.000204628,0.000108048,0.000127346,0.000100422,0,9.62892e-05,0.000223389,0.000287282,0.000166337,0,0.000255025,0.000104151,0.000536126,0.000284795,0,0.000117062,0.000622557,0.000145176,0.000330547,0.000118518,0.000196915,0.000109011,0.00011555,8.36663e-05,0.000123426,0.000143193,0.000301644,0.000121066,0.000177717
"PWY-6138: CMP-N-acetylneuraminate biosynthesis I (eukaryotes)",0,0,0,0,0,0,0,0,0,0,0,0,0,0,0,0,0,0,0,0,0,0,0,0,0,0,0,0,0,0,0,0,0,0,0,0,0,0,0,0,0,0,0,0,0,0,0,0,0,0,0,0,0,0,0,0,0,0,0,0,0,0,0,0,0,0,0,0,0,0,0,0,0,0,0,0,0,0,0,0,0,0,0,0,0,0,0,0,0,0,0,0,0,0,0,0,0,0,0,0,0,0,0,0,0,0,0,0,0,0,0,0,0,0,0,0,0,0,0,0,0,0,0,0,0,0,0,0,0,0,0,0,0,0,0,0,0,0,0,0,0,0,0,0,0,0,0,0,0,0,0,0,0,0,0,0
"PWY-6143: CMP-pseudaminate biosynthesis",0,0,0,0,0,0,0,0,0,0,0,0,0,0,0,0,0,0,0,0,0,0,0,0,0,0,0,0,0,0,0,0,0,0,0,0,0,0,0,0,0,0,0,0,0,0,0,0,0,0,0,0,0,0,0,0,0,0,0,0,0,0,0,0,0,0,0,0,0,0,0,0,0,0,0,0,0,0,0,0,0,0,0,0,0,0,0,0,0,0,0,0,0,0,0,0,0,0,0,0,0,0,0,0,0,0,0,0,0,0,0,0,0,0,0,0,0,0,0,0,0,0,0,0,0,0,0,0,0,0,0,0,0,0,0,0,0,0,0,3.74177e-05,0,0,0,0,0,0,0,0,0,0,0,0,0,0,0,0
"PWY-6147: 6-hydroxymethyl-dihydropterin diphosphate biosynthesis I",6.35746e-05,7.75551e-05,0,0,0,0,5.95257e-05,0,0.000166566,0,0,9.18933e-05,0.000127816,0,7.03856e-05,0,0,0,0,6.52617e-05,0,0,0,0,0,0,0,0,3.5427e-05,4.00229e-05,0,0,0,0,0,4.71693e-05,0.000184447,0,0.00015755,0,2.25486e-05,0,0,0.000189153,4.20067e-05,0,0,0,0,5.16254e-05,7.45609e-05,0,0.000106622,7.09328e-05,7.03965e-05,0.000176527,3.68464e-05,7.61327e-05,0,5.30515e-05,0,0,0,0,0.000126107,0.000120248,0,0,4.03468e-05,0,0.000214022,7.65278e-05,0.000176332,0.000151719,9.46284e-05,0.000138867,0.000284413,0,0.000196492,0,0,7.01388e-05,0,0,8.56653e-05,9.00675e-05,0,0,0,0,0.000112353,3.40716e-05,0,0,0.000100745,4.63251e-05,0,6.04882e-05,0,0.000123327,0,0,7.23738e-05,0,4.32045e-05,5.77531e-05,0,0.000105071,0,0,0,0.000113909,4.92701e-05,6.06922e-05,4.79322e-05,0,0.000112625,0,0,4.78493e-05,0.000107463,4.73803e-05,0,0,0.000147595,0.000101727,0.000136729,0.000227182,0.000136939,0,4.53884e-05,3.16698e-05,0.000313191,0.000160627,0.000110089,9.47558e-05,3.59212e-05,0.000103893,0.000268712,0.000190884,0.000130721,0,0.000130509,0.000472628,8.45368e-05,0.000266071,7.5722e-05,8.94117e-05,8.01877e-05,4.11378e-05,8.51911e-05,6.70151e-05,0,8.58092e-05,7.20263e-05,0.00012678
"PWY-6148: tetrahydromethanopterin biosynthesis",0,0,0,0,0,0,0,0,0,0,0,0,0,0,0,0,0,0,0,0,0,0,0,0,0,0,0,0,0,0,0,0,0,0,0,0,0,0,0,0,0,0,0,0,0,0,0,0,0,0,0,0,0,0,0,0,0,0,0,0,0,0,0,0,0,0,0,0,0,0,0,0,0,0,0,0,0,0,0,0,0,0,0,0,0,0,0,0,0,0,0,0,0,0,0,0,0,0,0,0,0,0,0,0,0,0,0,0,0,0,0,0,0,0,0,0,0,0,0,0,0,0,0,0,0,0,0,0,0,0,0,0,0,0,0,0,0,0,0,0,0,0,0,0,0,0,0,0,0,0,0,0,0,0,0,0
"PWY-6151: S-adenosyl-L-methionine salvage I",0.000403022,0.00025225,0.000380693,0.000335961,0.000449892,0.000648139,0.000525105,0.000507567,0.000442622,0.000451831,0.000314724,0.000289396,0.000141888,0.000444796,0.000648286,0.000620494,0.000486885,0.000473444,0.000466018,0.000245307,0.000543621,0.000560538,0.000245958,0.000322842,0.00026156,0.000629285,0.00063168,0.00053013,0.00042083,0.000381784,0.000517954,0.000498302,0.00054954,0.00060982,0.000698293,0.000438994,0.000256081,0.000604602,0.000305613,0.000233171,0.000192694,0.000554552,0.000454311,0.000332867,0.000433693,0.000657674,0.000308675,0.000574714,0.000331395,0.000682166,0.000614014,0.000346714,0.000359697,0.000369241,0.000373203,0.000330555,0.000655559,0.000426988,0.000631801,0.000447534,0.000224786,0.000613867,0.000235612,0.000493157,0.000177484,0.000134484,0.000476945,0.000539605,0.000357228,0.000360809,0.000281331,0.000342067,0.000212733,0.000242174,0.000110212,0.00036284,0.000147085,0.000311519,0.000206674,0.000540411,0.000638448,0.000356453,0.000454706,0.000717296,0.000145798,0.000260482,0.000665865,0.000332931,0.000464497,0.000788096,0.000330657,0.00041826,0.000396414,0.00042928,0.000550464,0.00020486,0.000441486,0.000572408,0.000376244,0.000306338,0.000553762,0.000549248,0.000356495,0.00050952,0.000323171,0.000221488,0.000203042,0.000416503,0.000497577,0.000221904,0.000743265,0.000474809,0.00032612,0.00030132,0.000226407,0.000635223,0.000541467,0.000439008,0.000512686,0.000229125,0.000394143,0.000241287,0.000269219,0.000403186,0.000272276,0.000115794,0.000386261,0.000251513,0.000303205,0.000318084,0.000228407,0.000440226,0.000234717,0.000286786,0.000261393,0.00036424,0.000308177,0.000170685,0.000276141,0.000503155,0.000314096,0.00026517,0.000266258,0.000416836,0.000342666,0.000269734,0.000304988,0.000163041,0.000422103,0.000390203,0.000363788,0.000159888,0.000263549,0.000246268,0.000384597,0.000194144
"PWY-6160: 3-dehydroquinate biosynthesis II (archaea)",0,0,0,0,0,0,0,0,0,0,0,0,5.75336e-05,0,0,0,0,0,0,0,0,0,0,0,0,0,0,0,0,0,0,0,0,0,0,0,0,0,0,0,0,0,0,0,0,0,0,0,0,0,0,0,0,0.000157125,0,0,0,0,0,0,0,0,0,0,8.73971e-05,0,0,0,0,0,0,0,0,0,0,0,0,0,0,0,0,0,0,0,0.000107348,0,0,3.79032e-05,0,0,0,0,0,0,0,0,0,0,0,0,0,0,0,0,0,6.18897e-05,0,0,0,0,0,0,0,4.89977e-05,0,0,0,0,0,0,0,0,0,0,0,0,0,1.72603e-05,0,0,0,0,0,0,0,0,0,0,0,0,0,0,0,0,0,0,0,0,0,0,0,0,0,0,0,6.59482e-05
"PWY-6163: chorismate biosynthesis from 3-dehydroquinate",0.000392899,0.00036773,0.000566053,0.000415844,0.000500934,0.000504874,0.000578061,0.000549294,0.000428078,0.000391841,0.000311398,0.000409077,0.000313855,0.000547856,0.000722708,0.000687458,0.000607558,0.000444086,0.000443462,0.000115328,0.000316945,0.000421597,0.000211231,0.000333889,0.000314542,0.000650847,0.00064048,0.000371771,0.000473106,0.000286758,0.000519584,0.000484855,0.000556008,0.000544755,0.000581689,0.000298695,0.000286225,0.0006062,0.00043315,0.000368535,0.000305135,0.000541635,0.000454779,0.000334386,0.000400364,0.000495623,0.000297699,0.000480037,0.000282948,0.000563804,0.000558389,0.00040495,0.000389531,0.000473584,0.000397816,0.000309959,0.000590456,0.000441751,0.000600248,0.000405604,0.000173692,0.000684772,0.000256505,0.00047831,0.000244339,0.00015925,0.000418324,0.000525377,0.000445118,0.000348195,0.000267155,0.000279478,0.000268539,0.000248556,0.000158506,0.000310479,0.000317774,0.000300298,0.000213129,0.000634632,0.000395012,0.000307946,0.00052334,0.000718044,0.000383157,0.000274373,0.000630097,0.000378712,0.000440705,0.000595579,0.00023235,0.000368591,0.000394397,0.00058246,0.00052907,0.000177548,0.000446899,0.000520234,0.000559463,0.000287207,0.000408362,0.000547099,0.000519362,0.000419805,0.00036476,0.000222962,0.000384101,0.000422962,0.000494446,0.000240442,0.000609219,0.000497419,0.00052078,0.000317488,0.000281254,0.000610476,0.000449652,0.000447048,0.000537084,0.000305252,0.00038839,0.000205023,0.000172654,0.000414681,0.000324157,0.000284813,0.000427013,0.000280797,0.000324457,0.000282635,0.000221498,0.000448362,0.000211111,0.000246132,0.000280433,0.000316963,0.00045565,0.000286145,0.000294648,0.00043134,0.000400865,0.00039688,0.000370255,0.000514628,0.000314135,0.00036265,0.000319458,0.000287105,0.000294975,0.000263192,0.000345225,0.000290214,0.000352981,0.000304131,0.00033915,0.000271314
"PWY-6165: chorismate biosynthesis II (archaea)",0,0,0,0,0,0,0,0,0,0,0,0,0.000107328,0,0,0,0,0,0,0,0,0,0,0,0,0,0,0,0,0,0,0,0,0,0,0,0,0,0,0,0,0,0,0,0,0,0,0,0,0,0,0,0,0.000268293,0,0,0,0,0,0,0,0,0,0,0.000142847,0,0,0,0,0,0,0,0,0,0,0,0,0,0,0,0,0,0,0,0.000193618,0,0,8.55551e-05,0,0,0,0,0,0,0,0,0,0,0,0,0,0,0,0,0,0.000108737,0,0,0,0,0,0,0,0.000103788,0,0,0,0,0,0,0,0,0,0,0,0,0,4.16564e-05,0,0,0,0,0,0,0,0,0,0,0,0,0,0,0,0,0,0,0,0,0,0,0,0,0,0,0,0.000122905
"PWY-6167: flavin biosynthesis II (archaea)",0,0,0,0,0,0,0,0,0,0,0,0,0,0,0,0,0,0,0,0,0,0,0,0,0,0,0,0,0,0,0,0,0,0,0,0,0,0,0,0,0,0,0,0,0,0,0,0,0,0,0,0,0,0,0,0,0,0,0,0,0,0,0,0,0,0,0,0,0,0,0,0,0,0,0,0,0,0,0,0,0,0,0,0,0,0,0,0,0,0,0,0,0,0,0,0,0,0,0,0,0,0,0,0,0,0,0,0,0,0,0,0,0,0,0,0,0,0,0,0,0,0,0,0,0,0,0,3.10782e-05,0,0,0,0,0,0,0,0,0,0,0,0,0,0,0,0,0,0,0,0,0,0,0,0,0,0,0,0
"PWY-6168: flavin biosynthesis III (fungi)",0,0,0,0,0,0,0,0,0.000121365,0,0,0,0,0,0,0,0,0,0,0,0,0,0,0,0,0,0,0,0,0.000163877,0,0,0,0,0,0,0,0,0,0,0,0,0,0.000135396,0,0,0,0,0,0,0,0,0.00014783,0,0,0.000133447,0,0.000126752,0,0,0,0,0,0,0,0.000128204,0,0,0,0,0,0,0.00011207,0,0,9.69338e-05,0,0,4.82971e-05,0,0,0,0,0,0,0,0,0,0,0,0.000148389,0,0,0,0,0,0,0,0,0,0,0,0,0,0,0,0,0.000176084,6.09444e-05,0,0,0.000162785,0,0,0,0,0,0,0,0,0,0,0,0,0.000179953,0,0.000136365,0.000146224,0,0,0,0,0,0.000175751,0,0,0,0,0,0,0,0,0,0,0,0.000129158,0,0,0,0,0,0,0,0,0,0
"PWY-6174: mevalonate pathway II (haloarchaea)",0,0,0,0,0,0,0,0,0,0,0,0,0,0,0,0,0,0,0,0,0,0,0,0,0,0,0,0,0,0,0,0,0,0,0,0,0,0,0,0,0,0,0,0,0,0,0,0,0,0,0,0,0,0,0,0,0,0,0,0,0,0,0,0,0,0,0,0,0,0,0,0,0,0,0,0,0,0,0,0,0,0,0,0,0,0,0,0,0,0,0,0,0,0,0,0,0,0,0,0,0,0,0,0,0,0,0,0,0,0,0,0,0,0,0,0,0,0,0,0,0,0,0,0,0,0,0,0,0,0,0,0,0,0,0,0,0,0,0,0,0,0,0,0,0,0,0,0,0,0,0,0,0,0,0,0
"PWY-6182: superpathway of salicylate degradation",0,0,0,0,0,0,0,0,0,0,0,0,0,0,0,0,0,0,0,0,0,0,0,0,0,0,0,3.90636e-05,0,0,0,0,0,0,0,0,0,0,3.6036e-05,0,0,0,0,0,0,0,0,0,0,0,0,0,0,0,0,0,0,0,0,0,0,0,0,0,0,0,0,0,0,0,0,0,0,0,0,0,0,0,0,0,0,0,0,0,0,0,0,0,0,0,0,0,0,0,0,0,0,0,0,0,0,0,0,0,0,0,0,0,0,0,0,0,0,0,0,0,3.92431e-05,0,0,0,0,0,0,0,0,0,0,0,0,0,0,0,0,0,0,0,0,0,0,0,0,0,0,0,0,0,0,0,0,0,0,0,0,0,0,0
"PWY-6185: 4-methylcatechol degradation (ortho cleavage)",0,0,0,0,0,0,0,0,0,0,0,0,0,0,0,0,0,0,0,0,0,0,0,0,0,0,0,4.08724e-05,0,0,0,0,0,0,0,0,0,0,4.53856e-05,0,0,0,0,0,0,0,0,0,0,0,0,0,0,0,0,0,0,0,0,0,0,0,0,0,0,0,0,0,0,0,0,0,0,0,0,0,0,0,0,0,0,0,0,0,0,0,0,0,0,0,0,0,0,0,0,0,0,0,0,0,0,0,0,0,0,0,0,0,0,0,0,0,0,0,0,0,3.88843e-05,0,0,0,0,0,0,0,0,0,0,0,0,0,0,0,0,1.40912e-05,0,5.07943e-05,0,0,0,0,0,0,0,0,0,0,0,0,0,0,0,0,0,0,0,0
"PWY-6210: 2-aminophenol degradation",0,0,0,0,0,0,0,0,0,0,0,0,0,0,0,0,0,0,0,0,0,0,0,0,0,0,0,0,0,0,0,0,0,0,0,0,0,0,0,0,0,0,0,0,0,0,0,0,0,0,0,0,0,0,0,0,0,0,0,0,0,0,0,0,0,0,0,0,0,0,0,0,0,0,0,0,0,0,0,0,0,0,0,0,0,0,0,0,0,0,0,0,0,0,0,0,0,0,0,0,0,0,0,0,0,0,0,0,0,0,0,0,0,0,0,0,0,0,0,0,0,0,0,0,0,0,0,0,0,0,0,0,0,0,0,0,0,0,0,0,0,0,0,0,0,0,0,0,0,0,0,0,0,0,0,0
"PWY-6215: 4-chlorobenzoate degradation",0,0,0,0,0,0,0,0,0,0,0,0,0,0,0,0,0,0,0,0,0,0,0,0,0,0,0,0,0,9.02794e-06,0,0,0,0,0,0,0,0,0,0,0,0,0,0,0,0,0,0,0,0,0,0,0,0,0,0,0,0,0,0,0,0,0,0,0,0,0,0,0,0,0,0,0,0,0,0,0,0,0,0,0,0,0,0,0,0,0,0,0,0,0,0,0,0,0,0,0,0,0,0,0,0,0,0,0,0,0,0,0,0,0,0,0,0,0,0,0,0,0,0,0,0,0,0,0,0,0,0,0,0,0,0,0,1.10142e-05,0,0,0,0,0,0,0,0,0,0,0,0,0,0,0,0,0,0,0,0,0,0
"PWY-621: sucrose degradation III (sucrose invertase)",0.000158983,0.000126161,7.23735e-05,0,5.582e-05,5.34299e-05,7.63256e-05,0,0.000218619,0.000121281,5.18697e-05,8.77294e-05,0,0.000143541,7.43564e-05,0,4.12209e-05,0,8.92896e-05,0,0,0.00013648,0,4.67894e-05,3.08008e-05,4.8044e-05,0.000102907,0.000250712,0.000103284,0.000195166,0.000183068,6.654e-05,7.61624e-05,0,0.000192905,0.0002055,0.000148365,0.000190423,0.000113667,6.64848e-05,3.39777e-05,9.36218e-05,0,0.000124408,0.000118649,3.18091e-05,3.88542e-05,0.000167312,0,0.000169661,0,8.96822e-05,0.00024279,0,0.000136241,0.000157788,0.000200163,0.000188737,0.000222469,6.87608e-05,8.32074e-05,8.51379e-05,6.2301e-05,0,0,3.85045e-05,0.000173922,0,0,0,2.28769e-05,0.000134994,7.22754e-05,5.98909e-05,0,0.00015141,8.61242e-05,3.94505e-05,0.000116967,0,5.30816e-05,0.000127888,7.89403e-05,4.0123e-05,0,7.70179e-05,0.000131611,0.000107441,3.78406e-05,0.000259824,0.000186847,3.64174e-05,5.22458e-05,0.000148532,9.56414e-05,2.68946e-05,0,7.3022e-05,0,3.11165e-05,0.000244193,0.00053649,6.12439e-05,0,0,0,0,0.000178362,0.000108204,0,7.59902e-05,9.0446e-05,4.18374e-05,6.86616e-05,0.000167381,0.000254061,0.000238839,0,0,2.6657e-05,6.76931e-05,0,0,0.00018869,6.80047e-05,0,0.000199145,0.000144083,4.96491e-05,0,0,0.000211479,5.77085e-05,0.000147168,0,0.000109466,7.9677e-05,3.78291e-05,0,5.98981e-05,0.000167025,0.00015875,3.68997e-05,4.71845e-05,9.28607e-05,0,7.77283e-05,0,0,0,0,0,0,0.000199695,0.000136525,2.82553e-05
"PWY-622: starch biosynthesis",0,0,0,0,0,0,0.000417375,0,0,0,0,0,0,0.000164283,0,0.000204308,0,0.000322391,0,0,0,0,0,0,0,0.000296644,0,0.000392756,0,0,0,0,0.000490205,0,0,0,0,0,0,0,0,0.000177887,0,0,0,0,0,0.000190443,0,0.000271336,0.000168573,0,0,0,0.000164737,0,0,0.000213429,0,0,0,0,0.000164039,0,0,0,0,0,0.000283598,0,0,0,0,0,0,0.000125308,0,0,0,0.000203752,0.000183509,0,0,0,0.000102673,0,0.000327595,0.000286936,0,0.000520426,0,0.000180089,0,0.0004142,0.00017527,0,0,0,0,0,0.000182542,0,0,0,0,0,0,9.94002e-05,0,0,0.00040239,0,0.00034979,0.000145011,0,0.00035622,0,0,0.000207837,0,0,0,0,0,0,0,0,0,0,0,0,0,0,0,0,0.00016728,0,0,0,0,0,0,0,0,0,0,0,0,0,0,0,0,0,0,0,0
"PWY-6269: superpathway of adenosylcobalamin salvage from cobinamide II",0,0,0,0,0,0,0,0,0,0,0,0,0,0,0,0,0,0,0,0,0,0,0,0,0,0,0,0,0,0,0,0,0,0,0,0,0,0,0,0,0,0,0,0,0,0,0,0,0,0,0,0,0,0,0,0,0,0,0,0,0,0,0,0,0,0,0,0,0,0,0,0,0,0,0,0,0,0,0,0,0,0,0,0,0,0,0,0,0,0,0,0,0,0,0,0,0,0,0,0,0,0,0,0,0,0,0,0,0,0,0,0,0,0,0,0,0,0,0,0,0,0,0,0,0,0,0,0,0,0,0,0,0,0,0,0,0,0,0,0,0,0,0,0,0,0,0,0,0,0,0,0,0,0,0,0
"PWY-6270: isoprene biosynthesis I",0.000238215,0.000189978,0,0,0.000231802,0.000356958,0.000454804,0.000389244,0.000243131,0.000253933,0.000101214,0.000161451,0.000207426,0.000403627,0.000468765,0,0.000401011,0.000402011,0.000178375,0,0.000179177,0.000304944,0,0,0.000221191,0.000179643,0.000449544,0.000288018,0.000363818,0.000175171,0.000374533,0.000360533,0.000497957,0.000295967,0.000394561,0.000107402,0.000206232,0.000325452,0.000205496,0.000226302,0.000179134,0.000329154,0.000165842,0.000214432,0.000315963,0.000383171,0,0.000285833,0.000214001,0.000415218,0.000366381,0.000272446,0.000322145,0.000269807,0.000118311,0.00015672,0.000484122,0.000446295,0.00048706,0.000324558,0.000117069,0.000467362,0.000117132,0.00039938,0.000178024,0.000114081,0.000320356,0.00041153,0.000253426,0,0.000187641,0,0.000218745,0.000147081,7.5193e-05,0.000242445,0.000146632,0.000146625,0.000131796,0.000367962,0.000294873,0,0.000429864,0.000488682,0.000243278,0.000149986,0.000560911,0.000209431,0.000167163,0.000201982,0.000168765,0.000199031,0,0.000392252,0.000406273,9.53762e-05,0.000305974,0.000441549,0.000395336,0.000190137,0.00020487,0.000507431,0.000351975,0.000330897,0.00020389,0.000128368,0.000231572,0.000230154,0,0.000211018,0.000402524,0.000296879,0.000370147,0.000218298,0.000135546,0,0.000383992,0.000268799,0.000353632,0.000224384,0,0.000182429,9.74405e-05,0.000281437,0.000164095,0,0.00026112,0.000174883,0,0.000206432,0.000163701,0.00022477,0,0.000138617,0.000173019,0.000258541,0.000325379,0.000208318,0,0.000140049,0.000250907,0,0.000249574,0.00021605,0.000188201,0.000195297,0.000205956,0.000127501,0,0.000175281,0.00017052,0,0,0.000356624,0,0.000148634
"PWY-6277: superpathway of 5-aminoimidazole ribonucleotide biosynthesis",0.000447299,0.000297591,0.00045432,0.00033964,0.000631406,0.000497398,0.000550314,0.000505239,0.000457828,0.000264545,0.000332654,0.000494997,0.000240644,0.00044959,0.000648156,0.000645826,0.000484556,0.000437121,0.000477079,0.000168889,0.000302629,0.000479106,0.0003016,0.000311159,0.000222559,0.000562031,0.000540266,0.000533155,0.000489859,0.0003849,0.000619912,0.000301878,0.000539784,0.000424564,0.000459665,0.000325177,0.000278126,0.00057116,0.000367402,0.000287517,0.000301589,0.000432844,0.000431574,0.000396131,0.000406129,0.000518242,0.000254149,0.000523649,0.000308826,0.000576647,0.000514194,0.000425618,0.00042417,0.000518839,0.000429186,0.000513262,0.000518245,0.000530758,0.000502295,0.000422307,0.0002232,0.000644238,0.000361775,0.000350927,0.000320585,0.000187162,0.000399431,0.000541375,0.000427335,0.00037379,0.000271251,0.000304415,0.000315897,0.000232992,0.000266136,0.000415813,0.000317655,0.000191592,0.000245485,0.000635136,0.000451489,0.00027831,0.000500978,0.000690631,0.000442234,0.000286166,0.000535727,0.000364739,0.000392306,0.000632144,0.000415184,0.000397242,0.000369113,0.000593647,0.000609523,0.000207512,0.000479896,0.000509835,0.000505615,0.000346066,0.000436851,0.000449759,0.000498169,0.000473576,0.000365898,0.00024785,0.000398018,0.000439979,0.000523581,0.000226016,0.000659764,0.000489083,0.000609043,0.000342617,0.000315737,0.000670369,0.000555558,0.000394119,0.000472837,0.000380924,0.000469843,0.000223318,0.000219763,0.000453632,0.000307515,0.000308159,0.000397484,0.000391737,0.0002603,0.000208902,0.000203922,0.000393271,0.000409113,0.000337386,0.000250362,0.000291603,0.000355939,0.0002698,0.000372877,0.000475773,0.000338472,0.000436901,0.000417475,0.000454179,0.000278204,0.000395721,0.00034223,0.000310252,0.00037194,0.000348558,0.000291159,0.000362428,0.000331418,0.000435582,0.000305998,0.000252422
"PWY-6281: L-selenocysteine biosynthesis II (archaea and eukaryotes)",0,0,0,0,0,0,0,0,0,0,0,0,0,0,0,0,0,0,0,0,0,0,0,0,0,0,0,0,0,0,0,0,0,0,0,0,0,0,0,0,0,0,0,0,0,0,0,0,0,0,0,0,0,0,0,0,0,0,0,0,0,0,0,0,0,0,0,0,0,0,0,0,0,0,0,0,0,0,0,0,0,0,0,0,0,0,0,0,0,0,0,0,0,0,0,0,0,0,0,0,0,0,0,0,0,0,0,0,0,0,0,0,0,0,0,0,0,0,0,0,0,0,0,0,0,0,0,0,0,0,0,0,0,0,0,0,0,0,0,0,0,0,0,0,0,0,0,0,0,0,0,0,0,0,0,0
"PWY-6282: palmitoleate biosynthesis I (from (5Z)-dodec-5-enoate)",7.92198e-05,0,5.7649e-05,0,0,0,0,3.7825e-05,0.000141367,0,0,4.74989e-05,0,4.53323e-05,0,4.00654e-05,0,4.61168e-05,0,5.72224e-05,0,0,9.35372e-05,0,0,0,5.25013e-05,0.000244309,0,0.000257158,0,1.97105e-05,0,0,0,0,0.000121225,0,0.000224629,0,3.87693e-05,0,0,0.000196361,0,0,0,0,0,0,0,4.91563e-05,0.000150857,0,2.71672e-05,0.000421717,0,7.91903e-05,0,8.11149e-05,0,0,0.000133346,0,8.43296e-05,0.000155979,4.03163e-05,0,0.000111183,6.55892e-05,0,0,0.000153204,0,0,0.000163106,6.13858e-05,0,0.000124255,0,4.64167e-05,0,0,0,5.04148e-05,0,2.81164e-05,5.81108e-05,0,0.000109368,0.000204459,5.48685e-05,0,1.63207e-05,0,0,0,0,0,0.000163152,3.95022e-05,5.31958e-05,0,0,3.44405e-05,0,0,0.000147323,0,0,8.13424e-05,0.000111644,3.44615e-05,0,7.8536e-05,4.43729e-05,6.51297e-05,0,0,6.70081e-05,7.80535e-05,5.11522e-05,0,7.91487e-05,0.000131458,0,0.000256649,0.000268082,6.91785e-05,0,6.89772e-05,0,0,0.000442496,0,0.000293075,0,0.000102073,0,0,0.000102367,4.73228e-05,4.32264e-05,0.000126569,0,0,6.71903e-05,0,0,0,0,9.97315e-05,0,0,0,8.48858e-05
"PWY-6284: superpathway of unsaturated fatty acids biosynthesis (E. coli)",0,0,0,0,0,0,0,4.12457e-05,8.67253e-05,0,0,4.67824e-05,0,0,0,4.39325e-05,0,5.0573e-05,0,0,0,0,0,0,0,0,0,0,0,0.00018466,0,0,0,0,0,0,8.82146e-05,0,0,0,0,0,0,0.000140906,0,0,0,0,0,0,0,0,0.000120357,0,0,0.000261777,0,7.99928e-05,0,0,0,0,0,0,3.53897e-05,0.000102298,0,0,0,0,0,0,9.49734e-05,0,0,0.000151825,0,0,7.81851e-05,0,4.53322e-05,0,0,0,0,0,0,0,0,9.95211e-05,0.000194166,0,0,0,0,0,0,0,0,0,0,0,0,0,3.76768e-05,0,0,0.000123412,0,0,6.23586e-05,0,0,0,0,4.88904e-05,4.97675e-05,0,0,0,0,0,0,0,0,0,0.000175591,0.000206987,0,0,0,0,0,0.000287256,0,0.000203983,0,0,0,0,0,0,0,0,0,0,6.55478e-05,0,0,0,0,0,0,0,0,0
"PWY-6285: superpathway of fatty acids biosynthesis (E. coli)",0,0,0,0,0,0,0,0,0.000114666,0,0,4.97599e-05,0,0,0,0,0,0,0,0,0,0,0,0,0,0,0,0,0,0.000216722,0,0,0,0,0,0,0,0,0,0,0,0,0,0.000170918,0,0,0,0,0,0,0,0,0.000130819,0,0,0.000320661,0,8.34254e-05,0,0,0,0,0,0,0,0.000110378,0,0,0,0,0,0,0.000120662,0,0,0.000165686,0,0,0,0,0,0,0,0,0,0,0,0,0,0,0.000204072,0,0,0,0,0,0,0,0,0,0,0,0,0,0,0,0,0.000144843,0,0,0,0,0,0,0,0,0,0,0,0,0,0,0,0,0,0,0.000194408,0.000235815,0,0,0,0,0,0.000337809,0,0.000242857,0,0,0,0,0,0,0,0,0,0,0,0,0,0,0,0,0,0,0,0
"PWY-6292: superpathway of L-cysteine biosynthesis (mammalian)",0,8.19257e-05,5.77034e-05,4.45655e-05,4.07933e-05,0,0,5.54481e-05,0,3.67006e-05,0,7.73263e-05,0,5.13559e-05,8.19868e-05,0.00012993,0,6.13412e-05,5.14069e-05,0,0,0,4.22094e-05,0,3.86954e-05,0.000101186,3.95817e-05,5.01429e-05,5.80792e-05,0,3.45465e-05,0,4.51353e-05,0,6.73593e-05,7.30522e-05,5.76124e-05,0,7.60039e-05,0,5.2292e-05,0,0,0,0,0,8.86607e-05,3.75273e-05,0,7.43939e-05,3.47808e-05,6.19639e-05,0,0,3.53122e-05,0,0,3.26711e-05,2.05824e-05,5.96167e-05,0,8.66323e-05,0,0,4.25025e-05,2.29739e-05,1.84878e-05,0,0,0,0,2.21351e-05,0,9.88045e-05,8.87061e-05,1.92176e-05,0,0,0,4.69842e-05,0,0,0,3.38907e-05,0,2.43479e-05,0,3.45129e-05,0,0.000149016,0,3.18455e-05,0,0,0,0,0,2.7973e-05,5.35704e-05,5.60025e-05,0,0,0,0,0,0,8.28939e-05,1.96976e-05,0,0,0,5.22492e-05,4.98211e-05,3.90084e-05,3.99704e-05,0.000106944,3.68862e-05,0,5.81321e-05,5.25797e-05,6.28586e-05,5.91689e-05,0.000156106,8.56777e-05,8.21649e-05,6.08562e-05,2.56302e-05,0,3.82831e-05,0,9.56568e-05,4.20552e-05,3.99964e-05,0,4.93271e-05,2.34126e-05,0,0,5.58457e-05,5.5694e-05,8.15004e-05,0.000120897,0,0,0,5.95657e-05,9.20539e-05,8.08318e-05,0,0,3.21267e-05,5.30492e-05,8.37467e-05,0,4.13073e-05,5.56804e-05
"PWY-6293: superpathway of L-cysteine biosynthesis (fungi)",0,0,0,0,0,0,0,0,0.000115564,0,0,1.63945e-05,0,0,8.60507e-05,0,0,0,0,0,0,0,0,0,0,0,5.95982e-05,0,0,0,4.75116e-05,0,4.41839e-05,0,0,0,2.47279e-05,0,5.94625e-05,0,1.4434e-05,0,0,8.95789e-05,0,0,0,0,0,3.55937e-05,0,0,4.26384e-05,0,0,0,0,5.64908e-05,3.58516e-05,0,0,0,0,0,0,3.16744e-05,0,0,0,0,0,0,0,0,0,4.00133e-05,0,0,0,0,0,0,0,0,0,0,0,0,0,0,5.38744e-05,0,0,0,0,0,0,4.14115e-05,0,3.56643e-05,0,0,0,0,0,0,0,1.01408e-05,0,0,0,0,0,0,0,0,3.16977e-05,0,0,0,0,0,0,0,0,0,6.39557e-05,0,0,0,0,5.00868e-05,0,0,0,0,0,0,0,0,3.27694e-05,0,0,0,0,0,0,0,0,0,0,0,0,0,0,0
"PWY-6305: superpathway of putrescine biosynthesis",0,3.33554e-05,0,0,0,0,3.56239e-05,0,0.000231797,0,0,0.000145541,0,0,0,0,0,0,0,0,0,0,7.27488e-05,0,0,0,9.44189e-05,8.04263e-05,0,0.000249997,0,0,0,0,0,3.1315e-05,0.000139307,0,0.000184398,0,5.76146e-05,0,4.08684e-05,0.000123189,5.16718e-05,0,4.93253e-05,0,0,0,0,0,0.000198851,0,6.50964e-05,0.000285598,0,0.000211614,0,2.37278e-05,0,0,4.97368e-05,0,3.95436e-05,8.56004e-05,0,0,0,0,5.4852e-05,0,0.000210546,0.000113742,8.06473e-05,0.000326515,8.52179e-05,0,4.83719e-05,0,0,3.79198e-05,0,0,0,2.59039e-05,0,0,0,0,0.000171739,0,0,0,0,0,0,0,0,0.000114565,0,0,0,0,4.175e-05,3.35513e-05,0,8.46556e-05,0.000134845,0,0,0.000110974,0,0,6.65809e-05,0,0.000106784,0,0,0,5.58663e-05,0,0,7.9233e-05,8.59428e-05,4.21161e-05,0.000164993,0.000314547,7.64002e-05,5.44086e-05,9.01021e-05,4.67845e-05,0,0.000261508,8.67162e-05,0.000168484,0,0.000121112,3.68255e-05,6.54686e-05,0.000107466,7.97024e-05,5.21925e-05,3.53857e-05,0.000103557,5.16725e-05,6.13481e-05,0,0,0,5.71444e-05,5.07009e-05,4.38668e-05,0,7.46622e-05,0
"PWY-6307: L-tryptophan degradation X (mammalian, via tryptamine)",0,0,0,0,0,0,0,0,0,0,0,0,0,0,0,0,0,0,0,0,0,0,0,0,0,0,0,0,0,0,0,0,0,0,0,0,0,0,2.93459e-06,0,0,0,0,0,0,0,0,0,0,0,0,0,0,0,0,0,0,0,0,0,0,0,0,0,0,0,0,0,0,0,0,0,0,0,0,0,0,0,0,0,0,0,0,0,0,0,0,0,0,0,0,0,0,0,0,0,0,0,0,0,0,0,0,0,0,0,0,0,0,0,0,0,0,0,0,0,0,0,0,0,0,0,0,0,0,0,0,0,0,0,0,0,0,0,0,0,0,0,0,0,0,0,0,0,0,0,0,0,0,0,0,0,0,0,0,0
"PWY-6313: serotonin degradation",0,0,0,0,0,0,0,0,0,0,0,0,0,0,0,0,0,0,0,0,0,0,0,0,0,0,0,0,0,0,0,0,0,0,0,0,0,0,3.83986e-06,0,0,0,0,0,0,0,0,0,0,0,0,0,0,0,0,0,0,0,0,0,0,0,0,0,0,0,0,0,0,0,0,0,0,0,0,0,0,0,0,0,0,0,0,0,0,0,0,0,0,0,0,0,0,0,0,0,0,0,0,0,0,0,0,0,0,0,0,0,0,0,0,0,0,0,0,0,0,0,0,0,0,0,0,0,0,0,0,0,0,0,0,0,0,0,0,0,0,0,0,0,0,0,0,0,0,0,0,0,0,0,0,0,0,0,0,0
"PWY-6317: D-galactose degradation I (Leloir pathway)",0.000382706,0.000215861,0.000338816,0.000174336,0.000441826,0.000369521,0.000382401,0.000363076,0.000406142,0.000352994,0.000224021,0.000227086,0,0.000397123,0.000496997,0.000358532,0.00047603,0.000436231,0.000291135,6.10479e-05,0.000233874,0.000453854,0.000129715,8.28875e-05,0.000153742,0.00045466,0.000629071,0.000363111,0.000431978,0.000311742,0.000400486,0.00036446,0.000593565,0.000435394,0.000545147,0.000249235,0.000201684,0.000535921,0.000193385,0.000209459,0.000167179,0.000336833,0.000237799,0.000351127,0.000430396,0.0002908,9.31953e-05,0.000358915,0.000290251,0.000314946,0.00034288,0.000293286,0.000346911,0.000139975,0.000222554,0.000301138,0.000651939,0.000356224,0.000586147,0.000263834,0.000156959,0.00050141,0.000198991,0.000353463,3.41076e-05,0.00010485,0.000391016,0.000503078,0.000327998,8.71634e-05,0.000103275,0.000216427,0.000201743,0.000147529,5.28925e-05,0.000279243,8.54241e-05,0,0.000113183,0.000478196,0.000265204,0.000199567,0.000404491,0.00048156,0.000126284,0.000214099,0.000523307,0.000249097,0.000210689,0.000380937,0.00028366,0.000347932,0.000248604,0.00049457,0.000528023,8.67118e-05,0.000268726,0.000555473,0.000418077,0.000138254,0.000353444,0.000557683,0.000417093,0.000283847,0.000289823,5.83414e-05,0.000254281,0.000383626,0.000294981,0.000125872,0.000389573,0.000369993,0.000456334,0.000148672,0.000181324,0.000375093,0.000379656,0.000369364,0.000261783,0.000186888,0.000319357,9.34972e-05,0.000141465,0.000327238,0.000295275,3.55541e-05,0.00025824,0.000249471,0.000133662,0.000159265,0.000102525,0.000298741,0.000152558,0.000216471,0.000137116,0.000201537,0.000356699,0.000180856,0.000186647,0,0.000233013,0.000317698,0.000200311,6.0808e-05,0.00027919,0.000145773,0.000225707,0.000185494,7.71509e-05,0.000192272,0.000159127,0.000118743,0.000238781,0.000344478,0.000200522,0.000118022
"PWY-6318: L-phenylalanine degradation IV (mammalian, via side chain)",0,0,0,0,0,0,0,0,0,0,0,1.02773e-05,0,0,0,0,0,0,0,0,0,0,0,0,0,0,0,0,0,0,0,0,0,0,0,0,0,0,0,0,0,0,0,1.29467e-05,0,0,0,0,0,0,0,0,1.08612e-05,0,0,0,0,0,0,0,0,0,0,0,0,0,0,0,0,0,0,0,0,0,0,0,0,0,0,0,0,0,0,0,0,0,0,0,0,0,0,0,0,0,0,0,0,0,0,0,0,0,0,0,0,0,0,0,0,0,0,0,0,0,0,0,0,0,0,0,0,0,0,0,0,0,0,1.53987e-05,0,0,0,0,0,1.51607e-05,0,0,0,0,0,0,8.58652e-06,0,0,0,0,0,0,0,0,0,0,0,0,0,0,0
"PWY-6328: L-lysine degradation X",0,0,0,0,0,0,0,0,0,0,0,0,0,0,0,0,0,0,0,0,0,0,0,0,0,0,0,0,0,8.40242e-05,0,0,0,0,0,0,0,0,0,0,0,0,0,1.1371e-05,0,0,0,0,0,0,0,0,7.95665e-06,0,0,0,0,8.85126e-06,0,0,0,0,0,0,0,0,0,0,0,0,0,0,6.87451e-06,0,0,5.39235e-05,0,0,0,0,0,0,0,0,0,0,0,0,0,0,9.08057e-05,0,0,0,0,0,0,0,0,0,0,0,0,0,0,0,0,0,0,0,0,0,0,0,0,0,0,0,0,0,0,0,0,0,0,0,6.48567e-06,1.7594e-05,0,0,0,0,0,0,0,0,0,0,0,0,0,0,0,0,0,0,0,0,0,0,0,0,0,0,0,0
"PWY-6349: CDP-archaeol biosynthesis",0,0,0,0,0,0,0,0,0,0,0,0,0,0,0,0,0,0,0,0,0,0,0,0,0,0,0,0,0,0,0,0,0,0,0,0,0,0,0,0,0,0,0,0,0,0,0,0,0,0,0,0,0,0.00012915,0,0,0,0,0,0,0,0,2.02083e-05,0,0,0,0,0,0,0,0,0,0,0,0,0,0,0,0,0,0,0,0,0,0,0,0,0,0,0,0,0,0,0,0,0,0,0,0,0,0,0,0,0,0,4.40358e-05,0,0,0,0,0,0,0,3.77323e-05,0,0,0,0,0,0,0,0,0,0,0,0,0,0,0,0,0,0,0,0,0,0,0,0,0,0,0,0,0,0,0,0,0,0,0,0,0,0,0,0,0,4.20545e-05
"PWY-6350: archaetidylinositol biosynthesis",0,0,0,0,0,0,0,0,0,0,0,0,0,0,0,0,0,0,0,0,0,0,0,0,0,0,0,0,0,0,0,0,0,0,0,0,0,0,0,0,0,0,0,0,0,0,0,0,0,0,0,0,0,0.000122868,0,0,0,0,0,0,0,0,0,0,0,0,0,0,0,0,0,0,0,0,0,0,0,0,0,0,0,0,0,0,0,0,0,0,0,0,0,0,0,0,0,0,0,0,0,0,0,0,0,0,0,4.15224e-05,0,0,0,0,0,0,0,0,0,0,0,0,0,0,0,0,0,0,0,0,0,0,0,0,0,0,0,0,0,0,0,0,0,0,0,0,0,0,0,0,0,0,0,0,0,0,0,0,0,3.64769e-05
"PWY-6351: D-myo-inositol (1,4,5)-trisphosphate biosynthesis",0,0,0,0,0,0,0,0,0,0,0,0,0,0,0,0,0,0,0,0,0,0,0,0,0,0,0,0,0,0,0,0,0,0,0,0,0,0,0,0,0,0,0,0,0,0,0,0,0,0,0,0,0,0,0,0,0,0,0,0,0,0,0,0,0,0,0,0,0,0,0,0,0,0,0,0,0,0,0,0,0,0,0,0,0,0,0,0,0,0,0,0,0,0,0,0,0,0,0,0,0,0,0,0,0,0,0,0,0,0,0,0,0,0,0,0,0,0,0,0,0,0,0,0,0,0,0,0,0,0,0,0,0,0,0,0,0,0,0,0,0,0,0,0,0,0,0,0,0,0,0,0,0,0,0,0
"PWY-6353: purine nucleotides degradation II (aerobic)",8.67472e-05,0,0,0,0,0.000164612,6.40113e-05,0.000170353,0.000266165,5.23637e-05,0,0.000169685,0,0.000122754,0.000119312,0.00010722,8.82468e-05,0.000144136,0,6.85208e-05,0,9.05103e-05,0,0,0,0,0.000256366,0.000137782,0.000119761,0.000422564,7.78531e-05,9.06663e-05,0.0001622,7.22022e-05,0.000245818,0,0.000153085,0.000103799,0,0,0.000182145,5.06477e-05,0,0.00027858,0.000185076,4.73426e-05,0,0.000100592,0,0.0001595,0,0,0.000332979,0,9.0013e-05,0.000323346,0.000363504,0.00026222,0.000123556,0,0,0,7.99538e-05,9.12524e-05,0,0.000196047,0.000178796,7.10483e-05,0,0,0,0,0.000236697,0,0,0.000244966,0,0,0.000115042,0.000130942,0.000123478,0,0.000130479,0.000239004,0,0,0.000205328,0,0,0.000120774,0.000371943,6.94823e-05,4.44149e-05,0.000130951,0.000131911,0,0,8.45524e-05,0.000207761,0,0,0.000277154,0,8.0431e-05,0.000110373,0,7.50384e-05,0.00026597,0.00012408,0,0.000162975,0.000245116,0.000137472,0,0,9.32326e-05,0.000107193,0,0.000103845,8.39041e-05,0,0,9.34859e-05,0.000143416,5.42632e-05,0,0.000381023,0.00025731,0,0,0,7.97721e-05,0,0.000402298,9.95206e-05,0.00011511,0.000122805,3.97619e-05,0,0,0.000181157,5.86552e-05,6.17915e-05,0,6.04231e-05,0,0.00015868,0,0,0,0,0,0,0.000112068,0,0
"PWY-6385: peptidoglycan biosynthesis III (mycobacteria)",0.000381281,0.00026686,0.00044564,0.000388174,0.000433074,0.00048751,0.000507458,0.000529053,0.000477999,0.000316534,0.000266196,0.000396856,0.000201701,0.000453176,0.000539286,0.000416618,0.000504596,0.000425455,0.000387637,0.000213808,0.000311737,0.000380761,0.000200857,0.00017695,0.0003188,0.000411245,0.000607009,0.000401636,0.000403715,0.000366368,0.000516817,0.000404093,0.000586397,0.000438535,0.000609496,0.000302982,0.000290084,0.000513867,0.000342996,0.000451056,0.000301223,0.000425582,0.000333954,0.000379102,0.000411547,0.000512731,0.000315376,0.000487735,0.000303895,0.000598205,0.000430358,0.000349944,0.000384484,0.000276347,0.000317455,0.000343049,0.000580335,0.000542891,0.000630415,0.000348212,0.000250481,0.000530792,0.000309406,0.000387417,0.000340144,0.000217031,0.000423159,0.00044553,0.000389483,0.000297094,0.000263204,0.000251745,0.000263845,0.000189965,0.000125133,0.00037181,0.000322927,0.000345046,0.000283743,0.000548346,0.000444081,0.000233853,0.00043718,0.000638931,0.000415354,0.000229057,0.000575019,0.000319743,0.000311325,0.000722432,0.000330238,0.000418969,0.000333629,0.000553315,0.000541546,0.00021707,0.000326319,0.000459412,0.000468506,0.000295871,0.000446151,0.000519618,0.000491819,0.00039663,0.000280691,0.000276208,0.000345224,0.000410435,0.000489415,0.000225899,0.00073181,0.000484396,0.000475261,0.000278863,0.000331172,0.000453651,0.000373479,0.000369715,0.000420191,0.000366085,0.000388462,0.000145807,0.000192101,0.000380829,0.000335843,0.000275275,0.000407469,0.000395029,0.000223183,0.00025239,0.000190382,0.000344582,0.000395077,0.000275805,0.000283966,0.00031763,0.00039436,0.000288064,0.000436449,0.000448406,0.000399571,0.00037088,0.000299326,0.000516276,0.0002948,0.000335946,0.000274012,0.000281969,0.000341702,0.000258871,0.000230095,0.000255398,0.00024688,0.000461461,0.000333897,0.000147111
"PWY-6386: UDP-N-acetylmuramoyl-pentapeptide biosynthesis II (lysine-containing)",0.000427467,0.000284279,0.000517124,0.000403374,0.000530552,0.000527849,0.00056648,0.000582706,0.000467239,0.000320151,0.000299649,0.000403605,0.000195413,0.000489262,0.000580072,0.000582751,0.000529649,0.000513632,0.000471981,0.000205971,0.000365787,0.000476207,0.000228174,0.000172837,0.000336582,0.000578722,0.00065234,0.000533512,0.000429035,0.000338245,0.000575965,0.000413903,0.000626731,0.000519864,0.000604292,0.000300418,0.000289773,0.000546264,0.000331873,0.000495333,0.000287446,0.000542733,0.000486741,0.000387929,0.000465568,0.000605868,0.000349472,0.000574496,0.000362807,0.000640536,0.000529016,0.000440056,0.00038858,0.000444571,0.000333483,0.000357141,0.000623597,0.000557017,0.000658299,0.000351245,0.000261265,0.00060229,0.000364327,0.000478222,0.000354705,0.000219495,0.000458289,0.000500897,0.000472991,0.000315472,0.000276632,0.00024704,0.000254528,0.000188889,0.000126569,0.000353855,0.000332788,0.000348487,0.000299606,0.000638665,0.000503085,0.000257992,0.000470154,0.000752884,0.000451183,0.00024588,0.000659499,0.000363831,0.000360015,0.000730136,0.000318613,0.000430957,0.000403442,0.000616587,0.000604136,0.000211545,0.000390992,0.000596108,0.000504046,0.000270102,0.000508358,0.000558811,0.000505449,0.000405329,0.000330924,0.000279718,0.000384835,0.000415945,0.000574955,0.000249169,0.000759358,0.000552632,0.000529446,0.000285369,0.0003208,0.000614362,0.000426451,0.000440797,0.000521539,0.000395871,0.000404916,0.000185654,0.000183758,0.00038826,0.000346553,0.000300073,0.00038596,0.000379461,0.000234819,0.000267877,0.000192164,0.000373023,0.000369908,0.000274021,0.000304845,0.00032767,0.000448178,0.000303257,0.000441571,0.000423135,0.000398072,0.000393332,0.000357723,0.000528033,0.000323614,0.000323407,0.000288471,0.000307039,0.000332723,0.000279337,0.000238615,0.000283308,0.00038952,0.000475487,0.000385293,0.000219478
"PWY-6387: UDP-N-acetylmuramoyl-pentapeptide biosynthesis I (meso-diaminopimelate containing)",0.000406778,0.000279776,0.000494019,0.000445382,0.000510558,0.000512992,0.000532746,0.000543563,0.000459027,0.000322148,0.000295054,0.000395706,0.000252138,0.000477683,0.00056708,0.000574981,0.000517301,0.000493988,0.000442417,0.000242774,0.000327184,0.000465841,0.000232391,0.000300811,0.0003378,0.000554734,0.000646678,0.000516982,0.000427698,0.000347039,0.000560273,0.000415701,0.000613214,0.000502637,0.000614123,0.000303859,0.000284493,0.000524804,0.000321191,0.000531054,0.000312011,0.000504515,0.000466704,0.000376806,0.000435848,0.000588939,0.000342418,0.000549545,0.000352837,0.000613941,0.000522632,0.0004147,0.000377003,0.000427391,0.000332001,0.000345423,0.000596083,0.000547381,0.000643072,0.00036611,0.000265504,0.000573072,0.000350708,0.000443538,0.000391688,0.000218727,0.000442127,0.000484809,0.000463594,0.000314098,0.000268324,0.000243965,0.000277121,0.000196399,0.000170757,0.000357321,0.000335626,0.00035744,0.00029088,0.00062571,0.000492658,0.000256635,0.000460848,0.000710065,0.00045057,0.000241034,0.000640755,0.000355943,0.00033249,0.000702452,0.000325104,0.000416354,0.000392507,0.000600655,0.000573061,0.000209163,0.000387787,0.00057143,0.000490265,0.000285766,0.000484956,0.000537681,0.000507088,0.000416133,0.000315254,0.000288376,0.000374144,0.000402978,0.000553459,0.000241194,0.000742534,0.000527146,0.000524662,0.000288064,0.000346328,0.000584042,0.000407935,0.000400983,0.000476522,0.000384683,0.000400613,0.000168794,0.000217466,0.000416105,0.000357032,0.000302391,0.000390482,0.00039483,0.000230384,0.000259241,0.000190319,0.000386254,0.000381023,0.000256691,0.00028513,0.000325989,0.000432411,0.000306262,0.000474161,0.000447294,0.000400789,0.000384567,0.000358019,0.000551864,0.000312068,0.000347267,0.000305016,0.000302835,0.000341193,0.000262128,0.000271677,0.000283706,0.000385019,0.000471769,0.000365361,0.000204202
"PWY-6396: superpathway of 2,3-butanediol biosynthesis",0,0,0,0,0,0,0,0,0,0,0,0,0,0,0,0,0,0,0,0,0,0,0,0,0,0,0,0,0,0,0,0,0,0,0,0,0,0,0,0,0,0,0,0,0,0,0,0,0,0,0,0,0,0,0,0,0,0,0,0,0,0,0,0,0,0,0,0,0,0,0,0,0,0,0,0,0,0,0,0,0,0,0,0,0,0,0,0,0,0,0,0,0,0,3.26259e-05,0,0,0,0,0,0,0,0,0,0,0,0,0,0,0,0,0,0,0,0,0,0,0,0,0,0,0,0,0,0,0,0,0,0,0,0,0,0,0,0,2.06124e-05,0,0,0,0,0,0,0,0,0,0,0,0,0,0,0,0,0,0,0,0
"PWY-6415: L-ascorbate biosynthesis V (euglena, D-galacturonate pathway)",0,0,0,0,0,0,0,0,0,0,0,0,0,0,0,0,0,0,0,0,0,0,0,0,0,0,0,0,0,0,0,0,0,0,0,0,0,0,0,0,0,0,0,0,0,0,0,0,0,0,0,0,0,0,0,0,0,0,0,0,0,0,0,0,0,0,0,0,0,0,0,0,0,0,0,0,0,0,0,0,0,0,0,0,0,0,0,0,0,0,0,0,0,0,0,0,0,0,0,0,0,0,0,0,0,0,0,0,0,0,0,0,0,0,0,0,0,0,0,0,0,0,0,0,0,0,0,0,0,0,0,0,0,0,0,0,0,0,0,0,0,0,0,0,0,0,0,0,0,0,0,0,0,0,0,0
"PWY-6435: 4-hydroxybenzoate biosynthesis III (plants)",0,0,0,0,0,0,0,0,0,0,0,2.77215e-05,0,0,0,0,0,0,0,0,0,0,0,0,0,0,0,0,0,0,0,0,0,0,0,0,0,0,0,0,0,0,0,0,0,0,0,0,0,0,0,0,0,0,0,0,0,0,0,0,0,0,0,0,0,0,0,0,0,0,0,0,0,0,0,0,0,0,0,0,0,0,0,0,0,0,0,0,0,0,0,0,0,0,0,0,0,0,0,0,0,0,0,0,0,0,0,0,0,0,0,0,0,0,0,0,0,0,0,0,0,0,0,0,0,0,0,0,0,0,0,0,0,0,0,0,0,0,0,0,0,0,0,0,0,0,0,0,0,0,0,0,0,0,0,0
"PWY-6467: Kdo transfer to lipid IVA III (Chlamydia)",0,0,0,0,0,0,0,0,0,0,0,0,0,0,0,0,0,0,0,0,0,0,0,0,0,0,0,0,0,0,0,0,0,0,0,0,0,0,0,0,0,0,0,0,0,0,0,0,0,0,0,0,0,0,0,0,0,0,0,0,0,0,0,0,0,0,0,0,0,0,0,0,0,0,0,0,0,0,0,0,0,0,0,0,0,0,0,0,0,0,0,0,0,0,0,0,0,0,0,0,0,0,0,0,0,0,0,0,0,0,0,0,0,0,0,0,0,0,0,0,0,0,0,0,0,0,0,0,0,0,0,0,0,0,0,0,0,0,0,0,0,0,0,0,0,0,0,0,0,0,0,0,0,0,0,0
"PWY-6470: peptidoglycan biosynthesis V (&beta;-lactam resistance)",0.000116166,0,0,0,0,0.000107958,9.45402e-05,0,0,0,0,0,0,0,0.000120268,7.18956e-05,0,0.000103647,0.000139583,0,0,0,0,0,0,8.03423e-05,0,0,9.04628e-05,0,0,0,0.000168371,0,0,0,0,0,0.000174293,0,0,0,0,7.42661e-05,0,0,0,0,0,7.70429e-05,0,0,0,0,0,0,0,0,0,0,0,0,0,0,0,5.04437e-05,0,0,0,0,0,0,0,0,0,0,9.71379e-05,0,0,0.000174902,0.000156254,0,9.29526e-05,0.000131759,0,0,0,0,0,0,5.12804e-05,0,0,0,0.000195168,0,0,5.33184e-05,0,0,0,0,0,0,7.47847e-05,0,0,0,0.000107186,0,0,0,0,0,0,0,9.53304e-05,0,0,0,7.50685e-05,0,0,0,0,0,0,0,0,0,0,0.000130258,0,0,0,7.11624e-05,0,0,0,0,0,0,0,0,0,0,0,0,0,0,0,0,0,0,0,0
"PWY-6471: peptidoglycan biosynthesis IV (Enterococcus faecium)",0,0,0,0,0,0,0,0,0,0,0,0,0,0,0,0,0,0,0,0,0,0,0,0,0,0,0,0,0,0,0,0,0.000181538,0,0,0,0,0,0,0,0,0,0,0,0,0,0,0,0,0,0,0,0,0,0,0,0,0,0,0,0,0,0,0,0,0,0,0,0,0,0,0,0,0,0,0,0,0,0,0,0,0,0,0,0,0,0,0,0,0,0,0,0,0,0.000209417,0,0,0,0,0,0,0,0,0,0,0,0,0,0,0,0,0,0,0,0,0,0,0,0,0,0,0,0,0,0,0,0,0,0,0,0,0,0,0,0,0,0,0,0,0,0,0,0,0,0,0,0,0,0,0,0,0,0,0,0,0
"PWY-6478: GDP-D-glycero-&alpha;-D-manno-heptose biosynthesis",0,0,0,0,0,0,0,0,0,0,0,0,0,0,0,0,0,0,0,0,0,0,0,0,0,0,0,0,0,0,0,0,0,0,0,0,0,0,0,0,0,0,0,0,0,0,0,0,0,0,0,0,0,0,0,0,0,0,0,0,0,0,0,0,0,0,0,0,0,0,0,0,0,0,0,0,0,0,0,0,0,0,0,0,0,0,0,0,0,0,0,0,0,0,0,0,0,0,0,0,0,0,0,0,0,0,0,0,0,0,0,0,0,0,0,0,0,0,0,0,0,0,0,0,0,0,0,0,0,0,0,0,0,0,0,0,0,0,0,0,0,0,0,0,0,0,0,0,0,0,0,0,0,0,0,0
"PWY-6507: 4-deoxy-L-threo-hex-4-enopyranuronate degradation",6.19918e-05,0,3.27841e-05,0,4.46277e-05,0,0,0,0.000112769,0,0,4.75234e-05,0,6.23094e-05,0,5.79167e-05,0,0,0,3.45277e-05,0,6.87408e-05,0,0,0,4.16061e-05,4.41121e-05,3.57869e-05,0,0.000136823,0,0,5.12764e-05,4.03186e-05,0,0,0.000102032,0,3.26251e-05,0,3.96931e-05,3.55962e-05,0,0.00010348,4.12893e-05,0,0,0,0,0,0,0,5.81299e-05,0,4.61168e-05,0.000109308,0,6.33474e-05,0,6.28894e-05,3.62678e-05,4.69684e-05,3.19675e-05,0,0,2.78317e-05,0,0,0,0,5.17772e-05,6.22588e-05,6.80122e-05,9.56974e-05,0,9.51675e-05,0,0,6.26499e-05,0,0,2.85167e-05,4.51412e-05,3.02663e-05,0,2.21913e-05,0,0,6.31349e-05,0,8.61432e-05,0,5.90761e-05,0,6.09809e-05,0,0,0,0,0,0,0,5.97646e-05,3.94083e-05,0,0,0,7.88974e-05,0,0,0,5.26067e-05,0,0,0,7.18022e-05,3.63468e-05,0,0,1.84419e-05,8.60697e-05,0,0.000126679,4.8498e-05,0,0,0.000218036,6.85679e-05,0,4.33339e-05,0,0,0,0.000129487,3.24472e-05,0.00010148,5.7139e-05,4.75545e-05,0,0,0.000143632,4.66484e-05,0,0,0,0,2.17341e-05,0,5.17133e-05,0,0,0,9.68754e-05,1.72314e-05,4.31098e-05,0
"PWY-6518: bile acids epimerization",0,0,0,0,0,0,0,0,0,0,0,0,0,0,0,0,0,0,0,0,0,0,0,0,0,0,0,0,0,0,0,0,0,0,0,0,0,0,0,0,0,0,0,0,0,0,0,0,0,0,0,0,0,0,0,0,0,0,0,0,0,0,0,0,0,0,0,0,0,0,0,0,0,0,0,0,0,0,0,0,0,0,0,0,0,0,0,0,0,0,0,0,0,0,0,0,0,0,0,0,0,0,0,0,0,0,0,0,0,0,0,0,0,0,0,0,0,0,0,0,0,0,0,0,0,0,0,0,0,0,0,0,0,0,0,0,0,0,0,0,0,0,0,0,0,0,0,0,0,0,0,0,0,0,0,0
"PWY-6519: 8-amino-7-oxononanoate biosynthesis I",7.58095e-05,0,0,0,0,0,0,0,0.000138009,0,0,5.24317e-05,0,0,0,0,0,4.38593e-05,0,4.92361e-05,0,0,0,0,0,0,4.80934e-05,0.00012981,0,0.0002475,0,0,0,0,0,0,0.000126831,0,0.000225278,0,3.78836e-05,0,0,0.000171392,0,0,0,0,0,0,0,0,0.000142927,0,2.74833e-05,0.000370756,0,9.7265e-05,0,5.50947e-05,0,0,6.73503e-05,0,0,0.000122825,0,0,9.77059e-05,0,0,0,0.000141475,0,0,0.0001674,6.95231e-05,0,0.000124433,0,0,0,0,0,0,0,0,0,0,0,0.000225503,0,0,1.92718e-05,0,0,0,0,0,0.00011749,0,0,0,0,0,0,0,0.000137702,0,0,0,6.79903e-05,0,0,7.89038e-05,0,6.74874e-05,0,0,4.65681e-05,6.79437e-05,0,0,0,0.000129545,0,0.000255133,0.0002767,6.2051e-05,0,0,0,0,0.000342582,0,0.000206503,0,9.54996e-05,0,0,9.34248e-05,4.39063e-05,4.66961e-05,0.000146471,0,0,5.87399e-05,0,0,0,0,6.48524e-05,0,0,0,7.08264e-05
"PWY-6527: stachyose degradation",0.00022273,0.000196738,0.00015856,0,0.000268131,0.000338504,0.000458773,0.000423318,0.000365679,0.000189903,0.000193559,0.000179475,0,0.000309373,0.000440892,0.000100638,0.000476573,0.000319527,0.000226719,0.000102694,8.86595e-05,0.000247665,0.000121546,6.17859e-05,5.29748e-05,0.000234833,0.000764362,0.000399865,0.000293229,0.000348584,0.000434609,0.000398468,0.000687368,0.000367116,0.000368389,0.000264099,0.000220173,0.000241775,0.000160456,0.000104123,7.94354e-05,0.000155029,0.000150343,0.000240499,0.00047871,0.00022319,0,0.000135965,0.000220408,0.000228092,0.000155741,0.000123861,0.000245571,0.000118396,0.000168817,0.000388669,0.000562071,0.000277628,0.000475206,0.000223091,0.000122735,0.000490856,0.000183929,0.000472532,0,0.000172273,0.000278767,0.000381927,0.000187919,5.63023e-05,8.96621e-05,0.000187394,0.00018431,4.09662e-05,0,0.000164648,0.000106877,0,8.75137e-05,0.000381917,0.000181176,0.00017452,0.000343576,0.000605499,0.000139475,0.000195264,0.000368364,0.000181962,0.000122414,0.000348582,0.000258093,0.00024896,0.00018248,0.000522591,0.000586391,0,0.000186699,0.00048369,0.000425002,5.48454e-05,0.000158304,0.00037742,0.000476039,0.000216778,0.0001978,0,0.000183086,0.000215682,0.000211032,0.000126445,0.000260109,0.000372705,0.000341787,0.000116975,0.000167249,0.000428962,0.000299036,0.000263073,0.000236016,0.000177843,0.000389679,0,7.83055e-05,0.000296413,0.000233013,0,0.000266229,0.000212146,0.00011103,0.000146219,0,0.000325022,0.000144768,0.000192752,6.62037e-05,0.000185348,0.00043616,3.9883e-05,0.000210775,0,0.000210924,0.000343167,0.000224739,4.53447e-05,0.000273243,0.000106219,0.000227888,5.1586e-05,0,0.000154994,0.000125916,9.50373e-05,0.000212433,0.00035684,0.00018012,0
"PWY-6531: mannitol cycle",0,0,0,0,0,0,2.62819e-05,0,0.000170314,0,0,4.46364e-05,0,0,0,0,0,0,0,0,0,0,0,0,0,0,5.5813e-05,6.11316e-05,0,0.000186634,0,0,0,0,0,0,6.56336e-05,0,5.4814e-05,0,2.92342e-05,0,0,0.000119666,3.258e-05,0,0,0,0,0,0,0,0.000206247,0,6.29577e-05,0.000142183,0,0.000130133,0,1.39353e-05,0,0,2.61731e-05,0,0,3.66884e-05,0,0,0,0,0,0,5.74804e-05,3.19701e-05,0,0.000143684,2.24505e-05,0,4.591e-05,0,0,0,0,0,0,0,0,0,0,0,0.000150799,0,0,3.31322e-05,0,0,0,0,0,2.00498e-05,0,0,0,0,0,0,0,4.36165e-05,1.20094e-05,0,0,5.16585e-05,0,0,0,0,6.57425e-05,0,0,1.62354e-05,0,0,0,0,0,0,0.000116143,0.000201929,0,0,0,0,0,0.000147611,0,2.75506e-05,0,0,0,0,4.65809e-05,0,2.25124e-05,0,0,0,0,0,0,0,0,0,0,0,0,0
"PWY-6545: pyrimidine deoxyribonucleotides de novo biosynthesis III",0,0,0,0,0,0,0,0,0.00010549,0,0,0.000134365,0,0,0,0,0,0,0,0,0,0,0,0,0,0,0,4.38557e-05,0,5.79093e-05,0,0,0,0,0,0,7.83997e-05,0,9.09354e-05,0,0,0,0,0.000172938,0,0,0,0,0,0,8.74372e-05,4.58661e-05,0.00014569,0,0,0.000163228,0,0,0,4.46617e-05,0,0,0,0,0,3.26195e-05,3.16004e-05,0,0,0,0,0,9.29787e-05,0,0,0.000118263,0,0,4.72928e-05,0,0,0,0,0,0,0,0,0,0,0,8.82836e-05,0,0,0,0,0,0,0,0,0.000141941,0,0,0,0,0,0,0,8.16356e-05,0,0,0,5.69542e-05,0,6.13646e-05,0,0,0,0,0,4.29176e-05,0,0,0,0,5.12193e-05,0,4.41284e-05,8.17232e-05,0,0,0,0,0,4.0822e-05,0,7.54153e-05,0,0,0,0,9.77634e-05,0,0,0,5.01472e-05,0,6.28352e-05,0,0,0,0,0,0,0,0,0
"PWY-6549: L-glutamine biosynthesis III",0,0,0,0,0,0.000105286,0.000142395,0,0.000104832,0,0,0,0,0,8.65093e-05,0,0.000123195,0,0,0,0,0,0,0,0,0.000108797,0,0,0,0,0.000111809,5.18723e-05,0,6.18279e-05,0,0,0,7.60204e-05,0.000124084,0,7.04842e-05,0,0,0.000170443,0,6.08193e-05,0,6.91974e-05,0,0.000102133,7.77592e-05,6.80468e-05,6.14706e-05,0,0.000110006,4.3124e-05,0,0.000125833,0,7.60323e-05,0,9.25448e-05,0,0,0,8.1895e-05,0,0.000137817,0,0,0,0,0,0,0,7.34818e-05,4.65124e-05,0,7.63023e-05,0.000102729,0.00015488,0,0,0,0,0,0.000107783,0,0,0,6.66252e-05,6.89529e-05,0,0,0,0,0,0,0,0,9.77535e-05,0,0,0,0,0,0,0.000113307,0.000165628,0,0.000181729,6.86718e-05,0.000145238,0,0,0,0.000124229,0,0,0,0,0,0,0,0,0,8.91677e-05,5.50761e-05,0,4.60221e-05,0,0,0,0,4.20781e-05,0,0,0,0,0,7.12684e-05,4.85408e-05,0,0,0,0,0,0,0,0,0,0,0,0,0,0
"PWY-6562: norspermidine biosynthesis",0,0,0,0,0,0,0,0,0,0,0,0,0,0,0,0,0,0,0,0,0,0,0,0,0,0,0,0,0,0,0,0,0,0,0,0,0,0,0,0,0,0,0,0,0,0,0,0,0,0,0,0,0,0,0,0,0,0,0,0,0,0,0,0,0,0,0,0,0,0,0,0,0,0,0,0,0,0,0,0,0,0,0,0,0,0,0,0,0,0,0,0,0,0,0,0,0,0,0,0,0,0,0,0,0,0,0,0,0,0,0,0,0,0,0,0,0,0,0,0,0,0,0,0,0,0,0,0,0,0,0,0,0,0,0,0,0,0,0,0,0,0,0,0,0,0,0,0,0,0,0,0,0,0,0,0
"PWY-6565: superpathway of polyamine biosynthesis III",0,0,0,0,0,0,0,0,0,0,0,0,0,0,0,0,0,0,0,0,0,0,0,0,0,0,0,0,0,0,0,0,0,0,0,0,0,0,0,0,0,0,0,0,0,0,0,0,0,0,0,0,0,0,0,0,0,0,0,0,0,0,0,0,0,0,0,0,0,0,0,0,0,0,0,0,0,0,0,0,0,0,0,0,0,0,0,0,0,0,0,0,0,0,0,0,0,0,0,0,0,0,0,0,0,0,0,0,0,0,0,0,0,0,0,0,0,0,0,0,0,0,0,0,0,0,0,0,0,0,0,0,0,0,0,0,0,0,0,0,0,0,0,0,0,0,0,0,0,0,0,0,0,0,0,0
"PWY-6572: chondroitin sulfate degradation I (bacterial)",0,0,0,0,0,0,0,0,0,0,0,0,0,0,0,0,0,0,0,0,0,0,0,0,0,0,0,1.93723e-05,0,0,0,0,0,0,0,0,0,0,0,0,0,0,0,0,0,0,0,0,0,0,0,0,0,0,0,0,0,0,0,0,0,0,0,0,0,0,0,0,0,0,0,0,0,0,0,0,0,0,0,0,0,0,0,0,0,0,0,0,0,0,0,0,0,0,0,0,0,0,0,0,0,0,0,0,0,0,0,0,0,0,0,0,0,0,0,0,0,0,0,0,0,0,0,0,0,0,0,0,0,0,0,0,0,0,0,0,0,0,0,0,0,0,0,0,0,6.13178e-05,0,0,0,0,0,0,0,0,0,0
"PWY-6588: pyruvate fermentation to acetone",0,0,0,0,0,0,0,0,2.90177e-05,0,0,3.18418e-05,0,0,0,0,0,0,0,0,0,0,0,0,0,0,0,0,0,6.17162e-05,0,0,0,0,0,0,2.03023e-05,0,1.36558e-05,0,0,0,0,2.14956e-05,0,0,0,0,0,0,0,0,7.88284e-05,0,1.67615e-05,5.99915e-05,0,5.24278e-05,0,0,0,0,0,0,0,1.58733e-05,0,0,0,0,0,0,6.44398e-06,0,0,3.29892e-05,0,0,3.79462e-05,0,0,0,0,0,0,0,0,0,0,0,4.71719e-05,5.85205e-05,0,0,0,0,0,0,0,0,0,0,0,3.20286e-05,0,0,0,3.29549e-05,0,0,0,0,0,0,0,0,0,0,0,0,0,0,0,0,0,0,0,4.19704e-05,0,0,0,0,0,4.4508e-05,0,0,0,0,0,0,7.49311e-05,0,0,0,0,0,0,0,0,0,0,0,0,0,0,0
"PWY-6590: superpathway of Clostridium acetobutylicum acidogenic fermentation",0,3.79992e-05,5.14324e-05,0,0,0,0,0,0,0,0,0,0,0,0,0,0,4.9971e-05,0,0,0,0,0,0,0,0,0,0,0,0,0,0,0,0,0,0,0,0,0,0,0,0,0,0,0,0,0,0,0,0,5.50946e-05,0,0,0,0,0,0,0,0,0,0,0,0,3.74782e-05,0,0,0,0,0,0,0,0,0,0,0,0,0,0,0,0,0,0,3.93988e-05,0,0,0,0,0,0,0,0,0,0,0,0,0,0,0,0,0,0,0,0,5.13724e-05,0,0,0,0,0,0,0,0,7.15519e-05,0,0,0,0,0,0,0,0,4.94992e-05,0,6.00952e-05,3.63443e-05,0,0,0,0,0,0,0,0,0,0,0,0,0,0,0,0.000103886,3.1372e-05,0,0,0,0,0,0,0,0,0,4.74744e-05,0,0,0,0
"PWY-6595: superpathway of guanosine nucleotides degradation (plants)",0,0,0,0,0,0,0,0,0,0,0,0,0,6.58355e-05,0,0,3.60571e-05,8.37503e-05,0,0,0,0,0,0,0,0,1.8655e-05,0.000108208,0,0,0,0,3.71156e-05,3.30251e-05,0,0,0,0,0,0,0,0,0,0,0,0,0,3.60209e-05,0,0,0,0,0,0,0,1.44766e-05,0,0,0,0,0,0,0,0,0,0,0,0,0,0,0,0,0,0,0,0,0,0,0,0,0,0,0,0,0,0,0,0,0,0,0,2.68966e-05,0,9.40041e-05,0,0,0,0,0,0,0,0,0,0,0,0,0,3.66777e-05,2.77966e-05,0,0,0,0,0,0,0,0,0,3.22283e-05,0,0,0,0,0,0,0,0,0,0,0,0,0,0,0,0,0,0,0,0,0,0,0,0,0,0,0,0,0,0,0,0,0,0,0,0,0
"PWY-6606: guanosine nucleotides degradation II",3.93688e-05,0,0,0,0,0.000102308,3.83489e-05,0.000114161,0.00020844,3.44013e-05,0,9.71459e-05,0,7.8168e-05,8.75137e-05,5.974e-05,5.37089e-05,0.000106618,0,3.57875e-05,0,5.43416e-05,0,0,0,2.04319e-05,0.000181944,0.000140388,7.42838e-05,0.000404694,4.10834e-05,5.4101e-05,0.000111458,4.46741e-05,0.00015509,0,0.000134161,3.3708e-05,6.34092e-05,0,0.000119451,2.88373e-05,0,0.000245121,0.000121962,2.81555e-05,0,7.61645e-05,0,0.000101204,0,0,0.00024805,0,5.42663e-05,0.000234097,0.000324265,0.000207905,0,0,2.39765e-05,0,4.2001e-05,5.74553e-05,0,0.000126466,0.000120456,4.18754e-05,0,0,0,0,0.00018885,0,0,0.000170628,0,0,7.82917e-05,7.77339e-05,9.09362e-05,0,8.13284e-05,0.000172485,0,0,0.000138497,0,0,7.37745e-05,0.000345646,4.3818e-05,2.81712e-05,0.000144912,8.97717e-05,0,0,5.7666e-05,0.000152965,0,0,0.000168081,0,4.98379e-05,6.86393e-05,0,4.2117e-05,0.000182634,8.86244e-05,0,0.000109498,0.000181517,9.29139e-05,0,0,5.41793e-05,6.29655e-05,0,6.81577e-05,6.21629e-05,0,0,0,9.41865e-05,3.18608e-05,0,0.000267301,0.000329071,0,0,0,4.76628e-05,0,0.000274217,6.03736e-05,4.8277e-05,9.39063e-05,2.07577e-05,0,0,0.000118995,3.22591e-05,3.77393e-05,0,0,0,0.000111283,0,0,0,0,0,0,6.96409e-05,0,0
"PWY-6607: guanosine nucleotides degradation I",0,0,0,0,0,0,0,0,0,0,0,0,0,6.83678e-05,0,0,3.60879e-05,7.65698e-05,0,0,0,0,0,0,0,0,1.84321e-05,0.000140388,0,0,0,0,3.55815e-05,3.07251e-05,0,0,0,0,0,0,0,0,0,0,0,0,0,3.53126e-05,0,0,0,0,0,0,0,1.46516e-05,0,0,0,0,0,0,0,0,0,0,0,0,0,0,0,0,0,0,0,0,0,0,0,0,0,0,0,0,0,0,0,0,0,0,0,2.49596e-05,0,7.78499e-05,0,0,0,0,0,0,0,0,0,0,0,0,0,3.78082e-05,2.91489e-05,0,0,0,0,0,0,0,0,0,3.10393e-05,0,0,0,0,0,0,0,0,0,0,0,0,0,0,0,0,0,0,0,0,0,0,0,0,0,0,0,0,0,0,0,0,0,0,0,0,0
"PWY-6608: guanosine nucleotides degradation III",6.65938e-05,3.15177e-05,9.03164e-05,0,6.61211e-05,0.000180916,0.000203965,0.000275468,0.000306431,6.9386e-05,0,0.000237353,4.89003e-05,0.000106564,0.000130846,8.98038e-05,9.06112e-05,0.000263448,0,9.34504e-05,3.31531e-05,8.09635e-05,3.4311e-05,0,0,2.9688e-05,0.000530125,0.000135656,0.000118556,0.000506003,0.000120954,8.41453e-05,0.000370079,0.000144937,0.000275463,0,0.000143826,0.000151647,0.000229224,0,0.000216587,4.47583e-05,0,0.000324764,0.000318516,0.000108105,0,0.000111241,0.000101814,0.000187824,7.66756e-05,3.84241e-05,0.00043612,0,8.71065e-05,0.000445262,0.000427583,0.000268054,0.000334122,0.000143572,3.73117e-05,0.000136842,0.000118587,0.000248306,4.28571e-05,0.000258437,0.000156205,0.000158822,5.16565e-05,0,4.34123e-05,4.04133e-05,0.000280608,7.70399e-05,0,0.000299799,5.92394e-05,0,0.000150862,0.000110604,0.000138967,0.000172336,0.00022201,0.000309692,0,3.53606e-05,0.000213225,9.12672e-05,0,0.000138835,0.000445993,0.000192849,4.78371e-05,0.000226718,0.000278546,4.308e-05,8.71003e-05,0.000144763,0.000302232,4.15339e-05,3.45943e-05,0.000405964,0.000223817,0.000115881,9.06743e-05,0,7.72969e-05,0.000322766,0.000132675,0,0.000142465,0.000271161,0.000142294,0,8.85553e-05,0.000118903,0.000238032,0.00012618,0.000160239,0.000102225,8.09899e-05,0,9.14042e-05,0.000187059,0.000130639,0,0.000519936,0.000329071,0,2.96798e-05,0,0.000126802,0,0.000481822,0.000109315,0.000100348,0.000122446,3.09529e-05,0,0,0.000201283,6.43701e-05,0.00010887,0,4.22311e-05,5.95217e-05,0.000165989,0,0,7.18532e-05,0,0,0,0.000297889,4.86735e-05,6.77427e-05
"PWY-6609: adenine and adenosine salvage III",0.000565568,0.000364594,0.000462267,0.000239053,0.000562174,0.000447243,0.000299534,0.00061291,0.000284368,0.000281988,0.000227222,0.000362675,0.000471725,0.000412397,0.000568002,0.000645707,0.000479037,0.000370538,0.000260816,0.000352972,0.000340301,0.000451688,0.000255307,0.000356194,0.00048587,0.000444418,0.00050377,0.000236189,0.000344723,0.000238912,0.000382543,0.000422698,0.000369551,0.000363948,0.000437401,0.00039089,0.000149276,0.000592332,0.000199328,0.000514853,0.000284241,0.000435764,0.000317198,0.00026741,0.000611129,0.000323513,0.000195526,0.000264327,0.000272349,0.000505668,0.000351645,0.000398899,0.000386512,0.000360558,0.000309448,0.000304114,0.00045448,0.000291462,0.000544103,0.00024249,0.000287907,0.000563119,0.000169252,0.000342862,0.0001399,0.000244293,0.000397479,0.000557937,0.000345855,0.000233411,0.000425994,0.000345505,0.000234799,0.000207173,0.000187292,0.000272453,0.000323696,0.000454861,0.000267104,0.000415445,0.000177381,0.000288155,0.000505459,0.000486657,0.000420963,0.000192616,0.00042911,0.000124619,0.000370756,0.000361204,0.000306043,0.000233147,0.00028487,0.00050031,0.000350488,0.000185262,0.000408869,0.00041454,0.000418599,0.000247196,0.000272918,0.000474972,0.000401568,0.000349522,0.000274242,0.0002735,0.000312756,0.000399179,0.000143918,0.000262386,0.000402458,0.000434383,0.000342241,0.000224838,0.000414073,0.000419835,0.000314175,0.000217071,0.000384935,0.000299703,0.000384296,0.00032355,0.000321261,0.000314139,0.000262545,0.000334317,0.000423721,0.000164605,0.000322612,0.000279622,0.000217037,0.000326737,0.000366764,0.000262886,0.000391987,0.000348694,0.00034307,0.000352209,0.000483568,0.000216284,0.000391142,0.000423596,0.00024262,0.000515077,0.000391247,0.000347602,0.000363266,0.000397817,0.000394934,0.000336424,0.000394272,0.000390997,0.000463183,0.000420374,0.000383499,0.000218435
"PWY-6612: superpathway of tetrahydrofolate biosynthesis",7.05356e-05,0,0,0,0,0,0,0,8.42522e-05,0,0,0,0,0,0,0,0,0,0,0,0,0,0,0,0,0,0,0,0,7.69321e-05,0,0,0,0,0,0,9.88467e-05,0,0,0,0,0,0,9.64518e-05,0,0,0,0,0,9.6876e-05,0,0,5.99066e-05,0,0,0.000116019,0,3.92642e-05,0,4.71786e-05,0,0,0,0,0,6.62366e-05,0,0,0,0,0,0,6.26742e-05,0,0,0.000101076,0,0,0,0,0,0,0,0,0,0,0,0,0,0,9.96281e-05,0,0,0,0.000122753,0,0,0,0,0,0,0,0,0,0,0,0,4.95106e-05,0,0,0,5.41698e-05,0,0,0,0,8.61675e-05,0,0,0,0,0,0,0,0,0,0.000127888,4.16125e-05,0,0,0,0,0,0.000114317,0,0.000109988,0,0,0,0,3.93799e-05,0,0,0,0,0,0,0,0,0,0,0,0,0,0,0
"PWY-6628: superpathway of L-phenylalanine biosynthesis",0.000175003,0,8.20984e-05,0,0.000114546,0.000238865,0,0.000288506,0.000228155,0.000109802,0.000154687,0.000223463,0,0.000205818,0.000218533,0.000114744,0.000256959,9.30036e-05,0,0,0,0.000152996,0,0,9.11635e-05,0.000194219,8.70025e-05,0.000319597,0.000167468,0.00021292,0.000204289,0.000201881,7.94823e-05,9.67871e-05,0,0.000175034,0.00011836,6.21762e-05,0.000202879,0,0.000104626,0.000128284,3.98744e-05,0.000194097,0,0.000306482,0,0.000111882,8.13916e-05,0.0004786,0.000100974,0.000199057,0.000221397,0,0.000133735,0.000233354,0,0.000368385,0,0.000262759,8.16292e-05,0,0.000199008,0,0,9.98577e-05,0.000267032,0.00025272,0.00018149,0.000113605,8.44369e-05,0,0.000109794,6.16455e-05,0,0.000266125,0,0,0.0001051,0.000402052,0.000337521,6.42929e-05,8.69326e-05,0,0,5.28643e-05,0.000299931,0.000338064,0.000205553,0.000551995,0.000196089,0.000315772,0.000124361,0.000115407,0.000273365,0,0,0,0,0,0.000281237,0,0,0.000191816,8.57161e-05,0,0,0.000148137,0.000237103,0,0.000560472,0,0.000256684,9.92781e-05,0,0.000217478,0.000184379,9.78828e-05,0.000209845,7.48646e-05,0,0,7.67449e-05,0.000123073,8.04023e-05,0,0.000236868,0.000147848,0.000113073,0,0,0.000156098,0,0.000215976,9.61912e-05,0.000239353,0,0.000135753,4.65578e-05,0,0.000226777,0.000171122,0,0,5.95326e-05,0,0,0.000141382,9.01093e-05,9.7306e-05,0.000124797,0,0,0.000104001,0,0.000107863
"PWY-6630: superpathway of L-tyrosine biosynthesis",0.000143729,0,0,0,0,0,0.00019255,0,8.03816e-05,0,0.000203757,0.000195529,0,0,0.000210443,0,0,0,8.96273e-05,0,0,0.000196098,0,0,0,0,8.92351e-05,0.000218646,0.000228152,0.000172853,0.000175329,6.83269e-05,0,6.54488e-05,0,0.000111588,8.21649e-05,0,9.05061e-05,0,0.000110588,0.000144289,7.56491e-05,0.000166965,7.44353e-05,0.000178563,0,0.000101563,0,0.00022472,0,0.000254071,0.000109899,0,9.71347e-05,0.000204583,0,0.00019308,0,0,8.59575e-05,0,0,0,0,4.6614e-05,0,0,0.000150982,0.000135351,0,0,4.25549e-05,0,0,8.67307e-05,0,0,9.05459e-05,0,9.92771e-05,5.50864e-05,0.000154988,0,0,5.40478e-05,0,0,0,0.000185818,0.000135415,0,0,0.000128942,0.000103213,0,0,0,0,0,0.000145568,0,0,8.28937e-05,6.73027e-05,7.52365e-05,0,4.91505e-05,3.77786e-05,0,0,9.63598e-05,0.00014389,0,0,0,9.57682e-05,9.26481e-05,0,3.94476e-05,0.000175623,0,0.000157756,0.000125429,5.10669e-05,0.000102343,0.000208315,8.76702e-05,8.78958e-05,0,0,0,0,0.000137906,0,0.00019075,0,0.000129381,0,0,0.000220162,0,0,0,4.75638e-05,0,0,0.000130647,0,0,7.99731e-05,0,0,0.000103669,0,0
"PWY-6641: superpathway of sulfolactate degradation",0,0,0,0,0,0,0,0,0,0,0,0,0,0,0,0,0,0,0,0,0,0,0,0,0,0,0,0,0,0,0,0,0,0,0,0,0,0,0,0,0,0,0,0,0,0,0,0,0,0,0,0,0,0,0,0,0,0,0,0,0,0,0,0,0,0,0,0,0,0,0,0,0,0,0,0,0,0,0,0,0,0,0,0,0,0,0,0,0,0,0,0,0,0,0,0,0,0,0,0,0,0,0,0,0,0,0,0,0,0,0,0,0,0,0,0,0,0,0,0,0,0,0,0,0,0,0,0,0,0,0,0,0,0,0,0,0,0,0,0,0,0,0,0,0,0,0,0,0,0,0,0,0,0,0,0
"PWY-6662: superpathway of quinolone and alkylquinolone biosynthesis",0,0,0,0,0,0,0,0,0,0,0,0,0,0,0,0,0,0,0,0,0,0,0,0,0,0,0,0,0,0,0,0,0,0,0,0,0,0,0,0,0,0,0,0,0,0,0,0,0,0,0,0,0,0,0,0,0,0,0,0,0,0,0,0,0,0,0,0,0,0,0,0,0,0,0,0,0,0,0,0,0,0,0,0,0,0,0,0,0,0,0,0,0,0,0,0,0,0,0,0,0,0,0,0,0,0,0,0,0,0,0,0,0,0,0,0,0,0,0,0,0,0,0,0,0,0,0,0,0,0,0,0,0,0,0,0,0,0,0,0,0,0,0,0,0,0,0,0,0,0,0,0,0,0,0,0
"PWY-6690: cinnamate and 3-hydroxycinnamate degradation to 2-hydroxypentadienoate",0,0,0,0,0,0,0,0,8.08494e-05,0,0,5.43143e-05,0,0,0,0,0,0,0,0,0,0,0,0,0,0,0,2.64756e-05,0,0.000182929,0,0,0,0,0,0,0.000116849,0,0,0,0,0,0,7.28483e-05,0,0,0,0,0,0,0,0,0.000128383,0,3.08614e-05,0,0,8.73666e-05,0,0,0,0,0,0,0,5.5011e-05,0,0,0,0,0,0,8.14192e-05,0,0,0.00011867,0,0,5.81816e-05,0,0,0,0,0,0,0,0,0,0,0,0.000179886,0,0,0,0,0,0,0,0,0,0,0,0,0,0,0,0,3.81817e-05,0,0,0,0,0,0,0,0,2.41166e-05,0,0,3.36293e-05,0,0,0,0,0,0,4.51779e-05,0.000347152,0,0,0,0,0,0,0,8.12581e-05,0,0,0,0,0,0,0,0,0,0,0,0,0,0,0,0,0,0,0,0
"PWY-6700: queuosine biosynthesis I (de novo)",0.000378275,0.00023172,0.000378779,0.000503269,0.000372027,0.000326291,0.000407891,0.00033952,0.000175682,0.00020552,0.000289911,0.000214876,0.000230714,0.00031671,0.000425979,0.000459653,0.000367693,0.000308381,0.000351848,0.000397382,0.000217663,0.000328532,0.000290503,0.000287367,0.000295761,0.000402907,0.000332202,0.000128447,0.000253727,0.00023116,0.000348994,0.000245466,0.000349356,0.000340426,0.000413365,0.000271947,0.000240016,0.000346309,0.000303361,0.000469973,0.000226301,0.000391846,0.000417177,0.000214373,0.000290384,0.000379333,0.000229837,0.000300715,0.00020298,0.000246911,0.000373919,0.000163176,0.000235417,0.000417863,0.000267576,0.000190867,0.000345271,0.000252377,0.000438163,0.00022934,0.000225521,0.000462052,0.000228552,0.000319022,0.000282974,0.000151116,0.000291859,0.00043499,0.000395512,0.00043192,0.000371683,0.000310314,0.000176127,0.000247264,0.000177169,0.000233921,0.000352181,0.000406232,0.000157725,0.000372294,0.000205611,0.000232151,0.000370554,0.000416578,0.000190253,0.000206907,0.00036842,0.000137045,0.000301959,0.000198739,0.000243759,0.000197149,0.000329389,0.000374577,0.000304895,0.0002007,0.000333139,0.000324074,0.000206185,0.000347914,0.000184131,0.000361388,0.000350765,0.000314851,0.000157956,0.000181496,0.000248185,0.000188081,0.000315589,0.000128701,0.00021131,0.000352128,0.000395905,0.000233212,0.000311294,0.000510141,0.00032134,0.000273709,0.000361061,0.000328855,0.000370234,0.000214595,0.000246351,0.000316837,0.000287619,0.000316988,0.000362471,0.000193456,0.000286156,0.00032334,0.000168977,0.000236869,0.000337834,0.000189216,0.000246314,0.000175009,0.000325057,0.000293391,0.000436216,0.000465062,0.000288209,0.000261586,0.000260369,0.000570737,0.000282786,0.000366527,0.00020438,0.000257588,0.000417578,0.000228423,0.000269243,0.000257058,0.000291282,0.000325881,0.00026811,0.000276679
"PWY-6703: preQ0 biosynthesis",0.00016154,0.000175069,0.000136923,0.000200452,0.000114089,0.000134399,6.77677e-05,0.000208754,0.000123475,0.000114198,8.98851e-05,0.000105217,0.000186304,0.000141497,0.000290187,8.18226e-05,0.000224983,0.00010398,8.8119e-05,0.000100608,8.7119e-05,8.19824e-05,6.03318e-05,0.000103401,3.89594e-05,8.13222e-05,9.86647e-05,6.48241e-05,0.000133012,0.000157592,0.00014437,0.000167309,7.14356e-05,4.31866e-05,0.000343144,0.000160453,0.000176856,0.000277078,0.000222678,9.86772e-05,0.000117812,7.07653e-05,3.9525e-05,0.000160105,7.57642e-05,0.00011367,6.26939e-05,0.000195308,8.13391e-05,0.000119664,7.91977e-05,0.000106992,0.000185107,0.00011723,3.47272e-05,0.00019051,0.000200373,0.000102477,0.000280408,3.64636e-05,8.3096e-05,0.00013272,0.00010301,9.75708e-05,0.000294617,8.1347e-05,0.000124111,5.93412e-05,0.000186297,0.000125993,0.000180504,7.3885e-05,0.000171266,0.000198364,0.000105509,0.000116879,0.000221286,0,0.000198146,0.000189742,8.39492e-05,6.60313e-05,0.000162661,0.000122353,0.000172679,0.000139009,0.00023066,7.40524e-05,0,7.88341e-05,0.000176528,9.58087e-05,0.000137505,0.000282451,0.000159127,7.27685e-05,4.82871e-05,0.000137922,0.000216315,7.04823e-05,7.14686e-05,0.000301339,0.000144055,8.90958e-05,7.01893e-05,5.42535e-05,0.000207163,0.000102505,6.2385e-05,5.77366e-05,7.27705e-05,7.28378e-05,0.000118185,0.000164952,0.000132549,4.39216e-05,0.000108671,9.20539e-05,0.000108445,2.67065e-05,0.000159114,4.93587e-05,0.000133327,0.00018756,0.000104033,0.000107504,0.000249729,0.00023641,0.000164171,0.000139997,5.60033e-05,0.000117093,8.21026e-05,0.000213699,0.000166386,0.000169671,0.000203522,0.00015538,9.29086e-05,0.000537943,0.000156451,0.000103114,0.000167682,0.000439222,9.20708e-05,0.000440979,0.000176449,0.00012403,0.000268186,0.000143901,0.000102153,0.000132872,3.26834e-05,0.000182026,9.89353e-05,0.000130042
"PWY-6708: ubiquinol-8 biosynthesis (early decarboxylation)",0,0,0,0,0,0,0,0,0,0,0,0,0,0,0,0,0,0,0,0,0,0,0,0,0,0,0,0,0,4.47393e-05,0,0,0,0,0,0,0,0,0,0,0,0,0,0,0,0,0,0,0,0,0,0,1.65785e-05,0,0,5.7074e-05,0,7.0434e-06,0,0,0,0,0,0,0,6.5152e-06,0,0,0,0,0,0,0,0,0,0,0,0,0,0,0,0,0,0,0,0,0,0,0,0,2.75729e-05,0,0,0,0,0,0,0,0,0,0,0,0,0,0,0,0,0,0,0,0,0,0,0,0,0,0,0,0,0,0,0,0,0,0,0,0,0,0,0,0,0,0,5.30424e-05,0,0,0,0,0,0,0,0,0,0,0,0,0,0,0,0,0,0,0,0,0,0
"PWY-6731: starch degradation III",0.000132836,0.000122623,0,0,9.02487e-05,0.000143804,0.000200978,0.00016766,0.00014938,6.31285e-05,4.45982e-05,5.13654e-05,0,0.000119388,0.000206081,0,0.000146354,0.000203078,0,0,5.42629e-05,0.000116493,0.00011553,0,0,9.65391e-05,0.000317057,4.98919e-05,7.96867e-05,2.8622e-05,0.000152528,0.000223175,0.000368947,0.000218709,0.000137534,5.57317e-05,5.06354e-05,4.74738e-05,0.000160698,0,8.82244e-05,0,4.94323e-05,0.000198449,0.000230795,0.000142097,0,7.06411e-05,0.000167001,0.000215541,3.9354e-05,0,0.000229624,4.20301e-05,4.81854e-05,0.00011275,0.000339459,0.000303104,0,7.43345e-05,0,0.000126824,3.61385e-05,0.000209947,0,0,3.7082e-05,0.000146567,4.07663e-05,0,8.12967e-05,3.65249e-05,8.04486e-05,7.63368e-05,0,0.000195683,6.78698e-05,0,0.000163109,9.47212e-05,0.000100365,8.01134e-05,0.000284394,0.000329451,0,0.000166671,0.000127401,0,0,6.842e-05,6.31069e-05,0.000143974,5.05719e-05,0.00029135,0.000212324,7.56306e-05,5.62708e-05,0.000198501,0.000249443,0,3.90138e-05,6.77238e-05,0.00019321,8.99225e-05,9.44626e-05,0,0,0.000292149,7.00599e-05,0,4.17807e-05,0.00017396,0.000204552,0,0.000104449,7.50835e-05,0.000216617,0.000183851,8.99589e-05,0,0.000113224,0,0,6.69596e-05,0.000118015,0,0.000243757,0.000394287,0,6.56018e-05,0,0,0,9.19811e-05,8.80877e-05,0,0.000187664,0.000119173,0,0,8.24417e-05,0,8.2897e-05,0,6.60169e-05,0.000158672,0.000114027,0.000100906,6.40652e-05,5.44145e-05,3.9583e-05,3.27524e-05,3.60507e-05,0.000187975,0.000111481,4.70059e-05
"PWY-6748: nitrate reduction VII (denitrification)",0,0,0,0,0,0,0,0,0,0,0,0,0,0,0,0,0,0,0,0,0,0,0,0,0,0,0,0,0,0,0,0,0,0,0,0,0,0,0,0,0,0,0,0,0,0,0,0,0,0,0,0,0,0,0,0,0,0,0,0,0,0,0,0,0,0,0,0,0,0,0,0,0,0,0,0,0,0,0,0,0,0,0,0,0,0,0,0,0,0,0,0,0,0,0,0,0,0,0,0,0,0,0,0,0,0,0,0,0,0,0,0,0,0,0,0,0,0,0,0,0,0,0,0,0,0,0,0,0,0,0,0,0,0,0,0,0,0,0,0,0,0,0,0,0,0,0,0,0,0,0,0,0,0,0,0
"PWY-6749: CMP-legionaminate biosynthesis I",0,0,0,0,0,0,0,0,0,0,0,0,0,0,0,0,0,0,0,0,0,0,0,0,0,0,0,0,0,0,0,0,0,0,0,0,0,0,0,0,0,0,0,0,0,0,0,0,0,0,0,0,0,0,0,0,0,0,0,0,0,0,0,0,0,0,0,0,0,0,0,0,0,0,0,0,0,0,0,0,0,7.91188e-05,0,0,0,0,0,0,0,0,0,0,0,0,0,0,0,0,0,0,0,0,0,0,0,0,0,0,0,0,0,0,0,0,0,0,0,0,0,0,0,0,0,0,0,0,0,0,0,0,0,0,0,0.000155169,0,0,0,0,0,0,0,0,0,0,0,0,0,0,0,0,0,0,0,0,0,0
"PWY-6763: salicortin biosynthesis",0,0,0,0,0,0,0,0,0,0,0,0,0,0,0,0,0,0,0,0,0,0,0,0,0,0,0,3.34945e-05,0,0,0,0,0,0,0,0,0,0,3.51103e-05,0,0,0,0,0,0,0,0,0,0,0,0,0,0,0,0,0,0,0,0,0,0,0,0,0,0,0,0,0,0,0,0,0,0,0,0,0,0,0,0,0,0,0,0,0,0,0,0,0,0,0,0,0,0,0,0,0,0,0,0,0,0,0,0,0,0,0,0,0,0,0,0,0,0,0,0,0,2.92079e-05,0,0,0,0,0,0,0,0,0,0,0,0,0,0,0,0,0,0,0,0,0,0,0,0,0,0,0,0,0,0,0,0,0,0,0,0,0,0,0
"PWY-6797: 6-hydroxymethyl-dihydropterin diphosphate biosynthesis II (Methanocaldococcus)",0,0,0,0,0,0,0,0,0,0,0,0,0,0,0,0,0,0,0,0,0,0,0,0,0,0,0,0,0,0,0,0,0,0,0,0,0,0,0,0,0,0,0,0,0,0,0,0,0,0,0,0,0,0,0,0,0,0,0,0,0,0,0,0,0,0,0,0,0,0,0,0,0,0,0,0,0,0,0,0,0,0,0,0,0,0,0,0,0,0,0,0,0,0,7.05309e-05,0,0,0,0,0,0,0,0,0,0,0,0,0,0,0,0,0,0,0,0,0,0,0,0,0,0,0,0,0,0,0,0,0,0,0,0,0,0,0,0,0,0,0,0,0,0,0,0,0,0,0,0,0,0,0,0,0,0,0,0,0
"PWY-6803: phosphatidylcholine acyl editing",0,0,0,0,0,0,0,0,0.000405337,0,0,0.000153824,0,0,0,0,0,0,0,3.5365e-05,0,0,0,0,0,0,9.32658e-05,5.53423e-05,0,0.00031145,0,0,0,0,0,0,0.00021148,0,0.00015172,0,3.91258e-05,0,0,0.000270906,0,0,0,0,0,0,0,0,0.000234589,0,4.31728e-05,0.000229829,0,0.000129925,0,0,0,0,4.45939e-05,0,0,0.000132519,0,0,0,0,0,0,0.000141572,0,0,0.000320855,0,0,5.76175e-05,0,0,0,0,0,0,0,0,0,0,0,0.000281053,0,0,0,0,0,0,0,0,0,0,0,0,0,0,0,0,0.000112322,8.85356e-05,0,0,4.78186e-05,0,0,0,0,5.71824e-05,0,0,0,0,0,0,0,0,0,0.000109752,0.000307463,0,0,0,0,0,0.000268617,0,0.000106023,0,5.01512e-05,0,0,0,0,0,0,0,0,3.55029e-05,0,4.09773e-05,0,0,0,0,0,0,0
"PWY-6807: xyloglucan degradation II (exoglucanase)",0,0,0,0,0,0,0,0,0,0,0,0,0,0,0,0,0,0,0,0,0,0,0,0,0,0,0,0,0,0,0,0,0,0,0,0,0,0,0,0,0,0,0,0,0,0,0,0,0,0,0,0,0,0,0,0,0,0,0,0,0,0,0,0,0,0,0,0,0,0,0,0,0,0,0,0,5.05041e-05,0,0,0,0,0,0,0,0,0,0,0,0,0,0,0,0,0,0,0,0,0,0,0,0,0,0,0,0,0,0,0,0,0,0,0,0,0,0,0,0,0,0,0,0,0,0,0,0,0,0,0,0,0,0,0,0,0,0,0,0,0,0,0,0,0,0,0,0,0,0,0,0,0,0,0,0,0,0,0
"PWY-6823: molybdopterin biosynthesis",0.000138824,6.07775e-05,0.000110435,9.96022e-05,0.000181093,0.000389374,0.000257719,0.000504101,0.000223204,0.000191034,7.83519e-05,0.000114283,7.39778e-05,0.000255322,0.000408746,0.000205603,0.000297782,0.000337703,0.000286539,5.18904e-05,7.56038e-05,0.00038635,6.03084e-05,0,3.81536e-05,0.000287682,0.000595086,2.89615e-05,0.000268839,0.000207349,0.000304465,0.000385951,0.000667779,0.000293789,0.000407996,9.34256e-05,9.45345e-05,0.000480209,0.000184421,3.44297e-05,9.82675e-05,0.000188259,5.68044e-05,0.000172645,0.000449983,0.000228913,5.80065e-05,0.000145398,0.00011258,0.00028086,0.000140629,0.000103076,0.000250688,0.000196585,6.50707e-05,0.000140102,0.000449715,0.000163076,0.000449831,0.000257673,0.000117873,0.000288468,0.000199791,0.000271418,8.10251e-05,4.83621e-05,0.00034959,0.000246222,0.000172749,6.40678e-05,0,0.000126311,4.07495e-05,5.97147e-05,6.5028e-05,0.000124251,2.75044e-05,0,4.1365e-05,0.000452053,0.00010491,8.43867e-05,0.000319694,0.000518293,0.000102853,3.5175e-05,0.000423334,7.83998e-05,0.000125372,0.000219927,0.000141096,0.000190952,0.000160379,0.000506363,0.000385181,3.50033e-05,0.000184762,0.000293166,0.000278926,6.57943e-05,0.000207122,0.000272807,0.000540317,0.000179504,0.000214917,9.96058e-05,0.000280228,0.000173668,0.000127573,5.35092e-05,0.000360599,0.000322843,0.000232225,0.0001899,0.000102003,0.000242891,0.000347326,0.000332275,0.000277089,8.89528e-05,0.000238877,0.000106582,0.000103666,0.00028866,0.000151686,0.000138433,0.000186365,0.000133793,0.000105095,0.000107708,3.75294e-05,0.000195906,0,0.000136901,0.000123356,0.00011785,0.000316534,2.78285e-05,2.884e-05,0,0.00022957,6.78646e-05,0.00020973,0,9.49573e-05,4.58422e-05,0.00012102,5.53185e-05,4.0731e-05,0.000322222,0.000123387,2.21624e-05,0.000155419,0.000269292,0.000201816,8.87009e-05
"PWY-6837: fatty acid &beta;-oxidation V (unsaturated, odd number, di-isomerase-dependent)",0,0,0,0,0,0,0,0,0,0,0,0,0,0,0,0,0,0,0,0,0,0,0,0,0,0,0,0,0,0,0,0,0,0,0,0,0,0,0,0,0,0,0,0,0,0,0,0,0,0,0,0,0,0,0,0,0,0,0,0,0,0,0,0,0,0,0,0,0,0,0,0,0,0,0,0,0,0,0,0,0,0,0,0,0,0,0,0,0,0,0,0,0,0,0,0,0,0,0,0,0,0,0,0,0,0,0,0,0,0,0,0,0,0,0,0,0,0,0,0,0,0,0,0,0,0,0,0,0,0,0,0,0,0,0,0,0,0,0,0,0,0,0,0,0,0,0,0,0,0,0,0,0,0,0,0
"PWY-6859: all-trans-farnesol biosynthesis",0,0,0,0,0,0,0,0,1.34274e-05,0,0,0,0,0,0,0,0,0,0,0,0,0,0,0,0,0,0,0,0,6.15644e-05,0,4.53046e-05,0,0,0,0,0.000121654,0,0.000106772,0,9.11941e-06,0,0,0,0,0,0,0,0,0,0,0,1.39002e-05,0,0,6.09239e-05,0,1.70872e-05,0,0,0,0,2.6301e-05,0,0,1.1253e-05,0,0,0,0,6.22646e-05,0,4.41442e-05,5.96681e-05,3.21779e-05,1.24366e-05,4.70763e-05,0,4.77902e-05,0,0,0,0,0,0,0,0,0,0,0,5.26101e-05,2.991e-05,0,0,0,2.24618e-05,0,0,0,2.50596e-05,0,0,0,0,0,0,0,0,0,0,0,0,0,0,0,0,0,0,0,0,0,0,0,0,4.83072e-05,0,1.33486e-05,1.92109e-05,0,0,0,0,0,0.000106601,4.73987e-05,5.04497e-05,0,0,0,3.91606e-05,0,0,0,8.24715e-05,5.69214e-05,7.52772e-05,0,0,0,0,4.53209e-05,0,0,0,0,0
"PWY-6876: isopropanol biosynthesis (engineered)",0,0,0,0,0,0,0,0,0,0,0,0,0,0,0,0,0,0,0,0,0,0,0,0,0,0,0,0,0,0,0,0,0,0,0,0,0,0,0,0,0,0,0,0,0,0,0,0,0,0,0,0,0,0,0,0,0,0,0,0,0,0,0,0,0,0,0,0,0,0,0,0,0,0,0,0,0,0,0,0,0,0,0,0,0,0,0,0,0,0,0,0,0,0,0,0,0,0,0,0,0,0,0,0,0,0,0,0,0,0,0,0,0,0,0,0,0,0,0,0,0,0,0,0,0,0,0,0,0,0,0,0,0,0,0,0,0,0,0,0,0,0,0,0,0,0,0,0,0,0,0,0,0,0,0,0
"PWY-6895: superpathway of thiamine diphosphate biosynthesis II",0,0,0,0,0,0,0,0,0.000195876,0,0,0.000118256,0,0,0,0,0,0,0,5.21571e-05,0,0,0,0,0,5.83341e-05,3.64094e-05,6.07599e-05,0,0.000213532,0,0,0,0,0,0,0.000179582,0,0.000199559,0,5.62992e-05,0,0,0.000205525,0,0,0,0,0,0,0,0,0.000205376,0,6.58955e-05,0.000200322,0,0.000155007,0,0,0,0,0,0,0,6.64168e-05,0,0,0,0,0,0,0.000177566,0,0,0.000209187,0,0,0.000177545,0,0,0,0,0,0,0,0,0,0,0,0.000166425,0,0,0,0,0,0,0,0,7.81616e-05,0,0,0,0,0,0,0,0.000182261,3.83059e-05,0,0,0.000124849,4.8702e-05,0,0,0,5.44338e-05,0,0,0,0,0,0,0.000104381,0.000103094,0,0.000233017,0.000233639,0,0,3.86941e-05,0,0,0.000148944,0,0.000134764,0,0,0.000112612,0,0.00011739,0,0,0,0,0,0,0,0,0,0,0,5.32231e-05,0,0,0
"PWY-6897: thiamine diphosphate salvage II",0.000106417,3.52457e-05,0.000197996,0,7.68735e-05,0.000234751,0.000259996,0,0.000213714,9.51832e-05,5.17373e-05,0.000234017,0,0.000221351,0.000303055,0.000122445,4.68232e-05,3.94631e-05,0.000191489,7.95424e-05,0,0.000247866,8.07357e-05,0,0,0.000151775,4.08469e-05,0.000172645,0.000226608,0.000224434,0.000266734,0.000172713,4.19909e-05,0.000110932,0.000107626,0.000123858,0.000196782,0.000298678,0.000271295,6.23156e-05,6.76178e-05,0.000156233,5.38194e-05,0.000215545,9.6093e-05,0.000243777,0,0.000190253,0,0.000230889,0.000104895,0.000100427,0.000221765,0,7.64376e-05,0.000199222,6.26335e-05,0.000191227,0.000267749,0.000171439,6.8435e-05,0.000240982,0.000125884,8.0638e-05,0.000137707,0.000153067,0.000156653,4.91774e-05,8.82055e-05,0.000166252,0.000151649,0.000166569,0.000171999,0.000122122,6.61075e-05,0.000204616,0.000222442,0,0.00018095,0.000216913,0.000211046,0.000156377,0.000112359,0,0.000182667,8.51555e-05,0.000174477,6.67906e-05,0.00010685,0.000166801,0.000156926,0.000167596,0.000169414,0.00015538,0.000148324,5.43651e-05,0.000206506,8.49027e-05,0,6.69386e-05,0.0001953,0.000126684,0.000129639,8.40221e-05,0.000106086,6.08906e-05,4.9544e-05,0.000195806,9.94474e-05,7.39733e-05,0.000127608,0.000301972,7.61235e-05,0.000145685,0.000199599,0.000245264,6.61136e-05,0,0.000223956,0,0.000234732,6.79387e-05,0.00013354,0.000241582,0.000141799,0.000160752,0.000226688,0.000214856,0.000124373,4.32264e-05,8.24663e-05,0.000170933,0.000366005,0.000171852,0.000130072,0.000153562,0.000148733,0.000111144,0.000326844,0,0.000180546,0.000105282,0.00018819,0.000131418,0.000164725,0.000122897,9.48974e-05,0.000235165,0.000201527,0,0.000225849,0.000212675,7.16773e-05,0.000252335,5.84958e-05,0.000139692
"PWY-6901: superpathway of glucose and xylose degradation",0,7.09289e-05,0,0,9.85812e-05,0.000220183,0.000222271,0.000222628,0.000336651,0,0,0.000183776,0,9.11963e-05,0,0,0.00011736,0.000127768,8.7995e-05,0.000100135,0,0,0,0,0,0.000214992,0.000240043,0.000352681,8.81869e-05,0.000271145,0,0,0,0,0,0,0.00020472,0,0.000287352,0,0.000163251,7.73724e-05,0,0.000255293,0.000103588,0.000213428,0,0,0,0.000326614,0.000148853,0,0.000299177,0,0.000102028,0.000347658,0,0.000336536,0,0.000157066,0,0,0.000238882,0,0,0.000131953,0.000177705,0.000164676,0.000143334,0.00010769,9.15093e-05,7.90678e-05,0.000183869,0.000127863,8.81746e-05,0.000325584,7.97754e-05,0,0.000146293,0.000350703,0.000285524,9.86831e-05,0,0,0,8.54409e-05,0.000286952,0.000178528,0,0.000404415,0.000278377,0.000293097,0,0.000199353,0.000123546,9.46862e-05,0,0,0,0.000117314,0.000292244,0,8.01197e-05,0,0,0,0.000126627,0.00023327,0.000216518,0,0.000397862,0.000197996,0.000206836,9.95372e-05,9.3802e-05,0.000111867,0.000198343,0,0.000128102,9.70884e-05,9.90207e-05,0,0,0,0.000183065,0,0.000302533,0.000295761,0.000100319,0,6.36452e-05,6.66637e-05,0,0.000356826,9.42994e-05,0.000266143,6.6026e-05,0.000127969,0,0,0.000239921,6.15719e-05,0.0001654,9.55659e-05,0.000111307,0,8.01779e-05,0,0.000121012,8.91363e-05,0,0,0,0,0,5.70129e-05
"PWY-6902: chitin degradation II (Vibrio)",0,4.93445e-05,0,0,0,4.35437e-05,0,2.3773e-05,0.000126512,0,2.11258e-05,3.87382e-05,0,0,3.99859e-05,3.83402e-05,0,0,0,7.3346e-05,0,4.3648e-05,3.01972e-05,5.17355e-05,0,4.52641e-05,2.67497e-05,0.000297626,9.03138e-05,0,0,0,0,8.43958e-05,0,0,0.000132944,0,8.79326e-05,0,2.40046e-05,0,0,0.000106993,0,0,0,0,0,0,0,2.48604e-05,0.000112054,0,2.42587e-05,9.75789e-05,0,6.55142e-05,0,3.85606e-05,0,7.25018e-05,1.88232e-05,5.98254e-05,0,0,0,0,0,0,8.20406e-05,0,2.28095e-05,0.000103634,0,0,0.000109792,3.32057e-05,4.10824e-05,3.96171e-05,0,0,0.000113479,3.70604e-05,0,0,8.21932e-05,2.93373e-05,2.74582e-05,5.24561e-05,0.000129581,0,0,9.7546e-05,0,3.63807e-05,0,0,7.17889e-05,3.14326e-05,3.09061e-05,0,0,9.52236e-05,0,0,3.68166e-05,8.95854e-05,1.47791e-05,0,0.000156066,5.35216e-05,0,4.39995e-05,4.1866e-05,7.861e-05,0.000119765,0,0,3.29283e-05,8.31561e-05,0,0,0,9.24506e-05,5.15325e-05,3.80501e-05,0.00013722,3.16964e-05,0,0,6.8363e-05,0,0.000176067,5.14286e-05,0,0,0,0,4.26171e-05,0,3.13708e-05,0,0.000311474,0,0.000103783,3.01126e-05,2.65513e-05,1.37195e-05,0,0,0,0,3.94283e-05,8.71834e-05,6.12757e-05
"PWY-6906: chitin derivatives degradation",0,0,0,0,0,0,0,0,0,0,0,0,0,0,0,0,0,0,0,0,0,0,0,0,0,0,0,0,0,0,0,0,0,0,0,0,0,0,6.9276e-05,0,0,0,0,0,0,0,0,0,0,0,0,0,0,0,0,0,0,0,0,0,0,0,0,0,0,0,0,0,0,0,0,0,5.84883e-05,0,0,0,0,0,0,0,0,0,0,0,0,0,0,0,0,0,0,0,0,0,0,0,0,0,0,0,0,0,0,0,0,0,0,0,0,0,0,0,0,0,5.89353e-05,0,0,0,0,0,0,0,0,0,0,0,0,0,0,0,0,0,0,0,0,0,0,0,0,0,0,0,0,0,0,0.000100166,0,0,0.000174123,0,0,0,0,0,0,0
"PWY-6920: 6-gingerol analog biosynthesis (engineered)",0,0,0,0,0,0,0,5.61484e-05,0,0,0,0,0,0,0,0,0,0,0,0,0,0,0,0,0,0,0,0,0,0,0,0,0,0,0,0,0,0,0,0,0,0,0,0,0,0,0,0,0,0,0,0,0,0,0,0,0,0,0,0,0,0,0,0,0,0,0,0,0,0,0,0,0,0,0,0,0,0,0,0,0,0,0,0,0,0,0,0,0,0,0,0,0,0,0,0,0,0,0,0,0,0,0,0,0,0,0,0,0,0,0,0,0,0,0,0,0,0,0,0,0,0,0,0,0,0,0,0,0,0,0,0,0,0,0,0,0,0,0,0,0,0,0,0,0,0,0,0,0,0,0,0,0,0,0,0
"PWY-6922: L-N&delta;-acetylornithine biosynthesis",0,0,0,0,0,0,0,0,0,0,0,0,0,0,0,0,0,0,0,0,0,0,0,0,0,0,0,3.60475e-05,0,0,0,0,0,0,0,0,9.04698e-06,0,2.93803e-05,0,0,0,0,0,0,0,0,0,0,0,0,0,0,0,0,0,0,0,0,0,0,0,0,0,0,0,0,0,0,0,0,0,1.61179e-05,0,0,0,0,0,1.55796e-05,0,0,0,0,0,0,0,0,0,0,0,0,0,0,0,0,0,0,0,0,2.52684e-05,0,0,0,0,0,0,0,0,0,0,0,0,0,0,0,0,0,0,0,0,0,0,0,0,0,0,3.40747e-05,0,0,0,0,0,0,0,0,0,0,0,0,0,0,0,0,0,0,0,0,0,0,0,0,0,0,0,0,0
"PWY-6936: seleno-amino acid biosynthesis (plants)",0.00031262,0.000134,0.000206128,0.000328292,0.000242487,0.000268334,0.000230241,0.000313072,0.000410315,0.000237077,0.000284013,0.00030162,0,0.000258684,0.000445098,9.51301e-05,0.000464457,0.000311521,0.000150667,3.5512e-05,0.000111499,0.000234682,0,0.000168507,0,0.000134015,0.000314639,0.000177068,0.000312546,0.000315612,0.00035911,0.000422763,0.000310712,0.000199058,0.000467157,0.000261875,0.00021861,0.000266788,0.000336692,4.77004e-05,0.000179348,0.000234788,5.32483e-05,0.000335751,0.000204002,0.000257461,9.35126e-05,0.00032145,9.23541e-05,0.000424828,0.000191049,0.000218108,0.000324714,0,0.000303515,0.000320504,0.000448397,0.000296907,0.000563534,0.000183158,0.000185081,0.00028326,0.000155821,9.76895e-05,8.08251e-05,0.000131413,0.000297805,0.000274307,0.000113468,0.000243601,0,0.000211375,0.000225027,0,8.06591e-05,0.000405958,0,0,0.000136682,0.000358898,0.000292225,3.88483e-05,0.000291451,0.000217238,0,0.000219594,0.000384578,0.000125407,5.17932e-05,0.00040741,0.000384719,0.000249174,0.000164146,0.000254036,0.000374765,7.50226e-05,0.000168406,0.000119079,0.000288007,4.53929e-05,0.000231592,0.000487223,0.000131368,0.000203538,0.000136032,0.000120201,0.000218571,0.000286192,0.000299027,0,0.000430504,0.000156584,0.000281735,0.000224094,5.70676e-05,0.000203667,0.000206366,0.000242303,0.000151462,8.01656e-05,0.000179562,0,0.000130069,0.000250359,4.12665e-05,9.05408e-05,0.000233897,0.000302592,7.82377e-05,4.5316e-05,7.22447e-05,0.000383496,3.59723e-05,0.000255943,6.35659e-05,0.000297749,0.000173054,1.93393e-05,0,0,0.00020149,0.000190945,7.28556e-05,0,0.000106678,0,0.000196895,3.71186e-05,0,4.43462e-05,0.000160456,0,0,0.000230362,0,3.56789e-05
"PWY-6953: dTDP-3-acetamido-&alpha;-D-fucose biosynthesis",0,0,0,0,0,0,0,0,0,0,0,0,0,0,0,0,0,0,0,0,0,0,0,0,0,0,0,0,0,0,0,0,0,0,0,0,0,0,0,0,0,0,0,0,0,0,0,0,0,0,0,0,0,0,0,0,0,0,0,0,0,0,0,0,0,0,0,0,0,0,0,0,0,0,0,0,0,0,0,0,0,0,0,0,0,0,0,0,0,0,0,0,0,0,0,0,0,0,0,0,0,0,0,0,0,0,0,0,0,0,0,0,0,0,0,0,0,0,0,0,0,0,0,0,0,0,0,0,0,0,0,0,0,0,0,0,0,0,0,0,0,0,0,0,0,0,0,0,0,0,0,0,0,0,0,0
"PWY-6961: L-ascorbate degradation II (bacterial, aerobic)",0,0,0,0,0,0,0,0,0.00010146,0,0,5.56336e-05,0,0,0,0,0,0,0,3.56979e-05,0,0,0,0,0,0,0,7.43746e-05,0,0.000278876,0,0,0,0,0,0,4.63268e-05,0,0,0,3.78408e-05,0,0,0.000111272,3.83001e-05,0,0,0,0,0,0,0,0.000114636,0,4.6042e-05,0.000251775,0,0.000103959,0,0,0,0,2.96323e-05,0,0,0.000107505,0,0,0,0,0,0,0,0,0,0.000145499,0,0,4.90484e-05,0,0,0,0,0,0,0,0,0,0,0,0.000288828,0,0,0,0,0,0,0,0,0,0,0,0,0,0,0,0,6.5782e-05,0,0,0,4.04108e-05,0,0,0,0,7.58619e-05,0,0,2.71384e-05,0,0,0,0,0,0,0.000166148,9.32283e-05,0,0,0,0,0,0.000276866,0,0,0,0,0,0,2.68816e-05,0,0,0,0,0,0,0,0,0,0,0,0,0,0,0
"PWY-6969: TCA cycle V (2-oxoglutarate synthase)",0,0,0,0,3.73996e-05,0,0,0,0.00018845,0,0,7.31901e-05,0,0,0,0,0,0,0,0,0,0,5.41846e-05,0,0,0,4.45195e-05,6.15374e-05,0,0.000306573,0,0,0,0,5.10375e-05,0,0.000106612,0,0.000144963,0,3.62697e-05,0,0,0.000287794,0,0,0,6.28506e-05,0,4.57861e-05,0,0,0.000117891,0,4.10132e-05,0.000292432,0,9.11487e-05,0,0,0,0,0,0,6.08797e-05,9.83389e-05,0,0,0,6.81716e-05,8.90332e-05,0,0.000121969,4.49962e-05,0,0.000153898,6.57307e-05,0,8.00289e-05,5.65741e-05,5.1385e-05,0,0,0,7.96454e-05,0,4.72054e-05,0,0,0,0.000185817,7.12934e-05,0,0,0,0,0,0,0,6.07044e-05,0,0,0,0,0,0,0,7.91181e-05,3.07066e-05,0,0,5.34244e-05,6.78756e-05,8.72526e-05,0,0,0.000134606,0,0,0,8.5032e-05,0,6.09906e-05,0.000105847,9.60883e-05,5.02247e-05,0.000124167,0.000168825,0,3.54941e-05,7.46853e-05,0,0,0.000273344,7.79141e-05,0,0,4.71896e-05,2.94127e-05,5.2931e-05,5.58268e-05,2.64816e-05,0,0,0,0,0,0,0,0,0,0,0,0,0,4.89709e-05
"PWY-6981: chitin biosynthesis",0,0,0,0,0,0,0,0,0,0,0,0,0,0,0,0,0,0,0,0,0,0,0,0,0,0,0,0,0,0,0,0,0,0,0,0,0,0,0,0,0,0,0,0,0,0,0,0,0,0,0,0,0,0,0,0,0,0,0,0,0,0,0,0,0,0,0,0,0,0,0,0,0,0,0,0,0,0,0,0,0,0,0,0,0,0,0,0,0,0,0,0,0,0,0,0,0,0,0,0,0,0,0,0,0,0,0,0,0,0,0,0,0,0,0,0,0,0,0,0,0,0,0,0,0,0,0,0,0,0,0,0,0,0,0,0,0,0,0,0,0,0,0,0,0,0,0,0,0,0,0,0,0,0,0,0
"PWY-6992: 1,5-anhydrofructose degradation",0,0,0,0,0,0,0,0,7.41259e-05,0,0,9.00792e-06,0,0,0,0,0,0,0,0,0,0,0,0,0,0,0,0,0,8.15192e-06,0,0,0,0,0,0,1.15025e-05,0,0,0,0,0,0,1.20406e-05,0,0,0,0,0,0,0,0,1.18879e-05,0,0,0,0,1.04676e-05,0,0,0,0,0,0,0,0,0,0,0,0,0,0,1.29201e-05,0,0,0,0,0,0,0,0,0,0,0,0,0,0,0,0,0,0,0,0,0,0,0,0,0,0,0,0,0,0,0,0,0,0,1.67082e-05,2.01354e-05,0,0,0,0,0,3.85382e-05,0,0,0,0,0,0,0,0,0,0,0,0,3.08212e-05,0,0,0,0,0,0,0,0,0,0,0,0,6.35121e-05,0,0,0,0,0,0,0,0,0,0,0,0,0,0,0
"PWY-7000: kanamycin biosynthesis",0,0,0,0,0,0,0,0,0,0,0,0,0,0,0,0,0,0,0,0,0,0,0,0,0,0,0,0,0,0,0,0,0,0,0,0,0,0,0,0,0,0,0,0,0,0,0,0,0,0,0,0,0,0,0,0,0,0,0,0,0,0,0,0,0,0,0,0,0,0,0,0,0,0,0,0,0,0,0,0,0,0,0,0,0,0,0,0,0,0,0,0,0,0,0,0,0,0,0,0,0,0,0,0,0,0,0,0,0,0,0,0,0,0,0,0,0,0,0,0,0,0,0,0,0,0,0,0,0,0,0,0,0,0,0,0,0,0,0,0,0,0,0,0,0,0,0,0,0,0,0,0,0,0,0,0
"PWY-7009: 2,2'-dihydroxybiphenyl degradation",0,0,0,0,0,0,0,0,0,0,0,0,0,0,0,0,0,0,0,0,0,0,0,0,0,0,0,0,0,0,0,0,0,0,0,0,0,0,0,0,0,0,0,0,0,0,0,0,0,0,0,0,0,0,0,0,0,0,0,0,0,0,0,0,0,0,0,0,0,0,0,0,0,0,0,0,0,0,0,0,0,0,0,0,0,0,0,0,0,0,0,0,0,0,0,0,0,0,0,0,0,0,0,0,0,0,0,0,0,0,0,0,0,0,0,0,0,0,0,0,0,0,0,0,0,0,0,0,0,0,0,0,0,0,0,0,0,0,0,0,0,0,0,0,0,0,0,0,0,0,0,0,0,0,0,0
"PWY-7013: (S)-propane-1,2-diol degradation",3.26496e-05,0,5.57961e-05,0,0,0,0,0,0,3.54345e-05,6.89858e-05,2.65974e-05,0,0.000114542,0,0,0.000181645,0,0,4.71824e-05,0,3.24493e-05,0,0,0,8.01793e-05,1.7696e-05,0.000274128,9.68204e-05,2.34916e-05,3.88122e-05,0.00023984,9.82405e-05,0,4.18876e-05,0,0.000173472,0,0.00041065,0,0,6.10905e-05,6.80788e-05,1.84783e-05,0,6.93183e-05,0,0.00016566,7.61052e-05,0.000108106,0,0,8.56173e-05,4.41357e-05,0,0.000379396,0,9.14222e-05,0,0.000123932,4.07969e-05,0.000103507,0,5.01121e-05,0,0,0.000112117,0.000123329,0.000120074,0,0,3.9506e-05,0,0,0,2.44937e-05,3.39332e-05,0,0,4.95487e-05,3.61079e-05,3.7621e-05,0,0.000201922,0,0,0,0,0,0.000124371,0,6.00261e-05,0,0.000188765,0.000245368,4.05613e-05,0,3.88956e-05,0.000144388,0,4.68843e-05,0,0,0,6.74379e-05,0,5.41103e-05,3.82965e-05,0,0,7.81618e-05,4.80939e-05,4.75386e-05,0,0,0,0.000291456,0,5.2349e-05,0,5.16624e-05,0,0,0,4.24912e-05,0,0.000133107,0,0,0,0,8.32811e-05,0,0.000189072,0,0.000273653,0.00012093,0,0,0,0.00010392,0,0,0,0,0,0,0,0,9.1237e-05,0,0,0,7.37913e-05,0,0
"PWY-702: L-methionine biosynthesis II",0.000155589,6.45826e-05,9.19659e-05,0,5.80775e-05,0,0.000137742,0.000176841,0.000307041,7.4646e-05,0,0.000129369,0,0.000106268,0.000112472,5.07422e-05,9.44581e-05,0.000189975,0,0,4.40887e-05,5.78953e-05,0,0,0,0,0.000140107,0.00034736,6.04289e-05,0.000302171,0.000211467,9.51647e-05,0.000152464,0,0.000216842,6.20001e-05,9.80728e-05,0.00013672,0.000114663,0,7.64113e-05,0,0,0.000237771,0.000120639,0.000145052,0,0.000165808,0,0.00023694,0,0.000102382,0.000208394,0,9.19978e-05,0.000287943,0.000112401,0.000234983,5.68288e-05,7.95483e-05,0.000110973,4.73149e-05,4.69741e-05,0,0,0.00011435,0.000124951,0,7.50563e-05,0,0,0,0.000151981,0,0,0.000242481,0,0,5.89472e-05,5.8981e-05,0,3.15687e-05,0.00015729,0,0,7.86299e-05,0.000145141,0.000242522,0,0.000382559,0.00029678,0,6.32858e-05,6.50885e-05,0.000229435,6.6601e-05,0,7.09203e-05,0.000121304,5.52623e-05,0,0.000197154,0,8.83689e-05,4.71379e-05,0,0,0.000178722,0.000157494,0,0.000304728,0.000111603,0.000114947,0,0,0.00012406,0.000109624,0,6.52208e-05,5.38576e-05,8.30509e-05,0,0,6.15417e-05,0,0,0.000124396,0.000238329,0,2.64774e-05,5.81331e-05,0.00012356,0,0.000251852,4.14641e-05,0.000287778,8.75425e-05,0,0,0,0.000118292,0.000102505,6.03775e-05,0,7.15308e-05,0,3.72981e-05,2.76259e-05,0,4.91e-05,0,0,0,0.000108454,0,0
"PWY-7031: protein N-glycosylation (bacterial)",0,0,0,0,0,0,0,0,0,0,0,0,0,0,0,0,0,0,0,0,0,0,0,0,0,0,0,0,0,0,0,0,0,0,0,0,0,0,0,0,0,0,0,0,0,0,0,0,0,0,0,0,0,0,0,0,0,0,0,0,0,0,0,0,0,0,0,0,0,0,0,0,0,0,0,0,0,0,0,0,0,0,0,0,0,0,0,0,0,0,0,0,0,0,0,0,0,0,0,0,0,0,0,0,0,0,0,0,0,0,0,0,0,0,0,0,0,0,0,0,0,0,0,0,0,0,0,0,0,0,0,0,0,0,0,0,0,0,0,0,0,0,0,0,0,0,0,0,0,0,0,0,0,0,0,0
"PWY-7039: phosphatidate metabolism, as a signaling molecule",0,0,0,0,0,0,0,0,4.07248e-05,0,0,0,0,0,0,0,0,0,0,0,0,0,0,0,0,0,0,0,0,0,0,0,0,0,0,0,0,0,0,0,0,0,0,0,0,0,0,0,0,0,0,0,5.15005e-05,0,0,0,0,0,0,0,0,0,0,0,0,0,0,0,0,0,0,0,0,0,0,0,0,0,0,0,0,0,0,0,0,0,0,0,0,0,0,0,0,0,0,0,0,0,0,0,0,0,0,0,0,0,0,0,0,0,0,0,0,0,0,0,0,0,0,0,0,0,0,0,0,0,3.19911e-05,0,0,0,0,0,0,0,0,0,0,0,0,0,0,0,0,0,0,0,0,0,0,0,0,0,0,0,0,0
"PWY-7090: UDP-2,3-diacetamido-2,3-dideoxy-&alpha;-D-mannuronate biosynthesis",0,0,0,0,0,0,0,0,0,0,0,0,0,0,0,0,0,0,0,0,0,0,0,0,0,0,0,0,0,0,0,0,0,0,0,0,0,0,0,0,0,0,0,0,0,0,0,0,0,0,0,0,0,0,0,0,0,0,0,0,0,0,0,0,0,0,0,0,0,0,0,0,0,0,0,0,0,0,0,0,0,0,0,0,0,0,0,0,0,0,0,0,0,0,0,0,0,0,0,0,0,0,0,0,0,0,0,0,0,0,0,0,0,0,0,0,0,0,0,0,0,0,0,0,0,0,0,0,0,0,0,0,0,0,0,0,0,0,0,0,0,0,0,0,0,0,0,0,0,0,0,0,0,0,0,0
"PWY-7094: fatty acid salvage",0,0,0,0,0,0,0,0,5.98444e-05,0,0,1.0109e-05,0,0,0,0,0,0,0,0,0,0,0,0,0,0,0,0,0,5.53789e-05,0,0,0,0,0,0,1.51331e-05,0,0,0,3.18453e-05,0,0,1.29722e-05,0,0,0,0,0,0,0,0,5.39656e-05,0,0,0.000177088,0,0,0,0,0,0,0,0,0,1.72849e-05,0,0,0,0,0,0,2.76436e-05,0,0,4.42753e-05,0,0,1.0751e-05,0,0,0,0,0,0,0,0,0,0,0,0.000136999,0,0,0,0,0,0,0,0,0,0,0,0,0,0,0,0,1.03974e-05,1.22141e-05,0,0,1.36003e-05,0,0,0,0,6.3036e-05,0,0,0,0,0,0,0,0,0,8.41932e-06,3.96357e-05,0,0,0,0,0,0.000140598,0,0.000122294,0,0,0,0,4.35425e-05,0,0,0,0,0,0,0,0,0,0,0,0,0,0,0
"PWY-7111: pyruvate fermentation to isobutanol (engineered)",0.000583654,0.000277912,0.000487019,0.000272825,0.000440787,0.000533412,0.000525365,0.000455283,0.000761688,0.000307104,0.000275422,0.000440361,0,0.00050388,0.000666754,0.000271989,0.000560481,0.000652025,0.00026203,0.000136918,0.000137006,0.000489583,0.000228471,0.000168265,0.00020506,0.000449443,0.000605343,0.00072539,0.000459802,0.000652712,0.000690814,0.000495682,0.000635914,0.000403773,0.000554847,0.000231661,0.000374134,0.000325089,0.000392148,0.000148497,0.000303788,0.000371766,0.000266374,0.000507383,0.000492134,0.000509968,0.000110133,0.000538552,0.000378413,0.000646573,0.00032727,0.000466261,0.000532809,0.00028679,0.000335349,0.000550945,0.000415256,0.000649368,0.000741743,0.000338973,0.000311039,0.00046462,0.000298738,0.000454818,0.00018772,0.000339481,0.000546682,0.000427143,0.000283944,0.000220604,9.34851e-05,0.000353703,0.000422382,7.175e-05,0.000111799,0.000602569,0.000118089,0,0.000243729,0.000557832,0.000461894,0.000248712,0.000422743,0.000567347,0.0003486,0.000236592,0.000645315,0.000550197,0.000203759,0.000836849,0.000630606,0.00050644,0.000440462,0.000630052,0.000589552,0.000128625,0.000349151,0.00038564,0.000501232,0.000121736,0.000502175,0.000637864,0.000389236,0.000400004,0.000378439,0,0.000442364,0.000570183,0.00051063,0.000120073,0.00082813,0.000509976,0.000563526,0.000291175,0.000214632,0.000602796,0.000436838,0.000465879,0.00044548,0.000166408,0.000362709,0.000113551,0.000300181,0.000408854,0.000368509,0.000101734,0.000516888,0.000510018,6.68556e-05,0.000209824,0.000141927,0.000445995,0.000205964,0.000506431,0.00018179,0.000401764,0.000325147,0.000181362,0.000106142,0,0.000438196,0.000177543,0.000404656,7.47757e-05,0.000203593,0.000158039,0.000339183,0.00010022,0.000131815,0.000443883,0.000198456,0,0.00023549,0.00035121,0.000304094,9.31206e-05
"PWY-7115: C4 photosynthetic carbon assimilation cycle, NAD-ME type",0,0,3.83499e-05,0,0,7.09554e-05,5.83919e-05,0,0.000173362,0,0,8.56385e-05,0,9.34486e-05,0,4.6843e-05,5.69827e-05,5.20478e-05,0,0,0,0,0,0,0,0.000102531,4.84649e-05,0.000230298,0,9.40156e-05,9.3874e-05,0,6.22976e-05,5.73369e-05,0,0,7.93225e-05,8.31888e-05,0.000100766,0,5.00338e-05,0,0,0.000123506,0,0,0,6.92485e-05,0,6.49598e-05,7.28207e-05,0,0.000185549,0,0,0.000149851,0,0.000185968,0,4.0263e-05,0,4.05738e-05,0.000127827,0,0,4.83744e-05,8.35176e-05,7.22821e-05,7.04469e-05,0,0,0,9.35471e-05,0,0,0.000199813,0,0,7.09362e-05,0.000165006,9.76356e-05,0,0,0,2.52816e-05,5.15171e-05,0.000106799,6.17583e-05,0,0.000157593,8.44415e-05,0.000113797,0,0.000128391,5.21263e-05,0,0,0,0,0,0,0,4.14041e-05,0,0,0,5.71783e-05,0.000112919,0.000118573,0,0,0.000129393,4.06916e-05,0,5.38145e-05,5.54305e-05,0.000126134,0,0,0,0,0,0,0,0,0,8.7697e-05,0.000148176,0,0,0,6.371e-05,0,0.000206319,0,0.000237255,0,0,0,0,3.16823e-05,0,8.70786e-05,0,0,0,4.31009e-05,0,0,0,0,0,0,0,0,4.05041e-05
"PWY-7117: C4 photosynthetic carbon assimilation cycle, PEPCK type",0.000104423,4.12342e-05,5.49679e-05,0,6.97345e-05,0.000185111,0.00019595,0.000183488,0.000337606,0,0,0.000163694,0,9.48155e-05,6.22601e-05,8.13128e-05,8.74173e-05,0.000124466,0,0,0,0,0,0,0,0.000123982,0.00015934,0.00038115,0,0.000365706,9.81738e-05,4.70626e-05,7.22397e-05,5.94233e-05,0,0,0.000202157,0.000107051,0.000250289,0,0.000107262,0,0,0.000252877,4.80682e-05,0.000181871,0,7.47237e-05,0,0.000401563,7.11436e-05,0.000101872,0.000236449,0,0,0.000317042,5.67168e-05,0.000382965,0,9.20361e-05,0,6.09568e-05,0.000128432,5.10713e-05,0,0.000164867,0.000148197,9.56672e-05,7.94156e-05,0,0,0,0.000180298,0,0,0.000348849,8.19352e-05,0,9.88155e-05,0.000225711,0.000245538,0,0,0,3.10887e-05,9.60919e-05,0.000280165,0.000271055,5.14209e-05,0.000426222,0.000360548,0.00021053,0,0.00021215,8.5689e-05,3.45004e-05,0,0,0,5.15253e-05,0.00023995,0,2.55804e-05,6.31838e-05,0,0,7.09086e-05,0.000226353,0.000146894,0,0.000345219,0.000155492,0.00023319,4.76358e-05,0,7.4306e-05,0.000134696,0,7.9155e-05,6.57676e-05,0,0,0,0,4.80582e-05,0,0.000117178,0.000369231,0,0,4.30967e-05,7.02884e-05,0,0.000320691,0,0.000245536,0,8.95927e-05,0,0,7.00458e-05,8.07476e-05,0.000100245,0,0,0,4.78558e-05,0,0,6.93077e-05,0,0,0,0,0,3.5115e-05
"PWY-7118: chitin deacetylation",0,0,0,0,0,0,0,0,0.000148416,0,0,2.85019e-05,0,0,0,0,0,0,0,0,0,0,0,0,0,0,2.06939e-05,2.77029e-05,0,0.000336948,0,0,0,0,0,0,5.481e-05,0,0.000125072,0,3.44496e-05,0,0,0.000190941,0,0,0,0,0,0,0,0,9.88019e-05,0,4.28983e-05,0.000205923,0,0.00013644,0,0,0,0,4.14619e-05,0,2.35958e-05,6.42482e-05,0,0,0,0,0,0,0.000100524,0,0,0.000240289,0,0,3.47676e-05,0,0,0,0,0,0,0,0,0,0,0,0.000269814,0,0,3.54962e-05,0,0,0,0,0,2.41927e-05,0,0,0,0,0,0,0,2.34642e-05,3.95271e-05,0,0,0,0,0,0,0,7.28921e-05,0,0,2.71814e-05,0,0,0,0,0,0,8.32085e-05,0.00032853,0,0,0,0,0,0.000248608,0,8.85206e-05,0,4.24526e-05,0,0,2.57047e-05,0,0,0,0,0,3.01647e-05,0,0,0,0,0,0,0,0,0
"PWY-7124: ethene biosynthesis V (engineered)",0,0,0,0,0,0,0,0,0,0,0,0,0,0,0,0,0,0,0,0,0,0,0,0,0,0,0,0,0,0,0,0,0,0,0,0,0,0,0,0,0,0,0,0,0,0,0,0,0,0,0,0,0,0,0,0,0,0,0,0,0,0,0,0,0,0,0,0,0,0,0,0,0,0,0,0,0,0,0,0,0,0,0,0,0,0,0,0,0,0,0,0,0,0,0,0,0,0,0,0,0,0,0,0,0,0,0,0,0,0,0,0,0,0,0,0,0,0,0,0,0,0,0,0,0,0,0,0,0,0,0,0,0,0,0,0,0,0,0,0,0,0,0,0,0,0,0,0,0,0,0,0,0,0,0,0
"PWY-7159: 3,8-divinyl-chlorophyllide a biosynthesis III (aerobic, light independent)",0,0,0,0,0,0,0,0,0,0,0,0,0,0,0,0,0,0,0,0,0,0,0,0,0,0,0,0,0,0,0,0,0,0,0,0,0,0,0,0,0,0,0,0,0,0,0,0,0,0,0,0,0,0,0,0,0,0,0,0,0,0,0,0,0,0,0,0,0,0,0,0,0,0,0,0,0,0,0,0,0,0,0,0,0,0,0,0,0,0,0,0,0,0,0,0,0,0,0,0,0,0,0,0,0,0,0,0,0,0,0,0,0,0,0,0,0,0,0,0,0,0,0,0,0,0,0,0,0,0,0,0,0,0,0,0,0,0,0,0,0,0,0,0,0,0,0,0,0,0,0,0,0,0,0,0
"PWY-7165: L-ascorbate biosynthesis VIII (engineered pathway)",0,0,0,0,0,0,0,0,0,0,0,0,0,0,0,0,0,0,0,0,0,0,0,0,0,0,0,5.69394e-05,0,0,0,0,0,0,0,0,0,0,0,0,0,0,0,0,0,0,0,0,0,0,0,0,0,0,0,0,0,0,0,0,0,0,0,0,0,0,0,0,0,0,0,0,0,0,0,0,0,0,0,0,0,0,0,0,0,0,0,0,0,0,0,0,0,0,0,0,0,0,0,0,0,0,0,0,0,0,0,0,0,0,0,0,0,0,0,0,6.17923e-05,0,0,0,0,0,0,0,0,0,0,0,0,0,0,0,0,0,0,0,0,0,0,0,0,0,0,0,0,0,0,0,0,0,0,0,0,0,0,0
"PWY-7184: pyrimidine deoxyribonucleotides de novo biosynthesis I",0,0,0,0,0,0,0,0,0.000205743,0,0,0.000135183,0,0,0,0,0,0,0,0,0,0,0,0,0,0,4.92025e-05,5.53482e-05,0,0.000162118,0,0,0,0,0,0,0.000101383,0,0.000143323,0,0,0,0,0.000190854,0,0,0,0,0,0,8.51565e-05,4.55438e-05,0.000159813,0,0,0.000231337,0,0,0,4.4344e-05,0,0,0,0,0,3.29093e-05,3.21743e-05,0,0,0,0,0,9.22769e-05,0,0,0.000150799,0,0,4.73012e-05,0,0,0,0,0,0,0,0,0,0,0,0.000154438,0,0,0,0,0,0,0,0,0.000133854,0,0,0,0,0,0,0,8.6904e-05,0,0,0,5.7516e-05,0,6.10582e-05,0,0,0,0,0,4.3592e-05,0,0,0,0,5.19394e-05,0,5.55626e-05,0.000167233,0,0,0,0,0,0.000211643,0,8.02483e-05,0,0,0,0,0.000152527,0,0,0,5.03844e-05,0,6.19728e-05,0,0,0,0,0,0,0,0,0
"PWY-7187: pyrimidine deoxyribonucleotides de novo biosynthesis II",0,0,0,0,0,0,0,0,0.000114516,0,0,0,0,0,0,0,0,0,0,0,0,0,0,0,0,0,0,6.5026e-05,0,9.79974e-05,0,0,0,0,0,0,0,0,7.03944e-05,0,0,0,0,0,0,0,0,0,0,0,0,0,6.76573e-05,0,0,0.000136593,0,0,0,0,0,0,0,0,0,0,0,0,0,0,0,0,0,0,0,0.000110981,0,0,0,0,0,0,0,0,0,0,0,0,0,0,9.54931e-05,0,0,0,0,0,0,0,0,0,0,0,0,0,0,0,0,0,0,0,0,0,0,0,0,0,4.20187e-05,0,0,0,0,0,0,0,3.26351e-05,0,5.27939e-05,0.000111816,0,0,0,0,0,0.000137628,0,9.37684e-05,0,0,0,0,0,0,0,0,0,0,0,0,0,0,0,0,0,0,0,0
"PWY-7196: superpathway of pyrimidine ribonucleosides salvage",0,0,0,0,0,0,0,0,0,0,0,0,0,0,0,0,0,0,0,0,0,0,0,0,0,0,0,0,0,0,0,0,0,0,0,0,0,0,0,0,0,0,0,0,0,0,0,0,0,9.58761e-05,0,0,0,0,0,0,0,0,0,0,0,0,0,0,0,0,0,0,0,0,0,0,0,0,0,0,0,0,0,0,0,0,0,0,0,0,0,3.33511e-05,0,0,0,4.23801e-05,0,0,0.000119633,0,0,0,0,0,0,0,0,0,0,0,0,0,0,0,4.93003e-05,0,0,0,0,0,0,0,0,0,0,0,0,0,0,0,0,0,0,0,0,0,0,0,0,0,0,0,0,0,0,0,0,0,0,0,0,0,0,0,0,0,0,0,0,0
"PWY-7197: pyrimidine deoxyribonucleotide phosphorylation",2.37453e-05,0,0,0,0,7.25751e-05,3.14945e-05,3.1842e-05,0.000155762,0,0,0.000157441,3.84714e-05,8.53742e-05,6.12919e-05,8.45991e-05,0,0,7.15902e-05,0,6.07303e-05,8.03316e-05,0,0,0,2.67565e-05,5.82269e-05,2.93328e-05,9.5746e-05,0.000112354,9.88657e-05,0,0,0,0,2.85426e-05,6.49743e-05,0,0.000172864,0,0,6.75105e-05,3.04147e-05,0.000140153,3.52757e-05,0,0,0,5.53367e-05,0.000183646,0.000184973,4.31426e-05,0.00011293,0.00024385,3.0507e-05,0.000212372,0,0,0,3.54187e-05,0,0,6.7463e-05,5.33566e-05,0.000148634,4.52564e-05,6.96874e-05,0,6.46729e-05,0,4.00235e-05,0,5.84576e-05,6.29657e-05,0,0.000113688,0.000128151,0,2.73444e-05,0,4.33808e-05,5.38248e-05,3.07198e-05,0,0.000243302,7.53482e-05,0,3.16107e-05,0,0,0.000112723,3.26173e-05,0,5.09237e-05,8.76993e-05,3.02667e-05,0,0,0,0.000102839,8.25539e-05,0,0,3.36117e-05,0.000140496,0.000100148,0.000100643,0.000188021,0.000147211,3.63417e-05,0.000124602,6.58538e-05,9.91204e-05,0.000102891,3.97048e-05,3.40856e-05,7.96445e-05,6.07342e-05,9.01764e-05,3.24587e-05,0,6.4733e-05,5.97025e-05,0,4.73955e-05,7.07783e-05,4.38621e-05,0.000116718,4.69973e-05,5.87503e-05,4.6722e-05,0,0,0.000159092,0.000122678,5.65298e-05,0,0.000138905,3.04187e-05,4.16936e-05,0.000153511,0,5.68218e-05,0.000100108,5.83351e-05,3.79282e-05,5.46784e-05,9.74997e-05,4.09997e-05,5.8855e-05,3.5597e-05,5.32539e-05,7.30194e-05,0.000166678,2.86192e-05,0.000105165
"PWY-7198: pyrimidine deoxyribonucleotides de novo biosynthesis IV",0,0,0,0,0,0.000104201,4.96781e-05,4.97371e-05,0.000160203,0,0,0.000150558,5.09905e-05,0,0,0,0,0,0,0,6.57014e-05,0,0,0,0,4.06647e-05,4.32947e-05,6.67424e-05,0,1.80075e-05,0,0,0,0,0,3.90869e-05,0,0,8.58588e-05,0,0,5.63449e-05,3.72441e-05,0,0,0,0,0,4.32107e-05,0.00024987,0.000136865,4.88222e-05,4.35657e-05,8.13883e-05,3.85728e-05,5.45656e-05,0,0,0,5.23493e-05,0,0,8.96046e-05,0,0.000124344,2.81402e-05,9.20024e-05,0,8.24436e-05,0,0,0,0,0,0,0.000150076,0.000125122,0,0,0,6.83501e-05,0,0,0,0.00017835,0,0,5.17257e-05,0,0,5.5133e-05,5.21168e-05,0,7.49287e-05,0,0,0,0,0,0,0.000107028,0,0,4.08146e-05,0,9.40285e-05,7.53635e-05,6.26023e-05,0.000127424,0,0.000179974,4.2218e-05,0.000123258,0.000102576,0,4.86192e-05,4.62467e-05,7.5032e-05,0.000113369,0,0,7.09279e-05,5.43177e-05,0,4.78286e-05,0,4.22437e-05,0.000103291,0,0,6.6226e-05,0,0,3.24586e-05,0,5.23429e-05,0,0.000119206,0,5.74464e-05,0.000109875,0,7.17985e-05,0,0,0,5.68942e-05,0.000125917,5.62355e-05,5.39067e-05,0,6.95372e-05,0,0.000156145,0,0.000117768
"PWY-7199: pyrimidine deoxyribonucleosides salvage",0.000255674,0.000142883,0.000310105,0.000256089,0.000281651,0.000131579,0.00012919,0.000155354,0.000234882,0.000196527,0.000291108,0.000242457,0.000325835,0.000155803,0.000161461,0.000266034,0.000173194,0.000128571,0.000233859,0.000362746,0.00011563,0.000116605,0.000124806,0.000140077,0.000178019,0.000225444,0.000189355,0.00013774,0.000135992,0.00021058,0.000299222,0.000210293,0,0.000105941,0,0.000227415,0.000156549,0,0.00023041,0.000615702,0.000145146,0.000230895,0.000199421,0.000166153,0,8.49245e-05,0.000142486,0.000128547,0.000119529,9.41977e-05,9.49409e-05,0.000253505,0.000157988,0.000283336,0.00012666,0.000178316,0,7.09171e-05,0.000394291,0.000128969,5.66595e-05,0.000192124,0.000197734,4.98871e-05,6.3939e-05,0.000125502,0.000216769,0.000181679,0.00011438,0.000290387,0.000276288,0.000135869,0.000128251,0.000205169,0.000132154,0.000133002,0.000216119,0.000413841,0.000170213,0.000252381,6.08907e-05,0.000221623,0.000177684,0.000144712,0.000123286,0.000115293,0.00020192,8.76611e-05,0.000232721,0.000136298,0.000189682,0.000114181,0.000218448,8.36104e-05,0.00026123,0.000154704,0.000178898,0.000181471,7.05706e-05,0.000196396,0.000186826,0.000172864,0.000103464,0.00018095,6.85461e-05,0.000254883,0.000169191,0.000173071,0.000125929,0.000110299,3.88401e-05,0.000120252,0.000194441,0.000159762,0.000209037,0.000203995,0.000172688,0.000110575,0.000175057,0.000378703,0.000219653,0.000176683,0.000270061,0.000135221,0.000263956,0.000172953,0.000289255,0.000160358,0.000237911,0.00015127,0.000147406,0.000127838,0.000178842,0.000169375,0.00021321,0.000215618,0.000110216,0.000147269,0.000243335,0.000466042,0.000133478,0.000167208,0.000190619,0.000491088,0.000274606,0.000272304,5.08193e-05,0.000235067,0.000315558,0,0.000260534,0.000235614,0.000312603,0,0.000125417,0.000133095
"PWY-7200: superpathway of pyrimidine deoxyribonucleoside salvage",0,0,0,0,0,0,0,0,0,0,0,0,0,0,0,0,0,0,0,0,0,0,0,0,0,0,0,0,0,0,0,0,0,0,0,0,0,0,0,0,0,0,0,0,0,0,0,0,0,0,0,0,0,0,0,0,0,0,0,0,0,0,0,0,0,0,0,0,0,0,0,0,0,0,0,0,0,0,0,0,0,0,0,0,0,0,0,0,0,0,0,0,0,0,0,0,0,0,0,0,0,0,0,0,0,0,0,0,0,0,0,0,0,0,0,0,0,0,0,0,0,0,0,0,0,0,0,0,0,0,0,0,0,0,0,0,0,0,0,0,0,0,0,0,0,0,0,0,0,0,0,0,0,0,0,0
"PWY-7204: pyridoxal 5'-phosphate salvage II (plants)",0,0,0,0,0,0,0,0,7.27307e-05,0,0,0,0,0,0,0,0,0,0,0,0,0,0,0,0,0,0,0,0,0.000167952,0,0,0,0,0,0,1.32195e-05,0,0,0,0,0,0,4.37637e-05,0,0,0,0,0,0,0,0,7.4822e-05,0,0,0.00015238,0,2.93959e-05,0,0,0,0,0,0,0,5.26194e-05,0,0,0,0,0,0,0.000102387,0,0,0.000110187,0,0,2.93848e-05,0,0,0,0,0,0,0,0,0,0,0,0.000156477,0,0,0,0,0,0,0,0,0,0,3.60408e-05,0,0,0,0,0,5.96697e-05,0,0,0,5.19452e-05,0,0,0,0,0,0,0,0,0,0,0,0,0,0,9.90951e-05,0.000115656,0,0,0,0,0,0.000210144,0,6.61875e-05,0,0,0,0,8.81576e-06,0,0,0,0,0,0,0,0,0,0,0,0,0,0,0
"PWY-7208: superpathway of pyrimidine nucleobases salvage",3.58971e-05,0,7.85666e-05,0,3.38881e-05,0.000104283,4.67779e-05,4.74572e-05,0.000210486,3.88324e-05,4.78032e-05,0.000216689,5.64506e-05,0.000119954,8.84264e-05,0.000123458,0,5.02634e-05,0.000151098,0,8.89782e-05,0.000123029,4.44917e-05,0,0,3.99902e-05,0.000219028,4.31931e-05,0.000139348,0.000149965,0.000146579,0.000139753,0.000226453,4.51485e-05,0.000413215,4.21511e-05,0.000171006,0.000181937,0.000217672,0,0,9.61564e-05,4.6352e-05,0.000232389,0.000126889,0,5.26576e-05,0.000159382,0.0001554,0.000257103,0.000258211,6.40241e-05,0.000154193,0.000317621,4.54832e-05,0.000253352,0.000196144,6.15816e-05,0.000564124,5.0224e-05,0,3.99377e-05,9.62172e-05,8.1739e-05,0.000196844,7.19121e-05,0.000174679,7.80026e-05,9.38315e-05,0,5.79085e-05,0,0.000191381,0.000106894,4.0816e-05,0.000149065,0.000297059,0,0.000139329,0.000198983,6.22487e-05,7.57135e-05,9.01905e-05,0,0.000313205,0.000110298,0.000125379,4.57779e-05,0,0.000167965,0.000170146,5.49966e-05,0,0.000132495,0.00019353,4.47446e-05,7.1188e-05,0,0.000202552,0.000150798,0.00011787,0.000387011,0.00019363,4.98304e-05,0.000224406,0.000139986,0.000140338,0.000318847,0.000208852,8.10131e-05,0.000174737,9.64503e-05,0.000145916,0.000142637,5.68835e-05,5.1503e-05,0.000183189,0.000149726,0.000129986,4.80103e-05,0.000136787,9.03011e-05,8.53328e-05,3.82182e-05,7.18898e-05,9.88415e-05,6.85067e-05,0.000148785,6.65499e-05,8.57529e-05,6.63294e-05,0,7.16868e-05,0.000164052,0.000190947,9.79335e-05,0,0.000221583,0.00010176,5.44724e-05,0.000206204,0,8.46112e-05,0,9.50688e-05,8.59691e-05,8.34756e-05,0.000142664,6.33561e-05,8.8729e-05,5.37211e-05,7.86073e-05,0.000107859,0.000260089,9.68267e-05,0.000152815
"PWY-7209: superpathway of pyrimidine ribonucleosides degradation",0,0,4.0189e-05,0,0,6.62532e-05,4.10675e-05,6.28246e-05,0.000146041,0,0,5.00875e-05,0,0,0,0,4.04171e-05,0,0,0,0,0,0,0,0,0,0,0,0,3.63485e-06,0,0,0,4.81952e-05,0,0,1.95233e-05,0,0,0,2.61023e-05,0,0,4.95961e-05,0,0,0,0,0,0,0,0,5.14198e-05,0,0,2.11837e-05,0,0.000118609,0,3.06205e-05,0,0,3.26475e-05,0,0,0,8.88977e-05,6.27759e-05,0,0,0,0,4.77157e-05,0,0,0.000108811,0,0,0,5.49942e-05,4.124e-05,0,0,0,0,0,0.000107872,0,0,9.22107e-05,0,0,0,0,0,0,0,0,0,0,0,0,0,4.50354e-05,0,0,3.96427e-05,3.04766e-05,3.38986e-05,0,0.00013342,4.51605e-05,0,0,0,0,4.23172e-05,0,5.35312e-05,0,0,0,0,0,0,0,1.83754e-05,4.36259e-05,0,0,0,0,0,9.54821e-06,0,0,0,0,0,0,0,0,0,0,0,0,0,0,0,0,0,0,0,0,0,0
"PWY-7210: pyrimidine deoxyribonucleotides biosynthesis from CTP",0,0,0,0,0,0,0,0,0,0,0,0,0,0,0,0,0,0,0,0,0,0,0,0,0,0,0,5.05689e-05,0,2.42469e-05,0,0,0,0,0,0,0,0,0.000105449,0,0,0,0,0,0,0,0,0,0,0,9.09891e-05,4.7956e-05,0,0,0,7.1939e-05,0,0,0,0,0,0,0,0,0,3.26258e-05,0,0,0,0,0,0,0,0,0,0,0,0,0,0,0,0,0,0,0,0,0,0,0,0,6.77974e-05,0,0,0,0,0,0,0,0,0,0,0,0,0,0,0,0,0,0,0,0,0,0,0,0,0,0,0,0,0,0,0,0,0,5.14529e-05,0,0,0,0,0,0,0,0,4.36321e-05,0,5.61777e-05,0,0,0,0,0.000111658,0,0,0,0,0,0,0,0,0,0,0,0,0,0,0
"PWY-7211: superpathway of pyrimidine deoxyribonucleotides de novo biosynthesis",0,0,0,0,0,0,0,0,0,0,0,0,0,0,0,0,0,0,0,0,0,0,0,0,0,0,0,6.71568e-05,0,4.03698e-05,0,0,0,0,0,0,0,0,0.000131633,0,0,0,0,0,0,0,0,0,0,0,0,0,0.000162992,0,0,0.000108132,0,0,0,0,0,0,0,0,0,3.99013e-05,5.07238e-05,0,0,0,0,0,0,0,0,0,0,0,0,0,0,0,0,0,0,0,0,0,0,0,9.7487e-05,0,0,0,0,0,0,0,0,0,0,0,0,0,0,0,0,0,0,0,0,0,0,0,0,0,0,0,0,5.36095e-05,0,0,0,0,0,0,0,0,0,0,0,0,0,6.80923e-05,0,0.000100095,0,0,0,0,0.000140062,0,0,0,0,0,0,0,0,0,0,0,0,0,0,0
"PWY-7218: photosynthetic 3-hydroxybutanoate biosynthesis (engineered)",0,0,0,0,0,0,0,0,0,0,0,0,0,0,0,0,0,0,0,0,0,0,0,0,0,0,0,0,0,0,0,0,0,0,0,0,0,0,0,0,0,0,0,0,0,0,0,0,0,0,0,0,0,0,0,0,0,0,0,0,0,0,0,0,0,0,0,0,0,0,0,0,0,0,0,0,0,0,0,0,0,0,0,0,0,0,0,0,0,0,0,0,0,0,0,0,0,0,0,0,0,0,0,0,0,0,0,0,0,0,0,0,0,0,0,0,0,0,0,0,0,0,0,0,0,0,0,0,0,0,0,0,0,0,0,0,0,0,0,0,0,0,0,0,0,0,0,0,0,0,0,0,0,0,0,0
"PWY-7220: adenosine deoxyribonucleotides de novo biosynthesis II",2.7401e-05,0,0,0,0,7.72302e-05,3.47217e-05,3.53064e-05,0.000194065,0,0,0.000188849,4.31644e-05,8.34297e-05,6.47014e-05,8.95785e-05,0,0,6.61031e-05,0,5.2887e-05,4.30303e-05,0,0,0,2.96015e-05,6.73298e-05,5.5209e-05,9.36411e-05,0.000158405,9.729e-05,0,0,0,0,3.17098e-05,0.000204382,0,0.000283838,0,0,6.18923e-05,3.19503e-05,0.000233472,3.96321e-05,0,0,0,5.9708e-05,0.000211284,0.000199152,4.71489e-05,0.000137531,4.27373e-05,3.3872e-05,0.000292873,0,0,0,3.90363e-05,0,0,7.51719e-05,0,0.000153685,6.28585e-05,7.3081e-05,0,7.09876e-05,0,4.57797e-05,0,0.000170598,0.000105416,3.52243e-05,0.000136272,0.000301032,0,0.000151582,0,4.68814e-05,5.90903e-05,3.07133e-05,0,0.000232692,8.84046e-05,0,3.52541e-05,0,0,0.000178941,3.52321e-05,0,5.55588e-05,9.85026e-05,3.41365e-05,0,0,0,0.000131486,7.39661e-05,0,0,3.18663e-05,9.79525e-05,0.000106574,8.71122e-05,0.000289603,0.000133026,3.53678e-05,0.000138374,7.59333e-05,0.000114382,0.000116868,4.47319e-05,3.81487e-05,8.73239e-05,8.457e-05,0.000100592,3.6859e-05,0,6.9823e-05,6.7304e-05,0,5.8101e-05,7.68555e-05,5.83736e-05,0.000149492,5.24713e-05,6.36968e-05,5.09307e-05,0,4.61714e-05,0.000229596,0.000166204,9.31049e-05,0,0.000169989,5.08142e-05,0.000443966,0.000185554,0,5.68149e-05,0.000586593,7.42994e-05,0.000222753,6.08999e-05,0.000111654,5.26532e-05,6.01769e-05,3.99539e-05,6.11866e-05,7.13839e-05,0.000182193,6.13508e-05,0.00011261
"PWY-7221: guanosine ribonucleotides de novo biosynthesis",0.000321974,0.000302558,0.000319878,0.000453785,0.000459537,0.000615876,0.000644414,0.00053882,0.000479627,0.000366355,0.000377294,0.000379725,0.000213433,0.000461694,0.0006401,0.000603799,0.000574657,0.000519991,0.000549686,0.000263046,0.000320001,0.000585158,0.000233597,5.85915e-05,0.000212035,0.000580324,0.000634005,0.000425619,0.000420029,0.000295276,0.000574854,0.000445549,0.000603244,0.000558812,0.00052939,0.000349171,0.000290153,0.000521423,0.000372547,0.000248109,0.000301221,0.000502648,0.000417984,0.000281573,0.000473386,0.000557374,0.00027887,0.000577709,0.000431837,0.000699994,0.000572582,0.000409862,0.000366106,0.000446344,0.000377872,0.00030078,0.000448102,0.000532418,0.000498211,0.000366649,0.000232298,0.000601971,0.000375111,0.000444695,0.000330108,0.000229333,0.000456924,0.00056606,0.000451314,0.000443923,0.000301133,0.000299882,0.000275087,0.000258806,0.000151017,0.000424361,0.000397033,0.000143905,0.000214186,0.000721769,0.000562388,0.00031728,0.000443382,0.000837689,0.000433409,0.000286196,0.000693082,0.000436736,0.000420132,0.000722002,0.000219076,0.000489567,0.000352238,0.000609535,0.000510506,0.000156764,0.000394794,0.000412448,0.000478913,0.000232519,0.000615267,0.000429522,0.000465674,0.000390326,0.00047774,0.00014012,0.000259991,0.00037522,0.000611748,0.000271615,0.00091391,0.000570751,0.000597603,0.000354435,0.000369601,0.000639809,0.000493466,0.000365613,0.000468591,0.00035687,0.000371614,0.000265647,0.000232342,0.000456205,0.000394146,0.000348778,0.000420043,0.000222228,0.000325437,0.000334238,0.000158743,0.000412808,0.000544273,0.000221575,0.000276404,0.000338253,0.000498108,0.000269195,0.000667399,0.000511416,0.000379044,0.000484631,0.000393372,0.000523298,0.000350535,0.00038481,0.000338422,0.00033833,0.000399085,0.000343385,0.000368518,0.000280033,0.000372783,0.000451895,0.000363872,0.000227459
"PWY-7222: guanosine deoxyribonucleotides de novo biosynthesis II",2.7401e-05,0,0,0,0,7.72302e-05,3.47217e-05,3.53064e-05,0.000194065,0,0,0.000188849,4.31644e-05,8.34297e-05,6.47014e-05,8.95785e-05,0,0,6.61031e-05,0,5.2887e-05,4.30303e-05,0,0,0,2.96015e-05,6.73298e-05,5.5209e-05,9.36411e-05,0.000158405,9.729e-05,0,0,0,0,3.17098e-05,0.000204382,0,0.000283838,0,0,6.18923e-05,3.19503e-05,0.000233472,3.96321e-05,0,0,0,5.9708e-05,0.000211284,0.000199152,4.71489e-05,0.000137531,4.27373e-05,3.3872e-05,0.000292873,0,0,0,3.90363e-05,0,0,7.51719e-05,0,0.000153685,6.28585e-05,7.3081e-05,0,7.09876e-05,0,4.57797e-05,0,0.000170598,0.000105416,3.52243e-05,0.000136272,0.000301032,0,0.000151582,0,4.68814e-05,5.90903e-05,3.07133e-05,0,0.000232692,8.84046e-05,0,3.52541e-05,0,0,0.000178941,3.52321e-05,0,5.55588e-05,9.85026e-05,3.41365e-05,0,0,0,0.000131486,7.39661e-05,0,0,3.18663e-05,9.79525e-05,0.000106574,8.71122e-05,0.000289603,0.000133026,3.53678e-05,0.000138374,7.59333e-05,0.000114382,0.000116868,4.47319e-05,3.81487e-05,8.73239e-05,8.457e-05,0.000100592,3.6859e-05,0,6.9823e-05,6.7304e-05,0,5.8101e-05,7.68555e-05,5.83736e-05,0.000149492,5.24713e-05,6.36968e-05,5.09307e-05,0,4.61714e-05,0.000229596,0.000166204,9.31049e-05,0,0.000169989,5.08142e-05,0.000443966,0.000185554,0,5.68149e-05,0.000586593,7.42994e-05,0.000222753,6.08999e-05,0.000111654,5.26532e-05,6.01769e-05,3.99539e-05,6.11866e-05,7.13839e-05,0.000182193,6.13508e-05,0.00011261
"PWY-7228: superpathway of guanosine nucleotides de novo biosynthesis I",5.08827e-05,0,0,0,0,0.000137952,6.59386e-05,6.63556e-05,0.000280692,0,0,0.000256331,7.34261e-05,0.000141822,0.000117599,0.000156494,0,0,0.000118255,0,9.1342e-05,0.000122727,0,0,0,5.65098e-05,0.000122771,6.20081e-05,0.000155768,0.000210882,0.000167479,0,0,0,0,5.82311e-05,0.000251142,0,0.000338017,0,0,0.000111085,5.96823e-05,0.000263733,7.32335e-05,0,0,0,0.000105662,0.000326667,0.000297785,8.52983e-05,0.000202883,0.000317747,6.25675e-05,0.000303251,0,0,0,7.09479e-05,0,0,0.000125711,8.10954e-05,0.000209999,0.000100683,0.000127198,0,0.000123271,0,8.01102e-05,0,0.000214738,0.000154341,5.77479e-05,0.000210046,0.000356666,0,0.000183826,0,8.69744e-05,0.000100139,5.76549e-05,0,0.000313111,0.000136538,0,6.55411e-05,0,0,0.000203036,6.58479e-05,0,0.000102513,0.000167243,5.7073e-05,0,0,0,0.000172932,0.000132693,0,0,5.91343e-05,0.000247223,0.000131656,0.000135869,0.000334089,0.000219344,6.29907e-05,0.000241456,0.000134221,0.000192517,0.000177032,8.01239e-05,7.22333e-05,0.000149309,0.000147407,0.000166785,6.72795e-05,0,0.000112352,0.000104932,0,0.000101743,0.000128088,0.000102908,0.000185609,9.12281e-05,0.00010799,7.89896e-05,0,8.55263e-05,0.000236061,0.000212064,0.000113446,0,0.000214482,0.000107216,0.000482636,0.000253517,0,9.97568e-05,0.000565645,0.000123416,0.000289802,0.00010373,0.000169128,9.36348e-05,0.000103258,7.23553e-05,0.000101644,0.000120254,0.000266876,0.000105337,0.000154799
"PWY-7229: superpathway of adenosine nucleotides de novo biosynthesis I",9.72694e-05,0,0,0,0,0.000219862,0.000118557,0.000116786,0.000350363,0,0,0.000374707,0.000135575,0.00021497,0.000198319,0.000257078,0,0,0.000176654,0,0.000132381,0.000125901,0,0,0,0.000102935,0.00020043,0.000177744,0.000233328,0.000251211,0.000250466,0,0,0,0,0.000102602,0.000302176,0,0.000345216,0,0,0.000170686,0.000104746,0.000305902,0.000118614,0,0,0,0.000145315,0.000467946,0.000437591,0.000150136,0.000276827,0.000141751,0.000113139,0.000378245,0,0,0,0.000124326,0,0,0.000200588,0,0.000274938,0.000152484,0.000201655,0,0.000204942,0,0.000139173,0,0.000293871,0.000237196,0.000102151,0.000284855,0.000431952,0,0.000224393,0,0.000149155,0.000168668,9.50551e-05,0,0.000397949,0.000207241,0,0.000116618,0,0,0.000310918,0.000116494,0,0.000168471,0.000268631,9.93523e-05,0,0,0,0.000280211,0.000193491,0,0,9.84349e-05,0.000205409,0.000223857,0.000199476,0.000395202,0.000303279,9.80022e-05,0.000372762,0.00022374,0.000306212,0.000260104,0.00013623,0.000130876,0.000217991,0.000193531,0.000250264,0.000123535,0,0.000163191,0.000180901,0,0.000170081,0.000208996,0.000170613,0.000244941,0.000157876,0.000173263,0.000140472,0,0.000126123,0.000238493,0.000348423,0.000224562,0,0.000281543,0.00012957,0.000574813,0.000348915,0,0.000155098,0.000659834,0.000200921,0.000393363,0.000158536,0.000251135,0.000160684,0.000142177,0.000121302,0.0001779,0.000184906,0.000340471,0.000150114,0.000205473
"PWY-7234: inosine-5'-phosphate biosynthesis III",0.000143644,0.000175274,0,0,0,0.000213566,0.000272741,0.000186197,0.00025917,0,0,0.000135839,0.000148821,0,0.00013463,9.85031e-05,5.79349e-05,0,0,0,0,0,0.000121704,0,5.06961e-05,0.00013799,4.76271e-05,0.000376618,0,0.000182754,0.000198158,0.00012187,8.12803e-05,0,0,9.27163e-05,8.70641e-05,0,0.000155673,0,0.000121457,0,8.54042e-05,0.000184864,0,0.000180495,0,5.23248e-05,7.73141e-05,0.000403515,0.000154193,0.000275118,0.000201798,0.000271305,8.19323e-05,0.000302752,0,0.000347577,0.000102198,0.000133112,0,4.4376e-05,0.00016958,0,0.000141101,0.00012486,0.000142197,0.000161672,5.18524e-05,7.90056e-05,0.000163565,0,0.000130135,8.48339e-05,8.9622e-05,0.000241682,0,0,0,0.000271597,0.000316687,6.29754e-05,0,0,0.00026238,0.000161515,0.000202393,0.000190443,5.98341e-05,0.000408261,0.000159198,0.000303017,0,6.55594e-05,0.000249929,0,0,7.75961e-05,0,0.000106532,0.000335823,0,0,0,0,0.000104184,7.68366e-05,0.000185699,0.000222327,0,0.00039039,0.000170293,0,6.31455e-05,5.64133e-05,0,0.000228,0,6.78042e-05,0.00012421,0,7.69422e-05,0,0.000151173,0.000103524,0,0.000147238,4.46726e-05,8.65185e-05,6.53442e-05,5.52933e-05,0.000102581,0,0.000181132,0.00015516,0.000188383,0,7.7851e-05,0,0,9.94504e-05,5.22834e-05,0.000101504,0,6.47039e-05,0,0,0,0,8.97478e-05,0,0.000147915,0,0,0,0.000128814
"PWY-7237: myo-, chiro- and scyllo-inositol degradation",0.000211108,0.000270043,0.000268711,7.09072e-05,0.000198352,0.000259062,0.000468144,0.000508565,0.000164907,0.000203528,7.76947e-05,0.000189614,6.57357e-05,0.000222286,0.000290339,0.000209365,0.000275347,0.000453944,0.000181552,2.75843e-05,0.000192215,0.000429459,0,0.000172718,8.23005e-05,0.000289166,0.000791965,0.000161691,0.000240808,0.0002516,0.000348554,0.000382797,0.000723527,0.000283218,0.000513311,3.16738e-05,0.000250228,0.000434424,0.00022322,0,0.000114691,0.000273132,7.98546e-05,0.000156837,0.000268006,0.000375733,0.000172854,0.000266053,0.000178797,0.000245367,0.000105883,5.1308e-05,0.000246473,5.91054e-05,0.000118533,0.000264434,0.000624092,0.000392564,0.000477089,0.00016724,0.000108218,0.000260514,0.000164009,0.000352326,7.54037e-05,0.000173538,0.000349488,0.000318104,0.000594632,9.83108e-05,7.28526e-05,0.000181144,9.08725e-05,3.78077e-05,7.60365e-05,0.000187565,0.000102739,2.77682e-05,0.000386665,0.000283024,0.000158752,5.07875e-05,0.000368331,0.000644142,0,7.32001e-05,0.00039896,0.000116609,0.000136942,0.000561729,0.000172293,0.000387232,0.000817351,0.000348689,0.000418493,0,6.54613e-05,0.000287252,0.00021008,0,0.000170583,0.000480272,0.000347005,0.000245064,0.000251802,0,0.000292279,0.000137007,0.000133913,8.17857e-05,0.000530181,0.000285406,0.000112372,0.000192026,0.000739529,0.000308332,0.000390568,0.000302615,0.000180119,0.00069428,0.000451104,8.00462e-05,0.000131838,0.000177459,0.000190917,0.000108306,0.000338768,0.000183952,0.000159261,0.000535525,2.91258e-05,0.000133112,0.00022085,0.000223696,9.66218e-05,0.000212132,0.000517448,0.000113952,0.000393,6.42576e-05,0.000232471,0.000301607,0.000194328,7.87864e-05,0.000521311,0.00020679,0.000556861,6.85505e-05,7.71345e-05,0.000575958,0.000208351,3.3426e-05,0.000178277,0.000243728,9.90017e-05,6.10439e-05
"PWY-7238: sucrose biosynthesis II",0.000480783,0.000378763,0.000591654,0.000425363,0.000939805,0.00107759,0.00103166,0.00088497,0.000829036,0.000711992,0.000340339,0.000698637,0.000136639,0.000879881,0.000933107,0.000929055,0.000893116,0.000835642,0.000569617,0.000140378,0.000478882,0.000802012,0.000185503,0.000413816,0.000464138,0.000901372,0.000917841,0.000660485,0.00051985,0.00056709,0.000950223,0.000658738,0.00103493,0.000943602,0.000828416,0.000469178,0.000329772,0.000923448,0.000268488,0.000620479,0.00040266,0.000733701,0.00065596,0.000578066,0.000748323,0.00101178,0.000406635,0.000760413,0.000573078,0.000872033,0.000797642,0.000731472,0.000798582,0.000560656,0.000552891,0.000336027,0.000993973,0.00097776,0.000734666,0.000452644,0.000330525,0.00116385,0.000462828,0.000673365,0,0.000393032,0.000711008,0.000963212,0.000643618,0.000345026,0.000191152,0.000423935,0.000359018,0.000245989,0.000272679,0.000845193,0.000179405,0.000263837,0.000183803,0.0010227,0.000853015,0.000297557,0.000838462,0.00114196,0.000342854,0.000310724,0.00097698,0.000545181,0.00064903,0.00121604,0.000558854,0.000717587,0.000695706,0.00121035,0.000813546,0.0002794,0.000750081,0.00100108,0.000819933,0.000432756,0.000931855,0.000771913,0.000895232,0.000692601,0.000538855,0.000215634,0.000637751,0.000672553,0.000823713,0.000341336,0.00112653,0.000754046,0.000740863,0.000332839,0.00028661,0.00106606,0.000756104,0.000722575,0.00064705,0.000243472,0.00076107,0.000309236,0.000277686,0.000508577,0.000407265,0.000220408,0.000642014,0.000414822,0.000398988,0.00033242,0.000169532,0.000726734,0.000206152,0.000480111,0.000352451,0.000403199,0.000753081,0.000335187,0.000227954,0.000180269,0.000398765,0.000603435,0.000502086,0.000113353,0.000433377,0.000323063,0.000472468,0.000379015,0.000335567,0.000523373,0.000465165,0.000463894,0.000523361,0.000663356,0.000501516,0.000386362
"PWY-7242: D-fructuronate degradation",7.32722e-05,0,3.27922e-05,0,8.52437e-05,0,4.28277e-05,0,0.000106727,3.22056e-05,0,5.7089e-05,0,5.20634e-05,0,6.81508e-05,3.16572e-05,0,0,3.83891e-05,3.57467e-05,5.00578e-05,0,0,0,3.90446e-05,2.68537e-05,3.47298e-05,3.41761e-05,0.00013701,6.89786e-05,0,3.17881e-05,4.80524e-05,0,4.27624e-05,9.7382e-05,3.85144e-05,2.53299e-05,0,3.7157e-05,3.63053e-05,0,0.000107779,3.13928e-05,3.55544e-05,3.77277e-05,0,0,0,0,0,6.05061e-05,0,5.98843e-05,0.000117915,0,4.86563e-05,0,7.59127e-05,0,4.48568e-05,2.82664e-05,0,0,2.97034e-05,0,0,0,0,5.11282e-05,8.43921e-05,6.35161e-05,0.000129944,2.90118e-05,9.11069e-05,2.52284e-05,0,5.02194e-05,0,0,2.82059e-05,4.97282e-05,4.78767e-05,0,2.92428e-05,0,0,9.23212e-05,0,8.49082e-05,0,5.27627e-05,3.35015e-05,0,0,6.98074e-05,0,0,2.03394e-05,4.97672e-05,0,6.45807e-05,4.6797e-05,0,3.68377e-05,3.69821e-05,7.89832e-05,0,0,0,6.65011e-05,0,0,3.02542e-05,7.22925e-05,0,0,2.69645e-05,1.57622e-05,8.96228e-05,0,0.000109336,4.88284e-05,7.00754e-05,5.25586e-05,0.000162894,6.79644e-05,3.79738e-05,3.72537e-05,4.93778e-05,0,0,0.000129073,7.5522e-05,9.02816e-05,6.57112e-05,4.1112e-05,5.80271e-05,0,0.00011216,5.382e-05,0,0,0,4.08802e-05,3.2888e-05,3.6363e-05,5.77093e-05,0,6.20048e-05,3.27662e-05,0.000101374,2.68308e-05,3.27908e-05,0
"PWY-7245: superpathway of NAD/NADP - NADH/NADPH interconversion (yeast)",0,0,0,0,0,0,0,0,0,0,0,0,0,0,0,0,0,0,0,0,0,0,0,0,0,0,0,0,0,1.70606e-05,0,0,0,0,0,0,0,0,0,0,0,0,0,0,0,0,0,0,0,0,0,0,0,0,0,0,0,0,0,0,0,0,0,0,0,0,0,0,0,0,0,0,0,0,0,0,0,0,0,0,0,0,0,0,0,0,0,0,0,0,0,0,0,0,0,0,0,0,0,0,0,0,0,0,0,0,0,0,0,0,0,0,0,0,0,0,6.82454e-05,0,0,0,0,0,0,0,0,0,0,0,0,0,0,0,0,0,0,7.82564e-05,0,0,0,0,0,0,0,0,0,0,0,0,0,0,0,0,0,0,0,0
"PWY-724: superpathway of L-lysine, L-threonine and L-methionine biosynthesis II",0.000286903,0.000176729,0.000319822,0.000265991,0.000364315,0.000455518,0.000454753,0.000476008,0.000406396,0.000235896,0.000168649,0.000319019,0.000127775,0.00035219,0.000475923,0.000283868,0.000425822,0.000416213,0.000257792,0.000111567,0.000152634,0.000323302,0.000171512,0.00012807,7.21015e-05,0.000368186,0.000331112,0.000428053,0.000333114,0.000283198,0.000402987,0.000389191,0.000523258,0.000396516,0.000435184,0.000283301,0.000225302,0.000367283,0.000318033,0.000255819,0.000205719,0.000305412,0.000222256,0.000289354,0.000332472,0.000478913,0.000215669,0.000427494,0.000253078,0.00052102,0.0003575,0.000290052,0.000308307,0.000296201,0.000210413,0.000311253,0.000426439,0.000454623,0.000530669,0.000222159,0.000205479,0.000487749,0.000229817,0.00026583,0.000196136,0.000184358,0.000418391,0.000402243,0.000338206,0.000248626,0.000169256,0.000221045,0.000213599,0.000196741,0.00014198,0.000342031,0.000226901,0,0.00020619,0.000490738,0.000364741,0.000222146,0.000385149,0.000432555,0.000375247,0.000194178,0.000520676,0.000338644,0.000225297,0.000645073,0.000260207,0.000408117,0.000225792,0.000486098,0.000463037,0.000162693,0.000276192,0.000433254,0.00037121,0.000195888,0.00035,0.000401062,0.000265455,0.00029185,0.00024685,0.000152438,0.000257012,0.000294806,0.000350478,9.11766e-05,0.000678975,0.00041327,0.000404312,0.000231727,0.000188373,0.000415985,0.000401167,0.000364996,0.000325944,0.000187881,0.000274632,0.000146209,0.000160898,0.000316929,0.000258082,0.000103631,0.000371327,0.000301533,0.000184606,9.25706e-05,0.000185056,0.000246024,0.000170273,0.000247944,0.000198723,0.000296577,0.000305667,0.000261482,7.75722e-05,0.000251459,0.000380886,0.000248461,0.000283851,0.000203852,0.000216538,0.000213439,0.000225883,0.00022171,0.000295723,0.000209655,0.000171347,0.000252386,0.000188062,0.00040908,0.000205582,0.000173978
"PWY-7254: TCA cycle VII (acetate-producers)",0,0,0,0,0,0,0,0,0,0,0,0,0,0,0,0,0,0,0,0,0,0,0,0,0,0,0,0,0,0,0,0,0,0,0,0,0,0,0,0,0,0,0,0,0,0,0,0,0,0,0,0,0,0,0,0,0,0,0,0,0,0,0,0,0,0,0,0,0,0,0,0,3.11819e-05,0,0,0,0,0,5.51928e-05,0,0,0,0,0,0,0,0,0,0,0,0,0,0,0,0,0,0,0,0,0,0,0,0,0,0,0,0,0,0,0,0,0,0,0,0,0,0,0,0,0,0,0,0,0,0,0,0,0,0,0,0,0,0,0,0,0,0,0,0,0,0,0,0,0,0,0,0,0,0,0,0,0,0,0,0,0
"PWY-7268: cytosolic NADPH production (yeast)",0,0,0,0,0,0,0,0,0,0,0,0,0,0,0,0,0,0,0,0,0,0,0,0,0,0,0,0,0,2.33211e-05,0,0,0,0,0,0,0,0,0,0,0,0,0,0,0,0,0,0,0,0,0,0,0,0,0,0,0,0,0,0,0,0,0,0,0,0,0,0,0,0,0,0,0,0,0,0,0,0,0,0,0,0,0,0,0,0,0,0,0,0,0,0,0,0,0,0,0,0,0,0,0,0,0,0,0,0,0,0,0,0,0,0,0,0,0,0,8.57808e-05,0,0,0,0,0,0,0,0,0,0,0,0,0,0,0,0,0,0,7.58379e-05,0,0,0,0,0,0,0,0,0,0,0,0,0,0,0,0,0,0,0,0
"PWY-7269: mitochondrial NADPH production (yeast)",0,0,0,0,0,0,0,0,2.31313e-05,0,0,1.55697e-05,0,0,0,0,0,0,0,0,0,0,0,0,0,0,0,4.61531e-05,0,2.39462e-05,0,0,0,0,0,0,0,0,5.03211e-05,0,0,0,0,1.69009e-05,0,0,0,0,0,0,0,0,4.1449e-05,0,0,0,0,2.6896e-05,0,0,0,0,0,0,0,0,0,0,0,0,0,0,0,0,0,1.75136e-05,0,0,1.20921e-05,0,0,0,0,0,0,0,0,0,0,0,0,0,0,0,0,0,0,0,0,0,0,0,0,0,0,0,0,0,0,0,0,0,0,0,0,0,7.32178e-05,0,0,0,0,0,0,0,0,0,2.47175e-05,6.90362e-05,0,0,0,0,0,4.30946e-05,0,0.000136035,0,0,0,0,0,0,0,0,0,0,0,0,0,0,0,0,0,0,0,0
"PWY-7279: aerobic respiration II (cytochrome c) (yeast)",0,0,0,0,0,0,0,0,0,0,0,0,0,0,0,0,0,0,0,0,0,0,0,0,0,0,0,0,0,0,0,0,0,0,0,0,0,0,0,0,0,0,0,0,0,0,0,0,0,0,0,0,0,0,0,0,0,0,0,0,0,0,0,0,0,0,0,0,0,0,0,0,0,0,0,0,0,0,0,0,0,0,0,0,0,0,0,0,0,0,0,0,0,0,0,0,0,0,0,0,0,0,0,0,0,0,0,0,0,0,0,0,0,0,0,0,0,0,0,0,0,0,0,0,0,0,0,0,0,0,0,0,0,0,0,0,0,0,0,0,0,0,0,0,0,0,0,0,0,0,0,0,0,0,0,0
"PWY-7282: 4-amino-2-methyl-5-diphosphomethylpyrimidine biosynthesis II",0.000153732,7.98454e-05,0.000102342,0,0,0,0.000139843,0,0.000207279,0,0,7.45316e-05,0,0,0,0,0,0,0,4.86684e-05,0,0,0,0,0,0,0,0.000155514,0.000176224,0.000236237,0,0,0,0,0.000117133,0.000113169,0.000115527,0,0.000139214,0,5.31364e-05,0,0,0.000146283,0,0,0,0.000137571,0,0,0,0,0.00018143,0,0,0.000243591,0,0.000117421,0,0,0,0,0.000155362,0,0,0.000121745,0,0,0,0.000124438,0.000137421,0.000127218,0.000173928,6.32552e-05,4.74434e-05,0.000219791,0.00017817,0,9.39961e-05,0,0,0,0,0,0.000116077,9.35607e-05,0,0,4.2472e-05,0,0.000225996,0,0,0,0,0,9.58654e-05,0,0,0,0,0,0,0,0,0,0,0.000115091,0,0,0,0.000187535,7.53607e-05,0.000131794,9.57861e-05,0,8.43135e-05,0,0,0,0.000105473,0,0,0.000167036,7.69373e-05,7.6886e-05,0.000182098,0.000209219,0,0,7.29581e-05,0,0,0.000247655,7.99925e-05,0.000171086,5.77329e-05,0,0,0,0.00018045,0,9.0703e-05,0,0,0.000119434,0,6.89797e-05,0.000123628,0,0,8.19421e-05,0,0,0,0
"PWY-7283: wybutosine biosynthesis",0,0,0,0,0,0,0,0,0,0,0,0,0,0,0,0,0,0,0,0,0,0,0,0,0,0,0,0,0,0,0,0,0,0,0,0,0,0,0,0,0,0,0,0,0,0,0,0,0,0,0,0,0,0,0,0,0,0,0,0,0,0,0,0,0,0,0,0,0,0,0,0,0,0,0,0,0,0,0,0,0,0,0,0,0,0,0,0,0,0,0,0,0,0,0,0,0,0,0,0,0,0,0,0,0,0,0,0,0,0,0,0,0,0,0,0,0,0,0,0,0,0,0,0,0,0,0,0,0,0,0,0,0,0,0,0,0,0,0,0,0,0,0,0,0,0,0,0,0,0,0,0,0,0,0,0
"PWY-7286: 7-(3-amino-3-carboxypropyl)-wyosine biosynthesis",0,0,0,0,0,0,0,0,0,0,0,0,8.95836e-05,0,0,0,0,0,0,0,0,0,0,0,0,0,0,0,0,0,0,0,0,0,0,0,0,0,0,0,0,0,0,0,0,0,0,0,0,0,0,0,0,6.7736e-05,0,0,0,0,0,0,0,0,2.69886e-05,0,9.17812e-05,0,0,0,0,0,0,0,0,0,0,0,0,0,0,0,0,0,0,0,5.22462e-05,0,0,0,0,0,0,0,0,0,0,0,0,0,0,0,0,0,0,0,0,6.21556e-05,0,0,0,0,0,0,0,0,0,0,0,0,0,0,0,0,0,0,0,0,0,0,0,0,0,0,0,0,0,0,0,0,0,0,0,0,0,0,0,0,0,0,0,0,0,0,0,0,0,0
"PWY-7294: D-xylose degradation IV",0,0,0,0,0,0,0,0,0,0,0,0,0,0,0,0,0,0,0,0,0,0,0,0,0,0,0,0,0,0,0,0,0,0,0,0,0,0,0,0,0,0,0,0,0,0,0,0,0,0,0,0,0,0,0,0,0,0,0,0,0,0,0,0,0,0,0,0,0,0,0,0,0,0,0,0,0,0,0,0,0,0,0,0,0,0,0,0,0,0,0,0,0,0,0,0,0,0,0,0,0,0,0,0,0,0,0,0,0,0,0,0,0,0,0,0,0,0,0,0,0,0,0,0,0,0,0,0,0,0,0,0,0,0,0,0,0,0,0,0,0,0,0,0,0,0,0,0,0,0,0,0,0,0,0,0
"PWY-7312: dTDP-&beta;-D-fucofuranose biosynthesis",0,0,0,0,0,0,0,0,0,0,0,0,0,0,0,0,0,0,0,0,0,0,0,0,0,0,0,0,0,0,0,0,0,0,0,0,0,0,0,0,0,0,0,0,0,0,0,0,0,0,0,0,0,0,0,0,0,0,0,0,0,0,0,0,0,0,0,0,0,0,0,0,0,0,0,0,0,0,0,0,0,0,0,0,0,0,0,0,0,0,0,0,0,0,0,0,0,0,0,0,0,0,0,0,0,0,0,0,0,0,0,0,0,0,0,0,0,0,0,0,0,0,0,0,0,0,0.000222241,0,0,0,0,0,0,0,0,0,0,0,0,0,0,0,0,0,0,0,0,0,0.000197403,0,0,0,0,0,0,0
"PWY-7315: dTDP-N-acetylthomosamine biosynthesis",4.34554e-05,0,5.21666e-05,0,0,0,0,4.3879e-05,0.000131483,7.52837e-05,0,1.83489e-05,0,0,9.60944e-05,0,0,8.28491e-05,5.09523e-05,2.51521e-05,0,0,0,7.70109e-05,0,0,5.05408e-05,5.85446e-05,0,0.000154022,0,0,0,0.000125122,0,0,5.10254e-05,0.000141291,0.000162498,0,0,0,0,9.53902e-05,0,4.05425e-05,0,0,0,0,0,0,6.70248e-05,0,4.59166e-05,0.000136514,0,6.94898e-05,0,0,0,0,3.77573e-05,5.95744e-05,0,1.94824e-05,0,0,0,0,0,0,2.74719e-05,0,0,7.5434e-05,0,0,4.23751e-05,0,0,0,0,0,0,0,0,0,6.50568e-05,0,0.000146629,0,0,0,0,0,5.93105e-05,0,0,0,0,0,0,3.65048e-05,0,0,0,5.94727e-05,1.38361e-05,0,5.73558e-05,7.80345e-05,0,0,0.000116223,0.000114989,6.58914e-05,0,0,0,0,0,0,0,0,0,7.89007e-05,0.000181857,0,0,0,0,0,0.000164564,8.51923e-05,0.000140844,0.000107669,0,0,6.96434e-05,0,0,5.40807e-05,0,5.36589e-05,0,0,0,0,0,0,0,0,0,0,0
"PWY-7316: dTDP-N-acetylviosamine biosynthesis",0,0,0,0,0,0,0,0,0,0,0,0,0,0,0,0,0,0,0,0,0,0,0,0,0,0,0,0,0,0,0,0,0,0,0,0,3.55859e-05,0,0,0,0,0,0,0,0,0,0,0,0,0,0,0,0,0,0,0,0,0,0,0,0,0,0,0,0,0,0,0,0,0,0,0,0,0,0,0,0,0,0,0,0,0,0,0,0,0,0,0,0,0,0,0,0,0,0,0,0,0,0,0,0,0,0,0,0,0,0,0,0,0,0,0,0,0,0,0,0,0,0,0,0,0,0,0,0,0,0,0,0,0,0,0,0,0,0,0,0,0,0,0,8.18695e-05,0,0,0,0,0,0,0,0,0,0,0,0,0,0,0
"PWY-7317: superpathway of dTDP-glucose-derived O-antigen building blocks biosynthesis",0,0,0,0,0,0,0,0,0,0,0,0,0,0,0,0,0,0,0,0,0,0,0,0,0,0,0,0,0,0,0,0,0,0,0,0,0,0,0,0,0,0,0,0,0,0,0,0,0,0,0,0,0,0,0,0,0,0,0,0,0,0,0,0,0,0,0,0,0,0,0,0,0,0,0,0,0,0,0,0,0,0,0,0,0,0,0,0,0,0,0,0,0,0,0,0,0,0,0,0,0,0,0,0,0,0,0,0,0,0,0,0,0,0,0,0,0,0,0,0,0,0,0,0,0,0,0,0,0,0,0,0,0,0,0,0,0,0,0,0,0,0,0,0,0,0,0,0,0,0,0,0,0,0,0,0
"PWY-7323: superpathway of GDP-mannose-derived O-antigen building blocks biosynthesis",5.60315e-05,0,0,0,5.83997e-05,7.984e-05,0,0,8.46914e-05,3.91587e-05,0,3.43023e-05,0,6.85716e-05,0.000102876,0,0,6.68673e-05,0,0,0,0,0,0,0,4.80133e-05,4.30743e-05,3.25837e-05,0,0.000284778,0,8.55972e-05,0,3.50316e-05,8.69272e-05,5.19973e-05,5.96863e-05,0,2.9194e-05,0,0,0,5.5964e-05,0.000151698,0,0,0,0,0,6.82653e-05,0,0,0.000121446,0,0,0.000199503,0.000224011,0.000151149,0,0,0,6.00043e-05,6.71655e-05,0,0,9.33975e-05,0,0,0,0,0.000111871,0,0.00013148,0.000133725,0,0.000151,6.49649e-05,0,9.22673e-05,0,0,5.7612e-05,0,6.13693e-05,0,4.81796e-05,0.000156486,0,0,5.0074e-05,0.000238634,8.85413e-05,0,0,0,2.98028e-05,0,0.000165075,0.000110073,9.35303e-05,0,0,0.000112682,0,0,0,4.95267e-05,5.31364e-05,5.17765e-05,0,0,6.79353e-05,0.00010489,0,9.04925e-05,4.23628e-05,0,0,5.86137e-05,0,0,3.58842e-05,0,8.56875e-05,5.35764e-05,0,0.000158374,0.000240809,3.53103e-05,0,0,0,0,0.000202033,9.86359e-05,3.98184e-05,8.99968e-05,3.45764e-05,0,0,9.15203e-05,0.000116102,0,0,6.90182e-05,0,0,0,0.000130942,0,6.99391e-05,4.97182e-05,0,8.91578e-05,3.61578e-05,0
"PWY-7328: superpathway of UDP-glucose-derived O-antigen building blocks biosynthesis",0.000115484,0.00010656,0,0,0.000202983,0.000197242,2.9934e-05,7.14492e-05,0.000233866,0.000107376,4.93844e-05,0.000134449,0,8.96295e-05,0.000221328,0.000291593,4.03326e-05,0.000191438,0.00024371,6.62146e-05,0.000117196,0,0.000104587,6.7527e-05,0,0.000140765,6.30703e-05,0.000119345,6.52196e-05,0.000147193,0.00018468,0.000103547,4.44785e-05,0.000181562,9.65841e-05,3.58143e-05,0.000243283,0.000153096,0.00020637,0.000151907,0.000187137,0.000152193,0.000135695,0.000159503,4.53461e-05,0.000177723,0.000117832,0.00023131,9.23001e-05,0.000141485,0.000163899,0.0002497,0.00022935,8.29744e-05,0.000102822,0,0,0.000311751,0.000140856,0.000121308,5.57597e-05,0.00019467,0.000138866,0.000119882,5.15291e-05,0.000174658,0.000163186,0.000137482,0.000264055,0.000100018,3.58219e-05,8.70243e-05,9.06383e-05,3.24327e-05,3.42972e-05,0.000274313,0.000153801,0,0.00014539,9.99003e-05,0,0,4.36113e-05,0.000212722,9.61207e-05,0.000139741,0.000162169,0.000159482,5.48303e-05,0.000251398,0.000115416,0,0.000115048,0.000115879,0.000155891,8.21774e-05,9.06436e-05,0.000195844,0.000198462,7.1683e-05,0.00015207,3.36826e-05,0.00013763,0.000166377,0,0,0.000178706,6.93665e-05,0.000255939,4.96039e-05,8.69077e-05,0.000121747,0.000217127,8.48523e-05,0,0.000206555,0.000142625,5.93004e-05,0.000100279,5.83738e-05,0.000153375,0,6.8633e-05,8.65342e-05,0.000120738,0,0.000295592,3.66076e-05,7.22566e-05,9.31907e-05,0,0.000157972,0,0,8.42469e-05,0.00021578,7.28311e-05,0.000130068,0.000166166,0,0.000186264,0,6.56409e-05,0,9.03036e-05,0,0,7.32039e-05,5.08011e-05,0,7.46431e-05,5.47891e-05,4.97471e-05,0.000175724,6.06822e-05,8.38538e-05
"PWY-7332: superpathway of UDP-N-acetylglucosamine-derived O-antigen building blocks biosynthesis",0,0,0,0,0,0,0,0,0,0,0,0,0,0,0,0,0,0,0,0,0,0,0,0,0,0,0,0,0,0,0,0,0,0,0,0,0,0,0,0,0,0,0,0,0,0,0,0,0,0,0,0,0,0,0,0,0,0,0,0,0,0,0,0,0,0,0,0,0,0,0,0,0,0,0,0,0,0,0,0,0,0,0,0,0,0,0,0,0,0,0,0,0,0,0,0,0,0,0,0,0,0,0,0,0,0,0,0,0,0,0,0,0,0,0,0,0,0,0,0,0,0,0,0,0,0,0,0,0,0,0,0,0,0,0,0,0,0,0,0,0,0,0,0,0,0,0,0,0,0,0,0,0,0,0,0
"PWY-7340: 9-cis, 11-trans-octadecadienoyl-CoA degradation (isomerase-dependent, yeast)",0,0,0,0,0,0,0,0,0,0,0,0,0,0,0,0,0,0,0,0,0,0,0,0,0,0,0,0,0,0,0,0,0,0,0,0,0,0,0,0,0,0,0,0,0,0,0,0,0,0,0,0,0,0,0,0,0,0,0,0,0,0,0,0,0,0,0,0,0,0,0,0,0,0,0,0,0,0,0,0,0,0,0,0,0,0,0,0,0,0,0,0,0,0,0,0,0,0,0,0,0,0,0,0,0,0,0,0,0,0,0,0,0,0,0,0,0,0,0,0,0,0,0,0,0,0,0,0,0,0,0,0,0,0,0,0,0,0,0,0,0,0,0,0,0,0,0,0,0,0,0,0,0,0,0,0
"PWY-7345: superpathway of anaerobic sucrose degradation",0,0.000114283,0,0,0,8.91918e-05,0,0,0.000296637,0,0,0.000208472,0,0,0,0,0,0,0,7.97966e-05,0,0,0,0,0,0,0.000162062,0.00016081,8.82884e-05,0.000288938,0,0,0,0,0,0.000118916,0.000255048,0,0.000228976,0,9.26675e-05,0,0,0.000257698,0,9.82694e-05,0,0,0,0,0,0,0.000319254,0,0.000147728,0.000319553,0,0.000279806,6.15873e-05,0.000127773,7.99905e-05,0,0.000168014,0,0,0.000111074,0,0,0,0,0,7.97846e-05,0.000203142,8.1782e-05,0,0.000307315,0.000150949,0,0.000151893,0,0,0,0,0,0,9.64427e-05,0,0.000154544,0,0,0.000305295,0,0,0,0.000123069,7.11664e-05,0,0,0,0.000104167,0,0.000139725,0,0,0,0,0,0.000221397,0.000113263,0,0,0.000143881,0,0.000124385,0.000158766,0,0.000124772,0,0,0,0,0,0,0.000107983,0.000158429,0,0.000302649,0.00030362,0.000103849,0,0,8.55011e-05,0,0.000288277,0,0.000210443,0,9.9925e-05,0,0,0.000227843,0,0.00010601,0,0,0,8.16365e-05,6.44954e-05,0,0,0,0,0,0.000153176,0,8.74503e-05
"PWY-7347: sucrose biosynthesis III",0,0,0,0,0,0,0,0,0,0,0,0,0,0,0,0,0,0,0,0,0,0,0,0,0,0,0,0,0,0,0,0,0,0,0,0,0,0,0,0,0,0,0,0,0,0,0,0,0,0,0,0,0,0,0,0,0,0,0,0,0,0,0,0,0,0,0,0,0,0,0,0,0,0,0,0,0,0,0,0,0,0,0,0,0,0,0,0,0,0,0,0,0,0,0,0,0,0,0,0,0,0,0,0,0,0,0,0,0,0,0,0,0,0,0,0,0,0,0,0,0,0,0,0,0,0,0,0,0,0,0,0,0,0,0,0,0,0,0,0,0,0,0,0,0,0,0,0,0,0,0,0,0,0,0,0
"PWY-7356: thiamine diphosphate salvage IV (yeast)",0,0,4.86848e-05,0,0,0.000135994,0,0,0.000103464,0,0,0,0,8.47558e-05,0,0.000109353,0,5.10273e-05,0,4.5994e-05,0,0,0,0,0,5.87579e-05,4.512e-05,0.000242535,4.59748e-05,0,0,0,7.90114e-05,4.7156e-05,0,5.2513e-05,2.7483e-05,0,7.4937e-05,4.41981e-05,2.60505e-05,0,0,0,0,8.13807e-05,0,5.27538e-05,0,0.000227942,4.01887e-05,3.59902e-05,2.57308e-05,0,0,0,0,0.00011796,0,3.73931e-05,0,0,6.18128e-05,4.03637e-05,0,0,5.74661e-05,5.31237e-05,8.26342e-05,0,3.68931e-05,7.26683e-05,0,0,0,0.00012811,5.14374e-05,0,0,0.000195383,0.000140645,0,3.3478e-05,0,3.14773e-05,0,0.000159732,7.74987e-05,0,0.000255978,3.47408e-05,0.000127705,0,8.69844e-05,0.000101988,0,0,2.69848e-05,0,0,0.000169854,0,0,3.17774e-05,0,4.5787e-05,0,3.63726e-05,7.21493e-05,0,0.000213549,0,0,6.61901e-05,5.55745e-05,0,6.70376e-05,0,0,0,0,0,0.000105606,0,4.73977e-05,6.93856e-05,0,1.72791e-05,0,0,0,0,0,3.57556e-05,0,7.92388e-05,0,0,0,0,0,5.27391e-05,0,0,0,0,4.42835e-05,0,4.41949e-05,0,3.79963e-05,0,0,0,3.00737e-05,0
"PWY-7357: thiamine phosphate formation from pyrithiamine and oxythiamine (yeast)",0.000158239,9.96425e-05,0.000413131,0,0.000246563,0.000427781,0.000523882,0.00044989,0.000352745,0.000278252,0.000241741,0.000284378,0,0.000352221,0.00054026,0.000239477,0.000424229,0.000368124,0.000305931,0.000116175,0.000168318,0.000365924,7.62018e-05,0,0,0.000344199,0.000579758,0.00030788,0.000358494,0.000215321,0.000362559,0.000302655,0.000665545,0.000428016,0.000428226,0.000219289,0.000205337,0.000386818,0.000275952,0.000146684,0.00011488,0.000354523,0.00013772,0.000253526,0.000462987,0.000439003,0,0.000320111,0.000165742,0.000360315,0.000305385,0.00029095,0.000296452,0,0.000123843,0.000191341,0.000502821,0.000344655,0.000435747,0.000222199,0.000132868,0.000505314,0.000174736,0.000442703,0.000130919,0.000145868,0.000304817,0.000293559,0.000124343,0.000260112,0.000122502,0.000288941,0.000156552,0.000110168,6.8212e-05,0.00025589,0.000211139,0,0.00016412,0.00042192,0.000303122,0.000189064,0.000372067,0.000646478,0.00020672,0.000127654,0.000489047,0.000174362,0.000193221,0.000301811,0.000159041,0.000250472,0.000295989,0.000434513,0.000430813,5.61394e-05,0.000298888,0.000360233,0.000297209,6.75714e-05,0.000311179,0.000509525,0.000313134,0.000267953,0.000196637,0.000116229,0.000147772,0.000321097,0.000277359,9.63742e-05,0.000490013,0.000443213,0.000330343,0.000210529,0.000248007,0.000414238,0.000318189,0.00028919,0.000364979,0,0.000278474,6.58406e-05,0.000217237,0.000385789,0.000222831,0.000184697,0.000209539,0.000176866,0.000172903,0.000176344,0.000119002,0.000280649,0.000333363,0.000148393,0.000160527,0.00018891,0.000285397,0.000126101,0.000361644,0,0.00022757,0.000379387,0.000273274,8.87664e-05,0.000209806,9.16303e-05,0.000272466,0.000261425,0.000198238,0.000195963,0.000262294,0.000212088,0.000162579,0.000378563,0.000339454,0.000158364
"PWY-7371: 1,4-dihydroxy-6-naphthoate biosynthesis II",0,0,0,0,0,0,0,0,0,0,0,0,0,0,0,0,0,0,0,0,0,0,0,0,0,0,0,0,0,0,0,0,0,0,0,0,0,0,0,0,0,0,0,0,0,0,0,0,0,0,0,0,0,0,0,0,0,0,0,0,0,0,0,0,0,0,0,0,0,0,0,0,0,0,0,0,0,0,0,0,0,0,0,0,0,0,0,0,0,0,0,0,0,0,0,0,0,0,0,0,0,0,0,0,0,0,0,0,0,0,0,0,0,0,0,0,0,0,0,0,0,0,0,0,0,0,0,0,0,0,0,0,0,0,0,0,0,0,0,0,0,0,0,0,0,0,0,0,0,0,0,0,0,0,0,0
"PWY-7374: 1,4-dihydroxy-6-naphthoate biosynthesis I",0,0,0,0,0,0,0,0,0,0,0,0,0,0,0,0,0,0,0,0,0,0,0,0,0,0,0,0,0,0,0,0,0,0,0,0,0,0,0,0,0,0,0,0,0,0,0,0,0,0,0,0,0,0,0,0,0,0,0,0,0,0,0,0,0,0,0,0,0,0,0,0,0,0,0,0,0,0,0,0,0,0,0,0,0,0,0,0,0,0,0,0,0,0,0,0,0,0,0,0,0,0,0,0,0,0,0,0,0,0,0,0,0,0,0,0,0,0,0,0,0,0,0,0,0,0,0,0,0,0,0,0,0,0,0,0,0,0,0,0,0,0,0,0,0,0,0,0,0,0,0,0,0,0,0,0
"PWY-7383: anaerobic energy metabolism (invertebrates, cytosol)",0,8.39325e-05,7.05314e-05,0,4.24226e-05,0,0,5.40606e-05,0,0,7.74884e-05,7.97143e-05,0.000112097,5.24121e-05,0,6.60726e-05,7.62653e-05,0,7.92405e-05,0.000156661,4.2553e-05,0,0,0,0,0,3.97358e-05,0,0.000110735,0,0,0,0,5.44658e-05,8.46721e-05,5.99218e-05,0,6.91588e-05,0,0,6.83982e-05,5.30414e-05,0,0,0,0,0,0.000140197,3.62418e-05,0,5.47479e-05,0,0,7.24022e-05,3.86992e-05,0,0,0,3.50964e-05,0,0,4.75566e-05,0.000102996,0,0,0,0,0,9.82855e-05,0.000111152,7.39986e-05,0,6.29262e-05,0,0,0,0.000106172,0,0,0,0,7.54934e-05,3.51332e-05,0,5.00838e-05,0,5.50479e-05,6.31843e-05,0,0,0,6.59809e-05,6.0078e-05,6.76826e-05,0,4.71625e-05,0,0,7.40489e-05,0,6.06549e-05,8.33424e-05,0,4.21964e-05,0,0,0,0,0,0,0,9.30116e-05,7.96818e-05,4.35809e-05,9.96654e-05,0,0,0,7.90901e-05,0,9.86309e-05,5.16891e-05,3.85758e-05,9.27142e-05,0,5.4697e-05,0,3.95948e-05,0.0001282,0,4.87019e-05,8.80333e-05,0,0,0,0,0.000160591,8.63881e-05,6.13307e-05,8.90424e-05,3.48646e-05,5.91934e-05,0,0,0,8.81421e-05,5.50889e-05,0,0.000101326,0,0,9.76254e-05,4.67331e-05,3.56355e-05,0,5.15296e-05
"PWY-7384: anaerobic energy metabolism (invertebrates, mitochondrial)",0,0,0,0,0,0,0,0,0,0,0,0,0,0,0,0,0,0,0,0,0,0,0,0,0,0,0,0,0,0,0,0,0,0,0,0,0,0,0,0,0,0,0,0,0,0,0,0,0,0,0,0,0,0,0,0,0,0,0,0,0,0,0,0,0,0,0,0,0,0,0,0,1.132e-05,0,0,0,0,0,0,0,0,0,0,0,0,0,0,0,0,0,0,0,0,0,0,0,0,0,0,0,0,0,0,0,0,0,0,0,0,0,0,0,0,0,0,0,0,0,0,0,0,0,0,0,0,0,0,0,0,0,0,0,0,0,0,0,0,0,0,0,0,0,0,0,0,0,0,0,0,0,0,0,0,0,0,0
"PWY-7385: 1,3-propanediol biosynthesis (engineered)",0,0,0,0,0,0,0,0,0.000115708,0,0,0,0,0,0,0,0,0,0,0,0,0,0,0,0,0,0,0,0,4.96903e-05,0,0,0,0,0,0,2.32981e-05,0,0,0,0,0,0,5.7905e-05,0,0,0,0,0,0,0,0,0,0,0,7.20367e-05,0,0,0,0,0,0,0,0,0,0,0,0,0,0,0,0,0,0,0,0,0,0,0,0,5.45885e-05,0,0,0,0,0,0,0,0,0,0,0,0,0,0,0,0,0,0,0,0,0,0,0,0,0,0,3.4981e-05,2.07653e-05,0,0,0,0,0,0,0,0,0,0,0,0,0,0,0,0,0,7.40923e-05,0,0,0,0,0,0,0,0,0,0,0,0,0,0,0,0,0,0,0,0,0,0,0,0,0,0,0,0,0
"PWY-7388: octanoyl-[acyl-carrier protein] biosynthesis (mitochondria, yeast)",0,0,0,0,0,0,0,0,9.7766e-05,0,0,0,0,0,0,0,0,0,0,0,0,0,0,0,0,0,0,2.98521e-05,0,1.62821e-05,0,0,0,0,0,0,0,0,9.15511e-05,0,0,0,0,0,0,0,0,0,0,0,0,0,0,0,3.16544e-05,0,0,0,0,0,0,0,0,0,0,0,0,0,0,0,0,0,0,0,0,0,0,0,0,0,0,0,0,0,0,0,0,0,0,0,0,0,0,0,0,0,0,0,0,0,0,0,0,0,0,0,0,2.40603e-05,0,0,0,0,0,0,0,0,0,0,0,0,0,0,0,0,0,0,0,0,0,0,0,0,0,0,0,0,0,0,0,0,0,0,0,0,0,0,0,0,0,0,0,0,0,0,0,0
"PWY-7389: superpathway of anaerobic energy metabolism (invertebrates)",0,0,0,0,0,0,0,0,0,0,0,0,0,0,0,0,0,0,0,0,0,0,0,0,0,0,0,0,0,0,0,0,0,0,0,0,0,0,0,0,0,0,0,0,0,0,0,0,0,0,0,0,0,0,0,0,0,0,0,0,0,0,0,0,0,0,0,0,0,0,0,0,1.65358e-05,0,0,0,0,0,0,0,0,0,0,0,0,0,0,0,0,0,0,0,0,0,0,0,0,0,0,0,0,0,0,0,0,0,0,0,0,0,0,0,0,0,0,0,0,0,0,0,0,0,0,0,0,0,0,0,0,0,0,0,0,0,0,0,0,0,0,0,0,0,0,0,0,0,0,0,0,0,0,0,0,0,0,0
"PWY-7391: isoprene biosynthesis II (engineered)",0,0,0,0,0,0,0,0,0,0,0,0,0,0,0,0,0,0,0,0,0,0,0,0,0,0,0,0,0,0,0,0,0,0,0,0,0,0,0,0,0,0,0,0,0,0,0,0,0,0,0,0,0,0,0,0,0,0,0,0,0,0,0,0,0,0,0,0,0,0,0,0,0,0,0,0,0,0,0,0,0,0,0,0,0,0,0,0,0,0,0,0,0,0,0,0,0,0,0,0,0,0,0,0,0,0,0,0,0,0,0,0,0,0,0,0,0,0,0,0,0,0,0,0,0,0,0,0,0,0,0,0,0,0,0,0,0,0,0,0,0,0,0,0,0,0,0,0,0,0,0,0,0,0,0,0
"PWY-7392: taxadiene biosynthesis (engineered)",0,0,0,0,0,0,0,0,0,0,0,0,0,0,0,0,0,0,0,0,0,0,0,0,0,0,0,0,0,0,0,8.23504e-05,0,0,0,0,0.000157216,0,0.000168614,0,0,0,0,0,0,0,0,0,0,0,0,0,0,0,0,0,0,0,0,0,0,0,5.37524e-05,0,0,0,0,0,0,0,0.000114447,0,5.82696e-05,0.0001003,5.92163e-05,0,9.67215e-05,0,8.76549e-05,0,0,0,0,0,0,0,0,0,0,0,0,6.00733e-05,0,0,0,0,0,0,0,5.00389e-05,0,0,0,0,0,0,0,0,0,0,0,0,0,0,0,0,0,0,0,0,0,0,0,0,9.20228e-05,0,0,0,0,0,0,0,0,0,9.51865e-05,0,0,0,0,9.56854e-05,0,0,0,0.000184316,0.000105299,0.000157004,0,0,0,0,8.70765e-05,0,0,0,0,0
"PWY-7396: butanol and isobutanol biosynthesis (engineered)",0,0,0,0,0,0,0,0,0,0,0,0,0,0,0,0,0,0,0,0,0,0,0,0,0,0,0,0,0,0,0,0,0,0,0,0,0,0,0,0,0,0,0,0,0,0,0,0,0,0,0,0,0,0,0,0,0,0,0,0,0,0,0,0,0,0,0,0,0,0,0,0,0,0,0,0,0,0,0,0,0,0,0,0,0,0,0,0,0,0,0,0,0,0,0,0,0,0,0,0,0,0,0,0,0,0,0,0,0,0,0,0,0,0,0,0,0,0,0,0,0,0,0,0,0,0,0,0,0,0,0,0,0,0,0,0,0,0,0,0,0,0,0,0,0,0,0,0,0,0,0,0,0,0,0,0
"PWY-7399: methylphosphonate degradation II",0,0,0,0,0,0,0,0,0,0,0,0,0,0,0,0,0,0,0,0,0,0,0,0,0,0,0,0,0,0,0,0,0,0,0,0,0,0,0,0,0,0,0,0,0,0,0,0,0,0,0,0,0,0,0,0,0,0,0,0,0,0,0,0,0,0,0,0,0,0,0,0,0,0,0,0,0,0,0,0,0,0,0,0,0,0,0,0,0,0,0,0,0,0,0,0,0,0,0,0,0,0,0,0,0,0,0,0,0,0,0,0,0,0,0,0,0,0,0,0,0,0,0,0,0,0,0,0,0,0,0,0,0,0,0,0,0,0,0,0,0,0,0,0,0,0,0,0,0,0,0,0,0,0,0,0
"PWY-7400: L-arginine biosynthesis IV (archaebacteria)",0,0,0,0,0,0,0.000223007,0.000228853,0.000407582,0.000286889,0,0.000435717,0,0.000270883,0.000319617,0,0.000326127,0,0,0,0,0,0.000279403,0,0.000174993,0,0.00048587,0.000354315,0.000227426,0.000356107,0,0.000245322,0.000297356,0,0,0.000238757,0.000256799,0.000337166,0.000288576,0,0.00029198,0,0.000351179,0.000384731,0.000359536,0,0,0,0,0.000345644,0,0,0.000331094,0,0.000362677,0.000448591,0,0.000446766,0.000235789,0.000248447,0,0,0.000270216,0.000365665,0.000220063,0.000217623,0.000225548,0.000315784,0.000288909,0,0,0,0.000239376,0.000141414,0,0.000375921,0.000239212,0,0.000145777,0.000373417,0.00025316,0.000234162,0.000328837,0.000555403,0,0.000233478,0,0,0,0,0.000329604,0.000296403,0,0,0.000516141,0.00022848,0,0,0.000259742,0.000220771,0.000249284,0,0,0,0.000239532,0,0,0.000382214,0.000335637,0,0,0.000370323,0,0,0.000269974,0,0.000430393,0.000277826,0,0.000293618,0.000314575,0.000213314,0,0.000297901,0.000215618,0,0.000318199,0.000304719,0,0,0.000187576,0.000321166,0,0.000292321,0,0.00036124,0.000247991,0.000260813,0,5.87555e-05,0.000250168,0,0.00028126,3.43986e-05,0,0.000166507,0.000261905,0.000295645,0.000176734,0.000244984,0,0.000233788,0,0,0,0
"PWY-7409: phospholipid remodeling (phosphatidylethanolamine, yeast)",0,0,0,0,0,0,0,0,0,0,0,0,0,0,0,0,0,0,0,0,0,0,0,0,0,0,0,0,0,7.42493e-05,0,0,0,0,0,0,0,0,0,0,0,0,0,0,0,0,0,0,0,0,0,0,6.4161e-06,0,0,0.000155122,0,0,0,0,0,0,2.49905e-05,0,0,0,0,0,0,0,0,0,9.7083e-06,0,0,0,0,0,0,0,0,0,0,0,0,0,0,0,0,0,0,0,0,0,0,0,0,0,0,0,0,0,0,0,0,0,0,0,0,0,0,0,0,0,0,0,0,0,0,0,0,0,0,0,0,0,8.4572e-06,0,0,0,0,0,0,0.000104047,0,0,0,0,0,0,0,0,0,0,0,0,0,0,0,0,0,0,0,0,0,0
"PWY-7411: phosphatidate biosynthesis (yeast)",0,0,0,0,0,0,0,0,0,0,0,0,0,0,0,0,0,0,0,0,0,0,0,0,0,0,0,0,0,0,0,0,0,0,0,0,0,0,0,0,0,0,0,0,0,0,0,0,0,0,0,0,0,0,0,0,0,0,0,0,0,0,0,0,0,0,0,0,0,0,0,0,0,0,0,0,0,0,0,0,0,0,0,0,0,0,0,0,0,0,0,0,0,0,0,0,0,0,0,0,0,0,0,0,0,0,0,0,0,0,0,0,0,0,0,0,0,0,0,0,0,0,0,0,0,0,0,0,0,0,0,0,0,0,0,0,0,0,0,0,0,0,0,0,0,0,0,0,0,0,0,0,0,0,0,0
"PWY-7431: aromatic biogenic amine degradation (bacteria)",0,0,0,0,0,0,0,0,0,0,0,0,0,0,0,0,0,0,0,0,0,0,0,0,0,0,0,0,0,0,0,0,0,0,0,0,0,0,3.8756e-06,0,0,0,0,0,0,0,0,0,0,0,0,0,0,0,0,0,0,0,0,0,0,0,0,0,0,0,0,0,0,0,0,0,0,0,0,0,0,0,0,0,0,0,0,0,0,0,0,0,0,0,0,0,0,0,0,0,0,0,0,0,0,0,0,0,0,0,0,0,0,0,0,0,0,0,0,0,0,0,0,0,0,0,0,0,0,0,0,0,0,0,0,0,0,0,0,0,0,0,0,0,0,0,0,0,0,0,0,0,0,0,0,0,0,0,0,0
"PWY-7434: terminal O-glycans residues modification (via type 2 precursor disaccharide)",0,0,0,0,0,0,0,0,0,0,0,0,0,0,0,0,0,0,0,0,0,0,0,0,0,0,0,1.29815e-05,0,0,0,1.93642e-05,0,0,0,0,2.68798e-05,0,0,0,0,0,0,0,0,0,0,0,0,0,0,1.98158e-05,0,0,0,0,0,0,0,0,0,0,0,0,0,0,0,0,0,0,0,0,0,0,0,0,0,0,0,0,0,0,0,0,0,0,0,0,0,0,0,0,0,0,0,0,0,0,0,0,0,0,0,0,0,0,0,0,0,0,0,0,0,0,0,0,0,0,0,0,0,0,0,0,0,0,0,0,0,0,0,0,0,0,0,0,0,0,0,0,0,0,0,0,0,0,0,0,2.84342e-05,0,0,0,0,0,0,0
"PWY-7446: sulfoquinovose degradation I",0,0,0,0,0,0,0,0,3.81757e-05,0,0,1.50551e-05,0,0,0,0,0,0,0,0,0,0,0,0,0,0,0,0,0,7.71215e-05,0,0,0,0,0,0,1.15622e-05,0,0,0,0,0,0,4.02088e-05,0,0,0,0,0,0,0,0,5.19383e-05,0,0,0,0,0,0,0,0,0,0,0,0,1.13894e-05,0,0,0,0,0,0,0,0,0,4.99226e-05,0,0,9.11967e-06,0,0,0,0,0,0,0,0,0,0,0,5.05893e-05,0,0,0,0,0,0,0,0,0,0,0,0,0,0,0,0,0,0,0,0,0,0,0,0,0,0,0,0,0,0,0,0,0,0,0,3.86443e-05,5.5893e-05,0,0,0,0,0,0,0,6.4054e-05,0,0,0,0,0,0,0,0,0,0,0,0,0,0,0,0,0,0,0,0
"PWY-7456: &beta;-(1,4)-mannan degradation",0,4.43795e-05,3.81878e-05,0,6.67754e-05,0.000121475,0,0,0,0,4.19859e-05,0,0,0,0,0,0,0,0,0,0,6.31147e-05,6.00141e-05,0,0,5.22783e-05,0,0,4.32172e-05,0,0,0,0,0,0,0.000141378,0,0,0,0,0,0,0,0,0,2.61248e-05,4.42675e-05,0,0,0,0,8.59984e-05,0,0,0,0,0,0,0,0,6.77821e-05,6.31992e-05,0,0,0,0,0,0,0,0,7.97026e-05,9.21997e-05,5.77233e-05,0.000121412,0,0,0,0,0,7.34703e-05,0,3.93825e-05,0,0,0,6.3539e-05,0,0,7.19672e-05,0,0,0,0,0,0,0,0,0,0,0,0,0,0,6.03259e-05,0,0,0,4.60863e-05,0,0,0,5.81479e-05,0,2.4206e-05,7.39162e-05,4.26027e-05,0,0,0,0,0,0,0.000130351,0.000157335,3.86026e-05,0,0,0,3.31102e-05,0,0,3.45163e-05,0,0,0,0,0,2.96465e-05,0,0,7.8384e-05,9.73801e-05,2.96456e-05,0,5.7293e-05,0,0,2.8916e-05,0.000109456,0,6.4871e-05,3.36141e-05,0,5.5492e-05,3.89312e-05,0
"PWY-7511: protein ubiquitination",0,0,0,0,0,0,0,0,0,0,0,0,0,0,0,0,0,0,0,0,0,0,0,0,0,0,0,0,0,0,0,0,0,0,0,0,0,0,0,0,0,0,0,0,0,0,0,0,0,0,0,0,0,0,0,0,0,0,0,0,0,0,0,0,0,0,0,0,0,0,0,0,0,0,0,0,0,0,0,0,0,0,0,0,0,0,0,0,0,0,0,0,0,0,0,0,0,0,0,0,0,0,0,0,0,0,0,0,0,0,0,0,0,0,0,0,0,0,0,0,0,0,0,0,0,0,0,0,0,0,0,0,0,0,0,0,0,0,0,0,0,0,0,0,0,0,0,0,0,0,0,0,0,0,0,0
"PWY-7527: L-methionine salvage cycle III",0,0,0,0,0,0,0,0,0,0,0,0,0,0,0,0,0,0,0,0,0,0,0,0,0,0,0,0,0,0,0,0,0,0,0,0,0,0,0,0,0,0,0,0,0,0,0,0,0,0,0,0,0,0,0,0,0,0,0,0,0,0,0,0,0,0,0,0,0,0,0,0,0,0,0,0,0,0,0,0,0,0,0,0,0,0,0,0,0,0,0,0,0,0,0,0,0,0,0,0,0,0,0,0,0,0,0,0,0,0,0,0,0,0,0,0,0,0,0,0,0,0,0,0,0,0,0,0,0,0,0,0,0,0,0,0,0,0,0,0,0,0,0,0,0,0,0,0,0,0,0,0,0,0,0,0
"PWY-7528: L-methionine salvage cycle I (bacteria and plants)",0,0,0,0,0,0,0,0,0,0,0,0,0,0,0,0,0,0,0,0,0,0,0,0,0,0,0,0,0,0,0,0,0,0,0,0,0,0,0,0,0,0,0,0,0,0,0,0,0,0,0,0,0,0,0,0,0,0,0,0,0,0,0,0,0,0,0,0,0,0,0,0,0,0,0,0,0,0,0,0,0,0,0,0,0,0,0,0,0,0,0,0,0,0,0,0,0,0,0,0,0,0,0,0,0,0,0,0,0,0,0,0,0,0,0,0,0,0,0,0,0,0,0,0,0,0,0,0,0,0,0,0,0,0,0,0,0,0,0,0,0,0,0,0,0,0,0,0,0,0,0,0,0,0,0,0
"PWY-7560: methylerythritol phosphate pathway II",0.000232489,0.000181958,0,0,0.00022216,0.000348305,0.000469764,0.000384654,0.000260498,0.000267935,9.83561e-05,0.000200189,0.000194337,0.000409018,0.000464772,0,0.000396245,0.000403625,0.00017033,0.000128131,0.000173031,0.000306022,0,0,0.000223272,0.000166849,0.000442733,0.000278266,0.00036701,0.000278984,0.000368065,0.000358382,0.000490587,0.000284394,0.000401868,0.000103005,0.000210846,0.000319047,0.00019875,0.000210448,0.000187354,0.000326718,0.000154781,0.000230104,0.00030959,0.000364989,0,0.000271264,0.000203313,0.000412954,0.000350687,0.000273798,0.00033292,0.000262721,0.000203481,0.00030408,0.000506212,0.000459829,0.000497582,0.000341211,0.000114983,0.000461851,0.000134326,0.000397464,0.000177666,0.000192202,0.000310925,0.000399845,0.000241628,0,0.000182444,0,0.000226333,0.000142158,7.65644e-05,0.000247239,0.000139635,0.000139397,0.000194708,0.000348893,0.000288978,0,0.000432147,0.000488277,0.000233941,0.000154646,0.000558089,0.000202789,0.000159877,0.000183557,0.000267864,0.000187268,0,0.000389122,0.000407942,8.92578e-05,0.000308589,0.000440954,0.000390083,0.000191541,0.000193709,0.000514007,0.000341714,0.000330238,0.000197101,0.000120561,0.000227052,0.000226274,0,0.000213531,0.000379265,0.000281741,0.000361937,0.000211941,0.000126016,0,0.000393105,0.000255641,0.000344492,0.000219002,0,0.000174464,9.46929e-05,0.000287247,0.000151726,0,0.000259961,0.000243998,0,0.00022148,0.000162993,0.000213475,0.000400812,0.00025159,0.000163075,0.000252339,0.00031525,0.000205085,0.000497245,0.000127277,0.000251816,0,0.000243738,0.000199477,0.000182101,0.000182692,0.000204422,0.000119125,0,0.00017553,0.00017075,0,0,0.000359226,0,0.000147606
"PWY-7616: methanol oxidation to carbon dioxide",0,0,0,0,0,0,0,0,1.94956e-05,0,0,0,0,0,0,0,0,0,0,0,0,0,0,0,0,0,0,0,0,0,0,0,0,0,0,0,0,0,0,0,0,0,0,0,0,0,0,0,0,0,0,0,0,0,0,0,0,0,0,0,0,0,0,0,0,0,0,0,0,0,0,0,7.0662e-06,0,0,0,0,0,0,0,0,0,0,0,0,0,0,0,0,0,0,0,0,0,0,0,0,0,0,0,0,0,0,0,0,0,0,7.56904e-06,0,0,0,0,0,0,0,0,0,0,0,0,0,0,0,0,0,0,0,0,0,0,0,0,0,0,0,0,0,0,0,0,0,0,0,0,0,0,0,0,0,0,0,0,0,0,0,0
"PWY-7663: gondoate biosynthesis (anaerobic)",9.90855e-05,0,0.000106441,0.000332125,0,8.65869e-05,3.47943e-05,3.97214e-05,0.000345411,0,3.70222e-05,0.000194184,5.2496e-05,5.00176e-05,0,4.37441e-05,0,4.66833e-05,0,9.30444e-05,0.000110351,0,0.000109185,0,0,4.73329e-05,5.85603e-05,0.000301687,0.000131926,0.000404302,6.97371e-05,3.41737e-05,9.21083e-05,0,0.000151941,5.11924e-05,0.000206311,0,0.000341811,0,0.000136436,0,0,0.000282753,3.44824e-05,4.54358e-05,0.000114562,0.000130081,0,0.000100048,2.96826e-05,0.000147802,0.000361955,0,3.01347e-05,0.000537393,4.02822e-05,0.000315374,0,0.000103141,3.87483e-05,0,0.000160568,0,8.8142e-05,0.000168196,8.35896e-05,0,0.000156489,0.000139167,0.000180253,0,0.000179488,0.000267161,0.000143774,0.000313454,0.000230109,0,0.000202578,4.19945e-05,0.000114776,0.000208187,0,0,0.00010907,9.91561e-05,6.83267e-05,7.96172e-05,6.62616e-05,0.000117641,0.000469453,0.00010891,6.37186e-05,2.9381e-05,9.66903e-05,0,3.81524e-05,0,0,0.000182042,0.000106145,0.000134079,4.55171e-05,6.06365e-05,3.47616e-05,0,0,0.000289242,0.000130007,5.25883e-05,0.000136445,0.000135985,3.80639e-05,0.000125457,0.000160722,4.83075e-05,0.000204422,0,0,0.000174997,0.000269483,9.13596e-05,0.000195177,0.000206469,0.000193958,6.0815e-05,0.000314768,0.00041915,0.000151822,9.96779e-05,0.000150661,0,7.14002e-05,0.000510222,0.000219894,0.000388005,0.000119517,0.00026775,7.94774e-05,0.000430777,0.00015847,7.79152e-05,0.000152005,0.000290721,0.000125224,0.000333846,0.000137604,0.000135039,0.000241271,5.73944e-05,0.000125409,0.000210473,4.52151e-05,0,0.000186885,0.000126676
"PWY-7664: oleate biosynthesis IV (anaerobic)",8.675e-05,0,6.432e-05,0,0,0,0,3.75735e-05,0.000153458,0,0,4.80941e-05,0,4.99624e-05,0,4.34214e-05,0,4.65278e-05,0,6.23779e-05,0,0,9.38729e-05,0,0,0,5.78389e-05,0.000249819,0,0.000268756,0,2.21879e-05,0,0,0,0,0.000131285,0,0.000237581,0,4.3553e-05,0,0,0.000203199,0,0,0,0,0,0,0,5.54064e-05,0.00016447,0,2.89032e-05,0.000439617,0,8.44371e-05,0,8.72102e-05,0,0,0.00014153,0,8.6863e-05,0.000154437,4.53047e-05,0,0.000118716,7.02494e-05,0,0,0.000150458,0,0,0.000175737,6.88059e-05,0,0.000132215,0,4.68084e-05,0,0,0,5.44055e-05,0,3.18767e-05,6.23875e-05,0,0.000115994,0.000221148,6.11331e-05,0,1.84068e-05,0,0,0,0,0,0.000170945,4.3439e-05,6.01688e-05,0,0,3.31013e-05,0,0,0.000160788,0,0,8.94037e-05,0.000119062,3.80042e-05,0,8.69828e-05,4.82154e-05,7.32543e-05,0,0,7.32691e-05,8.77073e-05,5.43544e-05,0,8.86925e-05,0.000138633,0,0.000263032,0.0002801,7.7118e-05,0,7.46771e-05,0,0,0.000444263,0,0.000308966,0,0.00011284,0,0,0.000112708,5.08049e-05,4.89422e-05,0.000139714,0,0,6.12782e-05,0,0,0,0,0.000110479,0,0,0,9.22323e-05
"PWY-7688: dTDP-&alpha;-D-ravidosamine and dTDP-4-acetyl-&alpha;-D-ravidosamine biosynthesis",0,0,0,0,0,0,0,0,0,0,0,0,0,0,0,0,0,0,0,0,0,0,0,0,0,0,0,0,0,0,0,0,0,0,0,0,0,0,0,0,0,0,0,0,0,0,0,0,0,0,0,0,0,0,0,0,0,0,0,0,0,0,0,0,0,0,0,0,0,0,0,0,0,0,0,0,0,0,0,0,0,0,0,0,0,0,0,0,0,0,0,0,0,0,0,0,0,0,0,0,0,0,0,0,0,0,0,0,0,0,0,0,0,0,0,0,0,0,0,0,0,0,0,0,0,0,0,0,0,0,0,0,0,2.83956e-05,0,0,0,3.87092e-05,0,0,0,0,0,0,0,0,0,0,0,0,0,0,0,0,0,0
"PWY-7723: bacterial bioluminescence",0,0,0,0,0,0,0,0,0,0,0,0,0,0,0,0,0,0,0,0,0,0,0,0,0,0,0,0,0,0,0,0,0,0,0,0,0,0,0,0,0,0,0,0,0,0,0,0,0,0,0,0,0,0,0,0,0,0,0,0,0,0,0,0,0,0,0,0,0,0,0,0,0,0,0,0,0,0,0,0,0,0,0,0,0,0,0,0,0,0,0,0,0,0,0,0,0,0,0,0,0,0,0,0,0,0,0,0,0,0,0,0,0,0,0,0,0,0,0,0,0,0,0,0,0,0,0,0,0,0,0,0,0,0,0,4.64595e-05,0,0,0,0,0,0,0,0,0,0,0,0,0,0,0,0,0,0,0,0
"PWY-7731: superpathway of photosynthetic hydrogen production",0,0,0,0,0,0,0,0,0,0,0,0,0,0,0,0,0,0,0,0,0,0,0,0,0,0,0,0,0,0,0,0,0,0,0,0,0,0,0,0,0,0,0,0,0,0,0,0,0,0,0,0,0,0,0,0,0,0,0,0,0,0,0,0,0,0,0,0,0,0,0,0,0,0,0,0,0,0,0,0,0,0,0,0,0,0,0,0,0,0,0,0,0,0,0,0,0,0,0,0,0,0,0,0,0,0,0,0,0,0,0,0,0,0,0,0,0,0,0,0,0,0,0,0,0,0,0,0,0,0,0,0,0,0,0,0,0,0,0,0,0,0,0,0,0,0,0,0,0,0,0,0,0,0,0,0
"PWY-7754: bile acid 7&alpha;-dehydroxylation",0,0,0,0,0,0,0,0,0,0,0,0,0,0,0,0,0,0,0,0,0,0,0,0,0,0,0,0,0,0,0,0,0,0,0,0,0,0,0,0,0,0,0,0,0,0,0,0,0,0,0,0,0,0,0,0,0,0,0,0,0,0,0,0,0,0,0,0,0,0,0,0,0,0,0,0,0,0,0,0,0,0,0,0,0,0,0,0,0,0,0,0,0,0,0,0,0,0,0,0,0,0,0,0,0,0,0,0,0,0,0,0,0,0,0,0,0,0,0,0,0,0,0,0,0,0,0,0,0,0,0,0,0,0,0,0,0,0,0,0,0,0,0,0,0,0,0,0,0,0,0,0,0,0,0,0
"PWY-7761: NAD salvage pathway II (PNC IV cycle)",9.66472e-05,8.80699e-05,0,0,5.14377e-05,0.000118761,0.000102178,0.000205761,0.000166739,3.58364e-05,0,5.54655e-05,0,4.80937e-05,0.000130158,0,0,3.95293e-05,0.000103522,0,0,0,0,7.76003e-05,9.44478e-05,0,0.000183308,0.000155409,0,0.000136081,8.02914e-05,0.000109576,0,0,0,7.31763e-05,6.88114e-05,0,8.20965e-05,8.07276e-05,9.27694e-05,0,0,0.000127758,0.000168439,0.000120719,0,0.000146109,0,0.000183728,9.09686e-05,0.000102025,0.000187808,7.36223e-05,3.60447e-05,8.86745e-05,0,9.67241e-05,0,5.01852e-05,0,6.83741e-05,5.98127e-05,0,0,6.9215e-05,4.54596e-05,0,4.72965e-05,7.37554e-05,4.47992e-05,0,0.000102237,0,0,0.000149998,6.49965e-05,0,7.01599e-05,7.85046e-05,0,7.02949e-05,0,4.85071e-05,0,0.000100511,5.23845e-05,9.34529e-05,7.37297e-05,0.000247639,0.000146765,4.77295e-05,0,6.66132e-05,0.000185084,0,0,0.00010717,0.000149358,3.53318e-05,0,7.31824e-05,0,0,4.91881e-05,0.000116204,6.19771e-05,0.000116062,0.000104894,0,0.000223039,3.28858e-05,9.91725e-05,8.74718e-05,0.00012771,7.70871e-05,7.21543e-05,0,0.000114589,4.19446e-05,0,7.41134e-05,0,0,0,0,8.62952e-05,8.98495e-05,0,0,0,0.000135725,0,0.000142762,0,9.8589e-05,0,4.35116e-05,9.98622e-05,0,0.000112904,0,0,0,4.83248e-05,0,0,0,8.28204e-05,4.03128e-05,0,7.23777e-05,0,4.98469e-05,0,3.89748e-05
"PWY-7783: plasmalogen degradation",0,0,0,0,0,0,0,0,0,0,0,0,0,0,0,0,0,0,0,0,0,0,0,0,0,0,0,0,0,0,0,0,0,0,0,0,0,0,0,0,0,0,0,0,0,0,0,0,0,0,0,0,0,0,0,0,0,0,0,0,0,0,0,0,0,0,0,0,0,0,0,0,0,0,0,0,0,0,0,0,0,0,0,0,0,0,0,0,0,0,0,0,0,0,0,0,0,0,0,0,0,0,0,0,0,0,0,0,0,0,0,0,0,0,0,0,0,0,0,0,0,0,0,0,0,0,0,0,0,0,0,0,0,0,0,0,0,0,0,0,0,0,0,0,0,0,0,0,0,0,0,0,0,0,0,0
"PWY-7790: UMP biosynthesis II",0.000405697,0.000342164,0.000426099,0.000490563,0.000542155,0.00063525,0.000578081,0.000534231,0.000374938,0.000353761,0.000348714,0.000439376,0.000278149,0.000466284,0.000624796,0.000625388,0.000513445,0.000489318,0.000520277,0.000156837,0.00016719,0.000552881,0.000279823,0.000312506,0.000261073,0.000546842,0.000596273,0.000346757,0.000492593,0.000199365,0.000565834,0.000439389,0.000612926,0.000507868,0.000464257,0.00038941,0.000233067,0.00044309,0.000364755,0.000279666,0.000259761,0.000492478,0.000304275,0.000298941,0.000433396,0.000538364,0.000406814,0.000515169,0.000280068,0.00061287,0.000520685,0.000441299,0.000323008,0.000429235,0.000321029,0.000335947,0.00051663,0.000474112,0.000607826,0.000371417,0.000188679,0.000652183,0.000303156,0.000475909,0.000349781,0.000204283,0.000453406,0.000531624,0.000405085,0.000345368,0.000298899,0.000346307,0.00027625,0.000260117,0.000159167,0.00036155,0.000397156,0.000278816,0.000255065,0.000650728,0.000548699,0.000303011,0.000482228,0.000655368,0.000460698,0.000253452,0.00067487,0.000253724,0.000397727,0.000645018,0.000200485,0.000429691,0.000486294,0.000622287,0.000475822,0.000136681,0.000487755,0.000476321,0.000454077,0.000318681,0.000506272,0.000497805,0.000471665,0.000397175,0.000435049,0.000210131,0.000384325,0.000343265,0.000446658,0.000184581,0.000744318,0.000558699,0.000459614,0.000348767,0.000372696,0.000592146,0.000468134,0.000355932,0.000361704,0.000388994,0.000542618,0.000205447,0.000223248,0.00039791,0.000329841,0.000172192,0.000382691,0.000205876,0.000370574,0.000250802,0.000286384,0.00042513,0.000420439,0.000209721,0.000312438,0.000300068,0.000400631,0.000261244,0.000444232,0.000535553,0.000436585,0.000486733,0.000370059,0.000515335,0.000335841,0.000435168,0.000352471,0.000291976,0.00042329,0.000283506,0.000368209,0.000366187,0.000337765,0.00044043,0.000305647,0.000175953
"PWY-7791: UMP biosynthesis III",0.000405697,0.000342164,0.000426099,0.000490563,0.000542155,0.00063525,0.000578081,0.000534231,0.000374938,0.000353761,0.000348714,0.000439376,0.000278149,0.000466284,0.000624796,0.000625388,0.000513445,0.000489318,0.000520277,0.000156837,0.00016719,0.000552881,0.000279823,0.000312506,0.000261073,0.000546842,0.000596273,0.000346757,0.000492593,0.000199365,0.000565834,0.000439389,0.000612926,0.000507868,0.000464257,0.00038941,0.000233067,0.00044309,0.000364755,0.000279666,0.000259761,0.000492478,0.000304275,0.000298941,0.000433396,0.000538364,0.000406814,0.000515169,0.000280068,0.00061287,0.000520685,0.000441299,0.000323008,0.000429235,0.000321029,0.000335947,0.00051663,0.000474112,0.000607826,0.000371417,0.000188679,0.000652183,0.000303156,0.000475909,0.000349781,0.000204283,0.000453406,0.000531624,0.000405085,0.000345368,0.000298899,0.000346307,0.00027625,0.000260117,0.000159167,0.00036155,0.000397156,0.000278816,0.000255065,0.000650728,0.000548699,0.000303011,0.000482228,0.000655368,0.000460698,0.000253452,0.00067487,0.000253724,0.000397727,0.000645018,0.000200485,0.000429691,0.000486294,0.000622287,0.000475822,0.000136681,0.000487755,0.000476321,0.000454077,0.000318681,0.000506272,0.000497805,0.000471665,0.000397175,0.000435049,0.000210131,0.000384325,0.000343265,0.000446658,0.000184581,0.000744318,0.000558699,0.000459614,0.000348767,0.000372696,0.000592146,0.000468134,0.000355932,0.000361704,0.000388994,0.000542618,0.000205447,0.000223248,0.00039791,0.000329841,0.000172192,0.000382691,0.000205876,0.000370574,0.000250802,0.000286384,0.00042513,0.000420439,0.000179536,0.000312438,0.000300068,0.000400631,0.000261244,0.000444232,0.000535553,0.000436585,0.000486733,0.000370059,0.000515335,0.000335841,0.000435168,0.000352471,0.000291976,0.00042329,0.000283506,0.000368209,0.000366187,0.000337765,0.00044043,0.000305647,0.000175953
"PWY-7805: (aminomethyl)phosphonate degradation",0,0,0,0,0,0,0,0,1.71781e-05,0,0,9.40828e-06,0,0,0,0,0,0,0,0,0,0,0,0,0,0,0,0,0,8.61791e-05,0,0,0,0,0,0,0,0,0,0,0,0,0,2.08382e-05,0,0,0,0,0,0,0,0,0,0,0,3.17e-05,0,8.92878e-06,0,0,0,0,0,0,0,2.78735e-05,0,0,0,0,0,0,1.01605e-05,0,0,0,0,0,0,0,0,0,0,0,0,0,0,0,0,0,0.000110783,0,0,0,0,0,0,0,0,0,0,0,0,0,0,0,0,0,0,0,0,0,0,0,0,0,0,0,0,0,0,0,0,0,0,0,0,1.36806e-05,0,0,0,0,0,0,0,0,0,0,0,0,0,0,0,0,0,0,0,0,0,0,0,0,0,0,0,0
"PWY-7807: glyphosate degradation III",0,0,0,0,0,0,0,0,1.59603e-05,0,0,8.87765e-06,0,0,0,0,0,0,0,0,0,0,0,0,0,0,0,0,0,8.50056e-05,0,0,0,0,0,0,0,0,0,0,0,0,0,1.9989e-05,0,0,0,0,0,0,0,0,0,0,0,2.97455e-05,0,8.09823e-06,0,0,0,0,0,0,0,2.9644e-05,0,0,0,0,0,0,9.47391e-06,0,0,0,0,0,0,0,0,0,0,0,0,0,0,0,0,0,0.000108524,0,0,0,0,0,0,0,0,0,0,0,0,0,0,0,0,0,0,0,0,0,0,0,0,0,0,0,0,0,0,0,0,0,0,0,0,1.236e-05,0,0,0,0,0,0,0,0,0,0,0,0,0,0,0,0,0,0,0,0,0,0,0,0,0,0,0,0
"PWY-7820: teichuronic acid biosynthesis (B. subtilis 168)",0,0,0,0,0,0,0,0,0,0,0,0,0,0,0,0,0,0,0,0,0,0,0,0,0,0,0,0,0,0,0,0,0,0,0,0,0,0,0,0,0,0,0,0,0,0,0,0,0,0,0,0,0,0,0,0,0,0,0,0,0,0,0,0,0,0,0,0,0,0,0,0,0,0,0,0,0,0,0,0,0,0,0,0,0,0,0,0,0,0,0,0,0,0,0,0,0,0,0,0,0,0,0,0,0,0,0,0,0,0,0,0,0,0,0,0,0,0,0,0,0,0,0,0,0,0,0,0,0,0,0,0,0,0,0,0,0,0,0,0,0,0,0,0,0,0,0,0,0,0,0,0,0,0,0,0
"PWY-7851: coenzyme A biosynthesis II (eukaryotic)",0.000346047,0.000248171,0.000351411,0.000156174,0.000439733,0.000389038,0.000384294,0.000430622,0.000296615,0.000299935,0.000127892,0.000359333,0.000192757,0.000335563,0.000521768,0.000412514,0.000431538,0.000353327,0.000322584,0.000142401,0.000133073,0.000374235,0.000224239,0.000229703,0.000223378,0.000385268,0.000445327,0.000219258,0.000377659,0.000184687,0.000398,0.000330808,0.000393498,0.000451107,0.000335442,0.000273675,0.000236225,0.00047629,0.00016799,0.000308585,0.000174158,0.000263641,0.000321303,0.000244708,0.000346093,0.000493427,0.000169346,0.000215134,0.000268567,0.000511245,0.000309573,0.000322176,0.000258784,0.000246918,0.000319652,0.000313103,0.000463127,0.000423996,0.000378341,0.000317617,0.000242939,0.000548422,0.000301301,0.000273086,0,8.88284e-05,0.000368783,0.00034785,0.000305272,0.000188169,0.000246286,0.000271055,0.000185228,0.000146669,0.000170842,0.000286109,0.000199143,4.9433e-05,0.000175294,0.000463375,0.00039863,0.0001857,0.000417788,0.000410891,0.00019397,0.000229996,0.000493284,0.00026139,0.000322156,0.000445851,0.000199837,0.00043569,0.000274971,0.000421347,0.000320626,0.000117892,0.000352307,0.000440973,0.00039528,0.000246792,0.000461132,0.00049179,0.000338857,0.000290294,0.000300315,0.000176677,0.00032366,0.000326555,0.000408292,0.000141552,0.000583096,0.000390389,0.000446662,0.000266462,0.000343578,0.000467495,0.000312269,0.000282653,0.000313611,0.000204106,0.000298918,0.000167834,0.000218272,0.000260666,0.00025754,0.000147736,0.000326606,0.000195835,0.000243179,0.000124221,4.44948e-05,0.000270101,0.0001064,0.000183353,0.000209279,0.000301868,0.000335251,0.000204807,0.000169378,0.000423262,0.000319892,0.000392321,0.000263173,0.000475746,0.00023302,0.000301422,0.000242699,0.000325226,0.000309773,0.00018231,0.000299676,0.000335515,0.000297289,0.000375975,0.000294888,0.000171224
"PWY-7853: 6-hydroxymethyl-dihydropterin diphosphate biosynthesis V (Pyrococcus)",0,0,0,0,0,0,0,0,0,0,0,0,0,0,0,0,0,0,0,0,0,0,0,0,0,0,0,0,0,0,0,0,0,0,0,0,0,0,0,0,0,0,0,0,0,0,0,0,0,0,0,0,0,0,0,0,0,0,0,0,0,0,0,0,0,0,0,0,0,0,0,0,0,0,0,0,0,0,0,0,0,0,0,0,0,0,0,0,0,0,0,0,0,0,0,0,0,0,0,0,0,0,0,0,0,0,0,0,0,0,0,0,0,0,0,0,0,0,0,0,0,0,0,0,0,0,0,0,0,0,0,0,0,0,0,0,0,0,0,0,0,0,0,0,0,0,0,0,0,0,0,0,0,0,0,0
"PWY-7858: (5Z)-dodecenoate biosynthesis II",0,0,0,0,0,0,0,0,5.48235e-05,0,0,3.08456e-05,0,0,0,0,0,0,0,0,0,0,0,0,0,0,3.87483e-05,4.34296e-05,0,0.000150459,0,0,0,0,0,0,0,0,0.000100152,0,0,0,0,0.00010177,0,0,0,0,0,0,0,0,4.46505e-05,0,0,0.000224301,0,5.59365e-05,0,0,0,0,0,0,0,3.43632e-05,0,0,0,0,0,0,6.86291e-05,0,0,0.000123462,0,0,0,0,0,0,0,0,0,0,0,0,0,0,0.000129433,0,0,0,0,0,0,0,0,5.20273e-05,0,0,0,0,0,0,0,0.000113122,0,0,0,0,0,0,0,0,0,0,0,0,0,0,0,0,0,0,6.45373e-05,0.0001791,0,0,0,0,0,0.000246389,0,0.000146237,0,0,0,0,0,0,0,0,0,0,0,0,0,0,0,0,0,0,0,0
"PWY-7873: D-erythronate degradation II",0,0,0,0,0,0,0,0,1.02575e-05,0,0,0,0,0,0,0,0,0,0,0,0,0,0,0,0,0,0,0,0,0,0,0,0,0,0,0,0,0,0,0,0,0,0,1.12751e-05,0,0,0,0,0,0,0,0,1.0041e-05,0,0,0,0,7.73698e-06,0,0,0,0,0,0,0,0,0,0,0,0,0,0,0,0,0,2.14175e-05,0,0,0,0,0,0,0,0,0,0,0,0,0,0,0,0,0,0,0,0,0,0,0,0,0,0,0,0,0,0,0,6.15661e-06,0,0,0,0,0,0,0,0,0,0,0,0,0,0,0,0,0,0,0,1.32607e-05,0,0,0,0,0,0,0,0,0,0,0,0,0,0,0,0,0,0,0,0,0,0,0,0,0,0,0,0
"PWY-7874: L-threonate degradation",0,0,0,0,0,0,0,0,2.19965e-05,0,0,0,0,0,0,0,0,0,0,0,0,0,0,0,0,0,0,0,0,0,0,0,0,0,0,0,0,0,0,0,0,0,0,1.58433e-05,0,0,0,0,0,0,0,0,1.53732e-05,0,0,2.27683e-05,0,1.12843e-05,0,0,0,0,0,0,0,0,0,0,0,0,0,0,0,0,0,2.53483e-05,0,0,0,0,0,0,0,0,0,0,0,0,0,0,0,0,0,0,0,0,0,0,0,0,0,0,0,0,0,0,0,7.60717e-06,0,0,0,0,0,0,0,0,0,0,0,0,0,0,0,0,0,0,0,3.74215e-05,0,0,0,0,0,2.50505e-05,0,0,0,0,0,0,0,0,0,0,0,0,0,0,0,0,0,0,0,0,0,0
"PWY-7883: anhydromuropeptides recycling II",0,0,0,0,0,0,0,0,1.68857e-05,0,0,1.30249e-05,0,0,0,0,0,0,0,0,0,0,0,0,0,0,0,0,0,8.13797e-05,0,0,0,0,0,0,1.56775e-05,0,2.71013e-05,0,0,0,0,5.35803e-05,0,0,0,0,0,0,0,0,1.37553e-05,0,0,0.000202981,0,1.72966e-05,0,0,0,0,0,0,0,2.07989e-05,0,0,0,0,0,0,2.46788e-05,0,0,6.4656e-05,0,0,1.22054e-05,0,0,0,0,0,0,0,0,0,0,0,2.5921e-05,0,0,0,0,0,0,0,0,0,0,0,0,0,0,0,0,1.67834e-05,0,0,0,0,0,0,0,0,3.31621e-05,0,0,0,0,0,0,0,0,0,7.82426e-05,7.65721e-05,0,0,0,0,0,0.00012957,0,0.00015981,0,0,0,0,0,0,0,0,0,0,0,0,0,0,0,0,0,0,0,0
"PWY-7942: 5-oxo-L-proline metabolism",0,0,0,0,0,0,0,0,0.000162007,0,0,8.0733e-05,0,0,0,0,0,0,0,6.01752e-05,0,0,0,0,0,0,0,9.05534e-05,0,0,0,0,0,0,0,0,2.72033e-05,0,0.000117672,0,0,0,0,6.3708e-05,0,0,0,0,0,0,0,0,6.65265e-05,0,4.18592e-05,0,0,5.71006e-05,0,2.4656e-05,0,0,0,0,0,0,0,0,0,0,0,0,0,0,0,0.000173942,0,0,0,0,0,0,0,0,0,0,0,0,0,0,0,0,0,0,0,4.65105e-05,0,0,0,0,0,0,0,0,0,0,0,4.45932e-05,0,0,0,4.61138e-05,0,0,0,0,8.34828e-05,0,0,4.58835e-05,0,0,3.80875e-05,0,0,0,6.2899e-05,0,0,0,0,2.56426e-05,0,4.58514e-05,0,0.000106082,0,0,0,0,0,0,0,0,0,0,0,0,0,0,0,0,0,0,0,0
"PWY-7953: UDP-N-acetylmuramoyl-pentapeptide biosynthesis III (meso-diaminopimelate containing)",0.000361325,0.000274685,0.000441371,0.000450316,0.000394086,0.000487493,0.000509553,0.000531232,0.000437599,0.000299098,0.00025497,0.000374241,0.000173461,0.000467453,0.000538347,0.000372439,0.000501167,0.000408798,0.000390461,0.000199285,0.000317542,0.00035882,0.000187719,0.000296959,0.00031702,0.00037791,0.000583198,0.000262885,0.000429844,0.000352233,0.000509998,0.000393904,0.000581838,0.000439094,0.000617719,0.000308763,0.00027729,0.000502236,0.000281596,0.00053095,0.000315312,0.000412874,0.000306246,0.000371133,0.000403272,0.000418808,0.000306614,0.000479486,0.000293077,0.000464898,0.000414396,0.00034718,0.000322704,0.000245651,0.000287984,0.000307737,0.000592592,0.000460274,0.00063822,0.000305917,0.000258816,0.000493836,0.00031346,0.000393878,0.000388206,0.000206418,0.000436126,0.000440034,0.000374158,0.000297295,0.000265296,0.000218648,0.000233612,0.000171809,0.000170967,0.000319402,0.000324596,0.000321293,0.000246742,0.000541479,0.000377792,0.000246317,0.000430419,0.000622602,0.000449694,0.00017074,0.000565122,0.000139062,0.000307445,0.000492137,0.000320877,0.000339224,0.000300977,0.000602888,0.000564206,0.000193951,0.00029425,0.000429248,0.00047364,0.000256089,0.000287013,0.000537106,0.000520842,0.000422501,0.000277082,0.000278938,0.000339674,0.000392413,0.000341148,0.000215059,0.000477035,0.000448463,0.000456529,0.00026434,0.000347423,0.000402687,0.000371366,0.00037039,0.000403577,0.000353056,0.000390697,0.000144009,0.000219883,0.000362831,0.000352939,0.00030033,0.000393812,0.00036888,0.000219657,0.000132753,0.000186189,0.000337662,0.000348734,0.000260683,0.000291303,0.000237414,0.000383988,0.000318903,0.000455141,0.000414063,0.00039746,0.000388113,0.000259146,0.000509565,0.000276804,0.000314033,0.000303684,0.000255613,0.000313629,0.000260089,0.000212442,0.000228349,0.000209363,0.000475724,0.000345343,0.000136283
"PWY-7977: L-methionine biosynthesis IV",0.000284526,7.74035e-05,0.000180179,0.000289778,0.000320602,0.000480671,0.00047939,0.000363801,0.00051218,0.000215828,0.000136295,0.000242113,0.000152482,0.000232373,0.000364082,0.000236028,0.000488964,0.000449635,0.000226088,0.000166621,0.000169382,0.000354326,0.000165995,0,3.59726e-05,0.000315012,0.000141944,0.000323976,0.000321068,0.000405164,0.000323574,0.000337778,0.00032633,0.000356713,0.000386609,0.000234791,0.000287537,0.000274687,0.000417768,0.000228374,0.000252174,0.000373095,0.000146005,0.000347063,0.000253304,0.0002926,0.000218927,0.000359689,9.27624e-05,0.000555196,0.000279499,0.000191316,0.000352414,4.40368e-05,0.000165218,0.000277786,0.000331685,0.000590532,0.000348659,0.000255293,0.000261937,0.000228021,0.000267701,0.000186985,0.000272193,0.000219596,0.000398118,0.000404272,0.00032196,0.000225488,0.000204745,0.000282814,0.000243079,0.000239098,0.000179731,0.000389123,0.000236902,0,0.000271415,0.000545266,0.000247821,0.000223051,0.000399629,0.000271108,0.000222802,0.000127491,0.000470329,0.000160719,8.16698e-05,0.000642876,0.000318614,0.000383649,0.000152002,0.000280968,0.000422469,6.70477e-05,0.000126105,0.000171258,0.000199901,0.000148865,0.000169158,0.000378885,0.000176585,0.000334379,0.000244405,8.36644e-05,0.000216456,0.000407941,0.000284105,4.17683e-05,0.000631999,0.000427824,0.000331345,0.000150706,0.000232961,0.000228366,0.000367194,0.000408243,0.000406509,0.000354738,0.000264818,0.000116606,0.000150451,0.0003655,0.000254156,0.000209827,0.00038722,0.000377702,0.000126148,0.000191168,0.000100319,0.000115854,0.000397791,0.000297869,0.000248247,0.000297731,0.000260846,0.000254788,0.000489922,0.000282978,0.000339059,0.000338574,0.000148525,0.000494101,0.000151028,0.000379151,0.000251543,0.000104226,0.000314398,0.000177531,0.000140393,0.000184842,0.000160097,0.000384279,0.000164075,5.75322e-05
"PWY-7992: superpathway of menaquinol-8 biosynthesis III",0,0,0,0,0,0,0,0,0,0,0,0,0,0,0,0,0,0,0,0,0,0,0,0,0,0,0,0,0,0,0,0,0,0,0,0,0,0,0,0,0,0,0,0,0,0,0,0,0,0,0,0,0,0,0,0,0,0,0,0,0,0,0,0,0,0,0,0,0,0,0,0,0,0,0,0,0,0,0,0,0,0,0,0,0,0,0,0,0,0,0,0,0,0,0,0,0,0,0,0,0,0,0,0,0,0,0,0,0,0,0,0,0,0,0,0,0,0,0,0,0,0,0,0,0,0,0,0,0,0,0,0,0,0,0,0,0,0,0,0,0,0,0,0,0,0,0,0,0,0,0,0,0,0,0,0
"PWY-8004: Entner-Doudoroff pathway I",0,0,0,0,5.6062e-05,0.000120027,0.000111618,6.82997e-05,0.000218328,0,0,9.77422e-05,0,0,0,0,6.70115e-05,0,0,6.1931e-05,0,0,0,0,0,0.000129424,5.97328e-05,0.000102942,3.90305e-05,0.000178452,0,0,0,0,0,0,0.000120076,0,6.98456e-05,0,7.65929e-05,0,0,0.000126289,0,0.000100443,0,0,0,0,5.61178e-05,0,0.000197744,0,5.46695e-05,0.000282531,0,0.000177789,0,6.27118e-05,0,0,0.00012204,0,0,9.17553e-05,9.13106e-05,0,5.46759e-05,0,6.89782e-05,0,0.000103141,7.06086e-05,5.76025e-05,0.000225924,6.50889e-05,0,8.80147e-05,6.92196e-05,0,4.27091e-05,0,0,0,0,0,0,0,0.000104724,0.000213511,0,0,6.41539e-05,8.29816e-05,0,0,0,0,0,0.000158533,0,0,0,0,0,0,0.000124387,0,0,0.00012496,8.91414e-05,7.0828e-05,0,4.41764e-05,0,8.40645e-05,0,5.6877e-05,0,0,0,0,0,9.65044e-05,0,0.000167201,0.000227784,5.15094e-05,0,4.77924e-05,0,0,0.000213879,4.59566e-05,0.000147724,0,7.73323e-05,0,0,0.000173343,3.30816e-05,3.26156e-05,0,0,0,3.76673e-05,0,6.42851e-05,0,0,0,0,0,0,0
"PWY-8011: L-serine biosynthesis II",0,0,0,0,0,0,0,0,0,0,0,0,0,0,0,0,0,0,0,0,0,0,0,0,0,0,0,0,0,0,0,0,0,0,0,0,0,0,0,0,0,0,0,0,0,0,0,0,0,0,0,0,0,0,0,0,0,0,0,0,0,0,0,0,0,0,0,0,0,0,0,0,0,0,0,0,0,0,0,0,0,0,0,0,0,0,0,0,0,0,0,0,0,0,0,0,0,0,0,0,0,0,0,0,0,0,0,0,0,0,0,0,0,0,0,0,0,0,0,0,0,0,0,0,0,0,0,0,0,0,0,0,0,0,0,0,0,0,0,0,0,0,0,0,0,0,0,0,0,0,0,0,0,0,0,0
"PWY-801: homocysteine and cysteine interconversion",0,0,0,0,0,0,0,0,9.93673e-05,0,0,1.01974e-05,0,0,6.08161e-05,0,0,0,0,0,0,0,0,0,0,0,3.84041e-05,0,0,0,3.03277e-05,0,2.75357e-05,0,0,0,1.61327e-05,0,4.71273e-05,0,1.01663e-05,0,0,7.07351e-05,0,0,0,0,0,2.22392e-05,0,0,2.81946e-05,0,0,0,0,3.63877e-05,2.23967e-05,0,0,0,0,0,0,2.40546e-05,0,0,0,0,0,0,0,0,0,2.81236e-05,0,0,0,0,0,0,0,0,0,0,0,0,0,0,5.20269e-05,0,0,0,0,0,0,2.58345e-05,0,2.32492e-05,0,0,0,0,0,0,0,6.22082e-06,0,0,0,0,0,0,0,0,1.99945e-05,0,0,0,0,0,0,0,0,0,4.86146e-05,0,0,0,0,3.22094e-05,0,0,0,0,0,0,0,0,2.16713e-05,0,0,0,0,0,0,0,0,0,0,0,0,0,0,0
"PWY-8055: palmitoyl ethanolamide biosynthesis",0,0,0,0,0,0,0,0,0,0,0,0,0,0,0,0,0,0,0,0,0,0,0,0,0,0,0,0,0,0,0,0,0,0,0,0,0,0,0,0,0,0,0,0,0,0,0,0,0,0,0,0,0,0,0,0,0,0,0,0,0,0,0,0,0,0,0,0,0,0,0,0,0,0,0,0,0,0,0,0,0,0,0,0,0,0,0,0,0,0,0,0,0,0,0,0,0,0,0,0,0,0,0,0,0,0,0,0,0,0,0,0,0,0,0,0,0,0,0,0,0,0,0,0,0,0,0,0,0,0,0,0,0,0,0,0,0,0,0,0,0,0,0,0,0,0,0,0,0,0,0,0,0,0,0,0
"PWY-8073: lipid IVA biosynthesis (P. putida)",0,0,0,0,0,0,0,0,0.000122225,0,0,0.000120288,0,0,0,0,0,0,0,4.33715e-05,0,0,0,0,0,0,3.63563e-05,6.06394e-05,0,0.000218509,0,0,0,0,0,0,0.000165441,0,0.000172727,0,3.43106e-05,0,0,0.000114737,0,0,0,0,0,0,0,0,0.000107823,0,4.67907e-05,0.000190401,0,0.000131587,0,0,0,0,4.91563e-05,0,0,6.80636e-05,0,0,3.5347e-05,0,9.6027e-05,0,0.000164791,6.96842e-05,4.18323e-05,0.00016104,0.000106884,0,0.000164478,0,0,4.87599e-05,0,0,0,4.23007e-05,0,0,0,0,0.000178574,0,0,0,0,0,0,0,0,7.89981e-05,0,0,0,0,0,4.7853e-05,0,3.98148e-05,2.78938e-05,0,0,0.00010498,0,0,0,0,4.55978e-05,0,0,4.92493e-05,7.51397e-05,0,0,0,9.23276e-05,0,0.000239279,0.00025866,0,0,5.55472e-05,0,0,0.000225034,6.89754e-05,9.44175e-05,0,8.0981e-05,4.61494e-05,0.000109082,0.000133687,0,4.13944e-05,0,0,0.000102554,2.5904e-05,5.63392e-05,0.00012644,0,0,0,0,0,0,4.48927e-05
"PWY-8086: (S)-lactate fermentation to propanoate, acetate and hydrogen",0,0,0,0,0,0,0,0,0,0,0,0,0,0,0,0,0,0,0,0,0,0,0,0,0,0,0,0,0,0,0,0,0,0,0,0,0,0,0,0,0,0,0,0,0,0,0,0,0,0,0,0,0,0,0,0,0,0,0,0,0,0,0,0,0,0,0,0,0,0,0,0,1.48989e-05,0,0,0,0,0,8.94836e-06,0,0,0,0,0,0,0,0,0,0,0,0,0,0,0,0,0,0,0,0,0,0,0,0,0,0,0,0,1.93411e-05,0,0,0,0,0,0,0,0,0,0,0,0,0,0,0,0,0,0,0,0,0,0,0,0,0,0,0,0,0,0,0,0,0,0,0,0,0,0,0,0,0,0,0,0,0,0,0,0
"PWY-8112: factor 420 biosynthesis I (archaea)",0,0,0,0,0,0,0,0,0,0,0,0,7.17667e-05,0,0,0,0,0,0,0,0,0,0,0,0,0,0,0,0,0,0,0,0,0,0,0,0,0,0,0,0,0,0,0,0,0,0,0,0,0,0,0,0,0.00013531,0,0,0,0,0,3.19286e-05,0,0,2.0597e-05,0,7.75168e-05,0,0,0,0,0,0,0,0,0,0,0,0,0,0,0,0,0,0,0,0.000123989,0,0,0,0,0,0,0,0,0,0,0,0,0,0,0,0,0,0,0,0,2.91028e-05,0,0,0,0,0,0,0,0,0,0,0,0,0,0,0,0,0,0,0,0,0,1.7767e-05,0,0,0,0,0,0,0,0,0,3.91656e-05,0,0,0,0,0,0,0,0,0,0,0,0,0,0,0,0,0,5.57157e-05
"PWY-8113: 3PG-factor 420 biosynthesis",0,0,0,0,0,0,0,0,0,0,0,0,5.42594e-05,0,0,0,0,0,0,0,0,0,0,0,0,0,0,0,0,0,0,0,0,0,0,0,0,0,0,0,0,0,0,0,0,0,0,0,0,0,0,0,0,0.000116983,0,0,0,0,0,0,0,0,1.9264e-05,0,5.19005e-05,0,0,0,0,0,0,0,0,0,0,0,0,0,0,0,0,0,0,0,0.00010065,0,0,0,0,0,0,0,0,0,0,0,0,0,0,0,0,0,0,0,0,0,0,0,0,0,0,0,0,0,0,0,0,0,0,0,0,0,0,0,0,0,0,1.7767e-05,0,0,0,0,0,0,0,0,0,0,0,0,0,0,0,0,0,0,0,0,0,0,0,0,0,0,0,4.65381e-05
"PWY-8125: mevalonate pathway IV (archaea)",0,0,0,0,0,0,0,0,0,0,0,0,0,0,0,0,0,0,0,0,0,0,0,0,0,0,0,0,0,0,0,0,0,0,0,0,0,0,0,0,0,0,0,0,0,0,0,0,0,0,0,0,0,0,0,0,0,0,0,0,0,0,0,0,0,0,0,0,0,0,0,0,0,0,0,0,0,0,0,0,0,0,0,0,0,0,0,0,0,0,0,0,0,0,0,0,0,0,0,0,0,0,0,0,0,0,0,0,0,0,0,0,0,0,0,0,0,0,0,0,0,0,0,0,0,0,0,0,0,0,0,0,0,0,0,0,0,0,0,0,0,0,0,0,0,0,0,0,0,0,0,0,0,0,0,0
"PWY-8131: 5'-deoxyadenosine degradation II",0,0,0,0,0,0,9.58521e-05,4.42649e-05,0,2.98785e-05,0,0,0,3.01449e-05,0,0,0,2.61619e-05,0,0,0,3.60912e-05,0,0,0,0,4.52239e-05,0,4.07077e-05,1.05905e-05,6.47309e-05,3.52294e-05,0,0,0,0,0,0,5.81378e-05,0,0,0,4.25922e-05,0,3.72221e-05,3.19972e-05,0,6.86856e-05,4.13729e-05,0,0,0,8.84939e-05,0,0,0,0,0,0,2.65137e-05,0,6.17688e-05,0,0.000200921,0,0,0,0,0,0,0,0,0,0,0,0,3.15996e-05,0,2.59412e-05,0,2.49426e-05,0,2.56977e-05,8.30538e-05,0,0,0,0,0,4.0071e-05,0,3.9543e-05,0,3.42804e-05,0,0,2.85712e-05,0.000127319,3.51747e-05,0,3.25328e-05,0,0.000253401,5.26763e-05,4.44416e-05,0,0,2.02039e-05,3.37642e-05,0,0.000114026,0,5.86376e-05,0,0,0,6.97726e-05,3.94218e-05,5.11843e-05,0,5.52155e-05,0,0,5.26715e-05,0,0,7.79084e-05,0,0,0,0,5.1869e-05,0,2.71467e-05,0,2.43751e-05,4.3165e-05,0,0,0,4.26082e-05,0,0,0,0,0,4.83704e-05,0,0,0,0,0,0,4.54692e-05,0,0
"PWY-8134: bile acid 7&beta;-dehydroxylation",0,0,0,0,0,0,0,0,0,0,0,0,0,0,0,0,0,0,0,0,0,0,0,0,0,0,0,0,0,0,0,0,0,0,0,0,0,0,0,0,0,0,0,0,0,0,0,0,0,0,0,0,0,0,0,0,0,0,0,0,0,0,0,0,0,0,0,0,0,0,0,0,0,0,0,0,0,0,0,0,0,0,0,0,0,0,0,0,0,0,0,0,0,0,0,0,0,0,0,0,0,0,0,0,0,0,0,0,0,0,0,0,0,0,0,0,0,0,0,0,0,0,0,0,0,0,0,0,0,0,0,0,0,0,0,0,0,0,0,0,0,0,0,0,0,0,0,0,0,0,0,0,0,0,0,0
"PWY-8173: anteiso-branched-chain fatty acid biosynthesis",0,0,0,0,0,0,0,0,0,0,0,0,0,0,0,0,0,0,0,0,0,0,0,0,0,0,0,0,0,0,0,0,0,0,0,0,0,0,0,0,0,0,0,0,0,0,0,0,0,0,0,0,0,0,0,0,0,0,0,0,0,0,0,0,0,0,0,0,0,0,0,0,0,0,0,0,0,0,0,0,0,0,0,0,0,0,0,0,0,0,0,0,0,0,0,0,0,0,0,0,0,0,0,0,0,0,0,0,0,0,0,0,0,0,0,0,0,0,0,0,0,0,0,0,0,0,0,0,0,0,0,0,0,0,0,0,0,0,0,0,0,0,0,0,0,0,0,0,0,0,0,0,0,0,0,0
"PWY-8174: odd iso-branched-chain fatty acid biosynthesis",0,0,0,0,0,0,0,0,0,0,0,0,0,0,0,0,0,0,0,0,0,0,0,0,0,0,0,0,0,0,0,0,0,0,0,0,0,0,0,0,0,0,0,0,0,0,0,0,0,0,0,0,0,0,0,0,0,0,0,0,0,0,0,0,0,0,0,0,0,0,0,0,0,0,0,0,0,0,0,0,0,0,0,0,0,0,0,0,0,0,0,0,0,0,0,0,0,0,0,0,0,0,0,0,0,0,0,0,0,0,0,0,0,0,0,0,0,0,0,0,0,0,0,0,0,0,0,0,0,0,0,0,0,0,0,0,0,0,0,0,0,0,0,0,0,0,0,0,0,0,0,0,0,0,0,0
"PWY-8175: even iso-branched-chain fatty acid biosynthesis",0,0,0,0,0,0,0,0,0,0,0,0,0,0,0,0,0,0,0,0,0,0,0,0,0,0,0,0,0,0,0,0,0,0,0,0,0,0,0,0,0,0,0,0,0,0,0,0,0,0,0,0,0,0,0,0,0,0,0,0,0,0,0,0,0,0,0,0,0,0,0,0,0,0,0,0,0,0,0,0,0,0,0,0,0,0,0,0,0,0,0,0,0,0,0,0,0,0,0,0,0,0,0,0,0,0,0,0,0,0,0,0,0,0,0,0,0,0,0,0,0,0,0,0,0,0,0,0,0,0,0,0,0,0,0,0,0,0,0,0,0,0,0,0,0,0,0,0,0,0,0,0,0,0,0,0
"PWY-8178: pentose phosphate pathway (non-oxidative branch) II",0.000332979,0.00021984,0.000401039,0.000276269,0.000396624,0.000501529,0.000658458,0.000483298,0.000502967,0.000373171,0.000273774,0.000255656,0.000117083,0.000502242,0.000487728,0.000328457,0.000563546,0.000497602,0.000321568,0.000148146,0.000209957,0.000436034,0.000147965,0.000198108,0.000197188,0.000377787,0.0009327,0.000317366,0.000460237,0.000521012,0.000607036,0.000440011,0.000767259,0.000536847,0.000705803,0.00034225,0.000402526,0.000602742,0.000354051,0.00025071,0.000257583,0.000343366,0.000299514,0.000443181,0.000758155,0.000461698,0.000230071,0.000518046,0.000329885,0.000529716,0.000363129,0.000287665,0.000543878,7.12822e-05,0.000326215,0.000633184,0.000797993,0.000498789,0.000809962,0.000299635,0.000236342,0.000529382,0.000330752,0.000600366,0.000207439,0.000248087,0.000552628,0.000525515,0.0003272,0.000202532,0.000159923,0.000259951,0.000214901,0.000224457,0.000159279,0.00043809,4.63612e-05,0.000118403,0.00020774,0.000525971,0.000448632,0.000254731,0.000544481,0.000785723,0.000312903,0.000225559,0.000542933,0.000231891,0.000186076,0.000451971,0.000420734,0.00029456,0.00036842,0.000639673,0.000692902,0.000219095,0.000275279,0.000677967,0.00058938,0.000180455,0.000371363,0.000804672,0.000561107,0.000409189,0.000330034,4.92623e-05,0.00039863,0.00055349,0.000277905,0.000189737,0.000491713,0.00057014,0.000419622,0.000294902,0.00026671,0.000488297,0.000520459,0.000413638,0.000338008,0.000101698,0.000418369,0.000168372,0.000181063,0.000469633,0.00030203,0.000137605,0.000492612,0.000503405,0.000141982,0.000187734,6.30165e-05,0.000418595,0.000243518,0.000629853,0.000207331,0.000416942,0.000564734,0.000161736,0.000251743,0,0.000442972,0.000178495,0.000360612,0.000113274,0.0002965,0,0.000276246,0.000147462,0.000140081,0.000310623,0.000200908,9.96913e-05,0.000185669,0.000459021,0.000230916,4.05935e-05
"PWY-8187: L-arginine degradation XIII (reductive Stickland reaction)",5.35316e-05,0,3.57615e-05,5.09352e-05,0.000130568,0.000260989,0.000451506,0,0.000186595,5.43751e-05,5.95266e-05,7.05157e-05,0.000155764,0.000337185,0.000289677,0.000149971,0.000163009,0.000213826,0.000244597,8.25971e-05,5.84237e-05,0.00018397,7.29821e-05,4.74076e-05,0.000171557,0.000118977,0.000101262,0.000196541,0.000121493,0.000258961,0,0,0,0.000136982,0,4.43818e-05,0.000177631,0,0.000246709,7.39785e-05,0.00016542,0.00034433,0.00023164,0.000138624,3.29765e-05,0.000136677,6.96093e-05,0,9.68906e-05,0.00023174,0.000278247,0.000230862,0.000109873,0.000219486,5.73475e-05,0.000340178,0,0.000158249,6.64401e-05,0.000136341,0.000101997,0.000192598,0.000128908,0.00027285,5.04573e-05,7.4538e-05,0.000132674,0.000140786,0.000103424,0.000307115,7.15769e-05,0.000128282,0.000194891,6.34056e-05,6.67661e-05,0.000148122,0.000102717,0.000227431,0.000105352,0.000198331,0.000232649,7.00707e-05,0,0.00018643,8.54462e-05,0.000118463,0.000222015,0.000131878,4.15934e-05,0,0.000172687,0.000185673,0,4.13288e-05,0.000277338,4.05704e-05,0,0.000137145,0.000208747,9.91785e-05,0.000210678,0,0,7.67671e-05,0.000298006,0,0,0.000240567,0.000204478,0,0.000403343,0.000207422,0.000421448,0,8.27685e-05,0.000102248,0.000102825,0.000163966,0.000381961,7.03469e-05,4.79583e-05,6.55986e-05,3.98567e-05,0,9.94643e-05,0.000114399,0.000120303,0.000193553,7.61744e-05,0,0.000126265,0,0,0.000248557,9.31664e-05,7.11413e-05,4.94882e-05,8.71551e-05,0,4.51083e-05,3.04687e-05,4.20575e-05,4.2511e-05,3.27149e-05,0.000109818,0.000126767,5.5701e-05,3.77494e-05,7.70835e-05,6.10295e-05,4.81698e-05,8.12761e-05,0,0,7.31917e-05,4.4356e-05
"PWY-8188: L-alanine degradation VI (reductive Stickland reaction)",0,0,0,0,0,0,0,0,0,0,0,0,0,0,0,0,0,0,0,0,0,0,0,0,0,0,0,0,0,0,0,0,0,0,0,0,0,0,0,0,0,0,0,0,0,0,0,0,0,0,0,0,0,0,0,0,0,0,0,0,0,0,0,0,0,0,0,0,0,0,0,0,0,0,0,0,0,0,0,0,0,0,0,0,0,0,0,0,0,0,0,0,0,0,0,0,0,0,0,0,0,0,0,0,0,0,0,0,0,0,0,0,0,0,0,0,0,0,0,0,0,0,0,0,0,0,0,0,0,0,0,0,0,0,0,0,0,0,0,0,0,0,0,0,0,0,0,0,0,0,0,0,0,0,0,0
"PWY-8189: L-alanine degradation V (oxidative Stickland reaction)",0,0,0,0,0,0,0,0,0,0,0,0,0,0,0,0,0,0,0,0,0,0,0,0,0,0,0,0,0,0,0,0,0,0,0,0,0,0,0,0,0,0,0,0,0,0,0,0,0,0,0,0,0,0,0,0,0,0,0,0,0,0,0,0,0,0,0,0,0,0,0,0,0,0,0,0,0,0,0,0,0,0,0,0,0,0,0,0,0,0,0,0,0,0,0,0,0,0,0,0,0,0,0,0,0,0,0,0,0,0,0,0,0,0,0,0,0,0,0,0,0,0,0,0,0,0,0,0,0,0,0,0,0,0,0,0,0,0,0,0,0,0,0,0,0,0,0,0,0,0,0,0,0,0,0,0
"PWY-8190: L-glutamate degradation XI (reductive Stickland reaction)",0,0,0,0,0,0,0,0,0,0,0,0,0,0,0,0,0,0,0,0,0,0,0,0,0,0,0,0,0,0,0,0,0,0,0,0,0,0,0,0,0,0,0,0,0,0,0,0,0,0,0,0,0,0,0,0,0,0,0,0,0,0,0,0,0,0,0,0,0,0,0,0,0,0,0,0,0,0,0,0,0,0,0,0,0,0,0,0,0,0,0,0,0,0,0,0,0,0,0,0,0,0,0,0,0,0,0,0,0,0,0,0,0,0,0,0,0,0,0,0,0,0,0,0,0,0,0,0,0,0,0,0,0,0,0,0,0,0,0,0,0,0,0,0,0,0,0,0,0,0,0,0,0,0,0,0
"PWY-821: superpathway of sulfur amino acid biosynthesis (Saccharomyces cerevisiae)",0,0,0,0,0,0,0,0,0.000126688,0,0,0,0,0,0,0,0,0,0,0,0,0,0,0,0,0,7.54593e-05,0.000106263,0,7.12868e-05,0,0,0,0,0,0,0.000134612,0,0.000138614,0,0,0,0,0.000156001,0,0,0,0,0,0,0,0,0.000173687,0,0,0,0,0.000175983,0,0,0,0,0,0,0,8.97801e-05,0,0,0,0,0,0,0.000117159,0,0,0.000161108,0,0,0,0,0,0,0,0,0,0,0,0,0,0,0.000132979,0,0,0,0,0,0,0,0,0,0,0,0,0,0,0,0,8.53813e-05,0,0,0,3.88941e-05,0,0,0,0,0.000158418,0,0,0,0,0,0,0,0,0,0.000116802,0,0,0,0,0,0,0,0,0.000177206,0,0,0,0,0,0,0,0,0,0,3.50535e-05,0,0,0,0,0,0,0,0,0
"PWY-822: fructan biosynthesis",5.6129e-05,0,0,0,0,0,0,0,0,0,0,0,0,0,0,0,0,0,0,0,0,0,0,0,0,0,0,0,0,0,4.30832e-05,0,0,0,0,0,0,0,0,0,0,0,0,0,0,0,0,2.39816e-05,0,2.7556e-05,0,4.37817e-05,0,0,0,0,0,0,0,0,0,0,0,0,0,0,0,0,0,0,0,0,0,0,0,0,0,0,0,0,0,0,0,0,0,5.20661e-05,0,0,0,0,0,0,0,0,2.82556e-05,0,0,0,0,0,0,0,0,0,0,0,0,0,0,0,0,0,0,0,0,0,0,0,0,0,0,0,0,0,0,0,0,0,0,0,0,0,0,0,0,1.98924e-05,0,0,0,0,0,0,0,0,0,0,0,0,0,0,0,0,0,0,0,0
"PWY-841: superpathway of purine nucleotides de novo biosynthesis I",8.22156e-05,0,0,0,0,0.000191617,0.000113602,0.000103754,0.000302583,0,0,0.000295356,0.000119186,0.000188094,0.000177405,0.000206406,0,0,0.000167191,0,0.000121839,0.000134639,0,0,0,8.89091e-05,0.000177436,9.88955e-05,0.000213191,0.000238106,0.000233825,0,0,0,0,8.78755e-05,0.000253722,0,0.000302732,0,0,0.000154848,7.88277e-05,0.000279184,0.000109306,0,0,0,0.000143398,0.000380947,0.00033504,0.000127294,0.000235608,0.0001713,9.35772e-05,0.000347341,0,0,0,0.000106419,0,0,0.000170487,0,0.000236137,0.000120726,0.000174853,0,0.000168351,0,0.000115533,0,0.000236915,0.00018436,8.76636e-05,0.000240245,0.000307784,0,0.000171876,0,0.000129961,0.000139848,9.07563e-05,0,0.000323161,0.000157995,0,9.68235e-05,0,0,0.000252126,0.000102011,0,0.000153389,0.00023624,0,0,0,0,0.000213575,0.000183893,0,0,9.21833e-05,0.00019373,0.000161613,0.000185474,0.000341005,0.000258287,8.86821e-05,0.000318817,0.000189934,0.00025565,0.000209982,0.00011694,0.000111392,0.000200124,0.000186912,0.000211473,0.000103345,0,0.000132127,0.000141979,0,0.000143718,0.00015565,0.00014572,0.000182558,0.000120698,0.000137752,0.000111454,0,7.95873e-05,0.00023869,0.000260465,0.000149956,0,0.000238705,0.000119113,0.00017444,0.000279005,0,0.000144785,0.000186442,0.000160863,0.000299451,0.00013778,0.000202147,0.00013797,0.000139572,0.000105305,0.000144081,0.000160891,0.000308384,0.000105641,0.000177547
"PWY-922: mevalonate pathway I (eukaryotes and bacteria)",0,0,0,0,0,0,0,0,0,0,0,0,0,0,0,0,0,0,0,0,0,0,0,0,0,0,0,0,0,0,0,0,0,0,0,0,0,0,0,0,0,0,0,0,0,0,0,0,0,0,0,4.22564e-05,0,0,0,0,0,0,0,0,0,0,0,0,0,0,0,0,0,0,0,0,0,0,0,0,0,0,0,0,0,0,0,0,0,0,0,0,0,0,0,0,0,0,0,0,0,0,0,0,0,0,0,0,0,0,0,0,0,0,0,0,0,0,0,0,0,0,0,0,0,0,0,0,0,0,0,0,0,0,0,0,0,0,0,0,0,0,0,0,0,0,0,0,0,0,0,0,0,0,0,0,0,0,0,0
"PWY-I9: L-cysteine biosynthesis VI (from L-methionine)",0.000172032,0.000101785,0.000100147,0,5.60551e-05,0,0.000166459,0.000189484,0.000302217,7.6629e-05,0,0.000136264,0,0.000121967,0.00011415,7.15349e-05,8.46562e-05,0.000241604,0,0,6.63471e-05,5.7168e-05,5.1495e-05,0,0,0,0.000257382,0.000435855,5.43661e-05,0.000263996,0.000259001,8.74792e-05,0.000177519,0,0.000358922,6.68663e-05,0.000144772,0.000222872,0.000132933,0,8.93372e-05,0,0,0.00023673,0.000294191,0.000172741,0,0.000233316,0,0.000224749,0,0.000109584,0.000299672,9.17687e-05,0.000103608,0.000269919,0.000274532,0.00028253,0.000447044,0.000101861,0.000106053,4.35586e-05,4.5021e-05,0,0,0.000118951,0.000136258,0,9.65849e-05,0,0,0,0.00020599,0,0,0.000241832,3.48226e-05,8.21042e-05,0.000142451,5.22936e-05,0,0,0.00019088,0,6.33289e-05,8.64855e-05,0.000142767,0.000266045,0,0.000468124,0.000222497,4.15815e-05,8.88432e-05,6.16927e-05,0.000273133,0.000112595,0,9.57233e-05,0.000139904,0.000187971,0,0.000386325,0,0.000116635,4.85015e-05,0,0.00010051,0.000210784,0.000175231,0,0.000291576,0.000161099,0.000115783,0,0,0.000178061,0.000205055,0,7.78876e-05,9.59854e-05,0.000104551,7.61632e-05,0,6.58243e-05,0,0,0.000194926,0.00019268,0,6.72642e-05,7.8171e-05,0.000131956,0,0.00026313,5.87987e-05,0.000266807,0,0,0,0,0.000177216,0.000126131,0.000108046,0,9.21802e-05,0,3.70623e-05,4.0065e-05,0,0,0,0,4.88759e-05,0.000116725,6.04093e-05,0
"PWY0-1061: superpathway of L-alanine biosynthesis",0,0,5.48796e-05,0,0,0.000191919,0.000134731,0,0.000235594,0,0,0.000140196,0,0.000142976,0,6.47598e-05,7.50482e-05,6.68632e-05,0.000115392,0,0,9.29019e-05,0,3.86389e-05,0,0.000227676,5.58797e-05,0.000367392,8.96243e-05,0.000196691,0.000187726,0,9.1702e-05,0.000200138,0,0,6.16934e-05,0.000107482,8.11831e-05,0,5.26591e-05,0.000121917,0,0.000105771,0,0.000211158,0,0.000106765,0,0.000159184,0.000154457,0,0.000246979,0,0,0.000160741,0,0.000255042,0,4.61375e-05,0,5.44257e-05,0.000197025,0,0,3.65001e-05,0.000113294,0.000128388,0.000103132,0,8.90055e-05,0,8.36501e-05,0,0,0.000244389,0,0,7.68727e-05,0.000237561,0.000291481,0,0,5.3476e-05,4.21219e-05,6.24035e-05,0.000281087,0.000266106,0.000107504,0.000298502,6.36004e-05,0.000248661,0.000187232,0.000145944,5.94054e-05,0,7.28243e-05,7.02982e-05,0,5.21157e-05,0.000241957,0,8.41428e-05,6.48823e-05,0,0,7.11739e-05,0.000133563,0.000209868,0,0.000185197,0.000215563,3.91985e-05,0,0.000118571,0.000164556,0.000130928,0,0,0,0,0,0,6.47501e-05,0,0,0.000137452,0.000146142,0,0,0,0.000118248,0,0.000228269,0,0.000282459,0.000135988,0,0,0,4.62382e-05,0,0.000136322,0,0,0,6.25875e-05,0,0,0,0,6.10235e-05,7.91309e-05,7.63178e-05,0,7.1031e-05
"PWY0-1221: putrescine degradation II",0,0,0,0,0,0,0,0,1.63045e-05,0,0,1.67087e-05,0,0,0,0,0,0,0,0,0,0,0,0,0,0,0,0,0,1.08224e-05,0,0,0,0,0,0,6.44128e-06,0,0,0,0,0,0,1.08066e-05,0,0,0,0,0,0,0,0,2.75047e-05,0,0,0,0,9.7738e-06,0,0,0,0,0,0,0,5.13995e-06,0,0,0,0,0,0,9.62482e-06,0,0,2.94615e-05,0,0,5.4491e-06,0,0,0,0,0,0,0,0,0,0,0,4.92783e-05,0,0,0,0,0,0,0,0,0,0,0,0,0,0,0,0,7.84083e-06,0,0,0,0,0,0,0,0,0,0,0,0,0,0,0,0,0,0,0,4.78673e-05,0,0,0,0,0,0,0,0,0,0,0,0,0,0,0,0,0,0,0,0,0,0,0,0,0,0,0,0
"PWY0-1241: ADP-L-glycero-&beta;-D-manno-heptose biosynthesis",0,0,4.40819e-05,0.000197282,0,0,0,0,6.17211e-05,0,0,8.52891e-05,4.31e-05,0,0,0,0,0,2.5639e-05,0,0,0,0,7.16141e-05,0,0,0,3.33084e-05,3.47446e-05,0.000135102,0,0,0,0,4.31519e-05,0,4.8094e-05,0,5.65986e-05,0,3.39157e-05,0,0,2.98894e-05,0,0,4.41255e-05,4.40795e-05,0,0,0,0,6.11414e-05,0,0,0.000102768,0,3.87295e-05,0,1.42968e-05,0,0,6.97385e-05,0,0.000148988,4.27302e-05,0,0,2.69887e-05,0.000102173,0,0,6.07725e-05,0,0,3.39944e-05,3.62498e-05,0,3.06511e-05,0,0,0,0,0,0.000131854,0,0,0,0,0,8.41934e-05,0,0,0,0,0,0,0,0,2.56819e-05,0,4.7508e-05,0,0,2.22199e-05,0,0,2.04052e-05,0,0,0,6.56631e-05,3.82948e-05,0,0,0,4.70961e-05,0,0,0,0,0,0,3.3429e-05,0,9.74849e-05,4.93881e-05,0.000114857,0,0,0,0,0,0.000135384,0,7.57075e-05,0.000114973,0,0,0,9.39222e-05,0,0,0,0,0,5.36856e-05,9.2616e-05,0,0,5.26103e-05,7.56803e-05,0,0,0,0
"PWY0-1261: anhydromuropeptides recycling I",0,0,0,0,0,0,0,0,0.000174994,0,0,1.30249e-05,0,0,0,0,0,0,0,0,0,0,0,0,0,0,0,0.000128693,0.000113517,0.000258876,0,0,0,0,0,0,4.31206e-05,0,6.76272e-05,0,0,0,0,0.000170265,0,0,0,0,0,0,0,0,0.000102295,0,0,0.00027065,0,0.000184107,0,0,0,0,4.53439e-05,0,0,0.000100539,0,0,0,0,7.59472e-05,0,5.51491e-05,0,0,0.000206586,6.78382e-05,0,1.22054e-05,0,0,4.81177e-05,0,0,0,0,0,0,0,0,0.000250129,0,0,0,0,0,0,0,0,0.000106919,0,0,0,0,0,0,0,8.36232e-05,0,0,0,4.74313e-05,0,0,6.2557e-05,0,9.51922e-05,0,0,0,0,0,0,0,5.69253e-05,0,8.49318e-05,0.000244559,0,0,0,0,0,0.000208388,0,0.000202884,0,0,0,6.12455e-05,0,0,0,0,0,7.64126e-05,0,0,5.41762e-05,0,0,0,0,0,0,0
"PWY0-1277: 3-phenylpropanoate and 3-(3-hydroxyphenyl)propanoate degradation",0,0,0,0,0,0,0,0,9.2876e-05,0,0,6.97868e-05,0,0,0,0,0,0,0,0,0,0,0,0,0,0,0,3.67824e-05,0,0.000187717,0,0,0,0,0,0,8.36094e-05,0,0,0,0,0,0,0.000117388,0,0,0,0,0,0,0,0,0.000146927,0,2.48928e-05,0,0,9.42951e-05,0,0,0,0,0,0,0,6.37427e-05,0,0,0,0,0,0,8.44458e-05,0,0,0.000121414,0,0,7.49511e-05,0,0,0,0,0,0,0,0,0,0,0,0.000187677,0,0,0,0,0,0,0,0,0,0,0,0,0,0,0,0,6.09313e-05,0,0,0,0,0,0,0,0,3.24643e-05,0,0,0,0,0,0,0,0,0,5.70338e-05,0.00041097,0,0,0,0,0,0,0,8.33752e-05,0,0,0,0,0,0,0,0,0,0,0,0,0,0,0,0,0,0,0,0
"PWY0-1296: purine ribonucleosides degradation",0.000484966,0.000223091,0.000423242,0.000226636,0.000489674,0.000370228,0.000295312,0.000675098,0.000264037,0.000259833,0.000439553,0.000329697,0.000139802,0.00033965,0.000476919,0.00041539,0.000427509,0.000309123,0.000229232,0.000245823,0.000284457,0.000336351,0,0.000286852,0.000369013,0.000360543,0.000570795,0.00019538,0.000239359,0.000313505,0.000391929,0.000455133,0.000360674,0.000340165,0.000514558,0.000172266,0.000151391,0.000516878,0.000172866,0.000338892,0.000123799,0.000368549,0.000264448,0.000265918,0.000754451,0.000327691,0.000198562,0.000202855,0.000255177,0.000407203,0.000284715,0.000312483,0.000359843,0.00020344,0.000278535,0.000398261,0.000477136,0.000277655,0.000498168,0.000175475,0.000230319,0.000494658,0.000159433,0.00037614,8.28137e-05,0.000215677,0.000332168,0.000424868,0.000204305,0.00015034,0.000224406,0.000308044,0.000171789,0.000209854,0.000131581,0.000228077,0,0.000391706,0.000195798,0.000378683,0.000155662,0.000178308,0.000480624,0.000472002,0.000234317,0.000143654,0.0003599,0.000101238,0.00038816,0.000298553,0.0002744,0.000233002,0.000293163,0.000549249,0.000271527,0.000175565,0.000315678,0.000407121,0.000459814,0.000228209,0.000232747,0.00044148,0.000416522,0.000301552,0.000212488,0.000132384,0.000249144,0.000299641,0.000148129,0.000208687,0.000353148,0.000467516,0.000278422,0.000128061,0.00025748,0.000353064,0.000307545,0.000221429,0.000320443,0.000243927,0.00030678,0.000244788,0.000293047,0.000215897,0.000190633,0.000135028,0.000406569,0.000190993,0.000228439,0.000223268,0.000202571,0.000304952,0.000111231,0.000368212,0.00026009,0.00033457,0.000327441,0.000224445,0,0.00010025,0.000342771,0.000355476,0.000235057,0,0.000239442,0,0.000228921,0.00028135,9.44929e-05,0.000281923,0.000367899,0.000215418,0.000405758,0.00038328,0.000283357,0.000100883
"PWY0-1297: superpathway of purine deoxyribonucleosides degradation",0.000115438,6.52677e-05,0,5.39816e-05,7.53897e-05,0,5.32083e-05,5.35715e-05,0.000185256,0.000113644,0.000222883,0.000152475,0,0,0.000153995,0,7.23962e-05,7.30136e-05,0,0,0,0,0,0,0,4.91947e-05,0,0.000145717,6.17663e-05,0.000257103,0.00015973,0,0,5.33625e-05,7.64968e-05,0,0.000125309,9.08546e-05,0.000114207,0,0,0,8.562e-05,0.00019017,0,0,5.29217e-05,9.30767e-05,5.7872e-05,0.000153135,6.01531e-05,0.000129838,0.000223598,0,7.65417e-05,0.000176908,0,0.00018566,8.33258e-05,0,7.34687e-05,0,7.43755e-05,4.44546e-05,0,0.000123729,5.04852e-05,0,0,0,9.4934e-05,0,0.000146954,0,0,0.000177488,0,0,0.000156495,0,0,0,0,0.000277799,0,5.38878e-05,0,0,0,0,0.000271004,6.29233e-05,0.000157689,0,0.000108445,0,0.000113982,0,0,4.22867e-05,0,0,0,0,8.67625e-05,0,0,0.000144219,5.7075e-05,0,7.44936e-05,6.40237e-05,0,0,0,0,0.000225393,5.23501e-05,0,0.000144168,0,0,0.000102439,0,0,0,0.000250933,0.000192657,0,0,0,8.20571e-05,4.43543e-05,0.000275004,7.12086e-05,0.000265491,0,0,0,0,0.000178098,0,0,0,8.90529e-05,0,9.26684e-05,0,0,0,0.00014177,0,0,0,0,4.25058e-05
"PWY0-1298: superpathway of pyrimidine deoxyribonucleosides degradation",0,5.41774e-05,5.41982e-05,0,0,0,3.99525e-05,0,0.000181886,0,0,8.61427e-05,0,0,0,0,0,0,0,0,0,0,0,0,0,3.38703e-05,0.000192423,0.000116402,0,0.000231814,0,0,0,0,0,0,0.000124544,0,0.000102553,0,9.20389e-05,0,0,0.00017562,0,0,0,0,4.14522e-05,0,0,0,0.000193331,0,8.06828e-05,0.000244654,0,0.000162353,0,5.16156e-05,0,0,9.16927e-05,0,0,0.000148157,5.20953e-05,0,0,0,0,0,0.000126459,0,0,0.000154103,0,0,0.000112509,0,0,0,0,0,0,0,0,0,0,0,0.000261334,0,0,0,0,0,0,0,0,3.78253e-05,0,0,6.21672e-05,0,0,0,0,0.000117218,5.01153e-05,0,0,4.76741e-05,0,0,0,0,0.00017624,0,0,0.000159262,0,0,0,0,6.52919e-05,0,0.000195739,0.000219601,0,0,0,0,0,0.000205532,0,0.000224317,0,0,0,0,0.000153535,0,0.000142173,0,0,0,7.07109e-05,0,0,0,0,0,8.19472e-05,0,0,3.45295e-05
"PWY0-1319: CDP-diacylglycerol biosynthesis II",0.000419999,0.000253659,0.00043339,0.000242567,0.000456315,0.000333576,0.000414608,0.000311804,0.000448281,0.000311314,0.000205487,0.000306495,0.000157074,0.000391472,0.000472076,0.00034238,0.000260636,0.00036264,0.000311126,0.000183731,0.000268784,0.000331649,0.00019368,0.000190873,0.000204396,0.000434809,0.000524586,0.000185239,0.000369389,0.000345154,0.000482816,0.00038113,0.000559046,0.00028462,0.000465471,0.000207385,0.000267805,0.000524432,0.000219139,0.000233363,0.000205407,0.00036059,0.000408046,0.000349024,0.000420055,0.000440436,0.00024707,0.000366583,0.00030614,0.00036942,0.000317955,0.000290684,0.000344433,0.000258034,0.000100527,0.00042927,0.000473966,0.000404073,0.00048504,0.000250325,0.000125412,0.000619808,0.000181425,0.000439999,0.000150708,0.000222063,0.000278148,0.000393064,0.000345849,0.000100574,0.000212341,0.000276458,0.000261092,0.000246749,0.00020919,0.000322189,0.000239678,6.25608e-05,0.000175224,0.000359618,0.000210149,0.000182766,0.00043847,0.00054626,6.33431e-05,0.000272622,0.000331972,0.000136764,0.000264321,0.000227665,0.000410002,0.000311776,0.000346151,0.000568819,0.000459802,0.000137625,0.000362024,0.000426501,0.000466546,0.00022641,0.000231994,0.000447913,0.000446209,0.000399419,0.000295011,0.000145315,0.000187352,0.000293324,0.000267768,0.000204247,0.000284314,0.000344538,0.000542712,0.000222043,0.000293109,0.000370017,0.00034549,0.000302077,0.000279203,0.000153913,0.000411909,7.19202e-05,0.000142899,0.000270983,0.000265352,0.000172795,0.000397482,0.000383665,0.000290496,0.000269276,0.000187928,0.00025737,7.4792e-05,0.00039715,0.000296316,0.000282583,0.000387773,0.000302435,0.000220303,0.000184495,0.000398009,0.00029162,0.000258851,0.000401263,0.000246739,0.000282201,0.000281519,0.000318587,0.000300977,0.000169203,0.000212904,0.000405744,0.000324755,0.000398823,0.000295646,0.000168712
"PWY0-1337: oleate &beta;-oxidation",0,0,0,0,0,0,0,0,5.76692e-05,0,0,1.10836e-05,0,0,0,0,0,0,0,0,0,0,0,0,0,0,0,0,0,6.3031e-05,0,0,0,0,0,0,1.6948e-05,0,0,0,2.77659e-05,0,0,1.52069e-05,0,0,0,0,0,0,0,0,5.43235e-05,0,0,0.000172244,0,0,0,0,0,0,0,0,0,1.95779e-05,0,0,0,0,0,0,2.95771e-05,0,0,4.56266e-05,0,0,1.15515e-05,0,0,0,0,0,0,0,0,0,0,0,0.000129894,0,0,0,0,0,0,0,0,0,0,0,0,0,0,0,0,1.20094e-05,0,0,0,1.40587e-05,0,0,0,0,6.33958e-05,0,0,0,0,0,0,0,0,0,9.98502e-06,4.3259e-05,0,0,0,0,0,0.000149094,0,0.000126882,0,0,0,0,3.66267e-05,0,0,0,0,0,0,0,0,0,0,0,0,0,0,0
"PWY0-1338: polymyxin resistance",0,0,0,0,0,0,0,0,6.60936e-05,0,0,3.53329e-05,0,0,0,0,0,0,0,0,0,0,0,0,0,0,0,4.41356e-05,0,0.000123737,0,0,0,0,0,0,5.52055e-05,0,2.80586e-05,0,0,0,0,6.53468e-05,0,0,0,0,0,0,0,0,4.8048e-05,0,0,9.81851e-05,0,2.82227e-05,0,0,0,0,0,0,0,2.09528e-05,0,0,0,0,0,0,4.55453e-05,0,0,7.16663e-05,0,0,0,0,0,0,0,0,0,0,0,0,0,0,6.93382e-05,0,0,0,0,0,0,0,0,1.5647e-05,0,0,0,0,0,0,0,3.23036e-05,0,0,0,0,0,0,0,0,6.56252e-05,0,0,0,0,0,0,0,0,0,4.35562e-05,0.000141336,0,0,0,0,0,0.000118466,0,0.000116365,0,0,0,0,0,0,0,0,0,0,0,0,0,0,0,0,0,0,0,0
"PWY0-1415: superpathway of heme b biosynthesis from uroporphyrinogen-III",0,0,0,0,0,0,0,0,9.57011e-05,0,0,2.84655e-05,0,0,0,0,0,0,0,0,0,0,0,0,0,0,0,3.37838e-05,0,0.000309844,0,0,0,0,0,0,7.40886e-05,0,8.7833e-05,0,0,0,0,0.000123865,0,0,0,0,0,0,0,0,0.000164297,0,6.44424e-05,0.000235524,0,6.10478e-05,0,0,0,0,2.08617e-05,0,0,8.75423e-05,0,0,0,0,0,0,9.41451e-05,0,0,0.000109351,0,0,3.94338e-05,0,0,0,0,0,0,0,0,0,0,0,0.000249271,0,0,0,0,2.93341e-05,0,0,0,0,0,0,0,0,0,0,0,9.51081e-05,0,0,0,0,0,0,0,0,7.15595e-05,0,0,2.47682e-05,0,0,0,0,0,0,6.45467e-05,0.000231263,0,0,0,0,0,0.00021811,0,9.83731e-05,0,0,0,0,0,0,0,0,0,0,0,0,0,0,0,0,0,0,0,0
"PWY0-1477: ethanolamine utilization",0,0.000125028,0,0,0,0,0,0,0.000432829,0,0,0.000116711,0,0,0,0,0,3.27535e-05,0,0,4.97843e-05,5.3069e-05,0,6.55759e-05,0,3.40039e-05,0.000176914,0.000203704,9.95402e-05,0.000447807,0,0,0,0,0,0,0.000241213,0,0.000533839,0,2.76123e-05,0,0,0.000385371,0,0,0,7.16655e-05,0,0,4.11381e-05,0,0.000305059,0,0.000139909,0.000535184,0,0.000205531,0,0,4.54652e-05,4.95683e-05,9.73447e-05,0,0,0.000135425,3.62235e-05,0,0,0,5.67642e-05,0,0.000222483,0,0,0.000439686,0,0,0.000113103,0,0,0,0,4.44458e-05,5.58308e-05,5.6808e-05,0,0,0,0,0.00052031,4.82699e-05,0,0,0,3.55965e-05,0,0,0,6.3322e-05,0,0,0,0,3.1772e-05,0,0,0.000207316,0.000129084,0,0,0.000109397,0,0,0,0,0.000207267,8.28093e-05,0,0.000105418,0,0,5.58807e-05,0,0,3.39623e-05,0.000268174,0.000477941,4.81583e-05,0,4.14892e-05,0,0,0.000667713,0,0.000277606,0,3.50308e-05,3.40891e-05,0,0.000331521,0,0,0,1.56701e-05,5.538e-05,0.000208598,0,0,0,0,0,5.56628e-05,5.56243e-05,0,0
"PWY0-1479: tRNA processing",0,0,0,0.000134024,0,0.000143842,0,0,0.00026289,0,0,0.000186324,0,0,0,6.9572e-05,0,0,0,0,0,0,0,0,0,0,8.65719e-05,0.000259743,0,0.000212338,0,0,0.000117528,6.05272e-05,0,0.000161824,9.45816e-05,4.58374e-05,0.000224681,0,0.000155582,0,0,0.000266102,6.89572e-05,5.82205e-05,8.18852e-05,0,0,0,0,0,0.000283322,0,0.000151382,0.000235588,0,0.000187599,0,0.000131183,3.91282e-05,0,7.26563e-05,0,0,0.000137095,0,0,3.25168e-05,0,0,0,0.000136154,0,0,0.000276734,0,0,8.27029e-05,3.5728e-05,0,0,0,0,0,4.91272e-05,7.72973e-05,0.000122577,0,0.000117926,0.000169873,0,0,0,0,8.283e-05,0,7.85662e-05,0,7.28277e-05,6.80695e-05,0,0,0,0,0,0,0.000203567,0,0,9.81995e-05,0.000152006,9.32643e-05,6.8515e-05,0,6.25009e-05,7.24455e-05,0.000117517,0,8.13646e-05,0,0,0,0.000106692,0,0,0.000162714,0.00027968,0,0,0,9.21362e-05,0,0.00020282,0,0.000229503,0,0,0,0,9.60563e-05,0,0,0,0,0,0,0,0,0,0,0,0,0,0,0
"PWY0-1533: methylphosphonate degradation I",0,0,0,0,0,0,0,0,9.49116e-06,0,0,5.19421e-06,0,0,0,0,0,0,0,0,0,0,0,0,0,0,0,0,0,6.05435e-05,0,0,0,0,0,0,0,0,0,0,0,0,0,1.19662e-05,0,0,0,0,0,0,0,0,0,0,0,1.80814e-05,0,4.68486e-06,0,0,0,0,0,0,0,2.0561e-05,0,0,0,0,0,0,5.82152e-06,0,0,0,0,0,0,0,0,0,0,0,0,0,0,0,0,0,9.20256e-05,0,0,0,0,0,0,0,0,0,0,0,0,0,0,0,0,0,0,0,0,0,0,0,0,0,0,0,0,0,0,0,0,0,0,0,0,7.2641e-06,0,0,0,0,0,0,0,0,0,0,0,0,0,0,0,0,0,0,0,0,0,0,0,0,0,0,0,0
"PWY0-1586: peptidoglycan maturation (meso-diaminopimelate containing)",0.000237793,7.41592e-05,0.000184778,2.4366e-05,6.56404e-05,0.000326273,0.000312715,0.000679762,0.000919406,6.75116e-05,3.15406e-05,0.000393178,0,0.000256509,0.000197421,0.000142845,8.3689e-05,7.35276e-05,0.000127181,0.000139288,7.72285e-05,0.00023473,7.39861e-05,5.94132e-05,0,0.000240355,0.000361745,0.000315908,0.000268652,0.0013215,0.000201801,0.000170192,0.000244617,0.000116145,0.000370347,0.000194657,0.000606648,0.000283693,0.000607557,9.50921e-05,0.000274451,0.000225843,0.000110559,0.000775008,0.000535353,0.000501798,0,0.000261529,0,0.000830249,0.00014868,0.000128998,0.000952559,3.39977e-05,0.000198696,0.00102548,0.000485701,0.00084211,0.000395195,0.000338147,3.25427e-05,8.08005e-05,0.000278848,0,0,0.000438243,0.000265936,0.000142297,0.00018669,0,0.000162341,0.000243975,0.00043967,0.000227875,4.60276e-05,0.000809035,8.85299e-05,0,0.000339515,0.000485623,0.000389958,0.000154707,7.61665e-05,0.000189348,9.4609e-05,0.000225314,0.000406846,0.000242984,0.000108129,0.00109309,0.00100247,0.000496159,7.58354e-05,0.000267381,0.000476667,0.000103795,0.000103078,0.000109285,0.000121601,0.000252285,0.000356727,0.000441098,9.7046e-05,0.000209898,5.40904e-05,0.000131374,6.88537e-05,0.000686418,0.000292786,5.10137e-05,0.0008662,0.000536571,0.000277389,0.000113296,0.00030012,0.000284562,0.000215854,8.23852e-05,0.000128843,0.00031893,0.00013363,3.75507e-05,5.1255e-05,7.34608e-05,0.000290254,4.14829e-05,0.000829248,0.000984137,6.18053e-05,0.000181811,0,0.000209553,0.000389589,0.00112134,0.000137835,0.000424012,0.000335337,0.00017713,0.000337915,8.89746e-05,0.000527195,0.000327246,0.000260377,0.000378577,0.000179846,0.000256653,0.000107016,0.000108605,0.00021551,0.00010002,9.66772e-05,7.28791e-05,0.000132632,0.000414704,0.000196161,6.96655e-05
"PWY0-162: superpathway of pyrimidine ribonucleotides de novo biosynthesis",0,0,0.00010126,0,0,0.000158573,8.57086e-05,8.87824e-05,0.00025045,0,0,0.000230994,9.82151e-05,9.84492e-05,0,0.000141228,0,8.52621e-05,0.000159613,0,9.9059e-05,0,7.0686e-05,0,0,7.06089e-05,0.00015428,8.53707e-05,0.00010308,0.000176816,0.000104006,0,0.00012531,0,0.000182711,6.43176e-05,0.000143046,0,0.000211961,0,0,0.000110359,6.31404e-05,0.000218441,9.44454e-05,0,7.67415e-05,0.000132306,0.000145053,0.000345655,0.000158959,0,0.00018295,0,7.33298e-05,0.000298757,0,0.00011539,0,8.71975e-05,0,0,0.000146132,7.1374e-05,0.000238813,0.000109469,0.000154457,9.67443e-05,0.00012049,0,8.75857e-05,0,0.000179371,6.57665e-05,6.87906e-05,0.000218047,8.8962e-05,0,0.000116093,0.000285282,0.000115923,0,7.8471e-05,0,0.000313951,6.43723e-05,0.000194344,8.53234e-05,0,0.000279895,0.000180986,0.000105003,0,0.000172244,0.000185849,6.42301e-05,0,0,0,0,0.000182075,0.000242663,7.49314e-05,8.54401e-05,9.59186e-05,0.000163714,0.000146044,9.79805e-05,0.000188513,7.80997e-05,0.000281061,0,0.000211801,8.06138e-05,0.000104322,8.13541e-05,0.000174953,8.68084e-05,0.000142792,7.93193e-05,0.000127142,0,0,6.61399e-05,0.000105388,0.000124688,0.000109701,0.000183687,8.50745e-05,0,9.82418e-05,0,0,0.000193538,0.000157184,0.000141347,0,8.01558e-05,0,0,0.00017518,0,0.000130366,0,0,9.98633e-05,8.13446e-05,9.72084e-05,0.000105225,0.000115747,0,8.61149e-05,0.000113175,0.000143554,9.24568e-05,0.000133644
"PWY0-166: superpathway of pyrimidine deoxyribonucleotides de novo biosynthesis (E. coli)",0,0,0,0,0,0,0,0,0.000207071,0,0,0.000136719,0,0,0,0,0,0,0,0,0,0,0,0,0,0,5.30309e-05,6.33802e-05,0,0.000158118,0,0,0,0,0,0,9.64877e-05,0,0.000137681,0,0,0,0,0.000178552,0,0,0,0,0,0,0,0,0.000174089,0,0,0.000214313,0,0,0,4.79407e-05,0,0,0,0,0,3.00509e-05,3.5645e-05,0,0,0,0,0,8.92805e-05,0,0,0.000159155,0,0,4.58542e-05,0,0,0,0,0,0,0,0,0,0,0,0.000141818,0,0,0,0,0,0,0,0,0.000131034,0,0,0,0,0,0,0,8.964e-05,0,0,0,6.17135e-05,0,6.5163e-05,0,0,0,0,0,4.79732e-05,0,0,0,0,4.32704e-05,0,5.556e-05,0.000175774,0,0,0,0,0,0.000193818,0,9.38343e-05,0,0,0,0,0.000156066,0,0,0,5.19853e-05,0,6.49235e-05,0,0,0,0,0,0,0,0,0
"PWY0-301: L-ascorbate degradation I (bacterial, anaerobic)",0,0,0,0,0,0,0,0,8.98686e-05,0,0,8.03925e-05,0,0,0,0,0,0,0,5.62265e-05,0,0,0,0,0,0,6.50793e-05,8.75143e-05,0,0.000261101,0,0,0,0,0,0,7.73105e-05,0,6.27965e-05,0,3.40475e-05,0,0,0.000106166,3.36359e-05,0,0,0,0,0,0,0,0.000115461,0,4.54564e-05,0.000282522,0,9.68233e-05,0,0,0,0,2.9761e-05,0,0,0.000107417,0,0,0,0,0,0,3.54439e-05,0,0,0.00018479,0,0,5.21802e-05,0,0,0,0,0,0,0,0,0,0,0,0.000271878,0,0,0,0,0,0,0,0,4.19662e-05,0,0,0,0,0,0,0,9.69644e-05,0,0,0,3.55597e-05,0,0,0,0,0.000153454,0,0,2.58843e-05,0,0,0,0,3.84681e-05,0,0.000163308,0.000195472,0,0,0,0,0,0.000319298,0,9.11202e-05,0,0,0,0,2.43447e-05,0,0,0,0,0,0,0,0,0,0,0,0,0,0,0
"PWY0-321: phenylacetate degradation I (aerobic)",0,0,0,0,0,0,0,0,0,0,0,0,0,0,0,0,0,0,0,0,0,0,0,0,0,0,0,0,0,0,0,0,0,0,0,0,0,0,0,0,0,0,0,0,0,0,0,0,0,0,0,0,1.45182e-05,0,0,0,0,1.58e-05,0,0,0,0,0,0,0,6.71889e-06,0,0,0,0,0,0,0,0,0,1.13593e-05,0,0,0,0,0,0,0,0,0,0,0,0,0,0,0,0,0,0,0,0,0,0,0,0,0,0,0,0,0,0,0,9.53976e-06,0,0,0,0,0,0,0,0,0,0,0,0,0,0,0,0,0,0,0,0,0,0,0,0,0,0,0,0,0,0,0,0,0,0,0,0,0,0,0,0,0,0,0,0,0,0,0,0
"PWY0-41: allantoin degradation IV (anaerobic)",0,0,0,0,0,0,0,0,7.7185e-06,0,0,0,0,0,0,0,0,0,0,0,0,0,0,0,0,0,0,0,0,6.72562e-05,0,0,0,0,0,0,0,0,0,0,0,0,0,1.7828e-05,0,0,0,0,0,0,0,0,1.17581e-05,0,0,1.85517e-05,0,9.10962e-06,0,0,0,0,0,0,0,1.36668e-05,0,0,0,0,0,0,7.73238e-06,0,0,1.18397e-05,0,0,0,0,0,0,0,0,0,0,0,0,0,0,5.68562e-05,0,0,0,0,0,0,0,0,0,0,0,0,0,0,0,0,2.11706e-05,0,0,0,0,0,0,0,0,0,0,0,0,0,0,0,0,0,0,8.1046e-06,3.03508e-05,0,0,0,0,0,1.57559e-05,0,0,0,0,0,0,0,0,0,0,0,0,0,0,0,0,0,0,0,0,0,0
"PWY0-42: 2-methylcitrate cycle I",0,0,0,0,0,0,0,0,0.000121935,0,0,3.66968e-05,0,0,0,0,0,0,0,0,0,0,0,0,0,0,0,2.34208e-05,0,0.000110602,0,0,0,0,0,0,2.8759e-05,0,0,0,0,0,0,0.000140079,0,0,0,0,0,0,0,0,0.000111317,0,0,0.000126267,0,5.39701e-05,0,0,0,0,0,0,0,4.57556e-05,0,0,0,0,0,0,3.75462e-05,0,0,0.000113767,0,0,1.96814e-05,0,0,0,0,0,0,0,0,0,0,0,0.000123508,0,0,0,0,0,0,0,0,0,0,0,0,0,0,0,0,7.57943e-05,0,0,0,1.908e-05,0,0,0,0,0,0,0,3.12467e-05,0,0,0,0,0,0,4.53724e-05,8.93789e-05,0,0,0,0,0,0.000188642,0,7.13793e-05,0,0,0,0,0,0,0,0,0,0,0,0,0,0,0,0,0,0,0,0
"PWY0-461: L-lysine degradation I",0,0,0,0,0,0,0,0,1.35897e-05,0,0,0,0,0,0,0,0,0,0,0,0,0,0,0,0,0,0,0,0,0.000110951,0,0,0,0,0,0,0,0,0,0,0,0,0,3.18714e-05,0,0,0,0,0,0,0,0,7.95665e-06,0,0,5.54946e-05,0,8.85126e-06,0,0,0,0,0,0,0,6.94479e-06,0,0,0,0,0,0,7.28416e-06,0,0,5.39235e-05,0,0,2.11444e-05,0,0,0,0,0,0,0,0,0,0,0,9.08057e-05,0,0,0,0,0,0,0,0,0,0,0,0,0,0,0,0,0,0,0,0,0,0,0,0,0,0,0,0,0,0,0,0,0,0,0,6.33087e-05,5.56327e-05,0,0,0,0,0,7.2879e-05,0,4.10257e-05,0,0,0,0,0,0,0,0,0,0,0,0,0,0,0,0,0,0,0,0
"PWY0-781: aspartate superpathway",0,0,0,0,0,0,0,0,0.000271853,0,0,0.00011858,0,0,0,0,0,0,0,0,0,0,0,0,0,0,9.27902e-05,0.000217449,0,0.000240412,0,6.36647e-05,0,0,0,0,0.000101432,0,0.000122169,0,4.56529e-05,0,0,0.000187703,0,0,0,0,0,0,0,7.35109e-05,0.000183371,0,0,0.000267946,0,0.000238365,0,0,0,0,8.71182e-05,0,0,7.35399e-05,0,0,0,0,0,0,0.000128399,0,0,0.000236193,0,0,7.39125e-05,0,0,0,0,0,0,0,0,0,0,0,0.000207487,0,0,0,0,0,0,0,0,0,0,0,0,0,0,0,0,9.00475e-05,0.000145524,0,0,0,0,0,0,0,0.00012702,0,0,0,0,0,0,0,0,0,0.000136126,0.000155147,0,0,0,0,0,0.000270964,0,0.000220409,0,0,0,0,6.22299e-05,0,0,0,0,0,0,0,0,0,0,0,0,0,0,0
"PWY0-845: superpathway of pyridoxal 5'-phosphate biosynthesis and salvage",0,0,5.50778e-05,0,0,0,0,0,0.000180305,0,0,0,0,0,0,0,0,0,0,4.89434e-05,0,0,0,0,0,0,0,7.99619e-05,8.41116e-05,0.000180081,0,0,0,0,0,0,9.18534e-05,0,0.000203802,0,4.34903e-05,0,0,8.06218e-05,0,0,7.48336e-05,7.03454e-05,0,0,0,0,0.00010678,0,0,0.000231209,0,5.93391e-05,0,0,0,0,0.000163624,0,0,7.84946e-05,0,0,0,0,0.000146936,0,0.000164231,7.82822e-05,5.21821e-05,0.000149665,0.000118661,0,6.11619e-05,0,0,0,0,0,0,6.10192e-05,0,0,0,0,0.000176019,0,0,0,0,0,0,0,0,0,0,0,0,0,0,0,0,6.20124e-05,0,0,0,9.88814e-05,0,0,6.33358e-05,0,9.05937e-05,0,0,0,6.2848e-05,0,0,0,4.92733e-05,0,0.000226849,0.000176389,0,0,5.66754e-05,0,0,0.000266411,5.25053e-05,0.000149093,0,0,0,9.61705e-05,0.000102118,0,4.7153e-05,0,0,0.000261895,0,4.83901e-05,0.000116885,0,0,5.21902e-05,0,0,0,0
"PWY0-862: (5Z)-dodecenoate biosynthesis I",8.47417e-05,0,6.03392e-05,0,0,0,0,3.71723e-05,0.000137766,0,0,5.16693e-05,0,4.98888e-05,0,4.34759e-05,0,4.63219e-05,0,5.91685e-05,0,0,8.67003e-05,0,0,0,5.7538e-05,0.000238432,0,0.000246969,0,2.09422e-05,0,0,0,0,0.000122463,0,0.000222425,0,3.88525e-05,0,0,0.000187606,0,0,0,0,0,0,0,5.01297e-05,0.000148843,0,2.84147e-05,0.000424694,0,0.000110177,0,8.47111e-05,0,0,0.000137098,0,8.56254e-05,0.000145787,4.19606e-05,0,0.000113252,6.2892e-05,0,0,0.00013585,0,0,0.000162469,6.1396e-05,0,0.000123749,0,4.22093e-05,0,0,0,4.96105e-05,0,2.92306e-05,5.93717e-05,0,0.000113868,0.000199637,5.66571e-05,0,1.73094e-05,0,0,0,0,0,0.000168791,3.90044e-05,5.49819e-05,0,0,3.26682e-05,0,0,0.000148373,0,0,8.37405e-05,0.0001146,3.79249e-05,0,8.0463e-05,4.8093e-05,6.57682e-05,0,0,6.61732e-05,7.85205e-05,5.02246e-05,0,8.06376e-05,0.000129755,0,0.000249837,0.000257757,7.13931e-05,0,6.82036e-05,0,0,0.000413574,0,0.000293975,0,0.000102635,0,0,0.000107659,4.71489e-05,4.38129e-05,0.000128079,0,0,5.60176e-05,0,0,0,0,0.000104013,3.10797e-05,0,0,8.88061e-05
"PWY0-881: superpathway of fatty acid biosynthesis I (E. coli)",0,0,0,0,0,0,0,0,0,0,0,0,0,0,0,0,0,0,0,0,0,0,0,0,0,0,0,0,0,0,0,0,0,0,0,0,0,0,0,0,0,0,0,0,0,0,0,0,0,0,0,0,0,0,0,0,0,0,0,0,0,0,0,0,0,0,0,0,0,0,0,0,0,0,0,0,0,0,0,0,0,0,0,0,0,0,0,0,0,0,0,0,0,0,0,0,0,0,0,0,0,0,0,0,0,0,0,0,0,0,0,0,0,0,0,0,0,0,0,0,0,0,0,0,0,0,0,0,0,0,0,0,0,0,0,0,0,0,0,0,0,0,0,0,0,0,0,0,0,0,0,0,0,0,0,0
"PWY1G-0: mycothiol biosynthesis",0,0,0,0,0,0,0,0,0,0,0,0,0,0,0,0,0,0,0,0,0,0,0,0,0,0,0,0,0,0,0,0,0,0,0,0,0,0,0,0,0,0,0,0,0,0,0,0,0,0,0,0,0,0,0,0,0,0,0,0,0,0,0,0,0,0,0,0,0,0,0,0,0,0,0,0,0,0,0,0,0,0,0,0,0,0,0,0,0,0,0,0,0,0,0,0,0,0,0,0,0,0,0,0,0,0,0,0,0,0,0,0,0,0,0,0,0,0,0,0,0,0,0,0,0,0,0,0,0,0,0,0,0,0,0,0,0,0,0,0,0,0,0,0,0,0,0,0,0,0,0,0,0,0,0,0
"PWY1ZNC-1: assimilatory sulfate reduction IV",0,3.47751e-05,0,0,3.48213e-05,0,0,0,6.35545e-05,5.12963e-05,0,0,0,7.30845e-05,0,0,9.60926e-05,2.66734e-05,3.82068e-05,0,3.72644e-05,3.11973e-05,0,0,0,0,6.12078e-05,5.33679e-05,4.38059e-05,0.000275208,0,8.15772e-05,5.38704e-05,0,0,4.89849e-05,0.000109943,4.44102e-05,0.00011491,0,0,0,0,9.75754e-05,3.66606e-05,3.16709e-05,0,4.12509e-05,6.2995e-05,0,0,0,0.000114101,0,0,0.000140271,0,0.000108504,0,2.8879e-05,4.79943e-05,0,0,6.26301e-05,0,8.65733e-05,3.88005e-05,3.6079e-05,5.55698e-05,0,0,0,0.000112913,0,0,0.000156913,0,0,0,2.32693e-05,0,0,4.67721e-05,6.71335e-05,0,0,0.000102693,0,0,3.17835e-05,0.000201768,0,0,0,8.81041e-05,5.75193e-05,0,0,0.000132509,0,4.60644e-05,0,0,4.75472e-05,0,0,0,3.56239e-05,0,0,4.82948e-05,4.27927e-05,0,3.61911e-05,0,3.19865e-05,9.89373e-05,5.79797e-05,0,0,0,0,0,3.86605e-05,7.17542e-05,0,7.10418e-05,0.000209827,3.59932e-05,0,0,3.46877e-05,0,0.000157194,0,0.000144147,6.53649e-05,0,0,0,0,0,2.9276e-05,0,0,0,2.68131e-05,0,0,0,0,0,0,4.36525e-05,3.61424e-05,0
"PWY3DJ-12: ceramide de novo biosynthesis",0,0,0,0,0,0,0,0,0,0,0,0,0,0,0,0,0,0,0,0,0,0,0,0,0,0,0,0,0,0,0,0,0,0,0,0,0,0,0,0,0,0,0,0,0,0,0,0,0,0,0,0,0,0,0,0,0,0,0,0,0,0,0,0,0,0,0,0,0,0,0,0,0,0,0,0,0,0,0,0,0,0,0,0,0,0,0,0,0,0,0,0,0,0,0,0,0,0,0,0,0,0,0,0,0,0,0,0,0,0,0,0,0,0,0,0,0,0,0,0,0,0,0,0,0,0,0,0,0,0,0,0,0,0,0,0,0,0,0,0,0,0,0,0,0,0,0,0,0,0,0,0,0,0,0,0
"PWY3DJ-35471: L-ascorbate biosynthesis IV (animals, D-glucuronate pathway)",0,0,0,0,0,0,0,0,0,0,0,0,0,0,0,0,0,0,0,0,0,0,0,0,0,0,0,0,0,3.56269e-05,0,0,0,0,0,0,0,0,0,0,0,0,0,0,0,0,0,0,0,0,0,0,0,0,0,0,0,0,0,0,0,0,0,0,0,0,0,0,0,0,0,0,0,0,0,0,0,0,0,0,0,0,0,0,0,0,0,0,0,0,0,0,0,0,0,0,0,0,0,0,0,0,0,0,0,0,0,0,0,0,0,0,0,0,0,0,0,0,0,0,0,0,0,0,0,0,0,0,0,0,0,0,0,1.96976e-05,0,0,0,0,0,0,0,0,0,0,0,0,0,0,0,0,0,0,0,0,0,0
"PWY3O-4107: NAD salvage pathway V (PNC V cycle)",0.000110996,8.80851e-05,0,8.03589e-05,0,8.63098e-05,0.000166563,0,0.00017435,0,0,0.000115513,0,0,0.000133674,0,0.000100613,0,0,0,0,0,0,0,0,7.36444e-05,7.00828e-05,8.96518e-05,0,4.90584e-05,0.000112975,8.97718e-05,0,6.87425e-05,0,0,2.86852e-05,0,2.64875e-05,5.44537e-05,9.42518e-05,4.48064e-05,0,9.0121e-05,0,6.23529e-05,0,0.000112865,0,0.000279668,8.79259e-05,0.000169662,0.000173513,0,4.31128e-05,4.91811e-05,0,6.39768e-05,0,0,0,0,8.48311e-05,0,0,6.40621e-05,6.38832e-05,0.000100885,0,7.39744e-05,0,0,0.00013186,0,0,0.000190848,5.85878e-05,0,0.00010581,5.91504e-05,0,0,0,0,0,6.11615e-05,0.000223584,0,0,0.000153794,9.13173e-05,0.000163366,0,5.45142e-05,0.000268895,0,0,5.35465e-05,6.4193e-05,0,0,0,0,0,0,0,0,0.000119193,0.000144586,0,8.99565e-05,5.45462e-05,4.67909e-05,0,0,0,5.44428e-05,0,0,9.26963e-05,0,0,0,4.31925e-05,0,0,0.000112889,4.11013e-05,0,0,0,0,0,0,0,7.84895e-05,0,0,0,0,7.80368e-05,0,7.15349e-05,0,0,0,3.60792e-05,0,0,0,0,0,0,0,0,0
"PWY490-3: nitrate reduction VI (assimilatory)",0,0,0,0,0,0,0,0,0,0,0,0,0,0,0,0,0,0,0,0,0,0,0,0,0,0,0,0,0,0,0,0,0,0,0,0,0,0,0,0,0,0,0,0,0,0,0,0,0,0,0,0,0,0,0,0,0,0,0,0,0,0,0,0,0,0,0,0,0,0,0,0,0,0,0,0,0,0,0,0,0,0,0,0,0,0,0,0,0,0,0,0,0,0,0,0,0,0,0,0,0,0,0,0,0,0,0,0,0,0,0,0,0,0,0,0,0,0,0,0,0,0,0,0,0,0,0,0,0,0,0,0,0,0,0,0,0,0,0,0,0,0,0,0,0,0,0,0,0,0,0,0,0,0,0,0
"PWY4FS-7: phosphatidylglycerol biosynthesis I (plastidic)",8.64718e-05,9.73905e-05,0,0,0.000113244,6.38029e-05,0,9.6734e-05,0.000402943,0,0,0.000255861,0,8.25013e-05,7.50506e-05,0,0,5.07871e-05,5.66033e-05,0.000111827,0,0.000117768,5.89949e-05,0,0.000116851,7.55726e-05,0.000234365,0.000162671,0.000150238,0.000330063,0.000117177,0.0001495,0,0.000122722,0,0.000104222,0.000216555,7.41234e-05,0.00016585,0,0.000117051,0,0,0.000351071,5.80029e-05,8.52922e-05,0,7.826e-05,0,5.98216e-05,0,0,0.000323794,0,9.66868e-05,0.000401701,9.47045e-05,0.000347132,0.000367198,0.000174703,4.59526e-05,0.000175212,0.000134405,0,7.83809e-05,0.000206147,0.000131953,0,0,0,0,5.38466e-05,0.00024707,6.19183e-05,0.000116459,0.000299556,0,0,0.000120677,0.000123886,0,6.52257e-05,0.000204636,8.90496e-05,0,0.000151642,0,0,7.68242e-05,6.49342e-05,0.000394476,6.68915e-05,0,6.86533e-05,8.20362e-05,0.000116999,5.10049e-05,0,0.000118495,0.000121046,6.80513e-05,0,0.000126893,7.75392e-05,6.76593e-05,0,0,0.000239711,0.000115772,0,7.81781e-05,0.000228895,6.49078e-05,0,5.25581e-05,0,0.000251697,0,4.35164e-05,8.02204e-05,0,0,0,6.76956e-05,0.000109521,0,0.000276089,0.000348079,7.1656e-05,7.75236e-05,0,0,8.41987e-05,0.00033308,5.55619e-05,0.000256747,0,0,0.000177694,0,0.000108064,0,3.48095e-05,0,6.38521e-05,0.000172882,0.000160928,7.64469e-05,8.13073e-05,0,9.43133e-05,0,8.21567e-05,7.408e-05,9.18621e-05,6.51804e-05
"PWY4FS-8: phosphatidylglycerol biosynthesis II (non-plastidic)",8.64718e-05,9.73905e-05,0,0,0.000113244,6.38029e-05,0,9.6734e-05,0.000402943,0,0,0.000255861,0,8.25013e-05,7.50506e-05,0,0,5.07871e-05,5.66033e-05,0.000111827,0,0.000117768,5.89949e-05,0,0.000116851,7.55726e-05,0.000234365,0.000162671,0.000150238,0.000330063,0.000117177,0.0001495,0,0.000122722,0,0.000104222,0.000216555,7.41234e-05,0.00016585,0,0.000117051,0,0,0.000351071,5.80029e-05,8.52922e-05,0,7.826e-05,0,5.98216e-05,0,0,0.000323794,0,9.66868e-05,0.000401701,9.47045e-05,0.000347132,0.000367198,0.000174703,4.59526e-05,0.000175212,0.000134405,0,7.83809e-05,0.000206147,0.000131953,0,0,0,0,5.38466e-05,0.00024707,6.19183e-05,0.000116459,0.000299556,0,0,0.000120677,0.000123886,0,6.52257e-05,0.000204636,8.90496e-05,0,0.000151642,0,0,7.68242e-05,6.49342e-05,0.000394476,6.68915e-05,0,6.86533e-05,8.20362e-05,0.000116999,5.10049e-05,0,0.000118495,0.000121046,6.80513e-05,0,0.000126893,7.75392e-05,6.76593e-05,0,0,0.000239711,0.000115772,0,7.81781e-05,0.000228895,6.49078e-05,0,5.25581e-05,0,0.000251697,0,4.35164e-05,8.02204e-05,0,0,0,6.76956e-05,0.000109521,0,0.000276089,0.000348079,7.1656e-05,7.75236e-05,0,0,8.41987e-05,0.00033308,5.55619e-05,0.000256747,0,0,0.000177694,0,0.000108064,0,3.48095e-05,0,6.38521e-05,0.000172882,0.000160928,7.64469e-05,8.13073e-05,0,9.43133e-05,0,8.21567e-05,7.408e-05,9.18621e-05,6.51804e-05
"PWY4LZ-257: superpathway of fermentation (Chlamydomonas reinhardtii)",0,5.25406e-05,0,0,0,0,0,0,0.000137851,0,0,8.38479e-05,0,0,0,0,0,0,0,0,0,0,0,0,0,0,0,7.43873e-05,0,0.000281083,0,0,0,0,0,0,0.000137493,0,9.1637e-05,0,0,0,0,0.00018312,0,0,0,0,0,0,4.98429e-05,0,0.000219848,0,4.08275e-05,3.8347e-05,0,0.000132983,0,0,4.07092e-05,0,0,0,0,9.3355e-05,4.35536e-05,0,0,0,0,0,8.39543e-05,0,0,0.000169113,0,0,0.000118017,0,0,0,0,0,0,0,0,0,0,0,0.000263082,5.53188e-05,0,0,0,0,0,0,0,0,0,0,0,0,0,0,0,0.000142591,5.24196e-05,0,0,0,0,0,0,0,0.000206602,0,0,0,0,0,0,0,0,0,0,0.000302197,0,0,0,0,0,0.000101622,0,0,0,0,0,0,6.7116e-05,0,0,0,0,0,0,0,0,0,0,0,0,0,0,0
"PWY5F9-12: biphenyl degradation",0,0,0,0,0,0,0,0,0,0,0,0,0,0,0,0,0,0,0,0,0,0,0,0,0,0,0,0,0,0,0,0,0,0,0,0,0,0,0,0,0,0,0,0,0,0,0,0,0,0,0,0,0,0,0,0,0,0,0,0,0,0,0,0,0,0,0,0,0,0,0,0,0,0,0,0,0,0,0,0,0,0,0,0,0,0,0,0,0,0,0,0,0,0,0,0,0,0,0,0,0,0,0,0,0,0,0,0,0,0,0,0,0,0,0,0,0,0,0,0,0,0,0,0,0,0,0,0,0,0,0,0,0,0,0,0,0,0,0,0,0,0,0,0,0,0,0,0,0,0,0,0,0,0,0,0
"PWY66-367: ketogenesis",0,0,0,0,0,0,0,0,0,0,0,0,0,0,0,0,0,0,0,0,0,0,0,0,0,0,0,0,0,0,0,0,0,0,0,0,0,0,0,0,0,0,0,0,0,0,0,0,0,0,0,0,0,0,0,0,0,0,0,0,0,0,0,0,0,0,0,0,0,0,0,0,0,0,0,0,0,0,0,0,0,0,0,0,0,0,0,0,0,0,0,0,0,0,0,0,0,0,0,0,0,0,0,0,0,0,0,0,0,0,0,0,0,0,0,0,0,0,0,0,0,0,0,0,0,0,0,0,0,0,0,0,0,0,0,0,0,0,0,0,0,0,0,0,0,0,0,0,0,0,0,0,0,0,0,0
"PWY66-388: ceramide degradation by &alpha;-oxidation",0,0,0,0,0,0,0,0,0,0,0,0,0,0,0,0,0,0,0,0,0,0,0,0,0,0,0,0,0,0,0,0,0,0,0,0,0,0,0,0,0,0,0,0,0,0,0,0,0,0,0,0,0,0,0,0,0,0,0,0,0,0,0,0,0,0,0,0,0,0,0,0,0,0,0,0,0,0,0,0,0,0,0,0,0,0,0,0,0,0,0,0,0,0,0,0,0,0,0,0,0,0,0,0,0,0,0,0,0,0,0,0,0,0,0,0,0,0,0,0,0,0,0,0,4.85371e-05,0,0,0,0,0,0,0,0,0,0,0,0,0,0,0,0,0,0,0,0,0,0,0,0,0,0,0,0,0,0,0
"PWY66-389: phytol degradation",0,0,0,0,0,0,0,0,0.000153149,0,0,5.00129e-05,0,0,0,0,0,0,0,0,0,0,0,0,0,0,0.00013471,4.38444e-05,0,0.000190917,0,0,0,0,0,0,4.83084e-06,0,0.000105213,0,0,0,0,0.000183096,0,0,0,0,0,0,0,0,1.86318e-05,0,4.16826e-05,0,0,0.000121098,0,1.55763e-05,0,0,7.72168e-06,0,0,7.566e-05,0,0,0,0,0,0,0.000107191,0,0,0.000158374,0,0,6.34438e-05,0,0,0,0,0,0,0,0,0,0,0,2.51551e-05,0,0,0,0,3.30064e-05,0,0,0,0,0,0,2.00442e-05,0,0,0,0,2.05661e-05,4.46619e-05,0,0,2.34263e-05,0,0,0,0,7.25806e-05,0,0,0,0,0,0,0,0.000110838,0,9.40315e-06,6.61628e-05,0,0,0,0,0,0,3.44513e-05,0.000119886,0,0,6.12785e-05,0,0,0,0,0,0,0,0,0,0,0,0,0,2.19273e-05,0,0,0
"PWY66-391: fatty acid &beta;-oxidation VI (mammalian peroxisome)",0,0,0,0,0,0,0,0,0,0,0,0,0,0,0,0,0,0,0,0,0,0,0,0,0,0,0,0,0,0,0,0,0,0,0,0,0,0,0,0,0,0,0,0,0,0,0,0,0,0,0,0,0,0,0,0,0,0,0,0,0,0,0,0,0,0,0,0,0,0,0,0,0,0,0,0,0,0,0,0,0,0,0,0,0,0,0,0,0,0,0,0,0,0,0,0,0,0,0,0,0,0,0,0,0,0,0,0,0,0,0,0,0,0,0,0,0,0,0,0,0,0,0,0,0,0,0,0,0,0,0,0,0,0,0,0,0,0,0,0,0,0,0,0,0,0,0,0,0,0,0,0,0,0,0,0
"PWY66-398: TCA cycle III (animals)",0,0,0,0,0,0,0,0,0,0,0,0,0,0,0,0,0,0,0,0,0,0,0,0,0,0,0,0,0,0,0,0,0,0,0,0,0,0,0,0,0,0,0,0,0,0,0,0,0,0,0,0,0,0,0,0,0,0,0,0,0,0,0,0,0,0,0,0,0,0,0,0,0,0,0,0,0,0,0,0,0,0,0,0,0,0,0,0,0,0,0,0,0,0,0,0,0,0,0,0,0,0,0,0,0,0,0,0,0,0,0,0,0,0,0,0,0,0,0,0,0,0,0,0,0,0,0,0,0,0,0,0,0,0,0,0,0,0,0,0,0,0,0,0,0,0,0,0,0,0,0,0,0,0,0,0
"PWY66-399: gluconeogenesis III",0,0,0,0,0,0,0,7.35571e-05,0,0,0,0.000109382,5.65109e-05,0,0,0,0.000105709,0,5.74424e-05,0.000126036,0,0,0,0,0,0,6.3319e-05,0,6.75577e-05,0,0,0,0,5.05512e-05,7.15734e-05,0,0,0,0,0,7.48123e-05,0,0,0,0,0,0,0.000146817,0,0,5.90427e-05,0,0,5.96805e-05,0,0,0,0,4.15778e-05,0,0,0,0,0,0,0,0,0,0.000129517,0,9.41841e-05,0,7.66662e-05,0,0,0,0.0001381,0,0,0,0,5.78799e-05,0,0,0,0,7.00632e-05,5.83114e-05,0,0,0,0,0,8.23722e-05,0,0,0,0,0,0,0,0.000111978,0,0,0,0,0,0,0,0,0,7.24807e-05,0.000126825,0,0,0,0,0,8.05455e-05,0,0,0,0,7.26437e-05,0,0,0,0,9.95737e-05,0,0,0,0,0,0,0,0.000100361,9.45053e-05,0,0,7.55331e-05,0,0,0,0,0,0,0,8.99419e-05,0,0,0,0,0,0,0
"PWY66-409: superpathway of purine nucleotide salvage",8.14076e-05,0,0,0,0,0,8.08088e-05,7.99277e-05,0.00018277,0,0,0,0,0,0.000167159,0,0,0,0,0,0,0,0,0,0,0,0,9.22971e-05,0.000117267,0.000187778,0.000204497,0,0,0,0,0,0.000171995,0,6.70313e-05,0,0,0,8.78763e-05,0.000138413,0,0,0,0,9.63663e-05,0.000277847,0,0.000122223,0.000180907,0,0,0.000232987,0,0,0,0,0,0,0,0,0,7.84709e-05,0,0,0,0,0,0,9.41051e-05,0,0,0.000158904,0,0,0,0,0,0,0,0,0,0.000101695,0,0,0,0,0.00020164,0,0,0,0.000171711,0,0,0,0,0,0,0,0,0,0.000148185,0,0,0.00010846,0,0,0.000153273,0.000114237,0,0,0,0,0.000159852,9.98887e-05,0,0,0,0,0.000132933,0,0,0,0.000148821,0.000181808,0,0,0,0,0.000121167,0.000230113,0.000144272,0.000138374,0,0,0,0,0.000159816,0,0,0,0.000139406,0,0.000123733,0,0,0,0.000108858,0,0,0,0,0
"PWY66-429: fatty acid biosynthesis initiation (mitochondria)",0.00048818,0.000217465,0.00022983,0.000358594,0.000375537,0.000474207,0.000462235,0.000452961,0.00034899,0.000339149,0.000161954,0.000286956,0.000105516,0.000519352,0.000500884,0.000292766,0.000399781,0.000445457,0.000290383,0.000114947,0.000238077,0.000357941,0.000111745,0.000113489,0.000103919,0.00032653,0.000490286,0.000285012,0.000334208,0.000274571,0.000572986,0.000483223,0.000508674,0.000447623,0.000525389,0.00012928,0.000282495,0.000456089,0.000464158,0,0.000190867,0.000346142,0.000218032,0.000285016,0.000374014,0.000441976,0,0.000453866,0.000306313,0.000246338,0.000335214,0.000284253,0.000366937,0.000254814,0.000268742,0.000338898,0.000404158,0.000366509,0.000652049,0.000210218,0.000110547,0.000632087,0.000191188,0.000413903,0.000124295,0.000187842,0.000327812,0.000384416,0.000251567,5.51372e-05,0.000252024,4.21289e-05,0.000319486,0.000280346,0.000185045,0.000221872,0.00029019,4.74814e-05,0.000223568,0.00035412,0.000272206,0.000224427,0.000314493,0.000717935,0.000181424,0.000273708,0.00047256,8.97103e-05,8.65328e-05,0.000330072,0.000455481,0.000242234,0.000248183,0.000495198,0.000570867,0.000160352,0.000267778,0.000438253,0.000518968,0.000299921,0.000142153,0.000588692,0.00046143,0.000387772,0.000276485,0.000122729,0.000297686,0.000302979,0.000393605,5.23988e-05,0.000372696,0.000511179,0.00039484,0.000218923,0.000219305,0.000443916,0.000462044,0.000319087,0.000380642,0.000176373,0.000384276,7.1755e-05,0.000152265,0.000293284,0.000389581,7.07086e-05,0.000469461,0.000366314,0.00026261,0.000103619,9.48411e-05,0.000285299,5.39816e-05,0.000285362,0.000221266,0.000263296,0.000398274,0.000195968,0.000164384,0.000265898,0.000360961,0.000291433,0.000222191,0.000713915,0.000250933,0.000411992,0.000284245,0,0.000326327,0.000207829,0.000164602,7.85729e-05,0,0.000385229,0.000242371,0.000129729
"PWY66-430: myristate biosynthesis (mitochondria)",0,0,0,0,0,0,0,0,9.70961e-05,0,0,0,0,0,0,0,0,0,0,0,0,0,0,0,0,0,0,0,0,1.70026e-05,0,0,0,0,0,0,0,0,0,0,0,0,0,0,0,0,0,0,0,0,0,0,0,0,0,0,0,0,0,0,0,0,0,0,0,0,0,0,0,0,0,0,0,0,0,0,0,0,0,0,0,0,0,0,0,0,0,0,0,0,0,0,0,0,0,0,0,0,0,0,0,0,0,0,0,0,0,2.49538e-05,0,0,0,0,0,0,0,0,0,0,0,0,0,0,0,0,0,0,0,0,0,0,0,0,0,0,0,0,0,0,0,0,0,0,0,0,0,0,0,0,0,0,0,0,0,0,0,0
"PYRIDNUCSAL-PWY: NAD salvage pathway I (PNC VI cycle)",9.79349e-05,8.19343e-05,0,0,0,8.86629e-05,0.000112581,0,0.000171106,0,0,6.61306e-05,0,0,0.000126262,0,0,0,0,0,0,0,0,0,0,0,8.40715e-05,9.67523e-05,0,6.30174e-05,8.4897e-05,8.99e-05,0,0,0,0,3.33994e-05,0,3.23314e-05,5.93943e-05,9.32749e-05,0,0,0.000102073,0,0,0,0.00011268,0,0.000183321,8.1602e-05,0.000116024,0.000189105,0,4.45663e-05,6.22458e-05,0,6.95632e-05,0,0,0,0,6.67301e-05,0,0,6.89527e-05,4.75039e-05,0,0,6.77589e-05,0,0,0.000108475,0,0,0.000168343,5.43199e-05,0,7.54314e-05,0,0,0,0,0,0,6.73638e-05,6.71004e-05,0,0,0,0.000109282,0,0,5.46834e-05,0.000205438,0,0,6.04671e-05,7.4135e-05,0,0,0,0,0,0,0,0,0.000114594,0.00011631,0,7.86194e-05,0,5.31079e-05,0,0,0,5.66822e-05,0,0,4.9121e-05,0,0,0,0,0,0,8.94842e-05,5.36042e-05,0,0,0,0,0,0,0,8.3125e-05,0,0,0,0,8.16412e-05,0,0,0,0,0,0,0,0,0,0,0,0,0,0,0
"PYRIDNUCSYN-PWY: NAD de novo biosynthesis I (from aspartate)",0.000144406,0.000133117,0.000184715,0.000165514,0.000212756,0.000360482,0.000407006,0.000288484,0.000236431,0.000181926,7.93618e-05,0.000167775,0.00024848,0.000291063,0.000357969,0.00016265,0.000329369,0.000265496,0.000177519,0.000114911,7.88084e-05,0.000214334,9.23598e-05,5.50681e-05,7.95541e-05,0.000185027,0.000309347,0.000325884,0.000234392,0.000255804,0.000323969,0.000319978,0.00035829,0.00022133,0.00040333,0.000143151,0.000213517,0.000244399,0.000203537,0.000129408,0.000128934,0.000190374,0,0.000211374,0.00028061,0.000202466,0,0.000223062,0.000178576,0.00019241,0.000203745,0.000194818,0.000240297,0.000172782,8.95463e-05,0.000200712,0.000400183,0.00025324,0.000470718,0.00011198,8.06038e-05,0.000209597,0.000138846,0.000221822,0.000212754,0.000125736,0.000337755,0.000256475,0.000211429,0.000134324,0.000245648,0.000126793,0.00017423,0.000185696,5.48745e-05,0.000179748,0.000193312,5.05484e-05,0.00014957,0.000247321,0.000245281,0.000143862,0.000247302,0.000393568,0.000194039,0.000132508,0.000319233,0.000188784,8.67942e-05,0.00046407,0.000251455,0.000185178,0.000206818,0.000380717,0.000254533,0,0,0.00025154,0.000251671,9.99038e-05,0.000193062,0.00037665,0.000190197,0.000257181,0.000125444,0.000118696,0.000103553,0.000234168,0.000165958,0,0.000414809,0.000247398,0.000305997,0.000141872,0.000232817,0.000284365,0.000243488,0.000238599,0.000217785,0.000111189,0.000207919,6.5299e-05,0.000114786,0.000247459,0.000163027,0.000121819,0.000255682,0.000258752,0.00015295,0.000199595,0.00010212,0.000190806,0.000204528,0.000192009,0.000169217,0.000183887,0.000276108,0.0001528,0.00017899,0.000392578,0.00021284,0.000203197,0.000137223,0.000453998,0.000170491,0.000306746,0.000169794,8.46292e-05,0.000193948,0.000165741,9.40054e-05,0.000108432,0.000103786,0.000190001,0.000103641,0.000106832
"PYRIDOXSYN-PWY: pyridoxal 5'-phosphate biosynthesis I",0,0,4.23106e-05,0,0,0,0,0,0.000174828,0,0,0,0,0,0,0,0,0,0,4.14358e-05,0,0,0,0,0,0,0,5.98763e-05,6.23434e-05,0.000195388,0,0,0,0,0,0,8.08357e-05,0,0.000195428,0,3.0055e-05,0,0,7.90641e-05,2.922e-05,0,7.1283e-05,4.93411e-05,0,0,0,0,9.69784e-05,0,2.678e-05,0.000214581,0,5.89712e-05,0,0,0,0,0.00012754,0,0,7.52377e-05,0,0,0,0,0.00021455,0,0.000177405,6.28889e-05,7.10228e-05,0.000104135,9.63863e-05,0,5.90112e-05,0,0,0,0,0,0,5.72275e-05,0,0,0,0,0.000128838,0,0,0,0,0,0,0,0,3.12895e-05,0,0,0,0,0,0,0,4.30617e-05,3.72047e-05,0,0,7.43196e-05,0,0,5.08543e-05,0,7.1715e-05,0,0,0,5.62624e-05,0,0,0,4.22711e-05,0,0.000235598,0.000191858,0,0,5.33757e-05,0,0,0.00022599,4.76977e-05,0.000117925,0,0,0,0.000178525,7.78409e-05,0,3.77178e-05,0,0,0.000250389,0,6.41489e-05,0.000196451,0,0,4.9749e-05,0,0,0,0
"REDCITCYC: TCA cycle VI (Helicobacter)",0,0,0,0,0,0,0,0,3.00126e-05,0,0,0,0,0,0,0,0,0,0,0,0,0,0,0,0,0,0,3.03408e-05,0,0,0,0,0,0,0,0,1.14278e-05,0,4.82033e-05,0,0,0,0,1.99231e-05,0,0,0,0,0,0,0,0,2.3905e-05,0,2.8031e-05,3.27007e-05,0,2.58123e-05,0,0,0,0,0,0,0,0,0,0,0,0,0,0,2.89473e-05,0,0,3.67691e-05,0,0,1.84003e-05,0,0,0,0,0,0,0,0,0,0,0,0,0,0,0,0,0,0,0,0,0,0,0,0,0,0,0,0,0,0,0,0,0,0,0,0,0,7.30839e-05,0,0,0,0,0,0,0,0,0,0,0,0,0,0,0,0,3.50603e-05,0,0,0,0,0,0,0,0,0,0,0,0,0,0,0,0,0,0,0,0,0,0
"RHAMCAT-PWY: L-rhamnose degradation I",5.00423e-05,2.81981e-05,0,8.91142e-05,5.00453e-05,8.34777e-05,6.88951e-05,0.000104849,0.000158627,0,4.16142e-05,0.000143291,0,9.17503e-05,7.97819e-05,6.3435e-05,0,7.4701e-05,5.74807e-05,8.68924e-05,5.59538e-05,6.87697e-05,8.98214e-05,4.2863e-05,6.73975e-05,0,0.000146758,8.86769e-05,9.0811e-05,0.00023465,0.000107859,9.39162e-05,0,4.89744e-05,3.98002e-05,0.000105188,0.00032052,7.26408e-05,0.000242297,8.25903e-05,6.54021e-05,5.82004e-05,5.75117e-05,0.000296331,5.7715e-05,0,5.24472e-05,0,3.60417e-05,3.12455e-05,0.000119843,7.33623e-05,0.000184509,6.01179e-05,4.21248e-05,0.000180719,0,0.000112075,0.000227533,4.26783e-05,0,0.000140626,8.70125e-05,5.34012e-05,2.7815e-05,9.48763e-05,0.000159706,0,5.93325e-05,0,9.52925e-05,3.53471e-05,0.000148185,8.40636e-05,7.94871e-05,0.000145294,0.000107341,4.72634e-05,0.000171123,6.9123e-05,4.28563e-05,7.63925e-05,0,0.000130012,4.95818e-05,8.54949e-05,0,3.95664e-05,7.37153e-05,3.23229e-05,0.000226386,5.87338e-05,0,0.000194608,8.13496e-05,4.50005e-05,0.000141087,4.5952e-05,0.000113922,9.89665e-05,0,0,0.000180067,0,2.96693e-05,0,4.50475e-05,0.000201435,0.000116745,0,3.4744e-05,9.21131e-05,0,7.4299e-05,3.88835e-05,0,7.07629e-05,5.69942e-05,8.97082e-05,7.74245e-05,0.000112431,3.11657e-05,0,7.44295e-05,0.000132317,3.22235e-05,0.000224175,0.000319084,6.95822e-05,0.000102895,0,0.000131799,0,0.000213054,0.000120839,0.000146753,6.26832e-05,0.000104136,0,0.000160229,0.000103026,8.38524e-05,5.73343e-05,0.000445605,8.48765e-05,0.000253281,0.000106826,5.09294e-05,0.000122102,7.03686e-05,8.17958e-05,9.40998e-05,8.86129e-05,8.92827e-05,8.32434e-05,3.00405e-05
"RIBOSYN2-PWY: flavin biosynthesis I (bacteria and plants)",0.000208432,0.000186914,0.000258311,8.55842e-05,0.000275153,0.000208257,0.0002767,0.000237433,0.000158162,0.000259347,0.000138389,0.00021564,0.000140999,0.000256503,0.000270699,0.000154723,0.000281643,0.000243303,0.000247673,9.28141e-05,0.000122318,0.000283102,6.78172e-05,0.000113524,0.000173117,0.000225231,0.000318621,0.000120704,0.000227742,0.000163877,0.0003038,0.000234777,0.000399132,0.000298328,0.000329716,0.000204658,0.000176194,0.000316205,0.000144049,8.88189e-05,0.000112734,0.000180936,0,0.000141395,0.000245679,0.000325539,0.0001587,0.000300331,0.000138189,0.000160452,0.000121916,6.4448e-05,0.000245798,0.000136237,0.000104026,0.000138706,0.000404308,0.000212657,0,0.000237099,0.000118498,0.000381184,0.000168275,0.000230062,0.000162659,0.000131797,0.000192256,0.000165641,0.000258732,0,0.000297604,0.000166523,0.00011207,0.000179214,0.000131826,0.0001011,0.00022702,0,0.000184032,0.000186108,0.00012649,0.000145915,0.000258126,0.000301596,0.000212678,0.000161677,0.000308749,0.000164258,0.000207048,0.000151,0.000148389,0.000127406,0.000333853,0.000376321,0.000303452,6.42835e-05,0.000248396,0.000295265,0.000271525,0.000159204,0.000165584,0.000327027,0.000253909,0.000163728,0.000145346,7.08788e-05,0.000139069,0.000203551,0.000149172,0.000101983,0.000240162,0.000337783,0.000193475,0.000220805,0.000241323,0.000368868,0.000238593,0.000210969,0.000223896,7.98507e-05,0.000255298,0.000131628,0.000154148,0.00021404,0.000230044,0.000245002,0.00014995,0.000146224,0.000204054,0.000118209,5.14087e-05,0.000227402,0.000241563,0.000175751,0.00022958,0.000207281,0.00037182,0,0.000136498,0.000274884,0.000321745,0.000187365,0.000202638,0.000518566,8.22334e-05,0.000158238,0.000241445,0.000192867,0.000210558,0.000212463,0.000325012,0.000207459,0.000115233,0.000319591,0.000201081,9.51575e-05
"RUMP-PWY: formaldehyde oxidation I",0,0,0,0,0,0,0,0,0,0,0,0,0,0,0,0,4.51983e-05,0,0,4.73725e-05,0,0,0,0,0,0,0,2.85886e-05,4.14932e-05,0,0,0,0,0,0,0,0,0,0,0,0,0,0,0,3.89457e-05,0,0,0,0,0,0,0,0,0,0,0,0,0,0,3.08386e-05,0,0,0,0,0,0,7.88221e-05,0,0,0,0,0,0,0,0,0,0,0,0,0,3.07384e-05,0,0,0,0,0,0,3.70407e-05,0,0,0,0,0,3.93783e-05,0,0,0,0,0,0,0,0,0,0,0,0,0,0,0,0,0,0,4.57163e-05,0,0,0,0,0,0,0,0,0,0,0,0,0,0,0,0,0,0,0,0,0,0,3.41501e-05,0,0,0,0,0,0,0,0,0,0,0,0,0,0,0,0,0,0,0,0
"SALVADEHYPOX-PWY: adenosine nucleotides degradation II",6.10651e-05,2.93876e-05,8.20852e-05,0,0,0.000106436,3.34783e-05,0.000107135,0.000325756,6.16642e-05,0,0.000229462,4.18045e-05,9.1103e-05,9.62018e-05,7.88547e-05,5.90817e-05,8.69439e-05,0,8.69302e-05,0,6.2909e-05,0,0,0,0,0.000159116,0.000124031,8.06115e-05,0.000550651,4.81412e-05,6.16743e-05,9.52828e-05,4.13558e-05,0.000260814,0,0.00013699,0.000149583,0,0,0.000206808,4.03109e-05,3.3189e-05,0.000355905,0.000114766,2.57959e-05,0,8.66702e-05,0,0.000105263,0,0,0.000441239,0,8.04167e-05,0.000451292,0.000300586,0.000260565,0.000338127,0.000135001,0,0,0.000110628,5.03939e-05,3.74299e-05,0.00025012,0.000137574,3.87291e-05,0,0,0,0,0.000288947,0,0,0.000299454,0,0,7.77299e-05,8.97969e-05,8.69068e-05,0,7.72796e-05,0.000169831,0,0,0.000145111,8.49948e-05,0,7.56231e-05,0.000501413,3.81438e-05,4.27389e-05,8.01237e-05,7.89158e-05,0,0,5.15995e-05,0.000141362,3.567e-05,0,0.000403484,0,4.9112e-05,8.08514e-05,0,7.05814e-05,0.000312665,0.000127767,0,0.000124656,0.000185612,9.85504e-05,0,7.88733e-05,5.50839e-05,6.07646e-05,0,6.57598e-05,7.50545e-05,0,0,8.39963e-05,9.20172e-05,2.88386e-05,0,0.000518375,0.000272773,0,2.92188e-05,0,4.69638e-05,0,0.000489901,6.41636e-05,8.75548e-05,9.67267e-05,2.52288e-05,0,0,0.000122417,3.46292e-05,3.55535e-05,0,4.17785e-05,0,0.00016112,0,0,0,0,0,0,6.16589e-05,0,0
"SER-GLYSYN-PWY: superpathway of L-serine and glycine biosynthesis I",0.000248572,0.000214505,0.000229652,0.000229015,0.000337853,0.000367571,0.000436461,0.00049005,0.000319438,0.00019435,0.000111866,0.000202252,9.8822e-05,0.000270019,0.000479691,0.000349313,0.000332006,0.000417856,0.000209358,0.000129128,0.000217418,0.000260134,0.000257321,0.00010278,0.000188035,0.000349687,0.00057552,0.000444541,0.000325025,0.000344847,0.000360345,0.000277244,0.000451545,0.000330248,0.000458624,0.000233024,0.000236985,0.000287823,0.000475936,9.70838e-05,0.0002537,0.000323574,0.000136687,0.000215152,0.000303717,0.00045777,7.16958e-05,0.000278737,0.000242962,0.000542577,0.000458505,0.000256356,0.000274534,0.000262867,0.00018928,0.000278322,0.000378356,0.000398202,0.000318955,0.000225065,0.00016203,0.000389598,0.000234775,0.00032289,0.000117569,0.00017025,0.000245606,0.000306584,0.000269472,0.000145855,0.000218894,0.000180874,0.000214942,0.000150676,0.000123494,0.00032594,0.000256249,0,0.000146751,0.000449853,0.000428633,0.000210465,0.000311418,0.000549,0.000216083,9.96541e-05,0.000389031,0.000306386,0.000166882,0.000456001,0.000256949,0.00045332,0.00021473,0.000386788,0.000429067,0.000123552,0.000307166,0.000393113,0.000319711,0.000107814,0.0003102,0.000395802,0.000314865,0.000251086,0.000237404,0.000211621,0.000180432,0.000322679,0.000409539,5.85575e-05,0.000599291,0.000349863,0.00032475,0.000197924,9.36116e-05,0.000400037,0.000488981,0.000335427,0.00037148,0.000133695,0.000352477,0.000141984,0.000118937,0.000300687,0.000252975,0.000100298,0.00037748,0.00029426,0.00015236,0.000204537,0.000149938,0.000277575,8.41838e-05,0.000339625,0.000188177,0.000235575,0.000285128,0.000164581,0,0.000230887,0.000254166,0.00017564,0.000229274,0.000441208,0.000203811,0.000197881,0.000220578,0.000173914,0.000274623,0.000267101,0.00010527,0.000210668,0.000103378,0.000304183,0.000290254,0.000191464
"SO4ASSIM-PWY: assimilatory sulfate reduction I",0,0,0,0,0,0,0,0,0.000204171,0,0,5.9518e-05,0,0,0,0,0,0,0,3.24101e-05,0,0,0,0,0,0,8.07938e-05,9.00554e-05,0,0.000353079,0,3.79246e-05,0,0,0,4.89849e-05,0.000170032,0,0.000182851,0,5.30607e-05,0,0,0.00018588,0,0,0,0,4.06571e-05,0,0,0,0.000228746,0,0,0.0002149,0,0.000157999,0,3.27294e-05,4.79943e-05,0,0,0,0,0.000162975,0,0,0,0,0,0,0.00016596,0,0,0.000179014,0,0,0.000115699,0,0,0,0,0,0,0,0,0,0,0,0.000342713,0,0,4.14113e-05,0,7.2977e-05,0,0,0,1.03919e-05,0,0,0,0,0,0,0,0.000196227,7.69209e-05,0,0,4.27927e-05,0,3.61911e-05,0,0,0.000227245,4.41664e-05,0,7.30061e-05,0,0,0,0,7.17542e-05,0,0.000217763,0.000339302,3.59932e-05,0,0,3.46877e-05,0,0.0002149,0,0.000188429,0,0,0,0,5.65777e-05,0,2.35087e-05,0,0,0,2.33405e-05,0,0,0,0,0,4.49074e-05,0,3.61424e-05,0
"SUCSYN-PWY: sucrose biosynthesis I (from photosynthesis)",0,0,0,0,0,0,0,0,0,0,0,0,0,0,0,0,0,0,0,0,0,0,0,0,0,0,0,0,0,0,0,0,0,0,0,0,0,0,0,0,0,0,0,0,0,0,0,0,0,0,0,0,0,0,0,0,0,0,0,0,0,0,0,0,0,0,0,0,0,0,0,0,0,0,0,0,0,0,0,0,0,0,0,0,0,0,0,0,0,0,0,0,0,0,0,0,0,0,0,0,0,0,0,0,0,0,0,0,0,0,0,0,0,0,0,0,0,0,0,0,0,0,0,0,0,0,0,0,0,0,0,0,0,0,0,0,0,0,0,0,0,0,0,0,0,0,0,0,0,0,0,0,0,0,0,0
"SULFATE-CYS-PWY: superpathway of sulfate assimilation and cysteine biosynthesis",0,0,0,0,0,0,0,0,0.000270939,0,0,9.57052e-05,0,0,0,0,0,0,0,4.60437e-05,0,0,0,0,0,0,0.000155048,0.000129876,0,0.000312299,0,7.01487e-05,0,0,0,8.51139e-05,0.000209265,0,0.00026316,0,9.16016e-05,0,0,0.000219507,0,0,0,0,7.72554e-05,0,0,0,0.000281669,0,0,0.00024814,0,0.000238118,0,6.1843e-05,7.11605e-05,0,0,0,0,0.000150411,0,0,0,0,0,0,0.000203566,0,0,0.000253081,0,0,0.000128215,0,0,0,0,0,0,0,0,0,0,0,0.000319458,0,0,8.28055e-05,0,0,0,0,0,2.06284e-05,0,0,0,0,0,0,0,0.000258182,0.000137789,0,0,8.34331e-05,0,6.61916e-05,0,0,0.000322991,8.6078e-05,0,7.41086e-05,0,0,0,0,0.000117097,0,0.000265558,0.000339686,6.45895e-05,0,0,6.74999e-05,0,0.000262693,0,0.000212154,0,0,0,0,0,0,4.73506e-05,0,0,0,4.54209e-05,0,0,0,0,0,6.75896e-05,0,6.77132e-05,0
"TCA-GLYOX-BYPASS: superpathway of glyoxylate bypass and TCA",0,0,0,0,0,0,0,0,0.000191687,0,0,0,0,0,0,0,0,0,0,0,0,0,0,0,0,0,0,4.6146e-05,0,0.000326316,0,0,0,0,0,0,8.03937e-05,0,0.000124299,0,3.66617e-05,0,0,0.000274366,0,0,0,0,0,0,0,0,0.000135324,0,0,0.000303654,0,9.68947e-05,0,0,0,0,0,0,0,7.6218e-05,0,0,0,0,0,0,0.000118476,0,0,0.00016614,0,0,7.91216e-05,0,0,0,0,0,0,0,0,0,0,0,0.000206635,0,0,0,0,0,0,0,0,5.11638e-05,0,0,0,0,0,0,0,9.03615e-05,3.40013e-05,0,0,5.60077e-05,0,0,0,0,8.68886e-05,0,0,0,0,0,0,0,0,0,0.000116948,0.000194456,0,0,0,0,0,0.000275442,0,0,0,0,0,0,3.91462e-05,0,0,0,0,0,0,0,0,0,0,0,0,0,0,0
"TCA: TCA cycle I (prokaryotic)",0,0,0,0,0,0,0,0,0.000208366,0,0,0,0,0,0,0,0,0,0,0,0,0,0,0,0,0,0,6.15374e-05,0,0.000306573,0,0,0,0,0,0,0.000106612,0,0.000144963,0,3.62697e-05,0,0,0.000286799,0,0,0,0,0,0,0,0,0.000122382,0,0,0.000318963,0,9.11487e-05,0,0,0,0,0,0,0,9.83389e-05,0,0,0,0,0,0,0.000121969,0,0,0.000153898,5.53295e-05,0,8.00289e-05,0,0,0,0,0,0,0,0,0,0,0,0.000185828,0,0,0,0,0,0,0,0,6.41483e-05,0,0,0,0,0,0,0,8.23424e-05,3.07066e-05,0,0,5.34244e-05,0,0,0,0,0.000112172,0,0,0,0,0,0,0,0,0,0.000124167,0.000179362,0,0,0,0,0,0.00027494,0,0,0,0,0,0,4.35462e-05,0,0,0,0,0,0,0,0,0,0,0,0,0,0,0
"THISYNARA-PWY: superpathway of thiamine diphosphate biosynthesis III (eukaryotes)",0.000169505,6.7137e-05,0.000179794,0,8.75288e-05,9.26566e-05,0.000242672,0,9.25844e-05,9.76201e-05,0.00021176,6.54706e-05,0,0.0001989,0.000305688,0.000104711,5.36023e-05,4.33062e-05,0.000162667,3.99465e-05,0,0.000224993,0,0,0,0.000125565,4.35526e-05,0.000284193,0.000249862,0,0.000274399,0.000175624,4.8229e-05,0.000121596,0.000124993,0.000142944,0.000140186,0.000265057,9.09289e-05,5.26241e-05,3.85938e-05,5.23314e-05,0,0.000164505,0.000106054,0.000220733,0,0.000164818,0,0.000261458,6.90659e-05,0.000107985,0.000147897,0,3.15993e-05,1.77606e-05,7.19901e-05,0.000121269,0.000307157,0.000114727,9.5088e-05,0.000234036,0.000111297,8.76201e-05,0,3.83934e-05,0.000144838,5.33477e-05,8.52969e-05,7.27696e-05,0.000117193,0.000167775,4.95722e-05,5.09152e-05,0,4.54127e-05,9.3552e-05,0,8.17055e-05,0.000226067,0.000133106,6.31283e-05,0.000119797,0,0.00010349,0.0001264,0.000177248,7.2089e-05,7.73397e-05,0.000222015,2.61146e-05,0.000137964,0.000187888,0.000173841,0.000157039,0,0.000216643,9.51429e-05,0,2.95682e-05,0.000134603,0,0.000138124,6.79621e-05,0.000104372,8.66263e-05,4.84582e-05,0.000119145,9.30211e-05,5.33304e-05,0.000146598,0.000201699,8.14967e-05,0.00013525,9.52913e-05,0.000264577,7.04872e-05,0,0.00017747,0,6.92713e-05,0,0.000164477,0.000219425,0.000126949,0,0.000163162,0,0.00012772,4.87895e-05,7.43255e-05,0.000231398,7.28642e-05,0,0.000103919,0.000137417,4.602e-05,0,7.51778e-05,0,0.000211865,6.51268e-05,0.000181462,8.88445e-05,0.000156553,8.77183e-05,9.47276e-05,0.000109351,0.000176461,0,0.000194681,0,6.15755e-05,0.000299454,0.000226145,4.2366e-05
"THREOCAT-PWY: superpathway of L-threonine metabolism",0,0,0,0,0,0,0,0,2.26236e-05,0,0,0,0,0,0,0,0,0,0,0,0,0,0,0,0,0,0,4.32227e-05,0,0.000112273,0,0,0,0,0,0,5.23857e-05,0,0,0,0,0,0,7.87726e-05,0,0,0,0,0,0,0,0,0.000101942,0,3.07683e-05,0,0,0,0,0,0,0,0,0,0,0,0,0,0,0,0,0,0,0,0,0,0,0,0,0,0,0,0,0,0,0,0,0,0,0,0,0,0,0,0,0,0,0,0,0,0,0,0,0,0,0,0,3.33135e-05,0,0,0,0,0,0,0,0,0,0,0,0,0,0,0,0,0,0,3.17819e-05,0,0,0,0,0,0,2.03515e-05,0,0.000124348,0,0,0,0,4.56005e-05,0,0,0,0,0,0,0,0,0,0,0,0,0,0,0
"THRESYN-PWY: superpathway of L-threonine biosynthesis",0.000282441,0.000148638,0.000252106,0.000129974,0.000233305,0.000399811,0.00042913,0.000333289,0.000434217,0.000173222,0.000106371,0.000261395,0.000152526,0.000245077,0.000373065,0.000170595,0.000373154,0.000389022,0.000141236,0.000204905,8.86898e-05,0.00031742,6.76841e-05,9.10368e-05,5.35454e-05,0.000293072,0.000241539,0.000473218,0.00033172,0.000402825,0.000342652,0.000334441,0.000444862,0.000285939,0.000344752,0.000186917,0.00026211,0.000244631,0.000366886,0.000222574,0.000180586,0.000250446,0.000122861,0.00029577,0.000263985,0.000349647,0,0.000353014,0.00011995,0.000520895,0.00030341,0.000311842,0.000319833,0.000200816,0.000154433,0.000367794,0.000359171,0.000442336,0.000274225,0.000144499,0.00021465,0.000302971,0.000182959,0.000202819,0.000146469,0.000209422,0.000278658,0.00031232,0.000296707,0.000162868,0.000193495,0.00017238,0.000217767,0.000190155,0.000124757,0.000366539,0.000289659,7.7876e-05,0.000228605,0.000463931,0.000358072,0.00020023,0.000322203,0.000339457,0.000109778,0.000213261,0.000465667,0.000313026,0.000151562,0.000572449,0.000317491,0.000366253,0.000169388,0.000386306,0.000405277,5.89571e-05,0.000157018,0.000361264,0.00023068,0.00017548,0.000329999,0.000301197,0.000184601,0.000203192,0.000206716,9.31662e-05,0.000174968,0.000349553,0.000282413,4.70854e-05,0.000673171,0.000342486,0.000330362,0.000169838,0.00022449,0.000326221,0.000349181,0.000338765,0.000278111,0.000145533,0.000206774,0.000176471,9.92758e-05,0.000211854,0.00020948,8.2795e-05,0.000408955,0.000351602,0.000152891,5.91797e-05,0.000111788,0.000203611,0.000153536,0.000368095,0.000180799,0.000338886,0.000218095,0.000216203,5.39205e-05,0.000219305,0.000266918,0.000158666,0.000218089,0.000491182,0.000205434,0.000362669,0.000174468,0.000215982,0.000315966,0.000156557,0.000177547,0.000189745,0.000178752,0.000329373,0.000113849,0.000140874
"TRNA-CHARGING-PWY: tRNA charging",0.000469826,0.000345454,0.000491105,0.000450618,0.000550657,0.000423651,0.000489907,0.000472844,0.000430563,0.000385983,0.00035203,0.000523058,0.000414628,0.000562155,0.000597004,0.00064446,0.000487158,0.000419981,0.000503137,0.000330765,0.000344433,0.000483108,0.000291351,0.000343632,0.00037915,0.000531373,0.00043806,0.000491575,0.000470098,0.000360729,0.000556778,0.00041056,0.000447579,0.000549255,0.000491766,0.000379284,0.000260657,0.000493943,0.000363381,0.000566277,0.000320304,0.000548801,0.000524342,0.000354189,0.000282452,0.000556094,0.000390886,0.000478307,0.000363378,0.000489919,0.000558831,0.000474759,0.000385101,0.000547627,0.000401126,0.000401312,0.000372959,0.000434935,0.000500243,0.000382777,0.000303809,0.000662675,0.000320966,0.000382822,0.000368158,0.000251807,0.000417098,0.000495268,0.000472466,0.000458237,0.000344861,0.000333866,0.000323115,0.000312588,0.00023471,0.00036266,0.000392099,0.000481147,0.000265469,0.000516953,0.000384576,0.000307703,0.000431938,0.000570141,0.000488271,0.000289384,0.000551707,0.00033873,0.00043928,0.000561651,0.000331368,0.000410806,0.000453292,0.000422073,0.000537511,0.00025183,0.000464354,0.000488885,0.000398878,0.000379703,0.00046329,0.000500688,0.000378995,0.00047735,0.000332726,0.000343206,0.000377734,0.000414058,0.000523362,0.000296125,0.000574639,0.0005399,0.00052433,0.00033806,0.000384356,0.000604311,0.000427781,0.000422137,0.000431764,0.000417331,0.000447272,0.000314933,0.000354049,0.000372916,0.00036422,0.000458982,0.000395893,0.000391362,0.000339818,0.000300874,0.000280146,0.000383447,0.000381347,0.000305805,0.00034081,0.000349159,0.000421141,0.000360484,0.000418753,0.00052159,0.00037306,0.00039182,0.000364643,0.000502384,0.000343937,0.000384711,0.000317907,0.000405357,0.000423818,0.000308533,0.000287736,0.00041545,0.000390483,0.000368835,0.00043174,0.000307043
"TYRFUMCAT-PWY: L-tyrosine degradation I",0,0,0,0,0,0,0,0,0,0,0,0,0,0,0,0,0,0,0,0,0,0,0,0,0,0,0,0,0,0,0,0,0,0,0,0,0,0,0,0,0,0,0,0,0,0,0,0,0,0,0,0,0,0,0,0,0,0,0,0,0,0,0,0,0,0,0,0,0,0,0,0,0,0,0,0,0,0,0,0,0,0,0,0,0,0,0,0,0,0,0,0,0,0,0,0,0,0,0,0,0,0,0,0,0,0,0,0,0,0,0,0,0,0,0,0,0,0,0,0,0,0,0,0,0,0,0,0,0,0,0,0,0,0,0,0,0,0,0,0,0,0,0,0,0,0,0,0,0,0,0,0,0,0,0,0
"UBISYN-PWY: superpathway of ubiquinol-8 biosynthesis (early decarboxylation)",0,0,0,0,0,0,0,0,0,0,0,0,0,0,0,0,0,0,0,0,0,0,0,0,0,0,0,0,0,4.85355e-05,0,0,0,0,0,0,0,0,0,0,0,0,0,0,0,0,0,0,0,0,0,0,1.70396e-05,0,0,5.98417e-05,0,7.76353e-06,0,0,0,0,0,0,0,7.13087e-06,0,0,0,0,0,0,0,0,0,0,0,0,0,0,0,0,0,0,0,0,0,0,0,0,3.01451e-05,0,0,0,0,0,0,0,0,0,0,0,0,0,0,0,0,0,0,0,0,0,0,0,0,0,0,0,0,0,0,0,0,0,0,0,0,0,0,0,0,0,0,5.78998e-05,0,0,0,0,0,0,0,0,0,0,0,0,0,0,0,0,0,0,0,0,0,0
"UDPNACETYLGALSYN-PWY: UDP-N-acetyl-D-glucosamine biosynthesis II",0,0,0,0,0,0,0,0,0,0,0,0,0,0,0,0,0,0,0,0,0,0,0,0,0,0,0,0,0,0,0,0,0,0,0,0,0,0,0,0,0,0,0,0,0,0,0,0,0,0,0,0,0,0,0,0,0,0,0,0,0,0,0,0,0,0,0,0,0,0,0,0,0,0,0,0,0,0,0,0,0,0,0,0,0,0,6.30111e-05,0,0,0,0,0,0,0,9.48065e-05,0,0,0,0,0,0,0,0,0,0,0,0,0,0,0,0,0,0,0,0,0,0,0,0,0,0,0,0,0,0,0,0,0,0,0,0,0,0,0,0,0,0,0,0,0,0,0,0,0,0,0,0,0,0,0,0,0,0,0,0,0
"UDPNAGSYN-PWY: UDP-N-acetyl-D-glucosamine biosynthesis I",0.000181972,0.000315883,6.45875e-05,5.47087e-05,0.000350437,0.000409598,0.000318629,0.000272079,0.000476352,0,0.000156217,0.000281809,8.17869e-05,0.000281446,6.96401e-05,0.000200618,0.0003537,0.000241164,0.00013648,0.000257515,0.000185156,0.000145853,0.000106777,0.000138917,0.000168501,0.000266046,6.12873e-05,0.000481881,0.000208935,0.000346794,0.0002269,8.7219e-05,0,0.0001434,0,0.000315311,0.000139699,0.000117718,0.000223342,0.000105376,0.000275044,0.000272293,0.000287167,0.000301008,0.000147671,0.000231045,0.000105785,0.000226935,0.000193,0.000486282,0.000346528,0.000262104,0.000299891,0.000229965,0.000153304,0.000336534,0,0.000451508,0.000184657,0.000266373,0.000242988,0,0.00017984,7.01584e-05,0.000185073,0.000152962,0.000261672,0.00027369,0.000260288,0.000248709,9.37988e-05,5.06525e-05,0.000225088,0,0,0.000438986,0.00020343,0.000261475,9.25428e-05,0.000363954,0.000400579,9.35937e-05,9.14255e-05,0.000100945,0.000216386,0.000128947,0.000451263,0.000306477,0,0.000518503,0.000313628,0.000329881,0,0.000235676,0.000317117,0.000133797,4.64908e-05,7.97117e-05,9.66347e-05,0.000202674,0.000375878,0.000108915,4.73736e-05,0.00023455,0.000271473,0.000128039,0.000116946,0.000368247,0.000338013,0,0.000648129,0.000247234,0.000357116,9.33184e-05,0.000164037,0.000266587,0.000178265,0.000164343,0.000116522,0.000150774,0.000100114,0.000189456,4.0864e-05,0.000287121,5.4981e-05,9.71191e-05,0.000174336,0.000418181,0.000102961,0,0.000131958,0.000187649,6.10679e-05,0.000255587,0,0.000268214,0,4.74962e-05,8.6987e-05,6.23474e-05,0.000247981,0.000245951,0.000147473,0,0.000107443,7.81736e-05,0.000244059,0.000119644,0.000147145,0.000127163,0,0.00017206,6.18362e-05,0.00027791,0.000136109,0.000185128
"URDEGR-PWY: superpathway of allantoin degradation in plants",0,0,0,0,0,0,0,0,0,0,0,0,0,0,0,0,0,0,0,0,0,0,0,0,0,0,0,0,0,4.65684e-05,0,0,0,0,0,0,0,0,0,0,0,0,0,0,0,0,0,0,0,0,0,0,9.67743e-06,0,0,1.50055e-05,0,7.50913e-06,0,0,0,0,0,0,0,0,0,0,0,0,0,0,0,0,0,9.66527e-06,0,0,0,0,0,0,0,0,0,0,0,0,0,0,1.93133e-05,0,0,0,0,0,0,0,0,0,0,0,0,0,0,0,0,0,0,0,0,0,0,0,0,0,0,0,0,0,0,0,0,0,0,0,5.37772e-06,9.50602e-06,0,0,0,0,0,8.95313e-06,0,0,0,0,0,0,0,0,0,0,0,0,0,0,0,0,0,0,0,0,0,0
"URSIN-PWY: ureide biosynthesis",0,0,0,0,0,0,0,0,0,0,0,0,0,0,0,0,0,0,0,0,0,0,0,0,0,0,0,3.58667e-05,0,0,0,0,0,0,0,0,0,0,0,0,0,0,0,0,0,0,0,0,0,0,0,0,0,0,0,0,0,0,0,0,0,0,0,0,0,0,0,0,0,0,0,0,0,0,0,0,0,0,0,0,0,0,0,0,0,0,0,0,0,0,0,0,0,0,0,0,0,0,0,0,0,0,0,0,0,0,0,0,0,0,0,0,0,0,0,0,0,0,0,0,0,0,0,0,0,0,0,0,0,0,0,0,0,6.95254e-05,0,0,0,0,0,0,0,0,0,0,0,0,0,0,0,0,0,0,0,0,0,0
"VALDEG-PWY: L-valine degradation I",0,0,0,0,0,0,0,0,0,0,0,0,0,0,0,0,0,0,0,0,0,0,0,0,0,0,0,0,0,0,0,0,0,0,0,0,0,0,0,0,0,0,0,0,0,0,0,0,0,0,0,0,0,0,0,0,0,0,0,0,0,0,0,0,0,0,0,0,0,0,0,0,0,0,0,0,0,0,0,0,0,0,0,0,0,0,0,0,0,0,0,0,0,0,0,0,0,0,0,0,0,0,0,0,0,0,0,0,0,0,0,0,0,0,0,0,0,0,0,0,0,0,0,0,0,0,0,0,0,0,0,0,0,0,0,0,0,0,0,0,0,0,0,0,0,0,0,0,0,0,0,0,0,0,0,0
"VALSYN-PWY: L-valine biosynthesis",0.000608676,0.000428235,0.00065763,0.000583844,0.00068609,0.000580731,0.000703208,0.000696173,0.000776008,0.000503378,0.000331255,0.000641629,0.000169404,0.000702072,0.000688943,0.000805666,0.000693197,0.000667714,0.000555441,0.000158407,0.000401165,0.000550087,0.000274565,0.000520176,0.00036244,0.000694861,0.000616076,0.000679637,0.000446122,0.000629528,0.000916694,0.000476469,0.000649175,0.00062951,0.000486661,0.000406471,0.000379928,0.000628138,0.000364569,0.000395106,0.000409059,0.000573241,0.000699703,0.000475809,0.000512604,0.000730071,0.00050603,0.000740245,0.000508694,0.000790169,0.000697533,0.000555636,0.000568732,0.000536571,0.000610995,0.000496524,0.000516504,0.000785155,0.000672059,0.000419925,0.000330315,0.000733792,0.000480429,0.000638782,0.000371999,0.000413088,0.000531412,0.000715965,0.000469435,0.000435007,0.000285862,0.000439107,0.000426299,0.000303541,0.000299992,0.000589598,0.000362385,8.40685e-05,0.000295186,0.000803478,0.000597371,0.000351285,0.000472735,0.00069222,0.000510492,0.00036629,0.000743185,0.00056744,0.000572813,0.00091003,0.000614833,0.000642488,0.000688124,0.000718087,0.000609479,0.00031774,0.000604164,0.000798575,0.000521427,0.00044823,0.00060592,0.000570655,0.000591816,0.000717167,0.000439617,0.000220809,0.000574392,0.000593076,0.000710349,0.000283009,0.000883642,0.00068031,0.000684019,0.000419364,0.000414394,0.000856056,0.000497592,0.000588288,0.000563077,0.00030318,0.000614126,0.000226671,0.000329045,0.000547198,0.000496384,0.000336035,0.000542125,0.000472156,0.000385426,0.000354875,0.000260551,0.000500162,0.000555952,0.000449475,0.000427797,0.000398452,0.000527411,0.00038651,0.000564869,0.000544814,0.000424807,0.000579705,0.000588767,0.000492557,0.00041962,0.000441476,0.000436535,0.000306155,0.000399284,0.000628781,0.00034016,0.00029644,0.000493667,0.000382002,0.000472704,0.000323129
