"","SRR6915103_500K_merged_Abundance","SRR6915104_500K_merged_Abundance","SRR6915105_500K_merged_Abundance","SRR6915106_500K_merged_Abundance","SRR6915107_500K_merged_Abundance","SRR6915108_500K_merged_Abundance","SRR6915109_500K_merged_Abundance","SRR6915110_500K_merged_Abundance","SRR6915111_500K_merged_Abundance","SRR6915112_500K_merged_Abundance","SRR6915114_500K_merged_Abundance","SRR6915117_500K_merged_Abundance","SRR6915125_500K_merged_Abundance","SRR6915126_500K_merged_Abundance","SRR6915127_500K_merged_Abundance","SRR6915128_500K_merged_Abundance","SRR6915129_500K_merged_Abundance","SRR6915130_500K_merged_Abundance","SRR6915131_500K_merged_Abundance","SRR6915132_500K_merged_Abundance","SRR6915133_500K_merged_Abundance","SRR6915134_500K_merged_Abundance","SRR6915135_500K_merged_Abundance","SRR6915136_500K_merged_Abundance","SRR6915147_500K_merged_Abundance","SRR6915149_500K_merged_Abundance","SRR6915150_500K_merged_Abundance","SRR6915151_500K_merged_Abundance","SRR6915152_500K_merged_Abundance","SRR6915153_500K_merged_Abundance","SRR6915155_500K_merged_Abundance","SRR6915156_500K_merged_Abundance","SRR6915167_500K_merged_Abundance","SRR6915168_500K_merged_Abundance","SRR6915169_500K_merged_Abundance","SRR6915170_500K_merged_Abundance","SRR6915171_500K_merged_Abundance","SRR6915172_500K_merged_Abundance","SRR6915173_500K_merged_Abundance","SRR6915174_500K_merged_Abundance","SRR6915175_500K_merged_Abundance","SRR6915176_500K_merged_Abundance","SRR6915177_500K_merged_Abundance","SRR6915178_500K_merged_Abundance","SRR6915179_500K_merged_Abundance","SRR6915180_500K_merged_Abundance","SRR6915181_500K_merged_Abundance","SRR6915182_500K_merged_Abundance","SRR6915183_500K_merged_Abundance","SRR6915184_500K_merged_Abundance","SRR6915185_500K_merged_Abundance","SRR6915186_500K_merged_Abundance","SRR6915195_500K_merged_Abundance","SRR6915196_500K_merged_Abundance","SRR6915197_500K_merged_Abundance","SRR6915198_500K_merged_Abundance","SRR6915199_500K_merged_Abundance","SRR6915200_500K_merged_Abundance"
"UNMAPPED",0.435677,0.39194,0.565602,0.293947,0.42513,0.461147,0.463921,0.496091,0.250887,0.459905,0.380128,0.434156,0.328186,0.38944,0.509735,0.490867,0.518223,0.60729,0.4411,0.476208,0.529051,0.428963,0.507819,0.481931,0.449327,0.570259,0.400868,0.53837,0.513024,0.511043,0.442838,0.521664,0.403735,0.597635,0.425635,0.437307,0.378315,0.352873,0.381503,0.448613,0.439381,0.349908,0.514427,0.424811,0.438003,0.419956,0.551455,0.44466,0.500662,0.426557,0.504723,0.341024,0.436737,0.400659,0.521781,0.452306,0.50477,0.408458
"UNINTEGRATED",0.535978,0.574057,0.412327,0.656755,0.545123,0.508846,0.502421,0.474437,0.706576,0.509576,0.588017,0.534662,0.631281,0.581888,0.463211,0.479564,0.454355,0.373684,0.527047,0.498539,0.448732,0.543647,0.467949,0.488956,0.523239,0.407349,0.565163,0.441528,0.457141,0.462121,0.521837,0.451216,0.562239,0.384151,0.544751,0.527393,0.584348,0.610224,0.585897,0.518191,0.535358,0.622855,0.459361,0.539207,0.530045,0.546586,0.424044,0.527778,0.470758,0.543254,0.465964,0.628526,0.535885,0.56269,0.453355,0.514669,0.469057,0.564039
"12DICHLORETHDEG-PWY: 1,2-dichloroethane degradation",0,0,0,0,0,0,0,0,0,0,0,0,0,0,0,0,0,0,0,0,0,0,0,0,0,0,0,0,0,0,0,0,0,0,0,0,0,0,0,0,0,0,0,0,0,0,0,0,0,0,0,0,0,0,0,0,0,0
"1CMET2-PWY: folate transformations III (E. coli)",0.00013836,0.0002853,6.82824e-05,0.000226288,0.00029896,0.000283356,0.000233813,0.000273826,0.000433373,0.000187994,0.00026754,0.000280278,0.000177001,0.000220493,0.000254027,0.000292962,0.000179486,0.000164475,0.000201034,0.00012406,0.000185323,0.000227236,0.000235539,0.000184761,0.000182383,0.000198483,0.000274235,9.389e-05,0.000236818,0.000245325,0.000210821,0.000192034,0.000269924,0.000203707,0.000277521,0.000304004,0.000348637,0.000272817,0.000314765,0.00025786,0.000244765,0.000171416,0.000266226,0.00031357,0.000199082,0.000279445,0.000201163,0.000197669,0.000221863,0.000283063,0.000307439,0.000253458,0.00020296,0.000322019,0.000254876,0.00026508,0.000238784,0.000177786
"3-HYDROXYPHENYLACETATE-DEGRADATION-PWY: 4-hydroxyphenylacetate degradation",0,0,0,0,0,0,0,0,0,0,0,0,0,0,0,0,0,0,0,0,0,0,0,0,0,0,0,0,0,0,0,0,0,0,0,0,0,0,0,0,0,0,0,0,0,0,0,0,0,0,0,0,0,0,0,0,0,0
"AEROBACTINSYN-PWY: aerobactin biosynthesis",0,0,0,0,0,0,0,0,0,0,0,0,0,0,0,0,0,0,0,0,0,0,0,0,0,0,0,0,0,0,0,0,0,0,0,0,0,0,0,0,0,0,0,0,0,0,0,0,0,0,0,0,0,0,0,0,0,0
"ALL-CHORISMATE-PWY: superpathway of chorismate metabolism",0,0,0,0,0,0,0,0,0,0,0,0,0,0,0,0,0,0,0,0,0,0,0,0,0,0,0,0,0,0,0,0,0,0,0,0,0,0,0,0,0,0,0,0,0,0,0,0,0,0,0,0,0,0,0,0,0,0
"ALLANTOINDEG-PWY: superpathway of allantoin degradation in yeast",0,0,0,0,0,0,0,0,0,0,0,0,2.3712e-05,0,0,0,0,0,0,0,0,0,0,0,0,0,0,0,0,0,0,0,0,0,0,0,0,0,0,0,0,0,0,0,0,0,0,0,0,0,0,0,0,0,0,0,0,0
"ANAEROFRUCAT-PWY: homolactic fermentation",0.000191566,0.000171821,0.000146521,0.000241255,0.000109644,0.000107013,0.000262907,0.000120027,0.000282304,0.000117881,0.000169687,7.25055e-05,0.000240734,0.000172513,0.000177573,9.51373e-05,0.000107112,0.000111281,0.000207079,0.000158612,0.000111538,0.000174895,9.39677e-05,0.000173299,0.000132885,0.000100563,0.000169742,0.000136639,0,9.3108e-05,0.000147819,0.000168933,0.000211653,0.000149382,0.00020885,5.0007e-05,0.000167973,0.000268205,0.000195632,8.07193e-05,0.0001104,0,0,0.000242592,0.000178306,0.000170797,0,0.000165559,0.000237063,0.000192813,8.63208e-05,0.000115063,8.07501e-05,0.000254197,9.37592e-05,0.000116738,9.24233e-05,7.73852e-05
"ANAGLYCOLYSIS-PWY: glycolysis III (from glucose)",0.000337085,0.000317774,0.000254084,0.000296672,0.000336968,0.00038358,0.000351498,0.000346661,0.000433582,0.000386784,0.000291138,0.000401693,0.000284266,0.000304461,0.000282417,0.000382893,0.000299981,0.000257798,0.000390651,0.000269882,0.000272297,0.000284397,0.000241224,0.000407772,0.000379037,0.000312075,0.000374856,0.000234534,0.000361886,0.000319198,0.000411108,0.00030604,0.000371985,0.000224508,0.000339649,0.000407465,0.000449315,0.0003611,0.000367833,0.000373288,0.000241856,0.000404244,0.000381552,0.000337096,0.000277451,0.000264892,0.000330222,0.000235074,0.000330001,0.000357151,0.000389025,0.000365578,0.000307513,0.000539151,0.000326487,0.000385917,0.000217798,0.000215441
"ARG+POLYAMINE-SYN: superpathway of arginine and polyamine biosynthesis",0,0,0,0.000191164,0,0,6.98256e-05,0,0,0,5.67627e-05,0,0.0001932,0,0,0,0,0,0,0,0,0,0,0,6.84323e-05,0,0,0,0,7.67684e-05,8.80094e-05,0,0,6.21454e-05,0,0,0,0,0,6.51607e-05,0,0,0,0,8.83892e-05,8.62389e-05,0,5.02712e-05,0,0.000111282,0,0,0,0,6.12027e-05,0,0,0
"ARGDEG-PWY: superpathway of L-arginine, putrescine, and 4-aminobutanoate degradation",0,0,0,0,0,0,0,0,0,0,0,0,0,0,0,0,0,0,0,0,0,0,0,0,0,0,0,0,0,0,0,0,0,0,0,0,0,0,0,0,0,0,0,0,0,0,0,0,0,0,0,0,0,0,0,0,0,0
"ARGININE-SYN4-PWY: L-ornithine biosynthesis II",4.87091e-05,0.000119758,0,0.000137342,0.000112717,0.000141173,5.40458e-05,0.000168844,0.000219379,7.88814e-05,0.000147804,5.7618e-05,8.42424e-05,0.000170246,8.68962e-05,0,5.26892e-05,5.67077e-05,0.000137393,4.76173e-05,3.97685e-05,6.73686e-05,9.32392e-05,0,5.43563e-05,9.21981e-05,0.000102946,7.45336e-05,0,8.70563e-05,0.000180791,0,0.000164662,6.63001e-05,6.55925e-05,0.000103235,0.000140955,0.000196261,9.89061e-05,9.93006e-05,0.000171212,2.60388e-05,0,0.000165016,4.30743e-05,0.000198938,7.3359e-05,0.000153107,7.41889e-05,0.000179057,0,0.000112463,0.000143596,0.000109109,6.61309e-05,4.52647e-05,0.00014549,8.48255e-05
"ARGSYN-PWY: L-arginine biosynthesis I (via L-ornithine)",0.000353427,0.000345345,0.000401585,0.000283558,0.000397803,0.000376861,0.000403181,0.000327441,0.000286702,0.000380185,0.000321866,0.00044539,0.000261451,0.000198103,0.000430595,0.00016857,0.000393417,0.000181054,0.000376349,0.000284885,0.000333242,0.000245877,0.000365316,0.000318145,0.000385204,0.00032195,0.00038149,0.000227869,0.000408438,0.000327898,0.000425977,0.000459902,0.000291906,0.000202092,0.000352545,0.00047914,0.000407398,0.000330012,0.000440986,0.000487861,0.000209972,0.000339814,0.000311535,0.000364762,0.000353611,0.000261168,0.000263689,0.000171713,0.00036152,0.000287941,0.000439557,0.000251466,0.000358061,0.00055182,0.000283837,0.000338356,0.00032027,0.000338878
"ARGSYNBSUB-PWY: L-arginine biosynthesis II (acetyl cycle)",0.000356922,0.000361158,0.000409469,0.000294896,0.000391269,0.000376524,0.00039761,0.000333651,0.000273649,0.00038434,0.000324697,0.000426425,0.000255415,0.000183037,0.000407843,8.69258e-05,0.000376834,0.000193356,0.000387602,0.0002969,0.000281645,0.000228312,0.000374681,0.000328703,0.000381466,0.000327423,0.000402802,0.000216807,0.000453657,0.000340529,0.000398826,0.000469014,0.000296509,0.000213216,0.000357127,0.000470633,0.000404899,0.000308621,0.000433251,0.000512904,0.000199259,0.000307725,0.000320996,0.000383554,0.000363953,0.000280071,0.000238141,0.000137272,0.000388073,0.000284279,0.000446597,0.00024888,0.000376798,0.000541098,0.000296089,0.000332896,0.000335296,0.000367821
"ARO-PWY: chorismate biosynthesis I",0.000303075,0.000306015,0.000355503,0.000296408,0.000371088,0.000389036,0.000366084,0.000273066,0.000448662,0.000337699,0.000309486,0.000400324,0.000282805,0.000256781,0.000315798,0.00041192,0.000313722,0.000223115,0.000349985,0.000321883,0.000312109,0.000263084,0.00036248,0.000334719,0.000277835,0.000215186,0.000409142,0.000192054,0.000426516,0.000259855,0.000353911,0.000364055,0.000298628,0.00021614,0.000318589,0.000435629,0.000356683,0.000411554,0.000409099,0.000395004,0.000295506,0.000339979,0.000368375,0.000343211,0.000306465,0.000311447,0.000329235,0.000259784,0.000361599,0.00037027,0.000378518,0.000307304,0.000326551,0.000507335,0.000274586,0.000368248,0.000355073,0.000323388
"ASPASN-PWY: superpathway of L-aspartate and L-asparagine biosynthesis",0.000136922,0.00021166,0.000103992,0.000285273,0.00015067,3.97762e-05,0.000100238,0.000207657,0.000366925,0.000139413,0.000173302,0.000144004,0.000223563,0.000170128,9.31661e-05,0.000135078,0.000132939,0.000105729,0.000133382,0.000130134,0.000104138,0.000228966,9.21005e-05,8.95057e-05,0.000221537,9.61334e-05,6.74095e-05,7.91442e-05,5.49006e-05,0.000121475,0.000114143,3.78597e-05,0.000226873,8.96609e-05,0.000160426,0.000160785,0.000203169,0.000132961,0.000118067,0.000210707,0.000163317,0.00027045,4.98001e-05,0.000195233,0.000152084,0.000238325,7.9954e-05,0.0001496,0.000112212,9.12271e-05,6.02256e-05,0.000212798,0.000158154,9.96e-05,0.000141538,9.00919e-05,6.05175e-05,0.00018606
"AST-PWY: L-arginine degradation II (AST pathway)",0,0,0,3.88142e-05,0,0,0,0,0,0,0,0,2.38497e-05,0,0,0,0,0,0,0,0,0,0,0,0,0,0,0,0,0,0,0,0,0,0,0,0,0,0,0,0,0,0,0,0,0,0,0,0,0,0,0,0,0,0,0,0,0
"BIOTIN-BIOSYNTHESIS-PWY: biotin biosynthesis I",0,9.50063e-05,0,0.000139688,0,0,5.60321e-05,0,7.09074e-05,0,5.91421e-05,0,0.00014891,4.17538e-05,7.25053e-05,0,0,0,0,0,0,0,0,0,0,0,0,0,0,0,0,0,4.91143e-05,0,0,0,0,7.88355e-05,0,0,0,0,0,0,5.31838e-05,0,0,0,0,7.85182e-05,0,0,0,0,0,0,0,0
"BRANCHED-CHAIN-AA-SYN-PWY: superpathway of branched chain amino acid biosynthesis",0.000446713,0.000422711,0.000302531,0.000461538,0.000463889,0.000423877,0.000467127,0.000444693,0.000377068,0.000400412,0.000319352,0.000325074,0.000336043,0.000364143,0.000302879,0.000511367,0.000379214,0.000227184,0.000440633,0.000283592,0.000297918,0.000476307,0.00030864,0.000372363,0.000376046,0.000313215,0.000551765,0.000266763,0.000439857,0.000309688,0.000472419,0.000471914,0.000315371,0.000206752,0.000451105,0.000363298,0.000381889,0.000429997,0.000497446,0.000385093,0.000362402,0.000521246,0.000329901,0.000468744,0.000385217,0.000357862,0.000242646,0.000330685,0.000392745,0.00033571,0.000483201,0.000424555,0.000274373,0.000355209,0.00038966,0.000451333,0.000344509,0.000443138
"CALVIN-PWY: Calvin-Benson-Bassham cycle",0.000243344,0.000367393,0.000261206,0.000327289,0.000425237,0.00037184,0.000236158,0.000308784,0.000330204,0.000431376,0.000259762,0.000366594,0.000318054,0.000218279,0.0002098,0.000328384,0.000255675,0.000277413,0.000339507,0.000283256,0.000233643,0.000290881,0.00031297,0.000343848,0.000445555,0.00032242,0.000337638,0.000209138,0.000397521,0.000224286,0.000391012,0.000396368,0.000330387,0.00021218,0.000309613,0.000443564,0.000411836,0.000236611,0.000298325,0.000392394,0.00028728,0.000349027,0.000303984,0.000376533,0.000294686,0.00027743,0.000401997,0.000247274,0.000355678,0.000384621,0.000389922,0.000321027,0.000353579,0.000477465,0.000344866,0.000431476,0.000221978,0.000323141
"CARNMET-PWY: L-carnitine degradation I",0,0,0,2.08805e-05,0,0,0,0,0,0,0,0,0,0,0,0,0,0,0,0,0,0,0,0,0,0,0,0,0,0,0,0,0,0,0,0,0,0,0,0,0,0,0,0,0,0,0,0,0,0,0,0,0,0,0,0,0,0
"CATECHOL-ORTHO-CLEAVAGE-PWY: catechol degradation to &beta;-ketoadipate",0,0,0,0,0,0,0,0,0,0,0,0,0,0,0,0,0,0,0,0,0,0,0,0,0,0,0,0,0,0,0,0,0,0,0,0,0,0,0,0,0,0,0,0,0,0,0,0,0,0,0,0,0,0,0,0,0,0
"CENTFERM-PWY: pyruvate fermentation to butanoate",2.61927e-05,0,0,0,0,0,0,0,0,0,0,0,0,0,0,0,0,0,0,0,0,0,0,0,0,0,0,0,0,4.83818e-05,0,0,0,0,2.67953e-05,0,0,0,0,0,0,0,0,0,0,0,0,0,0,0,0,0,0,0,0,0,0,3.72054e-05
"CHLOROPHYLL-SYN: 3,8-divinyl-chlorophyllide a biosynthesis I (aerobic, light-dependent)",0,0,0,0,0,0,0,0,0,0,0,0,0,0,0,0,0,0,0,0,0,0,0,0,0,0,0,0,0,0,0,0,0,0,0,0,0,0,0,0,0,0,0,0,0,0,0,0,0,0,0,0,0,0,0,0,0,0
"CITRULBIO-PWY: L-citrulline biosynthesis",4.19934e-05,0.000122859,0,0.000171938,0,0.000127357,0.000209902,8.21365e-05,0.000291426,8.22616e-05,0.000117406,0.000143157,0.000131997,0.000164078,0.000138257,0,0,0,6.02703e-05,4.4596e-05,7.87504e-05,0,5.04278e-05,0,6.58569e-05,0.000126825,0.000195238,0.000100995,0,0.000164381,0.000120615,0,8.61866e-05,0.000188983,0.000117142,0.000113991,0.000177315,0.000169194,0.000121533,0.000168363,7.52548e-05,3.76363e-05,6.42259e-05,0.000194971,5.65233e-05,0.000215186,0,0.00013705,0,6.47839e-05,7.24366e-05,0.000108347,5.55363e-05,0.000110119,5.23169e-05,0,0.000181255,7.08947e-05
"COA-PWY-1: superpathway of coenzyme A biosynthesis III (mammals)",0.000278626,0.000243921,0.000140781,0.000188571,0.000217968,0.000306871,0.000269344,0.000229221,0.000335193,0.000260648,0.000259289,0.00032768,0.00015859,0.000252277,0.000155252,0.000329381,0.000250837,0.000148308,0.000309145,0.000262011,0.000181669,0.00015974,0.000178265,0.000204394,0.000211911,0.000162195,0.000306406,0.000151361,0.000298134,0.000281136,0.000320815,0.000306485,0.00025329,0.000193081,0.00030227,0.00037154,0.000342084,0.000239,0.000277722,0.000223198,0.000278195,0.000210544,0.000220386,0.000298955,0.000250995,0.000238126,0.000287558,0.000152609,0.000290564,0.00027875,0.000276042,0.000209256,0.000225361,0.000348813,0.00016805,0.000256955,0.000273755,0.000171456
"COA-PWY: coenzyme A biosynthesis I (prokaryotic)",0.000265666,0.000235918,0.00012023,0.000174585,0.000207086,0.00028769,0.000249998,0.000225403,0.000318227,0.00026937,0.000258129,0.00029366,0.00015515,0.000245129,0.00013419,0.000346686,0.00022771,0.000130881,0.00029687,0.000268373,0.000155572,0.000152203,0.000163276,0.000215976,0.000193038,0.000143254,0.000387589,0.000132,0.000292763,0.000271108,0.000316299,0.000271127,0.000251193,0.000201584,0.000311097,0.00035482,0.000346886,0.000236787,0.000256926,0.000189989,0.000281706,0.000201753,0.000203633,0.000322652,0.000231196,0.000240706,0.000277393,0.000156168,0.000276968,0.000288519,0.000263656,0.000216762,0.000201743,0.000319345,0.000177097,0.00026667,0.000249931,0.000171966
"COBALSYN-PWY: superpathway of adenosylcobalamin salvage from cobinamide I",3.07517e-05,0.000171842,6.96524e-05,8.52843e-05,6.16917e-05,0.000120838,0.00013407,0.00012885,9.77726e-05,3.45008e-05,8.97468e-05,0.000149932,0.000126076,5.41816e-05,3.34551e-05,0,0.000118319,5.83951e-05,4.85168e-05,0,4.81308e-05,3.7329e-05,4.38518e-05,7.36077e-05,6.05657e-05,3.08746e-05,7.77399e-05,3.64436e-05,7.6099e-05,5.3925e-05,0.000154618,2.67559e-05,9.4895e-05,2.75011e-05,5.28961e-05,0.000223023,8.62432e-05,6.96004e-05,0.000114815,6.82746e-05,0,2.64631e-05,6.91134e-05,0.000112227,6.37214e-05,4.9823e-05,0,7.44492e-05,0,0.000133796,0.000166819,9.9018e-05,7.40924e-05,0.000169566,0,3.6398e-05,8.14824e-05,4.51182e-05
"COLANSYN-PWY: colanic acid building blocks biosynthesis",7.02277e-05,0.000174141,5.50939e-05,0.000179864,5.13244e-05,8.23711e-05,7.14273e-05,0.000118024,0.000143704,9.89553e-05,0.00010987,0.000124421,0.000169184,0.000117939,0,6.16193e-05,8.20273e-05,9.65015e-05,0.000127181,7.72318e-05,9.08402e-05,0.000123764,8.75336e-05,0.000159854,6.88508e-05,9.74473e-05,0.000112879,5.33913e-05,5.94015e-05,5.64926e-05,0.000163524,0,0.000173754,9.00948e-05,4.24117e-05,0.0001692,0.000147802,8.6882e-05,9.76254e-05,0.000119168,0.000106634,6.98055e-05,0,0.000134157,9.24075e-05,0.000136348,0.000134357,0.000133979,6.60571e-05,7.91329e-05,7.66387e-05,3.78943e-05,7.36546e-05,8.12789e-05,7.23243e-05,9.39181e-05,5.75529e-05,5.14134e-05
"COMPLETE-ARO-PWY: superpathway of aromatic amino acid biosynthesis",0.000293125,0.000256978,0.000331598,0.000291911,0.000350699,0.000356298,0.000299945,0.000277157,0.000435279,0.000306621,0.000309766,0.000383453,0.000275878,0.00025436,0.000301809,0.000389523,0.000298188,0.000195028,0.000345266,0.000269395,0.00025331,0.000245533,0.000341978,0.000337465,0.000273335,0.000215112,0.000386177,0.000172338,0.00037764,0.000259178,0.000349101,0.000323422,0.000264656,0.000204823,0.000285247,0.000395627,0.000337116,0.000382687,0.000367347,0.000367705,0.000244685,0.000332465,0.000366155,0.000339093,0.000279073,0.000294062,0.000279051,0.000199746,0.000350402,0.000343124,0.00035631,0.000301349,0.000305554,0.000481048,0.000231372,0.000362211,0.000337403,0.000322263
"CRNFORCAT-PWY: creatinine degradation I",0,0,0,0,0,0,0,0,0,0,0,0,0,0,0,0,0,0,0,0,0,0,0,0,0,0,0,0,0,0,0,0,0,0,0,0,0,0,0,0,0,0,0,0,0,0,0,0,0,0,0,0,0,0,0,0,0,0
"DAPLYSINESYN-PWY: L-lysine biosynthesis I",0.000109256,7.24666e-05,7.43988e-05,0.000201374,6.74401e-05,0,0.000133528,0,0.000151396,0.000119331,0,0,0.000141772,8.20777e-05,0.000133789,0.00032129,5.87242e-05,0,0.000105453,0,0.000143357,0.000113992,6.54371e-05,0,0,0,0.000144127,5.91894e-05,0,0,6.08289e-05,6.35262e-05,0,7.71593e-05,0.000162925,0,0,0.000253419,6.81422e-05,0.000150185,8.08028e-05,5.50798e-05,0,6.48352e-05,0.000118594,7.81083e-05,0,8.94617e-05,0,6.22509e-05,0,0,5.86034e-05,9.81954e-05,0,0.000154672,0.000109645,0
"DARABCATK12-PWY: D-arabinose degradation I",0,0,0,1.70146e-05,0,0,0,0,0,0,0,0,5.96174e-06,0,0,0,0,0,0,0,0,0,0,0,0,0,0,0,0,0,0,0,0,0,0,0,0,0,0,0,0,0,0,0,0,0,0,0,0,0,0,0,0,0,0,0,0,0
"DENITRIFICATION-PWY: nitrate reduction I (denitrification)",0,0,0,0,0,0,0,0,0,0,0,0,0,0,0,0,0,0,0,0,0,0,0,0,0,0,0,0,0,0,0,0,0,0,0,0,0,0,0,0,0,0,0,0,0,0,0,0,0,0,0,0,0,0,0,0,0,0
"DENOVOPURINE2-PWY: superpathway of purine nucleotides de novo biosynthesis II",0,0,0,7.16905e-05,0,0,0,0,0,0,0,0,0.00010029,0,0,0,0,0,0,0,0,7.39588e-05,0,0,0,0,0,0,0,0,0,0,0,0,0,0,0,0,0,0,0,0,0,0,0,0,0,0,0,0,0,0,0,0,0,0,0,0
"DHGLUCONATE-PYR-CAT-PWY: glucose degradation (oxidative)",0,0,0,0,0,0,0,0,0,0,0,0,0,0,0,0,0,0,0,0,0,0,0,0,0,0,0,0,0,0,0,0,0,0,0,0,0,0,0,0,0,0,0,0,0,0,0,0,0,0,0,0,0,0,0,0,0,0
"DTDPRHAMSYN-PWY: dTDP-&beta;-L-rhamnose biosynthesis",0.000705864,0.000442146,0.0002705,0.000304323,0.000372736,0.000491688,0.000445705,0.000385381,0.000851404,0.000515186,0.000456556,0.000365454,0.000402624,0.000338252,0.000362812,0.000727079,0.000349274,0.000282202,0.000394587,0.000206002,0.000388695,0.000454169,0.000300441,0.000430331,0.000408704,0.000305791,0.000478357,0.000296119,0.000478357,0.000294182,0.000409453,0.000352157,0.000380714,0.000351907,0.000415955,0.00059622,0.000492672,0.000432557,0.000435092,0.000333999,0.000326295,0.000688659,0.000378406,0.000318173,0.000325224,0.000385526,0.000393079,0.000349263,0.000360169,0.000314834,0.000456204,0.000532647,0.00035985,0.000439312,0.000490518,0.000282351,0.000326204,0.000685817
"ECASYN-PWY: enterobacterial common antigen biosynthesis",0,0,0,2.12858e-05,0,0,0,0,0,0,0,0,0,0,0,0,0,0,0,0,0,0,0,0,0,0,0,0,0,0,0,0,0,0,0,0,0,0,0,0,0,0,0,0,0,0,0,0,0,0,0,0,0,0,0,0,0,0
"FAO-PWY: fatty acid &beta;-oxidation I (generic)",0,0,0,0.000166392,0,0,0,0,0,0,0,0,6.58065e-05,0,0,0,0,0,0,0,0,0,0,0,0,0,0,0,0,0,0,0,0,0,0,0,0,0,0,0,0,0,0,0,5.2823e-05,0,0,0,0,0,0,0,0,0,0,0,0,0
"FASYN-ELONG-PWY: fatty acid elongation -- saturated",0,9.35946e-05,0,0.00023372,0,0,0.000149508,0,6.95883e-05,0,5.85637e-05,0,0.000243133,4.39577e-05,8.49312e-05,0,0,3.2899e-05,0,5.03468e-05,9.04288e-05,0,0,0,0,0,0,0,0,0,0,0,5.05947e-05,0,0,0,0,8.41688e-05,0,8.42837e-05,0,0,4.93699e-05,0,0.000120858,0,0,0,0,7.06148e-05,0,0,0,0,0,0,0,0
"FASYN-INITIAL-PWY: superpathway of fatty acid biosynthesis initiation (E. coli)",0,0,0,0,0,0,0,0,5.18192e-05,0,0,0,0,0,5.39757e-05,0,0,0,0,0,5.20151e-05,0,0,0,0,0,0,0,0,0,0,0,0,0,0,0,0,0,0,0,0,0,0,0,0,0,0,0,0,0,0,0,0,0,0,0,0,0
"FERMENTATION-PWY: mixed acid fermentation",0.000128459,9.54975e-05,4.51835e-05,0.000197627,0.000146123,0.000231411,3.41877e-05,0,0,2.53015e-05,0,9.64249e-05,0.000142644,7.10819e-05,0,0.000164464,0,5.01284e-05,7.4332e-05,5.6542e-05,0,0,0.000186883,6.21075e-05,0,4.93141e-05,0,0,0.000295263,0,0,0.000112309,0,0,0,0,9.61039e-05,8.65253e-05,9.09882e-05,6.08399e-05,9.36728e-05,0.000134871,0.000190181,0.000176253,8.9208e-05,0,0.000100652,0,7.54143e-05,0.000165509,0,0,0,0.000101866,6.00631e-05,0.000209333,0.000149207,0.00010924
"FOLSYN-PWY: superpathway of tetrahydrofolate biosynthesis and salvage",0,0,0,0.000100555,0,0,0,0,0,0,0,0,9.58654e-05,8.70532e-05,0,0,0,0,0,0,0,0,0,7.70453e-05,0,0,0,0,0,0,0,0,0,0,0,0,0,0,0,0,0,0,0,0,0,0,0,0,0,0,0,0,0,0,0,0,0,0
"FUC-RHAMCAT-PWY: superpathway of fucose and rhamnose degradation",0,4.41863e-05,0,0.000132634,0,0,0,0,0,0,0,0,0.000109626,0,0,0,0,0,0,0,0,0,0,0,4.24143e-05,0,0,0,0,5.78236e-05,0,0,0,0,0,0,0,0,0,0,0,0,0,0,7.99796e-05,5.50834e-05,0,0,0,0,0,0,0,0,0,0,0,5.59626e-05
"FUCCAT-PWY: fucose degradation",0,2.53535e-05,0,0.00012147,4.21668e-05,0,0,0,0,0,0,0,0.000144843,0,0,0,0,4.92163e-05,0,0,0,0,2.9384e-05,0,4.10974e-05,0,0,0,0,3.65443e-05,0,2.24217e-05,0,0,6.56285e-05,0,0,0,0,3.35773e-05,0,0,0,0,5.92413e-05,3.39315e-05,0,0,0,0,0,0,0,0,0,0,0,4.18866e-05
"GALACT-GLUCUROCAT-PWY: superpathway of hexuronide and hexuronate degradation",0,4.53143e-05,0,7.03869e-05,0,0,0,0,0,0,0,0,4.60243e-05,0,0,0,0,0,0,0,0,0,0,0,4.66487e-05,0,0,0,0,0,0,0,0,0,0,6.83187e-05,0,0,0,0,0,0,0,0,4.35061e-05,0,0,0,0,0,0,0,0,0,0,0,0,0
"GALACTARDEG-PWY: D-galactarate degradation I",0,0,0,0.000271187,0,0,0,0,0,0,0,0,5.60795e-05,0,0,0,0,2.77746e-05,0,5.54151e-05,0,0,0,0,0,0,0,0,0,0,0,0,0,0,0,0,0,0,0,0,0,0,0,1.94854e-05,6.02642e-05,0,0,0,0,0,0,0,0,0,0,0,0,0
"GALACTITOLCAT-PWY: galactitol degradation",0,4.96644e-05,0,0.000120681,0,0,0,0,0,0,0,0,5.8548e-05,0,0,0,0,0,0,3.10994e-05,0,0,0,0,0,0,0,0,0,0,0,0,0,4.07375e-05,0,0,0,0,0,2.01271e-05,0,0,0,0,0,0,0,0,0,0,0,2.73577e-05,0,0,0,0,0,0
"GALACTUROCAT-PWY: D-galacturonate degradation I",0,5.06813e-05,0,8.35495e-05,0,0,0,0,0,9.3322e-05,0.000120289,8.87536e-05,5.44608e-05,0,0,0,7.37503e-05,5.77904e-05,0,2.87759e-05,3.29489e-05,4.24409e-05,0,0,5.57455e-05,3.60348e-05,0,3.6709e-05,0,2.92561e-05,0,4.64561e-05,0,0,3.77748e-05,8.31753e-05,3.91846e-05,2.1901e-05,0,0,5.70713e-05,0,0,3.67897e-05,6.49706e-05,8.67056e-05,0,0,0,0,7.17472e-05,0,5.39096e-05,3.71819e-05,3.72394e-05,0,0,3.63786e-05
"GLCMANNANAUT-PWY: superpathway of N-acetylglucosamine, N-acetylmannosamine and N-acetylneuraminate degradation",0,0.000156867,5.4431e-05,0.000144827,7.8179e-05,0.000146279,7.36527e-05,7.3414e-05,0.000165512,7.45399e-05,0.000152041,0.000124092,0.000109507,2.74194e-05,4.81974e-05,0,6.88136e-05,2.44023e-05,4.00534e-05,0,3.51937e-05,7.26577e-05,8.54682e-05,2.42364e-05,5.48308e-05,6.29097e-05,4.37203e-05,4.89561e-05,5.02351e-05,7.80922e-05,9.08492e-05,6.71936e-05,0,0,7.85801e-05,0.000169444,0.000235291,6.05171e-05,7.77113e-05,6.32684e-05,0.000130948,7.93973e-05,0,8.45168e-05,4.28501e-05,7.47183e-05,0,0,6.27674e-05,0.000141629,6.46948e-05,0,7.72869e-05,0.000141662,3.8315e-05,4.23701e-05,0,4.70684e-05
"GLUCARDEG-PWY: D-glucarate degradation I",0,0,2.58637e-05,0.000137594,0,0,0,0,0,0,0,0,4.48924e-05,0,0,0,0,2.56906e-05,0,0,0,0,0,0,0,0,0,0,0,0,0,0,0,0,0,0,0,0,0,0,0,0,0,0,5.0011e-05,0,0,0,0,0,0,0,0,0,0,0,0,0
"GLUCARGALACTSUPER-PWY: superpathway of D-glucarate and D-galactarate degradation",0,0,0,0.000271187,0,0,0,0,0,0,0,0,5.60795e-05,0,0,0,0,2.77746e-05,0,5.54151e-05,0,0,0,0,0,0,0,0,0,0,0,0,0,0,0,0,0,0,0,0,0,0,0,1.94854e-05,6.02642e-05,0,0,0,0,0,0,0,0,0,0,0,0,0
"GLUCONEO-PWY: gluconeogenesis I",0.000227544,0.000196135,0.000107102,0.000271757,0,0.000126681,0.00023638,0,0.00019729,0.000135971,0.000118209,9.53524e-05,0.000147398,0.000179605,0.0001518,0.000122516,9.26904e-05,0.000156735,0.000212919,0.000132468,0.000147636,0.000252154,4.64464e-05,0.000222886,0.000143865,6.69097e-05,0.000175965,0.000159886,8.6084e-05,0,0.000171212,0.000129896,0.000212991,0,0.000182276,6.52189e-05,0.000172534,0.000229388,0.00019592,9.18306e-05,0.000159501,0,0,0.000271757,0.000201244,0.000224148,0,0.0001713,0.000191938,0.000149409,0.000109918,0.000146179,0.000107094,0.00015047,0.000165763,8.78485e-05,0.000156395,0.00025851
"GLUCOSE1PMETAB-PWY: glucose and glucose-1-phosphate degradation",0.000289269,0,0.000173453,0.000200745,0,0,0,0,0,0,0,0,0.00021595,6.68241e-05,0,0,0,0,0,6.49969e-05,0,0,0,0,0.000267437,0,0,0,0.000369903,0.000193731,0,0,0,0,0,0,0,0,0,0,0,0,0,0,0.000250601,0,0,0,0,0.000129774,0,0.000446908,0,0,0,0.000298633,0,0
"GLUCUROCAT-PWY: superpathway of &beta;-D-glucuronosides degradation",0,8.47771e-05,4.09311e-05,8.64539e-05,0,4.13801e-05,5.70177e-05,3.1977e-05,0,9.57775e-05,0.00012822,8.58413e-05,6.23053e-05,2.88475e-05,0,4.14721e-05,7.57386e-05,3.74487e-05,3.6385e-05,0,3.37489e-05,4.09058e-05,0,5.25939e-05,5.34678e-05,3.54377e-05,3.61593e-05,4.16082e-05,0,3.40387e-05,0,5.16603e-05,5.88486e-05,0,6.08214e-05,8.9831e-05,6.2963e-05,4.93217e-05,3.48937e-05,0,4.47798e-05,7.58229e-05,3.89142e-05,4.28203e-05,7.29816e-05,0.000110209,0,0,2.45963e-05,5.93229e-05,7.16361e-05,0,5.17121e-05,6.04898e-05,4.06186e-05,0,0,4.5451e-05
"GLUDEG-I-PWY: GABA shunt",0,0,0,0,3.20734e-05,0,2.71407e-05,0,7.69933e-05,0,0,0,3.59542e-05,0,0,0,1.90398e-05,0,0,3.50985e-05,2.80657e-05,0,0,0,0,0,0,0,0,6.14748e-05,0,0,0,2.51172e-05,1.47803e-05,0,0,0,0,2.68859e-05,0,0,0,0,3.11203e-05,0,0,0,0,0,0,0,0,4.16294e-05,2.39104e-05,0,4.10481e-05,5.15557e-05
"GLUTORN-PWY: L-ornithine biosynthesis I",0.000317508,0.000276102,0.0003724,0.000297009,0.000342668,0.000348184,0.000303175,0.000246978,0.000245333,0.000289309,0.000277383,0.000374797,0.000234421,0.000146083,0.000341237,5.22212e-05,0.000302065,0.00018356,0.000306703,0.000174931,0.000215107,0.00022261,0.000274749,0.000312176,0.000333265,0.000293216,0.000349138,0.000120224,0.000360234,0.000266302,0.00032272,0.000333305,0.000207789,0.000139532,0.000289328,0.000442473,0.00039808,0.00026113,0.000345233,0.000347621,0.000180261,0.000277898,0.000273918,0.00035299,0.000300513,0.000215651,0.000174763,0.000102965,0.000310688,0.00022949,0.000364436,0.000257312,0.000318337,0.000449655,0.000290593,0.0002765,0.000282377,0.000353588
"GLYCOCAT-PWY: glycogen degradation I",0,0,0,0.000105234,5.95575e-05,0.000196492,8.21396e-05,8.30619e-05,0.000110711,0,0.000103438,6.07936e-05,8.09086e-05,0.000139123,0,0,6.5528e-05,4.94857e-05,0.000173301,0,0,0,0,0.000173591,0,0,0.000134497,6.65246e-05,0.000277887,0,0.00010478,0,8.39025e-05,6.03136e-05,9.68945e-05,0,6.9633e-05,0.000142256,5.38695e-05,0,5.38241e-05,0,0.000231642,0,0,5.70578e-05,6.86305e-05,7.63841e-05,0,0,6.42012e-05,0,0,0,0,0,0,0
"GLYCOGENSYNTH-PWY: glycogen biosynthesis I (from ADP-D-Glucose)",0.00039313,0.000552459,0.000457402,0.000306166,0.000648135,0.000533663,0.000385859,0.000405788,0.000485511,0.000453514,0.000380547,0.000558409,0.000263335,0.000236846,0.000621879,0.000390269,0.0004279,0.000252977,0.000484927,0.000468987,0.000373607,0.000321486,0.000491362,0.000414981,0.000370887,0.000499571,0.000488646,0.000265772,0.000680444,0.000487033,0.000629696,0.0006036,0.000475222,0.000245941,0.000359477,0.000698606,0.00058989,0.000393149,0.000508822,0.0005868,0.000329928,0.000394351,0.000524605,0.000568912,0.000387586,0.000322214,0.000426797,0.000219332,0.000519877,0.000323571,0.000657622,0.000350914,0.000431681,0.000745406,0.000319821,0.000543984,0.000425271,0.000398786
"GLYCOL-GLYOXDEG-PWY: superpathway of glycol metabolism and degradation",0,0,0,1.74675e-05,0,0,0,0,0,0,0,0,1.44133e-05,0,0,0,0,0,0,3.17585e-05,0,0,0,0,0,0,0,0,0,0,0,0,0,0,0,0,0,0,0,0,0,0,0,0,1.64225e-05,0,0,0,0,3.17862e-05,0,0,0,0,0,0,0,0
"GLYCOLYSIS-E-D: superpathway of glycolysis and the Entner-Doudoroff pathway",0,8.46735e-05,5.32326e-05,0.000186827,0,0,0.000136171,0,0,6.93682e-05,9.26877e-05,5.38076e-05,0.000112657,0,0,0,5.15342e-05,5.33274e-05,0.000103007,5.99484e-05,7.82394e-05,0,0,0,3.30736e-05,0,7.78768e-05,0,0,0,0.000103664,0,0.000112582,0,0.00011474,0,0,9.74406e-05,7.29591e-05,4.22118e-05,0,0,0,5.56242e-05,0.000125952,9.18949e-05,0,0,0,7.13434e-05,0,0,0,0,0,0,0,0
"GLYCOLYSIS-TCA-GLYOX-BYPASS: superpathway of glycolysis, pyruvate dehydrogenase, TCA, and glyoxylate bypass",0,0,0,2.06501e-05,0,0,0,0,0,0,0,0,0,0,0,0,0,0,0,0,0,0,0,0,0,0,0,0,0,0,0,0,0,0,0,0,0,0,0,0,0,0,0,0,0,0,0,0,0,0,0,0,0,0,0,0,0,0
"GLYCOLYSIS: glycolysis I (from glucose 6-phosphate)",0.000291595,0.000170392,0.000169424,0.000278023,0.000105041,0.00012702,0.000284954,0.000107538,0.000289255,0.000106058,0.000174976,6.60304e-05,0.000260879,0.000168065,0.000200358,0.000111286,0.000106752,0.000129643,0.000220637,0.000201403,0.000227944,0.000216157,9.75813e-05,0.000207142,0.000132504,9.0558e-05,0.000157737,0.000146244,0,8.35048e-05,0.000148016,0.000199356,0.00020981,0.000186985,0.000212629,4.12789e-05,0.000153241,0.000281324,0.000192357,6.77111e-05,0.000131355,0,0,0.000300883,0.000230312,0.000201305,0,0.00022206,0.000261882,0.000208816,0.000105867,0.000107799,7.55245e-05,0.00026268,0.000112924,0.000101341,0.000152834,0.000118664
"GLYOXYLATE-BYPASS: glyoxylate cycle",0,0,0,0.000125028,0,0,0,0,0,0,0,0,8.47105e-05,0,0,0,0,0,2.35141e-05,2.55095e-05,0,0,0,0,0,0,0,0,1.80994e-05,0,0,0,0,0,0,0,0,0,0,2.58859e-05,0,0,0,0,3.8915e-05,0,0,0,2.54009e-05,4.90303e-05,0,0,0,0,0,1.68512e-05,0,0
"GOLPDLCAT-PWY: superpathway of glycerol degradation to 1,3-propanediol",2.32602e-05,3.99416e-05,0,0,0,0,0,3.01545e-05,0,2.27106e-05,4.39519e-05,0,3.69371e-05,0,0,0,3.05741e-05,0,3.40887e-05,0,0,0,0,0,2.80422e-05,0,4.50521e-05,0,2.74537e-05,0,3.27196e-05,0,0,4.1027e-05,0,2.83493e-05,0,0,2.41893e-05,7.31238e-05,0,0,0,0,2.99802e-05,0,0,0,0,0,4.17748e-05,2.68459e-05,0,3.63241e-05,0,6.76351e-05,2.83962e-05,0
"HCAMHPDEG-PWY: 3-phenylpropanoate and 3-(3-hydroxyphenyl)propanoate degradation to 2-hydroxypentadienoate",0,0,0,0,0,0,0,0,0,0,0,0,0,0,0,0,0,0,0,0,0,0,0,0,0,0,0,0,0,0,0,0,0,0,0,0,0,0,0,0,0,0,0,0,1.43296e-05,0,0,0,0,0,0,0,0,0,0,0,0,0
"HEME-BIOSYNTHESIS-II-1: heme b biosynthesis V (aerobic)",0,0,0,0.000120124,0,0,0,0,0,0,0,0,6.71153e-05,0,0,0,0,0,0,0,0,0,0,0,0,0,0,0,0,0,0,0,0,0,0,0,0,0,0,0,0,0,0,0,0,0,0,0,0,2.85618e-05,0,0,0,0,0,0,0,0
"HEME-BIOSYNTHESIS-II: heme b biosynthesis I (aerobic)",0,0,0,0.000120124,0,0,0,0,0,0,0,0,3.72229e-05,0,0,0,0,0,0,0,0,0,0,0,0,0,0,0,0,0,0,0,0,0,0,0,0,0,0,0,0,0,0,0,0,0,0,0,0,2.85618e-05,0,0,0,0,0,0,0,0
"HEMESYN2-PWY: heme b biosynthesis II (oxygen-independent)",0,0,0,0.000144379,0,0,0,0,0,0,0,0,7.11353e-05,0,0,0,0,0,0,0,0,0,0,0,3.68107e-05,0,0,0,0,0,0,0,0,0,0,0,0,0,0,0,0,0,0,0,0,0,0,0,0,3.04572e-05,0,0,0,0,0,0,0,0
"HEXITOLDEGSUPER-PWY: superpathway of hexitol degradation (bacteria)",0,6.49382e-05,0,0.000182886,0,0,0,0,0,0,0,0,0.000107443,0,0,0,0,0,0,6.23339e-05,0,0,0,0,0,0,0,0,0,0,0,0,0,0,0,0,0,0,0,3.91335e-05,0,0,0,0,0,0,0,0,0,0,0,0,0,0,0,0,0,0
"HISDEG-PWY: L-histidine degradation I",0,8.91256e-05,4.47375e-05,0,4.05067e-05,6.2715e-05,9.67272e-05,0.000166259,0.000245966,4.81968e-05,0.000126537,4.47354e-05,3.15391e-05,9.81482e-05,6.16238e-05,2.50048e-05,5.56189e-05,4.57385e-05,8.15153e-05,0.000165133,5.17316e-05,0,0,0,0,0,8.66447e-05,7.54481e-05,0,6.99581e-05,8.46021e-05,0,0.000163473,9.47877e-05,2.79506e-05,8.18202e-05,0.000131835,0.000123752,4.08247e-05,7.71047e-05,3.65983e-05,0,0,0.000102249,0,0.000150559,8.31192e-05,0.000140527,4.46864e-05,0,0,2.57873e-05,0.000122949,0,2.78207e-05,0,0,3.77274e-05
"HISTSYN-PWY: L-histidine biosynthesis",0.000280685,0.00023418,0.000190267,0.000222861,0.000308258,0.000294041,0.000261053,0.00021541,0.00038161,0.000216158,0.000309705,0.000271091,0.000136112,0.000254235,0.000228362,0.000384209,0.000234551,0.000207987,0.000247953,0.000139305,0.000250218,0.000193813,0.000269089,0.000278825,0.000181998,6.7325e-05,0.00030098,0.000169006,0.000289215,0.000238845,0.000272583,0.000335191,0.000311342,0.000168942,0.000224466,0.000272268,0.000301728,0.000374622,0.00029027,0.000284301,0.000230983,0.000308854,0.000288915,0.00029929,0.00020434,0.000310915,0.00024244,0.000189817,0.000213409,0.000254211,0.000309436,0.000220423,0.000292021,0.000274377,0.000214749,0.00023046,0.000290408,0.000299749
"HOMOSER-METSYN-PWY: L-methionine biosynthesis I",0,0,0,0.000210431,0,0,0,0,3.62001e-05,0,0,0,7.65898e-05,2.73033e-05,0,0,0,0,0,0,0,0,0,0,0,0,0,0,0,0,0,0,0,0,0,0,0,4.94933e-05,0,2.70087e-05,0,0,0,2.99383e-05,4.17391e-05,0,0,0,0,0,0,0,0,0,0,0,0,0
"HSERMETANA-PWY: L-methionine biosynthesis III",0.000209145,0.000243546,7.08818e-05,0.000121475,0.000206601,0.000273109,0.000250965,0.000131522,0.000329894,0.00023663,0.000262727,0.000233613,0.000148329,0.000115742,0.000154562,0.000134692,0.000114135,0.000125598,0.000168452,6.90395e-05,0.00016677,0.000168092,0.000150951,0.000216024,9.87631e-05,0.000147887,0.000178049,9.13799e-05,0.000332436,0.000245721,0.000346873,0.000157753,0.000236427,0.000152846,0.000212027,0.000248029,0.000313523,0.000191679,0.000255659,0.000184554,0.000197011,8.84189e-05,0.000267417,0.000338608,0.000207456,0.000249208,0.000106568,0.00015842,0.000160373,0.000110634,0.000313796,0.000205222,0.00018312,0.000226869,0.000228189,0.000231924,0.00016102,0.000171045
"ILEUSYN-PWY: L-isoleucine biosynthesis I (from threonine)",0.000459372,0.000445953,0.000338513,0.0004908,0.000487843,0.000461884,0.000487245,0.000460813,0.000403141,0.000422216,0.000339835,0.000362839,0.000346289,0.000381273,0.000331958,0.000541159,0.000412417,0.000245449,0.000461839,0.000303392,0.000320299,0.000514476,0.000351968,0.000417874,0.000420219,0.000346945,0.000579634,0.00028231,0.000451907,0.00032965,0.000505088,0.00051593,0.000340892,0.000222508,0.000474225,0.000403797,0.000421372,0.000450371,0.000530884,0.000413237,0.000375559,0.000553227,0.000366,0.000488679,0.000418791,0.000385526,0.000266496,0.000342912,0.000421767,0.000375991,0.000517857,0.00045141,0.000310079,0.000395655,0.00042788,0.00047331,0.000369075,0.000478205
"KDO-NAGLIPASYN-PWY: superpathway of (Kdo)2-lipid A biosynthesis",0,0,0,4.76134e-05,0,0,0,0,0,0,0,0,2.71206e-05,0,0,0,0,0,0,0,0,0,0,0,0,0,0,0,0,0,0,0,0,0,0,0,0,0,0,0,0,0,0,0,0,0,0,0,0,0,0,0,0,0,0,0,0,0
"KETOGLUCONMET-PWY: ketogluconate metabolism",0,0,0,0.000144778,0,0,0,0,0,0,0,0,8.07979e-05,0,0,0,0,0,0,0,0,0,0,0,5.11612e-05,0,0,0,0,0,0,0,0,0,0,0,0,0,0,0,0,0,0,0,6.7279e-06,0,0,0,0,0,0,0,0,0,0,0,0,0
"LACTOSECAT-PWY: lactose and galactose degradation I",6.3356e-05,0,3.07873e-05,2.98774e-05,5.1541e-05,4.79368e-05,9.43855e-05,5.56994e-05,0,6.39617e-05,0,5.06924e-05,2.04439e-05,0,7.40542e-05,0,6.03771e-05,0,6.06525e-05,3.76031e-05,5.88303e-05,2.91137e-05,6.07468e-05,0,2.87962e-05,5.83514e-05,7.12722e-05,0,6.19961e-05,3.2778e-05,6.75433e-05,7.44455e-05,1.8712e-05,2.75031e-05,7.79966e-05,3.18422e-05,0,3.68476e-05,0,2.3243e-05,2.92994e-05,0,2.54374e-05,3.71561e-05,4.73104e-05,4.12808e-05,3.1534e-05,0,4.51087e-05,3.6178e-05,0,0.000160082,0.000116411,0,5.5414e-05,9.63249e-05,3.2895e-05,0
"LIPASYN-PWY: phospholipases",0,0,0,0,0,0,0,0,0,0,0,0,0,0,0,0,0,0,0,0,0,0,0,0,0,0,0,0,0,0,0,0,0,0,0,0,0,0,0,0,0,0,0,0,0,0,0,0,0,0,0,0,0,0,0,0,0,0
"LPSSYN-PWY: superpathway of lipopolysaccharide biosynthesis",0,0,0,0,0,0,0,0,0,0,0,0,0,0,0,0,0,0,0,0,0,0,0,0,0,0,0,0,0,0,0,0,0,0,0,0,0,0,0,0,0,0,0,0,0,0,0,0,0,0,0,0,0,0,0,0,0,0
"LYSINE-DEG1-PWY: L-lysine degradation XI (mammalian)",0,0,0,0,0,0,0,0,0,0,0,0,0,0,0,0,0,0,0,0,0,0,0,0,0,0,0,0,0,0,0,0,0,0,0,0,0,0,0,0,0,0,0,0,0,0,0,0,0,0,0,0,0,0,0,0,0,0
"MET-SAM-PWY: superpathway of S-adenosyl-L-methionine biosynthesis",0,0,0,0.000250438,0,0,0,0,6.57612e-05,0,0,0,0.000121741,4.75227e-05,0,0,0,0,0,0,0,0,0,0,0,0,0,0,0,0,0,0,0,0,0,0,0,8.48333e-05,0,4.8793e-05,0,0,0,5.49672e-05,7.20493e-05,0,0,0,0,0,0,0,0,0,0,0,0,0
"METH-ACETATE-PWY: methanogenesis from acetate",2.84021e-05,0.000180961,4.00272e-05,0,0.000170794,8.53375e-05,4.42918e-05,6.95501e-05,0.000188525,0.000140458,9.04571e-05,8.05992e-05,9.70974e-05,0,6.47748e-05,0,4.99413e-05,0,9.05413e-05,0,6.42134e-05,0,4.50565e-05,5.93208e-05,0.000106516,9.20559e-05,8.62483e-05,0,5.87703e-05,4.38768e-05,6.91747e-05,6.19204e-05,6.393e-05,0,5.38381e-05,0.000116309,0.000152034,5.73016e-05,0.000109602,0.000125681,0.000111771,4.97308e-05,0,0.000127988,5.46512e-05,9.23435e-05,0,0,9.67246e-05,7.2231e-05,0.000158685,0.000117585,5.96215e-05,0.000115605,5.57144e-05,0.000105644,9.19539e-05,3.91543e-05
"METHANOGENESIS-PWY: methanogenesis from H2 and CO2",0,0,0,0,0,0,0,0,0,0,0,0,0,0,0,0,0,0,0,0,0,0,0,0,0,0,0,0,0,0,0,0,0,0,0,0,0,0,0,0,0,0,0,0,0,0,0,0,0,0,0,0,0,0,0,0,0,0
"METHGLYUT-PWY: superpathway of methylglyoxal degradation",0,0,0,4.2339e-05,0,0,0,0,0,0,0,0,5.91943e-06,0,0,0,0,0,0,0,0,0,0,0,0,0,0,0,0,0,0,0,0,0,0,0,0,0,0,0,0,0,0,0,1.24794e-05,0,0,0,0,0,0,0,0,0,0,0,0,0
"METSYN-PWY: superpathway of L-homoserine and L-methionine biosynthesis",0,0,0,0.00025199,0,0,0,0,6.00808e-05,0,0,0,0.000112009,4.3764e-05,0,0,0,0,0,0,0,0,0,0,0,0,0,0,0,0,0,0,0,0,0,0,0,7.79466e-05,0,4.43029e-05,0,0,0,4.95343e-05,6.52745e-05,0,0,0,0,0,0,0,0,0,0,0,0,0
"NAD-BIOSYNTHESIS-II: NAD salvage pathway III (to nicotinamide riboside)",0,0,0,5.59234e-05,0,0,0,0,0,0,0,0,3.3706e-05,0,0,0,0,0,0,2.41583e-05,0,0,0,0,0,0,0,0,0,0,0,0,0,0,0,0,0,0,0,0,0,0,0,0,0,1.98026e-05,0,0,0,0,0,0,0,0,0,0,0,0
"NADSYN-PWY: NAD de novo biosynthesis II (from tryptophan)",0,0,0,0,0,0,0,0,0,0,0,0,0,0,0,0,0,0,0,0,0,0,0,0,0,0,0,0,0,0,0,0,0,0,0,0,0,0,0,0,0,0,0,0,0,0,0,0,0,0,0,0,0,0,0,0,0,0
"NAGLIPASYN-PWY: lipid IVA biosynthesis (E. coli)",0,5.31291e-05,0,0.000134223,4.51675e-05,0,0,6.19412e-05,0,3.07965e-05,7.10936e-05,0,0.000103839,0.000105176,0,0,4.95644e-05,0,7.01545e-05,5.06948e-05,0,0,0,0,7.81902e-05,0,5.09142e-05,5.83616e-05,0,0,7.10506e-05,0,4.56727e-05,0,0,0,0,0.000105953,0,3.52094e-05,6.82911e-05,0,0,2.73447e-05,5.95378e-05,0.000106442,0,4.73357e-05,0,0,0,0,0,0,0,0,0,0
"NONMEVIPP-PWY: methylerythritol phosphate pathway I",0.000387599,0.00027701,0.000345092,0.00020721,0.00035957,0.000333555,0.000303012,0.000247382,0.000444342,0.000257452,0.000275468,0.000353425,0.000238727,0.000187798,0.000355837,0.000441091,0.000322464,0.000170645,0.000323794,0.000345085,0.00026859,0.000252169,0.000308026,0.000267432,0.000317493,0.000220234,0.000338579,0.000202199,0.000384015,0.000315942,0.000373444,0.000358825,0.000295022,0.00020359,0.00031537,0.000390804,0.000375252,0.000333826,0.000413066,0.000387601,0.000312473,0.000324655,0.00026981,0.00040734,0.000273888,0.000334247,0.000361168,0.000305756,0.000309008,0.00037053,0.000340657,0.000345909,0.000393947,0.000449619,0.00031593,0.000355966,0.000333167,0.000353123
"NONOXIPENT-PWY: pentose phosphate pathway (non-oxidative branch) I",0.000111988,0.000282524,0.000168871,0.000513608,0.000371796,0.000297516,0.000143942,0.000234624,0.000209694,0.000350765,0.000195481,0.000266663,0.000362328,0.000137777,9.7965e-05,0.000340562,0.000205595,0.000224942,0.000206153,0.00023581,0.000169209,0.00021876,0.000216519,0.000336562,0.000318895,0.000203885,0.000230382,0.000115494,0.000449247,0.000115403,0.000360778,0.000251473,0.000230928,0.000167789,0.000236928,0.000316549,0.000307873,0.000116735,0.00018653,0.000307262,0.000144634,0.000371216,0.000279835,0.000238192,0.000259431,0.000216123,0.000263089,0.000139186,0.000294554,0.000209116,0.000354174,0.000311098,0.000235695,0.000367707,0.000222067,0.000284866,0.000109353,0.000256898
"OANTIGEN-PWY: O-antigen building blocks biosynthesis (E. coli)",0.000221363,6.56713e-05,0,0.00021035,0.000217897,0.000223611,0.000297328,0.000223987,0.000181831,8.52137e-05,0,0.000174702,0.000184308,0.000189348,0.000220526,0.000415454,0.000215805,0.000198513,0.000231117,0.000207043,0.000212029,0.000219639,0.000135503,0.000260988,7.81776e-05,0.000108146,0.00021403,0.00016503,0.000384092,0.000118403,0.000258961,0.000224048,0.000164227,0,0.000260725,8.02953e-05,0.000276832,0.000317637,7.56664e-05,0.000257898,7.21742e-05,7.14903e-05,0.000294014,0.000251744,0.000239648,0.000141876,0.000189829,0.000158582,0.000195487,0,0.000201928,0.000217056,0.000119518,0.000130384,0.000180128,0.000234506,0.000122384,0.000124514
"ORNARGDEG-PWY: superpathway of L-arginine and L-ornithine degradation",0,0,0,0,0,0,0,0,0,0,0,0,0,0,0,0,0,0,0,0,0,0,0,0,0,0,0,0,0,0,0,0,0,0,0,0,0,0,0,0,0,0,0,0,0,0,0,0,0,0,0,0,0,0,0,0,0,0
"ORNDEG-PWY: superpathway of ornithine degradation",0,0,0,0.000197812,0,0,0,0,0,0,0,0,0.000112107,0,0,0,0,0,0,0,0,0,0,0,2.44148e-05,0,0,0,0,0,0,0,0,0,0,0,0,0,0,2.94179e-05,0,0,0,0,9.80475e-05,0,0,0,0,0,0,0,0,0,0,0,0,0
"P105-PWY: TCA cycle IV (2-oxoglutarate decarboxylase)",0,0,0,0.000112175,0,0,0,0,0,0,0,0,4.52501e-05,0,0,0,0,0,0,0,0,0,0,0,0,0,0,0,0,0,0,0,0,0,0,0,0,0,0,0,0,0,0,0,4.94115e-05,0,0,0,0,0,0,0,0,0,0,0,0,0
"P108-PWY: pyruvate fermentation to propanoate I",0,0,0,2.4241e-05,0,0,0,0,0,0,0,0,2.63174e-05,0,0,0,0,0,0,0,0,0,0,0,0,0,0,0,0,0,0,0,0,0,0,0,0,0,0,0,0,0,0,0,0,0,0,0,0,3.22884e-05,0,0,0,0,0,0,0,0
"P122-PWY: heterolactic fermentation",0,0,0,5.33864e-05,0,0,0,0,0,0,0,0,5.09017e-05,0,0,0,0,0,0,0,0,0,0,0,0,0,0,0,0,0,0,0,0,0,0,0,0,0,0,0,0,0,0,0,0,0,0,0,0,0,0,0,0,0,0,0,0,0
"P124-PWY: Bifidobacterium shunt",7.86737e-05,0,0,3.48245e-05,6.88355e-05,0,8.52707e-05,0,6.35001e-05,5.23406e-05,0,0,0,6.75146e-05,9.18197e-05,0,0,0,6.72941e-05,0,4.58675e-05,0,0,8.7932e-05,0,0,0.000109737,0,0,0,0,7.61573e-05,0,0,0.000122301,0,5.36577e-05,0.000151598,0,0,0,0,0,0,0,0,0,0,0,0,0,0,0,0,0,6.04982e-05,0,0
"P125-PWY: superpathway of (R,R)-butanediol biosynthesis",0,0,0,1.60715e-05,0,0,0,0,0,0,0,0,0,0,0,0,0,0,0,0,0,2.50732e-05,0,0,0,0,0,0,0,0,0,0,0,0,0,0,0,0,0,0,0,0,0,0,0,0,0,0,4.15234e-05,0,0,0,0,0,0,0,0,0
"P161-PWY: acetylene degradation (anaerobic)",0,0,0,2.31904e-05,0,0,0,0,0,0,0,0,2.89661e-05,0,0,0,0,0,0,0,0,0,0,2.48011e-05,0,0,0,0,0,0,0,0,0,0,0,0,0,0,0,2.83458e-05,0,0,0,0,0,0,9.56314e-05,0,0,0,0,0,0,0,0,0,0,0
"P162-PWY: L-glutamate degradation V (via hydroxyglutarate)",0,0,0,0,0,0,0,0,0,0,0,0,0,0,0,0,0,0,0,0,0,0,0,0,0,0,0,0,0,0,0,0,0,0,0,0,0,0,0,0,0,0,0,0,0,0,0,0,0,0,0,0,0,0,0,0,0,0
"P163-PWY: L-lysine fermentation to acetate and butanoate",0,0,0,0,0,0,0,0,0,0,0,0,0,0,0,0,0,0,0,0,0,0,0,0,0,0,0,0,0,0,0,0,0,0,0,0,0,0,0,0,0,0,0,0,0,0,0,0,0,0,0,0,0,0,0,0,0,0
"P164-PWY: purine nucleobases degradation I (anaerobic)",0,7.93617e-05,0,7.59022e-05,6.07529e-05,0,0,0,5.44065e-05,0,6.0873e-05,0,0,0,0,0,3.08508e-05,0,0,0,0,2.56178e-05,6.16681e-05,0,0,0,8.17999e-05,0,5.66485e-05,2.52555e-05,0,0,0,0,0,4.00043e-05,0,2.67314e-05,3.53825e-05,0,5.84796e-05,0,0,8.99315e-05,3.69573e-05,0,0,1.96784e-05,0,3.37717e-05,0,6.58527e-05,0,0,2.03938e-05,0,0,0
"P185-PWY: formaldehyde assimilation III (dihydroxyacetone cycle)",0,5.41351e-05,0,0,0,0,0,0,0,0,3.34276e-05,0,0,0,0,0,0,0,5.03933e-05,0,0,0,0,0,0,0,5.63344e-05,0,0,0,3.77743e-05,0,0,6.03101e-05,0,0,0,0,0,4.75782e-05,0,0,0,0,3.51224e-05,0,0,0,0,0,7.64172e-05,0,0,0,0,6.81021e-05,0,0
"P221-PWY: octane oxidation",0,0,0,8.76194e-07,0,0,0,0,0,0,0,0,4.35145e-06,0,0,0,0,0,0,0,0,0,0,0,0,0,0,0,0,0,0,0,0,0,0,0,0,0,0,0,0,0,0,0,0,0,0,0,0,0,0,0,0,0,0,0,0,0
"P23-PWY: reductive TCA cycle I",0,0,0,0,0,0,0,0,0,0,0,0,0,0,0,0,0,0,0,0,0,0,0,0,0,0,0,0,0,0,0,0,0,0,0,0,0,0,0,0,0,0,0,0,0,0,0,0,0,0,0,0,0,0,0,0,0,0
"P241-PWY: coenzyme B biosynthesis",0,0,0,0,0,0,0,0,0,0,0,0,0,0,0,0,0,0,0,0,0,0,0,0,0,0,0,0,0,0,0,0,0,0,0,0,0,0,0,0,0,0,0,0,0,0,0,0,0,0,0,0,0,0,0,0,0,0
"P261-PWY: coenzyme M biosynthesis I",0,0,0,0,0,0,0,0,0,0,0,0,0,0,0,0,0,0,0,0,0,0,0,0,0,0,0,0,0,0,0,0,0,0,0,0,0,0,0,0,0,0,0,0,0,0,0,0,0,0,0,0,0,0,0,0,0,0
"P4-PWY: superpathway of L-lysine, L-threonine and L-methionine biosynthesis I",0,0,0,0.000158423,0,0,0,0,9.07231e-05,0,0,0,8.3883e-05,0,0,0,0,0,0,0,0,0,0,0,0,0,0,0,0,0,0,0,0,0,0,0,0,0.000115884,0,6.66136e-05,0,0,0,0,8.37351e-05,0,0,0,0,0,0,0,0,0,0,0,0,0
"P41-PWY: pyruvate fermentation to acetate and (S)-lactate I",0.000154378,0.000204251,0.000134508,0.000171029,0.000327805,0.000320169,0.000167868,0.000178479,0.000271156,0.000247358,0.000176853,8.57811e-05,0.000146744,0.000150609,0.000199581,3.84688e-05,0.000121747,0,0.00021111,0.000158514,0.00014657,0.000133869,0.00024426,0.000238286,0.000176245,0.000192354,0.000220451,0.000119139,0.000294576,4.16931e-05,0.000117733,0.000208041,0.000175384,9.48723e-05,0.000244026,0.000205883,0.000154354,0.000201052,0.000261817,0.000265256,0.000162526,9.38974e-05,0.000230941,0.000182251,0.000184767,0.00016152,0.00011759,5.96107e-05,0.000261603,0.000268317,0.000239592,0.000193404,0.000145748,0.000363574,0.000178382,0.00032186,0.000246728,6.48804e-05
"P42-PWY: incomplete reductive TCA cycle",3.16735e-05,0,0,2.62166e-05,0,0,0,0,0,0,0,0,3.53717e-05,0,0,0,0,0,0,0,0,0,4.07019e-05,0,0,0,3.50747e-05,0,0,0,0,0,0,0,0,0,0,0,0,0,0,0,0,0,0,0,0,5.58987e-05,0,0,0,0,0,0,0,0,3.66705e-05,0
"P441-PWY: superpathway of N-acetylneuraminate degradation",0,0.000113747,0,0.00015784,0,0,0,0,0,0,0,0,0.000121865,0,0,0,0,0,0,0,0,7.65723e-05,0,0,0,0,0,0,0,0,7.62982e-05,0,0,0,0,0,0,0,0,5.79605e-05,0,0,0,0,0,0,0,0,0,9.73563e-05,0,0,0,0,0,0,0,0
"P461-PWY: hexitol fermentation to lactate, formate, ethanol and acetate",0,4.58396e-05,0,0.000189126,0,0,0,0,0,0,3.96055e-05,0,0.00022006,0,0,0,0,0,8.17648e-05,5.97075e-05,0,0,0,0,5.60522e-05,6.12948e-05,0.000111771,7.77516e-05,0,0,0,0,0,0.000102878,0,0,6.25655e-05,6.84265e-05,0,0.000103553,0,0,6.07346e-05,0,0.000131111,0,0,0,5.65643e-05,0,9.25201e-05,0,0,0,0,9.80942e-05,4.45004e-05,0
"P562-PWY: myo-inositol degradation I",0,0,0,0,0,0,0,0,0,0,0,0,0,0,0,0,0,0,0,0,0,0,0,0,0,0,0,0,0,0,0,0,0,0,0,0,0,0,0,0,0,0,0,0,0,0,0,0,0,0,0,0,0,0,0,0,0,0
"P621-PWY: nylon-6 oligomer degradation",0,0,0,0,0,0,0,0,0,0,0,0,0,0,0,0,0,0,0,0,0,0,0,2.3906e-05,0,0,0,0,0,0,0,0,0,0,0,0,0,0,0,0,0,0,0,0,0,0,0,0,0,0,0,0,0,0,0,0,0,0
"PANTO-PWY: phosphopantothenate biosynthesis I",0.000247555,0.000263693,0.000167699,0.000172628,0.000246978,0.000236387,0.000145268,0.000303285,0.000327289,0.000192939,0.000245628,0.000210225,0.000166781,0.000197642,0.000144369,0.000300025,0.000151362,0.000149161,0.000284062,0.000218493,0.000198819,0.000132709,0.000200096,0.000190032,0.000280426,0.00016041,0.000347206,0.000288222,0.000212128,0.000214644,0.000260356,0.000282905,0.000278007,0.000170254,0.000186462,0.000344839,0.000242969,0.000251589,0.000207027,0.000175444,0.000277709,0.000285535,0.000210122,0.000291098,0.000132437,0.00028661,0.00023461,0.000211627,0.000132262,0.000304017,0.000201024,0.000206508,0.000232289,0.000289686,0.00022724,0.000235541,0.000308644,0.000185948
"PANTOSYN-PWY: superpathway of coenzyme A biosynthesis I (bacteria)",0.000224675,0.000250211,0.000110456,0.000146727,0.000214251,0.000264476,0.000185953,0.000266574,0.00031384,0.000226829,0.000258469,0.000218548,0.000160539,0.000220003,0.000131562,0.000320763,0.000175896,0.000138629,0.000285059,0.000228683,0.00016415,0.000142568,0.000172424,0.000192867,0.000212203,0.000154103,0.000326296,0.000166072,0.000217255,0.000243609,0.000279661,0.000271532,0.000246566,0.000186563,0.000230353,0.000303959,0.000286753,0.000242196,0.00024036,0.00018935,0.000266176,0.000229098,0.00020769,0.000301915,0.000167943,0.000260594,0.000263586,0.000175669,0.000178872,0.000286405,0.000203903,0.000218122,0.000218524,0.000304176,0.000177244,0.000233768,0.000246079,0.000175556
"PENTOSE-P-PWY: pentose phosphate pathway",9.40869e-05,0.000132766,4.79467e-05,0.000210491,8.88532e-05,0,0.000140886,0.000170248,0.000224671,0.00012911,0.000163744,0.000103827,0.000218086,0.000132947,8.63734e-05,0,6.6407e-05,6.4686e-05,0.000157655,8.1167e-05,0.000130863,3.7125e-05,6.5041e-05,7.77976e-05,4.88051e-05,6.41665e-05,0.000127286,0,0,5.7189e-05,0.00014078,0,0.000178759,8.67078e-05,0.000172986,8.681e-05,0.000196457,0.000145208,0.000139814,0.000100287,4.712e-05,0,4.32356e-05,8.68583e-05,0.000116698,0.000175541,0,9.09905e-05,0,6.94994e-05,0,7.4284e-05,0,0.000101833,3.84984e-05,0.000142487,9.453e-05,0
"PEPTIDOGLYCANSYN-PWY: peptidoglycan biosynthesis I (meso-diaminopimelate containing)",0.00031895,0.000323111,0.00025429,0.000245909,0.000321977,0.000337712,0.000352653,0.000286449,0.000450894,0.000314258,0.00028455,0.000303011,0.000231065,0.000249125,0.000343593,0.000486231,0.00032278,0.000223128,0.000304378,0.0003232,0.0002775,0.000327915,0.000347796,0.000317451,0.000335949,0.000232772,0.000342735,0.000191141,0.000321829,0.000325369,0.000381678,0.000317693,0.000352942,0.000165437,0.000328573,0.000392827,0.000394142,0.000400284,0.000364618,0.000340004,0.000326662,0.000370996,0.000367848,0.000361534,0.000288189,0.000320201,0.000347552,0.000314277,0.0002884,0.000355405,0.000321282,0.000413644,0.000371537,0.000424085,0.00025684,0.000385591,0.00037223,0.000405096
"PHOSLIPSYN-PWY: superpathway of phospholipid biosynthesis I (bacteria)",0.00010067,0.000140354,0.00010153,0.000311576,0.000114026,0,6.40619e-05,0,0.000154289,0.000108096,0.000144944,0,0.000241147,0.000203083,7.33411e-05,0.000258113,0,0,7.634e-05,9.36618e-05,0,0.000168719,0,0.00015687,0.000181261,6.60987e-05,0.000121958,8.52775e-05,7.11381e-05,0,0.000123266,0,0.000131403,0,3.85435e-05,0,7.12458e-05,0.000199739,0,9.71355e-05,0,0.000224536,6.6883e-05,0.000130603,0.000121801,0.00012329,0,6.01127e-05,0,7.54459e-05,0,0.00018115,0,7.20292e-05,6.48241e-05,0.000149469,9.03855e-05,0.0001909
"PHOTOALL-PWY: oxygenic photosynthesis",0,0,0,0,0,0,0,0,0,0,0,0,0,0,0,0,0,0,0,0,0,0,0,0,0,0,0,0,0,0,0,0,0,0,0,0,0,0,0,0,0,0,0,0,0,0,0,0,0,0,0,0,0,0,0,0,0,0
"POLYAMINSYN3-PWY: superpathway of polyamine biosynthesis II",0,0,0,0,0,0,0,0,0,0,0,0,0,0,0,0,0,0,0,0,0,0,0,0,0,0,0,0,0,0,4.77704e-05,0,0,0,0,0,0,0,0,3.0609e-05,0,0,0,0,0,0,0,0,0,0,0,0,0,0,0,0,0,0
"POLYAMSYN-PWY: superpathway of polyamine biosynthesis I",0,0,0,0.000145834,0,0,3.93381e-05,4.98696e-05,0,0,3.16087e-05,7.52385e-05,0.000157689,0,0,0,0,0,0,0,0,0,0,0,4.07287e-05,0,0,0,0,5.22651e-05,5.0439e-05,0,0,3.83401e-05,0,0,0,0,0,3.61967e-05,0,0,3.18089e-05,0,0.000126023,5.26225e-05,0,2.96107e-05,0,8.36778e-05,0,2.84937e-05,0,0,3.61417e-05,0,0,0
"POLYISOPRENSYN-PWY: polyisoprenoid biosynthesis (E. coli)",0,0.000112851,0,0.000139441,0,3.28938e-05,0,0.000100446,0.000177325,0,9.30297e-05,9.90168e-05,0.000130498,5.63488e-05,0,0,3.94392e-05,0,4.69159e-05,0,0,2.61314e-05,0,0,0,6.3812e-05,4.10565e-05,0,0,7.26443e-05,5.55665e-05,0,0.000117911,4.24869e-05,2.98285e-05,8.96363e-05,0.00010005,0,7.9802e-05,4.62348e-05,0,0,4.92351e-05,0,3.24282e-05,8.83262e-05,0,7.17667e-05,0,1.30656e-05,0,0,0,5.57059e-05,3.55029e-05,0,0,0
"PPGPPMET-PWY: ppGpp metabolism",3.81006e-05,0,3.9325e-05,2.4268e-05,0,0,0,3.39178e-05,0,0,7.29602e-05,3.07395e-05,1.24175e-05,2.80702e-05,0,0,0,0,3.89951e-05,0,0,2.32471e-05,0,0,0,6.74102e-05,4.78989e-05,3.28034e-05,0,0,2.57506e-05,4.20932e-05,0,0,0,0,0,6.9233e-05,4.73213e-05,3.70647e-05,0,3.7765e-05,0,0,1.14881e-05,6.74621e-05,8.94615e-05,0,0,0,0,0,0,0,0,6.7313e-05,0,3.52277e-05
"PROPFERM-PWY: superpathway of L-alanine fermentation (Stickland reaction)",0,0,0,0,0,0,0,0,0,0,0,0,0,0,0,0,0,0,0,0,0,0,0,0,0,0,0,0,0,0,0,0,0,0,0,0,0,0,0,0,0,0,0,0,0,0,0,0,0,0,0,0,0,0,0,0,0,0
"PROTOCATECHUATE-ORTHO-CLEAVAGE-PWY: protocatechuate degradation II (ortho-cleavage pathway)",0,0,0,0,0,0,0,0,0,0,0,0,0,0,0,0,0,0,0,0,0,0,0,0,0,0,0,0,0,0,0,0,0,0,0,0,0,0,0,0,0,0,0,0,1.198e-05,0,0,0,0,0,0,0,0,0,0,0,0,0
"PRPP-PWY: superpathway of histidine, purine, and pyrimidine biosynthesis",0,0,0,7.65923e-05,0,0,0,0,0,0,0,0,0.000100779,0,0,0,0,0,0,0,0,0,0,0,0,0,0,0,0,0,0,0,0,0,0,0,0,0,0,0,0,0,0,0,0,0,0,0,0,0,0,0,0,0,0,0,0,0
"PWY-101: photosynthesis light reactions",0,0,0,0,0,0,0,0,0,0,0,0,0,0,0,0,0,0,0,0,0,0,0,0,0,0,0,0,0,0,0,0,0,0,0,0,0,0,0,0,0,0,0,0,0,0,0,0,0,0,0,0,0,0,0,0,0,0
"PWY-1042: glycolysis IV",0.00049177,0.00052276,0.000340444,0.000417523,0.000502437,0.000531535,0.000417515,0.000488852,0.000649363,0.000590392,0.000442487,0.000504827,0.000370127,0.000368524,0.000476528,0.000424379,0.000425298,0.000326081,0.000518546,0.000277362,0.000397078,0.000510796,0.000372924,0.00056227,0.000520086,0.000474909,0.000490444,0.000338782,0.000414749,0.000461779,0.000548647,0.000524909,0.000455661,0.000309083,0.000452614,0.000575735,0.000575782,0.000444042,0.000459838,0.000547637,0.000425626,0.000634758,0.00040956,0.000470307,0.000391656,0.000457773,0.000470171,0.000379579,0.000418207,0.000530749,0.000540574,0.00053474,0.000462392,0.000697887,0.000407823,0.000580729,0.000398284,0.000613999
"PWY-1269: CMP-3-deoxy-D-manno-octulosonate biosynthesis",7.45735e-05,0,4.18266e-05,0.00016736,4.11318e-05,3.34007e-05,6.22553e-05,6.83403e-05,0,0,9.50284e-05,0,0.000158256,9.3704e-05,0,0.000332974,0,5.48783e-05,6.68721e-05,2.02463e-05,3.83236e-05,0.000111053,0,3.00351e-05,0.000102419,5.30783e-05,3.53571e-05,6.76334e-05,2.18974e-05,0,4.1354e-05,0,7.8905e-05,0,3.54217e-05,0,3.83113e-05,0.000100231,0,5.35474e-05,8.60162e-05,0.000158117,0,5.3926e-05,7.87604e-05,6.30509e-05,4.93242e-05,0.000135264,0,3.06844e-05,0,0.000139716,0,0,0,3.4545e-05,0,0.000126795
"PWY-1501: mandelate degradation I",0,0,0,0,0,0,0,0,0,0,0,0,0,0,0,0,0,0,0,0,0,0,0,0,0,0,0,0,0,0,0,0,0,0,0,0,0,0,0,0,0,0,0,0,0,0,0,0,0,0,0,0,0,0,0,0,0,0
"PWY-1622: formaldehyde assimilation I (serine pathway)",0,0,0,0,0,0,0,0,0,0,0,0,0,0,0,0,0,0,0,0,0,0,0,0,0,0,0,0,0,0,0,0,0,0,0,0,0,0,0,0,0,0,0,0,0,0,0,0,0,0,0,0,0,0,0,0,0,0
"PWY-181: photorespiration",0,0,0,0,0,0,0,0,0,0,0,0,0,0,0,0,0,0,0,0,0,0,0,0,0,0,0,0,0,0,0,0,0,0,0,0,0,0,0,0,0,0,0,0,0,0,0,0,0,0,0,0,0,0,0,0,0,0
"PWY-1861: formaldehyde assimilation II (assimilatory RuMP Cycle)",8.50319e-05,0.000126418,8.50526e-05,4.7997e-05,7.64878e-05,0,4.90806e-05,0,0,0,4.60002e-05,8.57607e-05,7.17662e-05,0,8.93345e-05,0,7.13955e-05,0,6.47608e-05,8.11185e-05,0,0,0,0,0.000118512,0,0,0,0,0,7.01228e-05,0,0,0,9.14626e-05,0,0.000145013,7.42374e-05,8.79136e-05,0,5.53563e-05,0,0,0,0,0,0,9.94104e-05,0,0,0.00013647,0.000100541,7.24111e-05,0,0,5.17837e-05,8.569e-05,6.61799e-05
"PWY-2221: Entner-Doudoroff pathway III (semi-phosphorylative)",0,0,0,0,0,0,0,0,0,0,0,0,0,0,0,0,0,0,0,0,0,0,0,0,0,0,0,0,0,0,0,0,0,0,0,0,0,0,0,0,0,0,0,0,0,0,0,0,0,0,0,0,0,0,0,0,0,0
"PWY-241: C4 photosynthetic carbon assimilation cycle, NADP-ME type",0.000105853,0,0,0.000215034,0,0,0.000105459,4.46316e-05,8.13248e-05,0.000110661,0,0,0.000107174,0.000107784,9.09825e-05,0,0,0,4.94476e-05,4.1685e-05,8.68475e-05,8.04496e-05,0,5.24998e-05,0,0,0.000152008,0,0,0,4.13426e-05,0,0.000113113,0,0.000108577,0,0,0.000166794,4.51369e-05,7.0397e-05,0,0,0,9.79981e-05,0.00011174,7.70411e-05,0,0,0.000135604,0,0,6.6103e-05,0,9.80085e-05,0,0.000158028,8.37027e-05,0
"PWY-2941: L-lysine biosynthesis II",4.46205e-05,0,0,9.82866e-05,0.000122182,0,0.000156402,0,7.69482e-05,0,8.48199e-05,8.40969e-05,0,0.000222222,0,0,0,0,0,0.000116982,0,0.0001543,0,9.84995e-05,0,0,0,0,0,0,8.88289e-05,0,0.00013639,4.68465e-05,7.08822e-05,0,0,0,0,8.70639e-05,7.54018e-05,9.26188e-05,5.93509e-05,0.000127261,0,0.000137864,0,0.000123024,0.000110649,0,0,0.00017627,0,7.49176e-05,8.81963e-05,0.000166714,0,6.2106e-05
"PWY-2942: L-lysine biosynthesis III",0.000350303,0.000299191,0.000212892,0.000287526,0.000291456,0.000264828,0.00035244,0.000292487,0.000435308,0.000292081,0.00035267,0.000264206,0.000254272,0.000248428,0.00031164,0.0003867,0.000258676,0.000184567,0.000241687,0.000272519,0.000225434,0.000221472,0.000209699,0.000231122,0.000276934,0.000232018,0.000317776,0.000180504,0.000344192,0.000320055,0.000338355,0.00021177,0.000315869,0.000203054,0.000334102,0.000277937,0.000320519,0.000367996,0.000303039,0.000275498,0.000356902,0.000283591,0.000303066,0.000369188,0.00024925,0.0002979,0.000369326,0.00029023,0.000191692,0.000352386,0.000292998,0.000367859,0.000290453,0.000325134,0.000212599,0.000340001,0.000314693,0.000261081
"PWY-3001: superpathway of L-isoleucine biosynthesis I",0.000263111,0.000210395,7.43694e-05,0.000273616,0.000114822,0.000300204,0.000291605,0.00032463,0.000361783,0.000268295,0.000159262,0.000269087,0.000215656,0.00020042,0.00024706,0.000217843,0.000169928,0,0.000246432,0.00021037,0.000184849,0.000274991,0.000151806,0.00019581,0.000114878,9.05425e-05,0.000315145,0.000171978,0.00010339,0.000149437,0.000245546,0.000114349,0.000305137,0.000158852,0.000307854,0.000212956,0.000239341,0.000306407,0,0.00016636,0,0.000172632,0.000132273,0.000289582,0.000218161,0.000287442,0.000141627,0.00019225,0.000184888,0.000213645,0.000247462,0.000298176,0.000118611,0.000231999,0.000250826,0.000307366,0.000197387,0.000119019
"PWY-3781: aerobic respiration I (cytochrome c)",0,0,0,0,0,0,0,0,0,0,0,0,0,0,0,0,0,0,0,0,0,0,0,0,0,0,0,0,0,0,0,0,0,0,0,0,0,0,0,0,0,0,0,0,0,0,0,0,0,0,0,0,0,0,0,0,0,0
"PWY-3801: sucrose degradation II (sucrose synthase)",0,0,0,0,0,0,0,0,0,0,0,0,0,0,0,0,0,0,0,0,0,0,0,0,0,0,0,0,0,0,0,0,0,0,0,0,0,0,0,0,0,0,0,0,6.31928e-05,0,0,0,0,0,0,0,0,0,0,0,0,0
"PWY-3841: folate transformations II (plants)",0.000313717,0.000304899,0.00025903,0.000246634,0.000379062,0.000336894,0.000296555,0.000389393,0.000432584,0.000296634,0.000310499,0.0003523,0.000209928,0.000277542,0.000384863,0.000437448,0.000334568,0.000192834,0.000247723,0.000278193,0.00023873,0.000309042,0.000328859,0.000266132,0.000274214,0.000271027,0.000394244,0.000265737,0.000326747,0.000245914,0.000375737,0.000316994,0.000299589,0.000261692,0.000326548,0.000374856,0.000365465,0.000342643,0.000386075,0.000355141,0.000249231,0.000276302,0.00030192,0.000375669,0.000242933,0.000306284,0.000435275,0.000279743,0.000380801,0.000307569,0.000391839,0.000290163,0.000331832,0.000407697,0.00030918,0.000327314,0.000329017,0.000321619
"PWY-4041: &gamma;-glutamyl cycle",4.93127e-05,5.83357e-05,3.36126e-05,0.000193723,0,2.06714e-05,5.90999e-05,0,0.000121498,4.22662e-05,0,6.85352e-05,0.000163222,6.95181e-05,5.94144e-05,0,0,0,4.39383e-05,0,5.71431e-05,5.72501e-05,0,5.84074e-05,3.27353e-05,0,7.2229e-05,0,0,7.00593e-05,2.65834e-05,0,8.1212e-05,0,8.15679e-05,5.16693e-05,0.000129696,0.000118778,0,6.32162e-05,0,0,0,4.35004e-05,9.61008e-05,5.98117e-05,0,0,4.08331e-05,5.69905e-05,6.33166e-05,5.77049e-05,5.35148e-05,3.65091e-05,0,6.06786e-05,2.56505e-05,0
"PWY-4361: S-methyl-5-thio-&alpha;-D-ribose 1-phosphate degradation I",0,0,0,0,0,0,0,0,0,0,0,0,0,0,0,0,0,0,0,0,0,0,0,0,0,0,0,0,0,0,0,0,0,0,0,0,0,0,0,0,0,0,0,0,0,0,0,0,0,0,0,0,0,0,0,0,0,0
"PWY-4702: phytate degradation I",0,0,0,0,0,0,0,0,0,0,0,0,0,0,0,0,0,0,0,0,0,0,0,0,0,0,0,0,0,0,0,0,0,0,0,0,0,0,0,0,0,0,0,0,0,0,0,0,0,0,0,0,0,0,0,0,0,0
"PWY-4984: urea cycle",3.55875e-05,7.1271e-05,0,0,0,0.000112977,0.000193979,7.37549e-05,0.000247023,7.19012e-05,8.51291e-05,0.000130471,0.000110693,0.000148694,0.000128342,0,0,0,4.99108e-05,0,6.86101e-05,0,0,0,0,0.000121027,0.000176343,0.00010599,0,0.000151553,0.000106073,0,6.44017e-05,0.000174063,0.00010409,4.00158e-05,0.000162168,0.000153079,0.000109349,0.000152384,6.74092e-05,0,5.53198e-05,0.000173406,0,0.000207569,0,0.000129626,0,5.61124e-05,6.33875e-05,9.78939e-05,4.7966e-05,9.6709e-05,4.54021e-05,0,0.000149869,6.02546e-05
"PWY-5004: superpathway of L-citrulline metabolism",0,0,0,0,0,0,0,0,0,0,0,0,0,0,0,0,0,0,0,0,0,0,0,0,0,0,0,0,0,0,0,0,0,0,0,0,0,0,0,0,0,0,0,0,0,0,0,0,0,0,0,0,0,0,0,0,0,0
"PWY-5005: biotin biosynthesis II",0,0,0,0,0,0,0,0,0,0,6.84397e-05,0,0,0,0,0,0,3.88653e-05,0,0,0,0,0,0,0,0,0,0,0,2.71682e-05,0,0,0,0,2.6171e-05,0,0,0,0,0,0,0,0,0,0,0,0,5.12224e-05,0,0,0,0,0,0,0,0,0,0
"PWY-5022: 4-aminobutanoate degradation V",0,0,0,0,0,0,0,0,0,0,0,0,3.19458e-05,0,0,0,0,0,0,0,0,0,0,0,0,0,0,0,0,0,0,0,0,0,0,0,0,0,0,0,0,0,0,0,0,0,0,0,0,0,0,0,0,0,0,0,0,0
"PWY-5028: L-histidine degradation II",0,0,0,0,0,0,0,0,0,0,0,0,0,0,0,0,0,0,0,0,0,0,0,0,0,0,0,0,0,0,0,0,0,0,0,0,0,0,0,0,0,0,0,0,0,0,0,0,0,0,0,0,0,0,0,0,0,0
"PWY-5030: L-histidine degradation III",0,9.99741e-05,0,0,4.42872e-05,0,5.9395e-05,0.00013896,0.00021565,5.07418e-05,0.000142357,5.44706e-05,2.96185e-05,0.000101889,3.41091e-05,0,4.90853e-05,4.04949e-05,9.04633e-05,0,3.57598e-05,0,0,0,0,0,9.95123e-05,6.40713e-05,0,5.95102e-05,7.34917e-05,0,0.000154344,3.78293e-05,3.14826e-05,7.99058e-05,0.000104022,0.000116781,6.01499e-05,5.24142e-05,4.06598e-05,0,0,9.04217e-05,0,0.000153318,6.85355e-05,0.000103433,0,0,0,0,5.02856e-05,0,0,0,0,4.5946e-05
"PWY-5055: nicotinate degradation III",0,0,0,0,0,0,0,0,0,0,0,0,0,0,0,0,0,0,0,0,0,0,0,0,0,0,0,0,0,0,0,0,0,0,0,0,0,0,0,0,0,0,0,0,0,0,0,0,0,0,0,0,0,0,0,0,0,0
"PWY-5079: L-phenylalanine degradation III",0,0,0,0,0,0,0,0,0,0,0,0,0,0,0,0,0,0,0,0,0,0,0,0,0,0,0,0,0,0,0,0,0,0,0,0,0,0,0,0,0,0,0,0,0,0,0,0,0,0,0,0,0,0,0,0,0,0
"PWY-5080: very long chain fatty acid biosynthesis I",0,0,0,0,0,0,0,0,0,0,0,0,0,0,0,0,0,0,0,0,0,0,0,0,0,0,0,0,0,0,0,0,0,0,0,0,0,0,0,0,0,0,0,0,0,0,0,0,0,0,0,0,0,0,0,0,0,0
"PWY-5088: L-glutamate degradation VIII (to propanoate)",0,0,0,0,0,0,0,0,0,0,0,0,0,0,0,0,0,0,0,0,0,0,0,0,0,0,0,0,0,0,0,0,0,0,0,0,0,0,0,0,0,0,0,0,0,0,0,0,0,0,0,0,0,0,0,0,0,0
"PWY-5097: L-lysine biosynthesis VI",0.000349294,0.000299452,0.000337838,0.000292429,0.000340511,0.000295673,0.00033467,0.000273055,0.000393961,0.000350938,0.000309105,0.000282318,0.00026452,0.000242942,0.000321683,0.00035647,0.000278178,0.00019782,0.000284939,0.00028215,0.000237813,0.000233936,0.000353911,0.000250586,0.000339142,0.000284418,0.000384417,0.000178068,0.000375274,0.000333104,0.000363554,0.000231534,0.000284296,0.000216439,0.000352608,0.000385692,0.000349397,0.000342042,0.000385639,0.00040454,0.000321957,0.000357628,0.000338112,0.000341761,0.000260934,0.000293964,0.000360941,0.000284907,0.000269476,0.000361719,0.000396142,0.000382144,0.000310054,0.000394352,0.000272689,0.000341154,0.000357938,0.000273005
"PWY-5100: pyruvate fermentation to acetate and lactate II",0.000159394,0.000225976,0.000134508,0.000171029,0.000327805,0.000320169,0.000167868,0.000178479,0.000271156,0.000247358,0.000176853,8.57811e-05,0.000146744,0.000150609,0.000199581,3.84688e-05,0.000121747,0,0.00021111,0.000158514,0.00014657,0.000167128,0.00024426,0.000247883,0.000209536,0.000192354,0.000220451,0.000119139,0.000294576,0.00015601,0.000117733,0.000208041,0.000175384,0.000103973,0.000244026,0.000205883,0.000154354,0.000201052,0.000261817,0.000265256,0.000162526,0.00023104,0.000363965,0.000182251,0.000184767,0.00016152,0.00011759,0.000164175,0.000261603,0.000268317,0.000239592,0.000193404,0.000145748,0.000363574,0.000178382,0.00032186,0.000246728,0.000183409
"PWY-5101: L-isoleucine biosynthesis II",0,0,0,0,0,0,0,0,0,0,0,0,0,0,0,0,0,0,0,0,0,0,0,0,0,0,0,0,0,0,0,0,0,0,0,0,0,0,0,0,0,0,0,0,0,0,0,0,0,0,0,0,0,0,0,0,0,0
"PWY-5103: L-isoleucine biosynthesis III",0.000439012,0.000416785,0.000267934,0.000469341,0.00045984,0.000399398,0.000445338,0.000422268,0.000334728,0.000371272,0.000289948,0.000281985,0.000326304,0.000368918,0.000268135,0.000515967,0.000357326,0.000215392,0.000423035,0.000273559,0.000274912,0.000492855,0.000289911,0.000367764,0.000350053,0.000292355,0.000551825,0.000252475,0.000424605,0.000282491,0.000475727,0.000460558,0.000282889,0.000189739,0.00043979,0.000317989,0.000349341,0.000394825,0.000467979,0.00035511,0.00035019,0.000521674,0.000308605,0.000454603,0.0003637,0.000345184,0.000210195,0.000323954,0.000391178,0.000322268,0.000462493,0.000431812,0.000239457,0.000309703,0.000389518,0.000454082,0.000316891,0.000441986
"PWY-5104: L-isoleucine biosynthesis IV",0,0,0,0,0,0,3.39713e-05,0,0,0,0,3.76942e-05,0,0,0,0,0,0,2.76858e-05,0,0,0,0,0,0,0,2.94474e-05,0,0,5.5175e-05,0,0,0,0,0,0,0,0,0,0,0,0,0,0,0,0,0,0,0,0,0,0,0,0,0,0,0,0
"PWY-5121: superpathway of geranylgeranyl diphosphate biosynthesis II (via MEP)",0,0.000151155,0,9.91393e-05,0,6.61519e-05,6.70615e-05,0.000134548,0.000325574,8.9967e-05,0.000160103,0.000165723,1.91299e-05,7.82719e-05,0,0,9.20073e-05,0,0.000124194,0,0,4.4768e-05,0.000122437,8.42055e-05,0,9.05286e-05,8.61811e-05,0,6.04481e-05,0.000138519,0.00014797,0,0.00016758,9.91271e-05,5.91505e-05,0.000149102,0.000226495,0,0.000125239,7.42554e-05,0,0,7.89635e-05,0.000130982,6.15344e-05,0.000120367,0,0.000126674,0,4.52092e-05,6.77732e-05,5.75898e-05,0,9.71047e-05,0,0,0,0.000108018
"PWY-5130: 2-oxobutanoate degradation I",0,0,0,2.26995e-05,0,0,0,0,2.57072e-05,0,0,0,0,0,3.72655e-05,0,0,0,0,0,0,0,0,0,0,0,0,0,0,0,0,0,0,4.12032e-05,0,0,0,0,0,5.10033e-05,0,0,0,0,2.76804e-05,0,4.65389e-05,0,1.63144e-05,0,0,0,0,0,0,0,0,0
"PWY-5136: fatty acid &beta;-oxidation II (plant peroxisome)",0,0,0,0.000211238,0,0,0,0,0,0,0,0,7.39069e-05,0,0,0,0,0,0,0,0,0,0,0,0,0,0,0,3.64028e-05,0,0,0,0,0,0,0,0,0,0,0,0,0,0,0,0.000107772,0,0,0,0,5.32046e-05,0,0,0,0,0,0,0,0
"PWY-5138: fatty acid &beta;-oxidation IV (unsaturated, even number)",0,0,0,8.27274e-05,0,0,0,0,0,0,0,0,3.25785e-05,0,0,0,0,0,0,0,0,0,0,0,0,0,0,0,0,0,0,0,0,0,0,0,0,0,0,0,0,0,0,0,0,0,0,0,0,0,0,0,0,0,0,0,0,0
"PWY-5154: L-arginine biosynthesis III (via N-acetyl-L-citrulline)",0.000284637,0.00014011,0,0.000278794,0.000130659,0.000200383,0.000140241,0.0002317,0.000247726,6.08789e-05,0.000272408,0.000113157,0.000160729,0.000181506,0.000212371,8.64236e-05,0.000138631,0.000127639,0.000195101,8.39183e-05,3.97198e-05,0.000241752,0.000142043,0.000123549,0.000244181,0.000110675,0.000180415,0.000124612,0,5.90354e-05,0.000150601,0,0.000202673,0.000102953,0.000209957,0.000123795,0.000230253,0.000185744,0.000158244,0.00010699,0.000211343,0.000307721,0,0.000180498,7.84074e-05,0.000223868,9.74707e-05,0.000145592,0,0.000247651,7.59949e-05,0.000278307,0.000175522,0.000177437,0.000207131,0.000111708,0.000163452,0.000325307
"PWY-5156: superpathway of fatty acid biosynthesis II (plant)",0,0,0,0,0,0,0,0,0,0,0,0,0,0,0,0,0,0,0,0,0,0,0,0,0,0,0,0,0,0,0,0,0,0,0,0,0,0,0,0,0,0,0,0,0,0,0,0,0,0,0,0,0,0,0,0,0,0
"PWY-5178: toluene degradation IV (aerobic) (via catechol)",0,0,0,0,0,0,0,0,0,0,0,0,0,0,0,0,0,0,0,0,0,0,0,0,0,0,0,0,0,0,0,0,0,0,0,0,0,0,0,0,0,0,0,0,0,0,0,0,0,0,0,0,0,0,0,0,0,0
"PWY-5180: toluene degradation I (aerobic) (via o-cresol)",0,0,0,0,0,0,0,0,0,0,0,0,0,0,0,0,0,0,0,0,0,0,0,0,0,0,0,0,0,0,0,0,0,0,0,0,0,0,0,0,0,0,0,0,0,0,0,0,0,0,0,0,0,0,0,0,0,0
"PWY-5188: tetrapyrrole biosynthesis I (from glutamate)",5.07391e-05,6.62957e-05,0.000189419,0.000133908,9.57718e-05,4.71824e-05,0.000111478,0.000104673,9.89877e-05,7.12157e-05,3.22729e-05,8.59504e-05,0.000125029,0,0.000172821,3.5648e-05,5.6426e-05,0,4.35498e-05,7.76306e-05,3.06826e-05,4.12662e-05,0.000131208,0.000153575,8.46044e-05,0.000134059,0.000153634,0,0.000134784,7.99543e-05,0.000210955,0.00013172,6.19651e-05,5.90524e-05,0.00010257,0.000146594,0.000171713,3.14184e-05,0.000137057,8.22102e-05,2.85636e-05,0,0.000151433,0.000166301,0.000140163,7.3024e-05,6.79132e-05,8.03007e-05,8.63805e-05,4.86927e-05,0.000131959,0,0.000130593,0.000143863,4.43878e-05,0.000132282,0.000116162,8.57721e-05
"PWY-5189: tetrapyrrole biosynthesis II (from glycine)",0,0,0,8.09346e-05,0,0,0,0,0,0,0,0,0,0,0,0,0,0,0,3.83754e-05,0,0,0,0,3.84027e-05,0,0,0,0,0,0,0,0,0,0,0,0,0,0,0,0,0,0,0,3.01337e-05,0,6.08104e-05,0,0,0,0,0,0,0,0,0,0,0
"PWY-5198: factor 420 biosynthesis II (mycobacteria)",2.30111e-05,0,0,0,0,0,0,0,0,0,0,0,0,0,0,0,0,0,0,0,0,0,0,0,0,0,0,0,0,0,0,0,0,0,0,0,0,0,0,0,0,0,0,0,0,0,0,3.46803e-05,0,0,0,0,0,0,0,0,2.96959e-05,0
"PWY-5209: methyl-coenzyme M oxidation to CO2",0,0,0,0,0,0,0,0,0,0,0,0,0,0,0,0,0,0,0,0,0,0,0,0,0,0,0,0,0,0,0,0,0,0,0,0,0,0,0,0,0,0,0,0,0,0,0,0,0,0,0,0,0,0,0,0,0,0
"PWY-5265: peptidoglycan biosynthesis II (staphylococci)",0,0,0,0,0,0,0,0,0,0,0,0,0,0,0,0,0,0,0,0,0,0,0,0,0,0,0,0,0,0,0,0,0,0,0,0,0,0,0,0.000114019,0,0,0,0,0,0,0,0,0,0,0,0,0,0,0,0,0,0
"PWY-5306: superpathway of thiosulfate metabolism (Desulfovibrio sulfodismutans)",0,0,0,0,0,0,0,0,0,0,0,0,0,0,0,0,0,0,0,0,0,0,0,0,0,0,0,0,0,0,0,0,0,0,0,0,0,0,0,0,0,0,0,0,0,0,0,0,0,0,0,0,0,0,0,0,0,0
"PWY-5345: superpathway of L-methionine biosynthesis (by sulfhydrylation)",0,0.000101597,0,0.000149817,0,0,2.70227e-05,0,0,8.33003e-05,0,0,8.58493e-05,0,0,0,0,0,0,3.90909e-05,0,0,0,0,0,0,0,0,0,8.68689e-05,0.000125248,4.70018e-05,0,0,0,0,0,0,0,5.74997e-05,0,0,0,0.000193497,0.000137829,0,0,0,0,7.05905e-05,0,0,6.0505e-05,0,0,0.000111312,0,0
"PWY-5347: superpathway of L-methionine biosynthesis (transsulfuration)",0,0,0,0.000269973,0,0,0,0,6.74817e-05,0,0,0,0.000119381,4.8825e-05,0,0,0,0,0,0,0,0,0,0,0,0,0,0,0,0,0,0,0,0,0,0,0,8.3985e-05,0,4.92731e-05,0,0,0,5.50221e-05,6.86547e-05,0,0,0,0,0,0,0,0,0,0,0,0,0
"PWY-5367: petroselinate biosynthesis",0,0,0,6.1197e-05,0,0,0,0,0,4.27405e-05,3.23573e-05,0,7.56365e-05,0,0,0,0,3.54329e-05,0,0,0,0,3.23399e-05,0,4.95465e-05,0,0,0,0,0,0,0,0,0,0,4.50066e-05,0,0,0,0,0,0,0,0,0,4.68848e-05,0,0,0,5.35258e-05,0,0,0,0,0,0,0,0
"PWY-5384: sucrose degradation IV (sucrose phosphorylase)",0.000112068,0.000209666,3.30652e-05,0.000188196,3.49326e-05,0.000142008,9.92579e-05,3.21494e-05,0.00011526,0.000111577,8.41087e-05,7.33847e-05,6.32063e-05,8.27279e-05,0.000116548,0,8.0446e-05,0,0.000182167,4.28987e-05,0.000167459,8.84121e-05,4.55218e-05,0.000218995,0,6.3873e-05,0.0001233,7.76151e-05,0.000218743,0.00013404,0.000160984,5.13078e-05,8.07124e-05,0.000122375,0.000113901,0.000133464,5.50413e-05,0.000215791,4.9902e-05,7.61003e-05,0,9.99017e-05,0.000150054,0.000147983,0.000146956,6.30245e-05,0,5.8784e-05,0.000113222,7.87697e-05,8.98412e-05,0.000108223,0,0.000126825,3.57126e-05,0.000117752,6.25057e-05,8.62278e-05
"PWY-5392: reductive TCA cycle II",0,0,0,0,0,0,0,0,0,0,0,0,0,0,0,0,0,0,0,0,0,0,0,0,0,0,0,0,0,0,0,0,0,0,0,0,0,0,0,0,0,0,0,0,0,0,0,0,0,0,0,0,0,0,0,0,0,0
"PWY-5415: catechol degradation I (meta-cleavage pathway)",0,0,0,0,0,0,0,0,0,0,0,0,0,0,0,0,0,0,0,0,0,0,0,0,0,0,0,0,0,0,0,0,0,0,0,0,0,0,0,0,0,0,0,0,0,0,0,0,0,0,0,0,0,0,0,0,0,0
"PWY-5417: catechol degradation III (ortho-cleavage pathway)",0,0,0,0,0,0,0,0,0,0,0,0,0,0,0,0,0,0,0,0,0,0,0,0,0,0,0,0,0,0,0,0,0,0,0,0,0,0,0,0,0,0,0,0,0,0,0,0,0,0,0,0,0,0,0,0,0,0
"PWY-5419: catechol degradation to 2-hydroxypentadienoate II",0,0,0,0,0,0,0,0,0,0,0,0,0,0,0,0,0,0,0,0,0,0,0,0,0,0,0,0,0,0,0,0,0,0,0,0,0,0,0,0,0,0,0,0,0,0,0,0,0,0,0,0,0,0,0,0,0,0
"PWY-5420: catechol degradation II (meta-cleavage pathway)",0,0,0,0,0,0,0,0,0,0,0,0,0,0,0,0,0,0,0,0,0,0,0,0,0,0,0,0,0,0,0,0,0,0,0,0,0,0,0,0,0,0,0,0,0,0,0,0,0,0,0,0,0,0,0,0,0,0
"PWY-5431: aromatic compounds degradation via &beta;-ketoadipate",0,0,0,0,0,0,0,0,0,0,0,0,0,0,0,0,0,0,0,0,0,0,0,0,0,0,0,0,0,0,0,0,0,0,0,0,0,0,0,0,0,0,0,0,0,0,0,0,0,0,0,0,0,0,0,0,0,0
"PWY-5464: superpathway of cytosolic glycolysis (plants), pyruvate dehydrogenase and TCA cycle",0,0,0,0,0,0,0,0,0,0,0,0,0,0,0,0,0,0,0,0,0,0,0,0,0,0,0,0,0,0,0,0,0,0,0,0,0,0,0,0,0,0,0,0,0,0,0,0,0,0,0,0,0,0,0,0,0,0
"PWY-5484: glycolysis II (from fructose 6-phosphate)",0.000268918,0.000160442,0.000142078,0.000259351,9.21014e-05,8.84951e-05,0.000269836,0.000104398,0.000286698,9.96352e-05,0.000160886,5.78686e-05,0.000246047,0.000161536,0.000182402,7.93339e-05,9.27849e-05,9.8109e-05,0.000189299,0.000159401,0.000214407,0.00018431,8.33117e-05,0.000152459,0.00011228,8.42225e-05,0.000150821,0.000130471,0,7.83252e-05,0.00012747,0.000162883,0.000193209,0.000175024,0.00019407,3.90832e-05,0.000143018,0.00026689,0.000179883,6.60592e-05,0.000105755,0,0,0.00024241,0.000197505,0.000188437,0,0.000214991,0.000222329,0.000185371,7.04202e-05,9.87078e-05,7.0985e-05,0.00022558,7.87661e-05,9.77436e-05,0.000138412,7.46176e-05
"PWY-5494: pyruvate fermentation to propanoate II (acrylate pathway)",0,0,0,0,0,0,0,0,0,0,0,0,0,0,0,0,0,0,0,0,0,0,0,0,0,0,0,0,0,0,0,0,0,0,0,0,0,0,0,0,0,0,0,0,0,0,0,0,0,0,0,0,0,0,0,0,0,0
"PWY-5497: purine nucleobases degradation II (anaerobic)",0,0,0,0,0,0,0,0,0,0,0,0,4.18637e-05,2.93037e-05,0,0,0,0,0,0,0,0,0,0,0,0,0,0,0,0,0,0,0,0,0,0,0,0,0,0,0,0,0,0,0,0,0,0,0,0,0,0,0,0,0,0,0,0
"PWY-5505: L-glutamate and L-glutamine biosynthesis",3.59341e-05,0.000113195,0,5.78764e-05,4.18901e-05,0.000126841,4.66399e-05,0,0,6.60984e-05,0,4.34444e-05,6.57083e-05,0,6.47048e-05,0,0,3.9474e-05,0,2.5625e-05,0,3.732e-05,7.8056e-05,0,5.92718e-05,0,6.52406e-05,3.98945e-05,0,4.94534e-05,0,0,9.08134e-05,0,7.44678e-05,6.42919e-05,4.46533e-05,0,0,0,0.000156228,0,0,3.82142e-05,8.43149e-05,0,2.87305e-05,3.35325e-05,0,4.05681e-05,0,0.000111566,0,7.27888e-05,7.0315e-05,3.49886e-05,0,8.3135e-05
"PWY-5514: UDP-N-acetyl-D-galactosamine biosynthesis II",0,0,0,0,0,0,0,0,0,0,0,0,0,0,0,0,0,0,0,0,0,0,0,0,0,0,0,0,0,0,0,0,0,0,0,0,0,0,0,0,0,0,0,0,0,0,0,0,0,0,0,0,0,0,0,0,0,0
"PWY-5531: 3,8-divinyl-chlorophyllide a biosynthesis II (anaerobic)",0,0,0,0,0,0,0,0,0,0,0,0,0,0,0,0,0,0,0,0,0,0,0,0,0,0,0,0,0,0,0,0,0,0,0,0,0,0,0,0,0,0,0,0,0,0,0,0,0,0,0,0,0,0,0,0,0,0
"PWY-561: superpathway of glyoxylate cycle and fatty acid degradation",0,0,0,0.000158086,0,0,0,0,0,0,0,0,7.09967e-05,0,0,0,0,0,0,0,0,0,0,0,0,0,0,0,0,0,0,0,0,0,0,0,0,0,0,0,0,0,0,0,5.90818e-05,0,0,0,0,0,0,0,0,0,0,0,0,0
"PWY-5647: 2-nitrobenzoate degradation I",0,0,0,0,0,0,0,0,0,0,0,0,0,0,0,0,0,0,0,0,0,0,0,0,0,0,0,0,0,0,0,0,0,0,0,0,0,0,0,0,0,0,0,0,0,0,0,0,0,0,0,0,0,0,0,0,0,0
"PWY-5651: L-tryptophan degradation to 2-amino-3-carboxymuconate semialdehyde",0,0,0,0,0,0,0,0,0,0,0,0,0,0,0,0,0,0,0,0,0,0,0,0,0,0,0,0,0,0,0,0,0,0,0,0,0,0,0,0,0,0,0,0,0,0,0,0,0,0,0,0,0,0,0,0,0,0
"PWY-5654: 2-amino-3-carboxymuconate semialdehyde degradation to 2-hydroxypentadienoate",0,0,0,0,0,0,0,0,0,0,0,0,0,0,0,0,0,0,0,0,0,0,0,0,0,0,0,0,0,0,0,0,0,0,0,0,0,0,0,0,0,0,0,0,0,0,0,0,0,0,0,0,0,0,0,0,0,0
"PWY-5656: mannosylglycerate biosynthesis I",0,0,0,4.04513e-05,0,0,0,0,0,0,0,0,5.66186e-05,0,0,0,0,0,0,0,0,0,0,0,0,0,0,0,0,0,0,0,0,0,0,0,0,0,0,0,0,0,0,0,0,0,0,0,0,3.08677e-05,0,0,0,0,0,0,0,0
"PWY-5659: GDP-mannose biosynthesis",5.39412e-05,0.000171826,3.33007e-05,0.000138467,3.62982e-05,0.000121536,6.37892e-05,9.23453e-05,0.000170983,9.80914e-05,0.000109909,0.000102105,0.000136982,0.000124746,0,3.48383e-05,6.4937e-05,8.0006e-05,0.000116671,6.03531e-05,8.60521e-05,7.99249e-05,6.21168e-05,0.000167311,4.20684e-05,0.000125646,8.42822e-05,6.22598e-05,0.000181177,7.33261e-05,0.000136168,0,0.000162914,6.71993e-05,3.77761e-05,0.000146059,0.000158787,5.40409e-05,9.63289e-05,0.000104865,0.000100959,6.53815e-05,0.000127311,0.000155799,8.44686e-05,0.000134431,0.000115719,0.000101518,5.72742e-05,7.27938e-05,0.000152714,2.19579e-05,8.61591e-05,6.21917e-05,6.57356e-05,7.61683e-05,3.96619e-05,3.29209e-05
"PWY-5667: CDP-diacylglycerol biosynthesis I",0.00010254,0.000215858,0.000220827,0.000346127,0.000281779,0.000299116,0.00019008,0.000276895,0.000356443,0.00016577,0.000251935,0.000376855,0.000259224,0.000297,0.000169992,0.000331104,0.000243242,0.000190534,0.000250348,0.000192845,0.000183424,0.00016071,0.000170365,0.000254916,0.000333737,0.000186072,0.000259276,0.000206102,0.000350258,0.000301123,0.000210229,0.000237826,0.000264219,0.000147039,0.000238018,0.000339294,0.000313358,0.00035469,0.000280728,0.000245841,0.000286094,0.000261412,0.000198196,0.00036024,0.000235682,0.000325121,0.000265363,0.00015993,0.000332183,0.000343741,0.00031801,0.000274724,0.000272373,0.000324271,0.000225626,0.000269709,0.000294877,0.000289831
"PWY-5675: nitrate reduction V (assimilatory)",0,0,0,8.22233e-05,0,0,3.63335e-05,0,0,0,0,0,9.52207e-05,0,0,0,0,0,0,2.41569e-05,0,0,0,0,0,0,0,0,0,0,0,0,0,0,0,0,0,0,0,0,0,0,0,0,0.000110783,0,0,0,0,0,0,0,0,0,0,0,0,0
"PWY-5676: acetyl-CoA fermentation to butanoate II",4.60027e-05,4.37759e-05,0,0.000119502,0,0,0,0,0,0,5.04224e-05,0,0.000105025,0,0,0,2.76907e-05,0,7.02629e-05,3.83195e-05,0,4.44415e-05,0,2.84654e-05,0,9.74079e-05,8.54131e-05,3.87298e-05,3.26022e-05,0,4.18519e-05,0,7.73444e-05,0,3.10212e-05,0,0,8.80257e-05,0,0.000123307,0,3.76347e-05,0,0,7.47597e-05,4.81913e-05,3.95731e-05,0,6.8096e-05,6.03565e-05,0.000119319,0,5.36989e-05,0,0,4.1311e-05,3.39679e-05,0
"PWY-5677: succinate fermentation to butanoate",0,0,0,0,0,0,0,0,0,0,0,0,2.16035e-05,0,0,0,0,0,0,0,0,0,0,0,0,0,0,0,0,0,0,0,0,0,0,0,0,0,0,0,0,0,0,0,0,0,0,0,0,0,0,0,0,0,0,0,0,0
"PWY-5686: UMP biosynthesis I",0.00044065,0.000394789,0.00031163,0.000221905,0.000356712,0.000432413,0.000420095,0.000385763,0.00039727,0.000372459,0.000410236,0.000430988,0.000274905,0.000259323,0.000355732,0.000505659,0.000414718,0.000302486,0.000380954,0.000386618,0.000240483,0.00039198,0.000372075,0.000390443,0.000349295,0.000317002,0.000447445,0.000292796,0.000432921,0.000387196,0.000394765,0.000390214,0.000404509,0.000154175,0.000451682,0.000533282,0.000426317,0.000389638,0.000350073,0.000420972,0.00032427,0.000443044,0.00043064,0.000450845,0.000342696,0.000384283,0.000449664,0.000271853,0.000345938,0.000365645,0.000404402,0.00032984,0.000420157,0.000547901,0.000409884,0.000283593,0.000339301,0.000451323
"PWY-5690: TCA cycle II (plants and fungi)",0,0,0,0,0,0,0,0,0,0,0,0,0,0,0,0,0,0,0,3.12492e-05,0,0,0,0,0,0,0,0,0,0,0,0,0,0,0,0,0,0,0,0,0,0,0,0,0,0,0,0,0,0,0,0,0,0,0,0,0,0
"PWY-5692: allantoin degradation to glyoxylate II",0,0,0,7.11766e-06,0,0,0,0,0,0,0,0,5.71457e-06,0,0,0,0,0,0,0,0,0,0,0,0,0,0,0,0,0,0,0,0,0,0,0,0,0,0,0,0,0,0,0,0,0,0,0,0,0,0,0,0,0,0,0,0,0
"PWY-5695: inosine 5'-phosphate degradation",0.000206369,0.000272548,0.00014474,0.000394189,0.000237777,0.000202908,0.000333449,0.00028879,0.000443027,0.000187099,0.000303376,0.000212299,0.000242651,0.000264113,0.000184815,0.000212912,0.000216373,8.64227e-05,0.000238563,0.000253708,0.000108667,0.000245093,0.000139095,0.000229078,0.000132969,0.000168793,0.000310885,0.000224065,0.000385235,0.000222373,0.000298576,7.53342e-05,0.000326261,0.000158166,0.000312035,0.000335014,0.000368041,0.000263562,0.000234258,0.000269735,0.000328688,0.000271449,0.000321581,0.000292579,0.00025326,0.000359891,0.000308927,0.00033956,0.00014518,0.000286072,0.000101964,0.000248203,0.000183617,0.000321615,0.000175623,0.00012535,0.000191927,0.000281486
"PWY-5705: allantoin degradation to glyoxylate III",0,0,0,3.03872e-05,0,0,0,0,0,0,0,0,1.75495e-05,0,0,0,0,0,0,0,0,0,0,0,0,0,0,0,0,0,0,0,0,0,0,0,0,0,0,0,0,0,0,0,0,0,0,0,0,0,0,0,0,0,0,0,0,0
"PWY-5723: Rubisco shunt",0,0,0,0.000271042,0,0,0,0,0,0,0,0,0.000154879,4.38625e-05,0,0,0,0.000106485,0,5.72949e-05,0,0,0,0,5.81953e-05,0,0,0,0,0,0,0,0,0,0,0,0,0,0,0,0,0,0,0,0,0,0,0,0,5.65123e-05,0,0,0,0,0,0,0,0
"PWY-5724: superpathway of atrazine degradation",0,0,0,0,0,0,0,0,0,0,0,0,0,0,0,0,0,0,0,0,0,0,0,0,0,0,0,0,0,0,0,0,0,0,0,0,0,0,0,0,0,0,0,0,0,0,0,0,0,0,0,0,0,0,0,0,0,0
"PWY-5742: L-arginine degradation IX (arginine:pyruvate transaminase pathway)",0,0,0,0,0,0,0,0,0,0,0,0,0,0,0,0,0,0,0,0,0,0,0,0,0,0,0,0,0,0,0,0,0,0,0,0,0,0,0,0,0,0,0,0,0,0,0,0,0,0,0,0,0,0,0,0,0,0
"PWY-5747: 2-methylcitrate cycle II",0,0,0,2.05509e-05,0,0,0,0,0,0,0,0,1.40531e-05,0,0,0,0,0,0,0,0,0,0,0,0,0,0,0,0,0,0,0,0,0,0,0,0,0,0,0,0,0,0,0,0,0,0,0,0,0,0,0,0,0,0,0,0,0
"PWY-5837: 2-carboxy-1,4-naphthoquinol biosynthesis",0,0,0,8.80781e-05,0,0,0,0,0,0,0,0,4.43326e-05,0,0,0,0,0,0,0,0,0,0,0,0,0,0,0,0,0,0,0,0,0,0,0,0,0,0,0,0,0,0,0,2.23747e-05,0,0,0,0,0,0,0,0,0,0,0,0,0
"PWY-5838: superpathway of menaquinol-8 biosynthesis I",0,0,0,0.000129333,0,0,0,0,0,0,0,0,8.8581e-05,0,0,0,0,0,0,0,0,0,0,0,0,0,0,0,0,0,0,0,0,0,0,0,0,0,0,0,0,0,0,0,4.73655e-05,0,0,0,0,0,0,0,0,0,0,0,0,0
"PWY-5840: superpathway of menaquinol-7 biosynthesis",0,0,0,0.000121446,0,0,0,0,0,0,0,0,6.74733e-05,0,0,0,0,0,0,0,0,0,0,0,0,0,0,0,0,0,0,0,0,0,0,0,0,0,0,0,0,0,0,0,3.58311e-05,0,0,0,0,0,0,0,0,0,0,0,0,0
"PWY-5845: superpathway of menaquinol-9 biosynthesis",0,0,0,0.000121446,0,0,0,0,0,0,0,0,8.16762e-05,0,0,0,0,0,0,0,0,0,0,0,0,0,0,0,0,0,0,0,0,0,0,0,0,0,0,0,0,0,0,0,3.58311e-05,0,0,0,0,0,0,0,0,0,0,0,0,0
"PWY-5850: superpathway of menaquinol-6 biosynthesis",0,0,0,0.000121446,0,0,0,0,0,0,0,0,6.74733e-05,0,0,0,0,0,0,0,0,0,0,0,0,0,0,0,0,0,0,0,0,0,0,0,0,0,0,0,0,0,0,0,3.58311e-05,0,0,0,0,0,0,0,0,0,0,0,0,0
"PWY-5855: ubiquinol-7 biosynthesis (early decarboxylation)",0,0,0,2.61721e-05,0,0,0,0,0,0,0,0,2.70093e-05,0,0,0,0,0,0,0,0,0,0,0,0,0,0,0,0,0,0,0,0,0,0,0,0,0,0,0,0,0,0,0,0,0,0,0,0,0,0,0,0,0,0,0,0,0
"PWY-5860: superpathway of demethylmenaquinol-6 biosynthesis I",0,0,0,0.000114685,0,0,0,0,0,0,0,0,5.1314e-05,0,0,0,0,0,0,0,0,0,0,0,0,0,0,0,0,0,0,0,0,0,0,0,0,0,0,0,0,0,0,0,2.69898e-05,0,0,0,0,0,0,0,0,0,0,0,0,0
"PWY-5861: superpathway of demethylmenaquinol-8 biosynthesis I",0,0,0,0.000125528,0,0,0,0,0,0,0,0,7.04697e-05,0,0,0,0,0,0,0,0,0,0,0,0,0,0,0,0,0,0,0,0,0,0,0,0,0,0,0,0,0,0,0,3.72347e-05,0,0,0,0,0,0,0,0,0,0,0,0,0
"PWY-5862: superpathway of demethylmenaquinol-9 biosynthesis",0,0,0,0.000114685,0,0,0,0,0,0,0,0,6.40121e-05,0,0,0,0,0,0,0,0,0,0,0,0,0,0,0,0,0,0,0,0,0,0,0,0,0,0,0,0,0,0,0,2.69898e-05,0,0,0,0,0,0,0,0,0,0,0,0,0
"PWY-5870: ubiquinol-8 biosynthesis (late decarboxylation)",0,0,0,0,0,0,0,0,0,0,0,0,0,0,0,0,0,0,0,0,0,0,0,0,0,0,0,0,0,0,0,0,0,0,0,0,0,0,0,0,0,0,0,0,0,0,0,0,0,0,0,0,0,0,0,0,0,0
"PWY-5873: ubiquinol-7 biosynthesis (late decarboxylation)",0,0,0,0,0,0,0,0,0,0,0,0,0,0,0,0,0,0,0,0,0,0,0,0,0,0,0,0,0,0,0,0,0,0,0,0,0,0,0,0,0,0,0,0,0,0,0,0,0,0,0,0,0,0,0,0,0,0
"PWY-5896: superpathway of menaquinol-10 biosynthesis",0,0,0,0.000121446,0,0,0,0,0,0,0,0,6.74733e-05,0,0,0,0,0,0,0,0,0,0,0,0,0,0,0,0,0,0,0,0,0,0,0,0,0,0,0,0,0,0,0,3.58311e-05,0,0,0,0,0,0,0,0,0,0,0,0,0
"PWY-5897: superpathway of menaquinol-11 biosynthesis",0,0,0,0.000126791,0,0,0,0,0,0,0,0,8.43886e-05,0,0,0,0,0,0,0,0,0,0,0,0,0,0,0,0,0,0,0,0,0,0,0,0,0,0,0,0,0,0,0,4.66641e-05,0,0,0,0,0,0,0,0,0,0,0,0,0
"PWY-5898: superpathway of menaquinol-12 biosynthesis",0,0,0,0.000126791,0,0,0,0,0,0,0,0,8.43886e-05,0,0,0,0,0,0,0,0,0,0,0,0,0,0,0,0,0,0,0,0,0,0,0,0,0,0,0,0,0,0,0,4.66641e-05,0,0,0,0,0,0,0,0,0,0,0,0,0
"PWY-5899: superpathway of menaquinol-13 biosynthesis",0,0,0,0.000126791,0,0,0,0,0,0,0,0,8.43886e-05,0,0,0,0,0,0,0,0,0,0,0,0,0,0,0,0,0,0,0,0,0,0,0,0,0,0,0,0,0,0,0,4.66641e-05,0,0,0,0,0,0,0,0,0,0,0,0,0
"PWY-5910: superpathway of geranylgeranyldiphosphate biosynthesis I (via mevalonate)",0,0,0,0,0,0,0,0,0,0,0,0,0,0,0,0,0,0,0,0,0,2.2019e-05,0,0,0,0,0,0,0,0,0,0,0,0,0,0,0,0,0,0,0,0,0,0,0,0,0,0,0,0,0,0,0,0,0,0,0,0
"PWY-5913: partial TCA cycle (obligate autotrophs)",0.000111807,0,0,0.000168431,0,0,3.78602e-05,0,0,2.79043e-05,0,0,0.000113051,5.05259e-05,0,0,0,0,3.08085e-05,3.85812e-05,0,0,0,3.16774e-05,3.41809e-05,0,0,0,0,0,0,0,0,0,0,0,0,8.1571e-05,3.30007e-05,4.09626e-05,0,0,0,8.10985e-05,7.83792e-05,0,0,0,6.11997e-05,3.02992e-05,0,0,0,7.24352e-05,2.07068e-05,0.000182759,7.99352e-05,0
"PWY-5918: superpathway of heme b biosynthesis from glutamate",0,0,0,0.000108463,0,0,0,0,0,0,0,0,0,0,0,0,0,0,0,0,0,0,0,0,0,0,0,0,0,0,0,0,0,0,0,0,0,0,0,0,0,0,0,0,0,0,0,0,0,0,0,0,0,0,0,0,0,0
"PWY-5920: superpathway of heme b biosynthesis from glycine",0,0,0,3.55723e-05,0,0,0,0,0,0,0,0,0,0,0,0,0,0,0,0,0,0,0,0,0,0,0,0,0,0,0,0,0,0,0,0,0,0,0,0,0,0,0,0,0,0,0,0,0,0,0,0,0,0,0,0,0,0
"PWY-5941: glycogen degradation II",0.000444675,0.000459924,0.000420025,0.000391618,0.000468874,0.000429555,0.000447821,0.000364549,0.00041618,0.00059518,0.000357812,0.00051221,0.000376607,0.000231163,0.000399133,0.000275243,0.000439742,0.000251103,0.000445683,0.00021561,0.000380244,0.000349808,0.000349512,0.000400947,0.000416845,0.000345957,0.000510963,0.000228913,0.000498954,0.000364207,0.000532601,0.000444603,0.00036785,0.000227321,0.000421867,0.000573905,0.00059458,0.000512026,0.000540191,0.000472094,0.000297403,0.000352195,0.000304749,0.000514151,0.000399899,0.000490416,0.000210953,0.000203649,0.000331835,0.000264926,0.000504932,0.000396817,0.000366841,0.000666837,0.000409624,0.000546292,0.000482371,0.000363144
"PWY-5971: palmitate biosynthesis (type II fatty acid synthase)",0,0,0,0.000220911,0,0,0,0,0,0,6.67289e-05,0,0.000234062,0,0,0,0,3.54004e-05,0,0,0,0,0,0,0,0,0,0,0,0,0,0,0,0,0,0,0,0,0,0,0,0,0,0,0,0,0,0,0,8.03976e-05,0,0,0,0,0,0,0,0
"PWY-5972: stearate biosynthesis I (animals)",0,0,0,0,0,0,0,0,0,0,0,0,0,0,0,0,0,0,0,0,0,0,0,0,0,0,0,0,0,0,0,0,0,0,0,0,0,0,0,0,0,0,0,0,0,0,0,0,0,0,0,0,0,0,0,0,0,0
"PWY-5973: cis-vaccenate biosynthesis",4.84354e-05,0.000180396,0.000122519,0.000182387,0.000138464,0.000222911,0.000206105,0.000276484,0.000388898,8.4198e-05,0.000251786,0.000142882,0.000208255,0.000200128,0.000162755,0.000118978,0.000146004,5.72573e-05,0.000209537,6.33174e-05,0.000165312,0.000263962,7.72285e-05,0.000175739,0.000113607,0.000155905,0.000201228,0.000128799,0,0.000235113,0.000171855,0,0.00025359,0.000177376,0.000177128,0.000141252,0.000236174,0.00023169,0.000133654,0.000101099,0.000309459,0.000198713,0.000123094,0.000214586,0.00013924,0.000291057,0.000224051,0.000198266,0.000120272,0.000291218,0,0.000229419,0.000241361,0.000244581,0.000200661,0,0.000190423,0.000124199
"PWY-5981: CDP-diacylglycerol biosynthesis III",0,0,0,5.88567e-05,0,0,0,0,0,0,0,0,0,0.000112697,0,0,0,0,0,0,0,7.63356e-05,0,9.50136e-05,0,0,0,0,0,0,0,3.77207e-05,9.20584e-05,0,2.04662e-05,0,0,0,0,0,0,0,0,0,0,7.42243e-05,4.04368e-05,3.55293e-05,0.000120795,0,0,0,0,0,0,0.00011753,0,0
"PWY-5989: stearate biosynthesis II (bacteria and plants)",0,8.13142e-05,0,0.0002033,0,0,0.000136067,0,5.50877e-05,4.78881e-05,4.6937e-05,0,0.000221295,3.5221e-05,6.3783e-05,0,0,3.51645e-05,0,4.84965e-05,7.1187e-05,0,3.46203e-05,0,5.85139e-05,0,0,0,0,0,0,0,3.97719e-05,0,0,5.55578e-05,0,7.18377e-05,0,8.06667e-05,0,0,4.10966e-05,0,9.51362e-05,6.24692e-05,0,0,0,6.2527e-05,0,0,0,0,0,0,0,0
"PWY-5994: palmitate biosynthesis (type I fatty acid synthase)",0,0,0,0,0,0,0,0,0,0,0,0,0,0,0,0,0,0,0,0,0,0,0,0,0,0,0,0,0,0,0,0,0,0,0,0,0,0,0,0,0,0,0,0,0,0,0,0,0,0,0,0,0,0,0,0,0,0
"PWY-6071: superpathway of phenylethylamine degradation",0,0,0,0,0,0,0,0,0,0,0,0,0,0,0,0,0,0,0,0,0,0,0,0,0,0,0,0,0,0,0,0,0,0,0,0,0,0,0,0,0,0,0,0,0,0,0,0,0,0,0,0,0,0,0,0,0,0
"PWY-6113: superpathway of mycolate biosynthesis",0,0,0,0,0,0,0,0,0,0,0,0,0,0,0,0,0,0,0,0,0,0,0,0,0,0,0,0,0,0,0,0,0,0,0,0,0,0,0,0,0,0,0,0,0,0,0,0,0,0,0,0,0,0,0,0,0,0
"PWY-6121: 5-aminoimidazole ribonucleotide biosynthesis I",0.000291307,0.000303636,0.000399506,0.000274274,0.000377386,0.000377678,0.000327434,0.00029725,0.000310009,0.000291022,0.000256444,0.000342153,0.000254297,0.000195881,0.000301437,0.00023056,0.000290052,0.000211652,0.000364773,0.000374192,0.000219781,0.000220236,0.000360345,0.000383009,0.000298845,0.000189972,0.000364677,0.00023898,0.000354704,0.000323238,0.000331224,0.000435734,0.000331923,0.000133711,0.000287157,0.000397056,0.000401519,0.000350994,0.000301411,0.000423951,0.000268022,0.000282249,0.000310878,0.000427899,0.000293287,0.00036805,0.000286962,0.000319118,0.00032177,0.000322456,0.000332444,0.000317961,0.000326518,0.000508623,0.000282235,0.000310571,0.000290139,0.000341665
"PWY-6122: 5-aminoimidazole ribonucleotide biosynthesis II",0.00032488,0.000303316,0.000464782,0.000321952,0.000360925,0.000394741,0.000314854,0.000292933,0.000307691,0.000312614,0.000279394,0.00033859,0.000256645,0.000201191,0.000353598,0.000346085,0.000316107,0.000232709,0.000363446,0.000384151,0.00027431,0.000272738,0.000402189,0.000400243,0.000317968,0.000206079,0.000390041,0.000233741,0.000367628,0.000339131,0.000332026,0.000452781,0.00034889,0.000150683,0.000328515,0.000403651,0.000397661,0.000375188,0.000318957,0.000439756,0.00030407,0.00030889,0.000302486,0.00047349,0.000336765,0.000390675,0.000284509,0.0003123,0.000309901,0.000313872,0.00037172,0.000338317,0.000371685,0.000489044,0.000317784,0.00032217,0.000343644,0.000355544
"PWY-6123: inosine-5'-phosphate biosynthesis I",0.000223215,0.00034146,4.92581e-05,0.000223471,0.000255498,0.000264264,0.000290781,0.000317543,0.000359045,0.000308416,0.000294877,0.000364672,0.000184509,0.000234573,0.000208765,0.000270189,0.00026478,0.000212995,0.000246063,0.000157331,0.000209078,0.000188442,0.00019529,0.000197196,0.000183521,0.000246744,0.00028607,0.000180371,0.000232891,0.000215563,0.000240964,0.000226844,0.000304467,0.000211653,0.000205557,0.000316396,0.000285169,0.000280575,0.000234586,0.000174729,0.000268258,5.75149e-05,0.000196872,0.000338254,0.000187444,0.000309431,0.000294357,0.000193246,0.000215163,0.000297891,0.000237899,0.000125878,0.000221239,0.000306771,0.000242981,0.000302827,0.000241625,0.000171144
"PWY-6124: inosine-5'-phosphate biosynthesis II",0.000211112,0.000350845,4.42891e-05,0.000195316,0.000254112,0.00024538,0.000277503,0.00030979,0.000353697,0.000302485,0.000279921,0.000345712,0.000180094,0.000231513,0.000203027,0.000263179,0.000245335,0.00020186,0.000227401,0.000145718,0.000202822,0.000173262,0.000183806,0.000187438,0.000167018,0.000246311,0.000277535,0.000173087,0.000229108,0.000195771,0.000224245,0.000227061,0.000314278,0.000222211,0.000192647,0.000293543,0.000304023,0.000268398,0.000214799,0.000180701,0.00026807,3.69983e-05,0.000190239,0.000316382,0.000148984,0.000287934,0.000285066,0.000197632,0.000192894,0.00028783,0.000227021,0.000109971,0.00020118,0.00028367,0.000227005,0.000305718,0.000225839,0.000156073
"PWY-6125: superpathway of guanosine nucleotides de novo biosynthesis II",6.13552e-05,0.000142073,0.000131376,4.1025e-05,0.000131957,4.31599e-05,0.000162126,0.000151169,0.000293135,0.000134812,0.000129222,3.79066e-05,0.000144923,0.000124548,0.000146882,0.000129387,0.000173499,0,7.60155e-05,4.82749e-05,0,6.54414e-05,4.37806e-05,6.35142e-05,0,9.51264e-05,0,0.000120909,0,0.000152448,9.6475e-05,9.22002e-05,0.000219651,0.000107791,5.86836e-05,0.000169667,0.000197845,0.000104907,8.45582e-05,4.32558e-05,0,6.23614e-05,0,4.79335e-05,0,0.000129066,0.000100048,0.000265379,0.000132907,0.000117802,0,0.000146743,0.000267864,0,0,7.97108e-05,0,3.67652e-05
"PWY-6126: superpathway of adenosine nucleotides de novo biosynthesis II",8.46497e-05,0.000192746,0.000176592,8.00632e-05,0.000158172,6.23047e-05,0.000221062,0.000226531,0.000341678,0.000182608,0.000179086,5.59368e-05,0.000188278,0.000168878,0.000199713,0.000165499,0.000240336,0,0.000105859,7.07298e-05,0,9.06482e-05,6.22572e-05,8.9298e-05,0,0.00012228,0,0.000158708,0,0.000201387,0.000136388,0.000129918,0.000307849,0.000142114,8.28715e-05,0.000225208,0.000259243,0.000145903,0.000117866,6.34793e-05,0,8.68206e-05,0,6.91026e-05,0,0.000176704,0.00014156,0.00030972,0.000183797,0.000158868,0,0.000183446,0.000364415,0,0,0.000114119,0,5.28089e-05
"PWY-6138: CMP-N-acetylneuraminate biosynthesis I (eukaryotes)",0,0,0,0,0,0,0,0,0,0,0,0,0,0,0,0,0,0,0,0,0,0,0,0,0,0,0,0,0,0,0,0,0,0,0,0,0,0,0,0,0,0,0,0,0,0,0,0,0,0,0,0,0,0,0,0,0,0
"PWY-6143: CMP-pseudaminate biosynthesis",0,0,0,0,0,0,0,0,0,0,0,0,0,0,0,0,2.49817e-05,0,0,0,0,0,0,0,0,0,0,0,0,0,3.36704e-05,0,2.24324e-05,0,0,0,0,7.91125e-05,2.31407e-05,0,0,0,0,0,0,0,0,4.09437e-05,0,0,0,0,0,0,0,0,0,0
"PWY-6147: 6-hydroxymethyl-dihydropterin diphosphate biosynthesis I",0.000161738,0.0001133,6.9485e-05,0.000156359,0,6.00559e-05,0.000118797,0.000132897,0.000286277,7.27696e-05,0.000147145,0.000106119,6.27306e-05,0.0001783,3.8742e-05,0.000187536,6.757e-05,0.000118811,0.000169541,9.85152e-05,0,0.000231007,6.02955e-05,9.92688e-05,0.000158349,0.000106062,7.20998e-05,0.000128827,0,6.13964e-05,0.000135479,0,0.000170701,4.56569e-05,0,8.70859e-05,0.000200204,0.000167712,6.21886e-05,7.05431e-05,0.000204668,0.000204461,0,0.000126445,8.70209e-05,3.44804e-05,0.000141173,0.000273542,0,0,0,0.000177635,0,0,9.32391e-05,3.87362e-05,3.70278e-05,0.000211368
"PWY-6148: tetrahydromethanopterin biosynthesis",0,0,0,0,0,0,0,0,0,0,0,0,0,0,0,0,0,0,0,0,0,0,0,0,0,0,0,0,0,0,0,0,0,0,0,0,0,0,0,0,0,0,0,0,0,0,0,0,0,0,0,0,0,0,0,0,0,0
"PWY-6151: S-adenosyl-L-methionine salvage I",0.000443127,0.000396375,0.000336779,0.000235314,0.000396241,0.000393509,0.000217501,0.000279899,0.000453982,0.000359992,0.000474884,0.000417032,0.000234016,0.000334694,0.000344861,0.000399911,0.000349171,0.000238006,0.000319463,0.000206844,0.00022165,0.000295056,0.000436962,0.000309898,0.000282859,0.000344156,0.000474278,0.000252233,0.000470456,0.000364164,0.000284441,0.000263925,0.000337331,0.000241975,0.000342528,0.000374769,0.000311147,0.000375829,0.000427947,0.00027449,0.000317358,0.000295212,0.000369034,0.00037302,0.000252421,0.00037284,0.0003159,0.000268511,0.000277098,0.000402829,0.000382603,0.000386385,0.000382044,0.000502844,0.000391021,0.000356521,0.00030964,0.000399168
"PWY-6160: 3-dehydroquinate biosynthesis II (archaea)",0,0,2.37137e-05,0,0,0,0,0,0,0,0,0,0,0,0,0,0,0,0,3.6708e-05,0,0,0,0,0,0,0,0,0,0,0,0,0,0,0,0,0,0,0,0,0,0,0,0,0,0,0,6.31112e-05,2.04686e-05,0,0,0,0,0,3.60024e-05,0,3.97478e-05,0
"PWY-6163: chorismate biosynthesis from 3-dehydroquinate",0.000316153,0.000322698,0.000423531,0.00028711,0.000422435,0.000403074,0.000386592,0.000341014,0.000541551,0.000428742,0.000322775,0.000401913,0.000327721,0.000242265,0.000371483,0.000435316,0.000312735,0.000214901,0.000402562,0.000334276,0.000300206,0.000290941,0.000434223,0.000374329,0.000309966,0.000286293,0.000416831,0.000266962,0.000460279,0.000300003,0.000392186,0.000362966,0.000327235,0.000208875,0.000311527,0.00047187,0.000396721,0.000429844,0.000434533,0.000442578,0.0003798,0.000366774,0.000369376,0.000388606,0.000311179,0.000335566,0.000362949,0.000304037,0.000422025,0.000404205,0.000381962,0.000334672,0.000460808,0.000538158,0.000312013,0.000365066,0.0004104,0.000344584
"PWY-6165: chorismate biosynthesis II (archaea)",0,0,5.71883e-05,0,0,0,0,0,0,0,0,0,0,0,0,0,0,0,0,8.25126e-05,0,0,0,0,0,0,0,0,0,0,0,0,0,0,0,0,0,0,0,0,0,0,0,0,0,0,0,0.000123621,5.02266e-05,0,0,0,0,0,7.93831e-05,0,9.04882e-05,0
"PWY-6167: flavin biosynthesis II (archaea)",0,0,0,0,0,0,0,0,0,0,0,0,0,0,0,0,0,0,0,0,0,0,0,0,0,0,0,0,0,0,0,0,0,0,0,0,0,0,0,0,0,0,0,0,0,0,0,0,0,0,0,0,0,0,0,0,0,0
"PWY-6168: flavin biosynthesis III (fungi)",0,0,0,0.00016681,0,0,0,0,0,0,0,0,0.000109412,0,0,0,0,0,0,0,0,0,0,0,0,0,0,0,0,0,0,0,0,0,0,0,0,0,0.00017342,0,0,0,0,0,6.09219e-05,0,0,0,0,0,0,9.49174e-05,0,0,0,0,0,0
"PWY-6174: mevalonate pathway II (haloarchaea)",0,0,0,0,0,0,0,0,0,0,0,0,0,0,0,0,0,0,0,0,0,0,0,0,0,0,0,0,0,0,0,0,0,0,0,0,0,0,0,0,0,0,0,0,0,0,0,0,0,0,0,0,0,0,0,0,0,0
"PWY-6182: superpathway of salicylate degradation",0,0,0,0,0,0,0,0,0,0,0,0,0,0,0,0,0,0,0,0,0,0,0,0,0,0,0,0,0,0,0,0,0,0,0,0,0,0,0,0,0,0,0,0,0,0,0,0,0,0,0,0,0,0,0,0,0,0
"PWY-6185: 4-methylcatechol degradation (ortho cleavage)",0,0,0,0,0,0,0,0,0,0,0,0,0,0,0,0,0,0,0,0,0,0,0,0,0,0,0,0,0,0,0,0,0,0,0,0,0,0,0,0,0,0,0,0,0,0,0,0,0,0,0,0,0,0,0,0,0,0
"PWY-6210: 2-aminophenol degradation",0,0,0,0,0,0,0,0,0,0,0,0,0,0,0,0,0,0,0,0,0,0,0,0,0,0,0,0,0,0,0,0,0,0,0,0,0,0,0,0,0,0,0,0,0,0,0,0,0,0,0,0,0,0,0,0,0,0
"PWY-6215: 4-chlorobenzoate degradation",0,0,0,0,0,0,0,0,0,0,0,0,0,0,0,0,0,0,0,0,0,0,0,0,0,0,0,0,0,0,0,0,0,0,0,0,0,0,0,0,0,0,0,0,0,0,0,0,0,0,0,0,0,0,0,0,0,0
"PWY-621: sucrose degradation III (sucrose invertase)",0,0.000151163,0,8.17668e-05,3.43316e-05,0.000142659,9.68218e-05,0,8.93974e-05,0.000101215,8.28658e-05,7.25422e-05,5.09202e-05,0.000107944,0,0,7.33641e-05,0,0.000180467,4.5855e-05,0,7.3729e-05,4.26168e-05,0.000192069,0,6.25063e-05,9.6571e-05,7.20337e-05,0.000193572,0.000119935,0.000155821,0,8.5386e-05,8.92843e-05,4.1129e-05,0.00012567,4.99284e-05,9.7588e-05,3.66852e-05,5.6512e-05,0,9.48939e-05,0.000146208,0.000128061,0.000113028,3.26296e-05,0,5.21693e-05,0.000121668,8.01776e-05,8.70346e-05,0.000100589,0,0.000124111,3.54162e-05,0.000107587,0,5.19269e-05
"PWY-622: starch biosynthesis",0,0,0,0,0,0,0,0,0.000138537,0,0,0,0,0,0.000209207,0,0.000160651,0,0,0,0.0001622,0,0,0,0,0,0,0,0,0,0,0,0,0,0,0,0,0.000223073,0.000147014,0.000206177,0,0,0,0,0,0,0,0,0,0,0,9.35217e-05,0,0,9.55098e-05,0.000108077,0.000160043,0
"PWY-6269: superpathway of adenosylcobalamin salvage from cobinamide II",0,0,0,0,0,0,0,0,0,0,0,0,0,0,0,0,0,0,0,0,0,0,0,0,0,0,0,0,0,0,0,0,0,0,0,0,0,0,0,0,0,0,0,0,0,0,0,0,0,0,0,0,0,0,0,0,0,0
"PWY-6270: isoprene biosynthesis I",0.000189808,0.000215133,0.000116115,0.000130336,0,9.43021e-05,0.000261687,0.000204983,0.000278919,0,0.000201283,0.000241532,0.000220491,0.000152564,9.79016e-05,0,0.00015825,0.000126246,0.00010833,0,0.000153989,0.000199807,0,0.000200415,0,0.000186333,0.00012703,0.000152565,0.000141636,0.000240828,0.000318098,0.000272843,0.000222784,8.8791e-05,0.000161705,0.000234816,0.000190564,0,0.00022879,0.000222104,0.000121572,0.000198046,0.000126754,0.000302735,0.00010209,0.000253497,0,0.00020095,0.000252133,0.00010132,0.000204593,0.000225693,0,0.000181392,0.000165356,0.00030198,0.000203757,0
"PWY-6277: superpathway of 5-aminoimidazole ribonucleotide biosynthesis",0.00032488,0.000303316,0.000464782,0.000321952,0.000360925,0.000394741,0.000314854,0.000292933,0.000307691,0.000312614,0.000279394,0.00033859,0.000256645,0.000201191,0.000353598,0.000346085,0.000316107,0.000232709,0.000363446,0.000384151,0.00027431,0.000272738,0.000402189,0.000400243,0.000317968,0.000206079,0.000390041,0.000233741,0.000367628,0.000339131,0.000332026,0.000452781,0.00034889,0.000150683,0.000328515,0.000403651,0.000397661,0.000375188,0.000318957,0.000439756,0.00030407,0.00030889,0.000302486,0.00047349,0.000336765,0.000390675,0.000284509,0.0003123,0.000309901,0.000313872,0.00037172,0.000338317,0.000371685,0.000489044,0.000317784,0.00032217,0.000343644,0.000355544
"PWY-6281: L-selenocysteine biosynthesis II (archaea and eukaryotes)",0,0,0,0,0,0,0,0,0,0,0,0,0,0,0,0,0,0,0,0,0,0,0,0,0,0,0,0,0,0,0,0,0,0,0,0,0,0,0,0,0,0,0,0,0,0,0,0,0,0,0,0,0,0,0,0,0,0
"PWY-6282: palmitoleate biosynthesis I (from (5Z)-dodec-5-enoate)",0,8.02744e-05,0,0.000210496,0,0,0.000136055,0,5.47289e-05,0,4.66498e-05,0,0.000225192,3.48008e-05,7.37523e-05,0,0,3.03487e-05,0,4.74034e-05,7.80386e-05,0,0,0,0,0,0,0,0,0,0,0,3.99289e-05,0,0,0,0,6.98953e-05,0,7.80406e-05,0,0,4.05464e-05,0,0.000116308,0,0,0,0,6.10997e-05,0,0,0,0,0,0,0,0
"PWY-6284: superpathway of unsaturated fatty acids biosynthesis (E. coli)",0,0,0,0.000121332,0,0,0,0,0,0,4.95404e-05,0,0.000141893,0,0,0,0,3.19487e-05,0,0,0,0,0,0,0,0,0,0,0,0,0,0,0,0,0,0,0,0,0,0,0,0,0,0,0,0,0,0,0,6.64779e-05,0,0,0,0,0,0,0,0
"PWY-6285: superpathway of fatty acids biosynthesis (E. coli)",0,0,0,0.000159131,0,0,0,0,0,0,0,0,0.000179012,0,0,0,0,0,0,0,0,0,0,0,0,0,0,0,0,0,0,0,0,0,0,0,0,0,0,0,0,0,0,0,0,0,0,0,0,0,0,0,0,0,0,0,0,0
"PWY-6292: superpathway of L-cysteine biosynthesis (mammalian)",5.71341e-05,4.44574e-05,4.54538e-05,0,3.09518e-05,0,0.000113065,6.18117e-05,0,7.64963e-05,3.77582e-05,4.3973e-05,1.60428e-05,2.6032e-05,0,0,8.52445e-05,4.13631e-05,4.39781e-05,0,5.22764e-05,0,0,0,7.79903e-05,0,3.19322e-05,0,0,3.46694e-05,0,0,9.24352e-05,0,6.48234e-05,0,3.86902e-05,3.94357e-05,3.72183e-05,4.43293e-05,2.6139e-05,0,3.62979e-05,0,6.99428e-05,3.30898e-05,3.61881e-05,0,3.94897e-05,5.17676e-05,9.59114e-05,0,3.40422e-05,3.36245e-05,0.000101417,0,3.19485e-05,0
"PWY-6293: superpathway of L-cysteine biosynthesis (fungi)",0,0,0,3.41715e-05,0,0,0,0,0,0,0,3.77925e-05,2.468e-05,0,0,0,0,0,0,0,0,0,0,0,0,0,0,0,0,0,0,0,3.63979e-05,0,0,0,0,0,0,0,0,0,0,0,3.09911e-05,0,0,0,0,0,0,0,0,0,0,0,0,0
"PWY-6305: superpathway of putrescine biosynthesis",0,5.14873e-05,0,0.000200636,0,7.38186e-05,0.00015048,2.90635e-05,5.22336e-05,4.49367e-05,4.59268e-05,9.95136e-05,0.000182212,2.16098e-05,7.18451e-05,3.32926e-05,0,0,3.74864e-05,0,0,3.30243e-05,0,0,3.81655e-05,7.3191e-05,8.14936e-05,2.63958e-05,2.8141e-05,0.000119012,8.73097e-05,3.31595e-05,4.6128e-05,4.11431e-05,6.17646e-05,3.07564e-05,0.000125949,7.13776e-05,7.55752e-05,6.73254e-05,0,0,2.20401e-05,0.000137153,0.000188951,4.5078e-05,0,4.55533e-05,0,6.40717e-05,4.79141e-05,3.14366e-05,3.41216e-05,2.52577e-05,2.78912e-05,0,4.22089e-05,3.7979e-05
"PWY-6307: L-tryptophan degradation X (mammalian, via tryptamine)",0,0,0,0,0,0,0,0,0,0,0,0,0,0,0,0,0,0,0,0,0,0,0,0,0,0,0,0,0,0,0,0,0,0,0,0,0,0,0,0,0,0,0,0,0,0,0,0,0,0,0,0,0,0,0,0,0,0
"PWY-6313: serotonin degradation",0,0,0,0,0,0,0,0,0,0,0,0,0,0,0,0,0,0,0,0,0,0,0,0,0,0,0,0,0,0,0,0,0,0,0,0,0,0,0,0,0,0,0,0,0,0,0,0,0,0,0,0,0,0,0,0,0,0
"PWY-6317: D-galactose degradation I (Leloir pathway)",0.000213656,0.000377934,0.000148578,0.000181516,0.00029482,0.000274841,0.00023239,0.000261835,0.000342615,0.000282946,0.000251032,0.000352097,0.000216158,0.000143427,0.000231935,0.000128459,0.000197548,0.000169438,0.000317393,0.000110935,0.000203752,0.000228852,0.000213265,0.000221229,0.000222021,0.000263908,0.000297564,0.000137111,0.000377564,0.000260606,0.000320359,0.000252514,0.000237234,7.8027e-05,0.000225462,0.00038669,0.000378049,0.000173894,0.000290792,0.000316249,0.00024323,0.000266935,0.000345716,0.000309911,0.000209842,0.000267982,0.000162578,0.000189092,0.000191183,0.000164565,0.000340167,0.000209237,0.000245196,0.000381266,0.000219244,0.000280976,0.000243451,0.000227449
"PWY-6318: L-phenylalanine degradation IV (mammalian, via side chain)",0,0,0,0,0,0,0,0,0,0,0,0,0,0,0,0,0,0,0,0,0,0,0,0,0,0,0,0,0,0,0,0,0,0,0,0,0,0,0,0,0,0,0,0,0,0,0,0,0,0,0,0,0,0,0,0,0,0
"PWY-6328: L-lysine degradation X",0,0,0,0,0,0,0,0,0,0,0,0,0,0,0,0,0,0,0,0,0,0,0,0,0,0,0,0,0,0,0,0,0,0,0,0,0,0,0,0,0,0,0,0,0,0,0,0,0,0,0,0,0,0,0,0,0,0
"PWY-6349: CDP-archaeol biosynthesis",0,0,0,0,0,0,0,0,0,0,0,0,0,0,0,0,0,0,0,0,0,0,0,0,0,0,0,0,0,0,0,0,0,0,0,0,0,0,0,0,0,0,0,0,0,0,0,0,0,0,0,0,0,0,0,0,0,0
"PWY-6350: archaetidylinositol biosynthesis",0,0,0,0,0,0,0,0,0,0,0,0,0,0,0,0,0,0,0,0,0,0,0,0,0,0,0,0,0,0,0,0,0,0,0,0,0,0,0,0,0,0,0,0,0,0,0,0,0,0,0,0,0,0,0,0,0,0
"PWY-6351: D-myo-inositol (1,4,5)-trisphosphate biosynthesis",0,0,0,0,0,0,0,0,0,0,0,0,0,0,0,0,0,0,0,0,0,0,0,0,0,0,0,0,0,0,0,0,0,0,0,0,0,0,0,0,0,0,0,0,0,0,0,0,0,0,0,0,0,0,0,0,0,0
"PWY-6353: purine nucleotides degradation II (aerobic)",0,0.000156436,0,0.000212038,0,0,4.31735e-05,0,0,7.24056e-05,0.000123934,4.93334e-05,0.00018848,6.11039e-05,0,4.50726e-05,6.34965e-05,0,6.37246e-05,6.37478e-05,0,0,0,0,6.95685e-05,0,7.8535e-05,0,5.40581e-05,4.97317e-05,9.0071e-05,0,0,5.06705e-05,0,7.03431e-05,6.42696e-05,6.19034e-05,6.16978e-05,8.89078e-05,0,0,6.39979e-05,0,9.17884e-05,5.59004e-05,0,0,0,6.57779e-05,6.01375e-05,5.27152e-05,7.17129e-05,6.21763e-05,0,9.63838e-05,0,0
"PWY-6385: peptidoglycan biosynthesis III (mycobacteria)",0.000274801,0.000298714,0.000219319,0.000259539,0.000309735,0.00033314,0.000332394,0.000287279,0.000448186,0.000297062,0.000275907,0.000303011,0.000244413,0.000253475,0.000195824,0.000464701,0.00032278,0.000215684,0.000319226,0.0002915,0.000256936,0.000312094,0.000321642,0.000291926,0.000320229,0.000217975,0.000342735,0.000184267,0.000321829,0.000268564,0.000391384,0.000222481,0.000330953,0.000147558,0.000316275,0.000382198,0.000394142,0.000401129,0.000349282,0.0003156,0.000317185,0.00035105,0.000302649,0.000329017,0.000293564,0.000311683,0.000331433,0.000295127,0.000279917,0.000349008,0.000308413,0.000393386,0.000343177,0.000424085,0.000231404,0.000362504,0.000337955,0.000379094
"PWY-6386: UDP-N-acetylmuramoyl-pentapeptide biosynthesis II (lysine-containing)",0.000318943,0.00033214,0.00026054,0.000247776,0.000315004,0.000343674,0.000376923,0.000317349,0.000496245,0.000321921,0.000296807,0.000308892,0.000239682,0.000257354,0.000361965,0.000492662,0.000326992,0.000235475,0.000284244,0.000279607,0.000285903,0.000318184,0.000363205,0.000302649,0.000305236,0.000244442,0.000358222,0.000167888,0.000314636,0.000261943,0.000402412,0.000338004,0.000341459,0.000153596,0.000314793,0.000399451,0.000407906,0.00041176,0.000437782,0.00034397,0.000315778,0.0003894,0.000361702,0.000349346,0.000308134,0.000320414,0.000343894,0.000299719,0.000309394,0.000356978,0.000347033,0.000419061,0.000406577,0.000441805,0.000279807,0.000398604,0.000353087,0.000412589
"PWY-6387: UDP-N-acetylmuramoyl-pentapeptide biosynthesis I (meso-diaminopimelate containing)",0.000311989,0.000358256,0.00026487,0.000253251,0.000342577,0.000344414,0.000372093,0.000304272,0.00048284,0.000316527,0.000294921,0.00031909,0.00024886,0.00025074,0.000348278,0.000510243,0.000337211,0.000228066,0.000335255,0.000320801,0.000277311,0.000337299,0.000359277,0.000308555,0.000352316,0.000239229,0.000369313,0.000186228,0.000341177,0.000319853,0.000422112,0.000331249,0.000361911,0.000174821,0.000326152,0.000393339,0.000402721,0.000395752,0.000411585,0.000349582,0.000335526,0.000382795,0.000379568,0.000361694,0.000299139,0.000324564,0.000347163,0.000317696,0.000325081,0.0003642,0.000380861,0.000415496,0.000401746,0.000444833,0.000280008,0.000377042,0.000359362,0.000407516
"PWY-6396: superpathway of 2,3-butanediol biosynthesis",0,0,0,0,0,0,0,0,0,0,0,0,0,0,0,0,0,0,0,0,0,0,0,0,0,0,0,0,0,0,0,0,0,0,0,0,0,0,0,0,0,0,0,0,0,0,0,0,0,0,0,0,0,0,0,0,0,0
"PWY-6415: L-ascorbate biosynthesis V (euglena, D-galacturonate pathway)",0,0,0,0,0,0,0,0,0,0,0,0,0,0,0,0,0,0,0,0,0,0,0,0,0,0,0,0,0,0,0,0,0,0,0,0,0,0,0,0,0,0,0,0,0,0,0,0,0,0,0,0,0,0,0,0,0,0
"PWY-6435: 4-hydroxybenzoate biosynthesis III (plants)",0,0,0,0,0,0,0,0,0,0,0,0,0,0,0,0,0,0,0,0,0,0,0,0,0,0,0,0,0,0,0,0,0,0,0,0,0,0,0,0,0,0,0,0,0,0,0,0,0,0,0,0,0,0,0,0,0,0
"PWY-6467: Kdo transfer to lipid IVA III (Chlamydia)",0,0,0,0,0,0,0,0,0,0,0,0,0,0,0,0,0,0,0,0,0,0,0,0,0,0,0,0,0,0,0,0,0,0,0,0,0,0,0,0,0,0,0,0,0,0,0,0,0,0,0,0,0,0,0,0,0,0
"PWY-6470: peptidoglycan biosynthesis V (&beta;-lactam resistance)",0,0.000141634,0,0,0,0,0,0,0.000289162,0,0,0,0,0,6.51879e-05,0,0,0,0,0,0,0,9.24923e-05,0,0,0,0,0,0,0,0.00012633,0,0,0,0,0,0,0,0,9.83812e-05,0,7.75766e-05,0,0,0,0.000108528,0,0,7.09732e-05,0,0,0,0,0,0.000121221,0,0.000108174,0
"PWY-6471: peptidoglycan biosynthesis IV (Enterococcus faecium)",0,0,0,0,0,0,0,0,0,0,0,0,0,0,0,0,0,0,0,0,0,0,0,0,0,0,0,0,0,0,0,0,0,0,0,0,0,0,0,0,0,0,0,0,0,0,0,0,0,0,0,0,0,0,0,0,0,0
"PWY-6478: GDP-D-glycero-&alpha;-D-manno-heptose biosynthesis",0,0,0,0,0,0,0,0,0,0,0,0,0,0,0,0,0,0,0,0,0,0,0,0,0,0,0,0,0,0,0,0,0,0,0,0,0,0,0,0,0,0,0,0,0,0,0,0,0,0,0,0,0,0,0,0,0,0
"PWY-6507: 4-deoxy-L-threo-hex-4-enopyranuronate degradation",0,4.50031e-05,4.48939e-05,7.85312e-05,0,0,0,0,0,8.18357e-05,0.000116247,8.98432e-05,4.39279e-05,1.56129e-05,0,0,6.62539e-05,4.76704e-05,5.17264e-05,0,2.8062e-05,3.75622e-05,0,6.03749e-05,5.1604e-05,3.28775e-05,0,3.36932e-05,3.74255e-05,4.49417e-05,0,4.17798e-05,0,0,3.55022e-05,7.32011e-05,3.39863e-05,0,2.88944e-05,1.51249e-05,4.91758e-05,0,5.25624e-05,3.42537e-05,4.41867e-05,8.79665e-05,0,0,0,3.91803e-05,7.33101e-05,0,4.58295e-05,3.1325e-05,3.63651e-05,0,0,3.41524e-05
"PWY-6518: bile acids epimerization",0,0,0,0,0,0,0,0,0,0,0,0,0,0,0,0,0,0,0,0,0,0,0,0,0,0,0,0,0,0,0,0,0,0,0,0,0,0,0,0,0,0,0,0,0,0,0,0,0,0,0,0,0,0,0,0,0,0
"PWY-6519: 8-amino-7-oxononanoate biosynthesis I",0,8.64863e-05,0,0.000141124,0,0,5.68416e-05,0,6.25671e-05,0,5.27969e-05,0,0.000179691,4.07488e-05,7.36964e-05,0,0,0,0,0,0,0,0,0,0,0,0,0,0,0,0,0,4.59125e-05,0,0,0,0,7.65119e-05,0,7.79346e-05,0,0,0,0,6.93563e-05,0,0,0,0,7.22077e-05,0,0,0,0,0,0,0,0
"PWY-6527: stachyose degradation",9.64627e-05,0.00025704,0.000104848,0.000232757,0.000299661,0.000244962,0.000121569,0.000130715,0.000200893,0.000186426,0.000211687,0.000303914,0.000178378,0.00012201,0.000119726,0.000123044,0.000168405,0.000178509,0.000277245,0.000112491,5.07021e-05,9.97782e-05,0.000102321,0.000245069,0.000255002,0.000186086,0.000226628,0,0.000428697,0.000178641,0.000307984,0.000172293,0.000174989,8.15525e-05,0.000164588,0.000338299,0.000250798,0.000113397,0.000283661,0.000154242,0.000270886,0.000233005,0.000435271,0.000231114,0.000217424,0.000164256,7.02534e-05,0.000200936,0.000232179,0.000133835,0.000267104,0.000184223,0.000172809,0.000356556,0.000215431,0.000169286,0.00013237,0.000219746
"PWY-6531: mannitol cycle",0,2.0879e-05,0,7.14149e-05,0,0,0,0,0,0,0,0,4.62089e-05,0,0,0,0,0,0,0,0,0,0,0,0,0,0,0,0,0,0,0,0,0,0,0,0,3.39282e-05,0,0,0,0,0,0,2.51771e-05,0,0,0,2.31069e-05,5.28551e-05,0,0,0,0,0,0,0,0
"PWY-6545: pyrimidine deoxyribonucleotides de novo biosynthesis III",0,0,0,3.27891e-05,0,0,0,0,0,0,5.85293e-05,0,5.66865e-05,4.56607e-05,0,0,0,0,0,0,0,0,0,0,0,0,0,0,0,0,0,0,0,0,0,0,0,0,0,0,0,0,0,0,0,0,0,0,0,0,0,0,0,0,0,0,0,0
"PWY-6549: L-glutamine biosynthesis III",0.00013561,0,0,0.000138341,0,0,3.46581e-05,0,0,2.97491e-05,0,0,6.03365e-05,0,0,0,0,0,0,4.11609e-05,0,0,0,5.20096e-05,0,0,0,0,0,0,0,0,0,0,0,0,0,0,0,0,0,0,0,5.73539e-05,7.61317e-05,0,0,0,0,5.01746e-05,0,0,0,7.70345e-05,0,7.50343e-05,0,0
"PWY-6562: norspermidine biosynthesis",0,0,0,0,0,0,0,0,0,0,0,0,0,0,0,0,0,0,0,0,0,0,0,0,0,0,0,0,0,0,0,0,0,0,0,0,0,0,0,0,0,0,0,0,0,0,0,0,0,0,0,0,0,0,0,0,0,0
"PWY-6565: superpathway of polyamine biosynthesis III",0,0,0,0,0,0,0,0,0,0,0,0,0,0,0,0,0,0,0,0,0,0,0,0,0,0,0,0,0,0,0,0,0,0,0,0,0,0,0,0,0,0,0,0,0,0,0,0,0,0,0,0,0,0,0,0,0,0
"PWY-6572: chondroitin sulfate degradation I (bacterial)",0,0,0,0,0,0,0,0,0,0,0,0,0,0,0,0,0,0,0,0,0,0,0,0,0,0,0,0,0,0,0,0,0,0,0,0,0,0,0,0,0,0,0,0,0,0,0,0,0,0,0,0,0,0,0,0,0,0
"PWY-6588: pyruvate fermentation to acetone",2.64447e-05,0,0,4.92306e-05,0,0,0,0,0,0,0,0,7.3594e-05,0,0,0,0,0,0,0,0,0,0,0,0,0,0,0,0,0,0,0,0,0,0,0,0,0,0,0,0,0,0,0,8.66302e-06,0,0,0,0,0,0,0,0,0,0,0,0,0
"PWY-6590: superpathway of Clostridium acetobutylicum acidogenic fermentation",3.30753e-05,0,0,0,0,0,0,0,0,0,0,0,0,0,0,0,0,0,0,0,0,0,0,0,0,0,0,0,0,4.19483e-05,0,0,0,0,3.44663e-05,0,0,0,0,0,0,0,0,0,0,0,0,0,0,0,0,0,0,0,0,0,0,4.21754e-05
"PWY-6595: superpathway of guanosine nucleotides degradation (plants)",0,0,0,0,0,0,0,0,0,0,0,0,0,0,0,0,0,0,0,0,0,0,0,0,0,0,0,0,0,0,0,0,0,0,0,0,2.39723e-05,0,0,0,0,0,0,0,9.92958e-06,0,0,0,0,0,0,0,0,0,0,0,0,0
"PWY-6606: guanosine nucleotides degradation II",0,0.000103694,0,0.000119066,0,0,2.3512e-05,0,0,3.84568e-05,7.40836e-05,2.35336e-05,0.000135518,1.98046e-05,0,0,3.15361e-05,0,3.30905e-05,0,2.38679e-05,0,0,0,3.87673e-05,0,4.574e-05,0,2.98262e-05,2.42211e-05,4.48805e-05,0,0,2.0769e-05,0,4.01505e-05,3.6745e-05,2.82937e-05,2.93238e-05,4.32217e-05,0,0,0,2.36654e-05,5.01271e-05,0,0,0,0,3.37401e-05,3.5483e-05,3.09051e-05,3.69975e-05,2.87201e-05,0,0,0,0
"PWY-6607: guanosine nucleotides degradation I",0,0,0,0,0,0,0,0,0,0,0,0,0,0,0,0,0,0,0,0,0,0,0,0,0,0,0,0,0,0,0,0,0,0,0,0,2.28951e-05,0,0,0,0,0,0,0,1.02183e-05,0,0,0,0,0,0,0,0,0,0,0,0,0
"PWY-6608: guanosine nucleotides degradation III",2.99289e-05,0.000150461,0,0.000371553,7.60926e-05,3.45141e-05,5.86803e-05,4.06222e-05,8.15868e-05,7.33669e-05,0.000105615,5.80833e-05,0.000204254,4.06952e-05,0,4.27904e-05,8.79075e-05,0,6.61097e-05,4.77168e-05,3.46496e-05,3.94447e-05,9.47574e-05,0,7.68333e-05,6.65278e-05,0.000113654,0,7.67505e-05,5.27906e-05,0.000116776,4.69463e-05,0,4.26822e-05,0,0.000110623,0.00012715,0.000109263,4.98094e-05,0.000135098,7.4175e-05,0,4.48297e-05,0.00012848,9.1246e-05,4.19824e-05,4.87013e-05,0,5.56562e-05,6.15513e-05,5.66505e-05,8.7943e-05,8.69139e-05,7.3015e-05,2.60939e-05,8.65005e-05,0,0
"PWY-6609: adenine and adenosine salvage III",0.000247037,0.000422848,0.000210963,0.000304582,0.000421284,0.000317407,0.000368054,0.000299196,0.000410799,0.000358254,0.000357331,0.000444879,0.00023632,0.000249379,0.000199394,0.000211955,0.000204812,0.00024801,0.000206952,0.00032469,0.00031964,0.000361869,0.000330822,0.000373329,0.000328637,0.000360897,0.000400076,0.000248782,0.000408946,0.000456434,0.00034569,0.000408989,0.000306841,0.000208768,0.000328942,0.000435348,0.00042894,0.000320369,0.00042175,0.000409778,0.000336928,0.000358016,0.000335499,0.000349619,0.000253868,0.000359432,0.000328009,0.000384653,0.000340392,0.00037632,0.00037002,0.00023301,0.000360054,0.000474728,0.000232084,0.000341365,0.000308157,0.000430226
"PWY-6612: superpathway of tetrahydrofolate biosynthesis",0,0,0,7.88135e-05,0,0,0,0,0,0,0,0,7.30713e-05,6.62608e-05,0,0,0,0,0,0,0,0,0,5.63177e-05,0,0,0,0,0,0,0,0,0,0,0,0,0,0,0,0,0,0,0,0,0,0,0,0,0,0,0,0,0,0,0,0,0,0
"PWY-6628: superpathway of L-phenylalanine biosynthesis",0.000200637,0.000161269,0,0.000205609,0,0,9.88663e-05,0.000111055,0.000158232,0,0.000113535,0.000143594,0.000131967,0,0.000168119,0,0.000103335,0,0,5.18738e-05,0.000173836,5.69532e-05,8.79804e-05,0.000123666,8.67946e-05,0,0.000134033,8.16925e-05,0,0,0,0.000239724,0.000208788,0,0.000202934,0.000108493,9.94196e-05,0.000218565,8.65315e-05,0,0,9.71452e-05,6.37583e-05,0,0.00012939,9.60477e-05,0,0.000110709,0.000103476,2.77625e-05,6.07755e-05,5.39573e-05,8.51368e-05,0,0,0.000126332,0,0
"PWY-6630: superpathway of L-tyrosine biosynthesis",0.000126017,0.000110829,0,0.000149782,0,0,6.16438e-05,0,0,0,9.06978e-05,0,7.91983e-05,0,0,0,0,0.000143361,0,0,0,0.000127125,0.00010412,0.000124241,7.25336e-05,0,0,0,0,0,0,0.000163361,5.09787e-05,0,0,0,0,6.50169e-05,0,0,6.03918e-05,0,6.18523e-05,0,9.29255e-05,5.18975e-05,0,0,9.40984e-05,0,0,6.12242e-05,0,0,0.000103714,6.81677e-05,0,0
"PWY-6641: superpathway of sulfolactate degradation",0,0,0,0,0,0,0,0,0,0,0,0,0,0,0,0,0,0,0,0,0,0,0,0,0,0,0,0,0,0,0,0,0,0,0,0,0,0,0,0,0,0,0,0,0,0,0,0,0,0,0,0,0,0,0,0,0,0
"PWY-6662: superpathway of quinolone and alkylquinolone biosynthesis",0,0,0,0,0,0,0,0,0,0,0,0,0,0,0,0,0,0,0,0,0,0,0,0,0,0,0,0,0,0,0,0,0,0,0,0,0,0,0,0,0,0,0,0,0,0,0,0,0,0,0,0,0,0,0,0,0,0
"PWY-6690: cinnamate and 3-hydroxycinnamate degradation to 2-hydroxypentadienoate",0,0,0,0,0,0,0,0,0,0,0,0,0,0,0,0,0,0,0,0,0,0,0,0,0,0,0,0,0,0,0,0,0,0,0,0,0,0,0,0,0,0,0,0,1.43296e-05,0,0,0,0,0,0,0,0,0,0,0,0,0
"PWY-6700: queuosine biosynthesis I (de novo)",0.000188473,0.000280591,0.000293835,0.000182675,0.000331813,0.000288363,0.000228198,0.000216554,0.000296355,0.000284957,0.000269766,0.000275389,0.000223112,0.000247487,0.000283057,0.000297624,0.000260012,0.000244013,0.000241788,0.000314741,0.00024675,0.000301388,0.000278823,0.000273361,0.000244965,0.000258383,0.000221426,0.000280498,0.000248736,0.000277459,0.000325129,0.000290297,0.000221951,0.000128852,0.000157139,0.000346173,0.000319795,0.000261154,0.000334797,0.000287065,0.000241341,0.000310061,0.000288818,0.000402138,0.000235751,0.000267735,0.000395528,0.000318291,0.000306897,0.000294751,0.000222468,0.000313008,0.000395836,0.000434362,0.000257735,0.000265051,0.000288483,0.000336764
"PWY-6703: preQ0 biosynthesis",0.000116492,0.000132439,0.000100949,0.000218841,9.80407e-05,0.000157187,0.000240849,0.000240771,0.000250412,0.000128159,0.000232058,0.00015686,0.000202494,0.000180635,0,0.000359641,0.000197854,0.000122788,0.000201677,6.41448e-05,7.81222e-05,9.43244e-05,0.000134076,0.000162495,0.000163344,8.12859e-05,9.97154e-05,0.000215772,0.000246187,0.000228992,0.000203092,7.63661e-05,0.000181064,7.66206e-05,0.00013164,0.000191614,0.000197503,0.000206258,0.000161521,9.34822e-05,0.000168983,0.000136759,0.000258114,0.000148653,7.94004e-05,0.000278277,0.000159618,0.000249248,7.94626e-05,0.000209852,8.119e-05,0.000207996,0.000178574,0.000125545,4.77492e-05,0.000184959,0.000160202,0.000107635
"PWY-6708: ubiquinol-8 biosynthesis (early decarboxylation)",0,0,0,2.5717e-05,0,0,0,0,0,0,0,0,0,0,0,0,0,0,0,0,0,0,0,0,0,0,0,0,0,0,0,0,0,0,0,0,0,0,0,0,0,0,0,0,0,0,0,0,0,0,0,0,0,0,0,0,0,0
"PWY-6731: starch degradation III",3.73546e-05,0.0001792,0,2.15993e-05,0.000179493,0.000122222,0.000119158,0.000211013,0.000159112,3.09242e-05,0.000200294,0.000108435,0.000208306,0.000107677,6.32324e-05,0,0.000101864,5.01069e-05,0.00016771,6.77105e-05,0,6.59239e-05,3.79853e-05,0,3.74155e-05,4.10049e-05,0.0001626,0.000113608,0.000161177,0,0.000239464,0,0.000150852,5.19275e-05,6.79937e-05,0,0.000274893,0.000299421,0.000181401,0,0.000133048,0,0.000123667,0.000225099,5.01391e-05,0.000268143,0,0.000142286,3.71905e-05,7.44866e-05,0.000126855,3.46207e-05,0,5.97403e-05,0,0.000153774,0.000124725,9.2345e-05
"PWY-6748: nitrate reduction VII (denitrification)",0,0,0,0,0,0,0,0,0,0,0,0,0,0,0,0,0,0,0,0,0,0,0,0,0,0,0,0,0,0,0,0,0,0,0,0,0,0,0,0,0,0,0,0,0,0,0,0,0,0,0,0,0,0,0,0,0,0
"PWY-6749: CMP-legionaminate biosynthesis I",0,0,0,6.51667e-05,0,0,0,0,0,0,0,0,7.54979e-05,0,0,0,0,0,0,0,0,0,0,0,0,0,0,0,0,0,0,0,0,0,0,0,0,0,0,0,0,0,0,0,0,0,0,0,0,0,0,0,0,0,0,0,0,0
"PWY-6763: salicortin biosynthesis",0,0,0,0,0,0,0,0,0,0,0,0,0,0,0,0,0,0,0,0,0,0,0,0,0,0,0,0,0,0,0,0,0,0,0,0,0,0,0,0,0,0,0,0,1.68607e-05,0,0,0,0,0,0,0,0,0,0,0,0,0
"PWY-6797: 6-hydroxymethyl-dihydropterin diphosphate biosynthesis II (Methanocaldococcus)",0,0,0,0,0,0,0,0,0,0,0,0,0,0,0,0,0,0,0,0,0,0,0,0,0,0,0,0,0,0,0,0,0,0,0,0,0,0,0,0,0,0,0,0,0,0,0,0,0,0,0,0,0,0,0,0,0,0
"PWY-6803: phosphatidylcholine acyl editing",0,0,3.83149e-05,0.000137631,0,0,0,0,0,0,0,0,6.60816e-05,4.74204e-05,0,0,0,0,0,3.4067e-05,0,0,0,0,4.15597e-05,0,0,0,0,0,0,0,0,0,0,0,0,4.35349e-05,0,4.55936e-05,0,0,0,0,3.28394e-05,0,0,0,0,0,0,0,0,0,0,3.12364e-05,0,0
"PWY-6807: xyloglucan degradation II (exoglucanase)",0,0,0,0,0,0,0,0,0,0,0,0,0,0,0,0,0,0,0,0,0,0,0,0,0,0,0,0,0,0,4.18748e-05,0,0,0,0,0,0,5.47552e-05,0,0,0,0,0,0,0,0,0,0,0,0,0,0,0,0,0,0,0,0
"PWY-6823: molybdopterin biosynthesis",0.00010166,0.000116236,0,8.63163e-05,0.000213151,0.000129318,6.16588e-05,0.000146031,0.000153969,0.000132217,0.000128047,0.000179542,9.72668e-05,3.00977e-05,5.61254e-05,3.35534e-05,0.000126437,2.66692e-05,0.000138943,0.000130317,3.90386e-05,2.3341e-05,0.000152657,0.000116242,0.000132854,2.69316e-05,0.000119564,6.69401e-05,8.65822e-05,6.08496e-05,9.52422e-05,7.44619e-05,0.000137203,2.15213e-05,7.42177e-05,0.000152261,0.000179134,9.3289e-05,0.000181028,5.53034e-05,0.000191386,5.33908e-05,5.05295e-05,7.54316e-05,0.000124329,0.000159034,3.74264e-05,7.34407e-05,0.000165721,4.83894e-05,0.000190466,0.000132686,0.000128491,0.000220425,0.00012489,0.000174699,6.68035e-05,3.61898e-05
"PWY-6837: fatty acid &beta;-oxidation V (unsaturated, odd number, di-isomerase-dependent)",0,0,0,0,0,0,0,0,0,0,0,0,0,0,0,0,0,0,0,0,0,0,0,0,0,0,0,0,0,0,0,0,0,0,0,0,0,0,0,0,0,0,0,0,0,0,0,0,0,0,0,0,0,0,0,0,0,0
"PWY-6859: all-trans-farnesol biosynthesis",0,8.42049e-05,0,5.86588e-05,0,2.17712e-05,0,7.52659e-05,0.000118121,0,6.54056e-05,7.11851e-05,7.33012e-06,3.87366e-05,0,0,0,0,2.96347e-05,0,0,1.83527e-05,0,0,0,4.45811e-05,2.89672e-05,0,0,5.03898e-05,3.64412e-05,0,9.31983e-05,2.72812e-05,0,6.81481e-05,6.51158e-05,0,5.64287e-05,3.07509e-05,0,0,3.42578e-05,0,0,5.67822e-05,0,5.46968e-05,0,7.65248e-06,0,0,0,4.09318e-05,0,0,0,0
"PWY-6876: isopropanol biosynthesis (engineered)",0,0,0,0,0,0,0,0,0,0,0,0,0,0,0,0,0,0,0,0,0,0,0,0,0,0,0,0,0,0,0,0,0,0,0,0,0,0,0,0,0,0,0,0,0,0,0,0,0,0,0,0,0,0,0,0,0,0
"PWY-6895: superpathway of thiamine diphosphate biosynthesis II",0,0,0,0.00016872,7.99631e-05,0,0.000104779,0,0,6.05442e-05,0,0,0.000132986,8.98949e-05,0,0.000150792,0,8.32727e-05,0,0,0,0,0,0,9.26778e-05,0,0,0,0,8.41062e-05,6.56579e-05,0,9.63163e-05,0,0,0,0.000117599,0,0,9.83981e-05,0,0,0,0,6.54547e-05,0.000124724,0,0.000103789,0,0,7.43666e-05,0,0,0,0,4.64351e-05,0,0
"PWY-6897: thiamine diphosphate salvage II",0.00019098,0.000146178,7.34655e-05,0.00015742,0.000131342,0.000165862,0.000165516,0.000204084,0.000214962,0.000224964,0.000154854,0.000177791,0.000129795,0.000169762,0.00013432,0.00022611,0.000174212,0.000147241,0.000145322,0.000114531,8.40503e-05,0.000201282,0.000178028,0.00024721,0.000193002,7.33706e-05,0.000155859,0.000109029,7.2679e-05,0.000160486,0.000120109,4.92541e-05,0.000190347,4.74794e-05,0.000158712,0.000209202,0.000226429,0.000208285,0.00021354,0.000150099,0.000142984,0.000289835,6.24934e-05,0.000151802,0.000162677,0.000154382,0.000131062,0.000186779,0.000207418,0.000119485,0.000139174,0.000223285,0.000151515,0.000198383,0.000202153,8.50471e-05,0.000117923,0.000245776
"PWY-6901: superpathway of glucose and xylose degradation",0.000124228,0.000142176,0,0.000224291,0,0,0.000181459,0.000178268,0.000245918,0.000124438,0.000164616,0,0.000183391,0.000121489,9.14887e-05,0,6.95919e-05,6.36188e-05,0.000173534,0.000101322,0.000149994,4.87804e-05,6.31991e-05,6.18951e-05,6.00239e-05,8.24354e-05,0.000136562,0,0,8.01864e-05,0.000156629,0,0.000174252,0.000101851,0.00017894,0.000109484,0.000195078,0.00018906,0.000152256,9.48427e-05,7.13248e-05,0,0,0.000139794,0.000147702,0.000179337,0,0.000102304,0,0.000104521,0,8.7485e-05,0,0.000139116,5.53719e-05,8.90799e-05,0,0
"PWY-6902: chitin degradation II (Vibrio)",0,0.000105844,0,2.67329e-05,3.4204e-05,2.94579e-05,6.86545e-05,4.032e-05,3.57242e-05,2.5031e-05,9.53479e-05,0,5.40119e-05,1.97258e-05,0,0,4.79342e-05,0,7.19715e-05,2.77955e-05,0,0,0,2.63163e-05,0,2.64151e-05,3.86831e-05,3.88794e-05,0,0,8.73456e-05,0,6.663e-05,0,0,0,7.34584e-05,9.75193e-05,7.33826e-05,4.50689e-05,5.24535e-05,0,0,0,3.4719e-05,8.13617e-05,0,4.23098e-05,0,0,4.7087e-05,0,2.4677e-05,9.11692e-05,2.57045e-05,4.62554e-05,2.60603e-05,0
"PWY-6906: chitin derivatives degradation",0,0,0,0,0,8.95662e-05,0,0,0,0,0,0,0,0.000164087,0,0,0,3.50491e-05,5.77087e-05,0,0,0,0,0,0,0,0,0,0,0,0.000106083,0,6.5213e-05,0,0,0,0,0,0,0,0,0,0,7.44188e-05,0,0.000112201,0,0,0,0,0,0,0,0,0,0,0,0
"PWY-6920: 6-gingerol analog biosynthesis (engineered)",0,0,0,0,0,0,0,0,0,0,0,0,0,0,0,0,0,0,0,0,0,0,0,0,0,0,0,0,0,0,0,0,0,0,0,0,0,0,0,0,0,0,0,0,0,0,0,0,0,0,0,0,0,0,0,0,0,0
"PWY-6922: L-N&delta;-acetylornithine biosynthesis",0,0,0,0,0,0,0,0,0,0,0,0,3.28901e-05,0,0,0,0,0,0,0,0,0,0,0,0,0,0,0,0,0,0,0,0,0,0,0,0,0,0,0,0,0,0,0,0,0,0,0,0,0,0,0,0,0,0,0,0,0
"PWY-6936: seleno-amino acid biosynthesis (plants)",0.000211761,0.000142251,5.42823e-05,0.000265782,0,0.000210965,0.000176078,0,0.000186939,0.000156131,8.44831e-05,0.000246434,0.000166626,9.08958e-05,6.14902e-05,0.000124363,9.56786e-05,0,0.000194336,5.67043e-05,0.000139618,0.000174609,3.16706e-05,0.000240897,8.92448e-05,8.90169e-05,0.000199539,6.37354e-05,0.000347292,0.00012967,0.00020836,0.000231556,0.000256056,0.000161215,0.000178677,0.000146745,0.000208725,0.000147608,6.53495e-05,0.000133922,0.000142522,6.51795e-05,0.00030291,0.000250251,0.000196551,0.000109044,0,0.000145644,0.000116449,3.18705e-05,9.59435e-05,8.16509e-05,5.78276e-05,0.000150527,3.10016e-05,0.00028318,0.000146504,0.000147608
"PWY-6953: dTDP-3-acetamido-&alpha;-D-fucose biosynthesis",0,0,0,0,0,0,3.08733e-05,0,0,0,0,0,0,0,0,0,0,0,0,0,0,0,0,0,0,0,0,0,0,0,0,0,0,0,0,0,0,0,0,0,0,0,0,0,0,0,0,0,0,0,0,0,0,0,0,0,0,0
"PWY-6961: L-ascorbate degradation II (bacterial, aerobic)",0,0,0,0.000159167,0,0,0,0,0,0,0,0,5.91184e-05,0,0,0,0,0,0,0,0,0,0,0,0,0,0,0,0,0,0,0,0,0,0,0,0,0,0,0,0,0,0,0,0,0,0,0,0,2.34936e-05,0,0,0,0,0,0,0,0
"PWY-6969: TCA cycle V (2-oxoglutarate synthase)",3.32575e-05,4.40327e-05,0,0.000165313,0,0,2.84621e-05,0,0,1.9403e-05,0,3.82706e-05,0.000108786,2.70579e-05,0,0,0,6.05006e-05,4.86648e-05,4.20851e-05,0,0,6.52433e-05,0,0,3.64801e-05,3.84872e-05,0,0,0,0,0,0,0,0,0,4.02106e-05,6.66248e-05,3.68659e-05,4.60588e-05,0,0,0,5.18092e-05,6.0195e-05,3.63587e-05,8.14949e-05,5.41212e-05,0,0,0,0,0,0,4.47879e-05,3.5164e-05,6.14676e-05,3.732e-05
"PWY-6981: chitin biosynthesis",0,0,0,0,0,0,0,0,0,0,0,0,0,0,0,0,0,0,0,0,0,0,0,0,0,0,0,0,0,0,0,0,0,0,0,0,0,0,0,0,0,0,0,0,0,0,0,0,0,0,0,0,0,0,0,0,0,0
"PWY-6992: 1,5-anhydrofructose degradation",0,0,0,0,0,0,0,0,0,0,0,0,0,0,0,0,0,0,0,0,0,0,0,0,0,0,0,0,0,0,0,0,0,0,0,0,0,0,0,0,0,0,0,0,0,0,0,0,0,8.94484e-06,0,0,0,0,0,0,0,0
"PWY-7000: kanamycin biosynthesis",0,0,0,0,0,0,0,0,0,0,0,0,0,0,0,0,0,0,0,0,0,0,0,0,0,0,0,0,0,0,0,0,0,0,0,0,0,0,0,0,0,0,0,0,0,0,0,0,0,0,0,0,0,0,0,0,0,0
"PWY-7009: 2,2'-dihydroxybiphenyl degradation",0,0,0,0,0,0,0,0,0,0,0,0,0,0,0,0,0,0,0,0,0,0,0,0,0,0,0,0,0,0,0,0,0,0,0,0,0,0,0,0,0,0,0,0,0,0,0,0,0,0,0,0,0,0,0,0,0,0
"PWY-7013: (S)-propane-1,2-diol degradation",0,0,0,0,3.44593e-05,0,0,0,0,0,0,0,7.61947e-05,2.6686e-05,3.92883e-05,0,2.836e-05,0,0,0,0,0,0,6.26281e-05,0,0,4.17472e-05,4.61423e-05,8.54717e-05,0,3.66145e-05,0,0,0,0,0,0,0,0,4.76825e-05,0,0,0,0,0,0,0,2.67064e-05,0,6.46326e-05,3.47675e-05,0,0,0,0,5.74237e-05,4.05282e-05,0
"PWY-702: L-methionine biosynthesis II",0,6.68813e-05,0,0.000155052,0,0,0.000102963,3.44927e-05,0.000110653,9.86233e-05,2.42951e-05,4.6876e-05,7.90667e-05,6.44452e-05,5.37056e-05,0,5.01853e-05,0,5.17165e-05,0,5.75737e-05,0.000117609,0,5.78535e-05,0,0,0.000102123,0,0,0,8.51787e-05,4.66324e-05,6.73608e-05,0,0,6.212e-05,4.27768e-05,9.45121e-05,0,6.10355e-05,0,0,4.77504e-05,7.07661e-05,6.33928e-05,5.03949e-05,0,4.26232e-05,9.41658e-05,2.24944e-05,6.13445e-05,0,4.12125e-05,5.31524e-05,0,0.000129256,3.71595e-05,0
"PWY-7031: protein N-glycosylation (bacterial)",0,0,0,0,0,0,0,0,0,0,0,0,0,0,0,0,0,0,0,0,0,0,0,0,0,0,0,0,0,0,0,0,0,0,0,0,0,0,0,0,0,0,0,0,0,0,0,0,0,0,0,0,0,0,0,0,0,0
"PWY-7039: phosphatidate metabolism, as a signaling molecule",0,0,0,0,0,0,0,0,0,0,0,0,0,0,0,0,0,0,0,0,0,0,0,0,0,0,0,0,0,0,0,0,0,0,0,0,0,0,0,0,0,0,0,0,0,0,0,0,0,0,0,0,0,0,0,0,0,0
"PWY-7090: UDP-2,3-diacetamido-2,3-dideoxy-&alpha;-D-mannuronate biosynthesis",0,0,0,0,0,0,0,0,0,0,0,0,0,0,0,0,0,0,0,0,0,0,0,0,0,0,0,0,0,0,0,0,0,0,0,0,0,0,0,0,0,0,0,0,0,0,0,0,0,0,0,0,0,0,0,0,0,0
"PWY-7094: fatty acid salvage",0,0,0,6.91395e-05,0,0,0,0,0,0,0,0,3.37994e-05,0,0,0,0,0,0,0,0,0,0,0,0,0,0,0,0,0,0,0,0,0,0,0,0,0,0,0,0,0,0,0,0,0,0,0,0,0,0,0,0,0,0,0,0,0
"PWY-7111: pyruvate fermentation to isobutanol (engineered)",0.000291664,0.000319333,0.000267246,0.00048404,0.0003352,0.000252737,0.000264563,0.000265528,0.000272083,0.000248574,0.000151337,0.000337866,0.000367534,0.000242206,0.000246693,5.03325e-05,0.000305837,0.000209256,0.000318982,0.000266732,0.000246058,0.000366488,0.000329261,0.000341976,0.00018929,0.000223611,0.000312969,0.0001958,0.000368034,0.000230078,0.000107741,0.000448496,0.000393186,4.34362e-05,0.000351472,0.000326441,0.000355473,0.000352078,0.000313071,0.000378239,0.000284624,0.000214115,0.00028988,0.000226503,0.000324748,0.00028111,0.000256367,0.000166128,0.000327675,0.000159494,0.000323959,0.0003102,0.000142417,0.000472154,0.000277479,0.000345696,0.000203754,0.000159931
"PWY-7115: C4 photosynthetic carbon assimilation cycle, NAD-ME type",9.77271e-05,0,0,0.000164148,0,0,7.92906e-05,5.55708e-05,0.000111177,4.8251e-05,0,7.23115e-05,6.88042e-05,0.000102908,7.00318e-05,0,0,0,5.552e-05,5.56717e-05,6.5213e-05,0,0,0,6.20396e-05,0,0.000155266,0,3.30644e-05,0,4.35658e-05,0,0,0,8.38151e-05,0,0,0.000138151,6.22358e-05,6.93087e-05,0,0,0,5.58792e-05,8.68643e-05,0,5.44193e-05,0,0.000100541,3.40195e-05,3.51678e-05,3.58966e-05,0,5.55764e-05,4.84873e-05,4.49385e-05,6.58719e-05,0
"PWY-7117: C4 photosynthetic carbon assimilation cycle, PEPCK type",0.000115593,0,0,0.000274949,0,0,0.000108792,5.04064e-05,0.000126058,0.000109329,0,0,0.000142983,0.00013444,9.55788e-05,0,0,0,5.53972e-05,4.44431e-05,9.00492e-05,9.02081e-05,0,5.34085e-05,0,0,0.000164737,0,0,0,4.72324e-05,0,0.000130639,0,0.000130089,0,0,0.000221814,4.71271e-05,8.21341e-05,0,0,0,0.000105418,0.000108023,7.62706e-05,0,0,0.000147796,0,0,6.67393e-05,0,9.65195e-05,0,0.000220543,7.59763e-05,0
"PWY-7118: chitin deacetylation",0,0,0,0.00010743,0,0,0,0,0,0,0,0,8.74171e-05,0,0,0,0,0,1.99075e-05,0,0,0,0,0,0,0,0,0,0,0,0,0,0,0,0,0,0,0,0,0,0,0,0,0,4.48073e-05,0,0,0,0,2.37503e-05,0,0,0,0,0,0,0,0
"PWY-7124: ethene biosynthesis V (engineered)",0,0,0,0,0,0,0,0,0,0,0,0,0,0,0,0,0,0,0,0,0,0,0,0,0,0,0,0,0,0,0,0,0,0,0,0,0,0,0,0,0,0,0,0,0,0,0,0,0,0,0,0,0,0,0,0,0,0
"PWY-7159: 3,8-divinyl-chlorophyllide a biosynthesis III (aerobic, light independent)",0,0,0,0,0,0,0,0,0,0,0,0,0,0,0,0,0,0,0,0,0,0,0,0,0,0,0,0,0,0,0,0,0,0,0,0,0,0,0,0,0,0,0,0,0,0,0,0,0,0,0,0,0,0,0,0,0,0
"PWY-7165: L-ascorbate biosynthesis VIII (engineered pathway)",0,0,0,0,0,0,0,0,0,0,0,0,0,0,0,0,0,0,0,0,0,0,0,0,0,0,0,0,0,0,0,0,0,0,0,0,0,0,0,0,0,0,0,0,0,0,0,0,0,0,0,0,0,0,0,0,0,0
"PWY-7184: pyrimidine deoxyribonucleotides de novo biosynthesis I",0,0,0,3.35778e-05,0,0,0,0,0,0,5.91586e-05,0,5.72899e-05,4.63386e-05,0,0,0,0,0,0,0,0,0,0,0,0,0,0,0,0,0,0,0,0,0,0,0,0,0,0,0,0,0,0,0,0,0,0,0,0,0,0,0,0,0,0,0,0
"PWY-7187: pyrimidine deoxyribonucleotides de novo biosynthesis II",0,0,0,5.73431e-05,0,0,0,0,0,0,0,0,3.68151e-05,0,0,0,0,0,0,0,0,0,0,0,0,0,0,0,0,0,0,0,0,0,0,0,0,0,0,0,0,0,0,0,0,0,0,0,0,0,0,0,0,0,0,0,0,0
"PWY-7196: superpathway of pyrimidine ribonucleosides salvage",0,0,0,0,0,0,0,0,0,0,0,0,0,0,0,0,0,0,0,0,0,0,0,0,0,0,0,0,0,0,0,0,0,4.64121e-05,0,0,0,0,0,0,0,0,0,0,0,0,0,0,0,0,0,0,0,0,0,0,0,0
"PWY-7197: pyrimidine deoxyribonucleotide phosphorylation",3.92389e-05,6.69834e-05,8.11981e-05,2.1252e-05,7.25855e-05,2.47593e-05,0.000112252,6.47262e-05,6.34342e-05,5.73569e-05,6.28041e-05,1.96154e-05,8.38256e-05,8.21539e-05,9.78207e-05,9.15032e-05,0.000106247,0,4.84568e-05,2.86981e-05,0,3.46207e-05,2.72427e-05,3.94963e-05,0,5.74264e-05,0,7.00371e-05,0,7.76626e-05,5.90756e-05,6.07477e-05,0.000115786,4.36287e-05,3.64775e-05,9.01929e-05,8.67988e-05,6.48796e-05,4.79914e-05,2.51667e-05,0,3.32725e-05,0,2.81216e-05,0,7.19304e-05,5.09912e-05,0.000159646,8.37693e-05,7.36662e-05,0,9.43722e-05,8.91081e-05,0,0,5.06035e-05,0,2.1189e-05
"PWY-7198: pyrimidine deoxyribonucleotides de novo biosynthesis IV",5.63609e-05,0,0,2.84304e-05,0,0,0.000118742,0,8.45509e-05,7.42957e-05,5.17961e-05,0,2.99781e-05,6.6658e-05,9.46386e-05,7.37986e-05,7.95721e-05,0,5.02005e-05,0,0,0,3.64668e-05,0,0,0,0,0,0,0,0,4.59821e-05,0,0,5.33235e-05,8.42887e-05,4.45711e-05,9.57347e-05,4.48734e-05,3.7883e-05,0,0,0,0,0,0,6.29435e-05,0.000157752,6.17626e-05,0,0,7.16434e-05,0,0,0,5.42227e-05,0,0
"PWY-7199: pyrimidine deoxyribonucleosides salvage",0.000179387,0.000240788,0.000151268,0.000194988,0.000191455,0.000221109,4.21614e-05,0.000281893,0.000235109,0.00017593,0.000246936,0.000199089,0.000156148,0.000215629,7.86028e-05,0.000113237,0.000134168,0.000137836,0.000192466,0.000325855,0.000200734,0.000169784,0.000136423,0.000118462,0.000220111,5.46342e-05,0.000188978,0.000162951,0.00012776,0.000210038,0.000216165,0.000172778,0.000222525,8.81537e-05,0.000207774,0.00026337,0.000208608,0.000182819,0.000192382,0.000199834,0.000155593,0.000203025,0.000119774,0.000276745,0.000106691,0.00018781,0.000199513,0.000175112,0.000174279,0.00021734,5.04855e-05,0.000228654,0.0002263,0.000293619,0.000241479,0.000275146,0.000176217,0.000208978
"PWY-7200: superpathway of pyrimidine deoxyribonucleoside salvage",0,0,0,0,0,0,0,0,0,0,0,0,0,0,0,0,0,0,0,0,0,0,0,0,0,0,0,0,0,0,0,0,0,0,0,0,0,0,0,0,0,0,0,0,0,0,0,0,0,0,0,0,0,0,0,0,0,0
"PWY-7204: pyridoxal 5'-phosphate salvage II (plants)",0,0,0,7.88433e-05,0,0,0,0,0,0,0,0,5.25982e-05,0,0,0,0,0,0,0,0,0,0,0,0,0,0,0,0,0,0,0,0,0,0,0,0,0,0,0,0,0,0,0,0,0,0,0,0,0,0,0,0,0,0,0,0,0
"PWY-7208: superpathway of pyrimidine nucleobases salvage",5.69388e-05,0.000128973,0.000119326,3.16076e-05,0.000167518,3.84049e-05,0.000149137,0.000161801,0.000222093,0.000121019,0.000112748,7.92529e-05,0.000130374,0.000110659,0.000126981,0.000128803,0.000173529,0.000103599,0.00013199,4.26962e-05,0,5.61242e-05,4.04509e-05,5.83634e-05,4.4664e-05,0.000109289,6.65257e-05,0.000111705,0,0.000136257,8.78851e-05,8.84639e-05,0.000193338,9.19629e-05,5.30091e-05,0.000163595,0.000176225,9.16844e-05,7.88026e-05,6.23754e-05,3.65533e-05,5.85987e-05,4.91143e-05,4.19545e-05,0,0.000111212,8.82848e-05,0.000226377,0.000125702,0.000107854,0.000188915,0.000132171,0.000290086,4.84923e-05,6.45221e-05,7.81358e-05,0,3.81959e-05
"PWY-7209: superpathway of pyrimidine ribonucleosides degradation",3.99218e-05,0,0,4.39366e-05,0,0,0,0,0,0,0,0,0,0,0,0,0,0,3.15222e-05,0,2.6608e-05,0,0,0,0,0,7.41493e-05,0,0,0,0,0,0,0,0,0,0,0,0,4.15872e-05,0,0,0,0,3.25331e-05,0,3.66642e-05,0,0,0,0,0,0,0,0,5.09206e-05,0,0
"PWY-7210: pyrimidine deoxyribonucleotides biosynthesis from CTP",0,0,0,1.6162e-05,0,0,0,0,0,0,5.55528e-05,0,3.77539e-05,0,0,0,0,0,0,0,0,0,0,0,0,0,0,0,0,0,0,0,0,0,0,0,0,0,0,0,0,0,0,0,0,0,0,0,0,0,0,0,0,0,0,0,0,0
"PWY-7211: superpathway of pyrimidine deoxyribonucleotides de novo biosynthesis",0,0,0,2.72422e-05,0,0,0,0,0,0,0,0,5.82235e-05,0,0,0,0,0,0,0,0,0,0,0,0,0,0,0,0,0,0,0,0,0,0,0,0,0,0,0,0,0,0,0,0,0,0,0,0,0,0,0,0,0,0,0,0,0
"PWY-7218: photosynthetic 3-hydroxybutanoate biosynthesis (engineered)",0,0,0,0,0,0,0,0,0,0,0,0,0,0,0,0,0,0,0,0,0,0,0,0,0,0,0,0,0,0,0,0,0,0,0,0,0,0,0,0,0,0,0,0,0,0,0,0,0,0,0,0,0,0,0,0,0,0
"PWY-7220: adenosine deoxyribonucleotides de novo biosynthesis II",3.96358e-05,0.000104636,9.08837e-05,3.94689e-05,8.39294e-05,2.82823e-05,0.00012155,0.000122764,0.000236151,9.79343e-05,9.76931e-05,2.51502e-05,0.000119846,9.30675e-05,0.000105318,8.57116e-05,0.000129408,0,5.17453e-05,3.25882e-05,0,4.35776e-05,2.86194e-05,4.21619e-05,0,6.72603e-05,0,8.70345e-05,0,0.000109009,6.63558e-05,6.34374e-05,0.000184649,8.15999e-05,3.88696e-05,0.000120282,0.000149733,7.32516e-05,5.6564e-05,2.88686e-05,0,4.04099e-05,0,3.20639e-05,0,9.25883e-05,7.07183e-05,0.000218336,9.60247e-05,8.37846e-05,0,0.000101637,0.000227863,0,0,5.4767e-05,0,2.39154e-05
"PWY-7221: guanosine ribonucleotides de novo biosynthesis",0.000536336,0.000360091,0.000517859,0.000250582,0.000376267,0.000464209,0.000327958,0.000220196,0.000529619,0.000370503,0.000276678,0.000417921,0.000238343,0.000264754,0.000448431,0.000494722,0.00034013,0.000300146,0.000341719,0.000345251,0.000313902,0.000520737,0.000316396,0.000401124,0.000359136,0.000261996,0.000404936,0.000333729,0.000390863,0.000395802,0.000413227,0.000342548,0.000311416,0.000215186,0.000399738,0.000456705,0.000410276,0.000440617,0.000430968,0.000386773,0.000458554,0.000420113,0.000409866,0.000381126,0.000301612,0.000378992,0.000334361,0.00043097,0.000386248,0.000337036,0.000385377,0.000462837,0.000323436,0.000486405,0.000353336,0.000383108,0.000375211,0.000528009
"PWY-7222: guanosine deoxyribonucleotides de novo biosynthesis II",3.96358e-05,0.000104636,9.08837e-05,3.94689e-05,8.39294e-05,2.82823e-05,0.00012155,0.000122764,0.000236151,9.79343e-05,9.76931e-05,2.51502e-05,0.000119846,9.30675e-05,0.000105318,8.57116e-05,0.000129408,0,5.17453e-05,3.25882e-05,0,4.35776e-05,2.86194e-05,4.21619e-05,0,6.72603e-05,0,8.70345e-05,0,0.000109009,6.63558e-05,6.34374e-05,0.000184649,8.15999e-05,3.88696e-05,0.000120282,0.000149733,7.32516e-05,5.6564e-05,2.88686e-05,0,4.04099e-05,0,3.20639e-05,0,9.25883e-05,7.07183e-05,0.000218336,9.60247e-05,8.37846e-05,0,0.000101637,0.000227863,0,0,5.4767e-05,0,2.39154e-05
"PWY-7228: superpathway of guanosine nucleotides de novo biosynthesis I",7.38571e-05,0.000163578,0.000154805,4.50036e-05,0.000161842,5.34129e-05,0.00018263,0.000165632,0.000330099,0.000156955,0.00014833,4.7515e-05,0.000163037,0.000142338,0.000172675,0.000147182,0.000191584,0,9.08156e-05,5.98441e-05,0,8.0799e-05,5.28823e-05,7.6502e-05,0,0.000109025,0,0.000138323,0,0.000173699,0.00011457,0.000108378,0.000242898,0.000121369,7.12572e-05,0.000191835,0.000222023,0.000126373,0.000100495,5.39587e-05,0,7.44084e-05,0,5.96274e-05,0,0.000150273,0.000119017,0.000290416,0.000154845,0.000135768,0,0.000168982,0.000277556,0,0,9.60929e-05,0,4.58528e-05
"PWY-7229: superpathway of adenosine nucleotides de novo biosynthesis I",0.00012038,0.000252881,0.000238895,0.000119699,0.000191535,9.60066e-05,0.000281131,0.000288184,0.000405851,0.000243536,0.000236525,8.98839e-05,0.000233655,0.000218977,0.000270997,0.000207176,0.000298543,0,0.000149599,0.000110649,0,0.000134789,9.08978e-05,0.000128736,0,0.000155067,0,0.000202784,0,0.000256583,0.0001927,0.00018007,0.000385323,0.00017777,0.000121491,0.000284332,0.000321807,0.000208843,0.000165241,0.000100604,0,0.000122416,0,0.000107358,0,0.000237103,0.000200699,0.000355371,0.000248288,0.000208096,0,0.0002311,0.000408346,0,0,0.000166844,0,8.21812e-05
"PWY-7234: inosine-5'-phosphate biosynthesis III",7.46617e-05,7.9181e-05,4.9996e-05,0.000184838,0,4.78338e-05,0.00018645,7.95302e-05,7.03165e-05,0.000137401,5.11511e-05,4.59868e-05,0.000105244,0.000136248,0.000149602,0,0,7.56284e-05,0.000105481,8.66537e-05,7.97357e-05,0.000119363,5.91151e-05,4.54871e-05,0,0,0.000133235,0,0,0,5.48776e-05,0,0.000140564,7.64295e-05,0.000100948,0,0,0.000171134,3.99581e-05,0.000100627,0,3.61708e-05,0,8.33317e-05,0.000145738,7.75248e-05,0,6.02073e-05,8.10528e-05,0,0,3.49825e-05,0,5.86132e-05,0,0.000156641,9.25403e-05,0
"PWY-7237: myo-, chiro- and scyllo-inositol degradation",0.000246287,0.000256386,8.77526e-05,0.000149139,0.000180784,0.000200272,0.00018097,9.8911e-05,0.000221284,0.000310737,0.000136343,0.00026162,0.000189125,0.000128404,5.32232e-05,9.43957e-05,0.000238994,0.000252095,0.000388986,0.000101585,7.75856e-05,0.000309979,0.000196125,0.00019517,0.000251082,0.000136195,0.000136176,6.35007e-05,0.000295685,0.000208496,0.000174164,0.000102289,8.5051e-05,0.000147548,0.000109029,0.000341872,0.000222479,0.000244176,0.000145052,0.000204171,0.000298122,0.000352068,0.00023645,5.40757e-05,0.000151964,0.00013919,0.000150487,0.000164383,0.000161021,0.000138252,0.000303166,0.000146548,3.76934e-05,0.000431692,0.000130428,0.000105903,0.000110072,0.000259767
"PWY-7238: sucrose biosynthesis II",0.000498191,0.000449438,0.000559683,0.000462222,0.00063458,0.000616779,0.000478346,0.000388718,0.000478277,0.00066928,0.000448014,0.000567056,0.000415253,0.000426456,0.000545098,0.000327913,0.000546007,0.00026362,0.000531907,0.000380264,0.000530316,0.000357445,0.000575897,0.00037968,0.000465682,0.000389722,0.000675167,0.000245947,0.00050916,0.000417718,0.000604594,0.00064325,0.000464084,0.000234386,0.000466306,0.000685573,0.000700058,0.00064401,0.000702689,0.000500933,0.000360391,0.000362417,0.000274689,0.000566117,0.000436568,0.000567616,0.000259306,0.000201527,0.00049543,0.000315289,0.000657622,0.000374886,0.00042634,0.000746423,0.000461866,0.000635213,0.000586172,0.000373674
"PWY-7242: D-fructuronate degradation",0,8.01982e-05,3.62367e-05,7.04896e-05,0,6.48702e-05,4.36857e-05,2.39924e-05,0,8.94488e-05,0.000115019,9.71818e-05,4.81912e-05,2.08753e-05,0,3.6786e-05,9.05979e-05,4.95339e-05,2.79433e-05,0,3.77069e-05,4.18616e-05,0,5.71232e-05,5.34847e-05,3.70874e-05,2.96821e-05,3.27185e-05,4.28098e-05,4.20564e-05,0,4.76145e-05,4.76994e-05,0,5.41487e-05,0.000116826,5.24141e-05,3.58017e-05,2.47695e-05,0,4.75931e-05,6.39522e-05,4.22374e-05,3.42213e-05,6.71875e-05,8.85005e-05,0,0,2.1369e-05,4.63489e-05,6.40745e-05,0,5.91262e-05,8.10979e-05,4.50003e-05,0,0,4.14288e-05
"PWY-7245: superpathway of NAD/NADP - NADH/NADPH interconversion (yeast)",0,0,0,0,0,0,0,0,0,0,0,0,0,0,0,0,0,0,0,0,0,0,0,0,0,0,0,0,0,0,0,0,0,0,0,0,0,0,0,0,0,0,0,0,0,0,0,0,0,0,0,0,0,0,0,0,0,0
"PWY-724: superpathway of L-lysine, L-threonine and L-methionine biosynthesis II",0.000250823,0.00028156,9.66517e-05,0.000257705,0.000215465,0.000281807,0.000283847,0.000257334,0.000385623,0.000298433,0.000267952,0.000271144,0.000241251,0.000220826,0.000261263,0.000275138,0.000238731,0.000173154,0.00026643,0.000249051,0.00020346,0.000188906,0.000174226,0.000190691,0.000243921,9.17643e-05,0.000315092,0.000160374,0.000311519,0.000196642,0.000286479,0.000211557,0.000265497,0.000162754,0.000308323,0.000277349,0.000262162,0.000297472,0.000274011,0.000248588,0.000195441,0.000167551,0.000269767,0.00031798,0.000237102,0.00027372,0.000234447,0.000216932,0.000199811,0.000312734,0.00028405,0.00027477,0.000230096,0.00030569,0.000216411,0.000299794,0.000299163,0.000185252
"PWY-7254: TCA cycle VII (acetate-producers)",0,0,0,0,0,0,0,0,0,0,0,0,0,0,0,0,0,0,0,0,0,0,0,0,0,0,0,0,0,0,0,0,0,0,0,0,0,0,0,0,0,0,0,0,0,0,0,0,0,0,0,0,0,0,3.35897e-05,0,0,0
"PWY-7268: cytosolic NADPH production (yeast)",0,0,0,0,0,0,0,0,0,0,0,0,0,0,0,0,0,0,0,0,0,0,0,0,0,0,0,0,0,0,0,0,0,0,0,0,0,0,0,0,0,0,0,0,0,0,0,0,0,0,0,0,0,0,0,0,0,0
"PWY-7269: mitochondrial NADPH production (yeast)",0,0,0,0,0,0,0,0,0,0,0,0,0,0,0,0,0,0,0,0,0,0,0,0,0,0,0,0,0,0,0,0,0,0,0,0,0,0,0,0,0,0,0,0,0,0,0,0,0,0,0,0,0,0,0,0,0,0
"PWY-7279: aerobic respiration II (cytochrome c) (yeast)",0,0,0,0,0,0,0,0,0,0,0,0,0,0,0,0,0,0,0,0,0,0,0,0,0,0,0,0,0,0,0,0,0,0,0,0,0,0,0,0,0,0,0,0,0,0,0,0,0,0,0,0,0,0,0,0,0,0
"PWY-7282: 4-amino-2-methyl-5-diphosphomethylpyrimidine biosynthesis II",0,0,0,0.000141938,0.000126793,0,0,0.000125636,0.000159077,8.88186e-05,0.000122269,0,0.000110161,0.000184772,0,5.63997e-05,0,0,0.000112761,9.13253e-05,0,9.86821e-05,0,0,0,0,0,0.00010678,0,0,0.000156458,0,0.000199148,0,0,0,0.000224946,0.000229945,0.000114075,7.80476e-05,6.61483e-05,0,0,0.000108612,0,0.000130298,7.74e-05,0.000175575,0,0,0,0,0,0,0,0,0,0
"PWY-7283: wybutosine biosynthesis",0,0,0,0,0,0,0,0,0,0,0,0,0,0,0,0,0,0,0,0,0,0,0,0,0,0,0,0,0,0,0,0,0,0,0,0,0,0,0,0,0,0,0,0,0,0,0,0,0,0,0,0,0,0,0,0,0,0
"PWY-7286: 7-(3-amino-3-carboxypropyl)-wyosine biosynthesis",0,0,0,0,0,0,0,0,0,0,0,0,0,0,0,0,0,0,0,0,0,0,0,0,0,0,0,0,0,0,0,0,0,0,0,0,0,0,0,0,0,0,0,0,0,0,0,2.74939e-05,0,0,0,0,0,0,0,0,0,0
"PWY-7294: D-xylose degradation IV",0,0,0,0,0,0,0,0,0,0,0,0,0,0,0,0,0,0,0,0,0,0,0,0,0,0,0,0,0,0,0,0,0,0,0,0,0,0,0,0,0,0,0,0,0,0,0,0,0,0,0,0,0,0,0,0,0,0
"PWY-7312: dTDP-&beta;-D-fucofuranose biosynthesis",0,0,0,0,0,0,0,4.04533e-05,0,0,0,0,0,6.23106e-05,0,0,0,0,3.24873e-05,0,0,0,0,0,0,0,0,0,0,0,0,0,0,0,0,0,0,0,0,0,0,0,0,6.15178e-05,0,0.000214622,0,0,0,0,0,0,0,0,0,0,0,0
"PWY-7315: dTDP-N-acetylthomosamine biosynthesis",3.27187e-05,0,0,6.62116e-05,0,0,0,0,0,0,0,0,7.73647e-05,7.72881e-05,5.07583e-05,0,0,0,0,0,4.70893e-05,0,0,0.000122882,0,3.60215e-05,0,0,0,0,0,0,4.93671e-05,0,0,6.69844e-05,0,5.75017e-05,0,0,0,0,4.30605e-05,0,4.2113e-05,2.43508e-05,0,0,0.00018079,0,5.69635e-05,0,0,0,0,0.000100702,0,0
"PWY-7316: dTDP-N-acetylviosamine biosynthesis",0,0,0,0,0,0,0,0,0,0,0,0,0,0,0,0,0,0,0,0,0,0,0,0,0,0,0,0,0,0,0,0,0,0,0,0,0,0,0,0,0,0,0,0,0,0,0,0,0,0,0,0,0,0,0,0,0,0
"PWY-7317: superpathway of dTDP-glucose-derived O-antigen building blocks biosynthesis",0,0,0,0,0,0,0,0,0,0,0,0,0,0,0,0,0,0,0,0,0,0,0,0,0,0,0,0,0,0,0,0,0,0,0,0,0,0,0,0,0,0,0,0,0,0,0,0,0,0,0,0,0,0,0,0,0,0
"PWY-7323: superpathway of GDP-mannose-derived O-antigen building blocks biosynthesis",3.84788e-05,0.000143737,3.33833e-05,0.000138186,3.61757e-05,6.53176e-05,3.18855e-05,9.55293e-05,0,7.75867e-05,9.32944e-05,0.000102876,0.000115858,1.61924e-05,0,0,4.21664e-05,0,5.05146e-05,3.24166e-05,6.09397e-05,8.03593e-05,5.33048e-05,0.000105824,3.32522e-05,7.52661e-05,4.8022e-05,4.33089e-05,4.61835e-05,4.48403e-05,8.96731e-05,0,0.000161787,3.63681e-05,3.30045e-05,0.000147246,0.000123701,4.81443e-05,8.10568e-05,7.47043e-05,5.464e-05,0,0,0,7.02287e-05,0,8.50982e-05,0,0,6.72875e-05,3.51561e-05,0,5.79303e-05,3.81771e-05,5.8719e-05,3.78399e-05,0,0
"PWY-7328: superpathway of UDP-glucose-derived O-antigen building blocks biosynthesis",0.000101509,0,5.96811e-05,0.0001785,6.25207e-05,5.54745e-05,6.70987e-05,0.000109197,0.000102095,7.74932e-05,0,7.72325e-05,0.000192638,8.94252e-05,0.000156653,0.000121254,7.89147e-05,8.73819e-05,0.000105847,9.43871e-05,8.04904e-05,0.000180477,0.000136614,0.000172321,0.000113629,6.917e-05,0.000161449,0,0,0,0.000155353,0.000125975,6.33493e-05,0.000109449,3.13225e-05,8.28368e-05,0.000104032,0.000156872,9.09904e-05,0.000132666,8.87923e-05,5.47707e-05,0,0.000102912,0.000102127,0.000107781,0.000127919,0.000175588,7.98652e-05,4.1753e-05,6.47446e-05,0.000106516,5.15845e-05,8.61103e-05,5.99782e-05,0.00017275,0.000133137,6.61788e-05
"PWY-7332: superpathway of UDP-N-acetylglucosamine-derived O-antigen building blocks biosynthesis",0,0,0,0,0,0,0,0,0,0,0,0,0,0,0,0,0,0,0,0,0,0,0,0,0,0,0,0,0,0,0,0,0,0,0,0,0,0,0,0,0,0,0,0,0,0,0,0,0,0,0,0,0,0,0,0,0,0
"PWY-7340: 9-cis, 11-trans-octadecadienoyl-CoA degradation (isomerase-dependent, yeast)",0,0,0,0,0,0,0,0,0,0,0,0,0,0,0,0,0,0,0,0,0,0,0,0,0,0,0,0,0,0,0,0,0,0,0,0,0,0,0,0,0,0,0,0,0,0,0,0,0,0,0,0,0,0,0,0,0,0
"PWY-7345: superpathway of anaerobic sucrose degradation",0,0.000125535,0,0.000193426,0,9.4634e-05,0.000161556,0,0,9.57449e-05,0.000106757,5.91598e-05,0.000119685,0.000139357,0,0,7.50676e-05,0,0.000174283,0.000103068,0,9.87359e-05,4.58724e-05,0,0,0,0.00012993,0.00011569,0,0,0.000127925,0,0.000133229,0,0.000113648,0,0,0.000193257,0.000104044,6.32632e-05,0,0,0,9.92298e-05,0.000174122,8.46811e-05,0,0.000126847,0.000136527,0.00011999,0,0,0,0,0,0,0,0
"PWY-7347: sucrose biosynthesis III",0,0,0,0,0,0,0,0,0,0,0,0,0,0,0,0,0,0,0,0,0,0,0,0,0,0,0,0,0,0,0,0,0,0,0,0,0,0,0,0,0,0,0,0,0,0,0,0,0,0,0,0,0,0,0,0,0,0
"PWY-7356: thiamine diphosphate salvage IV (yeast)",6.84495e-05,3.63196e-05,0,0,4.64942e-05,0,6.44303e-05,4.55449e-05,0,0,3.21075e-05,2.6608e-05,0,0,5.17632e-05,0,0,0,0,0,0,0,0,0,6.50661e-05,0,7.35901e-05,0,0,0,0,0,0,0,3.7919e-05,0,0,0.000102396,3.67187e-05,0,0,3.35332e-05,0,3.63123e-05,0,0,0,0,0,2.67477e-05,0,5.07172e-05,3.11538e-05,4.84264e-05,0,0,0,0
"PWY-7357: thiamine phosphate formation from pyrithiamine and oxythiamine (yeast)",0.000200974,0.000235783,0.000128844,0.000143504,0.000251433,0.000251972,0.000198522,0.00024245,0.000237536,0.000257433,0.000192575,0.000239566,0.000119633,0.000180975,0.000151426,0.000191191,0.000269849,0.000145881,0.000157911,0.000167444,0.000142364,0.000173897,0.00025574,0.0002683,0.000199033,0.000131589,0.000178554,0.000149165,0.00033962,0.000175468,0.000244067,0.000182437,0.000189921,3.48416e-05,0.000231095,0.000319619,0.000320311,0.000264041,0.000281145,0.000211869,0.000154316,0.000276812,0.000241681,0.000195246,0.000213846,0.000154468,0.000135032,0.000174108,0.000254662,0.000138793,0.000265379,0.000247664,0.000150877,0.000307083,0.000209615,0.000159771,0.00012661,0.000239201
"PWY-7371: 1,4-dihydroxy-6-naphthoate biosynthesis II",0,0,0,0,0,0,0,0,0,0,0,0,0,0,0,0,0,0,0,0,0,0,0,0,0,0,0,0,0,0,0,0,0,0,0,0,0,0,0,0,0,0,0,0,0,0,0,7.92332e-05,0,0,0,0,0,0,0,0,0,0
"PWY-7374: 1,4-dihydroxy-6-naphthoate biosynthesis I",0,0,0,0,0,0,0,0,0,0,0,0,0,0,0,0,0,0,0,0,0,0,0,0,0,0,0,0,0,0,0,0,0,0,0,0,0,0,0,0,0,0,0,0,0,0,0,0,0,0,0,0,0,0,0,0,0,0
"PWY-7383: anaerobic energy metabolism (invertebrates, cytosol)",6.78532e-05,0,0,0,8.1686e-05,7.1887e-05,0,0,0,0,4.0647e-05,7.12485e-05,3.94337e-05,0,4.98799e-05,0,0,8.66859e-05,5.5156e-05,8.80416e-05,5.04187e-05,0,3.83699e-05,8.37244e-05,5.5712e-05,5.4838e-05,0,5.76063e-05,0,0,0,3.18429e-05,0,3.412e-05,0,8.96087e-05,5.36339e-05,0.000100095,9.51487e-05,0.000131911,0,5.07149e-05,5.13256e-05,9.22101e-05,5.09437e-05,6.28283e-05,0.000120013,6.22563e-05,5.3457e-05,5.84781e-05,0,0,0,0,0.00011161,4.52574e-05,7.11931e-05,0.000109091
"PWY-7384: anaerobic energy metabolism (invertebrates, mitochondrial)",0,0,0,0,0,0,0,0,0,0,0,0,0,0,0,0,0,0,0,0,0,0,0,0,0,0,0,0,0,0,0,0,0,0,0,0,0,0,0,0,0,0,0,0,0,0,0,0,0,0,0,0,0,0,0,0,0,0
"PWY-7385: 1,3-propanediol biosynthesis (engineered)",0,0,0,0,0,0,0,0,0,0,0,0,4.31946e-05,0,0,0,0,0,0,0,0,0,0,0,0,0,0,0,0,0,0,0,0,0,0,0,0,0,0,0,0,0,0,0,5.32574e-05,0,0,0,0,0,0,0,0,0,0,0,0,0
"PWY-7388: octanoyl-[acyl-carrier protein] biosynthesis (mitochondria, yeast)",0,0,0,0,0,0,0,0,0,0,0,0,0,0,0,0,0,0,0,0,0,0,0,0,0,0,0,0,0,0,0,0,0,0,0,0,0,0,0,0,0,0,0,0,0,0,0,0,0,0,0,0,0,0,0,0,0,0
"PWY-7389: superpathway of anaerobic energy metabolism (invertebrates)",0,0,0,0,0,0,0,0,0,0,0,0,0,0,0,0,0,0,0,0,0,0,0,0,0,0,0,0,0,0,0,0,0,0,0,0,0,0,0,0,0,0,0,0,0,0,0,0,0,0,0,0,0,0,0,0,0,0
"PWY-7391: isoprene biosynthesis II (engineered)",0,0,0,0,0,0,0,0,0,0,0,0,0,0,0,0,0,0,0,0,0,0,0,0,0,0,0,0,0,0,0,0,0,0,0,0,0,0,0,0,0,0,0,0,0,0,0,0,0,0,0,0,0,0,0,0,0,0
"PWY-7392: taxadiene biosynthesis (engineered)",0,0.000137475,0,0,0,4.81257e-05,0,0.000122987,0.000219658,0,0.000126274,0.000135682,0,6.72873e-05,0,0,0,0,7.02253e-05,0,0,3.81839e-05,0,0,0,7.93503e-05,6.4689e-05,0,0,0.00010182,8.81416e-05,0,0.000153207,5.94935e-05,0,0.000131365,0.000138615,0,0.000108521,6.19893e-05,0,0,6.73493e-05,0,0,0.000101263,0,0.00010888,0,1.95987e-05,0,0,0,8.46139e-05,0,0,0,0
"PWY-7396: butanol and isobutanol biosynthesis (engineered)",0,0,0,0,0,0,0,0,0,0,0,0,0,0,0,0,0,0,0,0,0,0,0,0,0,0,0,0,0,0,0,0,0,0,0,0,0,0,0,0,0,0,0,0,0,0,0,0,0,0,0,0,0,0,0,0,0,0
"PWY-7399: methylphosphonate degradation II",0,0,0,0,0,0,0,0,0,0,0,0,0,0,0,0,0,0,0,0,0,0,0,0,0,0,0,0,0,0,0,0,0,0,0,0,0,0,0,0,0,0,0,0,0,0,0,0,0,0,0,0,0,0,0,0,0,0
"PWY-7400: L-arginine biosynthesis IV (archaebacteria)",0,0,0,0.000275098,0.000213474,0,0.00030419,0,0.000259647,0.000171508,0.000274375,0,0.000248133,0.000193919,0,0,0.000185837,0.000176585,0.00028965,0.000163095,0,0,0,0,0.000212505,0,0.000332397,0.000193172,0,0,0.000339748,0,0.000239531,0.000160555,0,0,0.000267812,0.000295113,0.00027796,0.000316829,0.000193976,0,0,0.000291827,0.000122152,0.000235928,0,0.00016631,0,0.000200077,0.000265054,0,0,0.000253597,0.000195167,0.000279091,0,0
"PWY-7409: phospholipid remodeling (phosphatidylethanolamine, yeast)",0,0,0,1.36391e-05,0,0,0,0,0,0,0,0,1.96146e-05,0,0,0,0,0,0,0,0,0,0,0,0,0,0,0,0,0,0,0,0,0,0,0,0,0,0,0,0,0,0,0,0,0,0,0,0,0,0,0,0,0,0,0,0,0
"PWY-7411: phosphatidate biosynthesis (yeast)",0,0,0,0,0,0,0,0,0,0,0,0,0,0,0,0,0,0,0,0,0,0,0,0,0,0,0,0,0,0,0,0,0,0,0,0,0,0,0,0,0,0,0,0,0,0,0,0,0,0,0,0,0,0,0,0,0,0
"PWY-7431: aromatic biogenic amine degradation (bacteria)",0,0,0,0,0,0,0,0,0,0,0,0,0,0,0,0,0,0,0,0,0,0,0,0,0,0,0,0,0,0,0,0,0,0,0,0,0,0,0,0,0,0,0,0,0,0,0,0,0,0,0,0,0,0,0,0,0,0
"PWY-7434: terminal O-glycans residues modification (via type 2 precursor disaccharide)",0,0,0,1.22428e-05,0,0,0,0,0,0,0,0,0,0,0,0,0,0,0,0,0,0,0,0,0,0,0,0,0,0,0,0,2.04914e-05,0,0,0,0,0,0,0,0,0,0,0,0,0,0,0,0,0,0,0,0,0,0,0,0,0
"PWY-7446: sulfoquinovose degradation I",0,0,0,0,0,0,0,0,0,0,0,0,0,0,0,0,0,0,0,0,0,0,0,0,0,0,0,0,0,0,0,0,0,0,0,0,0,0,0,0,0,0,0,0,0,0,0,0,0,0,0,0,0,0,0,0,0,0
"PWY-7456: &beta;-(1,4)-mannan degradation",0,0,0,0,3.50984e-05,0.000114747,2.73994e-05,7.36238e-05,0,7.7286e-05,8.29889e-05,8.45119e-05,3.64843e-05,1.32265e-05,0,0,6.01471e-05,7.93719e-05,0.000104576,0,0,0,0,0.000112721,2.84502e-05,0,6.43075e-05,3.31877e-05,0.000139382,3.56152e-05,8.0797e-05,0,0.000141909,2.9048e-05,3.45338e-05,7.75956e-05,8.64305e-05,5.15226e-05,7.80407e-05,4.43685e-05,7.80076e-05,6.3078e-05,0.000109647,0,6.33686e-05,0,6.22057e-05,0,0,6.19288e-05,7.93294e-05,2.18619e-05,7.87047e-05,6.36634e-05,6.44752e-05,0,2.81907e-05,0
"PWY-7511: protein ubiquitination",0,0,0,0,0,0,0,0,0,0,0,0,0,0,0,0,0,0,0,0,0,0,0,0,0,0,0,0,0,0,0,0,0,0,0,0,0,0,0,0,0,0,0,0,0,0,0,0,0,0,0,0,0,0,0,0,0,0
"PWY-7527: L-methionine salvage cycle III",0,0,0,0,0,0,0,0,0,0,0,0,0,0,0,0,0,0,0,0,0,0,0,0,0,0,0,0,0,0,0,0,0,0,0,0,0,0,0,0,0,0,0,0,0,0,0,0,0,0,0,0,0,0,0,0,0,0
"PWY-7528: L-methionine salvage cycle I (bacteria and plants)",0,0,0,0,0,0,0,0,0,0,0,0,0,0,0,0,0,0,0,0,0,0,0,0,0,0,0,0,0,0,0,0,0,0,0,0,0,0,0,0,0,0,0,0,0,0,0,0,0,0,0,0,0,0,0,0,0,0
"PWY-7560: methylerythritol phosphate pathway II",0.00020097,0.00020382,0.000148794,0.000218169,0,8.5747e-05,0.000277366,0.000198926,0.000261185,0,0.000202811,0.000239802,0.000229058,0.000150615,8.88064e-05,0.000299096,0.00014958,0.000134409,9.91241e-05,0,0.000144282,0.000233732,0,0.000205568,0.000270167,0.000177728,0.000119043,0.000151838,0.000131764,0.000236105,0.000320638,0.000283033,0.000218899,8.25279e-05,0.000153488,0.000225702,0.000181216,0,0.000219475,0.000208762,0.000111823,0.000354607,0.000123542,0.000291007,9.5903e-05,0.000242594,0,0.00019454,0.000257356,9.16426e-05,0.000199521,0.00034454,0,0.000170153,0.000208582,0.000307176,0.00019269,0.000332993
"PWY-7616: methanol oxidation to carbon dioxide",0,0,0,0,0,0,0,0,0,0,0,0,0,0,0,0,0,0,0,0,0,0,0,0,0,0,0,0,0,0,0,0,0,0,0,0,0,0,0,0,0,0,0,0,0,0,0,0,0,0,0,0,0,0,0,0,0,0
"PWY-7663: gondoate biosynthesis (anaerobic)",3.99508e-05,0.000158603,0.00010247,0.000297884,0.000117448,0.000202542,0.000182561,0.000242048,0.000355515,7.04164e-05,0.000226722,0.000122657,0.000286816,0.00018355,0.000137891,9.95927e-05,0.00012482,4.75416e-05,0.000190124,5.37721e-05,0.00015213,0.000238308,6.3244e-05,0.000150349,9.69479e-05,0.000135187,0.000175839,0.000118018,0,0.000205672,0.000150427,9.31346e-05,0.000225388,0.000164274,0.00015544,0.000118508,0.000210607,0.000205928,0.00011357,8.44915e-05,0.000290074,0.000172041,0.00010474,0.000187621,0.000121383,0.000273784,0.000195931,0.000190378,0.000102739,0.000290248,0,0.00020401,0.000213863,0.000214886,0.00018299,3.44094e-05,0.000165994,0.000103444
"PWY-7664: oleate biosynthesis IV (anaerobic)",0,8.79004e-05,0,0.000216345,0,0,0.000143498,0,6.21716e-05,0,5.24554e-05,0,0.000229605,3.95198e-05,8.01858e-05,0,0,3.0328e-05,0,4.74239e-05,8.47081e-05,0,0,0,0,0,0,0,0,0,0,0,4.55305e-05,0,0,0,0,7.729e-05,0,8.3676e-05,0,0,4.58451e-05,0,0.000117782,0,0,0,0,6.37927e-05,0,0,0,0,0,0,0,0
"PWY-7688: dTDP-&alpha;-D-ravidosamine and dTDP-4-acetyl-&alpha;-D-ravidosamine biosynthesis",0,0,0,0.000199921,0,0,3.18831e-05,0,0,0,0,0,7.0612e-05,0,0,0,0,0,0,0,0,0,0,0,4.22062e-05,0,0,0,0,0,0,0,0,0,0,0,0,0,0,0,0,0,0,0,0,0,0,0,0,0,0,0,0,0,0,0,0,0
"PWY-7723: bacterial bioluminescence",0,0,0,0,0,0,0,0,0,0,0,0,0,0,0,0,0,0,0,0,0,0,0,0,0,0,0,0,0,0,0,0,0,0,0,0,0,0,0,0,0,0,0,0,0,0,0,0,0,0,0,0,0,0,0,0,0,0
"PWY-7731: superpathway of photosynthetic hydrogen production",0,0,0,0,0,0,0,0,0,0,0,0,0,0,0,0,0,0,0,0,0,0,0,0,0,0,0,0,0,0,0,0,0,0,0,0,0,0,0,0,0,0,0,0,0,0,0,0,0,0,0,0,0,0,0,0,0,0
"PWY-7754: bile acid 7&alpha;-dehydroxylation",0,0,0,0,0,0,0,0,0,0,0,0,0,0,0,0,0,0,0,0,0,0,0,0,0,0,0,0,0,0,0,0,0,0,0,0,0,0,0,0,0,0,0,0,0,0,0,0,0,0,0,0,0,0,0,0,0,0
"PWY-7761: NAD salvage pathway II (PNC IV cycle)",6.91011e-05,0.000105817,4.48973e-05,9.28189e-05,0,0,4.19342e-05,0,0,0,0,3.28965e-05,9.46784e-05,0.000101156,3.80071e-05,9.66625e-05,0,4.34605e-05,0,0.000118358,7.19759e-05,3.34863e-05,9.37413e-05,9.19525e-05,6.23099e-05,5.54209e-05,0,4.00332e-05,0,0,9.1331e-05,0,6.66757e-05,4.06595e-05,0.000121573,0,3.61364e-05,4.08975e-05,0,6.73344e-05,7.24776e-05,9.87559e-05,0,8.01484e-05,5.69391e-05,5.48918e-05,0,0,9.39111e-05,2.43276e-05,0,8.80334e-05,3.46233e-05,0,6.30136e-05,0.00012373,0,0.000134998
"PWY-7783: plasmalogen degradation",0,0,0,0,0,0,0,0,0,0,0,0,0,0,0,0,0,0,0,0,0,0,0,0,0,0,0,0,0,0,0,0,0,0,0,0,0,0,0,0,0,0,0,0,0,0,0,0,0,0,0,0,0,0,0,0,0,0
"PWY-7790: UMP biosynthesis II",0.00044065,0.000394789,0.00031163,0.000221905,0.000356712,0.000432413,0.000420095,0.000385763,0.00039727,0.000372459,0.000410236,0.000430988,0.000274905,0.000259323,0.000355732,0.000505659,0.000414718,0.000302486,0.000380954,0.000386618,0.000240483,0.00039198,0.000372075,0.000390443,0.000349295,0.000317002,0.000447445,0.000292796,0.000432921,0.000387196,0.000394765,0.000390214,0.000404509,0.000154175,0.000451682,0.000533282,0.000426317,0.000389638,0.000350073,0.000420972,0.00032427,0.000443044,0.00043064,0.000450845,0.000342696,0.000384283,0.000449664,0.000271853,0.000345938,0.000365645,0.000404402,0.00032984,0.000420157,0.000547901,0.000409884,0.000283593,0.000339301,0.000451323
"PWY-7791: UMP biosynthesis III",0.00044065,0.000394789,0.00031163,0.000221905,0.000356712,0.000432413,0.000420095,0.000385763,0.00041228,0.000372459,0.000410236,0.000430988,0.000274905,0.000259323,0.000355732,0.000505659,0.000414718,0.000302486,0.000380954,0.000386618,0.000240483,0.00039198,0.000372075,0.000390443,0.000349295,0.000317002,0.000447445,0.000292796,0.000432921,0.000387196,0.000394765,0.000390214,0.000404509,0.000154175,0.000451682,0.000533282,0.000426317,0.000389638,0.000350073,0.000420972,0.00032427,0.000443044,0.00043064,0.000450845,0.000342696,0.000384283,0.000449664,0.000271853,0.000345938,0.000365645,0.000404402,0.00032984,0.000420157,0.000547901,0.000409884,0.000283593,0.000339301,0.000451323
"PWY-7805: (aminomethyl)phosphonate degradation",0,0,0,0,0,0,0,0,0,0,0,0,0,0,0,0,0,0,0,0,0,0,0,0,0,0,0,0,0,0,0,0,0,0,0,0,0,0,0,0,0,0,0,0,0,0,0,0,0,0,0,0,0,0,0,0,0,0
"PWY-7807: glyphosate degradation III",0,0,0,0,0,0,0,0,0,0,0,0,0,0,0,0,0,0,0,0,0,0,0,0,0,0,0,0,0,0,0,0,0,0,0,0,0,0,0,0,0,0,0,0,0,0,0,0,0,0,0,0,0,0,0,0,0,0
"PWY-7820: teichuronic acid biosynthesis (B. subtilis 168)",0,0,0,0,0,0,0,0,0,0,0,0,0,0,0,0,0,0,0,0,0,0,0,0,0,0,0,0,0,0,0,0,0,0,0,0,0,0,0,0,0,0,0,0,0,0,0,0,0,0,0,0,0,0,0,0,0,0
"PWY-7851: coenzyme A biosynthesis II (eukaryotic)",0.000258747,0.000227688,0.00012023,0.000174585,0.000207086,0.00028769,0.000245339,0.000209044,0.000318227,0.000245222,0.000257932,0.00029366,0.000145501,0.000241023,0.00013419,0.000325275,0.00022771,0.000130881,0.000294261,0.000248185,0.000155572,0.000152203,0.000163276,0.000215264,0.000193038,0.000143254,0.000291858,0.000132,0.000292763,0.000271108,0.000316299,0.000271127,0.00023287,0.000179417,0.000291179,0.00035482,0.000346886,0.000218385,0.000256926,0.000189989,0.000266581,0.000201753,0.000203633,0.000286798,0.000231196,0.000217887,0.000277393,0.000140216,0.000276968,0.000263921,0.000263352,0.000216762,0.000201743,0.000319345,0.00014865,0.000241989,0.000249931,0.000171966
"PWY-7853: 6-hydroxymethyl-dihydropterin diphosphate biosynthesis V (Pyrococcus)",0,0,0,0,0,0,0,0,0,0,0,0,0,0,0,0,0,0,0,0,0,0,0,0,0,0,0,0,0,0,0,0,0,0,0,0,0,0,0,0,0,0,0,0,0,0,0,0,0,0,0,0,0,0,0,0,0,0
"PWY-7858: (5Z)-dodecenoate biosynthesis II",0,0,0,7.35127e-05,0,0,0,0,0,0,0,0,9.75234e-05,0,0,0,0,0,0,0,0,0,0,0,0,0,0,0,0,0,0,0,0,0,0,0,0,0,0,0,0,0,0,0,0,0,0,0,0,0,0,0,0,0,0,0,0,0
"PWY-7873: D-erythronate degradation II",0,0,0,0,0,0,0,0,0,0,0,0,0,0,0,0,0,0,0,0,0,0,0,0,0,0,0,0,0,0,0,0,0,0,0,0,0,0,0,0,0,0,0,0,0,0,0,0,0,0,0,0,0,0,0,0,0,0
"PWY-7874: L-threonate degradation",0,0,0,6.79757e-06,0,0,0,0,0,0,0,0,0,0,0,0,0,0,0,0,0,0,0,0,0,0,0,0,0,0,0,0,0,0,0,0,0,0,0,0,0,0,0,0,0,0,0,0,0,0,0,0,0,0,0,0,0,0
"PWY-7883: anhydromuropeptides recycling II",0,0,0,8.12874e-05,0,0,0,0,0,0,0,0,1.60047e-05,0,0,0,0,0,0,0,0,0,0,0,0,0,0,0,0,0,0,0,0,0,0,0,0,0,0,0,0,0,0,0,0,0,0,0,0,0,0,0,0,0,0,0,0,0
"PWY-7942: 5-oxo-L-proline metabolism",0,0,0,4.49425e-05,0,0,0,0,0,0,0,0,3.60884e-05,0,0,0,0,2.23942e-05,0,0,0,0,0,0,0,0,0,0,0,2.13541e-05,0,0,0,0,0,0,0,0,0,0,0,0,0,0,0,0,0,0,0,0,0,0,0,0,0,0,0,0
"PWY-7953: UDP-N-acetylmuramoyl-pentapeptide biosynthesis III (meso-diaminopimelate containing)",0.000243137,0.000305283,0.000211958,0.000255323,0.000338506,0.000320828,0.000315272,0.000282737,0.000471743,0.000279967,0.000279081,0.000305068,0.000237731,0.000241299,0.000168368,0.000505404,0.00030581,0.000201196,0.000267167,0.00028546,0.000244352,0.000300068,0.000312958,0.000282827,0.000276954,0.000203412,0.000347999,0.000155187,0.000325465,0.000242684,0.00039383,0.00019807,0.000320556,0.000148087,0.000318954,0.000370688,0.000388146,0.000350921,0.000353004,0.00034063,0.000306631,0.000301236,0.000373972,0.000316286,0.000299858,0.000337537,0.000339452,0.000278738,0.000299239,0.000361928,0.000308493,0.00037659,0.000349949,0.000407192,0.000229296,0.000371378,0.000320108,0.00036993
"PWY-7977: L-methionine biosynthesis IV",0.000241423,0.000261009,3.91443e-05,0.000262154,0.000128396,0.000291959,0.000334585,0.000251874,0.000443274,0.00024539,0.000278039,0.000229869,0.000232067,0.000202354,0.000230732,0.000219215,0.000210361,0.000230855,0.000189057,8.43757e-05,0.000153637,0.000238729,9.02445e-05,0.000219305,0.000160215,0.000207396,0.000203471,9.54456e-05,0.000324821,0.000245516,0.000127688,0.000126942,0.000312698,0.000168138,0.000285385,0.000219883,0.00022772,0.000252893,0.000215466,0.000204685,0.000357466,0.000365297,0.000281764,0.000323631,0.000245832,0.00039317,0.000139842,0.000223095,8.07809e-05,0.000289944,0.000256902,0.000419994,0.000159308,0.000245103,0.000247304,0.000254711,0.000216994,0.000309419
"PWY-7992: superpathway of menaquinol-8 biosynthesis III",0,0,0,0,0,0,0,0,0,0,0,0,0,0,0,0,0,0,0,0,0,0,0,0,0,0,0,0,0,0,0,0,0,0,0,0,0,0,0,0,0,0,0,0,0,0,0,0.000102271,0,0,0,0,0,0,0,0,0,0
"PWY-8004: Entner-Doudoroff pathway I",0,9.45964e-05,0,0.000149489,0,0,0.000127455,0,0.000187692,6.51559e-05,7.64442e-05,0,9.21062e-05,0,0,0,3.86908e-05,4.23757e-05,8.43623e-05,4.50383e-05,7.54681e-05,0,0,0,2.26782e-05,4.48199e-05,6.84043e-05,0,0,0,8.37069e-05,0,0.00011303,0,9.8976e-05,3.28288e-05,0.000104362,8.29058e-05,5.94281e-05,4.02838e-05,0,0,0,7.5382e-05,9.4826e-05,0.000118064,0,0,0,4.75925e-05,0,0,0,8.79027e-05,3.19708e-05,0,0,0
"PWY-8011: L-serine biosynthesis II",0,0,0,0,0,0,0,0,0,0,0,0,0,0,0,0,0,0,0,0,0,0,0,0,0,0,0,0,0,0,0,0,0,0,0,0,0,0,0,0,0,0,0,0,0,0,0,0,0,0,0,0,0,0,0,0,0,0
"PWY-801: homocysteine and cysteine interconversion",0,0,0,2.63965e-05,0,0,0,0,0,0,0,2.4341e-05,1.93641e-05,0,0,0,0,0,0,0,0,0,0,0,0,0,0,0,0,0,0,0,2.42827e-05,0,0,0,0,0,0,0,0,0,0,0,1.99026e-05,0,0,0,0,0,0,0,0,0,0,0,0,0
"PWY-8055: palmitoyl ethanolamide biosynthesis",0,0,0,0,0,0,0,0,0,0,0,0,0,0,0,0,0,0,0,0,0,0,0,0,0,0,0,0,0,0,0,0,0,0,0,0,0,0,0,0,0,0,0,0,0,0,0,0,0,0,0,0,0,0,0,0,0,0
"PWY-8073: lipid IVA biosynthesis (P. putida)",0,5.31291e-05,0,0.000134223,4.51675e-05,0,0,6.19412e-05,0,3.07965e-05,7.10936e-05,0,0.000103839,0.000105176,0,0,4.95644e-05,0,7.01545e-05,5.06948e-05,0,0,0,0,7.81902e-05,0,5.09142e-05,5.83616e-05,0,0,7.10506e-05,0,4.56727e-05,0,0,0,0,0.000105953,0,3.52094e-05,6.82911e-05,0,0,2.73447e-05,5.95378e-05,0.000106442,0,4.73357e-05,0,0,0,0,0,0,0,0,0,0
"PWY-8086: (S)-lactate fermentation to propanoate, acetate and hydrogen",0,0,0,0,0,0,0,0,0,0,0,0,0,0,0,0,0,0,0,0,0,0,0,0,0,0,0,0,0,0,0,0,0,0,0,0,0,0,0,0,0,0,0,0,0,0,0,0,0,0,0,0,0,0,0,0,0,0
"PWY-8112: factor 420 biosynthesis I (archaea)",2.3888e-05,0,0,0,0,0,0,0,0,0,0,0,0,0,0,0,0,0,0,0,0,0,0,0,0,0,0,0,0,0,0,0,0,0,0,0,0,0,0,0,0,0,0,0,0,0,0,3.9e-05,0,0,0,0,0,0,0,0,0,0
"PWY-8113: 3PG-factor 420 biosynthesis",0,0,0,0,0,0,0,0,0,0,0,0,0,0,0,0,0,0,0,0,0,0,0,0,0,0,0,0,0,0,0,0,0,0,0,0,0,0,0,0,0,0,0,0,0,0,0,3.18091e-05,0,0,0,0,0,0,0,0,0,0
"PWY-8125: mevalonate pathway IV (archaea)",0,0,0,0,0,0,0,0,0,0,0,0,0,0,0,0,0,0,0,0,0,0,0,0,0,0,0,0,0,0,0,0,0,0,0,0,0,0,0,0,0,0,0,0,0,0,0,0,0,0,0,0,0,0,0,0,0,0
"PWY-8131: 5'-deoxyadenosine degradation II",0,0,0,0,3.61549e-05,0,0,0,0,0,0,0,0,0,0,0,2.299e-05,0,0,0,0,0,0,0,0,0,0,0,4.72941e-05,0,0,0,0,0,2.52547e-05,0,3.35064e-05,0,0,0,0,0,0,0,1.75556e-05,0,0,0,0,0,0,0,0,0,0,2.71864e-05,0,0
"PWY-8134: bile acid 7&beta;-dehydroxylation",0,0,0,0,0,0,0,0,0,0,0,0,0,0,0,0,0,0,0,0,0,0,0,0,0,0,0,0,0,0,0,0,0,0,0,0,0,0,0,0,0,0,0,0,0,0,0,0,0,0,0,0,0,0,0,0,0,0
"PWY-8173: anteiso-branched-chain fatty acid biosynthesis",0,0,0,0,0,0,0,0,0,0,0,0,0,0,0,0,0,0,0,0,0,0,0,0,0,0,0,0,0,0,0,0,0,0,0,0,0,0,0,0,0,0,0,0,0,0,0,0,0,0,0,0,0,0,0,0,0,0
"PWY-8174: odd iso-branched-chain fatty acid biosynthesis",0,0,0,0,0,0,0,0,0,0,0,0,0,0,0,0,0,0,0,0,0,0,0,0,0,0,0,0,0,0,0,0,0,0,0,0,0,0,0,0,0,0,0,0,0,0,0,0,0,0,0,0,0,0,0,0,0,0
"PWY-8175: even iso-branched-chain fatty acid biosynthesis",0,0,0,0,0,0,0,0,0,0,0,0,0,0,0,0,0,0,0,0,0,0,0,0,0,0,0,0,0,0,0,0,0,0,0,0,0,0,0,0,0,0,0,0,0,0,0,0,0,0,0,0,0,0,0,0,0,0
"PWY-8178: pentose phosphate pathway (non-oxidative branch) II",0.000149531,0.000375108,0.000174104,0.000533878,0.000325681,0.000368859,0.000184297,0.000274016,0.000239693,0.000400125,0.000246348,0.000307166,0.000338505,0.000175794,0.000117212,0.000336106,0.000239173,0.000242064,0.000258613,0.000209575,0.000189844,0.00025444,0.000249354,0.000380465,0.000364245,0.000279332,0.000221869,0.000149977,0.000458037,0.000158673,0.0004062,0.000290018,0.000278059,0.000165634,0.000285063,0.000397554,0.000373336,0.000156545,0.00022236,0.000319608,0.000191515,0.000431126,0.00033593,0.000285163,0.000278941,0.00025304,0.000329417,0.000163118,0.000301551,0.000250534,0.000408053,0.000366884,0.000275611,0.000414889,0.000253801,0.000343852,0.00013056,0.00032062
"PWY-8187: L-arginine degradation XIII (reductive Stickland reaction)",9.21098e-05,9.45419e-05,0,0.000207432,0.000109953,0,0.000117207,4.72876e-05,0.000213613,8.56772e-05,9.18614e-05,9.29848e-05,0.000118373,0,0.000169171,2.88627e-05,0.000107293,5.90662e-05,4.25611e-05,0.000172448,4.08054e-05,3.75936e-05,4.94608e-05,4.61977e-05,8.33444e-05,0,3.72563e-05,0,7.69005e-05,0,6.52215e-05,0.00015003,6.33989e-05,8.79911e-05,7.22307e-05,8.40923e-05,0.000117643,6.26962e-05,6.32846e-05,5.96145e-05,2.54146e-05,5.02204e-05,0,0.000103113,4.04294e-05,0.000140418,0,7.38145e-05,0,0,0,0.000154235,5.45787e-05,6.23239e-05,0.00014957,0.00012341,7.80455e-05,0
"PWY-8188: L-alanine degradation VI (reductive Stickland reaction)",0,0,0,0,0,0,0,0,0,0,0,0,0,0,0,0,0,0,0,0,0,0,0,0,0,0,0,0,0,0,0,0,0,0,0,0,0,0,0,0,0,0,0,0,0,0,0,0,0,0,0,0,0,0,0,0,0,0
"PWY-8189: L-alanine degradation V (oxidative Stickland reaction)",0,0,0,0,0,0,0,0,0,0,0,0,0,0,0,0,0,0,0,0,0,0,0,0,0,0,0,0,0,0,0,0,0,0,0,0,0,0,0,0,0,0,0,0,0,0,0,0,0,0,0,0,0,0,0,0,0,0
"PWY-8190: L-glutamate degradation XI (reductive Stickland reaction)",0,0,0,0,0,0,0,0,0,0,0,0,0,0,0,0,0,0,0,0,0,0,0,0,0,0,0,0,0,0,0,0,0,0,0,0,0,0,0,0,0,0,0,0,0,0,0,0,0,0,0,0,0,0,0,0,0,0
"PWY-821: superpathway of sulfur amino acid biosynthesis (Saccharomyces cerevisiae)",0,0,0,9.96887e-05,0,0,0,0,0,0,0,0,5.32402e-05,0,0,0,0,0,0,0,0,0,0,0,0,0,0,0,0,0,0,0,0,0,0,0,0,0,0,0,0,0,0,0.000123895,6.53434e-05,0,0,0,0,0,0,0,0,0,0,0,0,0
"PWY-822: fructan biosynthesis",0,0,0,1.20243e-05,0,0,0,0,0,0,0,0,0,4.72202e-05,0,0,0,0,0,0,0,4.68832e-05,0,4.61422e-05,0,0,0,0,0,0,0,0,0,0,0,0,0,0,0,0,0,0,0,5.12914e-05,0,0,0,0,7.16897e-05,0,0,0,0,0,0,3.67329e-05,0,0
"PWY-841: superpathway of purine nucleotides de novo biosynthesis I",0.000107455,0.000209327,0.000110368,7.32203e-05,0.000187716,8.33783e-05,0.000226396,0.000216893,0.000318627,0.000197263,0.000185757,7.59352e-05,0.000184074,0.000166053,0.000189437,0.000158451,0.00022639,0,0.00012995,8.86191e-05,0,0.000112045,8.09684e-05,0.000110449,0,0.000136565,0,0.000157198,0,0.000206481,0.000156463,0.000151082,0.000284276,0.000133597,0.000103056,0.000239553,0.000264171,0.000168275,0.0001386,8.27738e-05,0,7.3463e-05,0,0.000105896,0,0.000198874,0.00015861,0.000265351,0.000189581,0.000179392,0,0.000168706,0.000275928,0,0,0.000137345,0,6.94794e-05
"PWY-922: mevalonate pathway I (eukaryotes and bacteria)",0,0,0,0,0,0,0,0,0,0,0,0,0,0,0,0,0,0,0,0,0,2.8811e-05,0,3.21857e-05,0,0,0,0,0,0,0,0,0,0,0,0,0,0,0,0,0,0,0,0,0,0,0,0,0,0,0,0,0,0,0,0,0,0
"PWY-I9: L-cysteine biosynthesis VI (from L-methionine)",0,0.000160927,0,0.000204207,0,0,0.000114235,7.99624e-05,0.000166389,0.00011928,3.27317e-05,4.61865e-05,9.33939e-05,0.000176378,0.000103268,0,0.000109359,0,5.77e-05,0,6.02134e-05,0.000172096,0,6.83119e-05,0,0,0.000134662,0,0,0,9.11353e-05,5.02778e-05,6.5269e-05,0,0,0.000105179,4.51998e-05,0.000127584,0,0.000182959,0,0,6.07562e-05,8.35693e-05,6.18004e-05,6.25935e-05,0,5.38134e-05,0.000193177,3.95245e-05,9.4245e-05,0,6.5209e-05,7.07536e-05,0,0.000144891,4.09739e-05,0
"PWY0-1061: superpathway of L-alanine biosynthesis",0.000135923,0,0,0.000184871,0.000202355,0.000157954,9.55478e-05,9.09109e-05,0.00012747,5.3632e-05,0,0.000136041,6.06899e-05,0.000118948,0.000100966,0,0,0,9.55091e-05,0.000150311,0.000112784,0,0,0,9.24311e-05,0,0.000249986,0,8.14797e-05,0,6.15811e-05,5.48396e-05,0,0,0.00010472,0.000145021,5.61733e-05,0.000151186,0.000177666,8.96735e-05,0,6.97953e-05,0,4.95112e-05,0.000111482,0,6.12922e-05,5.04453e-05,0.000163244,7.08544e-05,0.000110086,3.87908e-05,3.50053e-05,0.000175179,0.000179439,0.00010076,9.23596e-05,5.23226e-05
"PWY0-1221: putrescine degradation II",0,0,0,0,0,0,0,0,0,0,0,0,0,0,0,0,0,0,0,0,0,0,0,0,0,0,0,0,0,0,0,0,0,0,0,0,0,0,0,0,0,0,0,0,0,0,0,0,0,0,0,0,0,0,0,0,0,0
"PWY0-1241: ADP-L-glycero-&beta;-D-manno-heptose biosynthesis",2.78407e-05,0,0,5.46328e-05,0,0,0,0,0,0,0,0,3.45991e-05,0,0,0.000230454,0,2.80887e-05,0,0,0,0,0,0,2.53411e-05,0,0,2.82424e-05,0,0,0,0,3.88423e-05,0,1.83819e-05,0,0,0,0,0,0,0,4.10204e-05,0,1.9405e-05,0,9.59246e-05,0.000138027,0,0,0,0,0,0,0,0,0,0
"PWY0-1261: anhydromuropeptides recycling I",0,0,0,0.00014539,5.95006e-05,0,0,0,0,4.43626e-05,0,0,5.8253e-05,0.000122898,0,0,0,0,7.63128e-05,0,0,0,0,0,0,0,6.31804e-05,3.97226e-05,0,0,7.68402e-05,0,0,0,0,0,7.92343e-05,0.000101095,3.83084e-05,0,0,0,0,0,4.41785e-05,7.39414e-05,0,6.98265e-05,0,0,0,0,0,0,0,0,0,0
"PWY0-1277: 3-phenylpropanoate and 3-(3-hydroxyphenyl)propanoate degradation",0,0,0,0,0,0,0,0,0,0,0,0,0,0,0,0,0,0,0,0,0,0,0,0,0,0,0,0,0,0,0,0,0,0,0,0,0,0,0,0,0,0,0,0,0,0,0,0,0,0,0,0,0,0,0,0,0,0
"PWY0-1296: purine ribonucleosides degradation",0.000139911,0.000265457,0.000113326,0.0002698,0.000297344,0.000286664,0.000295496,0.000181134,0.000281568,0.000366226,0.00026957,0.000376487,0.000236516,0.000151176,0.000132286,4.08924e-05,0.000176916,0.000145611,0.000148391,0.000245056,0.000258037,0.000245419,0.000195967,0.000266037,0.000214062,0.000260394,0.000227162,0.000142375,0.00020453,0.000340946,0.000208639,0.000253575,0.000222271,0.000100549,0.000184545,0.000454325,0.000262052,9.58894e-05,0.00026656,0.000269817,0.000215735,0.00014866,0.000333544,0.000225404,0.000270066,0.000235706,0.00011153,0.000216885,0.000268635,0.00031866,0.000237443,0.000169247,0.000222286,0.000380598,0.00014177,0.000160025,0.00018549,0.000212811
"PWY0-1297: superpathway of purine deoxyribonucleosides degradation",0,0,0,0.000119047,0,0,0,0,0,0,9.48428e-05,0,6.48887e-05,9.82737e-05,0,0,0,0,0,7.70163e-05,0,0.000139118,0,5.015e-05,5.56943e-05,0,0,0,0,0,0,0.000107201,0,4.70622e-05,0,0,0,0,6.44853e-05,4.09437e-05,0,0,8.59591e-05,4.48486e-05,0,5.81167e-05,9.25941e-05,0,5.17565e-05,4.77927e-05,0,0,0,5.05284e-05,0,0.000109611,0,0
"PWY0-1298: superpathway of pyrimidine deoxyribonucleosides degradation",0,0,7.96613e-05,0.00014119,0,0,0,0,0,0,0,0,8.61555e-05,0,0,0,0,0,0,5.82853e-05,0,2.66564e-05,0,0,0,6.61152e-05,0,0,3.74248e-05,0,0,0,0,0,0,3.02258e-05,0,0,0,5.49193e-05,0,0,0,0,0,0,0,0,0,8.8246e-05,0,0,0,3.09006e-05,0,3.66257e-05,0,0
"PWY0-1319: CDP-diacylglycerol biosynthesis II",0.00010254,0.000215858,0.000220827,0.000346127,0.000281779,0.000299116,0.00019008,0.000276895,0.000356443,0.00016577,0.000251935,0.000376855,0.000259224,0.000297,0.000169992,0.000331104,0.000243242,0.000190534,0.000250348,0.000192845,0.000183424,0.00016071,0.000170365,0.000254916,0.000333737,0.000186072,0.000259276,0.000206102,0.000350258,0.000301123,0.000210229,0.000237826,0.000264219,0.000147039,0.000238018,0.000339294,0.000313358,0.00035469,0.000280728,0.000245841,0.000286094,0.000261412,0.000198196,0.00036024,0.000235682,0.000325121,0.000265363,0.00015993,0.000332183,0.000343741,0.00031801,0.000274724,0.000272373,0.000324271,0.000225626,0.000269709,0.000294877,0.000289831
"PWY0-1337: oleate &beta;-oxidation",0,0,0,6.81335e-05,0,0,0,0,0,0,0,0,3.08044e-05,0,0,0,0,0,0,0,0,0,0,0,0,0,0,0,0,0,0,0,0,0,0,0,0,0,0,0,0,0,0,0,0,0,0,0,0,0,0,0,0,0,0,0,0,0
"PWY0-1338: polymyxin resistance",0,0,0,3.96865e-05,0,0,0,0,0,0,0,0,3.88976e-05,0,0,0,0,0,0,0,0,0,0,0,0,0,0,0,0,0,0,0,0,0,0,0,0,0,0,0,0,0,0,0,0,0,0,0,0,0,0,0,0,0,0,0,0,0
"PWY0-1415: superpathway of heme b biosynthesis from uroporphyrinogen-III",0,0,0,7.78486e-05,0,0,0,0,0,0,0,0,6.5947e-05,0,0,0,0,0,0,0,0,0,0,0,0,0,0,0,0,0,0,0,0,0,0,0,0,0,0,0,0,0,0,0,0,0,0,0,0,0,0,0,0,0,0,0,0,0
"PWY0-1477: ethanolamine utilization",0,0,3.13657e-05,0.000334052,8.70194e-05,0,0,0,0,0,0,0,0.000215471,0,0,0,0,7.44914e-05,0,0.000142124,0,0,0,2.48011e-05,0.000105509,0,0,0,2.76344e-05,0,0,6.73857e-05,0,0,4.70835e-05,0,0,0,0,0.00015522,0,0,0,2.83237e-05,8.33565e-05,0,9.56314e-05,0,0,8.95508e-05,0,0,0,4.3869e-05,0,2.75573e-05,0,0
"PWY0-1479: tRNA processing",0,0,0.000132163,0.000181316,5.5902e-05,5.93664e-05,0,0,0,0,0,0,0.000124095,0,3.15043e-05,0,0,0,0,0,0,0,0,0,5.69978e-05,0,7.01312e-05,0,0,0,0,0,0,0,0,4.70573e-05,0,0,0,4.27557e-05,0,0,0.000150472,2.89159e-05,0.000132221,0,0,0,4.70058e-05,0,0,0,0,0,0,0,6.92095e-05,0
"PWY0-1533: methylphosphonate degradation I",0,0,0,0,0,0,0,0,0,0,0,0,0,0,0,0,0,0,0,0,0,0,0,0,0,0,0,0,0,0,0,0,0,0,0,0,0,0,0,0,0,0,0,0,4.61912e-06,0,0,0,0,0,0,0,0,0,0,0,0,0
"PWY0-1586: peptidoglycan maturation (meso-diaminopimelate containing)",0.000172768,0.000178916,6.78123e-05,0.000697286,0.000293212,0.000176931,0.000256124,0.000264144,0.000360256,0.000191847,0.000267378,0.000279982,0.000475186,0.000384165,4.79872e-05,0.000304541,0.000145847,0.000155523,0.000362955,0.000136655,0.000158306,0.000266084,0.00011315,0.000176382,0.000314542,7.62834e-05,0.000260668,0.000202974,0.000163419,0.000202889,0.000471667,6.44244e-05,0.000203562,9.03319e-05,0.000215974,0.000191529,0.000344079,0.000288145,0.00022347,0.0001323,0.000280036,0.000317382,7.08954e-05,0.000334844,0.00031995,0.000375793,7.7684e-05,0.000156369,0.000155913,0.000223589,0.000168116,0.000310034,0.000171713,0.000114453,0.000115578,0.000200874,0.000178464,0.000216202
"PWY0-162: superpathway of pyrimidine ribonucleotides de novo biosynthesis",6.0307e-05,0.000176027,0.000106978,5.87466e-05,0,0,0.000171247,6.74919e-05,0.00016969,0.000112607,0,5.90233e-05,0.000170202,0,0.000174336,0.000202916,8.15862e-05,6.26636e-05,0.000114726,7.03195e-05,0,0,0,4.22808e-05,0,0.000128478,0.000103206,0,0,0.00012951,6.7381e-05,0,0,0.000100331,9.20659e-05,6.12159e-05,9.30227e-05,0.000147666,0.00010493,6.26692e-05,5.73781e-05,6.97931e-05,0,0,0,0,0,5.27574e-05,7.80948e-05,0.000173205,0,7.76762e-05,0.00010667,0,7.77244e-05,0.000100488,0,4.95616e-05
"PWY0-166: superpathway of pyrimidine deoxyribonucleotides de novo biosynthesis (E. coli)",0,0,0,4.90289e-05,0,0,0,0,0,0,0,0,5.76555e-05,4.99201e-05,0,0,0,0,0,0,0,0,0,0,0,0,0,0,0,0,0,0,0,0,0,0,0,0,0,0,0,0,0,0,0,0,0,0,0,0,0,0,0,0,0,0,0,0
"PWY0-301: L-ascorbate degradation I (bacterial, anaerobic)",3.40001e-05,2.35456e-05,0,0.000164414,0,0,0,0,3.47782e-05,0,0,0,6.06415e-05,0,0,0,0,0,0,0,0,0,0,0,2.9366e-05,0,0,0,0,0,0,0,0,0,0,0,0,0,0,0,0,0,0,0,4.41484e-05,0,0,0,0,2.13282e-05,0,0,0,0,0,0,0,0
"PWY0-321: phenylacetate degradation I (aerobic)",0,0,0,0,0,0,0,0,0,0,0,0,0,0,0,0,0,0,0,0,0,0,0,0,0,0,0,0,0,0,0,0,0,0,0,0,0,0,0,0,0,0,0,0,0,0,0,0,0,0,0,0,0,0,0,0,0,0
"PWY0-41: allantoin degradation IV (anaerobic)",0,0,0,8.9412e-06,0,0,0,0,0,0,0,0,7.06978e-06,0,0,0,0,0,0,0,0,0,0,0,0,0,0,0,0,0,0,0,0,0,0,0,0,0,0,0,0,0,0,0,0,0,0,0,0,0,0,0,0,0,0,0,0,0
"PWY0-42: 2-methylcitrate cycle I",0,0,0,4.03751e-05,0,0,0,0,0,0,0,0,3.15092e-05,0,0,0,0,0,0,0,0,0,0,0,0,0,0,0,0,0,0,0,0,0,0,0,0,0,0,0,0,0,0,0,0,0,0,0,0,0,0,0,0,0,0,0,0,0
"PWY0-461: L-lysine degradation I",0,0,0,4.74529e-05,0,0,0,0,0,0,0,0,3.4673e-05,0,0,0,0,0,0,0,0,0,0,0,0,0,0,0,0,0,0,0,0,0,0,0,0,0,0,0,0,0,0,0,0,0,0,0,0,0,0,0,0,0,0,0,0,0
"PWY0-781: aspartate superpathway",0,0,0,0.000157278,0,0,0,0,0,0,0,0,8.74289e-05,0,0,0,0,0,0,0,0,0,0,0,0,0,0,0,0,0,0,0,0,0,0,0,0,0.000102926,0,6.89237e-05,0,0,0,0,8.70335e-05,0,0,0,0,0,0,0,0,0,0,0,0,0
"PWY0-845: superpathway of pyridoxal 5'-phosphate biosynthesis and salvage",0,0,0,0.000106054,9.57539e-05,0,0,7.46568e-05,0.000173117,0,0.000101396,0,0.000107708,0.000146622,0,4.78978e-05,0,0,7.40114e-05,4.57842e-05,0,0,0,0,0,0,0,8.87076e-05,0,0,0.000130222,0,0.000142407,0.00010918,0,0,0.000137899,0.000146469,6.53218e-05,6.16061e-05,4.86973e-05,0,0,0.000105029,0,0.000160439,7.92914e-05,0.000109355,0,0,0,0,0,0,0,0,0,0
"PWY0-862: (5Z)-dodecenoate biosynthesis I",0,8.13051e-05,0,0.000196835,0,0,0.000136198,0,5.44359e-05,0,4.60512e-05,0,0.000213747,3.48311e-05,7.46264e-05,0.000106057,0,2.74662e-05,0,4.40168e-05,7.81189e-05,0,0,0,0,0,0,0,0,0,0,0,4.01695e-05,0,0,0,0,6.96954e-05,0,8.28793e-05,0,0,4.18603e-05,0,0.000113916,0,0,0,0,5.65131e-05,0,0,0,0,0,0,0,0
"PWY0-881: superpathway of fatty acid biosynthesis I (E. coli)",0,0,0,0,0,0,0,0,0,0,0,0,0,0,0,0,0,0,0,0,0,0,0,0,0,0,0,0,0,0,0,0,0,0,0,0,0,0,0,0,0,0,0,0,0,0,0,0,0,0,0,0,0,0,0,0,0,0
"PWY1G-0: mycothiol biosynthesis",0,0,0,0,0,0,0,0,0,0,0,0,0,0,0,0,0,0,0,0,0,0,0,0,0,0,0,0,0,0,0,0,0,0,0,0,0,0,0,0,0,0,0,0,0,0,0,0,0,0,0,0,0,0,0,0,0,0
"PWY1ZNC-1: assimilatory sulfate reduction IV",0,4.80453e-05,0,8.98691e-05,0,0,0,0,0,3.91021e-05,0,0,3.22431e-05,0,0,0,0,0,3.2526e-05,0,0,0,0,0,0,0,4.82109e-05,0,3.32422e-05,0,7.00574e-05,0,0,0,0,0,0,6.02656e-05,0,2.86737e-05,0,0,0,0.000110496,2.96891e-05,0,0,0,0,0,0,0,5.39156e-05,0,0,6.71582e-05,4.05772e-05,0
"PWY3DJ-12: ceramide de novo biosynthesis",0,0,0,0,0,0,0,0,0,0,0,0,0,0,0,0,0,0,0,0,0,0,0,0,0,0,0,0,0,0,0,0,0,0,0,0,0,0,0,0,0,0,0,0,0,0,0,0,0,0,0,0,0,0,0,0,0,0
"PWY3DJ-35471: L-ascorbate biosynthesis IV (animals, D-glucuronate pathway)",0,0,0,0,0,0,0,0,0,0,0,0,0,0,0,0,0,0,0,0,0,0,0,0,0,0,0,0,0,0,0,0,0,0,0,0,0,0,0,0,0,0,0,0,0,0,0,0,0,0,0,0,0,0,0,0,0,0
"PWY3O-4107: NAD salvage pathway V (PNC V cycle)",4.65874e-05,0,0,8.35264e-05,0,0,3.87812e-05,0,5.73576e-05,0,0,7.54508e-05,0.000113137,0.000131569,0,0,0,3.40143e-05,0,0,7.32324e-05,8.53756e-05,6.61153e-05,0,0,0,0.000149033,0,0,0,0,0,8.84366e-05,0,0.000109815,0,0,3.66979e-05,0,0,0,0,0,7.17305e-05,3.44212e-05,6.82212e-05,5.76468e-05,0,0.00011631,0,0,4.39287e-05,0,0,0,5.22965e-05,7.67644e-05,0
"PWY490-3: nitrate reduction VI (assimilatory)",0,0,0,0,0,0,0,0,0,0,0,0,0,0,0,0,0,0,0,0,0,0,0,0,0,0,0,0,0,0,0,0,0,0,0,0,0,0,0,0,0,0,0,0,0,0,0,0,0,0,0,0,0,0,0,0,0,0
"PWY4FS-7: phosphatidylglycerol biosynthesis I (plastidic)",8.26814e-05,0.000105312,7.23835e-05,0.000311888,7.87194e-05,9.40496e-05,4.38779e-05,0,0.000113536,8.01749e-05,0.000109025,0,0.000228464,0.000174913,7.56141e-05,0.000200052,0,0,5.15942e-05,6.85509e-05,0,0.00017111,0,0.000208684,0.000246784,4.51037e-05,9.65329e-05,6.00745e-05,4.85748e-05,0,0.000189505,0,0.000119779,0,2.46096e-05,0,4.63668e-05,0.000163083,0.000123147,7.19783e-05,0,0.000192982,4.47847e-05,9.19634e-05,9.07806e-05,8.62408e-05,0,3.85841e-05,0,5.00654e-05,0,0.000179646,0,4.67032e-05,4.31766e-05,0.000117139,6.0984e-05,0.000206157
"PWY4FS-8: phosphatidylglycerol biosynthesis II (non-plastidic)",8.26814e-05,0.000105312,7.23835e-05,0.000311888,7.87194e-05,9.40496e-05,4.38779e-05,0,0.000113536,8.01749e-05,0.000109025,0,0.000228464,0.000174913,7.56141e-05,0.000200052,0,0,5.15942e-05,6.85509e-05,0,0.00017111,0,0.000208684,0.000246784,4.51037e-05,9.65329e-05,6.00745e-05,4.85748e-05,0,0.000189505,0,0.000119779,0,2.46096e-05,0,4.63668e-05,0.000163083,0.000123147,7.19783e-05,0,0.000192982,4.47847e-05,9.19634e-05,9.07806e-05,8.62408e-05,0,3.85841e-05,0,5.00654e-05,0,0.000179646,0,4.67032e-05,4.31766e-05,0.000117139,6.0984e-05,0.000206157
"PWY4LZ-257: superpathway of fermentation (Chlamydomonas reinhardtii)",0,0,0,2.84714e-05,0,0,0,0,0,0,0,0,3.39617e-05,0,0,0,0,0,0,0,0,0,0,3.01656e-05,0,0,0,0,0,0,0,0,0,0,0,0,0,0,0,0,0,0,0,0,2.85894e-05,0,0,0,0,0,0,0,0,0,0,0,0,0
"PWY5F9-12: biphenyl degradation",0,0,0,0,0,0,0,0,0,0,0,0,0,0,0,0,0,0,0,0,0,0,0,0,0,0,0,0,0,0,0,0,0,0,0,0,0,0,0,0,0,0,0,0,0,0,0,0,0,0,0,0,0,0,0,0,0,0
"PWY66-367: ketogenesis",0,0,0,0,0,0,0,0,0,0,0,0,0,0,0,0,0,0,0,0,0,0,0,0,0,0,0,0,0,0,0,0,0,0,0,0,0,0,0,0,0,0,0,0,0,0,0,0,0,0,0,0,0,0,0,0,0,0
"PWY66-388: ceramide degradation by &alpha;-oxidation",0,0,0,0,0,0,0,0,0,0,0,0,9.67391e-06,3.67574e-05,0,0,0,0,0,0,0,0,0,0,0,0,0,0,0,0,0,0,0,0,0,0,0,0,0,0,0,0,0,0,0,0,0,0,0,0,0,0,0,0,0,0,0,0
"PWY66-389: phytol degradation",0,0,0,1.22968e-06,0,0,0,0,1.67917e-05,0,0,3.37446e-05,1.14569e-05,4.09607e-05,0,3.3613e-05,0,6.37807e-05,0,0,0,0,0,0,0,0,0,0,0,2.89189e-05,0,0,0,0,0,0,0,0,0,2.94509e-05,0,0,0,4.49952e-05,8.82295e-06,0,0,0,0,0,0,0,0,0,2.87526e-05,0,0,0
"PWY66-391: fatty acid &beta;-oxidation VI (mammalian peroxisome)",0,0,0,0,0,0,0,0,0,0,0,0,0,0,0,0,0,0,0,0,0,0,0,0,0,0,0,0,0,0,0,0,0,0,0,0,0,0,0,0,0,0,0,0,0,0,0,0,0,0,0,0,0,0,0,0,0,0
"PWY66-398: TCA cycle III (animals)",0,0,0,0,0,0,0,0,0,0,0,0,0,0,0,0,0,0,0,0,0,0,0,0,0,0,0,0,0,0,0,0,0,0,0,0,0,0,0,0,0,0,0,0,0,0,0,0,0,0,0,0,0,0,0,0,0,0
"PWY66-399: gluconeogenesis III",8.35679e-05,0,0,0,0,0,0,0,0,0,5.97225e-05,4.66013e-05,4.28746e-05,0,0,0,0,0,7.43162e-05,7.59819e-05,0,0,2.92555e-05,0,3.02372e-05,6.68187e-05,0,7.35139e-05,0,0,0,0,0,6.75e-05,0,4.37104e-05,7.81412e-05,0.000119296,7.29855e-05,7.79179e-05,0,0,0,9.48275e-05,0,0,0,9.62428e-05,3.25162e-05,0,0,0,0,0,0,4.54933e-05,6.2688e-05,5.98006e-05
"PWY66-409: superpathway of purine nucleotide salvage",0,0,0,7.06021e-05,0,0,0,0,0,0,0.000148274,0,0.000111689,0.000157448,0,8.52518e-05,0,0,0,8.39488e-05,0,0.00011491,0,8.31421e-05,0,0,0,0,0,0,0,0.000145372,0,8.47949e-05,0,0,0,0,0.000107694,0,0,0,0,7.07036e-05,0,0.000114614,0,0,0.000102802,9.39097e-05,0,0,0,0,0,0.000132213,0,0
"PWY66-429: fatty acid biosynthesis initiation (mitochondria)",0.000160706,0.000320375,0.000201886,0.000267849,0.000252306,0.000179323,0.0003224,0.000387161,0.000442418,0.000225703,0.000360932,0.000258593,0.000267822,0.000189285,0.000218117,0.000245494,0.000219701,0.000237318,0.000324508,0.000181415,5.68577e-05,0.000183082,0.000285291,0.000223263,8.79372e-05,0.000258361,0.000227752,0.000136007,0.000256655,0.000398509,0.000339646,0.000245118,0.000386075,0.000163328,0.000208544,0.000297684,0.000311755,0.000324953,0.000335391,0.000346958,0.000301969,4.20425e-05,0.000258137,0.000383767,0.000206728,0.000149003,0.00021785,0.000214933,0.000263269,0.000271409,0.000342533,0.000256577,0.000210449,0.000369272,0.000161782,0.000361138,0.000264198,0.000231497
"PWY66-430: myristate biosynthesis (mitochondria)",0,0,0,0,0,0,0,0,0,0,0,0,0,0,0,0,0,0,0,0,0,0,0,0,0,0,0,0,0,0,0,0,0,0,0,0,0,0,0,0,0,0,0,0,0,0,0,0,0,0,0,0,0,0,0,0,0,0
"PYRIDNUCSAL-PWY: NAD salvage pathway I (PNC VI cycle)",4.75909e-05,0,0,9.64906e-05,0,0,3.71258e-05,0,0,0,0,3.85348e-05,9.71022e-05,0.000106143,0,0,0,3.59061e-05,0,0,6.86485e-05,4.41988e-05,7.08343e-05,0,0,0,0,0,0,0,0,0,6.89944e-05,0,0.000108334,0,0,3.62242e-05,0,0,0,0,0,6.74504e-05,3.62056e-05,0,0,0,0.000101632,0,0,4.8678e-05,0,0,0,6.05636e-05,0,0
"PYRIDNUCSYN-PWY: NAD de novo biosynthesis I (from aspartate)",0.00014593,0.000231726,0.000181159,0.000165144,0.000178629,0.000193573,0.000269248,0.000238033,0.000339233,0.000164413,0.000244873,0.000204725,0.00017969,0.000177097,0.000232752,0.000253336,0.000140283,9.32054e-05,0.000235708,0.00019822,4.9394e-05,0.000127281,0.00015385,0.000176829,0.000120974,0.00010516,0.000264562,0.000132524,0.000235037,0.000171368,0.000248519,0.000157616,0.000234672,0.000130833,0.000163985,0.000230847,0.00026602,0.000168706,0.00021633,0.000197438,0.000212731,0.000190533,0.000204356,0.000194817,0.000108385,0.000227517,0.000218589,0.000171344,0.000163055,0.000134368,0.000142161,0.000264245,0.000168776,0.000241239,0.000199843,0.000186341,0.000173598,0.000172691
"PYRIDOXSYN-PWY: pyridoxal 5'-phosphate biosynthesis I",0,0,4.06168e-05,0.000165216,7.60236e-05,0,3.88424e-05,6.41818e-05,0.000117708,0,9.19327e-05,0,9.84529e-05,0.000144935,0,0.000182348,0,0,5.74415e-05,3.37679e-05,0,0,0,0,2.07687e-05,0,0,7.87477e-05,0,0,8.82755e-05,0,0.000124812,9.17517e-05,2.18308e-05,0,9.44816e-05,0.000113811,5.51352e-05,3.76013e-05,5.06972e-05,0,0,0.000101002,0,0.000191595,7.83866e-05,8.43194e-05,0,0,0,0,0,0,0,0,0,0
"REDCITCYC: TCA cycle VI (Helicobacter)",0,0,0,2.32751e-05,0,0,0,0,0,0,0,0,5.39365e-05,0,0,0,0,0,0,0,0,0,0,0,0,0,0,0,0,0,0,0,0,0,0,0,0,0,0,0,0,0,0,0,0,0,0,0,0,0,0,0,0,0,0,0,0,0
"RHAMCAT-PWY: L-rhamnose degradation I",3.38807e-05,0.000102103,7.42425e-05,0.000141923,5.2994e-05,6.75805e-05,0.000113427,8.69284e-05,0.000203675,8.43342e-05,0.000148832,0.000120493,0.000119525,6.05306e-05,4.85699e-05,2.64615e-05,6.90202e-05,7.24866e-05,6.10397e-05,2.86627e-05,8.69756e-05,2.64346e-05,7.75687e-05,9.37166e-05,3.98122e-05,0.000103951,7.23147e-05,4.92369e-05,4.21204e-05,0.000112918,7.20028e-05,5.42837e-05,0.000130682,5.52852e-05,5.08901e-05,0.000133441,0.00017472,0.000165866,5.29299e-05,5.57932e-05,8.62348e-05,0.000133185,0,0.000137196,0.000125165,9.72301e-05,4.27327e-05,6.95936e-05,5.22208e-05,7.61259e-05,3.68302e-05,5.51669e-05,7.67537e-05,0.000146215,6.48515e-05,7.56416e-05,0.000121528,6.86729e-05
"RIBOSYN2-PWY: flavin biosynthesis I (bacteria and plants)",0.000114134,0.000185561,0.000115116,0.000188558,0.000230298,0.000267717,0.000201962,0.000203921,0.000285327,0.000224931,0.000230359,0.000281712,0.000130613,0.000132255,9.39128e-05,8.92035e-05,0.000199425,0.000166778,0.000225535,0.00016576,6.63533e-05,0.000170318,0.000137873,0.000162862,0.000184233,0.000160198,0.000261117,0.00016866,0.000294471,0.000219909,0.000206875,0.000160146,0.00024015,8.20375e-05,0.000211756,0.000296291,0.000236818,0.00010691,0.000265335,0.000111918,0.000149777,0.000212193,0.000248561,0.000113265,0.000217678,0.000108199,0.000235168,0.000147821,0.000204209,0.000239373,0.00024089,0.000239757,0.000170894,0.000284872,0.000177009,0.000111514,0.000173247,0.000261663
"RUMP-PWY: formaldehyde oxidation I",0,0,0,0,0,0,0,0,0,0,0,0,0,0,0,0,0,0,0,0,0,0,0,0,0,0,0,0,0,0,0,0,0,0,0,0,0,0,0,0,0,0,0,0,0,0,0,0,0,0,0,0,0,0,0,0,0,0
"SALVADEHYPOX-PWY: adenosine nucleotides degradation II",0,0.00011524,0,0.000366336,0,0,2.38865e-05,3.46413e-05,0,6.54212e-05,9.35694e-05,5.06625e-05,0.000191233,4.30489e-05,0,3.71026e-05,7.92491e-05,0,5.81119e-05,4.32528e-05,0,0,0,0,7.11965e-05,5.9454e-05,4.52924e-05,0,2.99136e-05,4.58336e-05,0.000104342,0,0,3.72671e-05,0,3.93176e-05,3.45238e-05,9.84136e-05,4.30784e-05,0.000123088,0,0,4.3349e-05,0,8.11506e-05,3.62218e-05,4.18002e-05,0,0,5.30983e-05,5.21255e-05,2.94298e-05,7.89443e-05,6.32645e-05,0,8.15575e-05,0,0
"SER-GLYSYN-PWY: superpathway of L-serine and glycine biosynthesis I",0.00022654,0.000250172,0.000220672,0.000248599,0.000174082,0.000144057,0.000239408,0.000291418,0.000346578,0.000307788,0.000203332,0.000190455,0.000162374,0.00016605,0.000313099,5.87883e-05,0.000175662,0.000133664,0.000202649,0.00016392,0.000157695,0.000180053,0.000143297,0.000212106,0.000139174,0.000195443,0.000321432,0.000165133,0.00025156,0.000189076,0.000234341,0.000138062,0.000304681,0.000161078,0.000256581,0.000298072,0.000284832,0.000288921,0.000235682,0.000258504,0.000140134,0.000151971,0.000320969,0.000283924,0.00037279,0.000263939,0.000199345,0.000205844,0.000146806,0.000134444,0.000275142,0.000239384,0.000169494,0.00024408,0.000196495,0.000298435,0.000246225,0.000164626
"SO4ASSIM-PWY: assimilatory sulfate reduction I",0,4.80453e-05,0,0.000123943,0,0,1.04669e-05,0,0,3.91021e-05,0,0,0.000123361,0,0,0,0,0,0,1.78891e-05,0,0,0,0,0,0,0,0,0,3.94918e-05,7.00574e-05,2.68283e-05,0,0,0,0,0,0,0,2.48772e-05,0,0,0,0.000110496,8.95727e-05,0,0,0,0,4.00987e-05,0,0,2.65536e-05,0,0,5.77517e-05,0,0
"SUCSYN-PWY: sucrose biosynthesis I (from photosynthesis)",0,0,0,0,0,0,0,0,0,0,0,0,0,0,0,0,0,0,0,0,0,0,0,0,0,0,0,0,0,0,0,0,0,0,0,0,0,0,0,0,0,0,0,0,0,0,0,0,0,0,0,0,0,0,0,0,0,0
"SULFATE-CYS-PWY: superpathway of sulfate assimilation and cysteine biosynthesis",0,8.70316e-05,0,0.000171465,0,0,2.20999e-05,0,0,7.13326e-05,0,0,0.000140388,0,0,0,0,0,0,2.89653e-05,0,0,0,0,0,0,0,0,0,5.79679e-05,9.21693e-05,4.60718e-05,0,0,0,0,0,0,0,4.4625e-05,0,0,0,0.000168697,0.000134174,0,0,0,0,6.36318e-05,0,0,4.97708e-05,0,0,0.000105191,0,0
"TCA-GLYOX-BYPASS: superpathway of glyoxylate bypass and TCA",0,0,0,0.000145314,0,0,0,0,0,0,0,0,6.99893e-05,0,0,0,0,0,0,0,0,0,0,0,0,0,0,0,0,0,0,0,0,0,0,0,0,0,0,0,0,0,0,0,5.16497e-05,0,0,0,0,0,0,0,0,0,0,0,0,0
"TCA: TCA cycle I (prokaryotic)",0,0,0,0.000150736,0,0,0,0,0,0,0,0,0.000108786,0,0,0,0,0,0,0,0,0,0,0,0,0,0,0,0,0,0,0,0,0,0,0,0,0,0,0,0,0,0,0,6.0195e-05,0,0,0,0,0,0,0,0,0,3.04465e-05,0,0,0
"THISYNARA-PWY: superpathway of thiamine diphosphate biosynthesis III (eukaryotes)",5.78321e-05,0.000129097,3.27165e-05,5.14743e-05,0.000148699,0.000184376,8.52496e-05,0.000219273,0.000129427,0.000211646,0.000159749,0.000175571,5.11983e-05,0.00020023,7.53307e-05,0,0.000179016,0.000121963,0.00013268,0.000101135,5.05478e-05,0.00011713,0.000206308,0.000113029,0.000118256,2.81177e-05,0.000152814,0.000125519,6.9729e-05,4.69098e-05,0.000120801,0.000176405,0.000243957,0,0.000102052,0.000191012,0.00021165,0.000212793,0.000221512,6.82739e-05,0.000104544,8.58132e-05,4.03419e-05,0.00011274,6.41897e-05,0.000134509,4.51291e-05,0.000119866,0.00019392,5.59268e-05,0.000126304,0.00012015,0.000131575,0.000195044,0.000138526,0.000130841,4.47685e-05,3.03635e-05
"THREOCAT-PWY: superpathway of L-threonine metabolism",0,0,0,0,0,0,0,0,0,0,0,0,0,0,0,0,0,0,0,0,0,0,0,0,0,0,0,0,0,0,0,0,0,0,0,0,0,0,0,0,0,0,0,0,0,0,0,0,0,0,0,0,0,0,0,0,0,0
"THRESYN-PWY: superpathway of L-threonine biosynthesis",0.000205776,0.000278968,6.15358e-05,0.000278214,0.000166279,0.00026119,0.000244574,0.000277239,0.00043169,0.000229924,0.000227189,0.000246396,0.000222088,0.000217496,0.000214205,0.00022587,0.000171074,0.000141353,0.000219101,0.000230058,0.000149551,0.000217671,0.00011681,0.000158343,0.000206356,6.091e-05,0.000259998,0.000152424,8.37455e-05,0.000148478,0.00024085,0.000124683,0.000288626,0.000133918,0.000260579,0.000223216,0.000217565,0.000253152,0.000213367,0.000188664,0.000157711,0.000130273,0.000102828,0.000294219,0.000168766,0.000289777,0.000183736,0.00022431,0.000163546,0.000212719,0.00019804,0.000245123,0.000195332,0.000229526,0.000225772,0.000264413,0.000167056,0.00017142
"TRNA-CHARGING-PWY: tRNA charging",0.000381852,0.000332516,0.000374846,0.000311134,0.000398284,0.000421364,0.000359598,0.000375892,0.000420237,0.000349966,0.000343244,0.000406055,0.000265839,0.000275096,0.000416674,0.000508532,0.000415095,0.000280503,0.000381102,0.000431908,0.00034507,0.000405341,0.000375614,0.000368767,0.000369956,0.000310384,0.000349847,0.00024579,0.000370012,0.000356638,0.000397498,0.000422238,0.000376899,0.000216909,0.000379395,0.000424109,0.000434392,0.000340256,0.000432561,0.000476359,0.00039066,0.000401702,0.000348816,0.000416179,0.000305179,0.00033683,0.000409035,0.000313455,0.000395763,0.000375673,0.000405256,0.000370036,0.000450527,0.000516897,0.000385074,0.000371113,0.000383361,0.000416792
"TYRFUMCAT-PWY: L-tyrosine degradation I",0,0,0,0,0,0,0,0,0,0,0,0,0,0,0,0,0,0,0,0,0,0,0,0,0,0,0,0,0,0,0,0,0,0,0,0,0,0,0,0,0,0,0,0,0,0,0,0,0,0,0,0,0,0,0,0,0,0
"UBISYN-PWY: superpathway of ubiquinol-8 biosynthesis (early decarboxylation)",0,0,0,2.78769e-05,0,0,0,0,0,0,0,0,0,0,0,0,0,0,0,0,0,0,0,0,0,0,0,0,0,0,0,0,0,0,0,0,0,0,0,0,0,0,0,0,0,0,0,0,0,0,0,0,0,0,0,0,0,0
"UDPNACETYLGALSYN-PWY: UDP-N-acetyl-D-glucosamine biosynthesis II",0,0,0,0,0,0,0,0,0,0,0,0,0,0,0,0,0,0,0,0,0,0,0,0,0,0,0,0,0,0,0,0,0,0,0,0,0,0,0,0,0,0,0,0,0,0,0,0,0,0,0,0,0,0,0,0,0,0
"UDPNAGSYN-PWY: UDP-N-acetyl-D-glucosamine biosynthesis I",0.000150194,3.58519e-05,0,0.000218953,0.00016341,0.000162662,0.00026294,0.000165946,0.000105464,4.77872e-05,0,0.00012538,0.000135337,0.00017207,0.000178558,0.000375103,0.000195361,0.000177529,0.000170813,0.000232946,0.000158824,0.000169022,9.40627e-05,0.000226207,4.38774e-05,6.75191e-05,0.000148242,0.000135317,0.00039176,7.75081e-05,0.000226003,0.000192544,0.000108945,0,0.000219109,4.45564e-05,0.000203966,0.000265767,4.24293e-05,0.000250734,4.15888e-05,3.87143e-05,0.00031626,0.000244627,0.000237561,9.14971e-05,0.000149279,0.000112483,0.000176544,0,0.000141596,0.000140741,8.00364e-05,7.6673e-05,0.000110644,0.000222504,8.84428e-05,7.12167e-05
"URDEGR-PWY: superpathway of allantoin degradation in plants",0,0,0,7.11766e-06,0,0,0,0,0,0,0,0,5.71457e-06,0,0,0,0,0,0,0,0,0,0,0,0,0,0,0,0,0,0,0,0,0,0,0,0,0,0,0,0,0,0,0,0,0,0,0,0,0,0,0,0,0,0,0,0,0
"URSIN-PWY: ureide biosynthesis",0,0,0,0,0,0,0,0,0,0,0,0,0,0,0,0,0,0,0,0,0,0,0,0,0,0,0,0,0,0,0,0,0,0,0,0,0,0,0,0,0,0,0,0,0,0,0,0,0,0,0,0,0,0,0,0,0,0
"VALDEG-PWY: L-valine degradation I",0,0,0,0,0,0,0,0,0,0,0,0,0,0,0,0,0,0,0,0,0,0,0,0,0,0,0,0,0,0,0,0,0,0,0,0,0,0,0,0,0,0,0,0,0,0,0,0,0,0,0,0,0,0,0,0,0,0
"VALSYN-PWY: L-valine biosynthesis",0.000478264,0.000469853,0.00055877,0.000498423,0.000513407,0.000588944,0.000555084,0.000522818,0.000577591,0.000536011,0.000452898,0.000677426,0.000365122,0.00040031,0.000517526,0.000558304,0.000535371,0.000300195,0.00050497,0.000347681,0.000425722,0.000518897,0.000505529,0.000525414,0.00061715,0.000486694,0.000591512,0.000325872,0.000452371,0.000419841,0.000528591,0.000595317,0.00050885,0.000290936,0.000528501,0.00071439,0.000614113,0.000553211,0.000625251,0.000553786,0.00039831,0.000590954,0.000489521,0.000503113,0.00052458,0.000452051,0.000461537,0.000347562,0.000465127,0.000498318,0.000601589,0.000467002,0.000591212,0.000709792,0.000475888,0.000487849,0.000484643,0.000517763
