"","SRR6915091_500K_merged_Abundance","SRR6915092_500K_merged_Abundance","SRR6915093_500K_merged_Abundance","SRR6915094_500K_merged_Abundance","SRR6915095_500K_merged_Abundance","SRR6915096_500K_merged_Abundance","SRR6915097_500K_merged_Abundance","SRR6915098_500K_merged_Abundance","SRR6915099_500K_merged_Abundance","SRR6915100_500K_merged_Abundance","SRR6915101_500K_merged_Abundance","SRR6915102_500K_merged_Abundance","SRR6915113_500K_merged_Abundance","SRR6915115_500K_merged_Abundance","SRR6915116_500K_merged_Abundance","SRR6915118_500K_merged_Abundance","SRR6915119_500K_merged_Abundance","SRR6915120_500K_merged_Abundance","SRR6915121_500K_merged_Abundance","SRR6915122_500K_merged_Abundance","SRR6915123_500K_merged_Abundance","SRR6915124_500K_merged_Abundance","SRR6915137_500K_merged_Abundance","SRR6915138_500K_merged_Abundance","SRR6915139_500K_merged_Abundance","SRR6915140_500K_merged_Abundance","SRR6915141_500K_merged_Abundance","SRR6915142_500K_merged_Abundance","SRR6915143_500K_merged_Abundance","SRR6915144_500K_merged_Abundance","SRR6915145_500K_merged_Abundance","SRR6915146_500K_merged_Abundance","SRR6915157_500K_merged_Abundance","SRR6915158_500K_merged_Abundance","SRR6915159_500K_merged_Abundance","SRR6915160_500K_merged_Abundance","SRR6915161_500K_merged_Abundance","SRR6915162_500K_merged_Abundance","SRR6915163_500K_merged_Abundance","SRR6915164_500K_merged_Abundance","SRR6915165_500K_merged_Abundance","SRR6915166_500K_merged_Abundance","SRR6915188_500K_merged_Abundance","SRR6915189_500K_merged_Abundance","SRR6915190_500K_merged_Abundance","SRR6915191_500K_merged_Abundance","SRR6915192_500K_merged_Abundance","SRR6915193_500K_merged_Abundance","SRR6915194_500K_merged_Abundance","SRR6915201_500K_merged_Abundance","SRR6915202_500K_merged_Abundance","SRR6915203_500K_merged_Abundance","SRR6915204_500K_merged_Abundance","SRR6915205_500K_merged_Abundance","SRR6915206_500K_merged_Abundance","SRR6915207_500K_merged_Abundance","SRR6915208_500K_merged_Abundance","SRR6915209_500K_merged_Abundance","SRR6915210_500K_merged_Abundance","SRR6915211_500K_merged_Abundance","SRR6915212_500K_merged_Abundance","SRR6915213_500K_merged_Abundance","SRR6915214_500K_merged_Abundance","SRR6915215_500K_merged_Abundance","SRR6915216_500K_merged_Abundance","SRR6915217_500K_merged_Abundance","SRR6915218_500K_merged_Abundance","SRR6915219_500K_merged_Abundance","SRR6915220_500K_merged_Abundance","SRR6915221_500K_merged_Abundance","SRR6915222_500K_merged_Abundance","SRR6915223_500K_merged_Abundance","SRR6915224_500K_merged_Abundance","SRR6915225_500K_merged_Abundance","SRR6915226_500K_merged_Abundance","SRR6915227_500K_merged_Abundance","SRR6915228_500K_merged_Abundance","SRR6915229_500K_merged_Abundance","SRR6915230_500K_merged_Abundance"
"UNMAPPED",0.249784,0.636219,0.347542,0.167685,0.0571174,0.131517,0.383683,0.124555,0.394546,0.255118,0.302617,0.339056,0.188707,0.288583,0.561112,0.21816,0.337856,0.362101,0.447946,0.337556,0.487209,0.465791,0.446928,0.311002,0.293964,0.313404,0.165809,0.373808,0.369627,0.491374,0.200427,0.244994,0.176476,0.233852,0.472088,0.156582,0.29757,0.339526,0.236438,0.395946,0.251956,0.510922,0.474022,0.352666,0.455212,0.19725,0.360677,0.34069,0.303147,0.342314,0.203832,0.389897,0.347459,0.433275,0.508533,0.450476,0.233129,0.424746,0.433239,0.572966,0.464093,0.281768,0.453877,0.400315,0.355276,0.423309,0.391994,0.147815,0.363941,0.277949,0.248684,0.369383,0.371179,0.254065,0.232201,0.385382,0.358121,0.396683,0.416888
"UNINTEGRATED",0.701522,0.344891,0.62344,0.771253,0.862432,0.782639,0.585325,0.789664,0.574294,0.716615,0.669263,0.621335,0.782444,0.681845,0.41695,0.754454,0.624536,0.608855,0.523807,0.626696,0.485361,0.509033,0.523071,0.652528,0.674866,0.649316,0.774479,0.597376,0.595094,0.485221,0.770597,0.706922,0.773441,0.742041,0.503626,0.797184,0.674842,0.627603,0.728508,0.570486,0.718547,0.467207,0.497959,0.614296,0.515613,0.774382,0.608691,0.626832,0.662008,0.608572,0.769604,0.579044,0.624097,0.536105,0.464952,0.520769,0.726712,0.547939,0.54191,0.410514,0.511947,0.675243,0.519355,0.564038,0.612998,0.544682,0.583966,0.777172,0.608639,0.672003,0.718519,0.607195,0.599963,0.686021,0.732908,0.584639,0.61719,0.574022,0.53578
"12DICHLORETHDEG-PWY: 1,2-dichloroethane degradation",0,0,0,0,0,0,0,0,0,0,0,0,0,0,0,0,0,0,0,0,0,0,0,0,0,0,0,0,0,0,0,0,0,0,0,0,0,0,0,0,0,0,0,0,0,0,0,0,0,0,0,0,0,0,0,0,0,0,0,0,0,0,0,0,0,0,0,0,0,0,0,0,0,0,0,0,0,0,0
"1CMET2-PWY: folate transformations III (E. coli)",0.00033556,0.000197761,0.000404039,0.000291797,0.000244414,0.000319494,0.000261152,0.000316852,0.000252437,0.000220202,0.000361062,0.000273292,0.000145882,0.000184594,0.000277072,0.000345119,0.000571267,0.000273412,0.000130106,0.000378508,0.000176308,0.000213271,0.000307034,0.000244948,0.000249815,0.000411813,0.00029029,0.000252807,0.000225996,0.000292242,0.00015333,0.00029833,0.000181879,0.000232783,0.000145041,0.000211428,0,0.000190156,0.000267509,0.000276012,7.95438e-05,0.000308394,0.000305431,0.000229424,0.00024099,0.000224304,0.000237469,0.000258124,0.000319811,0.000154332,0.000309016,0.000203309,0.000202816,0.000280489,0.000177434,0.000306608,0.000351306,0.000156208,0.000231349,0.000124653,0.000218044,0.000227047,0.000252889,0.000350308,0.000329242,0.000449436,0.00016512,0.000288563,0.00025432,0.00023337,0.000273889,0.000201079,0.000307683,0.000265357,0.000230863,8.38341e-05,0.000279083,0.000271354,8.60851e-05
"3-HYDROXYPHENYLACETATE-DEGRADATION-PWY: 4-hydroxyphenylacetate degradation",1.10173e-05,0,0,0,9.72497e-05,0.00014531,0,9.99924e-05,0,0,0,0,0,0,0,0,0,0,0,0,0,0,0,0,0,0,0,0,0,0,0,0,0,0,0,0,0,0,0,0,0,0,0,0,0,0,0,0,0,0,0,0,0,0,0,0,0,0,0,0,0,0,0,0,0,0,0,5.49702e-05,0,0,0,0,0,0,0,0,0,0,0
"AEROBACTINSYN-PWY: aerobactin biosynthesis",0,0,0,3.79547e-05,0.000203205,0,0,0,0,0,0,0,0,0,0,0,0,0,0,0,0,0,0,0,0,0,0,0,0,0,0,2.90669e-05,4.15676e-05,0,0,0,0,0,0,0,0,0,0,0,0,0,0,0,0,0,0,0,0,0,0,0,0,0,0,0,0,0,0,0,0,0,0,0,0,0,0,0,0,3.24039e-05,0,0,0,0,0
"ALL-CHORISMATE-PWY: superpathway of chorismate metabolism",0,0,0,0,0,0,0,0,0,0,0,0,0,0,0,0,0,0,0,0,0,0,0,0,0,0,0,0,0,0,0,0,0,0,0,0,0,0,0,0,0,0,0,0,0,0,0,0,0,0,0,0,0,0,0,0,0,0,0,0,0,0,0,0,0,0,0,0,0,0,0,0,0,0,0,0,0,0,0
"ALLANTOINDEG-PWY: superpathway of allantoin degradation in yeast",0,0,0,0,0,0,0,0,0,0,0,0,0,0,0,0,0,0,0,0,0,0,0,0,0,0,0,0,0,0,0,0,0,0,0,0,0,0,0,0,0,0,0,0,0,0,0,0,0,0,0,0,8.49683e-06,0,0,0,0,0,0,0,0,0,0,0,0,0,0,0,0,0,0,0,0,0,0,0,0,0,0
"ANAEROFRUCAT-PWY: homolactic fermentation",0.000227055,0,6.84283e-05,0.000327999,0.000292043,0.000318106,0.000116457,0.00031797,9.15214e-05,0.000135141,7.21442e-05,0.00018139,0.000152846,0.000131165,9.22162e-05,0,0,0,0,9.69021e-05,0.000142686,9.71121e-05,0,0.000239547,6.84942e-05,0,0.000200383,5.33732e-05,0.000204071,8.11422e-05,0.000105571,0.00021208,0.000192592,0.000125734,7.01858e-05,0.000184976,0,6.58911e-05,0.000192801,8.26972e-05,0,7.37645e-05,8.57976e-05,0.000223381,0.000109218,0,0.000193159,9.46545e-05,0.000164442,0.000203299,4.87152e-05,0.000134371,8.00686e-05,0.00014489,9.44815e-05,0.000124711,0.000125007,0.000102723,8.77854e-05,7.23557e-05,0,0.000152364,6.31308e-05,0.000110288,0.000246027,0,0.000123143,0.000302538,0.000132577,0.000269366,0.000109845,0,8.42622e-05,0.000232647,7.6679e-05,0,6.02494e-05,7.86303e-05,0.000187088
"ANAGLYCOLYSIS-PWY: glycolysis III (from glucose)",0.000337564,0.000220239,0.000160281,0.000438306,0.000413644,0.000392817,0.000192129,0.000393258,0.000333741,0.000291671,0.000155389,0.000267736,0.000277967,0.000189422,0.000294138,0.000398555,0.000129046,0.000411536,0.000247955,0.000338644,0.000232061,0.00020625,0.000147455,0.000316644,0.000147556,0.000201739,0.000306781,0.000232159,0.000402661,0.000154177,0.000584543,0.000302763,0.000268093,0.000238709,0.000188858,0.000233348,0.000173675,0.000267908,0.000299123,0.000345441,0,0.000176553,0.000198643,0.000379161,0.000248195,0.000362442,0.000344745,0.000383131,0.000250521,0.000405958,7.86683e-05,0.000261331,0.000232712,0.000354108,0.000258427,0.000203966,0.00030809,0.000191559,0.00014962,0.000203501,0.000132741,0.000257946,0.000148672,0.000179718,0.000570795,0,0.000205727,0.000411846,0.000272908,0.000340418,0.000345106,0.000256258,0.000287795,0.000344034,0.000318545,0.000235953,0.000355276,0.000135445,0.000516579
"ARG+POLYAMINE-SYN: superpathway of arginine and polyamine biosynthesis",0.000159902,0,0,0.00019296,0.000284064,0.00035511,0,0.000407165,0.000146743,0,0,0.000139881,4.68902e-05,0,0,0,0,8.13052e-05,0,0,6.94769e-05,6.21566e-05,0.000110469,0,0,0,0.000211979,0,0,0,0,0.000148031,0.00019546,0,9.54776e-05,0.000167577,0,0,0,0.000129571,0,0,0,0,0,0,5.41108e-05,0,7.8326e-05,8.97829e-05,0,0.000102035,6.91602e-05,0,0,0,0,7.6595e-05,0,4.18923e-05,0,0.000162381,0,0,0,0,0,0.00023598,6.71628e-05,0.000131089,8.67926e-05,0,0,0.0001592,0,5.41499e-05,0,0,0
"ARGDEG-PWY: superpathway of L-arginine, putrescine, and 4-aminobutanoate degradation",0,0,0,0,0.000113924,7.94245e-05,0,0,0,0,0,0,0,0,0,0,0,0,0,0,0,0,0,0,0,0,0,0,0,0,0,0,0,0,0,4.48905e-05,0,0,0,0,0,0,0,0,0,0,0,0,0,0,0,0,0,0,0,0,0,0,0,0,0,1.37941e-05,0,0,0,0,0,6.85025e-05,0,0,0,0,0,0,0,0,0,0,0
"ARGININE-SYN4-PWY: L-ornithine biosynthesis II",0.000206388,8.30926e-05,0.000140496,0.000323802,0.000218137,9.13454e-05,0.000178305,0,0.000106182,0.000191821,0.000175526,0.000129402,0.000152937,0.000135533,6.69478e-05,0.000169814,0.000132688,0.000296528,0,0.000256507,0.000112058,0.000100931,6.22348e-05,0.000149086,0.000240421,0.000175232,0.000351336,0.000219558,0.000364199,0.000112146,0.000104137,0.000349707,0.00031111,0.000234103,0.000111013,0.000145842,0,6.2029e-05,0.000264869,0.00026073,9.22609e-05,0.000162624,0.000154922,0.000103792,0.000198678,8.21117e-05,0.000143043,9.8534e-05,0.000272256,9.24553e-05,0.000273102,0.000149362,0.000137639,0.000328166,8.34715e-05,0.000210129,0.000466456,0.00012391,0.000200282,0.000134388,0,0.000223313,0.000155121,0.000121509,0.000337431,5.53791e-05,7.53896e-05,9.49985e-05,0.000113069,0.000233064,0.000246598,0.000133111,7.78405e-05,0.000105814,0.000427594,0.000103212,0,0.00024733,2.66979e-05
"ARGSYN-PWY: L-arginine biosynthesis I (via L-ornithine)",0.000279668,0.000177828,5.90289e-05,0.000249801,0.000288765,0.000386974,0.000361794,0.000401052,0.000331183,0.000229974,0.000135941,0.000224467,0.000369855,0.000140458,0.000248256,0.000129446,0.000540738,0.000147212,0.000407167,0.000149352,0.000303241,0.000123899,0.000320466,0.000128937,0.000293945,0.000248559,0.000264207,0.000187092,0.000355735,0.000273638,5.4245e-05,0.000254505,0.000244082,9.54096e-05,0.000243485,0.000210453,0,0.0004096,0.000117999,0.000306607,0,0.000135088,0.000206852,0.000440934,0.00025581,0.000162343,0.000341649,0.000461954,9.77571e-05,0.000114644,0.000113815,0.000206077,0.000223993,0.000108221,0.000304551,0.000203736,0,0.000178563,0.000166293,0.000120082,0.000493628,0.000367337,0.000270997,0.000246546,0.000133292,0.000449404,0.000211996,0.000309561,0.000211246,0.000479425,0.000279863,0.000213158,0.000162949,0.000399192,0.000138958,0.000442365,0.000163884,0.000309254,0.000638112
"ARGSYNBSUB-PWY: L-arginine biosynthesis II (acetyl cycle)",0.000213447,0.00022168,0.000105352,0.000214821,0.000275176,0.000374822,0.000407528,0.000391504,0.000317879,0.000205646,0.000114044,0.000217029,0.000384324,5.08558e-05,0.000263556,0.000142784,0.000192183,0.000153131,0.000374022,0.000147577,0.000344357,0.000108984,0.000287417,7.98429e-05,0.000232009,0.000195134,0.000276639,0.000173437,0.000328672,0.000206553,4.79694e-05,0.00025216,0.000255793,9.65618e-05,0.000201535,0.000214053,3.49303e-05,0.000412889,7.34323e-05,0.000313338,0,0.000147875,0.000224559,0.000438624,0.000261788,0.000129224,0.000343857,0.00046669,8.48594e-05,0.000129412,4.98189e-05,0.000206483,0.00023516,9.24942e-05,0.000315139,0.000224335,0,0.000188484,0.000183996,0.000118483,0.000463817,0.000346412,0.000274174,0.000443875,0.000119572,0.000416814,0.000186956,0.000325557,0.000200322,0.000469566,0.000266693,0.000224514,0.000142734,0.00040025,0.000135105,0.000433576,0.000152699,0.000244226,0.000721302
"ARO-PWY: chorismate biosynthesis I",0.000314653,0.000205699,0.000199128,0.000304882,0.000307583,0.000454802,0.000404163,0.000428469,0.000313908,0.000320276,0.00031119,0.000243265,0.000354605,0.000295463,0.000297549,0.00032416,0.000504505,0.000208218,0.000409574,0.000368293,0.0002804,0.000175169,0.00030651,0.000289694,0.000387398,0.000329907,0.000248226,0.000261336,0.000335743,0.000264163,0.000230675,0.000231567,0.000253807,0.000212115,0.00025481,0.000216909,0.000444935,0.000524523,0.000255443,0.000353337,0.000379918,0.000135667,0.000283601,0.00038197,0.000287938,0.000263544,0.000398585,0.000459455,0.000267773,0.000469542,0.000317372,0.000219495,0.000217724,0.000263556,0.000303412,0.000302693,0.000441308,0.000198862,0.000253801,0.000188138,0.000500018,0.000321682,0.00033937,0.000479112,0.000216671,0.000471873,0.000249028,0.000284043,0.000296857,0.000377991,0.000275589,0.000227162,0.000202681,0.000323655,0.000190903,0.000406125,0.00028084,0.000320561,0.000597237
"ASPASN-PWY: superpathway of L-aspartate and L-asparagine biosynthesis",0.000270666,4.32579e-05,0.00020643,0.000311791,0.000489392,0.00038342,0.000128897,0.000508546,0.00022794,0.000215201,0.000195516,0.000288842,0.000157419,0.000164661,0.000126868,0.000332604,7.50786e-05,0.000225902,0.00014834,0.000272145,0.00017999,0.000192099,6.73431e-05,0.00010388,0.000106185,0.000277717,0.000311155,0.00023334,0.000192513,0.000136944,0.000362211,0.000341276,0.000322125,0.000231073,0.000130432,0.00030245,0.00051785,0.000115182,0.000437959,0.000197403,0.000503401,0.000153601,0.000171666,9.44001e-05,0.000252252,0.00046694,0.000128722,0.000128763,0.000283791,0.00019831,0.000216341,0.000173567,0.000179574,0.000222052,8.60113e-05,0.000103176,0.000398135,0.000167654,0.000148727,0.000117879,0.000156227,0.000259449,0.000205225,5.35864e-05,0.000222328,8.39124e-05,0.000150453,0.000404298,0.000184377,0.000247441,0.000255905,0.000130693,0.000252098,0.000300456,0.000344715,0.000162724,0.000185125,0.000193051,0.000146835
"AST-PWY: L-arginine degradation II (AST pathway)",5.00645e-05,0,0,5.55574e-05,0.000173367,0.00031741,0,0.000286385,0,0,0,0,0,0,0,0,0,0,0,0,0,0,0,0,0,0,8.19461e-05,0,0,0,0,1.95411e-05,5.00336e-05,0,0,4.35931e-05,0,0,0,0,0,0,0,0,0,0,0,0,0,5.9769e-05,0,0,0,0,0,0,0,1.95517e-05,0,0,0,2.27034e-05,0,0,0,0,0,6.77481e-05,0,0,0,0,0,6.92291e-05,0,0,0,0,0
"BIOTIN-BIOSYNTHESIS-PWY: biotin biosynthesis I",0.000212,0,6.25041e-05,0.000204399,0.000304137,0.000332095,0,0.000342189,8.8111e-05,0.000125129,0.000142398,0.00018237,0.000104941,8.80154e-05,0,0,0.000116378,0.000117587,8.2774e-05,0.000110902,7.03551e-05,4.70311e-05,0,0.000109936,7.31131e-05,0.000206192,0.000247919,0.000122251,6.82507e-05,0,0,0.00023846,0.00020163,0.000108874,0,0.000195913,0,0,0.000149923,0.000123921,0,0,4.63151e-05,4.244e-05,7.67526e-05,5.30485e-05,0,4.88779e-05,0.000128365,0.00021646,0.000163582,0.000119403,0.000118499,0.000120905,5.51954e-05,0,0.000187423,8.0047e-05,0,5.39267e-05,0,0.000111803,0,9.10821e-05,0,0,4.86669e-05,0.000366508,0,0.000127287,9.3343e-05,0,7.63447e-05,0.00026709,0,7.23384e-05,0,0.000109971,0
"BRANCHED-CHAIN-AA-SYN-PWY: superpathway of branched chain amino acid biosynthesis",0.000384752,0.00023933,0.000383801,0.000488075,0.000370735,0.000451111,0.000326566,0.000543353,0.000323189,0.00031421,0.000361458,0.000353852,0.000207788,0.000260761,0.000224127,0.000509487,0.000120322,0.000300348,0.000293844,0.000384667,0.000340544,0.000304977,0.00038605,0.000358645,0.00042222,0.000341323,0.000420152,0.00037536,0.000537305,0.000285117,0.0007005,0.000264227,0.00034492,0.000212216,0.000269794,0.000303608,0.0013541,0.000190608,0.000346536,0.000410025,0.000879196,0.000178303,0.000239335,0.000298433,0.000358952,0.000749317,0.000314765,0.000296839,0.000450919,0.000262076,0.000377109,0.000294261,0.000322296,0.000381198,0.000294991,0.000301064,0.000584006,0.000208905,0.000346077,0.000213848,0.000303125,0.000415916,0.000326102,0.000363878,0.000526318,0.000204591,0.000338574,0.000419984,0.000250914,0.000442449,0.000314631,0.000350982,0.000381971,0.000420571,0.000480165,0.000306972,0.000348644,0.000257087,0.000464193
"CALVIN-PWY: Calvin-Benson-Bassham cycle",0.00038516,0.000152884,0.000213679,0.000316858,0.000345685,0.000646054,0.000182602,0.000635075,0.000259494,0.000327849,0.000190268,0.00029356,0.000276673,0.000178442,0.000218636,0.000281682,7.73109e-05,0.000278722,0.000202372,0,0.000250058,0.000225056,0.000144959,0.000299722,0,0,0.000351721,0.000313311,0.000217769,0,0.000395987,0.000339245,0.000383164,0.000144368,0.000169234,0.000248484,0.000339379,0,0.000255006,0.000383047,0.000473488,0.000133287,0.00022047,0.000302893,0,0.000341332,0.000289512,0.000310204,0.000210763,0.00042824,0,0.000316487,0.000210666,9.17906e-05,0.000210558,0.000215287,0.000239152,0.000319926,0.000181956,8.14205e-05,0,0.000341947,0.000177124,0.000234032,0.000385206,0.000315651,0.000164328,0.00037119,6.70574e-05,0.000341879,0.000220756,0.000204878,0.000269771,0.000408952,0.000304665,0.000239568,0.000324621,0.000282792,0.000552347
"CARNMET-PWY: L-carnitine degradation I",0,0,0,5.85159e-06,5.44754e-05,0,0,0,0,0,0,0,0,0,0,0,0,0,0,0,0,0,0,0,0,0,2.68993e-05,0,0,0,0,0,1.92051e-05,0,0,1.04062e-05,0,0,0,0,0,0,0,0,0,0,0,0,0,0,0,0,0,0,0,0,0,0,0,0,0,0,0,0,0,0,0,7.66941e-06,0,1.67371e-05,0,0,0,6.43295e-05,0,0,0,0,0
"CATECHOL-ORTHO-CLEAVAGE-PWY: catechol degradation to &beta;-ketoadipate",3.18246e-05,0,0,0,0,0.000186049,0,0.000179516,0,0,0,0,0,0,0,0,0,0,0,0,0,0,0,0,0,0,0,0,0,0,0,0,0,0,0,0,0,0,0,0,0,0,0,0,0,0,0,0,0,5.42748e-05,0,3.26661e-05,0,0,0,0,0,0,0,0,0,0,0,0,0,0,0,0,0,0,0,0,0,0,0,0,0,0,0
"CENTFERM-PWY: pyruvate fermentation to butanoate",0,0,0,0,0,0,0,0,9.72661e-05,0,0,0,9.4886e-05,0,0,3.82233e-05,0,0,0,0,0,0,0,0,0,0,0,0,0,0,0,2.23841e-05,0,0,0,0,0,0,0,0,0,0,0,0,3.42945e-05,0,3.66172e-05,0,0,0,0,0,0,0,0,0,0,0,0,0,3.65586e-05,0,0,0,0,0,0,0,0,2.88568e-05,4.45665e-05,3.79072e-05,0,9.76391e-05,0.000108973,5.20072e-05,0,4.79766e-05,0
"CHLOROPHYLL-SYN: 3,8-divinyl-chlorophyllide a biosynthesis I (aerobic, light-dependent)",0,0,0,0,0,0,0,0,0,0,0,0,0,0,0,0,0,0,0,0,0,0,0,0,0,0,0,0,0,0,0,0,0,0,0,0,0,0,0,0,0,0,0,0,0,0,0,0,0,0,0,0,0,0,0,0,0,0,0,0,0,0,0,0,0,0,0,0,0,0,0,0,0,0,0,0,0,0,0
"CITRULBIO-PWY: L-citrulline biosynthesis",0.000331899,0,0.000145741,0.000307168,0.00024172,0.000122366,0.000173901,0,0.000195384,0.000243131,0.000113188,0.000178,0.000220302,0.000148244,0,7.89806e-05,0.000653059,0.000117351,0,0.00021154,0.000274673,9.01421e-05,0.000297363,0.000170322,0.000215797,0.000308751,0.000343629,0.000135374,0.000389285,6.03621e-05,0,0.000280394,0.000301311,0.000137055,0.00012287,0.000139728,0,0.000235851,0.000190681,7.70711e-05,0,0.000145033,0.000111538,0.000257848,0.000168682,0,0.000275292,0.000138323,0.00014112,9.5723e-05,0.000159014,0.000175747,0.000100774,0.000118487,0.000101593,0.000135638,0,0.000160624,9.91228e-05,9.89414e-05,0,0.000266076,0.000189312,0.0001728,0.000165049,0,0.000140198,0.000122419,0.000152337,0.00029892,0.000359036,8.049e-05,0.00012739,0.000143925,0.000117549,6.75763e-05,0,0.000209333,3.99504e-05
"COA-PWY-1: superpathway of coenzyme A biosynthesis III (mammals)",0.000212393,7.71804e-05,0.000325402,0.000219908,0.000202013,0.000258731,0.000370161,0.00033124,0.000216836,0.000259243,0.000342664,0.000208212,0.000288565,0.000343696,0.000149939,0.000174945,0.00047023,0.000191455,0.000343015,0.00038517,0.000186428,0.000224776,0.000252622,0.000377073,0.000304715,0.000449366,0.00022605,0.000236473,0.000309325,0.000344055,0.000140758,0.000287789,0.000152519,0.00011448,0.00022383,0.000175198,0,0.000457487,0.000246718,0.000286169,0.000117455,0.000195946,0.00021785,0.000340313,0.000330378,3.40604e-05,0.000295236,0.000376793,0.000172988,0.00042209,0.000202089,0.000144565,0.000291241,0.000267166,0.000289184,0.000344289,0.000341853,0.00015485,0.000256599,0.000124279,0.000301952,0.000221752,0.000321617,9.7411e-05,0.000203365,0.000597997,0.000223322,0.000214306,0.000343031,0.00026991,0.000238744,0.000237552,0.0002553,0.000242346,0.000344877,0.000249317,0.000175115,0.000192113,0.000537418
"COA-PWY: coenzyme A biosynthesis I (prokaryotic)",0.000228409,0.000139931,0.000335599,0.000192918,0.000185196,0.000240377,0.0003551,0.000326383,0.000248442,0.000322183,0.000416303,0.000191961,0.00026335,0.000368526,0.000129593,0.000219348,0.000480604,0.00017205,0.000342344,0.00042635,0.000200913,0.000242825,0.000266394,0.000399738,0.000286371,0.000456731,0.000249119,0.000222598,0.000333804,0.000328915,0.000122295,0.000278552,0.000225942,0.000119026,0.000204349,0.000165685,0.000418618,0.000435253,0.000293758,0.000269464,0.000214141,0.000226049,0.000215073,0.000347185,0.000467284,2.8611e-05,0.000324873,0.000347116,0.000280518,0.000464359,0.000284172,0.000130611,0.000311788,0.000246018,0.000285069,0.000371358,0.000510401,0.000142618,0.000260987,0.000168817,0.00027659,0.000199649,0.000350066,0.00029141,0.000284419,0.000555245,0.000206989,0.000194524,0.000350649,0.000248216,0.000220487,0.000216657,0.000279789,0.000232711,0.000468287,0.000349934,0.000173336,0.000230629,0.000484982
"COBALSYN-PWY: superpathway of adenosylcobalamin salvage from cobinamide I",0,0,3.45065e-05,0.000151821,0.000220308,0.000192766,0.000175943,0.000219302,8.45974e-05,7.66076e-05,7.63265e-05,3.83781e-05,0.000216071,0.000155996,0,0,5.88663e-05,0,7.03678e-05,0,0,0,0,6.78187e-05,5.73591e-05,0.000136991,3.59587e-05,2.44842e-05,0.0001072,3.99785e-05,0,7.09638e-05,0.000118748,4.09251e-05,9.1546e-05,0.000101244,0,0.000185328,4.18968e-05,8.72694e-05,0,4.10583e-05,3.23703e-05,8.0754e-05,0.000125797,0,3.25025e-05,0.000163381,5.31957e-05,2.20616e-05,6.97084e-05,9.23099e-05,5.99754e-05,9.1679e-05,3.34296e-05,2.32708e-05,4.31563e-05,5.13987e-05,3.58226e-05,3.89174e-05,0.000129434,8.02544e-05,3.0184e-05,0,0.00010064,0,3.06193e-05,0.000172091,5.66362e-05,7.35645e-05,8.58935e-05,0,9.22298e-05,0.000134601,0.000188994,0.000151564,5.07755e-05,7.46435e-05,0.000292854
"COLANSYN-PWY: colanic acid building blocks biosynthesis",0.000176326,0,3.61709e-05,0.00024112,5.35036e-05,0.000196166,8.94874e-05,0.000211109,0.000174131,5.85415e-05,4.43141e-05,0.000140981,0.000108146,0.000100003,9.5676e-05,0,4.78401e-05,0.00011793,3.73239e-05,0,6.7788e-05,5.12283e-05,4.18152e-05,8.45639e-05,9.74778e-05,7.4662e-05,0.000201933,8.77453e-05,0.00010696,0,0,0.000199496,0.000229595,8.02215e-05,9.23158e-05,0.000170804,0,8.00797e-05,0.000216569,9.08343e-05,0,6.67443e-05,8.27709e-05,6.42303e-05,0,7.51258e-05,0.000102927,7.38876e-05,8.40047e-05,0.000205125,4.14849e-05,8.77142e-05,0.000103577,5.80909e-05,0,5.22279e-05,1.74277e-05,9.53842e-05,3.63823e-05,0,0,0.00016071,4.87396e-05,0,6.75375e-05,0,3.89277e-05,0.000186536,6.00152e-05,0.000136216,8.83749e-05,4.73342e-05,4.13164e-05,0.000161861,0,0.000107328,0,0,4.24937e-05
"COMPLETE-ARO-PWY: superpathway of aromatic amino acid biosynthesis",0.000286506,0.000211304,0.000205699,0.000309741,0.000304956,0.00043689,0.00025072,0.000420389,0.000267422,0.000330661,0.000310454,0.000237918,0.000292622,0.000274161,0.000210535,0.000292549,0.000385185,0.000211095,0.000229533,0.00033394,0.000256849,0.000140536,0.000270973,0.000269096,0.000338518,0.00031582,0.000257892,0.000254133,0.000316313,0.000189468,0.000218556,0.000232458,0.000238878,0.000111836,0.000217517,0.000200117,0.000156067,0.000379893,0.000262246,0.000229494,0.000177977,0.000130784,0.000227197,0.000370353,0.00026809,0.000190656,0.000367963,0.000376077,0.000266591,0.000407814,0.000222291,0.00020923,0.000185735,0.000233261,0.000173179,0.000290289,0.000354525,0.000175423,0.000225484,0.000142646,0.000152725,0.000276763,0.000274168,0.000447854,0.000123312,0.000332807,0.000204489,0.000295829,0.000269465,0.00033617,0.000260735,0.000161782,0.000183354,0.000294414,0.000107998,0.000198487,0.00027099,0.000240173,0.000198595
"CRNFORCAT-PWY: creatinine degradation I",0,0,0,0,0,0,0,0,0,0,0,0,0,0,0,0,0,0,0,0,0,0,0,0,0,0,0,0,0,0,0,0,0,0,0,0,0,0,0,0,0,0,0,0,0,0,0,0,0,0,0,0,0,0,0,0,0,0,0,0,0,0,0,0,0,0,0,0,0,0,0,0,0,0,0,0,0,0,0
"DAPLYSINESYN-PWY: L-lysine biosynthesis I",0.000190211,0,0,0.000248568,0.000366424,0.000406958,0,0.000396909,6.25044e-05,0,0,0.000118316,0,3.21199e-05,0,0,0,0,5.36726e-05,5.76666e-05,0,2.64232e-05,0.000133737,0,0,0.000122567,0.000224203,0,8.44464e-05,9.0086e-05,4.63645e-05,0.000134513,0.000187224,0,0,0.000180411,0,0,0,0,0,0,6.9389e-05,4.63534e-05,0,0,0,0,7.18589e-05,9.39879e-05,0,0.000113506,5.85258e-05,5.60474e-05,0.000127587,0,0,8.35867e-05,0,0,0,0.000148695,0,5.50082e-05,9.87855e-05,0,8.53475e-05,0.000398373,4.35407e-05,0.000258243,0.000103594,0,0,0.000312507,0,0,3.70966e-05,5.15074e-05,0
"DARABCATK12-PWY: D-arabinose degradation I",0,0,0,6.21007e-05,8.55442e-05,0,0,0,0,0,0,1.23274e-05,0,0,0,0,0,0,0,0,0,0,0,0,0,0,9.27068e-06,0,0,0,0,8.4384e-06,3.78767e-05,0,0,1.35872e-05,0,0,0,0,0,0,0,0,0,0,0,0,2.8211e-05,2.94797e-05,0,0,0,0,0,0,0,0,0,0,0,3.39348e-06,0,0,0,0,0,6.94103e-05,0,6.44891e-06,1.53552e-05,0,0,0.000110665,0,0,0,0,0
"DENITRIFICATION-PWY: nitrate reduction I (denitrification)",0,0,0,2.36777e-05,0,0,0,0,0,0,0,0,0,0,0,0,0,0,0,0,0,0,1.42046e-05,0,0,0,0,0,0,0,0,0,1.68862e-05,0,0,0,0,0,0,0,0,0,0,0,0,0,0,0,0,4.74839e-05,0,0,0,0,0,0,0,0,0,0,0,0,0,0,0,0,0,1.74346e-05,0,0,0,0,0,0,0,0,0,0,0
"DENOVOPURINE2-PWY: superpathway of purine nucleotides de novo biosynthesis II",0,0,0,0.000192082,0.000200008,0.000313782,0,0.000331353,0,0,0,0,0,0,0,0,0,0,0,0,0,0,0,0,0,0,0.000141275,0,0,0,0,0,0.000131768,0,0,8.56145e-05,0,0,0,0,0,0,0,0,0,0,0,0,0,0,0,9.86291e-05,0,0,0,0,0,0,0,0,0,0,0,0,0,0,0,0.000164652,0,0,0,0,0,0.000105842,0,0,0,0,0
"DHGLUCONATE-PYR-CAT-PWY: glucose degradation (oxidative)",0,0,0,0,0,0,0,0,0,0,0,0,0,0,0,0,0,0,0,0,0,0,0,0,0,0,0,0,0,0,0,0,0,0,0,0,0,0,0,0,0,0,0,0,0,0,0,0,0,0,0,0,0,0,0,0,0,0,0,0,0,0,0,0,0,0,0,0,0,0,0,0,0,0,0,0,0,0,0
"DTDPRHAMSYN-PWY: dTDP-&beta;-L-rhamnose biosynthesis",0.000513909,0.000300751,0.00082085,0.000519533,0,0.000133266,0.000616495,0,0.000332987,0.000390133,0.000407372,0.00043659,0.000351313,0.000479413,0.0002517,0.000622074,0.00150527,0.000550597,0.000342522,0.000644144,0.000311401,0.000284038,0.000468566,0.000796885,0.000569225,0.000593644,0.000275373,0.000612513,0.000409924,0.000435588,0.00107405,0.000378983,0.000332749,0.000345694,0.00028433,0.000416966,0.000535042,0.000458724,0.000620467,0.000422572,0.0024293,0.000312881,0.000312922,0.000397363,0.000752154,0.00102114,0.000408016,0.000469723,0.000410796,0.000554771,0.000433224,0.000243078,0.000282569,0.000473436,0.000211563,0.000367932,0.000470762,0.000275935,0.000313805,0.00020766,0.00063661,0.000285986,0.000396062,0.000648647,0.000505807,0.000593044,0.000322879,0.000197365,0.000446373,0.000380065,0.000378609,0.000440476,0.000660443,0.000178813,0.00075787,0.00043397,0.00247369,0.000457515,0.0011374
"ECASYN-PWY: enterobacterial common antigen biosynthesis",3.65727e-05,0,0,3.04437e-05,0.000140762,0.000312137,0,0.000423396,0,0,0,1.39389e-05,0,0,0,0,0,0,0,0,0,0,0,0,0,0,4.3206e-05,0,0,0,0,0,0,0,0,4.19569e-05,0,0,0,0,0,0,0,0,0,0,0,0,0,0,0,4.76787e-05,0,0,0,0,0,4.01114e-05,0,0,0,0,0,0,0,0,0,0.000148656,0,1.9535e-05,0,0,0,7.97114e-05,0,0,0,0,0
"FAO-PWY: fatty acid &beta;-oxidation I (generic)",0.000116328,0,0,0.000181212,0.000376788,0.000571592,0,0.000691915,0,0,0,8.23118e-05,0,0,0,0,0,0,0,0,0,2.87784e-05,0,0,0,0,0.00020095,0,0,0,0,8.24655e-05,0.000137165,1.32385e-05,0,0.0001229,0,0,2.17405e-05,0,0,0,0,0,0,0,0,0,0,0.000108615,0,0.000100798,0,0,0,0,0,6.32862e-05,0,0,0,6.59747e-05,0,1.34218e-05,0,0,0,0.000408414,0,8.21662e-05,0,0,0,0.000244368,0,0,0,0,0
"FASYN-ELONG-PWY: fatty acid elongation -- saturated",0.000325748,4.43497e-05,7.53097e-05,0.000366455,0.000332365,0.000468191,0,0.000461138,8.78363e-05,0.000118932,0.000139872,0.000229222,0.000113203,0.000221347,5.41426e-05,0,0.000565279,0.000142463,0.000104415,0.000113647,8.91294e-05,6.33729e-05,0.000237806,0.00011233,0.000168347,0.000246503,0.00027988,0.000164131,5.41292e-05,0,8.05609e-05,0.000341666,0.000304129,0.000110634,0,0.000214174,0,0.000117518,0.000139709,0.000149517,0,0,5.01666e-05,4.02543e-05,7.81101e-05,5.79566e-05,0,4.7782e-05,9.50982e-05,0.000244108,0.000150816,0.000145589,0.000133614,0.000127538,6.71552e-05,0,0.000178579,0.000148714,0,6.94798e-05,0,0.000159251,0,0.000131898,0,0,0.000106129,0.000494301,0,0.000183439,9.89942e-05,0,8.04384e-05,0.000384036,0,0.000123808,0,0.000119154,0
"FASYN-INITIAL-PWY: superpathway of fatty acid biosynthesis initiation (E. coli)",0,0,0,0,0,8.57763e-05,0,0,0,0,0,0,0,0,0,0,0,0,0,0,0,0,0,0,0,0,0,0,0,0,0,0,0,0,0,0,0,0,0,0,0,0,0,0,0,0,0,0,0,0,0,0,0,0,0,0,0,0,0,0,0,0,0,0,0,0,0,6.06557e-05,0,9.32617e-05,0,0,0,0,0,0,0,0,0
"FERMENTATION-PWY: mixed acid fermentation",0.000149228,0,4.20317e-05,0.000155686,0.00044828,0.000418312,0,0.000443237,0,0,4.07219e-05,0.000113121,0.000138443,0,0,4.30765e-05,2.86273e-05,5.95198e-05,6.56176e-05,0.000107724,0.000103427,8.61555e-05,5.97733e-05,0,0,0,0.000201217,0,0.000100391,3.19493e-05,4.39327e-05,0.000136209,0.000111657,5.85838e-05,9.56077e-05,0.000183871,0,0.000128217,5.22514e-05,0,0,0,0,0,0.000118736,4.7831e-05,0,0.000145849,4.25697e-05,4.0328e-05,0,0.000158036,0.000134551,3.60432e-05,0,0.000100567,0,0.000100961,0.000134333,0,0,0.000158308,0,7.37168e-05,0,0,7.40747e-05,0.000354517,3.1615e-05,0.000133737,0,9.27582e-05,0,0.000212576,0,5.91154e-05,4.95169e-05,0,0.000401405
"FOLSYN-PWY: superpathway of tetrahydrofolate biosynthesis and salvage",3.14981e-05,0,0,6.96787e-05,0.000187716,0,0,0,0,0,0,6.96675e-05,0,0,0,0,0,0,0,0,0,0,0,0,0,0,0.000123474,0,0,0,0,6.98294e-05,1.70217e-05,0,0,9.72481e-05,0,0,0,0,0,0,0,0,0,0,0,0,0,0,0,0,0,0,0,0,0,0,0,0,0,0,0,0,0,0,0,0.000130459,0,0,0,0,0,5.81181e-05,0,0,0,0,0
"FUC-RHAMCAT-PWY: superpathway of fucose and rhamnose degradation",0.000105687,0,0,0.000111527,0.000264888,6.1309e-05,0,0,5.45905e-05,6.16998e-05,0,0.000102262,4.95499e-05,0,0,0,0,0,0,0,0,0,4.39925e-05,0,0,0,0.0001761,0,0,0,0,0.000105793,0.000135223,5.7789e-05,0,8.50386e-05,0,0,0,0,0,0,0,0,0,0,0,0,5.31275e-05,2.86329e-05,0,8.33307e-05,4.19738e-05,0,0,0,0,7.36184e-05,0,0,0,0.00010286,4.62357e-05,0,0,0,0,0.000133046,0,7.51231e-05,7.37274e-05,0,0,0.000157711,0,0,0,0,0
"FUCCAT-PWY: fucose degradation",8.69981e-05,0,0,0.000109998,0.000345988,3.70402e-05,0,1.54867e-05,3.48564e-05,4.13947e-05,0,9.3854e-05,2.92002e-05,0,5.94553e-05,0,0,0,0,0,6.34955e-05,3.46432e-05,4.31583e-05,0,0,0,0.000191905,0,0,0,3.01688e-05,6.83039e-05,0.000128419,3.324e-05,0,6.63606e-05,0,0,0,3.2089e-05,0,0,0,0,0,0,0,0,5.28005e-05,2.66942e-05,0,8.67166e-05,4.2962e-05,0,0,0,0,5.85854e-05,0,0,0,8.65355e-05,2.77654e-05,0,0,0,0,0.000175187,0,0.000100327,5.29124e-05,0,0,0.000221788,3.4821e-05,0,0,0,0
"GALACT-GLUCUROCAT-PWY: superpathway of hexuronide and hexuronate degradation",0,0,0,8.07701e-05,0.000160234,0,0,0,7.7415e-05,5.59899e-05,0,7.00492e-05,0,0,0,0,0,0,5.03099e-05,0,0,0,0,0,0,5.94182e-05,7.46209e-05,0,0,3.54022e-05,0,2.06605e-05,0.000102409,0,7.57217e-05,9.37028e-05,0,0,2.63441e-05,0,0,0,0,0,0,0,0,0,5.3837e-05,0,0,4.16196e-05,7.4635e-05,0,0,0,0,4.19877e-05,0,0,0,0,0,0,0,0,0,0.000175029,0,8.49472e-05,5.17903e-05,0,0,0.000114534,5.46719e-05,0,0,0,0
"GALACTARDEG-PWY: D-galactarate degradation I",0.000105746,0,0,0.000215465,0.000430789,0.000341269,0,0.000390915,0,0,0,5.33325e-05,0,0,0,0,0,0,0,0,0,0,6.67478e-05,0,0,0,0.000293517,0,0,0,1.28954e-05,0.000117291,0.000218798,0,2.52511e-05,0.000176048,0,0,5.60778e-05,0,0,0,0,0,0,0,0,0,0,6.38151e-05,0,4.75629e-05,0,0,0,0,0,2.08067e-05,0,0,0,3.7562e-05,0,6.25063e-05,0,0,0,0.000212008,0,0.00020207,5.84612e-05,0,0,0.000311098,0,0,2.5114e-05,0,0
"GALACTITOLCAT-PWY: galactitol degradation",0,0,0,7.29139e-05,0,2.24586e-05,0,0,2.54264e-05,0,0,7.8437e-05,0,0,0,0,0,0,0,0,0,0,0,0,0,0,5.35201e-05,0,0,0,0,3.7178e-05,8.20277e-05,0,0,5.84691e-05,0,0,0,0,0,0,3.06341e-05,0,0,0,0,0,0,3.53441e-05,0,0,2.866e-05,0,0,0,0,0,0,0,0,3.03942e-05,0,1.41513e-05,0,0,0,0.000137743,0,2.9897e-05,0,0,0,0.000116327,0,0,0,0,0
"GALACTUROCAT-PWY: D-galacturonate degradation I",0,0,0,0.000179951,0.000165724,1.03808e-05,8.38878e-05,0,8.28828e-05,4.57092e-05,0,8.85147e-05,4.58088e-05,0,0,4.17844e-05,0,0,4.83766e-05,0,5.05892e-05,0,0,3.87636e-05,6.81426e-05,6.38665e-05,5.8035e-05,2.67224e-05,5.05385e-05,5.56356e-05,2.30779e-05,1.91095e-05,8.99777e-05,0,8.89954e-05,9.9789e-05,0,0.000161828,3.67422e-05,0.000110636,0,2.74871e-05,3.56346e-05,3.30675e-05,7.2284e-05,4.30678e-05,6.00573e-05,9.46862e-05,4.81258e-05,2.13159e-05,0,6.4812e-05,9.70624e-05,4.97026e-05,5.73425e-05,0,7.58261e-05,7.40356e-05,0,0,8.41584e-05,4.0326e-05,0,1.53183e-05,0,0,2.92094e-05,0.00024444,6.8795e-05,0.000163228,9.386e-05,3.25871e-05,2.84516e-05,0.000119717,4.8398e-05,0.00011259,0,8.74775e-05,0
"GLCMANNANAUT-PWY: superpathway of N-acetylglucosamine, N-acetylmannosamine and N-acetylneuraminate degradation",0.000142235,0,0,0.000168382,0.000242154,0.000368119,5.67393e-05,0.000446703,0.000135721,7.03744e-05,0,0.000122857,0.000129503,2.34784e-05,0,3.99562e-05,3.06845e-05,0,6.56954e-05,0,0,3.63738e-05,3.48199e-05,0,0.000129882,5.33833e-05,0.000217513,0,0.000140075,2.36001e-05,0,0.000236542,0.000172907,0,0.000100009,0.000137294,0,8.32333e-05,0.000323335,3.07064e-05,0,3.27948e-05,0.000138726,0.000102001,3.52254e-05,0,8.64675e-05,7.13845e-05,4.12682e-05,6.30787e-05,0,0.000171282,6.77921e-05,3.12349e-05,6.47239e-05,5.59587e-05,0,0.000121951,0,0,6.86909e-05,0.000277212,8.50438e-05,1.69612e-05,7.97857e-05,5.6071e-05,3.94209e-05,0.000223599,6.4142e-05,0.000217343,0,5.07846e-05,2.89446e-05,0.000154088,0,0.000149032,3.48663e-05,0.000106751,0
"GLUCARDEG-PWY: D-glucarate degradation I",9.75646e-05,0,0,0.000165708,0.000255123,0.000297936,0,0.000352968,0,0,0,4.41175e-05,0,0,0,0,0,0,0,0,0,0,5.01618e-05,0,0,0,0.000142556,0,0,0,1.26202e-05,7.22203e-05,8.91852e-05,0,2.34973e-05,0.000158113,0,0,0,0,0,0,0,0,0,0,0,0,0,1.64375e-05,0,3.9932e-05,0,0,0,0,0,1.80317e-05,0,0,0,3.64416e-05,0,5.35916e-05,0,0,0,0.00011888,0,6.14594e-05,3.27975e-05,0,0,0.000203129,0,0,0,0,0
"GLUCARGALACTSUPER-PWY: superpathway of D-glucarate and D-galactarate degradation",0.000105746,0,0,0.000215465,0.000430789,0.000341269,0,0.000390915,0,0,0,5.33325e-05,0,0,0,0,0,0,0,0,0,0,6.67478e-05,0,0,0,0.000293517,0,0,0,1.28954e-05,0.000117291,0.000218798,0,2.52511e-05,0.000176048,0,0,5.60778e-05,0,0,0,0,0,0,0,0,0,0,6.38151e-05,0,4.75629e-05,0,0,0,0,0,2.08067e-05,0,0,0,3.7562e-05,0,6.25063e-05,0,0,0,0.000212008,0,0.00020207,5.84612e-05,0,0,0.000311098,0,0,2.5114e-05,0,0
"GLUCONEO-PWY: gluconeogenesis I",0.000277117,0.000144072,0,0.000288895,0.000359638,0.000403593,0.000155404,0.000447105,0.000109519,0.000143525,0.000107393,0.000233327,0,0.000179644,9.81977e-05,0,0,0.000278228,0.000205465,0.000118932,0.000155585,7.77873e-05,0.000119397,0.000234094,0.000132259,0,0.000251335,0.000115715,0.000286012,0.000105958,0.000172466,0.000222442,0.000214453,0.000178493,0.000154961,0.000192921,0.000243714,0,0.00010972,0.000186502,0,0.000110787,0.000163153,0.00019238,0,0,0.0001959,0.000163262,0.000165449,0.000247179,0,0.000257179,0.000172943,0.000221812,0.000213908,0,0.000195312,0.000174566,0,0.000190948,0,0.00016387,9.3959e-05,9.21596e-05,0.000364705,7.0205e-05,0.000153313,0.000314451,9.59946e-05,0.00024578,8.73529e-05,0,0.000124109,0.000264014,0,0,0.000138719,2.50084e-05,0.000159552
"GLUCOSE1PMETAB-PWY: glucose and glucose-1-phosphate degradation",0.000159132,0,0,0.000224333,0.000470109,0.000508015,0,0.000458876,0.000226811,0,0,0.000138124,0,0,0,0,0,0,0,0,0,3.12889e-05,5.04336e-05,0,4.63903e-05,0,0.000159466,0,0,0,0.000337445,0.000129199,0.000160824,0.000141997,0.000124554,0.000191594,0,6.8228e-05,0.000200437,0.000133927,0,0,9.74394e-05,0,0,0,0,8.98601e-05,8.7856e-05,5.37105e-05,0,0.000114255,8.27519e-05,0,0,0,0,0.000127056,0,0,0,0.000433299,7.99847e-05,3.17043e-05,0,5.12087e-05,6.15093e-05,0.000317421,6.72715e-05,0.000266783,6.37846e-05,0,0,0.000233489,0,0,0,2.18952e-05,0.000416936
"GLUCUROCAT-PWY: superpathway of &beta;-D-glucuronosides degradation",0,0,0,0.000209417,0.000177426,1.11049e-05,0.000102031,0,0.000100044,5.63412e-05,0,0.000116586,6.7872e-05,0,0,3.75502e-05,4.34377e-05,3.05034e-05,7.23805e-05,8.95106e-05,5.13465e-05,3.74533e-05,0,4.57954e-05,0.000104681,7.53703e-05,6.27485e-05,3.58276e-05,9.62008e-05,3.55046e-05,3.92618e-05,2.29475e-05,0.000104,5.60965e-05,0.000120791,0.000103186,0,0.000146814,3.83311e-05,0.000117782,0,3.4327e-05,3.98912e-05,0.000102937,0.000104429,6.5031e-05,0.000113031,8.74686e-05,0.000124379,3.83763e-05,0,3.80436e-05,0.000123588,6.25718e-05,5.82787e-05,0,9.79498e-05,4.09218e-05,4.01481e-05,4.88948e-05,8.95324e-05,4.25091e-05,5.36648e-05,2.54954e-05,0,5.76525e-05,8.90766e-05,0.000245897,0.000143598,0.000116932,6.4424e-05,5.03569e-05,0,0.000106717,5.66551e-05,0.000130279,6.25973e-05,8.54272e-05,0
"GLUDEG-I-PWY: GABA shunt",0.000162367,0,0,1.24816e-05,4.83001e-05,2.1034e-05,0,0,1.62251e-05,7.80356e-05,0,3.54891e-05,0,2.8848e-05,6.42113e-05,0,0,5.18019e-05,0,0,0,6.10953e-05,5.14069e-05,0,3.28796e-05,0,0.00015725,5.68858e-05,4.31598e-05,0,0,4.6692e-05,5.62623e-05,6.69207e-05,2.95514e-05,0.000115303,0,0,0,7.9304e-05,0,0,0,0,0,0,0,0,7.27103e-05,3.35352e-05,0,8.38438e-05,4.89265e-05,0,0,0,0,7.67456e-05,0,0,0,2.36016e-05,0,2.7431e-05,0,0,2.56326e-05,2.78775e-05,0,6.32057e-05,0,0,0,3.78416e-05,0,8.04775e-05,0,0,0
"GLUTORN-PWY: L-ornithine biosynthesis I",0.000257309,0.00010036,9.27151e-05,0.000259499,0.000308936,0.00045599,0.000192718,0.000515436,0.000267617,0.000167069,6.6727e-05,0.0002073,0.000283163,5.60762e-05,0.000213441,0.000166475,0.000404146,0.000186958,0.000299454,0.000134011,0.000146757,8.16077e-05,0.000216769,5.37352e-05,0.000169751,0.000140595,0.00025369,0.000172772,0.000255255,0.000119358,7.41237e-05,0.000242596,0.000201697,6.19574e-05,0.000150228,0.000194334,4.84387e-05,0.000412066,7.55323e-05,0.000274159,6.10215e-05,7.43542e-05,0.000141304,0.00032234,0.0001845,0.000121006,0.000310459,0.000329856,7.48999e-05,0.000122205,9.79028e-05,0.000165375,0.000156381,9.35138e-05,0.000296292,0.000128781,4.85635e-05,0.00018087,0.000137336,0.000105655,0.000422513,0.000243047,0.000206147,8.98637e-05,0.000135149,0.000238616,0.000150596,0.000284301,0.000181709,0.000409548,0.000230823,0.000174556,0.000120716,0.000300782,0.000143911,0.000365542,0.00015933,0.000152729,0.000398275
"GLYCOCAT-PWY: glycogen degradation I",0.000216767,0,5.71602e-05,0.000210152,0.000196109,0.000377059,7.6589e-05,0.000361546,0.000165762,8.4406e-05,5.16427e-05,3.63511e-05,3.82574e-05,9.49993e-05,4.91313e-05,0,6.83491e-05,6.8005e-05,0,6.5459e-05,0,7.81859e-05,0,3.75983e-05,5.30644e-05,7.25427e-05,8.57145e-05,0,9.47489e-05,5.79881e-05,0,1.17151e-05,4.45884e-05,1.77216e-05,3.86547e-05,8.44239e-05,0,0,0.000109333,0.000106616,0,3.97821e-05,2.13898e-05,0,0.000140114,4.38304e-05,0,0,0.000119887,2.84592e-05,0,7.6964e-05,0.000113576,0.000110305,0,9.59739e-05,5.25282e-05,6.60953e-05,6.25288e-05,0,0,1.61326e-05,0,0,0.000145364,0,6.27604e-05,0.000175424,0.000105632,0.000116459,0.000120486,0,0,0.000134819,0,0,0,0,5.52595e-05
"GLYCOGENSYNTH-PWY: glycogen biosynthesis I (from ADP-D-Glucose)",0.000185832,0.000228066,9.47094e-05,0.000191521,0.000379938,0.000435601,0.000438965,0.000459416,0.000284956,0.000221209,7.97693e-05,0.000181216,0.000433287,8.8026e-05,0.000230242,0.000133578,6.6459e-05,0.000155554,0.000415546,0.000108377,0.00036482,0.000156222,0.000118644,4.3744e-05,0.000268979,0.00014014,0.000301052,0.000149178,0.000310021,0.000274612,0.000126811,0.000241389,0.000301924,0.000174299,0.000291093,0.000239504,0,0.000466744,0.000245196,0.000327441,1.75718e-05,0.000106332,0.000258157,0.000313765,0.000190588,0.000170266,0.000310303,0.000388092,0.000119971,0.000147183,0,0.000186295,0.000248624,9.94092e-05,0.000277516,0.000351569,4.95334e-05,0.00024221,0.000272435,0.000108958,0.000314336,0.000513529,0.00035334,0.00038626,0.000131166,0.000510796,0.000226841,0.000279982,0.000270808,0.000358638,0.000152293,0.000191924,7.88756e-05,0.000284641,9.85379e-05,0.000480896,0.0002297,0.000331312,0.00057337
"GLYCOL-GLYOXDEG-PWY: superpathway of glycol metabolism and degradation",0,0,0,6.44768e-05,8.52083e-05,7.68922e-06,0,0,0,0,0,1.25796e-05,0,0,0,0,0,0,0,0,0,0,0,0,0,0,1.23314e-05,0,0,0,0,2.35543e-05,4.23165e-05,0,0,1.48569e-05,0,0,0,0,0,0,0,0,0,0,0,0,0,3.36243e-05,0,0,1.32942e-05,0,0,0,2.13011e-05,0,0,0,0,1.31654e-05,0,1.25979e-05,0,0,0,7.36374e-05,0,1.18586e-05,2.38229e-05,0,0,0.000102447,0,0,0,0,0
"GLYCOLYSIS-E-D: superpathway of glycolysis and the Entner-Doudoroff pathway",9.17937e-05,0,0,0.000313172,0.00032956,0.000317732,7.79991e-05,0.000322162,6.91563e-05,0,0,0.000135147,2.98932e-05,7.35861e-05,0,0,0,0,0,8.33618e-05,7.68692e-05,6.41819e-05,6.40448e-05,0.000102065,6.90015e-05,0,0.000190598,4.85813e-05,0.000131008,0,5.74121e-05,0.000168613,0.000204579,9.12685e-05,5.35881e-05,0.000174993,0,0,0,6.05982e-05,0,0,7.27865e-05,8.49224e-05,0,0,0,6.29007e-05,0.000151102,0.000158966,0,9.40846e-05,7.37419e-05,0.000119958,6.58064e-05,0,0.000114994,8.53411e-05,0,5.27899e-05,0,9.51461e-05,7.47368e-05,6.23589e-05,0,0,0.000119689,0.000294541,7.27579e-05,0.000146381,4.57855e-05,0,5.65915e-05,0.000174263,0,0,0,1.9174e-05,3.72437e-05
"GLYCOLYSIS-TCA-GLYOX-BYPASS: superpathway of glycolysis, pyruvate dehydrogenase, TCA, and glyoxylate bypass",0,0,0,8.99449e-05,1.61253e-05,9.87038e-05,0,0,0,0,0,1.80925e-05,0,0,0,0,0,0,0,0,0,0,0,0,0,0,0.000106196,0,0,0,0,2.90865e-05,0,0,0,1.92607e-05,0,0,0,0,0,0,0,0,0,0,0,0,0,0,0,0,0,0,0,0,0,0,0,0,0,0,0,0,0,0,0,1.83046e-05,0,2.07299e-05,0,0,0,0.000171944,0,0,0,0,0
"GLYCOLYSIS: glycolysis I (from glucose 6-phosphate)",0.000304687,0.000158537,8.27053e-05,0.000405931,0.000439237,0.000377095,0.00025881,0.000380496,9.91063e-05,0.000123005,0.000261556,0.000197816,0.000206371,0.000253962,8.07035e-05,0.000106701,0.000152322,0.000199936,0.000187528,0.000197362,0.000148135,0.000134495,0.000189221,0.000332884,0.000237343,0.000321,0.000270371,7.43017e-05,0.000239644,0.00011563,0.000206946,0.000234625,0.000243722,0.000152986,0.000137126,0.000219356,0.000125253,6.95244e-05,0.000205467,0.000145323,0,7.95866e-05,0.000139948,0.000224426,0.000273274,0.000137584,0.000210768,0.000157719,0.000250484,0.000267023,0.000217132,0.000240751,0.000157792,0.00023962,0.000220448,0.000145932,0.000178497,0.000147108,0.000157163,0.000178016,0,0.000152723,0.000258711,0.00017954,0.000321549,7.83387e-05,0.000199916,0.000388746,0.000256535,0.000310068,0.000116436,0.000176283,0.000138063,0.00025955,0.000357502,8.77204e-05,8.77339e-05,0.000148796,0.000221849
"GLYOXYLATE-BYPASS: glyoxylate cycle",0.000113652,0,0,0.000143586,0.000336037,0.000259805,0,0.000366261,0,0,0,9.18217e-05,1.70959e-05,0,0,0,0,0,0,0,5.93632e-05,4.05611e-05,0,0,0,0,0.000194528,0,0,0,3.43953e-05,8.96659e-05,0.00012048,2.67166e-05,0,0.000132759,0,0,2.67392e-05,0,0,0,0,0,0,2.27277e-05,0,0,2.15112e-05,8.52109e-05,0,4.46477e-05,6.62291e-05,0,0,0,0,3.05032e-05,0,0,0,4.94914e-05,0,6.26113e-05,0,0,0,0.000211046,0,8.88591e-05,3.24033e-05,0,0,0.000206178,0,0,0,0,0
"GOLPDLCAT-PWY: superpathway of glycerol degradation to 1,3-propanediol",0.000155706,0,0,0,3.97396e-05,0,0,0,0,5.07979e-05,0,0,4.45596e-05,0,0,0,0,0,0,0,2.2654e-05,0,0,0,0,0,3.10258e-05,0,0,0,0,6.55861e-06,0,0,0,3.88937e-05,0,0,0,0,0,0,0,0,0,0,0,0,0,0,0,4.83943e-05,0,0,0,0,0,5.36952e-05,0,0,0,5.68065e-05,0,0,0,0,0,3.08611e-05,0,0,0,0,0,9.08432e-05,0,0,0,0,0
"HCAMHPDEG-PWY: 3-phenylpropanoate and 3-(3-hydroxyphenyl)propanoate degradation to 2-hydroxypentadienoate",2.5754e-05,0,0,7.23196e-05,0.000228023,1.51623e-05,0,0,0,0,0,3.12693e-05,0,0,0,0,0,0,0,0,0,0,1.94218e-05,0,0,0,0.000134714,0,0,0,2.55865e-05,0,0,1.72271e-05,0,6.35522e-05,0,0,0,0,0,0,0,0,0,0,0,0,0,3.40383e-05,0,2.04438e-05,0,0,0,0,0,0,0,0,0,2.17285e-05,0,0,0,0,0,7.90664e-05,0,7.55037e-05,0,0,0,9.13944e-05,0,0,0,0,0
"HEME-BIOSYNTHESIS-II-1: heme b biosynthesis V (aerobic)",5.76037e-05,0,0,0.000127531,0.000295595,0.000264873,0,0.000336533,0,0,0,5.36651e-05,0,0,0,0,0,0,0,0,0,1.91374e-05,2.58518e-05,0,0,0,0.000148095,0,0,0,0,3.62961e-05,0.00011808,0,0,0.000118505,0,0,0,0,0,0,0,0,0,0,0,0,2.86582e-05,4.13864e-05,0,7.35627e-05,0,0,0,0,0,3.22106e-05,0,0,0,1.86418e-05,0,4.35111e-05,0,0,0,0.000224366,0,6.34783e-05,0,0,0,0.00012545,0,0,0,0,2.61873e-05
"HEME-BIOSYNTHESIS-II: heme b biosynthesis I (aerobic)",5.76037e-05,0,1.95737e-05,0.000127531,0.000295595,0.000260077,0,0.000255817,1.93437e-05,0,0,5.36651e-05,0,0,0,0,0,0,0,0,0,1.91374e-05,2.58518e-05,0,0,0,0.000148095,0,0,0,0,3.62961e-05,9.043e-05,1.62103e-05,0,0.000118505,0,0,0,0,0,0,0,2.48916e-05,0,0,0,0,2.86582e-05,0.000143178,0,7.35627e-05,0,0,0,0,0,3.22106e-05,0,0,0,0,0,4.35111e-05,0,0,0,0.000226358,0,6.34783e-05,0,0,0,0.00012545,0,0,0,0,2.61873e-05
"HEMESYN2-PWY: heme b biosynthesis II (oxygen-independent)",8.88517e-05,0,1.84354e-05,0.000117366,0.000331886,0.000309278,0,0.000464508,2.17605e-05,0,0,6.15683e-05,0,0,0,0,0,0,0,0,0,2.04483e-05,3.03323e-05,0,0,2.2213e-05,0.000153502,0,0,0,0,4.14441e-05,0.00013793,2.02586e-05,3.75808e-05,0.00012777,0,0,2.36531e-05,0,0,0,0,2.7644e-05,0,2.54794e-05,0,6.13012e-05,0,9.97012e-05,0,0.000106707,2.0937e-05,0,1.91153e-05,0,0,3.76347e-05,0,0,0,1.95456e-05,0,4.88563e-05,0,0,0,0.000256143,2.92661e-05,8.25653e-05,0,0,0,0.000149004,0,0,0,0,4.56733e-05
"HEXITOLDEGSUPER-PWY: superpathway of hexitol degradation (bacteria)",0,0,0,0.000161042,0,6.72324e-05,0,0,4.542e-05,0,0,0.000112753,0,0,0,0,0,0,0,0,0,0,0,0,0,0,0.000120164,0,0,0,0,8.719e-05,0.000143469,0,0,0.000113122,0,0,0,0,0,0,0,0,0,0,0,0,0,7.28061e-05,0,0,0,0,0,0,0,0,0,0,0,6.79253e-05,0,3.56489e-05,0,0,0,0.000180373,0,7.56319e-05,0,0,0,0.000179911,0,0,0,0,0
"HISDEG-PWY: L-histidine degradation I",0.000240278,9.79727e-05,0.000436417,0.000155575,1.63414e-05,0.000234997,0.000124694,0.000251258,0.000169931,0.000542952,0.000347114,0.000200709,0.0001049,0.000225671,0.000151131,7.173e-05,0.000534412,0.000225679,0.000261859,0.000317334,0.000214246,0.000183051,0.000255709,0.000331287,0.000367842,0.000421058,0.000154789,0.000231674,0.000262424,0.000276363,9.86132e-05,0.000220617,0.000165823,0.000178359,0.000171252,0.000126308,0,0.00026214,0.000456061,0.000129883,0,0.000232705,0.000207826,0.000165887,0.00029071,8.81721e-05,0.000155408,0.000146293,0.000332341,0.000449496,0.000568358,0.000152446,0.00016901,0.000375229,0.000109052,0.000240987,0.000592849,0.000116634,0.000185596,0.000170033,7.22955e-05,8.28718e-05,0.000258715,0.00026843,0.000222233,0.000413917,0.000150447,0,0.000302265,0.000101974,0.000217086,9.17355e-05,0.00016017,5.04784e-05,0.000473984,9.21613e-05,8.45649e-05,0.000258041,2.01679e-05
"HISTSYN-PWY: L-histidine biosynthesis",0.00025468,8.23657e-05,0.000131086,0.000293655,0.000232543,0.000314327,0.000326008,0.000284681,0.000272663,0.000154645,0.000210741,0.000192726,0.000220696,0.000215595,0.000209162,0.000373638,0.000479548,0.000230771,0.000278042,0.000320128,0.000271854,0.000145976,0.000203835,0.000267734,0.00032326,0.000360342,0.00022003,0.000240292,0.000336638,0.00012096,0.000215688,0.000223365,0.000185759,0.0001839,0.000174091,0.000192135,0.000478326,0.000332365,0.000311053,0.000254419,0.000363786,0.000167175,0.000216568,0.000345434,0.00034131,0.000307485,0.000315689,0.00023985,0.000323179,9.47451e-05,0.000321575,0.000185815,0.000214553,0.000253995,0.000251485,0.000294432,0.000369476,0.0001848,0.00023557,0.00014015,0.000346566,0.000242323,0.00021711,0.000163865,0.000355358,0.00017646,0.000173914,0.000274828,0.000207975,0.000344062,0.000355799,0.000155445,0.000186278,0.000202335,0.000435888,0.000386831,0.000189628,0.00019479,0.000546781
"HOMOSER-METSYN-PWY: L-methionine biosynthesis I",6.05064e-05,0,0,0.000177735,0.000338992,0.000334992,0,0.000452832,3.22887e-05,0,0,6.13164e-05,0,0,0,0,0,0,0,0,3.13283e-05,0,7.1512e-06,0,0,0,0.000143856,0,0,0,0,0.000106013,0.000112053,0,0,0.000127238,0,0,0,0,0,0,2.39038e-05,0,0,0,0,0,3.29056e-05,5.39562e-05,0,6.77107e-05,2.94923e-05,0,0,0,0,4.04485e-05,0,0,0,8.24597e-05,0,0,0,0,0,0.000230488,0,6.15818e-05,0,0,0,0.000177795,0,0,0,0,0
"HSERMETANA-PWY: L-methionine biosynthesis III",0.000263048,0.000151155,5.52904e-05,0.000273272,7.17065e-05,0.000149398,0.000166012,0,0.000168941,0.000153903,0,0.00018884,6.86513e-05,4.13655e-05,0.000260631,0.000234988,0,9.02256e-05,0.000117899,5.39563e-05,0.000196411,8.76794e-05,5.97457e-05,0.000173997,0.000102502,0,0.000246385,0.000196703,0.000165355,0.00011083,0.000190961,0.000253209,0.000138592,2.94184e-05,0.000114152,0.000167225,0,0.000284883,0.000231557,0.00017596,0.000143418,0.000164422,0.00011371,0.000234768,3.63895e-05,0,0.000217053,0.00015861,0.000162699,8.86282e-05,0,0.000166319,0.000113298,7.45304e-05,0.000185863,0.000208806,0.000169793,0.000109223,0.000202845,8.9537e-05,0.000162804,0.000253039,0,0.000297729,0.000114907,0.000129292,7.9859e-05,0.000247622,0,0.000215071,0.000158936,0.000117677,0.000159126,0.000218583,0.000132725,0.000105677,3.9488e-05,9.02876e-05,0.000350119
"ILEUSYN-PWY: L-isoleucine biosynthesis I (from threonine)",0.000396613,0.000257667,0.000372629,0.000506465,0.000412478,0.000462135,0.000328008,0.000552825,0.000338201,0.000331248,0.000350862,0.000371798,0.000229455,0.000266988,0.000237008,0.000600152,0.000138479,0.000325718,0.000311525,0.000407084,0.000349647,0.000318476,0.000393583,0.000373595,0.000430786,0.000339856,0.000454242,0.000396816,0.000553137,0.000286117,0.000770747,0.000281243,0.000374874,0.000222295,0.000281169,0.000322018,0.00138318,0.000216703,0.000354677,0.000435775,0.00092442,0.000195474,0.000253558,0.000318613,0.000367442,0.000877542,0.000336075,0.000313116,0.000467981,0.000269265,0.000382887,0.000317864,0.00033421,0.000385593,0.000317029,0.000330983,0.00059044,0.000232265,0.000371244,0.00025431,0.000316545,0.000444527,0.000323425,0.000356342,0.000531127,0.000229761,0.000328802,0.000470003,0.000254322,0.000479939,0.000341702,0.000355538,0.000383524,0.000459209,0.00050353,0.000324857,0.000375161,0.000265806,0.000454905
"KDO-NAGLIPASYN-PWY: superpathway of (Kdo)2-lipid A biosynthesis",3.21354e-05,0,0,2.73051e-05,9.53717e-05,7.37052e-06,0,0,0,0,0,0,0,0,0,0,0,0,0,0,0,0,0,0,0,0,4.95231e-05,0,0,0,0,3.58571e-05,4.22246e-05,0,0,4.53855e-05,0,0,0,0,0,0,0,0,0,0,0,0,0,0,0,2.60101e-05,0,0,0,0,0,0,0,0,0,0,0,0,0,0,0,1.02647e-05,0,0,0,0,0,6.7297e-05,0,0,0,0,0
"KETOGLUCONMET-PWY: ketogluconate metabolism",0,0,0,5.22264e-05,9.33109e-05,2.11745e-05,0,0,2.97602e-05,0,0,9.34448e-06,0,0,0,0,0,0,0,0,0,1.70412e-05,6.9422e-05,0,0,0,0.000140839,0,0,0,0,7.11986e-05,0.000164306,0,0,0.000155744,0,0,0,0,0,0,0,0,0,0,0,0,0,4.69523e-05,0,0,3.80113e-05,0,0,0,0,2.38614e-05,0,0,0,0,0,1.15137e-05,0,0,0,0.000259941,0,0.000101795,1.63719e-05,0,0,0.000110827,0,0,0,0,0
"LACTOSECAT-PWY: lactose and galactose degradation I",0,0,0,0,0,0,0,0,0,0,0,0,3.05583e-05,0,0,0,0,0,0,0,0,0,0,0,0,0,0,0,0,0,0,0,0,0,0,0,0,0,0,0,0,0,3.25809e-05,0.000110536,0,0,7.6224e-05,0,0,0,0,0,0,0,0,0,0,2.5546e-05,0,0,0,0.000104768,0,2.22087e-05,0,0,0,0,0,3.63876e-05,0,0,0,0,0,0,0,0,0.000957803
"LIPASYN-PWY: phospholipases",0,0,0,0,0.000639833,0.000433623,0,0.000831566,0,0,0,4.73182e-05,0,0,0,0,0,0,0,0,3.46025e-05,0,0,0,0,0,0,0,0,0,0,0,0,0,0,0,0,0,0,0,0,0,0,0,0,0,0,0,0,6.22172e-05,0,0,0,0,0,0,0,0,0,0,0,0,0,0,0,0,0,0,0,0,0,0,0,0,0,0,0,0,0
"LPSSYN-PWY: superpathway of lipopolysaccharide biosynthesis",0,0,0,0,0,0,0,0,0,0,0,0,0,0,0,0,0,0,0,0,0,0,0,0,0,0,0,0,0,0,0,0,0,0,0,0,0,0,0,0,0,0,0,0,0,0,0,0,0,0,0,0,0,0,0,0,0,0,0,0,0,0,0,0,0,0,0,0,0,0,0,0,0,7.99162e-05,0,0,0,0,0
"LYSINE-DEG1-PWY: L-lysine degradation XI (mammalian)",0,0,0,0,0,0,0,0,0,0,0,0,0,0,0,0,0,0,0,0,0,0,0,0,0,0,0,0,0,0,0,0,0,0,0,0,0,0,0,0,0,0,0,0,0,0,0,0,0,0,0,0,0,0,0,0,0,0,0,0,0,0,0,0,0,0,0,0,0,0,0,0,0,0,0,0,0,0,0
"MET-SAM-PWY: superpathway of S-adenosyl-L-methionine biosynthesis",0.000102404,0,0,0.000241252,0.00035156,0.000411039,0,0.000503739,5.0612e-05,0,0,9.91256e-05,0,0,0,0,0,0,0,0,4.97049e-05,0,1.33856e-05,0,0,0,0.000206314,0,0,0,0,0.000159923,0.000166376,0,0,0.000177595,0,0,0,0,0,0,3.89559e-05,0,0,0,0,0,5.76717e-05,9.12568e-05,0,9.78903e-05,4.38633e-05,0,0,0,0,6.70485e-05,0,0,0,0.000128338,0,0,0,0,0,0.000309881,0,0.000106776,0,0,0,0.000230574,0,0,0,0,0
"METH-ACETATE-PWY: methanogenesis from acetate",0,0,0,0,0,0,0,0,4.16472e-05,0,0,0,0,0,0,0,0,0,0,0,0,0,0,0,0,0,0,0,6.33186e-05,0,0,0,0,0,0,0,0,0,0,0,0,0,0,0,0,0,3.73483e-05,0,0,0,0,0,0,0,0,0,0,2.88009e-05,0,0,0,0,0,0,7.62594e-05,0,0,0,0,0,0,0,0,0,0,0,0,0,0
"METHANOGENESIS-PWY: methanogenesis from H2 and CO2",0,0,0,0,0,0,0,0,0,0,0,0,0,0,0,0,0,0,0,0,0,0,0,0,0,0,0,0,0,0,0,0,0,0,0,0,0,0,0,0,0,0,0,0,0,0,0,0,0,0,0,0,0,0,0,0,0,0,0,0,0,0,0,0,0,0,0,0,0,0,0,0,0,0,0,0,0,0,0
"METHGLYUT-PWY: superpathway of methylglyoxal degradation",1.13838e-05,0,0,1.06467e-05,9.18494e-05,2.37139e-05,0,0,0,0,0,6.92184e-06,0,0,0,0,0,0,0,0,0,0,0,0,0,0,4.36224e-05,0,0,0,2.87405e-05,3.4219e-05,4.84248e-05,0,0,4.16176e-05,0,0,0,0,0,0,0,0,0,0,0,0,0,0,0,2.26438e-05,0,0,0,0,0,0,0,0,0,0,0,0,0,0,0,0.000163417,0,5.11729e-06,0,0,0,6.1961e-05,0,0,0,0,0
"METSYN-PWY: superpathway of L-homoserine and L-methionine biosynthesis",9.4713e-05,0,0,0.000229477,0.000403704,0.000415876,0,0.000515953,5.25212e-05,0,0,9.40453e-05,0,0,0,0,0,0,0,0,4.99766e-05,0,1.23455e-05,0,0,0,0.000203205,0,0,0,0,0.000150732,0.000160306,0,0,0.000173393,0,0,0,0,0,0,3.9408e-05,0,0,0,0,0,5.31939e-05,8.56094e-05,0,0.000100108,4.81041e-05,0,0,0,0,6.39236e-05,0,0,0,0.000120505,0,0,0,0,0,0.000311207,0,9.89095e-05,0,0,0,0.000236351,0,0,0,0,0
"NAD-BIOSYNTHESIS-II: NAD salvage pathway III (to nicotinamide riboside)",1.29102e-05,0,0,5.80098e-05,6.8592e-05,0.000344008,0,0.000383203,1.13629e-05,0,0,7.92998e-06,0,0,0,0,0,0,0,0,0,0,2.62785e-05,0,0,0,0.000130735,0,0,0,0,5.64829e-05,6.16528e-05,0,0,5.69236e-05,0,0,0,0,0,0,0,0,0,0,0,0,0,0,0,5.97163e-05,0,0,0,0,0,5.11275e-05,0,0,0,3.45323e-05,0,0,0,0,0,3.35225e-05,0,7.19853e-06,0,0,0,9.75375e-05,0,0,0,0,0
"NADSYN-PWY: NAD de novo biosynthesis II (from tryptophan)",0,0,0,0,0,0,0,0,0,0,0,0,0,0,0,0,0,0,0,0,0,0,0,0,0,0,0,0,0,0,0,0,0,0,0,0,0,0,0,0,0,0,0,0,0,0,0,0,0,0,0,0,0,0,0,0,0,0,0,0,0,0,0,0,0,0,0,0,0,0,0,0,0,0,0,0,0,0,0
"NAGLIPASYN-PWY: lipid IVA biosynthesis (E. coli)",0.000221641,0,8.08928e-05,0.000279141,0.000297279,0.0002842,0.000123819,0.000281127,0.000119992,0,0.00015604,0.000180936,5.89336e-05,0,4.75587e-05,0,0,0.000109676,5.49032e-05,0.00017397,4.85325e-05,0.000113701,7.57177e-05,0.000145781,0.000201151,0.000285799,0.000254549,5.11459e-05,0.000107421,0,4.25343e-05,0.000194021,0.000200513,0.000138003,3.81845e-05,0.000152184,0,4.83281e-05,0.000136006,0.000114793,0,0.000121188,8.98034e-05,5.31141e-05,0.000219719,0.000121082,0,5.64825e-05,0.00013249,0.000148301,0.000221625,0.000117692,0.000100824,6.58617e-05,0,0.000105395,0.00037673,7.3524e-05,8.35305e-05,6.38409e-05,0,6.4198e-05,0.000115102,0.000194486,9.21907e-05,0,5.67762e-05,0.000217865,0.000150312,9.50958e-05,0.000116487,0,8.1693e-05,0.00015807,0.000278932,4.27658e-05,0,8.17542e-05,0
"NONMEVIPP-PWY: methylerythritol phosphate pathway I",0.000321491,0.000326019,0.000420212,0.000319953,0.000238343,0.00033681,0.000382223,0.000285028,0.000304707,0.000328492,0.000419982,0.000305202,0.000271657,0.000348703,0.000295833,0.000480049,0.000485331,0.000249018,0.000394086,0.00046725,0.000347361,0.00025976,0.00026307,0.000316425,0.000377419,0.000443038,0.00034121,0.00032894,0.000342687,0.000344697,0.00027464,0.000331888,0.000228282,0.000235354,0.000278478,0.000204527,0,0.000478874,0.000343183,0.000402391,0.000282814,0.000256142,0.000317885,0.000392897,0.000345429,0.000261776,0.000336247,0.000343132,0.000401935,0.000439062,0.000330829,0.000226322,0.00022971,0.000370485,0.0003533,0.000405801,0.000515644,0.000193998,0.000353455,0.000236506,0.000417236,0.000277782,0.000312344,0.000640577,0.000337161,0.000663191,0.000214183,0.000254726,0.000328574,0.000357565,0.000290203,0.000286664,0.000395257,0.000268383,0.000366317,0.000357009,0.000378495,0.000306821,0.00055641
"NONOXIPENT-PWY: pentose phosphate pathway (non-oxidative branch) I",0.000433521,8.94105e-05,8.59966e-05,0.000481819,0.000659403,0.000699579,7.87728e-05,0.000738081,0.000129555,0.00020912,9.35656e-05,0.00035042,0.000199643,0.000137179,0.00016609,0.000186116,4.50796e-05,0.000111683,0.000109152,0,0.000216966,0.000169716,0.000173672,0.000263253,0,0,0.000519044,0.000180233,8.97289e-05,0,0.000251273,0.000334526,0.000314555,7.17503e-05,7.0798e-05,0.000334465,0.000133842,0,0.000133868,0.000230581,0.000323618,5.31666e-05,9.60023e-05,0.000219803,0,0.000323967,0.00027251,0.000185805,0.000186376,0.000452741,0,0.000228736,0.000115433,2.32159e-05,0.00010372,0.000125717,0.000115441,0.000216528,7.48678e-05,4.29108e-05,0,0.000268583,7.40715e-05,0.000511724,0.000147523,0.000206392,7.81742e-05,0.000438758,1.80114e-05,0.000219759,0.000148024,7.93636e-05,0.000170932,0.000407291,0.000155102,0.000126378,0.000210384,0.000139527,0.000494453
"OANTIGEN-PWY: O-antigen building blocks biosynthesis (E. coli)",0.000112228,0.000122814,0.000190345,0.000119047,0,0,0.000199922,0,6.87228e-05,0,0,0.000160842,0.00018154,0.000284022,0.000191796,8.47697e-05,0,0.000114268,0.00016255,0.000247677,0.000186805,0.00014198,6.05274e-05,0.000342727,0.000169067,0.000135561,0.00018161,0.000123087,7.16742e-05,0,4.6636e-05,0.0001707,0.00020167,6.39956e-05,8.49601e-05,0.000163388,0,0,0.00020883,0.000213679,0,6.69584e-05,0.000140799,0.000177333,7.6852e-05,0.00013328,0.000155135,0.000149201,0.000135105,0.000114761,8.16686e-05,0.000137988,0,0.000202,0.000167097,0.000208604,6.66966e-05,0.000154817,0.00013979,7.6161e-05,0.000117273,0.000239289,8.86946e-05,0.00038546,9.7805e-05,0.000169536,0.000106483,0,0.000202636,0.000274694,0,0.000243184,0.000231674,0.000139379,9.67821e-05,0.000184265,0,0.000231494,0.000709696
"ORNARGDEG-PWY: superpathway of L-arginine and L-ornithine degradation",0,0,0,0,0.000113924,7.94245e-05,0,0,0,0,0,0,0,0,0,0,0,0,0,0,0,0,0,0,0,0,0,0,0,0,0,0,0,0,0,4.48905e-05,0,0,0,0,0,0,0,0,0,0,0,0,0,0,0,0,0,0,0,0,0,0,0,0,0,1.37941e-05,0,0,0,0,0,6.85025e-05,0,0,0,0,0,0,0,0,0,0,0
"ORNDEG-PWY: superpathway of ornithine degradation",9.57265e-05,0,0,0.000294406,0.000431706,0.000325512,0,0.000308121,3.63557e-05,0,0,7.18177e-05,0,0,0,0,0,0,0,0,0,2.35496e-05,0,0,0,0,0.000106691,0,0,0,4.01761e-05,0.000113571,0.000163804,2.27397e-05,0,0.000167193,0,0,0,0,0,0,0,0,0,0,0,0,5.98031e-05,0.000114975,0,2.79214e-05,2.81943e-05,0,0,0,0,2.65308e-05,0,0,0,5.75015e-05,0,3.62676e-05,0,0,0,0.000231765,0,9.76676e-05,0,0,0,0.000164591,0,0,0,0,0
"P105-PWY: TCA cycle IV (2-oxoglutarate decarboxylase)",0.000150892,0,0,8.00527e-05,0.000217495,4.8195e-05,0,0,0,0,0,6.21324e-05,4.56337e-05,0,0,0,0,0,0,0,0,0,4.09293e-05,0,0,0,6.46462e-05,0,0,0,0,5.69525e-05,8.14456e-05,0,0,5.75654e-05,0,0,4.31164e-05,0,0,0,0,0,4.65923e-05,0,0,0,1.33757e-05,0,0,0,6.13332e-05,0,0,0,0,0,0,0,0,5.22851e-05,0,6.26028e-05,0,0,0,0.000178115,0,7.58895e-05,0,0,0,0.000104733,0,0,0,0,0
"P108-PWY: pyruvate fermentation to propanoate I",0,0,0,7.2374e-06,6.22918e-05,0.000361341,0,0.00046747,0,0,0,3.95018e-05,0,0,0,0,0,0,0,0,0,0,0,0,0,0,0,0,0,0,0,3.65155e-05,0,0,0,5.62642e-05,0,0,0,0,0,0,0,0,0,0,0,0,0,2.36659e-05,0,0.000118074,0,0,0,0,0,6.21131e-05,0,0,0,0,0,0,0,0,0,0,0,0,0,0,0,5.91436e-05,0,0,0,0,0
"P122-PWY: heterolactic fermentation",3.4641e-05,0,0,0.000115458,0.000161856,0.000229675,0,6.20457e-05,0,0,0,2.24398e-05,0,0,0,0,0,0,0,0,0,0,0,0,0,0,2.51537e-05,0,0,0,0,7.50591e-05,3.33307e-05,0,0,8.42946e-05,0,0,0,0,0,0,0,0,0,0,0,0,0,2.18112e-05,0,6.48968e-05,0,0,0,0,0,5.81891e-05,0,0,0,2.01965e-05,0,0,0,0,0,8.20688e-05,0,2.73208e-05,0,0,0,6.01634e-05,0,0,0,0,0
"P124-PWY: Bifidobacterium shunt",0,0,0,0,0,0.00015536,0,0,0,0,0,0,0,0,0,0,0,0,0,0,0,0,0,0,0,0,0,0,7.44564e-05,0,0,0,0,0,0,0,0,0,0,0,0,0,0,0,0,0,0,0,0,5.68125e-05,0,0,0,0,5.67795e-05,0,0,0,0,0,0,0,0,0,6.09235e-05,0,6.19902e-05,2.56929e-05,0,0.000125726,0,0,0,0,0,0,0,0,0
"P125-PWY: superpathway of (R,R)-butanediol biosynthesis",0,0,0,0,1.01303e-05,0,0,0,0,0,0,0,0,0,0,0,0,0,0,0,0,0,0,0,0,0,0,0,0,0,0,0,0,0,0,0,0,0,0,0,0,0,0,0,0,0,0,0,0,0,0,0,0,0,0,0,0,0,0,0,0,0,0,0,0,0,0,0,0,0,0,0,0,0,0,0,0,0,0
"P161-PWY: acetylene degradation (anaerobic)",3.17873e-05,0,0,0.00016181,0.000485351,0.000450953,0,0.000384876,4.2598e-05,0,0,0.000100484,0,0,0,0,0,0,0,0,0,0,0,0,0,0,0.000147295,0,3.33006e-05,0,0,4.87813e-05,1.41402e-05,0,0,0.000105419,0,0,0,0,0,0,0,0,0,0,0,0,0,0.000215787,0,0.000121323,6.45477e-05,0,0,0,4.0962e-05,8.38766e-05,0,0,0,0.000108465,0,0,0,0,0,0.000328272,0,8.7717e-05,0,0,0,0.000278363,0,0,0,0,0
"P162-PWY: L-glutamate degradation V (via hydroxyglutarate)",0,0,0,0,0,0,0,0,0,0,0,0,0,0,0,0,0,0,0,0,0,0,0,0,0,0,0,0,0,0,0,0,0,0,0,0,0,0,0,0,0,0,0,0,0,0,0,0,0,0,0,0,0,0,0,0,0,0,0,0,0,0,0,0,0,0,0,0,0,0,0,0,0,0,0,0,0,0,0
"P163-PWY: L-lysine fermentation to acetate and butanoate",0,0,0,0,0,0,0,0,0,0,0,0,0,0,0,0,0,0,0,0,0,0,0,0,0,0,0,0,0,0,0,0,0,0,0,0,0,0,0,0,0,0,0,0,0,0,0,0,0,0,0,0,0,0,0,0,0,0,0,0,0,0,0,0,0,0,0,0,0,0,0,0,0,0,5.67481e-05,0,0,0,0
"P164-PWY: purine nucleobases degradation I (anaerobic)",0,0,3.71884e-05,0,0,0,0,0,0,0,0,0,2.25007e-05,4.75841e-05,0,0,0,0,0,0,0,0,3.22903e-05,0,0,0,0,0,0,0,0,0,0,0,0,0,0,0,0,0,0,0,0,0,0,0,0,0,0,0,0,0,0,0,0,0,0,0,0,0,0,0,0,0,0,0,2.05149e-05,0,0,0,0,0,0,5.83222e-05,0,0,0,0,0
"P185-PWY: formaldehyde assimilation III (dihydroxyacetone cycle)",0.000122903,0,0,0,6.27265e-05,0.000410557,0,0.000484412,0,3.97148e-05,0,0,0,0,0,0,0,0,0,0,5.59772e-05,0,0,0,0,0,0,0,0,0,0,0,0,0,0,0,0,0,0,0,0,0,0,0,0,0,0,0,0,0,0,6.76287e-05,0,0,0,0,0,8.95522e-05,0,0,0,0,0,0,0,0,0,0.000175273,0,0,0,0,0,0.000120559,0,0,0,0,0
"P221-PWY: octane oxidation",4.2576e-05,0,0,7.39794e-06,5.08556e-05,4.41313e-05,0,0,0,0,0,0,0,0,0,0,0,0,0,0,0,0,2.64178e-05,0,0,0,3.67378e-06,0,0,0,0,4.2528e-06,3.29372e-06,0,0,3.96081e-06,0,0,0,0,0,0,0,0,0,0,0,0,0,7.79826e-05,0,0,0,0,0,0,0,0,0,0,0,3.72315e-06,0,0,0,0,0,7.16404e-05,0,0,0,0,0,5.75429e-06,0,0,0,0,0
"P23-PWY: reductive TCA cycle I",0,0,0,0,0,0,0,0,0,0,0,0,0,0,0,0,0,0,0,0,0,0,0,0,0,0,0,0,0,0,0,0,0,0,0,0,0,0,0,0,0,0,0,0,0,0,0,0,0,2.4799e-05,0,0,0,0,0,0,0,0,0,0,0,0,0,0,0,0,0,0,0,3.0376e-05,0,0,0,0,0,0,0,0,0
"P241-PWY: coenzyme B biosynthesis",0,0,0,0,0,0,0,0,0,0,0,0,0,0,0,0,0,0,0,0,0,0,0,0,0,0,0,0,0,0,0,0,0,0,0,0,0,0,0,0,0,0,0,0,0,0,0,0,0,0,0,0,0,0,0,0,0,0,0,0,0,0,0,0,0,0,0,0,0,0,0,0,0,0,0,0,0,0,0
"P261-PWY: coenzyme M biosynthesis I",0,0,0,0,0,0,0,0,0,0,0,0,0,0,0,0,0,0,0,0,0,0,0,0,0,0,0,0,0,0,0,0,0,0,0,0,0,0,0,0,0,0,0,0,0,0,0,0,0,0,0,0,0,0,0,0,0,0,0,0,0,0,0,0,0,0,0,0,0,0,0,0,0,0,0,0,0,0,0
"P4-PWY: superpathway of L-lysine, L-threonine and L-methionine biosynthesis I",0.000129779,0,0,0.00016429,0.000289489,0.000393444,0,0.000391958,4.5158e-05,0,0,8.80702e-05,0,0,0,0,0,0,0,0,0,0,0,0,0,0,0.000173844,0,0,0,0,0.000112019,0.000126696,0,0,0.000144765,0,0,0,0,0,0,0,0,0,0,0,0,0,6.89812e-05,0,8.49568e-05,5.005e-05,0,0,0,0,7.09851e-05,0,0,0,8.49107e-05,0,0,0,0,0,0.000247257,0,0.000144854,0,0,0,0.000213592,0,0,0,0,0
"P41-PWY: pyruvate fermentation to acetate and (S)-lactate I",5.34996e-05,0,2.94611e-05,0.000111064,9.21865e-05,0.000190118,0,0.000137192,5.663e-05,4.93858e-05,0,9.6904e-05,9.2252e-05,0,0,0,0,0,0,4.09754e-05,5.17444e-05,0,0,0,0,0,0.000102305,0,6.16194e-05,0,0,0.000132457,3.99113e-05,0,3.14938e-05,0.000100619,0,4.7603e-05,8.31446e-05,0,0,0,5.02364e-05,0.00022849,2.72798e-05,0,0.000139305,3.29308e-05,4.45323e-05,0,0,0.000164575,3.37555e-05,0,0.000119013,9.11889e-05,0,0.000128326,0.000130841,0,0,0.000200289,0,0,0,0,6.80452e-05,0.000215706,0,0.000198274,2.09026e-05,0,0,0.000172053,2.92589e-05,0,0,7.83712e-05,0.000476195
"P42-PWY: incomplete reductive TCA cycle",6.88878e-05,0,0,6.21466e-05,0,0,0,0,8.89485e-05,0,0,2.76642e-05,2.41962e-05,0,0,0,0,4.10349e-05,0,0,0,0,3.47514e-05,0,2.74079e-05,5.14218e-05,0.000107888,4.28043e-05,0,0,0,3.37617e-05,5.37299e-05,0,0,4.48392e-05,0,0,0,3.3012e-05,0,0,0,0,0,0,0,0,4.76256e-05,0.000182078,0,0,0,0,0,0,0,0,0,0,0,2.52422e-05,0,0,0,0,5.19589e-05,6.76128e-05,0,3.05123e-05,7.79245e-05,0,4.72379e-05,0.000102816,0,2.08485e-05,0,5.64529e-05,0
"P441-PWY: superpathway of N-acetylneuraminate degradation",9.30876e-05,0,0,0.000244852,0.000329643,0.000394209,0,0.00040522,7.77997e-05,0,0,0.000140789,0,0,0,0,0,0,0,0,0,0,0,0,0,0,0.000241005,0,9.24841e-05,0,0,0.000169828,9.53604e-05,0,0,0.000160643,0,0,0,0,0,0,0,0,0,0,0,0,6.30525e-05,0.000129558,0,0.000169069,7.30547e-05,0,8.26886e-05,0,0,0.00011499,0,0,0,0.0001566,0,0,0,0,0,0.000272183,0,0.000180378,0,0,0,0.000217242,0,0,0,0,0
"P461-PWY: hexitol fermentation to lactate, formate, ethanol and acetate",7.75958e-05,0,0,0.00027454,0.000496763,0.000410481,0,0.000484164,4.796e-05,0,0,0.000122177,0,0,0,0,0,0,0,0,0,5.77279e-05,8.5494e-05,0,0,0,0.000237916,0,0,0,4.26672e-05,0.000144979,0.000175632,0,6.75128e-05,0.00016686,0,0,0,0,0,0,0,0,0,0,0,0,0,6.01516e-05,0,9.15503e-05,3.36314e-05,0,0,0,0,8.71553e-05,0,0,0,0.000147777,0,5.03198e-05,0,0,0,0.00031633,0,0.000117371,0,0,0,0.000250453,0,0,0,0,0
"P562-PWY: myo-inositol degradation I",0,0,0,0,0,0,0,0,0,0,0,0,0,0,0,0,0,0,0,0,0,0,0,0,0,0,0,0,0,0,0,0,0,0,0,0,0,0,0,0,0,0,0,0,0,0,0,0,0,0,0,0,0,0,0,0,0,0,0,0,0,0,0,0,0,0,0,0,0,0,0,0,0,0,0,0,0,0,0
"P621-PWY: nylon-6 oligomer degradation",0,0,0,0,0,0,0,0,0,0,0,0,1.48697e-05,0,0,0,0,0,0,0,0,0,0,0,0,0,0,0,0,0,0,0,0,0,0,0,0,0,0,0,0,0,0,0,0,0,0,0,0,0,0,0,0,0,0,0,0,0,0,0,0,0,0,0,0,0,0,0,0,0,0,0,0,0,0,0,0,0,0
"PANTO-PWY: phosphopantothenate biosynthesis I",0.000274192,0.000291634,0.000344012,0.000294978,0.00023686,0.000332921,0.000271053,0.000363575,0.000256603,0.000308323,0.000335133,0.000251375,0.000141185,0.000391487,0.000151952,0.000361887,0.000552501,0.000256017,0.000195646,0.000364218,0.000187791,0.000227243,0.000288538,0.000337908,0.000340066,0.000446847,0.000230246,0.00029308,0.00031794,0.000296937,0.000317992,0.000350591,0.00025285,0.000230967,0.000213704,0.000191457,0,0.000189207,0.000495425,0.000322898,0.000113252,0.000228751,0.00019084,0.000244066,0.000241845,0.000221687,0.000279838,0.000326748,0.000308467,0.000455714,0.000271613,0.000189794,0.000284461,0.000261622,0.000169676,0.000368759,0.000499291,0.000149219,0.000206584,0.000222596,0.000221825,0.000208164,0.000237277,0.000457538,0.000209721,0.000357746,0.00020127,0.000261364,0.000252369,0.000221311,0.000277926,0.000264789,0.000246961,0.000253365,0.000374377,0.000234532,0.000208674,0.000274354,0.000444938
"PANTOSYN-PWY: superpathway of coenzyme A biosynthesis I (bacteria)",0.000253501,0.00017728,0.000351639,0.000225369,0.000175499,0.000252724,0.000265208,0.00032237,0.000198556,0.00027045,0.000329562,0.000218052,0.000176737,0.000348419,0.000135143,0.000248531,0.000505243,0.000200894,0.000201495,0.000383546,0.000190035,0.000219764,0.000256683,0.000358151,0.000306731,0.000431821,0.000222572,0.000246676,0.000299795,0.000303927,0.000155789,0.000289064,0.000207951,0.000164758,0.000178185,0.000170468,0,0.000248102,0.000360951,0.000256359,0.000163181,0.000221898,0.000207617,0.000272909,0.000283548,5.43812e-05,0.000251652,0.000316325,0.0002966,0.000464745,0.000241422,0.00015508,0.000284621,0.00025251,0.000188955,0.00031584,0.000440206,0.000133075,0.000235191,0.000194406,0.000247885,0.000194238,0.000244911,0.000347406,0.000252376,0.000410008,0.000212405,0.000175537,0.000275234,0.000183409,0.000246897,0.000201334,0.000274749,0.000217498,0.000362698,0.000251785,0.000174947,0.000235091,0.000420115
"PENTOSE-P-PWY: pentose phosphate pathway",0.000337069,5.7085e-05,8.38114e-05,0.000385339,0.000529748,0.00042741,8.17345e-05,0.000400843,9.00417e-05,0.000225413,0.000114111,0.000252433,0.00011583,0.000101296,7.71378e-05,0,4.99766e-05,0.00010782,0,0,0.000106728,0.000155967,9.53533e-05,0.000187381,0,0,0.000321415,0.000132286,9.90823e-05,0,4.82141e-05,0.000247587,0.000258195,9.30667e-05,6.74434e-05,0.000259953,0,0,0.000192154,9.80096e-05,0,5.88448e-05,7.31699e-05,0.000166268,0,0,0.000175253,9.57921e-05,0.000217828,0.000156197,0,0.000118531,0.000107923,3.65274e-05,7.71467e-05,0.000103526,0.000159189,0.00014596,5.23694e-05,3.76214e-05,0,0.000143801,8.48442e-05,7.20386e-05,0.000168612,0,8.14098e-05,0.000385801,2.71e-05,0.000215457,0.00014771,2.37059e-05,0.000107564,0.000177772,0.000190542,7.45732e-05,0,0.000113369,2.83841e-05
"PEPTIDOGLYCANSYN-PWY: peptidoglycan biosynthesis I (meso-diaminopimelate containing)",0.000332092,0.000242057,0.000463217,0.000391287,0.000339009,0.00033637,0.000386805,0.000381978,0.000319046,0.000376129,0.000420487,0.000351477,0.000295849,0.000326202,0.000268787,0.000465545,0.000533625,0.000334445,0.000394098,0.000487921,0.000338274,0.000274888,0.000325426,0.000607219,0.000408456,0.000464482,0.000382067,0.000362957,0.000337929,0.000331225,0.000521882,0.000360827,0.000281418,0.000270244,0.000291778,0.000222296,0.000713629,0.000572026,0.000495719,0.000362894,0.000774285,0.000370759,0.000363499,0.000409622,0.000340191,0.000462404,0.000374398,0.000367378,0.000418079,0.000447055,0.000370748,0.000218524,0.000260807,0.000390995,0.000348541,0.000461487,0.000601359,0.000188557,0.000373236,0.000191519,0.000446957,0.000322658,0.000387032,0.000689047,0.000340412,0.000699814,0.000251085,0.0003451,0.000366304,0.000373544,0.000364914,0.000313057,0.000390665,0.000318962,0.000435099,0.000322767,0.000482634,0.000344038,0.000624335
"PHOSLIPSYN-PWY: superpathway of phospholipid biosynthesis I (bacteria)",0.000223202,0,7.61724e-05,0.000302201,0.000388042,0.000344822,0.000174788,0.000380031,0.000202543,6.68607e-05,0.000121912,0.000229427,9.9327e-05,0.00027979,7.76252e-05,0,0,0.000172734,0.000118994,0.000204463,7.83986e-05,7.07436e-05,0.000163014,0.00014431,0.000198608,0.000109095,0.000306333,0.000183906,0.000112971,0,0.000125138,0.00024912,0.000254964,8.24274e-05,0.000167642,0.000295383,0,0,0.000131896,0.000135645,0,0,0.000173469,0,0.000142778,8.24828e-05,0,9.73459e-05,5.95202e-05,0.000292621,0,0.000127022,0.000132188,0.000142571,7.88478e-05,0.000136658,0.000143863,9.31076e-05,0.000108942,0,0.000100299,0.000220572,0.000190016,5.95355e-05,0.000187691,0,0.000165164,0.000317645,0.000178941,0.000249274,0.000183624,9.75911e-05,0,0.000242006,0.000167143,7.39836e-05,7.9762e-05,0,5.22195e-05
"PHOTOALL-PWY: oxygenic photosynthesis",0,0,0,0,0,0,0,0,0,0,0,0,0,0,0,0,0,0,0,0,0,0,0,0,0,0,0,0,0,0,0,0,0,0,0,0,0,0,0,0,0,0,0,0,0,0,0,0,0,0,0,0,0,0,0,0,0,0,0,0,0,0,0,0,0,0,0,0,0,0,0,0,0,0,0,0,0,0,0
"POLYAMINSYN3-PWY: superpathway of polyamine biosynthesis II",0,0,0,0,0,0,0,0,0,0,0,0,0,0,0,0,0,0,0,0,0,0,0,0,0,0,0,0,0,0,0,0,0,0,0,0,0,0,0,3.59374e-05,0,0,0,0,0,0,0,0,0,3.93986e-05,0,0,2.69626e-05,0,0,0,0,0,0,0,0,0,0,0,0,0,0,0,0,0,0,0,0,0,0,0,0,0,0
"POLYAMSYN-PWY: superpathway of polyamine biosynthesis I",0.000114699,0,0,0.00015912,0.000296035,0.000336182,0,0.000414912,9.71504e-05,0,0,0.000101755,2.58208e-05,0,0,0,0,5.69154e-05,0,0,4.08982e-05,4.67994e-05,6.72388e-05,0,0,0,0.000179487,0,0,0,0,0.000105142,0.000165416,2.52216e-05,6.11551e-05,0.000139309,0,3.33815e-05,0,8.59625e-05,0,0,0,0,0,0,2.99564e-05,0,6.66689e-05,7.40271e-05,0,6.88769e-05,4.77416e-05,0,0,0,0,5.01021e-05,0,2.70974e-05,0,0.000104809,0,0,0,0,0,0.000190684,4.1583e-05,7.74968e-05,5.21479e-05,0,0,9.99473e-05,0,3.10564e-05,0,0,0
"POLYISOPRENSYN-PWY: polyisoprenoid biosynthesis (E. coli)",0.000179183,0,3.43835e-05,0.00014563,0.00026379,0.000184314,0,0.000217676,3.46397e-05,0,0,7.35094e-05,3.95716e-05,5.45307e-05,0,0,0,7.95306e-05,0,0,6.64301e-05,5.33016e-05,0,0.000117406,0,0,0.000241093,0,0,0,0,0.000182718,0.000243098,6.03791e-05,0,0.000146689,0,4.20542e-05,0.000216969,0,0,0,6.78684e-05,6.44139e-05,0,0,6.14399e-05,4.36545e-05,0.000110121,5.18786e-05,6.06315e-05,5.7991e-05,5.08298e-05,0,0,0,9.65556e-05,4.63018e-05,0,0,0,0.00013751,0,0,0,0,3.51425e-05,0.000206543,0,6.64253e-05,0.000105031,0,0,0.000159611,5.74314e-05,0.000100716,0,0,0
"PPGPPMET-PWY: ppGpp metabolism",4.10444e-05,0,0,4.87895e-05,0.000105745,0.000320541,0,0.000352536,0,0,0,1.03192e-05,2.45774e-05,0.000117492,0,0,0,2.31885e-05,0,0,0,1.19782e-05,0,0,0,0,4.32411e-05,0,0,0,0,0,4.26175e-05,0,0,4.36133e-05,0,0,0,0,0,0,0,0,0,0,0,0,0,0.000176663,0,0.000104986,0,0,0,0,0,4.036e-05,0,0,0,1.90833e-05,0,0,0,0,0,0.000194728,0,1.59638e-05,0,0,0,0.000128584,0,0,0,0,0
"PROPFERM-PWY: superpathway of L-alanine fermentation (Stickland reaction)",0,0,0,0,0,0,0,0,0,0,0,0,0,0,0,0,0,0,0,0,0,0,0,0,0,0,0,0,0,0,0,0,0,0,0,0,0,0,0,0,0,0,0,0,0,0,0,0,0,0,0,0,0,0,0,0,0,0,0,0,0,0,0,0,0,0,0,0,0,0,0,0,0,0,0,0,0,0,0
"PROTOCATECHUATE-ORTHO-CLEAVAGE-PWY: protocatechuate degradation II (ortho-cleavage pathway)",3.94493e-05,0,0,0,0,0,0,0,0,0,0,0,0,0,0,0,0,0,0,0,0,0,2.66743e-05,0,0,0,0,0,0,0,0,0,0,0,0,0,0,0,0,0,0,0,0,0,0,0,0,0,0,3.60891e-05,0,3.62404e-05,0,0,0,0,0,0,0,0,0,0,0,0,0,0,0,0,0,0,0,0,0,0,0,0,0,0,0
"PRPP-PWY: superpathway of histidine, purine, and pyrimidine biosynthesis",0,0,0,0.000186867,0.000200095,0.000318849,0,0.000311983,0,0,0,0,0,0,0,0,0,0,0,0,0,0,0,0,0,0,0.00014012,0,0,0,0,0,0.000132215,0,0,9.09119e-05,0,0,0,0,0,0,0,0,0,0,0,0,0,0,0,0.000102934,0,0,0,0,0,0,0,0,0,0,0,0,0,0,0,0.000165584,0,0,0,0,0,0.000109719,0,0,0,0,0
"PWY-101: photosynthesis light reactions",0,0,0,0,0,0,0,0,0,0,0,0,0,0,0,0,0,0,0,0,0,0,0,0,0,0,0,0,0,0,0,0,0,0,0,0,0,0,0,0,0,0,0,0,0,0,0,0,0,0,0,0,0,0,0,0,0,0,0,0,0,0,0,0,0,0,0,0,0,0,0,0,0,0,0,0,0,0,0
"PWY-1042: glycolysis IV",0.000470482,0.00029854,0.000597278,0.000423104,0.000429146,0.000444132,0.00036286,0.000516853,0.000448008,0.000416638,0.00041811,0.000360873,0.000395922,0.000256251,0.000296244,0.000577881,0.00012011,0.000599284,0.000379853,0.000539754,0.000254119,0.000314338,0.000234716,0.000486995,0.000420257,0.000490281,0.000478652,0.000439475,0.000710782,0.000457348,0.000781682,0.000433656,0.000426762,0.000384905,0.000324314,0.000336898,0.000957232,0.000372246,0.000445409,0.000458292,0.000755582,0.000338071,0.000353017,0.000454109,0.000339461,0.000741588,0.000380188,0.000523274,0.000227668,0.000361581,0.000194265,0.000416928,0.000346749,0.000527959,0.0003647,0.000303389,0.000466849,0.000397654,0.000353325,0.000275865,0.000472631,0.000455329,0.000447385,0.00021038,0.000922019,0.000564201,0.000346322,0.000411598,0.000364308,0.000433148,0.00045216,0.000521455,0.000392514,0.000445152,0.000366662,0.000352514,0.000659206,0.00045571,0.000586892
"PWY-1269: CMP-3-deoxy-D-manno-octulosonate biosynthesis",0.000159909,4.26425e-05,0.000146833,0.000255991,0.000251663,0.000280947,0.000145362,0.000344965,3.48636e-05,5.50536e-05,0.000195239,0.000146725,3.89897e-05,0.000163632,4.16609e-05,0.000207079,0.000149503,0.000118512,8.28513e-05,8.62869e-05,7.28509e-05,7.85094e-05,3.73831e-05,0.000148681,7.65811e-05,0.000136841,0.000267886,9.99011e-05,0.000109646,0.000195157,0.000205756,0.00013706,0.000169373,0.000130257,4.47868e-05,0.000178516,0.000219242,0.000117513,7.67161e-05,0.000128234,0.000221077,0,8.47928e-05,6.76793e-05,9.11514e-05,0.000254156,7.18348e-05,7.79521e-05,7.96631e-05,6.94111e-05,0,0.000109739,7.62029e-05,0.000139181,3.5682e-05,0.000113195,3.87987e-05,8.33854e-05,4.75872e-05,4.8715e-05,6.39661e-05,8.17604e-05,2.85639e-05,9.93758e-05,0.000181564,0.000240524,7.86029e-05,0.000254601,4.34382e-05,0.00011372,0.00017468,9.36546e-05,0.000151609,0.000182052,0.000237315,6.3359e-05,7.7937e-05,9.78163e-05,0
"PWY-1501: mandelate degradation I",0,0,0,0,0,0,0,0,0,0,0,0,0,0,0,0,0,0,0,0,0,0,0,0,0,0,0,0,0,0,0,0,0,0,0,0,0,0,0,0,0,0,0,0,0,0,0,0,0,0,0,0,0,0,0,0,0,0,0,0,0,0,0,0,0,0,0,0,0,0,0,0,0,0,0,0,0,0,0
"PWY-1622: formaldehyde assimilation I (serine pathway)",0,0,0,0,0,0,0,0,0,0,0,0,0,0,0,0,0,0,0,0,0,0,0,0,0,0,0,0,0,0,0,0,0,0,0,0,0,0,0,0,0,0,0,0,0,0,0,0,0,0,0,0,0,0,0,0,0,0,0,0,0,0,0,0,0,0,0,0,0,0,0,0,0,0,0,0,0,0,0
"PWY-181: photorespiration",0,0,0,0,0,0,0,0,0,0,0,0,0,0,0,0,0,0,0,0,0,0,0,0,0,0,0,0,0,0,0,0,0,0,0,0,0,0,0,0,0,0,0,0,0,0,0,0,0,0,0,0,0,0,0,0,0,0,0,0,0,0,0,0,0,0,0,0,0,0,0,0,0,0,0,0,0,0,0
"PWY-1861: formaldehyde assimilation II (assimilatory RuMP Cycle)",2.82684e-05,0,0,0,1.71722e-05,0,0,0,4.0851e-05,0,0,8.77368e-05,0,0,0,0,0,0,0,0,0,0,6.31432e-05,0,0,0,0.000174119,0,0,0,0,0.0001236,9.0891e-05,0,0,0,0,0,0,0,0,0,0,0,0,0,0,0,0,0,0,0.000109629,0,0,0,0,5.89646e-05,6.10872e-05,0,0,0,5.31781e-05,0,0,0,5.55793e-05,3.15812e-05,0,0,0,0,0,0,0.000212054,0,0,0,0,8.0257e-05
"PWY-2221: Entner-Doudoroff pathway III (semi-phosphorylative)",0,0,0,0,0,0,0,0,0,0,0,0,0,0,0,0,0,0,0,0,0,0,0,0,0,0,0,0,0,0,0,0,0,0,0,0,0,0,0,0,0,0,0,0,0,0,0,0,0,0,0,0,0,0,0,0,0,0,0,0,0,0,0,0,0,0,0,0,0,0,0,0,0,0,0,0,0,0,0
"PWY-241: C4 photosynthetic carbon assimilation cycle, NADP-ME type",0.000123225,0,0,0.000163115,0,0,0,0,5.42128e-05,0,0,0.000118997,2.86198e-05,0,0,0,0,0,7.85612e-05,0,3.41471e-05,4.58832e-05,9.60978e-05,0,0,0,0.000119718,0,5.25463e-05,0,5.22561e-05,0.000145047,0.000139274,7.63612e-05,8.41024e-05,0.000128824,0,8.9506e-05,5.9968e-05,3.32444e-05,0,0,0,4.66214e-05,0,0,0,3.83391e-05,6.18527e-05,0.000180572,0,8.74401e-05,6.00059e-05,0,0.000155466,0,3.80829e-05,6.32392e-05,0,0,0,0.000103775,0,0,5.11593e-05,0,6.83648e-05,0,0,0.000171974,8.13014e-05,0,0,0.000202296,0,0,0,3.57022e-05,2.93911e-05
"PWY-2941: L-lysine biosynthesis II",8.75741e-05,0,0,0.000238624,8.01108e-05,0,0,0,0,0.000124357,0,0.000100835,7.61646e-05,0.000318749,0,0.000102738,9.29926e-05,0,0,0,0,0,0,0,0,0,8.08394e-05,7.73092e-05,0,0,0,0.000101128,9.11193e-05,8.12512e-05,0,0.000181959,0,0,0,0,0,0,0,9.46059e-05,0,5.44959e-05,0.000109046,6.87073e-05,0.000177752,0,0,4.42936e-05,0,0,7.22681e-05,5.83179e-05,6.29272e-05,5.11573e-05,0,0,0,4.36975e-05,6.42956e-05,0,0,0,0,0.000243841,0,0,0.000119995,0,8.60152e-05,0.000107649,0,0,0,0,0.000377133
"PWY-2942: L-lysine biosynthesis III",0.000229966,0.000210906,0.000291437,0.000426638,0.000354682,0.000368328,0.000189672,0.000353099,0.000222415,0.000228592,0.000298499,0.000261541,0.000214515,0.000330278,0.000198652,0.000400181,0.000540143,0.000288551,0.000289932,0.000333595,0.000250034,0.000244983,0.000362859,0.000235108,0.000291372,0.000382771,0.000292367,0.000294327,0.000319719,0.000275814,0.000330349,0.000294962,0.000267604,0.000255528,0.000209577,0.000232822,0.000856046,0.000405604,0.000266769,0.000366851,0.000517508,0.000306692,0.000270698,0.000289136,0.000208189,0.000395398,0.000296253,0.000250583,0.000289009,0.000377227,0.000301366,0.000187841,0.000249304,0.000288677,0.000260155,0.000337345,0.000417618,0.000155473,0.000279652,0.000204054,0.000146894,0.000242546,0.000195301,0.000314964,0.000411004,0.000445064,0.000196608,0.000399799,0.000162068,0.000321944,0.000262069,0.000222007,0.000290224,0.000392149,0.000284656,0.000265065,0.000168831,0.000165738,0.000469113
"PWY-3001: superpathway of L-isoleucine biosynthesis I",0.000322641,0,0.000181119,0.00019472,0.000331477,0.000479667,0.000214825,0.000506896,0.000201446,0.00018847,0.000170456,0.000263486,8.30174e-05,0.000142986,0.000129674,0.000124759,0.000170334,0.000124592,0.000179501,0,0.000220904,0.000178164,0.000183907,0.00023649,0.000229925,0.000324788,0.000353109,0.000174053,0.0003165,0.000205127,0,0.000233403,0.000282127,7.82689e-05,0.000100696,0.000235543,0,0.000166103,0.000302627,0.000129386,0,0.000113278,0.000173865,0.000256838,0.000168293,0.000111471,0.000245286,0.000219375,0.000247687,0.000134035,0.000246569,0.000210988,0.000178135,0.000199922,0.000210849,0.000217555,0,0.000199299,0,9.57717e-05,0.00025259,0.000321105,0.000198981,0.000135401,0.000128159,0.000110447,0.000209874,0.00040405,0.00020004,0.000380733,0.000248068,0.000135779,0.000208106,0.000331788,0,0.000236293,0.000109486,0.000250219,0.000474737
"PWY-3781: aerobic respiration I (cytochrome c)",0,0,0,0,0,0,0,0,0,0,0,0,0,0,0,0,0,0,0,0,0,0,0,0,0,0,0,0,0,0,0,0,0,0,0,0,0,0,0,0,0,0,0,0,0,0,0,0,0,0,0,0,0,0,0,0,0,0,0,0,0,0,0,0,0,0,0,0,0,0,0,0,0,0,0,0,0,0,0
"PWY-3801: sucrose degradation II (sucrose synthase)",0,0,0,0,2.45089e-05,0.00027326,0,0,0,0,0,0,0,0,0,0,0,0,0,0,0,0,0,0,0,0,0,0,0,0,0,0,0,0,0,0,0,0,0,0,0,0,0,0,0,0,0,0,0,0,0,0,0,0,0,0,0,0,0,0,0,0,0,0,0,0,0,0,0,0,0,0,0,0,0,0,0,0,0
"PWY-3841: folate transformations II (plants)",0.000330999,0.000289421,0.000473606,0.000326642,0.00022978,0.00031657,0.000421838,0.000320476,0.00033477,0.000267055,0.000428578,0.000313796,0.000332604,0.000225221,0.000345831,0.000483558,0.000616989,0.000409719,0.000277117,0.000389403,0.000437121,0.000283019,0.000327426,0.00051253,0.00033735,0.000446662,0.000260088,0.000352386,0.000327583,0.000384943,0.000304519,0.000284377,0.000194653,0.000223444,0.00021122,0.000212638,0.000460127,0.000430414,0.000284094,0.00041593,0.000441302,0.000373357,0.000361493,0.000324453,0.000309629,0.000382973,0.000284905,0.000360281,0.00040038,0.000551571,0.000377561,0.000234479,0.000270269,0.000367695,0.000334068,0.000490971,0.000567823,0.000245004,0.000355083,0.000242176,0.000320053,0.000246711,0.00034283,0.000439032,0.000505169,0.000650128,0.000199754,0.000308579,0.000341962,0.000338485,0.000330388,0.00027888,0.000391446,0.000255724,0.000385875,0.000192584,0.000348407,0.000396293,0.000420065
"PWY-4041: &gamma;-glutamyl cycle",0.000182224,0,3.13968e-05,0.000207585,0.000390481,0.000420322,6.24137e-05,0.000442148,4.19204e-05,5.04756e-05,6.31066e-05,0.000148871,0,3.33252e-05,0,0,0,3.62516e-05,0,0.000125318,6.59167e-05,5.00635e-05,4.65397e-05,2.9052e-05,0,3.06495e-05,0.000268151,7.44507e-05,9.33464e-05,0,2.57782e-05,0.000159408,0.000235118,2.75951e-05,2.4514e-05,0.000209958,0,4.44103e-05,7.63642e-05,0,0,3.66091e-05,0,9.62744e-05,0,4.06319e-05,6.86631e-05,0.000106272,0,0.000192272,0.000163798,0.00012635,2.00125e-05,0,3.11398e-05,0,5.5442e-05,9.69627e-05,0,0,5.50302e-05,0.000148003,0,5.11144e-05,7.71866e-05,0,4.54849e-05,0.00036048,1.94796e-05,0.000222131,6.55665e-05,0,0,0.000203811,9.28158e-05,5.00754e-05,0,9.24735e-05,0.000166073
"PWY-4361: S-methyl-5-thio-&alpha;-D-ribose 1-phosphate degradation I",0,0,0,0,0,0,0,0,0,0,0,0,0,0,0,0,0,0,0,0,0,0,0,0,0,0,0,0,0,0,0,0,0,0,0,0,0,0,0,0,0,0,0,0,0,0,0,0,0,0,0,0,0,0,0,0,0,0,0,0,0,0,0,0,0,0,0,0,0,0,0,0,0,0,0,0,0,0,0
"PWY-4702: phytate degradation I",0,0,0,0,0,0,0,0,0,0,0,0,0,0,0,0,0,0,0,0,0,0,0,0,0,0,0,0,0,0,0,0,0,0,0,0,0,0,0,0,0,0,0,0,0,0,0,0,0,0,0,0,0,0,0,0,0,0,0,0,0,0,0,0,0,0,0,0,0,0,0,0,0,0,0,0,0,0,0
"PWY-4984: urea cycle",0.000281283,0,4.64773e-05,0.000251559,5.19701e-05,0,0.000163325,0,0.000177347,0.000177712,8.0613e-05,0.00016799,0.00020468,0.000134542,0,6.11349e-05,0.000585665,7.02002e-05,0,0.000150017,0.000263194,7.48408e-05,0.000267059,0.000146091,0.000205082,0.000253627,0.000148457,3.63818e-05,0.00035619,5.24881e-05,0,0.000201489,0.000128306,9.79744e-05,0.000111254,0,0,0.000217619,0.00010595,6.51731e-05,0,0.000134631,0.00010025,0.000243007,0.000143651,0,0.000252318,0.000112585,0.000103663,3.07106e-05,0.000116872,0.000155122,9.21529e-05,9.86894e-05,9.38588e-05,0.000123915,0,0.000143102,9.08953e-05,8.08717e-05,0,0.000114372,0.000139248,0,0.000113347,0,0.000123586,0,0.000134363,9.00045e-05,0.000281842,6.96361e-05,0.000111554,7.32153e-05,8.90787e-05,0,0,0.000104845,0
"PWY-5004: superpathway of L-citrulline metabolism",0,0,0,0,0,0,0,0,0,0,0,0,0,0,0,0,0,0,0,0,0,0,0,0,0,0,0,0,0,0,0,0,0,0,0,0,0,0,0,0,0,0,0,0,0,0,0,0,0,0,0,0,0,0,0,0,0,0,0,0,0,2.58637e-05,0,0,0,0,0,0,0,0,0,0,0,1.73323e-05,0,0,0,0,0
"PWY-5005: biotin biosynthesis II",0,0,0,0,0,0,3.8782e-05,0,0,0,0,0,0,5.31058e-05,0,0,0,0,3.74842e-05,0,0,0,0,4.32969e-05,0,0,0,0,5.40502e-05,0,0,5.57782e-05,0,0,0,0,0,0,0,4.26186e-05,0,0,0,0,3.73889e-05,8.09218e-05,6.97143e-05,0,0,0,7.04719e-05,0,0,0,0,0,0,0,0,0,0,3.36349e-05,0,0,0,0,0,0,0,0,0,0,7.0097e-05,0,7.25639e-05,0,0,5.75114e-05,0
"PWY-5022: 4-aminobutanoate degradation V",0,0,0,0,0,0,0,0,0,0,0,0,7.00726e-05,0,0,0,0,0,0,0,0,0,0,0,0,0,0,0,0,0,0,0,0,0,0,0,0,0,0,0,0,0,0,0,0,0,0,0,6.75925e-05,7.80357e-05,0,0,0,0,0,0,0,0,0,0,0,0,0,0,0,0,0,0,0,0,0,0,0,0.000103099,3.64172e-05,0,0,0,0
"PWY-5028: L-histidine degradation II",0,0,0,0,0,0,0,0,0,0,0,0,0,0,0,0,0,0,0,0,0,0,0,0,0,0,0,0,0,0,0,0,0,0,0,0,0,0,0,0,0,0,0,0,0,0,0,0,0,0,0,0,0,0,0,0,0,0,0,0,0,0,0,0,0,0,0,0,0,0,0,0,0,0,0,0,0,0,0
"PWY-5030: L-histidine degradation III",0.0002248,6.8161e-05,0.000375775,0,0,0,0.000120151,0,0.00011168,0.000446195,0.000297455,0.000147585,0.000116076,0.000259162,7.59775e-05,0,0.000518551,0.000245544,8.50852e-05,0.000286933,0.000157595,0.000161398,0.0001902,0.000256251,0.000231459,0.000344636,0.000140356,0.000189378,0.000209613,0.00017074,5.74228e-05,0.00022959,0.000171476,0.000182072,0.000131076,0.000102006,0,0.000103115,0.000386051,0.000104332,0,0.000144389,0.000160373,7.62393e-05,0.000214613,0.000100032,9.47942e-05,0.000139278,0.0002802,0.000462005,0.000498797,0.000102749,0.000150815,0.000256132,8.66082e-05,0.00013036,0.000497244,7.62365e-05,0.000121322,9.06956e-05,0,9.46832e-05,0.000182219,0,0.000194039,0.000101697,0.000138418,0,0.000289197,0.000100361,0.000183708,0.000103836,0.000157547,2.94778e-05,0.000461905,0.000109076,0,0.000167935,0
"PWY-5055: nicotinate degradation III",0,0,0,0,0,0,0,0,0,0,0,0,0,0,0,0,0,0,0,0,0,0,0,0,0,0,0,0,0,0,0,0,0,0,0,0,0,0,0,0,0,0,0,0,0,0,0,0,0,0,0,0,0,0,0,0,0,0,0,0,0,0,0,0,0,0,0,0,0,0,0,0,0,0,0,0,0,0,0
"PWY-5079: L-phenylalanine degradation III",0,0,0,0,0,0,0,0,0,0,0,0,0,0,0,0,0,0,0,0,0,0,0,0,0,0,0,0,0,0,0,0,0,0,0,0,0,0,0,0,0,0,0,0,0,0,0,0,0,0,0,0,0,0,0,0,0,0,0,0,0,0,0,0,0,0,0,0,0,0,0,0,0,0,0,0,0,0,0
"PWY-5080: very long chain fatty acid biosynthesis I",0,0,0,0,0,0,0,0,0,0,0,0,0,0,0,0,0,0,0,0,0,0,0,0,0,0,0,0,0,0,0,0,0,0,0,0,0,0,0,0,0,0,0,0,0,0,0,0,0,0,0,0,0,0,0,0,0,0,0,0,0,0,0,0,0,0,0,0,0,0,0,0,0,0,0,0,0,0,0
"PWY-5088: L-glutamate degradation VIII (to propanoate)",0,0,0,0,0,0,0,0,0,0,0,0,0,0,0,0,0,0,0,0,0,0,0,0,0,0,0,0,0,0,0,0,0,0,0,0,0,0,0,0,0,0,0,0,0,0,0,0,0,0,0,0,0,0,0,0,0,0,0,0,0,0,0,0,0,0,0,0,0,0,0,0,0,0,0,0,0,0,0
"PWY-5097: L-lysine biosynthesis VI",0.000320892,0.000208594,0.000356395,0.00042665,0.000341181,0.000378968,0.000340081,0.00036863,0.000265917,0.000244623,0.000347836,0.000278983,0.000216988,0.000342101,0.000217786,0.000432045,0.00054406,0.000277145,0.000346674,0.000351407,0.00023732,0.000243957,0.00030469,0.000209908,0.000312523,0.00044243,0.000311659,0.000259641,0.000304305,0.000282032,0.00036083,0.00030661,0.000353714,0.000237531,0.000227617,0.000226571,0.000826729,0.000435208,0.000294009,0.000345844,0.000544605,0.000298145,0.000279862,0.000353107,0.000294736,0.000404055,0.000338014,0.00038669,0.000340472,0.000257675,0.000320841,0.000206703,0.000258243,0.000295083,0.000314924,0.000369738,0.000463789,0.000184142,0.000286735,0.000190444,0.000167253,0.000274502,0.000286305,0.000298229,0.000376184,0.000471266,0.000250279,0.000398347,0.000284255,0.000330437,0.000221675,0.000235387,0.000284595,0.000373974,0.000310074,0.000392714,0.000193604,0.000327269,0.000379923
"PWY-5100: pyruvate fermentation to acetate and lactate II",7.74252e-05,0,6.10601e-05,0.000111064,0.000259476,0.000190118,0,0,9.72745e-05,4.93858e-05,0,9.6904e-05,9.2252e-05,0,6.2202e-05,0.000153015,0,2.80115e-05,0,4.09754e-05,0.000117649,0,0,0,3.19592e-05,2.53377e-05,0.000102305,4.35215e-05,6.16194e-05,0,0,0.000132457,5.04599e-05,0,3.14938e-05,0.000100619,0,4.7603e-05,8.31446e-05,3.87737e-05,0,0,5.02364e-05,0.00022849,4.48687e-05,3.67826e-05,0.000139305,3.29308e-05,7.65045e-05,0.000157107,3.10381e-05,0.000164575,3.37555e-05,0,0.000119013,9.22886e-05,7.54168e-05,0.000128326,0.000130841,0,7.29261e-05,0.000200289,0,0,0.000103292,0,6.80452e-05,0.000215706,4.84454e-05,0.000198274,5.37288e-05,8.4236e-05,0,0.000172053,0.0001804,3.02206e-05,4.97543e-05,7.83712e-05,0.000476195
"PWY-5101: L-isoleucine biosynthesis II",0,0,0,0,0,0,0,0,0,0,0,0,0,0,0,0,0,0,0,0,0,0,0,0,0,0,0,0,0,0,0,0,0,0,0,0,0,0,0,0,0,0,0,0,0,0,0,0,0,0,0,0,0,0,0,0,0,0,0,0,0,0,0,0,0,0,0,0,0,0,0,0,0,0,0,0,0,0,0
"PWY-5103: L-isoleucine biosynthesis III",0.000347948,0.00023149,0.000333126,0.000460915,0.000346042,0.000420887,0.000301924,0.000513827,0.000301239,0.000273379,0.0003229,0.000341778,0.000185012,0.000260441,0.000199584,0.000504091,9.36801e-05,0.000264333,0.000277183,0.000379648,0.000329031,0.00029302,0.000364088,0.00032936,0.000393988,0.000323041,0.000403578,0.000355795,0.000503972,0.000269205,0.000758818,0.000234499,0.000316641,0.000187806,0.000244824,0.000280576,0.00131875,0.000156888,0.000309689,0.000388937,0.000913054,0.000162167,0.000211673,0.000260687,0.000350808,0.000841689,0.000282458,0.000262168,0.000432059,0.000361367,0.000346046,0.000279653,0.000307763,0.000366481,0.000286745,0.000267711,0.000549153,0.00018391,0.000316327,0.000218046,0.000266168,0.00038652,0.000317071,0.000344011,0.000494989,0.000381228,0.000311932,0.000387514,0.000241833,0.000405436,0.000287461,0.000353756,0.000362879,0.000426532,0.00045161,0.000273086,0.000370737,0.000229428,0.00043375
"PWY-5104: L-isoleucine biosynthesis IV",0,0,3.45576e-05,0.000159458,0,0,0,0,5.37589e-05,0,0,6.29996e-05,0,0,0,0,0,0,0,0,5.81448e-05,3.605e-05,0,0,0,0,0.000177408,0,0,0,0,0.000110812,0.00010344,0,0,5.69463e-05,0,0,3.95007e-05,0,0,0,0,0,0,0,0,0,3.5947e-05,0.000115806,0,3.30832e-05,0,0,3.35946e-05,0,3.94574e-05,0,0,0,0,6.94867e-05,0,0,0,0,5.37912e-05,0,3.5268e-05,0,0,0,0,6.07994e-05,0,0,0,3.86373e-05,0
"PWY-5121: superpathway of geranylgeranyl diphosphate biosynthesis II (via MEP)",0.000238521,0,8.5433e-05,0.000130364,0.000116247,2.65204e-05,0.000222362,0,0.000109073,0.000315594,9.25198e-05,9.76809e-05,0.000138756,8.01271e-05,0,0,5.8998e-05,0.000114486,0,0.000233801,0.000115953,8.73022e-05,0,0.00016557,0,0.000305657,0.00027349,0.000158908,0.000135283,0.000110767,0,0.000263827,0.000220328,0.000170168,0,0.000143112,0,0.000145338,0.000345985,0,0,0.00012886,0.000108559,0.000151326,0.000107596,0,0.000155683,0.000158132,0.00020848,0.00013229,0.00015143,5.22145e-05,0.000103777,0.000164178,4.8427e-05,7.82548e-05,0.000371443,9.12186e-05,0.000111443,0,0,0.000236937,0.000157089,0,0.00012045,0,9.50775e-05,0.000107961,8.57594e-05,9.75097e-05,0.000188132,0,0,0.000111282,0.00018646,0.000268293,0,0.000132445,0
"PWY-5130: 2-oxobutanoate degradation I",0,0,0.000320764,0.000118109,0,0,5.40285e-05,0,6.48996e-05,0,0.000135707,4.68043e-05,0,0.000120162,5.96483e-05,0,0,6.57705e-05,0,9.74594e-05,0,0.000101189,0,0,7.93485e-05,0.000140589,0,5.32566e-05,4.85841e-05,9.92363e-05,0,0,0,0,3.02692e-05,0,0,0,0,0,0,0,4.02914e-05,3.43202e-05,0,0,0,0,5.01458e-05,0.000385315,0,0,0,7.37965e-05,0,0,4.83963e-05,0,0,0.000102394,0,0,0.000106063,0,8.60667e-05,9.56257e-05,0,0,0.000117607,0,0,0.000135802,0.000111486,0,0,4.04847e-05,0,0,0
"PWY-5136: fatty acid &beta;-oxidation II (plant peroxisome)",0.000143984,0,0,0.000246065,0.000521537,0.000595136,0,0.000708927,9.91784e-05,0,0,0.000118525,2.51867e-05,0,0,0,0,0,0,2.25383e-05,0,3.39843e-05,2.6762e-05,0,0,0,0.000230202,0,0,0,0,7.78012e-05,0.000168496,4.59556e-05,2.06606e-05,0.00013786,0,0,2.28122e-05,2.65895e-05,0,0,2.17219e-05,0,0,1.84238e-05,0,3.33568e-05,0,0.000136301,0,0.000105321,7.16628e-05,0,0,0,0,7.72534e-05,0,0,0,6.14323e-05,0,0,0,0,0,0.000475768,0,0.00011624,2.09899e-05,1.39393e-05,0,0.000258941,0.000145102,4.41303e-05,0,0,2.19115e-05
"PWY-5138: fatty acid &beta;-oxidation IV (unsaturated, even number)",6.05723e-05,0,0,8.64456e-05,0.000141298,0.000464939,0,0.000637804,0,0,0,2.52481e-05,0,0,0,0,0,0,0,0,0,2.63339e-05,0,0,0,0,0.000108064,0,0,0,0,3.39563e-05,6.85377e-05,0,0,4.41881e-05,0,0,0,0,0,0,0,0,0,0,0,0,0,8.67987e-05,0,7.16107e-05,0,0,0,0,0,5.0069e-05,0,0,0,2.52198e-05,0,9.43801e-06,0,0,0,0.000233204,0,2.97314e-05,0,0,0,0.000175818,0,0,0,0,0
"PWY-5154: L-arginine biosynthesis III (via N-acetyl-L-citrulline)",0.000283632,0.00010945,5.02985e-05,0.000240188,0.000290139,0.000431221,0.000171258,0.000452893,0.000152625,0.000196665,0.000115936,0.000221109,0.000220251,9.9987e-05,0.00013219,0.000131562,0.000541143,0.000154249,0.000138046,0.000155797,0.000175146,0.000110694,0.000262916,8.04122e-05,0.000229334,0.00019985,0.00022691,0.000191995,0.000274008,0.000199979,8.12775e-05,0.00027501,0.000239781,8.76118e-05,0.000163041,0.000223909,5.35376e-05,0.000186694,0.00010571,0.00025202,0,0.000102894,0.000167947,0.000217675,0.000237328,0.00015442,0.000173023,0.000324086,9.98256e-05,0.000124439,0.000150895,0.000177232,0.000194675,0.000126636,7.0377e-05,0.000163858,5.83492e-05,0.000120886,0.00016976,0.000110044,0.000181392,0.000264576,0.000215309,8.17565e-05,0.000148269,0.000320127,0.000179341,0.000322429,0.000169892,0.000202108,0.000265056,0.000190042,0.00015634,0.000304181,0.000185834,0.00030599,0.000174296,0.000217876,0
"PWY-5156: superpathway of fatty acid biosynthesis II (plant)",0,0,0,0,0,0,0,0,0,0,0,0,0,0,0,0,0,0,0,0,0,0,0,0,0,0,0,0,0,0,0,0,0,0,0,0,0,0,0,0,0,0,0,0,0,0,0,0,0,0,0,0,0,0,0,0,0,0,0,0,0,0,0,0,0,0,0,0,0,0,0,0,0,0,0,0,0,0,0
"PWY-5178: toluene degradation IV (aerobic) (via catechol)",0,0,0,0,0,0,0,0,0,0,0,0,0,0,0,0,0,0,0,0,0,0,0,0,0,0,0,0,0,0,0,0,0,0,0,0,0,0,0,0,0,0,0,0,0,0,0,0,0,0,0,0,0,0,0,0,0,0,0,0,0,0,0,0,0,0,0,0,0,0,0,0,0,0,0,0,0,0,0
"PWY-5180: toluene degradation I (aerobic) (via o-cresol)",0,0,0,0,0,0,0,0,0,0,0,0,0,0,0,0,0,0,0,0,0,0,0,0,0,0,0,0,0,0,0,0,0,0,0,0,0,0,0,0,0,0,0,0,0,0,0,0,0,0,0,0,0,0,0,0,0,0,0,0,0,0,0,0,0,0,0,0,0,0,0,0,0,0,0,0,0,0,0
"PWY-5188: tetrapyrrole biosynthesis I (from glutamate)",0.000114006,8.98336e-05,0,0.000117956,0.000318762,0.000299995,0,0.00031284,2.74959e-05,8.80428e-05,2.65385e-05,4.81118e-05,2.32249e-05,4.22896e-05,3.6568e-05,0,0,0,0,0,8.15592e-05,2.1713e-05,0.000139294,4.46773e-05,0,3.35711e-05,0.000189868,0,0,0,0,0.000119152,0.000136642,3.21047e-05,0,9.48326e-05,0,0,3.22689e-05,0,0,3.49398e-05,0,7.2128e-05,0,5.81773e-05,3.22707e-05,0.000106467,3.1993e-05,0.000131159,0,8.07831e-05,2.90256e-05,0,0,0,0,5.8216e-05,3.62398e-05,0,0,5.91942e-05,0,0.000320155,0,0,0,0.000259658,0,0.000114035,6.70354e-05,3.70563e-05,5.9193e-05,0.000232988,0,0,0,2.71359e-05,3.11919e-05
"PWY-5189: tetrapyrrole biosynthesis II (from glycine)",6.54616e-05,0,0,7.372e-05,0.00025674,0.000275321,0,0.000298129,1.88815e-05,0,0,0,0,0,0,0,0,0,0,0,0,1.66715e-05,0,0,0,0,0.00015968,0,0,0,0,5.8426e-05,0.000103013,1.55406e-05,0,7.93359e-05,0,0,0,0,0,0,0,0,0,0,0,0,1.63958e-05,7.05682e-05,0,6.50905e-05,2.15226e-05,0,0,0,0,5.05574e-05,0,0,0,4.9424e-05,0,0,0,0,0,0.000173101,0,4.86365e-05,0,0,0,7.61915e-05,0,0,0,0,2.46765e-05
"PWY-5198: factor 420 biosynthesis II (mycobacteria)",0,0,0,0,0,0,0,0,0,0,0,0,0,0,0,0,0,0,0,0,0,0,0,0,0,0,0,0,0,0,0,0,0,0,0,0,0,0,0,0,0,0,0,0,0,0,0,0,0,0,0,0,0,0,0,0,0,0,0,0,0,0,0,0,0,0,0,0,0,0,0,0,0,0,0,0,0,0,0
"PWY-5209: methyl-coenzyme M oxidation to CO2",0,0,0,0,0,0,0,0,0,0,0,0,0,0,0,0,0,0,0,0,0,0,0,0,0,0,0,0,0,0,0,0,0,0,0,0,0,0,0,0,0,0,0,0,0,0,0,0,0,0,0,0,0,0,0,0,0,0,0,0,0,0,0,0,0,0,0,0,0,0,0,0,0,0,0,0,0,0,0
"PWY-5265: peptidoglycan biosynthesis II (staphylococci)",0,0,0,0,0,0,0,0,0,0,0,0,0,0,0,0,0,0,0,0,0,0,0,0,0,0,0,0,0,0,0,0,0,0,0,0,0,0,0,0,0,0,0,0,0,0,0,0,0,0,0,0,0,0,0,0,0,0,0,0,0,0,0,0,0,0,0,0,0,0,0,0,0,0,0,0,0,0,0.000138828
"PWY-5306: superpathway of thiosulfate metabolism (Desulfovibrio sulfodismutans)",0,0,0,0,0,0,0,0,0,0,0,0,0,0,0,0,0,0,0,0,0,0,0,0,0,0,0,0,0,0,0,0,0,0,0,0,0,0,0,0,0,0,0,0,0,0,0,0,0,0,0,0,0,0,0,0,0,0,0,0,0,0,0,0,0,0,0,0,0,0,0,0,0,0,0,0,0,0,0
"PWY-5345: superpathway of L-methionine biosynthesis (by sulfhydrylation)",0.000205103,0,0,0.00026639,0.000171228,0.000310014,0,0,0.000107226,0,0,0.000164883,0,0,0,0,0,0,0,0,0,8.03913e-05,7.2357e-05,0,0,0,0.000211918,0,0,0,0,0.000155853,0.000121163,0,7.4718e-05,0.00020002,0,0,6.99757e-05,0,0,0,5.72278e-05,0,0,0,0,0,0.000123191,0.000100691,0,0.000104534,5.65289e-05,0,0,0,0,0.000104702,0,0,0,0.000158713,0,8.62716e-05,0,0,4.18976e-05,0.000262806,0,0.000215535,0,0,0,0.000255043,0,0,0,0,0
"PWY-5347: superpathway of L-methionine biosynthesis (transsulfuration)",0.000105202,0,0,0.000239494,0.000404031,0.000449952,0,0.000555608,5.80872e-05,0,0,0.000102769,0,0,0,0,0,0,0,0,5.5166e-05,0,1.35988e-05,0,0,0,0.000218499,0,0,0,0,0.00016561,0.000174551,0,0,0.000182777,0,0,0,0,0,0,4.33076e-05,0,0,0,0,0,5.9831e-05,8.94588e-05,0,0.000109245,5.24284e-05,0,0,0,0,7.05476e-05,0,0,0,0.000130393,0,0,0,0,0,0.000315826,0,0.000107778,0,0,0,0.00024175,0,0,0,0,0
"PWY-5367: petroselinate biosynthesis",2.25286e-05,0,0,5.24191e-05,0.000130051,2.68489e-05,0,0,0,0,0,3.88075e-05,0,0,0,0,0,0,0,0,0,0,0,0,0,0,8.5169e-05,0,0,0,1.606e-05,5.6681e-05,9.65472e-05,0,0,0.000113263,0,0,0,0,0,0,0,0,0,0,0,0,0,4.72821e-05,0,0,0,3.76506e-05,0,0,0,0,0,0,0,0.000162777,0,4.99591e-05,0,0,0,8.89486e-05,0,6.60253e-05,0,0,0,0.000134473,0,0,0,0,0
"PWY-5384: sucrose degradation IV (sucrose phosphorylase)",0.000123219,0,0,0.00010185,0.000464916,0.00046852,6.72312e-05,0.000451224,5.03755e-05,0.000159411,0,8.10774e-05,0,0.000123535,0,0,5.23554e-05,3.47789e-05,6.36106e-05,4.27376e-05,0,2.9331e-05,6.41166e-05,4.07086e-05,0,3.72809e-05,0.000143417,3.62378e-05,4.56279e-05,6.96776e-05,2.80071e-05,0.000155734,0.000121468,8.33079e-05,2.77124e-05,0.000159941,0,8.64517e-05,9.18247e-05,8.07414e-05,0,3.4323e-05,0,7.79934e-05,7.20771e-05,1.11716e-05,1.81654e-05,0.000112086,3.28883e-05,4.49282e-05,0,0.000132076,6.87276e-05,2.94095e-05,0.000134065,3.89973e-05,1.44575e-05,0.000135066,4.41989e-05,0,0,7.36656e-05,7.50232e-05,2.54747e-05,0,6.53692e-05,7.41274e-05,0.000325188,7.01025e-05,0.000281808,9.99579e-05,0,0,0.000182221,0,0,6.08589e-05,0,4.58941e-05
"PWY-5392: reductive TCA cycle II",0,0,0,0,0,0,0,0,0,0,0,0,0,0,0,0,0,0,0,0,0,0,0,0,0,0,0,0,0,0,0,0,0,0,0,0,0,0,0,0,0,0,0,0,0,0,0,0,0,0,0,0,0,0,0,0,0,0,0,0,0,0,0,0,0,0,0,0,0,0,0,0,0,0,0,0,0,0,0
"PWY-5415: catechol degradation I (meta-cleavage pathway)",0,0,0,0,0,0,0,0,0,0,0,0,0,0,0,0,0,0,0,0,0,0,0,0,0,0,0,0,0,0,0,0,0,0,0,0,0,0,0,0,0,0,0,0,0,0,0,0,0,0,0,0,0,0,0,0,0,0,0,0,0,0,0,0,0,0,0,0,0,0,0,0,0,0,0,0,0,0,0
"PWY-5417: catechol degradation III (ortho-cleavage pathway)",4.10809e-05,0,0,0,0,0.000238,0,0.00022904,0,0,0,0,0,0,0,0,0,0,0,0,0,0,0,0,0,0,0,0,0,0,0,0,0,0,0,0,0,0,0,0,0,0,0,0,0,0,0,0,0,5.40291e-05,0,3.6984e-05,0,0,0,0,0,0,0,0,0,0,0,0,0,0,0,0,0,0,0,0,0,0,0,0,0,0,0
"PWY-5419: catechol degradation to 2-hydroxypentadienoate II",0,0,0,0,0,0,0,0,0,0,0,0,0,0,0,0,0,0,0,0,0,0,0,0,0,0,0,0,0,0,0,0,0,0,0,0,0,0,0,0,0,0,0,0,0,0,0,0,0,0,0,0,0,0,0,0,0,0,0,0,0,0,0,0,0,0,0,0,0,0,0,0,0,0,0,0,0,0,0
"PWY-5420: catechol degradation II (meta-cleavage pathway)",0,0,0,0,0,0,0,0,0,0,0,0,0,0,0,0,0,0,0,0,0,0,0,0,0,0,0,0,0,0,0,0,0,0,0,0,0,0,0,0,0,0,0,0,0,0,0,0,0,0,0,0,0,0,0,0,0,0,0,0,0,0,0,0,0,0,0,0,0,0,0,0,0,0,0,0,0,0,0
"PWY-5431: aromatic compounds degradation via &beta;-ketoadipate",4.10809e-05,0,0,0,0,0.000238,0,0.00022904,0,0,0,0,0,0,0,0,0,0,0,0,0,0,0,0,0,0,0,0,0,0,0,0,0,0,0,0,0,0,0,0,0,0,0,0,0,0,0,0,0,5.40291e-05,0,3.6984e-05,0,0,0,0,0,0,0,0,0,0,0,0,0,0,0,0,0,0,0,0,0,0,0,0,0,0,0
"PWY-5464: superpathway of cytosolic glycolysis (plants), pyruvate dehydrogenase and TCA cycle",0,0,0,0,0,0,0,0,0,0,0,0,0,0,0,0,0,0,0,0,0,0,0,0,0,0,0,0,0,0,0,0,0,0,0,0,0,0,0,0,0,0,0,0,0,0,0,0,0,0,0,0,0,0,0,0,0,0,0,0,0,0,0,0,0,0,0,0,0,0,0,0,0,0,0,0,0,0,0
"PWY-5484: glycolysis II (from fructose 6-phosphate)",0.000301863,0.000157359,8.25037e-05,0.000375394,0.000394467,0.000351415,0.000256396,0.000354643,9.56405e-05,0.000122959,0.000254637,0.000194192,0.00018787,0.000255532,7.77685e-05,9.66971e-05,0.000152975,0.000197739,0.000175582,0.000197928,0.000144083,0.000128607,0.000186941,0.000307437,0.000232579,0.000323217,0.000262538,7.39561e-05,0.000237294,0.000110456,0.000156496,0.000232666,0.000234531,0.000158746,0.000131724,0.000203322,7.88115e-05,6.80799e-05,0.000201571,0.000138888,0,7.80138e-05,0.000129006,0.000214884,0.000259237,0.000126151,0.000202657,0.000141573,0.000259365,0.000222395,0.000227372,0.000234859,0.000148252,0.00023329,0.000205654,0.000142218,0.000176909,0.000136097,0.000134971,0.000174257,0,0.000148045,0.000233625,0.000174874,0.000314918,7.16056e-05,0.000190513,0.000377008,0.00023406,0.000297497,0.000116717,0.000175221,0.000139478,0.000248948,0.000389134,8.68679e-05,6.07047e-05,0.000143366,0.000156539
"PWY-5494: pyruvate fermentation to propanoate II (acrylate pathway)",0,0,0,0,0,0,0,0,0,0,0,0,0,0,0,0,0,0,0,0,0,0,0,0,0,0,0,0,0,0,0,0,0,0,0,0,0,0,0,0,0,0,0,0,0,0,0,0,0,0,0,0,0,0,0,0,0,0,0,0,0,0,0,0,0,0,0,0,0,0,0,0,0,0,0,0,0,0,0
"PWY-5497: purine nucleobases degradation II (anaerobic)",0,0,0,5.98624e-05,0.00015236,0,0,0,5.0045e-05,0,0,2.41906e-05,0,0,0,0,0,0,0,0,0,0,2.59377e-05,0,0,0,0,0,0,0,0,4.38077e-05,4.53879e-05,2.52003e-05,1.92868e-05,2.74798e-05,0,0,0,0,0,0,2.89813e-05,0,0,0,0,0,0,6.08624e-05,0,0,3.77392e-05,0,0,0,4.40204e-05,0,0,0,0,1.79594e-05,0,0,0,0,0,2.0358e-05,0,3.32335e-05,7.11725e-05,0,0,8.81754e-05,0,0,0,5.15764e-05,0
"PWY-5505: L-glutamate and L-glutamine biosynthesis",0,5.89139e-05,0,0,3.71167e-05,0,0,0,0,4.27041e-05,0,5.56588e-05,0.000143967,0,0,0,0,7.08054e-05,0,0,4.16542e-05,0,0,0,5.87888e-05,0,8.5156e-05,4.56672e-05,3.93165e-05,0,5.30134e-05,3.88199e-05,0.000101064,0,4.32768e-05,0.000116327,0,5.01691e-05,3.88218e-05,0,0,0,0,4.06403e-05,0,0,5.98057e-05,5.57631e-05,0,3.96846e-05,0,8.2945e-05,4.15073e-05,0,4.94078e-05,0,0,7.15657e-05,0,0,0,6.56638e-05,0,0,6.64958e-05,0,5.65037e-05,0,0,7.88536e-05,0,8.58784e-05,0,4.70932e-05,0,0.000114161,0,0,0
"PWY-5514: UDP-N-acetyl-D-galactosamine biosynthesis II",0,0,0,0,0,0,0,0,0,0,0,0,0,0,0,0,0,0,0,0,0,0,0,0,0,0,0,0,0,0,0,0,0,0,0,0,0,0,0,0,0,0,0,0,0,0,0,0,0,0,0,0,0,0,0,0,0,0,0,0,0,0,0,0,0,0,0,0,0,0,0,0,0,0,0,0,0,0,0
"PWY-5531: 3,8-divinyl-chlorophyllide a biosynthesis II (anaerobic)",0,0,0,0,0,0,0,0,0,0,0,0,0,0,0,0,0,0,0,0,0,0,0,0,0,0,0,0,0,0,0,0,0,0,0,0,0,0,0,0,0,0,0,0,0,0,0,0,0,0,0,0,0,0,0,0,0,0,0,0,0,0,0,0,0,0,0,0,0,0,0,0,0,0,0,0,0,0,0
"PWY-561: superpathway of glyoxylate cycle and fatty acid degradation",0.000134318,0,0,0.000125543,0.000348045,7.15883e-05,0,0,0,0,0,8.30967e-05,0,0,0,0,0,0,0,0,0,4.03147e-05,0,0,0,0,9.91116e-05,0,0,0,0,0.000102086,0.000111258,3.89169e-05,0,0.000144133,0,0,0,0,0,0,0,0,0,0,0,0,0,0,0,0,5.65709e-05,0,0,0,0,0,0,0,0,5.47446e-05,0,0,0,0,0,0.000227555,0,9.39172e-05,0,0,0,0.000176056,0,0,0,0,0
"PWY-5647: 2-nitrobenzoate degradation I",0,0,0,0,0,0,0,0,0,0,0,0,0,0,0,0,0,0,0,0,0,0,0,0,0,0,0,0,0,0,0,0,0,0,0,0,0,0,0,0,0,0,0,0,0,0,0,0,0,0,0,0,0,0,0,0,0,0,0,0,0,0,0,0,0,0,0,0,0,0,0,0,0,0,0,0,0,0,0
"PWY-5651: L-tryptophan degradation to 2-amino-3-carboxymuconate semialdehyde",0,0,0,0,0,0,0,0,0,0,0,0,0,0,0,0,0,0,0,0,0,0,0,0,0,0,0,0,0,0,0,0,0,0,0,0,0,0,0,0,0,0,0,0,0,0,0,0,0,0,0,0,0,0,0,0,0,0,0,0,0,0,0,0,0,0,0,0,0,0,0,0,0,0,0,0,0,0,0
"PWY-5654: 2-amino-3-carboxymuconate semialdehyde degradation to 2-hydroxypentadienoate",0,0,0,0,0,0,0,0,0,0,0,0,0,0,0,0,0,0,0,0,0,0,0,0,0,0,0,0,0,0,0,0,0,0,0,0,0,0,0,0,0,0,0,0,0,0,0,0,0,0,0,0,0,0,0,0,0,0,0,0,0,0,0,0,0,0,0,0,0,0,0,0,0,0,0,0,0,0,0
"PWY-5656: mannosylglycerate biosynthesis I",0,0,0,0.00012795,2.19315e-05,0,0,0,1.60448e-05,0,0,2.43054e-05,0,0,0,0,0,0,0,0,0,0,0,0,0,0,0.000140476,0,0,0,3.87891e-05,4.02042e-05,5.42641e-05,0,0,4.32592e-05,0,0,0,0,0,0,1.88339e-05,0,0,0,0,0,0,0,0,0,0,0,0,0,0,0,0,0,0,3.04666e-05,0,2.88976e-05,0,0,0,0.000132476,0,4.71795e-05,0,0,0,4.0152e-05,0,0,0,0,0
"PWY-5659: GDP-mannose biosynthesis",0.000179203,0,4.48719e-05,0.000277182,6.36976e-05,0.000226917,0.000123247,0.00026406,0.000162801,7.14851e-05,5.24726e-05,0.000115049,9.98604e-05,0.000186814,9.90056e-05,0,0.000117119,0.000104111,3.43382e-05,0.00012218,0.000123269,4.91062e-05,3.30975e-05,8.78651e-05,0.000150734,0.000151857,0.000204492,6.78216e-05,0.000120334,0,0,0.000218868,0.000220218,5.2447e-05,7.95356e-05,0.000129613,0,0.000130685,0.000217955,0.000150982,0,4.62842e-05,7.14842e-05,4.34742e-05,5.99198e-05,4.38532e-05,7.57329e-05,0.00015096,0.00015543,0.000364278,0.000162123,7.17178e-05,9.77398e-05,6.5546e-05,0,4.09029e-05,8.87484e-05,7.39124e-05,3.68834e-05,0,0,0.000215267,7.68113e-05,7.60055e-05,6.29573e-05,0,2.72373e-05,0.00019095,6.97068e-05,0.000136663,8.28213e-05,3.93695e-05,4.87814e-05,0.000139452,0.000116982,0.000147298,0,9.48114e-05,2.80758e-05
"PWY-5667: CDP-diacylglycerol biosynthesis I",0.000278825,0.000206729,0.000189804,0.00037009,0.000415342,0.000331681,0.000318945,0.000410355,0.000280117,0.000234138,0.000250168,0.000274903,0.000228613,0.00030884,0.000245727,0.000143805,0.000463321,0.000213972,0.000296477,0.000314202,0.00023737,0.000218972,0.000252406,0.000301547,0.000408664,0.000304079,0.000349809,0.000240857,0.000216632,0.00030687,0.000116303,0.000297321,0.00029046,0.000234141,0.000289348,0.000310886,0,0.000297813,0.00028729,0.000431432,7.67423e-05,0.000162018,0.000304271,0.00024153,0.000384999,0.000105381,0.00025423,0.000289102,0.000227894,0.000422708,0.000263918,0.0001676,0.00022765,0.000267415,0.000111984,0.000297922,0.000424828,0.000112811,0.000175868,7.28932e-05,0.000307605,0.000214735,0.000285713,0.000140826,0.000228247,0.000272473,0.000223578,0.000380252,0.000221305,0.000306731,0.000261867,0.000173898,0.000215369,0.000303293,0.000282653,0.000301378,0.00012115,0.000249821,7.33674e-05
"PWY-5675: nitrate reduction V (assimilatory)",5.40183e-05,0,0,0.000187784,0.000373259,0.000363931,0,0.00034144,0,0,0,7.10009e-05,0,0,0,0,0,0,0,0,0,3.91929e-05,0,0,0,0,0.000138625,0,0,0,0,9.93449e-05,8.64595e-05,0,0,0.000140924,0,0,3.38627e-05,0,0,0,0,0,0,0,0,0,0,2.86743e-05,0,0,4.05306e-05,0,0,0,0,0,0,0,0,6.97744e-05,0,3.77043e-05,0,0,0,0.000171955,0,0.000121929,0,0,0,6.22513e-05,0,0,0,0,0
"PWY-5676: acetyl-CoA fermentation to butanoate II",0,0,0,0,0,0,0,0,5.89326e-05,0,0,0.000101759,0.000152518,0,0,0,0,0,0,0,0,0,0,0,0,0,0,0,2.29875e-05,0,0,0.000111548,7.04351e-05,0,0,0,0,0,0,0,0,0,2.41346e-05,0,0,2.97406e-05,0,0,6.25825e-05,6.42771e-05,0,5.16233e-05,7.19717e-05,0,0,0,0,4.94383e-05,0,0,0,6.92787e-05,0,0,0,0,0,0,0,4.06767e-05,3.54618e-05,5.36363e-05,0,0,7.79838e-05,0,0,3.45774e-05,3.46906e-05
"PWY-5677: succinate fermentation to butanoate",0,0,0,0,0,0,0,0,0,0,0,0,3.3281e-05,0,0,0,0,0,0,0,0,0,0,0,0,0,0,0,0,0,0,0,0,0,0,0,0,0,0,0,0,0,0,0,0,0,0,0,0,0,0,0,0,0,0,0,0,0,0,0,0,0,0,0,0,0,0,0,0,0,0,0,0,2.0434e-05,0,0,0,0,0
"PWY-5686: UMP biosynthesis I",0.000354301,0.000369219,0.000463487,0.000317448,0.000278323,0.000409996,0.000458062,0.000340544,0.000319371,0.000357849,0.000379681,0.000262923,0.000359394,0.000382511,0.000371283,0.000605686,0.000634174,0.000395351,0.00047283,0.000528142,0.000301018,0.000353099,0.000395921,0.000286082,0.000450374,0.000446272,0.000273322,0.000378592,0.000450021,0.000371632,0.000423308,0.000221651,0.000234299,0.000259805,0.000294074,0.000227588,0.000706334,0.000481499,0.000309263,0.000513491,0.000717576,0.000386467,0.000451294,0.0005113,0.000445618,0.000507201,0.000428567,0.00038522,0.000335418,0.000531609,0.000376617,0.00023611,0.000287453,0.00043659,0.000432058,0.000339747,0.000527934,0.00023576,0.000283416,0.000260436,0.000413767,0.000272552,0.000374859,0.000403218,0.000503373,0.000635075,0.000333385,0.000312272,0.000382451,0.000354692,0.000323522,0.000375778,0.000419913,0.000341445,0.000407616,0.000510031,0.000486315,0.00040151,0.000764593
"PWY-5690: TCA cycle II (plants and fungi)",0,0,0,0,0,0,0,0,0,0,0,0,0,0,0,0,0,0,0,0,0,0,0,0,0,0,0,0,0,0,0,0,0,0,0,0,0,0,0,0,0,0,0,0,0,0,0,0,0,0,0,0,0,0,0,0,0,0,0,0,0,2.85657e-05,0,0,0,0,0,0,0,5.29125e-05,0,0,0,0,0,0,0,0,0
"PWY-5692: allantoin degradation to glyoxylate II",0,0,0,0,1.0262e-05,5.47825e-06,0,0,0,0,0,5.58105e-06,0,0,0,0,0,0,0,0,0,0,0,0,0,0,6.41023e-06,0,0,0,0,6.99979e-06,5.22854e-06,0,0,4.28858e-06,0,0,0,0,0,0,0,0,0,0,0,0,0,0,0,0,0,0,0,0,0,0,0,0,0,0,0,0,0,0,0,5.74835e-06,0,9.55289e-06,0,0,0,7.9257e-06,0,0,0,0,0
"PWY-5695: inosine 5'-phosphate degradation",0.000401036,0.00015365,0.000457844,0.000473981,0.00061471,0.000380658,0.000254491,0.000365268,0.000208626,0.000328126,0.000392715,0.000382078,0.00025248,0.000350688,0.000188988,0.000350417,0.00054188,0.000277346,0.000233445,0.000416342,0.000287469,0.000314012,0.000371414,0.000309365,0.000472797,0.000439834,0.000515161,0.00024486,0.000298836,0.000383425,0.000395608,0.000401933,0.000369806,0.00029962,0.000276717,0.000394065,0.000599058,0.000329889,0.000498744,0.000375325,0.000528616,0.000261616,0.000292843,0.000317797,0.000318636,0.000426523,0.000380037,0.000304507,0.000378952,0.000484602,0.000356772,0.000252356,0.000283817,0.000376208,0.000200593,0.000419301,0.000502374,0.000238765,0.000262362,0.000259948,0.000215602,0.000330288,0.000316811,0.000179806,0.000397392,0.000447878,0.000271127,0.000483242,0.000317247,0.000411023,0.000382181,0.000253186,0.000358004,0.000354553,0.000375465,0.000302826,0.000390276,0.00037166,0.000313683
"PWY-5705: allantoin degradation to glyoxylate III",0,0,0,0,7.20052e-05,1.06542e-05,0,0,0,0,0,1.26924e-05,0,0,0,0,0,0,0,0,0,0,0,0,0,0,5.70153e-05,0,0,0,0,4.26571e-05,4.9581e-05,0,0,4.88624e-05,0,0,0,0,0,0,0,0,0,0,0,0,0,0,0,1.58062e-05,0,0,0,0,0,0,0,0,0,0,0,0,0,0,0,3.22057e-05,0,9.55289e-06,0,0,0,2.3948e-05,0,0,0,0,0
"PWY-5723: Rubisco shunt",8.58668e-05,0,0,0.000271145,0.000363136,0.000484176,0,0.000528509,3.8414e-05,0,0,0.00021369,0,0.000135028,0,0,0,0,0,0,5.63649e-05,0,0.000171434,0,0,0,0.000242831,0,0,0,6.1328e-05,0.000126477,0.000188564,4.65456e-05,0,0.00027414,0,0,6.76194e-05,0,0,0,5.83236e-05,0,0,0,0,0,0,6.60695e-05,0,8.80248e-05,4.20344e-05,0,0,0,9.04795e-05,0.000137948,0,0,0,5.17076e-05,0,7.84206e-05,0,0,0,0.000220834,0,7.85809e-05,0,0,0,0.000282,0,0,0,0,0
"PWY-5724: superpathway of atrazine degradation",0,0,0,0,0,0,0,0,0,0,0,0,0,0,0,0,0,0,0,0,0,0,0,0,0,0,0,0,0,0,0,0,0,0,0,0,0,0,0,0,0,0,0,0,0,0,0,0,0,0,0,0,0,0,0,0,0,0,0,0,0,0,0,0,0,0,0,0,0,0,0,0,0,0,0,0,0,0,0
"PWY-5742: L-arginine degradation IX (arginine:pyruvate transaminase pathway)",0,0,0,0,0,0,0,0,0,0,0,0,0,0,0,0,0,0,0,0,0,0,0,0,0,0,0,0,0,0,0,0,0,0,0,0,0,0,0,0,0,0,0,0,0,0,0,0,0,1.08514e-05,0,0,0,0,0,0,0,0,0,0,0,0,0,0,0,0,0,0,0,0,0,0,0,0,0,0,0,0,0
"PWY-5747: 2-methylcitrate cycle II",0,0,0,1.25595e-05,0.000109924,2.97456e-05,0,0,0,0,0,4.72167e-06,0,0,0,0,0,0,0,0,0,0,0,0,0,0,4.58764e-05,0,0,0,0,0,1.30087e-05,0,0,8.27687e-06,0,0,0,0,0,0,0,0,0,0,0,0,0,2.57872e-05,0,0,0,0,0,0,0,0,0,0,0,0,0,0,0,0,0,7.81572e-05,0,2.64809e-05,0,0,0,9.68224e-05,0,0,0,0,0
"PWY-5837: 2-carboxy-1,4-naphthoquinol biosynthesis",7.01514e-05,0,0,0.000101277,0.000173232,0.000227879,0,0.000229413,0,0,0,0,0,0,0,0,0,0,0,0,0,0,0,0,0,0,7.82391e-05,0,0,0,0,7.74194e-05,8.47203e-05,0,0,5.78787e-05,0,0,0,0,0,0,0,0,0,0,0,0,0,2.11852e-05,0,3.02982e-05,0,0,0,0,0,3.46899e-05,0,0,0,5.10093e-05,0,4.50837e-05,0,0,0,0.000160482,0,4.81546e-05,0,0,0,0.000124037,0,0,0,0,0
"PWY-5838: superpathway of menaquinol-8 biosynthesis I",0.000157865,0,0,0.000202619,0.00026389,0.000294032,0,0.000316045,0,0,0,0,0,0,0,0,0,0,0,0,0,0,0,0,0,0,0.00015546,0,0,0,0,0.000139793,0.000145986,0,0,0.00011514,0,0,0,0,0,0,0,0,0,0,0,0,0,5.75525e-05,0,6.30289e-05,0,0,0,0,0,6.95122e-05,0,0,0,9.41159e-05,0,0.000103641,0,0,0,0.000230449,0,0.000104831,0,0,0,0.000211003,0,0,0,0,0
"PWY-5840: superpathway of menaquinol-7 biosynthesis",0.000100227,0,0,0.000125218,0.000242923,0.000289029,0,0.00029524,0,0,0,0,0,0,0,0,0,0,0,0,0,0,0,0,0,0,0.000133032,0,0,0,0,0,0.000109233,0,0,6.38449e-05,0,0,0,0,0,0,0,0,0,0,0,0,0,6.47357e-05,0,0,0,0,0,0,0,5.74572e-05,0,0,0,7.61199e-05,0,9.40248e-05,0,0,0,0.000212659,0,3.75965e-05,0,0,0,0.000187045,0,0,0,0,0
"PWY-5845: superpathway of menaquinol-9 biosynthesis",0.000100227,0,0,0.000125218,0.000242923,0.000289029,0,0.00029524,0,0,0,0,0,0,0,0,0,0,0,0,0,0,0,0,0,0,0.000133032,0,0,0,0,9.29234e-05,0.000109233,0,0,8.28022e-05,0,0,0,0,0,0,0,0,0,0,0,0,0,5.41703e-05,0,0,0,0,0,0,0,5.74572e-05,0,0,0,7.61199e-05,0,9.40248e-05,0,0,0,0.000212659,0,3.75965e-05,0,0,0,0.000187045,0,0,0,0,0
"PWY-5850: superpathway of menaquinol-6 biosynthesis",0.000100227,0,0,0.000125218,0.000242923,0.000289029,0,0.00029524,0,0,0,0,0,0,0,0,0,0,0,0,0,0,0,0,0,0,0.000133032,0,0,0,0,0,0.000109233,0,0,6.38449e-05,0,0,0,0,0,0,0,0,0,0,0,0,0,0,0,0,0,0,0,0,0,5.74572e-05,0,0,0,7.61199e-05,0,9.40248e-05,0,0,0,0.000212659,0,3.75965e-05,0,0,0,0.000187045,0,0,0,0,0
"PWY-5855: ubiquinol-7 biosynthesis (early decarboxylation)",1.31697e-05,0,0,1.79964e-05,7.75378e-05,0.000291536,0,0.000315353,0,0,0,0,0,0,0,0,0,0,0,0,0,0,0,0,0,0,7.16738e-05,0,0,0,0,1.30796e-05,4.38866e-05,0,0,1.29261e-05,0,0,0,0,0,0,0,0,0,0,0,0,0,3.82251e-05,0,3.87259e-05,0,0,0,0,0,0,0,0,0,2.04931e-05,0,1.26437e-05,0,0,0,0.00015545,0,1.60947e-05,0,0,0,9.51216e-05,0,0,0,0,0
"PWY-5860: superpathway of demethylmenaquinol-6 biosynthesis I",7.38197e-05,0,0,9.42787e-05,0.000218328,0.000277668,0,0.000254746,0,0,0,0,0,0,0,0,0,0,0,0,0,0,0,0,0,0,0.000108928,0,0,0,0,0,8.51436e-05,0,0,4.72081e-05,0,0,0,0,0,0,0,0,0,0,0,0,0,0,0,0,0,0,0,0,0,4.31595e-05,0,0,0,6.27385e-05,0,6.55344e-05,0,0,0,0.000192284,0,2.64533e-05,0,0,0,0.000145819,0,0,0,0,0
"PWY-5861: superpathway of demethylmenaquinol-8 biosynthesis I",0.000123726,0,0,0.000165815,0.000244518,0.000284647,0,0.000278471,0,0,0,0,0,0,0,0,0,0,0,0,0,0,0,0,0,0,0.000132386,0,0,0,0,0.000123473,0.000120661,0,0,9.33185e-05,0,0,0,0,0,0,0,0,0,0,0,0,0,3.97123e-05,0,5.69656e-05,0,0,0,0,0,5.36412e-05,0,0,0,8.21611e-05,0,7.25743e-05,0,0,0,0.00021477,0,8.18732e-05,0,0,0,0.000168145,0,0,0,0,0
"PWY-5862: superpathway of demethylmenaquinol-9 biosynthesis",7.38197e-05,0,0,9.42787e-05,0.000218328,0.000277668,0,0.000254746,0,0,0,0,0,0,0,0,0,0,0,0,0,0,0,0,0,0,0.000108928,0,0,0,0,7.40133e-05,8.51436e-05,0,0,6.32759e-05,0,0,0,0,0,0,0,0,0,0,0,0,0,3.73017e-05,0,0,0,0,0,0,0,4.31595e-05,0,0,0,6.27385e-05,0,6.55344e-05,0,0,0,0.000192284,0,2.64533e-05,0,0,0,0.000145819,0,0,0,0,0
"PWY-5870: ubiquinol-8 biosynthesis (late decarboxylation)",0,0,0,0,0,0,0,0,0,0,0,0,0,0,0,0,0,0,0,0,0,0,0,0,0,0,0,0,0,0,0,0,0,0,0,0,0,0,0,0,0,0,0,0,0,0,0,0,0,0,0,0,0,0,0,0,0,0,0,0,0,0,0,0,0,0,0,0,0,0,0,0,0,0,0,0,0,0,0
"PWY-5873: ubiquinol-7 biosynthesis (late decarboxylation)",0,0,0,0,0,0,0,0,0,0,0,0,0,0,0,0,0,0,0,0,0,0,0,0,0,0,0,0,0,0,0,0,0,0,0,0,0,0,0,0,0,0,0,0,0,0,0,0,0,0,0,0,0,0,0,0,0,0,0,0,0,0,0,0,0,0,0,0,0,0,0,0,0,0,0,0,0,0,0
"PWY-5896: superpathway of menaquinol-10 biosynthesis",0.000100227,0,0,0.000125218,0.000242923,0.000289029,0,0.00029524,0,0,0,0,0,0,0,0,0,0,0,0,0,0,0,0,0,0,0.000133032,0,0,0,0,0,0.000109233,0,0,6.38449e-05,0,0,0,0,0,0,0,0,0,0,0,0,0,0,0,0,0,0,0,0,0,5.74572e-05,0,0,0,7.61199e-05,0,9.40248e-05,0,0,0,0.000212659,0,3.75965e-05,0,0,0,0.000187045,0,0,0,0,0
"PWY-5897: superpathway of menaquinol-11 biosynthesis",0.000149667,0,0,0.000191169,0.000255595,0.000293851,0,0.000309646,0,0,0,0,0,0,0,0,0,0,0,0,0,0,0,0,0,0,0.000146812,0,0,0,0,0.000132986,0.000138684,0,0,0.000109468,0,0,0,0,0,0,0,0,0,0,0,0,0,5.83611e-05,0,6.00401e-05,0,0,0,0,0,6.67722e-05,0,0,0,8.897e-05,0,0.000108266,0,0,0,0.000229583,0,0.000103318,0,0,0,0.000209478,0,0,0,0,0
"PWY-5898: superpathway of menaquinol-12 biosynthesis",0.000149667,0,0,0.000191169,0.000255595,0.000293851,0,0.000309646,0,0,0,0,0,0,0,0,0,0,0,0,0,0,0,0,0,0,0.000146812,0,0,0,0,0.000132986,0.000138684,0,0,0.000109468,0,0,0,0,0,0,0,0,0,0,0,0,0,5.83611e-05,0,6.00401e-05,0,0,0,0,0,6.67722e-05,0,0,0,8.897e-05,0,0.000108266,0,0,0,0.000229583,0,0.000103318,0,0,0,0.000209478,0,0,0,0,0
"PWY-5899: superpathway of menaquinol-13 biosynthesis",0.000149667,0,0,0.000191169,0.000255595,0.000293851,0,0.000309646,0,0,0,0,0,0,0,0,0,0,0,0,0,0,0,0,0,0,0.000146812,0,0,0,0,0.000132986,0.000138684,0,0,0.000109468,0,0,0,0,0,0,0,0,0,0,0,0,0,5.83611e-05,0,6.00401e-05,0,0,0,0,0,6.67722e-05,0,0,0,8.897e-05,0,0.000108266,0,0,0,0.000229583,0,0.000103318,0,0,0,0.000209478,0,0,0,0,0
"PWY-5910: superpathway of geranylgeranyldiphosphate biosynthesis I (via mevalonate)",0,0,0,0,0,0,0,0,0,0,0,0,0,0,0,0,0,0,0,0,0,0,0,0,0,0,0,0,0,0,0,0,0,0,0,0,0,0,0,0,0,0,0,0,0,0,0,0,0,0,0,0,0,0,0,0,0,0,0,0,0,0,0,0,0,0,0,0,0,0,0,0,0,0,0,0,0,0,0
"PWY-5913: partial TCA cycle (obligate autotrophs)",0.000143676,0,0,0.000195061,0.000401567,0.000518613,0,0.000442817,3.82466e-05,0,0,9.95277e-05,6.10512e-05,0,0,0,0,0,6.856e-05,0,2.84879e-05,3.55535e-05,0.000105032,0,0,0,0.000274381,0,3.78874e-05,0,5.223e-05,0.000150498,0.000168936,4.65824e-05,7.34233e-05,0.000147465,0,7.47542e-05,3.65029e-05,0,0,0,0,0,0,2.33014e-05,0,3.1977e-05,3.3114e-05,0.000166835,0,6.31482e-05,4.88744e-05,0,5.89075e-05,0,0,7.09386e-05,0,0,0,9.49614e-05,0,0.00010539,0,0,5.22813e-05,0.000354466,0,0.000161383,6.49489e-05,0,0,0.000228682,0,0,5.51723e-05,2.57201e-05,8.3188e-05
"PWY-5918: superpathway of heme b biosynthesis from glutamate",7.64013e-05,0,0,0.000107714,0.000307426,0.000262579,0,0.000286195,2.32646e-05,0,0,0,0,0,0,0,0,0,0,0,0,2.05647e-05,0,0,0,0,0.00016656,0,0,0,0,5.80886e-05,0.00011048,2.06663e-05,0,9.94089e-05,0,0,0,0,0,0,0,0,0,0,0,0,2.35595e-05,0.000106004,0,6.74855e-05,0,0,0,0,0,4.16962e-05,0,0,0,0,0,0,0,0,0,0.00021519,0,6.78048e-05,0,0,0,0.000113427,0,0,0,0,2.89768e-05
"PWY-5920: superpathway of heme b biosynthesis from glycine",5.36295e-05,0,0,4.48777e-05,0.000262496,0,0,0,0,0,0,0,0,0,0,0,0,0,0,0,0,0,0,0,0,0,7.70692e-05,0,0,0,0,0,7.87477e-05,0,0,9.11745e-05,0,0,0,0,0,0,0,0,0,0,0,0,0,5.99786e-05,0,0,0,0,0,0,0,0,0,0,0,0,0,0,0,0,0,0.000168431,0,3.63831e-05,0,0,0,7.94174e-05,0,0,0,0,0
"PWY-5941: glycogen degradation II",0.000275562,0.000104345,0.000173481,0.000297114,0.000534796,0.000603922,0.000244271,0.000549317,0.000369696,0.000204983,7.98181e-05,0.000281931,0.000363973,0.000195541,0.000227664,0.000138352,0.000136213,0.000300839,0.00028632,8.80549e-05,0,0.000106999,0.000105361,0.000120855,0.000184594,0.000113881,0.000275171,0.00026737,0.000373405,0.000172104,0.000287665,0.000224532,0.000364216,0.000149978,0.000262065,0.000263498,0,0.000254767,0.000312841,0.000312847,8.82473e-05,0.000162612,0.000243171,0.000337739,0.00025909,9.93223e-05,0.000370766,0.000305432,0.000157041,0.000162843,0,0.00025248,0.000242065,0.000197442,0.000330183,0.000214008,0.000124813,0.000244207,0.000163578,8.39606e-05,0.000359611,0.000521555,0.000249901,8.24229e-05,0.000225839,0.000206552,0.000177768,0.000456139,0.000211996,0.000570799,0.000187364,0.000138023,0,0.000344207,9.26614e-05,0.000411806,0.000254788,0,0.000608708
"PWY-5971: palmitate biosynthesis (type II fatty acid synthase)",0.000292583,0,0,0.000348916,0.000320861,0.000394823,0,0,0,0,0,0.000222667,0,0,0,0,0,0,0,0,0,0,0,0,0,0,0.00026836,0,0,0,7.77881e-05,0.000323017,0.000291165,0,0,0.000210288,0,0,0,0,0,0,0,0,0,0,0,0,0,0.000214478,0,0,0,0.000138453,0,0,0,0,0,0,0,0.000167474,0,0.000133605,0,0,0,0.000467957,0,0.000180876,0,0,0,0.000375894,0,0,0,0,0
"PWY-5972: stearate biosynthesis I (animals)",0,0,0,0,0,0,0,0,0,0,0,0,0,0,0,0,0,0,0,0,0,0,0,0,0,0,0,0,0,0,0,0,0,0,0,0,0,0,0,0,0,0,0,0,0,0,0,0,0,3.99307e-05,0,0,0,0,0,0,0,0,0,0,0,0,0,0,0,0,0,0,0,0,0,0,0,9.94232e-05,0,0,0,0,0
"PWY-5973: cis-vaccenate biosynthesis",0.000360656,0.000214424,0.000287497,0.000347473,0.000259719,0.000399828,0.00017689,0.000427069,0.000220986,0.000216433,0.000351585,0.000265288,0.000178072,0.000368492,9.32955e-05,0.00011378,0.000644635,0.000447014,0.000276842,0.000400068,0.000196404,0.000254955,0.000276412,0.000330052,0.000376903,0.000425306,0.000248469,0.000321627,0.00030782,0.000349904,7.2282e-05,0.000336717,0.000267613,0.000285764,0.000141713,0.000195177,0,0.000297358,0.000289385,0.000350865,5.89513e-05,0.000252226,0.000227269,0.000312293,0.000258459,0.000150235,0.000398761,0.000326047,0.000283644,0.000235106,0.000322004,0.000182696,0.00016856,0.000323677,0.000187697,0.000213736,0.000550725,0.000205217,0.000244255,0.00018802,0.000142424,0.00020838,0.000189166,0.00014962,0.000376613,0.000285798,0.000164003,0.00032357,0.000113279,0.000166508,0.000304559,0.000195474,0.000316638,0.000347868,0.00031084,0.000190898,3.86108e-05,0.000284557,0
"PWY-5981: CDP-diacylglycerol biosynthesis III",1.5166e-05,0.000131741,0,8.14819e-05,7.8551e-05,0.000261734,8.3666e-05,0.000336131,0,0,0,3.59895e-05,0,0,0,0,6.32522e-05,0,0,0,0.000117998,0,0.000117049,0,0,0,3.25731e-05,0,0,0,0,2.93784e-05,7.33679e-05,0,0,4.89226e-05,0,0,0,0,0,8.66635e-05,0,0,0,0,0,0,0,0.000103809,0,6.56968e-05,0,0,0,6.3457e-05,0,5.19606e-05,3.57445e-05,0,0,0,0,0,0,0,0,5.06831e-05,0,1.29354e-05,5.99832e-05,0,0,0.000187692,0,0,0,0,0
"PWY-5989: stearate biosynthesis II (bacteria and plants)",0.000316112,2.86996e-05,6.00289e-05,0.000343701,0.000278971,0.000369194,0,0.000384578,6.89398e-05,0.000110824,0.000113969,0.000223909,0.000102155,0.000182837,4.76467e-05,0,0.000501373,0.00011581,8.2706e-05,9.10213e-05,7.62277e-05,5.03315e-05,0.000213899,9.16225e-05,0.000128298,0.000220824,0.00026295,0.000145879,4.23727e-05,0,7.28686e-05,0.00034009,0.000287786,9.16325e-05,0,0.000204176,0,6.65061e-05,0.000125063,0.00011605,0,0,3.96683e-05,3.09354e-05,6.39668e-05,5.0425e-05,0,3.6733e-05,7.75376e-05,0.000215566,0.000131179,0.000131024,0.000130095,0.000105533,5.61606e-05,0,0.000147939,0.000127793,0,4.9584e-05,0,0.000155336,0,0.000119745,0,0,9.65478e-05,0.000396729,0,0.000169752,8.2187e-05,0,6.38162e-05,0.000306528,0,0.000109287,0,9.75647e-05,0
"PWY-5994: palmitate biosynthesis (type I fatty acid synthase)",0,0,0,0,0,0,0,0,0,0,0,0,0,0,0,0,0,0,0,0,0,0,0,0,0,0,0,0,0,0,0,0,0,0,0,0,0,0,0,0,0,0,0,0,0,0,0,0,0,0,0,0,0,0,0,0,0,0,0,0,0,0,0,0,0,0,0,0,0,0,0,0,0,0,0,0,0,0,0
"PWY-6071: superpathway of phenylethylamine degradation",0,0,0,0,6.54679e-05,0,0,0,0,0,0,0,0,0,0,0,0,0,0,0,0,0,0,0,0,0,0,0,0,0,0,0,0,0,0,0,0,0,0,0,0,0,0,0,0,0,0,0,0,0,0,0,0,0,0,0,0,0,0,0,0,0,0,0,0,0,0,2.36809e-05,0,8.60681e-06,0,0,0,0,0,0,0,0,0
"PWY-6113: superpathway of mycolate biosynthesis",0,0,0,0,0,0,0,0,0,0,0,0,0,0,0,0,0,0,0,0,0,0,0,0,0,0,0,0,0,0,0,0,0,0,0,0,0,0,0,0,0,0,0,0,0,0,0,0,0,0,0,0,0,0,0,0,0,0,0,0,0,0,0,0,0,0,0,0,0,0,0,0,0,0,0,0,0,0,0
"PWY-6121: 5-aminoimidazole ribonucleotide biosynthesis I",0.000369236,0.000154207,0.000429393,0.000372835,0.000402146,0.000337374,0.000404821,0.000337746,0.000297425,0.000322378,0.000338081,0.000282611,0.000267162,0.000375603,0.000285069,0.000166614,0.000602906,0.000264745,0.000352747,0.000450586,0.000243637,0.000284139,0.000339319,0.0002694,0.000431755,0.000414511,0.00036384,0.000156006,0.000373304,0.000279445,0.0001237,0.000318914,0.00018977,0.000268001,0.000250507,0.000223221,0,0.000405469,0.000386565,0.000322343,0.000122764,0.000237585,0.000313112,0.000372588,0.000340622,0.00025893,0.000338148,0.000370806,0.000356578,0.000466537,0.000298343,0.000169678,0.000246726,0.000379929,0.000289973,0.000307089,0.000489462,0.000167283,0.000268888,0.000198465,0.000330189,0.00022714,0.000280485,0.000408253,0.000304078,0.000444818,0.000195587,0.000363675,0.000322312,0.000350153,0.000274255,0.000311554,0.000380771,0.000296544,0.000387031,0.000313266,0.000141298,0.00031422,0.000674266
"PWY-6122: 5-aminoimidazole ribonucleotide biosynthesis II",0.000397477,0.000139507,0.000430311,0.000436379,0.000417215,0.000406162,0.000398424,0.000355058,0.000289315,0.000323184,0.000321336,0.000331888,0.00029214,0.000399396,0.000323346,0.000446955,0.000619478,0.000380136,0.000366092,0.000492411,0.000226153,0.000289812,0.000361297,0.000282999,0.000439309,0.000512414,0.000386699,0.000402101,0.000390358,0.000270451,0.000535252,0.00032975,0.000311112,0.000294297,0.000254155,0.000250313,0.000720562,0.00044237,0.000419123,0.000434492,0.000674675,0.000253591,0.000366107,0.000355733,0.000330256,0.000493341,0.000316955,0.000356401,0.000377777,0.000442383,0.000373026,0.000167352,0.000284684,0.000418449,0.000306224,0.000323702,0.000512202,0.00021759,0.000293234,0.000215226,0.00035903,0.000267652,0.00027551,0.000414112,0.00044793,0.000408491,0.000222205,0.000389785,0.000340994,0.000371649,0.000287788,0.000391318,0.000450314,0.000300181,0.000464498,0.0003156,0.00036516,0.000321059,0.000724004
"PWY-6123: inosine-5'-phosphate biosynthesis I",0.000313206,0.000161444,0.000508856,0.000304303,0.000231195,0.000264766,0.000323858,0.00028842,0.000299315,0.000212,0.000431326,0.00025815,0.000231375,0.000347554,0.00026861,0.000163707,0.000644384,0.000392035,0.000307153,0.000487455,0.000292588,0.000330209,0.000344097,0.000250346,0.000508888,0.000451823,0.000292919,0.000322696,0.000513932,0.000347417,0.00019332,0.000247178,0.000195475,0.000276911,0.000238529,0.000220728,4.80181e-05,0.000252513,0.0002706,0.00042058,6.93116e-05,0.000175056,0.000226219,0.000336758,0.00036852,0.00017417,0.000311925,0.000403701,0.000308707,0.000492978,0.000295489,0.000251711,0.000284088,0.000405531,0.000209476,0.000209234,0.000447125,0.000266682,0.000228315,0.000181275,0.000251909,0.000231444,0.000288765,0.000444669,0.000458912,0.000425474,0.000274275,0.000241237,0.00031888,0.000281524,0.000270235,0.000301346,0.000327951,0.000243465,0.00041375,0.000316165,8.17991e-05,0.000358041,0.000474193
"PWY-6124: inosine-5'-phosphate biosynthesis II",0.000291683,0.000147345,0.000502098,0.000290643,0.000214603,0.00025903,0.000306379,0.000279472,0.000293735,0.000196946,0.000421801,0.000258213,0.000237558,0.000335584,0.000246278,0.000143825,0.00065558,0.000387187,0.000284288,0.00045889,0.000282074,0.000322393,0.000343995,0.000273006,0.000547548,0.000450996,0.000271996,0.000315031,0.000531734,0.000340034,0.000177328,0.000241413,0.00019484,0.000278035,0.000233952,0.000230998,4.02822e-05,0.000224167,0.000259836,0.000398292,4.35648e-05,0.000156249,0.000207398,0.000314748,0.000372992,0.000156232,0.000316936,0.000384525,0.000307589,0.000563665,0.000358318,0.000236093,0.00028176,0.000387675,0.00021101,0.000190943,0.000449445,0.000260403,0.000212742,0.000198728,0.00022546,0.000227447,0.000279238,0.000435176,0.000459139,0.000409099,0.000409868,0.000248154,0.000315979,0.000285067,0.000252482,0.000291771,0.000319591,0.000242549,0.000416476,0.000313041,7.11058e-05,0.000360409,0.000440501
"PWY-6125: superpathway of guanosine nucleotides de novo biosynthesis II",0.000212457,0.00023598,6.99348e-05,0.000328927,0.000280848,0.000320236,0.00015663,0.00035493,5.63548e-05,0.000160017,0.000157267,0.000199042,0.000142652,0.000185175,0.000180246,0.000135412,5.32001e-05,0.000177616,0.000223952,0.000259966,6.36961e-05,0.000184635,0.000153448,0.00037129,0,0.000248881,0.000304739,0.000225107,0.000247366,6.26901e-05,0.000102988,0.000274038,0.000246975,0.000271996,0.000203361,0.000214823,0,0.00030643,0.00018373,6.75803e-05,0,0.000295483,0.000240265,0.000130413,0.000112335,0,0.000151065,0.000125879,0.000192893,0.000190804,9.41834e-05,0.000106097,6.90624e-05,0.000252379,0.000183584,0.000201933,0.000249587,0.000116571,0.000261488,8.04199e-05,5.02878e-05,0.000246691,8.19683e-05,0.000214917,0.000133461,0,0.000119539,0.000331701,7.48867e-05,0.000125625,0.000164959,0.000107602,0.000243994,6.32543e-05,9.58899e-05,0.000215126,0.000177221,0.000259531,0.000478387
"PWY-6126: superpathway of adenosine nucleotides de novo biosynthesis II",0.000263424,0.000309841,0.000101631,0.000398093,0.000261129,0.000344123,0.00021725,0.00035176,8.1674e-05,0.000204075,0.000213758,0.000229998,0.000190173,0.000250694,0.0002139,0.000173561,7.66062e-05,0.000258454,0.000329746,0.000337596,9.30168e-05,0.000230155,0.000198847,0.000518811,0,0.000320464,0.000366428,0.000282396,0.00036386,8.91717e-05,0.000137558,0.000322535,0.000326071,0.000324358,0.000313866,0.0002529,0,0.000399911,0.000261833,9.96275e-05,0,0.000376347,0.000310636,0.000173893,0.000162374,0,0.000198248,0.000182835,0.000276997,0.000245721,0.000134411,0.000151965,9.98968e-05,0.00035601,0.000242087,0.000256779,0.000316748,0.00015979,0.000332719,0.000114202,7.35081e-05,0.000300553,0.000115736,0.000302497,0.000211217,0,0.000159918,0.000333096,0.00010863,0.000175301,0.000217377,0.00014339,0.000295437,0.000144826,0.000137779,0.000290457,0.000223451,0.000344859,0.000502632
"PWY-6138: CMP-N-acetylneuraminate biosynthesis I (eukaryotes)",0,0,0,0,0,0,0,0,0,0,0,0,0,0,0,0,0,0,0,0,0,0,0,0,0,0,0,0,0,0,0,0,0,0,0,0,0,0,0,0,0,0,0,0,0,0,0,0,0,0,0,0,0,0,0,0,0,0,0,0,0,0,0,0,0,0,0,0,0,0,0,0,0,0,0,0,0,0,0
"PWY-6143: CMP-pseudaminate biosynthesis",0,0,0,0,0,0,3.54754e-05,0,0,0,0,0,0,0,0,0,0,0,0,4.06553e-05,0,0,0,0,0,0,0,0,0,0,0,0,0,0,0,0,0,0,0,4.87807e-05,0,0,0,0,7.43453e-05,0,0,0,0,0,0,0,0,0,0,0,0,0,0,0,0,0,0,0,0,0,0,0,0,0,0,0,0,0,0,0,0,0,0
"PWY-6147: 6-hydroxymethyl-dihydropterin diphosphate biosynthesis I",0.00011195,5.76724e-05,0.000370032,0.00017434,0.000206651,0.000315062,0.000150696,0.0003185,0.000142375,2.94829e-05,0.000500829,0.000168178,5.95117e-05,0.000178025,0.000124659,0.000292143,0.000248711,8.39471e-05,7.79704e-05,0.000390615,5.91381e-05,0.000209082,0.000132633,0.000169615,0.000255257,0.000456526,0.000263677,0.000246869,0.000127867,0.000137188,0.000394764,0.000182251,0.000165495,0.000135414,6.11045e-05,0.000129,0,0.000100296,0.000215398,0.000168955,0.000388603,6.55785e-05,0.000117359,0.000257458,0.000268431,0.000278907,0.000148749,0.000174894,0.00023972,0.000402347,0.000229165,9.21173e-05,0.000111324,0.000258772,6.79e-05,0.000115507,0.000251264,0.000120435,0.000118427,0.000128897,4.39587e-05,0.000120813,0.00017735,1.59329e-05,0.000320576,0.000156707,7.59335e-05,0.000235995,0.000243292,7.86049e-05,0.000213616,0.000240058,0.000297718,0.000161339,0.000419557,9.16652e-05,0.000198523,6.68286e-05,9.04529e-05
"PWY-6148: tetrahydromethanopterin biosynthesis",0,0,0,0,0,0,0,0,0,0,0,0,0,0,0,0,0,0,0,0,0,0,0,0,0,0,0,0,0,0,0,0,0,0,0,0,0,0,0,0,0,0,0,0,0,0,0,0,0,0,0,0,0,0,0,0,0,0,0,0,0,0,0,0,0,0,0,0,0,0,0,0,0,0,0,0,0,0,0
"PWY-6151: S-adenosyl-L-methionine salvage I",0.00018842,0.000150406,0.000166098,0.000188274,0.0002533,0.00042764,0.000333461,0.000406312,0.000362541,0.000200673,0.000231324,0.000197022,0.000278724,9.43207e-05,0.000160308,0.000363464,0.000146304,0.000250329,0.000327508,0.000393116,0.000223124,0.00010631,0.000110241,0.000194972,0.000246971,0.000335036,0.000261298,0.000279067,0.000351682,0.000191,0.00028134,0.000306843,0.000215549,0.000153755,0.000284462,0.000223202,0.000665085,0.00053137,0.000318111,0.000287346,0.000597065,0.00030785,0.000418169,0.000305691,0.000357058,0.000458628,0.000248969,0.000259236,0.00018316,0.000388573,0.000363122,0.000168204,0.000276702,0.000313932,0.000267147,0.000353221,0.000470278,0.000177622,0.000294695,0.000208703,0.000431491,0.00033557,0.000358606,0.000495623,0.000377923,0.00037827,0.00022247,0.000326968,0.000416582,0.000324345,0.000215012,0.00017385,0.000286708,0.000193908,0.000374632,0.000348493,0.000327242,0.000299544,0.000684788
"PWY-6160: 3-dehydroquinate biosynthesis II (archaea)",0,0,0,0,0,0,0,0,0,0,0,0,0,0,0,0,0,0,0,0,0,0,0,0,0,0,0,0,0,0,0,0,0,0,0,0,0,0,0,0,0,0,0,0,0,0,0,0,0,0,0,0,0,0,0,0,0,0,0,0,0,0,0,0,0,0,0,0,0,0,0,0,0,0,0,0,0,0,0
"PWY-6163: chorismate biosynthesis from 3-dehydroquinate",0.000300661,0.000188952,0.000367275,0.000304554,0.000276561,0.000414572,0.00038995,0.000384405,0.000347572,0.000420893,0.000372986,0.000245192,0.000371373,0.000293202,0.00036593,0.000366587,0.000502699,0.000217302,0.000455155,0.000447826,0.000305059,0.00020239,0.000317967,0.000373636,0.000393332,0.000368546,0.00025064,0.000318975,0.000326743,0.000292661,0.000276642,0.000225066,0.000240834,0.000225539,0.000285523,0.000213593,0.000483284,0.000604711,0.000273316,0.000350193,0.000447258,0.000308483,0.000334721,0.000421838,0.000310313,0.000350174,0.000406116,0.000492452,0.000284918,0.000443676,0.000334674,0.000238602,0.000231498,0.000379957,0.000355371,0.000323936,0.000474701,0.000221067,0.00035417,0.000205249,0.000520113,0.000297031,0.000380073,0.00045368,0.00030312,0.000649779,0.000242445,0.000261908,0.000358816,0.000364411,0.000310081,0.000304159,0.000320208,0.000280068,0.000446164,0.000398394,0.000365202,0.000360548,0.000601759
"PWY-6165: chorismate biosynthesis II (archaea)",0,0,0,0,0,0,0,0,0,0,0,0,0,0,0,0,0,0,0,0,0,0,0,0,0,0,0,0,0,0,0,0,0,0,0,0,0,0,0,0,0,0,0,0,0,0,0,0,0,0,0,0,0,0,0,0,0,0,0,0,0,0,0,0,0,0,0,0,0,0,0,0,0,0,0,0,0,0,0
"PWY-6167: flavin biosynthesis II (archaea)",0,0,0,0,0,0,0,0,0,0,0,0,0,0,0,0,0,0,0,0,0,0,0,0,0,0,0,0,0,0,0,0,0,0,0,0,0,0,0,0,0,0,0,0,0,0,0,0,0,0,0,0,0,0,0,0,0,0,0,0,0,0,0,0,0,0,0,0,0,0,0,0,0,0,0,0,0,0,0
"PWY-6168: flavin biosynthesis III (fungi)",0,0,0,0.000283341,0.000177068,0.000160646,0,0,0,0,0,4.2594e-05,0,0,0,0,0,0,0,0,0,0,0,0,0,0,0.00020531,0,0,0,0,0.000189016,0.000180367,0.000161065,0,0.000160062,0,0,0,0.000132113,0,0,0,0,0,0,0,0,0.000159772,0.000134996,0,0,0,0,0,0,0,0,0,0,0,0.00010332,0,0,0,0,0,0.000133048,0,0.000137749,0.000139745,0,0,0.000134162,0,0,0,0,0
"PWY-6174: mevalonate pathway II (haloarchaea)",0,0,0,0,0,0,0,0,0,0,0,0,0,0,0,0,0,0,0,0,0,0,0,0,0,0,0,0,0,0,0,0,0,0,0,0,0,0,0,0,0,0,0,0,0,0,0,0,0,0,0,0,0,0,0,0,0,0,0,0,0,0,0,0,0,0,0,0,0,0,0,0,0,0,0,0,0,0,0
"PWY-6182: superpathway of salicylate degradation",2.9543e-05,0,0,0,0,0,0,0,0,0,0,0,0,0,0,0,0,0,0,0,0,0,0,0,0,0,0,0,0,0,0,0,0,0,0,0,0,0,0,0,0,0,0,0,0,0,0,0,0,3.97881e-05,0,0,0,0,0,0,0,0,0,0,0,0,0,0,0,0,0,0,0,0,0,0,0,0,0,0,0,0,0
"PWY-6185: 4-methylcatechol degradation (ortho cleavage)",3.97671e-05,0,0,0,0,0,0,0,0,0,0,0,0,0,0,0,0,0,0,0,0,0,2.69771e-05,0,0,0,0,0,0,0,0,0,0,0,0,0,0,0,0,0,0,0,0,0,0,0,0,0,0,5.46872e-05,0,3.95171e-05,0,0,0,0,0,0,0,0,0,0,0,0,0,0,0,0,0,0,0,0,0,0,0,0,0,0,0
"PWY-6210: 2-aminophenol degradation",0,0,0,0,0,0,0,0,0,0,0,0,0,0,0,0,0,0,0,0,0,0,0,0,0,0,0,0,0,0,0,0,0,0,0,0,0,0,0,0,0,0,0,0,0,0,0,0,0,0,0,0,0,0,0,0,0,0,0,0,0,0,0,0,0,0,0,0,0,0,0,0,0,0,0,0,0,0,0
"PWY-6215: 4-chlorobenzoate degradation",0,0,0,0,2.47259e-05,0,0,0,0,0,0,0,0,0,0,0,0,0,0,0,0,0,0,0,0,0,0,0,0,0,0,0,0,0,0,0,0,0,0,0,0,0,0,0,0,0,0,0,0,0,0,0,0,0,0,0,0,0,0,0,0,0,0,0,0,0,0,0,0,0,0,0,0,0,0,0,0,0,0
"PWY-621: sucrose degradation III (sucrose invertase)",0.000122186,0,0,0.000119433,0.000384708,0.000328555,4.27598e-05,0.0002932,4.93075e-05,0.000155716,0,8.05347e-05,0,6.49106e-05,0,0,3.62056e-05,3.41766e-05,0,0,6.6878e-05,3.37623e-05,0,2.70785e-05,0,4.78535e-05,9.56992e-05,3.26495e-05,4.26409e-05,3.45864e-05,0,0.000164218,6.77133e-05,7.68464e-05,0,0.000150739,0,8.35445e-05,3.26545e-05,7.71297e-05,0,3.08622e-05,0,7.85873e-05,6.86491e-05,1.09576e-05,1.81053e-05,0.000128625,3.48068e-05,3.74378e-05,0,6.74772e-05,6.75401e-05,3.06978e-05,3.67515e-05,3.72258e-05,0,6.14583e-05,3.3225e-05,0,0,6.27079e-05,3.46108e-05,4.62647e-05,0,0,0,0.000338917,7.53218e-05,0.000159224,0.000214797,0,5.53249e-05,7.87263e-05,9.28731e-05,0,0,3.0714e-05,4.54662e-05
"PWY-622: starch biosynthesis",0,0,0,0,0,0.000270256,0,0,0,0,0,0,0,0,0,0,0,0,0,0,0,0,0,0,0,0,0,0,0,0,0,0,0,0,0,0,0,0,0,0,0,0,0,0,0,0,0,0,0,0,0,0,0,0,0.000166374,0,0,0,0,0,0,0,0,0,9.06877e-05,0,0,0.000221129,0,0.000262111,0,0,0,0,0,0,0,0,0
"PWY-6269: superpathway of adenosylcobalamin salvage from cobinamide II",0,0,0,0,0,0,0,0,0,0,0,0,0,0,0,0,0,0,0,0,0,0,0,0,0,0,0,0,0,0,0,0,0,0,0,0,0,0,0,0,0,0,0,0,0,0,0,0,0,0,0,0,0,0,0,0,0,0,0,0,0,0,0,0,0,0,0,0,0,0,0,0,0,0,0,0,0,0,0
"PWY-6270: isoprene biosynthesis I",0.000267841,0,0,0.00030152,0.000168073,0.000281922,0,0.000259675,0,0,0,0.000180515,8.19707e-05,0.000202771,9.58624e-05,0,0,0.000190641,0,0,9.31342e-05,8.30326e-05,0.000114955,0.0002212,0,0,0.000308054,0,0,0,0,0.000250185,0.000192091,0.000103962,0.000111747,0.000162876,0,0,0,0.000165293,0,0,0.000196533,0.000151613,0,0,0,0,0.000221523,8.86286e-05,0.000128732,0.000137676,0,0,9.51978e-05,0,0.000174239,8.6288e-05,0,0,0,0.000186956,0,0,0,0,0,0.000235352,0,0.000177888,0.000177067,0.000115412,0,0.000231347,0.000118868,0,0,0,7.0481e-05
"PWY-6277: superpathway of 5-aminoimidazole ribonucleotide biosynthesis",0.000397477,0.000139507,0.000430311,0.000436379,0.000417215,0.000406162,0.000398424,0.000355058,0.000289315,0.000323184,0.000321336,0.000331888,0.00029214,0.000399396,0.000323346,0.000446955,0.000619478,0.000380136,0.000366092,0.000492411,0.000226153,0.000289812,0.000361297,0.000282999,0.000439309,0.000512414,0.000386699,0.000402101,0.000390358,0.000270451,0.000535252,0.00032975,0.000311112,0.000294297,0.000254155,0.000250313,0.000720562,0.00044237,0.000419123,0.000434492,0.000674675,0.000253591,0.000366107,0.000355733,0.000330256,0.000493341,0.000316955,0.000356401,0.000377777,0.000442383,0.000373026,0.000167352,0.000284684,0.000418449,0.000306224,0.000323702,0.000512202,0.00021759,0.000293234,0.000215226,0.00035903,0.000267652,0.00027551,0.000414112,0.00044793,0.000408491,0.000222205,0.000389785,0.000340994,0.000371649,0.000287788,0.000391318,0.000450314,0.000300181,0.000464498,0.0003156,0.00036516,0.000321059,0.000724004
"PWY-6281: L-selenocysteine biosynthesis II (archaea and eukaryotes)",0,0,0,0,0,0,0,0,0,0,0,0,0,0,0,0,0,0,0,0,0,0,0,0,0,0,0,0,0,0,0,0,0,0,0,0,0,0,0,0,0,0,0,0,0,0,0,0,0,0,0,0,0,0,0,0,0,0,0,0,0,0,0,0,0,0,0,0,0,0,0,0,0,0,0,0,0,0,0
"PWY-6282: palmitoleate biosynthesis I (from (5Z)-dodec-5-enoate)",0.000312673,3.50683e-05,6.05009e-05,0.000339339,0.000294656,0.000424654,0,0.000430379,7.28501e-05,0.000103689,0.000117533,0.000221039,0.000100559,0.000194632,4.79408e-05,0,0.000538343,0.000116555,8.6542e-05,9.22544e-05,7.66586e-05,5.09246e-05,0.000226874,9.23348e-05,0.000142162,0.000216598,0.000257414,0.000143014,4.24835e-05,0,6.92383e-05,0.000328241,0.000284295,9.19595e-05,0,0.000199272,0,9.78707e-05,0.000120409,0.000126078,0,0,4.00189e-05,3.11663e-05,6.33701e-05,4.82277e-05,0,3.72737e-05,7.76896e-05,0.00019775,0.000129113,0.000133718,0.000124553,0.000106153,5.52358e-05,0,0.000146169,0.000135063,0,5.77727e-05,0,0.000148174,0,0.000125009,0,0,9.53e-05,0.000480707,0,0.000166131,8.12912e-05,0,6.47518e-05,0.000355259,0,0.000110147,0,9.99903e-05,0
"PWY-6284: superpathway of unsaturated fatty acids biosynthesis (E. coli)",6.41168e-05,0,0,0.000128932,0.000231692,0.000105185,0,0,0,0,0,9.20006e-05,0,0,0,0,0,0,0,0,0,0,0,0,0,0,0.00016018,0,0,0,3.43298e-05,0.000134668,0.00018024,0,0,0.000160418,0,0,0,0,0,0,0,0,0,0,0,0,0,0.000107825,0,0,0,7.65347e-05,0,0,0,0,0,0,0,0.000157223,0,9.24328e-05,0,0,0,0.000245916,0,0.000117364,0,0,0,0.000242176,0,0,0,0,0
"PWY-6285: superpathway of fatty acids biosynthesis (E. coli)",9.77177e-05,0,0,0.000187438,0.000264418,0.000170628,0,0,0,0,0,8.09023e-05,0,0,0,0,0,0,0,0,0,0,0,0,0,0,0.000166768,0,0,0,0,0,0.000217112,0,0,0.000147256,0,0,0,0,0,0,0,0,0,0,0,0,0,0.000138827,0,0,0,0,0,0,0,0,0,0,0,0.000107903,0,0,0,0,0,0.000308906,0,0.000128103,0,0,0,0.000271891,0,0,0,0,0
"PWY-6292: superpathway of L-cysteine biosynthesis (mammalian)",7.9816e-05,0,0,0,6.1727e-05,0,0.000100569,0,5.03299e-05,2.97105e-05,6.30873e-05,7.67422e-05,0.000120093,0,0,2.09056e-05,4.09769e-05,4.86485e-05,0.000107051,0.00010886,5.58667e-05,5.18102e-05,4.63199e-05,0,0.000211597,4.9979e-05,0,3.74077e-05,9.61297e-05,8.70322e-05,2.93352e-05,2.9348e-05,0,0,0,1.92999e-05,0,6.78785e-05,0,0.000170931,0,3.71928e-05,2.5145e-05,0.000143652,0.000100244,3.89687e-05,0.000116684,0.000182446,0,8.49809e-05,0,0,8.03495e-05,5.13787e-05,6.51131e-05,5.36497e-05,0,3.44018e-05,6.07342e-05,0,4.43781e-05,0,0.000103186,0,3.39629e-05,0.000117959,8.06133e-05,0.000163042,0.00017313,0.000144085,0,0.00011919,0,0,4.4637e-05,5.73003e-05,0,6.64978e-05,0
"PWY-6293: superpathway of L-cysteine biosynthesis (fungi)",1.90876e-05,0,0,0,3.91794e-05,0,0,0,2.49767e-05,0,0,2.06218e-05,0,0,0,0,0,0,0,0,0,0,1.26769e-05,0,0,0,0,0,0,0,0,4.09256e-05,4.40546e-05,0,0,3.8359e-05,0,0,0,0,0,0,0,0,0,0,0,0,0,4.40969e-05,0,0,0,0,0,0,0,0,0,0,0,3.88198e-05,0,0,0,0,0,9.66937e-05,0,6.54876e-05,0,0,0,0,0,0,0,0,0
"PWY-6305: superpathway of putrescine biosynthesis",0.000300529,0,7.58573e-05,0.000320771,0.000531098,0.000341861,9.70906e-05,0.000376573,0.000109584,0,5.92869e-05,0.000143862,0.000132643,0.000118248,0,0,0.000202556,4.23235e-05,2.82226e-05,0.000109372,4.07268e-05,6.6046e-05,0.000147265,6.35052e-05,0.000151143,0.000129613,0.000217137,0,5.88826e-05,3.41792e-05,4.05262e-05,0.00019139,0.000197963,4.83614e-05,7.61575e-05,0.000146198,0,0.000136571,0,4.96534e-05,0,2.93106e-05,7.61303e-05,8.55814e-05,8.31512e-05,2.07061e-05,4.45358e-05,7.92247e-05,0.000126204,3.57626e-05,9.16676e-05,0.000130297,7.13983e-05,3.78071e-05,0,0,0.000100427,9.40896e-05,3.47935e-05,3.63725e-05,0,7.88825e-05,7.29681e-05,0,0,3.02197e-05,4.79904e-05,0.000226047,6.79908e-05,0.000175345,9.40176e-05,3.08175e-05,5.99385e-05,0.000137982,0,1.07324e-05,0,6.255e-05,0
"PWY-6307: L-tryptophan degradation X (mammalian, via tryptamine)",0,0,0,0,3.90205e-06,8.75408e-06,0,0,0,0,0,0,0,0,0,0,0,0,0,0,0,0,0,0,0,0,0,0,0,0,0,0,0,0,0,0,0,0,0,0,0,0,0,0,0,0,0,0,0,0,0,0,0,0,0,0,0,0,0,0,0,0,0,0,0,0,0,0,0,0,0,0,0,0,0,0,0,0,0
"PWY-6313: serotonin degradation",0,0,0,0,5.07009e-06,9.52496e-06,0,0,0,0,0,0,0,0,0,0,0,0,0,0,0,0,0,0,0,0,0,0,0,0,0,0,0,0,0,0,0,0,0,0,0,0,0,0,0,0,0,0,0,0,0,0,0,0,0,0,0,0,0,0,0,0,0,0,0,0,0,0,0,0,0,0,0,0,0,0,0,0,0
"PWY-6317: D-galactose degradation I (Leloir pathway)",9.00656e-05,8.90763e-05,0.000118634,0.000189765,0.000276751,0.000303922,0.000158761,0.000271478,0.000127303,0.000155685,3.12586e-05,8.90297e-05,0.00012466,0,0.000143644,5.70864e-05,0,0.000151733,0.000151673,4.75704e-05,0.000143715,6.65786e-05,0,0,0.000119627,0,0.000161873,0.000149414,0.000162462,0.00012937,0.000197101,0.000219373,0.000174699,2.59402e-05,0.000146629,0.000164953,0,0.000175333,7.84764e-05,0.000220596,0.000165777,0.000103922,0.000121306,0.000226134,5.53426e-05,0.000164316,0.000184972,0.000214292,0,5.33978e-05,0,0.000110609,0.00014536,4.59004e-05,0.000140163,0.000130833,0,0.000143672,9.30144e-05,3.56076e-05,0.00023628,0.000200146,0.000146539,2.50776e-05,3.96999e-05,0.000137943,6.97672e-05,0.00031884,0.000135415,0.000193862,8.36353e-05,8.73333e-05,5.27222e-05,0.000131112,4.57694e-05,0.000239901,0.000135508,0,0.000401374
"PWY-6318: L-phenylalanine degradation IV (mammalian, via side chain)",0,0,0,0,3.93078e-05,0,0,0,0,0,0,1.02755e-05,0,0,0,0,0,0,0,0,0,0,0,0,0,0,0,0,0,0,0,0,0,0,0,0,0,0,0,0,0,0,0,0,0,0,0,0,0,0,0,0,0,0,0,0,0,0,0,0,0,0,0,0,0,0,0,2.51228e-05,0,5.53135e-06,0,0,0,4.9003e-05,0,0,0,0,0
"PWY-6328: L-lysine degradation X",0,0,0,3.69509e-05,7.05833e-05,3.37074e-05,0,0,0,0,0,0,0,0,0,0,0,0,0,0,0,0,0,0,0,0,0,0,0,0,0,0,0,0,0,3.23372e-05,0,0,0,0,0,0,0,0,0,0,0,0,0,0,0,0,0,0,0,0,0,0,0,0,0,0,0,0,0,0,0,9.71127e-06,0,1.88996e-05,0,0,0,3.43115e-05,0,0,0,0,0
"PWY-6349: CDP-archaeol biosynthesis",0,0,0,0,0,0,0,0,0,0,0,0,0,0,0,0,0,0,0,0,0,0,0,0,0,0,0,0,0,0,0,0,0,0,0,0,0,0,0,0,0,0,0,0,0,0,0,0,0,0,0,0,0,0,0,0,0,0,0,0,0,0,0,0,0,0,0,0,0,0,0,0,0,0,0,0,0,0,0
"PWY-6350: archaetidylinositol biosynthesis",0,0,0,0,0,0,0,0,0,0,0,0,0,0,0,0,0,0,0,0,0,0,0,0,0,0,0,0,0,0,0,0,0,0,0,0,0,0,0,0,0,0,0,0,0,0,0,0,0,0,0,0,0,0,0,0,0,0,0,0,0,0,0,0,0,0,0,0,0,0,0,0,0,0,0,0,0,0,0
"PWY-6351: D-myo-inositol (1,4,5)-trisphosphate biosynthesis",0,0,0,0,0,0,0,0,0,0,0,0,0,0,0,0,0,0,0,0,0,0,0,0,0,0,0,0,0,0,0,0,0,0,0,0,0,0,0,0,0,0,0,0,0,0,0,0,0,0,0,0,0,0,0,0,0,0,0,0,0,0,0,0,0,0,0,0,0,0,0,0,0,0,0,0,0,0,0
"PWY-6353: purine nucleotides degradation II (aerobic)",0.000102512,0,0,0.000159267,0.000429379,0.000232384,0,0,7.06262e-05,0,0,5.88032e-05,0,0,0,0,0,0,0,0,0,0,6.57567e-05,0,0,0,0.000178894,0,0,0,0,0.000120084,0.000187729,4.24708e-05,2.80561e-05,0.00027571,0,0,0,0,0,0,6.08209e-05,0,0,0,0,0,3.84737e-05,0.000209977,0,0,3.75061e-05,0,0,0,4.38417e-05,0,0,0,0,0.000193389,0,8.44896e-05,0,0,3.49663e-05,0.00040902,0,0.000110811,7.58524e-05,0,5.42406e-05,0.000174911,0,0,0,6.69316e-05,0
"PWY-6385: peptidoglycan biosynthesis III (mycobacteria)",0.000329443,0.00022666,0.000434812,0.00041306,0.000363217,0.000354278,0.000366683,0.000401979,0.000311106,0.000331014,0.00041379,0.000344366,0.000298826,0.000323318,0.000251379,0.000439604,0.000518516,0.000311621,0.000355365,0.000479943,0.000310166,0.000268788,0.000318018,0.000606953,0.000400682,0.000469772,0.000397087,0.000330362,0.000304688,0.000310585,0.000508926,0.000356757,0.000296787,0.00025801,0.000267433,0.000236289,0.000707736,0.000530322,0.000486476,0.000323334,0.000707025,0.000355872,0.000363026,0.000383392,0.000343464,0.000456695,0.000340759,0.000367378,0.000407375,0.000489715,0.000379414,0.000199675,0.000273193,0.000366564,0.000313094,0.000428383,0.000605594,0.000181845,0.00035142,0.000181832,0.000412198,0.000312565,0.000370119,0.000504427,0.00033696,0.000669907,0.000240073,0.000358575,0.000357627,0.000369331,0.000348959,0.000282174,0.000373488,0.000325822,0.000458549,0.000319319,0.000423084,0.000320783,0.00061037
"PWY-6386: UDP-N-acetylmuramoyl-pentapeptide biosynthesis II (lysine-containing)",0.000307661,0.000229234,0.000431454,0.000295461,0.000269053,0.000320843,0.000369593,0.000362667,0.000306097,0.000316502,0.000404448,0.000347151,0.000313185,0.000353462,0.00026495,0.000455568,0.000511894,0.000298848,0.000360671,0.000471952,0.000308729,0.00016783,0.000300321,0.000593985,0.000417905,0.000465604,0.00032203,0.000310039,0.000298849,0.000294434,0.000461824,0.00034719,0.000236698,0.00024135,0.000255415,0.000212726,0.000642123,0.000535802,0.000438687,0.000323657,0.00067807,0.000356522,0.000355159,0.000397662,0.000320764,0.00045377,0.000391255,0.000389023,0.000364577,0.00045971,0.000358207,0.000229426,0.00026763,0.000374615,0.000309865,0.000417648,0.000538156,0.000185017,0.000324839,0.000176549,0.000418919,0.000331481,0.000344384,0.000504012,0.000295041,0.000674616,0.000232412,0.000346817,0.000358112,0.000344619,0.000330246,0.000273519,0.000362981,0.000291006,0.000393092,0.000356746,0.00042287,0.000286512,0.000653071
"PWY-6387: UDP-N-acetylmuramoyl-pentapeptide biosynthesis I (meso-diaminopimelate containing)",0.00032745,0.000229479,0.000453748,0.000396051,0.000334408,0.000348694,0.000380136,0.000399373,0.000301444,0.000346539,0.000419688,0.000365093,0.000309287,0.000350713,0.000272872,0.000458507,0.000545781,0.000328484,0.000390154,0.00049046,0.000342141,0.000274378,0.000333533,0.000621744,0.000417992,0.000474792,0.000376831,0.000358923,0.000326044,0.000321358,0.000520173,0.000368636,0.000284057,0.000270338,0.000303518,0.000233956,0.000819986,0.000560732,0.000488133,0.000358427,0.000772791,0.000367192,0.000375238,0.000427135,0.000331557,0.000474285,0.000380761,0.000382905,0.000414112,0.000469038,0.000370351,0.00022163,0.000281563,0.000406821,0.000345409,0.000451121,0.000593941,0.000189321,0.000380603,0.000189818,0.000429672,0.000323077,0.000387784,0.00067661,0.000333778,0.000688941,0.000260594,0.000339745,0.000368415,0.000350359,0.000352993,0.000298261,0.000394467,0.000316165,0.00044662,0.000350572,0.000465194,0.000332297,0.000629047
"PWY-6396: superpathway of 2,3-butanediol biosynthesis",0,0,0,0,0,0,0,0,0,0,0,0,0,0,0,0,0,0,0,0,0,0,0,0,0,0,0,0,0,0,0,0,0,0,0,0,0,0,0,0,0,0,0,0,0,0,0,0,0,0,0,0,0,0,0,0,0,0,0,0,0,0,0,0,0,0,0,0,0,0,0,0,0,0,0,0,0,0,0
"PWY-6415: L-ascorbate biosynthesis V (euglena, D-galacturonate pathway)",0,0,0,0,0,0,0,0,0,0,0,0,0,0,0,0,0,0,0,0,0,0,0,0,0,0,0,0,0,0,0,0,0,0,0,0,0,0,0,0,0,0,0,0,0,0,0,0,0,0,0,0,0,0,0,0,0,0,0,0,0,0,0,0,0,0,0,0,0,0,0,0,0,0,0,0,0,0,0
"PWY-6435: 4-hydroxybenzoate biosynthesis III (plants)",0,0,0,0,0,0,0,0,0,0,0,0,0,0,0,0,0,0,0,0,0,0,0,0,0,0,0,0,0,0,0,0,0,0,0,0,0,0,0,0,0,0,0,0,0,0,0,0,0,0,0,0,0,0,0,0,0,0,0,0,0,0,0,0,0,0,0,0,0,4.21941e-05,0,0,0,0,0,0,0,0,0
"PWY-6467: Kdo transfer to lipid IVA III (Chlamydia)",0,0,0,0,0,0,0,0,0,0,0,0,0,0,0,0,0,0,0,0,0,0,0,0,0,0,0,0,0,0,0,0,0,0,0,0,0,0,0,0,0,0,0,0,0,0,0,0,0,0,0,0,0,0,0,0,0,0,0,0,0,0,0,0,0,0,0,0,0,0,0,0,0,0,0,0,0,0,0
"PWY-6470: peptidoglycan biosynthesis V (&beta;-lactam resistance)",0,0,0,0,0,0,0,0,0,0,0,0,0,0,0,0,0,0,8.12782e-05,0,7.76033e-05,0.000108138,0,0,0,0,0,0,0,0,0,0,0,0,0,0,0,0,0,0.000101182,0,0,0,0,0,0,0,0,0,0,0,0,0,0,0,0,0,8.30322e-05,0,0,0,0,0.00010082,0,0,0,0,0,0,0.000135646,0.000129907,0,0,0,0.000179434,0,0,0,0
"PWY-6471: peptidoglycan biosynthesis IV (Enterococcus faecium)",0,0,0,0,0,0,0,0,0,0,0,0,0,0,0,0,0,0,0,0,0,0,0,0,0,0,0,0,0,0,0,0,0,0,0,0,0,0,0,0,0,0,0,0,0,0,0,0,0,0,0,0,0,0,0,0,0,0,0,0,0,0,0,0,0,0,0,0,0,0,0,0,0,0,0,0,0,0,0
"PWY-6478: GDP-D-glycero-&alpha;-D-manno-heptose biosynthesis",0,0,0,0,0,0,0,0,0,0,0,0,0,0,0,0,0,0,0,0,0,0,0,0,0,0,0,0,0,0,0,0,0,0,0,0,0,0,0,0,0,0,0,0,0,0,0,0,0,0,0,0,0,0,0,0,0,0,0,0,0,0,0,0,0,0,0,0,0,0,0,0,0,0,0,0,0,0,0
"PWY-6507: 4-deoxy-L-threo-hex-4-enopyranuronate degradation",0,3.39092e-05,0,0.000112148,0.000149152,8.40181e-06,7.33639e-05,0,7.39147e-05,3.88665e-05,0,0.000115123,3.74293e-05,1.80969e-05,0,3.65382e-05,0,0,3.95152e-05,0,4.55198e-05,3.33043e-05,0,3.69493e-05,6.07455e-05,5.86533e-05,4.87886e-05,2.2494e-05,4.34432e-05,2.68454e-05,4.10056e-05,1.52944e-05,8.76042e-05,0,8.43494e-05,9.4595e-05,0,0.000143649,3.24477e-05,0.00010044,0,2.49045e-05,3.1937e-05,0,6.67358e-05,4.75827e-05,5.15745e-05,8.12826e-05,6.62268e-05,1.99606e-05,0,5.98098e-05,9.33207e-05,4.30403e-05,5.70128e-05,2.75401e-05,7.44083e-05,7.51566e-05,0,6.56847e-05,7.78117e-05,3.32617e-05,0,1.31196e-05,0,0,2.51733e-05,0.000224538,6.13624e-05,8.54998e-05,3.05121e-05,2.93071e-05,0,0.000103973,3.99435e-05,0.000103081,0,8.5953e-05,0
"PWY-6518: bile acids epimerization",0,0,0,0,0,0,0,0,0,0,0,0,0,0,0,0,0,0,0,0,0,0,0,0,0,0,0,0,0,0,0,0,0,0,0,0,0,0,0,0,0,0,0,0,0,0,0,0,0,0,0,0,0,0,0,0,0,0,0,0,0,0,0,0,0,0,0,0,0,0,0,0,0,0,0,0,0,0,0
"PWY-6519: 8-amino-7-oxononanoate biosynthesis I",0.000224394,0,6.08144e-05,0.000190614,0.000299036,0.000340674,0,0.000374862,8.46458e-05,0.000113304,0.000132937,0.000179287,0.000105283,0.000112508,4.2147e-05,0,0.000114499,0.000113579,8.2629e-05,0.000101459,7.43112e-05,4.68154e-05,0,0.000100832,0.000130534,0.000210486,0.000245478,0.000116148,6.41386e-05,0,0,0.00026683,0.000216874,0.000101068,0,0.000195364,0,0,0.00013664,0.000133026,0,0,4.44975e-05,3.68894e-05,7.20025e-05,5.34535e-05,0,4.34687e-05,0.000113623,0.000195196,0.000147609,0.000118396,0.000120435,0.000112675,5.19948e-05,0,0.000167908,8.4591e-05,0,5.00478e-05,0,0.000113291,0,8.11814e-05,0,0,4.54419e-05,0.000375622,0,0.000132635,8.80386e-05,0,7.12138e-05,0.000275642,0,7.25399e-05,0,0.00010538,0
"PWY-6527: stachyose degradation",5.03965e-05,0.000286613,0,0.000163959,0.000242995,0.000295607,0,0.000279281,0.00012511,5.21408e-05,0,3.68485e-05,2.89801e-05,0,0.00013975,6.3777e-05,0,5.60676e-05,0,0,0.00013415,0,0,0,9.39507e-05,0,0.000173635,9.20206e-05,6.78167e-05,4.93423e-05,0,0.000130631,0.000102524,0,0,0.000146478,0,8.77581e-05,7.19893e-05,6.65452e-05,4.47889e-05,5.0894e-05,6.01061e-05,0.000140183,3.3537e-05,0.0001724,9.81789e-05,0.000186272,0,3.55852e-05,0,7.90764e-05,5.63722e-05,0,0.00011348,8.28359e-05,0,8.63775e-05,4.89384e-05,0,0.000127555,0.000121888,0,5.64129e-05,0,0.000103478,5.50989e-05,0.000165792,5.28387e-05,6.98553e-05,3.6277e-05,0,6.80553e-05,0.000207552,3.55444e-05,0,9.9874e-05,0,0
"PWY-6531: mannitol cycle",5.48099e-05,0,0,8.16195e-05,0.000415238,5.31467e-05,0,0,0,0,0,5.51208e-05,0,0,0,0,4.73092e-05,0,0,0,0,0,0,0,0,0,0.000115299,0,0,0,0,0.000103876,5.85581e-05,2.50254e-05,0,9.24894e-05,0,0,0,0,0,0,0,0,0,0,0,0,0,1.95613e-05,0,0,0,0,0,0,0,0,0,0,0,4.86539e-05,0,0,0,0,0,0.000198592,0,6.74451e-05,0,0,0,6.52194e-05,0,0,0,0,0
"PWY-6545: pyrimidine deoxyribonucleotides de novo biosynthesis III",0,0,3.79821e-05,0,0.00016969,6.18691e-05,0,0,0,0,0,0,0,0,0,0,0,0,0,0,0,0,0,0,0,0,0.000133438,0,0,0,0,9.89419e-05,8.43343e-05,0,0,6.36349e-05,0,0,0,0,0,0,0,0,0,0,0,0,4.23575e-05,0,0,6.38314e-05,0,0,0,0,0,5.50558e-05,0,0,3.94617e-05,5.25278e-05,0,0,0,0,3.16148e-05,0.000197589,0,6.91123e-05,0,0,0,4.08341e-05,0,0,0,0,4.54292e-05
"PWY-6549: L-glutamine biosynthesis III",0,0,0,0,0,0,0,0,0,0,0,0,5.39484e-05,0,0,0,0,0,0,0,0,0,0,0,0,0,6.33488e-05,0,4.09618e-05,0,5.52147e-05,5.56367e-05,4.82883e-05,0,5.60377e-05,6.25827e-05,0,7.31535e-05,5.09088e-05,0,0,0,0,0,0,4.277e-05,0,4.5147e-05,0,0,0,0,0,0,0,0,0,0,0,0,0,0.000115051,0,0,0,0,7.17684e-05,0,0,7.16996e-05,0,0,0,0.000114526,0,0,7.10909e-05,0,0.000124085
"PWY-6562: norspermidine biosynthesis",0,0,0,0,0,0,0,0,0,0,0,0,0,0,0,0,0,0,0,0,0,0,0,0,0,0,0,0,0,0,0,0,0,0,0,0,0,0,0,0,0,0,0,0,0,0,0,0,0,0,0,0,0,0,0,0,0,0,0,0,0,0,0,0,0,0,0,0,0,0,0,0,0,0,0,0,0,0,0
"PWY-6565: superpathway of polyamine biosynthesis III",0,0,0,0,0,0,0,0,0,0,0,0,0,0,0,0,0,0,0,0,0,0,0,0,0,0,0,0,0,0,0,0,0,0,0,0,0,0,0,0,0,0,0,0,0,0,0,0,0,0,0,0,0,0,0,0,0,0,0,0,0,0,0,0,0,0,0,0,0,0,0,0,0,0,0,0,0,0,0
"PWY-6572: chondroitin sulfate degradation I (bacterial)",0,0,0,0,0,0,0,0,0,0,0,0,0,0,0,0,0,0,0,0,0,0,0,0,0,0,0,0,0,0,0,0,1.3844e-05,0,0,0,0,0,0,0,0,0,0,0,0,0,0,0,5.05399e-05,0,2.46053e-05,0,0,0,0,0,0,0,0,0,0,0,0,0,0,0,0,0,0,0,0,0,0,0,0,0,0,0,0
"PWY-6588: pyruvate fermentation to acetone",0,0,0,1.21131e-05,0.000119136,0,0,0,0,0,0,2.68517e-05,5.56047e-05,0,0,0,0,0,0,0,0,0,0,0,0,0,2.71588e-05,0,0,0,0,0,4.2084e-05,0,0,3.67611e-05,0,0,0,0,0,0,0,0,0,0,0,0,4.6065e-05,0.000126443,0,0,0,0,0,0,0,0,0,0,0,9.80401e-06,0,0,0,0,0,7.51516e-05,0,1.83621e-05,2.19931e-05,5.07789e-05,0,0.000184433,8.84313e-05,0,0,4.30607e-05,0
"PWY-6590: superpathway of Clostridium acetobutylicum acidogenic fermentation",0,0,0,0,0,0,0,0,0.000103283,0,0,0,0.000106009,0,0,4.76913e-05,0,0,0,0,0,0,0,0,0,0,0,0,0,0,0,2.85355e-05,0,0,0,0,0,0,0,0,0,0,0,0,3.43329e-05,0,4.63069e-05,0,0,0,0,0,0,0,0,0,0,0,0,0,0,0,0,0,0,0,0,0,0,3.69417e-05,2.97065e-05,4.50928e-05,0,0.000113782,0.000124668,4.31497e-05,0,5.53217e-05,0
"PWY-6595: superpathway of guanosine nucleotides degradation (plants)",1.37072e-05,0,0,1.29159e-05,4.54533e-06,0,0,0,0,0,0,0,0,0,0,0,0,0,0,0,0,0,0,0,0,0,0,0,0,0,0,0,0,0,0,0,0,0,0,0,0,0,0,0,0,0,0,0,0,0,0,0,1.99416e-05,0,0,0,0,0,0,0,0,0,0,0,0,0,1.82691e-05,0.000175714,0,3.90722e-05,4.30301e-05,0,0,0,0,0,0,0,0
"PWY-6606: guanosine nucleotides degradation II",6.08572e-05,0,0,7.65229e-05,0.000320394,0,0,0,3.42214e-05,0,0,2.76001e-05,0,0,0,0,0,0,0,0,0,2.81297e-05,3.18519e-05,0,0,2.61077e-05,8.5449e-05,0,0,3.4454e-05,0,5.24435e-05,0.00010165,2.13167e-05,1.4621e-05,0.000191706,0,0,0,0,0,0,2.72933e-05,0,0,0,0,0,1.93507e-05,0.000111892,0,0,2.45449e-05,0,0,0,2.26044e-05,0,0,0,0,8.18047e-05,0,3.91702e-05,0,0,2.09585e-05,0.000326753,0,5.17972e-05,6.1967e-05,1.96656e-05,2.93741e-05,9.60525e-05,0,0,0,3.11458e-05,0
"PWY-6607: guanosine nucleotides degradation I",1.3541e-05,0,0,1.35584e-05,4.55815e-06,0,0,0,0,0,0,0,0,0,0,0,0,0,0,0,0,0,0,0,0,0,0,0,0,3.4454e-05,0,0,0,0,0,0,0,0,0,0,0,0,0,0,0,0,0,0,0,0,0,0,2.03253e-05,0,0,0,0,0,0,0,0,0,0,0,0,0,1.92463e-05,0.000184376,0,4.78824e-05,4.00198e-05,1.96656e-05,0,0,0,0,0,0,0
"PWY-6608: guanosine nucleotides degradation III",0.000176123,0,3.92217e-05,0.000388975,0.00061471,0.000181931,3.43165e-05,0,0.000100287,0,0,6.88456e-05,2.51301e-05,0,0,0,4.49156e-05,0,3.42376e-05,0,3.84769e-05,3.56924e-05,7.06727e-05,0,0,2.97997e-05,0.000377528,0,0,4.63132e-05,3.7218e-05,0.000199704,0.000347254,3.65247e-05,2.8277e-05,0.000300628,0,6.09068e-05,0.000110951,9.77475e-05,0,9.14868e-05,0.000117492,4.87867e-05,0,0,4.44743e-05,7.61725e-05,2.96586e-05,0.000279157,3.5759e-05,4.11739e-05,3.43965e-05,0,0,0,3.76122e-05,8.22989e-05,0,0,0,0.000163834,0,7.68155e-05,0,0,2.871e-05,0.000483242,0,0.000195948,0.000107773,2.77073e-05,5.38992e-05,0.000244085,8.85151e-05,0.000102877,0,8.43686e-05,0
"PWY-6609: adenine and adenosine salvage III",0.000322674,0.000377863,0.000549233,0.000345851,0.000303052,0.000340352,0.000546577,0.000438039,0.000345242,0.000372562,0.000392776,0.000317147,0.000399425,0.000394705,0.000290758,0.000367681,0.00054662,0.000301612,0.000438676,0.000404317,0.000386161,0.000300312,0.000374072,0.000449382,0.00047544,0.000401238,0.000246327,0.000273484,0.000453864,0.000557873,0.000359746,0.000343497,0.000289421,0.000242692,0.000412413,0.000280261,0.000638415,0.000576661,0.000669435,0.000459282,0.000479089,0.000276045,0.00026673,0.000306574,0.000402474,0.000392406,0.000408786,0.000428144,0.000428785,0.000524963,0.000342604,0.000213582,0.000396467,0.000367104,0.000299998,0.000360724,0.000472716,0.000187031,0.000411045,0.000277343,0.000572978,0.000425914,0.000472629,0.000309093,0.000326252,0.000712327,0.00029516,0.000361795,0.000427599,0.000415942,0.000387066,0.00024777,0.000357859,0.000257895,0.000353569,0.000377649,0.000486937,0.000387613,0.000421916
"PWY-6612: superpathway of tetrahydrofolate biosynthesis",2.17135e-05,0,0,5.03635e-05,0.000188801,0,0,0,0,0,0,5.08565e-05,0,0,0,0,0,0,0,0,0,0,0,0,0,0,9.76402e-05,0,0,0,0,5.06409e-05,1.19038e-05,0,0,7.6952e-05,0,0,0,0,0,0,0,0,0,0,0,0,0,0,0,0,0,0,0,0,0,0,0,0,0,0,0,0,0,0,0,0.000104241,0,0,0,0,0,4.1707e-05,0,0,0,0,0
"PWY-6628: superpathway of L-phenylalanine biosynthesis",0.000138051,0,0,0.000166108,0.000196347,0.000359282,8.35147e-05,0.000360703,6.70824e-05,0,0,0.000111627,0.000118831,0,0,0,0,7.13663e-05,6.67945e-05,0,0,7.08321e-05,0.00011535,0.000189545,0,0.000203524,0.000193022,9.40023e-05,0.000185341,9.63703e-05,0,8.88174e-05,0.000132995,3.86994e-05,0.000113156,0.000117524,0,0.000103086,0,0.000100527,0,0,0,0.000135479,7.04612e-05,7.02738e-05,4.67119e-05,9.84799e-05,0.000126377,0.000141627,6.66748e-05,0,0.000134802,8.99736e-05,0.000116659,0,0,5.29141e-05,0,6.94839e-05,6.0216e-05,8.67702e-05,0.000179258,0,0,0,0.000145544,0.000251534,0,0.000261154,0.00018349,0,0,0.000169635,6.0852e-05,0.000113794,0,0.000121553,5.2292e-05
"PWY-6630: superpathway of L-tyrosine biosynthesis",3.69971e-05,0,0,0.000134552,0.000147372,0.000356293,6.9727e-05,0.000343872,6.48103e-05,0,0,5.88629e-05,0,0,0.000163092,0,0,0,7.41666e-05,0,0,6.21852e-05,0,0.000217085,0.00012567,0.000173626,5.80075e-05,7.97463e-05,8.50692e-05,0.000133504,2.41198e-05,4.8473e-05,1.78514e-05,0,0,4.92857e-05,0,0,0,0.00015404,0,0,0,6.94103e-05,0,6.73457e-05,0,6.58837e-05,0,0,6.00564e-05,0,9.15801e-05,8.47498e-05,0.000117344,0,0,0,0,5.8173e-05,0,1.96336e-05,0.000118,0,0,7.34962e-05,6.41882e-05,0.000222018,0,0.000133052,0.000161668,0,0,0.000154141,0,0.000125205,0,0.000101392,0
"PWY-6641: superpathway of sulfolactate degradation",0,0,0,0,0,0,0,0,0,0,0,0,0,0,0,0,0,0,0,0,0,0,0,0,0,0,0,0,0,0,0,0,0,0,0,0,0,0,0,0,0,0,0,0,0,0,0,0,0,0,0,0,0,0,0,0,0,0,0,0,0,0,0,0,0,0,0,0,0,0,0,0,0,0,0,0,0,0,0
"PWY-6662: superpathway of quinolone and alkylquinolone biosynthesis",0,0,0,0,0,0,0,0,0,0,0,0,0,0,0,0,0,0,0,0,0,0,1.86739e-05,0,0,0,0,0,0,0,0,0,0,0,0,0,0,0,0,0,0,0,0,0,0,0,0,0,0,5.84344e-05,0,0,0,0,0,0,0,0,0,0,0,0,0,0,0,0,0,0,0,0,0,0,0,0,0,0,0,0,0
"PWY-6690: cinnamate and 3-hydroxycinnamate degradation to 2-hydroxypentadienoate",2.5754e-05,0,0,7.23196e-05,0.000228023,1.51623e-05,0,0,0,0,0,3.12693e-05,0,0,0,0,0,0,0,0,0,0,1.94218e-05,0,0,0,0.000134714,0,0,0,2.55865e-05,0,0,1.72271e-05,0,6.35522e-05,0,0,0,0,0,0,0,0,0,0,0,0,0,3.40383e-05,0,2.04438e-05,0,0,0,0,0,0,0,0,0,2.17285e-05,0,0,0,0,0,7.90664e-05,0,7.55037e-05,0,0,0,9.13944e-05,0,0,0,0,0
"PWY-6700: queuosine biosynthesis I (de novo)",0.000231417,0.000399507,0.000309956,0.000177522,0.000255817,0.00033254,0.000356881,0.00036236,0.000290467,0.000322299,0.000400551,0.000198415,0.0002153,0.000382534,0.000297325,0.000710873,0.000204827,0.00040332,0.000365317,0.000506594,0.000324137,0.000252356,0.000206969,0.000380091,0.000312926,0.000383724,0.000307246,0.000384209,0.000357911,0.00029663,0.000377311,0.000263719,0.000272022,0.000251102,0.000246122,0.000229301,0.000660724,0.00051846,0.000376966,0.000374121,0.000792764,0.00028708,0.00034383,0.0003998,0.000362379,0.000651154,0.000382232,0.000495067,0.000255542,0.00062749,0.000347075,0.000164777,0.00028081,0.000425554,0.000262892,0.000347843,0.000534492,0.000183109,0.000321351,0.000259892,0.000495312,0.000329307,0.000326371,0.000468376,0.000570394,0.000486507,0.000212888,0.000286362,0.000377475,0.000292009,0.000326892,0.000312843,0.000491544,0.000251574,0.000390485,0.000389196,0.000371056,0.000479767,0.000456203
"PWY-6703: preQ0 biosynthesis",0.000286259,0.000307431,0.000236372,0.000262925,0.000189671,0.000321177,0.000174121,0.00030327,0.000120774,0.0002163,0.000253666,0.000231537,0.000143531,0.000209922,0.000210312,0.000197572,0.000221828,0.000238205,0.000171228,0.000348649,0.000199093,0.000170384,0.000273709,0.000373157,0.000185643,0.000303264,0.000260083,0.000201684,0.00021274,0.000210832,0.000110825,0.00018623,0.000182885,0.000190317,8.05206e-05,0.000198665,9.94292e-05,0.000249115,0.000254545,0.000239097,0.000104166,0.000126006,0.000198148,0.000205598,0.000270586,0.000466376,0.000188582,0.000199516,0.000360914,0.000392656,0.000320377,0.000144824,0.000148146,0.00024879,0.000111349,0.000208785,0.000452367,0.000117067,0.000225572,0.000141151,0.000135922,0.000111876,0.000122379,0.000302679,0.000226768,0.000250658,6.2542e-05,0.000232657,0.000176797,8.90837e-05,0.000311111,0.000255746,0.000239113,0.000200816,0.000378447,0.000169807,0.000147843,0.000251288,0.000356043
"PWY-6708: ubiquinol-8 biosynthesis (early decarboxylation)",0,0,0,0,5.1529e-05,0,0,0,0,0,0,0,0,0,0,0,0,0,0,0,0,0,0,0,0,0,3.133e-05,0,0,0,0,0,9.67342e-06,0,0,5.92415e-06,0,0,0,0,0,0,0,0,0,0,0,0,0,0,0,0,0,0,0,0,0,0,0,0,0,0,0,0,0,0,0,3.35395e-05,0,7.23716e-06,0,0,0,0,0,0,0,0,0
"PWY-6731: starch degradation III",4.83262e-05,0,8.78818e-05,0.000196957,0.000215354,8.37075e-06,9.98597e-05,0,0.000116677,0,3.53715e-05,0.000145512,4.03802e-05,5.50496e-05,0,0,4.83605e-05,0.000104506,0,3.29836e-05,0,0,0,4.04208e-05,7.79883e-05,4.57517e-05,1.91204e-05,8.12604e-05,0.000184189,6.41514e-05,0,0.000106601,0.00012223,5.58283e-05,8.30211e-05,0.000106037,0,0,0.000195627,0.000186242,0,7.56945e-05,0.000124099,9.51186e-05,0.000130763,0,0.000123533,4.31961e-05,0.000130512,6.51368e-05,0,0.000106067,0.000107883,9.36387e-05,3.52929e-05,8.44934e-05,5.07582e-05,8.67829e-05,6.71532e-05,2.9401e-05,0,0.000189178,8.70767e-05,0,0.000133515,0,0,0.000196095,9.14867e-05,7.5671e-05,0.00010722,0,0,5.01659e-05,0,0,0,0,0
"PWY-6748: nitrate reduction VII (denitrification)",0,0,0,0,0,0,0,0,0,0,0,0,0,0,0,0,0,0,0,0,0,0,0,0,0,0,0,0,0,0,0,0,0,0,0,0,0,0,0,0,0,0,0,0,0,0,0,0,0,2.1254e-05,0,0,0,0,0,0,0,0,0,0,0,0,0,0,0,0,0,0,0,0,0,0,0,0,0,0,0,0,0
"PWY-6749: CMP-legionaminate biosynthesis I",4.83943e-05,0,0,0,0,0,0,0,0,0,0,0,0,0,0,0,0,0,0,0,0,0,0,0,0,0,0,4.11942e-05,0,0,0,0,3.37186e-05,0,0,0,0,0,0,0,0,0,0,0,0,0,0,0,0,0,0,0,0,0,0,0,0,0,0,0,0,0,0,0,0,0,0,0,0,0,0,0,0,3.95219e-05,0,0,0,0,0
"PWY-6763: salicortin biosynthesis",1.81778e-05,0,0,0,1.44049e-05,0,0,0,0,0,0,0,0,0,0,0,0,0,0,0,0,0,0,0,0,0,0,0,0,0,0,0,0,0,0,0,0,0,0,0,0,0,0,0,0,0,0,0,0,0,0,0,0,0,0,0,0,0,0,0,0,0,0,0,0,0,0,0,0,0,0,0,0,0,0,0,0,0,0
"PWY-6797: 6-hydroxymethyl-dihydropterin diphosphate biosynthesis II (Methanocaldococcus)",0,0,0,0,0,0,0,0,0,0,0,0,0,0,0,0,0,0,0,0,0,0,0,0,0,0,0,0,0,0,0,0,0,0,0,0,0,0,0,0,0,0,0,0,0,0,0,0,0,0,0,0,0,0,0,0,0,0,0,0,0,0,0,0,0,0,0,0,0,0,0,0,0,0,0,0,0,0,0
"PWY-6803: phosphatidylcholine acyl editing",7.49706e-05,0,0,0.000162599,0.000438468,0.000338548,0,0.000632251,2.92888e-05,0,0,6.08362e-05,0,0,0,0,0,0,0,0,5.70028e-05,0,0,0,0,0,0.000223383,0,0,0,0,0.000106947,0.000136744,3.68484e-05,0,0.000128304,0,0,0,0,0,0,0,0,0,0,0,0,2.3332e-05,7.40728e-05,0,8.71093e-05,7.68062e-05,0,0,0,0,5.37582e-05,0,0,0,8.10967e-05,0,4.11669e-05,0,0,2.27588e-05,0.000267164,0,0.000158975,2.98399e-05,0,0,0.000160034,0,0,0,0,0
"PWY-6807: xyloglucan degradation II (exoglucanase)",0,0,0,0,0,0,0,0,0,0,0,0,0,0,0,0,6.38201e-05,0,0,0,0,0,0,0,0,0,0,0,0,0,0,0,0,0,0,0,0,0,0,0,0,0,0,0,0,4.60675e-05,0,0,0,0,0,0,0,0,0,0,0,0,0,0,0,0,0,0,0,0,0,0,0,0,0,0,0,0,0,0,0,0,0
"PWY-6823: molybdopterin biosynthesis",5.42583e-05,4.16944e-05,2.21405e-05,7.15519e-05,0.000174327,0.000257532,8.0646e-05,0.000223599,0.000105402,2.53347e-05,5.26263e-05,7.04659e-05,0,0,0,0,0,0,3.2033e-05,8.50626e-05,2.27389e-05,4.1189e-05,8.53004e-05,3.68247e-05,0.000102167,4.76222e-05,0.00012172,1.65322e-05,0.000133432,0,0,6.18112e-05,0.000131403,0,8.14259e-05,5.1818e-05,0,0.000184427,0.000103252,6.47479e-05,0,0,5.71965e-05,0.000154997,0.000114177,0,0.000130845,0.000204759,4.98743e-05,0.0001093,0,6.57314e-05,0.000115534,2.42052e-05,0,3.76764e-05,0,4.16176e-05,0,0,0.000103901,0.000199394,0.000129659,3.4398e-05,0,8.87908e-05,0.000141251,0.000167558,0.000116383,0.000112315,0,7.95305e-05,0,8.23592e-05,4.78957e-05,0.000205697,8.43223e-05,3.14939e-05,0.000244767
"PWY-6837: fatty acid &beta;-oxidation V (unsaturated, odd number, di-isomerase-dependent)",0,0,0,0,0,0,0,0,0,0,0,0,0,0,0,0,0,0,0,0,0,0,0,0,0,0,0,0,0,0,0,0,0,0,0,0,0,0,0,0,0,0,0,0,0,0,0,0,0,0,0,0,0,0,0,0,0,0,0,0,0,0,0,0,0,0,0,0,0,0,0,0,0,0,0,0,0,0,0
"PWY-6859: all-trans-farnesol biosynthesis",0.000144422,0,0,6.40613e-05,6.77303e-05,1.01525e-05,0,0,0,0,0,4.46051e-05,2.34728e-05,3.41275e-05,0,0,0,5.88483e-05,0,0,2.42565e-05,2.17639e-05,0,8.5982e-05,0,0,0.000202988,0,0,0,0,0.000128618,0.000213247,3.62645e-05,0,0.000103797,0,0,0,0,0,0,5.04372e-05,4.21893e-05,0,0,0,0,7.58503e-05,2.34735e-05,3.85284e-05,2.22544e-05,0,0,0,0,5.56971e-05,2.68767e-05,0,0,0,8.97492e-05,0,0,0,0,0,5.37573e-05,0,4.29035e-05,7.07181e-05,0,0,5.49711e-05,3.43857e-05,0,0,0,0
"PWY-6876: isopropanol biosynthesis (engineered)",0,0,0,0,0,0,0,0,0,0,0,0,5.15341e-05,0,0,0,0,0,0,0,0,0,0,0,0,0,0,0,0,0,0,0,0,0,0,0,0,0,0,0,0,0,0,0,0,4.21366e-05,0,0,0,0,0,0,0,0,0,0,2.60392e-05,0,0,0,0,0,0,0,0,0,0,0,0,0,0,0,0,4.75662e-05,3.93348e-05,0,0,0,0
"PWY-6895: superpathway of thiamine diphosphate biosynthesis II",9.65065e-05,0,0,0.000150599,0.000208749,0.000220972,0,0,0.000184271,0,0,0.000159154,4.26447e-05,0,0,0,0,0,0,0,0.000104119,0,0,0,0,0,0.000142545,0,0,0.000151363,6.77423e-05,0.000137916,0.000208402,0,0,0.000138626,0,0,0,0.000107054,0,0,0,0,0,0,0.000107726,0,0.00015812,4.36879e-05,0,8.06341e-05,0,0,0,0,0,0,0,0,8.49529e-05,0.000160183,0,0.000136092,0,0.000175874,0,0.000220154,0,0.000216003,0.000100408,0.00011718,0,0.000173383,0,0,0,0,0
"PWY-6897: thiamine diphosphate salvage II",0.00015214,0,0.000181838,0.000188101,0.000187636,0.000277297,0.000199763,0.000328767,0.000234917,0.000150807,0.000231742,0.000143024,7.52657e-05,0.000220367,0.0001346,0.000304841,7.77648e-05,0.000166465,0.000170317,0.000324436,0.000189644,0.000158022,3.6809e-05,0.000148973,0.000229922,0.000278651,0.000166706,0.000152826,0.000241996,0.000106285,0.000292085,0.000181974,0.000182564,0.000100626,0.000179989,0.000131663,0,0.000298765,0.00021434,0.000244436,0.00024282,0,0.000124005,0.000167421,0.000281696,0.00042532,0.000194959,0.00023841,0.000260799,8.82187e-05,0.000177144,8.99018e-05,0.00019415,0.000187174,0.000126178,0.000177133,0.000239829,9.36012e-05,0.000175216,0.000121058,9.6565e-05,0.000167633,0.000147258,0.000103938,0.000187597,0.000224655,0.000140778,0.000195407,0.00029097,0.000207455,0.000147692,0.00025763,0.000225526,0.000159337,0.000302268,0.000148903,0.000195991,5.26269e-05,0.000128856
"PWY-6901: superpathway of glucose and xylose degradation",0.000252522,0,0,0.000296207,0.000378841,0.000362846,8.2092e-05,0.000349956,8.27653e-05,0.000192954,0,0.000226058,9.51823e-05,0,0,0,0,8.65656e-05,0,0,0.000127064,0.000119826,8.21942e-05,0.000183416,0,0,0.000275286,0,0.000130523,0,5.27163e-05,0.000224486,0.000236093,0,6.46105e-05,0.000206279,0,0,0.000170249,6.78556e-05,0,7.18856e-05,8.40055e-05,0.000175174,0,0,0.000154095,8.03713e-05,0.000165137,0.000115771,0,0.000148356,8.89918e-05,5.80055e-05,0.000100599,8.85637e-05,0.000129077,0.000127658,0,5.47698e-05,0,0.000157337,7.92244e-05,6.95008e-05,0.000104675,0,8.66369e-05,0.000323324,3.61199e-05,0.00022387,0.000129296,0,6.14424e-05,0.000201786,0,0,0,9.53404e-05,0
"PWY-6902: chitin degradation II (Vibrio)",6.55077e-05,6.79224e-05,2.39039e-05,2.04334e-05,3.0628e-05,0.000253746,3.72162e-05,0.000291423,7.74068e-05,3.51597e-05,0,1.21975e-05,3.92992e-05,2.92027e-05,0,0,3.47734e-05,0,0,0.000137602,0,7.56123e-05,0,0,0,8.46905e-05,9.64555e-05,0,6.88198e-05,0,1.97311e-05,0.000133808,9.18139e-05,0,2.60448e-05,1.14907e-05,0,0,3.13247e-05,0,0,5.80578e-05,3.61731e-05,2.4906e-05,0.00017175,0,0,0,6.10992e-05,2.31371e-05,0.000112347,0.000129762,5.82051e-05,0.000101097,0,5.81811e-05,9.27542e-05,9.76012e-05,7.21973e-05,0,0,5.46427e-05,9.37022e-05,0,0,0,1.67729e-05,0.000103548,0,0.000111008,0.000185842,0,6.78489e-05,5.00709e-05,0.000210646,0,2.8006e-05,2.61011e-05,0
"PWY-6906: chitin derivatives degradation",0,0,0,0,0,0,0,0,7.21653e-05,0,0,0,0,0,0,0,0,0,0,0,0,0,0,0,9.21163e-05,0,0,0,0,0,0,0,0,0,0,0,0,0,0,0,0,0,0,0,0,0,0,0,0.000153889,0,0,0,0,7.63102e-05,0,0,0.0001007,0,0,0,0,0,0,0,0,0,0,0,0,0,0,0,0,0,9.21608e-05,0,0,0,0
"PWY-6920: 6-gingerol analog biosynthesis (engineered)",0,0,0,0,0,0,0,0,0,0,0,0,0,0,0,0,0,0,0,0,0,0,0,0,0,0,0,0,0,0,0,0,0,0,0,0,0,0,0,0,0,0,0,0,0,0,0,0,0,0,0,0,0,0,0,0,0,0,0,0,0,0,0,0,0,0,0,0,0,0,0,0,0,0,0,0,0,0,0
"PWY-6922: L-N&delta;-acetylornithine biosynthesis",3.12698e-05,0,0,0.000111551,5.83044e-05,0,0,0,0,0,0,2.56409e-05,0,0,0,0,0,0,0,0,0,0,0,4.32353e-05,0,0,6.72458e-05,0,0,0,0,2.02856e-05,8.76273e-06,0,0,0,0,0,0,0,0,0,0,0,0,0,0,0,0,3.29133e-05,0,0,0,0,0,0,0,0,0,0,0,1.50858e-05,0,0,0,0,0,0,0,1.99501e-05,0,0,0,6.0587e-05,0,0,0,0,0
"PWY-6936: seleno-amino acid biosynthesis (plants)",0.000215116,0,0,0.000267899,0.000447462,0.000374835,4.70725e-05,0.000481737,3.87266e-05,8.83966e-05,0,0.00014711,4.72449e-05,2.81343e-05,0,0,0,0,0,0,4.53078e-05,6.87414e-05,2.95797e-05,0.000194539,0,0,0.000319703,5.08989e-05,7.25987e-05,0,0,0.000230136,0.000234363,0,2.95727e-05,0.000232221,0,6.81693e-05,3.24424e-05,0,0.000106994,4.97445e-05,3.39627e-05,0.000105716,0,0,9.34226e-05,5.93416e-05,0.000128575,0.000110446,0,8.255e-05,2.64345e-05,0,0.000127092,4.13326e-05,0,7.00087e-05,0,0,0,0.000159107,0,3.11725e-05,0,0,5.9973e-05,0.000312793,0,0.000230017,0.000110506,2.50967e-05,0,0.000217131,0,3.95117e-05,0,7.02192e-05,6.82334e-05
"PWY-6953: dTDP-3-acetamido-&alpha;-D-fucose biosynthesis",0,0,0,0,0,0,0,0,0,0,0,0,0,0,0,0,0,0,0,0,0,0,0,0,0,0,0,0,0,0,0,0,0,0,0,0,0,0,0,0,0,0,0,0,0,0,0,0,0,3.62267e-05,0,0,0,0,0,0,0,0,0,0,0,0,0,0,0,0,0,0,0,0,0,0,0,0,0,0,0,0,0
"PWY-6961: L-ascorbate degradation II (bacterial, aerobic)",0,0,0,0.000142734,0.000264049,0,0,0,1.97267e-05,0,0,5.2539e-05,0,0,0,0,0,0,0,0,0,3.77884e-05,0,0,0,0,0.000145657,0,0,0,3.24039e-05,0,0.000102959,0,0,0.000115108,0,0,0,0,0,0,0,0,0,0,0,0,0,0,0,0,3.79744e-05,0,0,0,0,0,0,0,0,2.67109e-05,0,2.32689e-05,0,0,0,3.02807e-05,0,3.7323e-05,0,0,0,0.000241641,0,0,0,0,0
"PWY-6969: TCA cycle V (2-oxoglutarate synthase)",0.000139085,0,0,0.000104774,0.000300774,4.90246e-05,5.78144e-05,0,0.000119933,0,3.32931e-05,7.94842e-05,4.06544e-05,0.000130715,0,3.49196e-05,2.53447e-05,7.16732e-05,6.10769e-05,0.000115245,9.73084e-05,8.91454e-05,0.000127022,0.000229246,3.49859e-05,9.61182e-05,7.0234e-05,4.6087e-05,4.94903e-05,0,5.25719e-05,0.000126043,9.97952e-05,5.46231e-05,8.51117e-05,0.000149793,0,4.5717e-05,4.32779e-05,5.40598e-05,0,0,0,0,0,0,0,8.88852e-05,5.70753e-05,0.000257237,0,0,9.07752e-05,0,0,6.87874e-05,0,0,5.61092e-05,0,0,0.000102652,0,7.61447e-05,0,0,7.76002e-05,0.000213977,0,0.000121578,0.000125883,5.11868e-05,5.17899e-05,0.000164616,0,4.81919e-05,0,7.0995e-05,4.21098e-05
"PWY-6981: chitin biosynthesis",0,0,0,0,0,0,0,0,0,0,0,0,0,0,0,0,0,0,0,0,0,0,0,0,0,0,0,0,0,0,0,0,0,0,0,0,0,0,0,0,0,0,0,0,0,0,0,0,0,0,0,0,0,0,0,0,0,0,0,0,0,0,0,0,0,0,0,0,0,0,0,0,0,0,0,0,0,0,0
"PWY-6992: 1,5-anhydrofructose degradation",0,0,0,0,6.46896e-06,0,0,0,0,0,0,2.92799e-05,0,4.16691e-05,0,0,0,0,0,0,0,0,0,0,0,0,9.12526e-06,0,0,0,0,7.00953e-05,0,0,0,6.06714e-05,0,0,0,0,0,0,0,0,0,0,0,0,0,6.00735e-05,0,0,0,0,0,0,0,0,0,0,0,0,0,0,0,0,0,1.2811e-05,0,0,0,0,0,0,0,0,0,0,0
"PWY-7000: kanamycin biosynthesis",0,0,0,0,0,0,0,0,0,0,0,0,0,0,0,0,0,0,0,0,0,0,0,0,0,0,0,0,0,0,0,0,0,0,0,0,0,0,0,0,0,0,0,0,0,0,0,0,0,0,0,0,0,0,0,0,0,0,0,0,0,0,0,0,0,0,0,0,0,0,0,0,0,0,0,0,0,0,0
"PWY-7009: 2,2'-dihydroxybiphenyl degradation",0,0,0,0,0,0,0,0,0,0,0,0,0,0,0,0,0,0,0,0,0,0,0,0,0,0,0,0,0,0,0,0,0,0,0,0,0,0,0,0,0,0,0,0,0,0,0,0,0,0,0,0,0,0,0,0,0,0,0,0,0,0,0,0,0,0,0,0,0,0,0,0,0,0,0,0,0,0,0
"PWY-7013: (S)-propane-1,2-diol degradation",0.000168918,0,0,7.96345e-05,0.00011218,0,0,0,0,0,0,0,6.09983e-05,3.10324e-05,0,0,0,0,0,0,0,0,0,0,0,0,0,0,2.4268e-05,0,0,9.94131e-05,0,0,0,0,0,0,0,0,0,0,2.64083e-05,0,0,0,0,0,0,0,0,0.000233571,0,0,0,0,0,0.000156138,0,0,0,0,0,4.69841e-05,0,0,0,1.56033e-05,0,2.22834e-05,0,0,0,0.00033168,0,0,0,0,0
"PWY-702: L-methionine biosynthesis II",0.00014089,0,0,7.87966e-05,0.000252943,0.000375725,0,0.000449215,3.46586e-05,2.943e-05,0,7.44461e-05,2.24064e-05,0,0,0,0,0,0,0,4.01153e-05,3.5386e-05,2.40006e-05,0,0,0,0.000180323,3.41298e-05,0,0,0,9.00349e-05,0.000112836,0,0,0.000149276,0,0,2.68678e-05,0,0,0,2.76157e-05,0,0,0,5.82762e-05,0,4.22693e-05,7.25479e-05,0,6.3982e-05,2.85832e-05,0,0,0,0,6.46839e-05,0,0,0,0.000117831,0,3.27312e-05,0,0,0,0.000252435,0,0.000233537,0,1.74315e-05,0,0.000196228,0,0,0,3.51544e-05,4.23696e-05
"PWY-7031: protein N-glycosylation (bacterial)",0,0,0,0,0,0,0,0,0,0,0,0,0,0,0,0,0,0,0,0,0,0,0,0,0,0,0,0,0,0,0,0,0,0,0,0,0,0,0,0,0,0,0,0,0,0,0,0,0,0,0,0,0,0,0,0,0,0,0,0,0,0,0,0,0,0,0,0,0,0,0,0,0,0,0,0,0,0,0
"PWY-7039: phosphatidate metabolism, as a signaling molecule",0,0,0,0,0.000115597,0,0,0,0,0,0,0,0,0,0,0,0,0,0,0,0,2.14024e-05,0,0,0,0,0,0,0,0,0,0,0,0,0,0,0,0,0,0,0,0,0,0,0,0,0,0,0,1.61531e-05,0,0,0,0,0,0,0,0,0,0,0,0,0,0,0,0,0,0,0,0,0,0,0,0,0,0,0,0,0
"PWY-7090: UDP-2,3-diacetamido-2,3-dideoxy-&alpha;-D-mannuronate biosynthesis",0,0,0,0,0,0,0,0,0,0,0,0,0,0,0,0,0,0,0,0,0,0,0,0,0,0,0,0,0,0,0,0,0,0,0,0,0,0,0,0,0,0,0,0,0,0,0,0,0,0,0,0,0,0,0,0,0,0,0,0,0,0,0,0,0,0,0,0,0,0,0,0,0,0,0,0,0,0,0
"PWY-7094: fatty acid salvage",0,0,0,8.50957e-05,9.48362e-05,0.000386955,0,0.000437479,0,0,0,4.29409e-05,0,0,0,0,0,0,0,0,0,0,0,0,0,0,0.000139765,0,0,0,0,4.32592e-05,7.68603e-05,7.1019e-06,0,4.91328e-05,0,0,1.04931e-05,0,0,0,0,0,0,0,0,0,0,7.81742e-05,0,4.99081e-05,0,0,0,0,0,4.07823e-05,0,0,0,8.40991e-06,0,0,0,0,0,5.62806e-05,0,2.2135e-05,1.26592e-05,0,0,0.00017167,0,0,0,0,0
"PWY-7111: pyruvate fermentation to isobutanol (engineered)",0.000308749,0,0.0002932,0.000570582,0.000610765,0.00048694,0.000203444,0.000552768,0.000181191,0.000248324,0.000245711,0.000306334,0.000134662,0.000289726,0.000118205,8.03381e-05,0,0.00010488,0.000220928,0.000404853,0.000214334,0.000241592,0.000263864,0.000351251,0.000328716,0.00021345,0.000517155,0.000106929,0.000106662,0.000224582,7.45879e-05,0.000328897,0.000465805,3.62277e-05,0.000183177,0.00040133,0,0.000240038,0.000230721,0.000196882,4.83031e-05,0,0.000186631,0.000215469,8.97778e-05,0,0.000242832,0.000179806,0.000305169,0.000184092,0,0.000326389,0.000271295,0.000183535,0.000101882,0.000136089,0.00022477,0.000281255,0.000151233,0.000141476,0,0.000465093,0.000215876,8.91492e-05,0.000223084,0.000300408,0.000213581,0.000724153,0.000197001,0.000565711,0.000109555,0.000204318,0.000208634,0.000478096,0,0.000367988,4.71462e-05,0,0.000373421
"PWY-7115: C4 photosynthetic carbon assimilation cycle, NAD-ME type",5.26348e-05,0,0,2.19407e-05,0.000269238,0.000537288,0,0.000590304,0,0,0,4.32756e-05,0,0,0,0,0,0,5.42261e-05,0,0,1.46939e-05,1.41386e-05,0,0,0,8.82929e-05,0,0,0,0,3.45545e-05,0.000102562,0,0,5.69695e-05,0,0,0,0,0,0,0,5.07222e-05,0,0,0,0,0,0,0,7.59234e-05,0,0,7.59326e-05,0,0,5.61929e-05,0,0,0,5.04156e-05,0,0,0,2.28167e-05,5.94004e-05,0.00030969,0,0.000135426,0,0,0,0.00017694,0,0,0,0,0
"PWY-7117: C4 photosynthetic carbon assimilation cycle, PEPCK type",0.000152842,0,0,0.000235506,0.000446541,0.000620002,0,0.000596248,5.67066e-05,0,0,0.000126944,3.17669e-05,0,0,0,0,0,7.31487e-05,0,3.80433e-05,5.16327e-05,7.52618e-05,0,0,0,0.000278805,0,5.51397e-05,0,4.96839e-05,0.000187717,0.00018427,8.70005e-05,7.81565e-05,0.000200667,0,6.87816e-05,7.13467e-05,3.46191e-05,0,0,0,4.53106e-05,0,0,0,3.83174e-05,7.02902e-05,0.00014391,0,9.51412e-05,6.19291e-05,0,0.000125396,0,4.05494e-05,6.36192e-05,0,0,0,0.000104214,0,0,5.86186e-05,0,7.18919e-05,0.000397137,0,0.000265129,9.1133e-05,0,0,0.000220777,0,0,0,3.80035e-05,3.38887e-05
"PWY-7118: chitin deacetylation",8.36362e-05,0,0,0.000185619,0.000366377,0.000345235,0,0.000454608,0,0,0,5.15006e-05,0,0,0,0,0,0,0,0,0,0,0,0,0,0,7.80439e-05,0,0,0,0,4.67974e-05,0.000100817,0,0,6.10943e-05,0,0,0,0,0,0,0,0,0,0,0,0,0,8.0324e-05,0,3.92405e-05,4.72289e-05,0,0,0,0,3.76432e-05,0,0,0,3.867e-05,0,0,0,0,0,0.000310523,0,7.71794e-05,2.37952e-05,0,0,0.000117767,0,0,0,0,0
"PWY-7124: ethene biosynthesis V (engineered)",0,0,0,0,0,0,0,0,0,0,0,0,0,0,0,0,0,0,0,0,0,0,0,0,0,0,0,0,0,0,0,0,0,0,0,0,0,0,0,0,0,0,0,0,0,0,0,0,0,0,0,0,0,0,0,0,0,0,0,0,0,0,0,0,0,0,0,0,0,0,0,0,0,0,0,0,0,0,0
"PWY-7159: 3,8-divinyl-chlorophyllide a biosynthesis III (aerobic, light independent)",0,0,0,0,0,0,0,0,0,0,0,0,0,0,0,0,0,0,0,0,0,0,0,0,0,0,0,0,0,0,0,0,0,0,0,0,0,0,0,0,0,0,0,0,0,0,0,0,0,0,0,0,0,0,0,0,0,0,0,0,0,0,0,0,0,0,0,0,0,0,0,0,0,0,0,0,0,0,0
"PWY-7165: L-ascorbate biosynthesis VIII (engineered pathway)",0,0,0,0,4.81702e-05,0,0,0,0,0,0,0,0,0,0,0,0,0,0,0,0,0,0,0,0,0,0,0,0,0,0,0,0,0,0,0,0,0,0,0,0,0,0,0,0,0,0,0,0,0,0,0,0,0,0,0,0,0,0,0,0,0,0,0,0,0,0,0,0,0,0,0,0,0,0,0,0,0,0
"PWY-7184: pyrimidine deoxyribonucleotides de novo biosynthesis I",0.000120967,0,3.81875e-05,9.99903e-05,0.000243867,0.000258239,0,0.00025374,0,0,0,0,0,0,0,0,0,0,0,0,0,0,0,0,0,0,0.000194059,0,0,0,0,0.000117476,0.000119703,0,0,7.11444e-05,0,0,0,0,0,0,0,0,0,0,0,0,5.23403e-05,8.08418e-05,0,6.84067e-05,0,0,0,0,0,5.75757e-05,0,0,3.94639e-05,5.35182e-05,0,0,0,0,3.25596e-05,0.000305767,0,7.22289e-05,0,0,0,4.71083e-05,0,0,0,0,4.53241e-05
"PWY-7187: pyrimidine deoxyribonucleotides de novo biosynthesis II",0,0,0,6.56344e-05,0.000151068,0.000241329,0,0.000235691,0,0,0,0,0,0,0,0,0,0,0,0,0,0,0,0,0,0,8.96132e-05,0,0,0,0,0,6.58893e-05,0,0,4.13311e-05,0,0,0,0,0,0,0,0,0,0,0,0,0,0,0,4.75413e-05,0,0,0,0,0,0,0,0,0,0,0,0,0,0,0,0.000142094,0,0,0,0,0,8.66091e-05,0,0,0,0,0
"PWY-7196: superpathway of pyrimidine ribonucleosides salvage",0,0,0,0,0,0,0,0,0,0,0,0,0,0,0,0,0,0,0,0,0,0,0,0,0,0,0,0,0,0,0,0,0,0,0,0,0,0,0,0,0,0,0,0,0,0,0,0,0,0,0,0,0,0,0,0,0,0,0,0,0,0,0,0,0,0,0,0,0,0,0,0,0,0,0,0,0,0,0
"PWY-7197: pyrimidine deoxyribonucleotide phosphorylation",0.000141959,0.000173398,4.28418e-05,6.16159e-05,0.000193126,0.000197007,9.74462e-05,0.000198019,3.3818e-05,0,8.55766e-05,0.000113134,5.60223e-05,0.000128441,0.000120894,0,3.14189e-05,6.39765e-05,0.000161165,0.00014352,3.92255e-05,7.52789e-05,0.000105343,0.000385243,0,0.000170465,0.000184587,8.13427e-05,0.000102197,3.84325e-05,0,0.000114908,8.57859e-05,0,0.000104449,4.95215e-05,0,0.000100626,0,3.96065e-05,0,0.000157826,2.90725e-05,7.72064e-05,6.01043e-05,0,5.45804e-05,8.02347e-05,7.30645e-05,5.78298e-05,4.95341e-05,5.34221e-05,3.91551e-05,0.000145188,0.000120319,0.000120583,7.09283e-05,5.91464e-05,0.000146694,4.55288e-05,2.91311e-05,7.60255e-05,4.03793e-05,0.000144149,8.242e-05,0,6.9111e-05,0.000263042,4.53436e-05,7.83554e-05,8.72136e-05,6.51578e-05,0.000171264,3.13569e-05,3.60888e-05,0.000117369,9.78877e-05,0.000162701,0.000448554
"PWY-7198: pyrimidine deoxyribonucleotides de novo biosynthesis IV",0.000107553,0,0,0,0.000154316,0.000133143,6.59803e-05,0,0,0,0,0,3.7338e-05,0.000102511,0,0,0,0,8.02866e-05,6.57892e-05,0,0,0,0,0,0,0,0,0.000116927,0,0,5.99455e-05,1.76782e-05,0,0,0,0,0,0,0,0,0,0,9.792e-05,0,0,4.80658e-05,0,4.29747e-05,0,0,4.54179e-05,2.8235e-05,0,0.000154463,0,0,4.16435e-05,0,0,3.83611e-05,0,0,0,0,0,6.70161e-05,0.000241814,0,0.00011463,4.02174e-05,0,9.62674e-05,0,0,0,5.03669e-05,4.89652e-05,0
"PWY-7199: pyrimidine deoxyribonucleosides salvage",0.000382966,0.000302587,0.000200663,0.000229191,0.000187764,0.000261085,0.000295049,0.000259142,0.000161799,0.000250948,0.000185461,0.000259287,0.000280891,0.000186263,0.000194124,0.000496668,0.000174441,0.000216108,0.00034292,0.000277755,0.000264441,0.000223691,0.000177216,0.000243236,0.000169456,0.000410074,0.000202209,0.000266349,0.000288371,0.000303005,0.000220238,0.000171177,0.000118683,0.000213445,0.000153354,0.00015041,0,0.000362658,0.000154729,0.000205381,0.000125318,0.000134566,0.00012967,0.000254529,0.000301931,0.00039722,0.000231863,0.000303007,0.000349035,0.000299591,0.000318677,9.48008e-05,0.000181025,0.000118613,0.000161487,0.000354592,0.000385733,0.000119319,0.000256029,0.000153704,0.000228506,0.000166388,0.000326901,0.000405138,0.000273296,0.000374252,0.000203854,0.000178388,0.000266842,0.000211405,0.000306752,0.000228094,0.00026386,0.00023591,0.000300624,0.000205265,0.000346029,0.000261422,0.000130719
"PWY-7200: superpathway of pyrimidine deoxyribonucleoside salvage",0,0,0,0,0,0,0,0,0,0,0,0,0,0,0,0,0,0,0,0,0,0,0,0,0,0,0,0,0,0,0,0,0,0,0,0,0,0,0,0,0,0,0,0,0,0,0,0,0,0,0,0,0,0,0,0,0,0,0,0,0,0,0,0,0,0,0,0,0,0,0,0,0,0,0,0,0,0,0
"PWY-7204: pyridoxal 5'-phosphate salvage II (plants)",0,0,0,0.000113739,0.000183888,0.000238197,0,0.000250975,0,0,0,3.82195e-05,0,0,0,0,0,0,0,0,0,2.35814e-05,0,0,0,0,8.69562e-05,0,0,0,0,2.80045e-05,6.29841e-05,0,0,0.000109855,0,0,0,0,0,0,0,0,0,0,0,0,0,0,0,4.0914e-05,3.06249e-05,0,0,0,0,0,0,0,0,3.46744e-05,0,0,0,0,0,9.48597e-05,0,6.14596e-06,0,0,0,0.000107056,0,0,0,0,0
"PWY-7208: superpathway of pyrimidine nucleobases salvage",0.000189242,0.000222363,5.52878e-05,0.000169164,0.000226835,0.000210414,0.00014546,0.000261251,4.97707e-05,9.8779e-05,6.91227e-05,0.000102279,0.000123999,0.000156206,0.00016689,0.000120295,4.58585e-05,0.000169108,0.000207489,6.66349e-05,6.22832e-05,0.000159437,0.000144571,0.000426954,3.15223e-05,0.000204103,0.000230067,0.000173271,0.000198299,5.32733e-05,9.13172e-05,0.000181148,0.000182856,2.81901e-05,0.000187517,0.000160247,0,0.000199304,0.000165064,8.07563e-05,0,0.000277341,0.000219866,0.000114446,0.00010016,4.56574e-05,0.000143262,0.000105702,0.000140916,0.000175067,7.47693e-05,8.88076e-05,6.02477e-05,0.000196971,0.000167968,0.000166567,6.51687e-05,0.000110876,0.000246524,6.34285e-05,8.62085e-05,0.000259844,7.15541e-05,0.000210862,0.00010536,0,0.00011516,0.000317464,6.43654e-05,0.000105675,0.000141702,0.000100703,0.000227434,4.53811e-05,5.67744e-05,0.000185322,0.000156871,0.000239393,0.000544009
"PWY-7209: superpathway of pyrimidine ribonucleosides degradation",0,0,0,0,0,0,0,0,0,0,0,0,0,0,0,0,0,0,0,0,0,0,0,0,0,0,0,0,0,0,0,0,9.30214e-06,0,0,1.31688e-05,0,0,0,0,0,0,0,0,0,0,0,0,0,2.12018e-05,0,0,0,0,0,0,0,0,0,0,0,0,0,0,0,0,0,0,0,5.5562e-05,0,0,0,0,0,0,0,0,0
"PWY-7210: pyrimidine deoxyribonucleotides biosynthesis from CTP",0.000118942,0,0,0,0.000173076,5.91261e-05,0,0,0,0,0,0,0,0,0,0,0,0,0,0,0,0,0,0,0,0,0,0,0,0,0,0,2.38158e-05,0,0,0,0,0,0,0,0,0,0,0,0,0,0,0,5.06569e-05,0,0,4.58122e-05,0,0,0,0,0,4.68454e-05,0,0,3.69763e-05,0,0,0,0,0,0,0.000207169,0,0,0,0,0,0,0,0,0,0,0
"PWY-7211: superpathway of pyrimidine deoxyribonucleotides de novo biosynthesis",6.74057e-05,0,0,0,0.000207885,9.49365e-05,0,0,0,0,0,0,0,0,0,0,0,0,0,0,0,0,0,0,0,0,0,0,0,0,0,0,3.94812e-05,0,0,4.94052e-05,0,0,0,0,0,0,0,0,0,0,0,0,7.50907e-05,0,0,6.76364e-05,0,0,0,0,0,0,0,0,0,5.80983e-05,0,0,0,0,5.06432e-05,0.000235397,0,0,0,0,0,0,0,0,0,0,0
"PWY-7218: photosynthetic 3-hydroxybutanoate biosynthesis (engineered)",0,0,0,0,0,0,0,0,0,0,0,0,0,0,0,0,0,0,0,0,0,0,0,0,0,0,0,0,0,0,0,0,0,0,0,0,0,0,0,0,0,0,0,0,0,0,0,0,0,0,0,0,0,0,0,0,0,0,0,0,0,0,0,0,0,0,0,0,0,0,0,0,0,0,0,0,0,0,0
"PWY-7220: adenosine deoxyribonucleotides de novo biosynthesis II",0.000173884,0.000190901,4.78814e-05,0.000324893,0.000279276,0.000426081,0.000115663,0.0004991,3.92518e-05,0.000113921,0.000118171,0.000159863,0.000108451,0.00015294,0.000132275,9.15556e-05,3.52228e-05,0.00016557,0.000189729,0.000217693,4.43214e-05,0.000149345,0.000118695,0.000474318,0,0.000203484,0.000296145,0.000197243,0.00022443,4.23032e-05,6.77487e-05,0.000257873,0.000280666,0.000345327,0.000195957,0.000205977,0,0.000243889,0.00016148,4.66439e-05,0,0.000254629,0.000202095,9.29116e-05,8.16384e-05,0,0.000114305,9.35676e-05,0.000181189,0.000143984,6.78181e-05,8.88417e-05,4.90046e-05,0.000225583,0.000141849,0.000146796,0.0002017,9.63674e-05,0.000206016,5.82709e-05,3.38659e-05,0.00021133,5.67303e-05,0.000164373,0.000111049,0,9.04891e-05,0.000351307,5.21303e-05,9.39657e-05,0.000127951,7.5431e-05,0.00018883,8.0587e-05,6.728e-05,0.000165625,0.000124497,0.000231719,0.00036333
"PWY-7221: guanosine ribonucleotides de novo biosynthesis",0.000371951,0.000376042,0.000401584,0.000353442,0.000299947,0.000374547,0.000407892,0.000349445,0.000228504,0.0004605,0.000356558,0.000367036,0.000333049,0.000310504,0.000384448,0.000503715,0.000651963,0.000209947,0.000323946,0.000386278,0.000294453,0.000343537,0.000331367,0.000434908,0.000311447,0.000416242,0.000350384,0.000287781,0.000282502,0.000433209,0.000820719,0.000327071,0.000252656,0.000333088,0.000236977,0.000235565,0.00116459,0.000561187,0.000241452,0.000316417,0.00107395,0.000380713,0.000356879,0.000430586,0.000341734,0.000719616,0.000332689,0.000313754,0.000206064,0.000471636,0.000310107,0.000150669,0.000260077,0.000294827,0.000366651,0.000556355,0.000431027,0.000173893,0.000445899,0.000230316,0.00034995,0.000344546,0.000388831,0.000421652,0.000169954,0.000571307,0.000261891,0.000323034,0.000358558,0.000332637,0.000338095,0.000336253,0.000449002,0.000300204,0.000359001,0.000414598,0.000580749,0.000332765,0.000718857
"PWY-7222: guanosine deoxyribonucleotides de novo biosynthesis II",0.000173884,0.000190901,4.78814e-05,0.000324893,0.000279276,0.000426081,0.000115663,0.0004991,3.92518e-05,0.000113921,0.000118171,0.000159863,0.000108451,0.00015294,0.000132275,9.15556e-05,3.52228e-05,0.00016557,0.000189729,0.000217693,4.43214e-05,0.000149345,0.000118695,0.000474318,0,0.000203484,0.000296145,0.000197243,0.00022443,4.23032e-05,6.77487e-05,0.000257873,0.000280666,0.000345327,0.000195957,0.000205977,0,0.000243889,0.00016148,4.66439e-05,0,0.000254629,0.000202095,9.29116e-05,8.16384e-05,0,0.000114305,9.35676e-05,0.000181189,0.000143984,6.78181e-05,8.88417e-05,4.90046e-05,0.000225583,0.000141849,0.000146796,0.0002017,9.63674e-05,0.000206016,5.82709e-05,3.38659e-05,0.00021133,5.67303e-05,0.000164373,0.000111049,0,9.04891e-05,0.000351307,5.21303e-05,9.39657e-05,0.000127951,7.5431e-05,0.00018883,8.0587e-05,6.728e-05,0.000165625,0.000124497,0.000231719,0.00036333
"PWY-7228: superpathway of guanosine nucleotides de novo biosynthesis I",0.000239888,0.000260405,8.58338e-05,0.000360167,0.000300373,0.000320057,0.000182923,0.000349464,6.85298e-05,0.00018412,0.00018006,0.0002238,0.000164478,0.000207567,0.000200515,0.000156871,6.68995e-05,0.00020511,0.00024493,0.000286077,7.78944e-05,0.000210743,0.000177485,0.000467113,0,0.000277492,0.00032693,0.000243311,0.000268799,7.71579e-05,0.000125371,0.000294642,0.000273693,0.000345246,0.000215926,0.000231867,0,0.000342293,0.000203213,8.25488e-05,0,0.000312144,0.000261872,0.000153688,0.000133171,0,0.000170817,0.000145605,0.000208353,0.000223219,0.000112146,0.000119065,8.37464e-05,0.000270272,0.000206221,0.000233208,0.000278958,0.000129822,0.0002839,9.52699e-05,6.23738e-05,0.00026445,9.96244e-05,0.000245571,0.000149753,0,0.0001363,0.000347993,9.13484e-05,0.000148752,0.00018863,0.000124096,0.00026659,6.47236e-05,0.000115788,0.000239202,0.000205893,0.000280696,0.000543814
"PWY-7229: superpathway of adenosine nucleotides de novo biosynthesis I",0.000321939,0.00037571,0.000155096,0.000438222,0.000274507,0.0003892,0.000295128,0.000384738,0.000122332,0.000259257,0.000278302,0.000271786,0.000247758,0.000315345,0.000251966,0.000223168,0.00012125,0.000313069,0.000414692,0.000405908,0.000141557,0.00028609,0.000256513,0.000554784,0,0.000391142,0.000414211,0.000326953,0.000427553,0.000134521,0.000194952,0.000363132,0.000355672,0.00032852,0.000382939,0.000286112,0,0.000492245,0.000330379,0.000152417,0,0.000424575,0.00036783,0.000234199,0.000232096,0,0.000248994,0.000251213,0.000337481,0.000321195,0.000191952,0.000196861,0.000148664,0.000424742,0.000301805,0.000327439,0.000385558,0.000200165,0.000389531,0.000161157,0.000114892,0.000340842,0.000169926,0.000399927,0.000289052,0,0.000205237,0.000349785,0.000163724,0.000244443,0.000278092,0.00018684,0.000342644,0.000197554,0.000202536,0.000360484,0.000286133,0.000408112,0.000547315
"PWY-7234: inosine-5'-phosphate biosynthesis III",0.000283883,0.000145979,0.000442064,0.000159827,0.000198636,0.000237411,5.74111e-05,0.000251881,0.000135163,0,0.000258465,0.000157635,5.57952e-05,5.58927e-05,0.00011573,0,0.000486037,0,0.000197298,0.000402298,5.63566e-05,0.00020019,0.000274073,0.000177862,0.000321747,0.000334715,0.000263997,0.00010432,0.000112443,0.000282664,0,9.18029e-05,0.000131773,7.61831e-05,0,6.51345e-05,0,0,0.000121503,9.21921e-05,6.93116e-05,6.16863e-05,0.000115754,5.52381e-05,0,0.000119887,4.18529e-05,0.000255836,3.94525e-05,0.000104371,0.000144987,0.000131352,0.000129854,8.25956e-05,0.000149529,0,8.36086e-05,0.00013514,5.62077e-05,0.000111806,0,9.12096e-05,0.000120105,8.92003e-05,0.00010749,0.000400399,0.000166818,0.000183735,0.000226944,0.000158524,0.00021045,0.000250933,0.000142655,0.000216608,0,9.20874e-05,5.632e-05,0.00015291,5.05206e-05
"PWY-7237: myo-, chiro- and scyllo-inositol degradation",0.000214781,0,5.83587e-05,0.000563949,0.000386628,0.000399084,0.00014985,0.000509006,8.09155e-05,0.000219394,0.000105217,0.000175977,0.000170622,4.66106e-05,4.45592e-05,0.000519186,9.63696e-05,0.000134343,4.74949e-05,0.000106979,6.49941e-05,0.000119996,3.49504e-05,0.00011419,0.000109542,0.000154199,0.000141853,0.000166003,0.000125972,6.13433e-05,0.000363237,0.000201276,0.000134662,5.73817e-05,7.04851e-05,0.000265536,0.00136801,0.000233472,9.49494e-05,0.000134105,0.000575598,3.29064e-05,0.000108931,0.000183817,0.000195093,0,0.00019522,0.00016028,0.000181661,5.56587e-05,0,0.00014603,0.000119363,0.000160271,6.10839e-05,6.61272e-05,0.000199805,0.000183703,7.33216e-05,3.85314e-05,0.000134315,0.000354706,0.000119601,1.93579e-05,0.000168989,3.80438e-05,0.000109497,0.000306301,8.88079e-05,0.000211245,0.000128556,9.57044e-05,0.000136369,0.000144276,0.000623967,0.000133991,0.000144761,3.92829e-05,2.93384e-05
"PWY-7238: sucrose biosynthesis II",0.000285135,0.000358126,0.000235594,0.000350447,0.000511447,0.000588643,0.000567223,0.000533292,0.000412477,0.00020261,0.000186791,0.000322128,0.000456724,0.000197114,0.000331771,0.000140681,0.000249404,0.000317451,0.000643614,0.000371881,0.000507351,0.000188494,0.000146018,0.000443256,0.000464669,0.000343921,0.000283035,0.000284728,0.00051565,0.000253952,0.00026881,0.0002271,0.000456646,0.000131992,0.000323867,0.000258999,2.78421e-05,0.00056882,0.000335717,0.000396741,8.94505e-05,0.000240047,0.000324264,0.000388728,0.000460604,0.000100346,0.000404339,0.000583553,0.000165978,0.000380231,0.00027424,0.000321898,0.000386068,0.000315408,0.000411056,0.000447727,0.000384028,0.000280824,0.00038197,0.00023433,0.000446889,0.00052705,0.000420067,0.000402119,0.000299665,0.000518944,0.00026948,0.000493083,0.000351662,0.000729202,0.000260706,0.000253186,0.000191716,0.000348016,0.000539316,0.000645214,0.000276068,0.000526937,0.000630213
"PWY-7242: D-fructuronate degradation",0,0,0,0.00017265,0.00015219,8.03385e-06,8.47886e-05,0,7.80847e-05,4.22858e-05,0,0.00011231,0.000126493,0,0,3.92779e-05,3.72204e-05,2.35328e-05,8.30153e-05,7.27641e-05,4.50358e-05,2.83406e-05,0,3.66461e-05,0.000107813,5.95943e-05,4.94279e-05,2.72198e-05,7.27154e-05,7.02676e-05,3.15479e-05,1.6099e-05,8.50048e-05,4.51915e-05,0.000109983,0.000101509,0,0.000168167,3.2579e-05,0.000104472,0,2.71506e-05,3.21092e-05,8.94016e-05,8.00876e-05,4.75976e-05,9.07005e-05,0.000108182,9.83261e-05,3.29746e-05,0,2.98304e-05,0.000105011,4.55598e-05,5.88981e-05,0,7.52229e-05,3.76797e-05,2.89187e-05,5.96763e-05,0.000114657,3.5695e-05,0.000110182,1.85729e-05,0,5.45115e-05,7.8716e-05,0.000256216,0.00012493,0.000141255,4.82173e-05,4.44493e-05,0,9.77303e-05,4.03577e-05,0.000164821,5.74827e-05,8.50581e-05,0
"PWY-7245: superpathway of NAD/NADP - NADH/NADPH interconversion (yeast)",0,0,0,0,0,0.000113193,0,0,0,0,0,0,0,0,0,0,0,0,0,0,0,0,0,0,0,0,0,0,0,0,0,0,0,0,0,0,0,0,0,0,0,0,0,0,0,0,0,0,0,0,0,0,0,0,0,0,0,0,0,0,0,0,0,0,0,0,0,2.941e-05,0,0,0,0,0,0,0,0,0,0,0
"PWY-724: superpathway of L-lysine, L-threonine and L-methionine biosynthesis II",0.000269608,0.000138855,0.000244455,0.000371889,0.000269565,0.000376384,0.000221987,0.000349924,0.000193257,0.00019351,0.000269069,0.000254814,0.000219915,0.000202221,0.000159687,0.000178285,0.000423855,0.000246645,0.000204311,0.00029457,0.00021514,0.000194497,0.00021212,0.000193137,0.000271703,0.000413675,0.000267532,0.000201969,0.000294235,0.000224816,4.94005e-05,0.000185887,0.000301374,9.67778e-05,0.000190054,0.000220258,0,0.000209275,0.000237053,0.000275434,0,0.000165025,0.00023055,0.000287721,0.000236953,7.46114e-05,0.000278171,0.000261803,0.000293097,0.000145343,0.000253102,0.000168416,0.000231234,0.000206686,0.000257865,0.00031633,0.000292699,0.00015694,0.000225362,0.000115291,0.000164909,0.00027113,0.000230192,0.000186453,0.000277985,0.000250525,0.000196052,0.000347788,0.000191545,0.000323201,0.000208462,0.000151275,0.000225976,0.000293026,0.000211415,0.000282198,8.72758e-05,0.000230259,0.000402287
"PWY-7254: TCA cycle VII (acetate-producers)",6.46365e-05,0,0,0,0,0,0,0,0,0,0,0,2.93348e-05,0,0,0,0,0,0,0,0,0,5.48369e-05,0,0,0,0,0,0,0,0,0,0,0,0,0,0,0,0,0,0,0,0,0,0,0,0,0,0,0,0,0,3.28343e-05,0,0,0,0,0,0,0,0,0,0,0,0,0,0,0,0,7.2578e-05,0,0,0,0,0,0,0,0,0
"PWY-7268: cytosolic NADPH production (yeast)",0,0,0,0,0,0.000267658,0,0.000294825,0,0,0,0,0,0,0,0,0,0,0,0,0,0,3.52246e-05,0,0,0,0,0,0,0,0,0,0,0,0,0,0,0,0,0,0,0,0,0,0,0,0,0,0,0,0,0,0,0,0,0,0,0,0,0,0,0,0,0,0,0,0,2.67212e-05,0,0,0,0,0,0,0,0,0,0,0
"PWY-7269: mitochondrial NADPH production (yeast)",0,0,0,3.48689e-05,6.59778e-05,0.000285911,0,0.000387895,0,0,0,5.31928e-06,0,0,0,0,0,0,0,0,0,0,2.70243e-05,0,0,0,0,0,0,0,0,0,0,1.47383e-05,0,2.43278e-05,0,0,0,0,0,0,0,0,0,0,0,0,0,1.91088e-05,0,0,0,0,0,0,0,0,0,0,0,0,0,0,0,0,0,7.06589e-05,0,0,0,0,0,5.23386e-05,0,0,0,0,0
"PWY-7279: aerobic respiration II (cytochrome c) (yeast)",0,0,0,0,0,0,0,0,0,0,0,0,0,0,0,0,0,0,0,0,0,0,0,0,0,0,0,0,0,0,0,0,0,0,0,0,0,0,0,0,0,0,0,0,0,0,0,0,0,0,0,0,0,0,0,0,0,0,0,0,0,0,0,0,0,0,0,0,0,0,0,0,0,0,0,0,0,0,0
"PWY-7282: 4-amino-2-methyl-5-diphosphomethylpyrimidine biosynthesis II",0.000116113,6.13261e-05,0.000130505,0.000128601,0.000227222,0.000325271,0.000149215,0.000305524,0.000115573,0,0.00011784,9.99678e-05,6.68225e-05,0.000102148,0,0,0,0.000101582,0,0.000247082,7.99971e-05,0.000115419,2.89486e-05,7.50776e-05,0.000113708,0.000111899,8.68239e-05,0.000122144,0.000131226,0,0,0.000116221,0.000114219,9.47012e-05,0.000125085,0.00015712,0,0,0.000141151,0.000145607,0,0,0.000109027,0,0.000181149,0,0,6.69955e-05,0.000209757,2.44976e-05,0.000158806,5.69226e-05,0.000144981,0.000144744,0.000104457,0.000134314,0.000189371,0,0.000152298,6.98792e-05,0,8.9825e-05,0,8.18033e-05,0.000154206,0,0,0.000224331,0.000194148,4.93895e-05,0.000130482,5.55684e-05,0.000127818,0.000148838,0.000299142,9.20617e-05,0,0,0
"PWY-7283: wybutosine biosynthesis",0,0,0,0,0,0,0,0,0,0,0,0,0,0,0,0,0,0,0,0,0,0,0,0,0,0,0,0,0,0,0,0,0,0,0,0,0,0,0,0,0,0,0,0,0,0,0,0,0,0,0,0,0,0,0,0,0,0,0,0,0,0,0,0,0,0,0,0,0,0,0,0,0,0,0,0,0,0,0
"PWY-7286: 7-(3-amino-3-carboxypropyl)-wyosine biosynthesis",0,0,0,0,0,0,0,0,0,0,0,0,0,0,0,0,0,0,0,0,0,0,0,0,0,0,0,0,0,0,0,0,0,0,0,0,0,0,0,0,0,0,0,0,0,0,0,0,0,0,0,0,0,0,0,0,0,0,0,0,0,0,0,0,0,0,0,0,0,0,0,0,0,0,0,0,0,0,0
"PWY-7294: D-xylose degradation IV",0,0,0,0,0,0,0,0,0,0,0,0,0,0,0,0,0,0,0,0,0,0,0,0,0,0,0,0,0,0,0,0,0,0,0,0,0,0,0,0,0,0,0,0,0,0,0,0,0,0,0,0,0,0,0,0,0,0,0,0,0,0,0,0,0,0,0,0,0,0,0,0,0,0,0,0,0,0,0
"PWY-7312: dTDP-&beta;-D-fucofuranose biosynthesis",0,0,0,0,0,0,0,0,0,3.81537e-05,0,0,0,0,0,0,0,0,0,0,0,0,0,0,0,0,0,0,0,0,0,0,0,0,0,0,0,0,0.000132162,0,0,0,0,0,0,0,0,0,0,0,7.33203e-05,3.03987e-05,0,5.93802e-05,0,0,0.000199805,4.06493e-05,0,0,0,0,0,0,0,0,0,0,0,0,0,0,0,0,0,0,0,0.000110526,0
"PWY-7315: dTDP-N-acetylthomosamine biosynthesis",7.513e-05,0,0,4.70447e-05,0.000181673,0.000343526,0,0.00045908,3.5807e-05,0,0,2.63611e-05,0,0,0,0,0,0,0,0,4.59566e-05,2.16974e-05,0,0,0,0,9.78969e-05,0,0,0,2.26644e-05,7.4287e-05,6.51382e-05,0,0,4.89608e-05,0,0,0,0,0,0,2.91781e-05,0,0,0,0,0,0,5.00278e-05,0,0.000126237,1.44149e-05,0,0,0,0,5.8776e-05,0,0,0,1.85571e-05,0,0,0,0,0,0.000196359,0,2.69625e-05,7.78455e-05,3.16825e-05,4.47665e-05,0.000123635,0,0,0,0,0
"PWY-7316: dTDP-N-acetylviosamine biosynthesis",0,0,0,0,0,0,0,0,0,0,0,2.85125e-05,0,0,0,0,0,0,0,0,0,0,0,0,0,0,0,0,0,0,0,5.42693e-05,0,3.05917e-05,0,0.000107656,0,0,0,0,0,0,0,0,0,6.95293e-05,0,0,0,0,0,0,0,4.76112e-05,0,0,0,0,0,0,0,0,0,0,0,0,0,0,0,0,0,0,0,0,8.32169e-05,0,0,0,0
"PWY-7317: superpathway of dTDP-glucose-derived O-antigen building blocks biosynthesis",0,0,0,0,0,0,0,0,0,0,0,0,0,0,0,0,0,0,0,0,0,0,0,0,0,0,0,0,0,0,0,0,0,0,0,0,0,0,0,0,0,0,0,0,0,0,0,0,0,0,0,0,0,0,0,0,0,0,0,0,0,0,0,0,0,0,0,0,0,0,0,0,0,0,0,0,0,0,0
"PWY-7323: superpathway of GDP-mannose-derived O-antigen building blocks biosynthesis",0.000141129,0,2.95094e-05,0.000220153,0,0,8.42556e-05,0,0.000114419,4.74798e-05,4.03031e-05,7.46335e-05,9.30906e-05,8.43727e-05,4.5648e-05,0,4.17129e-05,9.8659e-05,0,0,6.7633e-05,0,0,7.35343e-05,0.000109065,7.52706e-05,0.000190872,5.48024e-05,9.09483e-05,0,0,0.000209891,0.000191383,3.91476e-05,7.93043e-05,0.000124412,0,7.24561e-05,0.000200286,4.50288e-05,0,3.72437e-05,7.1711e-05,3.99935e-05,0,3.77107e-05,6.68912e-05,6.3066e-05,0,0.000353409,0.000105705,0,9.68982e-05,5.00747e-05,0,3.82289e-05,1.42168e-05,4.72671e-05,3.14305e-05,0,0,0.000132655,3.95394e-05,0,5.67383e-05,0,0,0.000106755,5.205e-05,6.45713e-05,8.27507e-05,0,3.95053e-05,0.000112253,6.62793e-05,9.1784e-05,0,0,0
"PWY-7328: superpathway of UDP-glucose-derived O-antigen building blocks biosynthesis",0.000141834,4.00849e-05,0,0,0,0,0,0,0.000141485,0,2.99215e-05,0.000129149,5.61152e-05,0,8.81451e-05,0,0,4.42554e-05,2.97218e-05,0,0,3.87823e-05,3.19292e-05,4.45146e-05,0,3.81345e-05,0.000171196,7.71888e-05,5.33938e-05,4.23012e-05,0,0.000138663,0.000183525,0.000126005,0,0.00017623,0,0,9.54646e-05,5.79135e-05,0,8.47702e-05,6.00595e-05,8.22566e-05,0,0.000141559,0.000102183,4.23621e-05,5.32857e-05,0,0,8.14313e-05,7.09934e-05,2.6537e-05,0.000121234,4.94499e-05,0,0.000101611,0,3.33219e-05,0,0.000104362,3.09539e-05,0,0,4.61157e-05,4.63941e-05,0,0,0.00017003,0,4.79317e-05,0,5.97095e-05,0,5.49056e-05,4.22968e-05,0,8.7297e-05
"PWY-7332: superpathway of UDP-N-acetylglucosamine-derived O-antigen building blocks biosynthesis",0,0,0,0,0,0,0,0,0,0,0,0,0,0,0,0,0,0,0,0,0,0,0,0,0,0,0,0,0,0,0,0,0,0,0,0,0,0,0,0,0,0,0,0,0,0,0,0,0,0,0,0,0,0,0,0,0,0,0,0,0,0,0,0,0,0,0,0,0,0,0,0,0,0,0,0,0,0,0
"PWY-7340: 9-cis, 11-trans-octadecadienoyl-CoA degradation (isomerase-dependent, yeast)",0,0,0,0,0,0,0,0,0,0,0,0,0,0,0,0,0,0,0,0,0,0,0,0,0,0,0,0,0,0,0,0,0,0,0,0,0,0,0,0,0,0,0,0,0,0,0,0,0,5.56783e-05,0,0,0,0,0,0,0,0,0,0,0,0,0,0,0,0,0,0,0,0,0,0,0,0.000123787,0,0,0,0,0
"PWY-7345: superpathway of anaerobic sucrose degradation",0.00021563,0,0,0.000263072,0.000362854,0.000364228,0.000135003,0.000363765,7.25315e-05,0,0,0.000140631,0,0.000183253,0,0,0,0,0,0,0.000114971,6.30054e-05,0.000120964,0.000230721,0,0,0.000238601,5.30394e-05,0.000114009,8.50129e-05,0,0.000212202,0.000172503,7.78085e-05,0,0.000198908,0,0,0,9.42025e-05,0,0,0,0.000108151,0,0,0,0.00010798,0.000105788,0.000108837,0,0.000170068,9.12843e-05,9.32521e-05,0.000109424,0,0,0.000124885,0,0,0,0.000122788,9.58404e-05,0.000103455,0,0,0,0.0002672,9.51822e-05,0.00023421,6.884e-05,0,9.05187e-05,0.000183564,0,0,0,2.95437e-05,0.000102008
"PWY-7347: sucrose biosynthesis III",0,0,0,0,0,0,0,0,0,0,0,0,0,0,0,0,0,0,0,0,0,0,0,0,0,0,0,0,0,0,0,0,0,0,0,0,0,0,0,0,0,0,0,0,0,0,0,0,0,0,0,0,0,0,0,0,0,0,0,0,0,0,0,0,0,0,0,0,0,0,0,0,0,0,0,0,0,0,0
"PWY-7356: thiamine diphosphate salvage IV (yeast)",5.94257e-05,0,8.09849e-05,0,1.30606e-05,0.000229325,0,0.000272761,3.78738e-05,0.000113878,0,0,5.98754e-05,0,0,0,0,0,4.29881e-05,0,0,0,0,0,0,0,0,0,2.2284e-05,0,0,0,0,0,0,0,0,1.84894e-05,0,0,0,0,6.04549e-05,0,4.88356e-05,0,0,3.20425e-05,0,0,2.41154e-05,0,0,0,8.39069e-05,0,0,5.4598e-05,0,0,2.47089e-05,0,0,0,5.37842e-05,0,7.62893e-05,8.44117e-05,7.31292e-05,8.48258e-05,0,3.46373e-05,4.66869e-05,5.43872e-05,0,3.01928e-05,3.50812e-05,0,0
"PWY-7357: thiamine phosphate formation from pyrithiamine and oxythiamine (yeast)",0.00010957,0,0.0001277,0.000158423,0.000154591,0.00028824,0.000197466,0.000337066,0.000276936,0.000204142,0.000187589,0.00012184,0.000156919,0.000214281,0.000151688,0.000270032,5.31265e-05,0.000157809,0.000158235,0.000289476,0.000179201,0.000149448,3.01844e-05,0.000145356,0.000180516,0.000217199,0.000136581,0.000134087,0.000290373,7.69917e-05,0.000230394,0.000167244,0.000156895,7.12092e-05,0.000163088,0.000113379,0,0.000301062,0.000159208,0.000223582,0.000200363,0,9.98664e-05,0.000229644,0.000284658,0.000347936,0.000262788,0.000269771,0.000241889,6.27015e-05,0.000137208,8.04563e-05,0.000210204,0.000152338,0.000133934,0.000166348,0.000215847,0.000102892,0.000145195,0.000110083,0.000108387,0.000192782,0.000181421,9.75282e-05,0.000163614,0.000191748,0.000121436,0.000195382,0.000284089,0.000225136,0.000116541,0.000245001,0.00017427,0.000165202,0.000333167,0.00024275,0.000185228,4.71656e-05,0.000404241
"PWY-7371: 1,4-dihydroxy-6-naphthoate biosynthesis II",0,0,0,0,0,0,0,0,0,0,0,0,0,0,0,0,0,0,0,0,0,0,0,0.000101484,5.67471e-05,0,5.20841e-05,0,0,0,0,0,0,0,0,0,0,0,0,0,0,0,0,0,3.77356e-05,0,0,0,0,0,0,0,0,0,0,0,0,0,0,0,0,0,0,0,0,0,0,0,0,0,0,0,0,0,0,0,0,0,0
"PWY-7374: 1,4-dihydroxy-6-naphthoate biosynthesis I",0,0,0,0,0,0,0,0,0,0,0,0,0,0,0,0,0,0,0,0,0,0,0,0,0,0,0,0,0,0,0,0,0,0,0,0,0,0,0,0,0,0,0,0,0,0,0,0,0,0,0,0,0,0,0,0,0,0,0,0,0,0,0,0,0,0,0,0,0,0,0,0,0,0,0,0,0,0,0
"PWY-7383: anaerobic energy metabolism (invertebrates, cytosol)",0,0.000118407,4.64244e-05,0,0,0,0.000116236,0,5.05002e-05,0,0,0,9.33414e-05,0,8.16292e-05,0,6.46704e-05,3.82471e-05,6.28424e-05,0,0.000100306,9.15376e-05,9.16894e-05,0,0,5.17763e-05,0,5.76846e-05,0,0,0,0,0,0,5.27977e-05,0,0,0,0,0.000133987,0,0.000108474,8.71382e-05,5.02052e-05,0,0,4.27834e-05,0,0,9.3799e-05,0,0,5.37417e-05,5.27761e-05,5.7168e-05,0.000114887,4.47927e-05,0,5.56854e-05,0,7.014e-05,0,4.71612e-05,0.000109332,0,0,0,0,0,0,8.97652e-05,0,7.11985e-05,0.000266468,5.84598e-05,0,0,0.000152124,0.000182591
"PWY-7384: anaerobic energy metabolism (invertebrates, mitochondrial)",0,0,0,1.33232e-05,0,0,0,0,0,0,0,0,0,0,0,0,0,0,0,0,0,0,0,0,0,0,0,0,0,0,0,0,0,0,0,0,0,0,0,0,0,0,0,0,0,0,0,0,0,0,0,0,0,0,0,0,0,0,0,0,0,0,0,0,0,0,0,0,0,0,0,0,0,0,0,0,0,0,0
"PWY-7385: 1,3-propanediol biosynthesis (engineered)",3.18015e-05,0,0,0,7.79303e-05,0,0,0,4.01092e-05,0,0,0,0,0,0,0,0,0,0,0,3.74638e-05,0,0,0,0,0,5.36267e-05,0,0,0,0,1.15758e-05,0,0,0,7.45039e-05,0,0,5.72607e-05,0,0,0,0,0,0,0,0,0,0,0,0,0,0,0,0,0,0,0,0,0,0,8.72467e-05,0,2.535e-05,0,0,0,0,0,0,2.96137e-05,0,0,0.000118536,0,0,0,0,0
"PWY-7388: octanoyl-[acyl-carrier protein] biosynthesis (mitochondria, yeast)",3.11534e-05,0,0,0,2.31352e-05,0,0,0,0,0,0,0,0,0,0,0,0,0,0,0,0,0,0,0,0,0,0,0,0,0,0,0,0,0,0,0,0,0,0,0,0,0,0,0,0,0,0,0,0,0,0,0,0,0,0,0,0,0,0,0,0,0,0,0,0,0,0,0,0,0,0,0,0,0,0,0,0,0,0
"PWY-7389: superpathway of anaerobic energy metabolism (invertebrates)",0,0,0,0,0,0,0,0,0,0,0,0,0,0,0,0,0,0,0,0,0,0,0,0,0,0,0,0,0,0,0,0,0,0,0,0,0,0,0,0,0,0,0,0,0,0,0,0,0,0,0,0,0,0,0,0,0,0,0,0,0,0,0,0,0,0,0,0,0,0,0,0,0,0,0,0,0,0,0
"PWY-7391: isoprene biosynthesis II (engineered)",0,0,0,0,0,0,0,0,0,0,0,0,0,0,0,0,0,0,0,0,0,0,0,0,0,0,0,0,0,0,0,0,0,0,0,0,0,0,0,0,0,0,0,0,0,0,0,0,0,0,0,0,0,0,0,0,0,0,0,0,0,0,0,0,0,0,0,0,0,0,0,0,0,0,0,0,0,0,0
"PWY-7392: taxadiene biosynthesis (engineered)",0.000214713,0,0,0,0,0,0,0,0,0,0,7.74888e-05,5.72642e-05,6.52023e-05,0,0,0,0.000103398,0,0,5.94156e-05,5.04692e-05,0,0.000147086,0,0,0.000254471,0,0,0,0,0.000207514,0.000197016,8.02399e-05,0,0.000108469,0,0,0,0,0,0,9.68106e-05,9.40376e-05,0,0,0,0,0.00014971,5.73968e-05,8.58397e-05,4.26873e-05,0,0,0,0,0.000133568,5.73121e-05,0,0,0,0.00015892,0,0,0,0,0,0,0,7.70544e-05,0.000132398,0,0,0,8.25266e-05,0,0,0,0
"PWY-7396: butanol and isobutanol biosynthesis (engineered)",0,0,0,0,1.38649e-05,0.000232031,0,0.000268038,0,0,0,0,0,0,0,0,0,0,0,0,0,0,0,0,0,0,0,0,0,0,0,0,0,0,0,0,0,0,0,0,0,0,0,0,0,0,0,0,0,0,0,0,0,0,0,0,0,0,0,0,0,0,0,0,0,0,0,0,0,0,0,0,0,0,0,0,0,0,0
"PWY-7399: methylphosphonate degradation II",0,0,0,0,0,0,0,0,0,0,0,0,0,0,0,0,0,0,0,0,0,0,0,0,0,0,0,0,0,0,0,0,0,0,0,0,0,0,0,0,0,0,0,0,0,0,0,0,0,0,0,0,0,0,0,0,0,0,0,0,0,0,0,0,0,0,0,0,0,0,0,0,0,0,0,0,0,0,0
"PWY-7400: L-arginine biosynthesis IV (archaebacteria)",0.000261937,0.000150075,0,0.000243023,0.000271679,0.000374266,0.000245099,0.00039802,0.000297197,0,0.000123032,0.000222539,0.000248217,0.000109869,0.00020348,0,0.000399017,0.000141464,0,0.000148461,0.000224081,0.000103053,0.000308061,0.000120761,0.000294208,0.000241276,0.000256713,0.000185029,0.000212261,0,0,0.000247564,0.000235529,0,0.000178735,0.000207605,0,0,0.000109104,0.000259188,0,0,0.000159323,0.000367085,0.000229416,0,0.000275061,0,9.77944e-05,0.000112738,9.19007e-05,0.00019519,0.000170595,0.000107327,0.000212268,0.000173366,0,0.000160713,0.000139436,0.000100708,0,0.000358089,0,0.000228681,0.000132249,0,0,0.000306809,0.000172209,0.000420607,0.000256717,0.00014056,0.000154526,0.000388262,0.000102723,0.000203318,0,0.000215567,0
"PWY-7409: phospholipid remodeling (phosphatidylethanolamine, yeast)",0,0,0,3.35752e-05,4.52766e-05,0,0,0,0,0,0,3.19046e-05,0,0,0,0,0,0,0,0,0,0,0,0,0,0,0.000102675,0,0,0,0,0,5.24794e-05,0,0,0,0,0,0,0,0,0,0,0,0,0,0,0,0,0,0,0,0,0,0,0,0,0,0,0,0,0,0,0,0,0,0,0,0,4.16918e-06,0,0,0,7.04041e-05,0,0,0,0,0
"PWY-7411: phosphatidate biosynthesis (yeast)",0,0,0,0,0,0,0,0,0,0,0,0,0,0,0,0,0,0,0,0,0,0,0,0,0,0,0,0,0,0,0,0,0,0,0,0,0,0,0,0,0,0,0,0,0,0,0,0,0,0,0,0,0,0,0,0,0,0,0,0,0,0,0,0,0,0,0,0,0,0,0,0,0,0,0,0,0,0,0
"PWY-7431: aromatic biogenic amine degradation (bacteria)",0,0,0,0,5.12541e-06,1.05024e-05,0,5.60721e-06,0,0,0,0,0,0,0,0,0,0,0,0,0,0,0,0,0,0,0,0,0,0,0,0,0,0,0,0,0,0,0,0,0,0,0,0,0,0,0,0,0,0,0,0,0,0,0,0,0,0,0,0,0,0,0,0,0,0,0,0,0,0,0,0,0,0,0,0,0,0,0
"PWY-7434: terminal O-glycans residues modification (via type 2 precursor disaccharide)",0,0,0,0,0,0,0,0,0,0,0,0,0,0,0,0,0,0,0,0,0,0,0,0.000121972,0,0,0,0,0,0,0,0,0,0,0,0,0,0,0,0,0,0,0,0,0,0,0,0,3.81059e-05,0,0,0,0,0,0,0,0,0,0,0,0,0,0,0,0,0,0,0,0,0,0,0,0,0,0.000158933,0,0,0,0
"PWY-7446: sulfoquinovose degradation I",0,0,0,3.39702e-05,9.25241e-05,1.57222e-05,0,0,0,0,0,0,0,0,0,0,0,0,0,0,0,0,0,0,0,0,3.14299e-05,0,0,0,0,0,0,0,0,2.85348e-05,0,0,0,0,0,0,0,0,0,0,0,0,0,0,0,0,0,0,0,0,0,0,0,0,0,0,0,0,0,0,0,3.85343e-05,0,1.04835e-05,0,0,0,0,0,0,0,0,0
"PWY-7456: &beta;-(1,4)-mannan degradation",0.000121508,0,2.40069e-05,0.000185192,0,0,0.000118104,0,0.000159277,3.69437e-05,3.93443e-05,8.19577e-05,4.23495e-05,0.000157539,0.000101512,0,3.46014e-05,9.11475e-05,0,0,0.00010512,0,0,8.35787e-05,9.70299e-05,0.000145226,0,4.64459e-05,0.000107567,0,0,0.000118467,7.78024e-05,2.16206e-05,4.04606e-05,0.000113875,0,0,9.45224e-05,0.000153915,0,2.62536e-05,4.58218e-05,4.41798e-05,6.70863e-05,0,7.53776e-05,0.000111961,0,7.7061e-05,8.32421e-05,0,8.02998e-05,3.79506e-05,0,4.01309e-05,1.10271e-05,0,2.45874e-05,0,0,0,3.37162e-05,0,5.25222e-05,0,0,0,4.84067e-05,0,7.88369e-05,0,2.86282e-05,0,6.13926e-05,8.02117e-05,0,0,0
"PWY-7511: protein ubiquitination",0,0,0,0,0,0,0,0,0,0,0,0,0,0,0,0,0,0,0,0,0,0,0,0,0,0,0,0,0,0,0,0,0,0,0,0,0,0,0,0,0,0,0,0,0,0,0,0,0,0,0,0,0,0,0,0,0,0,0,0,0,0,0,0,0,0,0,0,0,0,0,0,0,0,0,0,0,0,0
"PWY-7527: L-methionine salvage cycle III",0,0,0,0,0,0,0,0,0,0,0,0,0,0,0,0,0,0,0,0,0,0,0,0,0,0,0,0,0,0,0,0,0,0,0,0,0,0,0,0,0,0,0,0,0,0,0,0,0,0,0,0,0,0,0,0,0,0,0,0,0,0,0,0,0,0,0,0,0,0,0,0,0,0,0,0,0,0,0
"PWY-7528: L-methionine salvage cycle I (bacteria and plants)",0,0,0,0,0,0,0,0,0,0,0,0,0,0,0,0,0,0,0,0,0,0,0,0,0,0,0,0,0,0,0,0,0,0,0,0,0,0,0,0,0,0,0,0,0,0,0,0,0,0,0,0,0,0,0,0,0,0,0,0,0,0,0,0,0,0,0,0,0,0,0,0,0,0,0,0,0,0,0
"PWY-7560: methylerythritol phosphate pathway II",0.000258292,0,0.000280461,0.000291485,0.000243849,0.000278526,0,0.000257959,0.000133154,0,0,0.00020044,0.000106815,0.000202226,8.93576e-05,0.0005577,0,0.000183946,0,0,8.40826e-05,7.55603e-05,0.000105583,0.000210323,0,0,0.000313045,0.000245366,0,0,0.000452573,0.000241822,0.000228282,9.51724e-05,0.000105336,0.000163786,0.000294764,0,7.97732e-05,0.000155596,0.000610005,0,0.000185724,0.000138555,0,0.000460012,0,0,0.000212824,0.000264565,0.000118399,0.000128827,0.00012233,0,8.5619e-05,0,0.000159036,8.14099e-05,0,0,0.000312637,0.000190776,0,0.000196191,0.000179993,0,0.000153591,0.000249896,0.000117531,0.000170405,0.000169112,0.00016937,0.000299083,0.000233228,0.000106654,0,0.000315158,0,6.27647e-05
"PWY-7616: methanol oxidation to carbon dioxide",0,0,0,0,0,0,0,0,0,0,0,0,0,0,0,0,0,0,0,0,0,0,0,0,0,0,0,0,0,0,0,0,0,0,0,0,0,0,0,0,0,0,0,0,0,0,0,0,0,0,0,0,0,0,0,0,0,0,0,0,0,0,0,0,0,0,0,0,0,0,0,0,0,0,0,0,0,0,0
"PWY-7663: gondoate biosynthesis (anaerobic)",0.000336074,0.000194281,0.000256163,0.000425236,0.000487567,0.000594572,0.000153296,0.000500593,0.000200001,0.000183403,0.000315401,0.000238331,0.000156247,0.000348355,7.89362e-05,9.46825e-05,0.000590749,0.000403611,0.000248026,0.000360128,0.000172001,0.000235137,0.000248156,0.000294049,0.000338427,0.000399003,0.000349413,0.000289238,0.000276743,0.000330251,0.000127861,0.000381526,0.000363686,0.000262901,0.00013247,0.000249884,0,0.000256468,0.000258746,0.000327872,4.76172e-05,0.000234723,0.000204844,0.000278589,0.000252838,0.000127467,0.00036898,0.000293261,0.000255723,0.000224718,0.000292904,0.000165515,0.000147325,0.000303095,0.00017073,0.000190824,0.000505518,0.00018569,0.000225251,0.000173621,0.000122907,0.00018315,0.000167289,0.000133568,0.000365718,0.00027539,0.000145412,0.000524662,9.74103e-05,0.000237153,0.000273365,0.000172516,0.000287168,0.000465716,0.000294446,0.00016603,3.14776e-05,0.000257233,4.39649e-05
"PWY-7664: oleate biosynthesis IV (anaerobic)",0.000311725,3.9906e-05,6.84117e-05,0.000352402,0.000309582,0.000437118,0,0.000431224,8.13115e-05,0.00011268,0.000129447,0.000225846,0.000108552,0.000209141,5.02912e-05,0,0.000537331,0.000129403,9.63349e-05,0.00010334,8.31819e-05,5.73735e-05,0.000226475,0.000103361,0.000156411,0.000231913,0.0002652,0.000153931,4.84915e-05,0,6.65653e-05,0.000334071,0.000291616,0.00010229,0,0.000202947,0,0.000108839,0.000130005,0.000137981,0,0,4.51838e-05,3.58036e-05,7.10923e-05,5.25178e-05,0,4.28211e-05,8.7026e-05,0.000211669,0.000140754,0.000141433,0.000132159,0.00011663,6.17574e-05,0,0.000163257,0.000143325,0,6.41064e-05,0,0.00015447,0,0.000131073,0,0,0.000102516,0.000484692,0,0.000176806,9.07726e-05,0,7.28361e-05,0.000371256,0,0.000119772,0,0.000109011,0
"PWY-7688: dTDP-&alpha;-D-ravidosamine and dTDP-4-acetyl-&alpha;-D-ravidosamine biosynthesis",0,0,0,0,0,0,0,0,0,0,0,0,0,0,0,0,0,0,0,0,0,0,0,0,0,0,0,3.66587e-05,0,0,0,4.45986e-05,0,0,0,0,0,0,0,0,0,5.75123e-05,0,0,0,0,0,0,0,0.000105649,0,0,0,0,0,0,0,0,0,0,0,0,0,0,0,0,0,0,0,0,0,0,0,0,0,0,0,0,0
"PWY-7723: bacterial bioluminescence",0,0,0,0,0,3.16708e-05,0,0,0,0,0,0,0,0,0,0,0,0,0,0,0,0,0,0,0,0,0,0,0,0,0,0,0,0,0,0,0,0,0,0,0,0,0,0,0,0,0,0,0,0,0,0,0,0,0,0,0,0,0,0,0,0,0,0,0,0,0,0,0,0,0,0,0,0,0,0,0,0,0
"PWY-7731: superpathway of photosynthetic hydrogen production",0,0,0,0,0,0,0,0,0,0,0,0,0,0,0,0,0,0,0,0,0,0,0,0,0,0,0,0,0,0,0,0,0,0,0,0,0,0,0,0,0,0,0,0,0,0,0,0,0,0,0,0,0,0,0,0,0,0,0,0,0,0,0,0,0,0,0,0,0,0,0,0,0,0,0,0,0,0,0
"PWY-7754: bile acid 7&alpha;-dehydroxylation",0,0,0,0,0,0,0,0,0,0,0,0,0,0,0,0,0,0,0,0,0,0,0,0,0,0,0,0,0,0,0,0,0,0,0,0,0,0,0,0,0,0,0,0,0,0,0,0,0,0,0,0,0,0,0,0,0,0,0,0,0,0,0,0,0,0,0,0,0,0,0,0,0,0,0,0,0,0,0
"PWY-7761: NAD salvage pathway II (PNC IV cycle)",2.21952e-05,0,5.77693e-05,0.000132518,6.43404e-05,8.36987e-05,0.000130919,0,0,0,0,4.56919e-05,4.19622e-05,0.000181052,8.89793e-05,0,0,4.53128e-05,7.85693e-05,0,0,0,6.71595e-05,0.000152589,0,4.48529e-05,9.34565e-05,0.000104787,0,4.82127e-05,7.26771e-05,9.85034e-05,6.31212e-05,2.26827e-05,2.82314e-05,0.000114252,0,0,0,7.29322e-05,0,0,3.30931e-05,0,0,0,0,3.37136e-05,4.14379e-05,0.000108712,0,5.80603e-05,7.46031e-05,0,5.28265e-05,0.000128809,0,4.87126e-05,9.18843e-05,7.68977e-05,5.72885e-05,6.80517e-05,4.43774e-05,5.97481e-05,3.58744e-05,0,8.27767e-05,0.000179133,7.659e-05,5.79622e-05,4.13183e-05,0,0,0.000146548,0,3.24008e-05,4.83046e-05,4.04933e-05,5.39454e-05
"PWY-7783: plasmalogen degradation",0,0,0,0,0,0,0,0,0,0,0,0,0,0,0,0,0,0,0,0,0,0,0,0,0,0,0,0,0,0,0,0,0,0,0,0,0,0,0,0,0,0,0,0,0,0,0,0,0,0,0,0,0,0,0,0,0,0,0,0,0,0,0,0,0,0,0,0,0,0,0,0,0,0,0,0,0,0,0
"PWY-7790: UMP biosynthesis II",0.000354301,0.000369219,0.000463487,0.000317448,0.000267769,0.000409996,0.000458062,0.000340544,0.000319371,0.000357849,0.000379681,0.000262923,0.000359394,0.000382511,0.000371283,0.000605686,0.000634174,0.000395351,0.00047283,0.000528142,0.000301018,0.000353099,0.000395921,0.000286082,0.000450374,0.000446272,0.000242007,0.000378592,0.000450021,0.000371632,0.000423308,0.000221651,0.000234299,0.000259805,0.000294074,0.000227588,0.000706334,0.000481499,0.000309263,0.000513491,0.000717576,0.000386467,0.000451294,0.0005113,0.000445618,0.000507201,0.000428567,0.00038522,0.000335418,0.000531609,0.000376617,0.00023611,0.000287453,0.00043659,0.000432058,0.000339747,0.000527934,0.00023576,0.000283416,0.000260436,0.000413767,0.000272552,0.000374859,0.000402986,0.000503373,0.000635075,0.000333385,0.000241378,0.000382451,0.000354692,0.000323522,0.000375778,0.000419913,0.000341445,0.000407616,0.000510031,0.000486315,0.00040151,0.000764593
"PWY-7791: UMP biosynthesis III",0.000354301,0.000369219,0.000463487,0.000317448,0.000238044,0.000409996,0.000458062,0.000340544,0.000319371,0.000357849,0.000379681,0.000262923,0.000359394,0.000382511,0.000371283,0.000605686,0.000634174,0.000395351,0.00047283,0.000528142,0.000301018,0.000353099,0.000395921,0.000286082,0.000450374,0.000446272,0.000242007,0.000378592,0.000450021,0.000371632,0.000423308,0.000221651,0.000234299,0.000276762,0.000294074,0.000227588,0.000706334,0.000481499,0.000309263,0.000513491,0.000717576,0.000386467,0.000451294,0.0005113,0.000445618,0.000507201,0.000428567,0.00038522,0.000335418,0.000531609,0.000376617,0.00023611,0.000287453,0.00043659,0.000432058,0.000339747,0.000527934,0.00023576,0.000283416,0.000260436,0.000413767,0.000272552,0.000374859,0.000402986,0.000503373,0.000635075,0.000333385,0.000241378,0.000382451,0.000354692,0.000323522,0.000375778,0.000419913,0.000341445,0.000407616,0.000510031,0.000486315,0.00040151,0.000764593
"PWY-7805: (aminomethyl)phosphonate degradation",0,0,0,1.14124e-05,7.07692e-05,0,0,0,0,0,0,5.88718e-06,0,0,0,0,0,0,0,0,0,0,0,0,0,0,2.81346e-05,0,0,0,0,0,8.86848e-06,0,0,4.13057e-05,0,0,0,0,0,0,0,0,0,0,0,0,0,0,0,0,0,0,0,0,0,0,0,0,0,0,0,0,0,0,0,5.18703e-06,0,6.75751e-06,0,0,0,1.54343e-05,0,0,0,0,0
"PWY-7807: glyphosate degradation III",0,0,0,1.08985e-05,6.92777e-05,0,0,0,0,0,0,6.02034e-06,0,0,0,0,0,0,0,0,0,0,0,0,0,0,2.63617e-05,0,0,0,0,0,8.0821e-06,0,0,4.45637e-05,0,0,0,0,0,0,0,0,0,0,0,0,0,3.24855e-05,0,0,0,0,0,0,0,0,0,0,0,0,0,0,0,0,0,4.67264e-06,0,6.57447e-06,0,0,0,1.46624e-05,0,0,0,0,0
"PWY-7820: teichuronic acid biosynthesis (B. subtilis 168)",0,0,0,0,0,0,0,0,0,0,0,0,0,0,0,0,0,0,0,0,0,0,0,0,0,0,0,0,0,0,0,0,0,0,0,0,0,0,0,0,0,0,0,0,0,0,0,0,0,0,0,0,0,0,0,0,0,0,0,0,0,0,0,0,0,0,0,0,0,0,0,0,0,0,0,0,0,0,0
"PWY-7851: coenzyme A biosynthesis II (eukaryotic)",0.000208784,6.43354e-05,0.000335599,0.000192918,0.000185196,0.000240377,0.0003551,0.000318057,0.000190759,0.000256485,0.000357766,0.000191961,0.00026335,0.000368526,0.000129593,0.000219348,0.000459462,0.00017205,0.000342344,0.000380167,0.000171899,0.000222903,0.000231397,0.000399738,0.000286371,0.000456731,0.000249119,0.000222598,0.000293458,0.000314011,0.000122295,0.000278552,0.00013588,0.000103071,0.000204349,0.000165685,0.000418618,0.000435253,0.00022105,0.000269464,0.000214141,0.000200853,0.000215073,0.000316581,0.000334716,2.8611e-05,0.000267057,0.000347116,0.000161426,0.000464359,0.000200673,0.000130611,0.000273212,0.000246018,0.000271598,0.000334062,0.00031436,0.000142618,0.000260987,0.000107045,0.00027659,0.000199649,0.000306435,8.01677e-05,0.000284419,0.000555245,0.000206989,0.000194524,0.000350649,0.000248216,0.000220487,0.000216657,0.000279789,0.000212535,0.000337428,0.000216588,0.000173336,0.000175775,0.000484982
"PWY-7853: 6-hydroxymethyl-dihydropterin diphosphate biosynthesis V (Pyrococcus)",0,0,0,0,0,0,0,0,0,0,0,0,0,0,0,0,0,0,0,0,0,0,0,0,0,0,0,0,0,0,0,0,0,0,0,0,0,0,0,0,0,0,0,0,0,0,0,0,0,0,0,0,0,0,0,0,0,0,0,0,0,0,0,0,0,0,0,0,0,0,0,0,0,0,0,0,0,0,0
"PWY-7858: (5Z)-dodecenoate biosynthesis II",2.38402e-05,0,0,6.85887e-05,0.000218722,0.000269973,0,0.000303825,0,0,0,1.15417e-05,0,0,0,0,0,0,0,0,0,0,0,0,0,0,4.39542e-05,0,0,0,0,0,9.99306e-05,0,0,3.82888e-05,0,0,0,0,0,0,0,0,0,0,0,0,4.13737e-05,7.12695e-05,0,8.27499e-05,0,0,0,0,0,7.53159e-05,0,0,0,1.88132e-05,0,0,0,0,0,0.000317424,0,3.89603e-05,3.01536e-05,0,0,0.000123019,0,0,0,0,0
"PWY-7873: D-erythronate degradation II",0,0,0,5.81632e-06,4.6094e-05,0,0,0,0,0,0,0,0,0,0,0,0,0,0,0,0,0,0,0,0,0,0,0,0,0,0,0,1.05893e-05,0,0,0,0,0,0,0,0,0,0,0,0,0,0,0,0,0,0,0,0,0,0,0,0,0,0,0,0,0,0,0,0,0,0,1.12843e-05,0,0,0,0,0,0,0,0,0,0,0
"PWY-7874: L-threonate degradation",0,0,0,5.81632e-06,5.30137e-05,0,0,0,0,0,0,0,0,0,0,0,0,0,0,0,0,0,0,0,0,0,1.1544e-05,0,0,0,0,9.89759e-06,1.05893e-05,0,0,0,0,0,0,0,0,0,0,0,0,0,0,0,0,0,0,0,0,0,0,0,0,0,0,0,0,0,0,0,0,0,0,1.98442e-05,0,8.18645e-06,0,0,0,6.31326e-06,0,0,0,0,0
"PWY-7883: anhydromuropeptides recycling II",7.45953e-05,0,0,8.15348e-05,7.04753e-05,0.000308441,0,0.000316664,4.32302e-05,0,0,1.88634e-05,0,0,0,0,0,0,0,7.35514e-05,0,0,0,0,0,7.90603e-05,0.000122958,0,0,0,0,5.3234e-05,7.27241e-05,0,0,2.06586e-05,0,0,0,0,0,0,0,0,6.32674e-05,4.66748e-05,0,0,7.24042e-05,4.89467e-05,0,3.88703e-05,0,0,0,0,0,0,0,0,0,3.16438e-05,3.77024e-05,1.99181e-05,5.20224e-05,0,0,0.000106229,8.15705e-05,1.18045e-05,0,0,0,0.000115494,0,0,0,3.88511e-05,0
"PWY-7942: 5-oxo-L-proline metabolism",5.50745e-05,0,0,3.81069e-05,4.41837e-05,0.000233511,0,0.000257474,1.55468e-05,0,0,2.56642e-05,0,0,0,0,0,0,0,0,4.08871e-05,0,0,0,0,0,0,0,0,0,0,0,0,0,0,0,0,0,0,0,0,0,0,0,0,0,0,3.69879e-05,3.42491e-05,3.47321e-05,0,4.54415e-05,0,0,0,0,0,3.03955e-05,0,0,0,3.21029e-05,0,0,0,0,0,7.51183e-05,0,7.48335e-05,3.06171e-05,0,0,7.03984e-05,0,0,0,0,0
"PWY-7953: UDP-N-acetylmuramoyl-pentapeptide biosynthesis III (meso-diaminopimelate containing)",0.000307001,0.000221833,0.00045028,0.00028903,0.000322263,0.000308513,0.000337547,0.000323494,0.00026968,0.000328085,0.00042183,0.0003451,0.000292029,0.000343575,0.000254499,0.000404779,0.00054494,0.000315838,0.000325339,0.000439235,0.000316073,0.000260787,0.00030611,0.000569511,0.000408059,0.000464676,0.000316395,0.000304723,0.000278726,0.000311574,0.0004391,0.000353479,0.000277099,0.000233528,0.000241856,0.000223789,0.000595616,0.000498089,0.000475406,0.000302868,0.000656639,0.000365954,0.000355223,0.000447496,0.000316349,0.000403789,0.000331909,0.000367993,0.000410263,0.00046442,0.000364127,0.000208039,0.000264463,0.00037074,0.00029819,0.000419179,0.000593532,0.000175078,0.000292982,0.000182827,0.000378066,0.000314344,0.0003184,0.000676804,0.00028908,0.000646342,0.000251949,0.000322586,0.000347439,0.000312731,0.000338584,0.000276676,0.000380997,0.000316437,0.00039445,0.000304269,0.000377381,0.000324835,0.000516295
"PWY-7977: L-methionine biosynthesis IV",0.000391887,0.00019032,0.000417426,0.000389906,0.000495436,0.000508052,0.000261776,0.000553799,0.000282567,0.000319429,0.000344779,0.000341033,0.000240992,0.000203114,0.000236471,0.000524137,0.000514045,0.000377287,9.50997e-05,0.000398386,0.000178907,0.000218304,0.000308248,0.000206186,0.000300992,0.000400606,0.00040287,0.000404884,0.000358048,0.000283746,0.000453085,0.00034158,0.000252807,0.000274739,0.000136525,0.000286464,0.000752382,0.000217114,0.000324105,0.000285007,0.000671694,0.000252387,0.000292791,0.000246595,0.000303704,0.000529912,0.000263709,0.000261572,0.000349344,0.000109394,0.000272505,0.000256896,0.00025269,0.000280755,0.000148276,0.000273484,0.000489574,0.00013449,0.000227191,9.50849e-05,0.000260387,0.000255061,0.000230507,0.000316567,0.000349461,0.000391441,0.000215081,0.000392662,0.000269803,0.000192151,0.000302407,0.000274791,0.000407847,0.00038575,0.000335763,0.000140222,0.000286206,0.000328379,0.000488043
"PWY-7992: superpathway of menaquinol-8 biosynthesis III",0,0,0,0,0,0,0,0,0,0,0,0,0,0,0,0,0,0,0,0,0,0,0,0.000149523,0.00011001,0,0.000102502,0,0,0,0,0,0,0,0,0,0,0,0,0,0,0,0,0,8.24594e-05,0,0,0,0,0,0,0,0,0,0,0,0,0,0,0,0,0,0,0,0,0,0,0,0,0,0,0,0,0,0,0,0,0,0
"PWY-8004: Entner-Doudoroff pathway I",7.74156e-05,0,0,0.000331146,0.000334936,0.000292673,6.20513e-05,0.000265201,5.93611e-05,7.4524e-05,0,0.000141419,2.3122e-05,5.7104e-05,0,0,0,5.58192e-05,0,6.97903e-05,6.48806e-05,5.46705e-05,4.96555e-05,8.14042e-05,5.21077e-05,0,0.000164663,4.6253e-05,0.000126867,0,3.9692e-05,0.00015328,0.000177436,8.33536e-05,7.18409e-05,0.000143401,0,0,0,4.89027e-05,0,5.07118e-05,7.0387e-05,0.000131331,0,0,0.000141305,4.93283e-05,0.000132272,0.000132926,0,8.43937e-05,6.101e-05,0.000100048,6.9501e-05,0,0.000107844,7.71325e-05,0,5.18786e-05,0,7.93543e-05,5.82217e-05,3.1175e-05,0,0,0.000100409,0.000332177,5.60661e-05,0.000133816,3.91967e-05,0,4.79321e-05,0.000123055,0,0,0,1.51117e-05,0
"PWY-8011: L-serine biosynthesis II",0,0,0,0,0,0,0,0,0,0,0,0,0,0,0,0,0,0,0,0,0,0,0,0,0,0,0,0,0,0,0,0,0,0,0,0,0,0,0,0,0,0,0,0,0,0,0,0,0,0,0,0,0,0,0,0,0,0,0,0,0,0,0,0,0,0,0,0,0,0,0,0,0,0,0,0,0,0,0
"PWY-801: homocysteine and cysteine interconversion",1.33276e-05,0,0,0,0.00012978,0,0,0,1.61263e-05,0,0,1.30606e-05,0,0,0,0,0,0,0,0,0,0,8.61516e-06,0,0,0,0,0,0,0,0,3.03044e-05,3.74708e-05,0,0,2.64223e-05,0,0,0,0,0,0,0,0,0,0,0,0,0,3.79102e-05,0,0,0,0,0,0,0,0,0,0,0,2.47965e-05,0,0,0,0,0,7.89147e-05,0,4.46648e-05,0,0,0,0,0,0,0,0,0
"PWY-8055: palmitoyl ethanolamide biosynthesis",0,0,0,0,0,0,0,0,0,0,0,0,0,0,0,0,0,0,0,0,0,0,0,0,0,0,0,0,0,0,0,0,0,0,0,0,0,0,0,0,0,0,0,0,0,0,0,0,0,0,0,0,0,0,0,0,0,0,0,0,0,0,0,0,0,0,0,0,0,0,0,0,0,0,0,0,0,0,0
"PWY-8073: lipid IVA biosynthesis (P. putida)",0.000221641,0,8.08928e-05,0.000279141,0.000297279,0.0002842,0.000123819,0.000281127,0.000119992,0,0.00015604,0.000180936,5.89336e-05,0,4.75587e-05,0,0,0.000109676,5.49032e-05,0.00017397,4.85325e-05,0.000113701,7.57177e-05,0.000145781,0.000201151,0.000285799,0.000254549,5.11459e-05,0.000107421,0,4.25343e-05,0.000194021,0.000200513,0.000138003,3.81845e-05,0.000152184,0,4.83281e-05,0.000136006,0.000114793,0,0.000121188,8.98034e-05,5.31141e-05,0.000219719,0.000121082,0,5.64825e-05,0.00013249,0.000148301,0.000221625,0.000117692,0.000100824,6.58617e-05,0,0.000105395,0.00037673,7.3524e-05,8.35305e-05,6.38409e-05,0,6.4198e-05,0.000115102,0.000194486,9.21907e-05,0,5.67762e-05,0.000217865,0.000150312,9.50958e-05,0.000116487,0,8.1693e-05,0.00015807,0.000278932,4.27658e-05,0,8.17542e-05,0
"PWY-8086: (S)-lactate fermentation to propanoate, acetate and hydrogen",0,0,0,1.0553e-05,0,0,0,0,0,0,0,0,0,0,0,0,0,0,0,0,0,0,0,0,0,0,0,0,0,0,0,0,0,0,0,0,0,0,0,0,0,0,0,0,0,0,0,0,0,0,0,0,0,0,0,0,0,0,0,0,0,0,0,0,0,0,0,0,0,0,0,0,0,0,0,0,0,0,0
"PWY-8112: factor 420 biosynthesis I (archaea)",0,0,0,0,0,0,0,0,0,0,0,0,0,0,0,0,0,0,0,0,0,0,0,0,0,0,0,0,0,0,0,0,0,0,0,0,0,0,0,0,0,0,0,0,0,0,0,0,0,0,0,0,0,0,0,0,0,0,0,0,0,0,0,0,0,0,0,0,0,0,0,0,0,0,0,0,0,0,0
"PWY-8113: 3PG-factor 420 biosynthesis",0,0,0,0,0,0,0,0,0,0,0,0,0,0,0,0,0,0,0,0,0,0,0,0,0,0,0,0,0,0,0,0,0,0,0,0,0,0,0,0,0,0,0,0,0,0,0,0,0,0,0,0,0,0,0,0,0,0,0,0,0,0,0,0,0,0,0,0,0,0,0,0,0,0,0,0,0,0,0
"PWY-8125: mevalonate pathway IV (archaea)",0,0,0,0,0,0,0,0,0,0,0,0,0,0,0,0,0,0,0,0,0,0,0,0,0,0,0,0,0,0,0,0,0,0,0,0,0,0,0,0,0,0,0,0,0,0,0,0,0,0,0,0,0,0,0,0,0,0,0,0,0,0,0,0,0,0,0,0,0,0,0,0,0,0,0,0,0,0,0
"PWY-8131: 5'-deoxyadenosine degradation II",4.86305e-05,0,0,8.09737e-05,5.24412e-05,0.000215796,0,0.000237717,0,0,0,0,6.78611e-05,0,0,2.81218e-05,0,0,0,0,0,0,3.95375e-05,0,0,0,2.12613e-05,0,0,0,0,5.00168e-05,0,0,0,0,0,0,0,0,0,0,4.39099e-05,0,0,0,0,0,4.0482e-05,0,2.37083e-05,3.71282e-05,0,0,0,0,3.41551e-05,2.52089e-05,0,2.77314e-05,0,0,0,0,0,0,0,0.000112988,0,1.95865e-05,0,5.08808e-05,0,7.39179e-05,0,0,0,2.8611e-05,0
"PWY-8134: bile acid 7&beta;-dehydroxylation",0,0,0,0,0,0,0,0,0,0,0,0,0,0,0,0,0,0,0,0,0,0,0,0,0,0,0,0,0,0,0,0,0,0,0,0,0,0,0,0,0,0,0,0,0,0,0,0,0,0,0,0,0,0,0,0,0,0,0,0,0,0,0,0,0,0,0,0,0,0,0,0,0,0,0,0,0,0,0
"PWY-8173: anteiso-branched-chain fatty acid biosynthesis",0,0,0,0,0,0,0,0,0,0,0,0,0,0,0,0,0,0,0,0,0,0,0,0,0,0,0,0,0,0,0,0,0,0,0,0,0,0,0,0,0,0,0,0,0,0,0,0,0,0,0,0,0,0,0,0,0,0,0,0,0,0,0,0,0,0,0,0,0,0,0,0,0,0,0,0,0,0,0
"PWY-8174: odd iso-branched-chain fatty acid biosynthesis",0,0,0,0,0,0,0,0,0,0,0,0,0,0,0,0,0,0,0,0,0,0,0,0,0,0,0,0,0,0,0,0,0,0,0,0,0,0,0,0,0,0,0,0,0,0,0,0,0,0,0,0,0,0,0,0,0,0,0,0,0,0,0,0,0,0,0,0,0,0,0,0,0,0,0,0,0,0,0
"PWY-8175: even iso-branched-chain fatty acid biosynthesis",0,0,0,0,0,0,0,0,0,0,0,0,0,0,0,0,0,0,0,0,0,0,0,0,0,0,0,0,0,0,0,0,0,0,0,0,0,0,0,0,0,0,0,0,0,0,0,0,0,0,0,0,0,0,0,0,0,0,0,0,0,0,0,0,0,0,0,0,0,0,0,0,0,0,0,0,0,0,0
"PWY-8178: pentose phosphate pathway (non-oxidative branch) II",0.000355655,0.000100823,0.000109675,0.000406473,0.000531272,0.000656325,9.92144e-05,0.000675489,0.000171143,0.000260387,0.000114587,0.000316411,0.000261783,0.000123972,0.00021411,0.000245405,4.23802e-05,0.00017081,0.000132838,0,0.000198224,0.000197116,0.000133479,0.000284029,0,0,0.00049962,0.000266461,0.000113992,0,0.00032766,0.000353648,0.000322057,8.75724e-05,0.000103501,0.000325421,0.000224793,0,0.000194825,0.000292331,0.000414696,7.18879e-05,0.000139493,0.000247367,0,0.000372582,0.000290368,0.000233553,0.000210323,0.000421557,0,0.000240641,0.000142568,4.15492e-05,0.000150724,0.00017673,0.000137879,0.000264211,0.00011136,5.391e-05,0,0.000306467,0.000108757,0.000251968,0.000229765,0.000230252,0.000122996,0.000454089,3.20028e-05,0.000240645,0.000174487,0.000125001,0.000192524,0.000387836,0.000191442,0.000151972,0.000290539,0.000174194,0.000390823
"PWY-8187: L-arginine degradation XIII (reductive Stickland reaction)",0.000185678,0,7.51383e-05,0.000222967,0.000221738,9.23664e-05,6.90057e-05,0,4.85939e-05,0.000157875,9.37608e-05,0.000115893,0.000146555,9.8479e-05,4.70343e-05,0,5.37198e-05,9.29119e-05,2.84311e-05,0.000132796,0.000115712,7.79074e-05,9.11948e-05,5.84316e-05,4.35577e-05,0.000144892,0.000296383,9.36644e-05,0,5.76176e-05,0,0.000230364,0.000241916,0.000118752,7.77165e-05,0.000130332,0,0,0.000149265,3.55962e-05,0,6.36982e-05,4.40972e-05,0.000102747,4.57856e-05,0,0.000152407,0.000101234,7.23314e-05,9.53664e-05,0.000109658,5.08483e-05,5.17225e-05,6.33083e-05,3.08082e-05,3.77348e-05,0,4.10446e-05,3.06812e-05,4.54531e-05,0.000104979,0.000225121,0.000145239,0.000274554,7.57457e-05,0.000229323,3.30602e-05,9.24986e-05,0.000111865,0.000238553,9.35751e-05,5.35652e-05,6.03359e-05,0.000222555,4.82227e-05,4.67355e-05,3.1767e-05,0.000162288,0.000928962
"PWY-8188: L-alanine degradation VI (reductive Stickland reaction)",0,0,0,0,0,0,0,0,0,0,0,0,0,0,0,0,0,0,0,0,0,0,0,0,0,0,0,0,0,0,0,0,0,0,0,0,0,0,0,0,0,0,0,0,0,0,0,0,0,0,0,0,0,0,0,0,0,0,0,0,0,0,0,0,0,0,0,0,0,0,0,0,0,0,0,0,0,0,0
"PWY-8189: L-alanine degradation V (oxidative Stickland reaction)",0,0,0,0,0,0,0,0,0,0,0,0,0,0,0,0,0,0,0,0,0,0,0,0,0,0,0,0,0,0,0,0,0,0,0,0,0,0,0,0,0,0,0,0,0,0,0,0,0,0,0,0,0,0,0,0,0,0,0,0,0,0,0,0,0,0,0,0,0,0,0,0,0,0,0,0,0,0,0
"PWY-8190: L-glutamate degradation XI (reductive Stickland reaction)",0,0,0,0,0,0,0,0,0,0,0,0,0,0,0,0,0,0,0,0,0,0,0,4.33852e-05,0,0,0,0,0,0,0,0,0,0,0,0,0,0,0,0,0,0,0,0,0,0,0,0,3.39843e-05,0,0,0,0,0,0,0,0,0,0,0,0,0,0,0,0,0,0,0,0,0,0,0,0,0,0,0,0,0,0
"PWY-821: superpathway of sulfur amino acid biosynthesis (Saccharomyces cerevisiae)",0.000104684,0,0,0.00019648,8.16059e-05,0.000202871,0,0,7.12404e-05,0,0,8.07343e-05,0,0,0,0,0,0,0,0,0,0,4.40351e-05,0,0,0,0,0,0,0,0,0.000105689,6.83496e-05,0,5.43832e-05,0.000154518,0,0,0,0,0,0,0,0,0,0,0,0,4.9134e-05,5.44205e-05,0,6.15929e-05,0,0,0,0,0,5.21715e-05,0,0,0,6.60535e-05,0,6.87177e-05,0,0,0,0.000155357,0,0.000100375,0,0,0,0.000179789,0,0,0,0,0
"PWY-822: fructan biosynthesis",0,0,0,0,0,0,0,0,0,0,0,0,0,0,0,0,0,0,0,0,0,0,0,0,0,0,0,0,0,0,0,0,0,0,0,0,0,0,0,0,0,0,0,0,0,0,0,0,0,0,0,0,0,0,0,0,0,0,0,0,0,0,0,0,0,0,0,0,0,0,0,0,0,0,0,0,0,0,0
"PWY-841: superpathway of purine nucleotides de novo biosynthesis I",0.000256809,0.000184827,0.000132714,0.000330016,0.000279178,0.000300188,0.000234466,0.000312493,0.000103642,0.000196055,0.000231647,0.000229437,0.000194595,0.000258155,0.0002185,0.000145392,0.0001078,0.000239234,0.000288536,0.000342152,0.000113241,0.000237113,0.000224283,0.0003407,0,0.000329586,0.000322527,0.000204121,0.000330018,0.000113461,0.000121888,0.000281162,0.000217998,0.00023212,0.000234452,0.000227412,0,0.000324096,0.000234183,0.000124821,0,0.000180578,0.000258025,0.000198015,0.000185325,0,0.000215386,0.000204528,0.000225599,0.000210817,0.000147439,0.000147937,0.000121548,0.000275111,0.000230911,0.000237745,0.000220601,0.000155172,0.000263151,0.000123972,9.42876e-05,0.000247213,0.000137747,0.0002976,0.000212685,0,0.000188043,0.000312331,0.000133487,0.000193531,0.000214469,0.000166801,0.000263408,9.83168e-05,0.000157707,0.000274178,0.000132539,0.000309755,0.000489961
"PWY-922: mevalonate pathway I (eukaryotes and bacteria)",0,0,0,0,0,0,0,0,0,0,0,0,0,0,0,0,0,0,0,0,0,0,0,0,0,0,0,0,0,0,0,0,0,0,0,0,0,0,0,0,0,0,0,0,0,0,0,0,0,0,0,0,0,0,0,0,0,0,0,0,0,0,0,0,0,0,0,0,0,0,0,0,0,0,0,0,0,0,0
"PWY-I9: L-cysteine biosynthesis VI (from L-methionine)",0.000119951,0,0,0.000134056,0.000222762,0.00034613,0,0.000351192,8.44914e-05,0,0,9.06415e-05,0.000141399,0,0,5.47497e-05,0,0,0,0,8.75885e-05,4.73166e-05,4.83774e-05,0,0,0,0.000222651,8.43264e-05,0,0,0.000123631,0.000136633,0.000147466,3.50925e-05,0,0.0002053,0,0,5.22777e-05,0,0,0,6.47477e-05,0,0,0,8.38951e-05,0,5.12166e-05,0.000141889,0,9.8444e-05,0.000150205,0,0,0,0,0.000128558,0,0,0,0.000159166,0,0.000181516,0,0.000106623,0,0.00025075,0,0.000274052,0,3.44119e-05,0,0.000155007,0.000116063,0,0,4.49709e-05,5.74639e-05
"PWY0-1061: superpathway of L-alanine biosynthesis",3.82879e-05,0,0,0.0001054,0.000245246,0.000409242,0,0.000493997,0,0,0,5.11851e-05,0,0,0,0,0,0,6.52403e-05,0,8.56266e-05,1.43264e-05,9.96525e-06,0,0,0,0.000117325,0,0,0,2.88929e-05,7.88176e-05,9.44577e-05,0,0,4.72879e-05,0,0,0,0,0,0,0,7.24118e-05,5.90541e-05,0,0,0,0,3.97391e-05,0,6.69353e-05,0,0,9.46674e-05,0,0,6.52369e-05,0,0,0,4.90255e-05,0,0,0,5.78177e-05,7.25316e-05,0.000305263,3.51593e-05,0.000151833,0,5.75037e-05,0,0.000222114,0,0,0,0,0
"PWY0-1221: putrescine degradation II",0,0,0,7.65083e-06,4.76924e-05,3.72179e-05,0,0,0,0,0,0,0,0,0,0,0,0,0,0,0,0,0,0,0,0,0,0,0,0,0,0,0,0,0,3.52792e-05,0,0,0,0,0,0,0,0,0,0,0,0,0,0,0,0,0,0,0,0,0,0,0,0,0,5.53266e-06,0,0,0,0,0,2.73106e-05,0,5.9775e-06,0,0,0,0,0,0,0,0,0
"PWY0-1241: ADP-L-glycero-&beta;-D-manno-heptose biosynthesis",5.33613e-05,9.21372e-05,0,4.52191e-05,8.20323e-05,0.000259299,5.13548e-05,0.000332544,0,0,0,3.46677e-05,1.41614e-05,5.20448e-05,0,2.98647e-05,0,0,0,3.21272e-05,3.78746e-05,0,7.00125e-05,0.000120542,2.87637e-05,2.70574e-05,8.69262e-05,0,2.9717e-05,0,0,1.90453e-05,4.7462e-05,4.94669e-06,0,5.27747e-05,0,1.76777e-05,0,0,0,4.56081e-05,0,2.09513e-05,0,2.68001e-05,0,0,4.26299e-05,0,0,4.00248e-05,0,0,4.66473e-05,5.47542e-05,0,3.45918e-05,0,3.24659e-05,0,1.1335e-05,0,0.000235435,0,5.53126e-05,0,0.000120256,0,5.08654e-05,7.81895e-05,1.53795e-05,0,0.000100078,0,0,0,0,0
"PWY0-1261: anhydromuropeptides recycling I",7.45953e-05,0,0,9.72563e-05,0.000213635,0.000364313,9.38658e-05,0.000447853,4.32302e-05,0,0,7.02101e-05,0,0,4.86302e-05,0,0,0,0,0.000136296,0,0,4.70576e-05,0.000178361,9.55084e-05,9.09029e-05,0.000153748,0,3.89402e-05,0,0,9.14253e-05,0.0001134,0,0,9.8823e-05,0,0,7.42079e-05,6.03327e-05,0,0,0,0,6.32674e-05,4.84031e-05,0,0,7.69808e-05,5.7319e-05,4.8872e-05,6.45485e-05,0,0.000128568,5.63398e-05,7.04578e-05,0,0,8.36769e-05,4.73701e-05,0,6.82748e-05,5.00788e-05,1.99181e-05,5.62042e-05,0,0,0.000228135,9.20168e-05,6.36958e-05,0,0,8.54411e-05,0.0001882,4.86002e-05,0,0,6.68983e-05,0
"PWY0-1277: 3-phenylpropanoate and 3-(3-hydroxyphenyl)propanoate degradation",2.95674e-05,0,0,7.05556e-05,0.000266177,3.13572e-05,0,0,0,0,0,4.32179e-05,0,0,0,0,0,0,0,0,0,0,1.71896e-05,0,0,0,0.000128847,0,0,0,0,0,0,0,0,7.28349e-05,0,0,0,0,0,0,0,0,0,0,0,0,0,3.75392e-05,0,0,0,0,0,0,0,0,0,0,0,3.90309e-05,0,0,0,0,0,0.000123699,0,5.16901e-05,0,0,0,0.000116263,0,0,0,0,0
"PWY0-1296: purine ribonucleosides degradation",0.0002243,0.000116368,0.000198799,0.000262017,0.000439953,0.000311957,0.000483946,0.000398258,0.000202628,0.000261357,0,0.000221202,0.000255138,0,4.9117e-05,6.25934e-05,6.92119e-05,0.000102211,0.000288273,5.81896e-05,0.000347993,0.000167507,3.70427e-05,0.000453326,0.000205188,0.000124106,0.000249493,4.7118e-05,0.000290106,0.000173959,8.65599e-05,0.00023077,0.000255845,0,0.00027989,0.000321186,0,0.0004086,0.000279314,0.00017429,0,0.000129384,0.000178519,0.000228495,0.000130309,4.22373e-05,0.000242515,0.000410682,7.91377e-05,0.000228785,4.64563e-05,0.000203734,0.000323246,9.25222e-05,0.000169546,0.000207,4.73513e-05,0.000136052,0.000148462,0.000162783,0.000334052,0.000378515,0.000256118,0.000282616,6.20304e-05,0.000506242,0.000267744,0.000503489,0.000222136,0.000310824,7.08949e-05,0.000159959,7.28589e-05,0.00025542,0.000124881,0.00034014,0.000133686,0.000311048,0.000205643
"PWY0-1297: superpathway of purine deoxyribonucleosides degradation",4.59162e-05,0,0,0.000168566,0.000313846,0.00029788,0,0.000387,6.66448e-05,7.46908e-05,0,0.000143353,3.37767e-05,0,0,0,0,0,0,0,0,0,2.99406e-05,6.37115e-05,0,0,0.000207218,0,6.63045e-05,0,0,7.97121e-05,0.000110459,0,0,0.000129551,0,0,0,0,0,0,0,0,0,0,0,0,0,0.000214578,0,0.000138209,9.48924e-05,0,0,0,3.65144e-05,9.50245e-05,0,0,0,0.000219461,0,9.18571e-05,0,0,0,0.000286825,0,0.000107143,0,0,0,0.000231511,0,0,0,4.90568e-05,0
"PWY0-1298: superpathway of pyrimidine deoxyribonucleosides degradation",0.000109306,0,0,0.000141418,0.000224604,0.000289825,0,0.000342759,0.000105689,2.52858e-05,0,9.78252e-05,0,0,0,0,0,0,0,0,0,0,2.34291e-05,5.32062e-05,0,0,0.000173351,0,0,0,6.52677e-05,0.000170613,0.000147946,0,0,0.00011852,0,0,0,0,0,0,0,3.1276e-05,0,0,0,0,0,0.000122891,0,6.09266e-05,3.4598e-05,0,0,0,2.66286e-05,1.86991e-05,0,0,0,8.54814e-05,0,2.80188e-05,0,0,0,0.000209917,0,0.000123809,0,0,0,0.000208617,0,0,0,3.91976e-05,0
"PWY0-1319: CDP-diacylglycerol biosynthesis II",0.000278825,0.000206729,0.000189804,0.00037009,0.000415342,0.000331681,0.000318945,0.000410355,0.000280117,0.000234138,0.000250168,0.000274903,0.000228613,0.00030884,0.000245727,0.000143805,0.000463321,0.000213972,0.000296477,0.000314202,0.00023737,0.000218972,0.000252406,0.000301547,0.000408664,0.000304079,0.000349809,0.000240857,0.000216632,0.00030687,0.000116303,0.000297321,0.00029046,0.000234141,0.000289348,0.000310886,0,0.000297813,0.00028729,0.000431432,7.67423e-05,0.000162018,0.000304271,0.00024153,0.000384999,0.000105381,0.00025423,0.000289102,0.000227894,0.000422708,0.000263918,0.0001676,0.00022765,0.000267415,0.000111984,0.000297922,0.000424828,0.000112811,0.000175868,7.28932e-05,0.000307605,0.000214735,0.000285713,0.000140826,0.000228247,0.000272473,0.000223578,0.000380252,0.000221305,0.000306731,0.000261867,0.000173898,0.000215369,0.000303293,0.000282653,0.000301378,0.00012115,0.000249821,7.33674e-05
"PWY0-1337: oleate &beta;-oxidation",0,0,0,8.32116e-05,9.83828e-05,0.000395684,0,0.000478247,0,0,0,3.30852e-05,0,0,0,0,0,0,0,0,0,0,0,0,0,0,0.000125096,0,0,0,0,3.90488e-05,7.18483e-05,0,0,4.60507e-05,0,0,0,0,0,0,0,0,0,0,0,0,0,0,0,5.2001e-05,0,0,0,0,0,4.13874e-05,0,0,0,9.44293e-06,0,0,0,0,0,0.000101004,0,2.25729e-05,0,0,0,0.000166194,0,0,0,0,0
"PWY0-1338: polymyxin resistance",4.63839e-05,0,0,4.20376e-05,0.000128689,0.000308891,0,0.00042309,0,0,0,1.98936e-05,0,0,0,0,0,0,0,0,0,0,0,0,0,0,6.61039e-05,0,0,0,0,4.80921e-05,4.71281e-05,0,0,5.07638e-05,0,0,0,0,0,0,0,0,0,0,0,0,0,3.26241e-05,0,3.56252e-05,0,0,0,0,0,2.63909e-05,0,0,0,1.19851e-05,0,0,0,0,0,0.000125795,0,2.41271e-05,0,0,0,7.79314e-05,0,0,0,0,0
"PWY0-1415: superpathway of heme b biosynthesis from uroporphyrinogen-III",5.05836e-05,0,0,0.000101858,0.00028131,0.000282231,0,0.000384062,0,0,0,3.63953e-05,0,0,0,0,0,0,0,0,0,0,2.53889e-05,0,0,0,0.000105581,0,0,0,0,0,0.000131386,0,0,0.000108786,0,0,0,0,0,0,0,0,0,0,0,0,0,0,0,0,0,0,0,0,0,0,0,0,0,1.89949e-05,0,0,0,0,0,0.00023045,0,6.6673e-05,0,0,0,0.00012666,0,0,0,0,0
"PWY0-1477: ethanolamine utilization",0.000215021,0,5.97734e-05,0.000250874,0.000854099,0.000450953,0,0.000384876,4.48517e-05,0,0,0.000102915,0.000171278,0,0,0,0,3.46547e-05,0,0,4.01147e-05,0,8.16822e-05,0,0,0,0.000269911,0,3.33006e-05,0,0,0.000227582,0.000255021,3.74713e-05,1.58262e-05,0.000225614,0,0,6.98313e-05,0,0,0,9.58498e-05,0,0,0,0,0,0.000152508,0.000215787,0,0.000180349,6.45477e-05,0,0,6.23889e-05,9.59197e-05,0.000126407,4.42681e-05,3.54769e-05,0,0.000122785,0,4.40756e-05,0,0,5.45903e-05,0.000662294,3.03264e-05,0.000166116,7.01942e-05,6.16819e-05,0,0.000448116,0,3.13897e-05,1.99112e-05,4.04406e-05,8.42936e-05
"PWY0-1479: tRNA processing",0.000123437,0,0,0.000132505,0.000218893,0.000379485,0,0.000343526,6.16331e-05,0,0,0.000119048,0,0,0,0,0,0,0,0,5.3372e-05,5.37588e-05,5.3429e-05,0,0,0,0.000212235,0,4.00276e-05,0,4.78011e-05,0.000165313,0.000152998,5.58286e-05,6.03558e-05,0.000106464,0,0,5.50789e-05,4.966e-05,0,0,0,6.35764e-05,0,4.85187e-05,0,6.58143e-05,8.10566e-05,0.000144101,0,8.60706e-05,0,0,5.98835e-05,0,5.27653e-05,0.000108371,0,0,0,0.000117674,7.8623e-05,0.00015818,0,8.76828e-05,6.06827e-05,0.000347719,0,0.00018705,9.33281e-05,0,0,0.000212942,0,0,0,0,0
"PWY0-1533: methylphosphonate degradation I",0,0,0,6.49449e-06,4.56566e-05,0,0,0,0,0,0,3.54439e-06,0,0,0,0,0,0,0,0,0,0,0,0,0,0,1.63093e-05,0,0,0,0,0,4.73418e-06,0,0,3.32089e-05,0,0,0,0,0,0,0,0,0,0,0,0,0,4.58462e-05,0,0,0,0,0,0,0,0,0,0,0,0,0,0,0,0,0,2.71021e-06,0,3.8135e-06,0,0,0,8.68146e-06,0,0,0,0,0
"PWY0-1586: peptidoglycan maturation (meso-diaminopimelate containing)",0.000361725,3.69738e-05,0.000160167,0.000496937,0.00134529,0.000963394,0.000167401,0.00105342,0.000296337,0.000221433,0.000161904,0.000352535,0.000205706,8.37637e-05,0.000195541,0.000413961,0.000137153,0.000234228,9.9012e-05,0.000351226,0.000102965,0.000247982,0.000143454,0.000192763,0.000180143,0.000339051,0.000808534,0.000244384,0.000154792,0.000176339,0.000555966,0.000424047,0.00058908,0.000189995,0.000152689,0.00059254,0,0.000215947,0.000454691,0.000245435,0.000452428,5.37149e-05,0.00024986,0.000123341,0.000122808,0.000536153,0.000155527,0.000179891,0.000264833,0.00052105,0.000204153,0.000126655,0.000117062,0.000118806,0.000153109,8.59271e-05,0.000474825,0.000134802,9.66863e-05,6.14333e-05,0.000160223,0.000380835,0.000214495,0.000151138,0.000203425,7.66292e-05,0.000161723,0.00102936,0.000204659,0.000462338,0.000244593,6.18251e-05,0.000167294,0.000651975,0.000472294,0.000182443,0.000252873,0.000211619,0.000382991
"PWY0-162: superpathway of pyrimidine ribonucleotides de novo biosynthesis",0.000245841,0.000251178,0.000115982,0.000241133,0.000253523,0.000323048,0,0.000276999,7.94286e-05,0,0.000215985,0.000193602,0.00014227,0.000120041,0.000174288,0.000205014,9.36957e-05,0.000130005,0.000205177,0.000274473,9.90204e-05,0.000130785,0.000209677,0.000184261,6.37475e-05,0.000292155,0.000232013,6.81898e-05,9.42083e-05,9.99744e-05,0,0.000178961,0.000182196,0.000110934,0.000116227,0.000188542,0,7.46642e-05,0.000158521,9.59148e-05,0,0.000169377,9.94332e-05,0.000187838,7.71004e-05,7.01065e-05,0.000198206,0.000172464,0.000192105,0.000215294,0.000103955,0.000129677,9.09264e-05,0.000177739,0.00024069,0.000183405,0.000142408,0,0.000127572,0.000108848,7.51625e-05,0.000101409,0.000105429,0.000274521,0.000111045,0,0.000147661,0.000259981,0.000113257,0.000177489,0.00018726,0.000151943,0.000226043,8.58716e-05,0.000109797,0.000136883,0,0.000107177,0.000123511
"PWY0-166: superpathway of pyrimidine deoxyribonucleotides de novo biosynthesis (E. coli)",0,0,4.18286e-05,9.35816e-05,0.000221235,0.000255483,0,0.000241699,0,0,0,0,0,0,0,0,0,0,0,0,0,0,0,0,0,0,0.000181333,0,0,0,0,0.000110266,0.000105631,0,0,6.16979e-05,0,0,0,0,0,0,0,0,0,0,0,0,0,7.31499e-05,0,6.41066e-05,0,0,0,0,0,5.60004e-05,0,0,0,5.29524e-05,0,0,0,0,3.43123e-05,0.000283216,0,7.57487e-05,0,0,0,6.64522e-05,0,0,0,0,4.98831e-05
"PWY0-301: L-ascorbate degradation I (bacterial, anaerobic)",5.99041e-05,0,0,0.000139755,0.000347971,0.000396288,0,0.0004761,2.93008e-05,0,0,7.28074e-05,0,0,0,0,0,0,0,0,0,3.86015e-05,0,0,0,0,0.000145709,0,0,0,2.94465e-05,7.20607e-05,0.000129133,0,1.12759e-05,0.00011369,0,0,0,0,0,0,0,0,0,0,0,0,0,0,0,7.41006e-05,3.42701e-05,0,0,0,0,7.68856e-05,0,0,0,4.9599e-05,0,4.82776e-05,0,0,0,4.74042e-05,2.14373e-05,8.22163e-05,0,0,0,0.000301246,0,0,0,0,0
"PWY0-321: phenylacetate degradation I (aerobic)",0,0,0,0,5.76435e-05,0,0,0,0,0,0,0,0,0,0,0,0,0,0,0,0,0,0,0,0,0,0,0,0,0,0,0,0,0,0,0,0,0,0,0,0,0,0,0,0,0,0,0,0,0,0,0,0,0,0,0,0,0,0,0,0,0,0,0,0,0,0,2.07564e-05,0,7.4848e-06,0,0,0,0,0,0,0,0,0
"PWY0-41: allantoin degradation IV (anaerobic)",0,0,0,0,6.20069e-05,6.60373e-06,0,0,0,0,0,6.93338e-06,0,0,0,0,0,0,0,0,0,0,0,0,0,0,4.10474e-05,0,0,0,0,8.55019e-06,6.4867e-06,0,0,2.95918e-05,0,0,0,0,0,0,0,0,0,0,0,0,0,0,0,0,0,0,0,0,0,0,0,0,0,1.14461e-05,0,0,0,0,0,7.07014e-06,0,1.11371e-05,0,0,0,9.7117e-06,0,0,0,0,0
"PWY0-42: 2-methylcitrate cycle I",0,0,0,6.73308e-05,0.000168837,4.16547e-05,0,0,0,0,0,2.16023e-05,0,0,0,0,0,0,0,0,0,0,0,0,0,0,0.000124353,0,0,0,0,4.71046e-05,2.76186e-05,0,0,4.46004e-05,0,0,0,0,0,0,0,0,0,0,0,0,0,2.57872e-05,0,0,0,0,0,0,0,0,0,0,0,7.20945e-06,0,8.4366e-06,0,0,0,0.00012647,0,3.75253e-05,0,0,0,0.000120403,0,0,0,0,0
"PWY0-461: L-lysine degradation I",0,0,0,6.32128e-05,7.05833e-05,3.37074e-05,0,0,0,0,0,0,0,0,0,0,0,0,0,0,0,0,0,0,0,0,4.1358e-05,0,0,0,0,2.14535e-05,3.03415e-05,0,0,4.4895e-05,0,0,0,0,0,0,0,0,0,0,0,0,0,0,0,0,0,0,0,0,0,0,0,0,0,2.89371e-05,0,1.73577e-05,0,0,0,1.93961e-05,0,1.88996e-05,0,0,0,7.49836e-05,0,0,0,0,0
"PWY0-781: aspartate superpathway",0.000127294,0,0,0.000169601,0.000259738,0.000268865,0,0,4.44934e-05,0,0,8.70594e-05,0,0,0,0,0,0,0,0,0,0,0,0,0,0,0.00017355,0,0,0,0,0.000115872,0.000128391,0,0,0.000147411,0,0,0,0,0,0,0,0,0,0,0,0,0,7.13885e-05,0,8.4945e-05,4.78053e-05,0,0,0,0,7.22028e-05,0,0,0,8.8038e-05,0,0,0,0,0,0.00024973,0,0.000144,0,0,0,0.00021259,0,0,0,0,0
"PWY0-845: superpathway of pyridoxal 5'-phosphate biosynthesis and salvage",0.000179956,0,8.46311e-05,0.000234598,0.000257791,0.000319126,0.000102489,0.000322685,6.79141e-05,0,8.21824e-05,9.2069e-05,7.16469e-05,5.41117e-05,0,0,0,7.65435e-05,0,0.000236329,0.000172694,7.73905e-05,6.89327e-05,5.98072e-05,9.29766e-05,6.46674e-05,0.000115571,0.000112948,8.17788e-05,0,0,0.000131463,9.53432e-05,0.000193366,0,0.00018653,0,0,0.000173226,0.000101728,0,0.000107189,8.25456e-05,0,0.000143869,0,0,4.64123e-05,0.000184017,0.000245698,0.000232868,4.56685e-05,0.000104184,0.000129612,6.93008e-05,0.000178577,0.000223238,0,0.000136033,5.07714e-05,0,5.76798e-05,0,0.000248059,0.000130352,0,0,0.00022504,0.000158025,2.3045e-05,0.00015744,3.25811e-05,0.000104514,0.000191671,0.000288393,0,0,4.90198e-05,0
"PWY0-862: (5Z)-dodecenoate biosynthesis I",0.000294804,3.52031e-05,6.09661e-05,0.000335259,0.000283655,0.000401582,0,0.000396896,7.39839e-05,0.0001053,0.000117747,0.000221496,0.000102913,0.000194817,4.59344e-05,0,0.0005041,0.000115308,8.73251e-05,9.21923e-05,7.63858e-05,5.09432e-05,0.000212946,9.34155e-05,0.000142901,0.000214949,0.000247865,0.000142151,4.25787e-05,0,5.40463e-05,0.000324456,0.00027645,9.29434e-05,0,0.000189688,0,9.90834e-05,0.000118984,0.000125111,0,0,3.98997e-05,3.12036e-05,6.34869e-05,4.66774e-05,0,3.76141e-05,7.81781e-05,0.00020805,0.000129255,0.000136248,0.000130269,0.000104691,5.57795e-05,0,0.000146499,0.00013672,0,5.81139e-05,0,0.000148525,0,0.00012999,0,0,9.80645e-05,0.000472446,0,0.000168674,8.1723e-05,0,6.46848e-05,0.000355483,0,0.000114783,0,9.78982e-05,0
"PWY0-881: superpathway of fatty acid biosynthesis I (E. coli)",0,0,0,0,0,0,0,0,0,0,0,0,0,0,0,0,0,0,0,0,0,0,0,0,0,0,0,0,0,0,0,0,0,0,0,0,0,0,0,0,0,0,0,0,0,0,0,0,0,0,0,0,0,0,0,0,0,0,0,0,0,0,0,0,0,0,0,0,0,0,0,0,0,0,0,0,0,0,0
"PWY1G-0: mycothiol biosynthesis",0,0,0,0,0,0,0,0,0,0,0,0,0,0,0,0,0,0,0,0,0,0,0,0,0,0,0,0,0,0,0,0,0,0,0,0,0,0,0,0,0,0,0,0,0,0,0,0,0,0,0,0,0,0,0,0,0,0,0,0,0,0,0,0,0,0,0,0,0,0,0,0,0,0,0,0,0,0,0
"PWY1ZNC-1: assimilatory sulfate reduction IV",0.000125107,0,0,0.000145171,0.00019818,0.000334865,0,0.000357022,4.69744e-05,0,0,4.25692e-05,0,0,0,0,0,0,0,0,0,0,6.47045e-05,0,0,0,0.000127901,0,0,0,0,7.4779e-05,3.84204e-05,0,3.52282e-05,0.000120774,0,0,2.98047e-05,0,0,0,0,0,0,0,0,0,7.8934e-05,6.32215e-05,0,4.31873e-05,0,0,0,0,0,2.44609e-05,0,0,0,2.948e-05,0,3.46272e-05,0,0,2.36326e-05,8.51941e-05,0,4.76373e-05,0,0,0,0.000124518,0,0,0,0,0
"PWY3DJ-12: ceramide de novo biosynthesis",0,0,0,0,0,0,0,0,0,0,0,0,0,0,0,0,0,0,0,0,0,0,0,0,0,0,0,0,0,0,0,0,0,0,0,0,0,0,0,0,0,0,0,0,0,0,0,0,0,0,0,0,0,0,0,0,0,0,0,0,0,0,0,0,0,0,0,0,0,0,0,0,0,0,0,0,0,0,0
"PWY3DJ-35471: L-ascorbate biosynthesis IV (animals, D-glucuronate pathway)",0,0,0,0,5.43341e-05,0,0,0,0,0,0,0,0,0,0,0,0,0,0,0,0,0,0,0,0,0,0,0,0,0,0,0,0,0,0,0,0,0,0,0,0,0,0,0,0,0,0,0,0,0,0,0,0,0,0,0,0,0,0,0,0,0,0,0,0,0,0,0,0,0,0,0,0,0,0,0,0,0,0
"PWY3O-4107: NAD salvage pathway V (PNC V cycle)",7.72816e-05,0,0,0.00013358,4.86391e-05,2.93057e-05,0,0,0,0,0,4.31833e-05,2.94839e-05,0,0,0,0,0,8.47599e-05,0,0,0,4.51712e-05,0,0,0,0.000106255,0,0,0,0,9.84953e-05,0.000106333,0,0,6.0923e-05,0,0,9.41354e-05,0,0,0,5.36672e-05,4.77108e-05,0,0,0,0,6.27095e-05,0.0001297,0,0,3.66397e-05,0,0,0,3.20149e-05,0,0,0,0,5.43739e-05,0,0,0,0,0,0.000109977,0,0.000110407,0,0,0,8.27736e-05,0,0,0,0,8.04103e-05
"PWY490-3: nitrate reduction VI (assimilatory)",0,0,0,0,0,0,0,0,0,0,0,0,0,0,0,0,0,0,0,0,0,0,0,0,0,0,0,0,0,0,0,0,0,0,0,0,0,0,0,0,0,0,0,0,0,0,0,0,0,0,0,0,0,0,0,0,0,0,0,0,0,0,0,0,0,0,0,0,0,0,0,0,0,0,0,0,0,0,0
"PWY4FS-7: phosphatidylglycerol biosynthesis I (plastidic)",9.49972e-05,0,4.62445e-05,0.000222902,0.000353483,0.000327831,0.000134625,0.000360527,0.000211102,0.000126715,8.51961e-05,0.000190896,7.09839e-05,0.000223439,7.09007e-05,0,0,0.000132882,7.94898e-05,0.000129225,6.28874e-05,4.41296e-05,8.75794e-05,9.98178e-05,0.000149194,6.71242e-05,0.000279556,0.000146874,8.06479e-05,0,9.78415e-05,7.35194e-05,0.000246177,5.19406e-05,0.000129719,0.000282115,0,0,8.05353e-05,9.4783e-05,0,0,0.000131946,6.48449e-05,9.43108e-05,6.02046e-05,4.30576e-05,8.93187e-05,3.85716e-05,0.000216725,0,0.000109188,0.000100685,9.72757e-05,5.83435e-05,0.0001116,4.39819e-05,7.72411e-05,8.87912e-05,0,7.13729e-05,0.000204752,0.000155832,7.59332e-05,0.00013937,0,0.000122876,0.000288862,0.000144889,0.000228978,0.000146277,6.97704e-05,0,0.000227125,0.000126429,4.93376e-05,5.8233e-05,9.22194e-05,3.82026e-05
"PWY4FS-8: phosphatidylglycerol biosynthesis II (non-plastidic)",9.49972e-05,0,4.62445e-05,0.000222902,0.000353483,0.000327831,0.000134625,0.000360527,0.000211102,0.000126715,8.51961e-05,0.000190896,7.09839e-05,0.000223439,7.09007e-05,0,0,0.000132882,7.94898e-05,0.000129225,6.28874e-05,4.41296e-05,8.75794e-05,9.98178e-05,0.000149194,6.71242e-05,0.000279556,0.000146874,8.06479e-05,0,9.78415e-05,7.35194e-05,0.000246177,5.19406e-05,0.000129719,0.000282115,0,0,8.05353e-05,9.4783e-05,0,0,0.000131946,6.48449e-05,9.43108e-05,6.02046e-05,4.30576e-05,8.93187e-05,3.85716e-05,0.000216725,0,0.000109188,0.000100685,9.72757e-05,5.83435e-05,0.0001116,4.39819e-05,7.72411e-05,8.87912e-05,0,7.13729e-05,0.000204752,0.000155832,7.59332e-05,0.00013937,0,0.000122876,0.000288862,0.000144889,0.000228978,0.000146277,6.97704e-05,0,0.000227125,0.000126429,4.93376e-05,5.8233e-05,9.22194e-05,3.82026e-05
"PWY4LZ-257: superpathway of fermentation (Chlamydomonas reinhardtii)",3.77166e-05,0,0,0.000115119,0.000393578,0.000407629,0,0.000410343,4.96677e-05,0,0,5.5494e-05,0,0,0,0,0,0,0,0,0,0,0,0,0,0,0.000200911,0,0,0,0,3.90901e-05,1.74275e-05,0,0,0.000102448,0,0,0,0,0,0,0,0,0,0,0,0,0,0.000163945,0,0,0,0,0,0,4.61382e-05,0,0,0,0,5.59119e-05,0,0,0,0,0,0.000164386,0,4.43648e-05,0,0,0,0.000227988,0,0,0,0,0
"PWY5F9-12: biphenyl degradation",0,0,0,0,0,0,0,0,0,0,0,0,0,0,0,0,0,0,0,0,0,0,0,0,0,0,0,0,0,0,0,0,0,0,0,0,0,0,0,0,0,0,0,0,0,0,0,0,0,0,0,0,0,0,0,0,0,0,0,0,0,0,0,0,0,0,0,0,0,0,0,0,0,0,0,0,0,0,0
"PWY66-367: ketogenesis",0,0,0,0,0,0,0,0,0,0,0,0,0,0,0,0,0,0,0,0,0,0,0,0,0,0,0,0,0,0,0,0,0,0,0,0,0,0,0,0,0,0,0,0,0,0,0,0,0,0,0,0,0,0,0,0,0,0,0,0,0,0,0,0,0,0,0,0,0,0,0,0,0,0,4.48695e-05,0,0,0,0
"PWY66-388: ceramide degradation by &alpha;-oxidation",0,0,0,0,0,0,0,0,0,0,0,0,0,0,0,0,0,0,0,0,0,0,0,0,0,0,0,0,0,0,0,0,0,0,0,0,0,0,0,0,0,0,0,0,0,0,0,0,0,2.75741e-05,0,0,0,0,0,0,0,0,0,0,0,0,0,0,0,0,0,9.00074e-06,0,0,0,0,0,0,0,0,0,0,0
"PWY66-389: phytol degradation",7.62941e-05,0,0,5.54293e-05,0.000143033,4.57375e-05,0,0,5.18021e-06,0,0,0,0,0,0,0,0,0,0,0,0.000126017,3.21111e-05,1.84849e-05,0,0,0,3.78406e-05,0,0,0,1.85237e-06,3.1427e-05,7.12116e-06,2.42357e-05,3.79469e-05,1.1876e-05,0,2.61869e-05,2.97805e-05,0,0,0,0,0,0,0,0,0,9.84454e-05,9.98735e-05,0,0,0,0,0,0,2.97316e-05,0,0,0,0,1.3584e-05,2.93685e-05,2.43328e-05,0,2.71107e-05,6.51756e-05,0.000214255,0,7.34395e-06,0,0,0,9.31988e-06,0,0,2.84067e-05,0,0
"PWY66-391: fatty acid &beta;-oxidation VI (mammalian peroxisome)",0,0,0,0,0,0,0,0,0,0,0,0,3.25563e-05,0,0,0,0,0,0,0,0,0,0,0,0,0,0,0,0,0,0,0,0,0,0,0,0,0,0,0,0,0,0,0,0,2.52775e-05,0,0,0,9.33294e-05,0,0,0,0,0,0,0,0,0,0,0,0,0,0,0,0,0,0,0,0,1.74098e-05,0,0,0.000179719,0.000125276,0,0,0,2.53843e-05
"PWY66-398: TCA cycle III (animals)",0,0,0,0,0,0,0,0,0,0,0,0,0,0,0,0,0,0,0,0,0,0,0,0,0,0,0,0,0,0,0,0,0,0,0,0,0,0,0,0,0,0,0,0,0,0,0,0,0,0,0,0,0,0,0,0,0,0,0,0,0,0,0,0,0,0,0,0,0,0,0,0,0,0,0,0,0,0,0
"PWY66-399: gluconeogenesis III",0,0,0,0,0,0,9.36863e-05,0,6.14857e-05,0,0,0,0,0,5.19371e-05,0,0,7.37562e-05,8.71934e-05,0,0,5.34124e-05,9.98568e-05,0,0,0,0,5.94839e-05,0,0,0,0,0,0,6.56087e-05,0,0,0,0,6.40419e-05,0,6.5133e-05,9.04897e-05,6.05953e-05,0,0,7.19003e-05,0,0,0.000168572,0,0,6.37162e-05,7.79738e-05,6.38939e-05,0,7.88201e-05,0,0,0,0,0,5.22921e-05,0,0,0,0,0,0,0,5.7645e-05,0,7.36522e-05,0.000208405,0,0,0,2.34412e-05,9.05615e-05
"PWY66-409: superpathway of purine nucleotide salvage",0,0,0,0.000162219,0.000274168,0.00029994,0,0.000322533,0,0.000138224,0,0,7.58491e-05,0,0,0,0,0,0,0,0,0,0,0,0,0,0.000154922,0,0,0,0,0.000158306,0.000184002,0,0,0.000186852,0,0,0,0,0,0,0,0,0,0,0,0,0,0,0,0,0,0,0,0,0,0,0,0,0,0.000275853,0,0.000144555,0,0,0,0.000298145,0,9.47376e-05,0,0,0,9.14105e-05,0,0,0,0,0
"PWY66-429: fatty acid biosynthesis initiation (mitochondria)",0.000349028,0.000115235,0.000330589,0.000455201,0.000360412,0.00049182,0.000230338,0.000550206,0.000200107,0.000575673,0.000382746,0.000368461,0.000251449,0.000317636,0.000132234,0.000125884,0.000294778,0.000507074,0.000190915,0.000522146,0.000231396,0.000323065,0.000273751,0.00053651,0.000209257,0.000481453,0.000415422,0.000397006,0.000290541,0.00026738,0.000229269,0.000468024,0.000385019,0.000276837,0.000179261,0.000316691,0,0.000147244,0.000551949,0.00030963,0.000124353,0.000272987,0.000173941,0.000436908,0.000274873,0.000197586,0.000434543,0.000334169,0.000368522,0.000345038,0.000327592,0.000219861,0.000254175,0.000413473,0.000137222,0.000307132,0.000521645,0.000201935,0.000233237,0.00010752,0,0.000351047,0.000295456,0.000159106,0.000380606,0.000121545,0.000215862,0.000233359,0.000240931,0.00029866,0.000366554,0.000209463,0.000256954,0.000307353,0.000374584,0.000202862,0,0.000346675,0.000407466
"PWY66-430: myristate biosynthesis (mitochondria)",3.16186e-05,0,0,0,2.41458e-05,0,0,0,0,0,0,0,0,0,0,0,0,0,0,0,0,0,0,0,0,0,0,0,0,0,0,0,0,0,0,0,0,0,0,0,0,0,0,0,0,0,0,0,0,0,0,0,0,0,0,0,0,0,0,0,0,0,0,0,0,0,0,0,0,0,0,0,0,0,0,0,0,0,0
"PYRIDNUCSAL-PWY: NAD salvage pathway I (PNC VI cycle)",2.66927e-05,0,0,0.000125533,6.27615e-05,3.92256e-05,0,0,0,0,0,4.09021e-05,2.99445e-05,0,0,0,0,0,7.46451e-05,0,0,0,4.48252e-05,0,0,0,9.16858e-05,0,0,0,0,9.24464e-05,7.12376e-05,0,0,7.02919e-05,0,0,0,0,0,0,3.54305e-05,0,0,0,0,0,4.4344e-05,0.000105759,0,0,4.03079e-05,0,0,0,0,0,0,0,0,5.41528e-05,0,0,0,0,0,0.000126506,0,6.02099e-05,0,0,0,9.09877e-05,0,0,0,0,5.75983e-05
"PYRIDNUCSYN-PWY: NAD de novo biosynthesis I (from aspartate)",0.000274206,0.000270722,0.000413547,0.000283121,0.000249215,0.000301896,0.000146282,0.000308829,0.00014364,0.000193715,0.000268316,0.000226902,0.000110474,0.000128893,0.000170882,0.000224372,0.000476321,0.00028498,0.000138892,0.000405728,0.000160213,0.000191503,0.000236273,0.000260809,0.000269644,0.000340381,0.000211232,0.000215152,0.000178393,0.000181061,0.000256499,0.000217975,0.000143482,0.000239763,0.000189641,0.000165161,0.000470783,0,0.000189414,0.000267583,0.000297474,0.000255665,0.000239188,0.000208176,0.0001799,0.000185695,0.000172677,0.000106386,0.000255409,0.000440429,0.000297611,9.9254e-05,0.000174093,0.000316789,8.95353e-05,0.00025258,0.000329928,6.1501e-05,0.000172513,0.000138687,0.000141682,0.000224914,0.000167396,0.000350276,0.000290305,0.000187292,0.000158773,0.000235461,0.000197572,0.00021309,0.000309425,0.000215495,0.000238766,0.000231958,0.0002925,0.00014526,0.000234226,0.000205326,0.000403319
"PYRIDOXSYN-PWY: pyridoxal 5'-phosphate biosynthesis I",0.00018277,0,9.35792e-05,0.000231326,0.000204888,0.000259633,9.60403e-05,0.000271847,9.24827e-05,0,8.58797e-05,0.00011872,5.06791e-05,4.72684e-05,0,0,0,7.44305e-05,0,0.000280103,0.000137422,7.60975e-05,0.000101787,5.76041e-05,0.000155917,6.02953e-05,0.000157395,0.000117582,7.45222e-05,0,0,0.00016013,0.000148863,0.000186,0,0.000159442,0,4.17913e-05,0.000255888,9.97141e-05,0,9.32332e-05,6.61403e-05,0,0.000170028,0,0,5.5896e-05,0.000166657,0.00043867,0.000366623,0.000107223,0.000109206,0.000139109,6.48098e-05,0.000164452,0.000352492,6.593e-05,0.000116789,4.77406e-05,0,4.85441e-05,0,0.000200388,0.000129544,0,2.77853e-05,0.000207215,0.000174397,9.79609e-05,0.000139219,3.59807e-05,0.00016042,0.000165339,0.000307807,0,0,4.52781e-05,0
"REDCITCYC: TCA cycle VI (Helicobacter)",7.18974e-05,0,0,2.70515e-05,8.04903e-05,4.81661e-05,0,0,0,0,0,0,0,0,0,0,0,0,0,0,0,0,3.62466e-05,0,0,0,2.72258e-05,0,0,0,0,0,1.93371e-05,0,0,1.44241e-05,0,0,0,0,0,0,0,0,0,0,0,0,0,2.24559e-05,0,0,1.62279e-05,0,0,0,0,0,0,0,0,0,0,0,0,0,0,0.000134067,0,2.66342e-05,0,0,0,7.65505e-05,0,0,0,0,0
"RHAMCAT-PWY: L-rhamnose degradation I",0.000294011,0,0,0.000186418,0.000266896,0.000253103,5.38325e-05,0.000392696,9.45421e-05,0.000114822,4.92225e-05,0.000116095,0.000102992,4.1944e-05,8.02968e-05,3.14145e-05,0,0.000144682,8.96183e-05,0.000179865,7.22376e-05,0.000108673,0.000102904,4.26845e-05,6.3516e-05,0.000168028,0.000200428,0.000116452,0.000173502,0,0,0.000242469,0.000142827,0.000191928,2.26352e-05,0.000173963,0,0.000144375,9.86233e-05,0.000115834,0,0.000103776,5.7522e-05,8.15322e-05,5.59268e-05,0,3.27608e-05,6.91528e-05,0.000138867,2.64121e-05,5.23745e-05,9.5033e-05,7.66109e-05,5.08691e-05,0,4.70414e-05,0.000113878,9.62851e-05,8.19075e-05,0,8.80977e-05,0.00011371,9.28624e-05,6.06954e-05,6.90256e-05,5.03865e-05,2.70906e-05,0.00012444,6.18954e-05,0.000109985,0.000106645,0,6.40568e-05,0.000169323,3.58398e-05,0.000128568,0,8.28353e-05,0.000131874
"RIBOSYN2-PWY: flavin biosynthesis I (bacteria and plants)",0.000213948,0,0.000269374,0.000349499,0.000202244,0.000305285,0.000261939,0.000275283,0.00020705,0.000157431,0.000209298,0.000233649,0.000233017,0.000338453,0.000135069,0,0.000114357,0.000212357,0.000232317,0.000269759,0.000171885,0.000133954,0.000167053,0.000181415,0.000252102,0.000254487,0.000259482,0.000200817,0.000205805,0.000164982,0.00019284,0.000242759,0.000203657,0.00024599,0.000247558,0.000176164,0,0.00036415,0.000214985,0.000188701,0.00012219,0.000178477,0.000208241,0.000246189,0.000184983,7.84746e-05,0.000236193,0.000325988,0.000220703,0.000510538,0.000131168,0.000114638,0.000142723,0.000258458,0.000177029,0.00026017,0.000279066,0.000115793,0.00015202,0.000121717,8.46886e-05,0.000159915,0.000217882,0.000102713,0.000238423,0.000147509,0.000179365,0.000196201,0.000228339,0.0001916,0.000282852,0.000172365,0.000224096,0.000170009,0.000243583,0.000324847,0,0.000218888,7.0942e-05
"RUMP-PWY: formaldehyde oxidation I",0,0,0,0,0,0,0,0,0,0,0,0,0,0,0,0,0,0,0,0,0,0,0,0,0,0,4.70638e-05,0,0,0,0,0,0,0,0,0,0,0,0,0,0,0,0,0,0,0,0,0,0,0,0,0,0,0,0,0,0,0,0,0,0,0,0,0,0,0,0,0,0,0,0,0,0,0,0,0,0,0,1.69542e-05
"SALVADEHYPOX-PWY: adenosine nucleotides degradation II",5.77225e-05,0,3.31006e-05,0.00039102,0.000643723,0.000185908,2.92044e-05,0,8.83029e-05,0,0,5.91483e-05,0,0,0,0,0,0,2.91922e-05,0,3.26317e-05,0,6.07789e-05,0,0,0,0.000352534,0,0,3.93288e-05,3.15859e-05,0.00018017,0.000339293,3.10512e-05,1.62094e-05,0.000282533,0,5.23785e-05,9.58421e-05,8.51691e-05,0,0,0.000105382,0,0,0,3.77671e-05,6.60288e-05,2.49906e-05,0.000252481,0,0,2.25441e-05,0,0,0,2.63085e-05,0,0,0,0,0.000151366,0,6.8852e-05,0,0,2.16664e-05,0.000471099,0,0.000177217,4.28159e-05,2.35597e-05,3.23538e-05,0.000224165,0,0,0,7.2948e-05,0
"SER-GLYSYN-PWY: superpathway of L-serine and glycine biosynthesis I",0.000338331,8.07582e-05,0.000377259,0.000334141,0.000269392,0.000426466,0.000187477,0.000432837,0.000141963,0.000225837,0.000246449,0.000260754,0.000198756,0.000201379,0.000201899,0,0.000588911,0.000297241,0.000158168,0.000228056,0.000217318,0.00016339,0.000295419,0.000266757,0.000348019,0.000337632,0.000243186,0.000202436,0.000341637,0.000369026,3.13795e-05,0.000238235,0.00024665,0.000202283,7.58064e-05,0.000232985,0,7.03542e-05,0.000268342,0.000232774,7.0533e-05,0.000158246,0.000143117,0.000195458,0.0002421,0.000105502,0.000234283,0.00021156,0.000302275,0.00050752,0.000371595,0.000175104,0.00022185,0.000226649,0.000213215,0.000126605,0.000505624,0.000148664,0.000124804,9.55187e-05,6.03162e-05,0.000301866,0.000106633,7.78178e-05,0.000437364,0.000378483,0.000114584,0.000253495,0.000198662,0.000236243,0.000297323,0.000238006,0.000205506,0.000251824,0.000361423,0.000165307,0,0.000172092,0.000536652
"SO4ASSIM-PWY: assimilatory sulfate reduction I",0.000222134,0,0,0.000208508,0.000395702,0.000455093,0,0.000516165,7.03949e-05,0,0,0.000104662,0,0,0,0,0,0,0,0,0,4.77079e-05,6.47045e-05,0,0,0,0.000249795,0,0,0,0,0.000178693,0.000163612,6.92219e-06,4.42593e-05,0.000220859,0,0,2.98047e-05,3.07913e-05,0,0,2.69462e-05,0,0,0,0,0,7.8934e-05,0.000102399,0,5.47674e-05,2.77517e-05,0,0,0,0,6.39051e-05,0,0,0,8.9672e-05,3.46406e-05,6.41272e-05,0,0,2.36326e-05,0.00034607,0,0.000143811,0,0,0,0.000217537,3.99324e-05,0,0,0,0
"SUCSYN-PWY: sucrose biosynthesis I (from photosynthesis)",0,0,0,0,0,0,0,0,0,0,0,0,0,0,0,0,0,0,0,0,0,0,0,0,0,0,0,0,0,0,0,0,0,0,0,0,0,0,0,0,0,0,0,0,0,0,0,0,0,0,0,0,0,0,0,0,0,0,0,0,0,0,0,0,0,0,0,0,0,0,0,0,0,0,0,0,0,0,0
"SULFATE-CYS-PWY: superpathway of sulfate assimilation and cysteine biosynthesis",0.000256458,0,0,0.000188742,0.000335167,0.000398947,0,0.000453805,7.21576e-05,0,0,0.00014671,0,0,0,0,0,0,0,0,0,7.69046e-05,9.806e-05,0,0,0,0.000212611,0,0,0,0,0.000194243,0.000207808,1.35158e-05,5.91781e-05,0.000237329,0,0,5.72455e-05,4.38879e-05,0,0,4.95091e-05,0,0,0,0,0,0.000118186,0.000134833,0,8.06431e-05,4.80487e-05,0,0,0,0,9.26482e-05,0,0,0,0.000139013,5.00685e-05,5.26035e-05,0,0,4.21667e-05,0.00028815,0,0.000178757,0,0,0,0.000182063,7.06282e-05,0,0,0,0
"TCA-GLYOX-BYPASS: superpathway of glyoxylate bypass and TCA",0.000111278,0,0,0.000111024,0.000307782,6.00648e-05,0,0,0,0,0,7.94594e-05,0,0,0,0,0,0,0,0,0,0,0,0,0,0,8.17405e-05,0,0,0,0,0.000113146,0.000104541,0,0,0.000129352,0,0,0,0,0,0,0,0,0,0,0,0,0,0,0,0,4.21254e-05,0,0,0,0,0,0,0,0,5.1377e-05,0,6.87626e-05,0,0,0,0.000214793,0,9.07402e-05,0,0,0,0.000171296,0,0,0,0,0
"TCA: TCA cycle I (prokaryotic)",0.000139085,0,0,0.000104774,0.000300774,4.9368e-05,0,0,0,0,0,7.94842e-05,2.87521e-05,0,0,0,0,0,0,0,0,0,6.49891e-05,0,0,0,7.0234e-05,0,0,0,5.25719e-05,0.000126043,9.97952e-05,0,0,0.000130698,0,0,4.32779e-05,0,0,0,0,0,0,0,0,0,0,0,0,0,5.01964e-05,0,0,0,0,0,0,0,0,8.38894e-05,0,7.61447e-05,0,0,0,0.000213977,0,9.28307e-05,0,0,0,0.000164616,0,0,0,0,4.21098e-05
"THISYNARA-PWY: superpathway of thiamine diphosphate biosynthesis III (eukaryotes)",8.06422e-05,0,0,9.96592e-05,0,0.000120797,0.000127715,0,0.000134273,0.000149462,0.000154029,0.000100817,5.93691e-05,0.00022548,4.95064e-05,0.000132648,5.61409e-05,4.48627e-05,5.6519e-05,0.000268169,5.27878e-05,0.000113171,2.3652e-05,0.000110115,0.000151813,0.000237923,7.43144e-05,0.000100792,0.00010424,3.80069e-05,0,0.000112379,8.75302e-05,6.58516e-05,6.40356e-05,0.000112891,0,0.000124257,0.000160144,0.000207699,0,0,6.28465e-05,0.000126786,0.000244495,7.04325e-05,0.000106793,9.43754e-05,0.000199562,1.62447e-05,0.000136751,7.19813e-05,0.000176456,0.000176787,0.000109332,0.000111378,0.000202299,6.91134e-05,0.000140317,6.69036e-05,4.73842e-05,0.000134049,0.000175215,3.70732e-05,0.000181307,0,7.05789e-05,0.000110802,0.000194143,0.000151813,0.000111983,4.0966e-05,8.95808e-05,5.75262e-05,0.000372657,0.000167266,0,0,0.000134207
"THREOCAT-PWY: superpathway of L-threonine metabolism",0,0,0,0,4.37841e-05,0,0,0,0,0,0,0,0,0,0,0,0,0,0,0,0,0,0,0,0,0,0,0,0,0,0,0,0,0,0,0,0,0,0,0,0,0,0,0,0,0,0,0,0,0,0,0,0,0,0,0,0,0,0,0,0,0,0,0,0,0,0,0,0,4.99889e-05,0,0,0,0,0,0,0,0,0
"THRESYN-PWY: superpathway of L-threonine biosynthesis",0.000288766,9.66787e-05,0.000227958,0.000340216,0.000297441,0.000495985,0.000177187,0.000480295,0.000169542,0.000273473,0.000224347,0.000266691,0.000216793,0.00015129,0.000130764,0.000137191,0.00030051,0.000266311,0.000149068,0.000320303,0.000205052,0.000184994,0.000176332,0.000206746,0.000217696,0.000357635,0.000403975,0.00021188,0.000272708,0.000174505,4.3564e-05,0.000343218,0.000375116,0.000226791,0.000185326,0.000261187,0,0.000154187,0.000341976,0.00025329,0,0.000141004,0.000193639,0.000238826,0.000278632,8.07733e-05,0.0002404,0.000184845,0.000296262,0.000113584,0.000301762,0.000179384,0.000197965,0.000264733,0.000225458,0.000280424,0.000492655,0.00019719,0.000224372,9.25588e-05,0.000279034,0.000276595,0.000232272,9.8617e-05,0.000276817,0.000138282,0.000170739,0.000384194,0.000212536,0.000371662,0.000268378,0.000134392,0.000221247,0.000280753,0.000191446,0.000202378,0.000144027,0.00028309,0.000493166
"TRNA-CHARGING-PWY: tRNA charging",0.000377139,0.000533167,0.000508071,0.000343512,0.000381196,0.000362475,0.000468828,0.000338261,0.000341475,0.000259853,0.000387247,0.000306982,0.000307837,0.000345502,0.000313896,0.000368329,0.000596553,0.000499886,0.000442482,0.000436427,0.000419749,0.000322467,0.000366584,0.000468795,0.000436994,0.000457096,0.000347728,0.000361492,0.000485097,0.000466796,0.000454695,0.000309681,0.000265011,0.000272804,0.000303191,0.000246537,0,0.000534595,0.000321227,0.00049595,0.000696852,0.000430016,0.000354638,0.000387111,0.000389249,0.000459377,0.000362536,0.000448442,0.00030856,0.00052891,0.000307175,0.000240397,0.000328942,0.000475935,0.000361476,0.000517204,0.000432531,0.000239827,0.000426558,0.000303242,0.00052359,0.000321482,0.000409041,0.000493957,0.000581551,0.000625331,0.000237282,0.000377721,0.000384107,0.000384179,0.000336823,0.000374366,0.000392719,0.000310961,0.000371122,0.000419189,0.000463085,0.000434637,0.000511977
"TYRFUMCAT-PWY: L-tyrosine degradation I",0,0,0,0,0,0,0,0,0,0,0,0,0,0,0,0,0,0,0,0,0,0,0,0,0,0,0,0,0,0,0,0,0,0,0,0,0,0,0,0,0,0,0,0,0,0,0,0,0,0,0,0,0,0,0,0,0,0,0,0,0,0,0,0,0,0,0,0,0,0,0,0,0,0,0,0,0,0,0
"UBISYN-PWY: superpathway of ubiquinol-8 biosynthesis (early decarboxylation)",0,0,0,0,5.54301e-05,0,0,0,0,0,0,0,0,0,0,0,0,0,0,0,0,0,0,0,0,0,3.45925e-05,0,0,0,0,0,1.07944e-05,0,0,6.62011e-06,0,0,0,0,0,0,0,0,0,0,0,0,0,0,0,0,0,0,0,0,0,0,0,0,0,0,0,0,0,0,0,3.6526e-05,0,7.90597e-06,0,0,0,0,0,0,0,0,0
"UDPNACETYLGALSYN-PWY: UDP-N-acetyl-D-glucosamine biosynthesis II",0,0,0,0,0,0,0,0,0,0,0,0,0,0,0,0,0,0,0,0,0,0,0,0,0,0,0,0,0,0,0,0,0,0,0,0,0,0,0,0,0,0,0,0,0,0,0,0,0,0,0,0,0,0,0,0,0,0,0,0,0,0,0,0,0,0,0,0,0,0,0,0,0,0,0,0,0,0,0
"UDPNAGSYN-PWY: UDP-N-acetyl-D-glucosamine biosynthesis I",7.18551e-05,9.41115e-05,0.000114352,9.01628e-05,0.000461547,0.000384583,0.000157214,0.000513437,3.98918e-05,0,0,0.000120348,0.000129263,0.000231622,0.000169438,4.91547e-05,0,6.55784e-05,0.000138631,0.000158941,0.000189674,0.000130768,7.28251e-05,0.000269389,0.0001102,8.27144e-05,0.000137309,7.30148e-05,4.05743e-05,0,3.36917e-05,0.000133196,0.000166724,3.63329e-05,0.000125398,0.000127848,0,0,0.000128451,0.000174817,0,4.2153e-05,0.000120665,0.000124505,5.48254e-05,7.3952e-05,0.000114281,0.000102869,8.9536e-05,8.90855e-05,4.68326e-05,0.000116804,0,0.000147052,0.000146578,0.000195657,3.62668e-05,0.000128802,0.000156296,5.09882e-05,6.98186e-05,0.000224181,5.26881e-05,0.000361477,5.42837e-05,0.000119631,7.68802e-05,0.000371229,0.000149313,0.000335795,0,0.000176894,0.000166263,0.0002496,5.42017e-05,0.000126557,0,0.00019014,0.00061209
"URDEGR-PWY: superpathway of allantoin degradation in plants",0,0,0,0,1.0262e-05,5.47825e-06,0,0,0,0,0,5.58105e-06,0,0,0,0,0,0,0,0,0,0,0,0,0,0,6.41023e-06,0,0,0,0,6.99979e-06,5.22854e-06,0,0,4.28858e-06,0,0,0,0,0,0,0,0,0,0,0,0,0,0,0,0,0,0,0,0,0,0,0,0,0,0,0,0,0,0,0,5.74835e-06,0,9.55289e-06,0,0,0,7.9257e-06,0,0,0,0,0
"URSIN-PWY: ureide biosynthesis",0,0,0,0,2.30093e-05,0,0,0,0,0,0,0,0,0,0,0,0,0,0,0,0,0,0,0,0,0,0,0,0,0,0,0,0,0,0,0,0,0,0,0,0,0,0,0,0,0,0,0,0,0,0,0,0,0,0,0,0,0,0,0,0,0,0,0,0,0,0,2.92595e-05,0,0,0,0,0,0,0,0,0,0,0
"VALDEG-PWY: L-valine degradation I",0,0,0,0,0,0,0,0,0,0,0,0,0,0,0,0,0,0,0,0,0,0,0,0,0,0,0,0,0,0,0,0,0,0,0,0,0,0,0,0,0,0,0,0,0,0,0,0,0,0,0,0,0,0,0,0,0,0,0,0,0,0,0,0,0,0,0,0,0,0,0,0,0,0,0,0,0,0,0
"VALSYN-PWY: L-valine biosynthesis",0.000480381,0.000294814,0.000438557,0.000561672,0.000539396,0.000462135,0.000370963,0.000563869,0.000414741,0.000496582,0.000401789,0.000408721,0.000365499,0.00026811,0.000318189,0.000807078,0.000669033,0.000503387,0.000384547,0.000438797,0.000412291,0.000351566,0.000428428,0.000457794,0.000500156,0.000362573,0.000516583,0.000475447,0.000640372,0.000309852,0.000771813,0.000394387,0.000489952,0.000296364,0.000356514,0.000389218,0.00143514,0.000575302,0.000429223,0.000526225,0.000934243,0.000277463,0.00035622,0.000488665,0.000386933,0.000877714,0.000466099,0.000443038,0.000524703,0.000320334,0.000454271,0.000373604,0.000383828,0.000399306,0.000364211,0.000525801,0.000666785,0.000377751,0.000501153,0.000343748,0.00044388,0.000549116,0.000327933,0.000371251,0.00056154,0.00050043,0.000356222,0.00068122,0.000273072,0.000619327,0.000464934,0.000357174,0.000422739,0.000496526,0.000601515,0.000470197,0.000375243,0.00034043,0.000469675
