"","ERR688505_merged_Abundance","ERR688506_merged_Abundance","ERR688507_merged_Abundance","ERR688508_merged_Abundance","ERR688509_merged_Abundance","ERR688510_merged_Abundance","ERR688511_merged_Abundance","ERR688512_merged_Abundance","ERR688513_merged_Abundance","ERR688514_merged_Abundance","ERR688515_merged_Abundance","ERR688516_merged_Abundance","ERR688517_merged_Abundance","ERR688518_merged_Abundance","ERR688519_merged_Abundance","ERR688520_merged_Abundance","ERR688521_merged_Abundance","ERR688522_merged_Abundance","ERR688523_merged_Abundance","ERR688524_merged_Abundance","ERR688525_merged_Abundance","ERR688526_merged_Abundance","ERR688527_merged_Abundance","ERR688528_merged_Abundance","ERR688529_merged_Abundance","ERR688530_merged_Abundance","ERR688531_merged_Abundance","ERR688532_merged_Abundance","ERR688533_merged_Abundance","ERR688534_merged_Abundance","ERR688535_merged_Abundance","ERR688536_merged_Abundance","ERR688537_merged_Abundance","ERR688538_merged_Abundance","ERR688539_merged_Abundance","ERR688540_merged_Abundance","ERR688541_merged_Abundance","ERR688542_merged_Abundance","ERR688543_merged_Abundance","ERR688544_merged_Abundance","ERR688545_merged_Abundance","ERR688546_merged_Abundance","ERR688547_merged_Abundance","ERR688548_merged_Abundance","ERR688549_merged_Abundance","ERR688550_merged_Abundance","ERR688551_merged_Abundance","ERR688552_merged_Abundance","ERR688553_merged_Abundance","ERR688554_merged_Abundance","ERR688555_merged_Abundance","ERR688556_merged_Abundance","ERR688557_merged_Abundance","ERR688558_merged_Abundance","ERR688559_merged_Abundance","ERR688560_merged_Abundance","ERR688561_merged_Abundance","ERR688562_merged_Abundance","ERR688563_merged_Abundance","ERR688564_merged_Abundance","ERR688565_merged_Abundance","ERR688566_merged_Abundance","ERR688567_merged_Abundance","ERR688568_merged_Abundance","ERR688569_merged_Abundance","ERR688570_merged_Abundance","ERR688571_merged_Abundance","ERR688572_merged_Abundance","ERR688573_merged_Abundance","ERR688574_merged_Abundance","ERR688575_merged_Abundance","ERR688576_merged_Abundance","ERR688577_merged_Abundance","ERR688578_merged_Abundance","ERR688579_merged_Abundance","ERR688580_merged_Abundance","ERR688581_merged_Abundance","ERR688582_merged_Abundance","ERR688583_merged_Abundance","ERR688584_merged_Abundance","ERR688585_merged_Abundance","ERR688586_merged_Abundance","ERR688587_merged_Abundance","ERR688588_merged_Abundance","ERR688589_merged_Abundance","ERR688590_merged_Abundance","ERR688591_merged_Abundance","ERR688592_merged_Abundance","ERR688593_merged_Abundance","ERR688594_merged_Abundance","ERR688595_merged_Abundance","ERR688596_merged_Abundance","ERR688597_merged_Abundance","ERR688598_merged_Abundance","ERR688599_merged_Abundance","ERR688600_merged_Abundance","ERR688601_merged_Abundance","ERR688602_merged_Abundance","ERR688603_merged_Abundance","ERR688604_merged_Abundance","ERR688605_merged_Abundance","ERR688606_merged_Abundance","ERR688607_merged_Abundance","ERR688608_merged_Abundance","ERR688609_merged_Abundance","ERR688610_merged_Abundance","ERR688611_merged_Abundance","ERR688612_merged_Abundance","ERR688613_merged_Abundance","ERR688614_merged_Abundance","ERR688615_merged_Abundance","ERR688616_merged_Abundance","ERR688617_merged_Abundance","ERR688618_merged_Abundance","ERR688619_merged_Abundance","ERR688620_merged_Abundance","ERR688621_merged_Abundance","ERR688622_merged_Abundance","ERR688623_merged_Abundance","ERR688624_merged_Abundance","ERR688625_merged_Abundance","ERR688626_merged_Abundance","ERR688627_merged_Abundance","ERR688628_merged_Abundance","ERR688629_merged_Abundance","ERR688630_merged_Abundance","ERR688631_merged_Abundance","ERR688632_merged_Abundance","ERR688633_merged_Abundance","ERR688634_merged_Abundance","ERR688635_merged_Abundance","ERR688636_merged_Abundance","ERR688637_merged_Abundance","ERR688638_merged_Abundance","ERR688639_merged_Abundance","ERR688640_merged_Abundance","ERR688641_merged_Abundance","ERR688642_merged_Abundance","ERR688643_merged_Abundance","ERR688644_merged_Abundance","ERR688645_merged_Abundance","ERR688646_merged_Abundance","ERR688647_merged_Abundance","ERR688648_merged_Abundance","ERR688649_merged_Abundance","ERR688650_merged_Abundance","ERR688651_merged_Abundance","ERR710424_merged_Abundance","ERR710425_merged_Abundance","ERR710426_merged_Abundance","ERR710427_merged_Abundance","ERR710428_merged_Abundance","ERR710429_merged_Abundance","ERR710430_merged_Abundance","ERR710431_merged_Abundance","ERR710432_merged_Abundance"
"UNMAPPED",0.178246,0.268391,0.194952,0.235757,0.205491,0.198195,0.176919,0.195279,0.113093,0.26178,0.285561,0.197598,0.381506,0.194966,0.180926,0.20367,0.188672,0.193859,0.24747,0.287728,0.272351,0.185864,0.269876,0.268869,0.237456,0.202266,0.142375,0.133556,0.187559,0.0714857,0.170334,0.176726,0.201411,0.185984,0.184659,0.228927,0.135424,0.180113,0.123116,0.241908,0.222854,0.237514,0.267742,0.162142,0.198917,0.186951,0.272271,0.19833,0.337675,0.165742,0.216265,0.225501,0.116664,0.292143,0.234487,0.0869751,0.169642,0.125424,0.171182,0.23508,0.255769,0.191448,0.210516,0.211339,0.247367,0.175957,0.254659,0.196028,0.208782,0.24702,0.221351,0.217802,0.154732,0.221849,0.244446,0.153926,0.194098,0.36884,0.157833,0.162398,0.233645,0.212109,0.197334,0.156114,0.299289,0.248341,0.16572,0.23177,0.230465,0.149689,0.104401,0.207778,0.214144,0.169564,0.164132,0.265219,0.199796,0.18173,0.195464,0.237439,0.210868,0.198619,0.240127,0.207696,0.244892,0.345197,0.226037,0.168111,0.215074,0.367855,0.159054,0.15971,0.18903,0.252715,0.212034,0.181745,0.176634,0.245141,0.220584,0.246985,0.194272,0.305327,0.272711,0.196686,0.195536,0.276142,0.13502,0.112071,0.225673,0.235513,0.264256,0.197009,0.175518,0.0582616,0.189161,0.170594,0.196323,0.241578,0.167143,0.238572,0.212169,0.197642,0.195928,0.112866,0.198576,0.165998,0.226174,0.24657,0.192147,0.216834,0.232932,0.224175,0.236797,0.199565,0.222091,0.238834
"UNINTEGRATED",0.757808,0.677101,0.74404,0.710221,0.729725,0.737903,0.752894,0.739032,0.805563,0.682439,0.664189,0.734688,0.5774,0.744687,0.747993,0.735382,0.74572,0.743472,0.692093,0.667214,0.676697,0.750135,0.682541,0.681057,0.710898,0.732122,0.782443,0.795243,0.748389,0.841815,0.756585,0.757198,0.72996,0.750161,0.748515,0.710484,0.801615,0.754571,0.804384,0.708011,0.718061,0.701371,0.674361,0.763458,0.741238,0.748295,0.680746,0.734545,0.609102,0.762574,0.717843,0.710605,0.809071,0.655231,0.70385,0.82687,0.764836,0.795103,0.749969,0.701977,0.687434,0.741531,0.728831,0.730794,0.698517,0.767368,0.687935,0.742739,0.733359,0.700592,0.725555,0.725438,0.775402,0.726933,0.705745,0.767285,0.745428,0.594649,0.79011,0.768523,0.699588,0.735795,0.745457,0.775516,0.646387,0.69727,0.763805,0.706697,0.71308,0.775456,0.810828,0.726928,0.72504,0.760113,0.761116,0.688556,0.747474,0.75423,0.742266,0.708908,0.725238,0.732831,0.705343,0.730145,0.697309,0.608302,0.711624,0.75549,0.714107,0.595363,0.763783,0.764642,0.743656,0.692349,0.73302,0.755563,0.754807,0.694967,0.715021,0.698452,0.745305,0.646438,0.676945,0.739167,0.743586,0.675742,0.793641,0.80573,0.72167,0.710355,0.684636,0.743815,0.780762,0.866016,0.752754,0.755635,0.745746,0.708349,0.792363,0.710098,0.730077,0.745548,0.743813,0.837103,0.746882,0.777432,0.717704,0.704837,0.761767,0.733213,0.719019,0.725804,0.714348,0.738829,0.727776,0.712722
"12DICHLORETHDEG-PWY: 1,2-dichloroethane degradation",0,0,0,0,0,0,0,0,0,0,0,0,0,0,0,0,0,0,0,0,0,0,0,0,0,0,0,0,0,0,0,0,0,0,0,0,0,0,0,0,0,0,0,0,0,0,0,0,0,0,0,0,0,0,0,0,0,0,0,0,0,0,0,0,0,8.02903e-07,0,0,0,0,0,0,0,0,0,0,0,0,0,0,0,0,0,0,0,0,0,0,0,0,0,0,0,0,0,0,0,0,0,0,0,0,1.02449e-06,0,0,0,0,0,0,0,0,0,0,0,0,0,0,0,0,0,0,0,0,0,0,0,0,0,0,5.73286e-07,0,0,0,0,0,2.93313e-05,0,0,0,0,2.95846e-06,0,0,0,0,0,0,0,0,0,0,0,0,0,0,0
"1CMET2-PWY: folate transformations III (E. coli)",0.000510563,0.000446158,0.000520662,0.000559674,0.000511033,0.000496543,0.0004796,0.000640353,0.000398834,0.000442765,0.000493002,0.000431751,0.000343688,0.000500509,0.000634227,0.00043474,0.000596651,0.000551404,0.000526185,0.00031432,0.000450107,0.000517105,0.000430092,0.000382207,0.000417023,0.000489358,0.000568262,0.00042158,0.000510233,0.000276856,0.000596704,0.000570302,0.000615857,0.000531523,0.000706847,0.000476838,0.000340992,0.000528695,0.000375661,0.000478296,0.000407991,0.000561156,0.000425944,0.000324344,0.000425202,0.000564187,0.000399813,0.000581332,0.000445618,0.000616956,0.000433183,0.000389447,0.000366102,0.000300854,0.000361247,0.000282694,0.000403247,0.000426631,0.000608061,0.000386546,0.000461879,0.000538127,0.000402633,0.000523585,0.000459544,0.000290065,0.000492477,0.00055854,0.000489524,0.000440173,0.000465932,0.000494829,0.00039499,0.000453019,0.000473228,0.000372382,0.000483383,0.000290692,0.00031805,0.000593949,0.00046029,0.000487118,0.000506142,0.000615863,0.000436566,0.000397026,0.000565475,0.000415721,0.000388463,0.000630454,0.000330247,0.000521448,0.000558582,0.000497293,0.000611762,0.000326844,0.000436697,0.000587131,0.000527313,0.000345089,0.000383667,0.000624953,0.000494396,0.000502224,0.000505153,0.0003429,0.000479788,0.000429967,0.000405211,0.000357266,0.000645482,0.000554027,0.000511408,0.000401171,0.000478657,0.000543167,0.000450684,0.000525556,0.000522838,0.000380432,0.000560774,0.000337328,0.000433476,0.000557696,0.000495448,0.000466619,0.000394264,0.000326815,0.000426327,0.000453485,0.000400596,0.000492864,0.000375516,0.000229477,0.000477651,0.000389268,0.000580911,0.000382627,0.000290489,0.00049971,0.00038431,0.000478166,0.000494996,0.000631762,0.000470606,0.000504908,0.000401994,0.000411438,0.000450904,0.000436854,0.000378602,0.000423693,0.000350428,0.00056656,0.000413108,0.000342704
"3-HYDROXYPHENYLACETATE-DEGRADATION-PWY: 4-hydroxyphenylacetate degradation",0,0,0,0,0,0,0,0,5.88297e-05,0,0,2.40517e-05,0,0,0,0,0,0,0,3.10574e-06,0,6.03225e-07,0,0,0,0,1.14588e-05,2.27237e-05,0,0.000102699,0,0,0,0,0,2.04641e-06,1.49431e-05,0,2.92677e-05,6.1525e-07,0,0,0,1.50601e-06,0,0,6.36265e-07,0,0,0,0,0,5.28537e-05,0,0,0,0,4.39206e-05,1.22253e-06,0,4.42266e-07,0,0,0,3.37734e-06,3.0356e-05,0,0,0,0,0,0,4.22436e-05,0,0,6.26795e-05,0,0,0,0,0,0,0,0,0,5.61249e-07,0,0,0,0,0,0,0,0,8.57666e-07,7.62783e-06,0,0,0,0,0,0,0,0,0,0,0,4.56233e-05,1.85159e-05,0,0,0,0,1.43679e-06,0,0,3.94726e-05,0,0,1.55515e-05,0,4.57041e-07,0,0,2.78402e-06,9.16832e-07,1.1964e-05,0,0,1.09103e-06,0,6.36072e-06,0,1.96682e-05,0,3.50094e-05,1.61004e-06,7.81787e-06,0,0,1.39666e-05,0,3.32998e-06,0,0,0,6.58838e-06,0,0,0,0,0,2.2155e-06,0,0,1.0658e-06
"AEROBACTINSYN-PWY: aerobactin biosynthesis",0,0,0,0,0,6.4803e-07,0,0,0,0,0,0,1.26497e-06,0,0,0,0,0,0,0,0,0,0,0,0,0,0,0,0,0,0,0,0,0,0,2.32481e-06,1.61943e-06,0,0,0,0,0,0,0,0,0,7.40203e-07,0,0,0,0,0,0,0,0,0,0,0,0,1.21942e-05,0,0,1.15784e-05,0,8.59444e-07,0,0,0,1.44845e-06,0,0,0,0,0,0,0,0,0,4.1085e-06,0,1.30523e-06,0,0,0,0,3.96323e-07,0,0,0,0,0,0,0,0,0,0,0,0,0,0,0,0,0,0,0,0,0,0,0,0,4.0415e-07,0,0,4.7515e-07,0,0,0,0,0,0,0,0,0,0,0,0,3.38217e-06,0,0,0,0,0,0,8.03292e-05,0,0,0,5.18013e-07,0,0,6.15537e-06,0,0,0,2.70465e-07,0,0,0,0,0,0,5.4172e-07,0,2.25426e-06,0,0
"ALL-CHORISMATE-PWY: superpathway of chorismate metabolism",0,0,0,0,0,0,0,0,0,0,0,0,0,0,0,0,0,0,0,0,0,0,0,0,0,0,0,0,0,0,0,0,0,0,0,0,0,0,0,0,0,0,0,0,0,0,0,0,0,0,0,0,0,0,0,0,0,0,0,0,0,0,0,0,0,1.57744e-05,0,0,0,0,0,0,0,0,0,0,0,0,0,0,0,0,0,0,0,0,0,0,0,0,0,0,0,0,0,0,0,0,0,0,0,0,0,0,0,0,0,0,0,0,0,0,0,0,0,0,0,0,0,0,0,0,0,0,0,0,0,0,0,0,0,0,0,0,0,0,0,0,0,0,0,0,0,0,0,0,0,0,0,0,0,0,0,0,0,0
"ALLANTOINDEG-PWY: superpathway of allantoin degradation in yeast",3.60895e-06,5.62336e-07,7.55363e-07,1.94609e-06,0,2.90538e-06,3.69136e-06,5.846e-06,0.000103213,8.99578e-07,1.65891e-06,2.82056e-05,1.31271e-06,1.47981e-06,0,5.40014e-06,5.22946e-07,9.38052e-07,0,5.02665e-06,1.71012e-06,8.24104e-07,9.69237e-07,1.04417e-06,1.46454e-06,0,1.60003e-05,9.12353e-06,2.94731e-06,3.11829e-06,5.77263e-07,5.63295e-07,0,0,0,9.85449e-06,1.2341e-05,0,1.64561e-06,1.50046e-06,2.10249e-05,0,0,8.01958e-06,7.61086e-07,0,2.47225e-06,7.81221e-07,7.53887e-07,1.68392e-06,8.52876e-07,2.22397e-06,5.33251e-05,0,1.79714e-05,5.36596e-06,2.67605e-06,7.67514e-06,2.10638e-06,1.12887e-05,7.52325e-06,1.18014e-06,3.11297e-05,2.14369e-06,3.43907e-06,6.76928e-06,1.60192e-06,0,4.25379e-06,2.11408e-06,1.04792e-05,3.34915e-06,1.94634e-05,6.33136e-06,0,7.99016e-05,1.34316e-05,1.29237e-06,3.53133e-06,0,1.49682e-06,4.59738e-06,0,0,0,2.56496e-06,0,3.63121e-06,2.32777e-06,1.12363e-06,1.09229e-05,6.36737e-07,0,7.4555e-06,3.00118e-06,1.57444e-05,1.71451e-06,0,0,1.63501e-05,1.4118e-06,1.21194e-06,7.54165e-06,0,5.12497e-06,0,1.04313e-05,3.9214e-06,3.53776e-05,1.26563e-06,0,3.83818e-06,0,3.67141e-06,2.51564e-06,0,0,0,3.59311e-06,6.70484e-06,3.70157e-06,1.96539e-06,1.84761e-06,2.00961e-06,2.41646e-06,3.48349e-06,0,1.43908e-05,2.25238e-06,1.59495e-05,3.23348e-06,1.10291e-05,1.65849e-06,6.50024e-08,1.4685e-05,2.24124e-05,8.42048e-06,1.5442e-05,0,2.40707e-06,1.47792e-05,9.82748e-06,1.83543e-05,0,3.71187e-06,2.21754e-06,4.2235e-06,0,7.34701e-06,1.03223e-05,3.33904e-06,1.76261e-05,4.07542e-06,0,1.30505e-05,3.84994e-06
"ANAEROFRUCAT-PWY: homolactic fermentation",0.000305023,0.000301387,0.000243821,0.000175676,0.00028775,0.000295994,0.000369232,0.000342337,0.000389868,0.000110545,0.000138767,0.000379902,0.000199088,0.000177104,0.000196136,0.00020196,0.000239694,0.000227497,0.000158891,0.000176478,0.000169725,0.000123657,0.000127425,0.000219243,0.000172355,0.00032614,0.000265458,0.000414394,0.000260498,0.000344596,0.00037171,0.000284071,0.000281203,0.000235035,6.43588e-05,0.000286748,0.000294228,0.000159905,0.000367377,0.000178575,0.000256449,0.000239066,0.000151887,0.000360122,0.000138649,0.00035152,0.000120606,0.000423061,0.00017289,0.000528558,0.000326399,0.000438939,0.000367942,0.000264929,0.000322998,0.000407274,0.000133647,0.000446118,0.000195722,0.000318822,0.000192392,0.000102753,0.000339463,0.000152712,0.000275825,0.000260102,0.000299326,0.00026051,0.000271455,0.000237605,0.000195656,0.000144406,0.000326975,0.000159838,0.000131431,0.000395891,0.000336502,0.000141465,0.000216738,0.000441644,0.000447205,0.000137189,0.000121228,8.45213e-06,0.000330565,0.000297381,0.000447466,0.000453644,0.000210661,0.000599268,0.000381763,0.000452201,0.00010363,0.000320491,0.000411939,0.000207189,0.000129447,0.000168359,0.000162695,0.000250167,0.000420817,0.000259196,0.000128746,0.00029685,0.000197612,0.000245124,0.000291201,0.000383473,0.000364593,7.89952e-05,0.000571211,0.000312134,0.000345338,0.000256881,0.000195373,0.000214422,0.000229457,0.000167083,0.000303206,0.000262907,0.000181028,0.000222411,0.000173822,0.000170928,0.000264176,0.0001546,0.000301146,0.000392089,0.00023332,0.000171575,0.000267298,0.000264993,0.000158545,0.000329391,0.000218919,0.000393403,6.98304e-05,0.000257163,0.000153685,0.000194324,0.000281757,0.000193977,0.000282381,0.000128427,0.000208211,0.00026254,0.000205204,0.000275931,0.00023515,0.000182011,0.000142221,0.000237293,0.000145366,0.000341932,0.000142813,0.000269818
"ANAGLYCOLYSIS-PWY: glycolysis III (from glucose)",0.000636232,0.000602113,0.00070031,0.000564612,0.000729676,0.000659563,0.000765542,0.000779595,0.00045994,0.000713289,0.000550332,0.000525152,0.000326117,0.000743538,0.000826383,0.000661291,0.000762424,0.000679516,0.00071445,0.000380805,0.000596127,0.000768069,0.000514636,0.00052604,0.000586438,0.000689207,0.000723953,0.000549957,0.000673925,0.000400378,0.000843319,0.000703367,0.000854186,0.000747658,0.000956287,0.000596697,0.000410406,0.000807665,0.000480464,0.000534676,0.000509511,0.000718045,0.000667076,0.000408486,0.00067263,0.000755886,0.000506068,0.000806655,0.000570561,0.000671731,0.000681895,0.000596026,0.000451455,0.000508688,0.000514014,0.000441202,0.000838192,0.000563877,0.000983733,0.000612151,0.000598597,0.000849614,0.000468831,0.000707742,0.000446392,0.000367069,0.000619497,0.000699367,0.000538604,0.000508212,0.000522317,0.000613214,0.00044436,0.000564491,0.000489047,0.00046171,0.000483612,0.0003882,0.000357839,0.00073548,0.000646276,0.000549543,0.000681976,0.000902986,0.000501555,0.000517263,0.000775566,0.000585364,0.000613046,0.000812944,0.000447704,0.000653168,0.000759718,0.000720196,0.00080041,0.000423709,0.000612076,0.000754488,0.000779333,0.000431986,0.000644709,0.00106254,0.000571254,0.000685958,0.000655703,0.000595358,0.000690995,0.00055865,0.000616682,0.00042283,0.000793472,0.000715201,0.000746878,0.000556802,0.000638236,0.00081278,0.000578053,0.000669026,0.000710686,0.000442479,0.000727905,0.000448816,0.000556061,0.000700652,0.000555419,0.000460871,0.000444231,0.000435903,0.000594265,0.000563143,0.000491501,0.000648605,0.000626597,0.000394493,0.00056454,0.000473307,0.000686609,0.000449837,0.000481479,0.000492675,0.000455697,0.000650209,0.000619118,0.000420642,0.000585685,0.000577297,0.000546945,0.00040759,0.000423778,0.000524002,0.00050534,0.000438221,0.000526184,0.000643982,0.000599662,0.000445688
"ARG+POLYAMINE-SYN: superpathway of arginine and polyamine biosynthesis",4.07154e-05,7.3996e-05,7.74151e-05,5.64474e-05,4.32397e-05,4.55452e-05,4.88151e-05,4.89115e-05,0.000288998,6.50869e-05,6.7199e-05,0.000257183,3.81274e-05,9.27647e-06,2.30292e-05,5.98692e-05,2.83387e-05,4.42262e-05,3.7295e-05,8.47872e-05,8.18187e-05,7.01799e-05,0.00010488,3.52541e-05,6.56255e-05,4.66219e-05,0.000208493,0.000114332,4.81125e-05,0.000375905,3.42071e-05,2.19813e-05,1.28884e-05,2.9142e-05,2.61628e-05,9.43358e-05,0.00020933,5.41614e-05,0.000264102,6.65369e-05,0.000194204,3.55145e-05,9.29418e-05,0.000299565,9.8342e-05,3.07948e-05,7.94937e-05,4.12609e-05,5.71501e-05,4.64484e-05,3.13657e-05,8.3056e-05,0.000265967,4.94957e-05,0.000193681,0.00036635,6.07776e-05,0.00018844,6.09907e-05,0.000141127,5.89674e-05,3.59022e-05,0.00012708,2.78807e-05,9.46598e-05,0.000214012,3.03131e-05,1.54171e-05,5.58487e-05,4.44555e-05,7.90059e-05,2.60441e-05,0.000236069,6.30215e-05,4.65874e-05,0.000303978,0.000120282,5.30744e-05,0.000152205,1.69536e-05,5.71275e-05,7.93862e-05,2.73146e-05,2.58486e-05,4.20756e-05,0.000105679,1.4582e-05,3.83597e-05,3.40487e-05,2.59841e-05,0.000315712,6.0531e-05,4.08342e-05,8.24304e-05,2.50466e-05,0.000115075,7.57475e-05,1.5401e-05,3.11413e-05,0.000144705,4.06938e-05,2.81711e-06,6.99957e-05,4.31001e-05,0.000115301,6.07682e-05,5.51787e-05,0.000250731,0.000162422,3.31369e-05,3.44304e-05,6.30689e-05,3.6651e-05,6.26866e-05,4.02756e-05,4.38133e-05,0.000151451,4.04664e-05,5.00161e-05,0.000147533,0.000171198,5.86069e-05,9.68019e-05,6.29898e-05,0.000131465,7.97493e-05,0.000259483,0.000339387,4.15405e-05,0.00010449,0.000115616,7.42055e-05,2.68344e-05,0.000327824,0.000103629,0.00018395,6.37425e-05,0.000153155,6.33061e-05,3.84561e-05,0.000203839,5.98451e-05,0.000109014,7.55765e-06,6.61425e-05,4.93192e-05,0.000193944,5.06767e-05,5.40338e-05,0.000100048,6.42478e-05,5.48217e-05,5.55081e-05,6.05846e-05,7.02326e-05,6.62581e-05
"ARGDEG-PWY: superpathway of L-arginine, putrescine, and 4-aminobutanoate degradation",0,0,0,0,0,0,1.99077e-06,0,3.94303e-05,0,0,1.97546e-05,0,0,0,0,0,0,0,1.07103e-06,0,0,0,0,0,0,2.44364e-05,6.80629e-06,0,7.7655e-05,0,6.2156e-07,0,0,0,5.35695e-06,2.11442e-05,0,6.47676e-05,4.02745e-06,0,0,0,4.06882e-05,8.28908e-06,0,0,0,0,0,0,0,4.28712e-05,0,1.47263e-05,0,0,3.62878e-05,0,5.05645e-06,0,0,1.13267e-05,0,3.07599e-06,2.85723e-05,2.8126e-06,0,5.87118e-07,0,5.31531e-07,0,2.77421e-05,0,0,8.08912e-05,5.15907e-06,0,1.88212e-05,0,0,0,0,0,0,1.97254e-06,0,0,0,0,8.24704e-05,0,0,0,7.97556e-07,1.17098e-05,0,0,0,0,0,0,1.52265e-06,0,0,0,0,3.71814e-05,3.23777e-05,0,0,1.89833e-05,0,8.79306e-07,0,0,0,0,0,1.41025e-05,0,6.6839e-07,0,0,0,1.21453e-06,0,0.000110106,0,6.79335e-07,0,0,0,2.37437e-07,7.30062e-07,0,9.38783e-07,5.92516e-06,0,0,1.09437e-05,0,3.96542e-06,0,0,0,1.13868e-05,0,0,0,0,0,0,0,0,7.45943e-07
"ARGININE-SYN4-PWY: L-ornithine biosynthesis II",0.00012721,3.6741e-05,2.46426e-05,5.74251e-05,9.99096e-06,1.0319e-05,8.32113e-06,2.90813e-06,0.000179278,1.68223e-05,3.68023e-05,8.46324e-05,1.81006e-05,1.5722e-05,1.03926e-06,5.86311e-05,7.98796e-07,3.38956e-06,1.52292e-05,9.65394e-05,9.69086e-06,3.70813e-05,5.6729e-05,4.15387e-05,3.81321e-05,8.7096e-06,4.27773e-05,9.25535e-05,9.61765e-05,0.000277709,3.14938e-05,1.88207e-05,1.52413e-06,2.65815e-06,6.15703e-06,7.31018e-05,0.000161671,3.2928e-05,0.000313081,1.22371e-05,7.91365e-05,2.54341e-06,6.96282e-06,0.000160746,3.62794e-05,3.23623e-06,2.29762e-05,7.05727e-06,9.52033e-06,4.43949e-06,1.71561e-06,4.5715e-06,0.0001451,2.16128e-05,6.10826e-05,0.000276992,1.62319e-05,0.000110363,2.30983e-05,4.12912e-05,3.06621e-05,7.18448e-06,6.70719e-05,1.06851e-05,3.96634e-05,0.000116409,3.88122e-06,4.23172e-06,5.61791e-05,5.07791e-05,0.000202607,7.2411e-05,0.00016863,0.000198078,0.000134301,0.000159311,0.00023537,2.45488e-05,0.00013361,0,5.01374e-06,0.000138802,3.55011e-06,0,1.23695e-05,9.24526e-05,1.03583e-06,3.37309e-05,3.37535e-05,2.78047e-06,0.000210049,1.38675e-05,9.88941e-06,1.74228e-05,1.10392e-05,4.31322e-05,3.40429e-05,0,5.27338e-06,7.25468e-05,1.28698e-05,1.9655e-05,1.11382e-05,1.84233e-05,2.05042e-05,2.10052e-05,1.49756e-05,0.000109884,5.23376e-05,4.10465e-05,6.14642e-07,5.46028e-05,8.93003e-06,4.19908e-05,0.00013341,9.72731e-06,3.89943e-05,0,1.61123e-05,4.20632e-05,7.66563e-05,4.45729e-05,8.05959e-05,4.5339e-05,0.00016291,4.8603e-05,0.000193538,0.0002123,0.000146598,8.92473e-05,7.57169e-05,1.5059e-05,3.80124e-05,0.000246273,0.000182988,2.60379e-05,1.35954e-05,0.000102761,4.0395e-05,0.000249134,9.54492e-05,8.79805e-05,7.92364e-05,0.000536739,0.000131611,0.000354358,3.89593e-05,0.00011252,0.000316223,3.91744e-05,0.000110974,0.000114753,5.02979e-05,1.13155e-05,0.000119164,0.00010793
"ARGSYN-PWY: L-arginine biosynthesis I (via L-ornithine)",0.000672709,0.000590054,0.000778348,0.000722739,0.000817665,0.000618675,0.000757119,0.000726869,0.000487496,0.000761025,0.000592453,0.000645533,0.000402841,0.000810707,0.000798564,0.000947151,0.000762065,0.000702976,0.00079491,0.00039993,0.000646392,0.000744962,0.000573426,0.000637732,0.000590007,0.000849248,0.000681809,0.000513906,0.000592227,0.000421535,0.000798384,0.000638575,0.000814907,0.000814057,0.000768444,0.000647287,0.000328444,0.000720554,0.000407311,0.000594257,0.000562514,0.000738061,0.000783064,0.000433554,0.000580217,0.000847557,0.000642814,0.00077331,0.000685685,0.000646029,0.000864819,0.000659892,0.000433445,0.000790064,0.000621729,0.00052387,0.000670839,0.000562125,0.000767106,0.000658142,0.000561666,0.00106332,0.000489501,0.000706363,0.000556146,0.000345882,0.000555847,0.000780254,0.000689153,0.00056436,0.000436406,0.000665915,0.000419971,0.00045684,0.000533606,0.000511822,0.000458019,0.000380263,0.000245761,0.000750048,0.000672621,0.000559085,0.000635321,0.000876402,0.000647689,0.000487367,0.000769472,0.000683165,0.000809216,0.000765713,0.000463143,0.000707253,0.000828184,0.00072382,0.000721764,0.000455682,0.00068346,0.000854588,0.000756942,0.000545139,0.000740613,0.000713534,0.000605123,0.000785357,0.000616119,0.000511036,0.000747654,0.000596264,0.000783805,0.000456166,0.00077676,0.000760665,0.000803083,0.000596023,0.000581048,0.000872397,0.000570456,0.000695806,0.00076701,0.000543648,0.000758487,0.000558293,0.000550552,0.000685303,0.000527611,0.000549703,0.000358447,0.000399268,0.000611833,0.000556611,0.000565847,0.000645993,0.000361491,0.000333816,0.000586954,0.000504834,0.000649193,0.000434277,0.000313387,0.000267688,0.000399454,0.000744729,0.000607703,0.000103291,0.00055884,0.00037302,0.0005358,0.000596769,0.000376226,0.00057996,0.000582624,0.00057382,0.000636424,0.000601485,0.000609433,0.000504065
"ARGSYNBSUB-PWY: L-arginine biosynthesis II (acetyl cycle)",0.000684209,0.000611509,0.000799407,0.000782007,0.000855336,0.000648169,0.00080323,0.000754516,0.000493874,0.000784401,0.000626016,0.000656616,0.000431327,0.000836585,0.000857876,0.000979656,0.000786002,0.000743937,0.000835441,0.000426196,0.000671436,0.000771435,0.000584482,0.000678681,0.000622421,0.000885429,0.000709565,0.000516239,0.000616057,0.000427554,0.000824583,0.000651793,0.000862493,0.000858216,0.000774195,0.000710803,0.00033191,0.000779365,0.000410266,0.000637376,0.00059345,0.000767954,0.000813851,0.000454562,0.000581525,0.00087944,0.000666826,0.000806,0.000703545,0.0006473,0.000898336,0.000686057,0.000441212,0.00081954,0.000651434,0.000543715,0.000697793,0.000571168,0.000785626,0.00068328,0.000603199,0.00109999,0.000510749,0.000738096,0.000595184,0.000344671,0.000562467,0.000826792,0.00069876,0.000600851,0.000449396,0.000681732,0.000418155,0.000453137,0.0005441,0.000518815,0.000458485,0.000380951,0.000236646,0.000801447,0.000700214,0.000563827,0.000663321,0.0009661,0.000715198,0.000489901,0.000814674,0.000690414,0.0008436,0.00079179,0.000476453,0.000717906,0.000861026,0.000783175,0.00075208,0.000462177,0.000703424,0.000906344,0.0008076,0.000559821,0.00075969,0.00072005,0.000642746,0.000831857,0.000635175,0.000521958,0.000779747,0.000614374,0.000800738,0.000469926,0.000789498,0.000780265,0.000836491,0.000606884,0.000593504,0.000909582,0.000593965,0.000728266,0.000784247,0.000566349,0.00077155,0.000588219,0.000558626,0.000731684,0.000530501,0.000567278,0.000370387,0.000406638,0.000632967,0.000571569,0.000558971,0.000674041,0.000349777,0.000350852,0.000598946,0.000503728,0.000671977,0.000428963,0.000299797,0.000270427,0.000381553,0.000758322,0.000615215,0.000100541,0.000567621,0.000371218,0.000553025,0.000584081,0.000354677,0.0005813,0.000572915,0.000574375,0.000642722,0.000603147,0.000626152,0.00051261
"ARO-PWY: chorismate biosynthesis I",0.000688899,0.000590497,0.000757377,0.000688551,0.00079055,0.000738528,0.000752632,0.000749251,0.000511223,0.000730397,0.000623291,0.000565339,0.000495874,0.000779672,0.000844383,0.000849776,0.000847702,0.000684245,0.000802438,0.000369208,0.000655893,0.000787097,0.000529632,0.000668028,0.000634122,0.000858739,0.000664729,0.000504537,0.000682317,0.000375123,0.000851947,0.000723839,0.000841843,0.000788119,0.000798881,0.000603384,0.000411112,0.000820921,0.000482791,0.000650104,0.000560122,0.000713894,0.000713029,0.000432535,0.000572465,0.000812168,0.000567067,0.000781659,0.000642216,0.000719005,0.000825123,0.000651112,0.000466595,0.000664584,0.000620295,0.000406112,0.00074839,0.000570212,0.000890197,0.000613909,0.000578292,0.000906553,0.000492562,0.000699247,0.000538117,0.000357384,0.000632317,0.000805129,0.000637144,0.00060569,0.000536371,0.000644911,0.000436312,0.000503609,0.000589667,0.000451721,0.000502011,0.000441823,0.000343506,0.000824075,0.000701805,0.000581363,0.000727075,0.000894019,0.000625653,0.000539783,0.000844951,0.000656764,0.000769362,0.00078453,0.000405849,0.00069129,0.000781972,0.000734219,0.00071719,0.000457356,0.000681345,0.000813768,0.000766669,0.00051818,0.00074832,0.000796055,0.000643284,0.000763723,0.000662466,0.000516191,0.000706832,0.000564962,0.000727865,0.000467676,0.00082122,0.000717636,0.000734139,0.000571444,0.000604697,0.000834924,0.000638293,0.000690624,0.000738854,0.000455767,0.000704217,0.000511448,0.000559965,0.000700307,0.000556912,0.000538438,0.000445324,0.000394452,0.000585336,0.000621574,0.000565882,0.0006807,0.000380551,0.00029764,0.000616113,0.000487538,0.000675323,0.000424614,0.000376324,0.00059216,0.000465832,0.000679649,0.000637501,0.000559997,0.000577426,0.000531323,0.000538595,0.000540889,0.000478105,0.000531879,0.000616163,0.000564547,0.00063956,0.000598279,0.000617874,0.000486356
"ASPASN-PWY: superpathway of L-aspartate and L-asparagine biosynthesis",0.000227623,0.000179031,0.000158488,0.000134277,0.000166001,0.000231232,0.000333944,0.000302083,0.000370618,0.000176284,0.00015747,0.000242391,0.000122292,0.000253904,0.000267553,0.000145533,0.000275396,0.000279851,0.000169678,0.000205097,0.000131963,0.00023948,0.000122228,0.000101849,0.000146003,0.000211655,0.000534778,0.000354776,0.00023593,0.000493503,0.000285657,0.000308553,0.000529668,0.000229863,0.000291743,0.000141957,0.000309682,0.000256955,0.000431957,0.000101058,0.000213314,0.000194845,0.000148462,0.000383772,0.000189408,0.000210876,9.27098e-05,0.000234436,0.000198272,0.000308771,0.000209595,0.000234852,0.000347412,7.9681e-05,0.00019569,0.000457201,0.000443375,0.000379252,0.00024925,0.000212359,0.000188162,0.000246396,0.000213517,0.000306681,9.83159e-05,0.000296027,0.000226879,0.000239943,0.000241315,0.000155064,0.000266471,0.000172798,0.000333034,0.000226691,0.000172427,0.000332176,0.000284354,0.000105598,0.000302437,0.000288105,0.000216461,0.000211587,0.000257274,0.000388585,0.000114324,0.000211065,0.00035559,0.000238161,0.000128385,0.000366842,0.000415158,0.000198916,0.000171304,0.000461459,0.000366134,0.000143445,0.000124277,0.000328397,0.000224288,0.00016399,0.000166765,0.000291734,0.000345941,0.000172271,0.000229429,0.00014911,0.000201185,0.000353878,0.000215226,0.000174649,0.000270472,0.000328622,0.00028212,0.000162817,0.000183443,0.00021109,0.000345757,0.000267026,0.000260242,0.000205024,0.000168897,0.00016465,0.000173786,0.000181566,0.000305209,0.000187562,0.000415725,0.000418665,0.000189645,0.000195852,0.000187426,0.000137833,0.000309767,0.000439732,0.000244024,0.000278758,0.000272025,0.000182484,0.000387018,0.000482653,0.000194847,0.000167665,0.000197246,0.000604504,0.000228723,0.000338563,0.000180485,0.000145946,0.000270682,0.000214677,0.000143252,0.000148899,0.000149149,0.000269858,0.000151268,0.000135568
"AST-PWY: L-arginine degradation II (AST pathway)",0,0,0,0,0,9.39343e-07,4.01789e-06,0,9.53281e-05,0,8.32021e-07,4.51328e-05,1.61247e-06,0,0,0,0,0,0,8.27148e-06,0,9.42226e-07,4.48913e-07,0,0,0,3.37528e-05,5.45655e-05,4.14235e-07,0.000197524,0,4.14589e-07,0,0,0,6.10816e-06,4.48346e-05,0,9.76084e-05,3.53883e-06,1.77902e-05,5.69701e-07,0,0.000122522,7.33525e-06,0,5.99495e-07,0,9.82712e-07,1.4159e-06,0,2.57476e-06,9.39816e-05,0,3.17286e-05,0.000158111,4.18472e-06,7.16594e-05,4.18815e-06,1.23501e-05,2.50816e-06,0,2.08202e-05,0,6.46285e-06,5.45667e-05,1.53863e-06,0,1.43594e-06,0,6.42887e-07,0,7.85054e-05,9.62861e-07,0,0.000108374,5.91738e-06,0,2.84475e-05,0,6.44256e-07,0,0,0,0,3.01007e-06,0,5.47941e-07,0,0,0.000170182,0,0,4.09054e-06,6.07528e-07,1.36104e-05,0,0,0,1.8229e-05,1.58798e-06,0,5.87501e-06,0,4.41414e-07,0,0,5.41866e-05,2.57413e-05,0,3.18537e-07,2.03509e-05,0,2.98867e-06,0,0,6.60159e-05,0,0,2.14888e-05,0,1.00516e-06,0,0,1.08595e-05,1.05238e-06,7.14988e-05,0.000155456,0,2.58851e-06,0,6.47281e-06,0,0.000164521,2.48256e-06,8.70883e-05,2.89519e-06,9.75158e-06,5.75114e-07,0,2.07481e-05,0,6.74789e-06,0,1.13221e-06,7.06025e-07,1.1895e-05,0,0,0,0,0,4.90475e-06,3.56273e-06,0,1.89744e-06
"BIOTIN-BIOSYNTHESIS-PWY: biotin biosynthesis I",0.000117232,3.43817e-05,7.21006e-05,2.06079e-05,5.23514e-05,2.19025e-05,2.0386e-05,7.12983e-06,0.000213542,5.40494e-06,2.30988e-05,0.000119,3.96485e-05,3.14308e-05,4.16272e-05,6.21995e-05,6.58595e-06,6.52505e-05,1.94342e-05,8.79069e-05,1.86654e-05,2.76004e-05,0.000107091,4.08112e-05,3.20808e-05,6.88372e-05,0.000124794,0.000169623,9.14435e-05,0.000327656,5.10516e-05,2.26973e-05,2.88961e-06,2.70144e-05,0,9.00576e-05,0.00022365,4.55811e-05,0.000312591,4.7527e-05,0.000118004,2.66791e-05,4.01958e-05,0.000201568,7.57101e-05,2.56574e-05,3.6729e-05,4.87282e-05,3.30189e-05,4.84385e-05,2.52685e-05,2.12862e-05,0.000202791,2.69914e-05,8.73268e-05,0.000357652,2.96879e-05,0.000170109,3.82041e-05,9.16609e-05,6.01732e-05,5.23924e-06,0.000149516,1.73039e-05,0.000113554,0.00017143,2.07004e-05,2.42987e-05,0.000117687,6.2099e-05,0.00010422,3.25364e-05,0.000266289,7.65753e-05,9.53913e-05,0.000200183,0.000184763,3.49863e-05,0.000209661,3.9308e-05,5.61714e-05,0.000113935,1.83476e-05,0,3.88598e-05,8.40151e-05,0,7.41757e-05,5.10697e-05,5.82692e-05,0.000289457,6.04313e-05,1.74644e-05,4.72312e-05,1.99995e-05,7.77037e-05,3.65826e-05,1.16894e-05,6.97199e-06,0.000135888,4.65237e-05,3.71873e-05,2.78809e-05,5.01193e-05,3.92636e-05,1.91442e-05,5.15893e-05,0.000159191,8.09117e-05,2.23961e-05,5.53301e-05,0.00015509,6.43664e-05,7.96098e-05,7.35697e-05,3.68585e-05,9.57883e-05,3.19255e-05,6.74579e-05,0.000123693,0.000126352,6.22136e-05,4.94697e-05,0.000115172,0.000178993,3.36168e-05,0.000315043,0.00031259,7.17494e-05,5.35584e-05,9.51288e-05,4.47329e-05,2.33985e-05,0.000333907,0.000116393,0.000197001,2.51471e-05,0.000131238,2.99866e-05,1.61863e-05,0.000126044,6.56371e-05,0.000113833,0.000266977,0.000118277,9.40079e-05,7.12125e-05,3.53624e-05,7.33108e-05,4.56957e-05,4.44875e-05,0.000126295,4.90998e-05,7.79196e-05,2.23798e-05,8.69011e-05
"BRANCHED-CHAIN-AA-SYN-PWY: superpathway of branched chain amino acid biosynthesis",0.000609061,0.000515655,0.000706862,0.000647727,0.000675132,0.000678222,0.000775485,0.000777994,0.000697908,0.000603917,0.000530406,0.000523674,0.000354282,0.000689,0.000761662,0.000627848,0.000747575,0.00071268,0.00063907,0.000371955,0.000511492,0.00066015,0.000430008,0.00046197,0.000496382,0.00075193,0.000667098,0.000641638,0.000605214,0.000547828,0.000853809,0.000656537,0.000843385,0.00076571,0.000670392,0.000598424,0.000407239,0.000693123,0.000448882,0.000439377,0.000505519,0.00065966,0.00061571,0.000484305,0.00056568,0.000800091,0.000560615,0.000774732,0.000631374,0.000828874,0.00075564,0.000635814,0.000519603,0.000598536,0.000541673,0.00044364,0.000636523,0.000746638,0.000840126,0.00060226,0.000536561,0.000835703,0.000570204,0.000628585,0.000597432,0.000431286,0.000628642,0.000745433,0.000618914,0.000552963,0.000526867,0.000548625,0.000497066,0.000445906,0.000467232,0.000607951,0.000460737,0.000297257,0.000380956,0.000841102,0.000809483,0.000476613,0.000597075,0.00079702,0.000663986,0.000514675,0.000850362,0.000746321,0.000651646,0.000935166,0.000558167,0.000781696,0.000724081,0.000738929,0.000708923,0.000402803,0.000518248,0.000760172,0.000750453,0.000410167,0.000789726,0.00068091,0.000580068,0.000713351,0.00062398,0.000430513,0.000711551,0.0006077,0.000764153,0.00035459,0.000894282,0.00078286,0.0007485,0.000527359,0.000634711,0.000751194,0.000558968,0.000663471,0.000669049,0.000436231,0.000641375,0.000504708,0.0004902,0.000644772,0.000529306,0.00047892,0.000453747,0.000476544,0.000518513,0.000495863,0.000508672,0.00055992,0.000634942,0.000411307,0.000555885,0.00050415,0.00065338,0.000424275,0.000590842,0.000416488,0.00036613,0.000618358,0.00065028,0.00023518,0.000475636,0.000496246,0.000487375,0.000371668,0.000387312,0.000614538,0.000463095,0.000447705,0.000451446,0.00048102,0.000428029,0.000470152
"CALVIN-PWY: Calvin-Benson-Bassham cycle",0.000601213,0.000518082,0.000656269,0.000609201,0.00069535,0.000685273,0.000828671,0.000679987,0.000547993,0.000704274,0.000546894,0.000551551,0.000431109,0.000777785,0.000810078,0.000657228,0.000801268,0.000689511,0.000689025,0.000407636,0.000577277,0.00076413,0.000440507,0.000518497,0.00053554,0.000704528,0.000815205,0.000428164,0.000647671,0.00049634,0.000843373,0.0007221,0.000904298,0.000775495,0.000861148,0.000559914,0.000445706,0.000800257,0.000541215,0.000507932,0.000525873,0.000708408,0.000641644,0.00049702,0.000833688,0.000739955,0.000512351,0.000758141,0.000620122,0.000647001,0.000697686,0.00059309,0.000545141,0.000510127,0.000550757,0.000466435,0.000787294,0.000667088,0.000838754,0.0005979,0.00054005,0.000846112,0.000508667,0.000813125,0.000522906,0.000399443,0.000637287,0.0007034,0.000606211,0.000500295,0.000475389,0.00059543,0.000457271,0.0004624,0.000455752,0.000520087,0.000471932,0.000419,0.0003743,0.000725058,0.000656955,0.00049865,0.000677725,0.000973442,0.000598472,0.000503481,0.000716201,0.000522646,0.000568862,0.000611333,0.000535921,0.000568271,0.000744965,0.000770963,0.00088748,0.000449828,0.000557464,0.000889137,0.000751606,0.000424164,0.00060548,0.000985589,0.000663798,0.000656561,0.000659197,0.000512599,0.000724006,0.000646402,0.000678691,0.00041719,0.000694761,0.000776195,0.000790215,0.000517036,0.000514763,0.00075878,0.000677987,0.000709637,0.00070326,0.000462092,0.000650153,0.000464514,0.000461068,0.000634769,0.000528072,0.000469481,0.000557385,0.000499787,0.000466705,0.000538074,0.000434554,0.000634451,0.000456579,0.000339595,0.000535905,0.00054911,0.000773645,0.00042973,0.000415005,0.000288827,0.000571674,0.000510782,0.000642229,0.000273331,0.000553127,0.000441797,0.000516823,0.000391914,0.000328178,0.000548197,0.000478828,0.000408068,0.000445805,0.000644798,0.000513622,0.000372503
"CARNMET-PWY: L-carnitine degradation I",0,0,0,0,0,0,9.55442e-07,0,2.31212e-05,0,0,1.17287e-05,0,0,0,0,0,0,0,2.66456e-06,0,0,0,0,0,0,2.17271e-06,1.5306e-06,0,4.07339e-05,0,0,0,0,0,1.59847e-06,7.95701e-06,0,5.57193e-07,0,8.19561e-06,0,0,2.7707e-05,2.68424e-06,0,0,0,0,0,0,1.60484e-06,1.11412e-05,0,4.71612e-06,5.02765e-05,2.32549e-06,9.95212e-06,2.95175e-06,6.95084e-06,1.01095e-06,0,8.03886e-06,0,2.39225e-06,1.2185e-05,1.25134e-07,0,3.34615e-07,0,0,0,1.4798e-05,0,0,1.32303e-05,1.57333e-06,0,1.34138e-06,0,0,0,0,0,0,1.19997e-06,0,0,0,0,2.96712e-05,0,0,2.07919e-06,0,4.69088e-06,0,0,0,5.81347e-06,0,0,5.31837e-06,0,0,0,0,1.18676e-05,5.87334e-06,0,0,9.7567e-06,0,1.18732e-06,0,0,0,0,0,3.55019e-06,0,0,0,0,7.08987e-06,0,1.82181e-05,3.5368e-05,0,6.14378e-07,0,0,0,5.0141e-05,4.07791e-07,4.73042e-05,2.94658e-07,2.47597e-06,0,0,6.08712e-06,0,1.15086e-06,0,0,0,3.12246e-06,0,0,0,0,0,0,5.16245e-07,0,0
"CATECHOL-ORTHO-CLEAVAGE-PWY: catechol degradation to &beta;-ketoadipate",0,0,0,0,0,0,0,0,0,0,0,0,0,0,0,0,0,0,0,0,0,0,0,0,0,0,1.50599e-05,2.75721e-05,0,6.66379e-06,1.54267e-06,1.43748e-06,0,0,0,0,1.49968e-05,0,5.64195e-05,3.29487e-06,0,0,0,0,0,0,0,0,0,0,0,0,0,0,0,0,0,0,0,0,0,0,0,0,0,3.0097e-06,0,0,0,0,0,0,0,0,0,0,0,0,0,0,0,0,0,0,0,0,0,0,0,0,0,0,0,0,0,0,0,0,0,0,3.91707e-06,0,0,0,0,0,0,0,1.71592e-06,0,0,0,0,1.09582e-06,0,0,3.91508e-05,0,0,0,0,0,0,0,3.8086e-06,0,0,0,0,0,0,1.03357e-05,0,1.7514e-05,0,3.65689e-05,0,0,0,0,9.01685e-06,0,0,0,0,0,0,0,0,0,0,0,0,0,0,0
"CENTFERM-PWY: pyruvate fermentation to butanoate",6.36329e-05,3.21273e-05,0.000103824,2.95056e-05,5.32227e-05,4.02008e-05,3.3602e-05,6.88518e-05,0,5.13842e-05,7.81667e-05,6.6691e-05,4.4906e-05,2.46194e-05,3.95621e-05,5.7495e-05,2.1248e-05,7.03995e-05,6.13558e-05,6.04954e-05,3.07647e-05,5.8658e-05,5.26844e-05,4.35014e-05,5.81194e-05,3.37985e-05,4.86504e-06,3.26023e-06,5.05641e-05,5.18295e-06,2.87322e-05,3.14997e-05,4.84561e-06,5.35458e-05,1.24473e-05,8.09971e-05,3.73105e-05,3.12099e-05,4.99036e-06,2.89711e-05,3.58836e-05,5.181e-05,8.50281e-05,6.81438e-06,7.77835e-06,5.10564e-05,7.93673e-05,3.36863e-05,4.54214e-05,2.37844e-05,6.895e-05,3.05353e-05,3.3554e-06,8.2259e-06,4.00608e-05,4.66148e-06,0,1.82841e-05,5.36843e-05,8.68715e-05,6.10346e-05,6.05704e-05,2.44437e-05,5.85003e-05,5.21004e-05,1.81709e-05,2.65188e-06,5.69054e-05,4.31961e-05,2.23189e-05,3.53176e-05,7.57063e-05,3.12291e-05,4.55496e-05,4.12235e-05,1.85291e-05,3.01557e-05,3.12145e-05,2.37136e-05,4.18384e-05,4.26121e-05,3.86908e-05,5.04703e-05,9.72688e-06,1.42582e-05,2.23998e-05,2.84735e-05,5.15997e-05,6.28666e-05,5.47406e-05,1.77287e-05,8.2178e-05,9.0631e-05,2.39669e-05,6.22251e-06,6.53112e-05,5.24226e-05,3.91281e-05,4.57898e-05,4.23634e-05,1.84371e-05,7.69641e-06,0,6.43618e-05,4.25781e-05,9.47402e-05,7.05118e-05,2.8351e-05,4.75142e-05,2.59884e-05,3.60661e-05,6.36495e-05,5.40733e-05,7.63941e-05,4.14637e-05,3.35536e-05,5.48532e-05,5.19194e-05,3.81016e-05,5.15845e-05,7.06842e-05,6.30141e-05,6.28498e-05,2.89045e-05,3.03859e-05,1.24032e-05,1.76008e-05,1.52534e-05,4.25345e-05,4.99325e-05,6.38274e-05,4.40044e-05,4.90226e-05,8.72637e-07,3.38627e-05,4.2143e-05,2.10708e-05,2.45173e-05,2.30246e-05,2.41864e-05,8.62894e-05,6.71843e-05,6.19406e-05,0,3.38352e-05,4.07517e-05,3.96839e-05,4.08864e-05,1.91943e-05,3.61054e-05,4.13962e-05,6.97441e-05,3.39599e-05,2.13759e-05,4.72204e-05,4.99545e-05
"CHLOROPHYLL-SYN: 3,8-divinyl-chlorophyllide a biosynthesis I (aerobic, light-dependent)",0,0,0,0,0,0,0,0,0,0,0,0,0,0,0,0,0,0,0,2.40652e-06,0,0,0,0,0,0,0,0,0,0,0,0,0,0,0,0,5.58322e-07,0,0,0,0,0,0,0,9.84834e-07,0,0,0,0,0,0,0,0,0,0,0,0,0,0,0,0,0,1.07036e-05,0,0,0,0,0,8.81916e-07,0,0,0,0,2.7404e-06,0,0,0,0,1.20176e-06,0,3.87396e-06,0,0,0,0,0,0,4.51712e-07,0,0,0,0,0,1.51858e-06,8.10219e-07,0,0,0,0,0,0,0,0,0,0,0,0,0,0,0,0,0,0,9.82817e-07,0,0,0,0,0,0,0,0,0,0,0,0,0,0,0,0,0,0,0,0,0,0,1.43352e-06,0,0,0,0,0,0,0,1.83064e-06,0,3.69196e-06,0,0,0,0,9.47271e-07,0,0,0,1.56918e-06
"CITRULBIO-PWY: L-citrulline biosynthesis",6.00189e-05,8.95301e-05,4.99872e-05,5.39963e-05,2.61281e-05,3.17598e-05,3.12396e-05,1.85688e-05,0.000236311,2.48078e-05,3.00743e-05,0.000120577,2.67954e-05,2.11042e-05,2.90101e-05,4.83673e-05,2.44267e-05,2.5642e-05,5.63504e-05,0.000128189,3.22675e-05,3.64856e-05,0.000173778,3.08216e-05,4.93015e-05,1.8555e-05,6.29573e-05,0.000103866,6.08702e-05,0.000321852,4.81472e-05,1.36911e-05,2.75335e-06,9.72346e-06,1.54947e-05,6.04774e-05,0.000199689,4.56129e-05,0.000342159,3.17447e-05,0.000113014,1.82961e-05,7.32691e-05,0.000210654,4.76855e-05,1.77672e-05,3.97508e-05,1.48642e-05,2.55779e-05,6.64377e-06,2.44926e-05,2.65143e-05,0.000192777,4.11332e-05,8.80179e-05,0.000355854,2.41519e-05,0.000155129,5.67941e-05,6.07103e-05,5.98894e-05,2.22106e-05,9.58651e-05,7.58241e-06,0.00011461,0.000151469,2.90794e-06,1.27159e-05,2.60592e-05,0.000110548,0.000208339,7.84607e-05,0.00021649,0.000205593,0.000174577,0.000212556,0.000214925,6.75145e-05,0.00015511,1.2773e-05,1.25726e-05,0.000225241,1.19005e-05,1.0001e-05,2.35098e-05,0.000157348,1.0071e-05,5.08569e-05,1.9837e-05,1.33577e-05,0.000260114,0.000108679,4.16638e-05,2.59229e-05,3.91493e-05,6.28229e-05,4.62776e-05,1.014e-05,1.58285e-05,0.000109938,2.91716e-05,8.87342e-05,1.66011e-05,5.38974e-05,9.27903e-05,5.8412e-05,2.87348e-05,0.000156295,7.67637e-05,4.44697e-05,7.99071e-06,7.98098e-05,1.9123e-05,5.98753e-05,0.000185289,1.57761e-05,7.35304e-05,1.85206e-05,5.41664e-05,6.11037e-05,0.000144895,6.54975e-05,8.35341e-05,0.00015008,0.000176431,6.06418e-05,0.000227688,0.000252712,0.00023167,0.00010951,0.000156388,1.2897e-05,5.64533e-05,0.000291744,0.00017446,2.34954e-05,4.61242e-05,0.000201736,5.50542e-05,0.000229575,7.90907e-05,9.91421e-05,0.000150363,0.000179612,0.00018298,0.000329352,5.68676e-05,9.0769e-05,0.000265723,0.000110191,0.000105961,0.000164151,0.000115841,1.68412e-05,0.000113142,0.000220436
"COA-PWY-1: superpathway of coenzyme A biosynthesis III (mammals)",0.000607524,0.000469089,0.000631672,0.000516269,0.00068476,0.00059496,0.000604186,0.000627571,0.000416767,0.000596744,0.000502048,0.000523728,0.000416297,0.000610107,0.000658525,0.00068377,0.000656765,0.000550156,0.000604601,0.000326947,0.000449045,0.000681082,0.00046494,0.000532203,0.000581217,0.000678279,0.000477794,0.000401057,0.000658431,0.000263887,0.000675183,0.000618571,0.000600162,0.000646444,0.000656439,0.000547616,0.000355764,0.000641746,0.000360272,0.000535605,0.000457251,0.000573876,0.000548175,0.000352908,0.00047119,0.000713441,0.000503284,0.000554631,0.000553716,0.000642024,0.00063502,0.00055704,0.000367476,0.000433609,0.000556799,0.000351549,0.000632248,0.000473874,0.000728483,0.000546528,0.000522875,0.000744259,0.000411585,0.000554206,0.000357864,0.000270514,0.000542406,0.00061579,0.000508205,0.000464458,0.000562907,0.000627812,0.000414713,0.000504292,0.000562257,0.000408378,0.000484751,0.000326451,0.000311184,0.000665398,0.000627564,0.00048777,0.000622036,0.000684432,0.000440484,0.000518398,0.00065175,0.000532099,0.00064667,0.000657032,0.000333336,0.000636893,0.000633495,0.000547112,0.000616643,0.000374015,0.00058152,0.000634162,0.000575511,0.000475265,0.000646613,0.00067158,0.000507622,0.000613075,0.000576717,0.000444631,0.000590119,0.000455579,0.000585501,0.000391206,0.00073029,0.000584792,0.000622918,0.000524188,0.000576196,0.000652714,0.000487364,0.000570789,0.000570245,0.000442788,0.000557342,0.000463544,0.000521699,0.000611427,0.000494377,0.000456287,0.00037499,0.00027238,0.000584233,0.00054552,0.000458641,0.000552279,0.000337309,0.000240243,0.000584298,0.00042924,0.000558088,0.000372566,0.000277463,0.000594681,0.000416186,0.000637919,0.000539484,0.000528181,0.000494194,0.000509279,0.000484437,0.000565325,0.000488252,0.000473959,0.000554572,0.000543941,0.000547888,0.000629301,0.000555554,0.000429335
"COA-PWY: coenzyme A biosynthesis I (prokaryotic)",0.000569464,0.00045585,0.000615213,0.000616027,0.000638773,0.000572812,0.000571824,0.000609745,0.000401682,0.000553386,0.000467887,0.000493675,0.000389628,0.000558729,0.000647978,0.000621148,0.000617546,0.000512627,0.000576959,0.000303765,0.000440098,0.000679002,0.000441357,0.000495099,0.000533769,0.000628749,0.00046887,0.000367584,0.000625847,0.000252789,0.000640253,0.000594624,0.000615857,0.000644652,0.000631382,0.000525508,0.000333772,0.000602342,0.000364838,0.0004948,0.000422554,0.000531268,0.000502052,0.000333464,0.000454123,0.000670183,0.000503102,0.000546813,0.000520318,0.000629395,0.000593367,0.000523135,0.000344261,0.000388557,0.000518817,0.000324825,0.000584713,0.000455333,0.000765842,0.000507671,0.000490006,0.00069924,0.000405145,0.000521953,0.00047498,0.000257887,0.000508286,0.000576852,0.000487157,0.000498555,0.000542811,0.000596529,0.000392215,0.000498354,0.000545185,0.00038054,0.00045769,0.000320822,0.000297223,0.000657591,0.000635693,0.000463079,0.00057792,0.000646183,0.000511924,0.000497684,0.000620135,0.000501003,0.000598974,0.000620945,0.000322524,0.00060669,0.00059546,0.000530304,0.000585619,0.000361735,0.000545766,0.000604784,0.000565465,0.000438454,0.000606227,0.000647905,0.000506053,0.000574598,0.000543841,0.000408946,0.000560758,0.000427309,0.000550209,0.000360056,0.000712974,0.000555747,0.000589423,0.000526629,0.000561636,0.000620204,0.000458313,0.000538382,0.000544782,0.00040848,0.000547418,0.000439306,0.000496877,0.000593517,0.000483962,0.000464484,0.000346905,0.000255041,0.000550445,0.000509235,0.00046064,0.000530975,0.000338624,0.000216584,0.000550734,0.000396794,0.000579299,0.00034122,0.000306076,0.000586569,0.000389031,0.000603827,0.000519104,0.000532614,0.000467188,0.00048426,0.000450488,0.000535911,0.000456577,0.000458979,0.000520705,0.000511314,0.000504739,0.000609512,0.000520924,0.000398583
"COBALSYN-PWY: superpathway of adenosylcobalamin salvage from cobinamide I",0.000230335,0.00019971,0.000263645,0.000173186,0.000303442,0.00028267,0.000491733,0.000296151,0.000180931,0.000214795,0.000209567,0.000166767,5.30425e-05,0.000291651,0.000301646,0.000249397,0.000364303,0.00039963,0.000266197,7.35288e-05,0.000210517,0.0003784,0.000136936,0.000110143,0.000138717,0.000285843,0.000316988,0.000134311,0.000236693,0.00020139,0.000332881,0.000300943,0.000445254,0.000358644,0.000225562,0.000174131,0.000147326,0.000262838,0.00027638,0.000131011,0.000216861,0.000248873,0.000231624,0.000208955,0.000239574,0.000346379,0.000204968,0.000211021,0.000274758,0.000161948,0.000233452,0.000154636,0.000205738,0.000103845,0.00016965,0.000180562,0.000310064,0.000235893,0.000113746,0.00028222,0.000189136,0.000320341,0.000166562,0.000257986,0.000114795,0.000126189,0.000190877,0.000320709,0.000265076,0.000141397,0.00014097,0.000256053,0.00015192,0.000212281,0.000226896,0.000169379,0.000117618,7.08326e-05,0.000120445,0.000313881,0.000209557,0.000202393,0.00031868,0.000409538,9.00716e-05,0.000191826,0.000261832,0.000109047,0.000236969,0.000233459,0.000206267,0.000281452,0.000237909,0.000341346,0.000329984,0.000135173,0.000242442,0.000378386,0.000273653,0.000130966,0.000259331,0.000169332,0.000287611,0.000291798,0.000315449,8.50756e-05,0.000221443,0.000262458,0.000229878,0.00014237,0.000221235,0.000348865,0.000309114,0.00016217,0.000165002,0.000313167,0.000312977,0.000357863,0.0002526,0.000147905,0.000264108,0.000134169,0.00017533,0.000273608,0.000213422,0.000137994,0.000157728,0.000182907,0.000182632,0.000235135,0.00011281,0.000268063,6.58417e-05,0.00019716,0.000206446,0.00019916,0.000324555,0.000148143,5.56393e-05,9.43833e-05,0.000201634,0.000251379,0.000220786,3.58004e-05,0.000179621,0.000135551,0.000120884,0.000144663,0.000130345,0.000241022,0.000157208,0.000147162,0.000198735,0.000298426,0.000238377,0.000110446
"COLANSYN-PWY: colanic acid building blocks biosynthesis",0.000230751,0.000180663,0.000212266,0.00011196,0.00019032,0.000166852,8.09287e-05,0.000113475,0.000187973,0.000169872,0.000128418,0.000170925,5.32798e-05,0.000166196,0.000265051,0.000177266,0.000113699,0.000169958,0.000168263,0.000129476,0.000112941,0.000177186,0.00016844,0.000133924,0.000143266,0.000190138,0.000116329,0.000131034,0.000156403,0.000334179,0.000172461,0.000212544,8.16645e-05,0.000175034,0.000154152,0.000205128,0.000197694,0.000160772,0.000206108,0.000162351,0.000168707,0.000185924,0.000171353,0.000256223,0.000127317,0.000103134,0.000157329,0.00015194,0.000115228,0.00014191,0.000180843,0.000240896,0.000223389,0.000100984,0.00018943,0.000286488,0.000232457,0.000219106,9.90101e-05,0.000178059,0.000178208,0.0001972,0.000147263,0.000111941,0.000136841,0.000197401,1.92782e-05,0.000142745,0.000109797,0.000116016,0.000200367,0.000153998,0.000269006,0.000205108,0.000113119,0.000228995,0.000201953,6.90519e-05,0.000212124,0.000125224,0.00011567,0.000173115,0.000149725,0.000119151,0.000145278,0.000196748,0.000206698,0.000151222,0.000188878,0.000121714,0.000324095,0.000154886,0.00020312,0.000142861,4.35548e-05,0.000170801,0.000204179,0.00024977,0.000213544,0.000149938,0.000156793,6.98051e-05,0.000178159,0.000159863,0.000120096,0.000114453,0.000203035,0.000147647,0.000139535,0.000115312,1.85116e-05,0.000163589,0.000228485,0.00017033,0.000166891,0.000124675,0.000112014,0.000170529,0.000189509,0.000119788,0.000236688,0.000125766,0.000172392,0.000169302,0.000181273,0.000146955,0.000258224,0.000303238,0.000119942,0.00015931,0.000149652,0.000184302,0.000111316,0.000278216,0.000191333,0.000177978,0.000155741,0.000138922,9.13428e-05,0.000105506,0.000162675,0.000213702,0.000155342,9.19605e-05,0.00020599,0.000145787,0.000124068,0.000138759,0.000155513,0.000105051,0.00016139,0.000132772,0.000160727,0.000159868,0.000202186,0.000166488
"COMPLETE-ARO-PWY: superpathway of aromatic amino acid biosynthesis",0.000645911,0.000552061,0.000699184,0.000643415,0.000739584,0.000666157,0.000684831,0.000726374,0.000485445,0.000667888,0.000545591,0.000524698,0.000404835,0.000713342,0.000807159,0.000786094,0.00070334,0.000625444,0.000752756,0.000334279,0.000610526,0.000695873,0.000463426,0.000611195,0.000554077,0.000798931,0.000621216,0.000486681,0.000614727,0.000363628,0.000811069,0.000690287,0.000789088,0.00072132,0.000776171,0.000578802,0.000383245,0.000784425,0.000466632,0.000574186,0.000527692,0.000670649,0.000658804,0.000409768,0.000548683,0.000759656,0.000516402,0.000755487,0.000595396,0.000687398,0.000751946,0.000613945,0.00045085,0.000611719,0.000562174,0.000417232,0.000731255,0.000547599,0.000872408,0.000558088,0.000537008,0.000862491,0.000464239,0.000666574,0.000490039,0.000351684,0.000599732,0.000736976,0.000576238,0.00055402,0.000488765,0.000589589,0.000399566,0.000468333,0.000528961,0.000435,0.000478708,0.000360164,0.000328744,0.000761279,0.000635711,0.000547885,0.000656837,0.000873542,0.000584393,0.00049752,0.000803852,0.000618927,0.000674803,0.000770531,0.000405131,0.000619832,0.000743195,0.000709462,0.000678283,0.000404579,0.000634332,0.000764585,0.000741271,0.000431871,0.000663136,0.000736945,0.000616032,0.000720844,0.000572042,0.000482739,0.000670319,0.000500988,0.000688113,0.0004308,0.000775723,0.00066035,0.000674237,0.00053053,0.000571311,0.000797892,0.000605273,0.000626921,0.000675746,0.000398287,0.000661202,0.000448308,0.000476032,0.000657843,0.0005328,0.000506337,0.000429932,0.000395082,0.000559597,0.00056953,0.000492959,0.000642622,0.000393933,0.000305629,0.000569931,0.000487239,0.000630604,0.000389175,0.000376989,0.000452162,0.000415342,0.000617369,0.000595076,0.000278605,0.000552751,0.000493017,0.000480097,0.000490986,0.000432443,0.000500415,0.000550107,0.000466368,0.000550726,0.000557951,0.000580133,0.000457108
"CRNFORCAT-PWY: creatinine degradation I",0,0,0,0,0,0,2.94063e-06,0,0,1.54316e-06,0,1.38963e-06,0,0,0,0,0,0,1.71333e-06,0,0,0,1.95556e-06,0,0,0,0,0,0,0,0,0,0,1.38928e-06,1.43869e-06,0,0,2.51394e-06,0,0,1.40057e-06,0,3.1607e-06,0,0,2.84901e-06,0,7.54832e-06,0,0,0,0,0,0,0,0,0,0,0,0,0,0,1.68899e-06,0,0,0,0,0,0,0,0,0,0,0,0,0,0,0,0,0,0,0,1.88468e-06,0,0,0,0,0,0,0,0,0,0,0,0,2.02878e-06,4.28114e-06,0,3.30358e-06,0,0,0,0,0,0,3.41312e-06,0,0,2.94993e-06,4.82407e-06,0,0,0,0,0,0,0,1.97037e-06,0,0,0,0,0,0,7.6497e-06,2.4444e-06,0,0,0,0,0,4.75602e-06,0,0,3.49549e-06,1.67858e-05,2.94902e-06,0,0,0,1.04207e-06,0,1.0824e-06,0,9.05515e-07,6.0758e-06,0,0,0,0,0,0,0,0,0,0
"DAPLYSINESYN-PWY: L-lysine biosynthesis I",0.000150243,0.000128894,0.000210976,2.57496e-05,0.00018918,0.000253002,0.000251102,0.000366211,0.000367262,0.00010671,4.93516e-05,0.000204717,7.24007e-05,0.000178893,0.000123471,0.000193854,0.000156466,0.000210826,0.000115098,4.65097e-05,5.51626e-05,9.66135e-05,8.66388e-06,7.15747e-05,6.91426e-05,0.00028201,0.000224441,0.000454969,0.000109786,0.000357457,0.000128501,0.000119057,0.000190966,0.000201214,0.000165785,0.0001501,0.000189708,0.000247804,0.000343511,9.69745e-05,0.000177259,0.000164674,9.1997e-05,0.000267216,0.000186638,0.000336816,4.22712e-05,0.000259487,7.97378e-05,0.000532058,0.000208547,0.000174752,0.000301813,8.76823e-05,0.000161532,0.000360876,0.000133228,0.000409345,0.000322787,0.000228171,0.000109401,7.18545e-05,0.000291967,0.000174304,7.12894e-05,0.000202792,0.000291539,0.000275943,0.00019637,0.000142044,8.00282e-05,8.04105e-05,0.000228883,3.76444e-05,4.00933e-05,0.000404602,6.33494e-05,9.91708e-05,0.000136656,0.000423778,0.00044717,2.12256e-05,0.000129208,8.6625e-05,0.000177351,8.26696e-05,0.00039056,0.000461942,0.000159621,0.000700043,0.000384752,0.000429755,9.69542e-05,0.000242993,7.43522e-05,8.72738e-05,9.27947e-05,6.36648e-05,0.00020352,0.000107611,0.000379842,7.83963e-05,8.07239e-05,0.000209657,8.19441e-05,0.000189892,0.00023427,0.000262059,0.000294345,6.65465e-05,0.000616167,0.000226161,0.000267992,0.000107641,1.09148e-05,0.000183663,0.000267243,0.000124941,0.000183956,0.000116841,6.96313e-05,0.000120936,9.58737e-05,9.80407e-05,7.86922e-05,8.62541e-05,0.000280677,0.00031484,3.34733e-05,8.49069e-05,0.000135841,0.000140922,1.79693e-05,0.00026756,7.37539e-05,0.000351402,9.12541e-05,0.000102184,7.97509e-06,2.07167e-05,9.6757e-05,0.00014327,0.000200888,5.70547e-05,8.09388e-05,4.7584e-05,0.000104902,6.34057e-05,2.27802e-05,0.000142224,4.35391e-05,5.36914e-05,6.74712e-05,0.000146962,3.52452e-05,0.000137851
"DARABCATK12-PWY: D-arabinose degradation I",0,1.76954e-06,0,0,0,1.97752e-07,5.96604e-07,0,2.24877e-05,0,3.38771e-06,1.21937e-05,3.0758e-07,0,0,0,0,0,0,3.22449e-06,1.18742e-06,2.45591e-07,4.63169e-07,0,4.7241e-07,0,1.10992e-05,2.44778e-06,4.42892e-07,7.0733e-05,2.10151e-07,2.94639e-07,5.70872e-07,0,0,6.08504e-07,1.56877e-05,1.41623e-06,8.83094e-06,1.17948e-06,7.42061e-06,1.15179e-07,0,2.38942e-05,2.56425e-06,0,0,1.53079e-06,1.54146e-06,8.86471e-07,0,3.74822e-06,2.39467e-05,0,8.61208e-06,5.20571e-05,2.07818e-06,1.74822e-05,3.42852e-06,3.81105e-06,4.09164e-06,0,8.3637e-06,0,2.16522e-06,1.99804e-05,1.08721e-06,0,1.0053e-06,0,0,0,2.09015e-05,0,0,2.77119e-05,1.73158e-06,0,1.54111e-05,0,3.42961e-07,0,0,0,0,2.08664e-06,2.76498e-06,3.6831e-07,0,5.19281e-07,4.28637e-05,0,0,2.88685e-06,0,7.78847e-06,1.339e-07,0,0,6.54482e-06,3.73814e-07,0,5.42662e-06,0,3.02209e-07,0,0,3.07201e-05,6.56475e-06,7.65463e-06,0,0,0,3.88612e-06,2.26289e-07,0,1.45527e-06,0,0,1.16761e-05,0,1.21957e-06,0,0,8.38996e-06,3.35356e-07,3.37193e-05,6.60312e-05,0,2.97396e-07,0,7.7178e-07,0,5.97926e-05,1.39315e-06,4.92203e-05,8.792e-07,3.42115e-06,2.86283e-07,0,6.62582e-06,0,1.58183e-06,0,0,5.06816e-07,3.02634e-06,0,0,0,0,3.22903e-07,0,4.48861e-07,0,3.20291e-07
"DENITRIFICATION-PWY: nitrate reduction I (denitrification)",0,0,0,0,0,0,0,0,0,0,0,0,0,0,0,0,0,0,0,0,0,0,0,0,0,0,0,0,0,0,0,0,0,0,0,0,5.67515e-07,0,0,0,0,0,0,0,0,0,1.48565e-06,0,0,0,0,0,0,0,6.96883e-07,4.55503e-06,0,0,0,0,7.17965e-06,0,0,0,0,0,0,0,0,0,0,0,0,0,0,0,7.42245e-07,0,3.90658e-07,0,0,0,0,0,0,0,0,0,0,0,0,0,0,0,0,0,0,0,0,0,0,0,0,0,0,0,0,0,0,0,0,7.76284e-07,0,0,0,0,0,0,0,0,0,0,0,0,0,5.81421e-07,0,0,0,0,0,0,0,0,0,1.90815e-05,0,0,0,0,0,0,0,0,1.65123e-06,0,0,0,0,0,0,0,0,0,0,0
"DENOVOPURINE2-PWY: superpathway of purine nucleotides de novo biosynthesis II",1.20323e-05,0,0,0,0,0,1.03667e-05,0,0.000158936,0,0,0.000102676,0,0,0,0,0,0,0,3.01432e-05,0,0,0,1.25663e-05,0,0,6.28485e-05,0.000147089,0,0.000165955,0,0,0,0,0,1.20727e-05,9.77253e-05,0,0.000109914,0,5.91124e-05,0,0,0.000123845,2.9329e-05,0,0,0,1.75914e-05,0,0,2.95624e-05,0.000131496,0,4.4035e-05,0.000237694,1.3163e-05,8.74806e-05,3.25973e-05,4.22729e-05,9.99157e-06,0,6.10038e-05,0,1.97269e-05,8.28413e-05,8.39504e-06,0,9.29661e-06,0,0,0,9.7677e-05,0,0,0.000176061,2.12331e-05,0,6.21494e-05,0,0,0,0,0,0,1.75688e-05,0,0,0,0,0.000171475,0,0,1.78721e-05,0,4.82937e-05,3.68385e-06,0,0,5.62456e-05,1.53572e-05,0,3.97693e-05,0,0,0,0,0.000109648,5.15692e-05,0,0,0.000127389,0,3.45796e-05,0,0,0.00015686,0,0,5.60485e-05,0,6.52071e-06,0,0,6.8733e-05,5.69162e-06,0.000144093,0.000176309,0,1.02494e-05,0,3.86405e-05,0,0.000194476,0,0.00025698,6.55707e-06,4.51734e-05,0,0,6.73191e-05,0,1.36094e-05,0,2.95013e-05,0,2.96591e-05,0,0,0,0,0,1.0037e-05,0,0,0
"DHGLUCONATE-PYR-CAT-PWY: glucose degradation (oxidative)",0,0,0,0,0,0,0,0,0,0,0,0,0,0,0,0,0,0,0,0,0,0,0,0,0,0,0,0,0,0,0,4.94781e-07,0,0,0,0,0,0,0,0,0,0,0,0,0,0,0,0,0,0,0,0,0,0,0,0,0,0,0,0,0,0,2.38494e-06,0,0,0,0,0,0,0,0,0,0,0,0,0,0,0,0,0,0,0,0,0,0,0,0,0,0,0,0,0,0,0,0,0,0,0,0,0,0,0,0,0,0,0,0,0,0,0,0,0,0,0,0,0,0,0,0,0,0,0,0,0,0,0,0,0,0,0,0,0,0,0,0,0,0,0,0,0,0,0,0,0,0,0,0,0,0,0,0,0,0,0,0,0
"DTDPRHAMSYN-PWY: dTDP-&beta;-L-rhamnose biosynthesis",0.000685161,0.000542103,0.000635217,0.000772775,0.000677978,0.00076855,0.000917705,0.00061953,0.000369067,0.000650378,0.000536037,0.000474411,0.000390779,0.000702026,0.000824984,0.000776424,0.000719095,0.000757174,0.000662325,0.000379087,0.000575308,0.000788618,0.000594504,0.000595263,0.000560212,0.000740183,0.000608506,0.000699395,0.000695453,0.000312555,0.000813096,0.000664687,0.000676924,0.000818169,0.000796347,0.000486758,0.000491759,0.000659077,0.000382157,0.0004882,0.000479499,0.000581602,0.00060847,0.000359643,0.000565866,0.000647988,0.000643424,0.000547997,0.000569736,0.000517485,0.000700873,0.000541144,0.00031945,0.00056886,0.000465078,0.000301865,0.000649436,0.000499342,0.00067233,0.000519405,0.000563221,0.000787887,0.000502542,0.000557212,0.000497478,0.000551083,0.000614933,0.000503967,0.000653401,0.000515857,0.000684659,0.000724352,0.000514811,0.000534639,0.000595622,0.000250212,0.00056564,0.000383029,0.000528224,0.000725528,0.000540021,0.000609338,0.000661915,0.00075398,0.000510669,0.000504536,0.000761432,0.00049091,0.000672049,0.00080931,0.000277342,0.000738607,0.000772088,0.000827849,0.000650046,0.00036135,0.000599928,0.000778487,0.000613982,0.000536106,0.00063269,0.000669996,0.000682394,0.000672748,0.000546501,0.00041059,0.000600452,0.000591101,0.000581517,0.000500704,0.000892365,0.000666121,0.000784712,0.000621003,0.000624255,0.000687713,0.000558527,0.00075441,0.000575155,0.000543662,0.000719647,0.000561245,0.000555543,0.000738388,0.000644187,0.000513317,0.000395006,0.000269701,0.000614714,0.000531978,0.000541403,0.000523768,0.00114463,0.000308435,0.000679055,0.000435225,0.000736361,0.000417089,0.00111442,0.000889782,0.000595742,0.000557995,0.000573393,0.000572997,0.000626045,0.000833041,0.00047629,0.000577814,0.000660898,0.000646907,0.000636353,0.000769245,0.000733139,0.000528151,0.000699024,0.000587391
"ECASYN-PWY: enterobacterial common antigen biosynthesis",1.45816e-06,0,0,0,0,9.22771e-07,2.64447e-06,0,4.31554e-05,0,9.25503e-07,1.80949e-05,3.06813e-06,0,0,0,0,0,0,7.88601e-06,0,3.03004e-07,2.35489e-07,0,0,0,2.84618e-05,3.94052e-05,0,0.000101654,6.41568e-07,8.19896e-07,0,0,0,3.02235e-06,3.48031e-05,1.96124e-07,6.97499e-05,2.34112e-06,1.21681e-05,3.52556e-07,0,2.74222e-05,6.71568e-06,0,0,0,2.58214e-06,1.54155e-06,0,3.84516e-06,5.43955e-05,0,7.95139e-06,6.69724e-05,3.5045e-06,2.90697e-05,7.22732e-06,7.14757e-06,2.38229e-06,0,2.05261e-05,0,6.01845e-06,3.21406e-05,1.80071e-06,0,2.3106e-06,0,6.25509e-07,0,3.01195e-05,1.03087e-06,0,4.76754e-05,3.16403e-06,0,1.71259e-05,0,1.61455e-06,0,0,0,0,3.73957e-06,0,3.71395e-07,0,0,7.0004e-05,0,0,3.81498e-06,4.2885e-07,1.17967e-05,0,0,0,1.60471e-05,2.49811e-06,0,7.91339e-06,0,0,0,0,1.92238e-05,1.02221e-05,0,0,2.92573e-05,0,5.46101e-06,0,0,5.97264e-05,0,0,1.0849e-05,0,1.16485e-06,0,0,1.41506e-05,0,3.27287e-05,5.74622e-05,0,2.72131e-06,0,1.02506e-05,0,5.39202e-05,3.29674e-06,0.000108693,1.65009e-06,1.04954e-05,1.19314e-06,0,2.0173e-05,0,4.49504e-06,0,3.31503e-07,9.75309e-07,1.01235e-05,1.40275e-06,0,0,0,0,2.91401e-06,0,0,9.86008e-07
"FAO-PWY: fatty acid &beta;-oxidation I (generic)",4.88588e-06,0,0,0,0,6.66239e-06,7.21975e-06,0,0.000148538,0,2.63742e-06,0.000103356,7.54414e-06,0,0,0,0,0,0,3.45116e-05,5.21303e-06,4.52205e-06,1.53053e-06,0,0,0,9.93276e-05,8.1682e-05,1.32197e-06,0.000412102,3.78952e-06,3.61563e-06,0,2.38168e-06,0,1.56009e-05,0.000138424,0,0.000145663,1.30965e-05,6.98141e-05,1.57904e-06,0,0.000192946,2.86124e-05,0,2.51581e-06,0,9.34286e-06,8.75748e-06,0,1.06226e-05,0.000166587,0,5.59666e-05,0.000349399,2.50805e-05,0.000127988,2.22198e-05,5.87409e-05,1.24532e-05,0,7.29288e-05,0,2.66745e-05,0.000130548,8.17993e-06,0,7.49137e-06,0,4.01221e-06,0,0.000162422,2.59417e-06,0,0.000170305,1.44379e-05,9.54848e-07,6.86588e-05,0,6.82652e-06,0,0,0,0,1.79589e-05,0,1.33873e-06,0,0,0.000268526,0,0,2.03519e-05,1.50591e-06,4.46708e-05,1.15908e-06,0,0,5.84822e-05,8.50572e-06,0,2.42051e-05,0,1.4752e-06,0,0,0.000142296,5.86695e-05,7.91297e-07,1.11942e-06,8.81053e-05,0,1.82311e-05,0,0,0.000121399,0,0,4.07983e-05,0,5.01702e-06,0,0,4.26473e-05,2.3547e-06,0.000179177,0.000239624,9.37316e-07,8.92729e-06,0,3.60329e-05,0,0.000417915,1.21258e-05,0.000191143,9.07832e-06,3.8721e-05,3.94135e-06,0,7.33947e-05,0,2.06558e-05,0,3.72815e-06,2.65327e-06,3.18188e-05,2.02583e-06,0,4.07275e-06,0,0,1.51101e-05,1.61081e-05,0,5.1435e-06
"FASYN-ELONG-PWY: fatty acid elongation -- saturated",0.000127653,3.69716e-05,9.19431e-05,2.0075e-05,6.04371e-05,2.93864e-05,2.05574e-05,1.48076e-05,0.000271969,5.04501e-06,2.01302e-05,0.000131806,4.95445e-05,5.78502e-05,4.21493e-05,7.37962e-05,2.38345e-05,7.31248e-05,2.0528e-05,0.000101356,2.02729e-05,2.72285e-05,0.000169046,4.67018e-05,3.46411e-05,0.000104241,0.000147468,0.000330528,9.48215e-05,0.000389682,6.24024e-05,2.33276e-05,4.09673e-05,2.55727e-05,0,0.000107794,0.000246708,4.55332e-05,0.00036128,4.98934e-05,0.00016552,3.68592e-05,4.7674e-05,0.000218183,6.97105e-05,2.3946e-05,3.97454e-05,9.43149e-05,3.23974e-05,5.31964e-05,5.43987e-05,0.000118748,0.000215991,3.47166e-05,0.000110412,0.000518143,3.18552e-05,0.000173834,4.00385e-05,0.000127408,7.66199e-05,4.81013e-06,0.000244015,1.56645e-05,0.000153473,0.000235983,6.5785e-05,3.47514e-05,0.000135129,6.66446e-05,0.000106102,3.24194e-05,0.00033702,7.80762e-05,0.00010235,0.000241848,0.000199463,3.86195e-05,0.000239877,4.38088e-05,0.000111021,0.000123613,1.78715e-05,0,6.87407e-05,9.20705e-05,8.56186e-05,0.00016999,6.53459e-05,0.00014599,0.000347999,0.000136003,1.81554e-05,8.83491e-05,2.06513e-05,0.000108573,3.49964e-05,2.32552e-05,7.43711e-06,0.000224508,8.88185e-05,7.47766e-05,3.28024e-05,7.23403e-05,3.97129e-05,1.93506e-05,5.96082e-05,0.00018298,9.81427e-05,2.22203e-05,0.000104966,0.000170725,0.000104798,0.000103018,7.82718e-05,5.33747e-05,0.000101533,3.4521e-05,7.62587e-05,0.000167316,0.000154608,7.76659e-05,5.28319e-05,0.000144423,0.000204519,3.3306e-05,0.000343669,0.000369982,7.73123e-05,5.37428e-05,0.000120545,4.19379e-05,2.44972e-05,0.00044548,0.000124512,0.000297133,2.69731e-05,0.000168113,3.17657e-05,1.52028e-05,0.000160042,7.0459e-05,0.000122677,0.000239807,0.000126027,8.15413e-05,6.83932e-05,3.4429e-05,7.01916e-05,4.66161e-05,4.32523e-05,0.000148103,5.65564e-05,7.1343e-05,2.15987e-05,0.000100604
"FASYN-INITIAL-PWY: superpathway of fatty acid biosynthesis initiation (E. coli)",8.82329e-06,1.04559e-05,2.50816e-05,3.26055e-06,3.44838e-05,2.47331e-06,3.76435e-06,0,3.89608e-06,0,0,7.56072e-06,5.60477e-06,6.61598e-05,0,3.81238e-05,1.6804e-05,7.43396e-05,1.73272e-05,0,0,0,0,1.04469e-05,3.68075e-06,4.08838e-05,0,0.000179291,1.9414e-05,2.13228e-06,6.28494e-06,2.27902e-06,1.93908e-05,1.71897e-05,0,1.76656e-05,0,8.86814e-06,0,1.93915e-05,4.47743e-06,3.7416e-05,1.24515e-05,2.92646e-06,0,1.10397e-05,2.76042e-06,3.28456e-05,0,3.07585e-05,2.77786e-05,1.65522e-05,1.04038e-05,2.02929e-05,1.24389e-05,0,0,2.86461e-05,1.45984e-05,2.12211e-05,1.42673e-05,0,5.21814e-05,1.46389e-05,4.49097e-07,7.15367e-06,2.93379e-05,1.98706e-05,0.000103328,1.0537e-05,7.24986e-06,4.59107e-06,4.0778e-06,0,2.06942e-06,3.61727e-05,6.31117e-06,9.54241e-06,1.61476e-06,3.98967e-05,1.85716e-05,0,1.37459e-05,0,3.36757e-05,9.84295e-06,7.00963e-05,8.83357e-05,9.81577e-06,0.000151975,2.5091e-06,1.26977e-05,1.1345e-05,4.31951e-05,8.38295e-06,1.98231e-06,0,1.64859e-06,1.98677e-06,0,2.02194e-05,1.29023e-05,0,2.37144e-05,6.17151e-06,0,2.80376e-05,1.33698e-05,1.27812e-05,0,0.000100855,2.09123e-05,8.00153e-05,3.96493e-05,0,6.0793e-05,4.98711e-06,2.71691e-05,3.26732e-05,0,1.1508e-05,5.64765e-06,3.06535e-06,1.00697e-05,0,0,0,4.58304e-06,1.353e-06,7.90962e-06,1.17537e-05,9.2204e-06,0,0,1.40047e-05,3.32017e-05,0,1.22828e-05,0,6.76937e-06,0,2.18975e-05,1.42838e-05,0,0,4.59777e-06,0,7.8699e-06,0,7.24009e-06,0,2.22933e-06,4.10349e-06,2.62714e-05,8.55099e-06,1.27774e-05
"FERMENTATION-PWY: mixed acid fermentation",0.00014245,6.34273e-05,0.000107589,0.000106899,0.000222328,0.000103623,0.000112108,3.82901e-05,0.000287641,0.000187064,0.000163723,0.00022026,4.69032e-05,4.19232e-05,0.000244299,6.83511e-05,0.000115856,0.00010256,0.000273638,0.000145762,0.000131153,0.000265116,0.000120739,0.00010658,0.000124463,0.000233242,0.000185785,0.000156437,0.000268888,0.000436439,0.000208211,0.000174117,0.000217543,0.000173532,0.000189882,0.000302072,0.000192486,0.000137378,0.000264408,0.000173576,0.000184436,0.000247364,9.20639e-05,0.000331342,0.000115771,0.000113848,4.71511e-05,0.00012918,0.000139388,0.000292692,0.000136636,0.000163945,0.000247663,0.000128266,0.000205316,0.000316277,2.52319e-05,0.000195291,0.000162813,0.000155904,0.000280303,0.000238737,0.000164549,3.39639e-05,7.74554e-05,0.000190264,1.31088e-05,0.00014819,9.25483e-05,0.000165302,0.000105565,0.000221239,0.000238645,8.10811e-05,0.00012055,0.000280565,0.000108546,7.31557e-05,0.000163737,0.000177549,0.000223622,0.00013244,0.000216365,0.000165932,0.000113246,0.000109267,0.000171131,0.000148512,0.000132848,1.90248e-05,0.000376638,7.21556e-05,0.000210493,3.80458e-05,8.54722e-05,0.000129335,0.000139298,0.000199468,0.000153092,0.000140093,0.0002144,0.000121941,1.9123e-05,0.00014082,0.000194398,0.000143169,0.000173903,0.000263607,0.000280955,9.22599e-05,0.000278393,0.000115314,7.42946e-05,0.000198265,7.82895e-05,0.000145561,0.000265397,0.000206682,0.000105269,0.000128176,8.77029e-05,0.000111507,0.000117858,0.000265702,0.000120517,0.000105864,0.000235855,0.000369809,0.000110862,0.000177287,8.86398e-05,6.34257e-05,9.2486e-05,0.000368425,0.000100054,0.000209262,4.30914e-05,0.000108884,4.44253e-05,5.18428e-05,0.000138377,0.000109038,9.55417e-05,0,8.73148e-05,4.73116e-05,0.000152416,5.64851e-05,3.04524e-05,0.000112074,0.000167209,9.28024e-05,0.000170271,4.16962e-05,0.000124056,9.42897e-05
"FOLSYN-PWY: superpathway of tetrahydrofolate biosynthesis and salvage",0.000160313,0.000112229,9.45637e-05,7.41561e-05,6.63414e-05,3.90166e-05,5.75506e-05,8.81831e-05,0.000111801,4.42061e-05,2.70795e-05,7.02437e-05,2.94896e-05,2.06955e-05,0.000147081,6.91184e-05,3.95047e-05,4.45864e-05,5.44375e-05,4.45426e-05,6.04854e-05,3.40623e-05,4.31216e-05,5.57331e-05,5.5054e-05,3.9179e-05,0.000103692,6.996e-05,7.84931e-05,0.000132124,9.26044e-05,0.00012276,1.47513e-05,4.67892e-05,7.02955e-05,4.12857e-05,0.000165499,2.72322e-05,2.629e-05,2.39039e-05,5.11621e-05,6.69252e-05,9.27396e-05,0.000145423,6.82755e-05,1.18799e-05,6.42465e-05,0.000114382,7.22398e-05,0.000134235,5.02713e-05,0.000107125,0.000106821,6.29203e-05,6.35914e-05,0.000179357,5.46673e-05,0.00011382,0.000199886,6.67949e-05,0.000107264,4.91792e-05,5.57892e-05,5.78065e-05,6.7152e-05,9.67215e-05,2.69913e-05,2.24398e-05,1.02818e-05,2.27021e-05,5.92502e-06,2.39756e-05,0.000111528,1.30346e-05,1.76688e-05,0.000159215,0.000127086,2.13923e-05,3.56128e-05,3.09122e-05,8.99633e-05,1.98258e-05,3.57346e-05,8.45628e-05,9.78541e-06,6.93704e-05,4.51101e-05,5.99802e-05,2.47015e-05,4.30893e-05,0.000145102,9.73102e-05,5.94299e-05,0.000117627,0.000201483,6.52255e-05,8.26689e-05,6.6928e-05,9.01201e-05,4.71654e-05,6.22965e-05,9.94881e-05,3.81674e-05,5.06194e-05,9.19423e-05,2.10189e-05,7.91305e-05,9.79987e-05,8.12481e-05,2.30795e-05,4.96904e-05,7.30395e-05,0.000101491,6.07697e-05,2.38458e-05,3.64692e-05,9.76407e-05,5.95129e-05,5.2051e-05,5.5547e-05,1.90865e-05,1.35329e-05,1.9861e-05,7.99968e-05,6.84751e-05,3.57161e-05,0.000139029,9.47401e-05,1.86926e-05,6.21317e-05,2.05432e-05,0.000113743,4.05009e-05,0.00012898,4.24893e-05,0.000186227,1.84347e-05,3.20762e-05,2.64657e-05,0,4.63611e-05,2.9346e-05,5.45955e-05,2.02247e-05,6.01501e-05,6.39357e-05,0.000148107,1.62767e-05,0,5.6551e-05,5.81984e-06,2.70369e-05,1.20086e-05,3.19397e-05,1.41916e-05,4.32461e-05
"FUC-RHAMCAT-PWY: superpathway of fucose and rhamnose degradation",4.05724e-05,1.30829e-05,2.03569e-05,5.73941e-05,2.02958e-05,1.21843e-05,4.39272e-05,0,0.000219341,1.93191e-05,4.06233e-05,0.000109315,3.1559e-05,2.35791e-05,1.92618e-05,2.78552e-05,0,5.93472e-06,7.16417e-06,7.44922e-05,3.50054e-05,2.78966e-05,1.13711e-05,2.69158e-05,2.88547e-05,3.5233e-05,0.000129258,8.82577e-05,3.44812e-05,0.000249189,2.74874e-05,3.92323e-05,5.27742e-06,1.15557e-05,4.87774e-06,5.62048e-05,0.000174907,2.20048e-05,0.000167775,2.45682e-05,0.000102514,1.34814e-05,1.07989e-05,0.000184524,4.76335e-05,9.30666e-06,4.26868e-05,1.44797e-05,1.96673e-05,1.06466e-05,5.20495e-06,1.71057e-05,0.000168083,1.46348e-05,9.72192e-05,0.000223523,2.69841e-05,0.000120565,3.69e-05,7.38574e-05,5.64113e-05,6.15453e-06,0.000102953,1.04973e-05,5.66097e-05,0.000105132,1.11823e-05,9.01905e-06,4.7243e-05,4.08028e-05,5.77511e-05,2.99084e-05,0.000159689,6.90484e-05,6.04765e-05,0.000149733,8.02873e-05,2.39217e-05,0.000130766,1.28961e-05,1.62459e-05,4.79687e-05,5.7796e-06,3.85989e-06,9.64149e-06,5.40326e-05,1.01901e-05,4.20723e-05,1.06911e-05,9.85626e-06,0.000244736,1.88862e-05,1.15401e-05,5.15889e-05,1.97034e-05,6.74264e-05,1.74256e-05,0,1.26639e-05,9.13796e-05,2.01691e-05,8.23327e-06,2.9489e-05,1.06148e-05,4.60331e-05,2.02184e-05,1.54941e-05,0.000139374,9.56958e-05,4.18209e-05,5.25327e-06,3.85918e-05,1.52612e-05,4.254e-05,2.84073e-05,1.02552e-05,0.000107662,1.76923e-05,1.87633e-05,7.22407e-05,1.54104e-05,2.84308e-05,4.75686e-05,4.70555e-05,5.31586e-05,4.77082e-05,0.000148602,0.000246588,4.91369e-05,4.39691e-05,3.29369e-05,4.37536e-05,9.84028e-06,0.000258272,6.36661e-05,0.000155008,4.23338e-05,7.87528e-05,1.86659e-05,6.44256e-05,7.39757e-05,4.99844e-05,4.94091e-05,1.21073e-05,7.96508e-05,5.03465e-05,7.03671e-05,4.82036e-05,3.75933e-05,3.45551e-05,5.33698e-05,6.26199e-05,3.15653e-05,2.55031e-05,3.29342e-05,3.43131e-05
"FUCCAT-PWY: fucose degradation",2.53193e-05,3.54781e-05,9.87576e-05,0.000154693,3.38481e-05,6.54669e-06,6.51868e-05,4.08145e-05,0.000237588,4.15192e-05,6.59356e-05,0.000117333,3.17515e-05,2.20424e-05,3.81128e-05,2.72874e-05,2.15396e-05,8.07855e-05,5.32864e-05,5.02638e-05,4.05488e-05,3.11947e-05,4.87e-05,1.63533e-05,3.99007e-05,2.33404e-05,0.000102798,8.38883e-05,4.96586e-05,0.00025488,5.59984e-05,3.43705e-05,3.05643e-05,4.98376e-05,8.38018e-05,5.87861e-05,0.000126136,2.09641e-05,0.000125481,4.43813e-05,9.2185e-05,3.5736e-05,1.81548e-05,0.000227902,3.13861e-05,3.09191e-05,0.000101608,0.000110273,3.05547e-05,1.56012e-05,3.33742e-05,5.22566e-05,0.000198269,3.34781e-05,9.61611e-05,0.000220106,1.52282e-05,0.000142,2.06469e-05,7.63937e-05,4.05223e-05,1.86511e-05,0.000106937,8.21247e-06,7.79109e-05,0.000100741,9.59438e-06,5.47216e-05,7.41222e-05,6.49201e-05,3.14889e-05,1.69939e-05,0.000162906,4.31068e-05,5.56171e-05,0.000180289,4.87107e-05,2.03535e-05,9.71818e-05,2.65018e-05,1.81582e-05,2.72659e-05,4.14576e-05,2.98579e-05,0.000102761,4.80963e-05,2.92009e-05,3.1442e-05,4.35333e-05,2.45136e-05,0.000208246,3.91809e-05,2.62547e-05,6.35527e-05,6.81052e-05,7.49046e-05,3.19747e-05,7.93685e-05,8.79341e-05,6.97813e-05,3.69945e-05,8.36245e-05,2.3643e-05,6.9447e-05,5.20211e-05,1.13054e-05,6.63299e-05,0.000154166,0.000110797,4.28648e-05,3.32736e-06,5.5704e-05,8.42681e-05,3.82911e-05,4.59249e-05,2.82605e-05,0.00013188,4.17081e-05,4.14097e-05,8.09816e-05,0.000124604,2.72535e-05,4.53695e-05,8.99127e-05,2.83872e-05,7.39918e-05,0.00011323,0.000270372,2.73224e-05,4.79066e-05,2.04965e-05,3.08542e-05,4.91414e-06,0.000231097,3.52012e-05,0.000156427,0.000145326,6.62713e-05,9.54161e-06,3.61064e-05,4.8916e-05,2.72433e-05,5.93158e-05,5.57193e-06,5.05277e-05,2.52878e-05,6.58929e-05,5.22364e-05,1.97978e-05,3.72613e-05,3.07883e-05,4.6308e-05,1.85029e-05,1.3319e-05,2.40941e-05,1.78913e-05
"GALACT-GLUCUROCAT-PWY: superpathway of hexuronide and hexuronate degradation",2.22925e-05,1.78967e-05,2.98929e-05,1.69403e-05,3.09279e-05,8.70186e-06,2.36341e-05,4.11214e-05,0.000100218,1.45741e-05,1.10922e-05,9.67723e-05,1.55394e-05,6.96112e-06,9.36022e-06,1.34735e-05,5.58521e-06,5.04115e-06,0,4.77056e-05,8.08727e-06,6.60541e-05,2.43923e-05,1.35507e-05,2.73539e-05,6.46013e-06,5.61986e-05,5.08791e-05,9.98097e-06,0.000142429,1.02168e-05,9.60039e-06,0,2.24408e-06,6.68787e-06,4.20489e-05,6.66994e-05,1.08692e-05,5.96121e-05,1.38514e-05,6.35926e-05,1.01363e-05,1.67103e-05,0.000111405,5.1139e-05,7.17996e-06,1.72196e-05,9.09342e-06,1.19582e-05,5.95169e-06,0,1.14792e-05,7.32661e-05,6.29729e-06,8.22488e-05,8.38505e-05,6.14198e-06,6.28882e-05,2.44291e-05,7.9315e-05,2.93247e-05,2.25452e-05,4.17642e-05,1.39452e-05,3.35327e-05,0.000104039,8.73343e-06,0,2.20237e-05,1.8727e-05,3.07889e-05,2.26666e-05,9.58763e-05,7.57177e-05,2.80161e-05,0.000101389,4.37368e-05,1.33262e-05,6.64506e-05,0,1.20831e-05,2.57046e-05,4.91922e-06,0,5.97248e-06,4.5968e-05,0,9.79421e-06,3.25024e-05,1.94578e-06,8.13915e-05,2.65927e-05,1.14032e-05,4.22745e-05,7.01842e-06,3.91587e-05,3.84151e-05,1.92036e-06,1.09559e-05,6.72254e-05,1.53073e-05,7.95733e-06,4.40975e-05,1.64103e-05,1.97735e-05,1.9444e-05,1.30903e-05,9.03473e-05,4.91699e-05,1.32448e-05,0,0.000107353,3.68515e-06,3.48334e-05,2.36247e-05,2.61289e-06,7.43005e-06,5.2184e-06,2.09e-05,4.77112e-05,6.16726e-05,2.19588e-05,7.46422e-05,8.84329e-06,5.97524e-05,4.84519e-05,0.000136837,0.000102312,3.2349e-05,4.66086e-05,2.53773e-05,2.91174e-05,1.63483e-05,0.000106994,5.2254e-05,7.24774e-05,2.66798e-05,5.67548e-05,3.76106e-06,3.52072e-05,0.000109077,5.66473e-05,4.33658e-05,0,2.69496e-05,2.02328e-05,6.53921e-05,2.50722e-05,3.86032e-05,5.57983e-06,3.44398e-05,3.02171e-05,3.59948e-05,4.15643e-05,3.39401e-05,2.52523e-05
"GALACTARDEG-PWY: D-galactarate degradation I",6.70276e-06,2.71145e-06,0,0,0,3.28428e-05,1.67898e-05,5.27367e-06,0.000282854,3.62124e-06,6.75636e-06,0.000140629,8.19625e-06,1.07114e-06,0,2.4607e-06,0,0,0,6.88466e-05,2.18819e-06,5.42341e-06,8.28639e-06,0,4.61543e-06,0,7.87791e-05,6.33345e-05,4.71154e-06,0.000528176,1.75174e-06,2.04669e-06,0,7.52794e-07,1.07973e-06,2.41948e-05,0.000133737,0,0.000173442,5.94769e-06,9.42132e-05,2.12566e-06,0,0.000269383,7.87368e-05,9.52984e-07,2.99249e-06,0,0,4.2552e-06,6.39705e-06,4.38108e-06,0.000259176,4.73499e-06,7.49575e-05,0.000447554,1.90227e-05,0.00016341,1.20572e-05,5.063e-05,1.00064e-05,1.49645e-06,8.3851e-05,9.56479e-07,2.86259e-05,0.000140535,9.16882e-06,0,5.95553e-06,1.30866e-05,1.75159e-06,0,0.000189299,2.50553e-06,1.91395e-06,0.00025346,2.52599e-05,1.96107e-06,0.000100457,0,7.78655e-06,5.14415e-06,6.7662e-07,0,0,1.72077e-05,0,6.37486e-06,1.60641e-06,2.3075e-06,0.000407681,4.97659e-06,5.29451e-07,2.03259e-05,5.70577e-06,4.90787e-05,2.39685e-06,0,0,7.27865e-05,4.30684e-06,8.48967e-06,1.93472e-05,8.42091e-07,1.42885e-06,2.68584e-06,2.05051e-06,0.000178908,9.50652e-05,2.53616e-06,4.65577e-06,7.73821e-05,6.39912e-06,9.76825e-06,2.08399e-06,0,6.35172e-05,3.2954e-06,8.69305e-06,6.9688e-05,1.44408e-06,4.37284e-06,3.39559e-06,2.86642e-06,2.54671e-05,9.50124e-06,0.000245335,0.000371919,1.49009e-06,1.22651e-05,7.22037e-06,2.32265e-05,7.91395e-07,0.000488358,1.05795e-05,0.000107264,4.19451e-05,4.06274e-05,3.93366e-06,5.83382e-06,8.66408e-05,1.72878e-06,2.45086e-05,2.3727e-05,1.11179e-05,3.67612e-05,5.07699e-05,3.75917e-06,3.41875e-06,1.8717e-05,7.27146e-06,2.94816e-06,1.09006e-05,3.52953e-05,0,7.95304e-06
"GALACTITOLCAT-PWY: galactitol degradation",0,0,9.20724e-06,8.60155e-06,4.97339e-06,1.1034e-06,1.23694e-05,8.20625e-05,0.000138101,1.3881e-05,1.13405e-05,6.27418e-05,6.16388e-06,0,1.78959e-05,0,1.34571e-06,0,2.14112e-05,2.0849e-05,6.13792e-07,1.33452e-05,1.85207e-06,2.20767e-06,5.09064e-06,8.51921e-06,0.000101036,1.3306e-05,5.60486e-05,0.000245508,1.49032e-06,2.62941e-06,0,2.04208e-06,0.000411793,1.14896e-05,6.41494e-05,0.000127869,2.08984e-06,2.79223e-06,6.00334e-05,1.1508e-05,9.96378e-06,0.000144921,2.19172e-05,0,1.41631e-06,0.000113424,0,3.29038e-05,3.97957e-06,2.34268e-05,0.000118115,1.34626e-06,4.02628e-05,0.000263287,1.12235e-05,0.000120323,2.31445e-06,4.25575e-05,7.2799e-06,0,4.7021e-05,1.44199e-05,1.55951e-05,8.38908e-05,8.91956e-06,3.65975e-05,4.42316e-06,0,1.73633e-06,0,0.000120629,7.52863e-07,0,0.000130869,1.3431e-05,0,5.28773e-05,2.77467e-05,2.34046e-05,3.08347e-06,0,1.50299e-06,5.86968e-07,4.02009e-06,0,5.38939e-06,0,1.80398e-06,0.000169526,0,2.24967e-06,8.39328e-06,2.78714e-05,2.47995e-05,2.39529e-05,2.321e-05,0.000101699,4.49029e-05,1.91637e-06,0.000458066,6.24297e-06,3.99772e-06,7.53086e-06,0,1.30232e-06,0.000114706,2.16712e-05,1.73342e-05,1.78309e-05,2.72078e-05,4.2009e-05,4.74292e-06,4.27433e-07,3.54992e-05,0,0,0,3.53747e-05,0,9.81145e-07,1.35515e-06,2.3648e-06,2.04628e-05,1.0102e-05,8.35657e-05,0.000190217,1.8904e-06,8.8887e-06,8.74346e-06,3.74756e-05,5.28652e-07,0.000298308,3.64396e-06,1.09349e-06,3.91983e-06,2.04643e-05,5.0562e-06,0,6.17343e-05,2.10336e-06,1.27209e-05,0,1.06194e-06,4.85003e-06,2.70978e-05,0,3.63843e-06,1.47757e-06,4.80906e-06,0,5.57535e-07,8.08942e-06,0,8.07194e-06
"GALACTUROCAT-PWY: D-galacturonate degradation I",0.000103184,3.07823e-05,9.18032e-05,2.64281e-05,8.79625e-05,2.47116e-05,2.33002e-05,5.98121e-05,0.000133272,6.954e-05,5.71509e-05,0.000112998,2.05933e-05,9.63616e-05,1.35355e-05,8.71615e-05,3.94447e-05,0.000101767,6.68293e-05,5.20892e-05,4.63083e-05,0.000101013,4.961e-05,3.83651e-05,6.5744e-05,7.65132e-05,8.77578e-05,6.9329e-05,3.40354e-05,0.000136086,5.46854e-05,5.23935e-05,3.99724e-05,7.42581e-05,1.81695e-05,5.88432e-05,0.000102909,5.46045e-05,0.000100297,1.68769e-05,6.57719e-05,5.67767e-05,2.97568e-05,0.000103055,5.96848e-05,5.37415e-05,4.11393e-05,2.25103e-05,1.27752e-05,6.49262e-06,3.84182e-05,6.50977e-05,7.72776e-05,3.32725e-05,8.89718e-05,0.000117998,1.71289e-05,0.00010211,3.58393e-05,0.000114582,4.96631e-05,8.09975e-05,4.55973e-05,2.01192e-05,3.27135e-05,9.68209e-05,1.27637e-05,1.71572e-05,3.20106e-05,3.31291e-05,5.81558e-05,0.000100613,8.31053e-05,0.000130152,6.95112e-05,0.000113041,3.87473e-05,1.59637e-05,8.35954e-05,5.53757e-06,2.66494e-05,4.30428e-05,6.64247e-05,3.06878e-05,1.97209e-05,5.78051e-05,7.81858e-06,1.98662e-05,8.92124e-05,1.17715e-05,7.89419e-05,5.09292e-05,8.6734e-05,5.42442e-05,4.5465e-05,3.95007e-05,5.19892e-05,7.0661e-06,1.72144e-05,6.49843e-05,6.94507e-05,2.52382e-05,8.45943e-05,7.0644e-05,2.68994e-05,2.30885e-05,5.38581e-05,0.000118186,5.40812e-05,2.30909e-05,8.07528e-07,0.000103495,2.12527e-05,5.06919e-05,4.77993e-05,7.91779e-05,6.8882e-05,4.38734e-05,8.05098e-05,6.01602e-05,0.000113115,4.26532e-05,0.000150591,8.06106e-05,7.79307e-05,6.32255e-05,0.00016837,8.86298e-05,7.71297e-05,6.44324e-05,8.42979e-05,3.09379e-05,4.18938e-05,0.000150023,9.61418e-05,0.000109454,8.96388e-05,6.09209e-05,7.3671e-05,5.79345e-05,0.000133763,0.000119989,4.38469e-05,7.53257e-06,3.91655e-05,6.2237e-05,7.03037e-05,6.6102e-05,8.22164e-05,7.19963e-05,0.000107438,4.70163e-05,9.24021e-05,5.41796e-05,7.09027e-05,3.09587e-05
"GLCMANNANAUT-PWY: superpathway of N-acetylglucosamine, N-acetylmannosamine and N-acetylneuraminate degradation",0.000237589,0.000129316,0.000170183,0.000135935,0.000274286,0.000136363,0.000179328,0.000131745,0.000216582,0.000137071,9.00859e-05,0.0001455,5.53932e-05,0.000289029,7.29015e-05,0.000213769,0.000179103,0.000183785,0.000150059,0.000138501,0.000141388,0.000211395,8.28732e-05,8.24686e-05,9.68209e-05,0.000142212,0.00046329,0.000116459,0.000193222,0.00033248,0.000140813,0.000122684,0.000125625,0.000174311,9.75612e-05,0.000132649,0.00025718,0.000163298,0.000227063,7.2368e-05,0.000106584,0.000162714,0.00012755,0.000237711,0.000514798,0.000116683,0.000137068,2.7026e-05,0.000139623,0.000233813,7.25475e-05,7.65508e-05,0.000214698,3.93736e-05,0.000150804,0.000246394,2.339e-05,0.000188165,0.000117679,0.000191988,0.000101418,0.00014296,0.000122651,0.000259802,7.79246e-05,0.000146331,0.000178149,8.57867e-05,0.000110433,8.8697e-05,0.000100502,0.000160778,0.000184118,0.000138387,0.000115983,0.000200433,0.000147691,4.42222e-05,0.000115546,7.99228e-05,5.28758e-05,0.000133572,0.000285768,0.000183255,2.2268e-05,0.000142656,6.82418e-05,9.02437e-05,0.000120033,7.7053e-05,0.000310236,0.000183874,0.000181721,0.000159739,8.42165e-05,0.000123694,0.000156209,0.000292737,0.000186442,0.000113131,9.76236e-05,0.00039046,0.000285246,0.000157282,0.000154219,7.17225e-05,0.00016526,0.000212986,0.000125401,9.9596e-05,0.000159936,0.000270971,0.00016369,0.000121729,9.84604e-05,0.000198687,0.000224415,0.000158071,0.000250952,0.000122253,0.000130483,9.03171e-05,9.77732e-05,0.00014692,0.00024781,9.37915e-05,0.000227776,7.56185e-05,0.000100563,0.000111371,0.000103874,0.000172245,4.39265e-05,0.000250743,0.000138961,0.000202074,0.000145825,0.000129628,6.60584e-05,0.000107349,0.000271856,0.00019753,0.000135806,5.38227e-05,0.000154179,0.000158978,0.000181302,8.29904e-05,8.02375e-05,0.000150495,0.000114753,0.000149927,0.000200421,0.0002232,0.000155016,7.24675e-05
"GLUCARDEG-PWY: D-glucarate degradation I",6.37923e-06,2.46507e-06,0,0,0,4.80486e-06,1.44389e-05,4.96049e-06,0.000203875,3.58996e-06,3.66329e-06,9.49217e-05,6.90253e-06,8.54344e-07,0,2.14293e-06,0,0,0,5.29047e-05,2.07415e-06,4.62758e-06,4.36108e-06,0,4.4153e-06,0,6.56877e-05,5.52875e-05,4.41937e-06,0.000446522,1.42541e-06,1.7364e-06,0,7.47544e-07,1.07525e-06,1.70041e-05,0.000114183,0,0.000134965,4.62347e-06,4.32125e-05,2.00519e-06,0,0.000219392,6.25446e-05,9.18525e-07,2.87658e-06,0,0,4.43588e-06,5.17831e-06,3.60406e-06,0.000159854,4.22787e-06,4.97789e-05,0.000221343,1.48434e-05,0.000107167,1.15319e-05,3.48924e-05,8.72096e-06,1.43384e-06,3.70937e-05,9.7788e-07,2.57471e-05,0.000121244,4.64089e-06,0,4.17204e-06,9.96576e-06,1.56725e-06,0,0.000143938,2.39756e-06,1.81043e-06,0.000163414,2.21433e-05,1.85342e-06,6.75353e-05,0,6.74683e-06,3.98371e-06,4.96057e-07,0,0,1.40223e-05,0,5.9106e-06,1.45399e-06,2.33457e-06,0.000258105,4.5912e-06,5.21119e-07,7.63303e-06,4.93071e-06,3.72883e-05,2.36649e-06,0,0,2.88384e-05,3.97361e-06,2.2883e-06,1.93179e-05,8.30789e-07,1.41684e-06,2.35875e-06,1.94025e-06,0.000119369,7.35582e-05,1.64128e-06,4.57555e-06,5.2274e-05,6.01422e-06,5.59203e-06,1.90532e-06,0,5.87599e-05,3.16437e-06,7.18882e-06,3.85716e-05,1.38959e-06,3.40882e-06,3.26946e-06,2.67886e-06,2.03118e-05,5.09775e-06,0.000149692,0.000295343,1.28643e-06,1.1097e-05,5.38362e-06,2.17489e-05,7.23635e-07,0.000253411,8.95224e-06,0.000108253,3.77249e-05,2.80378e-05,2.66014e-06,4.35896e-06,7.52637e-05,1.63352e-06,1.93658e-05,9.87617e-06,9.54357e-06,2.43337e-05,4.71677e-05,3.2172e-06,2.98463e-06,1.62962e-05,6.22081e-06,2.07467e-06,8.24003e-06,1.88701e-05,0,6.5792e-06
"GLUCARGALACTSUPER-PWY: superpathway of D-glucarate and D-galactarate degradation",6.70276e-06,2.71145e-06,0,0,0,3.28428e-05,1.67898e-05,5.27367e-06,0.000282854,3.62124e-06,6.75636e-06,0.000140629,8.19625e-06,1.07114e-06,0,2.4607e-06,0,0,0,6.88466e-05,2.18819e-06,5.42341e-06,8.28639e-06,0,4.61543e-06,0,7.87791e-05,6.33345e-05,4.71154e-06,0.000528176,1.75174e-06,2.04669e-06,0,7.52794e-07,1.07973e-06,2.41948e-05,0.000133737,0,0.000173442,5.94769e-06,9.42132e-05,2.12566e-06,0,0.000269383,7.87368e-05,9.52984e-07,2.99249e-06,0,0,4.2552e-06,6.39705e-06,4.38108e-06,0.000259176,4.73499e-06,7.49575e-05,0.000447554,1.90227e-05,0.00016341,1.20572e-05,5.063e-05,1.00064e-05,1.49645e-06,8.3851e-05,9.56479e-07,2.86259e-05,0.000140535,9.16882e-06,0,5.95553e-06,1.30866e-05,1.75159e-06,0,0.000189299,2.50553e-06,1.91395e-06,0.00025346,2.52599e-05,1.96107e-06,0.000100457,0,7.78655e-06,5.14415e-06,6.7662e-07,0,0,1.72077e-05,0,6.37486e-06,1.60641e-06,2.3075e-06,0.000407681,4.97659e-06,5.29451e-07,2.03259e-05,5.70577e-06,4.90787e-05,2.39685e-06,0,0,7.27865e-05,4.30684e-06,8.48967e-06,1.93472e-05,8.42091e-07,1.42885e-06,2.68584e-06,2.05051e-06,0.000178908,9.50652e-05,2.53616e-06,4.65577e-06,7.73821e-05,6.39912e-06,9.76825e-06,2.08399e-06,0,6.35172e-05,3.2954e-06,8.69305e-06,6.9688e-05,1.44408e-06,4.37284e-06,3.39559e-06,2.86642e-06,2.54671e-05,9.50124e-06,0.000245335,0.000371919,1.49009e-06,1.22651e-05,7.22037e-06,2.32265e-05,7.91395e-07,0.000488358,1.05795e-05,0.000107264,4.19451e-05,4.06274e-05,3.93366e-06,5.83382e-06,8.66408e-05,1.72878e-06,2.45086e-05,2.3727e-05,1.11179e-05,3.67612e-05,5.07699e-05,3.75917e-06,3.41875e-06,1.8717e-05,7.27146e-06,2.94816e-06,1.09006e-05,3.52953e-05,0,7.95304e-06
"GLUCONEO-PWY: gluconeogenesis I",0.000267376,0.000239557,0.000242852,0.000190233,0.000285059,0.000217882,0.000243116,0.000312384,0.000348224,0.000142317,0.000148062,0.00033913,0.000128759,0.000211663,0.000262112,0.000221322,0.000307487,0.000218916,0.000190457,0.000155391,0.000139746,0.00015762,0.000125755,0.000197335,0.000175602,0.000269136,0.000269621,0.000304171,0.000197022,0.000376394,0.000375597,0.000303192,0.000149489,0.00020383,7.64003e-05,0.000268586,0.000264049,0.00019428,0.000319775,0.000158084,0.000244201,0.000173642,0.000150828,0.000329738,0.000143513,0.000208704,0.000129685,0.0003358,0.000197949,0.000102745,0.000231414,0.000249351,0.000355105,0.000127402,0.000261924,0.000365838,0.000102154,0.000358604,0.000141732,0.000252089,0.00019007,0.000233904,0.000279882,0.000171631,0.000202619,0.000283863,0.000221267,0.000235376,0.00026938,0.000198172,0.00019026,0.000169817,0.000341921,0.000142414,0.00014065,0.000370245,0.000243149,0.000122808,0.000248563,0.000347566,0.000230108,0.000139284,0.000166133,3.6927e-05,0.000154794,0.000254344,0.00027876,0.000264049,0.00020179,0.000319241,0.000379549,0.000318984,0.000126651,0.000345162,0.000308841,0.000179013,0.000111132,0.000209011,0.000201711,0.000211911,0.000250912,0.000215446,0.000170391,0.000271232,0.000217663,0.000166906,0.000317096,0.000329583,0.000291485,9.08256e-05,8.53292e-05,0.000341061,0.000339047,0.000249961,0.000193751,0.000192198,0.000291468,0.000191498,0.000290274,0.000220831,0.000210124,0.000186514,0.000205234,0.000195737,0.000263789,0.000184549,0.000315073,0.000389304,0.000245096,0.000192044,0.000257752,0.000236004,0.000151209,0.00036454,0.000192727,0.000354646,8.80409e-05,0.00020776,3.84759e-05,0.000165893,0.000265124,0.000205191,0.000287322,0.000113918,0.000214154,0.000182997,0.000190947,0.000117841,0.000127611,0.000198028,0.000166619,0.000127165,0.000150279,0.000192883,0.000115549,0.000195667
"GLUCOSE1PMETAB-PWY: glucose and glucose-1-phosphate degradation",0.000444063,0.000348035,0,0,0.000593593,0.000553353,0.000734236,0.000652167,0.000434119,0,0.000348255,0.000278134,8.08861e-05,0,0,0.000322819,0,0,0.000399036,0.000148715,0.000281146,0.000589328,0.000223898,0.000175849,0.00023879,0,0.000820224,0.00058173,0.000450669,0.000480811,0.000517271,0.000509686,0,0.000567578,0,0.000322939,0.000256658,0.000519168,0.000329835,0.000198198,0.000310677,0.000447311,0.000281941,0.00044179,0.000527113,0,0.000186233,0,0.000369534,0.000550201,0.000405333,0.000332432,0.000332872,0,0.000294327,0.000443723,0.000772573,0.000573513,0.000463086,0.00042005,0.00033494,0,0.000315434,0.00045477,0.000136355,0.000279098,0.000418917,0.000527075,0.000330321,0.00022448,0.000151477,0,0.000265386,0.000190965,0,0.000400713,0.000212408,0.000131682,0.000226962,0,0.000563931,0,0,0,0,0.000241517,0.000682158,0.000385236,0.00027607,0,0.000415225,0,0.000344654,0.000743671,0.000720965,0.000160895,0.000346694,0,0,0.000125289,0.000526658,0.000462944,0.000415831,0,0.000411929,0.000201405,0.000446223,0.000490587,0.000370859,0.000184838,0.000684629,0.000508014,0,0.000249584,0.000176059,0,0.000515099,0,0.000478392,0.000198711,0,0.000207365,0,0.00047187,0.00033992,0.000170895,0.000279586,0.00032282,0.000149857,0.000295859,0.000217366,0.000366186,0.000279631,0.000292901,0.000250922,0.000431826,0.000421871,0.000136033,0.000373223,6.27608e-05,0.000212384,0,0.000291351,0,0.000311182,0.000216929,0.000292531,0.000134587,9.9282e-05,0.000315617,0.000155586,0.000137944,0.000198428,0.000403986,0,0.000158503
"GLUCUROCAT-PWY: superpathway of &beta;-D-glucuronosides degradation",0.000109251,4.22421e-05,7.02559e-05,2.90847e-05,0.000133178,2.2244e-05,4.74302e-05,6.21944e-05,0.00014194,9.12048e-05,6.14912e-05,0.000112913,2.25415e-05,9.01599e-05,1.88668e-05,8.82446e-05,5.10276e-05,9.97405e-05,6.68024e-05,5.85367e-05,5.69198e-05,0.000140353,5.56571e-05,5.01624e-05,7.45939e-05,7.57802e-05,6.23213e-05,7.79445e-05,7.27367e-05,0.000145871,9.26334e-05,5.19302e-05,2.15662e-06,8.08998e-05,2.01865e-05,8.01167e-05,0.000109393,5.54597e-05,6.66223e-05,2.61338e-05,8.12441e-05,5.64045e-05,2.89158e-05,0.00011244,6.66162e-05,6.26853e-05,5.49521e-05,2.7614e-05,2.25652e-05,7.29044e-06,3.44194e-05,3.36028e-05,8.53015e-05,2.80051e-05,0.000116066,0.000135568,1.27212e-05,0.000104044,3.43375e-05,0.000116116,5.09994e-05,8.66203e-05,4.87445e-05,1.47883e-05,3.43059e-05,0.000105843,1.39538e-05,3.97787e-05,3.18679e-05,3.75144e-05,7.05137e-05,0.000123843,9.69639e-05,0.000137422,8.60914e-05,0.000121316,5.9995e-05,1.5878e-05,9.32866e-05,9.06648e-06,2.59079e-05,4.91415e-05,6.85132e-05,9.04002e-05,2.06014e-05,7.01865e-05,1.09339e-05,3.71508e-05,0.000118445,1.25042e-05,8.67876e-05,4.25619e-05,9.44903e-05,5.33441e-05,4.7706e-05,4.36737e-05,9.87628e-05,1.26213e-05,2.30269e-05,8.42124e-05,9.57661e-05,8.53145e-06,5.52175e-05,7.42928e-05,3.11688e-05,3.38466e-05,7.15839e-05,0.000118368,4.86143e-05,2.78763e-05,1.1816e-06,0.000127657,2.33024e-05,6.27066e-05,8.23683e-05,7.47355e-05,7.60078e-06,4.20717e-05,6.71043e-05,6.644e-05,0.000117693,5.19784e-05,0.000137397,8.17942e-05,8.98912e-05,7.09903e-05,0.000174115,0.000102174,9.10428e-05,7.29986e-05,8.25084e-05,5.28836e-05,4.68708e-05,0.00016216,0.000123657,0.000109812,8.24336e-05,6.18764e-05,8.95947e-05,8.82631e-05,0.000121858,0.000127357,5.23271e-05,1.92333e-05,4.5335e-05,9.74566e-05,0.000100861,6.47724e-05,8.52465e-05,7.13379e-05,0.000118643,5.84948e-05,0.000137107,5.67478e-05,7.27619e-05,3.47825e-05
"GLUDEG-I-PWY: GABA shunt",1.64392e-05,2.45118e-05,1.90585e-05,8.91659e-06,6.10797e-06,7.99759e-06,6.2532e-07,8.43656e-07,1.38499e-05,7.78585e-06,2.38368e-05,9.88259e-06,8.55226e-06,1.12867e-05,9.3023e-07,2.94205e-05,7.56177e-07,3.02747e-06,1.01746e-05,3.42518e-05,8.04945e-06,2.21168e-05,3.57449e-05,1.62159e-05,2.75052e-05,8.01745e-06,8.55672e-06,6.72925e-05,6.85404e-06,2.91647e-05,2.22197e-05,4.02794e-06,1.35687e-06,1.34649e-06,0,4.54933e-05,9.85319e-05,6.60354e-06,0.000165166,1.00368e-05,2.73787e-05,2.28047e-06,5.99442e-06,1.35935e-05,1.90406e-05,2.63525e-06,1.67075e-05,6.50102e-06,7.97052e-06,1.20657e-06,0,2.08633e-06,1.54973e-05,1.4108e-05,1.31713e-05,0,0,1.27709e-05,1.33099e-05,1.25392e-05,2.29581e-05,5.08059e-06,3.11849e-05,7.19777e-06,2.73773e-05,3.18656e-05,3.71211e-06,3.21274e-06,2.54429e-05,9.71251e-06,3.92664e-05,5.65707e-06,9.08393e-05,3.65805e-05,3.20435e-05,3.45869e-05,3.79714e-05,9.35104e-06,9.94311e-05,0,2.37262e-06,1.41629e-05,0,0,1.15268e-05,3.34635e-05,0,1.40727e-05,2.25315e-05,2.14929e-06,3.34765e-05,1.42536e-05,8.54394e-06,0,1.04218e-05,2.75699e-05,8.07609e-06,0,4.86344e-06,3.52328e-05,1.16497e-05,6.9303e-07,4.94298e-07,1.02656e-05,6.01178e-06,1.24273e-05,1.24309e-05,1.33464e-05,1.50218e-05,1.55054e-05,0,3.00255e-05,7.46165e-06,2.63584e-05,6.46256e-06,4.21476e-06,1.9707e-05,0,1.21776e-05,5.20317e-06,5.56073e-05,2.90607e-05,4.11137e-05,2.49525e-05,4.14325e-05,3.26439e-05,0.000118788,4.56415e-05,2.43626e-05,2.01767e-05,1.78813e-05,1.04546e-05,9.62274e-06,1.29099e-06,1.52134e-05,1.97174e-05,9.97105e-06,5.75729e-05,3.84691e-06,5.28374e-06,4.64385e-05,3.49514e-05,3.29232e-05,3.9561e-06,3.72494e-06,6.09645e-05,1.48001e-05,2.33522e-05,5.58861e-06,1.49782e-05,2.51966e-05,7.60581e-06,1.22417e-05,2.80473e-06,3.86601e-05,1.57464e-05
"GLUTORN-PWY: L-ornithine biosynthesis I",0.00061652,0.000507461,0.000689895,0.000560537,0.000726974,0.000603021,0.000735828,0.00069212,0.000431633,0.000667032,0.000483488,0.000529429,0.000281206,0.000731225,0.000758339,0.000829248,0.000720441,0.000675753,0.000719828,0.000248526,0.000542975,0.000684488,0.000444254,0.000511533,0.000479055,0.000786337,0.000648961,0.000441202,0.000492817,0.000402574,0.000741794,0.000586345,0.000790359,0.000767551,0.000669645,0.000509192,0.000308326,0.000706445,0.000370473,0.000466471,0.000485893,0.000660383,0.000698294,0.000414862,0.000499165,0.000778301,0.00052408,0.000696658,0.000623087,0.000515724,0.000786408,0.000560735,0.000419424,0.000679409,0.000568974,0.000478264,0.000659914,0.000519283,0.000713642,0.000597051,0.00045425,0.000951487,0.000434913,0.00065582,0.00038794,0.000320889,0.000507303,0.00075011,0.000569111,0.000429359,0.000347964,0.000568554,0.000352329,0.000392625,0.000441827,0.000445393,0.000357549,0.000241165,0.000225058,0.000734602,0.000630512,0.000486925,0.000580366,0.000872804,0.00047613,0.000406998,0.000732154,0.000598757,0.000684453,0.00071024,0.000462899,0.000618161,0.000761844,0.000732041,0.000650144,0.000362733,0.000613312,0.000804896,0.000710205,0.000424954,0.00063712,0.000637829,0.0005684,0.000753204,0.000531082,0.000411261,0.000659135,0.000545977,0.000705489,0.000383685,0.000680824,0.000671024,0.000715132,0.000487707,0.0004846,0.000820699,0.000569579,0.00064928,0.000648921,0.000404526,0.000661264,0.000436895,0.000424917,0.000576027,0.000449268,0.000446237,0.000338562,0.000360031,0.000505833,0.000513335,0.000453092,0.00057475,0.000362871,0.000387797,0.000505622,0.000418364,0.000568916,0.000359777,0.000321582,0.000213281,0.000307531,0.000669681,0.000534292,9.2136e-05,0.000512463,0.000318962,0.000442467,0.000448189,0.000278423,0.000464284,0.000483747,0.000435522,0.000522873,0.000488062,0.00053832,0.000419614
"GLYCOCAT-PWY: glycogen degradation I",8.31329e-05,9.46323e-05,9.13664e-05,5.76916e-05,8.43779e-05,1.73122e-06,2.99147e-05,1.65225e-05,8.60412e-05,1.56055e-05,3.24263e-05,5.30087e-05,2.94473e-05,0.000136936,6.57962e-05,2.97564e-05,6.4584e-05,2.29573e-05,4.28781e-05,3.76549e-05,6.22381e-05,2.49961e-05,0.000299776,4.08713e-05,6.90246e-05,0.000152372,9.09429e-05,0.000202356,0.000170734,0.000341494,7.33432e-05,0.000116273,3.98521e-05,3.50781e-05,8.56754e-06,0.000369506,5.21107e-05,3.3758e-05,6.03353e-05,0.000177495,0.000111572,0.000188323,8.64203e-05,8.77635e-05,5.82751e-05,8.65815e-06,3.72994e-05,0.000108983,3.94702e-05,0.000136621,6.66489e-05,9.96215e-05,8.43074e-05,7.47684e-05,4.65878e-05,9.00164e-05,4.07036e-05,0.000112392,2.90015e-05,6.70156e-05,0.000257115,2.42958e-05,0.000147745,4.44515e-05,8.62591e-05,0.000144662,8.02484e-05,6.2566e-06,2.79348e-05,5.56038e-05,0.000137467,0.000191169,9.5832e-05,0.000223265,0.000117724,0.000148543,0.000142259,4.50539e-05,3.56742e-05,8.62894e-06,5.83238e-05,9.63041e-05,4.62056e-05,8.34164e-06,7.81126e-05,9.93113e-05,3.51571e-05,0.00017335,4.71723e-05,0.000166808,0.00017329,0.000137374,0.000138943,9.55059e-05,0.000100199,6.17344e-05,5.08253e-05,3.40329e-05,9.07299e-06,8.73829e-05,0.000130212,0.00016634,1.29044e-05,5.31018e-05,2.92327e-05,2.56652e-05,0.000180354,8.12164e-05,4.75518e-05,4.80967e-05,0.000207994,6.25313e-05,0.000159839,0.000163422,0.000187644,0.000188285,9.92818e-05,1.88052e-05,0.000117872,4.35981e-05,0.000228369,9.29276e-05,8.98184e-05,0.000488078,0.000165604,7.07231e-05,0.000110577,0.000151876,5.93992e-05,5.51261e-05,0.000120975,2.35877e-05,9.29956e-05,0.000119973,9.02477e-05,0.000192726,9.78428e-05,7.3223e-05,2.88206e-05,0.000107328,4.42167e-05,9.84839e-05,5.88488e-05,6.0194e-05,3.28783e-05,0.000128282,1.70827e-05,0.000119346,9.57907e-05,3.09379e-05,6.15244e-05,9.60077e-05,4.13282e-05,9.71413e-06,7.25603e-05,0.000160634
"GLYCOGENSYNTH-PWY: glycogen biosynthesis I (from ADP-D-Glucose)",0.000912294,0.000721767,0.000924112,0.000759746,0.00104309,0.000921298,0.000937583,0.000973747,0.000599151,0.00103032,0.000882445,0.000718476,0.000471951,0.00100429,0.00112695,0.00101436,0.00118991,0.00101389,0.00103028,0.000591347,0.000859042,0.000981377,0.00064867,0.000770851,0.000800197,0.000996532,0.00103631,0.00060919,0.000863923,0.00049154,0.00111168,0.00109263,0.00148037,0.00109659,0.00118364,0.000763489,0.00054134,0.00107502,0.0004213,0.000978431,0.000658516,0.000926859,0.00101863,0.000534182,0.000900883,0.0010099,0.000761407,0.00101076,0.000918894,0.000727622,0.00106549,0.000781384,0.000585377,0.000698381,0.00081848,0.000432885,0.00137261,0.000723519,0.00125657,0.000768415,0.000807456,0.0013344,0.000464519,0.00107645,0.000450459,0.000374657,0.000943008,0.00111875,0.000791239,0.00070064,0.000609241,0.000879417,0.000445183,0.000629101,0.000641133,0.00050441,0.000568191,0.000611816,0.000333301,0.000987511,0.000816982,0.000741167,0.00105478,0.00136979,0.000524273,0.000607916,0.00111559,0.000657241,0.000889047,0.000971484,0.000586091,0.00077343,0.0011473,0.00111738,0.0010443,0.000589217,0.000867085,0.00113132,0.00106559,0.000636964,0.00077538,0.00112492,0.000970653,0.000957709,0.000772775,0.000575272,0.000936664,0.000699105,0.000899366,0.000626086,0.000904133,0.00094027,0.000907442,0.000672922,0.000743872,0.00117923,0.000961899,0.00100687,0.000918821,0.000713047,0.000828261,0.000631558,0.000714084,0.000864826,0.000684864,0.000634461,0.000400152,0.000452393,0.000802159,0.000711001,0.000587559,0.000894931,0.00036134,0.000286113,0.000731918,0.000603579,0.000922186,0.000398653,0.000416924,0.000315423,0.000498277,0.000944577,0.000756838,0.000197669,0.000819611,0.000550272,0.000743465,0.000593087,0.00046418,0.000810517,0.0007576,0.000624423,0.00079152,0.000885004,0.000784748,0.000483692
"GLYCOL-GLYOXDEG-PWY: superpathway of glycol metabolism and degradation",0,0,0,0,0,2.81995e-07,5.94633e-07,0,2.24977e-05,0,4.84445e-07,1.24905e-05,3.03689e-07,0,0,0,0,0,0,5.03598e-06,1.09631e-06,2.43621e-07,4.07609e-07,0,3.72647e-07,0,1.10889e-05,2.45066e-06,4.19383e-07,7.58864e-05,1.69427e-07,2.81727e-07,0,0,0,6.0852e-07,1.58271e-05,6.47665e-07,8.94547e-06,1.11905e-06,7.52833e-06,4.67063e-07,0,2.43962e-05,2.60364e-06,0,6.3399e-07,0,1.36913e-06,8.7974e-07,0,2.74676e-06,2.43919e-05,0,4.96607e-06,5.48054e-05,2.16704e-06,1.80193e-05,3.38055e-06,3.79879e-06,3.86589e-06,0,8.36593e-06,0,2.14586e-06,2.13165e-05,1.10517e-06,0,9.84358e-07,0,0,0,2.14765e-05,0,0,2.89146e-05,1.73347e-06,0,1.59364e-05,0,3.76293e-07,0,0,0,0,2.05132e-06,0,3.54232e-07,0,0,4.54959e-05,0,0,2.83358e-06,9.38431e-07,7.90396e-06,1.2751e-07,0,0,6.69711e-06,4.22859e-07,0,5.64602e-06,0,6.77543e-07,0,0,3.19956e-05,6.63902e-06,1.09649e-06,2.85913e-07,0,0,3.52944e-06,3.9573e-07,0,1.4497e-06,0,0,1.19621e-05,0,5.29898e-06,0,0,8.97895e-06,3.28465e-07,3.64704e-05,6.95131e-05,0,2.96228e-07,0,7.64661e-07,0,6.13553e-05,1.3822e-06,4.99877e-05,8.59918e-07,3.45107e-06,3.3526e-07,0,6.87689e-06,0,1.57147e-06,0,3.53377e-07,4.92907e-07,3.05794e-06,0,4.9066e-07,0,0,3.18114e-07,0,4.73515e-07,0,2.20198e-06
"GLYCOLYSIS-E-D: superpathway of glycolysis and the Entner-Doudoroff pathway",6.61489e-05,8.63997e-05,2.54854e-05,5.54481e-05,3.46005e-05,1.91461e-05,5.61653e-05,2.497e-05,0.000272785,1.22898e-05,4.05513e-05,0.00018968,4.12194e-05,2.58584e-05,4.13013e-06,5.46116e-05,6.97316e-06,3.81251e-05,5.23956e-06,0.000106973,4.11991e-05,4.54027e-05,5.02842e-05,7.07455e-05,4.00346e-05,8.53815e-05,0.000141827,0.00013175,0.00011091,0.000357765,6.40861e-05,5.92808e-05,2.4347e-06,4.47494e-05,5.47997e-06,0.000139746,0.000180637,2.59086e-05,0.000216478,6.8276e-05,0.000130476,2.16102e-05,5.90028e-05,0.000256669,8.05745e-05,0.000121796,2.95833e-05,6.72118e-05,4.79086e-05,2.94878e-05,0.000112946,0.000106771,0.000242305,5.66245e-05,0.000140034,0.000392551,4.10513e-05,0.000230935,3.68112e-05,0.000132649,6.3029e-05,7.05592e-06,0.000138921,1.48868e-05,7.6806e-05,0.00016664,2.98636e-05,2.59537e-05,7.99839e-05,7.19315e-05,0.000110573,8.77839e-05,0.00022261,9.27995e-05,8.16808e-05,0.000282017,0.000126305,4.8618e-05,0.000144269,0,7.18008e-05,7.79113e-05,3.82256e-06,0,3.83886e-05,0.000128305,2.63719e-06,0.000115864,9.17305e-05,4.5264e-06,0.000345974,1.86753e-05,4.35268e-05,6.33953e-05,0.000189342,7.57893e-05,5.71268e-05,2.82833e-06,1.55141e-05,0.000119584,0.000117198,1.31642e-05,3.88923e-05,6.69368e-05,4.91401e-05,9.70337e-05,8.27967e-05,0.000195299,0.000118621,4.22003e-05,1.27605e-05,0.000167332,4.62653e-05,0.000102662,0.000107932,6.02058e-06,0.000123427,1.92101e-05,0.000109938,0.000112776,8.68703e-05,0.000108511,0.000111806,9.2032e-05,0.000165409,8.02751e-05,0.000242072,0.000353802,0.000102018,7.02846e-05,0.000151342,6.80968e-05,6.13522e-05,0.000352728,0.000119659,0.000196995,3.89999e-05,0.000164383,2.52473e-05,0.000108623,0.00023694,5.7812e-05,0.000101855,6.90956e-05,6.43242e-05,0.000127949,0.000110934,7.82162e-05,8.71968e-05,5.56649e-05,8.10515e-05,8.33745e-05,7.50734e-05,0.000100798,6.55434e-05,7.87893e-05
"GLYCOLYSIS-TCA-GLYOX-BYPASS: superpathway of glycolysis, pyruvate dehydrogenase, TCA, and glyoxylate bypass",0,0,0,0,0,6.52371e-07,1.26038e-06,0,5.96832e-05,0,8.86828e-07,2.43107e-05,8.91644e-07,0,0,0,0,0,0,1.75958e-05,6.87503e-07,1.62078e-06,2.5628e-06,0,0,0,3.27806e-05,3.17534e-05,0,0.000132995,0,0,0,0,0,1.41915e-06,3.06356e-05,0,3.7402e-05,0,3.33979e-05,6.0812e-07,0,3.84366e-05,8.08642e-06,0,0,0,0,6.90071e-07,0,4.46717e-06,4.7415e-05,0,0,0.000205866,1.16031e-05,3.97473e-05,1.10473e-05,2.07967e-05,9.63875e-07,0,5.0899e-05,0,5.17293e-06,7.91775e-05,7.12135e-07,0,7.27741e-07,0,6.29819e-07,0,4.95477e-05,4.25059e-07,0,5.3814e-05,1.04283e-06,0,2.90561e-05,0,7.42371e-07,0,0,0,0,1.46696e-05,0,0,0,0,0.000130182,0,0,1.33539e-06,4.32943e-07,1.4435e-05,0,0,0,2.7913e-05,0,0,5.03238e-06,0,0,0,0,3.28828e-06,1.12316e-05,0,0,4.29685e-05,0,8.62557e-06,0,0,3.87123e-05,0,0,8.55003e-06,0,7.06058e-07,0,0,2.00314e-05,6.00317e-07,7.83069e-05,0.000100558,0,7.1607e-07,0,9.20598e-06,0,0.000105606,9.34857e-07,4.57557e-05,8.82483e-07,9.88761e-07,0,0,1.83312e-05,0,6.18213e-06,0,0,0,8.21695e-06,0,0,0,0,0,0,1.30365e-06,0,8.40048e-07
"GLYCOLYSIS: glycolysis I (from glucose 6-phosphate)",0.000339862,0.000308231,0.000233911,0.000154122,0.000336449,0.000304687,0.000406016,0.000337526,0.000461937,0.000125676,0.000128577,0.00044439,0.000251123,0.000192776,0.000237713,0.000204501,0.000290231,0.000247927,0.000155802,0.000178839,0.000162965,0.000117734,0.000109936,0.00024859,0.000158923,0.000366493,0.000287965,0.000483734,0.000250928,0.000444924,0.000416317,0.000330491,0.00031983,0.000250729,5.13056e-05,0.000295388,0.000303249,0.000158808,0.000400979,0.000176821,0.000274243,0.000259465,0.000161192,0.000414294,0.000126621,0.000377676,0.000106827,0.000455916,0.000197669,0.000546106,0.000332,0.000495718,0.000406096,0.000359444,0.000392971,0.000486421,0.000141141,0.000473729,0.000206984,0.000348214,0.000185109,0.00013143,0.000373915,0.000172976,0.000323373,0.0003093,0.000328105,0.00027941,0.000280562,0.000231604,0.000180127,0.000131166,0.000408773,0.000142369,0.000114795,0.000463773,0.000383827,0.000134862,0.00024049,0.000469365,0.000492607,0.00011968,0.000142095,1.1113e-05,0.00039657,0.000297176,0.00048073,0.000501232,0.000217853,0.000609237,0.000463968,0.000487305,9.41609e-05,0.000329317,0.00038903,0.000218574,0.000120105,0.000193509,0.000174279,0.000300668,0.000462603,0.00023995,0.000134309,0.000314917,0.000220386,0.000251034,0.000337971,0.000411559,0.000438,6.70022e-05,0.000575969,0.000315991,0.000380209,0.000250868,0.000173137,0.000221868,0.000258117,0.000172234,0.000308817,0.0002676,0.000160779,0.000246664,0.000162881,0.000148446,0.000269178,0.000154484,0.00033393,0.000481333,0.000217329,0.000165234,0.000281091,0.000293616,0.000153845,0.000424736,0.000205631,0.00042946,5.61063e-05,0.000254716,0.000162315,0.000205484,0.000327456,0.000180199,0.000276611,0.000130975,0.000190434,0.000246778,0.000209041,0.000357157,0.000253518,0.000177944,0.000127883,0.000247161,0.000128121,0.000368047,0.000125948,0.000285899
"GLYOXYLATE-BYPASS: glyoxylate cycle",1.82365e-06,6.45524e-07,0,0,0,5.12548e-06,2.46308e-05,0,0.00016194,0,2.74663e-06,9.20482e-05,7.60117e-06,0,0,0,0,0,0,4.5424e-05,5.71525e-06,9.7899e-06,1.62046e-06,0,8.56028e-07,0,6.55694e-05,5.80326e-05,3.60527e-06,0.000322857,2.04081e-06,2.88551e-06,0,6.7167e-07,0,4.77723e-05,8.55459e-05,8.26561e-07,0.000136058,1.27915e-05,7.68107e-05,2.50146e-06,0,0.000221061,3.27392e-05,0,4.48496e-06,0,4.87606e-06,8.97124e-06,9.80979e-07,4.53279e-06,0.00017674,0,7.05863e-05,0.000229383,1.02754e-05,0.000119094,1.49717e-05,4.1285e-05,1.69878e-05,0,6.10678e-05,1.02697e-06,3.23836e-05,0.00011504,5.86244e-06,0,1.52012e-05,0,4.86874e-06,0,0.000142434,6.62944e-06,0,0.000200589,3.347e-05,1.82083e-06,7.63698e-05,0,5.03947e-06,0,0,0,0,2.11936e-05,0,3.86346e-06,0,0,0.000260132,0,1.91366e-06,1.14975e-05,8.54091e-06,5.32457e-05,1.54116e-06,0,0,6.35013e-05,5.43323e-06,0,1.39916e-05,0,4.83144e-06,0,3.7757e-06,0.000128728,8.41621e-05,2.26577e-06,1.75331e-06,5.29363e-05,0,1.13064e-05,1.85115e-06,0,9.02007e-05,0,0,5.20154e-05,0,9.03717e-06,0,0,3.41321e-05,7.5553e-06,0.000124751,0.000250922,1.61146e-06,1.86096e-05,1.9029e-06,1.29754e-05,0,0.000237759,2.01372e-05,0.000111607,1.09347e-05,5.2067e-05,5.21197e-06,0,5.58221e-05,0,2.90287e-05,0,6.4456e-06,5.74397e-06,5.5984e-05,1.74567e-06,1.36401e-06,1.33341e-06,0,1.07217e-06,9.22703e-06,8.85718e-06,0,7.34045e-06
"GOLPDLCAT-PWY: superpathway of glycerol degradation to 1,3-propanediol",7.45665e-05,4.0928e-05,5.2899e-05,3.07345e-05,5.4714e-05,7.79156e-05,5.89512e-05,7.59654e-05,3.48194e-05,8.57682e-05,2.93134e-05,1.36257e-05,1.57278e-05,0.000104888,0.000105304,2.23073e-05,7.18097e-05,9.4485e-05,3.09995e-05,3.84975e-05,5.29117e-05,2.55515e-05,2.11891e-05,2.07572e-05,2.71149e-05,3.12878e-05,0.000148906,7.07672e-05,8.42227e-05,2.14182e-05,5.58197e-05,0.000123487,8.6987e-05,9.34084e-05,0.000103888,1.45147e-05,6.98707e-05,0.000130452,0.000163182,2.25724e-05,1.7728e-05,4.99223e-05,7.31809e-05,4.18964e-05,7.13465e-05,5.08013e-05,3.77681e-05,0.000108376,6.98668e-05,6.40357e-05,5.22249e-05,2.72328e-05,6.50945e-05,3.47461e-05,2.41115e-05,2.88537e-05,0.000186143,5.12863e-05,0.000341888,3.97422e-05,5.87707e-05,4.60872e-05,1.34894e-05,7.39567e-05,2.95366e-05,1.8453e-05,0.000116234,6.7153e-05,5.18545e-05,3.78544e-05,6.50539e-06,2.52541e-05,1.31202e-05,1.5987e-05,2.32261e-05,1.34306e-05,2.96373e-05,2.73474e-05,5.70272e-06,6.88671e-05,7.39427e-05,1.72881e-05,5.74571e-05,0.000153227,1.65406e-05,2.09181e-05,0.000114823,5.05493e-05,1.59186e-05,6.6572e-05,1.01195e-05,5.59342e-05,4.73909e-05,8.06607e-05,0.000154045,3.39172e-05,4.87969e-05,7.50581e-05,0.000128918,9.17928e-06,4.55466e-05,0.000369822,5.81327e-05,7.78024e-05,8.05023e-05,3.24559e-05,2.4123e-05,4.97449e-05,6.93888e-05,2.49879e-05,0.000132122,3.36383e-05,0.000117581,4.43086e-05,1.46954e-05,4.33865e-05,0.000119452,0.000104285,7.09454e-05,1.1989e-05,3.0614e-05,9.03879e-06,6.48019e-06,4.66621e-05,6.96971e-05,1.03424e-05,7.43012e-05,3.36573e-06,7.30774e-06,4.2211e-05,2.39479e-05,6.10944e-05,7.29764e-06,4.29531e-05,3.26012e-05,0.000114277,7.46437e-05,9.31586e-06,1.5374e-05,9.52884e-06,5.05898e-05,2.29189e-05,5.41534e-05,8.62652e-06,4.44778e-05,3.55006e-05,9.4325e-05,8.26134e-06,7.06675e-06,7.42825e-05,8.15472e-06,2.43453e-05,8.39683e-06,6.25527e-05,1.76406e-05,1.74607e-05
"HCAMHPDEG-PWY: 3-phenylpropanoate and 3-(3-hydroxyphenyl)propanoate degradation to 2-hydroxypentadienoate",0,0,0,0,0,0,7.18081e-06,0,8.28063e-05,0,0,8.33546e-05,0,0,0,0,0,0,0,3.37828e-06,8.09279e-07,2.93751e-06,0,0,0,0,2.17374e-05,2.70656e-05,8.10051e-07,0.000168582,3.77469e-07,4.197e-07,0,0,0,8.72023e-06,8.77888e-05,0,5.8386e-05,2.4831e-06,0,0,0,9.99648e-05,1.05623e-05,0,1.46155e-06,0,0,0,0,1.67663e-06,0.000116929,0,2.7973e-05,0,0,9.33301e-05,4.26021e-06,0,0,0,2.51554e-05,0,4.81522e-06,5.25721e-05,1.76359e-06,0,1.93093e-06,0,7.04761e-07,0,7.4712e-05,8.02591e-07,0,0.000133657,5.31617e-06,0,6.51801e-05,0,0,0,0,0,0,3.73487e-06,0,1.00239e-06,0,0,0.00018111,0,0,0,8.38244e-07,2.57041e-05,5.28329e-07,0,0,2.3677e-05,0,0,1.00408e-05,0,0,0,5.07379e-07,6.9225e-05,2.66321e-05,0,0,0,0,1.88266e-06,0,0,2.88767e-05,0,0,2.97711e-05,0,1.49904e-06,0,2.76973e-07,9.13332e-06,6.73898e-07,7.94866e-05,0.000400922,0,4.9268e-06,0,5.56355e-06,0,1.56453e-05,1.01171e-06,6.78951e-05,4.99229e-06,1.22411e-05,4.42775e-07,0,1.87244e-05,0,8.19481e-06,0,0,0,2.03221e-05,0,0,0,0,0,0,0,0,2.58133e-06
"HEME-BIOSYNTHESIS-II-1: heme b biosynthesis V (aerobic)",2.51215e-06,0,0,1.32709e-06,0,5.04636e-06,9.73396e-06,0,0.000154486,0,3.59709e-06,5.92534e-05,4.29205e-06,0,0,0,0,0,0,1.89348e-05,1.08971e-06,2.38857e-06,1.29011e-06,8.50059e-06,1.56709e-06,0,4.62258e-05,5.11255e-05,2.483e-06,0.000294171,1.11349e-06,7.26318e-07,0,9.19091e-07,0,1.09628e-05,7.59634e-05,0,8.98032e-05,5.73698e-06,4.55133e-05,0,1.25887e-06,0.000162381,2.50894e-05,0,4.97137e-06,0,8.9685e-07,8.09469e-06,4.868e-07,4.37295e-06,0.000137646,0,4.39096e-05,0.000276795,1.15271e-05,8.55522e-05,1.32798e-05,2.99027e-05,1.0736e-05,0,4.8088e-05,1.18344e-06,1.41222e-05,9.97433e-05,5.46254e-06,0,6.71063e-06,0,4.23121e-06,0,0.000128302,2.48568e-06,0,0.000142664,8.03546e-06,6.60268e-07,5.38178e-05,0,6.03163e-06,0,0,0,6.04978e-07,1.26957e-05,0,2.79242e-06,0,0,0.000291749,0,7.50065e-07,1.18545e-05,1.66353e-06,2.88862e-05,1.67058e-06,0,0,4.15594e-05,4.06079e-06,0,1.15688e-05,0,4.20867e-06,6.0161e-07,0,9.64285e-05,5.86258e-05,8.15717e-07,8.63983e-07,6.97909e-05,0,3.95856e-06,1.59489e-06,1.01443e-06,5.92695e-05,0,0,3.67265e-05,8.34674e-07,3.12492e-06,0,9.83962e-07,1.82834e-05,3.82752e-06,0.000124744,0.000206633,0,3.61382e-06,2.10726e-06,1.25447e-05,5.88107e-07,0.000264912,7.82988e-06,0.000131049,6.41459e-06,2.26933e-05,1.31565e-06,0,4.4205e-05,0,1.58459e-05,0,1.03912e-05,3.4295e-06,2.49213e-05,8.63679e-07,2.34979e-06,0,0,2.95978e-06,1.20096e-05,9.70122e-06,0,3.62234e-06
"HEME-BIOSYNTHESIS-II: heme b biosynthesis I (aerobic)",3.8856e-06,4.35899e-06,9.89526e-07,3.00209e-06,1.16187e-06,2.7732e-06,1.27294e-05,0,0.000132445,0,3.59709e-06,5.12737e-05,4.29205e-06,1.54771e-06,1.12388e-05,1.52297e-06,0,1.83978e-06,7.68482e-07,1.89348e-05,1.97733e-06,3.57242e-06,1.29011e-06,4.33195e-06,1.56709e-06,1.42266e-05,4.36084e-05,5.11255e-05,2.483e-06,0.000293914,5.46478e-06,1.33741e-06,0,0,0,1.08481e-05,6.5734e-05,2.19375e-06,7.9907e-05,5.73698e-06,4.55133e-05,3.62502e-06,2.07698e-06,0.000135078,2.50894e-05,0,4.97137e-06,1.0415e-05,4.9041e-06,8.09469e-06,0,1.29845e-05,0.000119311,8.17635e-06,3.64836e-05,0.000276795,1.58295e-05,8.21318e-05,1.2823e-05,3.38336e-05,1.79338e-05,0,4.8088e-05,9.12063e-07,1.41222e-05,9.97433e-05,5.46254e-06,7.24147e-07,7.05155e-06,1.60451e-05,1.86292e-05,3.9168e-06,0.000128302,1.20848e-05,8.33117e-06,0.000140363,2.85436e-05,3.11333e-06,6.14205e-05,0,6.03163e-06,7.65234e-07,1.74193e-06,0,6.54013e-07,1.29475e-05,0,2.79242e-06,2.00899e-06,1.15802e-06,0.000291749,0,7.50065e-07,1.18545e-05,4.41867e-06,2.31871e-05,1.67058e-06,7.25018e-06,6.73081e-07,4.15594e-05,4.27811e-06,0,1.15688e-05,0,6.85556e-06,2.14921e-06,2.04775e-06,8.79135e-05,5.86258e-05,8.15717e-07,8.63983e-07,6.97909e-05,4.85696e-06,9.35771e-06,7.11194e-06,1.01443e-06,5.42658e-05,3.62231e-06,1.22298e-05,3.20556e-05,1.40586e-06,6.96804e-06,6.67636e-06,9.83962e-07,2.21954e-05,3.63996e-06,0.000124744,0.000176847,2.07379e-06,6.50036e-06,7.7374e-06,1.21224e-05,5.37108e-06,0.000264912,7.82988e-06,0.00012265,2.7841e-06,2.57044e-05,1.31565e-06,0,7.78649e-05,0,1.58459e-05,5.82662e-06,1.82772e-05,3.4295e-06,2.75872e-05,5.75787e-06,4.36371e-06,2.00597e-06,8.07652e-06,6.50056e-06,1.49257e-05,1.85912e-05,3.09697e-06,3.86391e-06
"HEMESYN2-PWY: heme b biosynthesis II (oxygen-independent)",2.22632e-05,2.77396e-05,1.95551e-05,1.7269e-05,1.50081e-05,1.2399e-05,3.1242e-05,2.05192e-05,0.000209155,8.35771e-06,1.3926e-05,9.27175e-05,6.09524e-06,7.35867e-06,1.40747e-05,2.46965e-06,1.42243e-05,2.19154e-05,1.7237e-05,3.66182e-05,4.56288e-06,1.95424e-05,3.29858e-06,2.02569e-05,9.54393e-06,1.82718e-05,6.78973e-05,6.35673e-05,1.6491e-05,0.000275706,2.22564e-05,4.51419e-05,4.00722e-06,3.11978e-05,5.85e-06,2.47239e-05,0.000101828,2.04862e-05,0.000111899,1.21124e-05,5.97091e-05,2.74538e-05,1.77459e-05,0.000224909,2.90029e-05,2.83445e-05,1.16359e-05,1.42891e-05,2.01266e-05,1.81315e-05,1.85252e-05,1.2779e-05,0.000167496,1.55744e-05,7.19768e-05,0.000298303,1.77668e-05,0.000106416,3.97446e-05,3.9814e-05,3.16922e-05,1.16322e-05,5.43442e-05,1.06979e-05,2.1421e-05,9.64389e-05,9.83404e-06,6.46192e-06,9.58049e-06,1.75525e-05,1.87727e-05,6.69311e-06,0.000137939,1.37635e-05,8.73987e-06,0.000180273,4.85086e-05,6.70496e-06,7.15217e-05,2.24925e-05,2.62499e-05,1.2061e-05,1.07866e-05,1.64141e-05,4.94417e-06,3.98774e-05,3.49093e-05,1.29865e-05,1.1254e-05,7.87929e-06,0.00029965,1.62685e-05,8.003e-06,3.20886e-05,2.56378e-05,3.41132e-05,5.62029e-06,1.32022e-05,4.99321e-06,4.82724e-05,8.08374e-06,4.15941e-06,2.80932e-05,3.54602e-05,3.1313e-05,2.78523e-06,1.82964e-05,0.000154204,7.92729e-05,4.62239e-06,4.27101e-05,7.83629e-05,1.61453e-05,1.16543e-05,1.92967e-05,1.53088e-05,6.7471e-05,2.41835e-05,2.5651e-05,6.99115e-05,1.44211e-05,9.46898e-06,8.23553e-06,1.20103e-05,4.16289e-05,1.11092e-05,0.000132696,0.000245448,7.9564e-06,1.72151e-05,1.20827e-05,3.00313e-05,8.03651e-06,0.000283268,2.541e-05,0.000140664,1.03892e-05,3.44974e-05,2.50626e-06,0,8.92211e-05,6.32086e-06,3.42473e-05,1.27933e-05,2.71401e-05,1.21641e-05,3.85334e-05,6.29893e-06,1.21916e-05,1.25973e-05,9.82316e-06,9.6183e-06,1.87104e-05,2.66892e-05,8.95334e-06,1.51404e-05
"HEXITOLDEGSUPER-PWY: superpathway of hexitol degradation (bacteria)",0,0,1.99937e-05,2.18904e-05,1.36706e-05,3.51866e-06,2.95507e-05,2.64165e-05,0.000253343,3.31097e-05,2.80741e-05,0.000144275,1.89761e-05,0,4.41696e-06,0,3.57205e-06,0,5.49342e-06,5.19024e-05,2.11806e-06,3.23134e-05,5.99745e-06,7.3513e-06,1.43717e-05,2.29406e-05,0.000144392,4.04976e-05,0.000104155,0.00032939,5.00298e-06,8.56083e-06,0,6.53432e-06,7.44975e-06,3.26817e-05,0.000133242,2.88904e-05,7.17082e-06,8.82629e-06,0.000115826,1.86025e-05,2.78609e-05,0.000248006,5.02218e-05,0,4.578e-06,8.78865e-05,0,3.38116e-05,1.26112e-05,5.9387e-05,0.000225521,4.60056e-06,9.39263e-05,0.000346836,2.8155e-05,0.000223344,7.40384e-06,9.70364e-05,2.0977e-05,0,0.000111576,1.45406e-05,4.36459e-05,0.00015404,2.08315e-05,2.56721e-05,1.40161e-05,0,5.62922e-06,0,0.000222778,2.57624e-06,0,0.000241494,3.7836e-05,0,0.000110137,0,5.30325e-05,9.19228e-06,0,0,2.03143e-06,1.31806e-05,0,1.74916e-05,0,3.52579e-06,0.000287613,0,7.24502e-06,2.38378e-05,7.65222e-05,5.93505e-05,4.77422e-05,3.07114e-06,1.78566e-05,9.37246e-05,6.41754e-06,6.47567e-05,1.70222e-05,1.255e-05,2.18911e-05,0,4.43379e-06,0.00020347,5.99887e-05,3.26187e-05,1.25506e-05,7.18579e-05,4.73892e-05,1.4907e-05,1.47441e-06,6.55584e-06,0,0,0,8.33743e-05,0,3.32915e-06,4.47966e-06,7.87423e-06,5.50085e-05,2.74946e-05,0.000167143,0.000312437,5.99936e-06,2.41807e-05,2.53294e-05,7.16709e-05,1.7779e-06,0.000332334,1.17409e-05,3.78864e-06,1.14011e-05,5.25898e-05,9.07489e-06,0,0.000122141,6.78955e-06,3.77303e-05,0,3.59783e-06,1.53353e-05,6.57371e-05,0,9.72072e-06,4.89194e-06,1.30259e-05,0,1.90151e-06,2.54064e-05,0,2.43454e-05
"HISDEG-PWY: L-histidine degradation I",7.60996e-05,7.30244e-05,4.43788e-05,6.36774e-05,1.20508e-05,6.1261e-05,7.02379e-06,1.72849e-05,5.57981e-06,2.66476e-05,8.39077e-05,2.59328e-05,0.000232173,1.02196e-05,8.76158e-05,4.20271e-05,1.43539e-05,9.60481e-06,3.21467e-05,0.000160908,3.31204e-05,2.46821e-05,0.000144558,6.89229e-05,9.67222e-05,2.27782e-05,3.29844e-05,0.000131291,9.40692e-05,1.35936e-05,4.50498e-05,5.1268e-05,5.27144e-07,9.08425e-06,5.29503e-05,8.96229e-05,0.000139645,5.39523e-05,0.000347818,5.39797e-05,3.50691e-05,1.95057e-05,3.16215e-05,3.25165e-06,5.0579e-05,4.0326e-06,3.18933e-05,2.23259e-05,1.92491e-05,2.57957e-05,4.03391e-05,3.71849e-05,1.18773e-05,4.32001e-05,6.35791e-05,4.56345e-06,3.81086e-06,1.83936e-06,3.08792e-05,4.90066e-05,8.58833e-05,9.98095e-06,6.21434e-05,1.12588e-05,7.88886e-05,3.23612e-05,2.04267e-05,4.88224e-06,5.02628e-05,0.000176629,0.000273918,9.06037e-05,0.000132991,0.000208555,0.000164607,1.33583e-05,0.000226552,0.000205265,9.87201e-05,2.33549e-05,9.0569e-06,0.000155542,2.05875e-06,9.74998e-06,5.37506e-05,0.000110579,2.57741e-05,8.88684e-05,5.11644e-05,1.14262e-05,1.44871e-05,4.45885e-05,2.14654e-05,9.61746e-06,1.64185e-05,7.76951e-05,6.88633e-05,2.16375e-05,1.31901e-05,0.000135353,1.35169e-05,4.52348e-05,2.17699e-05,2.91207e-05,5.21731e-05,0.000139798,3.46042e-05,6.68366e-06,1.03419e-05,9.11353e-05,1.99199e-05,4.11841e-05,1.96538e-05,0.000114074,0.000226248,2.15407e-05,6.07704e-05,6.77016e-06,4.82299e-05,0.000190697,0.000108,7.90249e-05,0.000180308,8.25787e-05,0.000167934,0.000142366,0.000139321,3.33097e-05,0.000173009,9.5348e-05,0.000182268,2.42476e-05,3.66621e-05,1.73803e-05,0.000161716,0.000125593,3.73191e-05,0.000105823,2.65575e-05,0.000457565,0.000149421,6.70259e-05,7.39245e-05,0.000516589,0.000110203,0.000309039,5.40896e-05,0.00012603,0.000212287,4.43707e-05,0.000102277,0.000135552,8.74633e-05,1.6976e-05,5.82161e-05,0.000120489
"HISTSYN-PWY: L-histidine biosynthesis",0.000556662,0.000488195,0.000601142,0.000497915,0.00058424,0.000523671,0.000577256,0.000495577,0.000316102,0.000511879,0.000405754,0.00042486,0.000337196,0.000611059,0.000530143,0.000755614,0.000634361,0.000496685,0.000576038,0.000280139,0.000493908,0.000603448,0.000446224,0.000548466,0.000468156,0.000661395,0.000271481,0.000451194,0.000512143,0.000209912,0.00058425,0.000434198,0.000413581,0.000531368,0.000422693,0.00051801,0.000302804,0.000550686,0.000318561,0.000512272,0.000420234,0.000573588,0.000609781,0.000267759,0.00031514,0.000612969,0.000530539,0.000558532,0.00050754,0.000462788,0.000655347,0.000575733,0.000271704,0.000668665,0.000523448,0.000258304,0.000221768,0.00039989,0.00052095,0.000499469,0.000448617,0.000698751,0.000382754,0.000513056,0.00039924,0.000288053,0.000434252,0.000645332,0.00050736,0.000429288,0.000422478,0.000515321,0.000361555,0.000423591,0.000437325,0.000370072,0.00037789,0.000232417,0.000282879,0.000581593,0.000568052,0.000459219,0.000473091,0.000544382,0.000562937,0.000433461,0.000552492,0.000564611,0.000616579,0.000642233,0.000284737,0.000546605,0.00059427,0.000485205,0.000448942,0.000345281,0.000553128,0.000604131,0.000471628,0.000418213,0.000643084,0.000433392,0.00039993,0.000573067,0.000508984,0.000447849,0.000527089,0.000409878,0.000590612,0.000410345,0.000607598,0.000495479,0.000584629,0.000456593,0.000477767,0.000612294,0.000398668,0.000500525,0.000536827,0.000345539,0.000531502,0.000462871,0.000399267,0.000540619,0.000427929,0.000409042,0.000361008,0.000246453,0.000446037,0.00045076,0.000433692,0.000500902,0.000416,0.000166741,0.000500173,0.000355012,0.000441257,0.000410138,0.000458348,0.000407673,0.000303812,0.000523802,0.000465944,0.000604973,0.000455258,0.000527218,0.000395815,0.000495493,0.000472715,0.000392554,0.000493766,0.000508544,0.000593872,0.000416354,0.000561162,0.000517746
"HOMOSER-METSYN-PWY: L-methionine biosynthesis I",1.92007e-05,1.4826e-05,0,4.59633e-06,2.18359e-05,4.29525e-06,1.61784e-05,0,0.000242973,1.28093e-06,2.42873e-05,0.000104463,8.02398e-06,0,1.06301e-05,2.68885e-06,9.36875e-06,3.76026e-06,1.40079e-06,2.73312e-05,4.46152e-06,6.5901e-06,4.37515e-06,4.9735e-06,1.39047e-05,4.10659e-06,8.43022e-05,7.81516e-05,6.71138e-06,0.00036383,1.24715e-05,3.76651e-05,0,5.54979e-06,7.07878e-06,1.94648e-05,0.000132212,7.16046e-06,0.000113567,7.33828e-06,9.06148e-05,9.57552e-06,0,0.000230965,3.14063e-05,2.70588e-06,9.19597e-06,9.21838e-06,7.86542e-06,4.38017e-05,8.11382e-06,5.7913e-05,0.000188315,0,6.21793e-05,0.00031693,2.89682e-05,0.000137151,1.07754e-05,5.84292e-05,3.53129e-05,1.9207e-06,7.04768e-05,1.73019e-05,2.4332e-05,0.000113848,1.02327e-05,1.04998e-05,8.20221e-06,2.94995e-06,3.39929e-06,1.48768e-06,0.000146684,6.69682e-06,5.53112e-06,0.000181811,3.27014e-05,5.16897e-06,8.69748e-05,8.46634e-06,1.31792e-05,2.41104e-06,1.44777e-05,3.7702e-06,1.31613e-06,4.054e-05,0,1.74692e-06,3.11742e-06,2.80374e-06,0.000326711,5.12661e-06,3.13198e-06,7.13638e-05,1.56539e-05,5.58452e-05,7.5932e-06,1.32242e-06,5.7057e-06,5.81948e-05,3.02699e-06,0,1.2178e-05,5.08585e-06,1.41699e-05,5.84679e-06,1.35191e-05,0.000152841,6.92626e-05,8.01018e-06,7.51715e-06,5.68295e-05,4.02672e-06,9.92681e-06,6.2813e-06,3.82855e-06,7.5379e-05,5.04056e-06,2.57376e-06,4.35015e-05,0,2.47799e-06,0,4.40598e-06,2.45857e-05,9.1184e-06,0.000158932,0.000271847,3.0426e-06,9.30456e-06,6.10566e-06,1.97518e-05,2.73889e-06,0.000325929,1.0891e-05,0.000156753,3.16398e-05,3.20085e-05,1.75686e-06,0,5.82379e-05,0,1.77052e-05,1.93745e-06,6.28889e-06,9.72739e-06,3.86302e-05,3.36804e-06,2.60473e-06,0,0,2.61892e-06,1.04919e-05,1.99488e-05,3.28654e-06,9.60008e-06
"HSERMETANA-PWY: L-methionine biosynthesis III",0.000460747,0.000371901,0.000426792,0.000470686,0.000435097,0.000486533,0.000645327,0.00055292,0.000327908,0.000435265,0.000389349,0.000331034,0.000218018,0.000527365,0.000599106,0.000382682,0.000652978,0.000477067,0.000362988,0.000240229,0.000305086,0.000506364,0.000278254,0.000257489,0.000278691,0.000460125,0.000526403,0.00039056,0.000446207,8.21663e-05,0.00049431,0.000503116,0.000808258,0.000491888,0.000783588,0.000443416,0.000306736,0.000418594,0.000316405,0.000344718,0.000319309,0.000485077,0.000352748,0.000278378,0.000511683,0.000479639,0.000303013,0.00043612,0.000429653,0.000653966,0.000413728,0.000391436,0.000283674,0.000258643,0.000390314,0.000192418,0.000715244,0.000438333,0.000606137,0.000375295,0.000400285,0.000631527,0.000314055,0.000535749,0.000340394,0.000268155,0.000498893,0.000516389,0.000381902,0.00033086,0.000274685,0.000390753,0.000262301,0.000315234,0.000290086,0.00034373,0.000250169,0.000175246,0.000191234,0.000570877,0.000499673,0.000278743,0.000517156,0.000625924,0.000332061,0.00029555,0.000591118,0.000413758,0.000318039,0.000691128,0.000206487,0.00048579,0.000407393,0.000570465,0.000579401,0.000206036,0.000369072,0.000672652,0.000483785,0.000263913,0.000435297,0.000707897,0.000460971,0.000455732,0.000433424,0.000244067,0.000383998,0.000386917,0.000398244,0.00025294,0.000654939,0.000456879,0.000549612,0.000343133,0.000368409,0.000536902,0.00042969,0.000497577,0.000502347,0.000237026,0.000436139,0.000288724,0.000277824,0.000599255,0.000304527,0.000295713,0.000293037,0.000171422,0.000281335,0.000306427,0.000243307,0.000429832,0.000244368,7.44888e-06,0.000297856,0.000321646,0.000491498,0.000280706,0.000129783,0.000457798,0.000255001,0.000477482,0.00034965,0.000121961,0.000378745,0.000197542,0.000306528,0.000307789,0.000196507,0.000346384,0.000257912,0.000309875,0.000241366,0.000428451,0.000296989,0.000279824
"ILEUSYN-PWY: L-isoleucine biosynthesis I (from threonine)",0.000655215,0.000557212,0.000748905,0.000680448,0.000731773,0.000715372,0.000836536,0.000840986,0.00078229,0.000652298,0.000547764,0.000571503,0.000369117,0.000742126,0.000816707,0.00068459,0.000793458,0.00076037,0.000686265,0.00037995,0.000540239,0.000701702,0.000454367,0.000497093,0.000528631,0.000798135,0.000708858,0.0006731,0.000629637,0.000620115,0.000915412,0.00069926,0.000913059,0.000812667,0.000704967,0.000629848,0.000428565,0.000738517,0.000462497,0.000472513,0.000533854,0.000703416,0.000664933,0.000545688,0.000609524,0.000850611,0.000588603,0.000822091,0.00066859,0.000882003,0.000805249,0.000683978,0.000554613,0.000652659,0.000582783,0.000490187,0.000668471,0.000800931,0.000885387,0.000639071,0.000560073,0.000900808,0.000595836,0.000671561,0.000624504,0.000468654,0.000668684,0.00078658,0.000654076,0.000569146,0.000532919,0.000582173,0.000530457,0.000469432,0.00048922,0.000641492,0.000482389,0.000296727,0.000403306,0.000885303,0.000838362,0.000504505,0.000628839,0.000846554,0.000702968,0.000543734,0.000904844,0.000780093,0.000694349,0.000995644,0.000618285,0.000816252,0.000777369,0.000799475,0.000748914,0.000428739,0.000561799,0.000828887,0.000796175,0.000445686,0.000820679,0.000715732,0.000629971,0.000756095,0.000651639,0.000452219,0.000751735,0.000656696,0.000818482,0.000376766,0.000941999,0.00082136,0.000800079,0.000558302,0.000650518,0.000811931,0.000586486,0.000699852,0.000709308,0.000446781,0.000680401,0.000535055,0.000516571,0.000677288,0.00056383,0.000502054,0.000498159,0.000526367,0.000546269,0.000528763,0.00052596,0.00060146,0.000674155,0.000445071,0.000584817,0.000535128,0.000700687,0.000448053,0.00062632,0.000458622,0.00040072,0.000661167,0.000688039,0.000258381,0.000511762,0.000516656,0.000523133,0.000401762,0.000405698,0.000666469,0.000494666,0.000477574,0.000486964,0.000513381,0.000462769,0.000491332
"KDO-NAGLIPASYN-PWY: superpathway of (Kdo)2-lipid A biosynthesis",0,0,0,0,0,8.73129e-07,1.83245e-06,0,3.42771e-05,0,3.5055e-07,1.42358e-05,1.8834e-06,0,0,0,0,0,0,6.9597e-06,0,4.84506e-07,0,0,0,0,9.13621e-06,1.56888e-05,0,6.71832e-05,0,3.34028e-07,0,0,0,3.48653e-06,2.91538e-05,0,3.95064e-05,1.08752e-06,1.44331e-05,0,0,3.90472e-05,4.72291e-06,0,4.0568e-07,0,1.0992e-06,1.11886e-06,0,2.34633e-06,2.3131e-05,0,9.85241e-06,8.62656e-05,3.51294e-06,1.26516e-05,5.09296e-06,8.90611e-06,1.81849e-06,0,1.45076e-05,0,4.16034e-06,2.24703e-05,1.07972e-06,0,2.05395e-06,0,0,0,3.34605e-05,1.20756e-06,0,2.78906e-05,3.58393e-06,0,2.02823e-05,0,1.30236e-06,0,0,0,0,3.41162e-06,0,2.11228e-07,0,0,5.94354e-05,0,0,3.56797e-06,0,9.67078e-06,0,0,0,1.30322e-05,1.17539e-06,0,4.8441e-06,0,0,0,0,1.73971e-05,1.04769e-05,0,0,2.21627e-05,0,3.82117e-06,0,0,0,0,0,6.84088e-06,0,8.21114e-07,0,0,1.31197e-05,7.63561e-07,3.5896e-05,3.85568e-05,0,1.65209e-06,0,4.24744e-06,0,8.83755e-05,2.3308e-06,3.16409e-05,1.4332e-06,5.93603e-06,0,0,1.13178e-05,0,4.11863e-06,0,2.5992e-06,1.19967e-06,7.3602e-06,1.46043e-06,0,0,0,0,2.32207e-06,2.37787e-06,0,9.78016e-07
"KETOGLUCONMET-PWY: ketogluconate metabolism",2.82275e-06,0,4.70544e-06,0,0,1.14433e-05,1.33517e-05,4.64092e-06,4.28829e-05,0,1.46903e-06,3.16547e-05,3.84592e-06,0,0,0,0,0,1.58252e-05,2.35802e-05,7.56553e-07,1.845e-07,0,0,4.07804e-07,3.16841e-06,5.72525e-05,5.08851e-05,4.08744e-06,0.000160985,0,3.69156e-06,8.91216e-05,0,0,2.33225e-06,4.44519e-05,0,1.57316e-05,0,7.66069e-05,2.2318e-06,3.17183e-05,4.72731e-05,2.6453e-05,0,6.24289e-06,0,3.01909e-06,8.11382e-06,2.49994e-06,0,0.000204751,7.12673e-06,1.10796e-05,0.000284055,1.15126e-05,4.93903e-05,1.26092e-05,5.75722e-05,2.61923e-05,0,3.02906e-05,2.78977e-06,1.69098e-05,3.74494e-05,2.45956e-06,0,3.76101e-06,0,2.77058e-07,1.79724e-06,3.75745e-05,8.82162e-07,0,4.61826e-05,2.23208e-05,6.65615e-07,3.28062e-05,0,1.14746e-06,0,0,0,0,7.31599e-06,0,5.20557e-07,0,9.6843e-06,9.86435e-05,0,1.99055e-05,1.97314e-05,2.28034e-05,2.11284e-05,2.04751e-06,0,0,5.83648e-05,1.11682e-05,0,9.6956e-06,0,0,0,0,2.46021e-05,1.64349e-05,0,1.88027e-06,3.58349e-05,5.34865e-06,5.78136e-06,1.27383e-06,0,5.33506e-05,4.18093e-06,0,5.55224e-05,0,5.14343e-07,0,2.58036e-06,6.64214e-06,5.0366e-07,0.000159082,9.90924e-05,0,4.71867e-06,0,8.55253e-07,0,0.000237159,6.65597e-06,0.000143168,2.44375e-06,1.32523e-05,8.29851e-07,0,3.0754e-05,3.42003e-06,3.86781e-06,6.81216e-07,5.7285e-06,5.45233e-06,4.45571e-05,2.91104e-06,3.10418e-07,2.99745e-06,0,2.15099e-06,3.024e-06,6.00879e-06,0,1.54322e-06
"LACTOSECAT-PWY: lactose and galactose degradation I",0.000171756,0.000114179,0.000115539,9.01972e-05,0.000169956,0.000396314,0.000463015,7.58225e-05,0.000154165,0.000152812,0.000119644,6.91783e-05,5.78015e-05,0.000192843,0.00023346,0.000118382,0.000228491,0.000267775,0.000139161,4.91248e-05,9.36452e-05,0.000314241,9.14747e-05,3.60003e-05,0.000119123,0.000159132,0.000111405,0.000115973,0.000199188,4.34451e-05,0.000146621,0.000231571,6.17784e-05,0.000217656,0.000235935,8.9762e-05,4.42364e-05,0.000223841,0.000145995,3.6035e-05,0.00021349,0.000242087,0.000162216,0.000249406,9.77785e-05,4.9971e-05,6.68321e-05,0.00015394,0.000120203,0.000267811,0.000249906,0.00024655,4.04848e-05,9.08717e-05,0.000116154,3.41684e-05,0.000231068,0.000153132,0.000493146,0.000218478,0.000131667,3.41297e-05,9.57617e-05,8.99913e-05,2.80158e-05,5.20908e-05,0.000225917,0.000174897,0.000156444,0.000137518,3.35565e-05,9.60307e-05,5.24064e-05,3.46133e-05,3.09282e-05,0.000143399,5.41461e-05,7.88282e-05,1.34549e-05,0.000303083,0.000286425,9.26483e-05,7.19862e-05,0.00021016,7.84426e-05,0.000111439,0.000338828,8.69073e-05,7.36149e-05,7.34226e-05,6.66346e-05,0.000146239,6.24191e-05,9.91742e-05,0.000305344,7.9891e-05,6.19255e-05,0.000143724,8.80732e-05,6.78348e-06,0.000182301,0.000350244,5.36871e-05,0.000133758,0.000257636,6.75924e-05,0.00013904,0.000284673,0.000214449,3.71653e-05,0.000359427,0.000262533,0.000301525,3.93941e-05,4.2555e-05,0.00014218,0.000142356,0.000271466,0.000220679,3.69231e-05,2.06036e-05,5.01691e-05,3.39422e-05,0.000120278,5.25973e-05,3.76713e-05,5.30468e-05,2.31823e-05,3.28136e-05,0.000135906,7.78262e-05,8.8927e-05,2.07358e-05,1.27129e-05,0.000106732,9.96177e-05,6.20193e-05,0.000106006,1.22047e-05,3.22741e-06,9.09414e-06,2.59429e-05,5.07392e-05,1.4123e-05,4.42004e-05,3.50443e-05,5.40535e-05,9.49521e-06,9.40728e-06,0.000163902,1.24904e-05,3.99715e-05,8.7113e-05,7.64483e-05,0.000135697,4.81875e-05
"LIPASYN-PWY: phospholipases",0,0,0,0,0,1.42718e-06,0,0,0.000245578,0,0,0,0,0,0,0,0,0,0,1.6289e-05,1.79592e-06,0,0,0,0,0,4.16931e-05,0,0,0.000232348,0,1.79078e-06,0,1.82741e-06,0,0,0,0,8.93353e-05,0,2.5144e-05,1.8099e-06,0,0,0.000195448,0,2.5401e-06,0,4.10744e-06,0,0,3.32378e-06,0.000185049,0,6.13034e-05,0.000169401,6.77933e-06,0,1.02048e-05,1.91356e-05,0,0,2.72735e-05,0,7.02245e-06,6.90649e-05,0,0,0,0,1.33077e-06,0,0,0,0,0,0,0,0,0,2.00772e-06,0,0,0,0,6.41355e-06,0,0,0,0,0,0,0,0,0,3.64668e-05,0,0,0,0,0,0,1.13528e-05,0,0,0,0,0,7.20653e-05,0,0,0,0,7.66834e-06,0,0,0,0,0,4.61818e-05,0,0,0,0,1.46672e-05,0,7.9671e-05,0.000270897,0,8.25517e-06,0,0,0,0,0,0.000113427,0,0,0,0,0,0,0,0,0,0,0,0,1.61715e-06,0,0,0,3.3894e-06,3.37041e-06,0,0
"LPSSYN-PWY: superpathway of lipopolysaccharide biosynthesis",0,0,0,0,0,0,2.25217e-06,0,6.02167e-05,0,0,1.91599e-05,0,0,0,0,0,0,0,0,0,0,0,0,0,0,0,9.06539e-06,0,0,0,0,0,0,0,4.62245e-06,0,0,0,0,0,0,0,7.21914e-05,0,0,9.81683e-07,0,0,0,0,0,0,0,1.74686e-05,0,0,2.59868e-05,0,0,0,0,2.528e-05,0,3.31708e-06,0,0,0,0,0,0,0,0,8.96617e-07,0,0,0,0,0,0,0,0,0,0,0,6.58562e-06,0,0,0,0,0,0,0,0,0,8.55114e-06,0,0,0,0,0,0,0,0,0,0,0,6.22312e-06,1.94898e-05,0,0,2.52916e-05,0,0,0,0,0,0,0,0,0,0,0,0,0,1.2585e-06,0,0,0,0,0,0,0,0,0,0,0,0,0,0,1.67104e-05,0,0,0,0,0,0,0,0,0,0,0,0,0,0,2.5401e-06
"LYSINE-DEG1-PWY: L-lysine degradation XI (mammalian)",0,0,0,0,0,0,0,0,0,0,0,0,0,0,0,0,0,0,0,0,0,0,0,0,1.28053e-06,0,0,0,0,0,0,0,0,0,0,0,0,0,0,0,0,0,0,0,0,0,0,0,0,0,0,0,0,0,0,0,0,0,0,0,0,0,0,0,0,0,0,0,0,0,0,0,0,0,0,0,0,0,0,0,0,0,0,0,0,0,0,0,0,0,0,0,0,0,0,0,0,0,0,0,0,0,0,0,0,0,0,0,0,0,0,0,0,0,0,0,0,0,0,0,0,0,0,0,0,0,0,0,0,0,0,0,0,0,0,0,0,0,0,0,0,0,0,0,0,0,0,0,0,0,0,0,0,0,0,0
"MET-SAM-PWY: superpathway of S-adenosyl-L-methionine biosynthesis",3.73336e-05,2.88464e-05,0,9.12627e-06,4.21947e-05,8.53052e-06,3.15603e-05,0,0.000347575,2.55671e-06,4.68446e-05,0.000175539,1.57106e-05,0,2.09525e-05,5.34823e-06,1.85184e-05,7.47682e-06,2.79567e-06,5.03224e-05,8.84666e-06,1.30505e-05,8.6563e-06,9.86041e-06,2.71277e-05,8.16353e-06,0.000145091,0.00013971,1.32932e-05,0.000431289,2.44993e-05,7.16516e-05,0,1.09912e-05,1.40309e-05,3.77753e-05,0.000200156,1.41657e-05,0.000183555,1.45098e-05,0.000154354,1.88467e-05,0,0.000314464,5.84826e-05,5.39038e-06,1.80611e-05,1.81952e-05,1.54597e-05,8.34837e-05,1.60395e-05,0.000105398,0.000274906,0,0.000111794,0.00037487,5.51693e-05,0.000223478,2.12865e-05,0.000106673,6.72803e-05,3.8275e-06,0.000125832,3.33433e-05,4.6969e-05,0.00017651,2.01807e-05,2.06718e-05,1.61493e-05,5.87177e-06,6.74455e-06,2.96816e-06,0.000220378,1.31226e-05,1.09219e-05,0.000275947,6.08185e-05,1.02149e-05,0.000134974,1.67636e-05,2.59545e-05,4.79526e-06,2.82526e-05,7.48146e-06,2.6264e-06,7.47395e-05,0,3.48522e-06,6.20195e-06,5.59279e-06,0.000392296,1.01777e-05,6.23219e-06,0.000124926,3.06179e-05,9.74584e-05,1.4932e-05,2.63635e-06,1.12985e-05,0.000102178,6.03044e-06,0,2.34826e-05,1.00844e-05,2.76681e-05,1.15737e-05,2.65182e-05,0.00023716,0.000124906,1.56031e-05,1.49172e-05,0.000103547,8.00176e-06,1.95275e-05,1.23807e-05,7.60061e-06,0.00013184,9.99793e-06,5.12278e-06,7.95995e-05,0,4.92669e-06,0,8.75203e-06,4.6573e-05,1.78733e-05,0.000236381,0.00034409,6.04924e-06,1.82755e-05,1.20651e-05,3.80606e-05,5.43812e-06,0.000363028,2.12511e-05,0.000240433,5.92688e-05,5.82285e-05,3.48694e-06,0,0.000103373,0,3.42718e-05,3.8396e-06,1.23736e-05,1.89108e-05,7.13631e-05,6.675e-06,5.15121e-06,0,0,5.20017e-06,2.05335e-05,3.85468e-05,6.5213e-06,1.87267e-05
"METH-ACETATE-PWY: methanogenesis from acetate",0.000203329,0.000171558,0.000148015,9.31121e-05,0.000240258,0.000392071,0.000353942,0.000419264,0.000105877,0.000238116,0.000132172,0.000110533,4.65695e-05,0.00023332,0.000415911,0.000168797,0.000261346,0.000337515,0.000197909,4.01403e-05,0.000162916,0.000227628,8.76987e-05,8.39655e-05,0.000107612,0.000194607,0.000485749,6.62496e-05,0.000147447,6.46528e-05,0.000299489,0.000311142,0.00061518,0.000337441,0.000321927,0.000100906,7.49847e-05,0.000296135,8.66868e-05,9.02186e-05,0.000125607,0.000189465,0.000164985,0.000116479,0.000377578,0.000287964,9.45754e-05,0.000259898,0.000262143,0.000263678,0.000190345,0.000106126,0.000161332,4.35435e-05,8.71925e-05,3.26008e-05,0.000480883,0.00025045,0.000107689,0.000137608,0.000162615,0.00033917,0.000121494,0.000370223,7.24536e-05,4.56163e-05,0.000265872,0.000253248,0.000197295,8.01964e-05,3.45759e-05,0.000129907,4.5005e-05,8.7946e-05,9.56712e-05,3.43742e-05,7.38596e-05,6.50449e-05,5.69992e-05,0.000307431,0.000157376,0.000171039,0.000322184,0.00047947,7.43758e-05,9.2076e-05,0.000371639,0.00011499,0.0001465,0.000283733,8.81723e-05,0.000275914,0.000204701,0.000497219,0.000433492,8.94247e-05,0.000199219,0.000444451,0.0003698,6.65898e-05,0.000144251,0.00016029,0.000472747,0.000294347,0.000170347,7.27843e-05,0.00024393,0.000230041,0.000176946,0.000106494,0.000221156,0.000256588,0.00031559,4.80645e-05,4.83063e-05,0.000207199,0.000302299,0.000346877,0.000242485,0.000123429,0.000148717,7.83421e-05,7.76329e-05,0.000227793,0.000202364,9.33816e-05,9.53634e-05,1.99247e-05,5.94523e-05,9.90226e-05,5.84634e-05,0.00011829,2.36348e-05,5.60928e-07,8.14498e-05,5.97842e-05,0.000243185,4.10239e-05,1.42115e-05,1.48255e-05,3.40858e-05,9.69362e-05,0.000174765,0,0.000153797,6.10967e-05,0.000139447,5.88157e-05,2.99975e-05,0.000225027,4.80188e-05,5.30109e-05,4.39137e-05,0.000214899,5.86091e-05,3.63958e-05
"METHANOGENESIS-PWY: methanogenesis from H2 and CO2",0,3.74999e-06,0,0,0,0,0,0,0,5.90347e-06,0,1.55418e-06,6.34792e-05,0,0,0,0,0,0,5.61354e-06,1.77424e-05,0,0,5.64187e-06,0,2.96023e-06,0,0,0,2.78192e-07,0,0,0,0,0,1.8313e-05,0,0,0,0,0,0,3.33747e-05,0,0,0,9.36231e-07,0,1.18269e-05,0,1.58461e-05,2.48271e-05,0,0.000171596,7.75106e-06,0,0,0,0,1.82074e-05,0,0,2.50443e-05,0,8.04392e-05,2.71957e-06,0,0,0,0,2.43086e-06,0,0,0,0,9.46238e-06,2.43541e-06,0,0,0,1.10388e-05,3.33893e-06,0,0,0.000159782,0,0,2.84245e-05,1.68288e-05,0,0,0,0,0,0,0,0,0,0,2.78258e-05,2.30341e-05,0,0,0,0,5.17395e-05,1.65223e-05,0,0,0,0,0,0,4.36906e-05,0,0,0,0,1.35451e-05,5.90143e-06,0,4.89277e-05,1.24419e-05,0,0,0,0,2.37224e-05,2.05586e-06,0,1.67894e-05,0,5.68838e-07,0,9.2638e-07,0,0,3.27576e-05,0,6.3022e-06,0,0,0,0,0,0,0,6.48575e-06,0,0,0,0,3.85685e-06,0,0,5.77836e-05
"METHGLYUT-PWY: superpathway of methylglyoxal degradation",1.22307e-05,3.08342e-06,6.74722e-07,9.93715e-06,2.13688e-06,1.87464e-06,1.59991e-06,3.10819e-06,2.037e-05,1.34059e-06,1.24212e-06,1.03378e-05,1.94047e-06,8.13028e-06,5.2427e-06,1.86316e-06,0,0,1.62607e-06,2.1449e-05,0,2.24162e-06,1.51482e-06,1.43877e-06,8.3927e-06,0,1.81186e-05,3.58455e-05,8.76173e-06,9.69679e-05,7.60275e-06,1.52022e-05,1.36305e-06,2.40456e-06,1.13484e-06,1.0571e-05,2.37125e-05,2.76794e-06,2.38808e-05,4.56699e-07,1.28174e-05,2.23842e-06,1.13548e-06,1.26336e-05,1.3707e-05,2.21367e-06,4.16294e-06,6.00598e-06,0,3.89142e-06,2.46905e-06,7.35043e-06,2.74397e-05,0,3.72469e-05,8.25804e-05,1.07563e-05,7.02393e-05,8.36386e-06,8.91184e-06,2.15403e-05,1.743e-06,1.53065e-05,1.69505e-06,5.60431e-06,3.06581e-05,3.87097e-06,0,3.4142e-06,1.02039e-06,3.62667e-06,0,2.92107e-05,4.70185e-06,4.51969e-06,2.20092e-05,2.80496e-05,0,4.55673e-05,3.30816e-06,2.65628e-07,0,1.4209e-06,1.14806e-06,0,2.18974e-05,2.5197e-06,8.89863e-07,0,3.57194e-06,6.26686e-05,5.42284e-06,1.35355e-06,6.17754e-06,1.53916e-05,1.03004e-05,4.67482e-06,0,3.56049e-06,1.24291e-05,1.67167e-06,0,9.96593e-06,2.42231e-06,7.18904e-06,2.41304e-06,2.53289e-06,1.20689e-05,8.62238e-06,1.28436e-06,2.15095e-06,1.14052e-05,5.58542e-06,3.96491e-06,2.58184e-06,0,2.59053e-05,1.58606e-06,5.82817e-06,5.87993e-06,3.36598e-06,1.68521e-06,2.00749e-06,2.58193e-06,1.54187e-05,2.86535e-06,4.45486e-05,0.000153933,0,2.37112e-06,2.04224e-06,9.72179e-06,1.78094e-06,0.000111152,1.9513e-06,9.17152e-05,4.20569e-06,2.67234e-05,0,3.92476e-06,1.28328e-05,5.48681e-06,3.38524e-06,6.10325e-06,6.32481e-06,1.7959e-07,5.96917e-06,2.10671e-06,2.04613e-06,8.7928e-07,1.09389e-06,3.34783e-06,4.26115e-06,6.69916e-06,1.07204e-06,1.14374e-05
"METSYN-PWY: superpathway of L-homoserine and L-methionine biosynthesis",3.28521e-05,2.5383e-05,0,7.99967e-06,3.73264e-05,7.48375e-06,2.78665e-05,0,0.000332426,2.23814e-06,4.13672e-05,0.000159675,1.38937e-05,0,1.83981e-05,4.69031e-06,1.62422e-05,6.55408e-06,2.44759e-06,4.58908e-05,7.75891e-06,1.14464e-05,7.61118e-06,8.6431e-06,2.39364e-05,7.1549e-06,0.000131426,0.00012657,1.16577e-05,0.000418977,2.1521e-05,6.32176e-05,0,9.64659e-06,1.2295e-05,3.33208e-05,0.000189316,1.24199e-05,0.000172683,1.27476e-05,0.000140961,1.6565e-05,0,0.000303452,5.22077e-05,4.72203e-06,1.5906e-05,1.5965e-05,1.36104e-05,7.37331e-05,1.4078e-05,9.46149e-05,0.000256726,0,9.95767e-05,0.00038945,4.87395e-05,0.000208733,1.87021e-05,9.52125e-05,5.94248e-05,3.35245e-06,0.000112756,2.94548e-05,4.14017e-05,0.00016579,1.77098e-05,1.81674e-05,1.42208e-05,5.14228e-06,5.92161e-06,2.59885e-06,0.000210254,1.16127e-05,9.60396e-06,0.000259584,5.48452e-05,8.96115e-06,0.000130646,1.47045e-05,2.27902e-05,4.20595e-06,2.48769e-05,6.56438e-06,2.30011e-06,6.65519e-05,0,3.05187e-06,5.43409e-06,4.8967e-06,0.000394854,8.92536e-06,5.46044e-06,0.000113262,2.69469e-05,8.91651e-05,1.31314e-05,2.30946e-06,9.90863e-06,9.30134e-05,5.28132e-06,0,2.07485e-05,8.84887e-06,2.43787e-05,1.01526e-05,2.33155e-05,0.000224174,0.000112278,1.3777e-05,1.30783e-05,9.36282e-05,7.01393e-06,1.71424e-05,1.09011e-05,6.66468e-06,0.000120115,8.77226e-06,4.49194e-06,7.22694e-05,0,4.32183e-06,0,7.67343e-06,4.16088e-05,1.57896e-05,0.000227388,0.000344079,5.30132e-06,1.60739e-05,1.06004e-05,3.35144e-05,4.77319e-06,0.000368672,1.88023e-05,0.000222686,5.28919e-05,5.32718e-05,3.06497e-06,0,9.40158e-05,0,3.02829e-05,3.38161e-06,1.08739e-05,1.67972e-05,6.3552e-05,5.86548e-06,4.54049e-06,0,0,4.56625e-06,1.80663e-05,3.40468e-05,5.7207e-06,1.65547e-05
"NAD-BIOSYNTHESIS-II: NAD salvage pathway III (to nicotinamide riboside)",2.25994e-05,1.74392e-06,1.0931e-06,7.65849e-06,3.74693e-06,2.43875e-06,1.80851e-06,0,2.6201e-05,9.58678e-07,0,1.34862e-05,6.08453e-06,0,6.56427e-07,0,0,3.34746e-06,0,1.1072e-05,4.75633e-06,0,3.43416e-07,1.09554e-05,1.01409e-05,0,2.08763e-05,6.03486e-05,0,5.2568e-05,1.03555e-05,2.91791e-05,0,1.36241e-06,0,9.82893e-06,2.66648e-05,2.72852e-06,4.22308e-05,1.53269e-06,1.21584e-05,1.16663e-06,1.233e-06,3.27729e-05,5.30333e-06,0,1.36861e-06,6.28723e-06,2.83272e-06,3.80478e-05,8.75925e-06,6.47186e-05,3.04572e-05,4.83246e-06,5.03727e-06,7.98321e-05,8.90468e-06,1.77702e-05,7.21678e-06,1.64002e-05,1.35797e-06,0,1.59154e-05,2.1264e-06,1.84984e-05,2.39021e-05,6.84483e-06,0,5.00405e-07,0,3.98497e-06,1.10543e-06,2.3861e-05,1.89404e-06,0,3.19982e-05,3.68717e-05,2.02183e-06,1.18058e-05,0,2.35663e-06,5.92048e-06,3.67194e-07,0,0,3.98258e-05,0,2.39949e-06,2.82943e-06,7.95962e-07,4.61408e-05,2.08135e-06,8.10176e-07,8.71407e-06,1.42299e-05,9.5374e-06,0,1.11249e-06,9.34816e-07,9.44936e-06,2.47906e-06,0,6.954e-06,3.16184e-06,3.16604e-06,0,4.77001e-06,1.96697e-05,6.32446e-06,0,8.85043e-06,1.76366e-05,1.12934e-05,9.60924e-06,2.92887e-07,6.38979e-07,6.03409e-05,0,3.65774e-06,1.8325e-06,0,4.22106e-06,1.27895e-05,1.09852e-06,2.64572e-05,3.7299e-06,3.96797e-05,2.35363e-05,6.65129e-06,3.04222e-06,1.2807e-05,1.32725e-05,3.91702e-06,9.76737e-05,4.22045e-06,0.000132879,8.13011e-07,1.54801e-05,0,8.26356e-06,1.2226e-05,0,3.30143e-06,2.02078e-06,1.78121e-05,1.02791e-06,6.15117e-06,1.38071e-06,0,0,0,2.19636e-06,8.9061e-06,4.28587e-06,0,1.14677e-05
"NADSYN-PWY: NAD de novo biosynthesis II (from tryptophan)",0,0,0,0,0,0,0,0,0,0,0,0,0,0,0,0,0,0,0,0,0,0,0,0,0,0,0,0,0,0,0,0,0,0,0,0,0,0,0,0,0,0,0,0,0,0,0,0,0,0,0,0,0,0,0,0,0,0,0,0,0,0,0,0,0,1.96276e-06,0,0,0,0,0,0,0,0,0,0,0,0,0,0,0,0,0,0,0,0,0,0,0,0,0,0,0,0,0,0,0,0,0,0,0,0,0,0,0,0,0,0,0,0,0,0,0,0,0,0,0,0,0,0,0,0,0,0,0,0,0,0,0,0,0,0,0,0,0,0,0,0,0,0,0,0,0,0,0,0,0,0,0,0,0,0,0,0,0,0
"NAGLIPASYN-PWY: lipid IVA biosynthesis (E. coli)",3.61775e-05,2.88291e-05,0,1.1451e-05,1.90653e-06,3.22727e-06,5.97917e-06,3.75588e-06,0.000146768,8.34801e-06,1.79561e-05,0.000130483,1.22004e-05,2.96761e-06,8.94539e-07,2.16133e-06,0,1.34017e-06,0,4.34642e-05,7.93649e-06,1.36064e-05,5.22116e-05,2.81738e-05,1.37844e-05,4.85006e-06,4.76938e-05,7.94344e-05,7.24732e-05,0.000253333,1.6491e-05,1.05178e-05,9.49243e-07,1.67116e-06,0,4.80137e-05,0.000141071,8.95095e-06,0.000180519,1.61124e-05,6.59577e-05,4.06747e-06,3.78359e-06,0.000153156,3.21022e-05,2.15028e-06,1.47399e-05,0,6.70913e-06,3.28664e-06,1.47583e-06,5.7047e-06,0.000135646,1.00627e-05,7.65923e-05,0.000212041,7.09409e-06,0.000105961,1.49902e-05,3.92252e-05,2.20788e-05,2.92505e-06,8.77655e-05,2.92276e-06,3.93029e-05,0.00013608,3.22583e-06,0,2.24686e-05,1.50283e-05,7.87194e-05,3.78078e-05,0.00022282,8.0479e-05,3.7648e-05,0.000160235,0.00010176,6.61213e-06,0.000146195,0,8.62734e-06,4.52054e-05,0,0,9.4153e-06,6.82066e-05,0,1.74815e-05,1.23878e-05,1.09713e-06,0.000215103,1.86052e-06,5.48159e-06,7.29599e-06,6.20619e-06,5.24856e-05,2.20833e-05,0,3.21648e-06,8.57578e-05,7.60532e-06,0,9.6043e-06,8.65811e-06,6.87369e-06,1.54588e-05,8.18406e-06,8.73452e-05,3.7488e-05,1.80273e-05,1.8169e-06,8.2274e-05,8.13062e-06,2.60315e-05,8.68392e-05,1.35979e-06,5.66752e-05,0,5.17658e-06,9.36906e-05,6.91701e-05,2.89645e-05,4.18363e-05,1.75609e-05,0.000101781,1.50353e-05,0.000193432,0.000255222,5.17998e-05,4.39923e-05,3.32398e-05,1.79223e-05,1.54577e-05,0.000237722,4.36934e-05,0.000102886,1.31887e-05,7.83928e-05,1.1846e-05,0.000114129,8.53986e-05,2.56663e-05,6.2906e-05,5.96523e-05,5.18016e-05,0.000134558,4.8823e-05,5.1415e-05,0.00014079,1.23536e-05,3.45912e-05,5.80127e-05,1.97792e-05,1.80686e-05,4.52754e-05,6.13754e-05
"NONMEVIPP-PWY: methylerythritol phosphate pathway I",0.000572725,0.000543186,0.000701561,0.000681904,0.000711385,0.000658605,0.000707579,0.00068502,0.000431178,0.000669178,0.00060837,0.000565653,0.000557385,0.000681996,0.000720867,0.000815537,0.000756487,0.000644166,0.000754254,0.000480782,0.000612908,0.000724217,0.000590718,0.000661243,0.000627362,0.000757176,0.000597315,0.000477711,0.00068732,0.000302956,0.000679511,0.000619217,0.000707431,0.000709126,0.00069917,0.000622174,0.000355366,0.000707739,0.000422082,0.000751266,0.000532769,0.000655471,0.000662249,0.000359742,0.000523028,0.000771989,0.000598215,0.000685908,0.000604613,0.000639898,0.000719611,0.000500783,0.000403513,0.000570831,0.000597964,0.000300294,0.000674236,0.000538801,0.000763555,0.000567237,0.0005934,0.000828078,0.000474334,0.000662614,0.000451847,0.000307016,0.000573584,0.000716467,0.000661198,0.00066402,0.000604668,0.000665989,0.000419178,0.000553433,0.000611167,0.000427462,0.00054575,0.000524859,0.000350023,0.000737319,0.000677256,0.00059932,0.000669574,0.000798493,0.000571686,0.000477233,0.000746176,0.000653136,0.000704995,0.000821598,0.000370866,0.000662805,0.000736683,0.000640255,0.000592094,0.000446268,0.000623627,0.000713683,0.000696975,0.000537185,0.000688229,0.000709532,0.00053593,0.000692135,0.00061554,0.00057505,0.000666015,0.000514006,0.000670204,0.000464841,0.000796784,0.000664313,0.000674041,0.000592023,0.000635726,0.000765197,0.000539042,0.000653062,0.000688637,0.000508577,0.000697011,0.000565651,0.000549674,0.000681354,0.000538486,0.000596659,0.000393341,0.0003187,0.000649694,0.000601008,0.000553724,0.000609993,0.000531832,0.000247666,0.000605395,0.000417107,0.000623646,0.000421116,0.000410884,0.00068348,0.000433508,0.00068908,0.000626423,0.000610203,0.000540332,0.000576477,0.000525133,0.000584804,0.000558579,0.000509927,0.000555589,0.000602721,0.000602945,0.000654828,0.000632229,0.000491228
"NONOXIPENT-PWY: pentose phosphate pathway (non-oxidative branch) I",0.000443994,0.000365337,0.000503322,0.000520612,0.000529822,0.000652152,0.000748826,0.000587492,0.000603855,0.000523294,0.000496039,0.000417461,0.000246477,0.000613273,0.000670805,0.000448189,0.000710274,0.000563904,0.000494529,0.000339909,0.000372171,0.000626132,0.000365425,0.000337783,0.000358973,0.00058045,0.000894811,0.000394431,0.000580753,0.000649003,0.000686298,0.000630234,0.000899912,0.000630596,0.000806811,0.000470528,0.000444277,0.00067124,0.000534289,0.000377746,0.000428856,0.000528442,0.000442149,0.000592722,0.000737655,0.000542735,0.000377546,0.00058107,0.000464913,0.000578277,0.000519293,0.000427483,0.000617386,0.000282227,0.000408424,0.00072132,0.000883199,0.000604163,0.000871496,0.00045043,0.000418243,0.00067116,0.000413271,0.000677481,0.000419331,0.000376883,0.000631423,0.000628799,0.000484999,0.000401061,0.000305565,0.000439588,0.000408367,0.000299583,0.000331232,0.000530011,0.000318701,0.000230443,0.000317519,0.000685535,0.000543071,0.000342963,0.000647486,0.00082208,0.000475275,0.000399556,0.000666765,0.000417986,0.000390786,0.000609754,0.000598426,0.000421493,0.000580855,0.00072929,0.000762568,0.000388326,0.000409659,0.000724803,0.000633787,0.000278788,0.000470086,0.000828706,0.000621787,0.000525385,0.000542882,0.000283507,0.000566447,0.000663637,0.000505993,0.00030303,0.000583412,0.000645813,0.000616656,0.000404511,0.000351847,0.000555924,0.000615359,0.000576208,0.000529215,0.000371571,0.000563606,0.000287546,0.000282263,0.000604545,0.00040026,0.000322529,0.000544534,0.000694225,0.000276202,0.000363984,0.000269942,0.000513794,0.000315797,0.000719433,0.000375286,0.000529483,0.000720852,0.000299613,0.000310424,0.000133196,0.000466677,0.000278006,0.000494834,0.000120738,0.000460547,0.000271113,0.00037782,0.000257881,0.000170169,0.000456251,0.000320614,0.000278599,0.000302113,0.000560236,0.000340739,0.000229677
"OANTIGEN-PWY: O-antigen building blocks biosynthesis (E. coli)",0.000388248,0.000416062,0.000382831,0.000293811,0.000496363,0.000576696,0.000583778,0.00046174,0.000378353,0.000325528,0.000406914,0.000364132,0.000348726,0.000400262,0.000426759,0.000447291,0.000555529,0.000458885,0.000408877,0.000360751,0.000411852,0.000401283,0.000394425,0.000383865,0.000415493,0.000512475,0.000278959,0.000487163,0.000446821,0.000278678,0.00046765,0.000351054,0.000359356,0.000406498,0.000125457,0.000476631,0.000280997,0.000374277,0.000293612,0.000377727,0.00041721,0.000486775,0.000454774,0.000296252,0.000245876,0.000445215,0.000360532,0.000412725,0.000391458,0.000533539,0.000533082,0.000500168,0.000299884,0.000478621,0.000366599,0.000231266,0.000212423,0.000433124,0.000422837,0.00039737,0.000459845,0.000306144,0.000327024,0.000324213,0.000360236,0.000293771,0.000461824,0.000437742,0.000436329,0.000441119,0.00029051,0.000422291,0.0003084,0.000244552,0.000260119,0.000298938,0.000367692,0.000360152,0.000248411,0.000544661,0.000536894,0.00036122,0.000261192,0.000342302,0.000382967,0.000345382,0.000582688,0.000454407,0.000374598,0.000646452,0.000248172,0.000528541,0.000311267,0.000422784,0.000546353,0.000317883,0.000232529,0.000340165,0.000357725,0.000290384,0.000522429,0.000219018,0.000242563,0.000436182,0.000433899,0.000356786,0.000453294,0.000478459,0.000474437,0.000197703,0.000745398,0.000505679,0.000528818,0.000358121,0.000361038,0.00040605,0.000343547,0.000489716,0.00041244,0.00042276,0.000357383,0.000418612,0.000358468,0.000524623,0.000318772,0.000323132,0.000268419,0.000272613,0.000363639,0.000310394,0.000420448,0.000367044,0.000326284,0.00021982,0.000343498,0.000352767,0.000143272,0.000294276,0.000286047,0.00020097,0.000333061,0.000437887,0.000359888,0.000140443,0.000299471,0.000226375,0.00036681,0.000351083,0.000297977,0.000383406,0.000234045,0.000352418,0.000329292,0.000440983,0.000352186,0.000387172
"ORNARGDEG-PWY: superpathway of L-arginine and L-ornithine degradation",0,0,0,0,0,0,1.99077e-06,0,3.94303e-05,0,0,1.97546e-05,0,0,0,0,0,0,0,1.07103e-06,0,0,0,0,0,0,2.44364e-05,6.80629e-06,0,7.7655e-05,0,6.2156e-07,0,0,0,5.35695e-06,2.11442e-05,0,6.47676e-05,4.02745e-06,0,0,0,4.06882e-05,8.28908e-06,0,0,0,0,0,0,0,4.28712e-05,0,1.47263e-05,0,0,3.62878e-05,0,5.05645e-06,0,0,1.13267e-05,0,3.07599e-06,2.85723e-05,2.8126e-06,0,5.87118e-07,0,5.31531e-07,0,2.77421e-05,0,0,8.08912e-05,5.15907e-06,0,1.88212e-05,0,0,0,0,0,0,1.97254e-06,0,0,0,0,8.24704e-05,0,0,0,7.97556e-07,1.17098e-05,0,0,0,0,0,0,1.52265e-06,0,0,0,0,3.71814e-05,3.23777e-05,0,0,1.89833e-05,0,8.79306e-07,0,0,0,0,0,1.41025e-05,0,6.6839e-07,0,0,0,1.21453e-06,0,0.000110106,0,6.79335e-07,0,0,0,2.37437e-07,7.30062e-07,0,9.38783e-07,5.92516e-06,0,0,1.09437e-05,0,3.96542e-06,0,0,0,1.13868e-05,0,0,0,0,0,0,0,0,7.45943e-07
"ORNDEG-PWY: superpathway of ornithine degradation",8.70855e-06,1.81637e-05,1.84946e-06,9.9047e-07,7.51418e-06,3.4744e-05,3.84551e-05,0,0.000239428,1.54439e-05,1.11271e-05,0.00010166,1.0604e-05,0,1.30407e-06,2.22699e-06,0,5.21783e-06,1.31085e-05,2.20664e-05,1.97208e-05,7.91147e-06,7.331e-06,6.62817e-06,3.53454e-06,1.41262e-06,6.94679e-05,5.33425e-05,5.0269e-06,0.000418268,3.9664e-06,6.0481e-06,0,2.48093e-06,0,2.30877e-05,0.000104407,7.98352e-06,0.000158321,6.77124e-06,5.31557e-05,1.17718e-05,3.03884e-05,0.000260686,2.58985e-05,0,4.64302e-06,4.12093e-06,3.08716e-06,5.89325e-06,2.47975e-05,3.22679e-05,0.000185534,3.33952e-06,8.14258e-05,0.000320119,9.57909e-06,0.000162274,2.42906e-05,4.15813e-05,2.75589e-05,0,6.07354e-05,0,1.49585e-05,0.000117756,1.14655e-05,0,8.36718e-06,9.7213e-07,9.28654e-06,8.36773e-07,0.000154974,6.76249e-06,0,0.000223595,2.66221e-05,1.72758e-05,8.25478e-05,3.8214e-06,1.58411e-05,1.72745e-05,0,0,0,1.49449e-05,0,6.48687e-06,0,6.97116e-06,0.000246527,9.60786e-07,7.4656e-06,1.14599e-05,1.18966e-05,4.51249e-05,2.67063e-06,4.0898e-06,0,4.24409e-05,8.42503e-06,0,1.64039e-05,2.48164e-06,3.53585e-05,1.74234e-05,1.56839e-06,0.000195398,8.16036e-05,4.60121e-06,9.15228e-06,8.37849e-05,8.60111e-07,1.92492e-05,3.02302e-06,0,5.68879e-05,1.00989e-05,1.89123e-06,5.10134e-05,0,1.78971e-05,1.32326e-05,5.09448e-06,1.74639e-05,1.09862e-05,0.000145919,0.000363335,3.15732e-06,2.262e-05,3.33491e-05,1.20516e-05,3.14896e-06,0.000372408,2.63458e-05,0.000112459,1.54443e-05,5.25761e-05,1.14743e-05,0,5.40804e-05,0,1.8039e-05,8.40303e-07,5.22322e-06,7.08695e-06,3.24992e-05,2.39824e-06,2.33721e-06,1.32005e-05,0,3.55523e-06,1.89462e-05,1.1149e-05,0,1.21431e-05
"P105-PWY: TCA cycle IV (2-oxoglutarate decarboxylase)",2.34574e-06,8.16026e-06,3.41594e-06,0,2.83946e-06,3.39653e-06,1.16738e-05,0,0.000140625,5.21524e-06,7.06181e-06,7.18679e-05,1.9187e-05,0,2.38698e-06,4.12177e-06,8.96646e-06,0,1.33273e-06,3.31133e-05,1.08991e-05,4.53095e-06,6.09938e-06,0,7.05885e-06,0,8.60179e-05,9.0762e-05,1.44622e-06,0.000226457,5.65009e-06,2.81906e-06,1.56004e-05,4.28322e-06,0,2.99205e-05,8.83932e-05,1.6311e-05,0.000189889,2.34494e-05,4.79933e-05,4.34487e-06,1.07265e-05,0.000198367,1.36585e-05,2.4141e-05,2.7617e-06,5.69352e-06,6.99685e-06,4.39863e-06,1.62095e-05,2.45407e-05,0.000151016,4.80291e-06,6.96534e-05,0.000201326,9.01424e-06,0.000111607,1.4183e-05,3.65091e-05,1.70363e-05,0,5.27403e-05,3.93436e-06,2.02337e-05,8.07391e-05,3.81468e-06,0,6.91791e-06,6.92209e-06,4.65923e-06,1.32138e-06,0.00013933,3.45428e-06,5.01524e-06,0.000164109,3.73384e-05,0,8.47091e-05,0,6.43842e-06,5.26226e-06,0,0,9.58205e-06,2.80596e-05,0,6.25882e-06,4.47904e-06,0,0.000185649,4.29817e-06,0,7.60113e-06,2.24502e-05,3.42968e-05,2.7715e-06,2.10634e-05,2.1154e-06,4.60392e-05,1.40411e-05,4.61138e-06,2.07506e-06,0,1.04103e-05,1.69408e-05,8.80593e-06,0.000139478,7.188e-05,0,7.76287e-07,7.04739e-05,3.00257e-06,2.68582e-05,2.48352e-06,1.42653e-06,0.000130487,8.41114e-06,3.89112e-06,5.76136e-05,1.29791e-06,6.10914e-06,0,3.36441e-06,7.75044e-05,8.26744e-06,0.000112646,0.000239914,1.48825e-06,1.75462e-05,1.70523e-05,1.33588e-05,0,0.000205176,7.10525e-06,1.8217e-05,7.77856e-06,4.43886e-05,2.86825e-06,0,4.80614e-05,1.62327e-06,2.24854e-05,0,2.82751e-06,2.14739e-06,3.39022e-05,0,6.59e-06,2.53929e-06,1.9321e-06,0,1.43876e-05,6.35046e-06,0,1.43316e-05
"P108-PWY: pyruvate fermentation to propanoate I",1.2492e-05,4.1311e-05,3.61097e-06,2.07964e-06,0,9.46326e-07,1.22641e-05,5.46464e-06,6.48708e-05,8.09165e-06,4.40747e-06,5.21398e-05,5.22652e-06,0,9.8855e-06,0,0,0,4.26775e-06,1.68218e-05,1.43857e-06,1.4945e-06,1.52643e-06,2.15762e-05,0,0,5.32751e-05,4.36911e-05,1.11579e-06,5.34209e-05,3.09754e-06,0,0,2.36119e-06,0,1.0166e-05,5.78149e-05,0,6.34332e-05,0,3.47229e-05,1.02819e-06,0,5.00424e-05,3.17918e-05,3.51139e-05,0,0,2.75001e-05,2.14574e-06,1.93027e-05,4.30727e-05,8.84526e-05,0,2.43207e-05,1.72158e-05,1.29197e-05,7.72656e-05,1.74568e-05,3.47298e-05,7.40878e-06,0,4.29732e-05,0,1.51442e-05,4.38442e-05,1.90426e-06,0,6.66749e-06,0,1.06518e-06,0,3.822e-05,5.29816e-06,0,3.19647e-05,1.88118e-05,0,2.81452e-05,0,5.04915e-06,0,0,0,0,1.50626e-05,0,7.61143e-07,0,0,5.60562e-05,2.81096e-06,0,9.71575e-06,7.79162e-05,2.11465e-05,0,0,1.57054e-05,2.63022e-05,9.45007e-06,0,1.86075e-05,0,1.21994e-05,0,2.15369e-06,6.47722e-05,4.45781e-05,1.38632e-06,1.38725e-06,9.58351e-05,8.04372e-06,7.81987e-05,0,0,0.000118061,0,3.21852e-06,3.17387e-05,0,4.97387e-06,0,4.21763e-07,3.91769e-05,3.41091e-05,5.25236e-05,1.4778e-05,0,7.49311e-06,0,3.41589e-05,5.28589e-06,2.01465e-05,7.58324e-06,5.46322e-05,1.19854e-05,4.61205e-05,1.23416e-06,2.95911e-06,4.06853e-05,0,3.51418e-05,0,3.25734e-05,3.27619e-06,2.50814e-05,2.78485e-06,0,1.25171e-05,2.50745e-06,1.03274e-06,1.55921e-05,2.8119e-06,0,1.91298e-06
"P122-PWY: heterolactic fermentation",3.82454e-06,4.08545e-05,2.17616e-06,0,3.26905e-06,2.51561e-06,1.26311e-05,0,0.000118801,0,0,2.28178e-05,2.81087e-06,0,2.50402e-05,5.21941e-06,0,0,0,9.9742e-06,5.7384e-07,2.97676e-06,3.13425e-07,1.05043e-05,0,2.97577e-05,3.54337e-05,4.08207e-05,0,0.000176016,2.92652e-06,2.83815e-06,0,0,0,5.43355e-06,6.44975e-05,0,6.00792e-05,0,2.40767e-05,2.63607e-06,0,8.73662e-05,1.32777e-05,0,3.66204e-06,2.0413e-05,4.81113e-06,2.22898e-06,2.13404e-05,1.44632e-05,8.58713e-05,0,2.12877e-05,0.000128231,2.3303e-05,5.08621e-05,5.61366e-06,9.56788e-06,2.91741e-05,0,2.88005e-05,0,7.2138e-06,5.32083e-05,7.75449e-06,0,3.30864e-06,0,1.25225e-06,0,6.36935e-05,0,0,9.52657e-05,1.40193e-05,0,4.95898e-05,9.64949e-06,4.44078e-06,0,4.11996e-06,0,0,4.02326e-06,0,7.78117e-07,0,0,9.70038e-05,4.63682e-05,4.59153e-06,6.42418e-06,4.91886e-05,2.24069e-05,0,1.00567e-05,0,1.99308e-05,2.96089e-06,0,1.04695e-05,0,0,3.4493e-06,1.99725e-06,2.03927e-05,2.10885e-05,0,2.41876e-06,2.31781e-05,3.06094e-06,5.09972e-06,0,0,5.23435e-05,6.22733e-06,9.54824e-06,2.28134e-05,0,0,0,0,1.01471e-05,1.72253e-06,6.69446e-05,0.000148093,0,4.00767e-06,0,1.97355e-05,3.33442e-06,0.000222159,5.62426e-06,0.000165199,3.90776e-06,7.74104e-06,2.87818e-07,0,2.70159e-05,0,7.73647e-06,0,2.148e-05,9.33804e-07,8.29533e-06,0,0,0,2.13581e-06,0,4.32907e-06,1.59682e-06,0,2.18333e-06
"P124-PWY: Bifidobacterium shunt",2.45027e-05,6.35428e-05,0.000109595,9.50339e-06,0.000100592,0.000228445,0.000266931,0,0.000236866,0,5.78518e-06,1.80728e-05,2.67547e-05,7.96581e-05,3.72483e-05,0.000151277,6.15717e-05,0.000123357,3.63257e-05,0,1.85516e-05,0,5.13289e-05,3.11654e-05,1.56276e-05,0.000219606,0,0.000299083,8.31342e-05,4.15759e-06,7.21938e-05,2.23271e-05,2.71364e-05,0.000135177,0,9.67977e-05,9.35291e-07,8.49141e-05,0,5.50467e-05,6.28902e-05,0.000161408,3.88424e-05,1.08627e-05,1.77042e-06,0.000172647,1.07433e-05,0.000128208,3.81537e-05,0.000356604,0.00014686,9.0325e-05,7.44683e-05,2.6466e-05,5.60416e-05,0.00010471,3.60523e-05,0.000237093,2.13923e-05,0.000110928,3.54037e-05,0,0.000178737,7.15553e-05,1.25431e-06,2.18128e-05,0.00025539,0.000206941,0.000132973,0.000127675,3.69358e-05,1.80151e-05,3.69066e-05,0,1.81179e-05,0.000210637,2.67942e-05,4.60947e-05,3.86124e-06,0.000279353,0.000344036,5.62067e-06,4.05841e-05,0.000112769,0.000146857,2.34429e-05,0.000379539,0.000304951,0.000116555,0.000275148,9.99257e-06,0.000263388,3.29717e-05,5.16846e-06,0.00025038,6.28953e-06,2.47485e-05,1.26258e-05,4.9897e-05,0,0.000292698,2.33346e-05,0,0.000122479,1.84518e-05,0.000135221,0.000113054,9.29659e-05,0.000181969,2.16914e-05,0.00045483,0.000105068,0.000143679,6.61361e-05,0,0.000140755,0.00010153,6.26282e-05,8.8634e-05,1.18253e-05,2.08822e-05,6.24223e-05,4.09592e-05,2.51437e-05,3.54402e-06,0,1.34262e-05,1.80704e-05,8.47127e-06,4.58741e-05,5.63877e-05,2.32531e-05,5.35701e-06,3.97639e-07,6.69514e-05,0.000100804,0,2.06601e-05,2.82961e-06,1.13699e-05,1.35175e-06,6.87604e-05,0.000119842,1.06765e-05,7.97637e-06,5.70214e-06,0,9.42627e-06,0,0.000103369,7.60159e-06,1.69153e-05,4.58938e-05,6.11938e-05,1.10534e-05,7.37461e-05
"P125-PWY: superpathway of (R,R)-butanediol biosynthesis",1.77472e-05,3.1115e-05,1.12031e-05,1.13339e-05,3.76327e-06,2.48174e-06,1.91511e-05,2.11889e-06,1.24122e-06,7.96773e-07,0,4.36865e-07,0,0,4.50783e-05,0,1.39934e-06,7.29709e-06,2.323e-06,0,7.76513e-07,5.7524e-07,9.30306e-07,5.46942e-06,1.38544e-05,1.7937e-06,1.72098e-06,4.16189e-05,2.7512e-06,4.96242e-06,6.12582e-05,4.56846e-05,0,3.38376e-06,0,4.48512e-06,7.53117e-06,7.07334e-06,3.94325e-06,3.23058e-06,2.73046e-06,5.22274e-06,0,1.2978e-06,3.51135e-06,0,4.28435e-06,1.32696e-05,0,7.0523e-05,1.51947e-05,8.08134e-05,3.25089e-06,0,2.52553e-06,5.14481e-06,7.62815e-06,9.08876e-07,1.65081e-05,1.82191e-06,1.75524e-06,1.18222e-05,0,4.83361e-06,1.24518e-05,1.20696e-05,6.11027e-06,0,9.50265e-07,0,0,0,9.95746e-06,0,1.18938e-06,0,2.02096e-05,1.12966e-06,1.33278e-06,9.92744e-07,9.53285e-06,6.05761e-06,7.08404e-07,0,6.37788e-06,2.80065e-05,1.45467e-05,7.08874e-06,2.2664e-06,2.08819e-06,1.12864e-06,7.36024e-06,1.26557e-06,2.60667e-05,3.36855e-05,8.67065e-06,4.05487e-06,2.50075e-05,1.5357e-05,4.52765e-06,1.81635e-06,0,1.84856e-05,3.83165e-06,6.47457e-06,0,1.26587e-05,4.43277e-06,8.736e-07,7.90813e-07,8.4297e-06,8.23777e-07,1.2924e-05,1.17167e-05,4.62074e-07,9.94713e-07,6.84973e-06,2.97489e-06,8.51543e-06,4.28485e-06,2.98301e-06,0,0,2.6792e-06,1.16741e-05,3.08708e-06,1.38688e-06,4.12981e-06,0,3.29168e-06,4.05063e-06,2.81691e-05,3.32344e-06,5.22068e-07,0,1.23675e-05,0,4.24576e-07,0,3.78413e-06,4.12749e-06,0,9.29152e-07,3.44803e-06,2.36231e-05,0,2.35877e-06,0,1.00155e-06,4.36736e-06,5.20607e-06,2.60627e-06,4.04795e-06,5.7686e-06,5.88233e-07,1.24171e-06
"P161-PWY: acetylene degradation (anaerobic)",1.20086e-05,2.16694e-05,1.00114e-05,2.86106e-06,1.05506e-05,1.05395e-05,5.02352e-05,1.76297e-05,0.000305905,1.10913e-05,7.73451e-06,0.00017777,9.94514e-06,1.37224e-05,3.84669e-05,1.30068e-05,1.3744e-05,1.99054e-05,3.41929e-05,4.72867e-05,1.97203e-05,1.39434e-05,1.68463e-05,4.44479e-06,1.40537e-05,3.22948e-05,9.6028e-05,0.000201232,1.35681e-05,0.000427575,1.3283e-05,1.37708e-05,6.09981e-06,7.33853e-06,4.74632e-06,4.39174e-05,0.000196554,1.91955e-05,0.000113706,1.4233e-05,1.6276e-05,7.87777e-06,2.11688e-05,0.000278257,4.95194e-05,1.30561e-05,1.45739e-05,2.49558e-05,1.76258e-05,1.11973e-05,5.82969e-05,2.42018e-05,0.000319156,1.8169e-05,9.9736e-05,6.36182e-05,3.27984e-05,0.000231545,3.07887e-05,1.24836e-05,1.74943e-05,1.37555e-05,9.02543e-05,8.30496e-06,2.77616e-05,0.000122974,3.18386e-05,4.75381e-06,9.95447e-06,3.6433e-05,7.76256e-05,6.40945e-06,0.00021562,7.838e-06,3.97498e-05,0.000357925,4.54045e-05,9.89873e-06,0.000160928,6.10033e-06,1.1826e-05,2.27164e-05,3.86473e-06,7.58568e-06,2.38674e-06,1.24417e-05,6.22017e-06,1.1267e-05,9.13699e-06,6.76732e-06,0.000401603,2.87679e-05,1.06638e-05,2.67314e-05,3.26063e-05,7.59667e-05,6.6085e-06,2.05187e-05,1.50138e-05,6.52386e-05,1.38079e-05,3.42807e-06,4.60381e-05,1.98236e-05,1.86992e-05,7.95867e-06,1.5067e-05,0.000211109,9.86039e-05,3.977e-06,5.91179e-06,2.85668e-05,1.87525e-05,2.85905e-05,1.32383e-05,6.43099e-06,0.000206062,2.99888e-06,1.01352e-05,0.000101402,0,7.49704e-06,3.51887e-06,1.57708e-05,4.69203e-05,1.40726e-05,0.000194011,0.000463423,1.03601e-05,1.89481e-05,8.36578e-06,3.3056e-05,5.81263e-06,0.000245746,2.21063e-05,0.000289904,7.11284e-05,4.45904e-05,5.43341e-06,2.95585e-06,0.000182203,7.39567e-06,3.20937e-05,2.10611e-06,1.90397e-05,7.09679e-06,7.79833e-05,8.87376e-06,8.2094e-06,3.45118e-05,3.65197e-06,7.5888e-06,7.55736e-06,1.40549e-05,1.72942e-06,1.32375e-05
"P162-PWY: L-glutamate degradation V (via hydroxyglutarate)",0,0,0,0,0,0,0,0,0,0,0,0,0,0,0,0,0,0,0,0,0,0,0,0,0,0,0,0,0,7.70527e-07,0,0,0,0,0,0,0,0,0,0,0,0,0,0,0,0,0,0,0,0,0,0,0,0,0,0,0,0,0,0,0,0,0,0,0,1.43845e-06,0,0,5.2677e-07,0,0,0,1.477e-05,0,0,0,0,1.33788e-05,0,0,0,0,0,0,0,0,0,0,0,0,0,0,0,0,0,0,0,0,0,0,0,0,0,0,0,0,0,0,0,0,0,2.76051e-06,0,0,0,0,0,0,0,0,0,0,0,0,0,0,0,0,0,0,8.06572e-07,0,0,0,0,0,0,0,0,0,0,0,1.90294e-06,0,0,0,0,0,0,0,0,0,0,0,0,4.57693e-07
"P163-PWY: L-lysine fermentation to acetate and butanoate",0,0,0,0,0,0,0,0,0,0,0,0,1.78817e-06,0,0,0,0,0,0,2.70109e-06,0,0,0,0,0,0,0,0,0,0,0,0,0,0,0,0,0,0,2.65996e-06,0,0,0,0,0,0,0,0,0,0,0,0,0,0,0,0,0,0,0,0,0,0,0,0,0,9.69165e-07,0,0,0,2.03815e-06,0,0,1.41782e-06,0,1.63415e-06,0,0,8.68417e-07,0,2.06693e-06,0,0,0,0,0,0,0,0,0,0,0,0,0,0,0,0,0,0,0,0,0,0,0,0,0,0,2.28695e-06,0,0,0,0,0,0,0,1.50484e-05,2.50876e-06,0,0,0,0,0,0,0,0,0,0,0,1.01286e-06,0,0,0,3.36963e-06,0,0,0,0,0,0,0,0,0,0,0,0,0,1.03204e-06,2.31155e-06,0,0,0,0,0,2.86347e-06,0,0,0,0
"P164-PWY: purine nucleobases degradation I (anaerobic)",0.00013299,8.89614e-05,0.000106729,6.50832e-05,0.000126973,6.77805e-05,0.000256865,6.79381e-05,0.000145816,8.83955e-05,5.37008e-05,8.76362e-05,3.24694e-05,0.000137487,0.000204866,6.00649e-05,0.000205121,0.000295888,0.00011795,4.68736e-05,9.69492e-05,0.000132834,5.70674e-05,5.78175e-05,5.95688e-05,6.72645e-05,0.000221457,6.96111e-05,9.26587e-05,7.24557e-05,0.000149962,0.000186403,0.000324577,0.000189416,0.000111119,5.52436e-05,0.000115305,8.42398e-05,0.000142087,4.82263e-05,9.3755e-05,0.000149972,0.000112867,0.000165398,0.000317627,0.000208052,7.29136e-05,0.000110201,0.000161962,6.55116e-05,0.000139337,6.16373e-05,0.000112067,4.26581e-05,7.67023e-05,0.000109516,0,0.000176964,8.37266e-05,0.000105246,8.63358e-05,0.000184823,7.08606e-05,0.00016475,6.35858e-05,7.40951e-05,0.000134592,0.000208061,8.20167e-05,5.90161e-05,4.3194e-05,6.27552e-05,0.000107761,6.51356e-05,5.30262e-05,8.81234e-05,8.0972e-05,4.24227e-05,9.63212e-05,0.000125064,0.000137444,8.03412e-05,0.000171533,0.000205842,3.18493e-05,5.87198e-05,0.000178217,8.58254e-05,7.9081e-05,0.000135123,0.000160779,0.000180155,6.71519e-05,4.70422e-05,0.000234644,5.91991e-05,0.000103751,0.000254228,0.000132224,5.26836e-05,6.92475e-05,1.67792e-05,8.42382e-05,0.000161031,0.000157239,5.08489e-05,6.89554e-05,0.000129772,0.000142518,5.5579e-05,0.000112503,0.00012902,0.000169335,5.40131e-05,6.38411e-05,0.000106887,0.000244187,0.000215405,0.000110241,8.87284e-05,9.0284e-05,4.08612e-05,5.26841e-05,0.000111942,0.000113535,3.75562e-05,0.000218736,7.72474e-05,3.53875e-05,0.000104765,3.72065e-05,0.000110158,1.66425e-05,3.68473e-05,7.82398e-05,9.57365e-05,0.000236624,5.468e-05,2.53024e-05,3.20193e-05,0.000145226,6.36466e-05,0.000108281,1.14834e-05,6.26226e-05,4.08903e-05,8.13569e-05,4.1391e-05,4.24585e-05,0.000180518,2.26104e-05,6.10216e-05,4.44126e-05,0.000180312,4.5203e-05,5.00827e-05
"P185-PWY: formaldehyde assimilation III (dihydroxyacetone cycle)",9.5732e-05,4.62906e-05,6.30343e-05,1.9787e-05,3.7474e-05,6.84582e-05,3.59435e-05,5.26707e-05,7.99242e-06,7.74881e-05,3.24901e-05,8.4109e-06,1.76435e-05,0.000111508,6.69269e-05,2.54089e-05,7.7167e-05,6.08829e-05,2.1742e-05,5.02131e-05,4.52822e-05,2.72267e-05,1.08053e-05,2.70535e-05,2.12128e-05,2.33551e-05,0.000148519,9.31455e-05,8.95875e-05,2.25789e-05,5.83315e-05,0.000163773,6.87081e-05,3.9172e-05,3.90954e-05,1.26156e-05,8.83891e-05,0.000106904,0.000186316,2.64008e-05,1.91526e-05,4.46165e-05,4.29672e-05,1.38647e-05,6.61915e-05,6.17481e-05,2.52026e-05,0.000141619,6.10519e-05,7.18341e-05,3.37236e-05,3.07e-05,7.72929e-05,4.23554e-05,7.4589e-06,2.26657e-06,0.000115607,5.73949e-05,0.000164433,4.79987e-05,6.01733e-05,4.66616e-05,1.37932e-05,6.41458e-05,2.51079e-05,1.75711e-05,0.000156069,7.95276e-05,5.96547e-05,2.16843e-05,3.40884e-06,2.80249e-05,7.73575e-06,2.02871e-05,5.62342e-06,1.29173e-05,1.89331e-05,3.11742e-05,7.38491e-06,6.35252e-05,7.0842e-05,1.58417e-05,6.51017e-05,1.89738e-05,1.88178e-05,2.46519e-05,0.000133207,6.08339e-05,1.73777e-05,7.75526e-05,5.68213e-06,6.31401e-05,4.94672e-05,0.000106595,0.000213124,4.14645e-05,2.2001e-05,4.82656e-05,0.000107905,9.91336e-06,5.03047e-05,0.000189975,6.53028e-05,5.32562e-05,5.93196e-05,2.16383e-05,2.42899e-05,6.28497e-05,3.60612e-05,3.24477e-05,9.99132e-05,3.95922e-05,0.000147968,5.42029e-05,7.31619e-06,5.21486e-05,0.000163342,6.90814e-05,9.12178e-05,5.69257e-06,3.41034e-05,9.50346e-06,2.65697e-06,5.14937e-05,4.14758e-05,1.20794e-05,3.10103e-05,3.73688e-06,5.41133e-06,2.35087e-05,1.1511e-05,6.48339e-05,5.11489e-06,6.43435e-05,1.85776e-05,0.000148702,4.05886e-05,7.77178e-06,1.31882e-06,4.23222e-06,2.36933e-05,2.562e-05,6.46066e-05,1.16427e-05,3.20633e-05,2.04416e-05,2.81007e-05,6.42793e-06,6.02384e-06,4.3846e-05,2.63736e-06,2.967e-05,4.99233e-06,8.53139e-05,8.80695e-06,1.46961e-05
"P221-PWY: octane oxidation",0,0,0,0,0,5.26902e-08,2.22921e-07,0,3.23866e-05,0,0,1.72201e-05,0,0,0,0,0,0,0,1.50801e-06,9.9831e-07,3.61073e-07,0,7.47344e-07,0,0,2.37456e-05,1.8811e-05,0,3.94262e-05,0,5.58193e-07,0,0,0,1.43211e-06,3.04074e-05,0,7.12461e-05,3.42778e-06,4.94148e-06,8.91504e-07,0,4.01414e-05,2.34557e-06,0,0,0,0,4.34826e-08,1.89955e-07,4.49002e-08,4.60496e-05,0,1.79117e-05,5.50199e-06,2.66838e-07,2.87242e-05,4.04058e-06,4.39712e-06,1.23195e-07,0,2.79493e-06,9.77312e-07,1.37764e-06,1.27679e-05,6.13629e-07,0,1.45588e-06,0,0,0,1.96414e-05,9.72915e-08,0,1.94213e-05,3.64185e-06,0,1.2613e-05,0,1.03668e-06,0,0,0,0,1.75143e-06,0,8.25928e-07,0,0,1.67641e-05,0,1.43257e-07,6.5018e-07,0,8.85187e-06,0,0,0,1.1148e-06,1.62688e-06,0,2.53438e-07,0,1.50259e-07,0,0,1.73765e-05,1.11454e-05,1.08393e-06,0,7.58136e-06,0,1.80595e-07,0,0,2.57499e-05,1.07506e-06,2.13755e-06,1.10508e-05,0,9.46131e-08,0,2.64773e-07,6.37485e-06,0,1.1727e-05,5.73923e-05,0,1.67476e-06,2.7562e-07,0,0,3.6864e-06,3.38201e-07,6.1208e-05,1.28888e-06,7.23083e-06,0,0,5.56281e-06,0,5.02906e-06,0,0,1.18014e-07,2.37048e-06,0,0,0,0,0,6.73751e-07,0,0,1.06939e-06
"P23-PWY: reductive TCA cycle I",5.71866e-06,2.92689e-05,2.12794e-06,1.19638e-06,0,4.81998e-07,6.31921e-06,3.02848e-06,7.94316e-07,4.26406e-06,2.58062e-06,1.46596e-05,3.4227e-06,0,3.0723e-06,0,0,0,2.43129e-06,1.24926e-05,8.37789e-07,8.68625e-07,8.91689e-07,7.12699e-06,0,0,0,1.99438e-05,6.14262e-07,4.99996e-06,1.77615e-06,0,0,1.27352e-06,0,6.89201e-06,6.91365e-06,0,0,0,2.32713e-05,5.85704e-07,0,0,9.44928e-06,1.98628e-05,0,0,1.36358e-05,1.20095e-06,7.3718e-06,4.05078e-05,0,0,1.68111e-05,0,2.76167e-06,0,8.22979e-06,1.42267e-05,4.31229e-06,0,9.71126e-06,0,9.10108e-06,2.65869e-05,0,0,3.98e-06,0,6.2697e-07,0,4.59973e-05,3.1276e-06,0,1.87091e-05,1.22273e-05,0,3.24356e-05,0,1.74158e-06,0,0,0,0,9.57961e-06,0,4.41904e-07,0,0,8.68939e-06,1.65131e-06,0,4.54481e-06,2.3175e-05,1.69317e-05,0,0,8.92647e-06,1.06702e-05,5.58182e-06,0,0,0,7.0942e-06,0,1.26143e-06,9.7482e-06,2.4953e-05,8.093e-07,5.90812e-07,4.50256e-05,4.12706e-06,8.43306e-05,0,0,5.40027e-06,0,1.88151e-06,1.67283e-05,0,3.01537e-06,0,0,3.06191e-06,3.26729e-05,1.06973e-06,1.40853e-05,0,4.42088e-06,0,7.45502e-06,2.9854e-06,6.35814e-07,4.09217e-06,9.1751e-06,6.78191e-06,4.73908e-05,7.32914e-07,1.87753e-06,0,0,1.84738e-05,0,2.22079e-05,1.975e-06,5.92934e-06,1.65707e-06,0,5.68098e-06,1.48491e-06,5.95299e-07,8.53604e-06,0,0,9.50584e-07
"P241-PWY: coenzyme B biosynthesis",0,0,0,0,0,0,0,0,0,0,0,0,0,0,0,0,0,0,0,0,0,0,0,0,0,0,0,0,0,4.75974e-07,0,0,0,0,0,0,0,0,0,0,0,0,0,0,0,0,0,0,0,0,0,0,0,0,1.59649e-06,0,0,0,0,0,0,0,0,0,0,0,0,0,0,7.9468e-07,0,0,0,0,0,0,1.91464e-06,0,0,0,0,0,0,0,0,0,0,0,0,0,0,0,0,0,0,0,0,0,0,0,0,0,0,0,0,2.46764e-06,0,0,0,0,3.71043e-07,0,0,1.72567e-06,0,0,0,0,0,0,0,2.5406e-06,0,0,0,0,0,0,0,2.8176e-07,0,0,0,0,0,0,0,0,0,0,0,0,0,0,0,0,0,0,0,0,0,0,0,0,0,0
"P261-PWY: coenzyme M biosynthesis I",0,0,0,0,0,0,0,0,0,0,0,0,0,0,0,0,0,0,0,0,0,0,0,0,0,0,0,0,0,0,0,0,0,0,0,0,0,0,0,0,0,0,3.11308e-06,0,0,0,0,0,0,0,7.61813e-07,3.57937e-06,0,0,0,0,0,0,0,0,0,0,0,0,0,0,0,0,0,0,0,0,0,0,0,0,0,0,0,0,0,0,0,0,0,0,0,0,0,0,0,0,0,0,0,0,0,0,0,0,3.44973e-06,0,0,0,0,0,3.3152e-06,0,0,0,0,0,0,0,0,0,0,0,0,0,0,0,0,0,0,0,0,0,0,0,0,0,0,0,0,0,0,0,0,0,0,0,0,0,0,0,0,0,0,0,0,0,0,0,0,0
"P4-PWY: superpathway of L-lysine, L-threonine and L-methionine biosynthesis I",5.24339e-05,4.74635e-05,0,1.36275e-05,6.80847e-05,1.73731e-05,4.59853e-05,0,0.000295745,2.55852e-06,1.45175e-05,0.000152631,2.58614e-05,0,3.70347e-05,1.08998e-05,3.42096e-05,1.51365e-05,5.7099e-06,3.56205e-05,1.45993e-05,1.62345e-05,4.7722e-06,1.78617e-05,3.83037e-05,1.66747e-05,0.000170613,0.000211722,2.42952e-05,0.000291331,4.22027e-05,6.15242e-05,0,2.16249e-05,4.88619e-06,6.02337e-05,0.000130972,2.65193e-05,0.000209607,2.56953e-05,0.000140848,3.47993e-05,0,0.000185945,5.5957e-05,1.12007e-05,2.50014e-05,3.4455e-05,2.61052e-05,0.000144909,3.08335e-05,0.000124494,0.000217767,0,9.91723e-05,0.000308858,7.35114e-05,0.000274088,3.7964e-05,0.000137336,7.59324e-05,6.18481e-06,0.000166388,5.35695e-05,4.25633e-05,0.000129188,3.88311e-05,3.96038e-05,3.11136e-05,1.18088e-05,1.28917e-05,5.98218e-06,0.000154151,1.54036e-05,1.48111e-05,0.000284908,4.05583e-05,1.85963e-05,7.71303e-05,3.36866e-05,5.07326e-05,7.75644e-06,4.18944e-05,7.82074e-06,5.45162e-06,7.10515e-05,0,7.32196e-06,1.25079e-05,1.17497e-05,0.00026114,2.09075e-05,1.18978e-05,0.000112564,4.27184e-05,7.09504e-05,2.4131e-05,5.35168e-06,2.16526e-05,8.3661e-05,1.25223e-05,0,3.5586e-05,2.00325e-05,4.09499e-05,2.24064e-05,4.66739e-05,0.000214006,0.000166352,2.42108e-05,3.06308e-05,0.000137033,1.61822e-05,3.36777e-05,3.20648e-06,1.52217e-05,0.000166103,1.92362e-05,1.04995e-05,5.97177e-05,0,9.93571e-06,0,1.66932e-05,5.80588e-05,2.37226e-05,0.000195043,0.000212848,9.36404e-06,3.06677e-05,2.29331e-05,5.92007e-05,7.85952e-06,0.000271798,3.35447e-05,0.000259646,2.35298e-05,5.84648e-05,4.40908e-06,0,6.96277e-05,0,5.94811e-05,6.9094e-06,2.09522e-05,2.57541e-05,7.91801e-05,1.18423e-05,0,0,0,9.91134e-06,3.15491e-05,6.00804e-05,1.13175e-05,3.36414e-05
"P41-PWY: pyruvate fermentation to acetate and (S)-lactate I",0.00046738,0.000374534,0.000458003,0.000281641,0.000509137,0.000590262,0.000619755,0.000547854,0.000318796,0.000444021,0.000328117,0.000367968,0.000135613,0.000525601,0.00066636,0.000422785,0.000556015,0.000574659,0.000505089,0.000269062,0.00035869,0.000586962,0.000265077,0.000269717,0.000306662,0.000531123,0.000512924,0.000530325,0.000514293,0.000122112,0.000678488,0.000582387,0.000674909,0.000571567,0.000560494,0.000466021,0.000266378,0.000548681,0.000359629,0.000299991,0.000324731,0.00054458,0.000425313,0.00033363,0.00044671,0.000591992,0.000344973,0.000549346,0.000453825,0.000668689,0.000541972,0.000471808,0.000350171,0.000255688,0.000346937,0.00026567,0.000591146,0.000483415,0.000556305,0.000443089,0.000502344,0.000598572,0.000330208,0.000500712,0.000205348,0.000196273,0.00047485,0.000541302,0.000434899,0.000348092,0.000245533,0.000419882,0.000216298,0.000192585,0.000247276,0.000373266,0.000224094,0.000221944,0.000145356,0.000683726,0.000661664,0.000296757,0.000580663,0.000686247,0.000243709,0.00032258,0.000624507,0.000536238,0.000377691,0.000720079,0.000269922,0.000551188,0.000535036,0.000705772,0.000657191,0.000283101,0.000371716,0.000554112,0.000561623,0.000157109,0.000551746,0.000503555,0.000482323,0.000525102,0.000476655,0.000283579,0.000503959,0.000462156,0.000492776,0.000231301,0.000756959,0.000531126,0.000584729,0.000338775,0.000298948,0.00053623,0.000538922,0.000602993,0.000484979,0.000262299,0.000389134,0.000248296,0.000252371,0.000511357,0.000308621,0.00017187,0.000235415,0.000156597,0.000214163,0.000351626,0.000252156,0.00049391,0.000175883,0.000190458,0.000330449,0.000389582,0.000433583,0.000205617,0.000111066,9.21967e-05,0.000286553,0.000288973,0.000423782,2.97807e-05,0.000330876,0.000172809,0.000339811,0.000190842,0.000185513,0.000435478,0.000214511,0.000227833,0.000256407,0.000433832,0.000368654,0.000234101
"P42-PWY: incomplete reductive TCA cycle",1.00108e-05,4.21248e-05,0.00010018,1.75611e-05,1.33057e-05,1.78461e-06,1.60749e-05,2.128e-05,3.72408e-05,2.65454e-05,3.57258e-05,4.19523e-05,2.53336e-05,6.47924e-06,1.96342e-05,2.41581e-05,2.22455e-05,2.61341e-05,2.4482e-05,5.67781e-05,2.59048e-05,3.64948e-05,5.69592e-05,1.43542e-05,4.71992e-05,4.48339e-05,3.14256e-05,5.53766e-05,4.95008e-06,3.66132e-05,3.13595e-05,2.64602e-06,2.04703e-05,7.03842e-06,7.65891e-06,6.56661e-05,4.90616e-05,2.71035e-05,4.39272e-05,7.45644e-05,4.33521e-05,9.06035e-06,3.45903e-05,4.27323e-05,1.81684e-05,2.6144e-05,3.50237e-05,3.55426e-05,2.48016e-05,6.59205e-06,1.21424e-05,7.94534e-05,7.22713e-05,6.49682e-05,3.74784e-05,7.94359e-05,7.51792e-06,5.26306e-05,1.5884e-05,2.61164e-05,3.89742e-05,9.60144e-06,2.91294e-05,7.69385e-06,4.5013e-05,5.4488e-05,1.10521e-06,0,9.80214e-05,7.3252e-05,8.74771e-05,9.56117e-06,8.11135e-05,7.07846e-05,6.96823e-05,5.57891e-05,3.80016e-05,9.15102e-06,8.80228e-05,1.77865e-06,3.02451e-06,3.09961e-05,2.83178e-05,1.32437e-05,7.796e-05,7.16995e-05,2.1299e-06,1.81133e-05,1.10235e-05,1.8127e-05,3.60195e-05,8.58036e-05,2.99149e-05,1.01996e-05,4.67836e-05,5.22521e-05,2.08973e-06,1.42928e-05,5.25802e-05,1.90621e-05,3.24506e-05,4.57127e-06,9.92906e-06,1.49061e-05,4.44825e-05,2.0186e-05,7.39163e-05,5.24746e-05,3.22833e-05,4.07939e-05,1.00775e-06,5.61398e-05,1.34737e-05,0.000107742,2.51484e-05,1.429e-05,7.75392e-05,8.16764e-06,5.90502e-05,2.46504e-05,8.76394e-05,3.60552e-05,6.63745e-05,5.96252e-05,2.48749e-05,9.86681e-05,2.03914e-05,4.97107e-05,3.77681e-05,3.83548e-05,7.35385e-05,2.15007e-05,8.71663e-06,1.62587e-05,1.59047e-05,5.9724e-05,4.76636e-05,6.73676e-05,2.13524e-05,8.2581e-05,3.02832e-05,3.69666e-05,3.79299e-05,0,4.12583e-05,2.63456e-05,1.71119e-05,4.05291e-05,1.4118e-05,9.65041e-06,3.62145e-05,1.39607e-05,1.6256e-05,1.67452e-06,2.14213e-05,4.31814e-05
"P441-PWY: superpathway of N-acetylneuraminate degradation",0.000101105,0.000136384,4.55027e-05,9.17686e-05,6.3208e-05,5.10769e-05,0.000164326,7.22864e-05,0.00032103,8.22824e-05,7.74322e-05,0.000240901,3.25532e-05,5.96154e-05,9.70446e-05,5.36166e-05,6.9272e-05,8.88371e-05,0.000100603,0.000108586,0.000102089,8.70329e-05,6.53754e-05,5.5126e-05,5.45242e-05,9.30089e-05,0.000189346,0.000217067,4.91749e-05,0.000365353,0.000108911,9.76079e-05,3.51743e-05,7.88851e-05,2.44489e-05,0.00011484,0.000257032,6.74918e-05,0.000227763,4.51711e-05,0.00015962,4.20966e-05,0.000106356,0.000316246,0.000119112,0.000148381,5.18421e-05,5.62758e-05,9.86211e-05,5.89417e-05,0.00012804,0.000114164,0.000304617,4.88791e-05,0.000183706,0.000322538,4.74401e-05,0.000291227,7.24104e-05,0.000181044,8.60933e-05,5.41606e-05,0.000172199,2.60283e-05,0.000114764,0.000203578,0.00010188,4.37627e-05,9.26492e-05,8.99899e-05,0.000124099,7.5165e-05,0.00026821,2.84819e-05,8.76173e-05,0.000320385,0.00011713,3.17276e-05,0.000177331,3.38103e-05,8.78643e-05,6.33886e-05,2.2835e-05,1.35024e-05,4.35798e-05,0.000107455,3.16272e-05,0.000103403,9.00895e-05,3.66374e-05,0.000379279,9.67646e-05,7.40283e-05,8.88723e-05,0.000143205,0.000142396,2.88802e-05,8.07563e-05,6.41343e-05,0.000125788,0.000122263,1.64147e-05,8.4644e-05,9.99801e-05,0.000102033,4.89072e-05,7.69273e-05,0.00028907,0.000205068,5.88104e-05,3.38895e-05,0.000198207,8.0991e-05,0.000103895,4.4365e-05,3.47105e-05,0.000205535,3.82341e-05,4.87315e-05,0.000173749,7.15987e-06,6.09951e-05,1.81526e-05,7.47953e-05,0.0001253,5.83347e-05,0.000273542,0.000183676,4.12031e-05,9.41448e-05,0.000110147,0.000135662,2.07681e-05,0.000283715,9.51581e-05,0.000296392,9.19405e-05,0.000110741,2.82312e-05,3.6277e-05,0.000245486,7.67432e-05,0.000131311,3.22539e-05,0.000104077,2.99775e-05,0.000147263,3.90205e-05,2.86874e-05,9.46684e-05,1.43537e-05,3.86047e-05,5.87801e-05,6.72513e-05,5.07153e-05,5.72239e-05
"P461-PWY: hexitol fermentation to lactate, formate, ethanol and acetate",0.000247134,0.000107372,0.000141816,2.31045e-05,5.31266e-05,0.0001439,5.26527e-05,0.00010957,0.000367038,0.000191523,7.59032e-05,0.000227267,5.52589e-05,6.79001e-05,0.000111349,5.70376e-05,0.000113243,7.00704e-05,5.91306e-05,0.000104597,8.00476e-05,8.5567e-05,3.11124e-05,7.92872e-05,4.97593e-05,4.24428e-05,0.000301512,0.00013436,0.000150152,0.000560334,8.43736e-05,0.000185526,0.000166622,4.48495e-05,0.00076178,5.73109e-05,0.000211462,0.000291308,0.00017031,2.32243e-05,0.000121418,9.70504e-05,6.71262e-05,0.000338018,0.000292041,4.57033e-05,4.55602e-05,0.000256066,4.43131e-05,0.000109092,8.13565e-05,0.000103788,0.000402744,8.41816e-05,0.00014523,0.000373122,0.00059033,0.000346262,0.000860343,0.000158172,7.84752e-05,8.46058e-05,0.000157454,0.000130671,6.90603e-05,0.000213037,0.000319808,8.60337e-05,3.45418e-05,4.5883e-05,3.33185e-05,3.29363e-05,0.000300248,4.70722e-05,5.43754e-05,0.000320159,6.69943e-05,7.4798e-05,0.000178977,8.36572e-05,0.000108971,3.43917e-05,0.00018211,0.000125311,4.61142e-05,7.66435e-05,0.000245288,0.000122824,3.45931e-05,0.000143107,0.000436085,8.89051e-05,8.76695e-05,0.000145446,0.000301938,0.000116497,7.64956e-05,6.51539e-05,0.000214083,9.77558e-05,4.9656e-05,0.00080183,0.000143625,7.47222e-05,0.000101643,0.000106706,0.000160491,0.000272603,0.000129732,4.60016e-05,0.000197564,0.000155582,0.000141947,3.77516e-05,2.55008e-05,7.03663e-05,0.0002055,5.84762e-05,0.000146042,0.000134253,6.78672e-05,2.53432e-05,1.74742e-05,0.000100773,9.78466e-05,4.20212e-05,0.00026081,0.00045026,1.46848e-05,5.30581e-05,3.31015e-05,0.00011356,8.80568e-06,0.000465086,4.97916e-05,0.000250035,0.000132074,6.5599e-05,9.7614e-06,3.44531e-06,0.000124167,4.13195e-05,0.000111187,2.03016e-05,5.49319e-05,5.4481e-05,0.000177682,2.12388e-05,7.65014e-06,4.80615e-05,1.27675e-05,5.47772e-05,1.94585e-05,0.000171526,1.34217e-05,5.02471e-05
"P562-PWY: myo-inositol degradation I",0,0,0,0,0,0,0,0,0,0,0,0,0,0,0,0,0,0,0,0,7.99826e-07,0,0,0,0,0,0,0,0,1.26317e-05,1.59656e-06,2.58722e-06,0,0,0,0,2.96458e-06,3.14235e-06,0,0,0,0,0,9.44893e-07,0,0,0,4.88553e-06,0,2.37386e-06,0,2.16845e-06,0,0,0,0,0,0,4.97501e-06,0,7.92983e-06,0,0,0,2.69168e-06,1.43635e-05,0,0,0,0,0,0,0,0,0,0,0,8.51758e-07,0,0,0,0,0,0,0,0,4.74765e-06,0,0,0,0,0,0,0,6.95152e-07,0,0,0,0,0,0,0,0,0,0,0,0,3.17379e-06,0,0,0,0,0,0,0,0,0,0,0,0,0,0,0,0,0,0,0,0,0,0,0,1.53663e-06,0,0,0,0,0,0,0,0,0,0,0,0,0,0,0,0,0,0,0,0,2.26829e-06,0,0,0
"P621-PWY: nylon-6 oligomer degradation",4.98119e-05,6.11158e-05,2.25593e-05,0,0,0,9.6531e-05,1.59139e-05,5.9459e-06,0,0,0,0,0,0.00010931,0,0,9.0668e-06,0,0,1.31123e-06,0,0,3.77791e-06,1.45558e-05,0,3.70811e-05,2.29294e-06,2.14824e-06,1.40772e-05,5.64655e-05,4.58791e-05,0,3.95314e-06,0,1.77698e-05,1.9413e-06,1.7602e-05,0,3.56377e-06,3.24665e-06,2.64638e-06,0,0,0,0,1.04322e-05,4.99141e-05,0,0.000104828,4.66833e-05,2.1367e-05,0,0,4.49453e-06,4.15747e-06,3.62102e-06,1.31514e-06,2.22089e-05,1.21927e-06,1.50204e-05,4.14351e-05,0,2.67417e-05,1.30971e-05,1.81422e-05,0,0,1.00419e-06,6.47144e-07,0,0,7.55782e-06,0,0,0,1.61576e-05,9.56294e-07,2.03285e-06,7.67995e-07,3.2921e-05,3.06297e-06,0,0,2.08147e-05,3.16893e-05,6.27928e-05,5.89619e-06,0,1.31099e-06,0,6.15241e-06,0,7.54456e-05,8.50578e-05,9.84649e-06,1.06999e-06,0.000103455,5.9646e-05,9.25269e-07,2.02616e-06,0,3.60229e-05,2.3124e-05,2.87247e-05,0,1.2059e-05,1.20033e-05,0,0,1.39169e-06,0,3.03857e-05,4.19535e-05,1.27663e-06,0,6.49355e-06,2.25309e-06,1.28147e-05,0,1.11768e-05,0,0,0,1.3654e-05,0,0,7.20534e-06,0,8.36178e-06,7.96507e-06,3.08477e-05,4.58201e-06,1.35231e-07,0,4.23376e-05,0,3.99563e-06,0,0,0,0,0,8.6605e-07,4.65689e-05,0,0,0,9.53703e-07,1.6577e-05,1.09144e-05,0,0,6.59202e-06,3.82598e-06,1.32071e-05
"PANTO-PWY: phosphopantothenate biosynthesis I",0.000376567,0.00032307,0.000393265,0.000497179,0.000470586,0.00035496,0.000358935,0.000500113,0.00030242,0.000391288,0.000391773,0.00031951,0.000304848,0.000460529,0.000503842,0.000341114,0.000465645,0.00039626,0.000376827,0.000236289,0.000290854,0.000480195,0.000310099,0.000361963,0.000325544,0.000399585,0.000444493,0.000230547,0.000420786,0.00029278,0.000457839,0.000488821,0.000532858,0.000453925,0.000639525,0.000369536,0.000344767,0.000573302,0.000414628,0.000299918,0.000316491,0.000322582,0.000327536,0.00035748,0.00040155,0.000402003,0.000303341,0.00039564,0.00036667,0.000281509,0.000348118,0.000208526,0.000363424,0.000266811,0.000392081,0.000238651,0.00063039,0.000379447,0.000742379,0.000375191,0.000376935,0.000526915,0.000298592,0.000438846,0.000418196,0.000251666,0.000322551,0.000362045,0.00035281,0.000371924,0.000421939,0.000397707,0.000363984,0.00038935,0.000426902,0.000316149,0.000355514,0.00019922,0.000283765,0.000448065,0.000339438,0.000370892,0.000430895,0.000553762,0.000343695,0.00032359,0.000371915,0.000341403,0.000331992,0.000405544,0.000326247,0.00030881,0.000477764,0.000472515,0.000453695,0.000262824,0.000382461,0.000464287,0.000424335,0.000282852,0.000290855,0.000647786,0.000351169,0.000342477,0.000467579,0.000264253,0.000469728,0.000379855,0.000343833,0.000237356,0.000366181,0.000437259,0.000439649,0.000366093,0.000403371,0.000433752,0.000359264,0.00041481,0.000394024,0.000306794,0.000466971,0.000263065,0.000374852,0.000447754,0.000391767,0.000354755,0.000357777,0.000304481,0.000435307,0.000374546,0.000307865,0.000395336,0.000360603,0.00026668,0.000448027,0.000276238,0.00051201,0.000255019,0.000337196,0.000526805,0.000250637,0.000342955,0.00038764,0.000554709,0.000367773,0.000436273,0.000354076,0.000328564,0.000394488,0.000393701,0.00041154,0.000356247,0.000277392,0.000400286,0.00040936,0.000295186
"PANTOSYN-PWY: superpathway of coenzyme A biosynthesis I (bacteria)",0.000427908,0.000354961,0.000435252,0.000492762,0.000514993,0.000402221,0.000396193,0.000530557,0.000321527,0.000432285,0.000358066,0.000347672,0.000332563,0.000475141,0.000548959,0.000398974,0.000508453,0.000427378,0.000424997,0.000240358,0.000322772,0.000522896,0.000353112,0.000388412,0.000377685,0.000445366,0.000446745,0.000256114,0.000460732,0.000242528,0.000497622,0.000526109,0.000555119,0.000499294,0.000618361,0.000418135,0.000331634,0.000573196,0.000364292,0.000334571,0.000316891,0.000366853,0.000374379,0.000295848,0.000423263,0.000465025,0.000350288,0.000431647,0.000411118,0.000353581,0.00040336,0.000269025,0.000330939,0.000310877,0.000413953,0.000243672,0.000603546,0.000369489,0.000715643,0.000401781,0.0003978,0.000560795,0.000328224,0.0004621,0.000431277,0.000249747,0.000370938,0.000425491,0.00037286,0.000380678,0.00046346,0.000453603,0.000340065,0.000415845,0.000461806,0.000308507,0.000382732,0.000224108,0.000279719,0.000507385,0.000412394,0.000398517,0.000449303,0.000584137,0.000384055,0.000375191,0.00043323,0.000390218,0.000391648,0.000459185,0.000289359,0.000379352,0.000481024,0.00049091,0.000486084,0.000288557,0.000424363,0.000509514,0.000462681,0.000323342,0.000348681,0.000622095,0.000412351,0.000386471,0.000492877,0.000301529,0.000498211,0.000347549,0.000378123,0.000263623,0.000451186,0.000459218,0.000480581,0.000412412,0.00045047,0.000481275,0.000384993,0.000444433,0.00043986,0.000302065,0.00048622,0.000310046,0.00039697,0.00049186,0.000422166,0.000378017,0.000336705,0.000264482,0.000467849,0.000412932,0.000342001,0.000433359,0.000334214,0.000201997,0.000469654,0.000307698,0.000513245,0.000274398,0.000300545,0.000551015,0.000264592,0.000406631,0.000426931,0.000538088,0.000395996,0.000439149,0.000365085,0.000371176,0.000417253,0.0004078,0.000418532,0.000395187,0.000332945,0.000451457,0.00044431,0.00033488
"PENTOSE-P-PWY: pentose phosphate pathway",0.000143168,0.000138156,0.000133812,8.34647e-05,0.000127762,0.000238723,0.000209939,0.000290659,0.000367561,3.00065e-05,7.51473e-05,0.000212627,5.63186e-05,9.23221e-05,4.64135e-05,0.000160806,0.000149499,0.000135905,0.000108354,0.000195834,4.53508e-05,4.90226e-05,0.00011242,7.36069e-05,9.07947e-05,0.000210413,0.000215709,0.000403797,0.000185492,0.000440591,0.00013864,0.000138794,4.95371e-05,0.000121611,1.83254e-05,0.000162915,0.000260641,0.000142793,0.000431269,7.23743e-05,0.000155148,0.000132401,7.40712e-05,0.000279762,0.000227551,0.000245095,5.97811e-05,0.000128428,6.93477e-05,0.000400615,0.000198797,0.000195901,0.000326366,5.49473e-05,0.000134226,0.000483143,4.93753e-05,0.000391598,6.58859e-05,0.000169726,0.000133357,2.28759e-05,0.00026674,7.18191e-05,8.95478e-05,0.000181092,0.000221147,0.000201965,0.000195974,0.000164826,0.00020786,0.000135363,0.000281398,0.00019848,0.000144812,0.000382152,0.000248167,7.99677e-05,0.000189288,0.000309285,0.000289987,0.000161562,5.7652e-05,1.05581e-05,0.000104708,0.000188685,0.000293958,0.000307894,0.000133841,0.000574291,0.000360595,0.000285036,6.81805e-05,0.000214776,0.00026282,0.000101287,8.45048e-05,3.41834e-05,5.36766e-05,0.000139147,0.000299609,6.58011e-05,6.92364e-05,0.000140667,6.32464e-05,0.000113604,0.000178851,0.000257407,0.000213832,7.95134e-05,0.000450796,0.000200796,0.000160701,0.000138662,0.000180391,0.000119321,0.000158675,9.61692e-05,0.000175303,0.000169815,0.000160289,0.000123173,0.000138065,0.000143086,0.000224053,7.15769e-05,0.000379289,0.000410059,0.000141535,0.000131512,0.000142162,6.70231e-05,5.29463e-05,0.000443567,0.000169829,0.000281356,0.0001376,0.000184568,5.53868e-05,0.000151734,0.000286882,0.000139703,0.000228401,0.000177904,0.000178467,0.000265267,0.000125503,0.00013598,0.000162375,0.000186329,0.00013958,0.000143878,9.90629e-05,0.000122266,9.53043e-05,0.000169377
"PEPTIDOGLYCANSYN-PWY: peptidoglycan biosynthesis I (meso-diaminopimelate containing)",0.000648794,0.000612345,0.000733067,0.000771702,0.000804601,0.000700938,0.000766191,0.000754742,0.000515117,0.000700234,0.000632564,0.000613471,0.000608591,0.00070675,0.000818372,0.00085791,0.000778034,0.000689859,0.000827119,0.000489063,0.000707487,0.000753449,0.000600333,0.000689658,0.000746176,0.000778555,0.000691748,0.000608473,0.000692614,0.000380269,0.000758937,0.000707994,0.00075722,0.000750836,0.000856802,0.000654741,0.000402265,0.000756498,0.000492536,0.000807635,0.000576356,0.000785851,0.000765561,0.00044757,0.000578785,0.000797533,0.000636913,0.000768744,0.000639606,0.000712531,0.000804768,0.000668876,0.000448837,0.000723846,0.000649544,0.000410971,0.000787624,0.000609923,0.000867609,0.000648699,0.00068717,0.000849169,0.000540185,0.000697775,0.000690208,0.000397214,0.000613978,0.000746422,0.000700814,0.00072339,0.000606418,0.000683903,0.000457485,0.000538724,0.000637078,0.000492006,0.000592132,0.00063332,0.000397193,0.000783612,0.000750638,0.000618631,0.0007042,0.000878783,0.000701642,0.000550091,0.000804964,0.000693909,0.000718109,0.000852253,0.000443552,0.00071904,0.000749386,0.000745555,0.000749737,0.00047579,0.000620738,0.000778964,0.000745133,0.000554566,0.000752342,0.000771162,0.000643524,0.000750713,0.000659746,0.000671496,0.000712993,0.000596726,0.000735704,0.000490514,0.000869263,0.000703484,0.000739098,0.000596097,0.000667863,0.000749702,0.000581523,0.000719165,0.000735934,0.000611112,0.000695739,0.000604173,0.000590848,0.000700022,0.000559585,0.00067129,0.000418197,0.000464613,0.000673371,0.000674816,0.00059031,0.000623708,0.000602077,0.000259162,0.000620167,0.000471576,0.000633809,0.000495827,0.000584296,0.000667493,0.000466798,0.000699148,0.000633338,0.000624277,0.000570292,0.000566703,0.000552731,0.000624626,0.000535544,0.000544338,0.000572471,0.000631284,0.000626572,0.00068434,0.000697187,0.000557378
"PHOSLIPSYN-PWY: superpathway of phospholipid biosynthesis I (bacteria)",0.000209392,0.000223245,7.1666e-05,4.15859e-05,0.000139309,0.000168713,0.000126886,0.000132303,0.00041609,9.14941e-05,9.12972e-05,0.00031726,4.80585e-05,0.00015632,0.000192742,0.000114811,4.24413e-05,0.000129862,7.72355e-05,0.000131811,2.64436e-05,0.00014463,0.000128391,9.27928e-05,7.96378e-05,0.000124209,0.000333919,0.000236029,0.000161777,0.000394281,0.000223122,0.000253589,6.16154e-05,0.000173298,6.0982e-05,0.000136651,0.000268177,8.36618e-05,0.000247126,7.40387e-05,0.000248722,3.01304e-05,5.52902e-05,0.000385405,0.000161667,0.000104742,5.77342e-05,0.000162681,7.40457e-05,9.17649e-05,5.77816e-05,0.000139876,0.000405947,1.45475e-05,0.000283846,0.000487105,0.00014389,0.000418674,0.000514517,0.000230527,0.000101433,0.000288145,0.000233706,0.000165226,0.000146221,0.000272109,0.000213407,4.87439e-05,0.000102506,3.6741e-05,0.000182408,0.000106178,0.000332871,0.000248789,0.000135018,0.000362117,0.000236674,3.39385e-05,0.000263719,0.000177646,8.58609e-05,0.000104472,0.000284456,0.000175702,5.02612e-05,0.000224668,9.55161e-05,6.88891e-05,8.39043e-05,0.000119592,0.000466131,0.000123958,5.09732e-05,0.000221065,0.000240624,0.000179814,0.000117272,0.000123861,0.00018614,0.000204961,0.000119347,4.08697e-05,0.000186017,0.000135928,9.76996e-05,3.2733e-05,0.00010716,0.000392428,0.000287072,6.58052e-05,0.000142511,0.000332486,9.7349e-05,9.61254e-05,0.000194724,5.45894e-05,0.000365261,4.55715e-05,4.40434e-05,0.000220445,0.00013723,0.000137936,9.09089e-05,9.53737e-05,0.000249813,0.000119521,0.000352261,0.000379105,0.000107103,0.000137858,0.000119576,0.000186159,0.000309456,0.000396904,0.000144301,0.000336801,7.27798e-05,0.000148259,0.000307888,0.000225775,0.00025441,9.58136e-05,0.0001724,0.000152926,0.000165537,0.000223415,0.000252572,0.000148434,0.000179041,9.42569e-05,0.000119692,9.28213e-05,0.000107506,0.00015432,0.000134704,0.000126067
"PHOTOALL-PWY: oxygenic photosynthesis",0,0,0,0,0,0,0,0,0,0,0,0,0,0,0,0,0,0,0,0,0,0,0,0,0,0,0,0,0,0,1.69021e-07,0,0,0,2.58081e-07,0,0,1.80444e-07,0,0,0,0,0,0,0,0,3.96734e-07,2.08962e-07,1.10335e-06,0,0,6.83616e-07,0,0,0,0,0,0,0,0,1.92751e-07,0,0,0,1.80012e-07,0,0,0,0,0,0,0,0,0,0,0,0,2.66702e-07,0,0,0,0,0,0,0,0,0,0,0,0,0,0,1.50349e-07,0,1.46433e-07,0,0,0,0,0,0,0,0,0,0,0,3.11807e-07,0,1.28298e-07,0,0,0,0,0,0,0,0,0,0,0,0,0,0,0,0,0,0,2.14061e-07,0,0,0,0,0,0,0,0,0,0,0,0,0,0,0,0,0,0,0,0,0,0,0,1.76665e-07,0,0,0,0
"POLYAMINSYN3-PWY: superpathway of polyamine biosynthesis II",1.10585e-05,2.82822e-05,3.22368e-06,1.78224e-06,9.86997e-06,2.35006e-05,1.92565e-05,0,1.28912e-05,2.03214e-05,1.84356e-05,1.21014e-05,1.45452e-05,0,1.925e-06,3.67505e-06,0,7.16251e-06,1.87519e-05,3.22054e-05,2.47903e-05,1.18329e-05,1.33566e-05,2.04645e-05,5.99715e-06,2.29734e-06,0,1.24252e-05,7.97104e-06,1.96365e-06,6.2945e-06,8.50215e-06,0,3.7495e-06,0,4.21652e-05,1.75575e-05,1.27975e-05,1.56789e-05,1.65756e-05,3.1695e-05,1.3046e-05,3.59614e-05,7.87501e-06,0,0,1.28934e-05,8.60372e-06,4.97747e-06,1.05618e-06,1.67285e-05,2.28489e-05,3.69875e-06,5.29969e-06,1.97032e-05,1.71209e-06,0,3.92545e-06,9.31262e-06,2.4248e-05,2.18685e-05,0,4.42844e-05,3.38961e-06,2.27003e-05,2.82503e-05,0,0,1.25984e-05,1.59985e-06,2.15278e-05,1.38369e-06,3.02962e-05,1.35371e-05,0,1.30549e-05,8.12726e-06,1.77778e-05,4.8606e-05,4.21342e-06,1.11032e-05,3.10936e-05,0,0,0,2.79206e-05,8.44447e-06,9.6395e-06,0,8.15598e-06,2.06129e-05,1.5781e-06,1.76214e-05,9.04762e-06,1.02784e-05,2.07271e-05,4.43124e-06,4.71591e-06,0,3.53443e-05,1.07327e-05,0,0,4.01286e-06,4.20561e-05,3.0536e-05,2.65149e-06,1.49288e-05,7.34647e-06,8.3365e-06,6.99617e-06,3.39354e-05,1.39085e-06,3.46924e-05,5.18595e-06,0,3.4088e-05,1.09155e-05,3.13151e-06,9.87988e-06,0,3.08612e-05,2.40948e-05,8.29958e-06,3.5608e-05,2.29474e-05,0,1.02786e-05,6.39538e-06,3.39078e-05,3.88017e-05,1.02439e-05,6.79211e-06,2.90047e-07,5.08552e-05,2.17551e-05,2.4159e-05,5.54448e-05,1.57021e-05,8.8238e-06,0,0,5.42169e-05,0,3.63708e-05,1.1263e-05,3.5746e-05,1.48744e-05,4.89918e-06,2.16929e-05,0,8.51997e-06,3.09993e-05,1.2047e-05,0,1.95296e-05
"POLYAMSYN-PWY: superpathway of polyamine biosynthesis I",2.14118e-05,4.13414e-05,4.27064e-05,3.06017e-05,2.2768e-05,2.46995e-05,2.5887e-05,2.65641e-05,0.000208361,3.67819e-05,3.75258e-05,0.000168012,2.11625e-05,4.69584e-06,1.17766e-05,3.69646e-05,1.46226e-05,2.32521e-05,1.96648e-05,4.91385e-05,4.61929e-05,3.95326e-05,5.8604e-05,1.95884e-05,3.6538e-05,2.55866e-05,0.000128387,6.50644e-05,2.53928e-05,0.00033953,1.78575e-05,1.12525e-05,6.60863e-06,1.51361e-05,1.37416e-05,5.34742e-05,0.000155583,2.89607e-05,0.000204693,3.82154e-05,0.000124858,1.87763e-05,5.16501e-05,0.00023176,5.53426e-05,1.60508e-05,4.46914e-05,2.17091e-05,3.04675e-05,2.44145e-05,1.63913e-05,4.63343e-05,0.000195694,2.67651e-05,0.000123295,0.000282671,3.45504e-05,0.000115626,3.29946e-05,8.25411e-05,3.17005e-05,1.88721e-05,7.58733e-05,1.43654e-05,5.31134e-05,0.000160346,1.6052e-05,7.87749e-06,2.98587e-05,2.38911e-05,4.50938e-05,1.347e-05,0.000166063,3.46894e-05,2.49547e-05,0.00021927,7.08281e-05,3.04297e-05,0.000112852,8.63538e-06,3.06002e-05,4.44132e-05,1.4109e-05,1.31672e-05,2.78248e-05,6.12425e-05,8.08574e-06,2.04069e-05,1.86628e-05,1.34004e-05,0.000240526,3.23081e-05,2.19256e-05,4.8065e-05,1.27768e-05,6.80488e-05,4.1441e-05,7.89151e-06,1.62335e-05,8.59745e-05,2.13404e-05,1.41469e-06,4.05264e-05,2.31071e-05,6.66694e-05,3.53465e-05,3.02726e-05,0.000162684,9.40039e-05,1.84006e-05,1.8037e-05,3.3428e-05,1.91153e-05,3.49621e-05,2.10368e-05,2.34572e-05,8.84751e-05,2.11936e-05,2.711e-05,9.2072e-05,0.000102042,3.1671e-05,6.12494e-05,3.3525e-05,7.7988e-05,6.54989e-05,0.000203721,0.000296461,2.24791e-05,6.00681e-05,6.77352e-05,4.04613e-05,1.49358e-05,0.000322739,5.94955e-05,0.000113561,3.40725e-05,9.60989e-05,4.58747e-05,2.0859e-05,0.000142297,3.44997e-05,6.26001e-05,3.93147e-06,3.87197e-05,2.6662e-05,0.000123182,2.74092e-05,2.97132e-05,5.71321e-05,3.73347e-05,2.94874e-05,3.11828e-05,3.30187e-05,3.8963e-05,3.62341e-05
"POLYISOPRENSYN-PWY: polyisoprenoid biosynthesis (E. coli)",6.42261e-05,1.33219e-05,1.52467e-05,3.42575e-05,2.12369e-05,1.73935e-05,1.70062e-05,2.97482e-05,0.000178203,1.44237e-05,2.89986e-05,9.88525e-05,1.55773e-05,2.1292e-05,2.88518e-05,3.20979e-05,0,7.31814e-06,9.55252e-06,8.47556e-05,1.94535e-05,5.49031e-05,3.80965e-05,3.58893e-05,4.73811e-05,4.33428e-05,0.000108786,0.000109508,3.8242e-05,0.00029266,3.19149e-05,6.15543e-05,1.75698e-05,6.27103e-06,0,8.46647e-05,0.000157756,2.39856e-05,0.000159712,2.50614e-05,0.000110625,3.22628e-06,2.91206e-05,0.00020818,7.8951e-05,8.13775e-06,2.69631e-05,4.77177e-05,1.71388e-05,5.87582e-05,3.98505e-05,0.000102059,0.000220458,1.45807e-05,8.23982e-05,0.000320059,5.70109e-05,0.000193797,6.27823e-05,8.82583e-05,3.36265e-05,7.44983e-06,9.32074e-05,2.60992e-05,4.12218e-05,0.000127468,1.54833e-05,5.51934e-06,2.81745e-05,4.20186e-05,8.9374e-05,9.42977e-05,0.000161957,0.000100028,8.68065e-05,0.000171588,0.000134503,2.48478e-05,0.00011109,0,4.51158e-06,0.000109553,0,0,6.79852e-06,8.05409e-05,9.68679e-06,1.67442e-05,3.74263e-05,1.65089e-05,0.000268323,4.45021e-05,2.11497e-05,4.26278e-05,4.99162e-05,7.09569e-05,4.05741e-05,1.21058e-05,4.63879e-06,8.47803e-05,2.36538e-05,0,1.76992e-05,3.20912e-05,2.94511e-05,1.69746e-05,2.16029e-05,0.000165868,8.54988e-05,3.65158e-05,1.7354e-05,0.000105412,1.68964e-05,3.71243e-05,5.32488e-06,6.02671e-06,0.000118751,0,9.27131e-06,8.83128e-05,7.64001e-05,2.37337e-05,6.98803e-05,6.95011e-05,0.000139899,4.50162e-05,0.000183824,0.000230743,7.16405e-05,3.42481e-05,3.12226e-05,5.05832e-05,2.95935e-05,0.000339695,0.000101945,0.000175458,3.51e-05,6.64369e-05,3.11627e-05,8.73756e-05,8.56815e-05,6.33775e-05,6.16383e-05,0.000111766,0.000132879,0.000197234,7.13847e-05,5.85196e-05,5.54011e-05,2.76061e-05,7.01375e-05,4.59166e-05,5.93464e-05,6.05437e-05,3.48044e-05,3.31263e-05
"PPGPPMET-PWY: ppGpp metabolism",0.000111389,8.2904e-05,8.15691e-05,2.10301e-05,6.62667e-05,4.56701e-05,0.000127932,9.25614e-05,5.47676e-05,0.00011729,7.83503e-05,4.26427e-05,1.51714e-05,9.8897e-05,8.74353e-05,3.80854e-05,0.000131677,0.000141749,5.53182e-05,1.18724e-05,6.85547e-05,9.17306e-05,2.84941e-05,3.95283e-05,3.62472e-05,5.73687e-05,0.000124159,7.06085e-05,7.6718e-05,5.41953e-05,0.000118982,0.000107322,0.000132292,8.45708e-05,5.76402e-05,4.08724e-05,6.10881e-05,0.000106968,7.4432e-05,1.55993e-05,4.99086e-05,0.0001009,6.97337e-05,6.94398e-05,0.00010191,0.00012646,3.95294e-05,8.25836e-05,6.10221e-05,6.14643e-05,8.04281e-05,6.50167e-05,0.000109292,3.4078e-05,4.6785e-05,5.38615e-05,5.43233e-05,0.000116358,0.000158604,8.25573e-05,5.99524e-05,7.86969e-05,5.55651e-05,6.13587e-05,3.80285e-05,3.63697e-05,0.00011111,9.50832e-05,2.57754e-05,7.61672e-05,0.000112269,2.93121e-05,4.99023e-05,4.55437e-05,4.50237e-05,5.32253e-05,2.85616e-05,3.41563e-05,6.99401e-05,0.00015014,0.000110266,1.96484e-05,7.3672e-05,5.98588e-05,2.85492e-05,4.70235e-05,0.00013974,9.20803e-05,6.04107e-05,0.000132783,4.83689e-05,0.000103233,4.80449e-05,3.54997e-05,0.00020472,2.78378e-05,3.68604e-05,5.44782e-05,9.41652e-05,3.1035e-05,6.97123e-05,7.21178e-05,4.12061e-05,6.89793e-05,9.89043e-05,6.04746e-05,6.9497e-05,8.07583e-05,7.98094e-05,3.54961e-05,0.00012763,6.23149e-05,0.000104887,2.71879e-05,3.19635e-05,5.48321e-05,0.000147794,9.1826e-05,6.19637e-05,2.54614e-05,3.37422e-05,1.76025e-05,2.38303e-05,4.33323e-05,7.26476e-05,1.79147e-05,4.91568e-05,3.10621e-05,1.49641e-05,5.65946e-05,2.22072e-05,7.32111e-05,1.35665e-05,7.0241e-05,5.59498e-05,0.00019002,5.55213e-05,4.1468e-05,9.8638e-06,0,1.48687e-05,3.43789e-05,7.80913e-05,4.22269e-06,5.71094e-05,2.66134e-05,6.03987e-05,2.81881e-05,7.00348e-06,5.34571e-05,6.74647e-06,3.63281e-05,2.43968e-05,5.45056e-05,2.60427e-05,3.50938e-05
"PROPFERM-PWY: superpathway of L-alanine fermentation (Stickland reaction)",0,0,1.03023e-05,4.46984e-06,0,0,0,0,0,0,9.44505e-06,1.03357e-05,1.65664e-05,0,0,7.1262e-06,0,0,0,1.73462e-05,1.1288e-05,0,2.17882e-06,0,1.30038e-05,0,0,0,0,0,0,6.81533e-06,0,0,0,0,1.92193e-05,3.26378e-06,6.0506e-06,4.35025e-06,0,0,0,0,0,0,0,8.63375e-06,0,0,0,0,0,0,0,0,0,0,0,0,1.48625e-05,0,0,0,6.2022e-06,0,0,0,1.24446e-06,2.42606e-05,9.60686e-06,2.61477e-05,0,0,2.25468e-06,0,0,7.25673e-06,7.5937e-07,0,0,1.29454e-05,0,0,0,0,0,0,0,0,0,2.51467e-06,0,0,0,0,1.47834e-06,0,0,0,0,0,0,3.45673e-06,1.35035e-05,6.10505e-06,0,5.84051e-06,0,2.0565e-06,0,0,0,1.828e-06,2.11014e-06,4.60567e-06,0,0,0,0,0,2.23812e-06,1.51355e-05,1.15887e-05,1.70834e-05,1.74446e-05,0,0,0,2.7688e-06,3.45236e-06,0,2.43566e-06,0,2.75157e-05,0,9.32684e-06,0,0,2.60082e-06,0,1.94983e-06,0,0,9.9471e-06,1.79113e-06,6.88057e-06,0,1.76518e-06,6.0943e-06,8.82023e-06,2.93259e-06,0,5.51003e-06,0,1.82756e-05
"PROTOCATECHUATE-ORTHO-CLEAVAGE-PWY: protocatechuate degradation II (ortho-cleavage pathway)",0,0,0,0,1.12502e-06,0,0,0,0,5.37817e-07,0,0,0,0,1.23101e-06,3.62051e-06,0,0,7.10797e-07,0,0,0,0,0,0,0,2.43396e-05,5.66775e-05,0,9.90772e-06,9.18535e-07,0,0,0,0,0,1.62727e-05,0,8.55945e-05,2.47266e-06,0,0,0,0,0,0,0,3.44891e-06,0,4.39293e-06,0,3.80782e-06,5.54946e-06,0,0,0,0,6.78961e-07,0,0,0,0,0,0,1.19041e-06,2.76389e-06,0,0,2.81468e-07,1.84114e-06,0,0,0,1.78805e-06,8.86968e-07,0,6.29758e-07,0,0,1.79569e-06,0,0,0,0,0,0,0,0,0,0,0,1.66866e-06,0,0,6.62491e-07,2.87488e-06,0,0,1.22907e-06,0,9.55535e-07,0,2.75288e-06,1.45523e-06,0,0,0,0,1.43345e-06,0,0,0,0,1.89993e-06,4.27265e-06,0,4.4583e-05,2.54516e-06,0,0,0,0,0,0,8.42289e-06,1.8559e-06,0,0,0,1.44362e-06,0,9.8904e-06,1.86402e-06,1.90961e-05,4.33712e-07,6.05018e-05,0,0,0,0,8.87751e-06,0,8.17286e-07,0,1.69922e-06,3.18951e-06,0,1.43642e-06,0,0,7.34402e-07,0,0,0,0,0
"PRPP-PWY: superpathway of histidine, purine, and pyrimidine biosynthesis",1.37684e-05,0,0,0,0,0,1.47864e-05,0,0.000162198,0,0,0.000112537,0,0,0,0,0,0,0,3.93092e-05,0,0,0,1.42759e-05,0,0,8.13402e-05,0.000144373,0,0.000161829,0,0,0,0,0,1.88679e-05,0.000101572,0,0.000129864,0,7.43474e-05,0,0,0.000133307,4.14407e-05,0,0,0,1.95676e-05,0,0,3.28248e-05,0.000158702,0,5.95426e-05,0.000228801,1.81195e-05,0.000114521,4.06211e-05,5.75094e-05,1.36795e-05,0,8.27599e-05,0,2.74951e-05,8.99792e-05,1.17676e-05,0,1.10324e-05,0,0,0,0.000104769,0,0,0.00018263,2.94512e-05,0,6.65831e-05,0,0,0,0,0,0,2.45549e-05,0,0,0,0,0.000173675,0,0,2.66473e-05,0,6.28171e-05,4.25385e-06,0,0,6.71395e-05,1.74702e-05,0,4.6262e-05,0,0,0,0,0.00013443,7.34043e-05,0,0,0.000115481,0,3.75941e-05,0,0,0.000160694,0,0,6.9503e-05,0,9.3898e-06,0,0,7.6618e-05,8.9765e-06,0.000148502,0.000176335,0,1.57621e-05,0,4.72186e-05,0,0.000183581,0,0.000243989,1.04739e-05,6.13851e-05,0,0,8.43757e-05,0,2.1453e-05,0,3.17292e-05,0,4.41582e-05,0,0,0,0,0,1.44187e-05,0,0,0
"PWY-101: photosynthesis light reactions",0,5.94979e-07,3.17466e-07,0,0,0,0,2.45925e-07,0,8.01768e-07,4.38468e-07,7.00124e-07,0,4.76643e-07,0,0,0,3.1164e-07,0,0,0,0,0,0,1.96776e-07,0,0,0,0,2.04523e-08,1.70738e-06,0,0,0,3.08708e-07,7.51644e-07,0,8.95101e-07,0,0,0,0,0,0,2.36736e-07,0,2.15476e-06,1.0289e-06,1.32899e-05,0,0,4.55919e-07,0,0,0,0,4.58624e-07,0,0,0,3.28127e-07,0,0,1.546e-06,1.12693e-06,0,1.95027e-07,0,0,0,0,0,0,0,0,0,0,8.36913e-07,0,0,0,0,0,0,8.3725e-07,7.52476e-08,3.37393e-07,0,0,0,0,0,1.49963e-07,0,9.94049e-07,0,0,0,0,7.14674e-07,0,0,0,0,7.06503e-07,0,1.26555e-06,0,7.04436e-07,0,0,0,2.9719e-07,3.90315e-07,0,0,0,0,0,0,0,0,0,0,0,0,0,8.76866e-07,0,0,0,0,0,0,0,1.65476e-07,0,0,0,0,9.9214e-07,0,0,0,0,0,0,0,1.33707e-06,0,0,4.84593e-07,8.43511e-07,1.48486e-06,9.96696e-07,0
"PWY-1042: glycolysis IV",0.000881477,0.000730743,0.000895563,0.000670913,0.000983681,0.000824546,0.000899088,0.000938242,0.000615235,0.000963148,0.000712594,0.000659489,0.000497712,0.000904966,0.00108781,0.000926652,0.000953798,0.00086557,0.000886046,0.000524059,0.000794803,0.000959168,0.000530176,0.000704244,0.00074593,0.000880634,0.000950414,0.000530147,0.000841797,0.000543271,0.00104751,0.000940681,0.00103397,0.000969482,0.00134767,0.000731046,0.000542726,0.00111057,0.000619123,0.000611205,0.000613838,0.000866749,0.000864392,0.000531619,0.000897491,0.000974543,0.000704867,0.00105622,0.000773849,0.000779678,0.000843719,0.000741375,0.000564704,0.000772073,0.00065875,0.000491315,0.00106996,0.000682513,0.00139666,0.000761123,0.000744454,0.0010529,0.000613425,0.000947331,0.000640065,0.000500216,0.000879491,0.000900994,0.000745068,0.000668749,0.000645616,0.00078637,0.000541008,0.000695139,0.000640478,0.000518906,0.000649832,0.000520871,0.0004661,0.000960752,0.000824649,0.000662915,0.000870728,0.00119286,0.000661421,0.000631328,0.001,0.000718131,0.000736263,0.000778864,0.00056543,0.000809774,0.00098993,0.000962837,0.000984811,0.000540877,0.000794428,0.000986258,0.00100616,0.000570693,0.000795716,0.00140426,0.000778148,0.000838728,0.000783902,0.000740432,0.000976287,0.000699428,0.000823928,0.000503008,0.00090334,0.000912838,0.000993097,0.000674391,0.000659083,0.00099546,0.000760547,0.000885014,0.00091352,0.000521026,0.000805766,0.000630732,0.00072942,0.000865697,0.00071792,0.000649551,0.00061227,0.000509998,0.000706318,0.000709064,0.00063909,0.000824551,0.000758969,0.00052034,0.000750408,0.000618057,0.000861971,0.000494446,0.000721796,0.000512577,0.000625667,0.000807982,0.000786,0.000878004,0.000729627,0.000763681,0.000715486,0.000535105,0.000539091,0.0007467,0.000665225,0.000561599,0.000573216,0.000806905,0.000675237,0.000567087
"PWY-1269: CMP-3-deoxy-D-manno-octulosonate biosynthesis",6.10459e-05,3.30794e-05,6.6111e-05,0.000130572,1.05972e-05,1.01289e-05,8.07258e-06,5.04159e-06,0.000173116,2.54846e-05,2.38763e-05,0.000121944,2.49029e-05,1.51301e-05,4.42138e-05,6.50609e-05,7.32304e-06,1.30666e-05,5.07094e-05,8.53857e-05,1.92914e-05,4.59369e-05,7.02509e-05,3.88263e-05,7.06626e-05,3.68952e-05,4.1915e-05,9.22328e-05,7.75831e-05,0.000239713,4.15747e-05,1.87794e-05,1.92343e-06,1.72038e-05,2.76766e-05,5.83155e-05,0.000157649,8.15743e-06,0.000210838,6.55437e-05,8.20185e-05,6.76801e-05,0.000109842,0.00015048,4.61285e-05,3.04752e-05,4.17408e-05,7.35681e-06,2.03956e-05,3.49012e-06,6.11866e-06,1.22023e-05,0.000125966,3.37201e-05,5.97905e-05,0.000346404,1.23634e-05,0.000105855,1.79388e-05,4.78605e-05,4.3873e-05,1.02812e-05,0.00011846,1.07865e-05,6.38948e-05,0.000150009,4.49492e-06,1.0448e-05,0.000104562,3.26412e-05,0.000134602,5.81054e-05,0.000213318,0.000137674,6.24008e-05,0.000176176,0.000112079,2.96783e-05,0.00021058,9.30067e-07,1.39091e-05,3.76858e-05,3.81098e-06,2.91249e-06,2.02052e-05,7.77186e-05,3.31877e-05,3.92113e-05,3.87798e-05,3.41842e-06,0.000218386,3.43179e-05,1.8476e-05,1.31328e-05,5.09413e-06,5.92775e-05,5.69504e-05,1.63098e-05,1.54303e-05,0.000114108,1.86587e-05,9.91679e-05,9.28048e-06,3.16251e-05,3.25604e-05,1.70242e-05,1.6097e-05,0.000104462,5.39158e-05,3.92903e-05,2.59205e-06,0.000102945,5.13716e-05,3.82309e-05,9.07223e-05,1.68463e-05,6.38163e-05,1.63771e-05,8.10894e-05,7.12183e-05,3.2409e-05,9.17269e-05,6.06014e-05,8.02686e-05,0.000106151,0.000125338,0.000209887,0.0002581,5.1581e-05,5.27577e-05,9.37231e-05,2.28985e-05,0.00021654,0.00035633,8.68951e-05,0.000118042,6.86538e-05,0.000107069,0.000248597,0.00013199,0.000103589,3.1964e-05,8.28153e-05,9.48213e-05,9.28868e-05,0.000147004,5.26926e-05,0.000181565,0.00012401,1.4918e-05,5.87209e-05,0.00012822,6.59043e-05,5.54348e-05,8.66521e-05,0.000136127
"PWY-1501: mandelate degradation I",0,0,0,0,0,0,0,0,0,0,0,0,0,0,0,0,0,0,0,0,0,0,0,0,0,0,0,0,0,0,0,0,0,0,0,0,0,0,0,0,0,0,0,0,0,0,0,0,0,0,0,0,0,0,0,0,0,0,0,0,0,0,0,0,0,0,0,0,0,0,0,0,0,0,0,0,0,0,0,0,0,0,0,0,0,0,0,0,0,0,0,0,0,0,0,0,0,0,0,0,0,0,0,0,0,0,0,0,0,0,0,0,0,0,0,0,0,0,0,0,0,0,0,0,0,0,0,0,0,0,0,0,0,0,0,0,0,0,0,0,0,0,0,0,0,0,0,0,0,0,0,0,0,0,0,0
"PWY-1622: formaldehyde assimilation I (serine pathway)",0,0,0,0,0,3.56568e-07,0,0,0,0,0,0,0,0,0,0,0,0,0,0,0,0,0,0,0,0,0,0,0,0,0,0,0,0,0,0,0,0,0,0,0,0,0,0,0,0,0,0,0,0,0,0,0,0,0,0,0,0,2.25445e-06,0,8.8763e-07,0,0,0,0,1.79726e-06,0,0,0,0,0,0,0,0,0,0,0,0,0,0,0,0,0,0,0,0,0,0,0,0,0,0,0,0,0,0,0,0,0,0,0,0,0,0,0,0,0,0,0,0,0,0,0,0,0,0,0,0,0,0,0,0,0,0,0,0,0,0,0,0,0,0,0,0,0,0,0,0,0,0,0,0,0,0,0,0,0,0,0,0,0,0,0,0,0,0
"PWY-181: photorespiration",0,0,0,0,0,4.45008e-05,0,0,0,0,0,0,0,0,0,0,0,0,0,0,0,0,0,0,0,0,0,0,0,0,0,0,0,0,0,0,0,0,0,0,0,0,0,0,0,0,0,0,0,0,0,0,0,0,0,0,0,0,6.11969e-06,0,2.80422e-06,0,0,0,0,2.90502e-06,0,0,0,0,0,0,0,0,0,0,0,0,0,0,0,0,0,0,0,0,0,0,0,0,0,0,0,0,0,0,0,0,0,0,0,0,0,0,0,0,0,0,0,0,0,0,0,0,0,0,0,0,0,0,0,0,0,0,0,0,0,0,0,0,0,0,0,0,0,0,0,0,0,0,0,0,0,0,0,0,0,0,0,0,0,0,0,0,0,0
"PWY-1861: formaldehyde assimilation II (assimilatory RuMP Cycle)",0.000251704,0.000137355,0.000210372,5.97875e-05,0.000136242,0.00024065,0.000155824,1.25013e-05,7.77793e-06,0.000209392,8.90384e-05,6.71257e-05,0.000148819,0.000429423,0.000156313,7.58154e-05,0.000388493,6.74649e-05,7.05892e-05,0.000223485,0.000204009,0.00017619,2.98842e-05,6.97132e-05,7.36174e-05,0.000125349,0.000633879,2.1561e-05,0.000203226,8.43795e-06,0.000121513,0.00029836,0.000582384,0.000301371,0.000609624,6.52836e-05,9.70516e-05,0.000574655,6.43894e-05,4.95258e-05,8.4562e-05,0.000182593,0.000176865,4.35599e-05,0.000606298,6.89635e-05,7.22801e-05,0.000173812,8.58688e-05,0.000149571,0.000155281,0.000119401,0.000209689,0.000286932,3.20665e-05,0.000375962,1.77625e-05,0.000106907,0.000873408,0.000130615,6.4061e-05,1.71302e-05,0.000163808,0.000504992,0.000215879,4.23175e-05,0.000511224,0.000275769,8.81475e-05,8.28653e-05,2.78572e-05,6.60829e-05,4.10414e-05,2.4493e-05,1.81634e-05,3.62442e-05,1.80672e-05,9.94995e-05,1.41424e-05,0.00036623,0.000132385,2.85767e-05,0.000284295,0.000416679,0.000323893,9.63505e-05,2.46362e-05,0.000160005,9.01057e-05,0.000240617,7.64571e-06,0.000123852,0.000111186,0.000208282,5.09986e-05,0.000120487,0.000112835,0.000385218,0.000298096,9.2483e-05,9.18769e-05,0.000735114,0.000394631,0.000114952,0.000138089,0.000146607,0.000201609,6.14285e-05,0.000163078,7.889e-05,0.000244037,0.000291321,0.000333969,0.000123804,3.03161e-05,0.000164069,0.000132813,8.28326e-05,0.000171056,8.07353e-05,0.000122746,0.000136751,4.72464e-05,0.000311673,9.89912e-05,2.26334e-05,0.000230475,8.97566e-05,8.34031e-06,7.39227e-05,6.62057e-05,0.000170053,9.68186e-06,0.000239369,4.69429e-05,9.05554e-05,0.000109697,0.000124368,6.15718e-06,3.60556e-05,4.60967e-05,0.000128375,0.00020972,7.70352e-06,8.4649e-05,6.03949e-05,0.000190661,2.96142e-05,1.48081e-05,7.51263e-05,3.01652e-06,3.6501e-05,1.42598e-05,0.000399846,3.7668e-05,0.000146428
"PWY-2221: Entner-Doudoroff pathway III (semi-phosphorylative)",0,0,0,0,0,0,0,0,0,0,0,0,0,0,0,0,0,0,0,0,0,0,0,0,0,0,0,0,0,8.41464e-07,0,0,0,0,0,0,0,0,0,0,0,0,0,0,0,0,0,0,0,0,0,0,0,0,0,0,0,0,0,0,0,0,0,0,0,0,0,0,0,0,0,0,0,0,0,0,0,0,6.18231e-07,0,0,0,0,0,0,0,0,0,0,0,0,0,0,0,0,0,0,0,0,0,0,0,0,0,0,0,0,0,0,0,0,0,0,0,0,0,1.06766e-05,0,0,0,0,0,0,0,1.89763e-06,0,0,0,0,0,0,0,0,0,0,0,0,0,0,0,0,0,0,0,0,1.29689e-06,0,0,0,0,0,0,0,0,0,0
"PWY-241: C4 photosynthetic carbon assimilation cycle, NADP-ME type",0.000121645,0.000112375,0.000109373,3.02342e-05,0.000125921,0.000213312,0.000205588,0.000199814,0.000221868,3.09408e-06,1.92374e-05,0.000197593,4.57457e-05,0.000117015,0.000101358,0.000113391,0.000123153,0.000154092,8.32038e-05,4.33739e-05,2.61212e-05,2.15395e-05,5.8769e-06,4.23386e-05,5.3206e-05,0.000184898,0.000159707,0.000212707,8.14228e-05,0.000120268,0.000180104,0.000117266,0.000156474,0.000116776,3.54382e-06,0.000133686,0.000148532,0.000107477,0.0002374,7.92261e-05,0.000130221,0.000135034,8.6187e-05,0.000214492,6.85669e-05,0.000226716,3.05856e-05,0.000171616,5.21069e-05,0.000264654,0.000156585,0.000120399,0.000247018,5.42661e-05,0.000150211,0.000111016,9.63059e-05,0.000295263,7.80455e-05,0.00017884,6.19429e-05,4.13542e-05,0.000150265,8.3299e-05,4.96455e-05,0.000149747,0.000149017,0.000156219,0.000135827,8.77181e-05,5.07091e-05,5.18636e-05,0.00022915,6.81735e-06,9.14367e-06,0.000265808,8.89757e-05,4.99401e-05,0.000135817,0.000223396,0.000210861,1.56031e-05,5.38199e-05,3.31482e-05,6.83279e-05,0.000122474,0.000235022,0.000163788,0.000138182,0.000286659,0.00024092,0.000251321,5.18971e-05,0.000217218,0.00015081,7.75982e-05,4.02995e-05,6.14544e-05,7.25904e-05,6.66521e-05,0.000230794,2.85153e-05,7.89607e-05,0.00014545,3.53957e-05,9.06554e-05,0.00012361,0.00022853,0.000182769,2.09671e-05,0.00022869,0.00019453,0.000213234,9.7575e-05,1.26376e-05,0.00011058,0.000178985,0.000110644,0.000155203,0.000101057,3.00313e-05,7.25555e-05,5.27056e-05,9.46234e-05,6.46431e-05,2.23049e-05,0.000149196,0.000240789,1.8687e-05,7.78814e-05,0.000104451,9.43981e-05,3.07847e-05,1.52065e-05,6.6654e-05,0.000215353,2.44033e-05,8.50369e-05,5.80981e-06,1.56198e-05,9.12523e-05,0.000123586,0.000136573,4.44723e-05,6.78018e-05,3.20183e-05,7.05297e-05,1.90278e-05,9.72489e-06,7.5277e-05,2.07473e-05,4.2278e-05,6.17979e-05,9.07505e-05,1.97718e-05,9.37468e-05
"PWY-2941: L-lysine biosynthesis II",0.000279455,0.000193591,0.000150718,0.000145708,0.000230624,0.000431982,0.000370682,0.000195156,0.000138328,9.22704e-05,0.000164464,5.02543e-05,5.85528e-05,7.32471e-05,0.000285632,0.000144456,0.00033372,0.000225877,0.000159003,0.000218702,7.44715e-05,0.000160967,7.68227e-05,0.000122279,0.000170826,0.000204489,0.000122386,0.000311004,0.000172529,6.11135e-05,0.000335044,0.000256181,3.94575e-05,0.000145875,4.14742e-05,0.000109811,0.000223823,0.000130323,0.000196332,0.000134228,0.000165299,0.000262785,0.000255563,0.000154032,0.000174774,4.71102e-05,9.13789e-05,0.000240758,0.000141001,0.000307083,0.00025468,0.000369041,5.18854e-05,0.000154665,9.38679e-05,0.000186577,5.68673e-05,0.000102971,0.000234729,0.000133745,0.000193045,6.75367e-05,0.000143701,0.00011826,0.000147015,8.77736e-05,0.000249038,0.00026377,0.00020577,0.00020441,0.000150396,7.67368e-05,8.90125e-05,0.0001537,0.000104668,8.67031e-05,0.000189873,0.000102939,0.000101282,0.00026197,0.000280395,8.95321e-05,4.26824e-05,0.000166546,9.09632e-05,0.000254893,0.000291966,0.000140575,0.000131191,8.97517e-05,7.18902e-05,0.000213184,8.03803e-05,0.000165242,0.000405888,0.000107619,8.15675e-05,0.000180537,0.000122862,0.00011507,0.000173482,0.000107327,0.000100475,0.00017069,0.00024777,7.77949e-05,0.000118384,0.000206063,0.000177301,4.6552e-05,0.000346767,0.00021085,0.000213894,0.000187614,0.000174424,7.55234e-05,0.000147285,0.000272072,0.000187642,0.000229679,7.24723e-05,0.000229655,8.36053e-05,8.18911e-05,0.000172092,8.99197e-05,8.89166e-05,5.13943e-05,0.000108354,0.00018802,0.000184086,0.000169625,7.97403e-05,2.36906e-05,0.000154205,0.000217804,3.24985e-05,0.000245554,4.0724e-05,0.000139435,0.000196513,8.29029e-05,0.000125951,7.62857e-05,0.000115632,0.000222342,8.48985e-05,7.07986e-05,8.86199e-05,0.000223148,0.000103372,0.00011879,0.00014783,0.000122596,0.000130456,0.000128092
"PWY-2942: L-lysine biosynthesis III",0.000512984,0.000442475,0.000549007,0.000552456,0.000581303,0.000623906,0.000615391,0.000681872,0.000458958,0.000512064,0.000439695,0.000431876,0.000492454,0.000536983,0.000595455,0.000519294,0.000651497,0.00060174,0.000553093,0.000343192,0.000463921,0.000502218,0.000457648,0.000389372,0.000441181,0.00057893,0.000645457,0.000650759,0.000554285,0.00034807,0.000571044,0.000590415,0.000784746,0.000534081,0.000667312,0.000539167,0.000346624,0.000528341,0.000476143,0.000441188,0.000431105,0.000541187,0.000512663,0.000389555,0.000605582,0.000628932,0.000422888,0.000586311,0.000476982,0.000709565,0.000600813,0.000501946,0.000386238,0.000554944,0.000420256,0.000407879,0.000689292,0.00055923,0.000740732,0.000501236,0.000499505,0.000545562,0.00046985,0.000586069,0.00061021,0.000322829,0.000588014,0.000594427,0.000553648,0.000492673,0.000428654,0.000479452,0.000394291,0.000473871,0.000422238,0.000456257,0.000466918,0.000281507,0.000304839,0.000693885,0.000668604,0.000481972,0.00049941,0.000742823,0.000678111,0.000407001,0.000666889,0.000663806,0.000472809,0.000899634,0.000376715,0.000647092,0.000528449,0.000667381,0.000618015,0.00034317,0.000406501,0.000613942,0.00063714,0.000363459,0.000602719,0.000597059,0.000598595,0.00056607,0.000512496,0.000474116,0.000571913,0.000461584,0.000547493,0.000291292,0.000808376,0.000581071,0.000579416,0.000487499,0.000463725,0.000464054,0.000495188,0.00056904,0.000625453,0.000459399,0.000533387,0.000448885,0.00045058,0.000591322,0.000471998,0.000486482,0.000419181,0.00038503,0.00044823,0.000454077,0.000474579,0.00040428,0.000452817,0.000324306,0.00048462,0.000424832,0.000613093,0.000446315,0.000405317,0.000616179,0.000444065,0.000463069,0.00050653,0.000575215,0.000407619,0.000477657,0.000433824,0.000455888,0.000424382,0.000471444,0.000359005,0.000499319,0.000409051,0.000544716,0.000394213,0.000452148
"PWY-3001: superpathway of L-isoleucine biosynthesis I",0.000496005,0.000379253,0.000449692,0.000372461,0.000444305,0.000529164,0.000664996,0.000520885,0.000532205,0.000391594,0.000335825,0.00039799,0.000264023,0.000469249,0.000572218,0.000363947,0.000549449,0.000547933,0.000415007,0.00030903,0.000310326,0.000484647,0.000306786,0.000302295,0.000363469,0.000495851,0.000484761,0.000575309,0.000482284,0.000451363,0.000600558,0.000518451,0.000620708,0.000510525,0.000465415,0.000396721,0.000335649,0.000453935,0.000412784,0.000346767,0.000377207,0.0004745,0.000389991,0.000416852,0.000386859,0.000533121,0.000313729,0.000521122,0.000418001,0.000665884,0.000506115,0.000494191,0.000384957,0.00035988,0.000353452,0.000456008,0.000458791,0.000572649,0.000485573,0.000423331,0.00039445,0.000492812,0.000414812,0.000420154,0.000337595,0.000324391,0.000474633,0.000513042,0.000475949,0.000371599,0.000347709,0.000396521,0.000390715,0.000329599,0.000332232,0.000461651,0.000416371,0.000237591,0.000294467,0.000587472,0.000586634,0.00039717,0.000453569,0.000536858,0.000322253,0.000388251,0.000632532,0.000534298,0.000386036,0.000762506,0.000434168,0.000529949,0.000408873,0.000522437,0.00059817,0.000295408,0.000368242,0.000527068,0.00045528,0.000333436,0.000515154,0.000483745,0.000323527,0.000463026,0.000449506,0.000320095,0.000421272,0.000498563,0.000473304,0.000247962,0.000722457,0.000534297,0.000526156,0.000356093,0.000398898,0.000483581,0.000464503,0.000520105,0.000515665,0.000343867,0.00039154,0.00039529,0.000350966,0.000453889,0.000416597,0.000344743,0.000385336,0.000422041,0.000357034,0.000359656,0.00036977,0.000400268,0.000314836,0.000366245,0.000407485,0.000437939,0.000422306,0.000325217,0.000257448,0.00021245,0.000287513,0.000377878,0.000434005,0.000209742,0.00036671,0.000350264,0.0003208,0.000329507,0.000340313,0.000387809,0.000328704,0.000370635,0.0003251,0.000457779,0.000329915,0.000346733
"PWY-3781: aerobic respiration I (cytochrome c)",0,0,0,0,0,1.57036e-06,0,0,0,0,0,0,0,0,0,0,0,0,0,0,0,0,0,0,0,0,0,0,0,4.62057e-07,3.48591e-07,0,0,0,0,0,0,0,0,7.53999e-07,0,0,0,0,0,0,0,0,2.63671e-06,0,0,0,0,0,0,2.58626e-06,0,0,0,0,0,0,0,0,2.47102e-07,0,0,0,0,0,0,0,0,0,0,0,0,0,0,0,0,6.70283e-07,0,0,0,2.86552e-06,0,0,0,0,0,0,0,0,0,0,0,0,0,0,1.59659e-06,0,0,0,3.41463e-06,0,6.63177e-07,0,2.67671e-06,0,4.71725e-07,0,0,0,0,0,1.82571e-06,0,0,0,0,0,1.11901e-06,0,9.21741e-07,0,0,0,0,0,0,4.68886e-06,0,0,0,4.30033e-07,0,0,0,0,0,0,0,0,0,0,0,0,0,0,0,0,0,0,0,0
"PWY-3801: sucrose degradation II (sucrose synthase)",0,0,0,0,0,0,0,0,3.10996e-06,0,0,0,0,0,0,0,0,0,0,0,0,0,0,0,0,0,5.00428e-05,0,0,1.01938e-05,0,0,0,0,0,0,0,0,0.000107383,0,0,0,0,0,0,0,0,0,0,0,0,8.17699e-06,0,0,0,0,0,0,0,9.04922e-06,0,0,4.28717e-06,0,0,9.17211e-06,0,0,0,0,0,0,0,0,0,0,0,0,0,0,0,0,0,0,0,3.29566e-06,0,0,0,0,0,0,0,1.13601e-05,0,7.36504e-06,0,0,0,0,0,0,0,0,0,0,0,0,1.63631e-06,0,0,0,0,0,0,0,0,9.55863e-06,0,0,0,0,0,5.53611e-06,3.67424e-06,0,0,0,0,0,0,0,0,0,0,0,0,0,0,0,0,0,0,0,0,0,0,0,0,0,0,0,0,0,0,0
"PWY-3841: folate transformations II (plants)",0.000554539,0.000533057,0.000624814,0.000644521,0.000624081,0.000531129,0.000498835,0.0006355,0.000376741,0.000584441,0.000594603,0.000507451,0.000647159,0.000603018,0.000667748,0.000644922,0.000622481,0.000587661,0.000689726,0.000506514,0.000578227,0.000594552,0.000558093,0.000636646,0.000596774,0.000637937,0.00053931,0.000544823,0.00059042,0.000271179,0.000674315,0.000598575,0.000596388,0.000604758,0.0007221,0.000607102,0.00033493,0.000568483,0.000410649,0.000738598,0.000484914,0.00067424,0.000615633,0.00030665,0.000421474,0.000678813,0.000523453,0.000667619,0.000526425,0.000646856,0.00062165,0.000549371,0.0003586,0.000610368,0.000501815,0.000299126,0.000396271,0.000424428,0.000695717,0.000497579,0.000580057,0.000750278,0.000515734,0.000542754,0.000575951,0.000323582,0.000487306,0.000638599,0.000594351,0.000639961,0.000587677,0.000603581,0.000431555,0.000554467,0.000554361,0.000392634,0.000572562,0.000583941,0.000353385,0.000628502,0.000610501,0.000572115,0.000571147,0.000682925,0.000629778,0.00048056,0.000599226,0.000609935,0.000574688,0.000675759,0.000334216,0.000586225,0.000680488,0.00048821,0.000627226,0.000406974,0.000541007,0.000653409,0.000617449,0.000493717,0.000627041,0.000634727,0.000481495,0.000615389,0.000573684,0.000637498,0.000585151,0.0004436,0.000560289,0.000433211,0.000729938,0.000625333,0.000629224,0.000498347,0.000634036,0.000674965,0.00047241,0.000558141,0.000596212,0.000560552,0.000677743,0.000611708,0.000594658,0.000595753,0.000544861,0.000626133,0.000416125,0.000319999,0.000586161,0.000548671,0.000552278,0.000544592,0.000523863,0.000226915,0.000560015,0.000409597,0.000586226,0.000540005,0.000480946,0.000742443,0.000416076,0.00063779,0.000558847,0.000615648,0.000513512,0.000548757,0.000473622,0.000553146,0.000583474,0.000475832,0.000511509,0.000554186,0.000508638,0.000591086,0.000564056,0.000464724
"PWY-4041: &gamma;-glutamyl cycle",0.000149848,0.000117023,0.000127985,9.60747e-05,0.000132814,0.000156002,0.000206172,0.000156432,0.000270179,9.33709e-05,5.83044e-05,0.000154458,3.46729e-05,0.000177348,0.000126433,0.000144956,0.000184112,0.000173144,9.42597e-05,6.35194e-05,6.73049e-05,9.65205e-05,4.5246e-05,9.08752e-05,9.17085e-05,0.000156134,0.000176891,0.000411289,0.000104244,0.000339514,0.000159559,0.000169735,7.0432e-05,0.000156667,5.50701e-05,0.00012252,0.000191472,8.33515e-05,0.000270253,8.58903e-05,0.000147822,0.000125237,0.000114629,0.000280472,6.06076e-05,0.000168589,7.76778e-05,0.000168809,0.000107338,0.000269885,0.000161354,0.000196058,0.000272049,9.13595e-05,0.00013235,0.000432995,8.52633e-05,0.000297153,0.000118871,0.00014456,8.71627e-05,0.000153692,0.000168063,0.000152116,8.59207e-05,0.000133737,0.000160126,0.000201577,0.000191942,7.10785e-05,7.90681e-05,9.53142e-05,0.000229958,5.30346e-05,5.63293e-05,0.000298063,9.09488e-05,5.45737e-05,0.000139082,0.000203817,0.000185247,6.10218e-05,0.000168753,9.72751e-05,7.942e-05,0.000138342,0.00021813,0.000240274,9.43399e-05,0.00035886,0.000313205,0.000203328,8.12766e-05,0.000180338,0.000286951,0.000121434,9.75755e-05,0.000190099,0.000133989,0.000121942,0.000150649,0.00014924,8.78521e-05,0.000143873,9.64264e-05,4.74513e-05,0.000137608,0.000265688,0.000160235,5.18867e-05,0.000271855,0.000172094,0.0002291,0.000107086,2.98987e-05,0.000113895,0.000191815,0.000156465,0.00015145,0.000142509,0.000104269,7.31258e-05,4.97838e-05,0.000109998,8.92753e-05,4.10516e-05,0.000217204,0.000304454,3.74464e-05,7.68039e-05,8.25603e-05,0.000136343,2.94191e-05,0.000394146,9.03397e-05,0.00027423,0.00010395,0.00011843,7.45264e-06,1.82535e-05,8.44056e-05,9.80199e-05,0.00013108,4.7185e-05,0.000114605,4.44958e-05,6.91432e-05,9.01575e-05,3.81976e-05,9.12815e-05,7.02085e-05,0.000109028,7.27508e-05,0.000122885,8.1905e-05,0.00010692
"PWY-4361: S-methyl-5-thio-&alpha;-D-ribose 1-phosphate degradation I",0,0,0,0,0,0,0,0,0,0,0,0,0,0,0,0,0,0,0,0,0,0,0,0,0,0,0,0,0,0,0,0,0,0,0,0,1.14561e-05,0,0,0,0,0,0,0,0,0,0,0,0,0,0,0,5.17629e-06,0,0,0,0,0,0,0,0,0,0,0,0,0,0,0,0,0,0,0,0,0,0,0,0,0,0,0,0,0,0,0,0,0,0,0,0,0,0,0,0,0,0,0,0,0,0,0,0,0,0,0,0,0,0,0,0,0,0,0,0,8.35099e-07,0,0,0,0,0,0,0,0,0,0,0,0,0,0,0,0,0,0,0,1.54107e-05,0,0,0,0,0,0,0,0,0,0,0,0,0,0,0,0,0,0,0,0,0,0
"PWY-4702: phytate degradation I",0,0,0,0,0,0,0,0,0,0,0,0,0,0,0,0,0,0,0,0,0,0,0,0,0,0,0,0,0,0,0,0,0,0,0,0,0,0,0,0,0,0,0,0,0,0,0,0,0,0,0,0,0,0,0,0,0,0,0,0,0,0,0,0,0,0,0,0,0,0,0,0,0,0,0,0,0,0,0,0,0,0,0,0,0,0,0,0,0,0,0,0,0,0,0,0,0,0,0,0,0,0,0,0,0,0,0,0,0,0,0,0,0,0,0,0,0,0,0,0,0,0,0,0,0,0,0,0,0,0,0,0,0,0,0,0,0,0,0,0,0,0,0,0,0,0,0,0,0,0,0,0,0,0,0,0
"PWY-4984: urea cycle",5.06827e-05,7.65896e-05,4.202e-05,4.55252e-05,2.18778e-05,2.66693e-05,2.62313e-05,1.55323e-05,1.05777e-05,2.08181e-05,2.52505e-05,9.56026e-06,1.94778e-05,1.76633e-05,2.43208e-05,4.06209e-05,2.04762e-05,2.14827e-05,4.73981e-05,4.28993e-05,2.70978e-05,3.06265e-05,0.000151343,2.58344e-05,4.15343e-05,1.55075e-05,0,8.83731e-05,5.1196e-05,1.09002e-05,4.05224e-05,1.14423e-05,2.29659e-06,8.12288e-06,1.29576e-05,5.09865e-05,0.00013321,3.83276e-05,0.000150707,2.65627e-05,3.12583e-05,1.53022e-05,6.20073e-05,6.35934e-06,3.26697e-05,1.48526e-05,3.33794e-05,1.24207e-05,2.14614e-05,3.59418e-06,2.05173e-05,2.22202e-05,2.81457e-06,3.47467e-05,1.66146e-05,1.45252e-06,0,3.13778e-06,4.76823e-05,2.44008e-05,5.05869e-05,1.85912e-05,6.50328e-05,6.3297e-06,9.85481e-05,5.35433e-05,1.43495e-06,1.0623e-05,2.1823e-05,9.39179e-05,0.000179728,6.64026e-05,0.00014671,0.000180202,0.000150322,2.07967e-05,0.000187974,5.70649e-05,9.69343e-05,1.06719e-05,1.05111e-05,0.000196857,9.93816e-06,8.35126e-06,1.97717e-05,0.000135476,8.4079e-06,4.29265e-05,1.66122e-05,1.11518e-05,1.76105e-05,9.26297e-05,3.50235e-05,7.86345e-06,3.28631e-05,4.04106e-05,3.8953e-05,8.46952e-06,1.32317e-05,9.45421e-05,2.4462e-05,7.50075e-05,0,4.54169e-05,7.91935e-05,4.93132e-05,2.40975e-05,1.25803e-05,5.96174e-06,3.76117e-05,6.66787e-06,3.17676e-05,1.59968e-05,5.0719e-05,0.000158667,1.31861e-05,6.26535e-05,1.55172e-05,4.57503e-05,8.03676e-06,0.000124006,5.56012e-05,7.09283e-05,0.00012885,0.00015359,2.12034e-05,0.000198559,1.01908e-05,0.000202088,9.3621e-05,0.000135594,8.87657e-06,4.78255e-05,2.89249e-06,0.000151022,1.97733e-05,3.88514e-05,0.000182085,4.61718e-05,0.000202461,6.83832e-05,8.44178e-05,0.000129936,0.000106786,0.000158064,0.000283147,3.327e-05,7.76691e-05,0.000237038,9.56667e-05,8.91202e-05,0.000141682,9.96554e-05,1.01317e-05,9.63946e-05,0.00019546
"PWY-5004: superpathway of L-citrulline metabolism",0,0,0,0,0,5.50711e-07,0,0,0,0,0,8.87507e-06,1.80337e-06,0,0,0,0,0,0,9.42001e-06,4.74737e-06,1.07359e-06,0,0,0,0,0,3.87183e-06,6.96165e-06,0,1.27095e-06,0,0,0,0,6.01905e-06,3.21953e-06,0,0,3.196e-06,5.22131e-06,1.07674e-06,0,1.75352e-06,0,0,0,0,0,1.20204e-06,0,2.23927e-06,0,0,1.16362e-05,5.53003e-07,0,0,0,3.52506e-06,5.65163e-06,0,4.17809e-06,0,1.09137e-05,1.27889e-06,1.02937e-06,0,3.0672e-06,3.6961e-06,6.95963e-07,0,1.0784e-06,3.61254e-06,1.36489e-05,2.79231e-06,7.68286e-06,3.3413e-06,3.14101e-06,0,1.50861e-06,1.45425e-05,0,0,2.50235e-06,2.76957e-06,0,0,0,0,0,0,0,2.9511e-06,0,0,0,0,0,1.18414e-05,0,0,0,0,0,4.20275e-06,0,0,1.68973e-06,0,0,3.71997e-06,0,5.62229e-06,0,0,1.93718e-06,0,0,6.17191e-06,0,1.96342e-06,0,1.65157e-06,0,1.48948e-05,0,7.50619e-06,3.74756e-06,1.16809e-06,6.78998e-06,1.58954e-06,0,1.58821e-06,0,2.28365e-06,1.10638e-05,4.79689e-06,7.20225e-07,2.5761e-06,0,2.87621e-06,0,0,5.10863e-06,4.9105e-06,2.44207e-06,1.28961e-05,2.42362e-06,0,0,0,5.53424e-06,0,3.1445e-06,2.03032e-06
"PWY-5005: biotin biosynthesis II",1.67123e-05,4.69736e-06,2.39115e-05,2.07664e-05,1.98106e-05,0,6.2278e-06,0,1.26372e-05,0,2.24903e-06,9.33478e-05,5.08589e-06,0,3.04667e-05,2.54473e-05,1.64795e-06,3.42349e-05,5.38122e-06,8.33288e-06,1.81606e-05,2.88809e-05,3.31807e-06,7.41633e-06,1.48813e-05,2.95381e-05,0,2.52385e-06,6.61691e-05,1.10449e-06,7.97277e-06,5.80917e-06,6.31732e-07,2.331e-05,1.51081e-05,3.25398e-05,6.90028e-05,2.41236e-05,1.39714e-05,3.58944e-05,3.50136e-05,1.04179e-05,2.68877e-05,4.13652e-05,8.45661e-06,4.23106e-05,2.35768e-05,1.39735e-05,2.04136e-05,2.60221e-05,6.71165e-06,4.65061e-06,0,2.75338e-06,7.04805e-06,1.46493e-05,1.66464e-06,3.4993e-06,2.2608e-05,2.65608e-05,1.11276e-05,0,1.83383e-05,2.9979e-05,1.36249e-05,3.72443e-05,0,8.23568e-06,8.29021e-05,3.22088e-05,2.14118e-06,1.92301e-05,3.87387e-06,0,3.18001e-05,3.55003e-06,0.000131145,2.00494e-05,2.95253e-05,2.48185e-05,1.60062e-05,1.13237e-06,1.95688e-05,7.28801e-05,2.75502e-06,2.60944e-05,0,4.53658e-06,0,1.61044e-05,2.35743e-06,1.3605e-05,1.45392e-05,6.85445e-07,6.65701e-06,7.91077e-06,5.24535e-05,3.51084e-06,0,5.0796e-05,1.48019e-05,3.03025e-06,0,7.86921e-06,1.28155e-05,0,2.38931e-05,1.06077e-06,2.22879e-05,8.31283e-06,1.93413e-05,3.09797e-05,1.95329e-05,9.35456e-06,7.54053e-06,1.01626e-05,2.05659e-05,1.66203e-05,2.89049e-05,1.98057e-06,2.47116e-05,7.27049e-06,2.57173e-06,3.92275e-05,2.69794e-05,2.76107e-06,4.59532e-05,1.85689e-06,3.05838e-05,3.94739e-05,5.16013e-05,4.63967e-05,3.67519e-05,1.13275e-06,3.97315e-05,4.18881e-05,0,5.32083e-05,4.7408e-05,0,7.84328e-05,1.89026e-05,5.23679e-05,3.15033e-05,5.93587e-06,1.70723e-05,9.81544e-05,0.000110042,6.94176e-05,4.58647e-06,1.26288e-05,7.71113e-05,1.63256e-06,0.000123859,3.25371e-05,2.78698e-05
"PWY-5022: 4-aminobutanoate degradation V",1.65703e-05,2.57603e-05,1.58396e-05,8.34183e-06,1.33269e-05,1.46281e-05,0,1.40754e-05,0,1.02785e-05,2.87706e-05,9.53856e-06,1.42411e-05,1.03498e-05,0,2.53123e-05,0,5.08547e-06,8.35975e-06,3.26608e-05,1.18097e-05,2.49804e-05,2.95695e-05,1.55048e-05,2.70646e-05,9.4684e-06,1.41223e-05,5.94314e-05,6.77239e-06,7.6086e-06,2.41844e-05,3.68522e-06,1.42673e-06,2.97688e-06,0,4.11639e-05,9.86239e-05,6.32164e-06,0.000166087,1.2242e-05,2.63479e-05,3.80947e-06,7.66613e-06,3.49659e-06,1.88296e-05,3.07885e-06,1.62181e-05,7.46351e-06,6.88628e-06,0,0,0,0,1.37289e-05,1.39111e-05,6.2258e-07,0,0,1.168e-05,1.38497e-05,2.34195e-05,5.46134e-06,3.1321e-05,6.22593e-06,2.22752e-05,3.06916e-05,3.34896e-06,3.92014e-06,2.21885e-05,1.46656e-05,3.80911e-05,5.51912e-06,8.69809e-05,3.51639e-05,2.94831e-05,1.00066e-05,3.75921e-05,8.73402e-06,8.87289e-05,0,2.59028e-06,1.40672e-05,0,0,1.43791e-05,3.34749e-05,0,1.16297e-05,1.83093e-05,2.35462e-06,1.91829e-05,1.12142e-05,1.09414e-05,0,1.05258e-05,2.35527e-05,7.25564e-06,0,6.47163e-06,3.05383e-05,1.1891e-05,3.80346e-06,0,7.65303e-06,5.32769e-06,1.83262e-05,1.93336e-05,2.26923e-06,2.36966e-06,1.40671e-05,0,3.31538e-05,5.39178e-06,2.33492e-05,6.38196e-06,3.3264e-06,0,0,1.14374e-05,8.66188e-06,5.70055e-05,2.66972e-05,3.71759e-05,2.08097e-05,4.02619e-05,2.50549e-05,0.000101127,1.58616e-05,2.36986e-05,1.99061e-05,1.57259e-05,1.24254e-05,8.88479e-06,0,1.50613e-05,0,1.11272e-05,4.88694e-05,3.80753e-06,7.58426e-06,4.20889e-05,3.15435e-05,3.01628e-05,0,7.02395e-06,6.05701e-05,1.93114e-05,2.2015e-05,6.85335e-06,1.34686e-05,2.40116e-05,7.45558e-06,0,2.66783e-06,4.0794e-05,1.51404e-05
"PWY-5028: L-histidine degradation II",0,0,0,0,0,0,0,0,0,0,0,0,0,0,1.05197e-06,0,1.80131e-06,0,0,0,0,0,0,0,0,0,0,0,0,0,8.56263e-07,1.18627e-06,0,0,0,0,2.40563e-05,0,0,0,0,0,0,3.92758e-07,0,0,0,1.33825e-06,0,2.48746e-06,0,2.00849e-06,5.99391e-06,0,0,0,0,0,4.15651e-06,0,3.29211e-06,0,0,0,0,4.27398e-06,0,0,0,0,0,0,0,0,0,0,0,0,0,0,0,0,0,0,0,0,0,0,0,0,0,0,0,0,9.55533e-07,0,0,0,0,0,0,0,0,0,0,0,0,8.31154e-07,3.26431e-06,0,0,0,0,0,0,0,0,0,0,0,0,0,0,0,9.81673e-07,0,0,0,0,0,0,9.14788e-07,0,0,0,7.90632e-05,0,0,0,0,0,0,0,0,0,0,0,0,0,0,0,0,0,0,0,0
"PWY-5030: L-histidine degradation III",7.16504e-05,3.88164e-05,2.33933e-05,5.84435e-05,1.13105e-05,2.40185e-05,3.02543e-06,3.19708e-06,5.25141e-06,7.87177e-06,2.5803e-05,9.14382e-06,2.72488e-05,9.06491e-06,2.33857e-06,3.64729e-05,3.53397e-06,1.0777e-05,1.03949e-05,9.65896e-05,1.13255e-05,2.83749e-05,0.000122645,4.2525e-05,6.57069e-05,9.40708e-06,8.02084e-06,0.000115459,8.63268e-05,8.50564e-06,3.49203e-05,4.54947e-05,5.76787e-07,5.07117e-06,1.60481e-05,5.9821e-05,0.000121274,2.01996e-05,0.000276091,1.15033e-05,2.6854e-05,2.07784e-06,1.67353e-05,2.69261e-06,2.98791e-05,3.89702e-06,1.94257e-05,1.61293e-05,1.24442e-05,2.93889e-05,4.61705e-06,3.99992e-05,1.08623e-06,1.9002e-05,1.21971e-05,3.76955e-06,4.06982e-06,1.79117e-06,2.27004e-05,3.03114e-05,3.47683e-05,1.04275e-05,4.85381e-05,1.20586e-05,5.81811e-05,2.81223e-05,1.05286e-05,3.27588e-06,3.98362e-05,0.000102163,0.00025734,5.95733e-05,0.000117539,0.000191615,0.000154402,1.05073e-05,0.000204566,4.57814e-05,0.000108778,2.23995e-06,1.6004e-06,0.00012571,8.5946e-07,0,1.58187e-05,9.06482e-05,3.51297e-06,3.14514e-05,3.25264e-05,6.51329e-06,1.19421e-05,4.194e-05,6.76135e-06,1.27106e-05,1.82557e-05,2.86796e-05,5.05416e-05,1.21356e-06,5.16082e-06,7.37562e-05,4.82012e-06,3.68939e-05,2.49002e-05,1.70261e-05,2.56975e-05,2.62404e-05,1.6242e-05,3.72559e-06,3.85395e-06,3.28649e-05,1.33941e-05,3.39711e-05,1.24587e-05,6.83023e-05,0.000133418,8.33873e-06,1.14585e-05,3.79481e-06,2.26109e-05,8.52583e-06,7.09178e-05,3.23323e-05,9.54054e-05,8.26649e-05,0.000164644,5.93106e-05,0.000149472,1.55295e-05,0.000151247,8.33672e-05,9.35556e-05,1.49036e-05,3.4993e-05,2.42245e-06,0.000151999,3.2165e-05,1.75848e-05,7.97015e-05,2.40248e-05,0.000223683,7.96475e-06,6.48149e-05,6.0721e-05,0.000534768,0.000109852,0.000291182,1.95555e-05,0.000104394,0.000195514,2.74749e-05,8.09098e-05,9.17661e-05,4.24671e-05,1.45134e-05,6.03256e-05,0.000109686
"PWY-5055: nicotinate degradation III",0,0,0,0,0,0,0,0,0,0,0,0,0,0,0,0,0,0,0,0,0,0,0,0,0,0,0,0,0,0,0,0,0,0,0,0,0,0,0,0,0,0,0,0,0,0,0,0,0,0,0,0,0,0,0,0,0,0,0,0,0,0,0,0,0,0,0,0,0,0,0,0,0,0,0,0,0,0,0,0,0,0,0,0,0,0,0,0,0,0,0,0,0,0,0,0,0,0,0,0,0,0,0,0,0,0,0,0,0,0,0,0,0,0,0,0,0,0,1.21922e-06,0,0,0,0,0,0,0,0,0,0,0,0,0,0,0,0,0,1.29397e-06,0,0,0,0,0,0,0,0,0,0,0,0,0,0,0,0,0,0,0
"PWY-5079: L-phenylalanine degradation III",0,0,0,0,0,0,0,0,0,0,0,0,0,0,0,0,0,0,0,0,0,0,0,0,0,0,0,0,0,0,0,0,0,0,0,0,0,0,0,0,0,0,0,0,0,0,0,0,0,0,0,0,0,0,0,0,0,0,0,0,0,0,0,0,0,0,0,0,0,0,0,0,0,0,0,0,0,0,0,0,0,0,0,0,0,0,0,0,0,0,0,0,0,0,0,0,0,0,0,0,0,0,0,0,0,0,0,0,9.1846e-07,0,0,0,0,0,0,0,0,0,0,0,0,0,0,0,0,0,0,0,0,0,0,0,0,0,0,0,0,0,0,0,0,0,0,0,0,0,0,0,0,0,0,0,0,0,0,0
"PWY-5080: very long chain fatty acid biosynthesis I",0,0,0,0,0,0,0,0,0,0,0,0,0,0,0,0,0,0,0,0,0,0,0,0,0,0,0,0,0,0,0,0,0,0,0,0,0,0,0,0,0,0,0,0,0,0,0,0,0,0,0,0,0,0,0,0,0,0,0,0,0,0,0,0,0,1.13672e-06,0,0,0,0,0,0,0,0,0,0,0,0,0,0,0,0,0,0,0,0,0,0,0,0,0,0,0,0,0,0,0,0,0,0,0,0,0,0,0,0,0,0,0,0,0,0,0,0,0,0,0,0,0,0,0,0,0,0,0,0,0,0,0,0,0,0,0,0,0,0,0,0,0,0,0,0,0,0,0,0,0,0,0,0,0,0,0,0,0,0
"PWY-5088: L-glutamate degradation VIII (to propanoate)",0,0,0,0,0,0,0,0,0,0,0,0,0,0,0,0,0,0,0,3.64822e-06,4.34455e-07,0,0,0,0,0,0,5.09539e-06,0,1.02974e-05,0,0,0,0,0,0,1.56498e-05,0,0,0,0,0,0,2.14184e-06,5.63683e-06,0,0,0,0,0,0,0,0,0,0,0,0,0,5.78071e-07,0,0,0,5.70678e-06,0,4.88788e-06,1.61543e-05,1.02709e-06,0,4.36474e-07,0,4.18125e-07,0,3.33562e-05,0,0,3.24669e-06,0,0,1.35586e-05,0,0,0,0,0,0,0,0,4.11789e-07,0,0,8.84196e-06,0,0,0,0,1.91859e-06,0,0,0,0,0,0,0,0,0,0,0,0,6.37592e-06,0,0,0,0,5.7902e-07,0,0,0,0,0,1.21057e-06,0,1.01504e-06,0,0,0,9.33793e-07,0,0,0,1.37637e-06,0,6.09555e-07,0,0,4.54401e-07,0,1.08935e-06,0,0,0,1.19867e-05,0,5.16751e-06,0,0,0,0,0,0,0,0,0,0,0,0,0
"PWY-5097: L-lysine biosynthesis VI",0.000536864,0.000520721,0.000591547,0.00056101,0.00066176,0.000638838,0.000634591,0.000752911,0.000474545,0.000592483,0.000532387,0.000472926,0.00050691,0.000631025,0.000686813,0.000621934,0.000677526,0.000628731,0.000621181,0.000350659,0.000577552,0.000570876,0.000489836,0.000505564,0.000544038,0.000607603,0.000681608,0.000636359,0.000565246,0.000353585,0.00067496,0.000649936,0.000829834,0.000676,0.000755874,0.000544141,0.000354405,0.000638615,0.000508344,0.000505644,0.000466916,0.00059815,0.000602544,0.000397867,0.000598813,0.000741567,0.000528364,0.000716826,0.0005873,0.000698751,0.000639342,0.000496325,0.000392365,0.000570937,0.000492644,0.000405225,0.000739369,0.000566646,0.000814967,0.000535837,0.000521791,0.000793632,0.000473273,0.000650593,0.00062149,0.000342413,0.000604204,0.000620113,0.000562041,0.000501459,0.000486005,0.000556538,0.000400132,0.000476605,0.000484538,0.00045384,0.000484946,0.000299124,0.000357774,0.000703757,0.000659756,0.000524642,0.00058415,0.000858129,0.000694458,0.000425577,0.000687671,0.000668387,0.000560728,0.000903889,0.000385394,0.000665931,0.000638364,0.000709424,0.000655802,0.000378477,0.000505593,0.000698976,0.000774362,0.000418883,0.000608364,0.000607631,0.000624102,0.000673591,0.000540967,0.000492732,0.000624405,0.000466694,0.00057603,0.000367911,0.000812665,0.000653261,0.000587014,0.000491057,0.000527493,0.00063372,0.000593944,0.000594408,0.000648276,0.000479276,0.000599655,0.000520827,0.000502984,0.000611352,0.000513856,0.000517261,0.000426407,0.0003929,0.00051642,0.000502746,0.00048891,0.000503941,0.000513286,0.00026476,0.000538548,0.000428414,0.000617467,0.000450299,0.00044668,0.000628624,0.000456469,0.000550248,0.000587216,0.000547815,0.000447067,0.000510693,0.000511415,0.000471378,0.000446085,0.000491518,0.000470548,0.000504311,0.000467978,0.000653688,0.000473364,0.000459877
"PWY-5100: pyruvate fermentation to acetate and lactate II",0.00046738,0.000374534,0.000458003,0.000281641,0.000509137,0.000590262,0.000619755,0.000547854,0.000318796,0.000444021,0.000328117,0.000367968,0.000135613,0.000525601,0.00066636,0.000422785,0.000556015,0.000574659,0.000505089,0.000269062,0.00035869,0.000586962,0.000265077,0.000269717,0.000306662,0.000531123,0.000512924,0.000530325,0.000514293,0.00016814,0.000678488,0.000582387,0.000674909,0.000571567,0.00068573,0.000466021,0.000266378,0.000548681,0.000359629,0.000299991,0.000324731,0.00054458,0.000425313,0.00033363,0.00044671,0.000591992,0.000344973,0.000549346,0.000453825,0.000668689,0.000541972,0.000471808,0.000350171,0.000255688,0.000346937,0.00026567,0.000591146,0.000483415,0.000723547,0.000443089,0.000502344,0.000598572,0.000330208,0.000500712,0.000205348,0.000196273,0.00047485,0.000541302,0.000434899,0.000348092,0.000245533,0.000419882,0.000216298,0.000192585,0.000247276,0.000373266,0.000224094,0.000221944,0.000145356,0.000683726,0.000661664,0.000296757,0.000580663,0.000686247,0.000243709,0.00032258,0.000624507,0.000536238,0.000377691,0.000720079,0.000269922,0.000551188,0.000535036,0.000705772,0.000657191,0.000283101,0.000371716,0.000554112,0.000561623,0.000157109,0.000551746,0.000734414,0.000482323,0.000525102,0.000476655,0.000283579,0.000503959,0.000462156,0.000492776,0.000231301,0.000756959,0.000531126,0.000584729,0.000338775,0.000298948,0.00053623,0.000538922,0.000602993,0.000484979,0.000262299,0.000389134,0.000248296,0.000252371,0.000511357,0.000308621,0.00017187,0.000235415,0.00019749,0.000214163,0.000351626,0.000252156,0.00049391,0.000258026,0.000190458,0.000330449,0.000389582,0.000433583,0.000205617,0.000251489,9.41396e-05,0.000286553,0.000288973,0.000423782,2.97807e-05,0.000330876,0.000172809,0.000339811,0.000190842,0.000185513,0.000435478,0.000214511,0.000227833,0.000256407,0.000433832,0.000368654,0.000234101
"PWY-5101: L-isoleucine biosynthesis II",0,8.56257e-06,0,0,0,0,0,0,0,1.53865e-06,0,1.51479e-06,0,0,0,0,0,0,0,0,0,0,0,7.72951e-06,2.15333e-06,2.74312e-06,0,0,0,6.26308e-07,0,0,0,0,0,0,0,0,0,0,0,0,3.06038e-06,0,0,0,2.12987e-06,2.61355e-06,0,0,1.83499e-05,1.28568e-05,0,0,0,0,0,0,0,2.47283e-06,0,3.65224e-06,0,3.85072e-06,1.47828e-05,1.94963e-06,0,0,0,0,0,0,0,0,0,0,0,0,0,0,8.54997e-06,4.72984e-06,0,0,1.00616e-05,0,0,6.56478e-06,0,0,0,0,0,0,0,0,0,0,6.90116e-06,1.22972e-06,0,0,0,0,0,0,3.5762e-06,0,0,2.30466e-06,0,0,0,4.83034e-06,0,0,0,0,2.97071e-06,0,1.7614e-06,0,0,0,0,0,0,6.02049e-06,0,0,0,0,0,0,0,0,0,0,0,0,0,0,0,0,0,0,0,0,0,0,0,1.17553e-06,7.739e-06,0,0,0
"PWY-5103: L-isoleucine biosynthesis III",0.000574403,0.000481625,0.00067551,0.000617854,0.000627294,0.000690447,0.000791649,0.000754952,0.0007298,0.000563234,0.00051771,0.000486422,0.000351901,0.000656216,0.000749799,0.00056504,0.000729907,0.000705372,0.000597261,0.000352417,0.000481353,0.000644324,0.000391457,0.00041204,0.000464005,0.000722014,0.000652155,0.000621562,0.000600018,0.000567805,0.000830867,0.000648184,0.000860884,0.000755829,0.000653268,0.000576152,0.000384095,0.000665294,0.000420804,0.00040369,0.000485628,0.000633781,0.000572165,0.000494244,0.000565287,0.000774641,0.00053574,0.000745816,0.000614116,0.000830399,0.00072538,0.000622398,0.000508623,0.000577585,0.000500924,0.000433671,0.000626762,0.00075952,0.000831247,0.000577225,0.000521906,0.000797317,0.000570554,0.000601632,0.000594627,0.000426796,0.000627026,0.000726812,0.000601677,0.000541078,0.000513823,0.000513306,0.000471539,0.000410539,0.000425598,0.000603545,0.000423564,0.000286423,0.000366925,0.000843418,0.000810828,0.000436928,0.000595078,0.000795646,0.000665527,0.000494724,0.000853645,0.000736148,0.000604523,0.000896954,0.000550287,0.000781445,0.000674389,0.000735553,0.000712759,0.000382745,0.000475663,0.000739628,0.000728658,0.000377455,0.00079042,0.000656666,0.000573753,0.000686202,0.000620901,0.00040666,0.000682696,0.000612308,0.000738837,0.000322808,0.000891546,0.000791422,0.000734457,0.00050493,0.000613926,0.000703588,0.000549839,0.000666567,0.000651068,0.000428604,0.00059255,0.000492146,0.00046338,0.000614453,0.000487261,0.000444794,0.000438319,0.000458949,0.000478309,0.000464345,0.000482511,0.000525214,0.000646133,0.000408341,0.00051914,0.000495931,0.000637119,0.000401586,0.000604308,0.000372917,0.000341933,0.000569964,0.000635967,0.000191043,0.000434634,0.00044804,0.000461852,0.000332926,0.000351646,0.000594261,0.000420989,0.000412035,0.000404848,0.000463675,0.000384031,0.000449989
"PWY-5104: L-isoleucine biosynthesis IV",0,0,9.40505e-07,0,0,3.00465e-06,0,0,1.18868e-05,0,1.59652e-06,6.40681e-06,4.05289e-06,0,0,0,0,0,0,2.31635e-05,6.985e-07,2.76448e-06,1.86057e-06,0,0,0,7.52022e-06,1.31629e-05,1.22548e-06,5.82946e-06,0,0,0,0,0,1.64176e-05,7.02244e-05,9.24228e-07,1.30041e-06,0,2.4337e-05,0,0,8.31232e-06,2.97152e-05,0,2.3473e-06,0,0,5.83187e-06,0,3.7761e-06,4.71478e-06,0,9.47673e-06,1.67859e-06,1.01615e-05,8.63042e-07,8.96015e-06,1.28588e-05,7.0175e-06,0,2.36861e-05,0,1.41819e-05,2.17815e-05,0,0,1.71067e-06,0,0,0,8.10961e-05,2.17438e-06,0,1.0602e-05,2.8446e-05,1.34188e-06,7.09169e-05,0,6.18941e-06,0,0,0,0,8.62423e-06,0,3.14761e-06,0,0,8.79798e-06,0,1.01048e-06,0,2.70725e-06,1.80332e-05,1.41713e-06,0,0,4.26497e-05,2.39064e-06,0,1.64353e-05,0,1.54801e-06,0,1.87496e-06,1.29664e-06,4.0881e-05,4.02956e-06,8.24612e-07,1.1513e-05,0,2.81562e-06,1.48838e-06,0,0,0,0,2.11049e-05,0,3.17776e-06,0,0,1.03487e-05,3.47992e-06,0,1.54569e-05,7.82917e-07,5.15388e-06,0,1.88438e-06,0,1.4439e-06,8.64314e-06,5.77081e-06,4.99169e-06,3.25881e-05,3.01316e-06,0,2.49293e-05,0,1.25612e-05,1.26883e-06,3.0627e-06,2.32207e-06,9.24935e-06,0,3.14607e-06,0,0,1.84044e-06,0,7.51825e-06,0,5.0958e-06
"PWY-5121: superpathway of geranylgeranyl diphosphate biosynthesis II (via MEP)",9.40203e-05,8.51456e-05,0.000130534,6.11278e-05,9.69705e-05,3.45065e-05,2.11716e-05,6.32579e-05,7.98346e-05,1.46501e-05,4.111e-05,4.4196e-05,3.13756e-05,3.18914e-05,7.18554e-05,0.000131669,2.30135e-05,6.64756e-05,4.26245e-05,0.000137269,3.59627e-05,7.85983e-05,3.33227e-06,6.8443e-05,7.58462e-05,0.000115998,0.000127505,0.000109839,9.11953e-05,0.000118121,7.03491e-05,0.000117082,2.39408e-05,8.18039e-05,5.22221e-05,0.000109199,0.000178777,5.7932e-05,0.000227595,3.77656e-05,8.79574e-05,0.000104424,9.41995e-05,3.11244e-05,4.78805e-05,8.32791e-05,0.000128371,7.60604e-05,6.36331e-05,0.000121112,6.32975e-05,0.000144281,9.61888e-05,7.12689e-05,8.48942e-05,0.000130838,7.56413e-05,7.68345e-05,0.000119087,0.000168211,9.92463e-05,2.06804e-05,6.5387e-05,3.19362e-05,6.89649e-05,8.25024e-05,2.71296e-05,2.58383e-05,4.35477e-05,8.31742e-05,0.000156654,0.000163216,0.000159486,0.00019353,0.00016651,0.000104059,0.000221911,6.14074e-05,0.00014533,4.75895e-05,0.00010492,0.000174878,4.83881e-05,4.37352e-05,3.92874e-05,0.000131243,6.49036e-05,3.80955e-05,8.1869e-05,4.87676e-05,9.74521e-05,0.000102887,5.82249e-05,0.000177603,8.06716e-05,6.90219e-05,3.21723e-05,3.15181e-05,4.65658e-05,8.85385e-05,3.79448e-05,1.9782e-05,2.40688e-05,0.000155272,3.89086e-05,3.1688e-05,5.32625e-05,3.36305e-05,1.71638e-05,5.28022e-05,0.000127934,0.00018045,9.85319e-05,0.000131284,0.000155567,0.000181519,7.12774e-05,6.34688e-05,8.86051e-05,5.31674e-05,0.000103438,3.54e-05,0.000152229,0.000134569,0.000205714,7.5888e-05,6.93662e-05,7.10254e-05,0.000142165,7.68373e-05,8.70028e-05,4.08486e-05,6.20126e-05,0.000144739,0.000187589,0.000161454,4.04972e-05,9.24802e-05,5.63307e-05,0.000188418,0.000140009,0.000221639,4.78422e-05,0.000575439,0.000219904,0.000295181,5.89269e-05,9.2455e-05,0.000100804,4.12816e-05,0.000126433,8.61586e-05,9.76908e-05,0.000102249,8.70887e-05,5.39991e-05
"PWY-5130: 2-oxobutanoate degradation I",1.5202e-05,7.46781e-06,1.43393e-05,4.32017e-06,3.16924e-06,1.11001e-06,5.3704e-06,5.07526e-06,8.64155e-06,3.80235e-06,6.83415e-06,1.66174e-06,1.64998e-05,4.07785e-06,1.01869e-05,2.56197e-05,1.88478e-06,8.88191e-06,6.92347e-06,1.06224e-05,1.64799e-05,5.04332e-06,2.01796e-05,2.54584e-05,2.68989e-05,0,0,2.36532e-05,2.44821e-05,3.82681e-06,5.782e-06,6.44037e-06,0,9.63557e-06,3.05229e-06,8.89064e-06,3.74763e-05,8.95333e-06,7.99054e-06,5.18423e-06,1.37231e-05,4.45622e-06,1.52441e-05,2.00547e-06,3.25473e-06,4.40084e-06,1.28733e-05,2.10558e-05,5.2883e-06,0,3.38511e-06,7.61906e-06,0,5.98613e-06,4.06385e-06,6.54043e-06,9.49827e-07,7.4608e-07,4.71646e-06,3.30021e-06,3.16802e-05,0,1.89413e-05,1.22902e-06,1.68454e-05,8.12477e-06,5.69526e-07,2.48924e-06,1.85754e-05,3.29391e-05,0.000135262,2.53594e-05,6.54129e-05,1.35083e-05,5.25186e-05,9.66269e-06,5.93212e-05,1.57248e-05,3.69136e-05,5.87049e-06,4.25467e-06,3.81256e-05,3.3261e-06,0,7.92037e-06,1.11044e-05,0,1.93803e-05,1.62809e-05,0,3.64123e-06,2.70746e-05,9.55251e-06,5.31495e-06,0,9.65813e-06,6.03773e-06,1.00877e-06,1.75772e-06,2.0241e-05,3.03454e-06,8.93406e-07,0,7.21474e-06,1.74755e-05,1.18565e-05,1.06453e-05,7.63478e-06,4.05901e-06,3.12415e-06,0,2.1996e-05,7.19771e-06,2.92552e-06,7.33035e-05,1.93312e-06,0,1.03877e-05,4.54529e-06,2.1253e-05,1.1248e-05,2.41843e-06,4.63001e-05,1.65288e-05,1.04017e-05,5.2595e-05,0,1.74583e-06,5.21596e-05,1.67902e-05,1.76459e-05,3.15916e-06,2.48375e-05,0,6.05933e-05,1.3233e-05,8.07891e-06,5.18769e-05,0,2.43976e-05,4.34162e-05,8.47141e-06,2.55612e-05,0,2.97039e-05,3.91254e-05,1.5412e-05,1.03708e-06,1.48715e-05,1.63687e-05,2.41329e-05,1.41945e-05,1.48942e-05,2.03029e-05,1.67195e-05,3.98378e-05
"PWY-5136: fatty acid &beta;-oxidation II (plant peroxisome)",5.67323e-05,2.0239e-05,1.45271e-05,4.64886e-06,1.5803e-05,3.6081e-05,2.10861e-05,4.58681e-06,0.000345019,2.17852e-06,2.41323e-05,0.000168122,2.64503e-05,1.19106e-05,2.37065e-05,3.54962e-05,1.88576e-05,1.97932e-05,4.1103e-05,5.2169e-05,2.54279e-05,1.84784e-05,2.40077e-05,1.16207e-05,1.00199e-05,7.65521e-06,0.000140661,9.08431e-05,1.32776e-05,0.000562342,2.40253e-05,2.81765e-05,4.90901e-07,2.49786e-05,1.81792e-05,4.33008e-05,0.000195428,3.95215e-05,0.000171466,1.90296e-05,9.35974e-05,9.98026e-06,2.81406e-05,0.000219891,5.20095e-05,8.21763e-06,2.01787e-05,7.89853e-06,1.41734e-05,1.49235e-05,1.56301e-05,2.30903e-05,0.000336299,2.96433e-05,0.000105847,0.000399522,3.4361e-05,0.000227625,3.56805e-05,8.99106e-05,2.34936e-05,1.80173e-05,9.18438e-05,3.83226e-06,4.78115e-05,0.000186879,1.05328e-05,3.30441e-06,1.95397e-05,1.34106e-05,1.28336e-05,9.96858e-06,0.000258446,1.60119e-05,9.56826e-06,0.000349315,4.40506e-05,1.12343e-05,0.000129351,1.0552e-05,3.80146e-05,1.77363e-05,5.20782e-06,8.85378e-06,3.03022e-06,2.57499e-05,6.20161e-05,1.37169e-05,1.0888e-05,0,0.000251243,6.12571e-05,1.95956e-05,3.13939e-05,1.18686e-05,6.50906e-05,1.07626e-05,1.51744e-05,5.35009e-06,7.17703e-05,1.42812e-05,3.28324e-06,3.35173e-05,2.74571e-05,2.18093e-05,1.87667e-05,2.03022e-05,0.00023622,8.98989e-05,3.50188e-06,2.59559e-05,9.60025e-05,1.7616e-05,2.36717e-05,2.75062e-05,1.04139e-05,0.000134679,3.74986e-06,6.04763e-05,8.39139e-05,1.06929e-05,1.27001e-05,5.74651e-06,2.1752e-05,6.02095e-05,8.49545e-06,0.000180585,0.000528046,9.50676e-06,2.96272e-05,2.29827e-05,4.86077e-05,5.30938e-06,0.000458615,2.7865e-05,0.000196546,3.71779e-05,6.12517e-05,1.47222e-05,1.66166e-05,0.000137557,1.61723e-05,4.39404e-05,0,1.0053e-05,2.23739e-05,0.000101411,9.3593e-06,8.90092e-06,1.57907e-05,2.12718e-06,2.84262e-05,2.47315e-05,3.13402e-05,7.80823e-06,1.77117e-05
"PWY-5138: fatty acid &beta;-oxidation IV (unsaturated, even number)",1.73019e-06,0,0,0,0,2.93749e-06,1.66957e-06,0,5.73897e-05,0,9.45139e-07,4.89107e-05,1.78231e-06,0,0,0,0,0,0,1.58671e-05,1.17976e-06,1.33118e-06,5.33011e-07,0,0,0,5.07303e-05,6.03966e-05,7.88648e-07,0.000180305,2.48643e-06,1.32546e-06,0,8.38333e-07,0,5.48646e-06,7.39001e-05,0,8.46893e-05,6.03456e-06,3.03496e-05,5.88363e-07,0,6.43108e-05,1.04066e-05,0,9.08413e-07,0,3.97263e-06,3.58095e-06,0,3.62879e-06,6.80995e-05,0,1.78417e-05,0.000218001,1.05231e-05,4.99427e-05,8.89134e-06,2.46567e-05,4.94401e-06,0,3.66063e-05,0,1.03729e-05,5.5285e-05,3.16321e-06,0,3.75752e-06,0,1.55495e-06,0,7.12607e-05,1.59771e-06,0,6.16363e-05,3.05818e-06,5.06533e-07,2.87189e-05,0,2.56941e-06,0,0,0,0,9.38708e-06,0,8.50019e-07,0,0,0.000110234,0,0,9.28389e-06,5.49448e-07,1.70635e-05,7.10255e-07,0,0,2.84008e-05,3.05638e-06,0,1.28842e-05,0,5.15313e-07,0,0,4.42221e-05,1.87917e-05,5.93824e-07,3.84539e-07,4.51007e-05,0,8.00071e-06,0,0,9.54811e-05,0,0,1.56334e-05,0,1.68025e-06,0,0,2.17872e-05,9.48944e-07,8.79745e-05,9.53291e-05,3.33657e-07,3.31921e-06,0,1.90387e-05,0,0.000235368,6.29809e-06,0.000153511,5.89901e-06,1.67876e-05,2.34852e-06,0,4.62337e-05,0,7.64693e-06,0,2.0846e-06,1.26515e-06,1.42258e-05,1.07388e-06,0,2.83959e-06,0,0,7.06796e-06,7.03652e-06,0,3.19872e-06
"PWY-5154: L-arginine biosynthesis III (via N-acetyl-L-citrulline)",0.000175696,7.80475e-05,8.15494e-05,6.93689e-05,8.35231e-05,5.26175e-05,8.92919e-05,5.1523e-05,0.000358585,4.38498e-05,6.39076e-05,0.000229191,3.38491e-05,6.71654e-05,0.000126927,6.29744e-05,0.000102424,0.000109339,6.28219e-05,0.000130984,7.28884e-05,6.14349e-05,0.000228791,6.73315e-05,7.03876e-05,3.76206e-05,0.000204867,0.000263605,0.000158461,0.000401593,7.71051e-05,0.00014447,3.76071e-05,7.08472e-05,4.13979e-05,9.04583e-05,0.000256338,8.94614e-05,0.000347788,4.30699e-05,0.00016187,5.62173e-05,0.000101776,0.000352519,0.000140854,6.52866e-05,7.35684e-05,8.29378e-05,0.000118908,0.000143149,6.02638e-05,9.01838e-05,0.000299134,5.41193e-05,0.000154034,0.000467945,4.67521e-05,0.000276097,7.89425e-05,0.000147652,0.000128864,5.52143e-05,0.000140057,0.000120416,0.00013841,0.000251232,5.00866e-05,6.33109e-05,0.000100406,7.90663e-05,0.000249863,0.000100071,0.00031136,0.000238559,0.000231997,0.000377713,0.000301933,4.72697e-05,0.000223141,0.00010626,0.000104042,0.000223713,0.00010989,0.000250357,6.01166e-05,0.000141615,8.45428e-06,8.46134e-05,4.37618e-05,8.84759e-05,0.000437083,0.000125432,4.53662e-05,4.66835e-05,0.000295225,0.000138575,0.000107117,4.94559e-05,7.16211e-05,0.000177674,9.55887e-05,6.63568e-05,4.2913e-05,5.22402e-05,0.000115271,3.46023e-05,5.15088e-05,0.000309332,0.000193346,5.49303e-05,6.95531e-05,0.000166157,9.0488e-05,8.76852e-05,0.000209446,5.21495e-05,0.000301368,0.000108425,8.08113e-05,0.000114579,0.000195648,0.000154066,0.000163484,0.000180913,0.000274325,0.000200101,0.000324413,0.000382112,0.00020155,0.000131525,0.000213356,0.000121197,0.000359399,0.000321711,0.000255405,0.000335221,0.000157934,0.000170387,0.000339172,0.000222919,0.000178617,0.000132601,0.000115179,0.000123225,0.000155592,0.000337631,0.000192526,0.000199682,0.000323144,0.000108069,0.000168761,0.000187965,7.55148e-05,8.34411e-05,0.000159452,0.000188064
"PWY-5156: superpathway of fatty acid biosynthesis II (plant)",0,0,0,0,0,0,0,0,0,0,0,0,0,0,3.24697e-06,0,0,0,0,0,0,0,0,0,0,0,0,0,0,2.99531e-06,5.06257e-06,4.49375e-06,0,0,0,0,1.28537e-05,0,0,0,0,0,0,0,0,0,0,0,0,1.44915e-05,0,0,0,0,0,0,0,0,7.64738e-06,0,0,0,0,0,0,1.5988e-05,0,0,0,0,0,0,0,0,0,0,0,0,0,0,0,0,0,0,0,0,0,0,0,0,0,0,0,0,2.78215e-06,0,0,0,0,0,0,0,0,0,0,0,0,0,0,0,0,0,0,0,0,0,0,0,0,0,0,0,0,0,0,0,0,0,0,0,0,0,0,0,0,0,0,0,0,0,0,0,0,0,0,0,0,0,0,0,0,0,0,0,0,0
"PWY-5178: toluene degradation IV (aerobic) (via catechol)",0,0,0,0,0,0,0,0,0,0,0,0,0,0,0,0,0,0,0,0,0,0,0,0,0,0,0,0,0,3.59963e-06,0,0,0,0,0,0,0,0,0,0,0,0,0,0,0,0,0,0,0,0,0,0,0,0,0,0,0,0,0,0,0,0,0,0,0,0,0,0,0,0,0,0,0,0,0,0,0,0,0,0,0,0,0,0,0,0,0,0,0,0,0,0,0,0,0,0,0,0,0,0,0,0,0,0,0,0,0,0,0,0,0,0,0,0,0,0,0,0,0,0,0,0,0,0,0,0,0,0,0,0,0,0,0,0,0,0,0,0,0,0,0,0,0,0,0,0,0,0,0,0,0,0,0,0,0,0
"PWY-5180: toluene degradation I (aerobic) (via o-cresol)",0,0,0,0,0,0,0,8.75573e-06,0,0,0,0,0,0,0,0,0,0,0,0,0,0,0,0,0,0,2.79673e-05,0,0,0.000190086,1.48069e-06,8.6273e-06,0,0,0,2.04523e-05,0.000101476,0,0,4.56304e-06,0,0,0,0,0,0,0,0,0,0,0,5.77537e-06,0,0,0,0,0,0,0,0,0,0,0,0,0,6.15237e-05,2.46047e-06,0,0,0,0,0,8.10763e-05,0,0,0,0,0,6.9647e-05,0,0,0,0,0,0,7.16332e-06,0,0,0,0,0.000190816,0,0,0,3.89207e-06,0,0,0,0,0,0,0,0,0,0,0,1.35038e-06,0,0,0,0,0,0,6.15532e-06,0,0,0,0,0,5.30356e-05,0,0,0,0,0,0,0,0.000397028,0,0,0,0,0,2.57649e-05,0,0,0,2.24269e-05,0,0,0,0,0,0,0,0,0,0,0,0,0,0,0,0,0,0
"PWY-5188: tetrapyrrole biosynthesis I (from glutamate)",0.000175911,0.000178201,0.000257649,0.000326269,0.000216621,0.000348948,0.000279615,0.000361837,0.000228321,0.0002997,0.000107606,0.000282726,0.000156805,0.000305405,0.000373746,0.000321406,0.000244503,0.000264185,0.000351652,0.000106166,0.0003263,0.000220757,0.000159878,0.000158928,0.000138352,0.000252717,0.000436973,0.000109378,0.000226176,0.000312265,0.000279828,0.000331602,0.000462825,0.000281302,0.000503804,0.000270936,0.000133582,0.000367544,0.000178456,0.000199234,0.000256555,0.000304926,0.000314875,0.000245295,0.000341815,0.000341721,0.000188039,0.000402231,0.000283506,0.000192778,0.000292889,0.000198117,0.000307509,0.000254132,0.000214182,0.000271402,0.000500052,0.000287275,0.000314308,0.000197978,0.000214738,0.000415898,0.0002046,0.000371847,0.000296626,0.000164073,0.000228045,0.00031249,0.000269165,0.000258373,9.36399e-05,0.000220701,0.000192477,0.000139317,0.000165477,0.00025133,0.000234685,0.000107164,0.000123298,0.000232954,0.000140352,0.000193732,0.000233636,0.000525908,0.000267707,0.000145508,0.000368211,0.000168312,0.000184611,0.000226842,0.000326681,0.000205803,0.000312911,0.000423338,0.000312106,0.000180699,0.000285292,0.00038343,0.000420881,0.000161794,0.00016203,0.000422538,0.000359966,0.000304771,0.000192568,0.000180301,0.000284532,0.000245087,0.000319934,0.000141341,0.000213845,0.00029849,0.000280108,0.000275409,0.000211254,0.000446343,0.000324482,0.000250066,0.000296105,0.000172957,0.000273913,0.000122681,7.09018e-05,0.000333772,0.0001614,0.000196669,0.000201417,0.000338851,0.000176353,0.000186377,0.000117222,0.000253916,0.000100887,0.000263643,0.000132844,0.000220392,0.000347109,0.000171163,6.7609e-05,5.87021e-05,0.000247208,0.000283312,0.00027126,3.67662e-05,0.00024977,8.8296e-05,0.000192722,0.000240063,0.000149505,0.00022259,0.000124085,0.000183834,0.00012736,0.000396309,0.000228243,0.000130387
"PWY-5189: tetrapyrrole biosynthesis II (from glycine)",9.03925e-06,9.80856e-06,7.73039e-07,9.05669e-07,3.37688e-06,9.16463e-06,2.02377e-05,0,0.000156185,1.74653e-06,2.34885e-06,9.16501e-05,8.89202e-06,2.50258e-06,1.18959e-05,3.17312e-06,1.93809e-05,9.92673e-06,6.70891e-06,1.96537e-05,2.04652e-05,5.40551e-06,4.57529e-06,1.17408e-06,9.09748e-07,1.23101e-05,4.21048e-05,2.74179e-05,1.82853e-06,0.000244322,1.81072e-05,7.986e-06,3.90938e-05,2.55106e-05,5.42745e-06,1.99367e-05,8.09455e-05,1.91689e-06,6.44208e-05,0,4.90986e-05,1.4814e-05,4.45449e-05,0.000178164,2.3386e-05,3.69674e-06,1.34598e-05,2.9469e-05,3.22501e-05,3.44198e-06,1.29087e-05,2.14253e-05,0.000155577,8.84881e-06,6.26484e-05,0.000190741,1.55705e-05,0.000115814,8.18786e-06,3.03713e-05,2.94856e-05,4.39099e-06,3.88814e-05,1.12875e-06,2.23308e-05,7.78896e-05,3.42873e-06,3.91141e-06,6.4407e-06,4.61316e-05,5.30668e-05,0,0.000127882,4.5623e-06,2.92531e-05,0.000152456,2.66717e-05,4.05195e-06,8.13738e-05,3.44942e-06,1.3464e-05,7.28452e-06,8.89673e-06,0,6.05288e-06,1.41504e-05,2.61148e-06,5.6436e-06,3.64288e-06,6.46066e-06,0.000199629,2.60991e-05,5.91285e-06,4.47682e-05,3.98907e-06,4.01044e-05,2.14161e-06,7.99871e-06,1.19123e-05,3.25632e-05,1.26608e-05,0,7.73203e-06,5.46058e-06,1.49443e-05,1.68565e-05,1.21306e-05,9.88253e-05,7.33858e-05,9.40163e-07,3.45996e-06,4.84241e-05,1.01333e-05,7.27444e-06,2.53497e-06,1.09336e-05,2.99387e-06,4.11391e-05,3.77447e-06,4.82195e-05,5.0464e-06,4.54586e-06,0,1.04961e-06,7.93959e-06,2.8312e-06,0.000105856,0.000254172,5.39946e-06,1.15468e-05,2.46521e-06,1.97597e-05,1.49003e-06,0.000214948,4.50717e-06,2.1066e-05,5.9966e-06,3.30806e-05,3.66874e-06,3.88822e-06,4.17039e-05,0,2.55018e-05,0,1.84262e-05,1.17249e-05,3.43893e-05,1.31506e-05,3.37423e-06,5.66613e-06,0,5.1333e-06,4.59147e-06,1.02521e-05,0,5.59014e-06
"PWY-5198: factor 420 biosynthesis II (mycobacteria)",0,4.13148e-06,0,0,0,0,0,0,0,5.06155e-06,0,1.38365e-06,5.3819e-05,0,0,0,0,0,0,4.35442e-06,1.60798e-05,0,0,5.00414e-06,0,3.77171e-06,0,0,0,0,0,0,0,0,0,1.26521e-05,0,0,0,0,0,0,2.43649e-05,0,0,0,8.46961e-07,0,7.44581e-06,0,1.35543e-05,1.9505e-05,0,0.000139818,6.98736e-06,0,0,0,0,1.4872e-05,0,0,2.10891e-05,0,6.22374e-05,2.10097e-06,0,0,0,7.70735e-07,1.35853e-06,0,0,0,0,7.07544e-06,2.79017e-06,0,0,0,9.71767e-06,2.79901e-06,0,0,0.000119399,0,0,2.22691e-05,1.42888e-05,0,2.58037e-07,0,0,0,0,0,0,0,0,2.1172e-05,1.97557e-05,0,0,0,0,4.44216e-05,1.37444e-05,0,0,1.0512e-06,3.41853e-07,0,0,3.51934e-05,0,0,0,0,9.66801e-06,5.07394e-06,0,3.61286e-05,8.93918e-06,0,0,0,0,1.99366e-05,1.35292e-06,0,1.41288e-05,0,4.72364e-07,0,7.75604e-07,0,0,2.90549e-05,0,5.23823e-06,0,0,0,0,0,0,0,6.52368e-06,0,0,0,0,2.90894e-06,0,0,5.01772e-05
"PWY-5209: methyl-coenzyme M oxidation to CO2",0,3.04259e-06,0,0,0,0,0,0,0,4.94224e-06,0,1.49514e-06,5.40149e-05,0,0,0,0,0,0,5.27948e-06,1.65436e-05,0,0,5.007e-06,0,3.16005e-06,0,0,0,2.40263e-07,0,0,0,0,0,1.57764e-05,0,0,0,0,0,0,2.86431e-05,0,0,0,8.65665e-07,0,9.46006e-06,0,1.33665e-05,2.08774e-05,0,0.000150039,6.621e-06,0,0,0,0,1.64751e-05,0,0,2.11864e-05,0,6.55886e-05,2.32131e-06,0,0,0,0,1.94818e-06,0,0,0,0,7.64589e-06,2.07411e-06,0,0,0,9.48287e-06,2.73707e-06,0,0,0.00014043,0,0,2.36931e-05,1.65722e-05,0,5.15111e-07,0,0,0,0,0,0,0,0,2.36221e-05,2.06056e-05,0,0,0,0,4.31413e-05,1.48344e-05,0,0,9.70226e-07,3.55303e-07,0,0,3.7276e-05,0,0,0,0,1.15638e-05,5.0697e-06,0,4.17394e-05,1.04589e-05,0,0,0,0,1.95309e-05,1.70679e-06,0,1.41668e-05,0,4.64286e-07,1.35438e-07,7.51553e-07,0,0,2.94784e-05,0,5.45929e-06,0,0,0,0,0,0,0,5.55039e-06,0,0,0,0,3.07257e-06,0,0,5.02723e-05
"PWY-5265: peptidoglycan biosynthesis II (staphylococci)",7.2143e-05,0,0,2.3075e-05,9.09927e-06,0.000130114,0,4.43365e-05,0,1.35563e-05,0,0,0,0,0,0,0,1.31699e-05,1.24879e-05,0.000131637,0,1.49629e-05,4.31132e-06,0,1.26653e-05,0.000137161,8.81947e-05,1.83136e-05,4.18138e-06,2.63463e-05,1.77601e-05,4.60242e-05,0,0,0,0,1.45406e-05,0,3.67232e-05,1.20578e-05,3.57059e-06,7.49886e-05,1.7018e-05,0.000118745,5.88057e-05,2.53355e-06,8.04122e-05,9.57807e-06,0,2.6189e-05,5.13402e-05,7.3379e-05,5.57287e-06,0,1.57302e-05,0,0,0,7.50468e-06,1.68303e-05,4.50438e-05,6.05681e-06,6.8382e-06,0,0,2.28433e-05,4.80459e-06,0,1.57707e-05,9.55834e-06,0,0,2.78416e-05,6.73811e-05,0,3.646e-06,2.52055e-05,7.54276e-06,3.17384e-06,0,0.000170696,4.07292e-05,0,0,1.713e-05,7.92186e-05,0,1.10209e-05,0,1.38914e-05,8.69198e-06,8.512e-06,0,5.31874e-05,6.81964e-06,1.23017e-05,0,0,0,0,3.65947e-05,6.30932e-06,3.40603e-05,0,1.93213e-05,0,5.67309e-05,0,2.19928e-05,0,1.27507e-05,0,8.41977e-06,4.87491e-06,3.58231e-06,1.08616e-05,6.31394e-06,7.98377e-05,4.33489e-05,5.02483e-06,3.24273e-05,1.77441e-05,0,3.23267e-05,1.67992e-05,0,7.45003e-05,1.56296e-05,0,1.04168e-05,4.12196e-05,0,6.59179e-06,9.16426e-06,0,0.000222598,1.28712e-05,4.56512e-05,0,1.05019e-05,7.86226e-05,5.62861e-06,5.15126e-06,0,4.26733e-06,0,1.92451e-05,0,4.26181e-05,1.23652e-05,4.20924e-05,0,0,8.69838e-05,0,0
"PWY-5306: superpathway of thiosulfate metabolism (Desulfovibrio sulfodismutans)",0,0,0,0,0,0,0,0,0,0,0,0,0,0,0,0,0,0,0,0,0,0,0,0,0,0,0,0,0,0,0,0,0,0,0,0,0,0,0,0,0,0,0,0,0,0,0,0,0,0,0,0,0,0,0,0,0,0,0,0,0,0,0,0,0,0,0,0,0,0,0,0,0,0,0,0,0,0,0,0,0,0,0,0,0,0,0,0,0,0,0,0,0,0,0,0,0,0,0,0,0,0,0,0,0,0,0,0,8.2063e-07,0,0,0,0,0,0,0,0,0,0,0,0,0,0,0,0,0,0,0,0,0,0,0,0,0,0,0,0,0,0,0,0,0,0,0,0,0,0,0,0,0,0,0,0,0,0,0
"PWY-5345: superpathway of L-methionine biosynthesis (by sulfhydrylation)",2.52138e-05,1.83029e-05,3.50977e-06,1.21807e-05,2.42331e-05,0.000102761,8.86903e-05,3.02145e-05,0.000283295,1.03133e-05,2.57591e-05,0.000203403,2.8084e-05,4.53462e-06,3.29146e-05,2.01362e-05,1.1318e-05,1.74988e-05,4.56398e-05,9.46261e-05,2.5913e-05,7.54155e-05,8.0387e-05,2.68439e-05,1.59343e-05,3.59996e-05,0.000177058,0.000259889,1.16412e-05,0.000196948,1.28134e-05,4.28743e-05,0,7.46474e-05,1.45708e-05,8.6755e-05,0.000224534,2.84362e-06,0.000284526,4.74466e-05,0.000176589,6.06872e-05,9.29777e-05,0.000255895,9.0772e-05,7.03057e-06,2.36214e-05,1.4684e-05,0.000103219,3.4239e-05,4.99115e-05,5.02047e-05,0.000286227,2.10068e-05,0.000185069,0.000263535,2.66621e-05,0.000311828,8.14398e-05,0.000136973,8.30469e-05,4.10233e-05,0.000152763,4.18495e-05,7.85831e-05,0.000181834,2.92767e-05,1.60298e-05,4.27098e-05,7.82967e-06,2.39868e-05,4.071e-05,0.000245732,3.20603e-05,0,0.000261608,0.000101351,3.03907e-05,0.000135965,7.58833e-06,4.11029e-05,9.26228e-06,9.22347e-06,0,2.84391e-05,7.33631e-05,4.01175e-06,1.68844e-05,4.01018e-05,4.78361e-05,0.000304996,0,3.76542e-05,8.4573e-05,1.55197e-05,0.00013525,5.09875e-05,3.47184e-06,0,0.000137312,5.49558e-05,4.18964e-05,6.67053e-05,1.869e-06,2.30863e-05,1.20889e-05,1.13741e-05,0.000312719,0.000229135,8.53866e-06,2.28005e-05,0.000194474,2.78945e-05,4.98068e-05,7.74555e-06,0,0.00027792,8.6471e-05,6.82259e-06,0.000164204,6.68172e-05,0.000109936,0,8.87093e-06,0.000124403,2.40273e-05,0.000228072,0.000268132,9.92759e-05,6.8631e-05,5.97786e-06,0.000106549,1.51252e-05,2.57972e-05,4.14979e-05,0.000262241,3.98536e-05,0.00012882,4.63519e-05,6.01992e-06,0.000155922,2.89132e-05,8.91118e-05,0,5.88009e-05,1.98364e-05,0.000122586,1.73541e-05,1.99594e-05,3.44473e-06,0,2.87599e-05,5.89433e-05,0.000126691,4.58175e-05,3.13855e-05
"PWY-5347: superpathway of L-methionine biosynthesis (transsulfuration)",3.69924e-05,2.84468e-05,0,9.06879e-06,4.12951e-05,8.5111e-06,3.15796e-05,0,0.000333068,2.55171e-06,4.50683e-05,0.00016334,1.56836e-05,0,2.08376e-05,5.32912e-06,1.83757e-05,7.46618e-06,2.79124e-06,5.1164e-05,8.78012e-06,1.29793e-05,8.61217e-06,9.77101e-06,2.67835e-05,8.13392e-06,0.000145366,0.000139512,1.32207e-05,0.000430373,2.43954e-05,7.04485e-05,0,1.09672e-05,1.39615e-05,3.68615e-05,0.000201957,1.40776e-05,0.000190854,1.4362e-05,0.000147583,1.87412e-05,0,0.000309532,5.84845e-05,5.37787e-06,1.77453e-05,1.81012e-05,1.54084e-05,8.16846e-05,1.59251e-05,0.00010273,0.000262928,0,0.000104404,0.000405917,5.50635e-05,0.000221723,2.11232e-05,0.000101336,6.44492e-05,3.82211e-06,0.000120563,3.31629e-05,4.53695e-05,0.000178521,1.99899e-05,2.05061e-05,1.61131e-05,5.84626e-06,6.74399e-06,2.96304e-06,0.000221003,1.31849e-05,1.08909e-05,0.000261315,6.12571e-05,1.01339e-05,0.000142337,1.66528e-05,2.56869e-05,4.79559e-06,2.79902e-05,7.48686e-06,2.61948e-06,7.34979e-05,0,3.48115e-06,6.17444e-06,5.58534e-06,0.000395399,1.01328e-05,6.20921e-06,0.000124602,3.05219e-05,9.41491e-05,1.48189e-05,2.63695e-06,1.12402e-05,9.88936e-05,6.00986e-06,0,2.34807e-05,1.00405e-05,2.74395e-05,1.14713e-05,2.60926e-05,0.000234775,0.000118431,1.55506e-05,1.48594e-05,0.000102255,7.98743e-06,1.92428e-05,1.23787e-05,7.58875e-06,0.000132233,9.9786e-06,5.12297e-06,7.75569e-05,0,4.92848e-06,0,8.72129e-06,4.67235e-05,1.78322e-05,0.000243888,0.000351019,6.0363e-06,1.81481e-05,1.19994e-05,3.75094e-05,5.44793e-06,0.000388651,2.12619e-05,0.000233749,5.88887e-05,5.82305e-05,3.50021e-06,0,9.76276e-05,0,3.3944e-05,3.86298e-06,1.23493e-05,1.90931e-05,6.83824e-05,6.66523e-06,5.17935e-06,0,0,5.20044e-06,2.0287e-05,3.81828e-05,6.50187e-06,1.8649e-05
"PWY-5367: petroselinate biosynthesis",2.26457e-05,7.08129e-06,3.38127e-05,2.14817e-05,3.71832e-05,4.05927e-06,1.7017e-05,4.93463e-05,9.37867e-05,1.29299e-06,1.26244e-06,4.82164e-05,3.49802e-06,0,8.96209e-05,2.33694e-05,5.91137e-06,5.51544e-05,7.66514e-06,1.88845e-05,1.05732e-05,8.98506e-06,8.30721e-06,1.49311e-06,1.46223e-05,3.79294e-05,3.05736e-05,1.20884e-05,1.25726e-05,0.000152213,6.19972e-06,7.28385e-06,0,2.57117e-05,2.61787e-05,8.04309e-06,0.000109429,3.94519e-05,1.60273e-06,2.05253e-06,2.43126e-05,2.37373e-05,3.80678e-05,0.000137617,1.37201e-05,1.06337e-05,2.83531e-05,1.51035e-05,4.01781e-05,5.12064e-05,2.13064e-05,1.01289e-05,9.3366e-05,1.28951e-05,3.63807e-05,0.000132128,3.27036e-05,6.96282e-05,3.82924e-05,2.42829e-05,1.95315e-05,2.0491e-05,2.44829e-05,6.55505e-05,2.49957e-05,8.5249e-05,5.32685e-06,3.33449e-06,2.92762e-06,1.43378e-05,4.49142e-06,2.77849e-06,5.98962e-05,1.39403e-06,7.54255e-06,0.000105527,1.14823e-05,1.53067e-05,3.36787e-05,5.57667e-05,6.84184e-05,8.33992e-07,4.02965e-05,0.000157867,0,6.88953e-06,0,1.27727e-05,0,3.54631e-05,0.00015027,1.9084e-05,8.6268e-06,2.52541e-05,2.225e-05,1.45248e-05,4.68432e-05,1.40285e-05,0,1.6008e-05,2.28609e-05,0,8.89655e-06,7.47391e-06,5.25896e-05,3.57512e-06,1.34941e-05,6.42269e-05,6.03267e-05,1.29052e-06,4.25426e-05,3.68411e-05,2.92261e-05,3.54318e-06,9.27452e-06,1.7892e-05,3.32071e-05,3.11849e-05,1.63583e-05,2.89438e-05,4.32626e-06,2.3981e-06,2.80778e-06,9.8295e-06,1.13341e-05,3.6568e-06,0.000113402,0.000134847,5.90372e-06,4.59155e-05,6.32927e-06,5.74218e-05,2.05476e-06,0.000174924,2.79466e-05,0.000134174,3.78127e-06,2.11018e-05,1.82325e-05,0,2.12808e-05,5.07259e-06,1.09631e-05,0,5.65502e-06,1.61365e-05,0.000119032,8.7113e-06,0,2.96726e-05,1.90829e-06,2.52491e-06,4.0573e-06,3.5924e-06,3.39398e-06,1.64592e-05
"PWY-5384: sucrose degradation IV (sucrose phosphorylase)",0.000208182,0.000187607,0.000148747,7.91979e-05,0.00012611,0.000229372,0.000220691,0.000247736,0.00033987,0.000146984,0.000119478,0.000193625,4.33235e-05,0.000176078,0.00018204,0.000112453,0.000144003,0.000102871,0.00011585,5.95961e-05,0.000111607,0.000114105,9.2805e-05,0.00013661,0.000131605,0.000232925,0.000230025,0.000486024,0.000165392,0.000328395,0.000223818,0.000174067,0.000169808,0.00013924,0.000271662,0.00029607,0.00021643,0.000271993,0.000266316,0.000147172,0.00010436,0.000147674,8.4092e-05,0.000245214,0.000316279,0.000260245,7.93381e-05,0.000181563,7.55247e-05,0.000494872,0.00019822,0.000200212,0.000270717,6.7056e-05,0.000181337,0.000322218,0.000278232,0.000416752,0.00033127,0.000151275,0.000159192,0.00012427,0.000195667,0.000115956,7.28439e-05,0.000141569,0.000228165,0.000164396,0.000140346,9.1055e-05,0.000131891,0.000225768,0.000202394,0.000208812,9.59035e-05,0.000375531,0.000193763,6.50566e-05,0.000161275,0.000346453,0.000391969,0.000139486,0.000159766,3.10833e-05,0.000102825,0.000169615,0.000340346,0.0003552,0.000150077,0.000759268,0.000223547,0.000410937,0.00018035,0.000251318,0.000171126,9.62611e-05,8.9202e-05,7.91062e-05,0.000155857,9.03832e-05,0.000353156,0.000527934,0.000110638,0.000121993,7.4993e-05,0.000102943,0.00015339,0.000244666,0.000218589,6.55309e-05,0.000501269,0.000115391,0.000156138,0.00015554,0.000159278,0.000227407,0.000286361,0.000100298,0.000156187,8.39241e-05,0.000136163,9.00648e-05,5.49779e-05,0.000319299,0.000139734,8.16597e-05,0.000260767,0.000291303,0.000125742,7.81812e-05,9.96658e-05,0.000246838,8.76692e-05,0.000208574,0.000117725,0.000220355,0.000104191,5.58787e-05,1.99652e-05,5.19546e-05,9.90941e-05,0.00024527,0.000130424,9.46886e-05,0.000217126,9.07391e-05,0.000149651,0.000108408,8.3705e-05,7.48614e-05,0.000109143,7.23335e-05,6.52187e-05,0.000172955,0.00017056,8.4001e-05
"PWY-5392: reductive TCA cycle II",2.07288e-06,0,0,0,0,0,2.0603e-06,0,7.70997e-07,0,1.65411e-06,7.00284e-06,0,0,4.02132e-06,0,0,0,0,2.94408e-06,0,0,0,0,0,0,0,1.8182e-06,0,3.469e-06,1.00543e-06,0,0,1.22554e-06,0,0,6.60589e-06,0,0,0,3.38944e-06,0,0,0,0,0,0,0,0,5.6033e-07,0,0,0,0,8.84128e-06,0,0,0,4.98327e-06,2.47252e-06,3.92247e-06,0,3.97162e-06,0,5.46835e-06,1.81837e-05,0,0,9.32956e-07,0,0,0,1.84667e-05,0,0,5.23e-06,7.34362e-06,0,1.20952e-05,0,0,0,0,0,0,0,0,0,0,0,6.06161e-06,1.22489e-06,0,0,1.69821e-05,7.6407e-06,0,0,2.0394e-06,2.94836e-06,0,0,0,0,0,0,0,6.70316e-06,3.6178e-06,0,0,1.66239e-05,2.11822e-06,1.78347e-05,0,0,5.1166e-06,0,0,2.5222e-06,0,0,0,0,2.3251e-06,4.83724e-06,1.01571e-06,3.56416e-06,0,7.1614e-07,0,5.22428e-06,0,4.7034e-07,2.19811e-06,3.60645e-06,4.98977e-06,1.02242e-05,6.83685e-07,1.63235e-06,0,0,6.89007e-06,0,2.20207e-06,0,3.88067e-06,0,0,1.67753e-06,0,0,0,0,0,0
"PWY-5415: catechol degradation I (meta-cleavage pathway)",0,0,0,0,0,0,0,8.23125e-07,0,0,0,0,0,0,0,0,0,0,0,0,0,0,0,0,0,0,2.13033e-05,0,0,7.77001e-06,1.8161e-06,7.30687e-06,0,0,0,2.10895e-06,4.2152e-07,0,0,1.11488e-06,0,0,0,0,0,0,0,0,0,0,0,6.7293e-06,0,0,0,8.49975e-07,0,0,0,0,0,0,0,0,0,4.47448e-06,1.47494e-06,0,0,0,0,0,4.50323e-06,0,0,0,0,0,5.18784e-07,0,0,0,0,0,0,6.6652e-06,0,0,0,0,6.64647e-07,0,0,0,2.41559e-06,7.23927e-06,0,0,0,0,2.38389e-06,0,0,0,0,0,7.52093e-07,2.24665e-06,0,0,0,0,0,1.40139e-06,0,0,3.70344e-06,0,0,5.23825e-06,0,0,0,0,0,1.23287e-06,0,3.9909e-06,0,0,0,0,0,2.68326e-06,0,3.06443e-05,0,4.16208e-06,0,0,0,0,0,0,0,0,1.14206e-06,0,0,0,0,0,0,0,0,0
"PWY-5417: catechol degradation III (ortho-cleavage pathway)",0,0,0,0,0,0,0,0,0,0,0,0,0,0,0,0,0,0,0,0,0,0,0,0,0,0,1.9703e-05,3.28067e-05,0,8.91822e-06,6.40654e-07,1.1073e-06,0,0,0,0,1.81022e-05,0,7.32875e-05,3.38453e-06,0,0,0,0,0,0,0,0,0,0,0,0,0,0,0,0,0,0,0,0,0,0,0,0,0,3.75505e-06,0,0,0,0,0,0,0,0,0,0,0,0,0,0,0,0,0,0,0,0,0,0,0,0,0,0,0,0,0,0,0,0,0,0,3.26625e-06,0,0,0,0,0,0,0,2.09588e-06,0,0,0,0,1.06416e-06,0,0,4.67689e-05,0,0,0,0,0,0,0,4.74365e-06,0,0,0,0,0,0,9.82168e-06,0,2.05792e-05,0,4.14284e-05,0,0,0,0,1.05878e-05,0,0,0,0,0,0,0,0,0,0,0,0,0,0,0
"PWY-5419: catechol degradation to 2-hydroxypentadienoate II",0,0,0,0,0,0,0,0,0,0,0,0,0,0,0,0,0,0,0,0,0,0,0,0,0,0,0,0,0,0,0,0,0,0,0,0,0,0,0,0,0,0,0,0,0,0,0,0,0,0,0,0,0,0,0,0,0,0,0,0,0,0,0,0,0,7.10557e-07,0,0,0,0,0,0,1.07851e-06,0,0,0,0,0,0,0,0,0,0,0,0,0,0,0,0,0,0,0,0,0,7.00786e-07,0,0,0,0,0,0,0,0,0,0,0,0,0,0,0,0,0,0,0,0,0,0,0,0,0,0,0,0,0,0,0,0,0,0,0,0,0,0,0,0,0,0,0,0,0,0,0,0,0,0,0,0,0,0,0,0,0,0,0,0,0
"PWY-5420: catechol degradation II (meta-cleavage pathway)",0,0,0,0,0,0,0,0,0,0,0,0,0,0,0,0,0,0,0,0,0,0,0,0,0,0,0,0,0,0,0,0,0,0,0,0,0,0,0,0,0,0,0,0,0,0,0,0,0,0,0,0,0,0,0,0,0,0,0,0,0,0,0,0,0,1.23322e-06,0,0,0,0,0,0,1.8706e-06,0,0,0,0,0,0,0,0,0,0,0,0,0,0,0,0,0,0,0,0,0,1.05666e-06,0,0,0,0,0,0,0,0,0,0,0,0,0,0,0,0,0,0,0,0,0,0,0,0,0,0,0,0,0,0,0,0,0,0,0,0,0,0,0,0,0,0,0,0,0,0,0,0,0,0,0,0,0,0,0,0,0,0,0,0,0
"PWY-5431: aromatic compounds degradation via &beta;-ketoadipate",0,0,0,0,0,0,0,0,0,0,0,0,0,0,0,0,0,0,0,0,0,0,0,0,0,0,1.9703e-05,3.28067e-05,0,8.91822e-06,6.40654e-07,1.1073e-06,0,0,0,0,1.81022e-05,0,7.32875e-05,3.38453e-06,0,0,0,0,0,0,0,0,0,0,0,0,0,0,0,0,0,0,0,0,0,0,0,0,0,3.75505e-06,0,0,0,0,0,0,0,0,0,0,0,0,0,0,0,0,0,0,0,0,0,0,0,0,0,0,0,0,0,0,0,0,0,0,3.26625e-06,0,0,0,0,0,0,0,2.09588e-06,0,0,0,0,1.06416e-06,0,0,4.67689e-05,0,0,0,0,0,0,0,4.74365e-06,0,0,0,0,0,0,9.82168e-06,0,2.05792e-05,0,4.14284e-05,0,0,0,0,1.05878e-05,0,0,0,0,0,0,0,0,0,0,0,0,0,0,0
"PWY-5464: superpathway of cytosolic glycolysis (plants), pyruvate dehydrogenase and TCA cycle",1.00034e-05,1.79784e-06,3.14018e-06,0,0,9.32307e-06,5.56963e-06,0,8.27324e-06,0,2.65074e-06,0,0,0,0,0,2.61848e-06,0,5.25346e-06,0,0,0,2.4746e-06,4.32508e-06,8.47919e-06,0,4.65335e-06,8.72184e-06,4.32736e-06,4.82032e-06,1.06285e-05,1.43444e-05,1.83982e-06,3.42423e-06,0,0,1.5694e-05,0,2.25416e-05,0,5.27962e-06,8.55861e-06,0,2.06567e-06,8.20223e-06,5.30011e-06,0,9.35746e-06,0,1.46534e-05,0,0,4.82379e-06,0,5.81967e-06,0,7.86088e-06,1.68672e-06,1.03418e-05,2.43241e-06,1.40766e-05,2.55461e-06,0,7.95289e-06,9.53314e-06,9.73821e-06,0,0,0,0,2.81638e-06,3.17984e-06,1.02847e-05,4.97047e-06,0,0,1.33029e-05,2.35029e-06,3.03268e-06,0,0,6.89686e-06,0,0,0,1.15336e-05,9.54147e-06,7.22344e-06,0,1.04477e-05,2.41941e-06,6.92374e-06,2.50833e-06,2.49784e-06,1.16331e-05,0,8.68949e-06,4.37992e-06,0,0,0,0,3.69975e-06,0,1.95174e-06,6.38669e-06,7.25074e-06,0,3.60754e-06,0,0,0,1.22413e-05,2.27311e-05,2.42047e-06,0,0,0,1.24502e-05,7.27632e-06,0,1.57622e-05,0,5.21402e-06,1.22711e-05,0,1.54256e-05,0,0,6.1784e-06,0,1.98648e-05,0,0,0,1.93224e-05,0,4.69626e-06,2.20531e-06,0,0,0,1.13672e-05,0,1.02386e-05,3.19106e-06,8.29032e-06,0,0,0,9.69903e-06,0,1.32918e-05,1.00821e-05,0,2.47154e-06
"PWY-5484: glycolysis II (from fructose 6-phosphate)",0.000274847,0.000270052,0.000207858,0.000152543,0.000250966,0.000256318,0.000317215,0.000290756,0.000418592,8.78856e-05,0.000115906,0.000388064,0.000228908,0.000143517,0.000158818,0.000173202,0.000198187,0.000189837,0.000129587,0.000167675,0.000143201,9.79872e-05,0.000104695,0.000198296,0.000146928,0.000293269,0.000219969,0.000400994,0.000222661,0.000394106,0.000318637,0.00024336,0.000229741,0.000196666,4.92107e-05,0.000259631,0.000293673,0.000127575,0.000371349,0.000155742,0.00023474,0.000201456,0.000125225,0.000381495,0.000110784,0.000311077,0.000100593,0.000377783,0.000146022,0.000488519,0.000293987,0.000439024,0.000368902,0.000265784,0.000316454,0.000462014,0.000104079,0.000428083,0.00015507,0.000285832,0.000163331,8.04195e-05,0.000352733,0.000122803,0.000307315,0.000272733,0.000262668,0.000220201,0.000255732,0.00022193,0.000176292,0.000119366,0.000382121,0.000138039,0.000111073,0.000424855,0.000369766,0.000126096,0.000232852,0.000397581,0.0004314,0.000113772,9.59275e-05,6.3568e-06,0.000363007,0.000276166,0.00039984,0.000457728,0.000181522,0.000525479,0.000422274,0.000432646,8.18265e-05,0.00027441,0.000358168,0.000190979,0.000104544,0.000136838,0.000130315,0.000261604,0.000401869,0.000207977,0.000104136,0.000259546,0.000163491,0.000220433,0.000257243,0.000363267,0.000351406,6.34422e-05,0.000515128,0.000274355,0.000305841,0.00023028,0.000165321,0.000176021,0.000194703,0.000136413,0.000265474,0.000257121,0.00014851,0.000217337,0.00015238,0.000139535,0.000244351,0.000139675,0.000309314,0.000449153,0.00020496,0.000145719,0.000257642,0.000226224,0.000134545,0.000389481,0.000194879,0.000397777,5.41484e-05,0.000246128,0.000136298,0.000198211,0.000275019,0.000163035,0.000250687,0.000131347,0.000177131,0.000245485,0.000175093,0.000322737,0.000244855,0.000156618,0.000121019,0.000234024,0.000120546,0.000303844,0.000116938,0.000272708
"PWY-5494: pyruvate fermentation to propanoate II (acrylate pathway)",0,0,4.8501e-06,2.0626e-06,0,0,0,0,0,0,5.5339e-06,4.8247e-06,1.06519e-05,0,0,3.362e-06,1.02856e-06,0,0,9.3229e-06,5.75139e-06,0,9.95102e-07,0,6.62068e-06,0,0,0,0,0,0,3.57557e-06,0,0,0,0,9.6477e-06,1.48531e-06,2.78365e-06,1.97879e-06,0,0,0,0,0,0,0,3.97817e-06,0,0,0,0,0,0,0,0,0,0,0,0,7.32183e-06,0,0,0,2.96404e-06,0,0,0,5.57017e-07,1.37824e-05,4.58872e-06,1.54334e-05,0,0,1.02883e-06,0,0,3.64704e-06,3.39861e-07,0,0,7.34341e-06,0,0,0,0,3.50612e-06,0,0,0,0,1.12765e-06,0,0,0,0,6.63538e-07,0,0,0,0,0,0,1.56856e-06,8.66191e-06,2.93804e-06,0,3.3587e-06,0,9.25821e-07,0,0,0,8.22795e-07,9.46935e-07,2.08593e-06,0,0,0,0,0,1.01108e-06,7.91323e-06,5.5695e-06,9.36616e-06,1.10247e-05,0,0,0,1.25612e-06,1.58753e-06,0,1.12035e-06,0,1.47654e-05,0,4.26489e-06,0,0,1.23646e-06,0,8.85827e-07,0,2.34202e-06,5.13641e-06,8.21181e-07,3.24717e-06,0,9.10877e-07,2.85206e-06,4.34678e-06,1.33807e-06,0,2.50516e-06,0,9.35623e-06
"PWY-5497: purine nucleobases degradation II (anaerobic)",0,7.35411e-06,0,6.96587e-06,1.11264e-05,1.79503e-05,4.82227e-06,2.14884e-06,6.30166e-05,4.08116e-06,1.90022e-05,4.41032e-05,5.33546e-06,6.54386e-06,0,1.63761e-05,3.03765e-06,0,7.61641e-06,2.83058e-05,1.0734e-05,3.72785e-05,1.68389e-05,1.30418e-05,1.81073e-05,0,7.33278e-05,5.53155e-05,3.62573e-05,0.000181158,2.4109e-05,2.08946e-05,0,3.03102e-06,1.55897e-05,4.99605e-05,9.181e-05,7.3969e-06,6.20069e-05,8.59921e-06,1.8378e-05,1.61489e-06,6.89072e-06,0.000111748,5.95069e-05,4.53661e-06,1.14362e-05,0,7.23445e-06,7.6027e-07,0,8.81896e-06,6.94061e-05,5.74661e-06,3.37683e-05,8.13478e-05,8.29312e-06,7.25327e-05,1.47658e-05,3.01694e-05,1.99456e-05,1.34819e-05,1.72671e-05,1.48889e-05,2.81349e-05,6.75699e-05,1.72833e-06,0,1.75879e-05,7.44192e-06,3.73454e-05,2.48952e-05,8.10046e-05,4.04037e-05,1.25004e-05,0.000123114,7.99507e-05,1.69776e-05,5.93158e-05,0,4.30037e-06,3.38561e-05,0,0,4.29276e-06,6.03629e-05,2.72989e-06,1.99139e-05,6.85665e-06,0,0.000146667,8.18367e-06,6.19749e-06,3.27134e-05,1.56772e-05,2.05302e-05,3.50921e-05,0,0,3.8417e-05,5.73335e-06,0,3.18289e-05,0,2.10985e-05,6.88006e-06,1.32141e-05,6.72872e-05,2.14715e-05,9.8898e-06,5.03949e-06,5.89396e-05,0,2.39614e-05,3.2516e-05,1.92894e-06,5.44843e-05,0,0,2.41904e-05,4.5005e-05,2.23825e-05,1.95438e-05,1.71547e-05,6.29679e-05,2.73447e-05,0.000187741,0.000141311,1.53355e-05,6.36951e-05,1.90338e-05,2.26906e-05,9.41314e-06,0.000112932,5.15051e-05,7.3125e-05,2.94907e-05,2.73912e-05,1.54145e-05,4.35599e-05,6.85498e-05,4.33309e-05,6.2299e-05,0,2.73445e-05,3.88503e-05,3.71432e-05,2.46529e-05,3.31352e-05,2.91563e-05,1.39164e-05,3.2169e-05,2.75801e-05,2.06686e-05,1.89608e-05,4.05543e-05
"PWY-5505: L-glutamate and L-glutamine biosynthesis",0.000120286,4.85272e-05,3.41781e-05,6.42347e-05,1.24982e-05,1.50441e-05,1.48812e-05,1.27328e-06,7.42841e-05,2.42359e-05,4.90622e-05,7.55576e-05,2.97459e-05,2.27164e-05,1.42935e-06,6.94929e-05,6.37443e-06,9.57356e-06,2.17015e-05,6.23812e-05,1.39256e-05,5.21172e-05,6.07336e-05,4.79449e-05,4.82096e-05,1.27622e-05,3.21954e-05,6.86908e-05,0.000113941,2.26623e-05,4.37939e-05,2.7061e-05,2.2778e-06,2.0474e-06,8.94704e-06,7.74492e-05,0.000112852,4.48669e-05,8.62575e-05,1.67307e-05,6.0599e-05,3.79043e-06,1.01876e-05,0.000129126,4.29695e-05,4.80754e-06,3.09739e-05,1.03455e-05,1.3916e-05,1.66693e-05,0,3.225e-05,7.2274e-05,2.85494e-05,8.79988e-05,2.44507e-05,1.29556e-05,0.000135128,2.96578e-05,4.51761e-05,4.14724e-05,1.0561e-05,6.47825e-05,1.52473e-05,4.31969e-05,8.25381e-05,8.39256e-06,6.29697e-06,6.83733e-05,5.59736e-05,6.88343e-05,8.16313e-05,7.97634e-05,0.000127637,9.58109e-05,6.5773e-05,8.97853e-05,2.86383e-05,8.61797e-05,0,2.27351e-05,0.00011138,0,0,1.57857e-05,8.93437e-05,1.81178e-06,4.28655e-05,4.45298e-05,4.12199e-06,8.47603e-05,1.98546e-05,1.42627e-05,2.81826e-05,1.8594e-05,5.49583e-05,4.40088e-05,1.54274e-05,7.80135e-06,4.8003e-05,1.86219e-05,2.42517e-05,2.48943e-05,2.63022e-05,2.93586e-05,2.72552e-05,2.13944e-05,0.000164146,8.50347e-05,4.53964e-05,4.30943e-06,5.57097e-05,1.30805e-05,4.65112e-05,9.02359e-05,1.40012e-05,5.25357e-05,1.55816e-06,2.29074e-05,5.54568e-05,8.76975e-05,4.97721e-05,6.81514e-05,5.63165e-05,0.000118138,5.66208e-05,0.000134133,1.90448e-05,8.72786e-05,0.000100941,8.07225e-05,2.53893e-05,4.78447e-05,1.05536e-06,0.000134098,7.79676e-05,1.95164e-05,5.19071e-05,5.06051e-05,4.87171e-05,0.000103331,9.81151e-05,8.08186e-05,5.98259e-06,0.000104423,8.16139e-05,4.64445e-05,6.51525e-05,6.00638e-05,5.2175e-05,8.38017e-05,7.59902e-05,6.02299e-05,1.41237e-05,0.000110434,6.69018e-05
"PWY-5514: UDP-N-acetyl-D-galactosamine biosynthesis II",0,0,0,0,0,0,0,0,1.16955e-06,0,0,0,0,0,0,0,0,0,0,0,0,0,0,0,0,0,0,6.74527e-06,0,0,0,3.88895e-06,0,0,0,0,0,0,0,0,0,0,0,0,0,0,0,0,0,0,0,0,0,0,0,0,0,0,0,0,0,0,0,0,9.91668e-07,1.65716e-06,0,0,0,0,0,0,5.93013e-07,0,0,0,7.24653e-07,0,0,0,0,0,0,0,0,0,0,0,0,0,0,0,0,0,1.33577e-06,0,0,0,0,0,0,0,5.8842e-06,0,0,0,0,0,0,0,0,0,0,0,0,0,0,0,0,0,0,0,0,0,0,0,0,0,0,1.24333e-06,0,0,0,0,0,0,0,0,0,0,0,0,0,0,0,0,0,0,0,0,0,0,0,0,0,0
"PWY-5531: 3,8-divinyl-chlorophyllide a biosynthesis II (anaerobic)",0,0,0,0,0,0,0,0,0,0,0,0,0,0,0,0,0,0,0,2.51976e-06,0,0,0,0,0,0,0,0,0,0,0,0,0,0,0,0,5.59367e-07,0,9.39013e-07,0,0,0,0,0,3.08429e-06,0,0,0,0,0,0,0,0,0,0,0,0,0,0,0,0,0,1.19306e-05,0,0,0,0,0,8.96204e-07,0,0,0,0,0,0,0,0,0,1.20604e-06,0,4.63373e-06,0,0,0,0,8.06286e-07,0,7.09519e-07,0,0,0,0,0,0,8.65355e-07,0,0,0,0,0,0,0,0,0,0,0,0,0,0,0,0,0,0,9.70663e-07,0,0,0,0,0,0,0,0,0,0,0,0,0,0,0,0,0,0,0,0,0,0,2.08215e-06,0,0,1.04737e-06,0,0,0,0,2.11273e-06,0,3.79804e-06,0,0,0,0,0,0,0,0,2.26343e-06
"PWY-561: superpathway of glyoxylate cycle and fatty acid degradation",0,0,0,0,0,3.78879e-06,1.38175e-05,0,0.000211491,0,4.19742e-06,0.000111353,1.01472e-05,0,0,0,0,0,0,3.93064e-05,5.72158e-06,9.09256e-06,2.56999e-06,0,0,0,9.189e-05,8.17087e-05,3.11364e-06,0.000370274,1.06146e-06,1.95234e-06,0,0,0,3.50976e-05,0.000123885,0,0.000175377,1.34908e-05,7.10486e-05,4.15841e-06,0,0.000222327,3.51922e-05,0,7.31397e-06,0,6.88506e-06,9.39702e-06,1.29504e-06,6.13697e-06,0.000189011,0,8.05237e-05,0.000296271,1.47553e-05,0.000137917,1.61406e-05,4.87655e-05,9.61882e-06,0,7.6704e-05,0,2.88206e-05,0.000132669,7.21489e-06,0,1.41997e-05,0,4.98262e-06,0,0.000169539,7.8623e-06,0,0.000211662,3.59324e-05,1.87026e-06,0.000100775,0,7.35699e-06,0,0,0,0,1.90167e-05,0,6.17121e-06,0,0,0.000273414,0,0,1.6826e-05,7.31438e-06,6.05975e-05,2.34926e-06,0,0,6.26026e-05,7.96716e-06,0,3.28199e-06,0,2.51593e-06,0,3.78356e-06,0.000161534,8.14234e-05,2.27464e-06,1.84867e-06,7.6376e-05,0,1.61295e-05,3.19098e-06,0,0.000101317,0,0,6.92441e-05,0,1.01141e-05,0,0,4.58055e-05,9.87769e-06,0.000158447,0.000304855,1.23009e-06,1.7461e-05,3.35306e-06,2.15837e-05,0,0.000310064,1.53592e-05,2.8838e-05,1.34072e-05,5.31423e-05,5.60727e-06,0,6.51342e-05,0,2.45495e-05,0,4.86178e-06,2.62395e-06,5.71974e-05,2.75786e-06,0,0,0,0,9.93021e-06,7.49918e-06,0,8.7538e-06
"PWY-5647: 2-nitrobenzoate degradation I",0,0,0,0,0,0,0,0,0,0,0,0,0,0,0,0,0,0,0,0,0,0,0,0,0,0,1.59846e-06,0,0,0,0,0,0,0,0,0,0,0,0,0,0,0,0,0,0,0,0,0,0,0,0,0,0,0,0,0,0,0,0,0,0,0,0,0,0,1.25596e-06,0,0,0,0,0,0,0,0,0,0,0,0,0,0,0,0,0,0,0,0,0,0,0,0,0,0,0,0,0,0,0,0,0,0,0,0,0,0,0,0,0,0,0,0,0,0,0,0,0,0,0,0,0,0,0,0,0,0,0,0,0,0,0,0,0,0,0,0,0,0,0,0,0,0,0,0,0,0,0,0,0,0,0,0,0,0,0,0,0,0
"PWY-5651: L-tryptophan degradation to 2-amino-3-carboxymuconate semialdehyde",0,0,0,0,0,0,0,0,0,0,0,0,0,0,0,0,0,0,0,0,0,0,0,0,0,0,0,0,0,0,0,0,0,0,0,0,0,0,0,0,0,0,0,0,0,0,0,0,0,0,0,0,0,0,0,0,0,0,0,0,0,0,0,0,0,1.23068e-06,0,0,0,0,0,0,0,0,0,0,0,0,0,0,0,0,0,0,0,0,0,0,0,0,0,0,0,0,0,0,0,0,0,0,0,0,0,0,0,0,0,0,0,0,0,0,0,0,0,0,0,0,0,0,0,0,0,0,0,0,0,0,0,0,0,0,0,0,0,0,0,0,0,0,0,0,0,0,0,0,0,0,0,0,0,0,0,0,0,0
"PWY-5654: 2-amino-3-carboxymuconate semialdehyde degradation to 2-hydroxypentadienoate",0,0,0,0,0,0,0,0,0,0,0,0,0,0,0,0,0,0,0,0,0,6.17459e-08,0,0,0,0,7.12474e-06,0,0,3.87287e-06,0,0,0,0,0,0,0,0,1.60909e-05,1.6721e-07,0,0,0,0,0,0,0,0,0,0,0,0,0,0,2.92908e-07,0,0,0,0,0,0,0,0,0,7.25335e-07,1.3302e-06,0,0,0,0,0,0,0,0,0,0,0,0,0,0,0,0,0,0,0,0,0,0,0,0,0,0,0,0,0,9.56307e-07,0,0,0,0,0,0,0,0,0,0,0,0,1.35983e-07,0,0,0,0,0,0,0,0,0,0,0,0,0,0,0,2.57577e-07,0,0,0,0,0,0,0,0,0,0,0,0,0,0,0,9.67749e-08,0,7.43387e-07,0,0,0,0,0,0,0,0,0,0,0,0,0
"PWY-5656: mannosylglycerate biosynthesis I",0,0,0,0,0,0,5.23885e-06,0,0.000104083,0,0,6.0424e-05,6.14875e-06,0,0,0,0,0,0,1.66948e-05,9.80045e-07,7.80856e-07,0,0,0,0,7.3294e-06,1.11466e-05,1.31177e-06,0.000216313,0,0,0,0,0,1.2701e-05,5.53312e-05,0,0,0,2.60878e-05,5.53105e-07,0,0.00013199,1.37259e-05,0,0,0,0,2.13398e-06,0,0,0.000116658,0,3.77022e-05,0.000184642,2.87492e-06,0.000102442,1.75266e-06,1.778e-05,4.43489e-06,0,2.8548e-05,0,6.61579e-06,7.23365e-05,9.0547e-07,0,3.98218e-06,0,8.5634e-07,0,0.00011979,2.47251e-06,0,0.000132346,8.56643e-06,2.7707e-07,6.92538e-05,0,2.69519e-06,0,0,0,0,6.99643e-06,0,5.51955e-07,0,0,0.000176085,0,0,6.25832e-06,0,2.05735e-05,0,0,0,2.68277e-05,0,0,4.29509e-06,0,4.61161e-07,0,0,6.14632e-06,3.91109e-05,0,0,1.83352e-05,0,0,0,0,0,0,0,2.2619e-05,0,3.99096e-06,0,5.16147e-07,0,1.18593e-06,7.1947e-05,0.000216354,0,3.6417e-06,6.9988e-07,2.32363e-06,0,0.000151206,2.84331e-06,0,5.17315e-06,1.43942e-05,0,0,2.88638e-05,0,1.53531e-05,0,8.70299e-07,2.30927e-06,1.67712e-05,0,7.89891e-07,0,0,0,8.93791e-07,3.55273e-06,0,1.40327e-06
"PWY-5659: GDP-mannose biosynthesis",0.000205343,0.000158794,0.000179539,8.25109e-05,0.000240726,0.000201691,0.000103976,0.000128947,0.000169351,0.000170784,0.000113061,0.000125625,3.2975e-05,0.000133005,0.00027437,0.000124478,0.000127485,0.000127047,0.000139436,0.000114662,8.49873e-05,0.000215857,0.000151562,0.000100082,0.00012035,0.000151761,0.000103725,0.00010727,0.000149503,0.000299597,0.000194024,0.00020664,7.41426e-05,0.000133784,0.000136063,0.000236296,0.000166737,0.000199663,0.000155195,0.000127938,0.00012104,0.000150149,0.000120645,0.000260939,0.000124033,6.79453e-05,0.000125899,0.000112401,8.07345e-05,0.000162987,0.000131421,0.000213505,0.000201042,6.30884e-05,0.000162544,0.000320467,0.00033471,0.000183007,8.59551e-05,0.000155365,0.000190946,0.000160764,0.000112273,7.9865e-05,9.95876e-05,0.000140931,7.12106e-05,0.000119717,6.78596e-05,7.99932e-05,0.000194434,0.000221423,0.000220305,0.000196602,0.00010224,0.00019165,0.000160216,5.05296e-05,0.0001807,0.00016062,0.000111716,0.00014132,0.000159477,7.15085e-05,9.61808e-05,0.000169522,0.000180571,0.00011855,0.00015938,0.000105607,0.000304705,0.000194298,0.000177729,0.000186807,7.8824e-05,0.000146201,0.000182279,0.000258874,0.000199527,0.00012631,0.000128914,4.62758e-05,0.000195472,0.000133923,9.53021e-05,8.98966e-05,0.000179642,0.00011716,9.73781e-05,9.01799e-05,3.5539e-05,0.000144939,0.000175662,0.000134126,0.00017071,0.000115084,0.000120408,0.000181052,0.000153889,9.04429e-05,0.000209912,8.9401e-05,0.000267432,0.000261728,0.000145096,0.000119755,0.000255564,0.000277819,9.22556e-05,0.000122317,0.000116954,0.000187243,9.14144e-05,0.000291966,0.000161666,0.000179416,0.000140028,0.00010349,5.5098e-05,0.000157251,0.0001386,0.000184813,0.000118704,0.000331365,0.000209271,0.000156355,0.000104042,9.78331e-05,0.000150278,9.59011e-05,0.00016297,0.000101029,0.000134882,0.000123377,0.000180633,0.000134771
"PWY-5667: CDP-diacylglycerol biosynthesis I",0.00059625,0.000552999,0.000580097,0.000541836,0.000626169,0.000466046,0.000529135,0.000594012,0.000467619,0.000572151,0.000522014,0.0004636,0.000304003,0.000598785,0.000695879,0.000628379,0.000596901,0.000540579,0.000587455,0.000289876,0.000582655,0.000621864,0.000508931,0.000494091,0.000568093,0.000557647,0.000619968,0.000339271,0.000560308,0.000374404,0.000701951,0.000641868,0.000721266,0.000583085,0.000687251,0.000452839,0.000369123,0.000646545,0.000327025,0.000483458,0.000444336,0.000572026,0.000596045,0.000381688,0.000548567,0.000605205,0.000469693,0.000546817,0.000505058,0.000480893,0.000527629,0.000455065,0.000417734,0.000443262,0.000443077,0.000503381,0.000697372,0.000448863,0.000689752,0.000453635,0.000520604,0.000746681,0.000381902,0.000579786,0.000333546,0.000326765,0.000482514,0.000585631,0.000533734,0.000386771,0.000501535,0.000553758,0.000385077,0.000464724,0.000544877,0.000417731,0.000480892,0.000295025,0.000337025,0.000539343,0.000432105,0.000516388,0.000606481,0.000724597,0.000278503,0.000461511,0.000557682,0.000358692,0.000569701,0.000406775,0.000486496,0.000490207,0.000663064,0.000679713,0.000640156,0.000369076,0.000564092,0.000676312,0.000629406,0.000427629,0.000461077,0.000588547,0.000591805,0.000569261,0.000493571,0.000359032,0.000548992,0.000419583,0.000473526,0.000388958,0.000409798,0.000509818,0.000599707,0.000447184,0.000449682,0.000587302,0.000514389,0.000545571,0.000554832,0.000360654,0.000606929,0.000353227,0.000459932,0.000558199,0.000503503,0.00043719,0.000436331,0.000402753,0.000553681,0.000567219,0.000436719,0.000555773,0.0003381,0.000445375,0.000506089,0.000421106,0.000542956,0.000399044,0.000359178,0.000392154,0.000506369,0.00051136,0.000515795,0.00050207,0.000517874,0.000493588,0.000520852,0.000619127,0.000478995,0.000431717,0.000520258,0.000543058,0.000528765,0.000631442,0.000575488,0.000402804
"PWY-5675: nitrate reduction V (assimilatory)",8.89156e-07,0,0,0,0,3.87476e-06,1.12879e-05,0,0.00032414,0,1.4141e-06,0.000123588,4.38147e-06,0,0,0,0,0,0,2.24902e-05,1.95745e-06,1.27122e-06,1.85313e-06,0,3.02811e-06,0,3.25602e-05,7.88242e-05,6.77648e-07,0.000350504,4.32317e-07,3.36949e-06,0,0,0,2.69441e-05,0.000126848,4.08682e-07,2.44165e-05,4.46229e-06,4.70269e-05,5.57799e-07,0,0.000321667,2.96394e-05,0,2.59829e-06,0,4.21299e-06,4.37212e-06,0,0,0.000242479,6.91347e-07,9.23454e-05,0.000260164,9.09456e-06,0.000192165,9.05101e-06,3.24027e-05,5.21022e-06,0,7.81005e-05,1.32352e-06,1.94613e-05,0.000120337,5.26987e-06,0,6.19441e-06,0,8.65613e-06,0,0.000188701,9.42567e-06,6.72976e-07,0.000280735,2.66742e-05,7.60422e-07,0.000102202,0,2.74741e-06,0,0,0,0,9.84327e-06,0,0,0,0,0.000361493,0,0,1.16657e-05,3.04197e-06,5.01855e-05,2.28691e-06,0,0,3.79445e-05,1.59573e-06,0,1.80022e-05,0,3.18884e-06,0,1.36084e-06,0.000198611,7.85504e-05,0,1.39898e-06,5.47498e-05,7.08826e-07,6.52779e-06,7.32903e-07,0,4.7061e-05,0,0,5.6155e-05,0,6.09621e-06,0,1.2737e-06,1.22834e-05,5.75716e-06,0.000138512,0.000413271,9.44125e-07,9.01686e-06,3.13858e-06,5.70165e-06,4.12183e-07,0.000234589,7.12933e-06,0.000114866,7.60447e-06,3.68086e-05,2.29712e-06,0,5.08648e-05,0,1.87432e-05,0,7.37201e-06,2.05542e-06,3.98848e-05,0,1.24226e-06,0,0,7.13253e-07,8.01485e-06,5.10988e-06,0,6.35037e-06
"PWY-5676: acetyl-CoA fermentation to butanoate II",0.000170665,0.00013768,0.000188069,4.30536e-05,0.000116496,8.06978e-05,5.51372e-05,0.000117996,4.46468e-05,0.000134427,5.33655e-05,0.000158456,6.01638e-05,2.92841e-05,0.000168886,0.000101551,0.0001165,0.000144036,0.00014376,6.58231e-05,0.000116935,0.000137215,8.27979e-05,7.14094e-05,7.58004e-05,2.87857e-05,0.000187802,4.14455e-05,0.000125648,6.50068e-05,0.000108238,0.000120475,0.000145141,7.79492e-05,0.000522976,6.45605e-05,0.000140772,0.000233086,9.3988e-05,1.90118e-05,0.000111785,0.000122721,0.000109884,0.000127696,0.000191329,8.34331e-05,6.83792e-05,0.000199498,8.01684e-05,9.21182e-05,5.87259e-05,0.000133858,0.000204105,9.61379e-05,0.000115199,8.71647e-05,0.000319031,0.000158973,0.000571698,0.000140652,7.24934e-05,0.000115223,0.000125725,0.000113425,6.97867e-05,0.000112287,0.000210442,5.63106e-05,3.46313e-05,4.26399e-05,2.37757e-05,4.09627e-05,7.15795e-05,5.45704e-05,1.39278e-05,0.00011177,5.4165e-05,6.9072e-05,0.00010871,8.86537e-05,0.00011884,3.90231e-05,0.000196654,0.000140174,2.80514e-05,8.77445e-05,0.000164989,0.000153974,5.86602e-05,0.000137502,6.70565e-05,0.00017457,0.000137801,0.000113732,0.00014711,9.74059e-05,8.81341e-05,7.96938e-05,0.000234464,9.14561e-05,5.38166e-05,0.000633781,0.000101033,0.000110966,0.000106467,0.000114446,0.00017302,0.000216599,0.000133035,3.38421e-05,0.000144344,0.000176773,0.000184586,2.89508e-05,4.31992e-05,0.000118082,9.45643e-05,6.89551e-05,0.000134635,9.81018e-05,5.17927e-05,1.82212e-05,2.86215e-05,0.000116274,7.97049e-05,2.96027e-05,7.53627e-05,9.44397e-05,2.9596e-05,7.4469e-05,4.40903e-05,8.16689e-05,1.93031e-05,8.89772e-06,8.39116e-05,0.000172872,0.000137622,2.53344e-05,3.84335e-05,3.83735e-05,0.000167385,6.68756e-05,0.000110343,4.19925e-06,7.27263e-05,6.83487e-05,0.00012998,2.84583e-05,2.82065e-05,6.63862e-05,2.0444e-05,6.67201e-05,9.41876e-06,0.000151848,2.07248e-05,4.36959e-05
"PWY-5677: succinate fermentation to butanoate",2.28719e-06,0,0,0,2.83813e-06,3.14216e-06,0,9.3549e-07,0,0,0,0,0,0,0,0,0,0,0,1.71735e-05,0,0,0,0,0,0,0,0,2.73706e-06,0,1.26903e-06,0,0,0,0,0,9.94068e-06,0,4.29451e-06,0,0,0,0,0,1.49428e-05,0,0,0,0,0,0,0,0,0,0,0,0,0,1.5929e-06,6.06374e-07,0,1.2446e-06,5.40827e-06,0,1.72395e-06,2.01951e-06,1.0352e-06,0,2.72983e-06,1.30975e-05,8.23299e-06,0,5.86988e-06,1.86638e-06,4.36343e-06,2.42991e-06,0,0,4.73139e-06,0,0,1.10865e-06,0,0,0,0,0,2.67278e-06,0,0,0,0,9.13909e-07,0,1.40682e-06,2.2452e-06,0,0,0,0,0,5.40919e-06,0,0,0,0,0,0,0,0,0,1.03478e-06,0,0,4.50089e-06,0,0,0,4.53793e-06,0,1.32043e-06,0,0,0,6.74933e-06,0,5.44321e-06,0,0,7.66216e-07,0,7.17475e-07,0,0,4.89549e-06,0,1.34778e-05,0,1.38969e-06,3.40588e-06,1.20189e-05,1.21684e-06,5.20393e-06,0,6.05877e-06,1.79407e-06,1.0461e-05,1.91299e-06,5.53729e-06,1.05293e-05,0,5.22626e-06,0,0,0,1.81115e-06
"PWY-5686: UMP biosynthesis I",0.000679878,0.000631751,0.000799119,0.000743463,0.000812023,0.000734892,0.000775355,0.000785515,0.000456617,0.000766344,0.0006921,0.000602275,0.000570328,0.000700639,0.000836099,0.000854503,0.000779312,0.000685983,0.000789676,0.00043552,0.000673875,0.000825112,0.000633823,0.000758217,0.000647935,0.000838409,0.000653676,0.000563095,0.000808452,0.000271494,0.000822776,0.000723292,0.000777007,0.000775894,0.000770595,0.000665407,0.000396952,0.000767112,0.000487539,0.000564631,0.000570732,0.000747219,0.000681009,0.000382437,0.000586705,0.000800248,0.000663905,0.000808695,0.000646287,0.000729749,0.00079302,0.000695297,0.000399996,0.000629159,0.000633597,0.000389947,0.000732598,0.000551378,0.00085742,0.000647714,0.000670566,0.000896462,0.000523885,0.000659196,0.000630683,0.000361716,0.000624173,0.000761582,0.000702147,0.000663688,0.000659193,0.000761934,0.000457658,0.000637265,0.000641775,0.000464349,0.000640476,0.000542285,0.00040062,0.000816825,0.000813739,0.000629833,0.000695378,0.000826342,0.000775561,0.00059781,0.000817206,0.000681599,0.00078609,0.000821755,0.000338524,0.000765514,0.000842605,0.000712918,0.000715163,0.000481128,0.000682827,0.000722517,0.000768043,0.000560329,0.000773627,0.000750753,0.0005987,0.000771016,0.000697824,0.00059268,0.000760616,0.000542186,0.000682437,0.000512105,0.00089181,0.000768919,0.000712389,0.000699368,0.000707579,0.000848243,0.000568097,0.000703264,0.000716857,0.000624597,0.000839041,0.000586317,0.00066988,0.000752702,0.000621453,0.000668304,0.000426302,0.00034965,0.000734474,0.000641425,0.000699822,0.000689527,0.000655566,0.000234739,0.000679672,0.000473469,0.000679128,0.000451633,0.000598367,0.000736756,0.000499645,0.000824683,0.000673338,0.000619353,0.000613992,0.000662125,0.000614131,0.000606548,0.000586319,0.00058714,0.000663163,0.000633497,0.000657085,0.000700032,0.000651767,0.000527981
"PWY-5690: TCA cycle II (plants and fungi)",5.91291e-06,1.09117e-06,1.8805e-06,6.20282e-06,3.08832e-06,8.98824e-06,3.10784e-06,4.63268e-06,7.44264e-06,0,2.48322e-06,0,0,2.07929e-05,2.76126e-06,5.60578e-06,1.89542e-06,2.81941e-05,3.9907e-06,5.27836e-05,5.90139e-06,0,1.53803e-05,2.66851e-06,5.29479e-06,1.51954e-06,2.74731e-06,8.5976e-06,1.85238e-05,2.61163e-06,6.07634e-06,8.4832e-06,6.03899e-06,2.62422e-06,2.92574e-06,0,1.43795e-05,0,4.90027e-05,0,6.75038e-06,5.35334e-06,6.09035e-06,1.11628e-06,3.70721e-05,5.51145e-06,0,5.94456e-06,3.62826e-06,8.30436e-06,0,0,2.92559e-06,0,3.21742e-06,0,8.37433e-06,9.11295e-07,6.69965e-06,1.33438e-06,1.09087e-05,1.98274e-06,0,1.16289e-05,6.04041e-06,5.39879e-06,6.37113e-06,0,0,2.42603e-05,8.17763e-06,2.33511e-05,1.50407e-05,7.25812e-06,7.36182e-06,0,8.17733e-06,1.71131e-06,5.75166e-06,0,0,8.11531e-06,2.43737e-06,0,0,6.7249e-06,5.68648e-06,4.46262e-06,1.02496e-05,1.06419e-05,3.41292e-06,4.0694e-06,3.47443e-06,1.37925e-06,6.59672e-06,0,1.46307e-05,4.77539e-06,0,0,0,3.99302e-06,2.12945e-06,0,1.2868e-06,4.05835e-06,7.42154e-06,0,3.49271e-06,0,4.36957e-06,2.58382e-06,4.61506e-05,2.87225e-05,5.63342e-06,5.56073e-06,5.53402e-06,0,1.18868e-05,4.04689e-06,1.52223e-05,1.64549e-05,9.7992e-06,3.66087e-06,1.01896e-05,6.16564e-06,2.81252e-05,0,9.97011e-06,3.77078e-06,0,1.22253e-05,1.19575e-05,0,1.53042e-05,1.07804e-05,1.8524e-05,9.1469e-06,6.04868e-06,1.4814e-06,1.784e-05,7.48212e-06,1.23419e-05,0,6.29723e-06,6.55834e-06,1.49852e-05,3.28615e-05,7.84825e-06,3.99771e-06,1.0289e-05,7.8839e-06,9.94058e-06,8.01884e-06,5.28216e-06,1.39017e-06
"PWY-5692: allantoin degradation to glyoxylate II",0,0,0,0,0,1.77027e-07,5.67961e-07,0,2.31333e-06,0,6.01526e-07,3.44201e-06,0,0,0,0,0,0,0,6.17134e-07,0,2.11573e-07,0,0,0,0,3.81512e-06,3.21149e-07,0,4.28744e-05,4.95144e-07,0,0,0,0,4.45587e-07,4.72761e-06,0,0,0,8.85507e-06,1.62741e-07,0,3.77497e-06,2.22564e-06,0,1.11739e-06,0,0,1.27546e-07,0,0,1.25518e-05,0,1.03463e-06,2.49227e-06,5.17041e-07,8.34466e-06,3.35582e-06,6.1693e-06,9.46063e-07,0,3.72294e-06,0,1.89177e-06,1.23825e-05,9.98633e-07,0,1.96747e-07,0,0,0,5.67545e-06,2.60042e-07,0,9.70661e-06,0,0,9.38335e-06,0,9.84519e-07,0,0,0,0,1.28562e-06,0,0,0,0,1.52315e-05,0,0,4.82735e-07,0,2.28223e-06,0,0,0,1.16207e-06,0,0,2.95621e-07,0,0,0,0,1.50556e-06,3.14953e-06,0,0,7.78903e-06,0,0,0,0,0,0,0,1.02304e-06,0,0,0,0,0,0,6.05163e-06,1.62454e-05,0,1.40759e-06,0,3.03459e-07,0,4.18629e-05,3.10579e-07,0,3.16259e-07,1.97274e-06,0,0,2.94247e-06,0,5.16286e-07,0,4.05745e-07,0,3.31735e-06,0,0,0,0,0,0,0,0,3.55181e-07
"PWY-5695: inosine 5'-phosphate degradation",0.000357368,0.000312624,0.000355321,0.000288657,0.000365291,0.000505486,0.000489575,0.000452808,0.000520021,0.000313409,0.000273688,0.000399291,0.00041902,0.000319406,0.000404099,0.000366793,0.000389366,0.000435079,0.00027615,0.00032558,0.000321222,0.000406541,0.000401911,0.000315193,0.000310889,0.000405776,0.000532605,0.0003523,0.000441098,0.000617743,0.000356822,0.000441398,0.000555812,0.000401763,0.000504684,0.000485563,0.00038193,0.000372488,0.000421698,0.000339645,0.000446057,0.000385654,0.000333093,0.00044489,0.000464628,0.000387744,0.000237519,0.000352729,0.000310758,0.000418979,0.000319978,0.000355382,0.000448446,0.000383173,0.000380231,0.00053422,0.000565025,0.000472216,0.000576597,0.000465256,0.000407872,0.000401167,0.00041828,0.000327972,0.000363796,0.000394034,0.00037564,0.000401325,0.000381054,0.000323465,0.000520582,0.000490815,0.000437468,0.000528212,0.000414336,0.000543306,0.000518538,0.000356758,0.000375624,0.00041131,0.000495205,0.000416575,0.000407564,0.000468503,0.000409362,0.00039548,0.000464164,0.00044898,0.000361633,0.000467846,0.000609169,0.000423903,0.00031444,0.000405756,0.000418891,0.000307674,0.000283187,0.000358955,0.00041821,0.000431016,0.000443069,0.000522442,0.000296333,0.0003522,0.000387941,0.00031287,0.000370358,0.000445602,0.000441814,0.000251215,0.000374653,0.000530399,0.000386499,0.000420068,0.000471431,0.000416764,0.000425125,0.000369653,0.000404328,0.000350706,0.000408661,0.000443147,0.000414927,0.000544414,0.000503015,0.000367282,0.000486838,0.000458962,0.000450932,0.00039892,0.00042587,0.000417592,0.000444374,0.000546995,0.000475269,0.000469353,0.000315529,0.000386353,0.000424148,0.000484522,0.000468992,0.000489886,0.000403806,0.000676948,0.00044942,0.000587628,0.000349401,0.0004497,0.000489566,0.000309377,0.000338664,0.000402384,0.000328883,0.000517855,0.000415775,0.000411562
"PWY-5705: allantoin degradation to glyoxylate III",0,0,0,0,0,4.13417e-07,5.79827e-07,0,2.1384e-05,0,6.28849e-07,5.2078e-06,2.85222e-07,0,0,0,0,0,0,4.01921e-06,2.6155e-07,1.94453e-07,2.1564e-07,0,0,0,3.92266e-06,3.4177e-06,0,0.000117883,4.73429e-07,0,0,0,0,6.94663e-07,8.74283e-06,0,0,0,8.65006e-06,0,0,2.44824e-05,7.00302e-06,0,1.31239e-06,0,0,3.16794e-07,0,0,2.34422e-05,0,4.57806e-06,7.64286e-05,2.60645e-06,1.29792e-05,3.60429e-06,5.71105e-06,2.92176e-06,0,1.492e-05,0,4.47931e-06,3.52892e-05,1.24833e-06,0,1.17582e-06,0,3.02681e-07,0,1.54738e-05,9.55515e-07,0,3.81115e-05,1.26763e-06,0,1.00461e-05,0,9.36613e-07,0,0,0,0,3.30026e-06,0,0,0,0,8.37057e-05,0,0,4.58703e-06,2.44044e-07,3.88879e-06,0,0,0,1.08686e-05,0,0,4.55655e-06,0,0,0,0,1.27465e-05,1.04259e-05,0,0,1.60649e-05,0,3.27222e-06,0,0,0,0,0,7.91357e-06,0,0,0,0,0,0,3.12813e-05,2.72047e-05,0,2.53385e-06,3.60094e-07,5.34491e-06,0,0.000101754,1.90178e-06,0,3.83798e-07,5.9994e-06,0,0,1.13983e-05,0,2.13733e-06,0,4.03295e-07,1.12076e-06,6.54672e-06,0,5.46006e-07,0,0,0,0,0,0,3.72597e-07
"PWY-5723: Rubisco shunt",3.11707e-06,6.92802e-07,0,0,0,3.91736e-06,3.18392e-05,5.2828e-07,0.000347132,1.44954e-06,5.51099e-06,0.000152849,1.90864e-05,9.61439e-07,0,0,7.54902e-07,3.01233e-06,0,6.44408e-05,3.24094e-06,1.65187e-06,4.15874e-06,3.91855e-07,4.21129e-06,0,0.000140362,0.000111884,2.69344e-06,0.00045775,9.49149e-06,6.23796e-06,0,4.49052e-06,0,4.04442e-05,0.000197599,5.59324e-06,0.000164636,1.1607e-05,0.000104061,1.86468e-06,1.81661e-06,0.00031771,4.28322e-05,9.15792e-07,1.26778e-05,7.39319e-06,6.34465e-05,7.60743e-06,0,0.000100737,0.000418623,0,0.000128899,0.000478808,3.44917e-05,0.00025905,2.2907e-05,7.1452e-05,1.81426e-05,0,0.000135898,3.88787e-06,5.71048e-05,0.000235866,1.24423e-05,1.77614e-06,2.28023e-05,5.87224e-06,8.0576e-06,0,0.000293359,4.43723e-06,1.79462e-06,0.000336761,3.73357e-05,4.07658e-06,0.000135132,0,6.41528e-06,0,0,2.68406e-06,6.61787e-06,3.20216e-05,4.42625e-06,4.81793e-06,0,0,0.000440104,0,1.55689e-06,4.86011e-05,8.2199e-06,9.43307e-05,2.1298e-06,0,2.07242e-06,9.5394e-05,6.51501e-06,0,3.06237e-05,0,5.4979e-06,0,6.74154e-06,0.000244547,0.000118949,4.0574e-06,0,9.70578e-05,5.05081e-06,1.8388e-05,2.03531e-06,0,0.000148577,7.48175e-05,2.17963e-06,0.000137965,5.8469e-07,3.25127e-06,0,1.84869e-06,5.07059e-05,5.30264e-06,0.000259581,0.000448068,3.13804e-06,1.1584e-05,5.17944e-06,5.06757e-05,0,0.000437658,2.74067e-05,0.000212908,1.17493e-05,6.44124e-05,8.08515e-06,0,9.10552e-05,0,3.83474e-05,0,1.64511e-05,4.08524e-06,8.60543e-05,1.46722e-06,4.91182e-06,3.48578e-06,0,1.31298e-05,1.09384e-05,1.26948e-05,1.88427e-06,1.1454e-05
"PWY-5724: superpathway of atrazine degradation",0,0,0,0,0,0,0,0,0,0,0,0,0,0,0,0,0,0,0,0,0,0,0,0,0,0,1.28894e-06,0,0,0,0,0,0,0,0,0,0,0,0,0,0,0,0,0,3.68736e-06,0,0,0,0,0,0,0,0,0,0,0,0,0,0,0,0,0,7.87061e-07,0,0,0,0,0,0,0,0,0,0,0,0,0,3.03288e-06,0,0,0,0,0,0,0,0,0,0,0,0,0,0,0,0,0,0,0,0,0,0,0,0,0,0,0,0,0,0,0,1.13277e-06,0,0,0,0,0,0,0,0,0,0,0,0,0,0,0,0,0,0,0,0,0,0,0,0,0,0,0,1.2906e-06,0,0,0,0,0,0,0,0,0,0,0,0,1.33172e-06,0,0,0,0,0,0
"PWY-5742: L-arginine degradation IX (arginine:pyruvate transaminase pathway)",0,0,0,0,0,0,0,0,0,0,0,0,0,0,0,0,0,0,0,0,0,0,0,0,0,0,0,0,0,0,0,0,0,0,0,0,0,0,0,0,0,0,0,0,0,0,0,0,0,0,0,0,0,0,0,0,0,0,0,0,0,0,0,0,0,0,0,0,0,0,0,0,0,0,0,0,0,0,0,0,0,0,0,0,0,0,0,0,0,0,0,0,0,0,0,0,0,0,0,0,0,0,0,0,0,0,0,0,0,0,0,0,0,0,0,0,0,0,0,0,0,0,0,0,0,0,0,0,0,0,0,0,0,0,0,0,0,0,0,0,0,0,0,0,0,0,0,0,0,0,0,0,0,0,0,0
"PWY-5747: 2-methylcitrate cycle II",0,0,0,0,0,2.04045e-07,4.81152e-07,0,7.54267e-05,0,8.27034e-07,1.71251e-05,1.50914e-07,0,0,0,0,0,0,4.91736e-06,3.55468e-07,6.75596e-08,0,0,0,0,1.09935e-05,8.92973e-06,0,4.20999e-05,0,0,0,0,0,1.96258e-06,2.56347e-05,0,1.0631e-06,0,8.36484e-06,0,0,4.01938e-05,3.09161e-06,0,2.69619e-07,0,0,4.06678e-07,0,2.46464e-06,6.34355e-05,0,1.19987e-05,4.20683e-05,1.97759e-06,1.89636e-05,4.38808e-06,8.22499e-06,6.39998e-07,0,7.84583e-06,0,2.146e-06,1.29478e-05,0,0,3.74107e-07,0,0,0,1.42976e-05,4.85771e-07,0,6.02239e-05,2.88289e-06,1.3623e-07,1.07369e-05,0,0,0,0,0,0,1.63526e-06,0,5.15036e-07,0,0,4.99711e-05,0,0,2.07774e-06,1.81302e-06,7.68141e-06,0,0,0,7.09526e-06,7.98013e-07,0,7.90998e-06,0,1.02759e-06,0,0,2.19942e-05,8.91201e-06,0,0,2.32449e-05,0,1.43594e-06,2.59655e-07,0,0,0,0,1.54972e-05,0,5.90409e-07,0,0,5.76649e-06,1.94651e-06,2.36594e-05,4.83831e-05,0,2.80589e-06,0,3.79134e-07,0,8.39427e-05,4.02859e-07,5.23476e-05,3.22632e-07,7.86051e-06,0,0,1.26088e-05,0,0,0,3.94877e-07,2.76164e-07,8.5065e-06,0,0,0,0,0,0,7.53387e-07,0,3.95257e-07
"PWY-5837: 2-carboxy-1,4-naphthoquinol biosynthesis",6.28747e-06,4.94659e-06,9.46983e-07,3.27703e-06,0,2.84414e-06,5.41089e-06,1.01525e-05,0.000107874,1.00998e-06,2.13462e-06,6.09965e-05,3.429e-06,3.8508e-06,1.23532e-06,1.2268e-06,0,1.19229e-05,1.12373e-06,2.81917e-05,2.69084e-06,3.57091e-06,1.04361e-06,1.06709e-05,1.7525e-06,0,5.26961e-05,3.85269e-05,8.26884e-06,0.000185405,4.2735e-06,5.72383e-06,8.86969e-07,1.64792e-06,0,1.55812e-05,8.86512e-05,3.57797e-06,0.0001293,7.70847e-06,4.1606e-05,1.59676e-06,2.1163e-06,0.000121702,1.62104e-05,0,6.48682e-06,0,2.69563e-06,7.25665e-06,3.95932e-06,2.56742e-05,0.00011721,2.11616e-06,3.55022e-05,0.000180019,7.62872e-06,8.40001e-05,1.73453e-05,2.38591e-05,1.1148e-05,0,3.05431e-05,2.62171e-06,1.50478e-05,8.39063e-05,2.95129e-06,0,4.09576e-06,1.15084e-05,2.27012e-06,0,0.000109674,9.28448e-07,0,0.000138676,4.15701e-05,0,6.40468e-05,0,3.41794e-06,8.8843e-06,0,1.23096e-05,0,1.04251e-05,2.57382e-06,1.47739e-06,2.29232e-06,5.62106e-06,0.000171369,1.43017e-06,2.72037e-06,1.47719e-05,1.40975e-05,2.21176e-05,7.46652e-06,0,1.42634e-06,2.88531e-05,4.27715e-06,2.32424e-06,1.36654e-05,0,1.12045e-05,4.5772e-06,1.66253e-06,8.41101e-05,4.17563e-05,3.04526e-06,1.35645e-06,4.09569e-05,2.3217e-05,1.66732e-05,6.06359e-06,0,4.0507e-05,2.74804e-06,2.19539e-06,3.56335e-05,2.56508e-06,4.59682e-06,5.21502e-06,0,2.62629e-05,6.71325e-06,0.000108351,0.00021412,9.28298e-06,1.49161e-05,8.05923e-06,1.11423e-05,7.64814e-06,0.000208832,1.05293e-05,0.000104352,5.79544e-06,3.71245e-05,3.15853e-06,0,6.43965e-05,2.82217e-06,1.34891e-05,0,2.14013e-05,5.37645e-06,2.89805e-05,1.86264e-06,9.33757e-06,1.31093e-06,0,1.03358e-05,4.43304e-06,1.7935e-05,1.71004e-06,8.585e-06
"PWY-5838: superpathway of menaquinol-8 biosynthesis I",1.80385e-05,1.44202e-05,3.08036e-06,1.06585e-05,0,8.39891e-06,1.38526e-05,1.96232e-05,0.000160778,3.12937e-06,6.70786e-06,9.61144e-05,1.09355e-05,1.07528e-05,3.31222e-06,4.02619e-06,0,9.36639e-06,3.50651e-06,6.29182e-05,7.66009e-06,1.03431e-05,3.51607e-06,2.82505e-05,5.66818e-06,0,6.95303e-05,8.42645e-05,2.49843e-05,0.000248055,1.28416e-05,1.48107e-05,0,4.70803e-06,0,4.16605e-05,0.000141366,1.06789e-05,0.00020918,1.91874e-05,7.13934e-05,3.49261e-06,6.27117e-06,0.00015443,2.98613e-05,0,1.86592e-05,0,7.43988e-06,1.68931e-05,9.7433e-06,3.34802e-05,0.000162257,6.48319e-06,6.72705e-05,0.000218038,1.22531e-05,0.00012593,2.95606e-05,5.28017e-05,2.76965e-05,0,7.48628e-05,7.67139e-06,4.38288e-05,0.000121069,7.721e-06,0,1.28114e-05,3.32298e-05,7.62801e-06,0,0.000182575,3.15541e-06,0,0.000181979,9.88677e-05,0,0.000124503,0,6.96445e-06,2.68428e-05,0,0,0,3.0337e-05,4.01028e-06,4.90274e-06,7.2815e-06,1.51755e-05,0.000226509,4.60501e-06,7.69765e-06,3.21601e-05,2.60597e-05,4.89655e-05,1.98926e-05,0,4.47222e-06,6.72272e-05,1.18661e-05,0,1.86608e-05,0,2.4911e-05,1.40748e-05,5.23251e-06,0.000116439,7.33535e-05,9.59042e-06,3.8766e-06,8.54966e-05,3.51053e-05,3.92698e-05,1.96026e-05,0,7.18001e-05,0,6.19801e-06,6.01266e-05,8.43183e-06,1.42389e-05,1.63149e-05,0,6.64013e-05,2.04371e-05,0.000170091,0.000251373,2.77757e-05,3.82108e-05,2.43888e-05,2.45956e-05,2.15568e-05,0.000252912,3.23246e-05,0.000137789,1.71779e-05,7.98274e-05,9.87837e-06,0,8.77711e-05,9.03171e-06,3.81603e-05,0,5.42795e-05,1.7723e-05,4.54489e-05,6.18901e-06,2.95646e-05,4.33475e-06,0,3.0179e-05,1.36259e-05,3.47986e-05,5.65745e-06,2.61476e-05
"PWY-5840: superpathway of menaquinol-7 biosynthesis",1.65368e-05,1.27418e-05,3.14341e-06,1.03299e-05,0,8.93683e-06,1.36949e-05,2.76182e-05,0.000124902,2.77642e-06,6.64161e-06,8.50157e-05,3.80436e-06,9.06316e-06,3.5699e-06,3.70101e-06,0,9.06781e-06,3.58724e-06,4.52994e-05,7.76398e-06,8.94986e-06,3.50567e-06,1.25066e-05,5.57239e-06,0,6.77784e-05,7.71194e-05,1.95063e-05,0.000228128,1.15149e-05,1.43576e-05,2.55549e-06,4.84054e-06,0,4.24238e-05,0.000104561,9.90811e-06,0.000172742,2.08681e-05,6.20589e-05,5.18236e-06,6.2825e-06,0.000142191,2.59211e-05,0,1.37163e-05,0,6.78539e-06,1.94194e-05,1.21319e-05,4.63707e-05,0.000143872,6.51969e-06,5.93113e-05,0.000207979,1.22353e-05,9.33225e-05,2.40412e-05,3.80244e-05,2.89088e-05,0,6.8031e-05,7.85564e-06,3.44519e-05,9.96686e-05,7.09522e-06,0,1.26104e-05,2.79446e-05,7.57251e-06,0,0.000118961,3.13914e-06,0,0.000160765,7.77347e-05,0,9.19992e-05,0,5.85366e-06,2.43296e-05,0,0,0,2.89772e-05,7.05128e-06,4.88446e-06,6.54645e-06,9.34613e-06,0.000203017,4.71747e-06,6.88778e-06,3.40659e-05,2.98672e-05,4.35434e-05,1.31146e-05,0,3.69021e-06,5.6536e-05,1.29106e-05,6.46039e-06,2.17375e-05,0,1.86966e-05,1.4158e-05,5.31375e-06,0.000104571,6.51053e-05,8.84518e-06,4.35128e-06,6.07995e-05,3.29956e-05,4.18764e-05,1.80036e-05,0,6.34095e-05,7.86241e-06,6.90176e-06,5.02642e-05,8.40348e-06,1.416e-05,1.60472e-05,0,4.92057e-05,1.98244e-05,0.000141348,0.00021657,1.32248e-05,3.42575e-05,2.33197e-05,2.11476e-05,2.15331e-05,0.00023083,2.21045e-05,0.000133585,1.64914e-05,7.13645e-05,9.08157e-06,0,8.15907e-05,8.94137e-06,2.92544e-05,0,4.42666e-05,1.60835e-05,3.90866e-05,5.78046e-06,2.24968e-05,4.12672e-06,0,1.39689e-05,1.07592e-05,3.77365e-05,2.78177e-06,2.35195e-05
"PWY-5845: superpathway of menaquinol-9 biosynthesis",1.80125e-05,4.46368e-06,2.55673e-06,1.05916e-05,0,4.74002e-06,1.01062e-05,1.87545e-05,0.000124902,0,0,8.50157e-05,0,9.24708e-06,2.60015e-06,3.8174e-06,0,4.94821e-06,3.26049e-06,4.52994e-05,0,0,0,2.05189e-05,5.1868e-06,0,6.39434e-05,7.71194e-05,1.72445e-05,0.000228128,8.71909e-06,8.686e-06,0,3.70503e-06,0,3.81063e-05,0.000104561,7.68035e-06,0.000172742,9.07541e-06,4.94051e-05,0,3.72456e-06,0.000142191,2.59211e-05,0,5.18926e-06,0,5.24485e-06,9.44423e-06,0,1.59201e-05,0.000143872,3.75883e-06,5.93113e-05,0.000207979,1.05459e-05,9.33225e-05,1.59942e-05,3.80244e-05,1.79766e-05,0,6.8031e-05,7.20647e-06,3.44519e-05,9.96686e-05,6.8236e-06,0,1.02693e-05,1.92799e-05,7.54091e-06,0,0.000118961,3.08139e-06,0,0.000160765,7.77347e-05,0,9.19992e-05,0,0,7.51381e-06,0,0,0,2.05856e-05,0,4.67299e-06,6.44702e-06,0,0.000203017,4.05242e-06,0,2.03586e-05,1.00727e-05,4.35434e-05,0,0,0,5.6536e-05,9.3397e-06,0,1.86608e-05,0,1.87108e-05,0,5.22679e-06,0.000104571,6.51053e-05,3.59355e-06,0,6.07995e-05,3.73043e-06,3.23326e-05,1.86127e-05,0,6.34095e-05,0,6.73666e-06,5.02642e-05,6.94887e-06,7.48396e-06,8.16316e-06,0,4.92057e-05,7.07709e-06,0.000174423,0.00021657,2.44058e-05,3.92141e-05,1.35361e-05,2.11476e-05,7.73885e-06,0.00023083,2.92729e-05,0.000133585,1.23004e-05,6.53754e-05,5.17649e-06,0,8.76101e-05,8.91053e-06,3.54441e-05,0,4.42666e-05,6.76584e-06,3.90866e-05,6.13593e-06,2.94127e-05,4.25338e-06,0,2.85908e-05,1.10238e-05,1.2108e-05,5.5686e-06,1.77994e-05
"PWY-5850: superpathway of menaquinol-6 biosynthesis",0,4.46368e-06,2.09176e-06,6.34268e-06,0,4.74002e-06,1.01062e-05,1.87545e-05,0.000124902,0,0,8.50157e-05,0,0,0,0,0,0,0,4.52994e-05,0,0,0,0,1.76348e-06,0,6.39434e-05,7.71194e-05,0,0.000228128,4.61942e-06,0,0,3.70503e-06,0,2.94864e-05,0.000104561,7.68035e-06,0.000172742,9.07541e-06,4.94051e-05,0,0,0.000142191,2.59211e-05,0,5.18926e-06,0,5.21178e-06,9.44423e-06,0,1.59201e-05,0.000143872,3.75883e-06,5.93113e-05,0.000207979,1.05459e-05,9.33225e-05,1.58094e-05,3.80244e-05,1.52329e-05,0,6.8031e-05,0,3.44519e-05,9.96686e-05,6.25672e-06,0,5.9504e-06,4.08163e-06,0,0,0.000118961,0,0,0.000160765,7.77347e-05,0,9.19992e-05,0,0,0,0,0,0,2.05856e-05,0,0,0,0,0.000203017,0,0,2.03586e-05,5.90453e-06,4.35434e-05,0,0,0,5.6536e-05,0,0,1.86608e-05,0,0,0,0,0.000104571,6.51053e-05,0,0,6.07995e-05,0,2.27251e-05,7.30916e-06,0,6.34095e-05,0,4.01525e-06,5.02642e-05,0,6.77918e-06,0,0,4.92057e-05,3.24019e-06,0.000141348,0.00021657,0,1.10424e-05,9.33179e-06,2.11476e-05,0,0.00023083,2.21045e-05,0.000133585,1.23004e-05,6.53754e-05,5.17649e-06,0,6.69742e-05,4.83707e-06,2.92544e-05,0,4.42666e-05,6.76584e-06,3.90866e-05,4.67727e-06,1.14073e-05,0,0,1.39689e-05,7.89831e-06,1.2108e-05,0,1.77994e-05
"PWY-5855: ubiquinol-7 biosynthesis (early decarboxylation)",0,0,0,0,0,8.54159e-07,5.36461e-07,0,1.7717e-05,0,0,8.30775e-06,1.21532e-06,0,0,0,0,0,0,7.53897e-06,0,3.35804e-07,2.89098e-07,0,0,0,1.76181e-05,3.08314e-05,0,4.16129e-05,7.65874e-07,0,0,0,0,8.5451e-07,2.96566e-05,0,1.65327e-05,9.91076e-07,1.6105e-05,0,0,2.77807e-05,3.70276e-06,0,4.47202e-07,0,2.33833e-06,1.15027e-06,0,2.49231e-06,3.65542e-05,0,5.94145e-06,9.46208e-05,2.72281e-06,8.73213e-06,3.44225e-06,1.17135e-05,1.80531e-06,0,1.63113e-05,0,3.2186e-06,1.28856e-05,3.98922e-07,0,3.52394e-07,0,3.05869e-07,0,2.788e-05,3.6517e-07,0,1.66019e-05,2.33301e-06,0,1.32229e-05,0,3.82102e-07,0,0,0,0,4.42659e-06,0,0,0,0,2.36932e-05,0,0,2.62643e-06,0,5.02749e-06,2.55337e-07,0,0,1.15142e-05,1.75411e-06,0,6.14297e-06,0,0,0,0,1.0361e-05,5.34767e-06,0,1.93237e-07,2.34126e-06,0,6.79501e-06,0,0,4.16827e-05,0,0,2.68018e-06,0,1.45027e-06,0,0,1.09214e-05,3.32511e-07,4.09181e-05,4.36078e-05,0,5.89201e-07,0,9.60492e-06,0,0.000112089,2.43075e-06,7.99999e-05,5.17086e-07,2.82687e-06,0,0,1.06008e-05,0,2.57433e-06,0,0,3.98879e-07,1.12416e-06,1.13421e-06,0,0,0,0,0,2.29423e-06,0,4.34176e-07
"PWY-5860: superpathway of demethylmenaquinol-6 biosynthesis I",0,3.02635e-06,1.40022e-06,4.25654e-06,0,3.22443e-06,7.14948e-06,1.34183e-05,0.000108632,0,0,6.94138e-05,0,0,0,0,0,0,0,3.20347e-05,0,0,0,0,1.18051e-06,0,4.72889e-05,6.55891e-05,0,0.000192065,3.10566e-06,0,0,2.49968e-06,0,2.07849e-05,8.51423e-05,5.19926e-06,0.000143561,6.25225e-06,3.66131e-05,0,0,0.000129767,2.00891e-05,0,3.50004e-06,0,3.54977e-06,6.46094e-06,0,1.12642e-05,0.000121938,2.53579e-06,4.7225e-05,0.000168867,8.71462e-06,8.39562e-05,1.14739e-05,2.81279e-05,1.05647e-05,0,5.01268e-05,0,2.37762e-05,7.86492e-05,4.55158e-06,0,4.0159e-06,2.73905e-06,0,0,9.25938e-05,0,0,0.000157547,5.78766e-05,0,7.01565e-05,0,0,0,0,0,0,1.43006e-05,0,0,0,0,0.000172942,0,0,1.44139e-05,3.96795e-06,3.12055e-05,0,0,0,4.15988e-05,0,0,1.26844e-05,0,0,0,0,9.1015e-05,5.23657e-05,0,0,4.43766e-05,0,1.57469e-05,4.90803e-06,0,4.83562e-05,0,2.69858e-06,3.61411e-05,0,4.5666e-06,0,0,3.57728e-05,2.17028e-06,0.000112902,0.000196262,0,7.52622e-06,6.30011e-06,1.46331e-05,0,0.000195127,1.51522e-05,0.000128926,8.35261e-06,5.00989e-05,3.46911e-06,0,5.21718e-05,3.27801e-06,2.03552e-05,0,3.08516e-05,4.54392e-06,2.99468e-05,3.14471e-06,7.69411e-06,0,0,9.5137e-06,5.34376e-06,8.34445e-06,0,1.22804e-05
"PWY-5861: superpathway of demethylmenaquinol-8 biosynthesis I",1.29037e-05,1.0162e-05,2.06597e-06,7.1853e-06,0,5.80476e-06,1.00271e-05,1.40876e-05,0.00015324,2.10041e-06,4.57124e-06,8.08475e-05,7.3536e-06,7.39446e-06,2.23129e-06,2.71275e-06,0,6.49377e-06,2.35626e-06,4.55714e-05,5.30631e-06,7.12137e-06,2.359e-06,1.99982e-05,3.82941e-06,0,5.19165e-05,7.35447e-05,1.75847e-05,0.000213751,8.76542e-06,1.05097e-05,0,3.18673e-06,0,3.00786e-05,0.000124842,7.27299e-06,0.000183383,1.37293e-05,5.56738e-05,2.35948e-06,4.28784e-06,0.000145558,2.3729e-05,0,1.298e-05,0,5.11471e-06,1.18004e-05,6.67519e-06,2.54072e-05,0.000142461,4.41188e-06,5.49965e-05,0.00017892,1.05339e-05,0.000129048,2.32467e-05,4.07968e-05,1.9864e-05,0,5.57497e-05,5.22568e-06,3.054e-05,9.94586e-05,5.73932e-06,0,8.77117e-06,2.3403e-05,5.13095e-06,0,0.000156092,2.11235e-06,0,0.000190127,7.60253e-05,0,0.000100028,0,4.76762e-06,1.85412e-05,0,0,0,2.1503e-05,2.74438e-06,3.30117e-06,4.95099e-06,1.07312e-05,0.000199362,3.12422e-06,5.22479e-06,2.36182e-05,1.8006e-05,3.54219e-05,1.40327e-05,0,3.00008e-06,5.04547e-05,8.38931e-06,0,1.26844e-05,0,1.77925e-05,9.58182e-06,3.5356e-06,0.000104985,6.05848e-05,6.52485e-06,2.65534e-06,6.49027e-05,2.52557e-05,2.80149e-05,1.33251e-05,0,5.58178e-05,0,4.18405e-06,4.39089e-05,5.68901e-06,9.70304e-06,1.12614e-05,0,4.98509e-05,1.40387e-05,0.000141564,0.000241762,1.93724e-05,2.75603e-05,1.68095e-05,1.71249e-05,1.4706e-05,0.00021942,2.24508e-05,0.000134884,1.17513e-05,6.32646e-05,6.65188e-06,0,7.21466e-05,6.20964e-06,2.69099e-05,0,3.82229e-05,1.2047e-05,3.56885e-05,4.17259e-06,2.03208e-05,2.91883e-06,0,2.1082e-05,9.31928e-06,2.56013e-05,3.81075e-06,1.83402e-05
"PWY-5862: superpathway of demethylmenaquinol-9 biosynthesis",1.28838e-05,3.02635e-06,1.71302e-06,7.13974e-06,0,3.22443e-06,7.14948e-06,1.34183e-05,0.000108632,0,0,6.94138e-05,0,6.33109e-06,1.74767e-06,2.57066e-06,0,3.36715e-06,2.18972e-06,3.20347e-05,0,0,0,1.42834e-05,3.50021e-06,0,4.72889e-05,6.55891e-05,1.19311e-05,0.000192065,5.90621e-06,6.0037e-06,0,2.49968e-06,0,2.73191e-05,8.51423e-05,5.19926e-06,0.000143561,6.25225e-06,3.66131e-05,0,2.52042e-06,0.000129767,2.00891e-05,0,3.50004e-06,0,3.57279e-06,6.46094e-06,0,1.12642e-05,0.000121938,2.53579e-06,4.7225e-05,0.000168867,8.71462e-06,8.39562e-05,1.16201e-05,2.81279e-05,1.25588e-05,0,5.01268e-05,4.90251e-06,2.37762e-05,7.86492e-05,5.00534e-06,0,6.99338e-06,1.32643e-05,5.07184e-06,0,9.25938e-05,2.06259e-06,0,0.000157547,5.78766e-05,0,7.01565e-05,0,0,5.05854e-06,0,0,0,1.43006e-05,0,3.145e-06,4.37361e-06,0,0.000172942,2.74351e-06,0,1.44139e-05,6.80764e-06,3.12055e-05,0,0,0,4.15988e-05,6.51918e-06,0,1.26844e-05,0,1.31309e-05,0,3.53168e-06,9.1015e-05,5.23657e-05,2.41389e-06,0,4.43766e-05,2.50649e-06,2.27838e-05,1.26396e-05,0,4.83562e-05,0,4.55265e-06,3.61411e-05,4.67852e-06,5.04683e-06,5.53676e-06,0,3.57728e-05,4.76674e-06,0.000146094,0.000196262,1.69272e-05,2.83449e-05,9.19107e-06,1.46331e-05,5.20175e-06,0.000195127,2.02513e-05,0.000128926,8.35261e-06,5.00989e-05,3.46911e-06,0,7.19836e-05,6.12375e-06,2.48921e-05,0,3.08516e-05,4.54392e-06,2.99468e-05,4.1364e-06,2.02131e-05,2.8635e-06,0,1.99224e-05,7.50243e-06,8.34445e-06,3.75029e-06,1.22804e-05
"PWY-5870: ubiquinol-8 biosynthesis (late decarboxylation)",0,0,0,0,0,0,0,0,0,0,0,0,0,0,0,0,0,0,0,0,0,0,0,0,0,0,0,0,0,0,0,0,0,0,0,0,0,0,0,0,0,0,0,0,0,0,0,0,0,0,0,0,0,0,0,0,0,0,0,0,0,0,0,0,0,5.30292e-06,0,0,0,0,0,0,0,0,0,0,0,0,0,0,0,0,0,0,0,0,0,0,0,0,0,0,0,0,0,0,0,0,0,0,0,0,0,0,0,0,0,0,0,0,0,0,0,0,0,0,0,0,0,0,0,0,0,0,0,0,0,0,0,0,0,0,0,0,0,0,0,0,0,0,0,0,0,0,0,0,0,0,0,0,0,0,0,0,0,0
"PWY-5873: ubiquinol-7 biosynthesis (late decarboxylation)",0,0,0,0,0,0,0,0,0,0,0,0,0,0,0,0,0,0,0,0,0,0,0,0,0,0,0,0,0,0,0,0,0,0,0,0,0,0,0,0,0,0,0,0,0,0,0,0,0,0,0,0,0,0,0,0,0,0,0,0,0,0,0,0,0,3.31007e-06,0,0,0,0,0,0,0,0,0,0,0,0,0,0,0,0,0,0,0,0,0,0,0,0,0,0,0,0,0,0,0,0,0,0,0,0,0,0,0,0,0,0,0,0,0,0,0,0,0,0,0,0,0,0,0,0,0,0,0,0,0,0,0,0,0,0,0,0,0,0,0,0,0,0,0,0,0,0,0,0,0,0,0,0,0,0,0,0,0,0
"PWY-5896: superpathway of menaquinol-10 biosynthesis",0,4.46368e-06,2.09176e-06,6.34268e-06,0,4.74002e-06,1.01062e-05,1.87545e-05,0.000124902,0,0,8.50157e-05,0,0,0,0,0,0,0,4.52994e-05,0,0,0,0,1.76348e-06,0,6.39434e-05,7.71194e-05,0,0.000228128,4.61942e-06,0,0,3.70503e-06,0,2.94864e-05,0.000104561,7.68035e-06,0.000172742,9.07541e-06,4.94051e-05,0,0,0.000142191,2.59211e-05,0,5.18926e-06,0,5.21178e-06,9.44423e-06,0,1.59201e-05,0.000143872,3.75883e-06,5.93113e-05,0.000207979,1.05459e-05,9.33225e-05,1.58094e-05,3.80244e-05,1.52329e-05,0,6.8031e-05,0,3.44519e-05,9.96686e-05,6.25672e-06,0,5.9504e-06,4.08163e-06,0,0,0.000118961,0,0,0.000160765,7.77347e-05,0,9.19992e-05,0,0,0,0,0,0,2.05856e-05,0,0,0,0,0.000203017,0,0,2.03586e-05,5.90453e-06,4.35434e-05,0,0,0,5.6536e-05,0,0,1.86608e-05,0,0,0,0,0.000104571,6.51053e-05,0,0,6.07995e-05,0,2.27251e-05,7.30916e-06,0,6.34095e-05,0,4.01525e-06,5.02642e-05,0,6.77918e-06,0,0,4.92057e-05,3.24019e-06,0.000141348,0.00021657,0,1.10424e-05,9.33179e-06,2.11476e-05,0,0.00023083,2.21045e-05,0.000133585,1.23004e-05,6.53754e-05,5.17649e-06,0,6.69742e-05,4.83707e-06,2.92544e-05,0,4.42666e-05,6.76584e-06,3.90866e-05,4.67727e-06,1.14073e-05,0,0,1.39689e-05,7.89831e-06,1.2108e-05,0,1.77994e-05
"PWY-5897: superpathway of menaquinol-11 biosynthesis",1.65417e-05,1.3063e-05,2.80203e-06,9.60895e-06,0,8.01588e-06,1.42018e-05,2.57252e-05,0.000159885,2.82343e-06,5.97546e-06,9.74584e-05,1.00476e-05,1.03302e-05,3.24979e-06,3.59677e-06,0,2.65674e-05,3.27226e-06,5.97118e-05,7.14738e-06,9.44466e-06,3.08944e-06,2.67021e-05,5.0499e-06,0,7.29918e-05,8.1206e-05,2.24428e-05,0.000244479,1.16965e-05,1.39378e-05,2.54162e-06,4.72645e-06,0,3.88593e-05,0.000138385,9.82892e-06,0.000206401,1.90931e-05,7.03511e-05,4.5962e-06,5.74635e-06,0.000152762,2.86862e-05,0,1.75161e-05,0,6.98353e-06,2.00765e-05,1.09101e-05,4.49325e-05,0.000161008,5.88252e-06,6.6735e-05,0.000216404,1.23611e-05,0.000125315,2.95155e-05,5.16421e-05,2.6553e-05,0,7.23823e-05,7.13007e-06,4.07015e-05,0.000120751,7.70694e-06,0,1.1637e-05,3.09166e-05,6.70618e-06,0,0.000180972,2.76641e-06,0,0.000179641,9.28342e-05,0,0.000120503,0,9.72261e-06,2.41491e-05,0,0,0,2.74014e-05,7.25277e-06,4.36647e-06,6.56376e-06,1.56905e-05,0.000225572,4.19518e-06,7.23857e-06,3.40128e-05,2.79195e-05,4.70983e-05,1.85327e-05,0,4.10674e-06,6.37335e-05,1.18593e-05,6.68925e-06,2.08581e-05,0,2.58051e-05,1.30504e-05,4.80757e-06,0.000116359,7.45729e-05,8.62519e-06,3.94099e-06,8.53298e-05,5.12085e-05,4.13636e-05,1.73936e-05,0,7.1767e-05,7.47165e-06,6.37639e-06,5.9922e-05,7.4874e-06,1.28683e-05,1.46288e-05,0,6.12269e-05,1.87753e-05,0.000172075,0.00025171,2.50955e-05,3.70408e-05,2.24818e-05,2.40096e-05,2.02225e-05,0.000250025,2.90602e-05,0.000139115,1.61063e-05,7.54495e-05,8.8921e-06,0,9.30378e-05,8.05277e-06,3.52843e-05,0,5.06293e-05,1.56257e-05,4.47828e-05,5.4573e-06,2.63774e-05,3.83645e-06,0,2.76795e-05,1.22695e-05,3.63902e-05,4.99456e-06,2.35012e-05
"PWY-5898: superpathway of menaquinol-12 biosynthesis",1.65417e-05,1.3063e-05,2.80203e-06,9.60895e-06,0,8.01588e-06,1.42018e-05,2.57252e-05,0.000159885,2.82343e-06,5.97546e-06,9.74584e-05,1.00476e-05,1.03302e-05,3.24979e-06,3.59677e-06,0,2.65674e-05,3.27226e-06,5.97118e-05,7.14738e-06,9.44466e-06,3.08944e-06,2.67021e-05,5.0499e-06,0,7.29918e-05,8.1206e-05,2.24428e-05,0.000244479,1.16965e-05,1.39378e-05,2.54162e-06,4.72645e-06,0,3.88593e-05,0.000138385,9.82892e-06,0.000206401,1.90931e-05,7.03511e-05,4.5962e-06,5.74635e-06,0.000152762,2.86862e-05,0,1.75161e-05,0,6.98353e-06,2.00765e-05,1.09101e-05,4.49325e-05,0.000161008,5.88252e-06,6.6735e-05,0.000216404,1.23611e-05,0.000125315,2.95155e-05,5.16421e-05,2.6553e-05,0,7.23823e-05,7.13007e-06,4.07015e-05,0.000120751,7.70694e-06,0,1.1637e-05,3.09166e-05,6.70618e-06,0,0.000180972,2.76641e-06,0,0.000179641,9.28342e-05,0,0.000120503,0,9.72261e-06,2.41491e-05,0,0,0,2.74014e-05,7.25277e-06,4.36647e-06,6.56376e-06,1.56905e-05,0.000225572,4.19518e-06,7.23857e-06,3.40128e-05,2.79195e-05,4.70983e-05,1.85327e-05,0,4.10674e-06,6.37335e-05,1.18593e-05,6.68925e-06,2.08581e-05,0,2.58051e-05,1.30504e-05,4.80757e-06,0.000116359,7.45729e-05,8.62519e-06,3.94099e-06,8.53298e-05,5.12085e-05,4.13636e-05,1.73936e-05,0,7.1767e-05,7.47165e-06,6.37639e-06,5.9922e-05,7.4874e-06,1.28683e-05,1.46288e-05,0,6.12269e-05,1.87753e-05,0.000172075,0.00025171,2.50955e-05,3.70408e-05,2.24818e-05,2.40096e-05,2.02225e-05,0.000250025,2.90602e-05,0.000139115,1.61063e-05,7.54495e-05,8.8921e-06,0,9.30378e-05,8.05277e-06,3.52843e-05,0,5.06293e-05,1.56257e-05,4.47828e-05,5.4573e-06,2.63774e-05,3.83645e-06,0,2.76795e-05,1.22695e-05,3.63902e-05,4.99456e-06,2.35012e-05
"PWY-5899: superpathway of menaquinol-13 biosynthesis",1.65417e-05,1.3063e-05,2.80203e-06,9.60895e-06,0,8.01588e-06,1.42018e-05,2.57252e-05,0.000159885,2.82343e-06,5.97546e-06,9.74584e-05,1.00476e-05,1.03302e-05,3.24979e-06,3.59677e-06,0,2.65674e-05,3.27226e-06,5.97118e-05,7.14738e-06,9.44466e-06,3.08944e-06,2.67021e-05,5.0499e-06,0,7.29918e-05,8.1206e-05,2.24428e-05,0.000244479,1.16965e-05,1.39378e-05,2.54162e-06,4.72645e-06,0,3.88593e-05,0.000138385,9.82892e-06,0.000206401,1.90931e-05,7.03511e-05,4.5962e-06,5.74635e-06,0.000152762,2.86862e-05,0,1.75161e-05,0,6.98353e-06,2.00765e-05,1.09101e-05,4.49325e-05,0.000161008,5.88252e-06,6.6735e-05,0.000216404,1.23611e-05,0.000125315,2.95155e-05,5.16421e-05,2.6553e-05,0,7.23823e-05,7.13007e-06,4.07015e-05,0.000120751,7.70694e-06,0,1.1637e-05,3.09166e-05,6.70618e-06,0,0.000180972,2.76641e-06,0,0.000179641,9.28342e-05,0,0.000120503,0,9.72261e-06,2.41491e-05,0,0,0,2.74014e-05,7.25277e-06,4.36647e-06,6.56376e-06,1.56905e-05,0.000225572,4.19518e-06,7.23857e-06,3.40128e-05,2.79195e-05,4.70983e-05,1.85327e-05,0,4.10674e-06,6.37335e-05,1.18593e-05,6.68925e-06,2.08581e-05,0,2.58051e-05,1.30504e-05,4.80757e-06,0.000116359,7.45729e-05,8.62519e-06,3.94099e-06,8.53298e-05,5.12085e-05,4.13636e-05,1.73936e-05,0,7.1767e-05,7.47165e-06,6.37639e-06,5.9922e-05,7.4874e-06,1.28683e-05,1.46288e-05,0,6.12269e-05,1.87753e-05,0.000172075,0.00025171,2.50955e-05,3.70408e-05,2.24818e-05,2.40096e-05,2.02225e-05,0.000250025,2.90602e-05,0.000139115,1.61063e-05,7.54495e-05,8.8921e-06,0,9.30378e-05,8.05277e-06,3.52843e-05,0,5.06293e-05,1.56257e-05,4.47828e-05,5.4573e-06,2.63774e-05,3.83645e-06,0,2.76795e-05,1.22695e-05,3.63902e-05,4.99456e-06,2.35012e-05
"PWY-5910: superpathway of geranylgeranyldiphosphate biosynthesis I (via mevalonate)",2.59437e-05,1.33906e-05,3.23111e-06,4.96127e-06,4.62312e-06,3.39824e-06,3.66614e-06,8.71682e-06,3.23384e-06,0,0,2.1317e-06,0,1.03862e-06,1.90156e-06,2.20496e-06,0,5.15388e-06,0,0,0,0,0,3.64763e-06,1.45166e-05,0,1.72518e-05,3.37531e-05,0,8.10126e-06,2.0517e-05,3.60096e-05,0,3.85409e-06,0,4.89596e-06,7.70715e-06,6.03717e-06,0,0,1.846e-06,2.50946e-06,6.32022e-06,9.63229e-07,1.88214e-06,0,2.71117e-06,1.63527e-05,0,3.48769e-05,2.2282e-05,6.33412e-05,2.06436e-06,0,4.50908e-06,9.61045e-06,9.27036e-06,2.54422e-06,6.07629e-06,0,0,0,0,3.84444e-06,0,1.11351e-05,6.41576e-06,0,0,0,0,0,8.67266e-06,0,0,0,2.20821e-05,0,1.29061e-06,0,0,0,0,0,2.07248e-06,3.55916e-05,3.37242e-06,0,0,0,8.60342e-07,1.38395e-05,1.68961e-06,2.0709e-05,3.59222e-05,3.28972e-06,1.58837e-06,6.95646e-06,3.29797e-06,2.83435e-06,0,0,0,6.7787e-06,4.10527e-06,0,4.28651e-06,1.94441e-06,0,0,9.92206e-06,0,5.44372e-06,2.47589e-06,0,0,9.05736e-06,0,5.88879e-06,3.82183e-06,0,0,0,2.00481e-06,1.7423e-05,2.2558e-06,0,1.75378e-06,0,3.98108e-06,6.76708e-06,1.72461e-06,4.03397e-06,2.71686e-06,0,1.88382e-05,8.92335e-07,3.50033e-06,0,0,0,0,1.75087e-06,4.66756e-06,1.54631e-05,0,2.059e-06,0,0,0,0,2.19137e-06,0,6.63115e-06,0,0
"PWY-5913: partial TCA cycle (obligate autotrophs)",7.65686e-05,4.07204e-05,6.57371e-05,2.3628e-05,0.000100244,8.73358e-05,9.09788e-05,3.10352e-05,0.000334804,2.48126e-06,1.59074e-05,0.000162291,3.31172e-05,4.00614e-05,8.11483e-05,5.12048e-05,7.23069e-05,7.32654e-05,8.24115e-05,3.76052e-05,2.07619e-05,1.77101e-05,4.68714e-06,3.15394e-05,4.01235e-05,0.000143715,0.00010071,0.00021517,6.56725e-05,0.000313878,0.000115494,8.13996e-05,0.00011001,8.48485e-05,2.81895e-06,0.00012943,0.000140868,6.7541e-05,0.000205923,6.77569e-05,0.000111972,0.000118303,5.78426e-05,0.000288545,4.36959e-05,9.08935e-05,2.04545e-05,8.88476e-05,4.8286e-05,0.000278613,0.000102448,0.000125149,0.000248801,6.00172e-05,0.000127551,0.000398736,2.5189e-05,0.000228265,6.51545e-05,0.000104979,5.82769e-05,3.48362e-05,0.00012834,2.64867e-05,3.76698e-05,0.000116065,1.53059e-05,9.42374e-05,7.88392e-05,7.88808e-05,3.35673e-05,4.18523e-05,0.000200718,5.24187e-06,7.19465e-06,0.00028241,5.60601e-05,3.60194e-05,0.000109107,0.000137156,0.000174939,1.22397e-05,4.38953e-05,2.65495e-05,8.03681e-05,6.9056e-05,0.000136453,0.000148944,8.40737e-05,2.54312e-05,0.000339541,7.43188e-05,4.33557e-05,5.18253e-05,5.42232e-05,6.13977e-05,3.21194e-05,5.13492e-05,5.16827e-05,6.51867e-05,0.000192492,2.09744e-05,2.64723e-05,8.65934e-05,2.97805e-05,7.44772e-05,8.78689e-05,0.000199119,0.000192807,1.60823e-05,0.000239289,0.000116054,7.83673e-05,6.31362e-05,9.43675e-06,7.1186e-05,0.000130812,0.000100072,7.61554e-05,8.01659e-05,2.08858e-05,5.21116e-05,3.67073e-05,8.08975e-05,4.26658e-05,1.70902e-05,0.000160516,0.000387187,1.42495e-05,6.35743e-05,6.04082e-05,4.09548e-05,2.26697e-05,0.000347616,4.54853e-05,0.000199582,1.47363e-05,6.48307e-05,4.34505e-06,1.07251e-05,5.94776e-05,6.95325e-05,6.94308e-05,0,4.27495e-05,1.99837e-05,5.52678e-05,1.30567e-05,6.43434e-06,5.28642e-05,1.6518e-05,3.04729e-05,5.01541e-05,3.17202e-05,1.54486e-05,6.03677e-05
"PWY-5918: superpathway of heme b biosynthesis from glutamate",7.87182e-06,8.75729e-06,1.37652e-06,1.93808e-06,2.46915e-06,5.9835e-06,2.34581e-05,0,0.0001672,0,4.24395e-06,8.84098e-05,8.48937e-06,2.94483e-06,1.74691e-05,3.05965e-06,0,4.18528e-06,1.8136e-06,2.77903e-05,4.69031e-06,6.63809e-06,2.80874e-06,2.53907e-06,2.49021e-06,1.84277e-05,6.5247e-05,4.7429e-05,3.25162e-06,0.000281811,1.16831e-05,3.07437e-06,0,0,0,2.07469e-05,8.78647e-05,3.26019e-06,9.48194e-05,8.55639e-06,6.51957e-05,7.99483e-06,5.0442e-06,0.000176261,3.37384e-05,0,1.02785e-05,2.16735e-05,1.12369e-05,8.38916e-06,0,2.38311e-05,0.000169329,1.32082e-05,6.3786e-05,0.000246662,2.43889e-05,0.000126397,1.46393e-05,5.52406e-05,3.25802e-05,0,5.66537e-05,1.62134e-06,2.59869e-05,0.000103548,6.01423e-06,1.65369e-06,1.27314e-05,3.25659e-05,3.45431e-05,0,0.000147547,8.80064e-06,1.75422e-05,0.000179498,3.95442e-05,5.51392e-06,8.31262e-05,0,1.196e-05,1.81134e-06,3.94191e-06,0,1.54823e-06,2.10254e-05,0,5.53208e-06,3.90651e-06,2.64613e-06,0.000257592,0,1.75959e-06,2.55841e-05,6.65911e-06,4.11729e-05,2.9926e-06,1.1631e-05,1.63412e-06,4.78408e-05,8.97668e-06,0,1.59824e-05,0,1.35935e-05,5.00353e-06,4.69379e-06,0.000123663,9.08851e-05,1.41699e-06,1.914e-06,7.5446e-05,9.67615e-06,1.17264e-05,5.17961e-06,2.4186e-06,6.42279e-05,8.57029e-06,7.88434e-06,5.35926e-05,3.07221e-06,7.65989e-06,0,1.67173e-06,2.27781e-05,4.80902e-06,0.000133697,0.000238509,4.31273e-06,1.23734e-05,5.02135e-06,2.24161e-05,3.10218e-06,0.000246979,1.14285e-05,0.000137884,5.61408e-06,4.10608e-05,2.74765e-06,0,7.52403e-05,0,2.89989e-05,0,2.66067e-05,7.25657e-06,4.33162e-05,1.15976e-05,5.73594e-06,4.23085e-06,0,8.10894e-06,2.28009e-05,1.8231e-05,0,7.05019e-06
"PWY-5920: superpathway of heme b biosynthesis from glycine",0,0,0,0,0,1.4317e-06,4.37975e-06,0,0.000128693,0,1.08193e-06,5.82915e-05,3.48385e-06,0,0,0,0,0,0,1.47837e-05,1.45825e-06,1.90769e-06,0,0,1.12994e-06,0,4.05703e-05,3.11972e-05,0,0.00022631,1.98741e-06,1.10637e-06,0,0,0,1.10463e-05,6.80174e-05,0,6.74111e-05,0,1.54616e-05,0,0,0.000144723,1.38354e-05,0,2.87716e-06,0,1.64111e-06,4.22361e-06,0,7.14597e-06,0.000128486,0,4.16333e-05,4.83643e-05,1.46433e-05,9.41213e-05,8.59764e-06,3.1491e-05,1.51407e-05,0,2.82746e-05,8.39964e-07,1.36552e-05,7.20411e-05,1.6033e-06,0,6.66069e-06,0,7.83841e-06,0,0.000115221,3.77124e-06,0,0.000145774,1.2781e-05,1.13577e-06,5.55545e-05,0,7.14875e-06,0,0,0,8.15472e-07,1.34526e-05,0,7.0836e-07,0,0,0.000188483,0,0,5.77557e-06,2.30423e-06,2.28494e-05,1.5626e-06,0,0,1.01216e-05,5.40568e-06,0,8.60025e-06,0,5.92289e-06,0,0,8.63424e-05,4.21483e-05,0,5.37502e-07,1.25839e-05,0,5.73261e-06,2.26995e-06,0,5.58371e-06,0,0,3.45756e-05,0,1.45021e-06,0,0,1.0442e-05,2.8809e-06,7.12613e-05,0.000194825,0,4.57234e-06,1.28467e-06,4.57727e-06,9.53972e-07,9.21171e-05,5.4915e-06,3.52119e-05,2.68123e-06,2.44888e-05,0,0,4.71949e-05,0,1.54782e-05,0,6.00324e-06,0,2.72522e-05,1.63691e-06,2.98751e-06,0,0,4.16122e-06,6.83017e-06,1.05823e-05,0,2.4895e-06
"PWY-5941: glycogen degradation II",0.000866668,0.000698998,0.000805809,0.000586879,0.00108155,0.00098883,0.00111503,0.00105742,0.000771377,0.000938983,0.00075131,0.000685626,0.000270651,0.000925989,0.00114865,0.000869665,0.00110856,0.000995884,0.000887892,0.000383898,0.000668496,0.00103027,0.000565388,0.000562529,0.000658959,0.00103634,0.00111803,0.00079523,0.000805992,0.000759273,0.0010232,0.000979387,0.00129871,0.00108348,0.00111017,0.000712513,0.000476056,0.00103328,0.000480882,0.000628482,0.000635082,0.000882744,0.000759306,0.000717679,0.000857354,0.00102987,0.000541076,0.000852523,0.000801857,0.000940318,0.00092648,0.000735384,0.000682416,0.000483306,0.000709073,0.000485951,0.00117632,0.000939881,0.000927536,0.000791529,0.000694035,0.00117296,0.000583657,0.000886738,0.000336635,0.000482524,0.000813334,0.00101282,0.000716269,0.000546885,0.000455279,0.000748295,0.000518482,0.000478722,0.000491175,0.000740115,0.000473754,0.000374041,0.000347361,0.0011878,0.000992256,0.000593328,0.00100942,0.00128684,0.000492584,0.000574847,0.00112427,0.000780775,0.000761615,0.00129309,0.000710717,0.000959143,0.000891202,0.00124216,0.00101089,0.00045649,0.000782065,0.00111212,0.000973893,0.000411381,0.000969756,0.00090351,0.000917443,0.000929652,0.000752246,0.000517085,0.000934072,0.000829878,0.00086417,0.000499313,0.00114104,0.000884347,0.000957873,0.000573486,0.000503578,0.000976178,0.00089666,0.000993073,0.000870647,0.000506511,0.000785766,0.000520733,0.000510798,0.000850735,0.000630548,0.000463826,0.000557226,0.000550527,0.000499987,0.000671876,0.000506421,0.000806162,0.00043202,0.000480149,0.000598124,0.000646963,0.000844087,0.0003727,0.000435198,0.000202434,0.000405341,0.000685608,0.00066922,0.000170434,0.000687208,0.000500336,0.000635244,0.000428813,0.000320843,0.000640874,0.000506745,0.000428556,0.000572883,0.00080454,0.000652693,0.000445261
"PWY-5971: palmitate biosynthesis (type II fatty acid synthase)",0.000132018,4.06595e-05,0.000100081,2.40073e-05,6.58244e-05,2.71795e-05,2.07678e-05,1.73242e-05,0.000263767,5.795e-06,1.98948e-05,0.000129734,4.88198e-05,0,4.43989e-05,7.8332e-05,2.46243e-05,7.64269e-05,2.34492e-05,0.000105269,2.36547e-05,3.09508e-05,0.000150842,3.98829e-05,3.95244e-05,0.000105874,0.000143555,0.000263968,9.81406e-05,0.00037991,6.02136e-05,2.63834e-05,0,2.64609e-05,0,0.00010276,0.000252933,4.96423e-05,0.000111537,4.34865e-05,0.000156281,3.87549e-05,5.36174e-05,0.000212773,7.0896e-05,2.36887e-05,4.6164e-05,9.62909e-05,3.56649e-05,5.27491e-05,5.64055e-05,0.000112815,0.000210813,3.88204e-05,0.000109097,0.00049722,3.12983e-05,0.000169231,4.35671e-05,0.00012324,8.3496e-05,5.59505e-06,0.000230295,1.78162e-05,0.000159673,0.000238359,6.0109e-05,3.17641e-05,9.79301e-05,7.30789e-05,9.5846e-05,3.37823e-05,0.000323229,5.53878e-05,0.000101107,0.000235475,0.000184823,4.20593e-05,0.000235271,4.42993e-05,0.000112259,5.22082e-05,2.04849e-05,0,0,8.98294e-05,0,0.000156746,0,0.000147467,0.000335592,0.00013172,2.1235e-05,8.93869e-05,2.45587e-05,0.000108133,3.96656e-05,2.4822e-05,0,0.000201039,8.63767e-05,0,3.22735e-05,7.23226e-05,4.56091e-05,2.07492e-05,6.35248e-05,0.000179955,9.72785e-05,2.16566e-05,0.00010511,0.000173511,0.000109341,8.73618e-05,8.31103e-05,5.67612e-05,9.86712e-05,3.76251e-05,8.17745e-05,0.000167691,0.000123233,6.45475e-05,5.09886e-05,0.000136725,0.000187725,3.57801e-05,0.000340343,0.000357348,7.75953e-05,6.15822e-05,0.000111492,4.47712e-05,2.56945e-05,0.000431155,0.000134681,0.000294702,2.96996e-05,0.000170473,3.69531e-05,0,0.000160211,7.00263e-05,0.000120147,0,0.000112399,9.06128e-05,7.08866e-05,3.90687e-05,0,5.17131e-05,4.0293e-05,0.000100031,5.6229e-05,6.39454e-05,2.40982e-05,0.000106897
"PWY-5972: stearate biosynthesis I (animals)",0,0,0,0,0,1.31206e-06,0,0,0,0,0,0,0,0,0,0,0,0,0,5.36317e-06,0,0,0,0,0,0,5.26647e-06,6.29313e-07,4.59206e-07,4.58539e-06,0,0,0,0,0,1.39186e-06,1.14483e-05,0,1.41985e-06,0,8.9722e-07,0,0,0,3.45389e-06,0,0,0,0,0,0,1.3485e-06,0,0,0,0,0,8.31142e-07,3.94246e-06,0,0,0,5.53691e-06,0,3.61088e-06,5.73476e-06,0,0,2.20764e-06,0,4.18126e-07,0,2.16217e-06,1.2128e-06,0,0,0,5.6282e-07,5.28325e-06,0,0,0,6.87021e-07,0,0,2.20987e-06,0,5.37686e-07,0,0,0,0,3.83088e-07,4.91337e-06,0,4.98948e-06,0,0,0,2.10083e-06,0,0,3.25239e-06,0,0,0,8.58666e-07,0,9.14362e-07,0,0,1.91166e-06,0,0,0,0,0,0,0,0,0,0,0,0,8.0364e-06,1.51416e-06,1.20196e-05,0,0,1.4918e-06,1.54436e-06,9.60198e-07,0,1.81558e-06,2.81022e-06,0,1.7546e-06,2.29236e-06,1.31083e-06,0,1.87128e-05,0,3.11159e-06,0,1.52693e-06,3.89573e-07,1.10224e-05,7.88906e-07,0,0,0,0,0,0,0,2.42787e-06
"PWY-5973: cis-vaccenate biosynthesis",0.000212072,0.000149775,0.000193832,0.000542938,0.000107097,2.15691e-05,2.10852e-05,6.49815e-05,0.000218154,6.17313e-05,9.29947e-05,0.000114151,0.000157774,8.26538e-05,0.000107719,0.000122986,3.08398e-05,8.38147e-05,0.000105259,0.000182724,0.000177899,0.000135301,0.000296199,0.000198687,0.000164744,0.000110443,0.000130409,0.000344665,0.000202098,0.000315498,7.6096e-05,0.000103485,3.0721e-05,3.17744e-05,0.000199926,0.000178438,0.000283816,7.50471e-05,0.000342783,8.80076e-05,0.000148774,4.52416e-05,0.000128631,0.000168009,8.70434e-05,1.97067e-05,0.000243202,0.000145727,5.70227e-05,6.16003e-05,6.62202e-05,0.00015839,0.000170572,0.000120291,0.000102095,0.000432784,4.03857e-05,0.000135947,6.45593e-05,0.000115325,0.000209457,2.54229e-05,0.000273413,7.96651e-05,0.000335713,0.000262518,6.11033e-05,2.84517e-05,0.000216826,0.000244757,0.000347158,0.000220599,0.000332459,0.000450642,0.000295321,0.000196836,0.000393811,8.17671e-05,0.000310285,6.79505e-05,0.000105403,0.00030951,5.22492e-05,0.000184362,0.000261908,0.00020316,8.43959e-05,0.000198504,0.00011253,0.000164669,0.000274443,0.000139705,0.000197135,9.36835e-05,0.000263433,0.000153471,9.27594e-05,3.21525e-05,5.70772e-05,0.000238617,7.49339e-05,0.000221866,2.85743e-05,0.000126967,0.000135745,4.77923e-05,0.000117823,0.000160345,8.23595e-05,9.82215e-05,9.69961e-05,0.000217103,0.000152354,0.000239543,0.000336474,8.51229e-05,8.06785e-05,5.62597e-05,0.000172893,0.000236929,0.00031986,0.000223083,0.000312512,0.000248643,0.000368887,0.000310004,0.000330625,0.000290972,0.000275099,0.000204321,0.00028366,6.98691e-05,0.000313589,0.000352273,0.000331884,0.000271313,0.000235335,0.000314718,0.000256269,0.000610836,0.000238694,0.000232964,0.000206658,0.000257169,0.000253513,0.000474271,0.000139548,0.000265845,0.000367445,0.00010189,0.000262698,0.00033371,0.000185911,0.00010507,0.000281191,0.000279613
"PWY-5981: CDP-diacylglycerol biosynthesis III",0.000133408,0.000102693,0.000114563,0.000344059,1.20269e-05,1.0754e-05,4.69705e-05,4.66405e-05,4.38613e-05,2.05773e-06,0,1.99252e-05,0.00014191,2.73492e-06,9.79163e-05,8.14171e-06,5.30332e-06,2.6241e-05,5.14565e-05,3.2033e-05,3.45695e-05,1.22313e-05,2.97941e-05,1.65937e-05,4.98106e-05,5.48194e-06,5.14356e-05,0.000152167,2.97168e-05,0.000111926,0.000157051,9.26051e-05,8.9938e-06,6.9744e-06,0.000112095,5.12626e-05,4.76689e-05,2.6213e-05,5.12954e-05,4.70477e-05,1.82675e-05,1.44958e-05,2.52866e-06,4.35995e-05,5.88234e-06,5.65508e-06,0.000134991,0.000197943,4.87693e-06,0.00011191,7.07881e-05,0.000209075,5.01608e-05,2.61331e-05,1.73387e-05,0.000106782,2.64417e-05,2.90753e-05,4.4266e-05,1.36928e-05,2.7702e-05,3.2652e-05,0.000117219,1.37865e-05,0.000245434,8.23014e-05,9.18224e-06,5.25587e-06,7.13397e-05,0.000170452,3.3194e-07,1.77212e-05,4.65431e-05,0,5.68602e-05,3.49272e-05,2.99023e-05,1.94728e-05,1.83084e-05,3.93191e-06,2.01318e-05,1.35716e-05,5.20713e-06,0,0.000200704,0.000114908,5.38238e-05,2.97574e-05,8.44884e-06,1.59285e-05,8.18587e-05,5.00116e-05,3.31194e-06,7.32948e-05,0.000221712,8.82205e-05,1.69041e-05,8.56158e-05,6.72154e-05,2.1781e-05,2.01245e-05,0.000142422,4.48421e-05,7.2593e-05,5.66071e-05,9.49509e-07,3.91035e-05,5.05029e-05,1.08615e-05,2.96604e-06,1.4928e-05,7.92221e-05,9.78045e-05,0.000137557,5.88582e-05,2.40942e-05,8.16437e-05,9.59104e-06,4.26906e-05,2.16495e-05,9.62285e-05,1.20352e-05,8.2332e-06,8.70765e-05,4.54492e-05,9.7004e-05,4.40186e-05,7.3962e-05,2.77888e-06,1.33299e-05,3.00332e-05,8.45922e-05,2.00773e-05,0.000131362,1.47115e-05,0.000222383,0.000207588,1.67322e-05,2.36069e-06,1.49612e-05,2.16306e-05,2.21695e-05,4.79053e-05,1.75879e-05,4.50179e-05,3.84994e-06,1.2086e-05,4.03857e-05,1.96963e-06,4.22147e-05,1.0163e-05,4.65869e-05,1.12516e-05,1.28156e-05,6.0393e-06,3.01655e-06
"PWY-5989: stearate biosynthesis II (bacteria and plants)",0.000107528,2.92626e-05,7.6788e-05,3.10843e-05,5.26523e-05,2.3838e-05,2.03695e-05,5.05352e-05,0.000237245,3.87706e-06,1.56498e-05,0.000112273,3.87185e-05,5.30109e-05,5.44661e-05,6.36081e-05,2.29522e-05,6.88307e-05,1.62279e-05,8.52978e-05,1.55537e-05,2.13702e-05,0.000138248,3.62654e-05,2.70811e-05,9.71322e-05,0.000127845,0.000225134,7.82843e-05,0.000345426,6.07083e-05,1.85726e-05,3.35151e-05,2.7466e-05,3.51767e-05,9.54405e-05,0.000234329,4.40209e-05,0.000323843,4.36507e-05,0.00014166,3.59567e-05,4.63635e-05,0.000177094,6.7654e-05,2.038e-05,3.82139e-05,8.1707e-05,4.10653e-05,6.38714e-05,5.21065e-05,0.000101466,0.000177489,2.64298e-05,9.39521e-05,0.000428104,4.17826e-05,0.000147047,3.881e-05,0.000110038,6.21151e-05,1.57427e-05,0.000233846,3.69529e-05,0.000121199,0.000223161,5.81636e-05,2.94397e-05,0.000113482,5.31651e-05,8.62572e-05,2.50263e-05,0.00029999,6.06912e-05,8.23468e-05,0.000213399,0.000167521,3.27557e-05,0.000219658,6.08081e-05,0.000102128,0.000101177,3.99307e-05,1.98531e-05,5.21798e-05,7.44677e-05,7.80612e-05,0.000167481,5.78541e-05,0.000146696,0.000279622,0.000129266,1.38997e-05,8.02208e-05,3.12553e-05,9.27735e-05,5.15327e-05,2.2354e-05,5.79924e-06,0.000193193,7.70255e-05,5.75327e-05,2.8223e-05,6.38904e-05,6.1673e-05,1.6431e-05,5.13254e-05,0.000154491,8.35223e-05,1.77058e-05,9.55138e-05,0.000156009,9.04569e-05,8.28767e-05,6.14461e-05,4.79874e-05,8.33582e-05,3.41397e-05,6.43233e-05,0.000133453,0.000125185,6.29648e-05,4.06287e-05,0.000124335,0.000170409,2.53385e-05,0.000311439,0.000302301,6.19733e-05,5.82322e-05,9.91871e-05,4.59506e-05,1.88052e-05,0.000373389,0.000101293,0.000230927,2.07682e-05,0.000145188,2.63561e-05,1.14486e-05,0.000135886,5.65122e-05,0.000108485,0.000237224,0.000104568,6.39795e-05,8.06462e-05,2.63067e-05,5.46453e-05,4.01792e-05,3.3512e-05,0.000118512,4.58965e-05,6.45374e-05,1.63155e-05,8.19691e-05
"PWY-5994: palmitate biosynthesis (type I fatty acid synthase)",1.10273e-05,1.302e-06,2.88094e-06,4.32367e-06,4.18827e-06,0,0,0,0,0,0,9.94291e-07,1.6761e-06,0,6.49626e-07,9.54116e-06,1.88724e-06,1.20347e-05,8.27685e-07,0,0,0,0,4.38138e-06,3.36325e-06,9.18895e-06,6.09916e-07,3.31551e-05,5.90955e-06,8.5336e-07,6.47669e-06,2.6778e-06,0,1.05044e-06,0,7.48886e-06,1.23851e-05,2.82461e-06,0,4.41411e-06,4.08834e-06,0,0,9.69047e-07,0,0,1.97366e-06,1.19313e-06,5.50076e-07,4.36424e-06,2.67659e-06,0,0,2.20057e-06,2.0438e-06,0,0,0,6.88338e-06,2.68221e-06,6.13759e-06,0,5.79982e-06,2.03069e-06,0,7.47624e-06,5.10863e-06,2.25733e-06,1.42995e-05,6.04924e-06,8.52991e-07,0,2.15802e-06,0,1.68257e-06,2.92304e-06,2.01253e-06,4.94859e-06,1.19216e-06,4.44783e-06,9.41174e-07,0,0,0,0,4.94463e-06,0,3.36302e-05,0,1.70652e-05,0,4.48988e-06,1.56312e-06,0,1.35172e-06,3.49072e-06,9.73085e-07,0,0,0,3.33943e-06,0,0,6.06743e-06,1.10727e-06,2.50605e-06,1.63079e-06,7.6477e-07,0,0,7.53004e-06,2.18322e-06,9.73017e-06,5.76979e-06,0,1.75677e-06,0,0,9.27435e-07,0,1.82952e-06,0,3.52285e-06,4.38994e-06,0,0,0,8.50225e-07,0,4.70673e-06,6.26709e-06,2.49808e-06,0,0,1.36827e-06,4.39878e-06,0,7.86881e-06,0,0,0,1.2443e-05,5.93028e-06,0,0,0,0,0,0,0,3.45691e-06,9.18125e-07,2.34945e-06,4.57618e-06,5.44743e-06,1.72469e-06
"PWY-6071: superpathway of phenylethylamine degradation",0,0,0,0,0,0,0,0,1.53367e-05,0,0,7.9074e-06,0,0,0,0,0,0,0,7.70682e-07,0,0,0,0,0,0,0,0,0,2.48409e-05,0,0,0,0,0,0,7.36109e-06,0,0,0,0,0,0,2.07779e-06,0,0,0,0,0,0,0,0,1.86199e-05,0,4.26888e-06,0,0,2.43133e-05,4.26262e-07,0,0,0,0,0,2.9834e-07,7.49485e-06,0,0,0,0,0,0,2.02648e-06,0,0,2.94405e-05,5.15785e-07,0,5.33026e-06,0,0,0,0,0,0,0,0,0,0,0,0,0,0,0,0,2.76384e-06,0,0,0,0,0,0,0,0,0,0,0,1.05274e-05,4.78599e-06,0,0,0,0,0,0,0,0,0,0,5.03303e-06,0,2.31607e-07,0,0,0,0,1.39263e-06,2.73773e-05,0,3.16599e-07,0,0,0,2.52688e-07,0,0,3.4907e-07,2.49916e-06,0,0,4.97311e-06,0,1.75031e-06,0,0,0,4.67239e-06,0,0,0,0,0,0,0,0,4.44365e-07
"PWY-6113: superpathway of mycolate biosynthesis",0,0,0,0,0,0,0,0,0,0,0,0,0,0,0,0,0,0,0,0,0,0,0,0,0,0,1.22208e-06,0,0,1.69896e-06,9.11512e-06,4.40513e-06,0,0,0,1.31669e-05,3.01368e-05,0,0,0,0,0,0,0,0,0,0,0,0,6.22145e-06,0,0,0,0,0,0,0,0,1.05105e-05,0,0,0,9.88111e-06,3.02795e-06,0,1.40289e-05,0,0,1.44418e-05,0,0,0,0,0,0,0,0,0,4.38143e-06,0,0,0,0,0,0,1.03064e-05,0,0,0,0,0,0,0,0,2.14989e-06,0,0,0,0,0,0,0,0,0,0,0,0,0,0,0,0,0,0,8.92496e-06,0,0,0,0,0,0,0,0,0,0,0,0,0,0,0,0,0,0,0,0,0,0,0,1.55236e-05,0,0,0,0,0,0,0,0,0,0,0,0,0,0,0,0,0,5.21518e-06
"PWY-6121: 5-aminoimidazole ribonucleotide biosynthesis I",0.000651419,0.00058961,0.000678498,0.000659232,0.000739402,0.000615967,0.000716236,0.000667441,0.00049182,0.000694262,0.000586326,0.00060642,0.000440071,0.000705709,0.000833418,0.000777679,0.000706157,0.00064685,0.000739047,0.000407635,0.00060149,0.000760503,0.000563412,0.000635823,0.000594578,0.000760134,0.000607446,0.000603673,0.000724269,0.000390765,0.000815206,0.000670483,0.000717031,0.00069244,0.000674238,0.000589907,0.000392312,0.000703258,0.000449706,0.000583818,0.000521965,0.000667762,0.000695102,0.000446306,0.000513625,0.000716534,0.000569812,0.000756031,0.000633671,0.000607783,0.000784513,0.000662541,0.000448465,0.000678936,0.000655036,0.000563926,0.000621027,0.000551306,0.000778765,0.000630568,0.000615444,0.000863463,0.000493373,0.000630991,0.000544738,0.000334483,0.0005286,0.000674093,0.000600516,0.000586177,0.000526789,0.000650284,0.000452373,0.000520249,0.000565476,0.000533157,0.00056769,0.000462587,0.000345081,0.000716864,0.000663509,0.000565615,0.000661222,0.000800157,0.000686484,0.000521553,0.000700073,0.0005702,0.000701936,0.000718575,0.000486822,0.000628861,0.00075031,0.000656098,0.000772516,0.000440788,0.000662047,0.000749369,0.000705418,0.000507755,0.000638926,0.000654686,0.000596067,0.000711376,0.000659302,0.000497918,0.000661729,0.000566525,0.000678726,0.000437765,0.000720957,0.000692806,0.000714199,0.000580489,0.00062349,0.000778774,0.000554692,0.000657821,0.000668832,0.000528029,0.000722128,0.000464427,0.000597965,0.000676448,0.000548817,0.000534709,0.000435006,0.000479624,0.000626367,0.000580597,0.000546764,0.000624285,0.000428504,0.0003658,0.000594922,0.000437653,0.000614008,0.000430688,0.000364341,0.000653052,0.000430483,0.000679977,0.000587758,0.000613637,0.000557775,0.000558318,0.000573676,0.000592138,0.000491567,0.000510721,0.000533252,0.000574431,0.000582694,0.00063693,0.00060496,0.000477562
"PWY-6122: 5-aminoimidazole ribonucleotide biosynthesis II",0.000671625,0.000592996,0.000700236,0.000653399,0.000776287,0.000648978,0.000751725,0.000702898,0.000499262,0.000706898,0.000608079,0.00065461,0.000494776,0.000715332,0.000847018,0.000810856,0.000716422,0.000669714,0.000762445,0.000411747,0.00062158,0.000764181,0.000572809,0.000648458,0.000608226,0.000800565,0.00063336,0.000632383,0.000725217,0.000463588,0.000828464,0.000674455,0.000779111,0.000723918,0.000683343,0.000616625,0.000390833,0.000712839,0.000521077,0.000589636,0.000544548,0.000711371,0.000732499,0.000453196,0.000525138,0.000781203,0.000571129,0.000792264,0.000653957,0.000700074,0.000833556,0.000682187,0.000479328,0.00070986,0.000701364,0.000603881,0.00062451,0.000575501,0.000776653,0.00069639,0.000638199,0.000868603,0.000499521,0.00063974,0.000561888,0.000361802,0.000576347,0.000722521,0.000647344,0.000590591,0.000516218,0.000654917,0.000483307,0.000510868,0.000568352,0.000538883,0.000565876,0.000460256,0.000385596,0.000753214,0.000718497,0.000568698,0.000674418,0.000806617,0.000700296,0.000521126,0.000759706,0.000683726,0.000730731,0.000749596,0.000531482,0.000676804,0.000775901,0.000674351,0.00080225,0.000441456,0.000676786,0.000751794,0.000738599,0.000510447,0.000720143,0.000669071,0.000607225,0.00073175,0.000672039,0.000565689,0.00071547,0.000580984,0.000725589,0.000443527,0.00081477,0.000726396,0.000755929,0.000614952,0.000623524,0.000807186,0.00058004,0.000677259,0.000714195,0.000541265,0.000728108,0.000505275,0.000612469,0.000689381,0.000544571,0.000558427,0.00043901,0.000492869,0.000633486,0.000590503,0.00059757,0.000626762,0.000562897,0.000382812,0.000587145,0.000446465,0.000610619,0.00043722,0.000505115,0.000656676,0.000428308,0.000694544,0.000613373,0.000606515,0.000552709,0.000552858,0.000578858,0.000598285,0.00047792,0.000538066,0.000529908,0.000575141,0.00058627,0.000645143,0.000603092,0.000496286
"PWY-6123: inosine-5'-phosphate biosynthesis I",0.000519133,0.000392563,0.000481805,0.000518429,0.000490523,0.000488075,0.000547807,0.000553587,0.000327142,0.000408915,0.000366121,0.000370859,0.000430833,0.000418576,0.000553662,0.000407486,0.000513657,0.000481034,0.000472323,0.000300534,0.000383958,0.00053777,0.000388267,0.000341224,0.000370616,0.000518424,0.000494166,0.000506487,0.000554673,0.000288365,0.000588893,0.000483533,0.00060666,0.000464141,0.000519279,0.000459946,0.0003394,0.000500357,0.000361394,0.000340573,0.000352448,0.000448039,0.000392384,0.000290611,0.000427103,0.00047761,0.000357819,0.000520442,0.000400754,0.000604387,0.000458294,0.000496869,0.00028689,0.000400336,0.000362414,0.000380117,0.000580026,0.000398046,0.000571158,0.000423821,0.000440767,0.000476802,0.000422325,0.000422547,0.000474329,0.000263569,0.000425218,0.000502551,0.000452335,0.000442997,0.000488807,0.000483766,0.000359804,0.000510213,0.000462017,0.000360412,0.000492898,0.000270677,0.000290657,0.000546263,0.000550335,0.000422451,0.000442145,0.000567613,0.000523983,0.000403527,0.000546379,0.000509235,0.000421619,0.000624349,0.000294998,0.000503897,0.000402893,0.000574026,0.000628639,0.000255212,0.0003899,0.00049096,0.000449819,0.000304955,0.000479799,0.000550017,0.000371366,0.00047183,0.000409034,0.000361231,0.000470913,0.000398805,0.000409776,0.000273199,0.000662746,0.000528842,0.000539369,0.00041294,0.000457884,0.000447994,0.000416949,0.000495743,0.000512333,0.000406053,0.000483339,0.000349104,0.000469731,0.000546554,0.000465567,0.00034179,0.000341758,0.000361225,0.000406899,0.000410151,0.000456596,0.00038162,0.000223755,0.000280243,0.000512029,0.000352909,0.000425513,0.000361883,0.000262855,0.000431561,0.000308554,0.000429769,0.000421727,0.000606549,0.000397025,0.000516065,0.000348126,0.000433723,0.000479983,0.000415105,0.000400744,0.000441723,0.000395877,0.000479591,0.000347897,0.000382091
"PWY-6124: inosine-5'-phosphate biosynthesis II",0.000497276,0.000368198,0.000454968,0.000495016,0.000459673,0.000457394,0.000510019,0.000526968,0.000302961,0.000379278,0.000340046,0.00034953,0.000409475,0.000386408,0.000520261,0.000374776,0.000481805,0.000456574,0.000441629,0.000285364,0.00035637,0.000507792,0.000366879,0.000311861,0.000343492,0.000486965,0.000466353,0.000539649,0.000528047,0.000274386,0.00056107,0.000452547,0.00056429,0.000433616,0.000491377,0.00044179,0.000331939,0.000476486,0.00033823,0.000315848,0.000333297,0.000416027,0.000360503,0.000278971,0.000400548,0.000441095,0.000332176,0.000497535,0.000367418,0.000598039,0.000426618,0.000472145,0.000271333,0.000370911,0.000336437,0.000373526,0.000548814,0.000383511,0.000553339,0.000396527,0.000418614,0.000436069,0.000410577,0.000387151,0.000459307,0.00025392,0.000410934,0.000473149,0.000433383,0.00042117,0.000470291,0.000456878,0.000347893,0.000494763,0.00043905,0.00029783,0.000485068,0.000245607,0.00028121,0.000529115,0.000534192,0.000399575,0.000408958,0.000525898,0.000506247,0.000381122,0.000518638,0.000511401,0.000390979,0.000609209,0.00028284,0.000473262,0.000369863,0.000545674,0.000601993,0.000235255,0.000361563,0.000453016,0.000418431,0.000282538,0.000454757,0.000532451,0.000344128,0.000441786,0.000377698,0.000337166,0.0004466,0.000374343,0.00038277,0.000254981,0.000650303,0.000501202,0.000514942,0.000387125,0.000431727,0.000414269,0.000391651,0.000465587,0.000484878,0.00038186,0.000455537,0.00032637,0.000453858,0.000523978,0.000447959,0.000318111,0.000332118,0.000233913,0.000379863,0.000382862,0.000433139,0.000354613,0.000203155,0.000234204,0.000489169,0.000344124,0.000394569,0.000347823,0.000243517,0.000403046,0.000291326,0.000397633,0.000396707,0.000603824,0.000372379,0.000502596,0.000324024,0.000411159,0.000466084,0.000388596,0.000379093,0.000419748,0.000367314,0.000453652,0.000319711,0.000363482
"PWY-6125: superpathway of guanosine nucleotides de novo biosynthesis II",0.000142568,0.000146454,8.01243e-05,7.71842e-05,0.000122397,0.000231538,0.000198161,5.63247e-05,0.000268392,0.000116431,9.38285e-05,0.000229854,0.000174149,0.00011468,0.000162306,0.000118066,9.7684e-05,0.000171679,0.000120307,0.00017209,0.000131709,0.0001555,5.62563e-05,0.000178133,0.000137871,0.00015455,0.000102623,0.000124718,0.000180279,0.000239173,0.000179158,0.000137257,4.43789e-05,0.000125917,2.91893e-05,0.000172234,0.000256239,8.33004e-05,0.000340539,0.000101786,0.000210545,0.000170808,0.000161166,0.000260503,0.000125787,8.41072e-05,7.66105e-05,0.000167237,0.000120975,0.000314853,0.000249258,0.000257426,0.000196476,0.000259134,0.000140249,0.000277111,2.81188e-05,0.000199425,0.000109096,0.000166299,0.000135577,7.94948e-05,0.000196872,9.73186e-05,0.000224343,0.000163982,0.00010428,9.2322e-05,0.000202206,0.000166879,0.000170061,0.000153502,0.000216226,0.000186832,0.000181991,0.000249613,0.000356853,9.40554e-05,0.000195197,0.000117961,0.000226709,0.000208343,5.65555e-05,6.58459e-05,0.000315196,0.00018643,0.000153689,0.000162537,0.000110795,3.41534e-05,0.000220812,0.000118791,8.97812e-05,8.03987e-05,0.000192091,0.000133379,9.3977e-05,0.000110906,8.71988e-05,0.000234584,0.000142518,3.71803e-05,8.41015e-05,0.000138918,0.000206451,0.000178555,0.000173587,0.000277212,0.000199633,8.43081e-05,0.000283556,0.000195106,0.000207675,0.00018099,0.000149229,6.83803e-05,0.000122143,0.000170084,0.00024699,0.000151627,0.000113529,0.000213711,0.000149696,0.000114209,0.000208792,0.000162281,0.000162516,0.000222925,0.000171966,0.000140751,0.000195069,0.000151046,0.000126593,0.000243272,0.000236175,0.00025681,6.56653e-05,0.000276053,0.000120979,0.000594821,0.000294248,0.000101822,0.000145007,0.000629163,0.000209847,0.00036716,0.000191519,0.000249112,0.000216029,0.00013391,0.000155581,0.000230566,0.000132252,0.000263783,0.000121375,0.000224645
"PWY-6126: superpathway of adenosine nucleotides de novo biosynthesis II",0.00019861,0.000198581,0.000115223,0.00011078,0.0001703,0.000299112,0.000263886,8.17484e-05,0.000331245,0.000156679,0.000132337,0.00031578,0.000243403,0.000160205,0.000217325,0.000167663,0.000134848,0.000229337,0.000167704,0.000232127,0.000176805,0.000205733,8.19308e-05,0.000242645,0.000194626,0.000214637,0.000142015,0.000174371,0.000240994,0.000274226,0.000247221,0.000190608,6.44441e-05,0.000173976,4.22216e-05,0.000237182,0.000301727,0.000114731,0.000372027,0.000147049,0.000279809,0.000230315,0.00021874,0.000317323,0.000169309,0.000120368,0.000110943,0.000229941,0.000161328,0.000402824,0.000334152,0.000342336,0.000253053,0.000309973,0.000194874,0.000357969,4.10949e-05,0.000258978,0.000155786,0.000227218,0.000187627,0.000113485,0.00026419,0.000135038,0.000299931,0.000209529,0.000144125,0.000129537,0.000272911,0.000229348,0.000235866,0.000213381,0.000284301,0.000253537,0.000248626,0.000311134,0.000448228,0.000131394,0.000245735,0.000162551,0.000297959,0.000281037,7.98985e-05,8.18042e-05,0.000406878,0.000249135,0.000208726,0.000224352,0.00015527,5.0382e-05,0.000291822,0.000164286,0.00012792,0.000114497,0.000261487,0.000184314,0.000130818,0.000151927,0.000122993,0.0003208,0.000193701,5.43717e-05,0.000118212,0.00019069,0.000263241,0.000242653,0.0002366,0.000356409,0.000265453,0.000117934,0.00037267,0.000265461,0.000277909,0.000247822,0.000207803,9.90338e-05,0.000165192,0.000224265,0.000321338,0.000212429,0.000159696,0.00028601,0.000209856,0.00015931,0.000276686,0.000227729,0.000217213,0.000289485,0.000237516,0.000192881,0.000267129,0.000206664,0.000166631,0.000244777,0.000318667,0.000324364,9.39825e-05,0.000341802,0.000156074,0.000694244,0.000364264,0.000144777,0.000199114,0.000691508,0.000278837,0.000451003,0.000255114,0.000330872,0.000288451,0.000179744,0.000214032,0.000313548,0.000183571,0.000341177,0.00016836,0.00029181
"PWY-6138: CMP-N-acetylneuraminate biosynthesis I (eukaryotes)",0,0,0,1.35423e-06,0,0,0,0,0,0,0,0,0,1.43966e-06,0,0,0,0,0,0,0,0,0,0,0,0,0,0,5.71277e-06,0,0,0,0,0,0,0,9.09293e-07,0,3.78037e-06,0,0,0,0,0,2.1235e-06,8.24421e-07,0,0,0,0,0,0,0,0,0,0,2.152e-06,0,0,0,0,0,0,0,0,0,0,0,0,0,0,1.26424e-06,0,0,0,0,9.93034e-07,0,1.47162e-06,0,0,0,0,0,0,0,0,0,0,0,0,1.07294e-06,0,0,0,0,3.88256e-06,0,0,0,0,0,0,0,0,0,0,0,0,0,0,0,0,0,0,0,0,0,0,0,0,0,0,0,0,0,0,0,0,0,0,0,0,0,0,0,1.09361e-06,1.97469e-06,0,1.42092e-06,0,0,0,0,0,0,0,0,0,0,0,0,0,0,0,0
"PWY-6143: CMP-pseudaminate biosynthesis",0,0,0,3.82982e-06,0,0,0,0,0,0,0,0,0,0,0,1.02728e-06,0,0,0,1.07727e-06,1.03699e-06,0,3.24613e-05,1.00936e-06,2.20123e-06,8.06968e-07,0,1.17656e-06,2.35703e-05,2.84095e-07,0,2.46711e-06,0,0,0,0,0,3.37689e-06,1.2046e-06,0,1.86571e-06,0,2.34788e-06,0,1.82663e-06,0,0,0,0,0,0,0,0,0,0,0,0,0,0,2.23169e-06,8.82022e-07,0,2.0725e-06,0,1.08169e-06,1.53838e-06,0,0,0,6.26378e-06,0,9.32419e-06,1.04406e-05,0,7.5094e-06,5.0261e-07,1.4269e-06,2.04479e-06,1.83443e-06,0,0,0,0,0,6.99186e-07,2.82653e-05,0,0,0,0,2.70399e-06,0,0,0,0,4.73771e-06,8.91313e-06,0,0,1.07255e-05,0,0,0,0,0,0,0,0,0,0,0,0,0,0,7.60758e-06,0,0,0,0,1.02617e-06,4.35159e-06,2.11607e-06,7.83717e-06,0,0,1.66616e-06,0,2.5025e-06,0,4.80016e-06,2.99014e-06,0,0,0,0,0,0,9.87799e-06,2.12529e-06,4.63552e-05,0,9.44076e-07,9.67362e-07,0,3.79346e-06,3.78676e-05,0,4.12198e-06,0,0,1.98612e-05,8.2025e-07,2.61798e-06,0,0,4.82569e-06
"PWY-6147: 6-hydroxymethyl-dihydropterin diphosphate biosynthesis I",8.33204e-05,0.000119404,4.90187e-05,4.92128e-05,2.09965e-05,3.21062e-05,4.8562e-05,2.39767e-05,0.00021249,4.00236e-05,5.44097e-05,0.000143797,0.000116506,1.4902e-05,7.53032e-05,5.59107e-05,1.72263e-05,2.04555e-05,4.39965e-05,9.74729e-05,7.68225e-05,5.18438e-05,7.23252e-05,8.19468e-05,5.62312e-05,1.79976e-05,5.77616e-05,0.000109714,0.000146223,6.40818e-05,5.72971e-05,5.14802e-05,1.92069e-06,1.8648e-05,9.94203e-06,7.06444e-05,0.00021598,5.32852e-05,0.000208309,8.58341e-06,7.6677e-05,1.86895e-05,6.79497e-05,0.000182132,4.87464e-05,4.56286e-05,3.99001e-05,3.55518e-05,4.01026e-05,4.14319e-05,6.8314e-05,7.22239e-05,0.000125219,0.000100932,8.35393e-05,0.000169468,1.63599e-05,0.000106128,5.38204e-05,5.1345e-05,7.55623e-05,3.21652e-05,7.64595e-05,2.21787e-05,0.000156381,0.000161643,3.65904e-06,1.39791e-05,0.000116238,7.08246e-05,0.000265203,9.7525e-05,0.000228013,0.00017321,0.00014755,0.000178905,0.00029205,6.02655e-05,0.000270225,5.38705e-06,2.80192e-05,0.000134704,5.11233e-06,1.59482e-05,6.38048e-05,0.00013597,1.77287e-05,8.28404e-05,5.11812e-05,7.3252e-06,0.000177664,4.71074e-05,3.10416e-05,4.82513e-05,7.65956e-05,6.58814e-05,6.83858e-05,4.66932e-05,2.86289e-05,0.000128339,3.5969e-05,1.62948e-05,4.54279e-05,2.64138e-05,5.2664e-05,0.000125884,3.91669e-05,0.00014183,4.7589e-05,3.98246e-05,8.06175e-06,9.85443e-05,3.30266e-05,0.000115082,0.000170966,1.0575e-05,8.02875e-05,1.50659e-05,4.93927e-05,7.75772e-05,9.54622e-05,0.000129721,0.000105563,7.87885e-05,0.000177676,0.000107044,0.000121932,0.00027425,0.000156164,6.73388e-05,0.000141043,9.82198e-05,0.000339682,0.00015776,0.000202659,0.000165791,2.77536e-05,0.000191489,0.000351362,0.000254756,0.000193227,7.13933e-05,0.000126217,0.000530164,0.000167338,0.00032166,7.16177e-05,0.00018677,0.000299252,6.02844e-05,0.00012492,0.000145933,7.10466e-05,0.000202502,9.72364e-05,0.000194893
"PWY-6148: tetrahydromethanopterin biosynthesis",0,0,0,0,0,0,0,0,0,0,0,0,0,0,0,0,0,0,0,0,0,0,0,0,0,0,0,0,0,0,0,0,0,0,0,0,0,0,0,0,0,0,0,0,0,0,0,0,0,0,0,0,0,0,0,0,0,0,0,1.19356e-06,0,0,1.24402e-06,0,0,0,0,0,0,0,0,0,0,0,0,0,0,0,0,0,0,0,0,0,0,0,0,0,0,0,0,0,0,0,0,0,0,0,0,0,0,0,0,0,0,0,0,0,0,0,0,0,0,0,0,0,0,0,0,0,0,0,0,0,0,0,0,0,0,0,0,0,0,0,0,0,0,0,0,0,0,0,0,0,0,0,0,0,0,0,0,0,0,0,0,0
"PWY-6151: S-adenosyl-L-methionine salvage I",0.000671259,0.000517052,0.000615111,0.000488059,0.000715198,0.000681107,0.000679872,0.000624927,0.000460174,0.000636885,0.00055366,0.000464373,0.000440026,0.000614719,0.000753896,0.000776555,0.000699155,0.000632324,0.000724148,0.000415001,0.000645837,0.000693183,0.000462443,0.000618738,0.000568675,0.000741811,0.000576151,0.000581827,0.000578815,0.000382042,0.000734242,0.000683979,0.000701233,0.000768897,0.000922268,0.000560171,0.000324518,0.000753059,0.000414309,0.000565258,0.00048969,0.000674885,0.00068348,0.000386419,0.000544831,0.000742995,0.00052834,0.000689008,0.000574537,0.000728555,0.000779451,0.000656258,0.000395112,0.000534831,0.000525735,0.000405498,0.000766526,0.000517068,0.000882902,0.000547089,0.000547253,0.000740548,0.000377154,0.000648578,0.000362328,0.000304944,0.000584697,0.000739797,0.000529994,0.000591599,0.000527725,0.000629443,0.000336277,0.000416162,0.00048115,0.000425004,0.000402562,0.00044214,0.000308743,0.000720526,0.000760243,0.000542788,0.000653137,0.000824218,0.000457715,0.000499064,0.000816406,0.000613775,0.000668385,0.000863401,0.00037022,0.000638443,0.00072329,0.000659188,0.000726114,0.000398848,0.000576504,0.000681196,0.000644234,0.000477278,0.000710771,0.000703289,0.000528792,0.000659936,0.000516868,0.000456211,0.000598009,0.000511035,0.000667398,0.000444117,0.000816367,0.00056288,0.000579367,0.000520687,0.000415603,0.00075931,0.000582999,0.000649268,0.000652058,0.000437718,0.000553491,0.000424441,0.000500239,0.000556542,0.000465657,0.000469953,0.000395501,0.000305274,0.000557097,0.000584285,0.000426096,0.000624823,0.000451801,0.000290391,0.000515297,0.000487981,0.000563215,0.000324998,0.000423634,0.000636345,0.000291792,0.000514739,0.000531073,0.000562946,0.000501421,0.000473623,0.000450233,0.00040933,0.000489353,0.000515556,0.000546914,0.00042155,0.000570345,0.000548027,0.00059688,0.000429091
"PWY-6160: 3-dehydroquinate biosynthesis II (archaea)",0,3.76258e-06,0,0,0,0,0,0,0,5.87522e-06,0,1.24832e-06,6.41311e-05,0,0,0,0,0,0,6.46991e-06,1.82965e-05,0,0,5.4017e-06,0,2.87365e-06,0,0,0,0,0,0,0,0,0,1.35079e-05,0,0,0,0,0,0,2.86526e-05,0,0,0,1.06081e-06,0,1.02675e-05,0,1.97616e-05,2.31881e-05,0,0.000169724,7.76666e-06,0,0,0,0,1.70936e-05,0,0,2.42482e-05,0,8.56424e-05,2.67865e-06,0,0,0,8.70652e-07,2.2503e-06,0,0,0,0,1.05705e-05,2.6796e-06,0,3.07201e-07,0,1.10487e-05,4.75202e-06,0,0,0.000135349,0,0,3.07886e-05,1.50945e-05,0,0,0,0,0,0,0,0,0,0,2.9504e-05,2.16003e-05,0,0,0,0,5.29252e-05,1.74479e-05,0,0,1.06969e-06,0,0,0,4.36405e-05,0,0,0,0,1.18375e-05,5.61813e-06,0,3.99608e-05,1.24693e-05,0,0,0,0,2.72483e-05,2.36777e-06,0,1.85722e-05,0,6.68087e-07,0,1.08362e-06,0,0,3.34054e-05,0,8.75618e-06,0,0,0,0,0,0,0,7.66831e-06,0,0,0,0,3.52774e-06,0,0,5.84011e-05
"PWY-6163: chorismate biosynthesis from 3-dehydroquinate",0.000694613,0.000604984,0.000754493,0.000659399,0.000810572,0.000710451,0.000773412,0.000754625,0.000464115,0.000750702,0.00065023,0.000550944,0.000574215,0.000805105,0.000850481,0.000900037,0.000874632,0.000706529,0.000832801,0.000401034,0.000682284,0.000796958,0.000536634,0.000697873,0.000670947,0.000862278,0.000653485,0.000505645,0.000686557,0.000356586,0.000886949,0.000758143,0.000843579,0.000801124,0.000788387,0.000609829,0.000408937,0.000845102,0.000514469,0.000742796,0.000570885,0.000726403,0.000739855,0.000401371,0.000568261,0.000816604,0.000566502,0.000777795,0.000671543,0.00067688,0.000834951,0.00064598,0.000451496,0.000718274,0.000624961,0.000386469,0.000741427,0.00052791,0.00087977,0.00061372,0.000588993,0.000927272,0.000469836,0.000731262,0.000530864,0.000351322,0.000611471,0.000796882,0.000647336,0.000604781,0.000557294,0.000657184,0.000427271,0.000527503,0.000618718,0.000405147,0.000514971,0.000489041,0.000347866,0.000809563,0.000636963,0.000611689,0.000733566,0.000946354,0.000639989,0.000543954,0.000817971,0.00063857,0.000786532,0.000781337,0.000381545,0.000649243,0.000810852,0.000772357,0.000753589,0.000462714,0.000697591,0.000842566,0.000796474,0.000551396,0.000703291,0.000780184,0.000644848,0.000773811,0.000665488,0.000539521,0.000734618,0.000545582,0.0007022,0.000499956,0.000779578,0.000715125,0.000728312,0.000590542,0.000619786,0.000864934,0.000654645,0.000740853,0.000756497,0.000497546,0.000707215,0.000546656,0.00055614,0.000701665,0.000563266,0.000531905,0.00044139,0.000369673,0.000643741,0.000652,0.000581786,0.000691329,0.000406014,0.000264871,0.000658533,0.000470379,0.000661051,0.000433273,0.000421996,0.000637937,0.00048577,0.000704437,0.000652331,0.000567575,0.000603307,0.000556934,0.000540156,0.000541992,0.00048946,0.000532689,0.00062511,0.000564287,0.000660594,0.000573871,0.000631729,0.000518671
"PWY-6165: chorismate biosynthesis II (archaea)",0,9.92989e-06,0,0,0,0,0,0,0,1.54609e-05,0,3.31603e-06,0.000139444,0,0,0,0,0,0,1.67788e-05,4.66576e-05,0,0,1.42097e-05,0,7.62026e-06,0,0,0,0,0,0,0,0,0,3.47344e-05,0,0,0,0,0,0,7.16643e-05,0,0,0,2.81977e-06,0,2.66844e-05,0,5.06595e-05,5.83324e-05,0,0.000323343,2.02808e-05,0,0,0,0,4.35491e-05,0,0,5.95031e-05,0,0.00017759,7.05218e-06,0,0,0,2.31602e-06,5.96067e-06,0,0,0,0,2.70059e-05,7.08385e-06,0,8.17997e-07,0,2.86344e-05,1.25056e-05,0,0,0.000266258,0,0,7.59533e-05,3.89508e-05,0,0,0,0,0,0,0,0,0,0,7.15572e-05,5.46187e-05,0,0,0,0,0.000121181,4.47107e-05,0,0,2.84228e-06,0,0,0,0.000103339,0,0,0,0,3.07465e-05,1.46927e-05,0,9.38473e-05,3.19806e-05,0,0,0,0,6.44489e-05,6.27353e-06,0,4.68e-05,0,1.77663e-06,0,2.8816e-06,0,0,7.88941e-05,0,2.28143e-05,0,0,0,0,0,0,0,1.99771e-05,0,0,0,0,9.32042e-06,0,0,0.000130565
"PWY-6167: flavin biosynthesis II (archaea)",0,1.08549e-05,0,0,0,0,0,0,0,4.21312e-06,0,1.73934e-06,4.39259e-05,0,0,0,0,0,0,1.04163e-05,2.19408e-05,0,0,5.53449e-06,0,0,0,0,0,0,0,0,0,0,0,2.04393e-05,0,0,0,0,0,0,0,0,0,0,0,0,0,0,0,2.0748e-05,0,4.29935e-05,1.08272e-05,0,0,0,0,3.77517e-05,0,0,4.71415e-05,0,8.81839e-05,1.16834e-05,0,0,0,0,0,0,0,0,0,8.70895e-06,6.61588e-06,0,0,0,5.75795e-06,5.36835e-06,0,0,2.13256e-05,0,0,1.73184e-05,1.5231e-05,0,0,0,0,0,0,0,0,0,0,3.90122e-05,1.98528e-05,0,0,0,0,0,5.23268e-06,0,0,1.93381e-06,0,0,0,5.39168e-06,0,0,0,0,2.09929e-05,1.10559e-05,0,3.15333e-05,9.35826e-06,0,0,0,0,1.43447e-05,3.00809e-06,0,9.71433e-06,0,0,0,0,0,0,6.32146e-05,0,6.14765e-06,0,0,0,0,0,0,0,1.92811e-05,0,0,0,0,1.11984e-05,0,0,6.19646e-05
"PWY-6168: flavin biosynthesis III (fungi)",4.78717e-05,5.80421e-05,0,0,0,9.60704e-06,2.88549e-05,0,0.000162589,9.28321e-06,1.70108e-05,0.000145257,5.8626e-05,0,1.32602e-05,0,0,0,1.64155e-05,0.000136883,2.64936e-05,4.07023e-05,2.37519e-06,2.51982e-05,2.28446e-05,0,9.40262e-05,9.46918e-05,4.74574e-05,0.000200119,2.19916e-05,7.03518e-06,0,0,0,6.16251e-05,0.000163175,0,3.4324e-05,0,0.000162188,0,0,0.000182119,0.000123905,0,2.00964e-05,0,0,2.70139e-05,0,0.000128135,0.000177654,3.92324e-05,0.000101043,0.000216615,8.90455e-05,0.000166349,4.20473e-05,0.000139652,2.50114e-05,0,0.000190446,0,0.000107681,0.0001894,3.64054e-05,0,0.000131859,3.50356e-05,0.000126465,3.03975e-05,0.000213716,0.000135095,8.3913e-05,0.000176487,0.000144813,5.43676e-05,0.000161812,0,1.57211e-05,3.85354e-05,0,0,1.86121e-05,7.22133e-05,0,5.9451e-05,2.324e-05,0,0.000248265,2.13919e-05,0,6.20606e-05,2.98592e-05,9.55716e-05,0,0,1.04858e-05,0.000158781,3.05746e-05,0.000117057,2.45169e-05,1.60254e-05,6.57111e-05,0,5.25737e-06,0.000182176,0.000149387,3.11036e-05,0,0.000257492,0,4.67119e-06,0.000186372,2.02256e-05,0,0,4.54794e-05,8.91042e-05,2.07479e-05,3.73383e-05,2.86914e-05,6.34258e-05,0.000175703,3.16067e-05,0.000183677,0.000204261,3.22072e-05,3.23221e-05,6.06418e-05,4.28987e-05,3.34094e-05,0.000179336,0.000129025,0,4.94519e-05,0.000108498,7.83939e-05,1.27336e-05,0.000152372,2.51337e-05,0.000101713,0.000189956,7.99244e-06,0.000231289,0.000142335,6.24891e-05,0.000148207,1.02353e-05,9.58128e-05,9.99122e-05,0.000114612,3.02614e-05,5.68605e-05,9.71025e-05
"PWY-6174: mevalonate pathway II (haloarchaea)",0,7.0355e-06,0,0,0,0,0,0,0,0,0,1.2391e-06,0,0,0,0,0,0,0,0,0,0,0,1.89107e-06,0,0,0,0,0,0,0,0,0,0,0,3.85422e-06,0,0,0,0,0,0,9.73569e-06,0,0,0,0,0,0,0,1.85767e-05,3.19618e-05,0,0,3.91106e-06,0,0,0,0,0,0,0,0,0,0,4.54549e-06,0,0,0,0,0,0,0,0,0,0,4.61278e-06,0,0,0,0,0,0,0,0,0,0,0,0,0,0,0,0,0,0,0,0,0,0,0,0,0,0,0,0,0,0,0,0,0,0,0,0,1.82018e-06,0,0,0,0,4.411e-06,2.71581e-06,0,0,0,0,0,0,0,1.39921e-06,0,0,5.57804e-06,0,1.32942e-06,0,0,0,0,3.31137e-06,0,0,0,0,0,0,0,0,0,0,0,0,0,0,0,0,0,0
"PWY-6182: superpathway of salicylate degradation",0,0,0,0,0,0,0,0,0,0,0,0,0,0,0,0,0,0,0,0,0,0,0,0,0,0,1.76968e-05,2.8239e-05,0,6.39385e-06,0,0,0,0,0,0,1.62553e-05,0,6.23026e-05,0,0,0,0,0,0,0,0,0,0,0,0,0,0,0,0,0,0,0,0,0,0,0,0,0,0,2.15409e-06,0,0,0,0,0,0,0,0,0,0,0,0,0,0,0,0,0,0,0,0,0,0,0,0,0,0,0,0,0,0,0,0,0,0,0,0,0,0,0,0,0,0,9.48873e-07,0,0,0,0,8.86462e-07,0,0,4.41578e-05,0,0,0,0,0,0,0,3.83948e-06,0,0,0,0,0,0,8.80023e-06,0,4.52757e-07,0,1.02428e-05,0,0,0,0,6.85021e-06,0,0,0,0,0,0,0,0,0,0,0,0,0,0,0
"PWY-6185: 4-methylcatechol degradation (ortho cleavage)",0,0,0,0,0,0,0,0,0,0,0,0,0,0,0,0,0,0,0,0,0,0,0,0,0,0,1.88836e-05,3.63376e-05,0,6.08266e-06,5.3477e-07,0,0,0,0,0,1.9324e-05,0,6.51739e-05,0,0,0,0,0,0,0,0,0,0,0,0,0,2.63005e-06,0,0,0,0,0,0,0,0,0,0,0,0,1.86885e-06,0,0,0,0,0,0,0,0,0,0,0,0,0,0,0,0,0,0,0,1.92637e-06,0,0,0,0,0,0,0,0,0,0,0,0,0,0,2.75512e-06,0,0,0,0,0,0,0,7.8749e-07,0,0,0,0,8.28147e-07,0,0,5.18905e-05,0,0,0,0,0,0,0,3.74747e-06,0,0,0,0,0,0,8.62364e-06,0,2.1814e-05,0,4.79187e-05,0,0,0,0,9.10303e-06,0,0,0,0,0,0,0,0,0,0,0,0,0,0,0
"PWY-6210: 2-aminophenol degradation",0,0,0,0,0,0,0,0,0,0,0,0,0,0,0,0,0,0,0,0,0,6.17459e-08,0,0,0,0,7.12474e-06,0,0,3.87287e-06,0,0,0,0,0,1.09496e-06,3.99717e-07,0,1.60909e-05,1.6721e-07,0,0,0,0,0,0,0,0,0,0,0,0,0,0,2.92908e-07,0,0,0,0,0,0,0,0,0,7.25335e-07,1.3302e-06,0,0,3.64093e-07,0,0,0,0,0,0,0,0,0,0,0,0,0,0,0,0,0,0,0,0,0,0,0,0,0,0,9.56307e-07,0,0,0,0,0,0,0,0,0,0,0,0,1.35983e-07,0,0,0,0,0,0,0,0,0,0,0,0,5.32792e-07,0,0,2.57577e-07,0,0,0,0,0,0,0,0,0,0,0,0,0,0,0,9.67749e-08,0,7.43387e-07,0,0,0,0,0,0,0,0,0,0,0,0,0
"PWY-6215: 4-chlorobenzoate degradation",0,0,0,0,0,0,0,0,0,0,0,0,0,0,0,0,0,0,0,0,0,0,0,0,0,0,3.85121e-07,0,0,1.20261e-05,6.29894e-07,0,0,0,0,0,7.11874e-06,0,0,1.18956e-06,0,0,0,0,0,0,0,0,0,0,0,0,7.59143e-06,0,0,0,0,0,0,0,0,0,0,0,0,3.00096e-06,0,0,0,0,0,0,0,0,0,0,0,0,0,0,0,0,0,0,0,4.88611e-07,0,0,0,0,0,0,0,0,0,8.72678e-07,0,0,0,0,1.08656e-06,0,0,0,0,0,0,0,2.06202e-06,0,0,0,0,8.04555e-07,0,0,1.72683e-06,0,0,0,0,0,0,0,1.0258e-06,0,0,0,0,0,0,1.28225e-06,0,8.265e-06,0,0,0,0,0,0,2.11881e-06,0,0,0,0,0,0,0,0,0,0,0,0,0,0,0
"PWY-621: sucrose degradation III (sucrose invertase)",0.000194162,0.000183109,0.000148271,7.72841e-05,9.32734e-05,0.000125786,0.000216358,6.85674e-05,0.000193085,0.000140822,0.000112201,0.000127527,2.09044e-05,0.000177898,0.000174214,9.9388e-05,0.000140378,6.05448e-05,0.000112404,5.75564e-05,0.000107499,0.000110812,9.16969e-05,0.000133383,0.000128136,0.000119656,0.000227923,0.000297869,0.000159992,0.000281226,0.000225276,0.000168335,0.000169114,6.06096e-05,0.000275086,0.000279779,0.000219794,0.000269803,0.000262417,0.000144243,0.000100872,0.000144272,8.16496e-05,0.000178543,0.000182584,2.66349e-05,7.84705e-05,0.000183163,4.96579e-05,0.000184942,9.01712e-05,0.000191703,0.000229225,6.58207e-05,0.000163896,0.000238159,0.000282073,0.000209054,0.000351782,8.95603e-05,0.000150504,0.000122267,0.000117313,0.000115314,7.09235e-05,0.000132409,0.000219754,8.62137e-05,8.3453e-05,5.29708e-05,0.000139106,0.000211117,0.000158053,0.000224202,9.6077e-05,0.000217106,0.00018378,6.34456e-05,0.000156191,5.75966e-05,7.33456e-05,0.000136297,0.000154347,3.09474e-05,4.91204e-05,0.000172054,0.000179458,0.000157101,0.000146196,0.000302856,0.000203938,9.7679e-05,0.000177029,0.000237342,0.000167289,9.72614e-05,8.79705e-05,7.80356e-05,0.000154034,9.1502e-05,0.000205679,0.000632417,0.000107342,0.000111913,7.46594e-05,5.63029e-05,0.00014589,0.000183231,6.75194e-05,6.53894e-05,9.87566e-05,8.68311e-05,0.000122244,0.000153762,0.000181164,0.000228766,0.000268055,5.6355e-05,0.000110399,8.14001e-05,0.000138182,8.43025e-05,5.49889e-05,0.000306957,0.000134679,7.78778e-05,0.000245106,0.000261535,0.000135923,7.63432e-05,7.71541e-05,0.000251132,9.01318e-05,0.000165534,0.000116385,0.000185445,0.000104362,4.39375e-05,1.97742e-05,5.99375e-05,9.90323e-05,0.000256611,8.80625e-05,0.000141275,0.00021656,9.24122e-05,0.000146963,0.000105011,8.93246e-05,2.86218e-05,0.00011092,7.24765e-05,6.62616e-05,0.000174229,0.000174203,8.16868e-05
"PWY-622: starch biosynthesis",9.18155e-05,5.89967e-05,0.000133781,3.04653e-05,0.000151287,0,0.000406231,0,1.526e-05,0,0,5.88147e-05,3.35642e-05,0.000232012,0.000107333,0.000171265,0.000238222,0.000345155,0.000100668,0,0,0,0,4.24718e-05,2.36288e-05,0.000303854,0,0.000481069,9.24928e-05,8.21714e-06,0.000106645,9.3805e-06,0.000660013,0.000133019,0,0.000130554,5.28592e-05,5.34515e-05,0,0.000120399,5.15255e-05,0.000234381,7.05283e-05,1.91951e-05,0,0.000117534,2.79101e-05,0.000223922,5.42489e-06,0.00031072,0.000175816,0.000106748,0.000104292,9.25587e-05,0.000142661,0,9.77936e-05,0.000283452,7.93495e-05,0.000101672,0.000136321,0,0.000204559,0.000120221,8.90358e-06,1.53869e-05,0.000176509,0.000107877,0.000336342,8.52574e-05,3.82775e-05,3.57665e-05,5.53062e-05,0,9.96247e-06,0.000152105,3.23044e-05,6.61347e-05,1.42783e-05,0.000315665,0.000113978,9.90153e-06,0.000105957,0,0.000174744,9.36662e-05,0.000411269,0.0004287,6.67696e-05,0.000613287,1.15122e-05,8.08154e-05,7.9877e-05,0.000432927,0.000107568,2.16294e-05,4.06541e-05,4.35836e-05,6.77542e-05,0,0.000209059,6.62811e-05,0,0.000131,2.74416e-05,0.000131861,0.00021222,8.02813e-05,7.3442e-05,0,0.000461382,0.000102741,0.000352013,0.00017713,0,0.000339305,2.72941e-05,0.00020388,0.000311909,4.47207e-06,5.98306e-05,4.53878e-05,2.49091e-05,0.000174513,0,0,0,3.38033e-05,1.05369e-05,5.3324e-05,0.000132689,6.41003e-05,1.78808e-05,1.61888e-06,6.69979e-05,0.000183093,0,7.12154e-05,0,3.34341e-05,0,0.000142275,0.000116135,4.88297e-05,0,4.81287e-05,0,4.0774e-05,7.13388e-06,3.2562e-05,1.16544e-05,6.25385e-05,2.17273e-05,0.000130974,4.38142e-05,9.90963e-05
"PWY-6269: superpathway of adenosylcobalamin salvage from cobinamide II",0,0,0,0,0,0,0,0,0,0,0,0,0,0,0,0,0,0,0,0,0,0,0,0,0,0,0,0,0,0,0,0,0,0,0,0,0,0,0,0,0,0,0,0,0,0,0,0,0,0,0,0,0,0,0,0,0,0,0,0,0,0,0,0,0,0,0,0,0,0,0,0,0,0,0,0,0,0,0,0,0,0,0,0,0,0,0,0,0,0,0,0,0,0,0,0,0,0,0,0,0,0,0,0,0,0,0,0,0,0,0,0,0,0,0,0,0,0,0,0,0,0,0,0,0,0,0,0,0,0,0,0,0,0,0,0,0,0,0,0,0,0,0,0,0,0,0,0,0,0,0,0,0,0,0,0
"PWY-6270: isoprene biosynthesis I",0.000463221,0.000419125,0.000445418,0.000355498,0.000483813,0.000436632,0.000621682,0.000550919,0.000342589,0.000489856,0.000344874,0.000348699,0.000326469,0.000507079,0.000604498,0.000350401,0.00060921,0.000517549,0.000398334,0.000249366,0.000430442,0.000452246,0.000225463,0.000306514,0.000376914,0.000422048,0.000494303,0.000389431,0.00048347,0.000223427,0.000553712,0.000536181,0.00065662,0.000522798,0.000618368,0.000309643,0.000318849,0.00053868,0.00031475,0.000262043,0.000360116,0.000463621,0.000474049,0.00031191,0.00038322,0.00051515,0.000288888,0.000546064,0.000462154,0.000504419,0.00049864,0.0004102,0.000353018,0.000439915,0.000318682,0.000214109,0.000640475,0.000462678,0.000676721,0.000410258,0.000370897,0.000634831,0.000335276,0.000534595,0.000350943,0.000261014,0.000464447,0.0005132,0.000408033,0.000355593,0.000271103,0.0003032,0.000322632,0.000298494,0.000289812,0.000330271,0.000346984,0.000235719,0.000258693,0.000517731,0.000461751,0.000326182,0.000577004,0.000688941,0.000437963,0.000326547,0.000610395,0.000379136,0.0003786,0.00052524,0.000315891,0.000427972,0.000393751,0.000536444,0.000537438,0.000279258,0.00040575,0.000589235,0.000532987,0.000335317,0.000433476,0.000647439,0.000422046,0.000496704,0.0004693,0.000369578,0.000447009,0.000418366,0.000412679,0.00028798,0.000541957,0.000416582,0.000497672,0.000405319,0.000337574,0.000395666,0.000483526,0.000515286,0.000495067,0.00035778,0.00031069,0.000314795,0.000263787,0.000432887,0.00037022,0.000305575,0.000340976,0.000283083,0.000255206,0.000370687,0.000263541,0.000452089,0.000170169,0.000145708,0.000319699,0.000376325,0.000482757,0.000308673,0.000146836,0.000252231,0.000286417,0.000334145,0.000406614,0.000189787,0.000387362,0.000399417,0.000391854,0.000255202,0.000158927,0.000383124,0.000219527,0.000265414,0.000208741,0.000482805,0.000227013,0.000337044
"PWY-6277: superpathway of 5-aminoimidazole ribonucleotide biosynthesis",0.000671625,0.000592996,0.000700236,0.000653399,0.000776287,0.000648978,0.000751725,0.000702898,0.000499262,0.000706898,0.000608079,0.00065461,0.000494776,0.000715332,0.000847018,0.000810856,0.000716422,0.000669714,0.000762445,0.000411747,0.00062158,0.000764181,0.000572809,0.000648458,0.000608226,0.000800565,0.00063336,0.000632383,0.000725217,0.000463588,0.000828464,0.000674455,0.000779111,0.000723918,0.000683343,0.000616625,0.000390833,0.000712839,0.000521077,0.000589636,0.000544548,0.000711371,0.000732499,0.000453196,0.000525138,0.000781203,0.000571129,0.000792264,0.000653957,0.000700074,0.000833556,0.000682187,0.000479328,0.00070986,0.000701364,0.000603881,0.00062451,0.000575501,0.000776653,0.00069639,0.000638199,0.000868603,0.000499521,0.00063974,0.000561888,0.000361802,0.000576347,0.000722521,0.000647344,0.000590591,0.000516218,0.000654917,0.000483307,0.000510868,0.000568352,0.000538883,0.000565876,0.000460256,0.000385596,0.000753214,0.000718497,0.000568698,0.000674418,0.000806617,0.000700296,0.000521126,0.000759706,0.000683726,0.000730731,0.000749596,0.000531482,0.000676804,0.000775901,0.000674351,0.00080225,0.000441456,0.000676786,0.000751794,0.000738599,0.000510447,0.000720143,0.000669071,0.000607225,0.00073175,0.000672039,0.000565689,0.00071547,0.000580984,0.000725589,0.000443527,0.00081477,0.000726396,0.000755929,0.000614952,0.000623524,0.000807186,0.00058004,0.000677259,0.000714195,0.000541265,0.000728108,0.000505275,0.000612469,0.000689381,0.000544571,0.000558427,0.00043901,0.000492869,0.000633486,0.000590503,0.00059757,0.000626762,0.000562897,0.000382812,0.000587145,0.000446465,0.000610619,0.00043722,0.000505115,0.000656676,0.000428308,0.000694544,0.000613373,0.000606515,0.000552709,0.000552858,0.000578858,0.000598285,0.00047792,0.000538066,0.000529908,0.000575141,0.00058627,0.000645143,0.000603092,0.000496286
"PWY-6281: L-selenocysteine biosynthesis II (archaea and eukaryotes)",0,0,0,0,0,0,0,0,0,0,0,0,0,0,0,0,0,0,0,0,0,0,0,0,0,0,0,0,0,0,0,0,0,0,0,0,0,0,0,0,0,0,0,0,0,0,0,0,0,0,0,0,0,0,0,0,0,0,0,0,0,0,0,0,0,0,0,0,0,0,0,0,0,0,0,0,0,0,0,0,0,0,0,0,0,0,0,0,0,0,0,0,0,0,0,0,0,0,0,0,0,0,0,0,0,0,0,0,0,0,0,0,0,0,0,0,0,0,0,0,0,0,0,0,0,2.044e-06,0,0,0,0,0,0,0,0,0,0,0,0,0,0,0,0,0,0,0,0,0,0,0,0,0,0,0,0,0,0
"PWY-6282: palmitoleate biosynthesis I (from (5Z)-dodec-5-enoate)",0.000110257,2.93229e-05,7.70409e-05,1.83679e-05,5.15925e-05,2.33254e-05,1.77985e-05,1.55253e-05,0.000236643,3.85072e-06,1.58404e-05,0.000112685,4.02282e-05,5.09835e-05,4.2613e-05,6.38455e-05,2.13229e-05,6.5608e-05,1.60816e-05,8.73374e-05,1.56114e-05,2.13455e-05,0.000147328,3.70674e-05,2.72837e-05,9.26397e-05,0.000125858,0.000317,7.92946e-05,0.000350521,5.64791e-05,1.83743e-05,3.27348e-05,2.31065e-05,0,9.40448e-05,0.000229901,3.99469e-05,0.000328913,4.27637e-05,0.000145264,3.33637e-05,4.10989e-05,0.000186067,6.28766e-05,1.9608e-05,3.33582e-05,8.24616e-05,3.04701e-05,4.7966e-05,4.94043e-05,0.000106897,0.000183173,2.78969e-05,9.60866e-05,0.000477176,2.8912e-05,0.000145968,3.58225e-05,0.000109853,6.28172e-05,5.11401e-06,0.000230349,1.66663e-05,0.000129875,0.000223657,5.61944e-05,2.84785e-05,0.000118167,5.35451e-05,8.60194e-05,2.5157e-05,0.000314864,6.11902e-05,8.36629e-05,0.000211857,0.000170934,3.24627e-05,0.000221579,4.1414e-05,9.68253e-05,0.000102504,1.81488e-05,0,5.51979e-05,7.69863e-05,7.43495e-05,0.000158447,5.62027e-05,0.000134202,0.000299721,0.000121394,1.39013e-05,7.80575e-05,1.88948e-05,9.67754e-05,3.33379e-05,2.05547e-05,5.73635e-06,0.00021029,7.45322e-05,6.04707e-05,2.73394e-05,6.19519e-05,3.77946e-05,1.59078e-05,5.02393e-05,0.000158901,8.22867e-05,1.75469e-05,9.04011e-05,0.000154808,9.24223e-05,8.57315e-05,6.2075e-05,4.62731e-05,8.36953e-05,3.05471e-05,6.33783e-05,0.000151181,0.00013048,6.37757e-05,4.1285e-05,0.000124654,0.000176071,2.5709e-05,0.000320979,0.000328507,6.21322e-05,4.7157e-05,0.000100806,4.01333e-05,1.87701e-05,0.000403436,0.000102348,0.000264275,2.0744e-05,0.000144457,2.51321e-05,1.14764e-05,0.000141264,5.67782e-05,0.000106009,0.000219528,0.000106711,6.39207e-05,6.80642e-05,2.66552e-05,5.53169e-05,3.87761e-05,3.37583e-05,0.000124323,4.55462e-05,6.25172e-05,1.64956e-05,8.27165e-05
"PWY-6284: superpathway of unsaturated fatty acids biosynthesis (E. coli)",5.39495e-05,1.68222e-05,6.23019e-05,2.03518e-05,5.21189e-05,9.98252e-06,1.82469e-05,1.94087e-05,0.000184359,2.83287e-06,4.60218e-06,9.59254e-05,1.01342e-05,0,4.60016e-05,4.5458e-05,1.25025e-05,6.59997e-05,1.4364e-05,5.18653e-05,1.70264e-05,1.77407e-05,2.48909e-05,6.07196e-06,2.58823e-05,6.73164e-05,7.73535e-05,4.8301e-05,3.24314e-05,0.000276086,1.67608e-05,1.56443e-05,0,2.44903e-05,0,2.28888e-05,0.000177335,4.4102e-05,7.8224e-06,7.88818e-06,5.91721e-05,3.14638e-05,4.51786e-05,0.000179014,3.1325e-05,1.67646e-05,3.68102e-05,3.68905e-05,3.36421e-05,4.72168e-05,3.68963e-05,3.37391e-05,0.000162039,2.39786e-05,7.49301e-05,0.000303198,2.80772e-05,0.000122481,3.96204e-05,5.49752e-05,4.62714e-05,5.67838e-06,6.99561e-05,1.846e-05,6.15185e-05,0.000165692,1.48165e-05,8.95426e-06,9.72617e-06,3.27713e-05,1.37327e-05,7.8697e-06,0.000152677,6.4415e-06,2.17139e-05,0.000174944,3.39403e-05,2.71784e-05,0.000101319,4.18824e-05,9.02609e-05,2.73951e-06,2.00883e-05,0,0,2.03876e-05,0,3.60873e-05,0,7.47842e-05,0.000257777,4.74105e-05,1.46027e-05,4.99882e-05,2.09334e-05,4.29985e-05,3.68093e-05,1.95743e-05,0,4.81016e-05,4.62241e-05,0,1.77354e-05,2.02199e-05,4.1628e-05,8.49916e-06,2.99512e-05,0.000113876,7.87444e-05,3.83445e-06,7.07818e-05,8.1414e-05,5.93489e-05,1.26819e-05,2.47497e-05,3.38625e-05,6.68749e-05,3.37141e-05,3.70387e-05,7.63779e-05,1.35814e-05,7.49101e-06,8.43106e-06,2.83812e-05,3.50545e-05,1.26598e-05,0.000210826,0.000259087,1.69414e-05,5.18411e-05,1.89133e-05,4.42467e-05,5.8508e-06,0.000316636,6.27407e-05,0.00021591,1.04337e-05,5.49264e-05,2.76887e-05,0,6.10928e-05,1.4661e-05,3.04048e-05,0,2.13822e-05,3.81252e-05,7.18721e-05,1.91217e-05,0,4.12687e-05,5.83012e-06,8.1172e-06,1.32088e-05,1.07395e-05,8.57637e-06,4.05441e-05
"PWY-6285: superpathway of fatty acids biosynthesis (E. coli)",4.30666e-05,0,0,1.78721e-05,0,9.26721e-06,1.81154e-05,1.91858e-05,0.000218342,0,7.84324e-06,0.0001142,1.47912e-05,0,9.00313e-06,0,1.36227e-05,1.77056e-05,0,7.19299e-05,0,1.4705e-05,0,1.10557e-05,1.04923e-05,0,0.000103724,8.42466e-05,6.83432e-06,0.000311126,1.97283e-05,2.05886e-05,0,0,0,3.63454e-05,0.000193137,0,1.53192e-05,1.40048e-05,8.7749e-05,0,0,0.000196811,4.20173e-05,0,1.44665e-05,0,2.87925e-05,2.90686e-05,4.43308e-05,5.42882e-05,0.00018655,0,9.23625e-05,0.000373866,2.56809e-05,0.000145466,3.631e-05,7.31854e-05,6.21766e-05,0,0.000110809,1.16212e-05,8.68265e-05,0.000197325,1.59044e-05,0,1.85434e-05,0,1.51509e-05,0,0.000210214,1.21039e-05,0,0.000203166,5.0516e-05,0,0.000143766,1.36227e-05,4.37696e-05,0,0,0,0,3.47929e-05,0,1.79422e-05,0,5.43585e-05,0.000291382,0,0,6.64943e-05,2.36813e-05,6.40638e-05,0,0,0,8.08887e-05,2.13484e-05,0,2.15941e-05,0,3.32695e-05,0,0,0.000140426,8.95728e-05,0,0,0.000107096,3.1831e-05,2.32056e-05,0,0,8.28909e-05,1.83417e-05,0,0.000109072,0,0,0,0,6.1642e-05,1.96016e-05,0.000262006,0.000295353,0,4.31076e-05,1.76071e-05,4.22289e-05,0,0.000350099,2.57107e-05,0.000253054,1.61912e-05,7.98754e-05,1.43975e-05,0,9.18635e-05,0,4.46014e-05,0,3.76087e-05,2.21556e-05,6.51435e-05,1.42113e-05,0,0,8.98732e-06,0,2.24236e-05,1.69387e-05,0,3.03785e-05
"PWY-6292: superpathway of L-cysteine biosynthesis (mammalian)",5.15178e-05,0.000105807,0.000111157,7.41858e-05,7.16285e-05,8.59153e-06,2.38694e-05,0.000111308,1.37788e-05,0.000139396,0.000106424,8.51959e-05,1.63588e-05,0.00012408,5.79409e-05,0.000131663,9.96701e-05,0.000119816,0.000110621,4.13814e-05,8.90138e-05,9.30552e-05,8.55267e-05,6.45207e-05,0.000106428,0.000127168,5.36996e-05,8.17169e-05,0.000110763,1.6047e-05,6.45653e-05,4.44067e-05,7.84104e-05,5.67711e-05,6.18931e-05,0.000103109,7.12868e-05,4.29723e-05,8.40033e-05,3.58228e-05,9.79852e-05,7.11887e-05,6.25886e-05,9.54534e-06,1.93609e-06,0.000119701,9.41998e-05,3.73013e-05,8.13533e-05,8.75407e-05,8.95273e-05,6.73846e-05,2.37266e-05,2.1597e-05,0.000114092,6.11815e-06,3.93576e-06,4.26678e-05,4.13293e-05,0.000113547,6.63893e-05,0.000125904,2.67925e-05,6.94648e-05,5.52021e-05,5.79829e-05,4.41342e-05,4.57002e-05,3.49072e-05,5.0675e-05,6.66547e-05,0.000126675,4.13514e-05,0.000121815,0.000121873,2.99967e-05,5.14372e-05,2.26832e-05,3.51629e-05,7.85142e-05,6.0111e-05,6.89899e-05,4.72178e-05,6.19735e-05,3.16604e-05,8.56191e-05,3.87857e-05,8.59829e-05,0.000134928,0.000196044,2.07121e-05,0.000119001,8.98335e-05,2.23057e-05,6.5055e-05,1.92736e-05,9.25614e-05,5.36223e-05,7.42011e-05,7.35627e-05,0.000118386,2.39125e-05,1.45823e-05,0.000127616,9.53136e-05,4.04313e-05,0.000137056,3.13253e-05,3.96106e-05,5.45146e-05,0.000105162,0.000139658,9.84006e-05,0.000117118,8.35189e-05,0.000150867,9.827e-05,5.26828e-05,0.000115686,6.26304e-05,8.97435e-05,7.21073e-05,0.000161189,0.000134505,0.000114377,7.58949e-05,3.33244e-05,1.6575e-05,0.000103882,9.10677e-05,9.51624e-05,7.0344e-05,4.84186e-05,3.30135e-06,0.000136354,6.52759e-05,3.97979e-05,3.38452e-05,8.12141e-05,5.49961e-05,8.05664e-05,0.000153946,9.90787e-05,6.17438e-06,4.93146e-05,8.66207e-05,0.000122341,8.86348e-05,5.26202e-05,3.30214e-05,0.000117868,6.84558e-05,0.000127121,6.89987e-05,7.88192e-05,5.33907e-05
"PWY-6293: superpathway of L-cysteine biosynthesis (fungi)",1.10913e-05,6.73079e-05,1.29431e-05,0,0,3.60655e-06,2.93363e-05,0,9.99669e-05,0,1.14035e-06,4.17557e-05,2.7498e-06,0,5.15076e-05,1.70117e-06,1.51076e-06,1.00278e-06,2.57028e-06,1.51137e-05,1.40695e-06,3.98698e-07,1.43969e-06,8.02532e-06,4.88884e-06,2.59133e-06,5.35339e-05,4.76717e-05,6.22955e-06,3.47259e-05,3.75856e-05,1.05077e-05,8.27325e-05,0,0,8.15125e-06,2.98281e-05,9.37519e-06,5.379e-05,7.81863e-06,3.65325e-05,8.78905e-07,0,7.96405e-05,4.35795e-06,0,2.85462e-06,2.29376e-05,0,4.1001e-05,1.59724e-05,2.91809e-05,6.24924e-05,1.17847e-06,3.04422e-05,3.82216e-05,1.15152e-05,7.25537e-05,3.7966e-05,2.35382e-05,1.99891e-05,1.78859e-05,3.4832e-05,7.82276e-06,1.42117e-05,6.00444e-05,5.67045e-06,0,4.63946e-06,9.75067e-07,2.26991e-06,1.30876e-06,5.84365e-05,1.71397e-06,0,6.00729e-05,6.94274e-06,2.91264e-06,3.08227e-05,1.48938e-06,1.33292e-05,6.46147e-06,0,0,1.07462e-05,7.70983e-06,2.95696e-05,4.63213e-06,2.95238e-06,0,7.03659e-05,1.95501e-05,0,1.50975e-05,4.69561e-06,2.14481e-05,3.98411e-06,3.0404e-05,2.50787e-05,3.39323e-05,0,0,6.44453e-06,0,9.34244e-06,0,1.39872e-05,4.70316e-05,3.90455e-05,0,0,4.5174e-05,4.31261e-06,7.67415e-06,3.57672e-06,0,7.34514e-05,0,6.42195e-06,2.65696e-05,3.58615e-06,1.34474e-06,0,1.1291e-06,7.76049e-06,1.40946e-06,7.28535e-05,3.04696e-05,4.5064e-07,2.87298e-06,1.532e-06,4.65602e-05,0,2.27063e-06,4.51554e-06,1.89127e-06,2.34819e-06,2.24908e-05,1.83642e-06,0,3.25601e-05,0,8.6767e-06,0,2.51232e-05,1.83264e-06,2.77677e-05,1.06092e-06,1.85031e-06,5.17808e-06,8.99619e-06,6.44378e-07,9.46452e-06,5.56507e-06,1.79196e-06,2.02568e-06
"PWY-6305: superpathway of putrescine biosynthesis",3.77614e-05,5.1765e-05,3.17885e-05,3.16677e-05,1.71292e-05,3.70238e-05,3.82078e-05,1.20651e-05,0.000227767,2.16593e-05,1.79068e-05,0.000139937,1.90342e-05,1.37444e-05,1.8676e-05,3.06067e-05,1.57866e-05,1.6737e-05,3.55674e-05,4.17131e-05,3.44432e-05,2.34904e-05,9.94066e-05,1.86019e-05,3.07424e-05,1.20621e-05,0.000145975,7.14373e-05,3.78358e-05,0.000318978,3.01892e-05,9.07677e-06,1.82798e-06,6.44272e-06,9.48028e-06,4.4469e-05,0.00016666,2.99357e-05,0.000218672,1.90041e-05,0.000108619,1.20768e-05,4.29656e-05,0.000190455,2.92416e-05,1.14701e-05,2.61169e-05,9.59428e-06,1.64935e-05,1.18891e-05,2.62339e-05,3.08632e-05,0.000197367,2.05003e-05,0.000128544,0.000290563,3.20155e-05,0.000181574,4.21747e-05,7.49038e-05,3.59386e-05,1.44955e-05,8.52947e-05,4.98331e-06,6.15651e-05,0.000138301,1.2976e-05,8.32347e-06,1.63014e-05,5.7987e-05,7.78528e-05,4.95071e-05,0.00021529,0.000138468,0.000106524,0.000307013,0.000114737,3.38891e-05,0.000102918,8.35802e-06,1.6461e-05,9.59536e-05,7.75721e-06,6.60192e-06,1.2123e-05,7.23091e-05,7.12247e-06,3.05908e-05,1.29141e-05,8.6622e-06,0.00022318,6.34167e-05,2.65711e-05,3.54788e-05,2.40568e-05,6.81e-05,2.97505e-05,6.71839e-06,1.04625e-05,9.40035e-05,1.87754e-05,3.96813e-05,3.13221e-05,3.49903e-05,5.26506e-05,3.2318e-05,1.869e-05,0.000158861,0.000128306,2.52243e-05,9.20545e-06,0.000127418,1.23752e-05,3.91034e-05,0.000115834,1.04763e-05,8.2329e-05,1.21566e-05,3.33425e-05,9.8894e-05,8.53037e-05,3.92469e-05,4.98335e-05,9.08554e-05,0.000112844,5.22889e-05,0.000192733,0.000310834,8.90961e-05,6.49804e-05,9.10147e-05,2.08946e-05,3.12387e-05,0.000323596,9.83655e-05,0.000174003,2.74224e-05,8.31528e-05,6.3586e-05,7.71378e-05,0.000121846,6.65887e-05,7.45518e-05,2.65779e-05,0.000110095,0.000115486,8.04966e-05,5.07949e-05,6.60852e-05,6.85392e-05,6.4186e-05,9.34655e-05,6.82938e-05,1.437e-05,6.23135e-05,7.30043e-05
"PWY-6307: L-tryptophan degradation X (mammalian, via tryptamine)",0,0,0,0,0,0,0,0,0,0,0,0,0,0,0,0,0,0,0,0,0,0,0,0,0,0,9.40151e-08,0,0,0,0,0,0,0,0,0,0,0,0,0,0,0,0,0,0,0,0,0,0,0,0,0,0,0,0,0,0,0,0,0,0,0,0,0,0,0,0,0,0,0,0,0,0,0,0,0,0,0,0,0,0,0,0,0,0,0,0,0,0,0,0,0,0,0,0,0,0,0,0,0,0,0,0,0,0,0,0,0,0,0,0,0,0,0,0,0,0,0,0,0,0,0,0,0,7.87339e-08,0,0,0,0,0,0,0,0,0,0,0,0,0,0,0,0,0,0,0,0,0,0,0,0,0,0,0,0,0,0,0
"PWY-6313: serotonin degradation",0,0,0,0,0,0,0,0,0,0,0,0,0,0,0,0,0,0,0,0,0,0,0,0,0,0,1.24983e-07,0,0,0,0,0,0,0,0,0,0,0,0,0,0,0,0,0,0,0,0,0,0,0,0,0,0,0,0,0,0,0,0,0,0,0,0,0,0,0,0,0,0,0,0,0,0,0,0,0,0,0,0,0,0,0,0,0,0,0,0,0,0,0,0,0,0,0,0,0,0,0,0,0,0,0,0,0,0,0,0,0,0,0,0,0,0,0,0,0,0,0,0,0,0,0,0,0,1.04169e-07,0,0,0,0,0,0,0,0,0,0,0,0,0,0,0,0,0,0,0,0,0,0,0,0,0,0,0,0,0,0,0
"PWY-6317: D-galactose degradation I (Leloir pathway)",0.000586039,0.000494506,0.000501561,0.000357038,0.000585313,0.00053036,0.000594834,0.000568786,0.000405438,0.00058398,0.000444746,0.000380671,0.000124265,0.000560493,0.000691123,0.000501227,0.000728484,0.000625331,0.000489136,0.000217696,0.00039322,0.000674918,0.000342215,0.000296462,0.000368311,0.00057962,0.000685887,0.000475397,0.000610537,0.000361102,0.000617102,0.000629081,0.00072325,0.000619797,0.000788723,0.000421332,0.000360045,0.000657101,0.000289313,0.000324717,0.000353098,0.000498663,0.000439839,0.000417978,0.000535979,0.000525088,0.000320344,0.000522333,0.000454237,0.000475969,0.000509629,0.000441467,0.00040579,0.000287552,0.000410777,0.000322367,0.000753002,0.000497972,0.00077597,0.000450935,0.000452662,0.000691613,0.000312474,0.000579086,0.000216739,0.000266112,0.000544776,0.00064369,0.000436511,0.000312058,0.00029971,0.00046686,0.000332988,0.000341488,0.000308667,0.000387844,0.00032757,0.000201897,0.000221375,0.000668003,0.000449869,0.000385149,0.000647525,0.0007128,0.00028116,0.00036564,0.000644003,0.000431835,0.000437944,0.000490904,0.000414074,0.000521891,0.000506413,0.000690614,0.000609603,0.000273045,0.000478828,0.000695323,0.000590941,0.000249366,0.000504778,0.000683893,0.000544139,0.000535558,0.000492142,0.000260937,0.000526268,0.000503655,0.000458534,0.000294173,0.000542753,0.000540317,0.000619614,0.000368567,0.000364277,0.000526675,0.000503398,0.000572761,0.000500438,0.000299884,0.000500521,0.000297325,0.000333961,0.000596425,0.000504027,0.000265304,0.000357975,0.000344264,0.000339337,0.000421852,0.000327767,0.000479582,0.000247114,0.000248286,0.00038804,0.000354092,0.000488648,0.000261865,0.000251524,0.000129701,0.000291495,0.000483898,0.000412567,0.000118557,0.000478077,0.000352938,0.000402406,0.00028101,0.000193344,0.000383416,0.000312495,0.000287089,0.000372007,0.000495227,0.000391485,0.000282928
"PWY-6318: L-phenylalanine degradation IV (mammalian, via side chain)",0,0,0,0,0,0,7.10761e-07,0,1.04699e-05,0,0,2.797e-06,0,0,0,0,0,0,0,1.69741e-06,0,0,0,0,0,0,2.67621e-06,2.89087e-06,0,7.39896e-06,0,1.83291e-07,0,0,0,9.14664e-07,9.03285e-06,0,0,0,0,0,0,2.22296e-06,0,0,0,0,0,0,0,0,8.55369e-06,0,2.55048e-06,3.6771e-06,0,7.81772e-06,1.29942e-06,0,1.41824e-07,0,1.94914e-06,0,0,4.85088e-06,5.00987e-07,0,9.93291e-07,0,0,0,1.52652e-06,3.4763e-07,0,3.97764e-06,0,0,3.40178e-06,0,0,0,0,0,0,0,0,0,0,0,0,0,0,0,2.60023e-07,2.90162e-06,0,0,0,6.43568e-07,0,0,0,0,0,0,0,1.21351e-05,3.70352e-06,0,0,9.28884e-06,0,9.35486e-07,0,0,0,0,0,3.70933e-06,0,0,0,0,5.49884e-06,2.2476e-07,5.29729e-06,0,0,2.89841e-07,0,0,0,1.33136e-05,3.02962e-07,3.63797e-05,1.44773e-06,7.56784e-07,2.17518e-07,0,8.13907e-06,0,8.78102e-07,0,0,0,2.93047e-06,1.22416e-06,0,0,0,0,0,0,0,1.46701e-06
"PWY-6328: L-lysine degradation X",0,0,0,0,0,0,0,0,5.32301e-07,0,0,0,0,0,0,0,0,0,0,2.80208e-06,0,0,0,0,0,0,5.14587e-06,4.38182e-06,0,7.31613e-05,0,0,0,0,0,1.70546e-06,3.76274e-07,0,1.03382e-06,0,0,0,0,1.02469e-05,4.31411e-06,0,2.421e-07,0,0,0,0,0,1.95227e-05,0,7.59496e-07,0,0,2.25185e-05,7.19695e-07,0,0,0,1.4094e-05,0,2.40713e-06,2.30172e-05,9.55454e-07,0,2.65285e-06,0,1.58617e-07,0,1.73946e-05,0,0,5.40254e-05,0,0,7.33587e-07,0,0,0,0,0,0,0,0,0,0,0,8.03534e-05,0,0,0,3.37638e-07,2.71839e-06,0,0,0,0,0,0,0,0,0,0,0,5.45518e-06,8.00489e-06,0,0,5.37516e-06,0,2.58446e-06,0,0,0,0,0,5.3461e-06,0,1.598e-06,0,0,0,0,7.13513e-06,0,0,1.83647e-06,0,0,0,1.20558e-07,1.99538e-07,0,3.49834e-07,5.17845e-06,0,0,7.72651e-06,0,2.22658e-06,0,1.80562e-06,0,7.14385e-06,0,0,0,0,0,0,0,0,3.04485e-06
"PWY-6349: CDP-archaeol biosynthesis",0,4.33719e-06,0,0,0,0,0,0,0,4.34561e-06,0,0,4.77138e-05,0,0,0,0,0,0,4.08569e-06,1.63058e-05,0,0,4.90157e-06,0,3.34097e-06,0,0,0,2.26254e-07,0,0,0,0,0,1.15367e-05,0,0,0,0,0,0,3.00397e-05,0,0,0,0,0,1.01989e-05,0,1.42341e-05,1.97543e-05,0,0.000139184,6.67897e-06,0,0,0,0,1.61789e-05,0,0,2.16529e-05,0,6.1975e-05,2.32295e-06,0,0,0,6.38055e-07,1.72969e-06,0,0,0,0,5.91852e-06,2.55472e-06,0,0,0,1.14041e-05,2.49238e-06,0,0,0.000106586,0,0,2.29754e-05,1.08966e-05,0,0,0,0,0,0,0,0,0,0,2.21588e-05,1.83174e-05,0,0,0,0,4.27764e-05,1.41827e-05,0,0,1.54899e-06,0,0,0,3.60604e-05,0,0,0,0,1.24866e-05,5.27136e-06,0,3.42715e-05,9.58477e-06,0,0,0,0,1.8526e-05,1.61945e-06,0,1.34404e-05,0,0,0,0,0,0,2.83705e-05,0,4.20296e-06,0,0,0,0,0,0,0,5.89304e-06,0,0,0,0,3.24516e-06,0,0,4.78423e-05
"PWY-6350: archaetidylinositol biosynthesis",0,3.82175e-06,0,0,0,0,0,0,0,3.62935e-06,0,0,4.45432e-05,0,0,0,0,0,0,3.2005e-06,1.48676e-05,0,0,4.16373e-06,0,3.06684e-06,0,0,0,0,0,0,0,0,0,9.61377e-06,0,0,0,0,0,0,2.68304e-05,0,0,0,0,0,7.91002e-06,0,1.29578e-05,1.80712e-05,0,0.000120174,6.1086e-06,0,0,0,0,1.49229e-05,0,0,1.93025e-05,0,5.68931e-05,2.1266e-06,0,0,0,5.41805e-07,1.44673e-06,0,0,0,0,4.93595e-06,2.18868e-06,0,0,0,9.50562e-06,1.71465e-06,0,0,9.04495e-05,0,0,2.02299e-05,8.316e-06,0,0,0,0,0,0,0,0,0,0,2.09127e-05,1.55727e-05,0,0,0,0,3.93301e-05,1.10441e-05,0,0,1.12774e-06,0,0,0,3.30778e-05,0,0,0,0,9.71482e-06,4.44207e-06,0,3.23287e-05,8.5891e-06,0,0,0,0,1.5355e-05,1.33466e-06,0,1.18071e-05,0,0,0,0,0,0,2.57105e-05,0,3.75018e-06,0,0,0,0,0,0,0,4.20555e-06,0,0,0,0,2.57927e-06,0,0,4.36245e-05
"PWY-6351: D-myo-inositol (1,4,5)-trisphosphate biosynthesis",0,0,0,0,0,0,0,0,0,0,0,0,0,0,0,0,0,0,0,0,0,0,0,0,0,0,0,0,0,0,0,0,0,0,0,0,0,0,0,0,0,0,0,0,0,0,0,0,0,0,0,0,0,0,0,0,0,0,0,0,0,0,0,0,0,1.03736e-06,0,0,0,0,0,0,0,0,0,0,0,0,0,0,0,0,0,0,0,0,0,0,0,0,0,0,0,0,0,0,0,0,0,0,0,0,0,0,0,0,0,0,0,0,0,0,0,0,0,0,0,0,0,0,0,0,0,0,0,0,0,0,0,0,0,0,0,0,0,0,0,0,0,0,0,0,0,0,0,0,0,0,0,0,0,0,0,0,0,0
"PWY-6353: purine nucleotides degradation II (aerobic)",0.000185019,0.000145926,0.000175014,8.14263e-05,0.000180626,0.000144754,0.000151183,0.000216396,0.000364974,0.000137434,0.000126918,0.000237952,6.70456e-05,0.000180638,0.000241458,0.000172731,0.000186676,0.000206761,0.000175957,0.000129275,0.000162339,0.00019584,0.000108797,9.39153e-05,0.00010574,7.57372e-05,0.000313705,0.000126961,0.000161151,0.000505197,0.000136152,0.000162798,0.000195886,0.000148923,0.000349398,0.000116679,0.000272325,0.000181009,9.37076e-05,9.47672e-05,0.000197168,0.000157105,0.00017296,0.000349704,0.000331144,0.000147604,0.000124466,0.000184395,0.000137375,0.000175466,0.000110029,0.000114155,0.00033859,9.57829e-05,0.000184423,0.000399662,0.000450455,0.00033407,0.000226392,0.000197359,0.000133055,0.000184554,0.000181705,0.000194827,0.00011987,0.00024598,0.000207546,9.16177e-05,3.42655e-05,8.84135e-05,8.19264e-05,0.000122186,0.000288456,0.000124265,9.30963e-05,0.00031693,0.000155126,8.06345e-05,0.0002211,0.000140207,0.000178907,0.000108722,0.00019919,0.000293041,4.46322e-05,0.000125824,0.000221635,0.000151495,0.000119012,0.000165752,0.000486321,0.000256446,0.00015666,0.000237488,0.000185209,0.000131323,0.000156534,0.000143565,0.000223943,0.000125537,0.000109062,0.000337317,0.000136373,0.00017125,0.000195042,9.60088e-05,0.000146859,0.000340103,0.000240489,7.51948e-05,0.000200865,0.000282389,0.000216241,7.31849e-05,0.000119681,0.000171341,0.000134621,0.000125826,0.00014542,0.000195698,0.000134052,7.05884e-05,0.000149685,0.000191397,8.91353e-05,0.000110174,0.000382905,0.000377901,7.62621e-05,0.000145629,5.28514e-05,0.000154886,5.38981e-05,0.000400434,0.000143654,0.000197869,0.000189896,0.00010338,4.73746e-05,6.55176e-05,0.000220186,0.00014035,0.000156466,1.27088e-05,0.000100964,9.48979e-05,0.000226908,7.00116e-05,8.65139e-05,0.000107168,6.64141e-05,8.54633e-05,6.75797e-05,0.000176638,7.44823e-05,8.73581e-05
"PWY-6385: peptidoglycan biosynthesis III (mycobacteria)",0.00061245,0.000595993,0.000689301,0.000696041,0.000731022,0.000628315,0.000711451,0.000713635,0.000540623,0.000635685,0.000610602,0.000616462,0.000575533,0.000657665,0.000775787,0.000713182,0.000754887,0.000645957,0.000744859,0.000476663,0.00067486,0.000706435,0.000583521,0.00067626,0.000734684,0.000670323,0.000683255,0.000495696,0.000660492,0.000413312,0.000752802,0.00068881,0.00075303,0.000687578,0.000830945,0.000646346,0.00041242,0.000738514,0.000521301,0.000742699,0.00054604,0.000699805,0.000670323,0.000471241,0.000558483,0.000702373,0.000599964,0.000730612,0.000602933,0.000710569,0.000635088,0.000558597,0.000465935,0.000647966,0.000572189,0.000441324,0.000760566,0.000619133,0.000836319,0.000593315,0.00066745,0.000782099,0.000504914,0.00065498,0.000625735,0.000412005,0.000568686,0.000649939,0.000623204,0.000670303,0.000591482,0.000669186,0.00046835,0.00053549,0.000620054,0.000514421,0.000577917,0.000606397,0.000406121,0.000716791,0.00064165,0.000608626,0.000646722,0.000820746,0.000651713,0.000511177,0.00072348,0.000591197,0.00067341,0.000866498,0.000471668,0.000638535,0.000749386,0.000732282,0.000727794,0.000449432,0.000572522,0.000711458,0.000720151,0.000518199,0.00062685,0.000724909,0.000638006,0.000688876,0.000634411,0.000634977,0.000671962,0.000601277,0.000644739,0.000463361,0.000862684,0.000687961,0.000662472,0.000564796,0.000667863,0.000682615,0.000534569,0.000667271,0.000671065,0.000560794,0.000681842,0.000589816,0.000582328,0.00069816,0.000546004,0.00064078,0.000441336,0.000491629,0.000659378,0.00062428,0.000566426,0.000619737,0.00058629,0.000282264,0.000601844,0.000464075,0.000616285,0.000465143,0.000543015,0.000660827,0.000472788,0.000699148,0.000598995,0.000610348,0.000559716,0.000554634,0.000541776,0.000573243,0.000525224,0.000515795,0.000572471,0.000596919,0.000583994,0.00066251,0.000668689,0.000515845
"PWY-6386: UDP-N-acetylmuramoyl-pentapeptide biosynthesis II (lysine-containing)",0.000681499,0.000615302,0.000763062,0.000716858,0.000840414,0.000730113,0.00081366,0.00078458,0.000532114,0.000716081,0.000645876,0.000639782,0.000573831,0.000745461,0.000852029,0.000885271,0.000797271,0.000718924,0.000855046,0.000485912,0.00072205,0.000798707,0.000602698,0.000692873,0.00076305,0.000828939,0.000734984,0.000630404,0.000722785,0.000391495,0.000830747,0.000735948,0.000800157,0.000785074,0.000849106,0.000672659,0.000411281,0.00079025,0.000515975,0.000801062,0.000600562,0.000814097,0.000795425,0.000472681,0.000598318,0.00083782,0.000648191,0.000790847,0.000646906,0.000751845,0.000835021,0.000695988,0.000464216,0.000736362,0.00066111,0.000442531,0.000811756,0.000617845,0.000894499,0.000637487,0.000698687,0.000872403,0.000554504,0.000726367,0.000633695,0.000409683,0.000635079,0.000767004,0.000714126,0.000725401,0.000612117,0.000707944,0.000459834,0.000549051,0.000652531,0.000488158,0.000601754,0.000624725,0.000407941,0.000813943,0.00077629,0.000632988,0.000721958,0.000923979,0.000677784,0.000572395,0.0008477,0.000708988,0.000759981,0.000888808,0.000448967,0.000746005,0.000798884,0.000773719,0.000794663,0.000471175,0.000652546,0.00080781,0.000773643,0.000562794,0.000778749,0.000797481,0.000650428,0.00077508,0.000680701,0.000677768,0.000735088,0.000616945,0.000763348,0.000495332,0.000908951,0.000750925,0.000765903,0.000602937,0.00067785,0.000827058,0.000599019,0.000743491,0.000762903,0.000614189,0.000710138,0.000609213,0.000604058,0.00071842,0.000564286,0.00065041,0.000424621,0.000475224,0.000697856,0.000687386,0.000608494,0.00066867,0.00059826,0.000283758,0.000640428,0.000478784,0.000651849,0.00050264,0.000585796,0.000639081,0.000469355,0.000713902,0.000651828,0.000617301,0.000581877,0.000560132,0.000552032,0.000631049,0.000543203,0.000537487,0.000601498,0.000637466,0.000639877,0.000699797,0.000711367,0.000567318
"PWY-6387: UDP-N-acetylmuramoyl-pentapeptide biosynthesis I (meso-diaminopimelate containing)",0.000666363,0.00060842,0.000753674,0.000775065,0.000820173,0.000709667,0.000787149,0.000757498,0.000522407,0.000701816,0.000634616,0.000630121,0.00059076,0.00073005,0.000826768,0.000866318,0.000779867,0.000705506,0.000830705,0.000486001,0.000708454,0.000787361,0.000596951,0.000696978,0.000749758,0.000809319,0.000709329,0.00062412,0.000705189,0.000394083,0.000810639,0.000717422,0.000767717,0.000769054,0.000841807,0.00065938,0.000407034,0.000767607,0.000511392,0.000801603,0.000576347,0.000793828,0.000779241,0.000460825,0.000585132,0.000815934,0.000641034,0.000772544,0.000638051,0.000724085,0.000814507,0.000683586,0.000453199,0.000723836,0.000652912,0.000424,0.000793114,0.000614349,0.000857704,0.000643115,0.000689074,0.000852653,0.000545688,0.000711162,0.000683978,0.000405755,0.000613842,0.000753412,0.000706471,0.000714716,0.000605772,0.000696968,0.00045539,0.00054652,0.000641187,0.000492528,0.000593998,0.00062152,0.000400154,0.000795922,0.000763019,0.0006205,0.000704029,0.000886398,0.000688157,0.000563922,0.000814685,0.000702065,0.000747318,0.000857589,0.00045459,0.000729076,0.00078318,0.000757261,0.0007669,0.00046901,0.000644785,0.00078774,0.000747614,0.000556504,0.000761435,0.000768593,0.000655148,0.000755773,0.000669513,0.000670516,0.000722779,0.000607831,0.000747298,0.000485966,0.000882352,0.000741175,0.000747947,0.000597499,0.000673455,0.000805943,0.000589972,0.000727071,0.000737255,0.000604557,0.000700598,0.000600842,0.000599299,0.000707248,0.000557731,0.000674182,0.000421948,0.000472417,0.000684859,0.000676965,0.000598953,0.000655076,0.000596823,0.00026891,0.000633658,0.000475276,0.000645556,0.000496935,0.000584198,0.000663916,0.000463361,0.000703627,0.000642384,0.000625993,0.000571905,0.000567029,0.000558306,0.000626012,0.000541274,0.000531399,0.000593555,0.000634179,0.000632355,0.00068701,0.000701379,0.00056016
"PWY-6396: superpathway of 2,3-butanediol biosynthesis",0,0,0,0,0,2.6187e-06,8.72523e-07,0,0,0,0,0,0,0,0,0,0,0,0,0,0,0,0,0,1.33961e-06,0,1.57137e-06,9.39739e-06,0,0,1.77045e-06,0,0,0,0,2.60113e-06,0,0,0,2.41303e-06,0,0,0,0,2.25028e-06,0,0,4.52329e-06,0,8.75936e-07,3.1981e-06,4.68192e-06,3.09756e-06,0,0,0,7.41563e-06,0,2.35005e-06,0,0,0,0,2.5753e-06,0,0,0,0,0,0,0,0,1.13158e-06,0,0,0,3.90207e-06,0,0,0,4.77182e-06,0,0,0,0,0,0,0,0,0,0,0,0,0,4.66557e-05,0,8.04681e-07,0,0,0,0,0,3.04294e-06,0,0,0,0,0,8.25212e-07,0,0,0,1.98276e-06,0,0,0,0,0,1.15726e-06,0,0,0,0,0,0,0,0,0,0,0,0,0,0,0,0,1.38904e-05,0,0,0,0,0,0,0,2.07735e-06,0,0,2.30977e-06,0,0,0,0,0,1.93585e-06,0,0,0
"PWY-6415: L-ascorbate biosynthesis V (euglena, D-galacturonate pathway)",0,0,0,0,0,0,0,0,0,0,0,0,1.35135e-06,0,0,0,0,0,0,0,0,0,0,0,0,0,0,0,0,0,0,0,0,0,0,0,0,0,0,0,0,0,0,0,0,0,0,0,0,0,0,0,0,0,0,0,0,0,0,0,0,0,0,0,0,0,0,0,0,0,0,0,0,2.88899e-06,2.91159e-06,0,0,1.12414e-06,0,0,0,0,0,0,0,0,0,0,0,0,0,0,0,0,0,0,0,0,0,1.37513e-06,0,0,0,0,0,0,0,0,0,2.40653e-06,0,0,0,0,6.12352e-06,0,0,0,0,0,2.22048e-06,0,4.43546e-06,0,0,0,0,0,1.50683e-06,0,0,0,2.17719e-06,0,0,0,0,0,0,0,0,0,0,0,0,1.16269e-05,0,0,0,0,0,3.73412e-06,0,0,0,0
"PWY-6435: 4-hydroxybenzoate biosynthesis III (plants)",0,0,1.90395e-06,0,9.6277e-06,0,2.11243e-06,4.64196e-06,0,0,0,3.62855e-05,1.23025e-05,0,0,0,2.07733e-06,0,7.88085e-06,0,0,0,0,0,2.91539e-06,0,0,0,0,0,3.35994e-06,3.33704e-06,0,0,0,0,0,0,0,0,0,0,0,0,0,8.45112e-06,0,0,0,1.49618e-05,5.11067e-06,0,0,0,0,0,0,0,0,2.94444e-05,0,0,0,3.36984e-06,0,8.25338e-07,0,0,0,0,0,8.35694e-06,0,0,0,0,4.07189e-06,0,0,1.10183e-05,0,1.46832e-06,0,0,6.31676e-07,0,0,1.15108e-05,1.95354e-06,0,0,3.42109e-05,9.08022e-07,0,0,0,5.06999e-06,0,4.29786e-06,0,0,0,0,1.19868e-05,0,1.498e-05,0,0,0,0,2.64829e-05,0,0,0,0,0,1.11085e-06,0,1.20521e-05,0,0,0,8.31518e-07,0,0,0,0,9.96215e-07,0,2.0358e-06,1.3097e-05,2.4522e-06,0,0,0,0,0,0,0,0,0,1.27529e-05,7.60419e-06,0,0,0,0,0,0,0,7.15342e-07,8.95153e-07,0,0,0,4.16094e-06
"PWY-6467: Kdo transfer to lipid IVA III (Chlamydia)",0,0,0,0,0,0,0,0,0,0,0,0,0,0,0,0,0,0,0,0,0,0,0,0,0,0,0,0,0,0,0,0,0,0,0,0,0,0,0,0,0,0,0,0,0,0,0,0,0,0,0,0,0,0,0,0,0,0,0,0,0,0,0,0,0,0,0,0,0,0,0,0,0,0,0,0,0,0,0,0,0,0,0,0,0,0,0,0,0,0,0,0,0,0,0,0,0,0,0,0,0,0,0,0,0,0,0,0,8.87315e-06,0,0,1.05821e-05,0,0,0,0,0,0,0,0,0,0,0,0,0,0,0,0,0,0,0,0,0,0,0,0,0,0,0,0,0,0,0,0,0,0,0,0,0,0,0,0,0,0,0,0
"PWY-6470: peptidoglycan biosynthesis V (&beta;-lactam resistance)",0.00016267,0.000109857,0.000154967,0.000145874,0.000239773,0.000240343,7.31458e-05,6.8984e-05,1.79634e-05,7.72216e-05,4.82718e-05,4.46091e-05,8.37181e-06,0.00012326,0.00017999,0.00011151,6.58573e-05,0.000129829,0.000204018,9.65345e-05,7.63992e-05,0.000194322,8.98773e-05,4.63354e-05,0.000116648,0.000124789,5.93776e-06,2.45182e-05,0.000160789,1.98374e-05,0.000121073,7.08237e-05,0.000214382,0.000123049,0.000122275,0.00010017,7.67023e-05,0.000120953,0.000216661,1.38039e-05,0.000119006,0.000167507,0.00018649,0.000106705,1.6709e-05,0.000116219,9.72744e-05,4.91785e-05,6.20938e-05,0.00011815,0.000117117,4.81795e-05,1.0672e-05,0.000102981,0.000105308,4.4903e-05,0,2.6607e-05,0.000132073,9.90603e-05,0.000154236,8.28577e-05,8.49937e-05,0.000120421,8.74164e-05,5.67144e-05,5.53576e-06,7.53732e-05,2.15476e-05,8.78362e-05,0.000100803,0.000108248,6.17002e-05,3.4751e-05,0.000103437,2.4674e-05,0.000156087,3.97874e-05,8.5857e-05,0.000148703,0.000179567,0.000101347,0.000125718,0.000169987,1.42602e-05,8.41404e-05,2.41364e-05,6.04579e-05,0.000116558,0.000111613,6.15264e-05,0.000103555,0.000104348,8.58974e-05,0.000224977,5.15395e-05,0.000126259,7.19892e-05,5.38346e-05,7.7384e-05,7.76749e-05,1.09373e-05,7.8076e-05,0.000108085,0.000166899,5.09756e-05,9.10551e-05,8.09902e-05,0.000108881,8.30715e-05,0.000150432,5.56844e-05,6.64573e-05,1.97032e-05,9.33145e-05,9.02568e-05,0.000118985,0.000114722,6.6732e-05,3.28489e-05,0.000150574,6.70547e-05,8.49101e-05,3.91331e-05,0.00011591,5.97435e-05,0.000111238,1.57228e-05,0.000111988,0.000191711,4.486e-05,0.000164744,3.55564e-05,1.36213e-05,0.000170072,0.000167259,6.60232e-05,8.16867e-05,4.238e-05,4.91337e-05,4.33674e-05,8.05365e-05,5.57705e-05,7.3867e-05,9.86855e-05,7.14555e-05,0.00012995,2.77468e-05,2.43237e-05,0.000120419,0.000127696,9.84558e-05,9.35143e-05,4.32929e-05,0.000164231,4.25351e-05
"PWY-6471: peptidoglycan biosynthesis IV (Enterococcus faecium)",3.52565e-06,5.06417e-06,0,0,0,0,0,0,0,0,0,6.08455e-06,0,0,0,0,0,0,0,0,0,0,9.07088e-06,0,0,0,0,2.64855e-05,0,1.15515e-06,0,0,0.000231032,0,0,0,0,3.69721e-06,0,3.90211e-06,0,4.72546e-06,0,0,0,0,9.93084e-06,0,0,0,0,8.72515e-06,1.15529e-05,0,0,0,0,2.10878e-05,0,0,0,0,0,0,0,4.69163e-06,3.51525e-06,0,6.22519e-06,0,0,0,2.64144e-06,0,0,0,4.19174e-05,0,0,0,0,4.56542e-05,0,0,0,2.74397e-06,0,0,0,0,0,0,0,0,0.000241466,0,0,0,0,0,0,0,1.65483e-05,0,0,0,0,0,0,0,0,7.91405e-06,0,4.67258e-06,0,0,0,0,0,0,0,1.656e-05,0,0,0,0,0,0,0,0,1.75921e-05,0,0,1.47439e-05,5.34599e-06,1.37995e-05,0,0,0,0,0,0,1.16484e-05,9.33998e-06,3.17141e-06,0,0,0,0,0,0,0,0,0,0,0
"PWY-6478: GDP-D-glycero-&alpha;-D-manno-heptose biosynthesis",0,1.84989e-06,0,0,0,0,0,8.08652e-07,0,0,0,0,0,0,0,0,0,0,0,8.87983e-06,0,0,0,0,0,0,0,0,2.17723e-06,0,0,0,0,0,0,2.07479e-06,1.52766e-05,0,0,0,0,0,0,0,1.42963e-06,0,0,0,0,0,0,0,0,7.26114e-07,0,0,0,0,0,0,0,0,5.25198e-06,0,0,0,0,0,1.28663e-06,1.50886e-06,0,0,1.10819e-06,2.17196e-06,0,0,5.92134e-06,0,5.64578e-07,0,0,1.6187e-06,0,0,0,0,0,0,0,0,0,0,0,0,0,0,0,0,0,0,0,1.23699e-05,0,0,0,0,0,0,0,0,0,0,0,0,0,0,0,0,1.7379e-06,0,1.30336e-06,0,1.60716e-06,1.30988e-06,0,0,0,0,0,0,0,0,0,0,0,0,0,0,0,3.68727e-06,1.58928e-05,0,7.90427e-07,0,0,0,0,3.00655e-06,0,0,3.60073e-06,1.44211e-06,0,0,0,1.11792e-06
"PWY-6507: 4-deoxy-L-threo-hex-4-enopyranuronate degradation",8.9852e-05,2.54336e-05,7.74187e-05,2.16502e-05,7.31055e-05,2.04617e-05,1.7993e-05,5.64284e-05,0.000126883,5.79064e-05,4.90639e-05,9.87509e-05,1.77409e-05,8.25486e-05,1.01925e-05,7.22837e-05,3.16211e-05,7.98886e-05,5.5059e-05,4.60878e-05,3.85984e-05,8.03882e-05,4.26974e-05,3.31069e-05,5.58391e-05,6.23987e-05,8.9669e-05,0.000111576,2.74875e-05,0.000124516,4.808e-05,5.78487e-05,6.70489e-05,6.19117e-05,1.46152e-05,4.98305e-05,0.00010663,4.42834e-05,0.000107928,1.87226e-05,6.51398e-05,4.7754e-05,2.40534e-05,9.09924e-05,5.97764e-05,4.41715e-05,3.38455e-05,2.13331e-05,2.24067e-05,9.10161e-06,3.4029e-05,5.26783e-05,6.97145e-05,2.70415e-05,8.89808e-05,0.000109182,2.3194e-05,0.000103712,2.92745e-05,9.76808e-05,4.19572e-05,6.74269e-05,4.21505e-05,1.12365e-05,3.13128e-05,0.000101636,1.16813e-05,1.38361e-05,2.62184e-05,2.73381e-05,5.00519e-05,8.72449e-05,7.66161e-05,0.000119154,6.03909e-05,9.84567e-05,3.29897e-05,9.32252e-06,8.40692e-05,3.16426e-05,2.83206e-05,3.66317e-05,5.26615e-05,5.20157e-05,1.67381e-05,5.05141e-05,2.76494e-05,1.86808e-05,7.60344e-05,1.56236e-05,6.7924e-05,4.24017e-05,7.451e-05,5.63223e-05,9.00683e-05,3.47659e-05,4.24338e-05,8.96543e-06,1.53174e-05,6.87527e-05,5.63901e-05,6.18707e-06,7.81665e-05,6.03293e-05,2.25808e-05,1.92921e-05,4.48004e-05,0.000100647,4.88587e-05,1.92806e-05,1.78055e-05,8.20447e-05,1.70268e-05,5.31498e-05,4.16792e-05,6.83036e-05,4.79347e-05,3.3178e-05,4.07428e-05,5.18837e-05,0.000102955,3.65783e-05,0.000140196,6.7716e-05,6.86184e-05,5.56748e-05,0.000219928,7.67812e-05,6.7951e-05,5.64669e-05,7.15505e-05,5.15021e-05,3.76318e-05,0.000143066,8.46301e-05,9.95593e-05,9.83806e-05,5.8655e-05,7.23292e-05,4.9777e-05,0.000132926,0.000110088,5.40309e-05,6.05691e-06,3.30297e-05,5.90078e-05,6.93559e-05,5.57604e-05,7.346e-05,6.08e-05,9.59835e-05,3.90942e-05,7.90444e-05,4.91152e-05,6.00021e-05,2.54977e-05
"PWY-6518: bile acids epimerization",0,0,0,0,0,0,1.65842e-06,1.96609e-06,2.77146e-06,0,0,0,0,0,0,0,0,0,0,0,0,7.86764e-07,0,0,0,0,0,2.2314e-06,0,6.84645e-07,6.06344e-06,1.44721e-06,0,0,0,0,0,0,3.7503e-06,0,0,0,2.0313e-06,0,1.41652e-06,1.77104e-06,0,7.01835e-06,1.29274e-06,9.85882e-07,8.97118e-07,0,1.37716e-06,0,0,0,1.62877e-06,5.77033e-07,1.0278e-05,0,0,0,0,6.03405e-06,9.53326e-06,1.06022e-06,1.18895e-05,0,3.13127e-06,0,0,0,0,1.66603e-06,0,0,0,0,7.37802e-07,0,0,0,1.78626e-06,0,0,2.91264e-06,1.62804e-06,0,0,0,0,1.00957e-06,8.43024e-07,0,0,0,3.41831e-06,0,0,0,0,0,6.68257e-06,0,0,0,7.11585e-06,0,0,0,0,0,1.04343e-06,0,0,0,0,0,3.82454e-06,0,1.051e-06,0,0,0,3.12636e-06,0,0,0,0,0,0,3.1926e-06,0,0,0,1.54147e-06,5.40998e-06,0,0,0,0,0,0,0,9.02342e-07,0,0,0,1.45272e-06,2.02314e-06,0,0,0,2.87441e-06,0,0
"PWY-6519: 8-amino-7-oxononanoate biosynthesis I",0.000112911,3.16903e-05,6.70953e-05,1.76452e-05,4.81092e-05,1.89355e-05,1.7494e-05,6.06494e-06,0.000210341,4.60979e-06,2.16634e-05,0.000117941,3.53149e-05,2.77654e-05,3.80898e-05,6.19339e-05,5.62231e-06,5.86905e-05,1.70422e-05,8.75587e-05,1.62522e-05,2.4117e-05,0.000118576,3.87494e-05,2.99375e-05,7.11137e-05,0.000111247,0.000188957,8.63496e-05,0.000326975,4.67239e-05,1.9743e-05,2.44761e-06,2.35065e-05,0,9.09972e-05,0.000220025,4.13347e-05,0.000314147,4.41972e-05,0.000135145,2.35514e-05,3.93889e-05,0.000195627,6.66548e-05,2.23065e-05,3.28167e-05,4.45776e-05,2.90173e-05,4.3042e-05,2.26268e-05,1.98762e-05,0.000196947,2.6412e-05,8.99436e-05,0.000405115,2.54125e-05,0.00016112,3.7103e-05,9.19745e-05,5.9519e-05,4.45418e-06,0.000155269,1.48082e-05,0.00010424,0.000173008,1.82804e-05,2.15168e-05,0.00011452,5.56113e-05,9.61021e-05,2.89736e-05,0.000271137,6.97704e-05,8.85246e-05,0.000205248,0.000178742,3.22196e-05,0.00021447,3.59012e-05,5.56035e-05,0.000108177,1.59009e-05,0,3.43421e-05,8.20263e-05,0,8.10417e-05,5.13207e-05,5.29615e-05,0.000298683,5.5399e-05,1.54191e-05,4.12849e-05,1.72164e-05,7.68513e-05,3.26966e-05,9.95546e-06,5.94065e-06,0.000157592,5.03738e-05,3.27811e-05,2.41586e-05,4.55661e-05,3.46955e-05,1.8031e-05,4.99071e-05,0.000155865,7.89082e-05,1.99959e-05,5.07129e-05,0.000146647,5.84814e-05,7.77763e-05,6.80742e-05,3.26453e-05,8.69016e-05,2.78317e-05,6.16147e-05,0.000126971,0.000122726,6.41482e-05,4.54193e-05,0.000109052,0.000175162,2.9452e-05,0.000318947,0.000315829,6.78516e-05,4.85598e-05,9.08691e-05,4.09928e-05,2.13829e-05,0.000357044,0.000110356,0.000203767,2.15368e-05,0.000133923,2.69909e-05,1.38763e-05,0.000126045,6.15395e-05,0.000109299,0.00024704,0.00011215,8.40308e-05,6.59715e-05,3.12978e-05,6.49671e-05,4.05738e-05,4.03103e-05,0.000124997,4.76228e-05,6.99802e-05,1.9572e-05,8.56922e-05
"PWY-6527: stachyose degradation",0.000402898,0.000360438,0.000425544,0.000349481,0.000481893,0.000504099,0.000556862,0.000647056,0.000381774,0.000389109,0.000467245,0.000332487,0.000107341,0.000468212,0.000593994,0.000298731,0.000668955,0.000502057,0.000359852,0.000192101,0.000337413,0.000489861,0.000283119,0.00029424,0.000297143,0.000430796,0.000834274,0.000378366,0.000428416,0.000374923,0.000623968,0.000612962,0.000868549,0.000549166,0.000614316,0.00041052,0.000264096,0.000466826,0.000202642,0.00033838,0.000292956,0.000411237,0.000340368,0.000346847,0.000575784,0.000438679,0.0002621,0.000453502,0.000415326,0.000385157,0.000346615,0.000365119,0.000340917,0.000227213,0.000329097,0.00041222,0.000660467,0.000379639,0.000659842,0.000349254,0.000379254,0.000611087,0.000251824,0.000618914,0.00018122,0.00024669,0.000445862,0.000554927,0.00029107,0.000232351,0.000267545,0.000426674,0.000241251,0.000305036,0.000259283,0.000248186,0.000212764,0.000139136,0.000180526,0.000539791,0.000365641,0.00032942,0.000528744,0.000811046,0.000258624,0.000348324,0.000531687,0.000284328,0.000335443,0.000445997,0.000385113,0.000368488,0.00048572,0.000661983,0.000724224,0.000231949,0.000391875,0.000620666,0.000519829,0.000185948,0.000310897,0.000476833,0.000604807,0.000414782,0.000392897,0.000185909,0.00042082,0.00036811,0.000316861,0.000268981,0.000380972,0.000540587,0.0004565,0.000370019,0.0003626,0.000579475,0.000451347,0.000504831,0.000386269,0.000331027,0.000541509,0.000206199,0.000279996,0.000569689,0.000390631,0.000247102,0.000313346,0.000328879,0.000349235,0.000349607,0.000257349,0.00049546,0.000241295,0.000228039,0.00029158,0.00031382,0.000556471,0.000151391,0.00025307,5.3018e-05,0.000265602,0.000503941,0.000397552,4.98683e-05,0.000435026,0.000231459,0.000367346,0.000192406,0.00016113,0.00031876,0.000298655,0.000210653,0.000340367,0.000529474,0.000352797,0.000150315
"PWY-6531: mannitol cycle",1.16271e-05,2.41399e-06,0,1.52626e-06,0,1.63077e-05,1.00705e-05,0,0.000171633,0,7.35984e-06,7.2322e-05,6.99307e-06,0,0,2.45293e-06,0,6.84343e-07,4.12399e-06,2.95135e-05,2.64679e-06,4.57927e-06,3.28176e-06,2.38412e-06,2.99058e-06,0,5.56456e-05,7.25171e-05,1.26054e-05,0.000240339,3.23127e-06,1.94845e-06,0,0,0,1.31848e-05,0.000111911,0,7.61791e-05,7.54109e-06,5.51877e-05,3.37308e-06,1.7787e-05,0.000150209,2.89858e-05,9.83354e-07,4.20577e-06,0,8.60588e-07,5.3067e-06,9.53174e-07,0,0.000184552,3.14428e-06,5.58422e-05,0.000203975,1.96267e-05,0.000102113,8.93492e-06,3.71317e-05,9.26423e-06,0,6.06585e-05,1.00013e-06,1.81132e-05,7.72615e-05,3.20562e-06,0,1.23561e-05,3.02991e-06,1.54557e-05,1.77229e-06,0.000102938,2.37037e-05,3.17728e-06,0.000176167,3.55218e-05,3.30107e-06,8.48518e-05,0,5.87599e-06,8.66478e-06,0,0,1.48708e-06,2.26043e-05,0,2.18966e-06,5.80774e-06,2.62397e-06,0.000166394,1.85393e-06,4.2795e-07,2.36554e-05,3.47125e-06,3.9693e-05,1.11538e-05,0,0,4.76047e-05,4.33266e-06,7.35431e-07,1.37245e-05,2.80356e-06,0,1.65325e-06,2.03518e-06,0.000108079,4.25306e-05,1.00968e-05,0,3.03493e-05,1.51295e-06,1.2522e-05,1.05639e-05,1.8641e-06,5.24983e-05,0,3.94084e-06,4.1465e-05,2.90643e-06,1.03266e-05,1.77068e-06,1.67265e-06,9.3517e-06,5.96466e-06,0.000145535,0.000215807,8.38656e-06,1.21634e-05,7.38239e-06,3.26932e-06,1.29679e-06,0.000163918,7.98771e-06,7.73319e-05,1.14829e-05,2.78713e-05,5.68774e-06,3.739e-06,4.54321e-05,8.88553e-06,2.37041e-05,1.37455e-05,1.66893e-05,1.46933e-05,4.09176e-05,4.0022e-06,5.82407e-06,3.29617e-06,2.54117e-06,5.16782e-06,4.97044e-06,1.8354e-05,3.05299e-06,1.11062e-05
"PWY-6545: pyrimidine deoxyribonucleotides de novo biosynthesis III",8.17487e-05,1.11964e-05,0,7.26832e-06,0,7.72746e-06,1.38252e-05,0,0.000104411,0,0,0.000132988,7.02651e-06,2.39835e-06,5.21123e-05,7.61543e-06,2.29139e-05,0,4.32946e-06,2.94414e-05,9.58276e-06,5.058e-05,9.07168e-06,8.84453e-06,2.87512e-05,3.59518e-06,6.62167e-05,9.72172e-05,2.33528e-06,0.000109283,6.00625e-05,8.33293e-05,0,5.52572e-06,4.98215e-06,3.71561e-05,0.000126768,1.73975e-05,0.000120414,7.82693e-06,8.39784e-05,4.49431e-06,1.12048e-06,0.000209633,3.24088e-05,2.70265e-05,0,2.28306e-05,0,0.000101944,0.000115024,0.000178721,0.000136194,0,8.42233e-05,0.000152505,1.7442e-05,0.000128173,8.56581e-05,0.000112116,1.97018e-05,5.09607e-05,7.68786e-05,0,3.52269e-05,0.00011044,6.46015e-06,5.99356e-06,1.28165e-05,0,1.20945e-05,6.48151e-05,0.00014764,3.59559e-05,0,0.00018277,2.42083e-05,4.31943e-06,0.000114188,1.41042e-05,4.61275e-06,2.07812e-05,6.4876e-06,0,0,2.10389e-05,9.35938e-06,1.01779e-05,5.95071e-05,0,0.000150708,5.91251e-05,1.94557e-05,1.48972e-05,0.000119809,8.26633e-05,5.38671e-06,2.86354e-05,2.75544e-05,7.89194e-05,1.21571e-05,0,3.16821e-05,0,7.10552e-05,6.15882e-06,1.31228e-05,0.000164059,8.61087e-05,2.1106e-05,2.72501e-06,4.96419e-05,4.33467e-06,1.25981e-05,1.31072e-05,2.94096e-05,8.14299e-05,2.94139e-05,2.78656e-05,9.7019e-05,0,5.36484e-06,0,1.69118e-06,7.00529e-05,1.39505e-05,8.90642e-05,0.000144496,6.47454e-05,2.61597e-05,3.10637e-06,5.2095e-05,2.26682e-05,5.08504e-05,2.00437e-05,0.000186081,1.23043e-05,6.63807e-05,9.30589e-06,3.26446e-05,9.74661e-05,5.95914e-05,2.91797e-05,2.05948e-05,1.39273e-05,6.12431e-06,7.20853e-05,1.27285e-05,3.10788e-06,1.82408e-06,7.93761e-06,2.3437e-06,3.01426e-05,2.97576e-05,2.39369e-05,9.78078e-06
"PWY-6549: L-glutamine biosynthesis III",0.000106821,6.01288e-05,9.63888e-05,5.01187e-05,0.000154261,0.000114838,0.000131678,3.45502e-05,0.000132193,7.26741e-06,4.09157e-05,0.000123295,3.30833e-05,5.10951e-05,0.00013974,6.91437e-05,0.000121594,0.000112103,0.000138215,6.59336e-05,4.74031e-05,4.70732e-05,2.53551e-05,5.88064e-05,7.41433e-05,0.000190006,0.000112286,7.9067e-05,0.000129276,4.3905e-05,0.000166413,0.00013468,0.000162248,0.000134933,8.08526e-06,0.000144382,8.02925e-05,0.000104791,0.000156433,9.46205e-05,0.000143851,0.000183041,8.96044e-05,0.000187523,6.47362e-05,0.000121666,3.63438e-05,0.000124062,9.16575e-05,0.000153925,0.00013969,0.000132628,0.00010411,8.93948e-05,0.000150604,4.68506e-05,1.95516e-05,0.0001524,8.24493e-05,0.00014352,0.000114749,7.87937e-05,0.000102395,3.84524e-05,5.46933e-05,0.000112031,2.96303e-05,0.000148433,9.68855e-05,0.000114631,5.40541e-05,8.28007e-05,7.50114e-05,1.39668e-05,1.9022e-05,0.000118121,6.96242e-05,5.02002e-05,0.000107381,0.00018478,0.000217451,3.0967e-05,9.33987e-05,6.32603e-05,8.4784e-05,9.12172e-05,0.000161045,0.000129195,0.000116319,2.84182e-05,0.000141627,8.74778e-05,8.47305e-05,3.63192e-05,8.33904e-05,8.22279e-05,6.38798e-05,9.92603e-05,9.77206e-05,6.52725e-05,0.000209665,3.82768e-05,2.78956e-05,0.000128632,7.12149e-05,9.68961e-05,0.000128847,0.00020539,0.000222317,3.44916e-05,0.000242397,0.000110078,0.000118319,7.61307e-05,2.30665e-05,0.000104465,0.000177873,0.000167475,0.000104979,9.52548e-05,4.59946e-05,8.50357e-05,6.02261e-05,0.000121104,7.52585e-05,4.02778e-05,0.000126023,4.48954e-05,3.30857e-05,0.000109904,8.45701e-05,5.72195e-05,5.17606e-05,2.35196e-06,7.25197e-05,2.89152e-05,2.80348e-05,7.60097e-05,1.16987e-05,2.22848e-05,9.84811e-05,9.78814e-05,8.31829e-05,1.11987e-05,6.64681e-05,3.2729e-05,8.82009e-05,3.74829e-05,1.45862e-05,8.83592e-05,3.81573e-05,5.35469e-05,8.93554e-05,4.513e-05,3.77247e-05,7.16775e-05
"PWY-6562: norspermidine biosynthesis",0,1.59308e-06,0,1.52434e-06,0,0,0,0,0,0,0,2.2251e-06,0,0,0,7.64214e-07,0,0,0,0,0,0,1.04928e-06,1.8675e-06,0,0,3.00393e-05,0,0,1.67376e-06,0,0,0,0,0,0,6.91515e-06,0,9.28566e-06,1.39187e-06,0,4.4649e-06,9.35085e-07,0,0,0,0,0,0,0,0,5.74468e-07,2.18012e-06,0,0,0,0,3.55559e-07,3.28338e-06,0,0,0,0,0,1.26812e-06,2.57369e-06,0,0,0,0,0,0,0,0,0,0,0,0,0,0,0,9.15303e-07,0,0,0,1.44055e-06,0,0,0,0,0,0,0,0,0,1.16418e-06,1.3982e-06,1.20111e-06,0,0,1.32003e-06,0,0,0,0,0,0,0,0,0,0,0,0,4.67876e-06,0,0,6.13954e-06,0,0,3.64559e-06,0,6.53763e-06,0,0,1.09755e-05,0,0,7.60694e-07,0,0,0,1.81837e-06,1.35478e-06,4.05369e-07,0,1.8558e-05,0,0,0,0,9.70165e-06,0,0,0,0,0,0,0,0,0,0,0,0,0,0,0
"PWY-6565: superpathway of polyamine biosynthesis III",0,1.62535e-06,0,0,0,0,0,0,0,0,0,0,0,0,0,0,0,0,0,0,0,0,0,1.93199e-06,0,0,0,0,0,0,0,0,0,0,0,0,0,0,0,0,0,0,0,0,0,0,0,0,0,0,0,0,0,0,0,0,0,0,0,0,0,0,0,0,0,0,0,0,0,0,0,0,0,0,0,0,0,0,0,0,0,0,0,0,0,0,0,0,0,0,0,0,0,0,0,0,0,0,0,0,0,0,0,0,0,0,0,0,0,0,0,0,0,0,0,0,0,0,0,0,0,0,0,0,0,0,0,0,0,0,0,0,1.35654e-06,0,0,0,0,0,0,0,0,0,0,0,0,0,0,0,0,0,0,0,0,0,0,0
"PWY-6572: chondroitin sulfate degradation I (bacterial)",5.55314e-06,8.61023e-06,0,0,0,0,0,0,0,0,0,2.64212e-06,0,1.46838e-06,0,1.01495e-06,0,0,0,3.65994e-06,0,3.63803e-06,0,0,4.70592e-06,0,0,8.91874e-06,1.12818e-05,0,0,0,0,0,0,4.19697e-06,1.24444e-05,0,1.42023e-05,0,0,0,0,0,2.91222e-06,0,0,0,0,0,0,0,0,1.41715e-06,9.07025e-07,0,0,0,2.63251e-06,1.6497e-06,1.17058e-06,0,6.55575e-06,0,0,2.0488e-06,0,0,0,1.94016e-06,1.53143e-05,4.9285e-06,5.74296e-06,0,3.07046e-06,0,4.18086e-05,1.78875e-06,2.58978e-06,0,0,9.01134e-06,0,0,0,3.06423e-06,0,1.0057e-06,1.50883e-06,0,2.66e-06,0,0,0,1.13813e-06,0,0,0,0,4.34999e-06,0,1.02869e-05,0,9.07809e-07,0,0,0,0,0,4.03208e-06,0,2.39347e-06,0,0,3.15946e-05,0,0,0,3.38037e-06,0,6.27547e-06,0,9.01801e-06,7.63139e-06,5.32638e-05,1.25009e-06,0,9.89303e-07,5.79456e-06,0,1.46501e-05,0,3.83e-06,0,1.49808e-05,0,1.56162e-06,0,2.57455e-06,5.11583e-06,0,2.443e-06,3.47477e-06,3.57768e-05,0,9.04219e-05,0,4.7742e-06,0,0,1.01368e-05,5.8095e-06,3.08191e-06,0,9.28244e-06,1.10093e-05
"PWY-6588: pyruvate fermentation to acetone",1.73392e-05,3.98061e-05,1.74291e-05,1.19484e-05,2.26843e-05,5.86747e-06,1.65186e-05,7.20381e-06,2.13152e-05,4.82924e-06,1.78737e-05,1.69053e-05,2.79004e-05,1.56862e-05,3.88575e-05,3.99408e-05,2.87336e-05,3.86469e-05,5.45231e-05,2.18489e-05,3.09314e-05,1.97683e-05,4.78035e-05,9.95226e-06,1.69643e-05,0,7.66294e-06,1.75362e-06,1.53111e-05,3.82623e-05,1.52567e-05,1.54762e-05,0,1.21876e-05,1.1402e-05,2.41796e-05,1.76355e-05,2.74642e-05,2.31069e-05,8.26614e-06,2.92158e-05,9.04567e-06,4.14701e-05,2.78591e-05,1.03785e-05,2.01427e-05,2.16437e-05,1.23525e-05,1.27939e-05,1.61789e-05,1.61711e-05,2.35492e-05,7.52832e-05,3.56333e-05,1.43621e-05,5.96678e-05,3.11068e-06,5.46369e-05,1.09911e-05,1.80505e-05,2.93686e-05,2.66886e-05,3.85503e-05,2.07111e-06,2.21808e-05,1.81737e-05,0,4.76752e-06,1.18444e-05,3.87929e-05,6.06094e-05,2.39249e-05,3.26572e-05,2.18552e-05,3.14897e-05,3.60971e-05,1.36586e-05,1.79274e-05,5.877e-05,1.44337e-05,7.23509e-06,2.03137e-05,8.28458e-06,1.66008e-05,2.20251e-06,1.47657e-05,7.37532e-07,2.28462e-05,2.1263e-05,0,4.60029e-05,6.37806e-05,2.68461e-05,3.76736e-05,9.97577e-06,2.72546e-05,7.84755e-06,2.36251e-05,1.42074e-05,2.18752e-05,2.20957e-05,5.68712e-06,1.5343e-06,3.50161e-05,3.06551e-05,4.2917e-05,2.96647e-05,3.45768e-05,2.00266e-05,0,6.82458e-07,2.86186e-05,2.20895e-05,3.48018e-05,2.44905e-05,1.34969e-05,1.02083e-06,1.76105e-06,1.23136e-05,3.55309e-05,5.3793e-06,5.4729e-06,5.02601e-06,2.07568e-05,1.77873e-05,1.7315e-05,3.74015e-05,3.61202e-05,1.10403e-05,2.45378e-05,2.18864e-05,1.26007e-05,9.00412e-06,6.07879e-05,1.76898e-05,5.05856e-05,1.3125e-05,1.21428e-05,3.02591e-06,1.10439e-05,5.38433e-05,1.39424e-05,1.57064e-05,0,2.26645e-05,1.43273e-05,8.354e-06,6.69983e-06,8.77029e-06,5.91692e-06,8.57971e-07,1.76301e-05,2.56408e-06,5.96841e-06,5.2311e-06,1.06986e-05
"PWY-6590: superpathway of Clostridium acetobutylicum acidogenic fermentation",8.12006e-05,4.16217e-05,0.000128814,3.80867e-05,6.85995e-05,5.24201e-05,4.39872e-05,8.81668e-05,0,6.60274e-05,9.70416e-05,8.40755e-05,5.43335e-05,3.23252e-05,5.17105e-05,7.34626e-05,2.7961e-05,9.01619e-05,7.86932e-05,7.5601e-05,3.99028e-05,7.57005e-05,6.60237e-05,5.51144e-05,7.31551e-05,4.41385e-05,6.46659e-06,4.33781e-06,6.52144e-05,6.86997e-06,3.77601e-05,4.12296e-05,6.44468e-06,6.92604e-05,1.64717e-05,0.000102278,4.78039e-05,4.08118e-05,6.62895e-06,3.75111e-05,4.62225e-05,6.69934e-05,0.000106508,9.02953e-06,1.0311e-05,6.62101e-05,9.89001e-05,4.39834e-05,5.86133e-05,3.13284e-05,8.82204e-05,3.98595e-05,4.46046e-06,1.08574e-05,5.14426e-05,6.1785e-06,0,2.40748e-05,6.92461e-05,0.00010869,7.83098e-05,7.82371e-05,3.18422e-05,7.50451e-05,6.46594e-05,2.3578e-05,3.52906e-06,7.32548e-05,5.58283e-05,2.91652e-05,4.52083e-05,9.58317e-05,4.02345e-05,5.68038e-05,5.22804e-05,2.43487e-05,3.86712e-05,3.98848e-05,3.04787e-05,5.46275e-05,5.56089e-05,4.95295e-05,6.52948e-05,1.2908e-05,1.86743e-05,2.92105e-05,3.7386e-05,6.66765e-05,7.96114e-05,7.10427e-05,2.32584e-05,0.000104453,0.000114542,3.15695e-05,8.26966e-06,8.12711e-05,6.67405e-05,5.10059e-05,5.94015e-05,5.22569e-05,2.43137e-05,1.02078e-05,0,8.24605e-05,5.51434e-05,0.000114421,8.98289e-05,3.70768e-05,6.14031e-05,3.3446e-05,4.73196e-05,8.1779e-05,6.98943e-05,9.4814e-05,5.30927e-05,4.38499e-05,7.06495e-05,6.72639e-05,4.95174e-05,6.49102e-05,8.91111e-05,7.80482e-05,7.80239e-05,3.78418e-05,3.93479e-05,1.61855e-05,2.29437e-05,2.00381e-05,5.32869e-05,6.37158e-05,7.8771e-05,5.6941e-05,6.06054e-05,1.16203e-06,4.3784e-05,5.42703e-05,2.76415e-05,3.15146e-05,2.88864e-05,3.00979e-05,0.000105144,8.33146e-05,7.88289e-05,0,4.36515e-05,5.06567e-05,5.08625e-05,5.11801e-05,2.48773e-05,4.68553e-05,5.20398e-05,8.50159e-05,4.3455e-05,2.80263e-05,6.05305e-05,6.25328e-05
"PWY-6595: superpathway of guanosine nucleotides degradation (plants)",2.39825e-05,5.77456e-05,4.60321e-06,7.65519e-06,1.21889e-05,2.55144e-05,2.11004e-05,2.74043e-06,2.02001e-06,1.69708e-06,0,1.96541e-05,9.33841e-06,6.41198e-05,2.80721e-05,1.22785e-05,2.68801e-05,9.61343e-05,3.69417e-06,3.35812e-05,2.19998e-05,2.78969e-06,3.24057e-06,4.3914e-06,9.01762e-06,2.877e-05,4.16714e-05,9.86314e-05,3.97648e-06,8.49556e-06,2.34407e-05,1.63967e-06,4.45216e-05,3.56665e-05,6.28401e-06,1.16737e-05,9.02943e-06,5.70178e-06,4.08748e-05,2.22714e-06,4.24605e-06,4.01098e-05,4.17699e-05,8.58705e-06,2.68281e-05,3.09954e-06,8.96794e-06,6.12874e-05,1.07e-05,4.87076e-06,2.56395e-05,3.83531e-05,1.59455e-05,3.27728e-05,1.5032e-05,4.70514e-06,2.98381e-05,1.98724e-06,4.08548e-06,5.10619e-06,3.45424e-05,4.3274e-06,2.15227e-05,2.11696e-06,3.57707e-06,5.21307e-06,3.32254e-06,1.37551e-06,6.40783e-06,7.17038e-06,9.53595e-06,1.9016e-06,4.40757e-06,2.02657e-06,1.09144e-05,5.47781e-05,9.02019e-06,4.33391e-06,4.51671e-06,3.81026e-06,1.44212e-05,7.72284e-06,2.99449e-05,0,2.30148e-05,1.19033e-05,9.52244e-06,1.00155e-06,3.69748e-06,2.30984e-06,2.44349e-06,6.56631e-05,1.31747e-05,0.000139786,5.39854e-05,1.47816e-06,7.01397e-06,2.26367e-05,1.74634e-05,5.08186e-06,2.60285e-05,0,1.36534e-06,3.14938e-05,1.55827e-05,1.73328e-05,6.67945e-06,3.01608e-05,2.28462e-05,1.95846e-06,7.60163e-07,3.03236e-06,3.44527e-06,9.00614e-06,7.25004e-07,1.46393e-05,2.37261e-05,2.92598e-05,4.57803e-05,1.52969e-06,1.8318e-05,7.92087e-06,8.56259e-06,1.60682e-05,9.61091e-06,9.59529e-06,2.03033e-06,8.13038e-06,5.85465e-06,1.81641e-05,2.01652e-05,8.91171e-07,5.22217e-06,2.48537e-06,4.50865e-06,6.10569e-06,1.29402e-05,2.06151e-06,0,6.69348e-06,2.08952e-05,1.26879e-05,2.80539e-05,5.35741e-06,1.10938e-06,1.13172e-05,2.32699e-06,1.57239e-05,6.63087e-06,3.32739e-06,9.27767e-06,6.05745e-06,6.99184e-06,3.59953e-05,8.78583e-06,1.20283e-05
"PWY-6606: guanosine nucleotides degradation II",0.000114784,7.8473e-05,0.000104403,4.5946e-05,0.000110884,8.79692e-05,9.43664e-05,0.000140724,0.000267323,7.28727e-05,4.53972e-05,0.000141278,3.02635e-05,0.000117166,0.000156109,0.000101529,0.00011595,0.000137448,0.000109849,4.95119e-05,9.92705e-05,0.000120988,5.64434e-05,5.1855e-05,5.63895e-05,4.12328e-05,0.000227595,0.000119596,9.02522e-05,0.000463951,7.78593e-05,9.94902e-05,0.000127753,9.12859e-05,0.000230609,6.02389e-05,0.00019713,9.48706e-05,5.57443e-05,4.95313e-05,0.000115402,9.57585e-05,0.000101446,0.000269123,0.000237948,9.10064e-05,7.36375e-05,0.000119122,8.74804e-05,0.000104264,6.57563e-05,5.37538e-05,0.000241389,4.54344e-05,0.000101009,0.000292396,0.000382029,0.000249461,0.000108326,0.000114755,7.28305e-05,0.000116344,0.000103435,0.000137627,6.40235e-05,0.000152373,0.000138954,5.35658e-05,1.90359e-05,4.85631e-05,4.31762e-05,6.37103e-05,0.000182294,7.05482e-05,5.20301e-05,0.000209997,8.80484e-05,3.91814e-05,0.00014036,8.15344e-05,0.000108851,6.39891e-05,0.000127466,0.000214996,2.94122e-05,6.44356e-05,0.000146553,8.62553e-05,6.66079e-05,0.000104483,0.000418436,0.000183537,9.36863e-05,0.000161799,0.000123719,7.21781e-05,0.000101827,9.0698e-05,0.000152137,6.20995e-05,6.0393e-05,0.000202289,8.81255e-05,0.000108866,0.00012516,4.88676e-05,7.91567e-05,0.000240839,0.000151991,4.28759e-05,0.000131138,0.000191856,0.00014331,3.98938e-05,6.13939e-05,0.000102951,7.3772e-05,7.73637e-05,8.89189e-05,0.000119125,7.95683e-05,3.54543e-05,5.88907e-05,0.000117784,5.08414e-05,5.47402e-05,0.000257189,0.000307856,3.79955e-05,8.47632e-05,2.74129e-05,8.92771e-05,1.62989e-05,0.000293679,7.53288e-05,0.000118751,0.000129264,5.32749e-05,2.42676e-05,3.08359e-05,0.000140127,8.004e-05,9.4632e-05,8.04621e-06,5.12807e-05,4.66035e-05,0.000141908,3.65108e-05,4.45899e-05,6.64937e-05,2.36646e-05,4.77942e-05,3.56392e-05,0.000110642,3.96716e-05,4.75252e-05
"PWY-6607: guanosine nucleotides degradation I",2.42665e-05,6.3377e-05,4.62139e-06,7.6769e-06,1.22613e-05,2.49759e-05,2.06708e-05,2.73551e-06,2.02254e-06,1.70142e-06,0,2.00809e-05,1.00125e-05,6.4934e-05,2.80226e-05,1.24088e-05,2.6948e-05,9.24295e-05,3.70288e-06,3.91393e-05,2.23353e-05,2.79216e-06,3.2671e-06,4.4168e-06,9.1918e-06,2.94269e-05,4.09246e-05,9.33913e-05,3.99655e-06,8.52282e-06,2.32056e-05,1.63821e-06,4.26279e-05,3.48557e-05,6.30479e-06,1.20123e-05,9.06575e-06,5.76811e-06,3.66767e-05,2.23902e-06,4.266e-06,4.01826e-05,4.37433e-05,8.62948e-06,2.66513e-05,3.09344e-06,9.06014e-06,6.15206e-05,1.06074e-05,4.85349e-06,2.52956e-05,4.10794e-05,1.61139e-05,3.86516e-05,1.54244e-05,4.71792e-06,2.96445e-05,1.98861e-06,4.12421e-06,5.13503e-06,3.64642e-05,4.31853e-06,2.2255e-05,2.11334e-06,3.60498e-06,5.24617e-06,3.32383e-06,1.37229e-06,6.17269e-06,7.26435e-06,9.72358e-06,1.90919e-06,4.4282e-06,2.02695e-06,1.09292e-05,5.78322e-05,9.10538e-06,4.42073e-06,4.53681e-06,3.81933e-06,1.45242e-05,7.65709e-06,2.97431e-05,0,2.31364e-05,1.21438e-05,9.53015e-06,1.0028e-06,3.71427e-06,2.30792e-06,2.44611e-06,6.4827e-05,1.33014e-05,0.00013118,5.13643e-05,1.48291e-06,6.99303e-06,2.18929e-05,1.72828e-05,5.16555e-06,2.70874e-05,0,1.36264e-06,3.13858e-05,1.56363e-05,1.83271e-05,6.76099e-06,3.07025e-05,2.33333e-05,1.95855e-06,7.60298e-07,3.03068e-06,3.44395e-06,9.06304e-06,7.26255e-07,1.47262e-05,2.29095e-05,2.83341e-05,4.45423e-05,1.53166e-06,1.82218e-05,8.16286e-06,8.79089e-06,1.59994e-05,9.48822e-06,9.90307e-06,2.03261e-06,8.16736e-06,5.98597e-06,1.83856e-05,2.14915e-05,8.91492e-07,5.53903e-06,2.4898e-06,4.55107e-06,6.13739e-06,1.2869e-05,2.07474e-06,0,6.98614e-06,2.10644e-05,1.27598e-05,2.82716e-05,4.96566e-06,1.10855e-06,1.17865e-05,2.33114e-06,1.64297e-05,6.75675e-06,3.31141e-06,9.8312e-06,6.05416e-06,7.12579e-06,3.49957e-05,8.92505e-06,1.22799e-05
"PWY-6608: guanosine nucleotides degradation III",0.000155201,0.000135026,0.000155756,8.43411e-05,0.000152334,0.000259779,0.000306422,0.000375324,0.00045653,0.000118914,9.42086e-05,0.000289122,9.10436e-05,0.000168671,0.000247265,0.000150925,0.000187724,0.000294688,0.000163442,0.000147376,0.000136394,0.000176631,0.00010233,7.74599e-05,9.53503e-05,7.57482e-05,0.00051544,0.000122965,0.000143794,0.000617743,0.000168374,0.000241234,0.00051516,0.000226126,0.000392796,0.000109128,0.00026064,0.000258965,0.000253766,8.21054e-05,0.00019136,0.000166406,0.000168678,0.00044489,0.000419762,0.000218871,0.000111266,0.000184505,0.000212177,0.000270989,0.000144769,7.84359e-05,0.00044303,0.00013021,0.000229552,0.00053422,0.000578808,0.000321073,0.000485214,0.000189335,0.000115049,0.000256057,0.000199328,0.000304228,0.000115276,0.000334534,0.000204179,0.000199169,0.000118511,6.87921e-05,6.55645e-05,0.000109494,0.000414409,0.000142479,0.000105622,0.000431428,0.00012292,8.70443e-05,0.000233174,0.000124691,0.000160338,0.00019727,0.000245532,0.000414692,4.39323e-05,9.83038e-05,0.000227421,0.000129613,9.38268e-05,0.000223,0.000609169,0.000302603,0.000131442,0.000341735,0.000382781,0.000143961,0.000192599,0.000336619,0.000359509,0.000158374,8.50082e-05,0.000477709,0.00026831,0.000189422,0.000184822,9.81565e-05,0.000150977,0.000427351,0.000255205,8.39048e-05,0.000182533,0.000350399,0.000237052,7.56411e-05,0.000113443,0.000155085,0.000304113,0.000236185,0.00021413,0.000187761,0.000168986,6.01991e-05,0.000135251,0.000257023,0.000171259,0.000126299,0.000455346,0.000458962,6.79897e-05,0.000126985,4.274e-05,0.000143849,3.54262e-05,0.000546995,0.000145319,0.000170121,0.000242595,0.000106688,3.56199e-05,7.17414e-05,0.000197506,0.000136202,0.000154252,1.49359e-05,0.000132917,9.2025e-05,0.000239389,5.31189e-05,7.20364e-05,0.000214322,4.28216e-05,0.000103738,5.19916e-05,0.000344162,6.32139e-05,7.15592e-05
"PWY-6609: adenine and adenosine salvage III",0.000657348,0.000573162,0.000632404,0.000553922,0.000680562,0.000564322,0.000514205,0.000786322,0.000412195,0.000648504,0.000732811,0.000564823,0.000775254,0.000569051,0.000715887,0.000719847,0.000733919,0.000542956,0.000682022,0.00064324,0.000603638,0.000695641,0.000635331,0.000752521,0.000779879,0.000616106,0.000633908,0.000307471,0.000629988,0.000357594,0.000738056,0.000724586,0.000558369,0.000671593,0.000670694,0.000605404,0.000399034,0.000721759,0.000357592,0.000919207,0.000530658,0.000599191,0.000629614,0.000392337,0.000710977,0.00063111,0.000595788,0.000555722,0.0005357,0.000559216,0.000577552,0.000667347,0.000421137,0.000585101,0.000579615,0.000400284,0.000633909,0.000433719,0.000879084,0.000521633,0.000681132,0.000793021,0.000437136,0.000519841,0.000539929,0.000383142,0.00049535,0.000604568,0.000525709,0.000558328,0.000661165,0.000710004,0.000419242,0.000609984,0.00065024,0.000373387,0.000583402,0.000728174,0.000379563,0.000607885,0.000494822,0.000624797,0.000703295,0.000607257,0.00063253,0.000569967,0.000497366,0.000507681,0.000726484,0.00047283,0.000404931,0.000508973,0.000731085,0.000720957,0.000539517,0.000465343,0.000607502,0.000627029,0.000642046,0.00056583,0.000501995,0.000721302,0.000618779,0.000584807,0.000544535,0.000685705,0.000677189,0.000484043,0.000420615,0.000563588,0.000534901,0.000620634,0.000616634,0.000545802,0.000650267,0.000651345,0.00048148,0.000576851,0.000629268,0.000604694,0.000623064,0.000678015,0.000702344,0.000632086,0.000587567,0.000656408,0.000484571,0.000327138,0.00071129,0.000652012,0.000594717,0.000633887,0.000536789,0.000280284,0.000599051,0.000509792,0.000553684,0.000422501,0.000527668,0.000426745,0.000497393,0.000693179,0.000546085,0.000648137,0.000584891,0.000593815,0.00061238,0.000640243,0.000575945,0.000471395,0.000641193,0.000583638,0.000676179,0.000613494,0.000657797,0.000504922
"PWY-6612: superpathway of tetrahydrofolate biosynthesis",0.000116591,7.97223e-05,6.61595e-05,5.11794e-05,4.56453e-05,2.65858e-05,3.95042e-05,6.18776e-05,8.30591e-05,3.01427e-05,1.83315e-05,4.89439e-05,2.007e-05,1.39423e-05,0.000104764,4.75418e-05,2.68467e-05,3.04422e-05,3.72107e-05,3.07094e-05,4.17119e-05,2.30496e-05,2.94492e-05,3.82367e-05,3.77814e-05,2.65938e-05,7.41911e-05,4.92723e-05,5.42475e-05,0.000106159,6.43991e-05,8.73209e-05,9.913e-06,3.19294e-05,4.84537e-05,2.81701e-05,0.000129054,1.8404e-05,1.7904e-05,1.61293e-05,3.529e-05,4.61544e-05,6.48405e-05,0.000111747,4.78267e-05,7.96613e-06,4.4443e-05,8.06677e-05,5.02397e-05,9.75969e-05,3.42824e-05,7.56159e-05,7.88953e-05,4.36088e-05,4.3945e-05,0.000141517,3.76792e-05,8.38201e-05,0.000146249,4.63551e-05,7.58463e-05,3.34434e-05,3.89047e-05,3.98575e-05,4.65886e-05,7.18898e-05,1.8339e-05,1.51304e-05,6.89484e-06,1.53109e-05,3.96235e-06,1.61791e-05,8.11056e-05,8.753e-06,1.18961e-05,0.000124714,9.09872e-05,1.44485e-05,2.46633e-05,2.09399e-05,6.32061e-05,1.33648e-05,2.42694e-05,5.85455e-05,6.55874e-06,4.82669e-05,3.07763e-05,4.1587e-05,1.66662e-05,2.96683e-05,0.000112072,6.89438e-05,4.07449e-05,8.39402e-05,0.000148951,4.57137e-05,5.77288e-05,4.60757e-05,6.29529e-05,3.24035e-05,4.30529e-05,6.99093e-05,2.60433e-05,3.459e-05,6.43392e-05,1.42043e-05,5.50443e-05,6.98768e-05,5.6586e-05,1.56557e-05,3.39786e-05,5.05659e-05,7.11344e-05,4.20677e-05,1.60816e-05,2.47334e-05,6.95192e-05,4.09443e-05,3.57163e-05,3.83268e-05,1.28359e-05,9.10332e-06,1.33835e-05,5.56587e-05,4.74425e-05,2.43234e-05,0.000103005,7.01244e-05,1.25794e-05,4.29062e-05,1.38738e-05,8.10888e-05,2.7947e-05,0.000103347,2.89646e-05,0.000146078,1.24163e-05,2.19019e-05,1.81222e-05,0,3.19741e-05,1.98472e-05,3.7587e-05,1.36238e-05,4.15732e-05,4.41311e-05,0.000108819,1.09469e-05,0,3.92559e-05,3.89283e-06,1.82874e-05,8.05802e-06,2.16712e-05,9.5288e-06,2.97399e-05
"PWY-6628: superpathway of L-phenylalanine biosynthesis",0.000330772,0.00019556,0.00027738,0.000142074,0.000324711,0.000349309,0.000213173,0.000350572,0.000331886,0.000205566,0.000229623,0.000268001,0.000116906,0.000266332,0.000251855,0.000255703,0.000357345,0.000302176,0.00020839,0.000141373,0.000124091,0.000200314,0.000123998,0.000162861,0.000187888,0.000391898,0.000111061,0.000390739,0.000314592,0.000266118,0.000360796,0.000314843,0.000202538,0.000264443,5.68083e-05,0.000240536,0.000174808,0.000221129,0.000205468,0.000167657,0.000224801,0.000264173,0.000168847,0.000245087,0.000153798,0.000472517,0.000138695,0.000283146,0.000219422,0.000601257,0.000307295,0.000386143,0.000241005,9.22741e-05,0.000246924,0.000305417,9.48567e-05,0.000369616,0.000146721,0.000351445,0.000251029,0.000168316,0.000279303,0.000188612,0.000113268,0.000188348,0.000341861,0.000350668,0.000282288,0.00021257,0.000166244,0.000282537,0.000196058,0.000173458,0.00018693,0.000314317,0.000149228,0.000108047,0.000117197,0.000531076,0.000475179,0.000172791,0.000228816,9.08187e-05,0.000272349,0.00023685,0.000397352,0.000465717,0.000283523,0.000689865,0.000260545,0.000470324,0.00027455,0.000180546,0.000365439,0.000121338,0.000205569,0.000122948,0.000227879,0.000143257,0.000464933,5.08167e-05,0.000112301,0.000298829,0.00023191,0.000226054,0.000276791,0.000233138,0.000345175,0.000105372,0.000665388,0.000290849,0.000349481,0.000239285,0.000104831,0.000260036,0.000250835,0.000286375,0.000258988,0.000152699,0.00020827,0.000157878,0.000205986,0.000268885,0.000149783,0.000149456,0.000195206,0.000212272,0.000157937,0.000219363,0.000253793,0.000220054,0.000143594,0.000231563,0.000178346,0.000301346,8.48897e-05,0.000164594,0.000105082,0.000100302,0.000286271,0.000315218,0.000267432,0.000104803,0.000169118,8.71275e-05,0.000161151,0.000196014,0.00011494,0.00020407,0.000263391,9.20604e-05,0.000243549,0.0001683,0.000141731,0.000160445
"PWY-6630: superpathway of L-tyrosine biosynthesis",0.000231514,0.000124382,0.00012553,8.28911e-05,0.000108424,0.000157954,0.000230498,9.43067e-05,0.000109691,0.000107382,0.000278121,0.000200173,5.74224e-05,9.52861e-05,0.000236788,5.79578e-05,0.000130124,0.000109769,0.000172063,0.000128077,5.61818e-05,0.000280278,0.000128069,7.92234e-05,0.000127409,0.000182291,0.000102264,0.000274264,0.00030717,0.000159496,0.000269939,0.000225328,6.34691e-05,6.74976e-05,4.36234e-05,0.000205935,0.000113692,6.45255e-05,0.000149492,0.000145154,0.000130599,0.000220441,0.000113861,0.000152441,0.000155616,0.000172415,5.50938e-05,0.000213709,5.81033e-05,0.000242977,0.00013458,0.000324867,9.67691e-05,6.23104e-05,0.000116761,0.000217461,9.42301e-05,0.000150008,8.83112e-05,4.09069e-05,0.000237663,0.000106171,0.000106199,6.19265e-05,8.30414e-05,0.000119043,0.000150557,3.33984e-05,0.000225108,0.000159759,0.00012766,0.000212517,9.22383e-05,7.1049e-05,0.000112293,8.42173e-05,0.00014133,4.12803e-05,9.03605e-05,0.000111796,0.000126942,0.000131776,0.000228393,3.9884e-05,0.000186726,0.000211096,0.0001554,0.000113234,7.98547e-05,0.000330483,0.000167255,0.000129025,0.000249077,0.000195442,0.000218447,8.83704e-05,0.000184294,8.16628e-05,9.26094e-05,0.000122088,0.000248017,1.24014e-05,0.000103106,0.000106804,0.000167523,0.000129099,0.000108698,6.54177e-05,4.1436e-05,7.62165e-05,5.58366e-05,0.000135701,0.000198977,0.000138554,6.95384e-05,3.70422e-05,0.000148934,0.000184816,0.000178081,0.000104884,0.0001989,8.36303e-05,0.000272332,0.000263218,0.000122474,0.000176429,0.000165452,0.000105235,0.000104948,0.000152661,0.000123257,0.00013823,0.000144151,0.000148671,5.85641e-05,0.000251733,7.83146e-05,0.000154466,5.33518e-05,6.566e-05,0.000282813,9.30084e-05,0.000136455,5.67359e-05,0.000137478,5.02067e-05,0.000142815,0.000190003,9.92694e-05,0.00012038,0.000220155,8.7912e-05,0.000109781,0.000164569,7.13784e-05,0.000115382
"PWY-6641: superpathway of sulfolactate degradation",0,0,0,0,0,0,0,0,0,0,0,0,0,0,0,0,0,0,0,0,0,0,0,0,0,0,0,0,0,0,0,0,0,0,0,0,0,0,9.60336e-07,0,0,0,0,0,0,0,0,0,0,0,0,0,0,0,0,0,0,0,0,0,0,0,0,0,0,0,0,0,0,0,0,0,0,0,0,0,0,0,0,0,0,0,0,0,0,0,0,0,0,0,0,0,0,0,0,0,0,0,0,0,0,0,0,0,0,0,0,0,0,0,0,0,0,0,0,0,0,0,0,0,0,0,0,0,0,0,0,0,0,0,0,0,0,0,0,0,0,0,0,0,0,0,0,0,0,0,0,0,0,0,0,0,0,0,0,0
"PWY-6662: superpathway of quinolone and alkylquinolone biosynthesis",0,0,0,0,0,0,0,0,0,0,0,0,0,0,0,0,0,0,0,0,0,0,0,0,0,0,0,0,0,0,0,0,0,0,0,0,0,0,0,0,0,0,0,0,0,0,0,0,0,0,0,0,0,0,0,0,0,0,0,0,0,0,0,0,0,0,0,0,0,0,0,0,0,0,0,0,0,0,0,0,0,0,0,0,0,0,0,0,0,0,0,0,0,0,0,0,0,0,0,0,0,0,0,0,0,0,0,0,0,0,0,0,0,0,0,0,0,0,0,0,0,0,0,0,0,0,0,0,0,0,0,0,0,0,0,0,0,0,0,0,0,0,0,0,0,0,0,0,0,0,0,0,0,0,0,0
"PWY-6690: cinnamate and 3-hydroxycinnamate degradation to 2-hydroxypentadienoate",0,0,0,0,0,0,7.18081e-06,0,8.28063e-05,0,0,8.33546e-05,0,0,0,0,0,0,0,3.37828e-06,8.09279e-07,2.93751e-06,0,0,0,0,2.17374e-05,2.70656e-05,8.10051e-07,0.000168582,3.77469e-07,4.197e-07,0,0,0,8.72023e-06,8.77888e-05,0,5.8386e-05,2.4831e-06,0,0,0,9.99648e-05,1.05623e-05,0,1.46155e-06,0,0,0,0,1.67663e-06,0.000116929,0,2.7973e-05,0,0,9.33301e-05,4.26021e-06,0,0,0,2.51554e-05,0,4.81522e-06,5.25721e-05,1.76359e-06,0,1.93093e-06,0,7.04761e-07,0,7.4712e-05,8.02591e-07,0,0.000133657,5.31617e-06,0,6.51801e-05,0,0,0,0,0,0,3.73487e-06,0,1.00239e-06,0,0,0.00018111,0,0,0,8.38244e-07,2.57041e-05,5.28329e-07,0,0,2.3677e-05,0,0,1.00408e-05,0,0,0,5.07379e-07,6.9225e-05,2.66321e-05,0,0,0,0,1.88266e-06,0,0,2.88767e-05,0,0,2.97711e-05,0,1.49904e-06,0,2.76973e-07,9.13332e-06,6.73898e-07,7.94866e-05,0.000400922,0,4.9268e-06,0,5.56355e-06,0,1.56453e-05,1.01171e-06,6.78951e-05,4.99229e-06,1.22411e-05,4.42775e-07,0,1.87244e-05,0,8.19481e-06,0,0,0,2.03221e-05,0,0,0,0,0,0,0,0,2.58133e-06
"PWY-6700: queuosine biosynthesis I (de novo)",0.000508142,0.000548596,0.000617235,0.000795603,0.0006399,0.000432424,0.000544905,0.000504061,0.000244134,0.000573478,0.000621352,0.00045426,0.000542677,0.000535075,0.000540269,0.000707943,0.000658457,0.000479325,0.000700846,0.000470097,0.000651465,0.000580639,0.000559718,0.000626936,0.000633477,0.000576095,0.000431058,0.000199021,0.000501982,0.000261857,0.000582038,0.000521979,0.000516505,0.000541459,0.00059058,0.000523372,0.000299792,0.000568012,0.000397048,0.000748757,0.000484506,0.000617329,0.000632151,0.000255096,0.00041035,0.000534877,0.000612602,0.000550323,0.000514983,0.000304162,0.000561897,0.000427918,0.000289372,0.000725526,0.00050162,0.000255802,0.00051148,0.000282481,0.000564163,0.000462784,0.000544869,0.000658152,0.000412223,0.000542434,0.000599592,0.000329999,0.000422646,0.0005957,0.000530026,0.000644695,0.000554814,0.000600328,0.000316452,0.000470466,0.000489441,0.000225202,0.000464606,0.000564793,0.000356439,0.000480425,0.000415785,0.00056249,0.000492999,0.000618635,0.000431109,0.000435757,0.000491948,0.000366256,0.000582875,0.000291559,0.000337954,0.000451233,0.00065658,0.00049727,0.00047319,0.00041115,0.000523907,0.00058177,0.000526511,0.000467817,0.000473242,0.000563801,0.000473483,0.00059159,0.000503901,0.00062391,0.000534582,0.000372337,0.000502565,0.000434722,0.000405898,0.000500305,0.000507129,0.000464946,0.000583042,0.00063274,0.000447432,0.000523955,0.000518122,0.000548748,0.000559948,0.000522316,0.000568699,0.000558048,0.000456045,0.000568907,0.000383425,0.000253408,0.00059935,0.000622736,0.000433068,0.000488342,0.000513805,0.000217007,0.00055047,0.000332314,0.000545084,0.000421932,0.000561119,0.000638491,0.000335241,0.000598927,0.000481628,0.000641971,0.000483757,0.000530811,0.000419807,0.000547205,0.00054428,0.000422536,0.000576412,0.000519746,0.000560658,0.000452699,0.000615999,0.000554837
"PWY-6703: preQ0 biosynthesis",0.000267644,0.000227036,0.000229287,0.000345252,0.000183294,0.000165485,0.000141204,0.000261192,0.000115736,0.000190013,0.000252946,0.000157356,0.000253844,0.00019004,0.000319889,0.000185117,0.000248193,0.000171947,0.000190631,0.000141107,0.000226215,0.000224724,0.00021879,0.000218051,0.000163392,0.000183558,0.000138051,0.000147918,0.000244046,0.000175438,0.000240038,0.000280805,0.000106308,0.000143381,0.000411836,0.000259757,0.000214406,0.000393184,0.00018263,0.000159412,0.000203759,0.000166463,0.000181191,0.000168192,0.000144644,0.000166772,0.000190121,0.000328291,0.000210484,0.00015496,0.000156941,0.000177977,0.000198588,0.000257351,0.000115195,0.000197838,0.000249608,0.000143783,0.000354685,0.000152947,0.000192014,0.00017352,0.000251789,0.000170673,0.000386073,0.000178942,0.000190927,0.000165948,0.000276993,0.000215059,0.000292507,0.000191808,0.000253439,0.000350807,0.000267759,0.000149473,0.000348337,0.000118525,0.000207622,0.00027051,0.000189469,0.000197514,0.000181847,0.000212416,0.000325721,0.000216904,0.000239117,0.000230337,0.000138815,0.000171469,0.000214613,0.000144665,0.000263314,0.000329325,0.000239793,0.000157511,0.000164528,0.000183706,0.000282456,0.000198922,0.000151971,0.000417597,0.000176886,0.000177932,0.000198534,0.000159397,0.000309481,0.000159164,0.000139558,0.000107439,0.000148937,0.000211152,0.000207304,0.000250729,0.000235594,0.00011105,0.0001771,0.000190955,0.00022233,0.000118051,0.000238454,0.000180059,0.00021546,0.00029903,0.000183936,0.000253585,0.000255028,0.000175615,0.000289957,0.000235631,0.000223902,0.000188294,0.000255507,0.000211552,0.000264829,0.000202598,0.000233329,0.00018999,0.000189718,0.000570612,0.00021654,0.000193463,0.000246892,0.000561383,0.000191476,0.000403514,0.000200942,0.000281696,0.000314052,0.000228708,0.000207495,0.000242077,0.000135142,0.000258563,0.000207367,0.000231787
"PWY-6708: ubiquinol-8 biosynthesis (early decarboxylation)",0,0,0,0,0,0,0,0,0,0,0,0,0,0,0,0,0,0,0,3.11218e-06,0,0,0,0,0,0,4.21068e-06,3.97686e-06,0,4.80434e-05,0,0,0,0,0,0,2.59474e-06,0,0,0,9.03297e-06,0,0,7.76576e-06,2.79109e-06,0,0,0,0,0,0,0,2.35467e-05,0,0,6.08642e-05,2.23975e-06,0,0,5.95492e-06,1.35587e-06,0,9.80643e-06,0,3.10181e-06,1.44765e-05,0,0,3.5429e-07,0,1.72872e-07,0,1.49233e-05,2.24893e-07,0,1.54017e-05,0,0,3.11989e-06,0,0,0,0,0,0,1.78733e-06,0,0,0,0,2.7604e-05,0,0,0,0,2.50943e-06,0,0,0,6.39361e-06,0,0,0,0,0,0,0,0,4.55004e-06,0,0,3.40128e-06,0,4.87658e-07,0,0,0,0,0,3.09679e-06,0,0,0,0,0,0,2.04884e-05,0,0,0,0,0,0,6.20827e-05,4.36335e-07,0,0,0,0,0,4.3062e-06,0,1.83023e-06,0,0,0,1.20853e-06,0,0,0,0,0,0,6.84401e-07,0,0
"PWY-6731: starch degradation III",0.000181007,0.000180586,0.000134928,0.000114745,0.000185069,0.000250022,0.000296675,0.00033166,0.000191538,0.000187806,0.000146994,0.000139464,1.36329e-05,0.000187556,0.000197093,0.000122152,0.000205547,0.00031242,0.000134039,5.43605e-05,0.00011365,0.000220579,0.000186326,7.73445e-05,9.39992e-05,0.000138704,0.00037634,0.000134389,0.000247171,5.27051e-05,0.000243969,0.000250946,0.000467554,0.000278697,0.000188451,0.000123298,0.000132595,0.000146065,0.000110364,8.91715e-05,0.000119503,0.000142645,0.000106917,0.000227193,0.000284876,0.000245055,8.46276e-05,0.000152818,0.000175285,0.000187116,0.000155842,9.62961e-05,0.000250337,4.77439e-05,0.000141514,0.000118769,0.000414702,0.000284102,7.28926e-05,0.000191251,0.000146561,0.000244456,0.000104608,0.000288139,8.23557e-05,6.82868e-05,0.000129764,0.000229329,0.000164918,0.00010054,0.0001573,0.000171773,0.000144216,0.000175344,0.000107058,0.000176565,0.000164693,4e-05,0.000199461,0.000190202,0.000141319,0.000147637,0.000340691,0.000413456,3.835e-05,0.000182397,0.000200128,9.36244e-05,0.000112613,0.0002158,0.00015641,0.000159108,0.000172245,0.000324157,0.000266105,0.000110915,0.000132702,0.000333795,0.000300675,0.00010104,0.00011151,9.55337e-05,0.000216018,0.00023334,0.000193372,4.81438e-05,0.000104346,0.000269473,0.000142552,0.000101355,0.000145403,0.000233876,0.000202852,9.51242e-05,0.000214049,0.000124734,0.00025762,0.000247159,0.000179777,0.00011996,0.000168162,7.70385e-05,9.84345e-05,0.000208194,0.000243245,6.43253e-05,0.000231971,0.000411979,0.000113725,0.000195932,9.4744e-05,8.33953e-05,4.52147e-05,9.30465e-05,0.000140207,5.84282e-05,0.000237431,0.000165846,3.42764e-05,9.80367e-05,0.000110081,9.23265e-05,0.00018977,3.77916e-05,0.000122732,0.000245651,0.000119337,0.000137177,0.000152763,0.000191132,9.39973e-05,0.00010928,0.000100504,0.000197898,0.000167481,0.000163925
"PWY-6748: nitrate reduction VII (denitrification)",0,0,0,0,0,0,0,0,0,0,0,0,0,0,0,0,0,0,0,0,0,0,0,0,0,0,0,0,0,0,0,0,0,0,0,0,0,0,0,0,0,0,0,0,0,0,0,0,0,0,0,0,0,0,0,0,0,0,0,0,0,0,0,0,0,0,0,0,0,0,0,0,0,0,0,0,0,0,0,0,0,0,0,0,0,0,0,0,0,0,0,0,0,0,0,0,0,0,0,0,0,0,0,0,0,0,0,0,0,0,0,0,0,0,0,0,0,0,0,0,0,0,0,0,0,0,0,0,0,0,0,0,0,0,0,0,0,0,0,0,0,0,0,0,0,0,0,0,0,0,0,0,0,0,0,0
"PWY-6749: CMP-legionaminate biosynthesis I",0,5.14251e-06,5.4718e-07,1.96744e-06,0,1.54327e-06,0,1.34799e-05,0,0,2.8689e-06,0,1.93587e-06,0,0,1.44334e-06,0,0,0,4.26852e-05,0,3.04154e-06,0,7.567e-07,2.45876e-06,0,4.35309e-06,6.55071e-06,5.94741e-06,0,0,0,0,0,0,9.95352e-07,2.75061e-06,0,1.14128e-06,0,0,0,0,0,4.77711e-06,1.17945e-06,0,0,1.09928e-06,1.12164e-06,0,0,0,0,0,0,6.4974e-06,0,0,0,1.854e-06,0,1.39954e-05,0,6.71328e-07,1.65468e-06,0,0,1.8287e-06,1.36062e-05,6.78355e-07,0,5.16477e-06,0,9.34858e-07,0,2.53726e-05,3.34929e-06,2.19216e-06,0,0,2.7068e-05,0,0,0,6.87115e-07,0,8.10759e-07,0,0,9.15309e-07,9.29793e-07,0,1.07931e-05,0,1.58065e-06,0,0,1.0259e-06,3.71527e-06,6.05139e-06,1.6479e-05,0,0,0,6.56551e-07,0,0,0,0,0,0,0,2.60038e-06,0,0,0,0,2.57609e-06,0,2.51408e-06,0,0,0,1.94424e-05,0,8.9654e-06,0,1.66971e-06,0,8.69866e-07,0,6.26094e-07,0.000170237,1.79222e-06,0,0,1.58829e-06,0,1.91661e-06,5.32582e-06,0,7.90366e-07,3.33825e-05,2.35504e-06,7.77217e-07,1.53185e-06,2.18382e-06,1.8252e-05,2.81996e-06,7.93197e-06,3.06807e-06,2.5439e-06,6.83533e-06,6.39139e-06,4.17122e-06
"PWY-6763: salicortin biosynthesis",0,0,0,0,0,0,0,0,0,0,0,0,0,0,0,0,0,0,0,0,0,0,0,0,0,0,1.60911e-05,3.69424e-05,0,5.17589e-06,9.87037e-07,0,0,0,0,0,5.79334e-07,0,4.74833e-05,1.63029e-06,0,0,0,0,0,0,0,0,0,0,0,0,1.01651e-06,0,0,0,0,0,0,0,0,0,0,0,0,9.94576e-07,0,0,0,0,0,0,0,0,0,0,0,0,0,0,0,0,0,0,0,0,0,0,0,0,0,0,0,0,0,0,0,0,0,0,8.10516e-07,0,0,0,0,0,0,0,1.6144e-07,0,0,0,0,0,0,0,3.15935e-05,0,0,0,0,0,0,0,2.69865e-06,0,0,0,0,0,0,8.91832e-07,0,3.57273e-06,0,1.98866e-06,0,0,0,0,2.78902e-06,0,0,0,0,0,0,0,0,0,0,0,0,0,0,0
"PWY-6797: 6-hydroxymethyl-dihydropterin diphosphate biosynthesis II (Methanocaldococcus)",0,0,0,0,0,0,0,0,0,0,0,0,0,0,0,0,0,0,0,0,0,0,0,0,0,0,0,4.46425e-06,0,0,0,0,0,0,0,0,0,0,0,0,0,0,0,0,0,0,0,9.40436e-07,0,7.51576e-07,2.83697e-06,2.32144e-06,0,0,0,0,0,0,0,0,0,0,0,0,0,0,0,0,0,0,0,0,5.42882e-07,0,0,0,0,0,0,0,0,0,0,0,0,0,0,0,0,0,0,0,0,0,5.66628e-05,0,0,0,0,0,0,0,0,0,0,0,0,0,0,0,0,0,0,0,0,0,0,0,0,0,0,0,0,0,0,0,0,0,0,0,0,0,0,0,0,0,0,0,0,0,0,0,0,1.82546e-06,0,0,0,0,0,0,0,0,0,0,0,0
"PWY-6803: phosphatidylcholine acyl editing",0,0,0,0,0,2.84636e-06,1.82356e-05,0,0.000331241,0,2.12055e-06,0.000149289,7.38711e-06,0,0,1.03486e-06,0,0,1.28802e-06,2.93474e-05,3.54997e-06,6.82779e-06,2.61109e-06,0,2.2885e-06,0,7.53805e-05,5.87183e-05,2.40582e-06,0.000319366,7.24999e-07,3.5516e-06,0,2.06594e-06,0,3.61378e-05,0.000153666,8.49301e-07,0.000148919,1.08576e-05,4.511e-05,2.00082e-06,1.10183e-06,0.000252893,1.89046e-05,0,4.97427e-06,0,4.55108e-06,3.59574e-06,0,6.4623e-06,0.000232717,0,8.79616e-05,0.000227858,1.15493e-05,0.00018041,1.80665e-05,3.5554e-05,8.53299e-06,1.37208e-06,5.04479e-05,1.27218e-06,1.34525e-05,0.000110645,4.4657e-06,0,4.50357e-06,0,1.99109e-06,0,0.000180296,5.33415e-06,0,0.000309021,2.1255e-05,1.05985e-06,0.000111455,0,4.00075e-06,0,0,0,0,1.22675e-05,0,2.27345e-06,0,0,0.000282112,1.64975e-06,0,1.0046e-05,4.11614e-06,5.56507e-05,1.85617e-06,0,0,3.17528e-05,3.6049e-06,0,2.14079e-05,0,1.25018e-06,0,2.56253e-06,0.000153891,0.000116982,2.84321e-06,8.20951e-07,5.7453e-05,0,1.46357e-05,0,0,9.06383e-05,0,0,6.4539e-05,0,5.51517e-06,1.03224e-06,0,2.78432e-05,2.38692e-06,0.000129728,0.000287607,1.81239e-06,1.57678e-05,0,1.51499e-05,0,0.000242207,6.37018e-06,0.000140796,1.07784e-05,7.21396e-05,1.54993e-06,0,8.06003e-05,0,2.34354e-05,0,3.6545e-06,1.07934e-06,6.50056e-05,1.25796e-06,1.40689e-06,1.03598e-06,0,1.53793e-06,6.6914e-06,6.62744e-06,0,2.19698e-05
"PWY-6807: xyloglucan degradation II (exoglucanase)",5.81444e-06,0,0,0,0,0,0,0,5.05627e-07,0,0,0,0,0,0,0,0,0,1.77034e-06,0,2.71508e-06,0,0,0,0,1.00298e-06,4.93053e-06,0,0,3.03622e-07,0,7.5811e-07,0,0,0,0,0,0,0,0,2.20504e-06,0,0,0,0,0,0,0,2.69299e-06,0,0,0,0,0,0,0,0,0,0,0,0,0,0,0,0,6.90036e-07,1.78546e-06,0,4.93327e-06,0,3.41739e-06,1.75161e-06,5.22791e-06,2.64779e-05,4.33518e-06,0,6.76457e-05,0,2.6651e-05,0,0,0,0,0,7.28736e-07,0,0,0,4.74706e-06,0,0,0,0,0,0,0,2.30709e-05,0,0,5.27214e-06,0,2.24987e-06,0,0,0,0,0,0,0,9.76308e-06,0,3.55151e-06,0,0,0,7.21425e-07,0,0,2.27518e-06,5.44669e-07,6.57592e-06,0,0,6.5108e-06,0,0,0,0,2.02807e-06,3.59316e-06,0,0,2.71589e-06,0,0,0,0,0,0,6.95182e-06,0,1.45225e-05,6.48773e-06,0,3.50275e-05,3.57284e-05,0,0,0,2.52173e-06,0,8.41389e-06,0,0,0,1.12086e-05
"PWY-6823: molybdopterin biosynthesis",0.000326611,0.000269537,0.000295214,0.000184798,0.00049129,0.000507614,0.000478677,0.000601816,0.000251674,0.000456159,0.000304843,0.000210052,0.000217437,0.000425073,0.000562731,0.000366607,0.000480408,0.000446976,0.000459163,0.000140209,0.000285436,0.000509179,0.000164461,0.000219015,0.00025423,0.000438305,0.000639722,0.000123853,0.000403531,0.000181876,0.000525091,0.000531011,0.000683384,0.000482907,0.000495454,0.000190316,0.000194778,0.000584644,0.000194538,0.000172352,0.00021853,0.00032031,0.000282221,0.00027869,0.000454554,0.000397717,0.000213701,0.000308415,0.00034553,0.000294423,0.000326125,0.000207855,0.000279448,0.000287129,0.00022419,0.000200632,0.000617649,0.000310945,0.000585159,0.000315673,0.000274461,0.000509575,0.000245007,0.000446245,0.000192785,0.000134725,0.000427803,0.000412175,0.000246354,0.000161972,0.000135542,0.000333169,0.000121544,0.000175991,0.000228763,0.000152649,0.000120882,0.000112896,0.000108179,0.000593509,0.000329728,0.000253747,0.000489472,0.000683039,0.000196688,0.000200065,0.000479134,0.000223291,0.000300021,0.000360213,0.000222779,0.000281551,0.000402216,0.000577653,0.000521731,0.000169919,0.000330107,0.000495368,0.000463244,0.000180614,0.00029173,0.000358443,0.000670706,0.000391765,0.000355987,0.000265605,0.000457234,0.000295206,0.000289029,0.000171873,0.000426534,0.000432027,0.000407003,0.000226533,0.000244075,0.000427492,0.000397871,0.000467126,0.000378807,0.000186779,0.000346443,0.000220707,0.000234738,0.000333915,0.00025426,0.000254986,0.000204945,0.000171336,0.000201677,0.000263003,0.000164584,0.000371846,8.98848e-05,0.000156158,0.00031158,0.000228645,0.000430353,0.000105582,0.00011017,7.13656e-05,0.000227436,0.000185629,0.000308836,4.07035e-05,0.00023601,0.000148871,0.000271365,0.000179313,0.000131758,0.000377199,0.000237825,0.00013437,0.000261782,0.000414409,0.00024365,0.000155332
"PWY-6837: fatty acid &beta;-oxidation V (unsaturated, odd number, di-isomerase-dependent)",0,0,0,0,0,0,0,0,0,0,0,0,0,0,0,0,0,0,0,0,0,0,0,0,0,0,0,0,0,0,0,0,0,0,0,0,0,0,0,0,0,0,0,0,0,0,0,0,0,0,0,0,0,0,0,0,0,0,0,0,0,0,0,0,0,0,0,0,0,0,0,0,0,0,0,0,0,0,0,0,0,0,0,0,0,0,0,0,0,0,0,0,0,0,0,0,0,0,0,0,0,0,0,0,0,0,0,0,5.83804e-07,0,0,0,0,0,0,0,0,0,0,0,0,0,0,0,0,0,0,0,0,0,0,0,0,0,0,0,0,0,0,0,0,0,0,0,0,0,0,0,0,0,0,0,0,0,0,0
"PWY-6859: all-trans-farnesol biosynthesis",3.59296e-05,6.83293e-06,7.87238e-06,1.92295e-05,9.92341e-06,6.56063e-06,5.02059e-06,1.54079e-05,3.29082e-05,1.59253e-06,1.56208e-05,1.69122e-05,8.25124e-06,6.65384e-06,1.49636e-05,1.42723e-05,0,3.69552e-06,1.1508e-06,6.0999e-05,7.54048e-06,1.41535e-05,2.95134e-07,2.07961e-05,2.72163e-05,2.40064e-05,5.36538e-05,4.67872e-05,2.06017e-05,6.08459e-05,1.66525e-05,3.31568e-05,8.89736e-06,3.0553e-06,0,2.28171e-05,9.34892e-05,1.23921e-05,0.000119821,3.75588e-06,2.87282e-05,1.62257e-06,1.50483e-05,1.19774e-05,1.84881e-05,2.89783e-06,1.49332e-05,2.57385e-05,4.60004e-06,3.24046e-05,2.16844e-05,6.42449e-05,4.12325e-05,7.56081e-06,9.73496e-06,7.26083e-05,2.9634e-05,3.07283e-05,3.17696e-05,1.05026e-05,1.82609e-05,3.75698e-06,2.60634e-05,8.2912e-06,2.32839e-05,3.61895e-05,7.93241e-06,2.78258e-06,1.21667e-05,2.47412e-05,6.52578e-05,1.84467e-05,7.65222e-05,7.08168e-05,6.01485e-05,4.47759e-05,9.96559e-05,1.40693e-05,7.18246e-05,0,2.27511e-06,7.65419e-05,0,0,3.46244e-06,4.75189e-05,4.90088e-06,8.79466e-06,4.17814e-06,5.34366e-06,4.31334e-05,2.43485e-05,2.70114e-06,2.2296e-05,2.62703e-05,2.78389e-05,5.98777e-06,6.14078e-06,2.33361e-06,3.09993e-05,1.2424e-05,0,9.00978e-06,5.90671e-06,6.27229e-06,9.0342e-06,1.12435e-05,1.27606e-05,6.34478e-06,2.06969e-05,8.96625e-06,2.50216e-05,4.24849e-06,1.9453e-05,0,2.18202e-06,2.72205e-05,0,4.71226e-06,1.16532e-05,6.29575e-06,6.38523e-06,2.18845e-05,2.14647e-05,9.63904e-05,2.34451e-05,2.84127e-05,3.01945e-05,4.94698e-05,1.70877e-05,1.75312e-05,7.77942e-06,1.85061e-05,0.000118091,7.06571e-05,7.78988e-05,9.63666e-06,3.62837e-05,1.9891e-05,6.06549e-05,1.99651e-05,3.83256e-05,1.82859e-05,6.15648e-05,8.92755e-05,0.000149964,2.30758e-05,2.18677e-05,3.55277e-05,1.45954e-05,5.0245e-05,2.8413e-05,2.24471e-05,3.32709e-05,2.04016e-05,1.86836e-05
"PWY-6876: isopropanol biosynthesis (engineered)",0,0,0,8.15224e-07,0,1.13606e-05,0,4.70507e-06,0,0,9.69719e-07,0,1.31557e-06,0,0,1.43047e-06,0,0,4.94406e-06,4.42617e-06,1.14141e-06,0,1.69612e-06,0,3.08637e-06,0,0,0,0,0,0,0,0,6.72532e-07,0,0,0,0,7.3529e-06,0,2.28291e-06,2.84238e-06,1.85386e-05,0,0,0,0,0,0,0,8.51702e-06,2.51107e-05,0,1.70326e-06,8.05208e-07,6.17394e-07,0,0,2.59681e-06,0,2.37832e-06,0,1.08871e-06,0,0,0,0,0,0,2.57744e-06,0,1.27628e-06,3.10712e-06,2.60841e-06,0,0,4.33168e-06,0,0,0,0,0,0,0,5.37608e-06,0,0,1.06359e-06,0,0,0,0,7.27e-06,1.58548e-06,2.69993e-05,1.79665e-06,0,0,0,1.72719e-06,0,0,0,0,0,2.28835e-06,0,0,0,0,0,0,9.89467e-07,1.42146e-06,2.82334e-06,0,6.6703e-07,1.18246e-06,0,0,6.2341e-07,1.19437e-06,1.18182e-06,0,1.96444e-06,1.62528e-06,4.18826e-06,0,3.72862e-07,1.73976e-06,8.29233e-07,0,0,3.10259e-07,6.52801e-07,3.45343e-06,2.88016e-06,0,0,0,4.96902e-07,0,0,0,0,0,3.84841e-06,1.20851e-06,1.41311e-06,3.47995e-06,0,0,0,0,0,1.49443e-06
"PWY-6895: superpathway of thiamine diphosphate biosynthesis II",8.21859e-05,7.18677e-05,0.000101064,0.000100636,1.71767e-05,9.03865e-06,1.94708e-05,1.47839e-05,0.000247284,3.76974e-05,5.83875e-05,0.000192843,3.93114e-05,1.66438e-05,6.22823e-06,7.78484e-05,1.23395e-05,2.48361e-05,5.80874e-05,8.55827e-05,0.000103105,8.49245e-05,6.84432e-05,4.96457e-05,8.40627e-05,7.24571e-05,9.20489e-05,0.000133252,0.000129901,0.000256498,5.69632e-05,5.08988e-05,0,2.38851e-05,0.000112411,0.00010526,0.000192277,5.64247e-05,0.000216575,6.93907e-05,0.000134503,1.92182e-05,4.68142e-05,0.000234594,5.02664e-05,5.9112e-05,0.000112668,5.24865e-05,2.82899e-05,1.31261e-05,2.98907e-05,4.29403e-05,0.000206461,0,0.000122425,0.000242232,1.64619e-05,0.000171713,4.22627e-05,0.000123638,7.64306e-05,1.16945e-05,0.000157448,1.27277e-05,0.000130456,0.000215156,9.31833e-06,2.15114e-05,6.59918e-05,4.2674e-05,4.8978e-05,8.76566e-05,0.00026119,0.000106586,6.55062e-05,0.000237035,0.00014056,5.91633e-05,0.000209536,4.89635e-06,3.93002e-05,9.21028e-05,6.70145e-06,6.18081e-06,9.94322e-05,5.5192e-05,2.7087e-05,8.00324e-05,7.98259e-05,1.21806e-05,0.000255428,2.18664e-05,3.60637e-05,2.32908e-05,2.76778e-05,0.00010198,8.39043e-05,2.56917e-05,5.14154e-05,0.000143818,6.62061e-05,0,2.9151e-05,7.35388e-05,4.58916e-05,1.51301e-05,6.49929e-05,0.000198837,8.34266e-05,5.46298e-05,5.07569e-06,0.000196715,8.15861e-05,8.04648e-05,8.04545e-05,3.33517e-05,8.53727e-05,1.46447e-05,4.47044e-05,0.000118818,3.7811e-05,5.82691e-05,3.87187e-05,0.000152733,0.000160047,7.84734e-05,0.000227602,0.000254677,4.14449e-05,0.00011742,0.000190536,6.48274e-05,3.01581e-05,0.000191899,0.000171194,0.00014981,8.46759e-05,0.000128275,0.000165484,5.98633e-06,0.000131842,6.91684e-05,0.000125193,0,9.14116e-05,3.48815e-05,0.000114802,7.70162e-05,1.9692e-05,6.03506e-05,3.97188e-05,6.02686e-05,0.000141966,0.000101767,4.84501e-05,6.19607e-05
"PWY-6897: thiamine diphosphate salvage II",0.000290269,0.000213222,0.000244065,0.000284014,0.000266689,0.000311743,0.000322297,0.000147441,0.000246998,0.00024907,0.000243928,0.000241205,0.000132796,0.000271172,0.000401737,0.000228302,0.000212784,0.000148089,0.000278802,0.000136678,0.000124909,0.00038017,0.000227589,0.000169555,0.000241181,0.000319364,0.000167636,0.000237318,0.000437409,0.000252493,0.000406901,0.000307333,0.000149931,0.000266414,0.000193048,0.000264201,0.000227706,0.000335587,0.000276866,0.000148167,0.00018734,0.000251775,0.000229162,0.000245955,0.000169966,0.000302029,0.000160715,0.000226641,0.000174594,0.000266209,0.000231927,0.000240459,0.00020304,0.000216228,0.000228986,0.000239476,8.7685e-05,0.000270342,0.000295808,0.000245912,0.000265415,0.000292953,0.000228354,0.000144321,0.000269843,0.000232871,0.000194889,0.000139295,0.00019071,0.000220406,0.000292141,0.000315321,0.000253886,0.000305953,0.000270038,0.000232694,0.000318711,0.000103695,0.000255561,0.000305696,0.000330075,0.000244063,0.000271874,0.000142538,0.00022671,0.000224636,0.000266516,0.000204264,0.000252252,0.000252885,0.000250426,0.000278012,0.000327996,0.000270637,0.000347272,0.00010731,0.000308918,0.000249384,0.000161272,0.000234057,0.000343344,0.000203536,0.000193179,0.000257625,0.000209141,0.000148033,0.000194542,0.000217507,0.000199872,0.000135877,0.000228341,0.000342771,0.000195318,0.000253784,0.000308257,0.000397707,0.000170529,0.000208047,0.000275047,0.000157128,0.000281027,0.000211956,0.000248922,0.000305342,0.000247054,0.000248356,0.000240977,0.000236356,0.000244794,0.000201278,0.000235674,0.000301892,0.000390751,0.000180404,0.000305983,0.00021549,0.000212133,0.000231311,0.000356788,0.000267727,0.000233617,0.000188275,0.00028369,0.000195534,0.000277253,0.000318079,0.000191865,0.00029537,0.000268253,0.000135878,0.000225456,0.000280974,0.000226995,0.000381661,0.000240225,0.0002362
"PWY-6901: superpathway of glucose and xylose degradation",0.00019415,0.000190301,0.000156875,0.000103753,0.000170998,0.000257896,0.000260204,0.000290269,0.000385237,4.63264e-05,0.000105237,0.000273913,8.16446e-05,0.000120642,5.89008e-05,0.000175782,0.000168837,0.000168325,0.000126608,0.000216231,7.20951e-05,7.13782e-05,9.6615e-05,0.000114297,0.000125234,0.000262405,0.000245583,0.000391915,0.000160813,0.000365988,0.000163981,0.000150445,8.86171e-05,0.000157456,2.9516e-05,0.000218073,0.000267197,0.000132908,0.000380072,0.000114959,0.000201472,0.000161859,9.76673e-05,0.000318859,0.000213508,0.000271667,8.41748e-05,0.000175912,9.27947e-05,0.000379272,0.000230691,0.000237252,0.000338522,7.43173e-05,0.000196051,0.000431557,6.89008e-05,0.000405786,9.20078e-05,0.000218943,0.000153229,4.1787e-05,0.000305282,9.35358e-05,0.000117319,0.000210793,0.000251941,0.000227795,0.000210305,0.000194862,0.00024228,0.000145694,0.000298902,0.000226071,0.000172242,0.000388309,0.000265546,0.000108535,0.000201154,0.000361161,0.000355451,0.00019346,6.54969e-05,7.71311e-06,0.0001004,0.000208688,0.000344418,0.000290866,0.000158125,0.000477073,0.000384094,0.000348856,8.15654e-05,0.000248955,0.000292735,0.000138186,8.07745e-05,4.88398e-05,7.78023e-05,0.000165202,0.000357481,9.68806e-05,7.1486e-05,0.000191027,9.37567e-05,0.000148286,0.00022118,0.00030473,0.000287191,9.21875e-05,0.000457363,0.000244751,0.000211396,0.000177494,0.000194207,0.000166465,0.000214151,0.000107299,0.000225145,0.000203692,0.000145864,0.000145799,0.000162891,0.000140822,0.000223421,0.000103137,0.000331752,0.000345931,0.000192007,0.000154444,0.000192543,9.57289e-05,6.84737e-05,0.000371116,0.000202221,0.00031945,0.000136727,0.000204581,6.49892e-05,0.000168521,0.000258821,0.00016408,0.000235319,0.000203411,0.000215744,0.000288549,0.000161866,0.000143544,0.000199344,0.000175392,0.000165153,0.0001543,0.000123233,0.000128345,0.000112,0.000189056
"PWY-6902: chitin degradation II (Vibrio)",3.72039e-05,8.54758e-05,1.28591e-05,3.7822e-05,7.47948e-05,4.84804e-05,2.96549e-05,3.44366e-05,0.000125697,4.20875e-05,8.02968e-05,7.95345e-05,2.65597e-05,2.29072e-05,6.34181e-05,4.34337e-05,3.03345e-05,3.67905e-05,4.9606e-05,0.000101663,1.33514e-05,6.89085e-05,0.000103277,7.55977e-05,3.26752e-05,4.68329e-05,5.79266e-05,0.000318524,0.000103147,1.82348e-05,3.70107e-05,2.03598e-05,0,7.56883e-05,3.39077e-05,5.66445e-05,0.000154591,3.14167e-05,0.000120352,1.94661e-05,6.60715e-05,9.68366e-06,9.36578e-06,0.000125715,2.17049e-05,5.80453e-05,2.29994e-05,1.0535e-05,1.72618e-05,5.0596e-06,3.79465e-05,1.55859e-05,0.000142568,1.05878e-05,6.10437e-05,8.46685e-05,7.117e-06,4.48906e-05,3.1879e-05,7.6359e-05,4.19703e-05,7.77658e-05,3.19446e-05,4.63041e-05,2.78913e-05,2.51359e-05,1.40115e-06,2.80785e-05,1.89218e-05,4.10566e-05,0.000117496,5.70988e-05,4.34019e-05,0.000132872,5.01577e-05,8.34602e-06,0.000123411,9.16864e-06,9.1063e-05,7.0559e-05,3.15923e-05,7.52881e-05,0.000118303,5.10532e-05,3.79836e-05,5.21238e-05,7.25641e-05,5.65095e-05,5.32683e-05,4.68459e-05,0.000109202,1.95555e-05,2.44483e-05,0.000135262,3.60886e-05,3.94281e-05,3.7447e-05,5.58297e-06,5.17853e-05,5.70437e-05,3.532e-05,5.01016e-05,4.43443e-06,9.40522e-05,1.63486e-05,2.70069e-05,8.78898e-05,0.00010321,2.70711e-05,3.50403e-05,0.00013862,5.99758e-05,3.5448e-05,6.53232e-05,0.00011155,8.2658e-05,8.97545e-05,1.01563e-05,4.12003e-05,0.000100767,0.000107968,3.79528e-05,3.60649e-05,3.40569e-05,0.000143153,0.00011014,5.1205e-05,0.000170387,0.000101868,3.03383e-05,6.10238e-05,0.000148929,2.20331e-05,0.000175855,9.117e-05,1.52661e-05,4.24849e-05,4.2982e-05,1.82996e-05,7.93744e-05,2.66526e-05,3.39177e-05,6.73263e-05,0.000389964,6.08348e-05,0.000120181,2.84304e-05,4.88231e-05,9.40372e-05,1.57554e-05,4.84908e-05,4.52817e-05,3.22887e-05,9.18179e-05,0.000150285,7.04842e-05
"PWY-6906: chitin derivatives degradation",2.49104e-05,1.80173e-05,3.76737e-06,8.72103e-06,0,0,0,2.38841e-05,0,9.07526e-06,1.03854e-05,1.12256e-05,5.06536e-06,4.35464e-06,1.69348e-06,0,0,3.33498e-06,1.67787e-06,2.49724e-05,0,9.43805e-06,1.19924e-05,1.2898e-05,1.61209e-05,3.71197e-06,1.24906e-05,5.12837e-05,1.35322e-05,3.6139e-06,1.0648e-05,1.69422e-05,0,0,0,4.05652e-05,1.29315e-06,1.25669e-05,5.633e-05,9.22588e-06,9.38999e-06,0,5.94996e-06,1.42492e-06,3.56015e-05,0,1.23393e-05,2.9162e-06,3.61976e-06,0,4.35283e-06,3.78695e-06,0,6.96469e-06,3.25931e-06,0,0,0,7.25656e-06,1.35005e-05,2.49879e-05,3.65754e-06,3.12619e-05,3.59773e-06,2.2816e-05,1.79093e-05,0,0,1.63241e-05,3.16779e-05,9.11134e-05,3.94195e-05,5.83392e-05,3.91956e-05,1.42862e-05,2.34834e-05,6.54188e-05,3.50897e-06,1.74098e-05,0,1.48587e-06,2.68523e-05,0,0,6.14249e-06,8.36498e-05,1.48077e-06,3.06342e-06,9.00772e-06,1.40758e-06,2.11431e-05,0,6.07228e-06,0,8.90556e-06,1.75715e-05,1.07484e-05,0,5.21937e-06,4.98969e-05,0,1.93825e-05,0,5.21014e-06,7.38587e-06,1.23746e-05,1.4363e-05,4.49636e-06,0,8.87851e-06,0,3.19374e-05,1.06202e-05,1.23599e-05,5.14472e-05,0,0,0,8.12107e-06,7.92231e-06,5.98169e-05,2.57211e-05,3.2636e-05,7.32771e-06,6.81979e-05,1.33142e-05,0,1.94211e-05,4.28944e-05,2.2876e-05,2.75021e-05,5.80321e-06,1.81428e-05,0,1.27017e-05,4.31096e-06,5.19924e-06,4.67333e-05,7.45313e-06,2.46319e-05,0,2.25909e-05,4.49096e-05,2.31515e-06,1.89332e-05,0.000143603,1.30756e-05,4.24005e-05,0.000125783,2.77905e-05,4.60246e-05,3.00836e-05,2.31673e-05,0,4.3125e-05,2.52526e-05
"PWY-6920: 6-gingerol analog biosynthesis (engineered)",0,0,0,0,1.46848e-06,0,0,4.42961e-05,0,0,0,0,0,0,0,0,0,0,0,0,0,0,0,0,0,0,0,0,0,0,2.50139e-06,0,0,0,0,0,0,0,0,0,0,0,0,0,0,0,0,0,0,0,3.96937e-06,0,0,0,0,0,0,0,0,0,0,0,0,0,0,5.99197e-07,0,0,0,0,0,0,0,0,0,0,0,0,0,1.22466e-06,0,9.30032e-07,0,0,0,0,0,4.94345e-06,0,0,0,2.14952e-06,6.76963e-07,0,0,0,2.38279e-06,0,2.62803e-06,0,0,0,0,1.03185e-05,0,9.71579e-06,0,0,0,0,0,0,0,0,0,0,0,0,3.35786e-06,0,0,0,0,0,0,0,0,0,0,1.26128e-06,9.24387e-06,1.5185e-06,0,0,0,0,0,0,0,0,0,0,3.6679e-06,0,0,0,0,0,0,0,5.22137e-07,6.64977e-07,0,0,0,3.01173e-06
"PWY-6922: L-N&delta;-acetylornithine biosynthesis",0,0,0,0,0,2.19675e-07,1.33822e-06,0,1.22732e-05,0,0,7.52612e-06,7.12253e-07,0,0,0,0,0,0,4.01766e-06,2.66331e-06,6.96239e-07,0,0,0,0,0,4.00814e-05,3.70047e-06,1.28794e-05,6.38499e-07,0,0,0,0,2.52953e-06,2.83344e-05,0,7.71388e-05,1.91067e-06,6.23109e-06,8.90714e-07,0,7.46213e-06,7.45956e-06,0,0,0,0,7.95854e-07,0,1.04267e-06,3.33898e-06,0,8.3956e-06,1.73862e-06,0,3.69381e-06,3.59314e-06,9.30154e-06,7.46648e-07,0,1.23739e-05,0,6.07478e-06,3.26235e-05,7.37256e-07,0,1.50307e-06,1.46103e-06,2.66152e-07,0,2.52141e-05,3.96703e-06,6.59297e-06,9.26111e-06,4.02426e-06,1.8287e-06,5.86981e-06,0,8.42867e-07,7.32443e-06,0,0,1.15432e-06,1.28321e-06,0,0,0,0,2.02504e-05,0,0,2.16227e-06,0,5.28383e-06,0,0,0,6.59219e-06,1.07934e-06,0,0,0,0,1.94564e-06,0,6.90968e-06,6.58406e-06,0,8.00613e-07,2.00462e-05,0,4.16127e-06,0,0,2.52667e-05,0,0,3.23466e-06,0,7.76301e-07,0,8.8277e-07,1.19617e-05,7.92574e-06,3.56703e-05,1.19534e-05,1.9573e-06,4.57971e-07,4.19108e-06,5.87306e-06,0,1.43653e-06,1.1049e-05,9.16352e-06,8.25037e-06,1.87107e-06,3.687e-07,1.84219e-06,8.78639e-06,1.43483e-06,5.79346e-06,0,6.89749e-06,2.06399e-06,1.09567e-06,6.31953e-06,8.27618e-06,2.41247e-06,0,3.09876e-06,5.08572e-06,0,1.72834e-06,8.29203e-07
"PWY-6936: seleno-amino acid biosynthesis (plants)",0.000473628,0.000410897,0.000407599,0.000395476,0.000382017,0.000333766,0.000383842,0.000396487,0.000437258,0.000395263,0.000408829,0.000377517,0.000121937,0.000397102,0.000552971,0.000210788,0.000631087,0.000407752,0.000374597,0.000119026,0.000294808,0.000442372,0.000174894,0.000312877,0.000244419,0.000376607,0.000428683,0.000288997,0.000458403,0.000396733,0.000504956,0.000549287,0.000441214,0.000348689,0.00071951,0.000375269,0.000310583,0.00041964,0.000361453,0.000256248,0.000314232,0.000391932,0.00025878,0.000428418,0.000301129,0.000412162,0.00024165,0.000440665,0.00027045,0.000480011,0.000354827,0.000458559,0.000383479,0.0001545,0.000426428,0.000387669,0.000620241,0.000388037,0.000763899,0.00036662,0.000448994,0.000417726,0.000293558,0.000347072,0.000303129,0.000278033,0.000430728,0.000431985,0.000218848,0.000372967,0.000193777,0.000375636,0.000274393,0.000135089,0.00021032,0.000413567,0.000207919,0.000188153,0.000163545,0.000462487,0.000481846,0.000201142,0.000447709,0.000304473,0.000208734,0.00032099,0.000484308,0.000356447,0.000276804,0.000529704,0.000412853,0.00037766,0.000375086,0.000373899,0.000516257,0.000194043,0.0002764,0.000265375,0.00042547,0.000192368,0.000419039,0.000683011,0.000256926,0.000338996,0.000366789,0.000303375,0.000377682,0.000344892,0.000370832,0.000169238,0.000550651,0.000328293,0.000401168,0.000372817,0.000194559,0.000346955,0.00037831,0.00035988,0.000249677,0.000205445,0.000263371,0.000173061,0.000258449,0.000439015,0.000246818,0.00017579,0.000323056,0.000377757,0.000285927,0.000297059,0.000222792,0.000507505,0.000197215,0.000272369,0.000196748,0.000400141,0.000293988,0.000135181,9.42883e-05,4.40829e-05,0.000240308,0.000390407,0.000305832,7.63573e-05,0.000271653,0.000155848,0.000312113,0.000152407,8.25033e-05,0.000225081,0.000282365,0.000145247,0.000244508,0.000387861,0.00021634,0.000159909
"PWY-6953: dTDP-3-acetamido-&alpha;-D-fucose biosynthesis",0,5.27215e-06,0,0,0,0,0,0,0,0,0,0,0,0,0,0,0,0,0,0,0,0,0,0,0,0,0,0,0,0,0,0,0,0,0,0,1.38912e-05,9.43828e-07,0,0,0,0,0,0,1.09787e-06,0,0,0,0,0,0,0,0,0,0,0,0,0,0,0,0,0,7.30614e-06,0,1.39992e-06,0,0,0,0,2.66081e-06,0,0,9.8527e-07,0,0,0,0,0,3.0016e-06,0,0,0,0,0,0,0,0,0,0,0,0,0,0,0,0,0,0,0,0,0,0,0,0,0,0,0,0,0,0,0,0,2.62908e-06,0,4.41162e-06,6.49835e-06,0,0,0,0,0,1.96853e-06,0,4.08957e-06,0,0,0,0,0,0,0,0,0,0,0,1.44051e-06,0,0,1.84443e-05,0,0,1.1205e-05,0,0,0,1.35613e-05,2.36745e-05,0,2.90124e-06,1.63515e-06,0,0,0,0,0,0,0
"PWY-6961: L-ascorbate degradation II (bacterial, aerobic)",2.23614e-06,4.21445e-07,0,1.67773e-06,2.17093e-06,7.0713e-07,4.27573e-06,8.53095e-06,0.000144858,0,4.39916e-06,6.51444e-05,5.56667e-06,0,4.48447e-06,0,7.69769e-07,0,0,6.34752e-05,2.90722e-06,5.01443e-06,4.31213e-06,0,1.3646e-06,2.23868e-06,8.04044e-05,7.3224e-05,1.13203e-06,0.000377297,4.79552e-06,4.03694e-06,0,1.0863e-06,1.62451e-06,9.36363e-06,9.62362e-05,4.36353e-06,5.25159e-05,3.91505e-06,4.31947e-05,5.09711e-06,0,0.000182264,2.1076e-05,4.99639e-06,5.56003e-06,2.3166e-06,5.61347e-06,9.03828e-06,7.40002e-06,7.29439e-06,0.000157239,0,4.69402e-05,0.000286402,2.23114e-05,0.000144485,2.53655e-05,3.16e-05,9.32001e-06,3.39072e-06,6.56959e-05,0,1.8265e-05,9.87553e-05,6.78686e-06,1.83082e-06,4.69673e-06,2.88811e-06,4.33172e-06,1.81115e-06,4.55046e-06,4.86553e-06,0,0.000195037,9.15405e-06,7.7779e-06,4.7042e-05,0,2.05141e-06,2.30115e-06,0,4.42539e-06,4.68571e-06,1.06343e-05,4.11996e-06,4.66754e-06,0,5.44432e-06,0.0002715,0,0,2.14754e-05,5.27046e-06,2.80667e-05,2.83675e-06,0,0,4.58679e-05,4.23809e-06,0,2.15175e-05,1.26533e-05,6.16216e-06,3.01603e-06,0,0.000115428,6.64255e-05,0,0,5.96407e-05,1.40713e-06,9.31188e-06,4.00249e-06,0,0.000102649,1.86305e-06,0,3.68764e-05,0,6.18144e-06,2.38706e-06,1.28774e-06,2.79211e-05,8.40632e-06,0.000148823,0.000164581,1.66776e-06,7.5238e-06,3.50812e-06,1.19827e-05,0,0.000297923,1.05875e-05,1.5911e-05,5.79229e-06,3.12546e-05,8.45826e-07,0,5.41802e-05,0,4.95327e-06,0,3.97139e-06,4.57888e-06,6.45957e-05,0,6.53538e-06,1.06601e-06,1.07258e-06,0,3.28971e-06,9.43473e-06,0,1.88369e-06
"PWY-6969: TCA cycle V (2-oxoglutarate synthase)",5.38997e-05,3.03297e-05,0.000104447,9.0406e-05,5.23338e-05,9.53487e-06,2.05559e-05,2.13499e-05,0.000202308,2.60707e-05,5.44897e-05,0.000106839,4.0634e-05,3.03138e-05,1.989e-05,4.61113e-05,2.82181e-05,5.87689e-05,7.49198e-05,9.37215e-05,4.19679e-05,4.55289e-05,8.40274e-05,5.03058e-05,6.21574e-05,7.46966e-05,9.45536e-05,0.000110906,0.000111261,0.000320472,4.60048e-05,3.12006e-05,2.91429e-05,2.69945e-05,8.3634e-05,0.00012684,0.000129733,3.98391e-05,0.000198325,7.51566e-05,0.000107547,4.49395e-05,3.7544e-05,0.000208954,5.44596e-05,2.83057e-05,3.87362e-05,8.22456e-05,3.3304e-05,2.50173e-05,5.40561e-05,9.32406e-05,0.000164149,6.85804e-05,7.98582e-05,0.000278211,1.33564e-05,0.000127257,5.45878e-05,8.00875e-05,7.94823e-05,2.16618e-05,0.00011156,2.14493e-05,6.90658e-05,0.000124698,7.55415e-06,4.17818e-05,0.000101198,0.000121937,0.000167448,8.17598e-05,0.000161842,8.26054e-05,0.000107062,0.000187464,6.93596e-05,4.63658e-05,0.000105761,6.5412e-05,3.9463e-05,8.10048e-05,3.13935e-05,1.30367e-05,0.000226834,7.79232e-05,8.20505e-05,9.9804e-05,5.93678e-05,1.85089e-05,0.000263148,8.58331e-05,3.07105e-05,2.1342e-05,3.35502e-05,7.69304e-05,4.24823e-05,5.21928e-05,6.79336e-05,9.54392e-05,5.65687e-05,8.06299e-05,2.21204e-06,7.35065e-05,7.37102e-05,2.56788e-05,7.20628e-05,0.00015139,8.8018e-05,3.89309e-05,2.09691e-05,8.65049e-05,5.73201e-05,8.53387e-05,6.16276e-05,5.92889e-05,0.00014275,4.39963e-05,7.10267e-05,6.97921e-05,0.000167894,7.357e-05,0.000123969,0.000156743,8.57544e-05,0.000120824,0.000162585,0.000261735,7.17816e-05,7.49828e-05,7.94444e-05,3.449e-05,3.77848e-05,0.000308493,7.57425e-05,1.98911e-05,4.778e-05,0.000135495,2.9509e-05,0.000101231,7.64558e-05,7.05866e-05,6.88862e-05,0,5.84074e-05,4.01146e-05,5.87331e-05,4.44684e-05,2.45607e-05,6.27116e-05,8.49022e-05,6.98894e-05,6.76667e-05,1.9591e-05,5.18454e-05,7.21186e-05
"PWY-6981: chitin biosynthesis",0,0,0,0,0,0,0,0,0,0,0,0,0,0,0,0,0,0,0,0,0,0,0,0,0,0,0,0,0,0,0,0,0,0,0,0,0,0,0,0,0,0,0,0,0,0,0,0,0,0,0,0,0,0,0,0,0,0,0,0,0,0,0,0,0,5.33862e-06,0,0,0,0,0,0,0,0,0,0,1.155e-06,0,0,0,0,0,0,0,0,0,0,0,0,0,0,0,0,0,0,0,0,0,0,0,0,0,0,0,0,0,0,0,0,0,0,0,0,0,0,0,0,0,0,0,0,0,0,0,0,0,0,0,0,0,0,0,0,0,0,0,0,0,0,0,0,0,0,0,0,0,0,0,0,0,0,0,0,0,0,0
"PWY-6992: 1,5-anhydrofructose degradation",0,0,1.23308e-06,3.34101e-06,0,0,7.79572e-07,0,3.87978e-05,0,5.28891e-07,1.3824e-05,0,0,0,0,0,0,0,0,0,0,0,0,0,0,0,0,0,2.03453e-05,0,0,0,0,1.47412e-06,2.67399e-06,2.48154e-05,0,0,1.98924e-06,0,1.01851e-06,9.24865e-07,3.62164e-05,4.72548e-07,0,0,0,1.04417e-06,0,0,0,1.52282e-05,0,1.39576e-05,0,0,1.07195e-05,5.67689e-07,4.51419e-07,2.43629e-07,0,5.63597e-07,0,3.94369e-07,1.01735e-05,0,0,3.4458e-07,0,1.27172e-05,2.00356e-06,1.81999e-05,6.09094e-06,0,1.70204e-05,3.59874e-06,0,5.25288e-06,0,0,1.30566e-06,0,0,0,1.09717e-06,0,0,0,0,1.02338e-05,0,0,0,1.29824e-06,1.99003e-06,0,0,0,7.3489e-07,6.77749e-06,0,6.82493e-07,0,0,0,0,2.11369e-05,8.63763e-06,0,0,2.923e-06,0,1.27195e-05,1.27898e-05,0,0,0,2.07036e-06,4.78271e-06,3.21713e-06,4.49669e-06,3.80964e-06,1.38871e-06,0,4.13515e-07,2.85074e-06,2.97822e-05,0,4.45062e-07,8.88098e-07,0,0,7.34357e-06,0,0,4.49363e-07,2.30991e-05,0,6.8055e-06,7.66216e-05,0,3.71555e-06,0,0,0,1.55143e-06,1.01443e-05,3.22986e-06,0,3.69251e-06,0,0,0,0,7.54629e-07
"PWY-7000: kanamycin biosynthesis",0,0,0,0,0,0,0,0,0,0,0,0,0,0,0,0,0,0,0,0,0,0,0,0,0,0,0,0,0,0,0,0,0,0,0,0,0,0,0,0,0,0,0,0,0,0,0,0,0,0,0,0,0,0,0,0,0,0,0,0,0,0,0,0,0,0,0,0,0,0,0,0,0,0,0,0,0,0,0,0,0,0,0,0,0,0,0,0,1.3121e-06,0,0,0,0,0,0,0,0,0,0,0,0,0,0,0,0,0,0,0,0,4.71863e-06,0,0,0,0,0,0,0,0,0,0,0,0,0,0,0,0,0,0,0,0,0,0,0,0,0,0,0,0,0,0,0,0,0,0,0,0,0,0,0,0,0,0,0,0,0,0
"PWY-7009: 2,2'-dihydroxybiphenyl degradation",0,0,0,0,0,0,0,0,0,0,0,0,0,0,0,0,0,0,0,0,0,0,0,0,0,0,0,0,0,0,0,0,0,0,0,0,0,0,0,0,0,0,0,0,0,0,0,0,0,0,0,0,0,0,0,0,0,0,0,0,0,0,0,0,0,0,0,0,0,0,0,0,6.86979e-07,0,0,0,0,0,0,0,0,0,0,0,0,0,0,0,0,0,0,0,0,0,0,0,0,0,0,0,0,0,0,0,0,0,0,7.25423e-07,0,0,0,0,0,0,0,0,0,0,0,0,0,0,0,0,0,0,0,0,0,0,0,0,0,0,0,0,0,0,0,0,0,0,0,0,0,0,0,0,0,0,0,0,0,0,0,0
"PWY-7013: (S)-propane-1,2-diol degradation",3.5581e-05,3.22365e-05,6.96874e-05,2.94812e-05,4.38465e-05,8.51955e-05,7.26501e-05,9.72197e-06,5.82158e-06,8.04979e-05,5.87309e-05,5.21453e-06,1.18187e-05,0.000116292,8.20184e-05,5.24837e-06,0.000205256,7.47007e-05,3.68153e-05,4.35247e-05,6.74227e-05,3.52139e-05,1.12972e-05,1.64816e-05,2.82999e-05,5.75785e-05,0.000209609,0.000256047,8.40575e-05,6.59511e-05,9.96557e-05,0.000203352,9.6855e-05,8.62374e-05,3.45682e-05,3.04329e-05,0.000163897,4.46207e-05,0.000379379,5.4911e-05,4.54685e-05,8.4827e-05,9.62155e-05,2.85383e-05,2.42936e-06,9.63956e-05,4.01828e-05,0.00012749,0.000117725,9.7301e-05,6.54328e-05,5.88806e-05,9.39495e-05,4.44989e-05,2.06273e-05,0.000362998,0,4.92778e-05,5.90414e-05,6.08137e-05,7.60057e-05,7.68689e-05,1.98743e-05,7.5693e-05,3.89026e-05,2.56834e-05,9.43843e-05,0.000106071,0.000121089,3.25165e-05,1.20734e-05,4.47143e-05,1.92756e-05,1.7842e-05,1.48381e-05,2.51829e-05,3.3144e-05,2.88199e-05,7.48925e-06,9.68173e-05,9.37843e-05,2.7638e-05,0.000132888,0.000189782,3.72489e-05,3.3875e-05,4.15352e-05,3.20537e-05,2.65107e-05,0.000117431,9.88019e-06,7.71391e-05,3.59456e-05,0.000183828,0.000187486,7.81754e-05,2.89562e-05,6.58417e-05,0.000125141,1.87621e-05,0.000100725,2.13836e-05,4.98217e-05,6.85218e-05,8.16448e-05,1.87724e-05,4.88257e-05,4.6873e-05,0.000129453,7.3684e-06,0.000121313,9.92926e-05,9.79734e-05,4.8622e-05,1.11982e-05,3.67772e-05,0.000282953,0.000146938,9.00442e-05,1.83545e-05,4.45452e-05,9.30262e-06,3.55203e-06,4.28667e-05,0.00010427,7.26618e-06,0.000161201,1.04702e-05,1.07349e-05,5.43833e-05,1.21262e-05,0.000142206,3.42832e-06,0.00020345,2.37501e-05,0.000283325,0.000133172,9.17463e-07,7.47705e-06,1.91218e-05,0.000114385,1.62365e-05,7.19242e-05,0,2.15244e-05,1.30313e-05,1.56988e-05,1.43102e-05,1.4087e-05,0.00010156,2.96005e-06,2.16643e-05,2.64729e-05,4.55704e-05,2.5823e-05,2.42774e-05
"PWY-702: L-methionine biosynthesis II",0.000228666,0.00017693,0.00018026,8.93122e-05,0.000105922,0.000106209,0.000162519,0.000200175,0.000307798,0.000140408,7.32537e-05,0.000172584,3.65754e-05,0.000176918,0.000222057,0.000104673,0.000158447,0.000251446,0.000112252,4.84371e-05,0.000104666,0.000161145,4.9937e-05,8.74492e-05,9.37077e-05,0.000162404,0.000192236,0.000358859,0.000162294,0.000352594,0.000234192,0.000222037,0.000122008,0.000132963,0.000271968,9.86237e-05,0.000161953,0.000216057,0.000165762,7.77131e-05,0.000137538,0.000142982,9.8969e-05,0.000272305,0.000144599,0.000201722,9.12906e-05,0.000253231,6.33943e-05,0.000279299,0.000160485,0.00021768,0.000212221,6.96968e-05,0.000166772,0.000345369,0.000228639,0.000271334,0.000266818,0.000196305,0.000126808,0.000107517,0.000185579,0.00015195,9.16887e-05,0.000164384,0.000232821,0.000150577,0.000155661,7.94461e-05,5.25723e-05,6.11259e-05,0.000208066,4.94446e-05,5.83983e-05,0.000279979,0.000106549,7.7434e-05,0.000111816,0.000202745,0.000159115,4.47282e-05,0.00016376,0.000121807,8.92577e-05,0.000143676,0.000237533,0.000289043,0.000119617,0.000465531,0.000279285,0.000165412,8.65131e-05,0.000162002,0.000293431,0.000100014,0.000123986,0.000154448,0.000181952,9.59843e-05,9.13582e-05,0.00032556,0.000103647,0.000183543,0.000136084,6.99468e-05,0.000156223,0.000241375,0.000200443,5.87742e-05,0.000329271,0.000157512,0.000228304,9.4584e-05,5.67386e-05,0.000174825,0.000192513,0.000147003,0.00013021,0.000102552,0.000106448,4.56905e-05,4.92666e-05,0.000109378,0.000115982,5.80504e-05,0.000165515,0.000261122,3.97769e-05,0.000110614,7.7771e-05,0.00017594,3.9444e-05,0.000255337,8.84561e-05,0.00029944,9.75725e-05,8.32648e-05,2.55557e-05,1.91167e-05,0.000118589,8.19328e-05,0.00011931,1.13812e-05,0.00012916,5.08568e-05,0.000140719,4.58787e-05,2.54358e-05,0.000132675,4.51264e-05,6.8344e-05,8.54407e-05,0.000164901,8.8152e-05,6.08588e-05
"PWY-7031: protein N-glycosylation (bacterial)",0,0,0,0,0,0,0,5.9412e-06,0,0,0,0,0,0,0,0,0,0,0,2.73678e-06,0,0,0,0,0,0,2.22587e-06,0,0,0,0,0,0,0,0,1.13378e-06,0,0,0,0,0,0,0,0,6.7596e-07,0,0,0,0,0,0,0,0,0,0,0,0,0,0,0,0,0,3.32091e-06,0,0,1.26936e-06,0,0,0,9.58828e-06,0,7.08031e-07,7.41608e-07,0,0,0,0,0,5.54069e-07,0,0,0,0,0,0,0,0,8.32183e-07,0,0,0,0,0,0,0,0,0,0,0,0,0,5.78206e-06,0,0,0,0,0,0,0,0,0,0,0,1.04849e-06,0,0,0,0,1.25482e-06,0,0,0,0,0,0,0,0,9.95998e-07,4.93324e-06,0,0,0,0,0,9.96368e-07,0,0,1.54492e-06,0,0,0,0,0,0,1.70636e-06,0,0,2.54266e-06,8.43968e-06,0,0,4.92844e-06,0,0,1.46549e-06,3.35257e-06
"PWY-7039: phosphatidate metabolism, as a signaling molecule",0,0,0,0,0,0,0,0,5.05198e-05,0,0,0,0,0,0,0,0,0,0,7.92773e-06,0,0,0,0,0,0,0,0,0,0,0,0,0,0,0,1.00443e-06,0,0,0,0,0,0,0,0,5.97606e-06,0,6.496e-07,0,0,0,0,0,6.67478e-05,0,0,0,4.5846e-06,0,0,0,0,0,0,0,0,1.73987e-06,0,0,0,0,0,0,0,0,0,0,0,0,0,0,0,0,0,0,0,0,0,0,0,0,0,0,0,0,0,2.07348e-06,0,0,0,0,0,0,5.3142e-07,0,0,0,0,0,4.33957e-07,0,0,0,0,4.22372e-07,0,0,0,0,0,1.97577e-05,0,0,0,0,0,0,3.64522e-05,0,0,0,0,0,0,0,0,0,0,0,0,0,0,0,0,0,0,0,0,0,0,0,0,0,0,0,0,0
"PWY-7090: UDP-2,3-diacetamido-2,3-dideoxy-&alpha;-D-mannuronate biosynthesis",0,0,0,0,0,0,0,0,0,0,0,0,0,0,0,0,0,0,0,0,0,0,0,0,0,0,0,0,0,0,0,0,0,0,0,0,0,0,0,0,0,0,0,0,0,0,0,0,0,0,0,0,0,0,0,0,0,0,0,0,0,0,0,0,0,0,0,0,0,0,0,0,0,0,0,0,0,0,0,0,0,0,0,0,0,0,0,0,0,0,0,0,0,0,0,0,0,0,0,0,0,0,0,0,0,0,0,0,0,0,0,0,0,0,0,0,0,0,0,0,0,0,0,0,0,0,0,0,0,0,0,0,0,0,0,0,0,0,0,0,0,0,0,0,0,0,0,0,0,0,0,0,0,0,0,0
"PWY-7094: fatty acid salvage",0,0,0,0,0,4.74703e-07,2.0702e-06,0,3.81237e-05,0,0,1.29317e-05,1.28064e-06,0,0,0,0,0,0,8.88061e-06,0,5.18447e-07,1.29206e-06,0,0,0,1.18994e-05,3.94348e-05,8.80353e-07,0.000123715,0,0,0,0,0,2.79653e-06,3.24004e-05,0,2.16876e-05,0,2.01974e-05,0,0,3.69904e-05,9.52033e-06,0,1.05725e-06,0,2.51706e-06,1.91264e-06,0,5.11097e-06,5.29101e-05,0,9.86304e-06,0.000188434,7.41375e-06,2.61454e-05,8.43847e-06,5.74381e-06,1.31023e-06,0,4.08724e-05,0,6.46019e-06,2.51541e-05,1.06351e-06,0,1.04817e-06,0,8.21718e-07,0,4.39559e-05,3.1646e-07,0,4.56387e-05,2.44443e-06,0,1.17331e-05,0,1.45225e-06,0,0,0,0,9.85568e-06,0,1.8335e-07,0,0,9.05611e-05,0,0,9.43215e-06,3.77911e-07,7.88741e-06,0,0,0,2.68266e-05,2.60839e-06,0,1.2221e-05,0,3.71518e-07,0,0,1.80015e-05,6.29766e-06,0,0,2.71244e-05,0,5.3682e-06,0,0,5.25197e-05,0,0,1.79179e-05,0,8.23698e-07,0,0,1.79283e-05,8.67626e-07,6.06163e-05,5.4042e-05,0,1.96097e-06,3.95199e-07,1.20364e-05,0,0.000171018,2.71598e-06,0.000133986,2.37122e-06,5.72938e-06,9.90022e-07,0,1.8847e-05,0,6.06016e-06,0,9.04189e-07,6.45444e-07,6.9488e-06,1.18986e-06,9.37623e-07,0,0,0,7.82235e-06,2.90185e-06,0,1.74185e-06
"PWY-7111: pyruvate fermentation to isobutanol (engineered)",0.000737398,0.000520482,0.000656843,0.000451218,0.000660072,0.000696812,0.000757757,0.000771581,0.000815552,0.000583312,0.00054242,0.000581733,0.000215384,0.000711512,0.000806292,0.000445821,0.000804756,0.000776263,0.000596683,0.000410595,0.000388657,0.00069556,0.000351332,0.000408127,0.00042658,0.000660572,0.000663652,0.000759584,0.000647452,0.000776375,0.000871727,0.000753816,0.000864738,0.00063507,0.000825636,0.000525793,0.000479877,0.00053056,0.000461279,0.000378027,0.000477164,0.000666303,0.000496085,0.000624859,0.000620354,0.000679321,0.000329011,0.000772659,0.000490883,0.000816516,0.000676323,0.000684673,0.000608474,0.000436165,0.000560899,0.000642278,0.000619422,0.000775423,0.000996854,0.00058426,0.00057642,0.000684372,0.000530678,0.000581661,0.000405608,0.000476876,0.000695399,0.000695501,0.000551004,0.000455747,0.00032294,0.000521635,0.000613284,0.000253477,0.000312566,0.000693703,0.000418253,0.000220352,0.000387993,0.000796536,0.0007482,0.000407952,0.000643227,0.000726351,0.000531602,0.000506408,0.000828501,0.000729836,0.000483071,0.0010153,0.000741522,0.000709283,0.000721543,0.000737176,0.000737754,0.000336972,0.000512949,0.000649006,0.000702349,0.000380461,0.000719626,0.000857732,0.000560496,0.000614656,0.000575558,0.000341857,0.00057243,0.000674822,0.000698335,0.000304279,0.000902184,0.000716103,0.000731258,0.000472342,0.000379346,0.000721879,0.000570179,0.000651741,0.000686341,0.000375138,0.000562603,0.000335804,0.000496409,0.000596535,0.000553671,0.000321644,0.000591183,0.000631704,0.000301844,0.00047597,0.000407447,0.000637749,0.000328742,0.000514575,0.000476956,0.000548733,0.00057628,0.000391868,0.000224168,0.000187529,0.000531236,0.000437132,0.000556748,0.000136252,0.000472416,0.000320378,0.000576328,0.000248251,0.000201616,0.000621014,0.000389835,0.000244192,0.000395867,0.000532903,0.000434808,0.000327295
"PWY-7115: C4 photosynthetic carbon assimilation cycle, NAD-ME type",2.89985e-05,3.01394e-05,9.71888e-05,3.56534e-05,6.60435e-05,9.6171e-05,8.76139e-05,3.72723e-05,0.000203062,4.09805e-05,1.60786e-05,0.000106616,3.31329e-05,9.28219e-05,7.36488e-05,6.37618e-05,7.91383e-05,7.42731e-05,7.5661e-05,4.4926e-05,2.73558e-05,3.12513e-05,2.97704e-05,4.57436e-05,3.96247e-05,0.000115075,5.73162e-05,0.00024609,7.74997e-05,0.000130356,0.000155716,2.0909e-05,5.42654e-05,7.9596e-05,2.23932e-05,8.85332e-05,9.82603e-05,0.000102934,0.000112645,6.23012e-05,7.67713e-05,6.64184e-05,5.42426e-05,0.000133678,7.05404e-06,7.14911e-05,3.27079e-05,9.88543e-05,5.20344e-05,0.000110489,9.10355e-05,0.000101192,0.000189509,3.26123e-05,8.3047e-05,0.000170363,2.78822e-05,0.00019782,3.25473e-05,6.161e-05,4.75806e-05,4.065e-05,0.00016586,2.01764e-05,3.73305e-05,7.56702e-05,0.000103252,0.000102846,8.76045e-05,7.18507e-05,5.66162e-05,3.50469e-05,0.000122867,2.86747e-05,2.7921e-05,0.000223829,2.67557e-05,2.96451e-05,5.60882e-05,0.000183653,0.000101525,1.73985e-05,4.18583e-05,3.26892e-05,7.31942e-05,7.21229e-05,0.00012636,0.000170123,8.86664e-05,0.000168059,0.000134065,0.000150096,6.07098e-05,0.00012703,6.04581e-05,3.67844e-05,4.53907e-05,5.17514e-05,5.18301e-06,6.20195e-05,0.000113425,1.65214e-05,7.67888e-05,8.30883e-05,1.85048e-05,3.76139e-05,9.71692e-05,0.000128602,0.000119538,2.9355e-05,8.28748e-05,0.000156185,0.000108878,6.56055e-05,2.06611e-05,8.01322e-05,0.000157869,5.84693e-05,9.05782e-05,4.64809e-05,1.57758e-05,6.50954e-05,5.03368e-05,4.86892e-05,3.69616e-05,2.31852e-05,0.000102487,0.000181158,2.61318e-05,5.85806e-05,4.39304e-05,7.75718e-05,2.43962e-05,0.000213616,6.91002e-05,0.000243504,8.39558e-05,4.10024e-05,7.55184e-06,1.23185e-05,4.87461e-05,3.55817e-05,0.000127001,3.19808e-05,2.91872e-05,2.04994e-05,4.64293e-05,1.8749e-05,4.34725e-06,5.16959e-05,4.17392e-05,4.43321e-05,6.31183e-05,4.67977e-05,1.97221e-05,7.13035e-05
"PWY-7117: C4 photosynthetic carbon assimilation cycle, PEPCK type",0.000139749,0.000122518,0.000109639,3.18507e-05,0.000114349,0.000222557,0.000212996,0.000197646,0.000375497,3.67595e-06,2.13738e-05,0.000193436,5.14012e-05,0.000113598,0.000106101,0.000105233,0.000121504,0.000156641,7.59646e-05,5.17794e-05,2.87953e-05,2.4198e-05,6.89507e-06,4.47202e-05,5.58479e-05,0.00016934,0.000171106,0.000468537,8.73016e-05,0.000370783,0.000182493,0.000124432,0.000156609,0.000111535,4.24582e-06,0.000126926,0.00017833,0.000119262,0.000311103,8.10078e-05,0.000130391,0.000133036,8.43718e-05,0.000295066,7.59853e-05,0.0002088,3.2632e-05,0.000188325,4.78457e-05,0.000444269,0.000165465,0.000207628,0.000291889,6.37654e-05,0.000142899,0.000286832,0.000111359,0.00039358,0.000118231,0.000170643,6.41276e-05,4.27527e-05,0.000199969,8.52468e-05,5.38769e-05,0.000162145,0.000187926,0.00015897,0.000134223,9.70948e-05,5.61616e-05,5.47002e-05,0.000257134,8.0957e-06,1.07407e-05,0.000354406,0.000101596,5.61764e-05,0.00013924,0.000258727,0.000283804,1.81425e-05,5.72394e-05,3.55701e-05,9.56812e-05,0.000140061,0.000296191,0.000318264,0.000122288,0.000509476,0.00035689,0.000310811,5.24686e-05,0.000215011,0.00015338,8.71076e-05,4.16883e-05,6.2329e-05,7.64495e-05,6.82032e-05,0.000285141,3.50896e-05,8.03378e-05,0.000138411,3.87238e-05,9.89983e-05,0.000122736,0.000261185,0.000210297,2.34334e-05,0.000405225,0.000181718,0.000222663,9.29887e-05,1.467e-05,0.00010748,0.000198358,0.000105814,0.000164109,9.44269e-05,3.26888e-05,7.69909e-05,5.70574e-05,9.43088e-05,7.28918e-05,2.49649e-05,0.000158867,0.000386357,2.14674e-05,7.72758e-05,0.00010543,9.41621e-05,3.28017e-05,0.000323606,7.08434e-05,0.000278907,2.68133e-05,9.43722e-05,6.81433e-06,1.82612e-05,9.36292e-05,0.000118486,0.000135951,6.29449e-05,7.46242e-05,3.79596e-05,7.15315e-05,2.17405e-05,1.15036e-05,7.58147e-05,2.36184e-05,4.56802e-05,6.21827e-05,9.20011e-05,2.2025e-05,0.000100922
"PWY-7118: chitin deacetylation",1.69571e-06,6.29554e-07,0,0,0,3.54106e-06,1.36161e-05,0,0.000177027,0,2.70711e-06,8.15298e-05,4.63171e-06,0,0,0,0,0,0,3.78998e-05,5.10595e-06,6.26359e-06,1.59347e-06,0,8.39353e-07,0,7.0307e-05,6.11965e-05,3.15623e-06,0.000361996,4.22786e-07,2.77414e-06,0,5.41204e-07,0,2.67496e-05,0.000101182,7.56782e-07,0.00012278,7.65564e-06,4.49951e-05,2.44437e-06,0,0.000238205,3.47638e-05,0,4.01607e-06,0,4.09726e-06,9.95938e-06,5.92038e-07,4.4654e-06,0.000192111,0,6.73801e-05,0.000233158,4.13378e-06,0.000134664,9.87801e-06,3.41186e-05,1.47919e-05,0,4.2576e-05,9.82183e-07,2.57313e-05,0.00012677,9.27164e-06,0,1.30201e-05,0,4.28797e-06,0,0.000146173,5.7255e-06,0,0.000189049,3.05755e-05,7.80082e-07,7.55789e-05,0,4.00426e-06,0,0,0,0,1.93662e-05,0,3.54184e-06,0,0,0.000292623,0,1.86507e-06,1.85886e-05,8.03087e-06,5.6793e-05,1.14184e-06,0,0,3.14705e-05,5.09907e-06,0,1.91447e-05,0,4.18207e-06,0,3.52465e-06,0.000146985,7.31849e-05,1.98188e-06,1.29368e-06,4.53687e-05,0,9.52841e-06,1.62449e-06,0,6.58382e-05,0,0,5.14488e-05,0,7.21147e-06,0,0,2.56873e-05,6.35987e-06,0.000110522,0.000356408,5.25155e-07,1.49591e-05,1.74811e-06,1.41878e-05,0,0.000305726,1.09955e-05,0.000105301,1.43762e-05,4.70543e-05,2.77246e-06,0,5.43612e-05,0,2.59101e-05,0,4.75108e-06,4.39186e-06,4.23276e-05,1.32293e-06,1.09898e-06,0,0,8.46974e-07,6.87017e-06,1.05152e-05,0,6.57278e-06
"PWY-7124: ethene biosynthesis V (engineered)",0,0,0,0,0,0,0,0,0,0,0,0,0,0,0,0,0,0,0,0,0,0,0,0,0,0,0,0,0,0,0,0,0,0,0,0,0,0,0,0,0,0,0,0,0,0,0,0,0,0,0,0,0,0,0,0,0,0,0,0,0,0,0,0,0,0,0,0,0,0,0,0,0,0,0,0,0,0,0,0,0,0,0,0,0,0,0,0,0,0,0,0,0,0,0,0,0,0,0,0,0,0,0,0,0,0,0,0,2.49184e-07,0,0,0,0,0,0,0,0,0,0,0,0,0,0,0,0,0,0,0,0,0,0,0,0,0,0,0,0,0,0,0,0,0,0,0,0,0,0,0,0,0,0,0,0,0,0,0
"PWY-7159: 3,8-divinyl-chlorophyllide a biosynthesis III (aerobic, light independent)",0,0,0,0,0,0,0,0,0,0,0,0,0,0,0,0,0,0,0,2.40652e-06,0,0,0,0,0,0,0,0,0,0,0,0,0,0,0,0,5.58322e-07,0,9.36145e-07,0,0,0,0,0,2.88148e-06,0,0,0,0,0,0,0,0,0,0,0,0,0,0,0,0,0,1.07036e-05,0,0,0,0,0,8.81916e-07,0,0,0,0,2.7404e-06,0,0,0,0,1.20176e-06,0,3.87396e-06,0,0,0,0,7.97939e-07,0,4.51712e-07,0,0,0,0,0,0,8.10219e-07,0,0,0,0,0,0,0,0,0,0,0,0,0,0,0,0,0,0,9.82817e-07,0,0,0,0,0,0,0,0,0,0,0,0,0,0,0,0,0,0,0,0,0,0,1.43352e-06,0,0,1.02226e-06,0,0,0,0,1.83064e-06,0,3.69196e-06,0,0,0,0,9.47271e-07,0,0,0,1.56918e-06
"PWY-7165: L-ascorbate biosynthesis VIII (engineered pathway)",0,0,0,0,0,0,0,0,0,0,0,0,0,0,0,0,0,0,0,0,0,0,0,0,0,0,2.49478e-05,5.42115e-05,0,3.05442e-05,0,3.09728e-07,0,0,0,0,0,0,2.5047e-06,0,0,0,0,0,0,0,0,0,0,0,0,0,0,0,0,0,0,0,0,0,0,0,9.80559e-06,0,0,3.85405e-06,0,0,0,0,0,0,0,0,0,0,0,0,0,0,0,0,0,0,0,2.99334e-06,0,0,0,0,0,0,0,0,0,3.34619e-06,0,0,0,0,0,0,0,0,0,0,0,0,4.51831e-06,0,0,0,0,0,0,0,6.93032e-05,0,0,0,0,0,0,0,7.25768e-06,0,0,0,0,0,0,0,0,0,0,0,0,0,0,0,1.3503e-05,0,0,0,0,0,0,0,0,0,0,0,0,0,0,0
"PWY-7184: pyrimidine deoxyribonucleotides de novo biosynthesis I",8.22099e-05,1.1206e-05,0,7.27744e-06,0,7.73485e-06,1.38459e-05,0,0.000207606,0,0,0.000134118,7.04297e-06,2.39796e-06,5.27449e-05,7.61101e-06,2.30505e-05,0,4.32948e-06,2.9572e-05,9.5904e-06,5.06045e-05,9.07308e-06,8.84448e-06,2.8711e-05,3.59578e-06,7.18693e-05,0.000112843,2.33615e-06,0.000209884,6.16671e-05,8.31964e-05,0,5.52569e-06,4.99559e-06,3.74114e-05,0.000160328,1.74782e-05,0.000152606,7.8349e-06,8.44493e-05,4.49818e-06,1.12047e-06,0.000212216,3.23669e-05,2.70136e-05,0,2.28911e-05,0,0.000106648,0.000114069,0.000182482,0.000169361,0,8.33991e-05,0.000232088,1.96322e-05,0.000162222,8.6713e-05,0.000112387,1.97067e-05,5.06489e-05,8.12301e-05,0,3.54769e-05,0.000112919,6.47303e-06,5.99428e-06,1.28642e-05,0,1.21198e-05,6.53643e-05,0.000156703,3.61458e-05,0,0.000205123,2.46069e-05,4.32069e-06,0.000119472,1.4234e-05,4.62055e-06,2.08323e-05,6.48762e-06,0,0,2.11638e-05,9.39742e-06,1.0203e-05,5.92175e-05,0,0.000184607,6.00589e-05,1.94343e-05,1.49882e-05,0.000124859,8.17842e-05,5.38429e-06,2.86771e-05,2.74782e-05,7.90798e-05,1.21724e-05,0,3.18721e-05,0,7.1503e-05,6.16152e-06,1.3145e-05,0.000170824,8.60496e-05,2.11011e-05,2.72909e-06,4.99689e-05,4.3358e-06,1.25979e-05,1.31291e-05,2.9402e-05,8.15351e-05,2.95538e-05,2.78717e-05,9.75555e-05,0,5.36656e-06,0,1.69156e-06,7.09428e-05,1.39628e-05,0.000117125,0.000214277,6.47176e-05,2.62252e-05,3.10726e-06,5.23781e-05,2.25986e-05,0.00021626,2.01111e-05,0.000200479,1.23924e-05,6.79812e-05,9.26525e-06,3.36255e-05,0.000136875,5.90772e-05,2.92715e-05,2.24158e-05,1.39584e-05,6.15122e-06,7.23773e-05,1.27408e-05,3.11467e-06,1.82486e-06,7.94058e-06,2.34337e-06,3.01386e-05,3.00878e-05,2.39499e-05,9.79183e-06
"PWY-7187: pyrimidine deoxyribonucleotides de novo biosynthesis II",3.31577e-06,0,0,0,0,0,5.32186e-06,0,0.00010768,0,0,6.24114e-05,0,0,0,0,0,0,0,1.42992e-05,0,0,0,3.67123e-06,0,0,3.53702e-05,5.60281e-05,0,0.000118581,0,0,0,0,0,7.09496e-06,6.35405e-05,0,6.73199e-05,0,3.42092e-05,0,0,9.30279e-05,1.48553e-05,0,0,0,5.2541e-06,0,0,1.02011e-05,9.45175e-05,0,3.01759e-05,0.000144241,5.53894e-06,6.34373e-05,9.06526e-06,2.20595e-05,5.34371e-06,0,3.06649e-05,0,1.15122e-05,5.25149e-05,2.53045e-06,0,5.07529e-06,0,0,0,6.57827e-05,0,0,0.000121975,1.05667e-05,0,4.08866e-05,0,0,0,0,0,0,6.98545e-06,0,0,0,0,0.000112146,0,0,7.11795e-06,0,2.8535e-05,1.29003e-06,0,0,3.09541e-05,6.76208e-06,0,1.42979e-05,0,0,0,0,7.29432e-05,3.23196e-05,0,0,3.90418e-05,0,8.64015e-06,0,0,6.93918e-05,0,0,3.46417e-05,0,2.78952e-06,0,0,2.52819e-05,1.63982e-06,7.33096e-05,0.000134246,0,6.2037e-06,0,1.83329e-05,0,0.000141885,0,0.000151031,3.35085e-06,2.59671e-05,0,0,3.86346e-05,0,8.27302e-06,0,8.35249e-06,0,2.01899e-05,0,0,0,0,0,4.17788e-06,0,0,0
"PWY-7196: superpathway of pyrimidine ribonucleosides salvage",0,0,1.46348e-05,0,3.52382e-05,5.99572e-06,2.17407e-05,5.07163e-05,1.09124e-06,0,0,4.38714e-05,4.2111e-05,0,5.65251e-05,0,1.99011e-05,0,3.21156e-05,0,0,0,0,1.76188e-06,2.10242e-05,5.54917e-05,2.91874e-06,3.48267e-05,0,0,2.09501e-05,1.17941e-05,4.21931e-05,0,0,0,0,0,0,0,0,0,4.7594e-06,0,0,5.94444e-05,0,4.88444e-05,0,8.46746e-05,3.79545e-05,3.05054e-05,7.83014e-06,0,0,0,2.70165e-05,0,3.36865e-06,6.57433e-05,0,0,1.14182e-05,5.33734e-05,0,3.46272e-06,2.1068e-06,0,4.19412e-06,0,0,4.12329e-05,4.10769e-06,0,0,0,2.29104e-06,0,0,9.42467e-05,8.83793e-06,9.27196e-06,0,0,2.38608e-06,0,0,6.71163e-05,1.03056e-05,3.20325e-05,0,8.55628e-05,3.49529e-06,8.45578e-06,0.000133243,1.4839e-05,3.73504e-05,2.52541e-05,5.0585e-05,0,0,0,3.6481e-06,4.8573e-05,0,8.15646e-05,4.21322e-06,0,1.87166e-06,0,0.000113134,0,7.87026e-06,5.34364e-06,0,0,6.27192e-06,2.89431e-06,5.81009e-05,4.7229e-06,0,0,2.77218e-06,0,0,2.33656e-06,0,7.09476e-06,0,1.86376e-05,4.16019e-05,1.68758e-05,0,0,0,0,0,0,0,0,0,4.74688e-05,4.82422e-05,2.97354e-06,0,0,0,0,0,0,1.07111e-05,0,3.48773e-06,0,0,1.66621e-05
"PWY-7197: pyrimidine deoxyribonucleotide phosphorylation",8.70833e-05,9.48683e-05,4.82661e-05,4.61797e-05,7.76259e-05,0.000150893,0.000125199,3.30301e-05,0.000167214,8.05551e-05,5.93596e-05,0.000147557,0.000114458,7.22815e-05,0.000107817,7.38789e-05,6.25034e-05,0.000107141,7.76443e-05,0.000111712,9.29685e-05,0.00010791,3.35489e-05,0.000117126,8.76359e-05,9.88383e-05,5.85398e-05,7.60305e-05,0.000121233,0.00015444,0.000113674,8.31327e-05,2.53336e-05,7.83672e-05,1.77037e-05,0.000110576,0.000123458,5.48878e-05,0.000209453,6.37128e-05,0.000142751,0.000114511,0.000109204,0.000170149,7.34899e-05,5.08618e-05,4.59297e-05,0.000107449,8.20728e-05,0.000206558,0.000172591,0.000172704,0.000122008,0.000287226,8.65168e-05,0.000192431,1.65185e-05,0.000123611,6.54054e-05,0.000106407,8.68405e-05,4.78845e-05,0.000128917,6.12532e-05,0.000152065,9.69942e-05,6.42698e-05,5.76308e-05,0.000133306,0.000105831,0.000104162,9.6263e-05,0.00013448,0.000111966,0.000114336,0.000163661,0.000239083,6.12409e-05,9.73473e-05,7.44316e-05,0.000151777,0.000133591,3.49467e-05,5.90344e-05,0.000232729,0.000119858,9.78673e-05,0.000102344,7.0259e-05,1.98017e-05,0.000137667,7.52408e-05,5.53782e-05,4.73134e-05,0.000121961,8.42721e-05,5.93253e-05,7.07964e-05,5.43224e-05,0.000153632,9.43299e-05,2.20622e-05,4.61839e-05,9.02609e-05,0.000144183,0.000122452,0.000114884,0.000183707,0.000135195,5.30317e-05,0.000184523,0.000121191,0.000132724,0.000114588,9.34227e-05,4.0816e-05,7.61592e-05,0.00011509,0.00016444,9.60731e-05,6.89197e-05,0.000141556,9.47211e-05,7.18368e-05,0.000122573,0.000103669,8.68167e-05,0.000150529,0.000108243,9.06287e-05,0.00012802,9.38021e-05,7.69637e-05,0.000157318,0.000149299,0.000171011,3.85726e-05,0.000195366,6.91768e-05,0.000166766,0.0001889,5.91779e-05,9.13368e-05,0.000123975,0.000121682,0.000116191,0.000116048,0.000171805,0.000133249,8.46318e-05,9.41987e-05,0.000150079,8.32806e-05,0.000171269,7.55844e-05,0.000159228
"PWY-7198: pyrimidine deoxyribonucleotides de novo biosynthesis IV",7.54926e-05,5.40293e-05,6.55676e-05,3.27006e-05,8.87854e-05,0.000179238,0.000159451,5.36186e-05,0.000174538,2.53629e-05,1.4977e-05,0.000161617,0.000127093,7.97915e-05,4.58893e-05,9.05318e-05,8.13431e-05,0.000111939,4.28221e-05,3.15005e-05,8.91173e-05,4.42748e-05,1.54317e-05,3.99173e-05,2.5957e-05,0.000127009,6.22722e-05,0.000142114,0.000119728,9.63016e-06,7.43549e-05,7.69711e-05,3.99977e-05,9.54913e-05,1.55849e-05,0.00012988,0.000107029,5.36051e-05,0.000121146,8.03452e-05,0.000119653,0.00011033,0.000118602,1.97984e-05,9.34796e-05,7.75266e-05,2.14011e-05,0.000117535,6.7442e-05,0.000281667,0.00015812,0.000173758,9.54397e-05,0.000223017,8.4908e-05,3.54376e-05,2.40263e-05,0.000171416,8.47024e-05,0.000132088,5.77167e-05,4.80004e-05,0.000165807,7.20088e-05,0.000170429,9.87219e-05,9.13952e-05,8.08863e-05,0.000163523,0.00011584,6.23513e-05,8.1507e-05,7.24065e-05,2.95739e-05,5.18991e-05,0.000199365,0.000188667,7.15121e-05,6.6089e-05,0.000108308,0.000201042,2.77319e-05,3.77491e-05,3.53702e-05,0.000266025,7.25622e-05,0.00013481,0.00014943,8.85779e-05,3.39712e-05,3.35534e-05,0.000109074,4.1246e-05,6.99223e-05,0.000116966,4.02304e-05,5.88462e-05,2.59192e-05,5.48222e-05,0.000110553,0.000132232,2.96148e-05,3.46992e-05,9.58966e-05,6.22402e-05,0.00015004,0.00011254,0.000102905,0.00014941,2.9118e-05,0.000254681,0.000108735,0.000150118,0.000139018,3.00918e-05,5.53677e-05,4.76371e-05,8.07169e-05,0.000193731,3.36685e-05,4.84657e-05,0.000148692,7.84029e-05,8.83446e-05,6.04009e-05,1.11086e-05,8.83994e-05,8.28007e-05,5.59514e-05,6.21164e-05,0.000150308,6.43393e-05,6.34545e-05,4.11043e-05,7.9585e-05,0.000151404,5.10799e-05,0.000156361,6.40293e-05,6.16305e-05,0.000139172,7.26722e-05,0.000114359,6.69372e-05,2.48879e-05,6.02365e-05,0.000110312,0.000191718,9.89838e-05,9.31773e-05,3.63047e-05,0.000150362,4.33746e-05,0.000205537,5.58277e-05,0.000169392
"PWY-7199: pyrimidine deoxyribonucleosides salvage",0.000423555,0.000369916,0.000356335,0.000370258,0.000388788,0.000289426,0.000228254,0.000308135,0.000238683,0.000384157,0.000513279,0.000300986,0.000545066,0.000293579,0.000360373,0.000389802,0.000405015,0.000268959,0.000381801,0.000457888,0.000401442,0.000341393,0.000388769,0.000424927,0.000466197,0.000343674,0.000234455,0.00022505,0.000324523,0.000231198,0.000428794,0.000348771,0.000131246,0.000308126,0.000171071,0.000376246,0.000255026,0.000240849,0.000259211,0.000622957,0.000298699,0.000335626,0.000397421,0.000195867,0.00021848,0.00024037,0.000312197,0.000305351,0.000254043,0.000199563,0.000286053,0.000356065,0.000178657,0.000435468,0.000297978,0.0002306,9.66646e-05,0.000159888,0.000496639,0.000255282,0.000326372,0.000364251,0.000326226,0.000209323,0.000323619,0.000254624,0.000299141,0.000315,0.000309046,0.000423064,0.000475165,0.000387534,0.000296534,0.000393991,0.000401556,0.000194963,0.000401367,0.000568408,0.000263125,0.000276597,0.000203561,0.000392139,0.000290931,0.000185002,0.000242345,0.000344116,0.000178365,0.000273604,0.000402646,0.000196201,0.000250609,0.000288813,0.000366399,0.000249343,0.000358321,0.000316051,0.000304629,0.00033025,0.000286546,0.00039661,0.00031053,0.000344122,0.000221249,0.000320857,0.000253615,0.000461582,0.000324643,0.00026462,0.00022734,0.000339122,0.000149822,0.000269609,0.000266235,0.000332617,0.000428888,0.000249644,0.000250862,0.000319144,0.000283663,0.000473526,0.000320732,0.00043609,0.000451248,0.000348093,0.000369702,0.000461844,0.00028847,0.000228589,0.000430706,0.000415546,0.000416308,0.000336665,0.000363161,0.00019042,0.000384919,0.000293218,0.000250515,0.000255973,0.000337103,0.000575557,0.000272285,0.000306433,0.000289728,0.000541839,0.000361463,0.000450119,0.000265476,0.000417313,0.000428331,0.000239086,0.000426153,0.000365985,0.000415058,0.000237054,0.000371297,0.000320432
"PWY-7200: superpathway of pyrimidine deoxyribonucleoside salvage",0,0,0,0,0,1.04734e-05,0,3.8105e-06,0,0,0,0,0,0,0,3.08808e-06,0,0,0,0,0,0,0,3.4077e-06,0,4.17455e-06,0,0,0,0,0,0,0,4.42141e-06,0,0,0,0,0,0,2.41777e-06,7.30991e-06,6.75929e-06,0,0,0,9.5784e-06,0,5.2169e-06,0,3.56415e-06,2.06274e-06,0,0,2.58118e-06,0,0,0,4.19764e-06,0,5.80961e-06,0,0,0,0,1.26944e-05,0,0,0,0,0,0,0,0,0,1.50053e-06,9.87112e-06,5.51099e-06,4.26354e-06,0,0,0,0,0,0,3.67103e-06,0,4.93487e-06,0,4.6703e-06,2.17173e-06,0,0,0,0,3.24488e-06,0,0,0,0,0,0,0,0,0,0,0,0,0,0,0,0,0,0,0,0,0,9.776e-06,0,0,0,0,0,0,4.86051e-06,0,0,0,0,4.0213e-06,0,0,1.87426e-06,0,0,1.48919e-05,0,0,0,0,0,0,5.05164e-06,0,0,0,0,0,0,0,0,5.69889e-06,3.21973e-06,9.57192e-06,0,3.65949e-05
"PWY-7204: pyridoxal 5'-phosphate salvage II (plants)",0,0,0,0,0,2.57336e-06,4.40229e-06,1.20916e-05,7.8185e-05,0,1.64243e-06,3.91192e-05,2.66698e-06,0,0,0,0,0,0,1.91058e-05,3.95636e-07,2.69574e-06,0,0,0,0,1.88927e-05,1.56285e-05,0,0.000174418,1.76951e-06,4.78304e-07,0,7.32321e-07,0,4.95189e-06,4.93139e-05,0,2.57152e-06,0,2.32722e-05,4.50706e-07,0,8.1567e-05,2.10878e-05,0,2.78283e-06,0,0,3.91818e-06,0,9.41246e-06,8.69108e-05,0,2.4958e-05,0.000161352,4.17978e-06,6.4066e-05,8.58491e-06,1.89626e-05,6.69511e-06,0,5.118e-05,0,1.56131e-05,5.96468e-05,3.86937e-06,0,2.48032e-06,1.2858e-05,0,0,8.95822e-05,3.07724e-06,0,0.000113049,8.90692e-06,4.69105e-07,4.33164e-05,0,4.5827e-07,0,0,0,0,1.16286e-05,0,4.43737e-07,0,0,0.000149324,0,0,7.6259e-06,1.45466e-06,2.37322e-05,0,0,0,2.34983e-05,0,1.576e-05,3.83582e-06,0,0,0,0,6.50943e-05,2.52351e-05,1.3895e-06,0,3.86123e-05,0,1.20224e-05,2.68022e-07,0,0,0,1.57257e-06,2.36649e-05,0,2.42342e-06,0,6.49e-07,2.35243e-05,3.13643e-06,8.8441e-05,0.000133499,0,6.24155e-06,0,1.20268e-05,0,0.000210356,3.5639e-06,4.78737e-05,8.92765e-06,2.04453e-05,1.2007e-06,0,3.21204e-05,0,1.15077e-05,0,2.78208e-06,1.06304e-06,1.73397e-05,0,1.40211e-06,3.65034e-06,0,0,3.36307e-06,3.07348e-06,0,6.87816e-06
"PWY-7208: superpathway of pyrimidine nucleobases salvage",0.000137932,0.00019234,0.000180437,6.87636e-05,0.000114603,0.000213329,0.000180957,0.000132951,0.000231878,0.000127918,0.000122013,0.00021341,0.000165197,0.000121427,0.000159938,0.000142138,0.000186973,0.000160443,0.000143863,0.000158553,0.00014189,0.00016125,0.000102312,0.000175525,0.000130183,0.000144153,0.000154724,0.000108263,0.000174146,0.000204244,0.000167241,0.000176145,0.00022165,0.000117942,0.000525659,0.000157724,0.000218455,0.000277252,0.000280613,9.34456e-05,0.000201801,0.00016252,0.000158521,0.000234653,0.000111062,7.54225e-05,7.52993e-05,0.000258771,0.000123619,0.000279517,0.000247797,0.000245328,0.000174435,0.000380708,0.000127124,0.000257399,0.000262426,0.000173934,0.000621952,0.000152054,0.000126467,0.0001155,0.000178826,0.000129185,0.000214442,0.000144259,0.000279976,9.37633e-05,0.000189935,0.000151902,0.000151092,0.000141209,0.000191149,0.000162699,0.000167406,0.000214645,0.000326248,8.84381e-05,0.00016787,0.00015144,0.000212066,0.000195341,0.000201628,8.77424e-05,0.000321718,0.000169232,0.000142432,0.000144293,0.000105144,0.00015603,0.000192645,0.00015992,0.000139763,0.00026956,0.000176605,0.000123724,0.000103828,0.000109239,0.000241546,0.000221765,0.000135071,0.000505679,0.000192504,0.00013265,0.000207926,0.000175333,0.000228575,0.000257931,0.000193587,7.88069e-05,0.000252333,0.000178244,0.000191043,0.000163794,0.000136714,0.00010278,0.000114057,0.000167455,0.0002317,0.000139189,0.000124265,0.000201929,0.000136049,0.0001216,0.000185484,0.000149975,0.000134795,0.000200798,0.000157954,0.000131582,0.000182312,0.000137687,0.000119743,0.000201703,0.000215963,0.00023218,6.97291e-05,0.000264495,0.000118124,0.000313762,0.000257321,9.05536e-05,0.000133345,0.00017885,0.000196333,0.000291813,0.000178496,0.000240976,0.000191533,0.000124098,0.000143086,0.000216788,0.00012401,0.000248224,0.000113729,0.000215135
"PWY-7209: superpathway of pyrimidine ribonucleosides degradation",0,1.15666e-05,4.20881e-05,0,4.2364e-05,0.000104167,6.20155e-05,0.000111197,0.00014878,0,0,5.69416e-05,1.87737e-05,0,0,3.17709e-05,6.09348e-05,0,1.33524e-05,2.53611e-06,9.60532e-06,0,0,2.2455e-06,7.07595e-06,5.3839e-05,5.21067e-06,3.50319e-05,1.84686e-05,1.308e-05,2.4601e-05,3.7917e-06,0,4.90659e-05,0,3.64228e-05,9.95109e-06,2.80925e-05,2.05346e-05,1.67056e-05,3.72397e-05,4.62385e-05,1.31092e-05,4.6677e-05,0,7.93646e-05,5.39498e-06,3.02095e-05,1.81406e-05,8.2559e-05,5.07383e-05,3.22209e-05,5.16134e-05,0,3.96879e-05,2.0495e-05,1.49864e-06,0.000153949,0,5.82919e-05,5.1636e-06,0,3.76302e-05,2.43169e-05,8.95592e-07,8.03033e-06,9.04751e-05,7.48785e-05,0,3.77805e-05,1.58279e-05,1.90627e-05,3.61358e-05,2.92868e-07,1.48143e-06,0.000128389,3.44124e-06,1.77564e-05,1.18155e-05,9.04026e-05,7.53103e-05,2.14443e-06,1.20672e-05,0,3.30237e-05,1.17563e-06,0.000129354,5.37368e-05,3.37416e-05,0.000124092,1.44732e-05,9.81001e-05,6.45987e-06,4.34722e-06,2.092e-05,6.27025e-06,1.53132e-05,0,2.60015e-05,1.78227e-06,6.14964e-05,0,1.68257e-06,4.893e-05,3.94894e-06,5.43842e-05,3.39011e-05,5.72316e-05,9.05753e-05,1.08237e-05,0.000114371,3.7157e-05,0,0,0,0,1.80553e-05,2.0691e-05,7.50585e-05,5.04303e-06,0,2.04279e-05,2.04206e-05,3.90533e-05,3.14288e-07,0,1.0925e-05,4.73439e-05,1.88461e-06,1.99704e-05,3.20844e-05,6.00496e-06,4.14006e-06,2.82254e-05,0,1.95191e-05,0,3.78007e-06,0,0,2.65883e-06,2.65854e-05,6.23343e-05,6.35567e-06,0,1.06255e-05,5.03671e-06,0,1.24162e-06,4.72161e-05,4.56702e-06,1.736e-05,9.47309e-06,1.63113e-05,0,3.59035e-05
"PWY-7210: pyrimidine deoxyribonucleotides biosynthesis from CTP",8.0174e-05,1.22401e-05,0,7.90001e-06,0,8.52809e-06,2.4009e-06,0,3.49729e-06,0,0,2.87728e-05,0,2.65148e-06,5.45128e-05,8.33749e-06,2.42761e-05,0,4.77291e-06,0,1.05015e-05,5.25011e-05,9.69932e-06,9.71442e-06,3.04571e-05,3.97462e-06,3.00868e-05,0.000115625,2.58847e-06,1.345e-05,6.32788e-05,8.36538e-05,0,6.07396e-06,5.32826e-06,2.17976e-05,0.000116124,1.85381e-05,0.000143505,7.07282e-06,4.2583e-06,2.07911e-06,0,0,1.32606e-05,2.78556e-05,0,2.46731e-05,0,0.000110204,0.00011683,0.000178229,5.35229e-05,0,0,1.78466e-05,7.95569e-06,1.97826e-05,0.000100512,0.00010887,2.12025e-05,5.18964e-05,8.21369e-05,0,1.01023e-05,0.000101643,6.63409e-06,6.56167e-06,1.33774e-05,0,1.3226e-05,6.59234e-05,4.36702e-05,3.81036e-05,0,5.18991e-05,1.42369e-05,4.75244e-06,1.83932e-05,1.53776e-05,5.11197e-06,2.26048e-05,7.01674e-06,0,0,2.29173e-05,1.02966e-05,1.11771e-05,5.86953e-05,0,4.4003e-05,9.09019e-06,2.05039e-05,0,0.000127042,1.60091e-05,4.24572e-06,2.99447e-05,2.84383e-05,4.93124e-06,6.69369e-06,0,1.0021e-05,0,7.4069e-05,6.79659e-06,1.43657e-05,5.70308e-05,0,2.21449e-05,3.02599e-06,3.76931e-05,4.79526e-06,6.68923e-07,1.42851e-05,2.95276e-05,0,3.16103e-05,3.02499e-05,4.23721e-05,0,5.46942e-06,0,0,7.18012e-05,1.52155e-05,1.79899e-06,2.38505e-05,6.61439e-05,2.79576e-05,3.44035e-06,5.36218e-05,2.40313e-05,5.39922e-05,2.18662e-05,0.000162342,0,0,1.00777e-05,3.5943e-05,0.000136186,5.78978e-05,1.15701e-05,2.40346e-05,1.51907e-05,0,9.23757e-06,1.40098e-05,3.44648e-06,0,8.70269e-06,0,1.69977e-05,1.6475e-05,2.53839e-05,0
"PWY-7211: superpathway of pyrimidine deoxyribonucleotides de novo biosynthesis",0.00010504,2.07044e-05,0,1.34767e-05,0,1.47746e-05,2.55533e-05,0,3.05335e-05,0,0,8.46876e-05,1.33976e-05,4.71563e-06,6.72084e-05,1.4575e-05,4.04571e-05,0,8.41848e-06,4.06804e-05,1.77036e-05,6.60747e-05,1.6807e-05,1.62665e-05,4.58593e-05,7.04063e-06,9.72854e-05,0.000112822,4.6052e-06,2.68292e-05,8.37188e-05,5.68998e-05,0,1.05757e-05,9.43972e-06,5.88316e-05,0.000155214,3.0943e-05,0.000165986,1.45972e-05,8.77784e-05,8.77286e-06,2.21915e-06,0.000110188,5.10076e-05,4.45765e-05,0,4.1951e-05,0,0.000133314,9.64246e-05,0.000150062,0.000178018,0,7.71506e-05,3.07491e-05,3.01625e-05,0.000138249,7.2862e-05,0.000112757,3.3591e-05,5.70424e-05,0.000114495,0,5.44641e-05,0.00013174,1.25309e-05,1.1493e-05,2.37803e-05,0,2.20435e-05,7.39753e-05,7.59638e-05,5.679e-05,0,8.34833e-05,3.52155e-05,8.28855e-06,3.62782e-05,2.66972e-05,9.0275e-06,3.44624e-05,1.20441e-05,0,0,3.63702e-05,1.80633e-05,1.95087e-05,7.87886e-05,0,7.62793e-05,9.42927e-05,3.16234e-05,2.75218e-05,0.000101878,0.000105406,1.02377e-05,4.35367e-05,4.54342e-05,7.08787e-05,2.23692e-05,0,3.59695e-05,0,9.30664e-05,1.18661e-05,2.47247e-05,0.000159141,0.000116591,3.49519e-05,5.3968e-06,6.7312e-05,8.50671e-06,2.17815e-05,2.23475e-05,4.76919e-05,0.000109041,4.94537e-05,4.95201e-05,6.85534e-05,0,9.91604e-06,0,3.35196e-06,8.89585e-05,2.48594e-05,2.38772e-05,4.06512e-05,5.04163e-05,4.41155e-05,6.02534e-06,6.89335e-05,2.98097e-05,8.33016e-05,3.51006e-05,0.000204442,2.24159e-05,8.43962e-05,1.25656e-05,3.99825e-05,0.00012703,7.94341e-05,5.06973e-05,7.00076e-06,2.37269e-05,1.17515e-05,9.36104e-05,2.21816e-05,5.93394e-06,3.60493e-06,1.45081e-05,4.61925e-06,4.0376e-05,5.05513e-05,3.79642e-05,1.74656e-05
"PWY-7218: photosynthetic 3-hydroxybutanoate biosynthesis (engineered)",0,0,0,0,0,0,0,0,0,0,0,0,0,0,0,0,0,0,0,0,0,0,0,0,0,0,0,0,0,0,0,0,0,0,0,0,0,0,0,0,0,0,0,0,0,0,0,0,0,0,0,1.16038e-06,0,0,0,0,0,0,0,0,2.95113e-07,0,0,0,3.42237e-07,0,0,0,0,0,0,0,0,0,0,0,0,0,0,0,0,0,0,0,0,0,0,0,0,0,0,0,0,0,1.91987e-07,0,0,0,0,0,0,0,0,0,0,0,0,0,2.52273e-07,0,0,0,0,0,0,0,0,0,0,0,0,0,0,0,0,0,0,4.26829e-07,0,0,0,0,0,0,0,0,0,0,0,0,0,0,0,0,0,0,0,0,0,0,0,2.23853e-07,0,0,0,0
"PWY-7220: adenosine deoxyribonucleotides de novo biosynthesis II",9.78213e-05,9.92182e-05,5.29866e-05,5.10417e-05,8.07613e-05,0.000161607,0.000136286,3.6934e-05,0.000211328,7.38557e-05,6.20614e-05,0.000172937,0.000123211,7.60256e-05,0.000105689,7.86004e-05,6.32146e-05,0.000117199,7.90647e-05,0.000124599,8.53016e-05,9.97645e-05,3.713e-05,0.000121039,9.42697e-05,0.000103824,6.87939e-05,8.66838e-05,0.000121665,0.000212946,0.000121759,9.33986e-05,2.87699e-05,8.31007e-05,1.86028e-05,0.000119913,0.000210329,5.29666e-05,0.000289729,6.82824e-05,0.000152407,0.000114348,0.000107218,0.000219866,8.59233e-05,5.53735e-05,5.16831e-05,0.000113017,7.7639e-05,0.000231669,0.000173783,0.000187148,0.000148659,0.000159898,9.64926e-05,0.000254824,1.81729e-05,0.00014315,7.33463e-05,0.000116108,9.18826e-05,5.15579e-05,0.000144492,6.38067e-05,0.000162729,0.000123192,7.00482e-05,6.03055e-05,0.000143958,0.000115103,0.000120638,0.000105146,0.000169165,0.000134031,0.000130255,0.000194073,0.000290129,6.34739e-05,0.00015471,7.73556e-05,0.000155565,0.000148843,3.63625e-05,3.66895e-05,0.000228903,0.00013389,0.000102751,0.00011259,7.2554e-05,2.22628e-05,0.000185337,7.85463e-05,5.86386e-05,5.32428e-05,0.000134079,9.62551e-05,6.15554e-05,7.15574e-05,5.69348e-05,0.00017931,9.3934e-05,2.41587e-05,5.57841e-05,9.23547e-05,0.000138551,0.000123204,0.000117835,0.000216525,0.000136085,5.60761e-05,0.00020126,0.000135889,0.000144864,0.000127548,0.000102506,4.47684e-05,8.2867e-05,0.00011371,0.000173002,0.000106281,7.58868e-05,0.000151776,0.000103897,7.61715e-05,0.000150942,0.000113545,0.000121607,0.000192139,0.00011948,9.52512e-05,0.00013834,0.000103981,8.27492e-05,0.000241892,0.000173469,0.000205125,4.31579e-05,0.000220591,7.77813e-05,0.000541483,0.000243295,6.78953e-05,9.91066e-05,0.000633698,0.00015149,0.00029626,0.000136574,0.000184793,0.000160506,9.03918e-05,0.000107409,0.000172992,8.98268e-05,0.000192126,8.17053e-05,0.00016423
"PWY-7221: guanosine ribonucleotides de novo biosynthesis",0.000650502,0.000621653,0.000692313,0.000693151,0.000760508,0.000788402,0.000832239,0.000794419,0.000551207,0.000671029,0.000576622,0.000546941,0.000549587,0.000663141,0.000867448,0.000776609,0.0007738,0.00070034,0.00078672,0.000501856,0.0006534,0.000773377,0.000615667,0.000667187,0.000596661,0.000783822,0.00072138,0.000627551,0.000720711,0.000336632,0.000809883,0.000729455,0.000897736,0.000752608,0.000731946,0.000659998,0.000414597,0.00071118,0.000493273,0.000603732,0.000554628,0.000787674,0.000731221,0.000405742,0.000622377,0.000790274,0.000476719,0.000806601,0.000647429,0.000859916,0.000774241,0.000698217,0.000476042,0.000673698,0.000650793,0.00037295,0.000696666,0.000669884,0.000836738,0.000602109,0.000647385,0.000819334,0.000529254,0.000647871,0.000603289,0.000409285,0.000661674,0.00078488,0.000632181,0.00072367,0.000592641,0.000669344,0.000456252,0.000590493,0.000573672,0.000514077,0.000595236,0.000421441,0.000376402,0.000840689,0.000846359,0.000616514,0.000627105,0.000965911,0.000723154,0.000562066,0.000865171,0.000703124,0.000741512,0.00087174,0.000363796,0.000795462,0.000731435,0.000739446,0.000721547,0.000401628,0.000611612,0.000696308,0.000735614,0.000499535,0.000781937,0.000683498,0.000652798,0.000720119,0.000725294,0.000624842,0.000694946,0.00053926,0.000742458,0.000503961,0.000955755,0.000727878,0.00075253,0.000645449,0.000643053,0.000802303,0.000584797,0.000678928,0.000803886,0.000581211,0.000722929,0.000644836,0.000607796,0.000697458,0.000608901,0.000604584,0.000432056,0.000343183,0.000655586,0.000631815,0.000610085,0.000644363,0.000732859,0.00027398,0.00059108,0.000481244,0.000668147,0.000470995,0.000691524,0.000704839,0.000500884,0.000725453,0.000645922,0.000659322,0.000563486,0.000624967,0.000571529,0.000557949,0.000529946,0.000614134,0.00058715,0.000529673,0.000596319,0.000665146,0.000591842,0.000518155
"PWY-7222: guanosine deoxyribonucleotides de novo biosynthesis II",9.78213e-05,9.92182e-05,5.29866e-05,5.10417e-05,8.07613e-05,0.000161607,0.000136286,3.6934e-05,0.000211328,7.38557e-05,6.20614e-05,0.000172937,0.000123211,7.60256e-05,0.000105689,7.86004e-05,6.32146e-05,0.000117199,7.90647e-05,0.000124599,8.53016e-05,9.97645e-05,3.713e-05,0.000121039,9.42697e-05,0.000103824,6.87939e-05,8.66838e-05,0.000121665,0.000212946,0.000121759,9.33986e-05,2.87699e-05,8.31007e-05,1.86028e-05,0.000119913,0.000210329,5.29666e-05,0.000289729,6.82824e-05,0.000152407,0.000114348,0.000107218,0.000219866,8.59233e-05,5.53735e-05,5.16831e-05,0.000113017,7.7639e-05,0.000231669,0.000173783,0.000187148,0.000148659,0.000159898,9.64926e-05,0.000254824,1.81729e-05,0.00014315,7.33463e-05,0.000116108,9.18826e-05,5.15579e-05,0.000144492,6.38067e-05,0.000162729,0.000123192,7.00482e-05,6.03055e-05,0.000143958,0.000115103,0.000120638,0.000105146,0.000169165,0.000134031,0.000130255,0.000194073,0.000290129,6.34739e-05,0.00015471,7.73556e-05,0.000155565,0.000148843,3.63625e-05,3.66895e-05,0.000228903,0.00013389,0.000102751,0.00011259,7.2554e-05,2.22628e-05,0.000185337,7.85463e-05,5.86386e-05,5.32428e-05,0.000134079,9.62551e-05,6.15554e-05,7.15574e-05,5.69348e-05,0.00017931,9.3934e-05,2.41587e-05,5.57841e-05,9.23547e-05,0.000138551,0.000123204,0.000117835,0.000216525,0.000136085,5.60761e-05,0.00020126,0.000135889,0.000144864,0.000127548,0.000102506,4.47684e-05,8.2867e-05,0.00011371,0.000173002,0.000106281,7.58868e-05,0.000151776,0.000103897,7.61715e-05,0.000150942,0.000113545,0.000121607,0.000192139,0.00011948,9.52512e-05,0.00013834,0.000103981,8.27492e-05,0.000241892,0.000173469,0.000205125,4.31579e-05,0.000220591,7.77813e-05,0.000541483,0.000243295,6.78953e-05,9.91066e-05,0.000633698,0.00015149,0.00029626,0.000136574,0.000184793,0.000160506,9.03918e-05,0.000107409,0.000172992,8.98268e-05,0.000192126,8.17053e-05,0.00016423
"PWY-7228: superpathway of guanosine nucleotides de novo biosynthesis I",0.000170539,0.000171559,9.87239e-05,9.53932e-05,0.000146128,0.000269755,0.00023476,7.06898e-05,0.000308139,0.000133356,0.000112792,0.000264903,0.00020505,0.000136819,0.000188646,0.0001429,0.000117203,0.000201707,0.000143767,0.000202109,0.000151545,0.000176979,7.01393e-05,0.000205714,0.000163897,0.000183736,0.00012616,0.000152785,0.000208872,0.000265265,0.000212084,0.000166143,5.58491e-05,0.0001501,3.63185e-05,0.000203577,0.000285597,9.87429e-05,0.000372757,0.000123912,0.000240443,0.000200005,0.000187538,0.000290838,0.000151831,0.000103585,9.38161e-05,0.000198638,0.000139275,0.000365918,0.000284895,0.000297089,0.000228139,0.000367438,0.000168379,0.000304914,3.54553e-05,0.000236807,0.000135104,0.000195648,0.00016146,9.71962e-05,0.000228931,0.000116778,0.000258317,0.000190582,0.00012704,0.00011213,0.000235639,0.000199601,0.000201687,0.000182111,0.000248684,0.000219137,0.000213027,0.000286674,0.000394098,0.000112451,0.000221627,0.000141828,0.000264177,0.000241536,6.90422e-05,8.86044e-05,0.000351448,0.000217341,0.000184082,0.000195234,0.000132429,4.34574e-05,0.000249552,0.00014312,0.000108686,9.9638e-05,0.000228126,0.000157577,0.000112118,0.000130402,0.000105898,0.000266579,0.0001685,4.67253e-05,0.00010312,0.000164031,0.000233872,0.000206819,0.000202122,0.000312671,0.000231006,0.000101234,0.0003344,0.000230043,0.000243523,0.000213847,0.000177584,8.48378e-05,0.000145961,0.000195961,0.00028564,0.000181274,0.000137526,0.000247037,0.000178342,0.000137665,0.00024369,0.000192647,0.00019108,0.000250733,0.000203017,0.000166298,0.000226959,0.000179827,0.00014882,0.000261464,0.000270211,0.000290662,8.132e-05,0.000302348,0.000139951,0.000621512,0.000329187,0.000124411,0.000172347,0.000658847,0.000240809,0.00040506,0.000222143,0.000280805,0.000247762,0.000158139,0.000182364,0.000263757,0.000156717,0.000299827,0.000144116,0.000252257
"PWY-7229: superpathway of adenosine nucleotides de novo biosynthesis I",0.000281316,0.000267536,0.000175629,0.000169523,0.00024026,0.000389298,0.000358,0.000129794,0.000413141,0.00020306,0.000190558,0.000417741,0.000336614,0.000226342,0.000287261,0.00024541,0.000190817,0.000307771,0.000237248,0.000313046,0.000230448,0.000261884,0.000128889,0.000320531,0.000275193,0.000300361,0.000209509,0.000257635,0.000316732,0.000317834,0.000342195,0.000274742,0.000102879,0.000243736,6.58015e-05,0.000327086,0.000355238,0.000158971,0.00041793,0.000220162,0.000358765,0.000309109,0.000291806,0.000379302,0.00023798,0.000182639,0.000168165,0.000319293,0.000209737,0.000519846,0.000430862,0.00044605,0.000327257,0.000394187,0.000277222,0.000429435,6.62098e-05,0.000347511,0.000238284,0.000309567,0.000262722,0.000169699,0.00034988,0.000191766,0.000390528,0.000270233,0.000209268,0.000189117,0.00036377,0.000321977,0.000328492,0.000297763,0.000366405,0.00034241,0.000336006,0.000389999,0.000534485,0.000186293,0.000304609,0.000230534,0.000391426,0.00037151,0.000118245,0.000108146,0.000497183,0.000330469,0.000291481,0.000318028,0.000220504,8.3279e-05,0.00036744,0.000234334,0.000187739,0.000174983,0.000360792,0.000254528,0.000184398,0.000207113,0.000180204,0.000414142,0.000265136,8.71056e-05,0.000175607,0.000262033,0.000327147,0.000321628,0.000316702,0.000441878,0.00034724,0.000168562,0.000498362,0.000362027,0.000372212,0.000340381,0.000291759,0.000153698,0.000229255,0.0002902,0.000415279,0.000301731,0.000232527,0.000374813,0.00029647,0.000228724,0.000365973,0.000320025,0.00029191,0.000359066,0.00032751,0.000265034,0.000358073,0.000287173,0.000221966,0.000263496,0.000412872,0.000400917,0.000144012,0.000400882,0.000200929,0.000752962,0.000439427,0.000215595,0.000276552,0.0007404,0.000360088,0.000532466,0.000335226,0.000415986,0.000373104,0.000243788,0.000291067,0.000407795,0.00025544,0.000428824,0.000234942,0.00036116
"PWY-7234: inosine-5'-phosphate biosynthesis III",0.000231933,0.000168572,0.000140313,4.85294e-05,0.000117723,0.000253566,0.000283241,0.000263905,0.000280635,1.25085e-05,3.3916e-05,0.000201374,0.000119891,1.54802e-05,0.00020953,0.000124702,0.000125683,5.17076e-05,7.72113e-05,4.89561e-05,6.06112e-05,2.18093e-05,0.000182725,7.3589e-05,0.000142312,0.000179378,0.000166503,0.000407347,0.000119547,0.000247986,0.000288375,0.000192863,0.000143335,0.000119494,6.10123e-06,0.000138988,0.00015469,0.000108576,0.000191864,9.10028e-05,0.000140913,0.000118815,8.36746e-05,0.00021321,4.26763e-05,0.000259168,5.13356e-05,0.000220568,0.000122179,0.000487499,0.000205521,0.000336697,0.000238811,0.000312815,0.000152588,0.000350892,6.7878e-05,0.000362024,8.74453e-05,0.000165109,0.000123251,7.75572e-05,0.00023503,6.58496e-05,0.00013372,0.000155183,0.000193931,0.000177399,5.13475e-05,0.000109308,0.000189439,9.89548e-05,0.000239483,0.000176938,0.000157159,0.000301131,0.000174022,6.47782e-05,0.000117812,0.000296058,0.000382844,0.000107197,2.9941e-05,1.34837e-05,0.000303293,0.000189428,0.000281276,0.00028027,0.000143559,0.000496932,0.000235893,0.000398252,5.29249e-05,0.000141474,0.000311537,9.62758e-05,7.92981e-05,0.00011789,9.53377e-05,0.000134761,0.000340686,6.13687e-05,8.20207e-05,0.000162931,6.16402e-05,0.000114452,0.000121902,0.000261607,0.000248573,2.75104e-05,0.000478176,0.00021812,8.38906e-05,0.000104695,0.000170243,1.39195e-05,0.000182664,6.0248e-05,0.000202289,0.000230546,0.000142163,0.00014099,0.000143541,0.000195538,0.000190348,8.77772e-05,0.000189205,0.000231628,0.000106763,0.000115072,0.000182109,0.000122424,6.09206e-05,0.000218228,0.000144569,0.000298193,2.84188e-05,0.000106368,2.97632e-05,1.29284e-05,6.73623e-05,9.25727e-05,0.000143041,5.78938e-05,9.78528e-05,9.21939e-05,9.25041e-05,8.83736e-05,3.97171e-05,0.000124622,8.11667e-05,0.000193308,7.26985e-05,9.8804e-05,4.36745e-05,0.000184077
"PWY-7237: myo-, chiro- and scyllo-inositol degradation",0.000320873,0.000313533,0.000362083,0.000194461,0.000344439,0.00035698,0.000525953,0.000563891,0.000214123,0.000388673,0.000187594,0.000267441,0.000113352,0.000317882,0.000417519,0.000298245,0.000445151,0.000538205,0.000466872,8.95519e-05,0.000305724,0.000463651,0.000163733,0.000239835,0.000216458,0.000342275,0.000762141,0.000265465,0.000392417,0.000305405,0.000516216,0.00042275,0.000859566,0.000443577,0.000699123,0.000159996,0.000305746,0.000649067,0.000283827,0.00021356,0.000204391,0.000379076,0.000290906,0.000230544,0.000264437,0.000517895,0.000248074,0.000317068,0.000332274,0.000348554,0.000323127,0.000178876,0.000261501,0.000105436,0.000299336,0.000371759,0.0007419,0.000394769,0.000588832,0.000323354,0.000285803,0.000476561,0.000195104,0.000461078,0.000144176,0.000253655,0.000345537,0.000397474,0.000210514,0.000153841,0.000187551,0.00032962,0.000147398,0.000200406,0.000191074,0.000162342,0.000200439,8.30541e-05,0.000226015,0.000405742,0.000355349,0.000197683,0.000485888,0.000770226,0.000103879,0.000173756,0.00043086,0.00028572,0.000303685,0.000658111,0.000259859,0.000437218,0.000415635,0.000413966,0.000515313,9.53365e-05,0.000349882,0.00045038,0.000350392,0.000136148,0.000368599,0.000661451,0.000414857,0.000361182,0.000333357,0.000174319,0.000368621,0.000223715,0.00027658,0.000244178,0.00051342,0.000433955,0.000317572,0.00026173,0.00025562,0.000387024,0.000473191,0.000443141,0.000333768,0.000204216,0.000265653,0.000163933,0.000185483,0.000304511,0.00028526,0.000193444,0.000273715,0.00017478,0.000290767,0.000274086,0.000175785,0.0002859,0.000328494,0.000226715,0.000228824,0.000233486,0.000508678,0.000167325,0.000388457,0.000213973,0.000286819,0.000312703,0.000310257,0.000216977,0.000221164,0.000294697,0.000342798,0.000236959,0.000172347,0.000221454,0.000283656,0.000190854,0.0003569,0.000325375,0.000268958,0.000124042
"PWY-7238: sucrose biosynthesis II",0.00104337,0.000856399,0.00110234,0.00088517,0.00126959,0.00114551,0.00120989,0.00117781,0.000882928,0.00112033,0.000929164,0.000950121,0.000487894,0.00123912,0.0012589,0.00130384,0.00128298,0.00111603,0.00115989,0.000525751,0.000900356,0.00118562,0.00079317,0.000969362,0.000987825,0.00131621,0.00113621,0.000835925,0.000934346,0.000791184,0.00124635,0.00116305,0.00138434,0.00129795,0.00124138,0.000907207,0.000539662,0.00126605,0.000478656,0.001084,0.000772302,0.00106971,0.00113141,0.000789968,0.000935545,0.00128316,0.000852938,0.00107501,0.00102984,0.00110541,0.00123161,0.000945261,0.000836266,0.000857478,0.00096958,0.000435582,0.00126474,0.00105757,0.00107881,0.000939918,0.000855432,0.00144527,0.000685293,0.00107208,0.000456563,0.00054915,0.00097416,0.00124349,0.000923124,0.000746934,0.000727159,0.000978122,0.000612268,0.000654608,0.000787622,0.000877481,0.000599209,0.000567091,0.000364176,0.00133684,0.00116338,0.000797733,0.00110904,0.00141412,0.000675792,0.000767781,0.00126159,0.000978507,0.00116052,0.001448,0.000772216,0.00113532,0.00127038,0.00140057,0.00105611,0.000695006,0.00103182,0.00137876,0.00116974,0.000738677,0.00116589,0.00105812,0.00118938,0.001131,0.000870405,0.000732745,0.00116163,0.000930257,0.00115919,0.000739099,0.00130815,0.00100302,0.00111734,0.000754506,0.000771436,0.00130736,0.00101475,0.0011287,0.00101404,0.000696333,0.00102009,0.000722095,0.000762925,0.000988168,0.000735446,0.000678582,0.00065163,0.000598399,0.000897063,0.000880721,0.000669606,0.00104462,0.000482749,0.000509417,0.000805615,0.00068711,0.00104376,0.000555867,0.000472653,0.00033847,0.000474221,0.00106264,0.000882377,0.000230334,0.000883433,0.000635081,0.000808347,0.000759427,0.000549373,0.000786825,0.000898147,0.00073857,0.000913034,0.000987114,0.000975317,0.000685464
"PWY-7242: D-fructuronate degradation",9.93012e-05,2.99844e-05,7.80551e-05,2.19183e-05,0.00012048,2.10333e-05,4.02034e-05,6.00645e-05,0.000125803,7.73677e-05,5.08377e-05,0.000101577,1.83525e-05,7.51024e-05,1.31204e-05,8.86707e-05,4.24664e-05,8.62758e-05,5.58823e-05,4.65882e-05,4.81377e-05,0.000117228,4.2821e-05,4.15629e-05,6.28712e-05,6.12211e-05,7.83392e-05,6.70062e-05,5.24943e-05,0.000124777,8.32029e-05,4.53343e-05,6.18773e-05,6.45109e-05,1.4982e-05,6.53917e-05,9.41707e-05,6.06944e-05,5.53523e-05,1.93935e-05,6.77132e-05,5.0035e-05,2.40916e-05,9.17418e-05,5.65665e-05,5.23934e-05,4.87547e-05,2.26922e-05,1.68723e-05,6.53973e-06,3.05582e-05,5.44018e-05,6.98543e-05,2.69103e-05,9.86342e-05,0.000110512,1.72294e-05,9.79213e-05,2.988e-05,0.00011216,4.196e-05,6.55986e-05,3.9048e-05,1.13213e-05,2.89713e-05,9.65785e-05,1.17199e-05,3.09332e-05,2.61146e-05,2.80467e-05,5.29407e-05,0.000107991,7.33134e-05,0.000120218,7.66669e-05,9.9474e-05,4.47022e-05,1.27156e-05,7.75294e-05,6.19708e-06,2.12572e-05,3.85099e-05,5.58084e-05,9.99285e-05,1.70191e-05,5.46262e-05,7.80756e-06,2.85119e-05,0.000106125,1.09377e-05,6.72241e-05,4.37631e-05,9.76866e-05,6.43586e-05,3.75113e-05,3.44976e-05,9.13739e-05,9.64719e-06,1.67944e-05,7.13871e-05,8.68769e-05,5.87936e-06,8.72713e-05,6.16551e-05,2.31013e-05,2.74945e-05,6.97607e-05,9.67585e-05,4.39554e-05,2.12763e-05,8.62207e-07,0.00011222,1.65749e-05,5.71913e-05,6.34925e-05,9.06281e-05,5.23416e-06,3.52627e-05,6.52716e-05,5.73067e-05,0.000105106,4.12565e-05,0.000140277,6.95762e-05,6.91708e-05,6.89582e-05,0.000167647,7.52272e-05,7.95581e-05,5.9916e-05,7.5358e-05,4.09285e-05,4.02426e-05,0.000138615,0.000105235,0.000104631,7.43283e-05,5.27535e-05,7.81304e-05,6.5013e-05,0.000125197,0.000119658,3.93189e-05,1.33468e-05,3.4612e-05,7.26321e-05,8.1535e-05,5.50047e-05,7.31237e-05,6.00175e-05,0.000130526,4.51931e-05,0.000120893,5.06242e-05,5.94857e-05,2.53743e-05
"PWY-7245: superpathway of NAD/NADP - NADH/NADPH interconversion (yeast)",0,0,0,0,0,0,0,0,0,0,0,0,0,0,0,0,0,0,0,0,0,0,0,0,0,0,0,5.24515e-05,0,1.01599e-05,0,0,0,0,0,0,0,0,0,0,0,0,0,0,0,0,0,0,0,0,0,0,0,0,0,0,0,0,0,0,0,0,0,0,0,1.92055e-06,0,0,0,0,0,0,0,0,0,0,0,0,0,0,0,0,0,0,0,0,0,0,0,0,0,0,0,0,0,0,0,0,0,0,0,0,7.70274e-06,0,0,0,0,0,0,0,0,0,0,0,0,0,6.31503e-05,0,0,0,0,0,0,0,0,0,0,0,0,0,0,0,0,0,0,7.4879e-05,0,0,0,0,7.58282e-06,0,0,0,0,0,0,0,0,0,0,0,0,0,0,0
"PWY-724: superpathway of L-lysine, L-threonine and L-methionine biosynthesis II",0.000512356,0.000433907,0.000513655,0.000429279,0.000545129,0.000589801,0.000617702,0.000601657,0.000444038,0.00051755,0.00045622,0.000436948,0.000369252,0.000515647,0.000612972,0.00052283,0.000642168,0.000590503,0.000538373,0.000323273,0.00044652,0.000520979,0.000416828,0.000398998,0.000452369,0.000549548,0.000508399,0.000529387,0.000547851,0.000333018,0.000603116,0.000581482,0.00067864,0.000559338,0.000645365,0.000502837,0.000340055,0.000537687,0.000439491,0.000452527,0.000406568,0.000536941,0.000489478,0.000349942,0.000460229,0.000636915,0.00043792,0.000590354,0.000466216,0.000641098,0.000575398,0.00046873,0.000379776,0.000505394,0.000404586,0.000386635,0.000559556,0.000516181,0.000769253,0.000466646,0.000490211,0.000622716,0.000417492,0.000462252,0.000437761,0.000288195,0.000551686,0.000572765,0.000498979,0.000453529,0.000424631,0.000461967,0.000349139,0.000414722,0.000390409,0.000421358,0.000462827,0.000287101,0.000300775,0.000653861,0.000602242,0.000468937,0.000511126,0.00057446,0.000542926,0.000401837,0.000632535,0.000573508,0.000485572,0.000804748,0.00036329,0.000616428,0.000562189,0.000555559,0.000609105,0.000317103,0.0004378,0.000599998,0.000551559,0.000369593,0.000566069,0.000579985,0.000361651,0.000562765,0.000495112,0.000443249,0.000544196,0.000442915,0.000519674,0.000315398,0.000759633,0.000579793,0.00054716,0.000431651,0.000455026,0.000523993,0.000505422,0.000551325,0.000565281,0.00039649,0.000479768,0.000451243,0.00044194,0.00054574,0.000473513,0.000432096,0.00040247,0.00035073,0.00045174,0.000450251,0.000416701,0.000424772,0.000338691,0.00025903,0.000459916,0.000397162,0.000493725,0.000388314,0.000230649,0.000411771,0.000417621,0.000483202,0.000508678,0.000306053,0.000391745,0.000457674,0.000422486,0.000414119,0.000411635,0.000437573,0.000380293,0.000440087,0.000382108,0.000561951,0.000408727,0.000403821
"PWY-7254: TCA cycle VII (acetate-producers)",0,0,0,0,0,1.02559e-06,1.01453e-05,0,4.55847e-07,0,1.31312e-06,9.74268e-06,9.19376e-06,0,0,0,0,0,0,3.80733e-05,3.8303e-06,8.05556e-06,7.05846e-06,0,2.23285e-06,0,0,1.28679e-05,1.04916e-06,2.89629e-06,5.42146e-06,1.1095e-06,1.23297e-06,0,0,3.51247e-05,4.19067e-06,0,0,2.34389e-05,2.83202e-05,4.72649e-06,1.58053e-06,0,6.98396e-06,1.93188e-06,1.6311e-06,0,4.97662e-06,4.33961e-06,0,8.50338e-06,0,0,3.39564e-05,0,1.86034e-06,0,9.79357e-06,1.0338e-05,1.94577e-05,0,6.35502e-06,0,2.19439e-05,1.83472e-05,0,0,6.78356e-06,0,4.11752e-06,0,6.71592e-05,8.23653e-06,0,1.15837e-05,2.22828e-05,3.87001e-06,7.52887e-05,0,1.39096e-06,0,0,0,0,2.79088e-05,0,1.6485e-06,0,0,5.14909e-06,2.37225e-06,1.24609e-06,5.78685e-06,9.34718e-06,3.62831e-05,1.2157e-06,0,0,7.96888e-06,9.77598e-06,0,0,0,1.48272e-05,0,2.47955e-06,6.01692e-06,2.11973e-05,0,5.89752e-07,3.62111e-05,0,1.75568e-05,1.09063e-06,0,3.17654e-06,0,0,1.39453e-05,0,4.18473e-06,0,0,1.84951e-06,1.26236e-05,6.14626e-07,8.44604e-06,2.70202e-06,1.89059e-05,1.65732e-06,5.03639e-06,0,3.63909e-07,8.77165e-06,5.38951e-06,1.36989e-05,5.66626e-05,1.65282e-06,1.85147e-06,0,0,2.11291e-05,0,5.70512e-06,4.88902e-06,4.05633e-06,0,0,1.89651e-06,0,4.25832e-06,1.25426e-05,0,2.71117e-06,1.29799e-05
"PWY-7268: cytosolic NADPH production (yeast)",0,0,0,0,0,0,0,0,0,0,0,0,0,0,0,0,0,0,0,0,0,0,0,0,0,0,0,8.33118e-05,0,9.16086e-06,0,0,0,0,0,0,0,0,0,0,0,0,0,0,0,0,0,0,0,0,0,0,0,0,0,0,0,0,0,0,0,0,0,0,0,1.56721e-06,0,0,0,0,0,0,0,0,0,0,0,0,0,0,0,0,0,0,0,0,0,0,0,0,0,0,0,0,0,0,0,0,0,0,0,0,8.82599e-06,0,0,0,0,0,0,0,0,0,0,0,0,0,0.000122663,0,0,0,0,0,0,0,0,0,0,0,0,9.04153e-07,0,0,0,0,0,7.51805e-05,0,0,0,0,8.19246e-06,0,0,0,0,0,0,0,0,0,0,0,0,0,0,0
"PWY-7269: mitochondrial NADPH production (yeast)",0,0,0,0,0,0,8.56563e-07,0,3.9284e-05,0,3.63973e-07,2.05713e-05,0,0,0,0,0,0,0,1.02069e-06,5.63879e-07,2.75339e-07,0,0,0,0,2.41616e-05,5.89773e-05,2.04283e-07,2.85233e-05,0,0,0,0,0,3.38869e-06,2.98279e-05,0,5.85618e-05,3.2149e-06,0,3.03642e-07,0,3.97877e-05,7.87913e-07,0,0,0,1.7313e-06,0,0,8.99435e-08,4.18836e-05,0,1.004e-05,0,0,3.87922e-05,4.82432e-06,0,0,0,0,0,9.01659e-07,1.1651e-05,4.35309e-07,0,7.25826e-07,0,4.80562e-07,0,3.26771e-05,4.01973e-07,0,4.18202e-05,4.05889e-06,4.1968e-07,1.44081e-05,0,7.79738e-07,0,0,0,0,0,0,3.30915e-07,0,0,1.62422e-05,0,0,0,7.31385e-06,9.99744e-06,0,0,0,0,1.83992e-06,0,1.10237e-05,0,4.29224e-07,0,0,3.39029e-05,9.85392e-06,0,0,1.01788e-05,0,4.86508e-06,0,0,9.20464e-05,0,0,9.63692e-06,0,1.76359e-06,0,0,9.7001e-06,0,2.43974e-05,7.14529e-05,0,6.03184e-07,7.57503e-07,6.38677e-07,0,3.66717e-05,9.20105e-07,0.000125721,7.42156e-07,5.36578e-06,0,0,1.22226e-05,0,1.12314e-06,0,0,0,5.86474e-06,0,0,0,0,0,0,0,0,3.70951e-07
"PWY-7279: aerobic respiration II (cytochrome c) (yeast)",0,0,0,0,0,1.57036e-06,0,0,0,0,0,0,0,0,0,0,0,0,0,0,0,0,0,0,0,0,0,0,0,4.57018e-07,0,0,0,0,0,0,0,0,0,6.61917e-07,0,0,0,0,0,0,0,0,1.78568e-06,0,0,0,0,0,0,1.20406e-06,0,0,0,0,0,0,0,0,1.99696e-07,0,0,0,0,0,0,0,0,0,0,0,0,0,0,0,0,0,0,0,0,0,0,0,0,0,0,0,0,0,0,0,0,0,0,0,1.07891e-06,0,0,0,1.76637e-06,0,0,0,2.33847e-06,0,0,0,0,0,0,0,1.81602e-06,0,0,0,0,0,0,0,8.83233e-07,0,0,0,0,0,0,4.20113e-06,0,0,0,4.2979e-07,0,0,0,0,0,0,0,0,0,0,0,0,0,0,0,0,0,0,0,0
"PWY-7282: 4-amino-2-methyl-5-diphosphomethylpyrimidine biosynthesis II",0.000235128,0.000153333,0.000159993,0.000223629,1.89116e-05,3.97679e-05,2.65566e-05,0.000133872,0.000221755,1.9935e-05,9.54672e-05,0.000155071,9.55048e-05,2.54672e-05,1.11441e-05,4.71598e-05,6.03668e-06,3.45025e-05,0.000123875,0.000142283,7.77993e-05,5.3706e-05,0.000144125,8.68625e-05,0.000118671,1.13793e-05,0.000114812,0.000203936,0.00025982,0.000281593,0.000103656,0.000148243,3.16175e-05,4.69688e-06,0.000165706,0.000217984,0.000174562,6.98804e-05,0.000172251,0.000104421,0.000152713,1.28601e-05,4.64825e-05,0.00020756,0.000124507,1.26205e-05,0.000149785,0.000211481,4.58264e-05,8.26403e-05,2.87353e-05,0.000120685,0.000206165,7.50043e-05,0.00012459,0.000280954,2.88036e-05,0.000216264,5.262e-05,0.000100414,0.000105907,3.91303e-05,0.000193803,6.4335e-05,0.000159897,0.000172848,2.30893e-05,2.49648e-05,0.000154614,0.000200217,0.000246614,0.000168285,0.000223732,0.00017472,0.000194179,0.000262428,0.000239631,6.51581e-05,0.000176124,0,1.11168e-05,0.000143759,1.50567e-05,0,0.000166912,0.000204606,6.2833e-05,0.000104833,6.91603e-05,5.61012e-05,0.000276428,3.74044e-05,2.06191e-05,6.4563e-05,6.95608e-05,0.000121883,0.000112673,9.16079e-05,9.82294e-05,0.00015497,7.31614e-05,3.41848e-05,2.70582e-05,0.000133355,0.000107549,2.3154e-05,7.74736e-05,0.000178388,9.33067e-05,7.7389e-05,1.8773e-05,0.000209505,0.000138271,0.000216774,0.000235677,6.80104e-05,0.000143822,1.89875e-05,0.000125195,0.000102444,0.000179124,9.52967e-05,0.000144001,0.000205712,0.000195994,0.000183247,0.000191092,0.000244923,0.000133464,0.000176533,0.000122169,8.22023e-05,6.97274e-05,0.000278979,0.00016795,0.000231173,0.000220631,0.00012442,5.55035e-05,0.000202296,0.000206284,0.00011575,0.000214507,0.0001267,0.000138493,0.000282873,8.60207e-05,0.000199831,0.000228067,0.000120973,0.000164529,0.000168211,0.000126799,5.11692e-05,0.000152775,0.000131045
"PWY-7283: wybutosine biosynthesis",0,0,0,0,0,0,0,0,0,0,0,0,0,0,0,0,0,0,0,0,0,0,0,0,0,0,0,0,0,0,0,0,0,0,0,0,0,0,0,0,0,0,0,0,0,0,0,0,0,0,0,0,0,0,0,0,0,0,0,0,0,0,0,0,0,1.48627e-06,0,0,0,0,0,0,0,0,0,0,0,0,0,0,0,0,0,0,0,0,0,0,0,0,0,0,0,0,0,0,0,0,0,0,0,0,0,0,0,0,0,0,0,0,0,0,0,0,0,0,0,0,0,0,0,0,0,0,0,0,0,0,0,0,0,0,0,0,0,0,0,0,0,0,0,0,0,0,0,0,0,0,0,0,0,0,0,0,0,0
"PWY-7286: 7-(3-amino-3-carboxypropyl)-wyosine biosynthesis",0,3.45561e-06,0,0,0,0,0,0,0,3.44409e-06,0,6.98632e-07,6.26506e-05,0,0,0,0,0,0,5.024e-06,1.64848e-05,0,0,5.08202e-06,0,3.80727e-06,0,0,0,3.19775e-07,0,0,0,0,0,6.20292e-06,0,0,0,0,0,0,2.0053e-05,0,0,0,8.58351e-07,0,8.40008e-06,0,1.24187e-05,1.84786e-05,0,0.000123778,7.14634e-06,0,0,0,0,1.47069e-05,0,0,2.19966e-05,0,6.83434e-05,1.97313e-06,0,0,0,6.73707e-07,1.95244e-06,0,0,0,0,5.84766e-06,2.65608e-06,0,0,0,6.63196e-06,3.77774e-06,0,0,8.99011e-05,0,0,1.84816e-05,1.12273e-05,0,0,0,0,0,0,0,0,0,0,2.41143e-05,1.69868e-05,0,0,0,0,5.4189e-05,1.28929e-05,0,0,7.79509e-07,0,0,0,4.32657e-05,0,0,0,0,8.89606e-06,4.75358e-06,0,2.76755e-05,8.1072e-06,0,0,0,0,1.45231e-05,1.05247e-06,0,1.2423e-05,0,4.97549e-07,1.71885e-07,0,0,0,2.72058e-05,0,5.36786e-06,0,0,0,0,0,0,0,7.8132e-06,0,0,0,0,3.66984e-06,0,0,5.95397e-05
"PWY-7294: D-xylose degradation IV",0,0,0,0,0,0,0,0,0,0,0,0,0,0,0,0,0,0,0,0,0,0,0,0,0,0,0,5.91442e-06,0,0,0,0,0,0,0,0,2.03947e-06,0,0,0,0,0,0,0,0,0,0,0,0,0,0,0,0,0,0,0,0,0,0,0,0,0,0,0,0,0,0,0,0,0,0,0,0,0,0,0,0,0,0,0,0,0,0,0,0,0,0,0,0,0,0,0,0,0,0,0,0,0,0,0,0,0,1.05077e-06,0,0,0,0,0,0,0,0,0,0,8.24598e-07,0,0,0,0,0,0,0,0,0,0,0,0,0,0,0,0,0,0,0,0,0,0,0,0,0,0,4.02631e-06,0,0,0,0,0,0,0,0,0,0,0,0,0,0,0
"PWY-7312: dTDP-&beta;-D-fucofuranose biosynthesis",3.678e-05,0,0,8.1176e-06,0,0,0,0,1.67275e-06,0,0,1.62594e-06,0,0,0,0,0,1.74588e-06,0,0,0,0,0,4.46658e-06,0,0,0,0,3.43702e-06,4.43984e-07,0,0,0,0,0,7.10028e-06,0,8.4523e-07,0,0,9.54268e-07,0,0,0,0,0,0,0,0,0,0,0,0,0,0,0,0,0,0,0,4.04147e-06,0,0,0,0,4.86845e-06,1.7948e-06,0,0,0,0,1.35703e-06,9.63871e-06,9.43186e-06,0,0,0,0,7.50665e-06,0,0,0,0,0,0,4.45642e-06,0,9.44023e-07,3.68277e-06,0,0,8.74796e-07,0,0,0,0,0,0,0,2.22743e-06,0,0,0,0,3.36329e-06,0,7.3146e-06,0,0,0,0,5.12238e-06,0,0,2.36015e-05,0,0,0,1.70886e-06,0,1.35681e-06,0,0,0,0,1.38406e-06,0.000173745,0,1.44942e-05,2.71688e-05,1.74615e-06,0,2.31167e-06,0,0,2.24267e-06,0,0,0,0,0,1.05353e-05,2.49896e-05,7.15626e-06,0,0,0,0,0.000149171,1.13534e-05,4.38862e-06,1.10667e-05,0,0,1.22544e-05,1.81179e-06
"PWY-7315: dTDP-N-acetylthomosamine biosynthesis",3.25954e-05,1.6584e-05,1.98532e-05,1.3206e-05,1.69527e-05,7.3528e-06,3.04571e-05,3.24888e-05,0.000113871,9.89314e-05,1.36163e-05,5.09116e-05,1.66761e-05,5.76544e-06,0.000134435,3.04855e-06,2.66903e-06,0.000101404,3.16686e-05,5.09368e-05,1.74198e-05,5.97802e-05,8.01759e-05,7.0274e-05,3.14327e-05,1.7091e-05,6.58021e-05,4.39034e-05,2.6742e-05,0.00014803,1.11087e-06,6.50029e-06,2.42638e-06,0.000114862,2.85814e-05,9.93007e-06,5.80268e-05,0.000123177,0.000113024,8.17406e-06,2.80814e-05,3.3703e-06,1.90753e-05,0.000102296,1.20859e-05,1.77073e-05,4.63746e-05,1.213e-05,1.71805e-05,3.48372e-06,9.06231e-06,1.20355e-05,8.68623e-05,6.70757e-06,3.34714e-05,0.000129192,4.80021e-06,6.37511e-05,1.05969e-05,2.34312e-05,2.06047e-05,1.26347e-05,2.7345e-05,5.90765e-05,1.16087e-05,4.89153e-05,2.98281e-06,5.38674e-06,2.27301e-05,2.894e-05,1.00916e-06,1.296e-05,5.58585e-05,1.17889e-05,2.08572e-05,8.73531e-05,3.26366e-05,2.65624e-06,3.61479e-05,4.08036e-05,2.71576e-05,1.07657e-05,1.36563e-05,0,1.49697e-06,5.15399e-06,1.82852e-05,2.64225e-05,7.71016e-05,0,0.000139348,2.71736e-06,1.75811e-05,6.11538e-06,1.99633e-05,1.91919e-05,8.37581e-05,7.66066e-05,0,3.16677e-05,1.95678e-05,1.38611e-05,1.57141e-05,2.52861e-05,2.87158e-05,3.20305e-05,4.06959e-05,6.34461e-05,3.37997e-05,2.32572e-06,3.45457e-05,9.8899e-05,1.48284e-05,3.02073e-05,0.000121337,7.17406e-05,9.23846e-05,1.53287e-05,3.75143e-05,2.77617e-05,1.90718e-05,2.81066e-05,1.95522e-05,0,1.85592e-05,2.52629e-06,6.00699e-05,0.000150436,2.21403e-05,4.74529e-06,5.37981e-06,3.29541e-05,3.18277e-06,0.000158477,6.07887e-05,0.000142437,0.000166887,1.06915e-05,1.59797e-05,7.37429e-05,2.70871e-05,0,5.01886e-05,0,6.67702e-05,1.68832e-05,5.91187e-05,3.97608e-06,1.06605e-06,1.65187e-06,2.33168e-05,6.82138e-06,1.18167e-05,3.88172e-06,8.66269e-06,1.10507e-05
"PWY-7316: dTDP-N-acetylviosamine biosynthesis",0,3.49784e-06,0,9.50028e-07,0,0,0,0,0,0,0,0,0,9.0048e-07,0,0,0,0,0,0,0,0,0,7.36549e-07,0,0,0,0,6.66414e-07,0,0,0,0,0,0,0,3.46386e-05,7.59773e-07,8.98601e-07,0,0,0,1.0238e-06,0,7.01716e-06,0,4.58649e-06,0,0,0,0,0,0,0,0,0,0,0,0,7.67289e-07,0,0,0,0,3.55221e-06,0,0,0,0,0,8.10205e-06,7.4739e-07,4.14837e-06,7.39307e-06,0,0,3.22422e-05,0,2.25631e-06,0,0,0,0,0,0,4.13341e-06,0,0,0,0,0,0,0,0,0,0,0,0,0,1.39352e-06,2.34824e-06,0,0,0,0,3.72117e-06,0,0,0,6.50893e-06,0,1.69624e-05,0,1.85288e-06,1.03429e-05,0,0,0,1.05682e-06,0,1.63229e-05,7.54212e-06,1.21493e-06,6.58382e-07,0,0,0,0,7.43866e-06,0,2.16987e-06,0,0,0,2.74395e-06,0,2.76981e-06,2.34496e-05,0,1.87873e-06,6.50839e-05,0,5.99588e-06,0,0,0,8.63222e-07,3.90866e-06,0,2.61268e-06,2.35132e-06,0,0,7.85541e-07,3.36277e-06,0
"PWY-7317: superpathway of dTDP-glucose-derived O-antigen building blocks biosynthesis",0,0,0,0,0,0,0,0,0,0,0,0,0,0,0,0,0,0,0,0,0,0,0,0,0,0,0,0,0,0,0,0,0,0,0,0,0,0,0,0,0,0,0,0,0,0,0,0,0,0,0,0,0,0,0,0,0,0,0,0,0,0,0,0,0,0,0,0,0,0,0,0,0,0,0,0,0,0,1.63681e-06,0,0,0,0,0,0,0,0,0,0,0,0,0,0,0,0,0,0,0,0,0,0,0,0,0,0,0,0,0,0,0,0,0,0,0,0,0,0,0,0,0,0,0,0,0,0,0,0,0,0,0,0,0,0,0,0,0,0,0,0,0,0,0,0,0,0,0,0,0,0,0,0,0,0,0,0,0
"PWY-7323: superpathway of GDP-mannose-derived O-antigen building blocks biosynthesis",0.000111108,5.05062e-05,9.14255e-05,7.92545e-05,9.39916e-05,0.000114351,3.15569e-05,2.3395e-05,0.000136909,9.28002e-05,4.96639e-05,0.000112421,2.49483e-05,9.90437e-05,0.000163377,4.45896e-05,1.76896e-05,0.000102469,6.94011e-05,6.5334e-05,3.48608e-05,2.78497e-05,1.22906e-05,6.40738e-05,4.69505e-05,6.10713e-05,5.779e-05,8.47186e-05,9.12186e-05,0.000246962,6.57289e-05,0.000134268,3.43941e-05,0.000105527,0.000122125,8.05565e-05,0.00013389,4.84504e-05,9.05584e-05,4.46958e-05,8.9969e-05,4.56337e-05,7.99412e-05,0.000177046,6.22315e-05,4.0873e-05,8.5549e-05,2.07642e-05,7.52988e-05,9.43407e-05,6.69158e-05,5.5316e-05,0.000142215,2.52178e-05,0.0001185,0.000200916,0.000278569,0.000143622,5.04842e-05,6.3437e-05,4.72351e-05,8.68029e-05,8.20383e-05,1.04685e-05,6.4179e-05,0.000154636,7.44278e-06,2.28774e-05,5.22918e-05,7.48085e-05,0.000188362,9.6533e-05,0.00020796,0.000186989,8.65685e-05,0.00016756,0.000147921,3.64367e-05,0.00015852,3.71073e-05,5.83669e-05,0.00011083,4.82589e-05,6.82412e-05,1.61025e-05,8.36698e-05,0.000154211,3.81639e-05,6.14135e-05,7.56845e-05,0.000238371,0.000122168,7.20532e-05,4.37032e-05,1.02068e-05,9.29919e-05,0.000100983,0.000191948,0.000143552,9.68532e-05,2.50078e-05,2.95273e-05,0.000147319,5.15805e-05,4.68816e-05,2.68313e-05,8.06284e-05,8.14163e-05,9.35677e-05,8.21592e-05,5.11499e-06,0.000101018,0.000133607,9.67698e-05,0.000148854,8.33702e-05,4.2226e-05,6.43339e-05,0.000130754,7.4517e-05,0.000120196,6.57609e-05,9.02687e-05,7.61671e-05,0.00013378,7.56467e-05,0.000226217,0.000244237,8.93656e-05,0.000104703,7.81713e-05,7.88614e-05,9.08697e-05,0.000201467,0.000141141,7.13865e-05,0.000126636,0.000102471,5.05507e-05,9.57389e-05,0.000117388,0.000191855,8.56858e-05,3.03563e-05,0.000163294,0.000122094,8.33956e-05,9.41237e-05,0.000133272,6.17482e-05,0.000126893,0.00010263,8.27101e-05,0.000106402,8.65513e-05,9.08594e-05
"PWY-7328: superpathway of UDP-glucose-derived O-antigen building blocks biosynthesis",0.000229723,0.000231156,0.00021808,0.000112506,0.0003229,0.000244426,0.000163097,0.000189132,0.000278318,0.000163125,0.000122993,0.00022383,0.000111463,0.000169837,0.000307413,0.000326477,0.000110197,0.000271485,0.000297765,0.000125667,0.000256128,0.000144301,0.000193063,0.000178006,0.000146021,0.000268189,0.000221967,0.000270256,0.000139215,0.000188747,0.000331982,0.000217777,0.000147189,0.000260028,0.000118474,0.000175108,0.000233051,0.00018359,0.000239168,0.000210876,0.000277873,0.000267723,0.000330901,0.000288315,0.000203573,0.000210766,0.000164948,0.000301479,0.000186271,0.000246929,0.00033093,0.000342331,0.000268011,0.000222293,0.000240083,8.7615e-05,8.20736e-05,0.000292153,0.000235449,0.000230194,0.000186755,0.000216932,0.000229272,0.000225382,0.000170843,0.000266478,0.000241472,0.000217842,0.000280738,0.000178434,0.000116198,0.000110064,0.000252473,0.000107467,9.3252e-05,0.00032455,0.000234393,0.000104539,0.000201527,0.000169317,0.00012271,0.00017742,0.000135306,0.000356978,0.000268886,0.000236327,0.000280583,0.000258369,0.000185713,0.000264531,0.000222206,0.000150398,0.000238456,0.000213866,0.000387219,0.000198627,0.000203315,0.00023533,0.000283992,0.000142123,0.000201361,9.4468e-05,0.000126194,0.000242468,0.000153451,0.000183687,0.00027556,0.000186515,0.000331314,0.000129713,0.000179863,0.000161491,0.00031195,0.000226683,0.000105142,0.000269789,0.000238331,0.000259313,0.000241626,0.000195442,0.000222004,0.000157366,0.000127879,0.000130828,0.000182246,0.000150298,0.000292443,0.000120514,0.000132666,0.000211717,0.000168592,0.000273775,8.49166e-05,1.01152e-05,0.000184901,0.000322735,0.000122457,0.000184426,0.000166089,6.97642e-05,0.000259575,0.000109756,0.000209425,5.11362e-05,0.000167998,3.7239e-05,0.000145455,0.000190056,0.00012467,0.000115804,0.000133082,0.000149407,0.000157691,0.000297823,0.000195195,0.000191768
"PWY-7332: superpathway of UDP-N-acetylglucosamine-derived O-antigen building blocks biosynthesis",0,0,0,0,0,0,0,0,0,0,0,0,0,0,0,0,0,0,0,0,0,0,0,0,0,0,0,0,0,0,0,0,0,0,0,5.87361e-06,3.40735e-06,0,1.297e-06,0,0,0,0,0,0,0,0,0,0,0,0,0,0,0,0,0,0,0,0,0,0,0,2.03257e-06,0,2.21749e-06,1.69124e-06,0,0,0,0,0,4.33104e-06,0,0,0,0,0,0,0,0,0,0,0,0,0,0,0,0,0,0,0,0,0,0,0,0,0,0,0,0,0,0,0,0,0,0,0,0,0,0,0,0,0,3.75068e-06,0,0,0,0,0,0,0,4.03411e-06,0,0,0,0,0,1.01619e-06,0,3.36927e-06,0,0,0,0,0,0,0,0,0,0,0,0,0,0,0,0,0,0,0,0,6.68293e-06,0,0,0,0,2.41911e-06
"PWY-7340: 9-cis, 11-trans-octadecadienoyl-CoA degradation (isomerase-dependent, yeast)",1.16391e-06,0,0,0,0,1.31542e-06,0,0,0,0,0,0,0,0,0,0,0,0,0,8.10636e-06,0,0,0,0,0,0,2.74269e-05,7.58683e-07,4.79383e-07,5.33458e-06,1.48383e-06,0,0,0,0,1.4919e-06,1.45512e-05,0,6.86189e-06,0,1.05104e-06,0,0,0,3.3851e-06,0,0,0,0,0,0,1.35003e-06,0,0,0,0,0,9.64279e-07,3.88099e-06,0,0,0,6.57027e-06,0,4.12538e-06,6.45144e-06,0,0,1.37519e-06,0,6.80458e-07,0,2.51444e-06,9.68007e-07,0,0,0,3.19669e-07,5.77583e-06,0,0,0,0,0,0,2.50503e-06,0,5.06728e-07,0,0,0,0,0,5.12717e-06,0,5.26491e-06,4.28629e-07,0,0,2.48968e-06,0,0,3.70863e-06,0,0,0,0,0,0,3.36032e-07,0,2.25862e-06,0,0,0,0,0,0,0,0,0,6.20504e-07,0,0,1.02355e-05,0,1.41701e-05,0,0,1.65204e-06,0,2.69726e-06,0,2.11813e-06,3.06967e-06,0,2.07957e-06,2.66304e-06,9.16972e-07,0,2.22554e-05,0,3.38138e-06,0,8.85136e-07,8.23315e-07,7.75429e-06,0,0,7.0816e-07,0,0,1.41979e-06,0,0,1.03035e-06
"PWY-7345: superpathway of anaerobic sucrose degradation",0.000108109,0.000179531,4.23614e-05,9.75533e-05,5.41456e-05,3.09039e-05,9.00801e-05,3.88374e-05,0.000360817,7.94474e-05,8.01989e-05,0.00028839,7.56558e-05,4.20221e-05,7.10664e-06,7.85616e-05,1.16582e-05,5.82397e-05,8.82194e-06,0.000119818,0.000128175,8.58809e-05,9.57493e-05,0.000135961,6.73001e-05,0.000120312,0.000186483,0.000307343,0.000176689,0.000381275,0.000110326,9.549e-05,1.11679e-05,6.38131e-05,1.10914e-05,0.000238757,0.000260744,4.21654e-05,0.000317174,0.000137811,0.000190403,3.59306e-05,0.000115729,0.000328453,0.000108752,9.04758e-05,5.11608e-05,0.000129062,8.15915e-05,5.95012e-05,0.000163133,0.000197303,0.000341464,0.000143724,0.000247285,0.000421036,7.56022e-05,0.000324391,6.62298e-05,0.000183049,0.000104693,1.80421e-05,0.000245836,2.46699e-05,0.000174544,0.000225384,4.85854e-05,4.09067e-05,0.000184433,0.000112579,0.00015018,0.00013063,0.000313936,0.000122225,0.000103808,0.000372433,0.000255496,9.10326e-05,0.000215215,0,0.000107975,0.000110455,6.46066e-06,0,0.000149673,0.000207029,4.4644e-06,0.000202012,0.000136733,7.6602e-06,0.00037393,3.06529e-05,7.71987e-05,0.000104452,0.000243949,0.000140521,8.97095e-05,4.85017e-06,2.66364e-05,0.000176555,0.000173,9.05252e-05,5.88697e-05,0.000103769,9.49879e-05,0.000143832,0.000126505,0.000289769,0.000180559,5.92933e-05,2.10446e-05,0.000187723,7.72255e-05,0.000197687,0.000154008,1.0481e-05,0.000194748,3.00475e-05,0.00016006,0.00017434,0.000124976,0.000152025,0.000115056,0.000149335,0.000203614,0.000120836,0.000308097,0.000414378,0.000150862,9.38221e-05,0.000182836,0.0001389,0.000102697,0.000321276,0.000152518,0.000270455,5.18514e-05,0.000132632,3.22799e-05,0.000108735,0.000209862,9.17913e-05,0.000178147,0.000111324,0.000112684,0.000147343,0.000162745,0.000128371,0.000118325,6.02534e-05,0.000105607,0.000116927,9.5001e-05,0.000192187,0.000105162,0.000172861
"PWY-7347: sucrose biosynthesis III",0,0,0,0,0,0,0,0,0,0,0,0,0,0,0,0,0,0,0,0,0,0,0,0,0,0,0,0,0,0,0,0,0,0,0,0,0,0,0,0,0,0,0,0,0,0,5.63219e-07,0,0,0,0,0,0,0,0,0,0,0,0,0,0,0,0,0,0,0,0,0,0,0,0,0,0,0,0,0,0,0,0,0,0,0,0,0,0,0,0,0,0,0,0,0,0,0,0,0,0,0,0,0,0,0,0,0,0,0,0,0,0,0,0,0,0,0,0,0,0,0,0,0,0,0,0,0,0,0,0,0,0,0,0,0,0,0,0,0,0,0,0,0,0,0,0,0,0,0,0,0,0,0,0,0,0,0,0,0
"PWY-7356: thiamine diphosphate salvage IV (yeast)",3.83653e-05,5.42704e-05,6.49648e-05,2.58119e-05,9.52502e-05,0.000177167,2.73462e-05,0.000176029,0.000134978,3.04595e-05,8.32419e-05,8.2471e-05,4.10304e-05,6.77084e-05,5.4277e-05,0.000113793,2.53627e-05,8.70628e-05,9.64172e-05,7.70214e-05,4.75012e-05,3.12848e-05,6.31647e-05,6.08176e-05,8.35527e-05,0.000106785,8.3728e-05,0.00024631,8.70214e-05,2.48687e-05,3.32652e-05,8.73888e-05,0.000113581,7.53115e-05,1.43141e-05,6.63216e-05,5.49854e-05,5.18493e-05,9.35036e-05,0.000104325,8.59643e-05,3.49815e-05,7.30253e-05,2.0414e-05,3.13297e-06,0.000153925,2.70813e-05,7.76935e-05,2.65863e-05,0.000260617,0.000128756,7.95454e-05,4.80799e-05,5.04072e-05,6.34198e-05,1.07143e-05,3.2954e-05,0.000133551,7.0722e-05,8.00869e-05,6.87652e-05,4.28747e-05,9.12216e-05,4.4033e-05,4.44034e-05,2.74823e-05,0.00010341,7.81347e-05,0.000130828,6.34621e-05,8.44669e-05,0.000118853,4.59731e-05,1.73549e-05,4.35706e-05,0.000128257,7.65076e-05,3.19611e-05,2.56168e-05,0.000220667,0.000211227,7.35648e-05,2.53766e-05,3.25925e-05,4.76223e-05,3.80789e-05,0.000177355,0.000203112,8.23625e-05,0.00031319,1.53287e-05,0.000206874,5.6741e-05,0.000136061,0.000119626,2.91797e-05,3.02578e-05,3.32242e-05,5.79891e-05,3.62121e-05,0.000218873,2.23848e-05,2.87534e-06,0.000102483,5.0619e-05,0.000123241,7.95879e-05,5.67347e-05,0.000105481,6.51561e-05,0.00027483,6.87976e-05,3.62084e-05,5.18943e-05,0.00012964,9.54808e-05,0.00010446,5.26731e-05,6.10045e-05,7.74543e-05,1.91211e-05,6.34991e-05,0.000105848,5.21265e-05,5.18701e-05,0.000139488,0,2.41973e-05,6.77886e-05,4.95098e-05,9.68188e-05,5.97353e-05,2.69625e-05,3.52523e-05,6.96339e-05,0.000129097,7.87109e-05,8.03161e-06,2.92571e-06,2.23804e-05,1.21393e-05,6.54067e-05,9.37257e-05,4.84462e-06,3.54583e-05,3.30345e-05,6.30621e-05,6.0174e-05,6.95725e-05,0.000107652,6.22237e-05,3.82667e-05,5.07546e-05,5.23921e-05,4.00654e-05,5.29291e-05
"PWY-7357: thiamine phosphate formation from pyrithiamine and oxythiamine (yeast)",0.000374141,0.000341714,0.000487503,0.000344095,0.000497537,0.000528554,0.000630491,0.000603993,0.00036214,0.000494331,0.000331937,0.000334913,0.000130681,0.000522211,0.000548778,0.000443787,0.000615849,0.000575135,0.000485591,0.000207578,0.00038886,0.000554679,0.00026726,0.000305081,0.000340732,0.000548588,0.000634273,0.000347673,0.000540085,0.000252474,0.000542788,0.000503863,0.000765688,0.000626779,0.000646383,0.00041749,0.000278619,0.000518803,0.000348269,0.000313253,0.000372345,0.000533069,0.000423595,0.000314726,0.000489882,0.000592901,0.000273639,0.000440568,0.000459101,0.000446912,0.000512188,0.000373905,0.000298659,0.000287869,0.000333241,0.000231651,0.000697823,0.000432773,0.000625933,0.000409375,0.000381839,0.000680564,0.000295747,0.000590857,0.00027747,0.000251514,0.000441111,0.000498966,0.000358189,0.000325593,0.000297395,0.000466771,0.000256253,0.000323126,0.000312699,0.000299617,0.000337504,0.000161525,0.000241851,0.000606926,0.000541101,0.000373874,0.000518958,0.000879009,0.000239947,0.000312453,0.000619474,0.000400793,0.000412818,0.000563172,0.000293462,0.000498284,0.000474548,0.000564701,0.000603526,0.000153101,0.000443027,0.000623141,0.000571201,0.00028478,0.000541831,0.000650045,0.000398446,0.00050228,0.000457289,0.000236547,0.000405414,0.000421249,0.000442833,0.000241763,0.000577348,0.000574585,0.000542191,0.000381645,0.000389606,0.000573995,0.000493775,0.000532036,0.000485693,0.000223309,0.000393953,0.000277709,0.000380915,0.000573064,0.00037687,0.000317366,0.000244312,0.000214457,0.000312846,0.000366514,0.000271878,0.000419167,0.000388174,0.000152227,0.000417496,0.000274534,0.000513582,0.000257356,0.000341853,0.000205566,0.000288748,0.000492669,0.000432282,0.000136638,0.000378545,0.000317383,0.000373548,0.000360684,0.000278681,0.000364535,0.000341018,0.00032147,0.000336497,0.000511628,0.000429926,0.000264684
"PWY-7371: 1,4-dihydroxy-6-naphthoate biosynthesis II",4.17217e-06,0,0,0,0,0,0,1.32472e-06,0,0,0,0,0,0,0,1.81068e-06,0,0,0,2.03024e-06,0,0,0,0,1.77605e-06,0,0,0,2.44674e-06,0,0,0,0,0,5.69483e-07,0,0,0,0,0,0,3.91912e-07,0,0,0,0,0,0,0,0,0,0,0,0,0,0,0,0,0,0,0,0,1.52812e-06,0,0,3.99638e-06,0,0,8.50255e-07,0,3.51683e-06,0,6.98896e-07,2.40487e-06,1.18865e-05,0,1.57654e-05,0,0,0,0,0,0,0,0,2.78637e-06,0,0,0,0,0,0,0,0,0,1.3527e-06,4.66797e-06,0,5.94173e-07,0,0,0,0,9.75744e-07,0,5.54497e-06,1.43992e-05,0,0,1.58426e-06,8.26331e-07,0,0,0,2.02003e-06,0,0,1.49936e-06,1.4013e-06,5.58227e-07,1.32348e-05,2.64115e-05,0,0,0,0,0,0,0,0,0,0,0,0,1.76934e-06,0,0,2.21551e-05,1.2899e-05,3.88387e-06,0,2.8032e-06,0,1.70688e-05,0,0,0,2.65217e-06,0,0,0,4.00529e-06,0,0,0,1.45865e-05
"PWY-7374: 1,4-dihydroxy-6-naphthoate biosynthesis I",0,0,0,0,0,0,0,0,0,0,0,0,0,0,0,0,0,0,0,0,0,0,0,0,0,0,0,0,0,0,0,0,0,0,0,0,0,0,0,0,0,0,0,0,0,0,0,0,0,0,0,0,0,0,0,0,0,0,0,0,0,0,0,0,0,0,0,0,0,0,0,0,0,0,0,0,5.33143e-06,0,0,0,0,0,0,0,0,0,0,0,0,0,0,0,0,0,0,0,0,0,0,0,0,0,0,0,0,0,0,0,0,0,0,0,0,0,0,0,0,0,0,0,0,0,0,0,0,0,0,0,0,0,0,0,0,0,0,0,0,0,0,0,0,0,0,0,0,0,0,0,0,0,0,0,0,0,0,0
"PWY-7383: anaerobic energy metabolism (invertebrates, cytosol)",5.70105e-05,0.000138125,0.00015018,0.000249526,9.38234e-05,2.36486e-05,3.58126e-05,0.000111273,9.05403e-06,7.62078e-05,0.000126124,9.51739e-05,0.000232655,9.03434e-05,4.05827e-05,0.000156944,9.57493e-05,5.60734e-05,0.000132206,0.00017296,8.48623e-05,8.76584e-05,0.000165778,9.1271e-05,0.000119163,9.02518e-05,3.84871e-05,1.33731e-05,0.000145031,2.26878e-05,0.000101175,4.51086e-05,5.73196e-05,6.79937e-05,8.74061e-05,0.000133121,2.84051e-05,0.000105333,1.82641e-05,8.56377e-05,0.000125665,0.000109171,8.11769e-05,2.43062e-05,5.53968e-05,4.39987e-05,0.000135679,0.00016706,7.78084e-05,1.87125e-05,9.36424e-05,9.97135e-05,4.66881e-05,0.000105116,9.3466e-05,1.37318e-05,4.08747e-06,2.38363e-05,6.83168e-05,7.24367e-05,0.000118039,6.04295e-05,0.000167943,5.48163e-05,0.000242677,6.84798e-05,2.8878e-05,4.56152e-05,0.000165062,0.000206433,0.00013466,0.000115502,9.2167e-05,8.61808e-05,0.000145264,9.05397e-05,0.000146012,9.95822e-05,2.95771e-05,7.40711e-05,6.93333e-05,0.000173466,5.55181e-05,3.00738e-05,0.000174411,0.000111855,6.96638e-05,0.000130371,0.000111334,2.18215e-05,4.71247e-05,0.00012027,9.16452e-05,8.38468e-05,6.51444e-05,0.000141279,5.40175e-05,5.09661e-05,0.000122042,0.000112902,0.000122173,0.000167342,3.05771e-06,0.00011025,0.000132778,4.8487e-05,0.000141129,4.50916e-05,0.000101147,9.30116e-05,2.366e-05,0.000146769,9.86884e-05,0.000142013,0.000209077,6.93164e-05,5.53498e-05,6.33697e-05,0.000129813,0.00010574,0.000208875,0.000145967,0.000161013,0.000155983,6.68649e-05,0.000218343,3.60907e-05,9.64681e-05,0.000175726,8.44495e-05,0.00015487,0.000101446,4.56738e-05,1.1083e-06,7.41494e-05,2.62629e-05,0.00016647,0.000113101,8.52567e-05,0.000137955,3.68123e-05,0.000100591,0.000140813,1.97992e-05,2.97148e-05,9.92174e-05,9.46887e-05,0.000125494,0.000142033,6.15914e-05,9.23813e-05,0.000131532,9.43837e-05,4.02031e-05,7.66789e-05,9.55138e-05
"PWY-7384: anaerobic energy metabolism (invertebrates, mitochondrial)",0,0,0,0,0,0,6.11307e-07,0,1.32664e-05,0,0,2.9415e-06,0,0,0,0,0,0,0,4.14948e-06,2.71827e-07,4.61656e-07,0,0,0,0,0,6.10684e-06,0,7.29555e-06,0,0,0,0,0,8.04073e-07,1.26918e-05,0,0,0,0,0,0,3.68494e-06,2.85089e-06,0,0,0,0,0,0,0,0,0,0,0,0,1.44847e-06,4.66278e-07,0,0,0,4.99073e-06,0,2.5324e-06,1.27869e-05,3.33407e-07,0,2.88772e-07,0,2.37373e-07,0,2.13766e-05,2.13561e-07,0,1.52613e-05,6.47849e-07,0,1.12664e-05,0,0,0,0,0,0,3.74666e-07,0,0,0,0,6.81551e-06,0,0,0,0,5.66666e-06,0,0,0,0,0,0,0,0,0,0,0,1.99059e-06,4.57421e-06,0,0,1.96887e-05,0,4.82855e-07,0,0,0,0,0,4.48579e-06,0,3.51413e-07,0,0,0,3.27363e-07,0,3.37821e-06,0,4.23169e-07,0,4.73409e-07,0,0,3.71994e-07,0,5.34786e-07,6.34591e-07,0,0,7.99384e-06,0,2.94473e-06,0,0,0,3.94825e-06,0,0,0,0,0,0,0,0,3.9113e-07
"PWY-7385: 1,3-propanediol biosynthesis (engineered)",0,0,0,0,0,3.57468e-06,4.7776e-06,0,0.000131809,0,2.38558e-06,2.32809e-05,1.05544e-06,0,0,0,0,0,0,2.06251e-05,2.1012e-06,2.79231e-06,9.72268e-07,0,0,0,1.51882e-05,2.87944e-05,1.79436e-06,6.26866e-05,0,1.49739e-06,0,0,0,1.63564e-05,6.89179e-05,0,0,0,2.09426e-05,0,0,6.9795e-05,1.5598e-05,0,4.11092e-06,0,0,5.65205e-06,0,0,1.32871e-05,0,3.46521e-05,0.00010507,8.47579e-06,2.57382e-05,2.32849e-06,2.58649e-05,5.45477e-06,0,2.01748e-05,0,1.82795e-05,3.46321e-05,2.0076e-06,0,6.48201e-06,0,3.25145e-06,0,2.39942e-05,4.38259e-06,0,2.51946e-05,2.25316e-05,0,1.0471e-05,0,5.10638e-06,0,0,0,0,5.20705e-06,0,2.36036e-06,0,0,1.85197e-05,0,0,1.41377e-05,1.06942e-06,2.14912e-05,1.66037e-06,0,0,1.40324e-05,1.95044e-06,0,1.30092e-05,0,1.53559e-06,0,0,5.25305e-05,7.81667e-05,2.14588e-06,9.13764e-07,3.88677e-05,0,8.94293e-07,2.53037e-06,0,0,0,0,2.13711e-05,0,2.67152e-06,0,0,3.11725e-06,2.62579e-06,0.000109088,6.24501e-06,0,4.35979e-06,1.31244e-06,1.92244e-06,6.64953e-07,2.06155e-05,4.54311e-06,0,2.60265e-06,1.58998e-05,7.64602e-07,0,3.41372e-05,0,1.2274e-05,0,2.193e-06,2.34159e-06,4.05235e-05,0,6.02133e-07,0,0,0,5.29877e-07,8.89363e-06,0,2.40291e-06
"PWY-7388: octanoyl-[acyl-carrier protein] biosynthesis (mitochondria, yeast)",0,0,0,0,0,0,1.57274e-05,7.65574e-06,0.000134274,0,0,8.95165e-06,0,0,2.56045e-05,0,0,0,0,0,0,2.95648e-06,7.9552e-07,0,1.47089e-06,4.21793e-05,2.3136e-05,1.58196e-06,0,1.00368e-05,3.53047e-06,1.72335e-06,0,0,0,3.35997e-06,2.214e-05,1.0262e-06,7.29696e-05,3.8058e-06,0,0,3.86678e-06,7.35599e-05,0,0,0,2.07195e-05,0,6.81422e-06,0,8.00607e-06,2.39496e-05,0,2.36942e-05,0,4.34671e-05,7.1567e-06,2.57696e-06,0,1.1898e-06,0,7.93645e-06,0,1.24176e-06,5.1855e-06,7.42527e-06,0,0,0,0,0,0,0,0,7.72925e-05,0,0,0,0,3.34549e-06,0,1.85053e-06,0,0,1.32812e-06,0,0,0,0,0,0,0,0,8.77197e-07,8.3412e-06,1.6981e-06,1.09503e-05,0,0,0,0,3.53767e-06,0,0,5.51214e-06,2.1419e-06,7.25087e-05,2.72651e-05,0,0,0,2.36497e-06,1.95186e-06,0,0,0,0,4.80428e-06,6.52356e-06,0,0,0,0,5.27514e-06,0,3.86821e-06,0,6.69752e-07,2.87782e-06,0,0,0,0,0,0,3.15919e-06,2.84736e-06,0,0,3.63595e-06,0,0,0,0,0,8.75084e-07,0,0,0,0,0,2.9658e-06,0,0,7.63342e-07
"PWY-7389: superpathway of anaerobic energy metabolism (invertebrates)",0,0,0,0,0,0,9.82889e-07,0,8.67428e-06,0,0,4.68936e-06,0,0,0,0,0,0,0,6.49796e-06,4.40083e-07,7.47244e-07,0,0,0,0,0,7.72022e-06,0,9.87136e-06,0,0,0,0,0,1.30065e-06,1.6122e-05,0,0,0,0,0,0,5.46975e-06,3.76374e-06,0,0,0,0,0,0,0,0,0,0,0,0,2.26764e-06,7.52315e-07,0,0,0,7.96206e-06,0,4.01548e-06,1.83895e-05,5.37905e-07,0,4.6852e-07,0,3.85175e-07,0,3.03391e-05,3.46217e-07,0,2.2436e-05,1.03974e-06,0,1.47875e-05,0,0,0,0,0,0,6.07088e-07,0,0,0,0,1.01571e-05,0,0,0,0,8.54188e-06,0,0,0,0,0,0,0,0,0,0,0,3.14785e-06,7.22877e-06,0,0,2.95192e-05,0,7.82117e-07,0,0,0,0,0,6.96233e-06,0,5.69755e-07,0,0,0,5.29345e-07,0,5.37202e-06,0,6.85143e-07,0,7.66715e-07,0,0,6.02601e-07,0,8.67083e-07,1.02305e-06,0,0,1.14377e-05,0,4.72346e-06,0,0,0,6.1679e-06,0,0,0,0,0,0,0,0,6.33751e-07
"PWY-7391: isoprene biosynthesis II (engineered)",0,1.16214e-05,0,0,0,0,0,6.34863e-06,0,0,0,0,0,0,0,0,0,0,0,0,0,0,0,1.75082e-06,0,0,1.057e-05,0,0,4.20913e-06,0,0,0,0,0,2.92866e-06,0,0,0,0,0,0,0,0,0,0,0,0,0,0,2.11792e-05,6.14715e-05,0,0,2.91985e-06,0,0,0,0,0,0,0,0,0,0,7.04812e-06,0,0,0,0,0,0,0,0,0,0,7.42351e-06,0,0,0,0,0,0,0,0,0,0,0,0,0,5.44041e-07,0,0,1.01264e-05,0,0,0,0,0,0,0,0,0,0,0,0,0,0,0,0,0,0,0,1.06882e-06,0,0,0,0,3.95686e-06,2.36266e-06,0,0,0,0,0,0,0,7.62153e-07,0,0,3.47302e-06,0,1.90931e-06,1.54393e-06,0,0,0,2.06031e-06,0,0,0,0,0,0,0,0,0,0,0,0,0,0,0,0,0,0
"PWY-7392: taxadiene biosynthesis (engineered)",7.03624e-05,1.8462e-05,2.18957e-05,4.11888e-05,2.61496e-05,1.56356e-05,1.13419e-05,3.44989e-05,3.8085e-05,4.15762e-06,3.04981e-05,2.45589e-05,1.85705e-05,1.5511e-05,3.48196e-05,3.79465e-05,0,1.02903e-05,3.3328e-06,0.000117412,1.75811e-05,3.41748e-05,7.89866e-07,4.54652e-05,5.5769e-05,5.69595e-05,6.00007e-05,8.59117e-05,4.74151e-05,2.73904e-05,3.75841e-05,7.07257e-05,1.54608e-05,8.71949e-06,0,5.41594e-05,0.00015346,2.86895e-05,0.000202062,1.00026e-05,5.98483e-05,4.76765e-06,3.7172e-05,1.64786e-05,3.22894e-05,8.3034e-06,3.95222e-05,5.26783e-05,1.25506e-05,7.09798e-05,4.45964e-05,0.000115991,1.08956e-05,1.98843e-05,2.55027e-05,3.4725e-05,5.13421e-05,1.02776e-05,6.91571e-05,2.90162e-05,4.40969e-05,9.01463e-06,4.42812e-05,1.82987e-05,4.8125e-05,4.84262e-05,1.69488e-05,7.27227e-06,2.65221e-05,5.45762e-05,0.000135585,4.89813e-05,0.000102412,0.000152435,0.000128382,2.6352e-05,0.000190109,3.30679e-05,0.000123897,0,6.63233e-06,0.000149373,0,0,9.28959e-06,9.60456e-05,1.33083e-05,2.01908e-05,1.17806e-05,1.39554e-05,2.102e-05,5.54379e-05,7.63884e-06,5.64448e-05,5.37419e-05,5.15061e-05,1.43501e-05,1.45129e-05,6.54737e-06,6.39978e-05,2.58082e-05,0,0,1.68595e-05,1.54095e-05,1.96904e-05,2.62002e-05,9.65397e-06,9.03295e-06,4.08868e-05,2.46374e-05,6.34321e-05,1.20271e-05,4.88524e-05,0,6.45173e-06,5.29258e-05,0,1.3187e-05,2.69681e-05,1.7558e-05,1.54904e-05,5.65345e-05,5.29589e-05,0.000175935,5.10642e-05,2.52283e-05,1.22342e-05,0.000109663,3.96082e-05,4.20925e-05,1.85003e-05,4.1958e-05,6.32371e-06,0.000146245,8.38117e-05,2.17779e-05,7.12101e-05,4.26581e-05,0.000136428,5.03674e-05,9.93917e-05,3.39872e-05,0.000153281,0.000171603,0.000261339,4.28575e-05,5.13652e-05,7.82723e-05,2.94492e-05,0.000107944,6.15223e-05,5.39007e-05,6.88442e-05,4.81944e-05,3.86183e-05
"PWY-7396: butanol and isobutanol biosynthesis (engineered)",0,0,0,0,0,0,0,0,2.60889e-06,0,0,0,0,0,0,0,0,0,0,0,0,0,0,0,0,0,5.65916e-06,0,0,8.05617e-06,0,0,0,0,0,0,0,0,1.92729e-05,0,0,0,0,0,0,0,0,0,0,0,0,0,0,0,0,0,0,0,0,4.17562e-06,0,0,2.46965e-06,0,0,6.21374e-06,0,0,0,0,0,0,0,0,0,0,0,0,0,0,0,0,0,0,0,3.01898e-06,0,0,0,0,0,0,0,0,0,4.18462e-06,0,0,0,0,0,0,0,0,0,0,0,0,1.749e-06,0,0,0,0,0,0,0,0,0,0,0,0,0,0,2.97557e-06,2.71592e-06,0,0,0,0,0,0,0,0,0,0,0,0,0,0,0,0,0,0,0,0,0,0,0,0,0,0,0,0,0,0,0
"PWY-7399: methylphosphonate degradation II",0,0,0,0,0,0,0,0,8.28962e-07,0,0,0,0,0,0,0,0,0,0,0,0,0,0,0,0,0,0,2.00849e-06,7.66096e-07,7.83095e-07,0,0,0,0,0,0,1.43332e-06,0,0,0,0,0,0,0,6.32939e-06,8.90969e-07,0,0,0,0,0,0,3.18136e-06,0,0,0,3.94094e-06,6.18429e-07,2.74451e-07,0,7.06902e-07,0,0,0,2.65025e-06,7.54092e-07,2.03781e-06,0,0,0,0,0,0,0,0,0,5.26681e-07,0,1.25112e-06,0,0,0,0,0,0,0,0,0,0,0,0,0,0,0,2.04852e-07,0,8.88608e-07,0,0,0,0,0,4.26918e-07,0,0,0,0,0,0,0,0,0,0,0,0,0,0,0,0,0,0,0,0,0,0,0,0,0,0,0,0,0,0,0,0,0,1.51236e-06,2.18633e-06,0,0,0,0,0,0,9.22037e-07,6.12753e-07,2.68104e-07,0,6.24319e-07,0,0,0,0,0,0,0
"PWY-7400: L-arginine biosynthesis IV (archaebacteria)",0.000401607,0.000341285,0.000399123,0.000349455,0.000413645,0.000280833,0.000413332,0.000295503,0.000468616,0.00026985,0.000309947,0.00054,0.000184581,0.000363609,0.000503359,0.000203967,0.000443537,0.000439144,0.000346183,0.000301545,0.000345611,0.000299317,0.000491695,0.000167103,0.000310741,0.000249479,0.000545344,0.000466425,0.000447735,0.000419809,0.000390623,0.000462368,0.000246662,0.000375602,0.000259924,0.000387472,0.000318281,0.000404027,0.000375798,0.000246239,0.000443556,0.000314048,0.000449103,0.000420868,0.000432265,0.000363239,0.000347251,0.000400907,0.000448382,0.000465965,0.000347828,0.000388187,0.000412605,0.000314571,0.000464749,0.00051708,0.000269994,0.000503993,0.000388621,0.000475812,0.000412077,0.000350982,0.000383812,0.000459,0.000425181,0.000319353,0.000261722,0.00034554,0.000418659,0.000308391,0.000311332,0.000379458,0.000405779,0.000337066,0.000340569,0.000492326,0.000393228,0.000200095,0.000232641,0.00044829,0.000417299,0.000363949,0.000415637,0.000688247,0.000109672,0.000378176,6.96567e-05,0.000306783,0.000183712,0.000412359,0.000457716,0.000466657,0.00028335,0.000276893,0.000622941,0.000366152,0.000427959,0.000304029,0.000367573,0.00044929,0.000423528,0.000311808,0.000245926,0.000306367,0.000415597,0.000202633,0.000298222,0.000541248,0.000585097,0.000158918,0.000363784,0.000544521,0.000428712,0.000291851,0.00046322,0.000316909,0.000520685,0.00043427,0.000309156,0.000388376,0.000518622,0.000382138,0.000269949,0.000508914,0.000410871,0.000169034,0.000355747,0.000395186,0.00026223,0.000392232,0.000385007,0.000435928,0.000126227,0.000329876,0.000391329,0.000480756,0.000483304,0.000372325,0.000169814,0.000243489,0.000355639,0.000214618,0.000411516,9.67424e-05,0.000160069,0.000324535,0.000448801,0.000324419,0.000292614,0.000392223,0.000230033,0.000379241,0.000241584,0.000355935,0.000344603,0.000378978
"PWY-7409: phospholipid remodeling (phosphatidylethanolamine, yeast)",0,0,0,0,0,8.11486e-07,0,0,5.72568e-06,0,0,1.57425e-06,2.47593e-07,0,0,0,0,0,0,7.0943e-06,3.38368e-07,0,0,0,0,0,8.64327e-06,0,0,8.80109e-05,0,0,0,0,0,0,3.94027e-06,0,0,0,2.19032e-05,0,0,1.94791e-05,0,0,0,0,0,1.67542e-06,0,0,1.60573e-05,0,4.58911e-06,0.000150267,5.51872e-06,0,1.07252e-06,1.2899e-05,3.06755e-06,0,2.61573e-05,0,4.28061e-06,2.41013e-05,2.47196e-06,0,1.60166e-06,0,5.39656e-07,0,1.28358e-05,0,0,0,0,0,4.2648e-06,0,9.81325e-07,0,0,0,0,3.83982e-06,0,0,0,0,3.6659e-05,0,0,3.44946e-06,4.14784e-07,4.10185e-06,0,0,0,1.37752e-05,2.46783e-07,0,2.6815e-06,0,0,0,0,2.8521e-06,7.5139e-06,0,0,2.49559e-05,0,4.54185e-07,0,0,0,0,0,0,0,4.9337e-07,0,0,0,0,3.96568e-05,5.90769e-06,0,0,0,0,0,0.000100341,2.03944e-06,0,0,3.17051e-06,0,0,4.5139e-06,0,1.58697e-06,0,0,7.63325e-07,0,0,0,0,0,0,0,2.24426e-06,0,0
"PWY-7411: phosphatidate biosynthesis (yeast)",0,0,0,0,0,0,0,0,0,0,0,0,0,0,0,0,0,0,0,0,0,0,0,0,0,0,0,0,0,0,0,0,0,0,0,0,0,0,0,0,0,0,0,0,0,0,0,0,0,0,0,0,0,0,0,0,0,0,0,0,0,0,0,0,0,5.72101e-06,0,0,0,0,0,0,0,0,0,0,0,0,0,0,0,0,0,0,0,0,0,0,0,0,0,0,0,0,0,0,0,0,0,0,0,0,0,0,0,0,0,0,6.31942e-07,0,0,0,0,0,0,0,0,0,0,0,0,0,0,0,0,0,0,0,0,0,0,0,0,0,0,0,0,0,0,0,0,0,0,0,0,0,0,0,0,0,0,0,0,0,0,0
"PWY-7431: aromatic biogenic amine degradation (bacteria)",0,0,0,0,0,0,0,0,0,0,0,0,0,0,0,0,0,0,0,0,0,0,0,0,0,0,1.25163e-07,0,0,0,0,0,0,0,0,0,0,0,0,0,0,0,0,0,0,0,0,0,0,0,0,0,0,0,0,0,0,0,0,0,0,0,0,0,0,0,0,0,0,0,0,0,0,0,0,0,0,0,0,0,0,0,0,0,0,0,0,0,0,0,0,0,0,0,0,0,0,0,0,0,0,0,0,0,0,0,0,0,0,0,0,0,0,0,0,0,0,0,0,0,0,0,0,0,1.04207e-07,0,0,0,0,0,0,0,0,0,0,0,0,0,0,0,0,0,0,0,0,0,0,0,0,0,0,0,0,0,0,0
"PWY-7434: terminal O-glycans residues modification (via type 2 precursor disaccharide)",1.19298e-05,5.76405e-07,5.16053e-07,0,2.18926e-05,1.7184e-06,0,0,2.14124e-07,0,0,0,0,0,3.82995e-07,2.25018e-06,0,1.61745e-06,0,0,0,0,0,5.50591e-07,4.06988e-06,0,1.32591e-06,2.47274e-05,1.31332e-06,8.26461e-07,4.6979e-06,1.54877e-05,3.51091e-07,9.1227e-07,0,1.26395e-06,1.72973e-05,1.46553e-06,0,4.65064e-07,1.02239e-06,8.1477e-07,0,3.0385e-07,4.41866e-07,0,9.87662e-07,3.48258e-06,0,6.57753e-06,1.74378e-06,2.40771e-05,0,0,1.10862e-06,3.05583e-06,2.22449e-06,3.8378e-07,0,0,0,0,0,0,0,4.31793e-07,3.51381e-06,4.21088e-07,0,8.23778e-07,1.2474e-05,0,2.12684e-06,0,0,0,1.01076e-05,9.08811e-07,1.17107e-05,6.11716e-07,0,0,0,0,0,1.65372e-05,0,2.58092e-07,0,4.51732e-07,0,1.14867e-06,4.71652e-07,1.79768e-06,2.94984e-07,1.46564e-06,1.01277e-06,0,5.98469e-07,1.25792e-06,0,0,0,2.26863e-06,1.20591e-06,0,3.5118e-07,0,0,0,4.38853e-06,0,7.27997e-07,4.9192e-07,0,5.44644e-07,3.01703e-06,0,6.49411e-07,4.40888e-07,0,0,6.56385e-06,6.75866e-07,2.38744e-06,1.57137e-06,0,0,0,4.09222e-06,6.7314e-07,3.41988e-07,1.69845e-06,1.79731e-07,1.43235e-05,2.30059e-06,0,0,2.39575e-06,0,0,0,0,0,1.47838e-06,0,4.5074e-07,0,1.21371e-05,0,0,0,7.8772e-07,1.27786e-06,1.11583e-06,0
"PWY-7446: sulfoquinovose degradation I",0,0,0,0,0,0,0,0,3.16002e-05,0,0,1.20081e-05,0,0,0,0,0,0,0,4.25486e-06,3.33338e-07,0,0,0,0,0,4.33325e-06,2.6095e-06,0,7.67765e-05,0,0,0,0,0,1.91104e-06,1.27761e-05,0,6.22543e-07,0,0,0,0,3.97441e-05,4.85215e-06,0,0,0,9.54804e-07,0,0,0,4.26599e-05,0,1.10379e-05,0,0,0,3.66504e-06,0,2.64725e-07,0,0,0,2.91716e-06,1.90127e-05,1.36041e-06,0,3.20905e-07,0,0,0,0,4.34298e-07,0,4.465e-05,0,0,1.54536e-05,0,0,0,0,0,0,0,0,1.73382e-07,0,0,5.43557e-05,0,0,0,3.41875e-07,3.74591e-06,0,0,0,6.10608e-06,0,0,4.60528e-06,0,0,0,0,1.28008e-05,6.18841e-06,0,0,0,0,2.91107e-06,0,0,0,0,0,1.06524e-05,0,0,0,0,0,4.78113e-07,2.96785e-05,5.84369e-05,0,1.45292e-06,0,0,0,5.56349e-07,1.177e-06,5.63144e-05,2.51707e-07,0,2.71698e-07,0,4.74331e-06,0,0,0,0,0,6.92983e-06,6.25436e-07,0,0,0,0,2.62904e-06,0,0,4.86218e-07
"PWY-7456: &beta;-(1,4)-mannan degradation",9.60547e-05,9.89218e-05,0.000113655,6.86681e-05,9.4194e-05,0.000144514,3.0366e-05,6.49382e-05,6.7688e-06,9.82796e-05,9.98059e-05,4.44015e-05,1.44609e-05,4.10107e-05,6.306e-05,7.29466e-05,2.42354e-05,1.69533e-05,5.8675e-05,4.80456e-05,4.63978e-05,0.000133883,0.00013683,7.133e-05,9.70172e-05,0.000101396,4.17298e-06,6.99887e-05,0.000125377,1.01529e-05,6.56699e-05,9.82053e-05,5.28863e-06,4.61772e-05,2.51066e-05,0.000189316,6.44363e-05,8.63868e-05,4.38936e-05,9.86258e-05,9.29832e-05,8.34647e-05,7.55225e-05,1.04318e-05,4.78978e-05,3.57691e-05,9.31993e-05,3.66653e-05,4.32468e-05,1.44009e-06,7.02323e-05,0.000119357,2.74829e-05,4.8526e-05,8.81559e-05,1.36276e-06,3.46649e-05,0,2.55183e-05,0.000114027,0.000131403,0.000103492,6.16543e-05,7.24252e-05,6.20721e-05,6.96704e-05,2.89927e-05,6.89679e-05,6.01399e-05,5.45456e-05,0.000169864,0.000177782,0.00012682,0.000178342,9.11751e-05,3.01691e-05,0.000115948,3.08719e-05,7.32348e-05,0.000103756,5.95625e-05,0.000117755,1.41571e-05,0,8.18756e-05,0.00014553,5.68293e-05,8.41373e-05,0.000118652,1.60951e-05,5.2389e-05,7.553e-05,0.000105163,4.36765e-05,1.5086e-05,9.09013e-05,0.000101655,2.61121e-05,8.84897e-05,8.95691e-05,7.8007e-05,2.20239e-05,2.34098e-05,8.54744e-05,6.41298e-05,6.4145e-05,0.000113673,7.17696e-05,3.28604e-05,7.07224e-05,2.7283e-05,0.000108857,6.51892e-05,0.000110213,0.000126967,0.000104403,2.82227e-06,2.71661e-05,7.85772e-05,6.19353e-05,0.000185745,7.89679e-05,0.000209615,0.000202727,0.000107758,0.00010083,2.97599e-05,4.79472e-05,8.09481e-05,0.000100323,9.95975e-05,0.00012613,5.49512e-05,6.33151e-07,0.0001301,3.35622e-05,2.52111e-05,9.30446e-05,3.41044e-05,7.86472e-05,9.88008e-05,0.000153438,8.98911e-05,2.30323e-05,0.000163046,9.27186e-05,1.66835e-05,8.86441e-05,0.000101912,4.71845e-05,0.000145967,8.27104e-05,8.80419e-05,8.88342e-05,0.000155365,9.9481e-05
"PWY-7511: protein ubiquitination",0,0,0,0,0,4.09589e-07,0,0,0,0,0,0,0,0,0,0,0,0,0,0,0,0,0,0,0,0,0,0,0,0,0,0,0,0,0,0,0,0,0,0,0,0,0,0,0,0,0,0,0,0,0,0,0,0,0,0,0,0,0,0,0,0,0,0,0,1.37062e-06,0,0,0,0,0,0,0,0,0,0,0,0,0,0,0,0,0,0,0,5.45681e-07,0,0,0,0,0,0,0,0,0,0,0,0,0,0,0,0,0,0,0,0,0,0,4.1085e-07,0,0,0,0,0,0,0,0,0,0,0,0,0,0,0,0,0,0,0,0,0,0,0,0,0,0,0,0,0,0,0,0,0,0,0,0,0,0,0,0,0,0,0,0,0,0,0
"PWY-7527: L-methionine salvage cycle III",0,0,0,0,0,0,0,0,0,0,0,0,0,0,0,0,0,0,0,0,0,0,0,0,0,0,0,0,0,0,0,0,0,0,0,0,1.32113e-05,0,0,0,0,0,0,0,0,0,0,0,0,0,0,0,0,0,0,0,0,0,0,0,0,0,0,0,0,0,0,0,0,0,0,0,0,0,0,0,0,0,0,0,0,0,0,0,0,0,0,0,0,0,0,0,0,0,0,0,0,0,0,0,0,0,0,0,0,0,0,0,0,0,0,0,0,0,0,0,0,0,0,0,0,0,0,0,0,0,0,0,0,0,0,0,0,1.64671e-06,0,0,0,0,0,0,0,0,0,0,0,0,0,0,0,0,0,0,0,0,0,0
"PWY-7528: L-methionine salvage cycle I (bacteria and plants)",0,0,0,0,0,0,0,0,0,0,0,0,0,0,0,0,0,0,0,0,0,0,0,0,0,0,0,0,0,0,0,0,0,0,0,0,0,0,0,0,0,0,0,0,0,0,0,0,0,0,0,0,2.34924e-06,0,0,0,0,0,0,0,0,0,0,0,0,0,0,0,0,0,0,0,0,0,0,0,0,0,0,0,0,0,0,0,0,0,0,0,0,0,0,0,0,0,0,0,0,0,0,0,0,0,0,0,0,0,0,0,0,0,0,0,0,0,0,0,0,0,0,0,0,0,0,0,0,0,0,0,0,0,0,0,0,0,0,0,0,0,0,0,0,0,0,0,0,0,0,0,0,0,0,0,0,0,0,0
"PWY-7560: methylerythritol phosphate pathway II",0.000462351,0.000410914,0.000429028,0.000329075,0.000473186,0.000423925,0.000629324,0.000538469,0.000349602,0.000484048,0.000329589,0.000337766,0.00030607,0.000498067,0.000600855,0.000329362,0.000607792,0.000510866,0.000379381,0.000236095,0.000420549,0.000438756,0.000208768,0.000286757,0.000362427,0.000403361,0.000494779,0.000383111,0.000472854,0.000302956,0.000552961,0.000537365,0.000652119,0.000512161,0.000622583,0.000293773,0.000327865,0.000534823,0.000312962,0.00024079,0.000357497,0.000455987,0.000460288,0.000331975,0.000372097,0.000499393,0.000270808,0.000540734,0.000453837,0.000496251,0.00048576,0.000405877,0.000366586,0.000427169,0.000303982,0.000300294,0.000658213,0.0004692,0.000688808,0.00040709,0.00035856,0.000625512,0.000324711,0.000528098,0.000342081,0.000282949,0.000459201,0.000501656,0.000390692,0.000335422,0.000253842,0.000287154,0.000324357,0.000283284,0.000274217,0.000335252,0.000332716,0.000219796,0.000264349,0.00050067,0.000447812,0.000308531,0.000577647,0.000688452,0.000423388,0.000318351,0.000602772,0.000359907,0.000359652,0.000504187,0.000370866,0.000411957,0.000374029,0.000527627,0.000543356,0.000268126,0.000395702,0.000585272,0.000525625,0.000322487,0.000421308,0.000657516,0.000412187,0.000487222,0.000464569,0.000353071,0.000434893,0.000424229,0.00039702,0.000277791,0.000524239,0.000400093,0.000485708,0.000394819,0.000321573,0.000377922,0.000487834,0.000507236,0.000482422,0.000356126,0.000288939,0.000299529,0.000248085,0.00041974,0.000358496,0.000288609,0.000346851,0.0003187,0.000237042,0.000356616,0.000248615,0.000447635,0.000535211,0.000247666,0.000302741,0.000379622,0.000475499,0.0002969,0.000525413,0.000232839,0.000284653,0.000315678,0.00039297,0.000172919,0.000376906,0.000387392,0.000386216,0.000238284,0.000145004,0.000376052,0.000205491,0.00024661,0.000193171,0.000473722,0.000210327,0.000326712
"PWY-7616: methanol oxidation to carbon dioxide",0,0,0,0,0,0,5.8451e-06,0,1.68957e-05,0,2.944e-07,2.19107e-06,0,0,0,0,0,0,0,1.23652e-06,0,2.74438e-07,0,0,0,0,3.9005e-06,0,0,2.29518e-06,3.44572e-07,2.4031e-07,0,0,0,1.72932e-06,3.73685e-06,0,7.4837e-06,4.19636e-07,6.00408e-07,2.64607e-07,0,6.67517e-06,1.96734e-06,0,3.23128e-07,0,0,0,0,1.59861e-06,0,0,1.55103e-06,7.1622e-07,0,7.29748e-06,1.74851e-06,5.16602e-07,2.78259e-06,0,1.54279e-06,0,1.39113e-06,8.15934e-07,0,0,5.80464e-07,0,0,0,4.66549e-06,2.64949e-07,0,5.01589e-07,3.84253e-07,0,3.84848e-06,0,9.40194e-07,0,0,0,0,2.24038e-06,0,0,0,0,7.79798e-07,0,0,7.05955e-07,0,3.03311e-06,0,0,0,9.9714e-07,1.22054e-06,0,0,3.69727e-07,0,0,0,8.72143e-06,6.28892e-06,0,2.20824e-07,0,1.55538e-06,0,0,0,1.33578e-06,0,0,3.91562e-06,0,2.76422e-07,0,0,1.89035e-06,2.168e-07,1.37365e-06,5.41963e-06,0,4.67361e-07,0,0,0,2.85705e-06,4.16047e-07,1.56527e-06,2.13269e-07,2.80474e-06,0,0,2.15233e-06,0,1.13051e-06,0,1.73968e-07,2.7696e-07,2.07088e-06,0,0,0,0,0,0,7.44608e-07,0,1.25448e-06
"PWY-7663: gondoate biosynthesis (anaerobic)",0.000181207,0.00012653,0.000163114,0.000496501,8.80141e-05,9.5172e-05,3.52746e-05,5.30727e-05,0.000451179,5.02417e-05,7.71436e-05,0.000214839,0.00013757,6.75083e-05,4.68225e-05,0.00010082,2.49173e-05,7.78538e-05,8.62367e-05,0.000163914,0.000150334,0.000112359,0.000261638,0.000169655,0.000139261,0.00012228,0.000226291,0.000333545,0.000172946,0.00055323,6.28082e-05,8.54687e-05,0.000117539,3.28013e-05,0.000168361,0.000149928,0.00026059,6.12302e-05,0.000452055,7.26411e-05,0.000244722,3.70847e-05,0.000106766,0.000417107,7.22291e-05,4.90234e-05,0.00021228,0.000121143,4.64747e-05,0.000121837,5.49318e-05,0.000133978,0.000399073,0.000100466,0.000158712,0.000677888,0.000102658,0.000344915,5.23919e-05,0.000190381,0.000179615,1.43267e-05,0.00024933,3.11184e-05,0.000312924,0.000242287,9.58282e-05,7.16537e-05,0.000186857,0.00021327,0.000311245,0.000188401,0.000391171,0.00041425,0.000259654,0.000396923,0.000354146,6.93028e-05,0.000290291,7.70632e-05,0.000151753,0.00027237,4.26439e-05,1.39411e-05,0.000237067,0.000174369,0.000112389,0.000172634,9.27576e-05,0.000150031,0.000626679,0.000161148,0.000164623,0.000103031,0.000226897,0.000132717,7.61212e-05,2.59467e-05,4.62823e-05,0.000245156,0.000160407,0.000187682,5.65887e-05,0.000104914,0.000113833,3.90132e-05,9.74919e-05,0.000275917,0.00018204,8.24855e-05,0.000151637,0.000184208,0.000127177,0.00020939,0.000301577,6.93016e-05,0.000216274,4.592e-05,0.000145195,0.000208922,0.000277092,0.000196373,0.000280369,0.000212181,0.000333298,0.000276408,0.000385083,0.000560015,0.00023752,0.000175417,0.000250841,4.41072e-05,0.000274676,0.000597175,0.000290647,0.000393594,0.000203748,0.000288383,0.000223039,0.000572485,0.000213632,0.000199161,0.000176125,0.000271374,0.000218126,0.000434979,8.23218e-05,0.000235477,0.000337289,8.50652e-05,0.000229301,0.000297148,0.000158455,8.72975e-05,0.000244162,0.000250105
"PWY-7664: oleate biosynthesis IV (anaerobic)",0.000122138,3.35384e-05,8.63961e-05,1.76604e-05,5.77501e-05,2.67044e-05,1.93805e-05,1.3418e-05,0.000255006,4.46988e-06,1.81912e-05,0.000134249,4.53445e-05,5.66175e-05,4.14915e-05,7.10228e-05,2.36684e-05,7.22967e-05,1.84978e-05,9.55142e-05,1.80278e-05,2.45503e-05,0.000159242,4.2319e-05,3.1246e-05,0.000101617,0.000139605,0.000325182,8.87572e-05,0.000368307,6.22383e-05,2.11183e-05,3.7419e-05,2.47715e-05,0,0.00010282,0.0002417,4.38755e-05,0.000345726,4.76457e-05,0.000156547,3.67321e-05,4.40418e-05,0.000204904,6.91322e-05,2.22965e-05,3.56249e-05,9.11848e-05,3.10169e-05,4.90332e-05,5.41251e-05,0.000116285,0.000210248,3.16757e-05,0.000105543,0.000498368,2.8964e-05,0.000160646,3.86955e-05,0.000121008,7.0478e-05,4.39282e-06,0.000239568,1.46193e-05,0.000142891,0.000233255,6.28046e-05,3.23194e-05,0.000129374,6.04836e-05,9.67771e-05,2.89664e-05,0.000325369,6.98808e-05,9.40925e-05,0.000226256,0.00018706,3.61827e-05,0.000232162,4.11936e-05,0.000106003,0.000114068,1.64917e-05,0,6.22625e-05,8.6048e-05,8.2467e-05,0.000167841,6.25909e-05,0.000144118,0.000333329,0.0001319,1.61019e-05,8.63544e-05,1.82675e-05,0.000105678,3.24603e-05,2.28993e-05,6.63955e-06,0.000221253,8.30205e-05,6.8738e-05,3.09144e-05,6.90987e-05,3.6263e-05,1.80231e-05,5.63679e-05,0.000172726,9.15706e-05,2.00964e-05,9.9871e-05,0.000167614,0.000101798,9.57714e-05,7.06179e-05,5.15739e-05,9.47617e-05,3.32804e-05,7.11317e-05,0.000161551,0.000144957,7.11119e-05,4.72882e-05,0.000137219,0.000192474,2.95717e-05,0.000334636,0.000353075,7.04757e-05,4.88154e-05,0.000111626,4.15936e-05,2.16395e-05,0.000419705,0.000114851,0.000283825,2.39845e-05,0.000157654,2.82507e-05,1.33435e-05,0.000154244,6.44098e-05,0.000117074,0.0002349,0.000118601,7.29411e-05,6.66471e-05,3.06903e-05,6.29942e-05,4.37007e-05,3.87657e-05,0.000138397,5.17415e-05,6.93635e-05,1.91083e-05,9.24003e-05
"PWY-7688: dTDP-&alpha;-D-ravidosamine and dTDP-4-acetyl-&alpha;-D-ravidosamine biosynthesis",0,1.32405e-05,0,3.31975e-06,0,0,0,0,0,1.23081e-06,1.39725e-06,0,1.33087e-06,0,0,0,0,0,0,0,0,0,0,0,0,0,0,0,0,0,0,0,0,0,0,2.40039e-06,1.61878e-05,1.69215e-06,0,0,0,0,8.90461e-07,4.21327e-07,1.48122e-06,0,3.1183e-06,5.56565e-06,0,2.29011e-06,0,0,0,0,0,0,0,0,0,1.11357e-06,0,0,1.69429e-05,0,1.87825e-06,0,0,0,1.15362e-06,7.77644e-06,0,0,6.32412e-06,0,0,0,2.4201e-05,0,3.38532e-06,0,0,2.04337e-05,0,0,1.25311e-06,5.86263e-06,0,5.97779e-07,8.65767e-07,0,0,0,0,7.79949e-06,0,0,0,0,0,3.20159e-06,0,0,0,0,0,7.78228e-06,0,0,0,9.45062e-06,0,2.84432e-06,0,8.32998e-06,1.24448e-05,0,0,0,0,0,3.59869e-05,0,4.42857e-06,0,0,0,0,0,7.49846e-06,0,1.0689e-05,0,0,1.93171e-05,1.71117e-06,0,0,3.50553e-05,0,0,2.93209e-05,0,3.18193e-06,0,1.51488e-05,2.77988e-05,3.02401e-06,1.74964e-05,1.4954e-05,0,0,1.68571e-05,1.33623e-06,9.22674e-06,2.25077e-06,0
"PWY-7723: bacterial bioluminescence",0,0,0,0,0,0,0,0,2.63798e-06,0,0,0,0,0,0,0,0,0,0,0,0,0,0,0,2.66408e-06,0,0,1.08804e-05,0,7.54263e-06,0,0,0,0,0,2.94521e-06,3.10149e-06,0,1.68669e-06,0,0,1.4755e-06,0,3.95358e-07,0,0,0,0,0,6.36457e-06,0,0,7.69103e-06,0,3.6475e-06,1.52292e-06,0,3.26635e-06,0,0,0,0,0,0,2.29293e-06,3.77427e-06,1.61043e-06,0,0,0,0,0,0,0,0,0,3.06644e-06,0,1.06075e-06,0,0,0,0,0,0,4.06475e-06,0,0,0,0,7.17809e-07,0,0,0,3.42813e-06,4.34176e-06,0,0,0,0,1.89083e-06,0,0,0,0,0,1.13773e-06,1.74776e-06,1.23313e-06,0,9.1227e-07,0,0,1.49394e-06,0,0,0,0,0,1.33107e-06,0,0,0,0,0,0,0,0,0,2.37322e-06,0,6.01634e-06,0,1.75798e-06,0,4.38546e-05,0,0,0,0,0,0,0,0,0,0,0,0,0,0,0,0,0,1.43254e-06,0,0
"PWY-7731: superpathway of photosynthetic hydrogen production",0,8.81969e-07,4.73895e-07,0,0,0,0,3.37191e-07,0,1.16929e-06,6.32955e-07,1.04785e-06,0,7.12266e-07,0,0,0,4.66638e-07,0,0,0,0,0,0,2.94236e-07,0,0,0,0,3.06778e-08,2.54648e-06,0,0,0,4.17316e-07,1.12076e-06,0,1.30182e-06,0,0,0,0,0,0,3.54421e-07,0,3.02903e-06,1.53525e-06,8.35698e-06,0,0,6.81692e-07,0,0,0,0,6.8338e-07,0,0,0,4.90506e-07,0,0,2.26139e-06,1.66953e-06,0,2.92389e-07,0,0,0,0,0,0,0,0,0,0,1.23731e-06,0,0,0,0,0,0,1.24364e-06,1.12796e-07,5.04923e-07,0,0,0,0,0,2.24182e-07,0,1.48759e-06,0,0,0,0,1.06748e-06,0,0,0,0,1.05401e-06,0,1.88219e-06,0,1.05409e-06,0,0,0,4.45186e-07,5.84043e-07,0,0,0,0,0,0,0,0,0,0,0,0,0,1.31259e-06,0,0,0,0,0,0,0,2.48144e-07,0,0,0,0,1.48166e-06,0,0,0,0,0,0,0,1.78447e-06,0,0,7.1736e-07,1.23534e-06,2.19046e-06,1.45238e-06,0
"PWY-7754: bile acid 7&alpha;-dehydroxylation",0,0,0,0,0,0,0,3.66829e-06,0,0,0,0,0,0,0,0,0,0,0,0,0,0,0,0,0,0,0,0,0,1.09092e-06,0,0,0,0,0,0,0,0,0,0,0,0,0,0,3.16884e-06,0,0,3.87642e-06,0,0,0,0,0,0,0,0,0,0,0,0,0,0,0,0,0,0,0,0,0,0,0,0,0,0,0,0,0,0,1.12262e-06,0,0,0,0,0,0,0,0,0,0,0,0,0,0,0,6.82495e-07,0,0,0,0,0,0,7.40884e-07,0,0,0,0,0,0,0,0,0,0,0,0,0,0,0,0,6.27472e-06,0,0,0,0,0,0,0,0,0,0,0,0,0,0,0,0,0,3.04465e-06,0,0,0,2.10753e-06,0,0,0,0,0,0,0,0,0,0,0,0,2.13722e-06,0,0
"PWY-7761: NAD salvage pathway II (PNC IV cycle)",0.000145485,0.000155003,0.000137917,8.14647e-05,7.45556e-05,0.000168672,0.000105902,0.000187559,0.000223016,0.000161823,0.000185795,0.000178314,9.75654e-05,0.000125954,0.000210781,0.000122205,8.58546e-05,0.000129374,0.000163803,0.000105336,0.000154516,6.98948e-05,0.000137945,0.000148518,0.000187181,6.85389e-05,0.000116346,0.000215225,0.000114591,0.000132871,0.000188354,0.000170084,3.4225e-05,6.6505e-05,1.53925e-05,0.000166327,0.000118292,4.72065e-05,0.000120562,0.000196982,0.000156042,0.000105954,0.000137995,0.000194756,0.000274963,0.000123328,7.97872e-05,0.000197755,0.000103266,0.000206466,0.000176697,0.00019852,0.000190067,0.00013339,0.000133206,0.000115777,4.41721e-05,0.000166042,0.000132423,9.01086e-05,0.000154241,0.000105573,0.00014886,0.000109432,0.000147586,0.000160716,0.000101112,2.59608e-05,0.000133264,0.000157932,0.000125496,0.000127538,0.000144031,4.67995e-05,0.000137912,0.000179939,0.000152874,0.000120107,0.000131774,8.53392e-05,0.000128655,0.000189151,5.09396e-05,5.92532e-05,0.000156358,0.000169669,7.71137e-05,0.000172793,0.000164721,0.000312827,0.000199665,9.72109e-05,9.83103e-05,9.59442e-05,0.000256445,0.000124266,6.50231e-05,0.000164778,0.000155157,0.000149004,0.000101251,0.000129399,8.5681e-05,0.000148044,0.000186471,0.000205617,0.00017247,0.000199571,0.000143735,0.000114367,0.000193948,0.000109422,0.000164741,0.000204889,0.000159809,0.00011732,0.000124118,8.60346e-05,0.000194834,0.000167662,9.64217e-05,0.000148255,0.000162241,6.68401e-05,0.000121057,0.000155034,0.000128846,0.000178124,0.000127675,9.17894e-05,0.000144951,0.000146282,0.000104079,0.000111345,7.19396e-05,0.000193686,9.45057e-05,0.000157164,0.000117664,2.01791e-05,0.000134517,4.78434e-05,9.74044e-05,2.24235e-05,8.23283e-05,3.8008e-05,0.000124167,0.000104328,8.4457e-05,6.50099e-05,8.89786e-05,0.000128767,0.000103993,0.000117534,6.16046e-05,0.000135004
"PWY-7783: plasmalogen degradation",0,0,0,0,0,5.07077e-07,0,0,0,0,0,0,0,0,0,0,0,0,0,0,3.80007e-07,0,0,0,0,0,0,0,0,0,0,1.44356e-07,0,1.32233e-06,0,0,0,0,0,0,1.37505e-06,4.83953e-07,0,0,1.34681e-05,0,0,0,2.96344e-06,0,0,1.38903e-06,1.07587e-06,0,1.17078e-06,7.57697e-07,0,0,2.04223e-06,0,0,0,0,0,9.02808e-07,0,0,0,0,0,0,0,0,0,0,0,0,0,0,0,1.78974e-06,0,0,0,0,0,0,0,0,0,0,0,0,0,0,1.49891e-06,0,0,0,0,0,0,0,0,0,0,0,0,0,0,0,0,0,2.25086e-06,0,0,0,0,0,1.174e-06,0,0,0,0,0,0,0,1.32149e-06,0,5.10926e-07,0,0,0,0,0,1.29956e-05,0,0,0,0,0,0,0,0,0,0,0,0,0,0,0,0,0,2.04257e-06,0,0
"PWY-7790: UMP biosynthesis II",0.000679878,0.000631751,0.000799119,0.000743463,0.000812023,0.000734892,0.000775355,0.000785515,0.000456617,0.000766344,0.0006921,0.000602275,0.000570328,0.000700639,0.000836099,0.000854503,0.000779312,0.000685983,0.000789676,0.00043552,0.000673875,0.000825112,0.000633823,0.000758217,0.000647935,0.000838409,0.000653676,0.000563095,0.000808452,0.000238228,0.000822776,0.000723292,0.000777007,0.000775894,0.000770595,0.000665407,0.000396952,0.000767112,0.000487539,0.000564631,0.000570732,0.000747219,0.000681009,0.000382437,0.000586705,0.000800248,0.000663905,0.000808695,0.000646287,0.000729749,0.00079302,0.000695297,0.000399996,0.000629159,0.000633597,0.000389947,0.000732598,0.000551378,0.00085742,0.000647714,0.000670566,0.000896462,0.000523885,0.000659196,0.000630683,0.000361716,0.000624173,0.000761582,0.000702147,0.000663688,0.000659193,0.000761934,0.000457658,0.000637265,0.000641775,0.000464349,0.000640476,0.000542285,0.00040062,0.000816825,0.000813739,0.000629833,0.000695378,0.000826342,0.000775561,0.00059781,0.000817206,0.000681599,0.00078609,0.000821755,0.000338524,0.000765514,0.000842605,0.000712918,0.000715163,0.000481128,0.000682827,0.000722517,0.000768043,0.000560329,0.000773627,0.000750753,0.0005987,0.000771016,0.000697824,0.00059268,0.000760616,0.000542186,0.000682437,0.000512105,0.00089181,0.000768919,0.000712389,0.000699368,0.000707579,0.000848243,0.000568097,0.000703264,0.000716857,0.000624597,0.000839041,0.000586317,0.00066988,0.000752702,0.000621453,0.000668304,0.000426302,0.00034965,0.000734474,0.000641425,0.000699822,0.000689527,0.000655566,0.000212136,0.000679672,0.000473469,0.000679128,0.000451633,0.000598367,0.000736756,0.000499645,0.000824683,0.000673338,0.000619353,0.000613992,0.000662125,0.000614131,0.000606548,0.000586319,0.00058714,0.000663163,0.000633497,0.000657085,0.000700032,0.000651767,0.000527981
"PWY-7791: UMP biosynthesis III",0.000679878,0.000631751,0.000799119,0.000743463,0.000812023,0.000734892,0.000775355,0.000785515,0.000456617,0.000766344,0.0006921,0.000602275,0.000570328,0.000700639,0.000836099,0.000854503,0.000779312,0.000685983,0.000789676,0.00043552,0.000673875,0.000825112,0.000633823,0.000758217,0.000647935,0.000838409,0.000653676,0.000563095,0.000808452,0.000238228,0.000822776,0.000723292,0.000777007,0.000775894,0.000770595,0.000665407,0.000396952,0.000767112,0.000487539,0.000564631,0.000570732,0.000747219,0.000681009,0.000382437,0.000586705,0.000800248,0.000663905,0.000808695,0.000646287,0.000729749,0.00079302,0.000695297,0.000399996,0.000629159,0.000633597,0.000389947,0.000732598,0.000551378,0.00085742,0.000647714,0.000670566,0.000896462,0.000523885,0.000659196,0.000630683,0.000361716,0.000624173,0.000761582,0.000702147,0.000663688,0.000659193,0.000761934,0.000457658,0.000637265,0.000641775,0.000464349,0.000640476,0.000542285,0.00040062,0.000816825,0.000813739,0.000629833,0.000695378,0.000826342,0.000775561,0.00059781,0.000817206,0.000681599,0.00078609,0.000821755,0.000338524,0.000765514,0.000842605,0.000712918,0.000715163,0.000481128,0.000682827,0.000722517,0.000768043,0.000560329,0.000773627,0.000750753,0.0005987,0.000771016,0.000697824,0.00059268,0.000760616,0.000542186,0.000682437,0.000512105,0.00089181,0.000768919,0.000712389,0.000699368,0.000707579,0.000848243,0.000568097,0.000703264,0.000716857,0.000624597,0.000839041,0.000586317,0.00066988,0.000752702,0.000621453,0.000668304,0.000426302,0.00034965,0.000734474,0.000641425,0.000699822,0.000689527,0.000655566,0.000211465,0.000679672,0.000473469,0.000679128,0.000451633,0.000598367,0.000736756,0.000499645,0.000824683,0.000673338,0.000619353,0.000613992,0.000662125,0.000614131,0.000606548,0.000586319,0.00058714,0.000663163,0.000633497,0.000657085,0.000700032,0.000651767,0.000527981
"PWY-7805: (aminomethyl)phosphonate degradation",0,0,0,0,0,0,0,0,2.34138e-06,0,0,5.77561e-06,0,0,0,0,0,0,0,0,0,2.68187e-07,0,0,0,0,1.34009e-05,3.31346e-06,6.18645e-07,8.21928e-05,0,0,0,0,0,6.40022e-07,6.69731e-06,0,0,0,1.28597e-05,0,0,1.26935e-05,9.99753e-06,0,0,0,0,0,0,0,0,0,1.4849e-06,8.8978e-05,1.71299e-06,2.62478e-05,3.883e-07,7.23671e-06,8.78205e-07,0,1.64406e-05,0,5.21816e-06,2.40317e-05,1.76774e-06,0,9.69995e-07,0,0,0,2.51146e-05,5.61629e-07,0,0,9.84226e-07,0,8.53932e-06,0,0,0,0,0,0,2.29375e-06,0,2.33496e-07,0,0,0.000111976,0,0,0,0,2.59733e-06,0,0,0,1.48804e-05,0,0,5.84271e-07,0,0,0,0,1.52525e-06,1.0347e-05,0,0,0,0,1.20875e-06,0,0,0,0,0,0,0,5.0843e-07,0,0,0,1.33475e-06,3.91899e-05,2.06105e-05,0,0,0,0,0,1.92675e-05,2.87059e-06,0,9.54529e-07,8.51702e-07,0,0,1.41386e-05,0,2.1486e-06,0,0,5.48839e-07,0,0,0,0,0,0,0,0,0,6.98797e-07
"PWY-7807: glyphosate degradation III",0,0,0,0,0,4.53771e-07,0,0,2.07229e-06,0,0,5.27525e-06,1.76678e-06,0,0,0,0,0,0,1.00261e-05,0,2.74478e-07,0,0,0,0,1.50134e-05,3.28099e-06,6.67936e-07,8.28551e-05,0,0,0,0,0,5.8489e-07,6.18398e-06,0,0,0,1.32296e-05,0,0,1.19262e-05,1.34347e-05,0,0,0,0,0,0,0,0,0,1.34215e-06,9.93184e-05,5.13552e-06,2.99415e-05,3.78093e-07,7.52087e-06,2.47812e-06,0,1.65969e-05,0,5.10977e-06,2.44956e-05,1.73909e-06,0,1.35635e-06,0,0,0,2.75865e-05,7.98214e-07,0,0,9.2045e-07,0,8.05651e-06,0,0,0,0,0,0,3.4919e-06,0,2.15185e-07,0,0,0.000117044,0,0,5.55716e-07,0,2.48218e-06,0,0,0,1.551e-05,0,0,5.36159e-07,0,0,0,0,1.35079e-06,1.02432e-05,0,0,0,0,2.24073e-06,0,0,0,0,0,0,0,6.36106e-07,0,0,0,1.55252e-06,4.01426e-05,1.87582e-05,0,0,0,0,0,7.71866e-05,4.86832e-06,0,1.00643e-06,2.40943e-06,0,0,1.5288e-05,0,2.14362e-06,0,0,7.16495e-07,3.90339e-07,0,0,0,0,3.53796e-07,0,0,0,1.09812e-06
"PWY-7820: teichuronic acid biosynthesis (B. subtilis 168)",0,0,0,0,0,0,0,0,0,0,0,0,0,1.06432e-06,0,0,0,0,0,0,0,0,0,0,0,0,0,1.97995e-06,0,0,0,0,0,0,0,0,0,0,0,0,0,0,0,0,0,0,0,0,0,0,0,0,0,0,0,0,0,0,0,0,0,0,0,0,0,0,0,0,0,0,0,0,1.05854e-06,0,0,0,0,0,0,0,0,7.95648e-07,0,0,0,0,0,0,0,0,0,0,0,0,0,0,0,0,0,0,0,0,0,0,0,0,0,0,0,0,0,0,0,0,0,0,0,0,0,0,0,0,0,0,1.11911e-06,0,0,0,0,8.23329e-07,0,0,0,0,0,0,9.499e-07,0,0,0,0,0,0,0,0,0,0,0,0,0,2.04777e-06,0,0,0,0,0
"PWY-7851: coenzyme A biosynthesis II (eukaryotic)",0.000569464,0.000432736,0.000582271,0.000466926,0.000638704,0.000560858,0.000563302,0.000603974,0.000401682,0.000553386,0.000467208,0.000493675,0.000389461,0.000558712,0.000630042,0.000619972,0.000617546,0.000512627,0.000556923,0.000295628,0.000408933,0.000642151,0.000430697,0.000492698,0.000533769,0.000628406,0.00045527,0.000367584,0.00061773,0.000252789,0.000640253,0.000594624,0.000578503,0.000608484,0.000599808,0.000512189,0.000333772,0.000602342,0.000339891,0.000483495,0.000422554,0.000530451,0.000501145,0.000333464,0.000445534,0.000670183,0.000462851,0.000518057,0.000520318,0.000628278,0.000591298,0.000523135,0.000344261,0.000388557,0.000518817,0.000324825,0.000584713,0.000455333,0.000667836,0.00050649,0.000488716,0.000694302,0.000385955,0.000521061,0.00032955,0.000256329,0.000504329,0.000574869,0.000463644,0.000418311,0.000542811,0.000592671,0.000392215,0.000482449,0.000529684,0.00038054,0.00045769,0.000300222,0.000297223,0.000643455,0.000606994,0.000459766,0.000577248,0.000646183,0.00040256,0.000497684,0.000607828,0.000492536,0.000596854,0.000619232,0.000322524,0.00060669,0.000595341,0.000527659,0.000585619,0.000353564,0.000542287,0.000595417,0.000544818,0.000438454,0.000604843,0.000611103,0.000496923,0.000569288,0.000534772,0.000408946,0.000552771,0.000427309,0.000550209,0.000359008,0.000706584,0.000543619,0.000572122,0.000492049,0.000551262,0.000613621,0.000458313,0.000538382,0.000532759,0.00040848,0.000519334,0.000433915,0.000494186,0.000575015,0.000464685,0.000427523,0.000346905,0.000255041,0.000550445,0.000509235,0.000432597,0.000516118,0.000338624,0.000216584,0.000549088,0.000396794,0.000530707,0.00034122,0.000272444,0.000586334,0.000389031,0.000599352,0.000511011,0.000531638,0.000463045,0.00048426,0.000450488,0.000526652,0.000456577,0.000450254,0.000518677,0.000499736,0.000502868,0.000609512,0.000520239,0.000398583
"PWY-7853: 6-hydroxymethyl-dihydropterin diphosphate biosynthesis V (Pyrococcus)",0,0,0,0,0,0,0,0,0,0,0,0,0,0,0,0,0,0,0,0,0,0,0,0,0,0,0,0,0,0,0,0,0,0,0,0,0,0,0,0,0,0,0,0,0,0,0,0,0,0,1.47198e-06,1.18829e-06,0,0,0,0,0,0,0,0,0,0,0,0,0,0,0,0,0,0,0,0,0,0,0,0,0,0,0,0,0,0,0,0,0,0,0,0,0,0,0,0,0,0,0,0,0,0,0,0,0,0,0,0,0,0,0,0,0,0,0,0,0,0,0,0,0,0,0,0,0,0,0,0,0,0,0,0,0,0,0,0,0,0,0,0,0,0,0,0,0,0,0,0,0,0,0,0,0,0,0,0,0,0,0,0
"PWY-7858: (5Z)-dodecenoate biosynthesis II",5.43062e-06,0,0,3.64064e-06,0,1.27732e-06,6.12384e-06,9.9908e-06,0.000188764,0,4.60709e-06,9.88737e-05,2.83543e-06,0,0,0,2.75411e-06,1.60766e-06,0,5.1761e-05,0,2.18203e-06,0,7.76084e-06,1.02965e-06,0,7.62355e-05,6.87867e-05,5.45433e-07,0.000267576,3.14267e-06,1.09057e-05,0,0,0,8.56262e-06,6.77245e-05,0,0.000125012,8.45604e-06,2.93611e-05,0,0,0.000147305,1.21503e-05,0,1.45427e-06,0,6.81419e-06,2.75874e-06,1.6929e-05,3.13696e-05,0.00015097,0,7.66372e-05,0.00030159,6.71349e-06,0.000108225,9.95611e-06,2.12777e-05,3.67355e-05,0,4.3075e-05,1.74381e-06,2.54064e-05,0.000151127,2.20924e-06,0,4.98054e-06,0,1.9166e-06,0,0.00012223,2.99044e-05,0,0.000150344,9.62124e-06,0,0.000113007,0,4.98028e-06,0,0,0,0,1.0808e-05,0,1.64744e-06,0,6.96536e-06,0.000248721,0,0,2.87873e-05,6.7175e-06,3.76175e-05,0,0,0,2.75524e-05,2.13079e-06,1.49411e-06,6.27651e-06,0,6.36075e-06,0,0,6.2109e-05,5.08931e-05,0,0,3.23005e-05,3.3975e-06,8.85711e-06,0,0,6.27898e-05,2.32533e-06,0,5.94187e-05,0,0,0,0,1.87316e-05,1.71474e-05,0.000140073,0.000276528,0,8.365e-06,2.03364e-06,1.58946e-05,0,0.000320498,2.40118e-06,0.000162909,6.29508e-06,2.06722e-05,1.64445e-06,0,4.59082e-05,0,9.63893e-06,0,2.18523e-05,2.31993e-06,2.12046e-05,1.78746e-06,0,0,1.6345e-06,0,8.92088e-06,3.39291e-06,0,3.58078e-06
"PWY-7873: D-erythronate degradation II",0,0,0,0,0,0,0,0,6.34191e-06,0,0,2.34099e-06,0,0,0,0,0,0,0,2.38322e-06,0,0,0,0,0,0,1.35099e-06,0,0,0,0,0,0,0,0,6.41161e-07,4.16494e-06,0,0,0,0,0,0,6.81569e-06,0,0,0,0,0,0,0,0,1.17325e-05,0,2.0012e-06,2.31093e-05,0,6.08011e-06,1.62781e-07,2.05586e-06,0,0,4.95057e-06,0,2.42551e-07,0,0,0,0,0,0,0,0,0,0,1.28188e-05,2.71491e-07,0,5.06556e-06,0,0,0,0,0,0,0,0,0,0,0,0,0,0,6.97329e-07,0,2.93644e-06,0,0,0,2.6522e-06,0,0,5.18596e-07,0,0,0,0,4.44436e-06,2.63979e-06,0,0,0,0,0,0,0,0,0,0,2.68956e-06,0,0,0,0,0,0,9.45626e-06,1.66545e-05,0,3.02796e-07,0,0,0,2.51706e-05,0,0,1.56058e-07,1.64466e-06,0,0,5.86012e-06,0,0,0,0,0,1.9202e-06,0,0,0,0,0,0,0,0,2.80695e-07
"PWY-7874: L-threonate degradation",0,0,0,0,0,0,0,0,1.61299e-05,0,0,6.92172e-06,0,0,0,0,0,0,0,2.38322e-06,0,0,0,0,0,0,2.52484e-06,0,0,0,0,0,0,0,0,8.68891e-07,6.08066e-06,0,0,0,3.32794e-06,0,0,1.46677e-05,0,0,0,0,0,3.5346e-07,0,0,1.93918e-05,0,4.15527e-06,2.69922e-05,2.64198e-07,1.38915e-05,1.8992e-07,2.17865e-06,0,0,4.95057e-06,0,5.30823e-07,0,0,0,0,0,0,0,0,0,0,2.24229e-05,1.41574e-06,0,6.28654e-06,0,3.66971e-07,0,0,0,0,6.54913e-07,0,0,0,0,0,0,0,7.81349e-07,0,4.25445e-06,0,0,0,3.22073e-06,0,0,5.18596e-07,0,0,0,0,1.0481e-05,4.31282e-06,0,0,0,0,0,0,0,0,0,0,5.19656e-06,0,0,0,0,0,0,1.07694e-05,2.77371e-05,0,3.02796e-07,0,0,0,2.51706e-05,5.24855e-07,0,2.71377e-07,3.44824e-06,0,0,5.86012e-06,0,0,0,2.38166e-07,0,3.44468e-06,0,0,0,0,0,0,2.70624e-07,0,2.80695e-07
"PWY-7883: anhydromuropeptides recycling II",5.00643e-06,0,0,0,0,3.07145e-07,3.17209e-06,0,3.81803e-05,0,3.12946e-06,1.22751e-05,2.23718e-06,0,0,0,0,0,0,9.04219e-06,0,0,7.33653e-07,1.27619e-05,0,0,3.32379e-05,5.44579e-05,0,7.86073e-05,1.50808e-06,6.04861e-07,0,0,0,7.03177e-06,3.49563e-05,0,6.36134e-05,3.24569e-06,1.69395e-05,0,0,3.7385e-05,3.96879e-06,0,0,0,6.07205e-06,1.93395e-06,0,6.1999e-06,3.4167e-05,0,1.46424e-05,0.000171872,7.41058e-06,4.05682e-05,9.06573e-06,1.30836e-05,6.39768e-06,0,1.82801e-05,0,2.44406e-06,1.76052e-05,7.87719e-07,0,1.34042e-06,0,4.47372e-06,0,3.11747e-05,8.77563e-06,2.05805e-06,5.29842e-05,1.99142e-06,0,1.53296e-05,0,6.68544e-07,9.69966e-07,0,0,1.522e-06,4.63181e-06,0,3.23683e-07,0,0,4.38262e-05,0,0,4.918e-06,3.08906e-07,1.08464e-05,3.87158e-06,0,0,1.31004e-05,2.59089e-06,0,1.1017e-05,0,1.15791e-05,0,0,2.33411e-05,1.32473e-05,0,0,3.86338e-05,0,8.61041e-06,2.05213e-05,0,9.04231e-05,0,0,5.18565e-06,3.91518e-06,1.59138e-06,0,0,3.19546e-05,1.93981e-05,5.77654e-05,6.36737e-05,4.28023e-06,2.39484e-06,5.14853e-06,1.81071e-05,1.37792e-06,0.000103613,8.78962e-06,0.000149873,4.89975e-07,2.8487e-06,1.59647e-06,0,1.65812e-05,5.3874e-06,6.28059e-07,0,1.98936e-05,1.45869e-05,5.29822e-06,1.40616e-06,1.89203e-05,1.88785e-06,2.67077e-06,3.44307e-06,7.62776e-06,1.02665e-06,0,5.89908e-06
"PWY-7942: 5-oxo-L-proline metabolism",1.93482e-06,0,0,0,0,1.99304e-06,1.16635e-05,0,0.000158703,0,0,5.92389e-05,5.54548e-06,0,0,0,0,0,0,1.83225e-05,3.39991e-06,1.37231e-06,1.26058e-06,0,1.02548e-06,0,5.01601e-05,7.17475e-05,0,4.24513e-05,8.15623e-07,3.12903e-06,0,0,0,1.20743e-05,5.26593e-05,0,0.000119505,1.41153e-05,2.28971e-05,0,1.3371e-06,9.03385e-05,1.28571e-05,0,2.08581e-06,0,5.49707e-06,1.21112e-06,0,0,8.83914e-05,0,6.11209e-05,4.79151e-05,6.39868e-06,0.000162512,8.31441e-06,1.29362e-05,5.25999e-06,0,3.76396e-05,0,1.13479e-05,3.97012e-05,5.92763e-06,0,3.2221e-06,0,1.50728e-06,0,8.06941e-05,3.36053e-05,1.25254e-06,0.00018421,1.27209e-05,9.32329e-07,4.22818e-05,0,2.69933e-06,0,0,0,0,2.37575e-06,0,0,0,0,6.12432e-05,0,2.45968e-06,9.4241e-06,1.15891e-06,4.43362e-05,0,0,0,3.07465e-05,9.19825e-07,0,1.16247e-05,0,2.62135e-06,0,0,9.34191e-05,5.64056e-05,1.50826e-06,0,3.37633e-05,0,6.60267e-06,0,0,9.04387e-05,0,1.01304e-06,3.67532e-05,0,4.7052e-06,0,0,2.16108e-05,6.07745e-06,5.61005e-05,7.45222e-05,0,1.33091e-05,0,1.94915e-05,0,5.07869e-05,4.50438e-06,0.000111893,9.94752e-06,2.52451e-05,0,0,3.65863e-05,0,1.23883e-05,0,2.03061e-06,4.33584e-07,2.43253e-05,0,1.20789e-06,0,0,1.19532e-06,2.8847e-06,1.99339e-06,0,3.03982e-06
"PWY-7953: UDP-N-acetylmuramoyl-pentapeptide biosynthesis III (meso-diaminopimelate containing)",0.000601659,0.000607652,0.000678363,0.000773652,0.000708806,0.000615855,0.000705401,0.000711595,0.000491794,0.000620528,0.000615872,0.000579964,0.000556527,0.000644914,0.00077287,0.000676747,0.000759453,0.000640306,0.000732297,0.000485609,0.000675134,0.000690542,0.000590689,0.000675341,0.000741623,0.000636515,0.000678131,0.00041955,0.000656442,0.000418962,0.000748435,0.000693802,0.000754076,0.000670619,0.000854224,0.000665259,0.000391609,0.00073621,0.000478486,0.000812087,0.000557973,0.000690246,0.000657214,0.000458576,0.000553721,0.000670925,0.00058763,0.000735673,0.000599522,0.000565403,0.000593305,0.00053768,0.000447721,0.000652037,0.00054626,0.000386249,0.000803531,0.000525569,0.000839213,0.000568062,0.000675549,0.000757588,0.00050618,0.000642535,0.000686564,0.00038282,0.000561989,0.000629384,0.000607561,0.000672353,0.000594798,0.000675078,0.000456485,0.000534556,0.000625909,0.000415771,0.00058496,0.000609952,0.000370586,0.000701586,0.000591662,0.000615829,0.000633026,0.000802124,0.000691062,0.000502373,0.000705893,0.000569237,0.000654983,0.000652831,0.000477927,0.00059551,0.00074469,0.000730531,0.000736267,0.000444773,0.000548979,0.000687145,0.000728149,0.000513821,0.000593968,0.000734083,0.000645464,0.000676317,0.000640872,0.000638847,0.000668627,0.000541733,0.000589979,0.000452725,0.000627011,0.000685019,0.000650006,0.00056013,0.000682706,0.000653227,0.000524201,0.000660762,0.0006618,0.000549512,0.000677632,0.000597973,0.00058842,0.000709276,0.000545828,0.000683084,0.000418352,0.000462877,0.000660586,0.000612375,0.000568895,0.000611779,0.000584128,0.000273562,0.000600685,0.000422856,0.000612997,0.000468183,0.000531244,0.000631131,0.000444836,0.000706885,0.000593846,0.000609739,0.000554512,0.000555306,0.000548223,0.000561016,0.00052059,0.000514204,0.000561317,0.000590314,0.000561514,0.000662816,0.000668364,0.000515354
"PWY-7977: L-methionine biosynthesis IV",0.000493906,0.000375127,0.000483806,0.000483935,0.00054786,0.000620971,0.000659203,0.000563989,0.00054316,0.000456575,0.000486578,0.000384426,0.000285764,0.00040539,0.000572526,0.000382769,0.000608816,0.000585474,0.000458901,0.00031428,0.00038328,0.000518249,0.000402849,0.000269175,0.000368885,0.000500111,0.000426056,0.000404648,0.000519819,0.000448476,0.000497046,0.000504461,0.000459902,0.000486348,0.000599343,0.000507934,0.000401659,0.000422812,0.000603495,0.000399127,0.000411129,0.000485029,0.000350904,0.000447965,0.000376642,0.000560208,0.000377958,0.000471446,0.000411877,0.000733638,0.000460667,0.00033679,0.000390633,0.000229993,0.000356454,0.000333167,0.000449175,0.000590512,0.000578904,0.000446059,0.000483549,0.00041826,0.000378425,0.000374561,0.000437997,0.000392478,0.000548926,0.000572101,0.000476498,0.00036184,0.000425015,0.000504072,0.000390794,0.000492706,0.0004408,0.00046365,0.000453161,0.000201858,0.000395609,0.000651784,0.000554229,0.000473009,0.000487612,0.000442069,0.000418409,0.000336942,0.00066942,0.000368825,0.000343695,0.000800936,0.000452785,0.000623924,0.000453128,0.000404909,0.000601703,0.000294314,0.00035431,0.000374801,0.000421124,0.000290149,0.000450853,0.000573633,0.000247523,0.000502346,0.000503162,0.000261494,0.000463032,0.000506999,0.000461144,0.000261106,0.000693077,0.000575942,0.000518428,0.000388144,0.000432407,0.000404528,0.000487106,0.000569794,0.000601388,0.00042324,0.000506602,0.000379216,0.000443122,0.000602289,0.000471973,0.0004458,0.000446466,0.000435538,0.000354484,0.000399073,0.000373728,0.000346217,0.000595888,0.000310186,0.000479479,0.000397048,0.000412819,0.000378153,0.000577359,0.000444295,0.000382256,0.000426392,0.000438193,0.000595879,0.00029936,0.000504941,0.000332794,0.000351585,0.000407363,0.000445396,0.00030551,0.000384658,0.000285941,0.000492406,0.000314754,0.000314294
"PWY-7992: superpathway of menaquinol-8 biosynthesis III",9.96298e-06,0,0,0,0,0,0,3.0898e-06,0,0,0,0,0,0,0,4.46492e-06,0,0,0,5.30567e-06,0,0,0,0,4.52149e-06,0,0,0,6.33091e-06,0,0,0,0,0,0,0,0,0,0,0,0,8.20124e-07,0,0,0,0,0,0,0,0,0,0,0,0,0,0,0,0,0,0,0,0,3.99652e-06,0,0,1.02465e-05,0,0,2.21726e-06,0,9.14245e-06,0,1.85404e-06,6.29557e-06,2.86571e-05,0,3.72586e-05,0,0,0,0,0,0,0,0,7.19843e-06,0,0,0,0,0,0,0,0,0,3.53546e-06,1.10923e-05,0,1.51253e-06,0,0,0,0,2.48455e-06,0,1.24355e-05,1.83876e-05,0,0,4.06686e-06,1.75764e-06,0,0,0,5.31085e-06,0,0,0,2.93172e-06,1.47649e-06,2.91485e-05,4.7094e-05,0,0,0,0,0,0,0,0,0,0,0,0,4.64571e-06,0,0,4.74014e-05,2.74149e-05,1.01872e-05,0,7.00622e-06,0,4.29292e-05,0,0,0,6.8392e-06,0,0,0,1.00997e-05,0,0,0,3.31227e-05
"PWY-8004: Entner-Doudoroff pathway I",0.00010823,7.27581e-05,9.39426e-05,5.51369e-05,9.93435e-05,0.000155467,0.000138155,0.000118259,0.000228154,8.86243e-06,3.51688e-05,0.000147803,3.19992e-05,6.76853e-05,3.39885e-05,0.000104513,9.05046e-05,6.29578e-05,5.55131e-05,0.000104952,2.85619e-05,3.26325e-05,4.1483e-05,5.73205e-05,6.70936e-05,0.000154732,0.000121045,0.000122478,8.69222e-05,0.00025444,9.44629e-05,9.2818e-05,2.25422e-06,8.71549e-05,1.00886e-05,0.000116144,0.000158832,6.63602e-05,0.000197974,5.46802e-05,0.000100617,8.37051e-05,4.35599e-05,0.00017268,6.95453e-05,0.000127446,3.76725e-05,8.64119e-05,3.77654e-05,4.60226e-05,0.000110031,0.000112064,0.000195617,3.91292e-05,0.000107519,0.000352695,3.57181e-05,0.000208357,4.91767e-05,0.000109168,8.09286e-05,6.68055e-06,0.000118125,5.00063e-05,5.51901e-05,0.000126045,0.000144707,0.000103625,6.4297e-05,6.69553e-05,9.89656e-05,7.68701e-05,0.000184386,8.41751e-05,7.37195e-05,0.000250743,0.000101704,4.24896e-05,0.000120893,9.95351e-05,0.000103454,6.95143e-05,3.88182e-05,0,2.93136e-05,0.000113282,0.00011091,0.000127059,9.09389e-05,0.000171018,0.000279346,0.000131637,3.58043e-05,0.000110199,0.000201338,5.92747e-05,4.37518e-05,2.58139e-05,3.92691e-05,9.01811e-05,0.000213667,1.07373e-05,4.4195e-05,0.00010482,3.87314e-05,7.36909e-05,0.00011134,0.000158074,9.64929e-05,4.08689e-05,0.000163822,0.000134384,9.12861e-05,8.50864e-05,9.32819e-05,3.78348e-05,9.66499e-05,6.16438e-05,0.000110071,9.46191e-05,8.69334e-05,8.38089e-05,9.72883e-05,8.18923e-05,0.000134532,6.12512e-05,0.000210025,0.000222717,0.000114799,8.53437e-05,0.000122602,5.70404e-05,4.32985e-05,0.000197298,9.9956e-05,0.000184455,4.5074e-05,0.000141068,1.9031e-05,9.50393e-05,0.000187904,9.92333e-05,8.40557e-05,6.35224e-05,7.25365e-05,0.000113093,8.8734e-05,6.15097e-05,7.23027e-05,8.4163e-05,8.5917e-05,6.78762e-05,7.27304e-05,7.80201e-05,5.24822e-05,6.29393e-05
"PWY-8011: L-serine biosynthesis II",0,0,0,0,0,8.30401e-07,0,0,0,0,0,0,0,0,0,0,0,0,0,0,0,0,0,0,0,0,0,0,0,0,0,0,0,0,0,0,0,0,0,0,0,0,0,0,0,0,0,0,0,0,0,0,0,0,0,0,0,0,1.04302e-06,0,4.68936e-07,0,0,0,0,5.10408e-07,0,0,0,0,0,0,0,0,0,0,0,0,0,0,0,0,0,0,0,0,0,0,0,0,0,0,0,0,0,0,0,0,0,0,0,0,0,0,0,0,0,0,0,0,0,0,0,0,0,0,0,0,0,0,0,0,0,0,0,0,0,0,0,0,0,0,0,0,0,0,0,0,0,0,0,0,0,0,0,0,0,0,0,0,0,0,0,0,0,0
"PWY-801: homocysteine and cysteine interconversion",6.73802e-06,4.41815e-05,7.86094e-06,0,0,2.17146e-06,1.79954e-05,0,7.83531e-05,0,6.85335e-07,2.69204e-05,1.65744e-06,0,3.25048e-05,1.02226e-06,9.07598e-07,6.02281e-07,1.5467e-06,9.3e-06,8.46108e-07,2.39299e-07,8.65734e-07,4.8734e-06,2.9537e-06,1.55817e-06,3.40011e-05,2.99978e-05,3.76248e-06,2.91531e-05,2.33088e-05,6.37155e-06,5.24505e-05,0,0,4.92634e-06,1.94084e-05,5.67756e-06,3.78948e-05,4.72915e-06,2.33565e-05,5.27731e-07,0,6.12428e-05,2.62649e-06,0,1.71906e-06,1.40742e-05,0,2.57084e-05,9.72371e-06,1.80357e-05,4.29033e-05,7.07866e-07,1.90711e-05,3.48207e-05,6.96663e-06,4.73751e-05,2.34663e-05,1.46805e-05,1.22869e-05,1.08748e-05,2.18857e-05,4.72772e-06,8.68694e-06,4.6e-05,3.4261e-06,0,2.7975e-06,5.85796e-07,1.3669e-06,7.864e-07,4.11592e-05,1.03103e-06,0,4.20871e-05,4.22063e-06,1.75765e-06,2.21295e-05,8.94767e-07,8.09836e-06,3.92155e-06,0,0,6.52503e-06,4.67561e-06,1.816e-05,2.79126e-06,1.77727e-06,0,6.13507e-05,1.19632e-05,0,9.17982e-06,2.83024e-06,1.34602e-05,2.40129e-06,1.86524e-05,1.54269e-05,2.13426e-05,0,0,3.89296e-06,0,5.66041e-06,0,8.51474e-06,3.03671e-05,2.43713e-05,0,0,2.85082e-05,2.59665e-06,4.65284e-06,2.15432e-06,0,4.90213e-05,0,3.8756e-06,1.68019e-05,2.1596e-06,8.08345e-07,0,6.78039e-07,4.71665e-06,8.47383e-07,5.66442e-05,2.24549e-05,2.70615e-07,1.73057e-06,9.21688e-07,2.93119e-05,0,5.08294e-06,2.72815e-06,1.13894e-06,1.41209e-06,1.39608e-05,1.1154e-06,0,2.14832e-05,0,5.26273e-06,0,1.55089e-05,1.10572e-06,1.75871e-05,6.37384e-07,1.11526e-06,3.12813e-06,5.49141e-06,3.86944e-07,5.76256e-06,3.36072e-06,1.07757e-06,1.21853e-06
"PWY-8055: palmitoyl ethanolamide biosynthesis",0,0,0,0,0,9.59186e-07,0,0,0,0,0,0,0,0,0,0,0,0,0,0,0,0,0,0,0,0,0,0,0,2.57228e-07,0,0,0,0,0,0,0,0,0,0,0,0,0,0,0,0,0,0,0,0,0,0,0,0,0,0,0,0,0,0,0,0,0,0,0,0,0,0,0,0,0,0,0,0,0,0,0,0,0,0,0,0,0,0,0,0,0,0,0,0,0,0,0,0,0,0,0,0,0,0,0,0,0,0,0,0,0,0,0,0,0,0,0,0,0,0,0,0,0,0,0,0,0,0,0,0,0,0,0,0,0,0,0,0,0,0,0,0,0,0,0,0,0,0,0,0,0,0,0,0,0,0,0,0,0,0
"PWY-8073: lipid IVA biosynthesis (P. putida)",3.61775e-05,2.88291e-05,0,1.1451e-05,1.90653e-06,3.22727e-06,5.97917e-06,3.75588e-06,0.000146768,8.34801e-06,1.79561e-05,0.000130483,1.22004e-05,2.96761e-06,8.94539e-07,2.16133e-06,0,1.34017e-06,0,4.34642e-05,7.93649e-06,1.36064e-05,5.22116e-05,2.81738e-05,1.37844e-05,4.85006e-06,4.76938e-05,7.94344e-05,7.24732e-05,0.000253333,1.6491e-05,1.05178e-05,9.49243e-07,1.67116e-06,0,4.80137e-05,0.000141071,8.95095e-06,0.000180519,1.61124e-05,6.59577e-05,4.06747e-06,3.78359e-06,0.000153156,3.21022e-05,2.15028e-06,1.47399e-05,0,6.70913e-06,3.28664e-06,1.47583e-06,5.7047e-06,0.000135646,1.00627e-05,7.65923e-05,0.000212041,7.09409e-06,0.000105961,1.49902e-05,3.92252e-05,2.20788e-05,2.92505e-06,8.77655e-05,2.92276e-06,3.93029e-05,0.00013608,3.22583e-06,0,2.24686e-05,1.50283e-05,7.87194e-05,3.78078e-05,0.00022282,8.0479e-05,3.7648e-05,0.000160235,0.00010176,6.61213e-06,0.000146195,0,8.62734e-06,4.52054e-05,0,0,9.4153e-06,6.82066e-05,0,1.74815e-05,1.23878e-05,1.09713e-06,0.000215103,1.86052e-06,5.48159e-06,7.29599e-06,6.20619e-06,5.24856e-05,2.20833e-05,0,3.21648e-06,8.57578e-05,7.60532e-06,0,9.6043e-06,8.65811e-06,6.87369e-06,1.54588e-05,8.18406e-06,8.73452e-05,3.7488e-05,1.80273e-05,1.8169e-06,8.2274e-05,8.13062e-06,2.60315e-05,8.68392e-05,1.35979e-06,5.66752e-05,0,5.17658e-06,9.36906e-05,6.91701e-05,2.89645e-05,4.18363e-05,1.75609e-05,0.000101781,1.50353e-05,0.000193432,0.000255222,5.17998e-05,4.39923e-05,3.32398e-05,1.79223e-05,1.54577e-05,0.000237722,4.36934e-05,0.000102886,1.31887e-05,7.83928e-05,1.1846e-05,0.000114129,8.53986e-05,2.56663e-05,6.2906e-05,5.96523e-05,5.18016e-05,0.000134558,4.8823e-05,5.1415e-05,0.00014079,1.23536e-05,3.45912e-05,5.80127e-05,1.97792e-05,1.80686e-05,4.52754e-05,6.13754e-05
"PWY-8086: (S)-lactate fermentation to propanoate, acetate and hydrogen",0,0,0,0,0,0,9.08735e-07,0,1.28711e-05,0,0,2.36813e-06,0,0,0,0,0,0,0,3.86673e-06,3.44902e-07,5.03016e-07,0,0,0,0,0,4.97264e-06,0,6.56385e-06,0,0,0,0,0,2.77405e-06,1.39293e-05,0,0,0,0,0,0,2.95228e-06,3.01482e-06,0,0,0,0,0,0,0,0,0,4.73248e-06,0,0,1.1097e-06,3.59922e-07,0,0,0,4.10252e-06,0,5.13692e-06,1.1122e-05,7.51632e-07,0,2.79564e-07,0,2.98331e-07,0,3.17451e-05,3.37851e-07,0,1.36877e-05,3.64182e-06,0,1.24752e-05,0,0,0,0,0,0,2.87523e-07,0,3.50201e-07,0,0,5.5498e-06,0,0,0,0,7.79369e-06,0,0,0,0,0,0,0,0,0,0,0,9.9272e-06,5.36823e-06,0,0,2.66054e-05,0,3.67653e-07,0,0,0,0,0,1.10484e-05,0,6.28197e-07,0,0,0,6.08369e-07,0,2.61049e-06,0,1.70909e-06,0,3.62956e-07,0,0,3.62177e-07,0,2.31063e-06,4.98964e-06,0,0,9.67824e-06,0,3.90529e-06,0,0,3.64676e-07,7.00083e-06,0,0,0,0,0,0,0,0,8.86026e-07
"PWY-8112: factor 420 biosynthesis I (archaea)",0,4.12488e-06,0,0,0,0,0,0,0,4.97199e-06,0,1.27231e-06,5.53525e-05,0,0,0,0,0,0,4.73866e-06,1.65734e-05,0,0,5.15347e-06,0,3.53664e-06,0,0,0,0,0,0,0,0,0,1.32949e-05,0,0,0,0,0,0,2.42573e-05,0,0,0,9.09624e-07,0,7.54511e-06,0,1.39833e-05,1.95993e-05,0,0.000143344,7.02734e-06,0,0,0,0,1.54934e-05,0,0,2.06587e-05,0,6.52663e-05,2.2937e-06,0,0,0,8.49132e-07,1.49012e-06,0,0,0,0,7.35174e-06,2.39073e-06,0,0,0,7.84392e-06,2.91184e-06,0,0,0.00012066,0,0,2.33782e-05,1.43273e-05,0,2.81585e-07,0,0,0,0,0,0,0,0,2.17772e-05,2.02355e-05,0,0,0,0,4.63489e-05,1.39862e-05,0,0,1.09626e-06,3.75675e-07,0,0,3.6516e-05,0,0,0,0,1.04562e-05,5.27924e-06,0,3.66518e-05,9.33675e-06,0,0,0,0,2.00495e-05,1.42173e-06,0,1.47965e-05,0,5.20048e-07,0,8.7115e-07,0,0,2.92833e-05,0,5.0452e-06,0,0,0,0,0,0,0,6.52302e-06,0,0,0,0,2.89377e-06,0,0,5.10567e-05
"PWY-8113: 3PG-factor 420 biosynthesis",0,3.02562e-06,0,0,0,0,0,0,0,4.27481e-06,0,1.27231e-06,5.20464e-05,0,0,0,0,0,0,4.32419e-06,1.48986e-05,0,0,4.27468e-06,0,2.84924e-06,0,0,0,0,0,0,0,0,0,1.21279e-05,0,0,0,0,0,0,2.36102e-05,0,0,0,0,0,6.44445e-06,0,1.33329e-05,1.84272e-05,0,0.000134618,6.4009e-06,0,0,0,0,1.45246e-05,0,0,1.97957e-05,0,6.07871e-05,1.68994e-06,0,0,0,0,1.32255e-06,0,0,0,0,6.7147e-06,1.93915e-06,0,0,0,7.84392e-06,2.75923e-06,0,0,0.000115984,0,0,2.01602e-05,1.24768e-05,0,0,0,0,0,0,0,0,0,0,2.04399e-05,1.82905e-05,0,0,0,0,4.32372e-05,1.27953e-05,0,0,9.49108e-07,0,0,0,3.43179e-05,0,0,0,0,8.88805e-06,4.5893e-06,0,3.41523e-05,8.47305e-06,0,0,0,0,1.94022e-05,1.25753e-06,0,1.38254e-05,0,4.451e-07,0,0,0,0,2.63142e-05,0,4.74225e-06,0,0,0,0,0,0,0,6.30254e-06,0,0,0,0,2.74286e-06,0,0,4.7092e-05
"PWY-8125: mevalonate pathway IV (archaea)",0,7.0355e-06,0,0,0,0,0,0,0,0,0,1.2391e-06,0,0,0,0,0,0,0,0,0,0,0,1.89107e-06,0,0,0,0,0,0,0,0,0,0,0,3.85422e-06,0,0,0,0,0,0,9.73569e-06,0,0,0,0,0,0,0,1.85767e-05,3.19618e-05,0,0,3.91106e-06,0,0,0,0,0,0,0,0,0,0,4.54549e-06,0,0,0,0,0,0,0,0,0,0,4.61278e-06,0,0,0,0,0,0,0,0,0,0,0,0,0,0,0,0,0,0,0,0,0,0,0,0,0,0,0,0,0,0,0,0,0,0,0,0,1.82018e-06,0,0,0,0,4.411e-06,2.71581e-06,0,0,0,0,0,0,0,1.39921e-06,0,0,5.57804e-06,0,1.32942e-06,0,0,0,0,3.31137e-06,0,0,0,0,0,0,0,0,0,0,0,0,0,0,0,0,0,0
"PWY-8131: 5'-deoxyadenosine degradation II",3.13788e-05,3.84312e-05,6.67675e-05,3.65283e-05,4.70583e-05,4.73625e-05,0.000116058,3.03071e-05,4.91643e-06,7.85975e-05,5.02519e-05,1.19715e-05,7.17755e-06,0.000112109,5.35104e-05,1.94428e-05,0.000102079,5.59296e-05,2.7471e-05,6.65283e-05,6.2229e-05,7.74037e-05,1.94125e-05,2.37618e-05,2.43214e-05,3.69933e-05,7.59286e-05,5.62763e-05,0.000104693,1.29939e-05,6.0639e-05,3.89562e-05,2.57011e-05,4.85628e-05,3.11376e-05,2.72873e-05,4.18954e-05,4.13562e-05,0.000115297,5.58869e-05,3.41652e-05,6.27097e-05,6.19728e-05,7.36482e-06,0.000104656,5.82385e-05,2.87658e-05,0.000144483,0.000104964,1.42766e-05,5.2199e-05,3.54175e-05,9.43309e-05,6.24078e-05,1.86994e-05,5.99692e-06,1.20864e-05,2.0574e-05,1.85258e-05,5.98367e-05,5.28659e-05,6.01694e-05,1.50172e-05,0.000249872,3.46602e-05,1.90776e-05,1.61271e-05,3.06128e-05,7.97274e-05,3.3096e-05,1.59578e-05,4.73467e-05,2.4102e-05,2.41803e-05,1.79805e-05,2.28073e-05,4.73305e-05,2.86254e-05,3.29644e-05,4.03263e-05,5.74527e-05,3.28166e-05,6.91954e-05,0.000101401,2.84089e-05,2.05217e-05,4.08253e-05,3.81928e-05,2.37472e-05,7.48079e-05,1.2096e-05,3.44964e-05,4.40909e-05,0.000116724,3.5609e-05,6.16945e-05,6.28366e-05,0.000176182,6.11399e-05,1.19714e-05,7.58581e-05,3.63859e-05,0.000306792,6.59084e-05,7.81458e-05,2.5728e-05,3.92731e-05,2.97058e-05,6.88242e-05,1.04681e-05,0.000133782,3.3707e-05,0.000108578,2.97025e-05,2.42648e-05,2.3518e-05,8.77473e-05,9.40157e-05,9.27196e-05,2.40886e-05,8.63139e-05,1.72584e-05,1.57945e-05,0.000103913,4.22667e-05,1.75634e-05,9.89549e-05,8.03045e-06,2.33605e-05,3.96175e-05,3.19917e-05,6.72628e-05,7.38261e-06,2.50829e-05,2.2917e-05,5.48409e-05,0.000119225,2.58336e-06,6.81489e-06,4.94971e-05,9.03309e-05,2.74765e-05,5.63504e-05,2.00275e-06,1.59805e-05,1.40959e-05,7.39334e-05,2.22342e-05,2.84519e-05,5.56021e-05,7.18384e-06,2.60671e-05,8.94232e-06,7.96472e-05,2.01409e-05,2.64059e-05
"PWY-8134: bile acid 7&beta;-dehydroxylation",0,0,0,0,0,0,0,3.55906e-06,0,0,0,0,0,0,0,0,0,0,0,0,0,0,0,0,0,0,0,0,0,1.09438e-06,0,0,0,0,0,0,0,0,0,0,0,0,0,0,3.08218e-06,0,0,3.72346e-06,0,0,0,0,0,0,0,0,0,0,0,0,0,0,0,0,0,0,0,0,8.22951e-07,0,0,0,0,0,0,0,4.78107e-07,0,1.16046e-06,0,0,0,0,0,0,0,0,0,0,0,0,0,0,0,6.57282e-07,0,0,0,0,0,0,7.14746e-07,0,0,0,0,0,0,0,0,0,0,0,0,0,0,0,0,5.84586e-06,0,0,0,0,0,0,0,0,0,0,0,0,0,0,0,0,0,2.7158e-06,0,0,0,1.97715e-06,0,0,0,0,0,0,0,0,0,0,0,0,2.31565e-06,0,0
"PWY-8173: anteiso-branched-chain fatty acid biosynthesis",0,0,0,0,0,0,0,0,0,0,0,0,0,0,0,0,0,0,0,0,0,0,0,0,0,0,0,0,0,0,0,0,0,0,0,0,0,0,0,0,0,0,0,0,0,0,0,0,0,0,0,0,0,0,0,0,0,0,0,0,0,0,0,0,0,0,0,0,0,0,0,0,0,0,0,0,0,0,0,0,0,0,0,0,0,0,0,0,0,0,0,0,0,0,0,0,0,0,0,0,0,0,0,0,0,0,0,0,0,0,0,0,0,0,0,0,0,0,0,0,0,0,0,0,0,0,0,0,0,0,0,0,0,0,0,0,0,0,0,0,0,0,0,0,0,0,0,0,0,0,0,0,0,0,0,0
"PWY-8174: odd iso-branched-chain fatty acid biosynthesis",0,0,0,0,0,0,0,0,0,0,0,0,0,0,0,0,0,0,0,0,0,0,0,0,0,0,0,0,0,0,0,0,0,0,0,0,0,0,0,0,0,0,0,0,0,0,0,0,0,0,0,0,0,0,0,0,0,0,0,0,0,0,0,0,0,0,0,0,0,0,0,0,0,0,0,0,0,0,0,0,0,0,0,0,0,0,0,0,0,0,0,0,0,0,0,0,0,0,0,0,0,0,0,0,0,0,0,0,0,0,0,0,0,0,0,0,0,0,0,0,0,0,0,0,0,0,0,0,0,0,0,0,0,0,0,0,0,0,0,0,0,0,0,0,0,0,0,0,0,0,0,0,0,0,0,0
"PWY-8175: even iso-branched-chain fatty acid biosynthesis",0,0,0,0,0,0,0,0,0,0,0,0,0,0,0,0,0,0,0,0,0,0,0,0,0,0,0,0,0,0,0,0,0,0,0,0,0,0,0,0,0,0,0,0,0,0,0,0,0,0,0,0,0,0,0,0,0,0,0,0,0,0,0,0,0,0,0,0,0,0,0,0,0,0,0,0,0,0,0,0,0,0,0,0,0,0,0,0,0,0,0,0,0,0,0,0,0,0,0,0,0,0,0,0,0,0,0,0,0,0,0,0,0,0,0,0,0,0,0,0,0,0,0,0,0,0,0,0,0,0,0,0,0,0,0,0,0,0,0,0,0,0,0,0,0,0,0,0,0,0,0,0,0,0,0,0
"PWY-8178: pentose phosphate pathway (non-oxidative branch) II",0.0005379,0.000424569,0.000582573,0.000534229,0.000600255,0.000648806,0.00077318,0.000669238,0.000585306,0.000643662,0.000551017,0.000444023,0.000310494,0.000667891,0.000734339,0.000498033,0.000768011,0.000625277,0.000560696,0.00035688,0.000453499,0.000689288,0.000385325,0.000426228,0.00042051,0.000602684,0.000941162,0.000378553,0.000615125,0.000601431,0.000774979,0.000702697,0.000963413,0.000713922,0.000945756,0.000528652,0.000455737,0.000795687,0.000499777,0.000429008,0.000434873,0.000574129,0.000471341,0.000544312,0.000880988,0.000625965,0.000424199,0.000700708,0.000513072,0.000627013,0.000525998,0.000444869,0.000618533,0.000308953,0.00042045,0.000671785,0.000998681,0.000646403,0.000950583,0.000506883,0.000468777,0.000765152,0.000410498,0.000820242,0.0004323,0.000394831,0.000672166,0.000674888,0.000513632,0.000405731,0.000354219,0.000526464,0.000394565,0.000348097,0.000375308,0.000514563,0.000377453,0.000267733,0.000331795,0.000702957,0.000547908,0.000405439,0.000709971,0.000952725,0.000460196,0.000433321,0.000708093,0.000420319,0.00044109,0.000630397,0.000574374,0.000478011,0.000676654,0.000818827,0.000815805,0.000402611,0.000457741,0.00085713,0.00072826,0.000306629,0.00049476,0.000962088,0.00071909,0.000580516,0.000606188,0.000363202,0.000640164,0.000633808,0.000501596,0.00033387,0.000574796,0.000725237,0.000691605,0.000455317,0.000414621,0.000645366,0.000658364,0.000642079,0.000603345,0.00038567,0.000621316,0.000350731,0.000366021,0.000666563,0.000457985,0.000396261,0.00055512,0.000549879,0.000338714,0.000421425,0.000322077,0.000575566,0.000388153,0.000663842,0.000422672,0.00056356,0.000813435,0.000309124,0.000369907,0.000172172,0.00051536,0.000390577,0.000552442,0.00014641,0.00050995,0.000340639,0.000434879,0.000280707,0.000215269,0.000508888,0.000394591,0.000302334,0.00033009,0.000629627,0.00039998,0.000248969
"PWY-8187: L-arginine degradation XIII (reductive Stickland reaction)",8.53197e-05,0.000143054,0.000186274,0.000136973,0.000207492,0.000296404,0.000487815,0.000121807,0.000186852,0.000166042,0.000177204,8.50975e-05,0.000283042,0.000360922,0.000327995,0.000173777,0.000206543,0.000315506,0.000353774,0.000200552,0.000193576,0.000283004,0.000197936,0.000133134,0.000163245,0.000226671,7.55571e-05,0.000204917,0.000179108,0.000258464,0.000122772,9.02615e-05,6.88854e-05,0.000176215,3.1633e-05,0.000133016,0.000166006,0.000103599,0.000289125,0.000102976,0.000254046,0.000398609,0.000266906,0.000171987,9.72262e-05,0.000143348,0.000103371,0.000116232,0.000262631,0.000302334,0.000411734,0.00027348,0.000148623,0.000268099,0.000100969,0.00040237,4.66229e-05,0.000174346,0.000133454,0.00026235,0.000269495,0.000266838,0.000171034,0.00026321,0.000159055,0.00011316,0.000160474,0.000237328,0.000202565,0.000392417,0.00010851,0.000133454,0.000169005,0.000106502,0.00011641,0.000161971,0.000159701,0.000435853,0.000125957,0.00021704,0.000319734,0.000153308,9.16604e-05,0.000220734,0.000130732,0.000181248,0.000249153,0.000212271,0.000131261,5.31403e-05,0.000198501,0.000202247,6.1292e-05,0.000100757,0.000376633,0.000148048,8.64096e-05,0.000198725,0.000267567,0.000191939,0.000311035,6.83815e-05,5.1379e-05,0.000158244,0.000365988,0.000205323,0.000116846,0.000303402,0.000204168,5.79576e-05,0.000413218,0.000282968,0.000378348,0.000150557,0.000228408,0.000150313,0.000103596,0.000283047,0.000486054,0.000183463,0.000100558,0.000192089,0.000172744,5.51084e-05,0.000125673,0.000198575,0.000173826,0.000209623,0.000119483,0.000148501,0.000172895,6.88286e-05,5.37197e-05,0.000236192,0.00018108,0.000149196,0.000121384,0.000114679,2.84528e-05,0.000145519,4.52187e-05,5.42681e-05,0.000103199,0.000132361,0.000135357,0.000200056,0.000141151,5.72754e-05,8.01403e-05,0.000149905,7.44191e-05,0.000117285,7.56124e-05,5.49539e-05,0.000156096,0.000106546
"PWY-8188: L-alanine degradation VI (reductive Stickland reaction)",0,0,1.03023e-05,4.46984e-06,0,0,0,0,0,0,9.44505e-06,1.03357e-05,1.65664e-05,0,0,7.1262e-06,0,0,0,1.73462e-05,1.1288e-05,0,2.17882e-06,0,1.30038e-05,0,0,0,0,0,0,6.81533e-06,0,0,0,0,1.92193e-05,3.26378e-06,6.0506e-06,4.35025e-06,0,0,0,0,0,0,0,8.63375e-06,0,0,0,0,0,0,0,0,0,0,0,0,1.48625e-05,0,0,0,6.2022e-06,0,0,0,1.24446e-06,2.42606e-05,9.60686e-06,2.61477e-05,0,0,2.25468e-06,0,0,7.25673e-06,7.5937e-07,0,0,1.29454e-05,0,0,0,0,0,0,0,0,0,2.51467e-06,0,0,0,0,1.47834e-06,0,0,0,0,0,0,3.45673e-06,1.35035e-05,6.10505e-06,0,5.84051e-06,0,2.0565e-06,0,0,0,1.828e-06,2.11014e-06,4.60567e-06,0,0,0,0,0,2.23812e-06,1.51355e-05,1.15887e-05,1.70834e-05,1.74446e-05,0,0,0,2.7688e-06,3.45236e-06,0,2.43566e-06,0,2.75157e-05,0,9.32684e-06,0,0,2.60082e-06,0,1.94983e-06,0,0,9.9471e-06,1.79113e-06,6.88057e-06,0,1.76518e-06,6.0943e-06,8.82023e-06,2.93259e-06,0,5.51003e-06,0,1.82756e-05
"PWY-8189: L-alanine degradation V (oxidative Stickland reaction)",0,0,1.03023e-05,4.46984e-06,0,0,0,0,0,0,9.44505e-06,1.03357e-05,1.65664e-05,0,0,7.1262e-06,0,0,0,1.73462e-05,1.1288e-05,0,2.17882e-06,0,1.30038e-05,0,0,0,0,0,0,6.81533e-06,0,0,0,0,1.92193e-05,3.26378e-06,6.0506e-06,4.35025e-06,0,0,0,0,0,0,0,8.63375e-06,0,0,0,0,0,0,0,0,0,0,0,0,1.48625e-05,0,0,0,6.2022e-06,0,0,0,1.24446e-06,2.42606e-05,9.60686e-06,2.61477e-05,0,0,2.25468e-06,0,0,7.25673e-06,7.5937e-07,0,0,1.29454e-05,0,0,0,0,0,0,0,0,0,2.51467e-06,0,0,0,0,1.47834e-06,0,0,0,0,0,0,3.45673e-06,1.35035e-05,6.10505e-06,0,5.84051e-06,0,2.0565e-06,0,0,0,1.828e-06,2.11014e-06,4.60567e-06,0,0,0,0,0,2.23812e-06,1.51355e-05,1.15887e-05,1.70834e-05,1.74446e-05,0,0,0,2.7688e-06,3.45236e-06,0,2.43566e-06,0,2.75157e-05,0,9.32684e-06,0,0,2.60082e-06,0,1.94983e-06,0,0,9.9471e-06,1.79113e-06,6.88057e-06,0,1.76518e-06,6.0943e-06,8.82023e-06,2.93259e-06,0,5.51003e-06,0,1.82756e-05
"PWY-8190: L-glutamate degradation XI (reductive Stickland reaction)",0,0,0,0,0,0,0,0,1.19085e-06,0,3.79269e-07,0,8.18713e-07,0,0,0,0,0,0,1.99098e-06,0,0,0,1.95981e-06,0,0,0,0,0,7.74662e-07,6.38752e-07,0,0,0,0,0,6.85594e-06,0,1.85593e-05,0,0,0,0,0,1.77047e-06,0,0,0,0,0,0,0,0,0,0,0,0,0,0,0,0,0,0,0,1.0027e-06,2.21551e-06,0,0,1.07753e-06,0,0,0,1.77585e-05,5.26265e-07,0,0,1.48102e-06,1.64647e-05,4.36154e-06,0,0,0,0,0,0,0,0,0,0,0,0,0,0,0,0,0,0,0,0,0,1.0024e-06,0,0,0,0,0,0,7.15445e-07,0,0,0,3.75441e-06,0,6.57523e-06,0,0,0,0,9.5678e-07,3.14545e-06,0,0,0,0,1.6685e-06,2.63649e-06,0,1.05267e-06,0,0,1.33215e-05,0,0,2.20329e-07,0,0,1.34173e-06,6.99168e-07,0,0,3.13365e-06,0,2.78551e-06,0,1.2341e-06,4.06905e-07,1.29442e-06,0,0,0,0,6.96493e-06,0,0,0,2.24489e-06
"PWY-821: superpathway of sulfur amino acid biosynthesis (Saccharomyces cerevisiae)",1.29564e-05,9.23277e-06,1.87581e-06,3.53176e-06,0,2.44724e-06,1.81292e-05,0,0.000170781,5.73312e-06,1.03447e-05,0.000117029,1.12137e-05,0,1.54053e-05,1.00498e-05,5.4806e-06,3.87989e-06,6.02971e-06,3.42329e-05,9.16336e-06,2.33284e-05,1.34574e-05,9.06366e-06,6.45282e-06,4.13801e-06,0.00011263,0.000129295,6.74229e-06,0.000127902,5.91948e-06,1.34551e-05,0,4.41303e-06,5.04384e-06,2.59739e-05,0.000146787,1.28585e-06,0.0001929,2.37891e-05,8.22079e-05,9.70493e-06,2.36314e-05,0.000170759,4.45489e-05,3.9488e-06,1.52765e-05,3.51652e-06,2.04699e-05,9.02271e-06,6.51179e-06,3.0206e-05,0.000197099,6.12917e-06,7.66664e-05,0.000108102,1.40437e-05,0.000182496,2.71741e-05,6.17494e-05,4.72902e-05,0,8.24453e-05,1.238e-05,4.0683e-05,0.000124594,1.80408e-05,2.54233e-06,1.55354e-05,4.44802e-06,1.47477e-05,3.19943e-06,0.000149109,1.3059e-05,0,0.000200195,2.36558e-05,1.63114e-05,8.38679e-05,4.13124e-06,6.19343e-06,0,3.84865e-06,0,1.71806e-05,1.25462e-05,0,9.47077e-06,0,0,0.00018213,0,0,2.27561e-05,3.00786e-06,6.87991e-05,7.4238e-06,0,0,6.48066e-05,2.84678e-05,2.97639e-06,3.12048e-05,0,6.43369e-06,7.535e-06,7.14874e-06,0.000138163,8.57909e-05,3.9476e-06,1.61982e-06,8.65524e-05,3.56071e-06,2.20818e-05,2.28024e-06,0,0.000154246,2.4179e-05,4.20482e-06,7.20224e-05,0,1.9753e-05,0,1.862e-06,6.7171e-05,6.68096e-06,0.000149418,0.000141787,2.68812e-05,4.51169e-05,1.90989e-06,5.15439e-05,1.60918e-06,5.76938e-06,2.38943e-05,0.000203364,1.45151e-05,4.91073e-05,1.30848e-05,0,7.4355e-05,0,2.28807e-05,0,2.33148e-05,7.21501e-06,6.39743e-05,8.8683e-06,1.06832e-05,1.71281e-06,0,6.761e-06,3.34422e-05,6.33367e-06,0,8.81459e-06
"PWY-822: fructan biosynthesis",5.58077e-05,1.59134e-05,5.27385e-06,5.75294e-07,1.84801e-06,2.29037e-06,6.33101e-06,7.57538e-07,7.8439e-07,0,0,0,0,1.07654e-06,1.86812e-05,0,1.01604e-06,4.40456e-06,5.21276e-07,0,8.56485e-07,8.87553e-07,0,2.77001e-06,1.53031e-05,1.63454e-06,0,7.10763e-07,0,5.91538e-06,5.17227e-05,3.06072e-05,0,1.65874e-06,0,4.10559e-06,2.64797e-07,5.9454e-06,0,2.76219e-06,9.89286e-07,3.5258e-06,0,8.75312e-07,0,4.36368e-07,1.02647e-06,4.10391e-05,0,3.87527e-05,6.77369e-06,8.41816e-05,2.10303e-06,0,3.10171e-06,9.29282e-06,4.3095e-06,1.88217e-06,6.89419e-06,7.17788e-07,2.07546e-06,5.62701e-06,0,2.9255e-06,8.73106e-06,5.02266e-06,8.08327e-07,4.08752e-07,1.17709e-06,0,0,0,3.29406e-06,0,0,0,6.66552e-06,9.09961e-07,1.38912e-06,0,5.91794e-06,3.2655e-06,3.71258e-07,0,3.65674e-06,3.77782e-05,4.96351e-06,2.89248e-06,0,3.23244e-06,6.63785e-07,7.74637e-06,1.28239e-06,1.55729e-05,4.84459e-05,6.26572e-06,3.05708e-06,8.51188e-06,6.24265e-06,2.9462e-06,2.36579e-06,0,1.00765e-05,1.13791e-05,1.80207e-06,0,5.63996e-06,3.04942e-06,0,0,3.42136e-06,0,1.32229e-05,5.95904e-06,4.51788e-07,0,5.67298e-06,2.60986e-06,1.93667e-06,4.95323e-06,1.58383e-06,0,0,1.44171e-06,8.31647e-06,3.20394e-06,0,2.58837e-06,0,3.71717e-06,3.39737e-06,1.55181e-05,6.10253e-06,9.72985e-07,4.7777e-07,2.79906e-05,5.44994e-07,3.04223e-07,5.80035e-07,0,0,4.8398e-07,4.43236e-07,2.12815e-06,5.69531e-06,0,1.0496e-06,0,0,9.84281e-07,2.17754e-06,7.73808e-07,1.84081e-06,3.27735e-06,1.06978e-06,0
"PWY-841: superpathway of purine nucleotides de novo biosynthesis I",0.000245043,0.00023491,0.000153138,0.000148336,0.000215428,0.000339671,0.000316874,0.000113386,0.000337354,0.000196395,0.000167544,0.000333956,0.000268961,0.000200607,0.000270209,0.000208115,0.000178367,0.000275212,0.000212178,0.000246631,0.00021348,0.000256611,0.000110268,0.000266841,0.000227262,0.000263729,0.00018525,0.000219874,0.000293094,0.000292374,0.000302794,0.000237122,9.14277e-05,0.00021884,6.06261e-05,0.000277422,0.000306526,0.00015354,0.000365884,0.000178525,0.000297718,0.000273301,0.000256834,0.000320347,0.000209565,0.00015997,0.000142942,0.00027909,0.000200789,0.000435592,0.000366401,0.000373195,0.000271284,0.000360376,0.000232267,0.000371944,5.91703e-05,0.000292983,0.000204695,0.000267311,0.000229601,0.000152222,0.00029124,0.000172935,0.000330312,0.000225831,0.000183992,0.000171313,0.000307815,0.000268465,0.00027458,0.000256668,0.000303217,0.000292696,0.000285919,0.000322849,0.000443729,0.000155519,0.000251775,0.00021141,0.000345802,0.000310332,0.000109652,0.000119638,0.000432366,0.000279616,0.000260446,0.000269651,0.000195654,7.19848e-05,0.000309272,0.000209349,0.000166086,0.000154618,0.000319208,0.000203444,0.000167817,0.000195828,0.000161748,0.000315946,0.00024003,7.71506e-05,0.000153544,0.000236007,0.000299879,0.000267259,0.000278827,0.000370309,0.000303222,0.000144512,0.000425512,0.000314261,0.00032616,0.000283044,0.0002503,0.000133664,0.000206297,0.000270914,0.000360105,0.000248584,0.000205117,0.000298752,0.000251207,0.000205747,0.00031321,0.000254629,0.000244961,0.000292486,0.000273137,0.000231139,0.00030058,0.000243531,0.000189751,0.000276685,0.000350578,0.000327987,0.000126699,0.000338369,0.000181077,0.000481673,0.000344826,0.000185473,0.000240296,0.000340893,0.000304186,0.00043961,0.000280491,0.000346075,0.000313908,0.000218291,0.000248555,0.00033398,0.000220474,0.000370378,0.000202787,0.000308919
"PWY-922: mevalonate pathway I (eukaryotes and bacteria)",2.47834e-05,2.02554e-05,2.4896e-06,3.80641e-06,3.65269e-06,2.80959e-06,3.36953e-06,7.44785e-06,2.4001e-06,0,0,1.59105e-06,0,7.63711e-07,1.38422e-06,1.60114e-06,1.31122e-06,6.8841e-06,0,0,0,0,0,2.70711e-06,1.25333e-05,0,1.49081e-05,3.2589e-05,0,6.89997e-06,2.64428e-05,4.30492e-05,0,4.12561e-06,0,3.63695e-06,5.553e-06,4.96462e-06,0,0,1.3206e-06,3.32539e-06,4.99101e-06,7.0371e-07,1.3767e-06,0,1.98103e-06,1.48604e-05,0,3.9512e-05,2.7011e-05,7.40188e-05,1.63518e-06,0,3.55914e-06,8.04944e-06,7.49258e-06,2.10658e-06,4.53415e-06,0,0,0,0,3.18557e-06,0,9.18742e-06,6.27846e-06,0,0,0,0,0,6.39651e-06,0,0,0,1.6483e-05,0,9.08803e-07,0,0,0,0,0,1.69917e-06,3.26897e-05,2.82165e-06,0,0,0,6.18009e-07,1.16592e-05,1.37276e-06,1.88345e-05,7.06507e-05,2.41174e-06,1.20588e-06,7.72269e-06,3.76024e-06,2.04747e-06,0,0,0,6.31936e-06,3.52284e-06,0,3.39081e-06,1.57211e-06,0,0,9.70103e-06,0,5.82993e-06,1.79116e-06,0,0,7.26526e-06,0,5.72494e-06,2.96994e-06,0,0,0,1.43817e-06,1.29252e-05,1.6296e-06,0,1.34808e-06,0,2.99271e-06,5.2851e-06,1.29184e-06,3.01385e-06,2.74096e-06,0,1.53243e-05,6.43728e-07,2.53634e-06,0,0,0,0,1.27487e-06,3.27563e-06,1.14106e-05,0,1.4945e-06,0,0,0,0,1.57181e-06,0,4.98095e-06,0,0
"PWY-I9: L-cysteine biosynthesis VI (from L-methionine)",0.000277656,0.000206625,0.000204969,8.71408e-05,0.000107492,0.000104039,0.000172135,0.00022545,0.000341675,0.000155818,7.51184e-05,0.000195784,4.21432e-05,0.000202601,0.00024313,0.00013141,0.000150622,0.000318623,0.000125789,6.00287e-05,0.000127423,0.000171104,5.20307e-05,9.659e-05,0.000112095,0.000181761,0.000251853,0.000443684,0.000165261,0.000292067,0.000274847,0.000267452,0.000121002,0.0001489,0.000436254,0.000101544,0.000219555,0.000298219,0.000206025,8.46303e-05,0.000164454,0.000157314,0.000109569,0.000299924,0.000225098,0.000224403,9.69409e-05,0.000343968,6.19234e-05,0.000273139,0.000180258,0.000253747,0.000308882,8.4855e-05,0.000194956,0.000325431,0.000421719,0.000328165,0.000512716,0.000227682,0.000133364,0.000105963,0.000213227,0.000191628,9.5334e-05,0.000215801,0.000254355,0.000154383,0.000210143,7.84512e-05,5.82359e-05,5.67822e-05,0.000282403,5.84747e-05,6.11609e-05,0.000309773,0.000129914,0.000103366,0.000189964,0.000208475,0.000153402,4.42752e-05,0.000176191,0.000147416,0.000111338,0.000173286,0.000271435,0.000345624,0.000143349,0.000517656,0.000313383,0.000165716,9.16012e-05,0.000182922,0.00035518,0.000127844,0.000141269,0.000191924,0.000212843,0.000118158,8.37135e-05,0.00047117,0.000147061,0.000228193,0.000153634,7.12901e-05,0.000190591,0.000306062,0.000239251,7.19292e-05,0.00032566,0.00018165,0.00027958,9.47531e-05,6.01023e-05,0.000219178,0.000246122,0.000155942,0.000165354,0.000126349,0.000120338,4.67491e-05,4.89257e-05,0.000108671,0.000147697,6.5676e-05,0.000242611,0.000251432,3.79716e-05,0.000134767,8.04486e-05,0.000192921,4.22389e-05,0.000269571,0.000108166,0.000366168,0.000111155,0.000110588,2.52685e-05,2.37518e-05,0.000162013,7.72722e-05,0.00013584,1.14946e-05,0.000149321,6.20138e-05,0.000191762,4.60813e-05,2.73611e-05,0.000104267,4.42792e-05,7.79359e-05,9.39822e-05,0.000171273,9.97272e-05,6.62994e-05
"PWY0-1061: superpathway of L-alanine biosynthesis",2.63185e-05,2.66056e-05,0.000146902,6.56389e-05,8.69297e-05,0.000192325,0.000201598,2.8608e-05,0.00026354,5.34222e-05,1.42115e-05,0.000135355,3.82969e-05,0.000143345,0.000104071,8.02102e-05,9.872e-05,9.71267e-05,0.000116887,4.67357e-05,3.50308e-05,7.74764e-05,3.48831e-05,9.32086e-05,4.8749e-05,0.000276795,4.92157e-05,0.000363814,0.000115656,0.00017055,0.000277504,1.43064e-05,0.000123239,0.000206256,3.25508e-05,0.000120409,8.67039e-05,0.000142518,8.93587e-05,9.4845e-05,9.29677e-05,0.000160607,7.57413e-05,0.000115273,7.16826e-06,0.000181068,5.45293e-05,0.000121359,8.79738e-05,0.000223019,0.000140011,0.000115016,0.000233986,3.40353e-05,0.000112765,0.000200743,3.92711e-05,0.000285067,3.52966e-05,7.41715e-05,6.0493e-05,6.60637e-05,0.000224587,1.57006e-05,3.9489e-05,7.04517e-05,0.000166748,0.000174508,0.000106203,9.35153e-05,9.19362e-05,4.18621e-05,0.000107013,4.47512e-05,4.43155e-05,0.000294207,1.94523e-05,3.23267e-05,4.49534e-05,0.000292468,0.000348796,2.14305e-05,5.29916e-05,3.64367e-05,0.000103314,7.56706e-05,0.000275214,0.000335551,0.000178495,0.000330494,0.000111241,0.000247774,0.000164746,0.000150282,5.0082e-05,3.00256e-05,0.000102029,7.47066e-05,3.22573e-06,8.47214e-05,0.000320977,1.49302e-05,0.00011092,0.000111951,1.49827e-05,4.86934e-05,0.000134556,0.000129581,0.000182889,9.77424e-05,0.000285923,0.00022602,0.000125621,8.47368e-05,0.000147707,0.000242627,0.000186358,6.77725e-05,0.000106718,4.68754e-05,1.1933e-05,8.42612e-05,6.70367e-05,5.45905e-05,3.27909e-05,2.47915e-05,0.000105342,0.000166308,7.37987e-05,7.49994e-05,4.74119e-05,0.000143866,2.88968e-05,0.000234985,0.00010074,0.000329494,0.000179576,3.49551e-05,1.28144e-05,1.40016e-05,4.54049e-05,3.69387e-05,0.000190552,3.1337e-05,2.79579e-05,2.19601e-05,5.32147e-05,2.49261e-05,3.9907e-06,6.05131e-05,7.84632e-05,6.32462e-05,0.00011731,0.000125876,2.87112e-05,8.74156e-05
"PWY0-1221: putrescine degradation II",0,0,0,0,0,0,6.38559e-07,0,1.46831e-05,0,0,7.69483e-06,0,0,0,0,0,0,0,3.25069e-07,2.63684e-07,0,0,0,0,0,0,2.92778e-06,0,4.49252e-05,0,1.33764e-07,0,0,0,1.92356e-06,7.36245e-06,0,0,0,0,0,0,1.5243e-05,5.79082e-06,0,0,0,0,0,0,0,1.91072e-05,0,4.90384e-06,0,0,1.94801e-05,1.51581e-07,0,0,0,4.29897e-06,0,1.82532e-06,1.59222e-05,1.31205e-06,0,7.99915e-07,0,2.21649e-07,0,1.3457e-05,0,0,3.24578e-05,1.84971e-06,0,6.71193e-06,0,0,0,0,0,0,0,0,1.36037e-07,0,0,4.80335e-05,0,0,0,2.76726e-07,4.19169e-06,0,0,0,0,0,0,4.80798e-07,0,0,0,0,1.30745e-05,1.36454e-05,0,0,7.44076e-06,0,2.98831e-07,0,0,0,0,0,5.63686e-06,0,2.35562e-07,0,0,0,4.19546e-07,5.76807e-06,4.27223e-05,0,1.27327e-06,0,3.1473e-07,0,1.09637e-07,2.29702e-07,0,3.03512e-07,2.15752e-06,0,0,3.5564e-06,0,1.3862e-06,0,0,0,4.37297e-06,0,0,0,0,0,0,0,0,2.36162e-07
"PWY0-1241: ADP-L-glycero-&beta;-D-manno-heptose biosynthesis",7.85899e-06,1.77757e-05,5.32727e-05,0.000208968,5.58729e-06,8.89959e-07,4.4129e-06,1.02259e-05,6.39741e-05,1.27911e-05,9.01861e-06,8.31749e-05,6.69513e-05,2.26911e-06,1.84442e-06,1.14577e-05,0,7.51712e-06,2.44454e-05,2.65764e-05,2.18624e-05,1.23825e-05,2.35318e-05,8.57161e-05,1.56446e-05,4.32101e-06,2.50788e-05,3.81669e-05,3.05388e-05,0.000122194,2.20476e-06,5.60998e-06,4.1437e-06,6.85332e-06,6.89304e-05,3.96626e-05,5.01911e-05,8.79582e-06,6.67994e-05,3.33421e-05,3.9918e-05,2.81258e-06,1.44213e-05,5.71651e-05,2.43566e-05,4.39951e-06,6.04167e-05,5.31055e-05,8.2867e-06,2.64471e-06,2.08756e-06,5.37125e-06,6.16863e-05,1.26652e-05,1.70866e-05,0.000122198,5.21486e-06,3.21614e-05,4.86832e-06,2.14866e-05,1.58244e-05,4.81702e-06,7.40415e-05,4.0058e-06,0.000179961,5.65528e-05,1.1912e-06,8.0484e-06,4.59139e-05,0.000114855,1.82667e-05,1.61506e-05,9.80268e-05,1.52189e-05,4.00589e-05,4.85043e-05,4.42358e-05,1.52814e-05,5.36296e-05,0,3.59232e-06,2.78776e-05,7.89194e-07,0,0.000127466,2.78239e-05,1.37288e-05,1.4118e-05,5.46608e-06,2.6458e-06,0.000123504,3.24718e-06,5.24499e-06,9.94496e-06,3.45548e-06,4.424e-05,1.21485e-05,1.03824e-05,1.88937e-05,5.8224e-05,5.41067e-06,6.16681e-05,7.83238e-06,2.0454e-05,3.94893e-05,2.10587e-05,1.2426e-05,3.61628e-05,2.14193e-05,1.08936e-05,7.52972e-07,7.24881e-05,4.0136e-05,5.70172e-05,5.12237e-05,1.26659e-05,4.23351e-05,1.07744e-06,2.23905e-05,3.57944e-05,5.26887e-05,2.30926e-05,2.02229e-05,5.07159e-05,4.8017e-05,9.67069e-05,6.60448e-05,0.000104449,1.35598e-05,1.45948e-05,2.67689e-05,1.88382e-05,1.22338e-05,0.000148015,2.90317e-05,0.000108701,0.000113652,4.21322e-05,3.05006e-06,2.25805e-05,0.000110586,2.51681e-05,5.33603e-05,4.49369e-06,2.11609e-05,1.47915e-05,4.74113e-05,0.00014588,3.00366e-05,2.77781e-05,5.31203e-05,9.79552e-05,9.45673e-06,6.44149e-05,2.97608e-06,1.73361e-05
"PWY0-1261: anhydromuropeptides recycling I",2.4308e-05,3.93666e-05,7.32299e-06,3.30789e-05,9.25328e-06,2.57355e-05,4.37741e-05,3.11642e-06,0.000241508,5.96852e-05,4.64773e-05,0.00011702,1.66318e-05,8.0989e-06,2.03722e-05,1.30322e-05,3.56563e-06,1.54327e-05,5.53863e-05,5.16284e-05,1.48887e-05,1.77526e-05,9.5244e-05,8.77069e-05,6.09267e-05,5.44479e-06,6.49479e-05,0.000132153,8.32734e-05,0.000280261,2.91437e-05,1.49586e-05,1.14783e-05,8.32085e-06,1.65265e-05,7.7033e-05,0.000130636,8.91398e-06,0.000123624,2.80824e-05,6.65698e-05,8.71292e-06,2.53075e-05,0.000194376,4.21893e-05,4.03525e-05,1.63334e-05,2.40194e-05,1.35876e-05,4.77586e-05,1.72027e-05,9.88986e-06,0.000181067,3.10321e-05,0.000102327,0.000282757,1.68686e-05,0.000168944,1.20612e-05,4.61208e-05,4.61746e-05,2.72709e-05,8.48476e-05,3.35724e-05,5.31287e-05,0.000167506,6.11697e-06,2.88583e-06,2.5146e-05,4.85589e-05,7.79149e-05,5.42785e-05,0.000201519,0.000101654,5.16402e-05,0.000230888,8.05484e-05,3.01894e-05,9.96419e-05,4.27684e-06,1.65543e-05,4.25163e-05,3.56905e-05,1.88854e-05,4.84268e-05,7.11526e-05,1.52039e-05,3.28917e-05,5.98791e-05,8.46443e-06,0.000292924,5.16622e-05,5.03723e-05,7.73491e-05,5.47777e-06,8.77108e-05,2.98008e-05,5.5512e-05,2.89858e-05,9.66794e-05,6.15574e-06,3.83136e-06,6.01532e-05,3.44532e-05,4.56119e-05,4.07812e-05,1.47033e-05,0.000187781,0.000116611,4.99595e-05,3.31688e-05,7.87197e-05,9.4933e-06,2.06424e-05,0.000129465,3.37723e-06,0.000133609,2.58867e-05,1.97171e-05,6.93645e-05,5.16357e-05,3.6586e-05,5.49659e-05,2.23263e-05,9.92475e-05,3.82208e-05,0.000177286,0.000281202,6.0708e-05,3.02963e-05,2.96749e-05,4.71012e-05,8.07886e-06,0.000227328,5.00165e-05,0.000196752,2.47044e-05,6.3831e-05,1.17832e-05,0.000100592,7.00546e-05,5.3811e-05,7.18142e-05,5.33951e-05,7.79968e-05,0.000120267,5.77045e-05,6.46454e-05,8.98378e-05,6.00655e-05,6.33707e-05,3.42062e-05,4.22854e-05,1.66713e-05,3.29699e-05,7.67171e-05
"PWY0-1277: 3-phenylpropanoate and 3-(3-hydroxyphenyl)propanoate degradation",0,0,0,0,0,0,1.2304e-05,0,0.000113084,0,0,0.00010453,0,0,0,0,0,0,0,6.22532e-06,1.91301e-06,5.11539e-06,0,0,0,0,2.77202e-05,3.88286e-05,0,0.000195197,7.3563e-07,8.08548e-07,0,0,0,1.6871e-05,0.000102763,0,6.64353e-05,4.36778e-06,0,0,0,0.000133668,1.52424e-05,0,2.6601e-06,0,0,0,0,3.59509e-06,0.000159148,0,4.51062e-05,0,0,0.000105367,5.78739e-06,0,0,0,3.61055e-05,0,7.66216e-06,6.07409e-05,1.99751e-06,0,3.80791e-06,0,1.94262e-06,0,8.55999e-05,1.4397e-06,0,0.000150144,1.18522e-05,0,7.1733e-05,0,0,0,0,0,0,6.28637e-06,0,2.46003e-06,0,0,0.000193618,0,0,0,1.89598e-06,4.00276e-05,8.58096e-07,0,0,2.99371e-05,0,0,1.57029e-05,0,0,0,8.57165e-07,7.8152e-05,4.71967e-05,0,0,0,0,4.41552e-06,0,0,4.85378e-05,0,0,4.54424e-05,0,3.08497e-06,0,0,1.34005e-05,1.97091e-06,8.30574e-05,0.000409744,0,7.51894e-06,0,1.19158e-05,0,2.37624e-05,2.41205e-06,8.62453e-05,8.76782e-06,1.94806e-05,6.94602e-07,0,2.51664e-05,0,1.31689e-05,0,0,0,2.89908e-05,0,0,0,0,0,0,0,0,4.84465e-06
"PWY0-1296: purine ribonucleosides degradation",0.000575539,0.000468717,0.000560506,0.000516389,0.000636314,0.000492809,0.000490207,0.000795878,0.00039252,0.000571281,0.000644609,0.000520781,0.000415109,0.000513028,0.000657183,0.000586931,0.000683607,0.00051375,0.000567246,0.000464899,0.000502711,0.000644856,0.000392812,0.000619357,0.000642601,0.00053865,0.000642037,0.000250675,0.000510991,0.000420221,0.000692288,0.000677985,0.000560148,0.000621003,0.000625731,0.000432745,0.000380701,0.000685892,0.000308183,0.000606813,0.00043199,0.000508514,0.000533223,0.00039377,0.000885112,0.000596176,0.000525549,0.000472638,0.000487537,0.000465822,0.000506021,0.000553932,0.000407116,0.000388339,0.00046985,0.000506915,0.000636562,0.00040084,0.000786615,0.000433864,0.000550494,0.00071509,0.000343295,0.000493657,0.000361549,0.000309516,0.000460589,0.000536301,0.000397423,0.000414044,0.000414317,0.00060139,0.000325593,0.000425625,0.000490835,0.000302563,0.000320499,0.000562279,0.000261419,0.000559158,0.000414945,0.00044465,0.000661762,0.000589321,0.000429055,0.00046375,0.000457132,0.000363188,0.000613286,0.000400372,0.000414415,0.000452729,0.000669209,0.000690178,0.000483172,0.000398661,0.000538693,0.000609945,0.000608717,0.000448578,0.000410914,0.000648976,0.000624943,0.000529508,0.000477619,0.000482854,0.000541468,0.000432841,0.000374442,0.000445819,0.000439617,0.000604578,0.00055467,0.00036444,0.000465274,0.000574775,0.000464292,0.000552448,0.000495997,0.000482246,0.00051018,0.000480566,0.00057105,0.000526216,0.000454446,0.000461114,0.000461829,0.000344436,0.000520302,0.000542254,0.000409939,0.000580478,0.000311017,0.000388449,0.000463642,0.000467987,0.000539755,0.000315467,0.000262612,0.000212497,0.000466237,0.000569923,0.000446342,0.00012532,0.000454427,0.000349681,0.000506201,0.000493554,0.000320084,0.000400911,0.000567349,0.000448787,0.000578601,0.00054781,0.000543416,0.000333742
"PWY0-1297: superpathway of purine deoxyribonucleosides degradation",0.000182364,0.000151755,0.000105151,7.3177e-05,9.44805e-05,1.65696e-05,7.72466e-05,0.000112384,0.000267576,0.000154686,0.000220386,0.000234841,4.59376e-05,2.97766e-05,0.000292439,3.50037e-05,4.82022e-05,0.000116279,6.86063e-05,0.000114824,4.26192e-05,2.85917e-05,3.95423e-05,6.89672e-05,0.000106709,4.73929e-05,0.000131841,0.000179272,7.66462e-05,0.000310058,0.000163459,0.000103335,1.06813e-05,7.63233e-05,0.000138083,6.33505e-05,0.000227573,0.000153478,0.000140148,3.18165e-05,7.2775e-05,5.61892e-05,7.55342e-05,0.000265905,0.000106561,6.74606e-05,8.24478e-05,0.000122164,8.61063e-05,0.000191319,8.77075e-05,0.000217661,0.000308441,3.04314e-05,0.00013799,0.000241662,4.84498e-05,0.00023248,0.000150127,6.61889e-05,4.91877e-05,7.36469e-05,0.00011701,0.000114401,8.46002e-05,0.000149471,5.98687e-05,1.52355e-05,1.47796e-05,5.3041e-05,0.000119279,3.62388e-05,0.000222672,1.18976e-05,6.17964e-05,0.000260876,9.9722e-05,2.80403e-05,0.000184875,0.000133549,0.000125469,3.82602e-05,7.32387e-05,0.000238935,1.77214e-05,0.000141005,5.84529e-05,4.52478e-05,3.70253e-05,6.9747e-05,0.000329274,6.7975e-05,0.000156496,9.01958e-05,0.000134209,0.00011404,0.000156673,0.000139513,4.91482e-05,9.7709e-05,5.063e-05,6.62598e-06,9.39044e-05,8.65398e-05,0.000111561,1.8029e-05,4.7849e-05,0.00023745,0.00012737,6.5492e-06,0.000101638,7.68664e-05,0.000101686,5.63586e-05,2.16222e-05,4.08477e-05,0.000252263,7.77031e-05,6.55664e-05,0.000148893,3.36638e-05,1.12811e-05,0.000150304,4.55282e-05,6.76946e-05,2.41153e-05,0.000268201,0.000338827,1.57304e-05,8.46022e-05,2.60783e-05,0.000177657,9.3939e-05,0.000237215,7.87864e-05,0.00032602,0.000102915,6.31592e-05,2.37173e-05,4.45711e-06,0.000224611,1.90123e-05,4.68001e-05,2.64288e-05,0.000130428,5.42476e-05,0.000196228,1.35253e-05,1.25189e-05,8.62868e-05,0.000160224,1.15466e-05,1.7134e-05,6.14262e-05,1.26712e-05,3.59788e-05
"PWY0-1298: superpathway of pyrimidine deoxyribonucleosides degradation",1.98131e-05,3.23452e-05,1.57473e-05,2.09668e-05,1.69096e-05,5.89574e-05,5.17246e-05,2.70232e-05,0.000233301,3.29852e-05,1.25782e-05,0.000182132,3.75948e-05,1.75454e-05,5.33481e-05,1.85359e-05,2.18718e-05,2.64373e-05,3.62689e-05,6.63675e-05,2.57875e-05,3.99546e-05,2.39166e-05,1.99015e-05,1.9367e-05,3.66095e-05,0.000195237,0.000150311,2.05624e-05,0.000276415,2.55892e-05,4.20572e-05,9.78552e-06,2.03692e-05,1.18402e-05,4.12637e-05,0.000178203,3.04505e-05,0.000160654,1.90339e-05,7.20038e-05,3.35479e-05,4.09681e-05,0.000232548,0.000115698,1.56836e-05,1.96436e-05,3.70526e-05,2.81339e-05,1.99312e-05,6.24929e-05,5.99937e-05,0.000269991,3.40702e-05,0.000101696,0.000241305,5.26614e-05,0.000191895,4.93037e-05,7.53282e-05,3.58089e-05,2.13771e-05,9.05767e-05,1.38444e-05,3.68877e-05,0.000127742,4.7939e-05,7.78448e-06,1.28301e-05,2.19416e-05,3.9867e-05,9.82404e-06,0.000190248,2.23907e-05,1.44798e-05,0.000219328,5.08437e-05,2.85226e-05,0.000127913,9.84983e-06,2.00175e-05,2.54672e-05,6.27911e-06,1.16619e-05,1.65773e-05,5.12285e-05,1.01392e-05,3.3858e-05,2.91223e-05,2.89742e-05,0.000297688,3.29361e-05,1.69209e-05,8.14868e-05,4.62343e-05,8.51391e-05,2.73547e-05,2.87245e-05,2.34512e-05,7.3165e-05,1.63283e-05,5.68142e-06,8.93455e-05,2.49687e-05,2.73179e-05,4.60347e-05,2.28367e-05,0.000193539,0.000100339,2.39509e-05,1.10491e-05,6.07674e-05,2.74066e-05,2.95523e-05,1.6411e-05,9.88885e-06,0.000190169,3.86403e-05,1.56848e-05,0.000112174,4.37846e-05,3.09874e-05,2.60719e-05,2.24011e-05,9.55535e-05,2.85744e-05,0.000186922,0.000314043,1.51205e-05,4.37995e-05,1.94332e-05,4.68576e-05,9.05434e-06,0.000241453,2.40862e-05,0.000278046,8.81527e-05,4.64727e-05,5.72045e-06,4.41659e-06,0.000189779,3.24508e-05,4.22004e-05,4.40446e-06,3.27764e-05,1.89112e-05,9.28414e-05,1.08968e-05,1.0774e-05,4.45137e-05,8.8737e-06,1.99714e-05,3.89765e-05,6.80934e-05,2.26924e-05,1.75027e-05
"PWY0-1319: CDP-diacylglycerol biosynthesis II",0.00059643,0.000552999,0.000580097,0.000541963,0.000626169,0.000466075,0.000529135,0.000594012,0.000467619,0.000572151,0.000522014,0.0004636,0.000304003,0.000598785,0.000695879,0.000628379,0.000596901,0.000540579,0.000587455,0.000289876,0.000582655,0.000621864,0.000508931,0.000494091,0.000568093,0.000557647,0.000619968,0.000339418,0.000560308,0.000374404,0.000702052,0.000642614,0.000721266,0.000583085,0.000687251,0.000452839,0.000369142,0.000646572,0.000327025,0.000483458,0.000444336,0.000572026,0.000596045,0.000381688,0.000548587,0.000605205,0.000469693,0.000546817,0.000505058,0.000480893,0.000527629,0.000455065,0.000417792,0.000443262,0.000443077,0.000503414,0.000697451,0.000448863,0.000689752,0.000453635,0.000520604,0.000746681,0.000381902,0.000579786,0.000333546,0.000326765,0.000482514,0.000585631,0.000533734,0.000386771,0.000501535,0.000553758,0.000385077,0.000464724,0.000544877,0.000417731,0.000480892,0.000295025,0.000337025,0.000539343,0.000432105,0.000516388,0.000606481,0.000724597,0.000278503,0.000461511,0.000557682,0.000358692,0.000569701,0.000406775,0.000486496,0.000490207,0.000663064,0.0006798,0.000640349,0.000369076,0.000564092,0.000676312,0.000629406,0.000427629,0.000461077,0.000588547,0.000591805,0.000569261,0.000493571,0.000359032,0.000548992,0.000419583,0.000473526,0.000388958,0.000409822,0.000509818,0.000599707,0.000447184,0.000449682,0.000587302,0.000514389,0.000545571,0.000554832,0.000360654,0.000606929,0.000353227,0.000459932,0.000558199,0.000503503,0.00043719,0.000436331,0.000402753,0.000553681,0.000567219,0.000436719,0.000555773,0.0003381,0.000445375,0.000506089,0.000421815,0.000542956,0.000399044,0.000359178,0.000392154,0.000506369,0.00051136,0.000515795,0.00050207,0.000517965,0.000493588,0.000520852,0.000619127,0.000478995,0.000431717,0.000520258,0.000543058,0.000528765,0.000631442,0.000575488,0.000402804
"PWY0-1337: oleate &beta;-oxidation",0,0,0,0,0,5.39503e-07,1.80069e-06,0,4.02874e-05,0,0,1.49147e-05,1.27679e-06,0,0,0,0,0,0,9.34074e-06,0,5.70329e-07,1.02329e-06,0,0,0,1.35981e-05,4.02319e-05,7.5727e-07,0.000129504,0,0,0,0,0,3.00848e-06,3.5616e-05,0,2.4655e-05,0,2.10191e-05,0,0,3.93021e-05,9.09073e-06,0,1.02407e-06,0,2.58452e-06,2.0095e-06,0,4.37575e-06,5.43244e-05,0,1.04051e-05,0.000187577,7.34972e-06,2.81662e-05,7.96498e-06,6.61022e-06,1.48951e-06,0,3.77089e-05,0,6.74105e-06,2.74723e-05,1.1616e-06,0,1.09826e-06,0,8.18033e-07,0,4.63773e-05,3.59985e-07,0,4.68408e-05,2.3462e-06,0,1.29076e-05,0,1.57423e-06,0,0,0,0,9.15392e-06,0,2.06215e-07,0,0,9.45304e-05,0,0,8.80414e-06,3.9951e-07,8.41321e-06,0,0,0,2.62855e-05,2.53072e-06,0,1.15523e-05,0,3.90923e-07,0,0,1.9672e-05,7.02702e-06,0,0,2.90478e-05,0,5.41585e-06,0,0,5.48568e-05,0,0,1.6954e-05,0,8.81824e-07,0,0,1.75323e-05,8.75588e-07,6.31288e-05,5.791e-05,0,2.08727e-06,0,1.23675e-05,0,0.000177566,2.82678e-06,0.000131888,2.26548e-06,6.4077e-06,9.62776e-07,0,1.9256e-05,0,6.00962e-06,0,9.08194e-07,6.85063e-07,7.25385e-06,0,0,0,0,0,7.43924e-06,3.18514e-06,0,1.51959e-06
"PWY0-1338: polymyxin resistance",0,0,0,0,0,9.98641e-07,4.45785e-06,0,6.95865e-05,0,4.51088e-07,2.72963e-05,1.80223e-06,0,0,0,0,0,0,5.74775e-06,6.305e-07,8.62721e-07,1.01088e-06,0,0,0,2.56098e-05,4.62188e-05,0,0.000131593,8.31862e-07,0,0,0,0,8.02871e-06,5.07652e-05,0,4.84059e-05,1.00493e-06,1.89631e-05,0,0,7.6972e-05,7.80444e-06,0,0,0,0,8.34419e-07,0,3.38255e-06,6.79006e-05,0,2.0012e-05,0.000140697,3.55599e-06,4.63058e-05,5.20811e-06,1.48386e-05,3.26417e-06,0,2.32122e-05,0,8.22242e-06,3.94874e-05,2.40316e-06,0,1.59022e-06,0,0,0,4.53525e-05,7.65062e-07,0,6.25286e-05,6.56417e-06,0,2.77481e-05,0,9.64036e-07,0,0,0,0,4.93318e-06,0,0,0,0,9.34303e-05,0,0,4.42067e-06,8.41988e-07,1.82295e-05,0,0,0,2.09287e-05,2.57676e-06,0,8.43315e-06,0,0,0,0,4.65877e-05,2.02244e-05,0,0,2.76613e-05,0,1.42002e-06,0,0,7.16127e-05,0,0,1.34439e-05,0,7.42744e-07,0,0,1.70155e-05,0,6.51094e-05,0.00011091,0,1.96416e-06,0,1.00621e-05,0,0.000148943,1.5168e-06,0.000118308,2.19281e-06,7.6125e-06,4.65125e-07,0,2.50563e-05,0,5.45494e-06,0,7.8939e-07,9.48001e-07,8.72347e-06,0,0,0,0,0,6.47883e-06,1.51884e-06,0,1.19089e-06
"PWY0-1415: superpathway of heme b biosynthesis from uroporphyrinogen-III",2.53464e-06,0,0,1.34125e-06,0,6.34165e-06,9.98256e-06,0,0.000163895,0,1.27008e-06,6.26046e-05,3.90913e-06,0,0,0,0,0,0,1.75096e-05,1.13484e-06,2.4353e-06,1.06537e-06,8.968e-06,8.02346e-07,0,5.00502e-05,4.72216e-05,0,0.00028468,9.1697e-07,6.47161e-07,0,9.22842e-07,0,1.1458e-05,7.99869e-05,0,9.50705e-05,5.87642e-06,3.82014e-05,0,1.26884e-06,0.000166605,2.17676e-05,0,1.4623e-06,0,0,6.34439e-06,4.8811e-07,4.4392e-06,0.000146952,0,4.6141e-05,0.000226143,1.08671e-05,8.90702e-05,1.40471e-05,2.48952e-05,5.83595e-06,0,4.29047e-05,1.1983e-06,1.41182e-05,8.80052e-05,2.33991e-06,0,6.75149e-06,0,2.5609e-06,0,0.000119211,0,0,0.00014733,7.84935e-06,0,5.6805e-05,0,5.91624e-06,0,0,0,0,1.12656e-05,0,8.89594e-07,0,0,0.000242369,0,0,9.42618e-06,1.67355e-06,3.11678e-05,0,0,0,2.826e-05,2.86455e-06,0,1.23166e-05,0,0,6.24422e-07,0,9.81581e-05,4.24598e-05,0,8.65022e-07,4.98459e-05,0,3.40055e-06,1.29279e-06,0,6.27276e-05,0,0,3.62174e-05,8.35433e-07,3.25828e-06,0,0,1.87422e-05,3.97708e-06,9.48882e-05,0.000213993,0,3.73284e-06,2.15166e-06,1.32696e-05,0,0.000234624,7.4132e-06,0.000136054,7.34052e-06,2.35924e-05,0,0,4.69167e-05,0,1.33361e-05,0,1.08476e-05,2.54923e-06,2.67946e-05,0,0,0,0,0,0,1.02641e-05,0,3.7027e-06
"PWY0-1477: ethanolamine utilization",1.68326e-05,0.00015902,2.16542e-05,2.53828e-05,2.45137e-05,2.37521e-05,5.02352e-05,4.70289e-05,0.000429583,5.49092e-05,1.77312e-05,0.000216964,9.32542e-05,7.81062e-05,3.84669e-05,3.30975e-05,6.32047e-05,8.02604e-05,4.79593e-05,8.83154e-05,5.34035e-05,4.17013e-05,7.3824e-05,8.95514e-05,6.87212e-05,3.22948e-05,0.000238812,0.000237277,9.89408e-05,0.000565746,2.1398e-05,1.85566e-05,1.41578e-05,1.3982e-05,9.21204e-06,7.80876e-05,0.000248286,1.93015e-05,0.000397285,5.76802e-05,0.000100476,4.20675e-05,3.80575e-05,0.000429479,5.46037e-05,1.37378e-05,1.96548e-05,9.73861e-05,5.37263e-05,1.86035e-05,5.82969e-05,3.672e-05,0.000418859,3.96294e-05,0.000183163,0.000559991,3.27984e-05,0.000324753,3.14232e-05,8.95456e-05,7.62706e-05,4.54246e-05,0.000125104,8.55654e-06,6.4263e-05,0.000206586,4.55169e-05,4.78667e-06,3.69738e-05,5.51531e-05,7.76256e-05,2.5237e-05,0.000282877,4.4983e-05,3.97498e-05,0.000442558,6.27719e-05,3.85092e-05,0.000160928,6.8555e-06,2.53551e-05,5.63942e-05,4.7171e-06,2.59959e-05,3.03838e-05,4.99421e-05,1.52111e-05,2.75051e-05,5.07733e-05,6.76732e-06,0.000611858,7.19776e-05,4.41808e-05,6.15014e-05,3.26063e-05,9.24643e-05,1.42497e-05,2.19007e-05,2.57299e-05,8.74798e-05,2.68104e-05,4.58248e-05,4.60381e-05,3.90217e-05,8.88608e-05,6.98135e-05,2.32033e-05,0.000300679,0.000128253,4.27471e-06,5.91179e-06,0.000139269,2.23917e-05,3.22238e-05,5.16671e-05,9.33805e-06,0.000264524,2.6656e-05,1.01352e-05,0.000148491,3.55499e-05,7.41951e-05,4.7201e-05,2.86596e-05,0.000114707,4.67128e-05,0.000300114,0.000536487,7.63398e-05,3.73825e-05,5.03835e-05,6.54545e-05,2.42704e-05,0.000674622,4.79146e-05,0.000289904,0.00012081,6.90739e-05,6.12862e-05,5.35631e-05,0.000396643,7.14821e-05,4.95694e-05,2.10611e-06,4.56685e-05,8.21873e-05,0.000277458,2.63918e-05,4.88645e-05,5.90032e-05,1.44383e-05,6.87749e-05,5.18374e-05,7.07804e-05,4.14904e-05,3.76398e-05
"PWY0-1479: tRNA processing",6.37482e-05,4.4115e-05,7.56238e-05,0.000160104,6.20601e-05,0.000155492,5.56742e-05,2.8543e-06,0.000309539,5.06739e-05,1.52093e-05,0.000232632,4.1501e-05,9.53929e-05,3.1615e-05,3.35924e-05,8.90142e-05,0.000119225,4.76617e-05,6.80308e-05,0.000104419,4.192e-05,7.87991e-05,3.9953e-05,3.58879e-05,7.09917e-05,0.000101541,0.000250147,4.37263e-05,0.00026296,5.44191e-05,4.25966e-05,0.000165789,9.33206e-05,5.42091e-05,0.000217344,0.000152401,8.90193e-05,0.000199847,0.000147799,0.000133212,0.000136203,8.46999e-05,0.000279268,5.01557e-05,5.59776e-05,8.91795e-05,7.72127e-05,5.66307e-05,7.36196e-05,8.42827e-05,3.94851e-05,0.000299907,5.54613e-05,0.000160881,0.000281885,1.8987e-05,0.000273339,3.29894e-05,0.000104049,0.000151307,2.27787e-05,0.000163458,2.69923e-05,5.84006e-05,0.000163222,4.69804e-05,3.25621e-05,0.000108773,4.67747e-05,6.19889e-05,9.12703e-05,0.00022117,4.59952e-05,3.55985e-05,0.000310213,6.62543e-05,3.31192e-05,0.000133133,5.63845e-05,4.33038e-05,2.59728e-05,4.08422e-05,2.09305e-05,5.77299e-05,6.64083e-05,8.08817e-05,0.000166795,6.20359e-05,0.000170225,0.000291279,5.227e-05,5.98646e-05,9.47448e-05,2.24159e-05,0.000103832,2.94359e-05,8.32426e-05,0.000125314,8.93436e-05,9.62533e-05,1.03622e-05,2.54767e-05,9.1241e-05,7.56256e-05,4.23224e-05,8.01051e-05,0.000270686,0.000194579,4.41427e-05,0.000107619,0.00014011,9.00114e-05,0.00012258,5.8076e-05,8.13744e-05,0.000139051,0.000111395,3.2749e-05,0.000148681,5.13348e-05,5.48065e-05,2.43141e-05,0.000182831,6.33094e-05,5.85608e-05,0.000185435,0.000312501,5.46029e-05,5.84725e-05,5.59684e-05,8.69119e-05,4.95576e-05,0.000207557,5.78355e-05,0.000221772,6.09701e-05,7.71963e-05,2.0298e-05,2.23434e-05,8.57899e-05,0.000116662,8.30798e-05,0,6.82026e-05,7.54229e-05,0.000104186,2.70448e-05,3.35524e-05,3.02973e-05,3.07941e-05,2.85978e-05,0.000129395,3.64279e-05,7.43478e-05,6.9838e-05
"PWY0-1533: methylphosphonate degradation I",0,0,0,0,0,3.21203e-07,0,0,1.18907e-06,0,0,3.05501e-06,1.14339e-06,0,0,0,0,0,0,6.62966e-06,0,1.62194e-07,0,0,0,0,9.23124e-06,1.90963e-06,4.54155e-07,5.69758e-05,0,0,0,0,0,3.38062e-07,3.62742e-06,0,0,0,8.27542e-06,0,0,6.996e-06,9.2054e-06,0,0,0,0,0,0,0,0,0,7.72649e-07,6.84567e-05,3.38993e-06,1.82273e-05,2.1799e-07,4.66054e-06,1.73946e-06,0,1.05792e-05,0,3.40788e-06,1.59749e-05,1.16427e-06,0,9.80289e-07,0,0,0,1.73936e-05,4.74224e-07,0,0,5.34168e-07,0,4.81149e-06,0,0,0,0,0,0,2.26385e-06,0,1.28162e-07,0,0,8.54588e-05,0,0,3.21321e-07,0,1.46054e-06,0,0,0,1.03419e-05,0,0,3.08587e-07,0,0,0,0,7.74639e-07,6.14676e-06,0,0,0,0,1.40142e-06,0,0,0,0,0,0,0,3.83679e-07,0,0,0,9.54801e-07,2.64485e-05,1.11089e-05,0,0,0,0,0,5.30102e-05,3.12844e-06,0,5.93945e-07,1.39994e-06,0,0,9.78121e-06,0,1.26965e-06,0,0,8.64323e-07,2.23563e-07,0,0,0,0,2.08475e-07,0,0,0,6.8204e-07
"PWY0-1586: peptidoglycan maturation (meso-diaminopimelate containing)",0.000327698,0.000337477,0.000278991,0.000219035,0.000309774,0.000464694,0.000363195,0.000832957,0.000980702,0.000191058,0.000185459,0.000622427,0.000149011,0.000357896,0.000255759,0.000251921,0.000198349,0.000267779,0.000246169,0.000246828,0.000177242,0.000370791,0.000213291,0.000181217,0.000174412,0.000359787,0.000570594,0.00039682,0.000424275,0.00134468,0.000287682,0.000290068,0.000429112,0.000237172,0.000531442,0.000336568,0.000621988,0.000403291,0.000691337,0.000217612,0.000445268,0.000321103,0.00028586,0.000895261,0.000645437,0.000625607,0.000194076,0.000313667,0.000207772,0.000939622,0.00029184,0.000274247,0.000939007,0.000135195,0.000415397,0.00113517,0.000540746,0.000961161,0.000615157,0.000475324,0.000234175,0.000163862,0.000445004,0.000234606,0.00022163,0.000624237,0.000408237,0.000311174,0.0002663,0.000249887,0.000378577,0.000391647,0.000718484,0.000436431,0.00028501,0.000934892,0.000446573,0.000148174,0.00058653,0.000616481,0.000536613,0.000349941,0.000182581,0.000273522,0.000146437,0.000348473,0.000454857,0.000416744,0.000267472,0.00123842,0.00113433,0.000593615,0.000234883,0.00030414,0.000635689,0.000285035,0.000297153,0.000133257,0.000295661,0.000312751,0.000488155,0.000596874,0.000239774,0.000389445,0.000259174,0.000313149,0.000303624,0.000782459,0.000533176,0.000234074,0.000947553,0.000562776,0.000408623,0.000286783,0.000483872,0.00027543,0.000299818,0.000202557,0.00030632,0.000409653,0.000350678,0.000254775,0.000212961,0.000202088,0.000467895,0.000218972,0.000900767,0.00110957,0.000276229,0.000367938,0.000321875,0.000337118,0.000400572,0.00114869,0.00036841,0.00061067,0.000526287,0.000343982,0.000471497,0.000305667,0.00058794,0.000459278,0.000505551,0.000515806,0.000362401,0.000477711,0.000399245,0.000311502,0.000352408,0.00029106,0.000257925,0.000282609,0.000312708,0.000520089,0.000314214,0.000254557
"PWY0-162: superpathway of pyrimidine ribonucleotides de novo biosynthesis",0.000182696,0.000205509,0.000249496,0.000132718,0.000159185,0.000224938,0.000246198,0.000212102,0.000291071,0.000172405,0.000135834,0.000208925,0.000230674,0.000156302,0.000179762,0.000177216,0.000175839,0.00018475,0.000170378,0.000110248,0.000185922,0.000212071,0.000154401,0.000111944,0.000122282,0.000210949,0.000155128,0.000195466,0.000177913,0.000228116,0.000177796,0.000187957,0.000210724,0.000129279,0.000173914,0.000174322,0.000206201,0.000150347,0.000233021,0.00013255,0.000174088,0.000177111,0.000206738,0.000246521,0.000146631,0.00013718,0.000123628,0.000257827,0.000135582,0.000384699,0.000198685,0.000182738,0.000228238,0.000202282,0.000185323,0.000298195,8.71589e-05,0.000261054,0.000186313,0.00020908,0.000127569,0.000119606,0.000260674,0.000140866,0.000301605,0.000184637,0.000239327,0.000144179,0.000264147,0.00022798,0.000203999,0.000126028,0.000250886,0.000202364,0.000221073,0.000296081,0.000182543,0.000108385,0.00017735,0.000244325,0.000304185,0.000117818,9.92889e-05,0.00011064,0.000402455,0.000140606,0.000233193,0.000246403,0.000134676,0.000278987,0.000238477,0.000255531,0.00013743,0.000229393,0.000201405,0.000155134,0.000132032,0.000151828,0.000145654,0.000172121,0.000222698,0.000279893,0.000130981,0.000184196,0.000179331,0.000238216,0.000247465,0.000225352,0.000258447,0.000114139,0.000383304,0.000239184,0.000251502,0.000227923,0.000197962,0.000155463,0.000165695,0.00017402,0.000272069,0.000192555,0.00018963,0.000131615,0.00015805,0.000192762,0.000154101,0.000179268,0.000189576,0.000249986,0.000142477,0.000139865,0.000220016,0.000107382,7.26949e-05,0.000220931,0.000231411,0.000274655,0.000126747,0.000163818,3.66674e-05,8.0594e-05,0.000253279,0.000142024,0.000195622,0.000122966,0.000104873,0.000186252,0.000172536,0.000161849,0.000180014,0.00015247,9.52915e-05,0.000203614,0.000157257,0.000234414,0.00012499,0.000228468
"PWY0-166: superpathway of pyrimidine deoxyribonucleotides de novo biosynthesis (E. coli)",5.29547e-06,0,0,0,0,5.27716e-06,1.53396e-05,0,0.000205448,0,0,0.000139831,7.8184e-06,0,0,0,0,0,0,3.25491e-05,0,1.01263e-05,3.35728e-06,5.6392e-06,2.8348e-06,0,7.63061e-05,7.88546e-05,2.43535e-06,0.000199417,5.51685e-06,0,0,3.14509e-06,0,4.12254e-05,0.000147444,0,0.000151126,8.70467e-06,9.1713e-05,4.99918e-06,1.24507e-06,0.000203184,3.52274e-05,0,0,0,0,8.44191e-06,1.11783e-05,1.90998e-05,0.000181592,0,8.90518e-05,0.00021941,2.18457e-05,0.000172857,1.84334e-05,5.74519e-05,1.61234e-05,0,8.30807e-05,0,3.91459e-05,0.000111254,7.18533e-06,0,1.42542e-05,0,5.12146e-06,0,0.000155843,8.24091e-06,0,0.000206221,2.70539e-05,1.70847e-06,0.000111828,0,2.96343e-06,0,0,0,0,1.64255e-05,0,4.77985e-06,0,0,0.000176671,6.68424e-05,4.39373e-06,1.65694e-05,2.42599e-05,8.69108e-05,5.97966e-06,0,0,8.4396e-05,1.35511e-05,0,3.42499e-05,0,0,0,0,0.00017491,9.45655e-05,0,1.71693e-06,5.45747e-05,0,1.39358e-05,0,0,8.82009e-05,0,0,0.000105083,0,5.95561e-06,0,1.87931e-06,4.94908e-05,2.94551e-06,0.00011137,0.000224049,0,2.03765e-05,2.41298e-06,3.57056e-05,0,0.00020107,1.74953e-05,0.000200607,1.37065e-05,7.43494e-05,3.74732e-06,0,9.90017e-05,0,3.2301e-05,0,1.34657e-05,6.77246e-06,7.67412e-05,0,0,2.02698e-06,1.92397e-06,2.6006e-06,3.31463e-05,3.30738e-05,0,1.0855e-05
"PWY0-301: L-ascorbate degradation I (bacterial, anaerobic)",3.88391e-06,1.15647e-06,0,1.40268e-06,1.85758e-06,5.68498e-07,3.66627e-06,7.88782e-06,0.000135756,0,6.20531e-06,6.36159e-05,4.8906e-06,0,3.82761e-06,0,7.37407e-07,0,0,6.65935e-05,2.58861e-06,5.0338e-06,1.00563e-05,0,1.11149e-06,1.93556e-06,8.63572e-05,0.000108219,9.19328e-07,0.000370141,4.27295e-06,8.20272e-06,0,1.19336e-06,1.46105e-06,8.40408e-06,0.000105634,4.50783e-06,9.59882e-05,3.89526e-06,4.27839e-05,5.45907e-06,0,0.000183552,1.75943e-05,4.26647e-06,8.11017e-06,9.16431e-06,6.00178e-06,1.02169e-05,7.89805e-06,2.08306e-05,0.000162823,0,4.63234e-05,0.000294784,2.46492e-05,0.000172239,2.1305e-05,3.28859e-05,1.21572e-05,2.8733e-06,6.91966e-05,0,1.68984e-05,0.000100293,6.40998e-06,1.98002e-06,4.12747e-06,2.40324e-06,4.71814e-06,1.5342e-06,4.04101e-05,5.93803e-06,0,0.000231174,7.75576e-06,2.77256e-05,4.49441e-05,3.14756e-06,1.70629e-06,2.44254e-06,0,3.91945e-06,1.38915e-05,1.1096e-05,7.44729e-06,4.13334e-06,0,5.49693e-06,0.000250177,1.77157e-06,0,2.65775e-05,5.0616e-06,2.77806e-05,2.46958e-06,0,0,4.96833e-05,3.90545e-06,0,2.03976e-05,1.25805e-05,5.49247e-06,2.64852e-06,0,0.00012824,7.07041e-05,0,0,6.35359e-05,1.16674e-06,1.46555e-05,4.29639e-06,0,0.000158024,2.92892e-06,0,3.93473e-05,0,7.61258e-06,4.08218e-06,1.07137e-06,3.71715e-05,2.25114e-05,0.000142075,0.000156003,1.67715e-06,7.37216e-06,3.62424e-06,2.41463e-05,0,0.000314898,9.82698e-06,7.37862e-05,4.74614e-06,3.18674e-05,2.48845e-06,0,5.08929e-05,0,4.6972e-06,0,3.76187e-06,3.99307e-06,7.3565e-05,0,7.2642e-06,8.61125e-07,8.79388e-07,9.68416e-07,4.82085e-06,8.27487e-06,0,1.91991e-06
"PWY0-321: phenylacetate degradation I (aerobic)",0,0,0,0,0,0,0,0,1.32541e-05,0,0,6.97353e-06,0,0,0,0,0,0,0,6.79705e-07,0,0,0,0,0,0,0,0,0,2.08815e-05,0,0,0,0,0,0,6.30576e-06,0,0,0,0,0,0,1.71074e-06,0,0,0,0,0,0,0,0,1.62244e-05,0,3.686e-06,0,0,2.21763e-05,3.7678e-07,0,0,0,0,0,2.46828e-07,6.31924e-06,0,0,0,0,0,0,1.66662e-06,0,0,2.57254e-05,4.36719e-07,0,4.59935e-06,0,0,0,0,0,0,0,0,0,0,0,0,0,0,0,0,2.41154e-06,0,0,0,0,0,0,0,0,0,0,0,9.12569e-06,4.27826e-06,0,0,0,0,0,0,0,0,0,0,4.42884e-06,0,2.05217e-07,0,0,0,0,1.16302e-06,2.36195e-05,0,2.66534e-07,0,0,0,2.10069e-07,0,0,3.06523e-07,2.18663e-06,0,0,4.38259e-06,0,1.52009e-06,0,0,0,4.17883e-06,0,0,0,0,0,0,0,0,3.99538e-07
"PWY0-41: allantoin degradation IV (anaerobic)",0,0,0,0,0,2.9184e-07,4.3467e-07,0,1.69795e-05,0,0,5.18052e-06,0,0,0,0,0,0,0,2.45005e-06,0,0,0,0,0,0,2.00032e-06,2.01059e-06,0,6.17053e-05,0,0,0,0,0,7.08865e-07,8.08246e-06,0,0,0,3.67902e-06,0,0,2.33905e-05,3.06551e-06,0,3.18716e-07,0,0,2.22315e-07,0,0,2.25744e-05,0,4.62898e-06,2.75621e-05,6.40048e-07,1.32014e-05,1.33898e-06,1.67651e-06,4.7967e-07,0,5.4532e-06,0,2.25943e-06,2.26883e-05,1.24175e-06,0,2.85287e-07,0,0,0,1.05238e-05,3.13245e-07,0,1.73326e-05,1.13294e-06,0,9.2594e-06,0,0,0,0,0,0,1.55069e-06,0,0,0,0,5.03971e-05,0,0,5.99579e-07,1.95936e-07,3.3991e-06,0,0,0,4.80834e-06,0,0,2.08366e-06,0,0,0,0,1.24697e-05,7.76358e-06,0,0,8.85656e-06,0,0,0,0,0,0,0,3.16758e-06,0,0,0,0,0,0,1.23054e-05,2.77405e-05,0,4.19265e-07,0,3.77677e-07,0,2.13308e-05,3.8583e-07,0,2.06008e-07,3.46911e-06,0,0,5.62763e-06,0,1.07951e-06,0,2.00478e-07,1.85836e-07,3.38487e-06,0,0,0,0,0,0,0,0,2.18606e-07
"PWY0-42: 2-methylcitrate cycle I",0,0,0,0,0,1.41567e-06,5.8786e-06,0,0.000148167,0,1.06644e-06,6.79273e-05,2.57491e-06,0,0,0,0,0,0,1.14662e-05,3.55468e-07,5.86102e-07,9.68834e-07,0,0,0,1.09935e-05,1.12289e-05,0,0.000138918,0,4.56366e-07,0,0,0,1.15073e-05,3.08702e-05,0,1.29285e-06,0,2.11258e-05,0,0,0.000156662,1.55834e-05,0,9.45208e-07,0,0,9.88312e-07,0,3.23594e-06,0.000125548,0,4.55873e-05,0.000122812,4.18778e-06,5.80355e-05,5.20828e-06,1.51814e-05,2.20338e-06,0,2.82842e-05,0,7.78499e-06,4.59444e-05,0,0,9.20052e-07,0,0,0,5.56519e-05,1.01168e-06,0,0.000132413,1.08501e-05,3.97141e-07,2.64021e-05,0,1.58432e-06,0,0,0,0,2.97532e-06,0,7.39687e-07,0,0,0.000140517,0,0,4.41014e-06,1.81302e-06,2.02036e-05,0,0,0,1.75829e-05,1.01869e-06,0,9.575e-06,0,1.03108e-06,0,0,0.000108169,4.71206e-05,0,0,2.81727e-05,0,2.11155e-06,5.73683e-07,0,0,0,0,3.88195e-05,0,2.10808e-06,0,0,1.01111e-05,2.41278e-06,5.60552e-05,0.000119295,0,3.83361e-06,0,6.33865e-07,0,0.000198984,1.66784e-06,6.17075e-05,2.9054e-06,1.70154e-05,2.98029e-07,0,1.79241e-05,0,4.09901e-06,0,3.94877e-07,1.23732e-06,1.76598e-05,0,8.0371e-07,2.65381e-07,0,0,0,3.76498e-06,0,2.01343e-06
"PWY0-461: L-lysine degradation I",0,0,0,0,0,2.89593e-07,2.38912e-06,0,1.51706e-05,0,0,5.36607e-06,0,0,0,0,0,0,0,2.80208e-06,2.17959e-07,0,0,0,0,0,5.14587e-06,4.38182e-06,0,0.000103049,0,0,0,0,0,1.93636e-06,1.77477e-05,0,1.1975e-06,0,1.19529e-05,0,0,2.3787e-05,5.37301e-06,0,0,0,0,2.39769e-07,0,2.22519e-06,2.32699e-05,0,5.83966e-06,5.32675e-05,3.84305e-07,2.25185e-05,5.3903e-06,7.70163e-06,1.75983e-06,0,1.4094e-05,0,3.98352e-06,2.77436e-05,1.37354e-06,0,2.65285e-06,0,0,0,1.95845e-05,3.66831e-07,0,5.40254e-05,1.39477e-06,0,1.63386e-05,0,0,0,0,0,0,2.02907e-07,0,0,0,0,8.03534e-05,0,0,2.88165e-06,6.94569e-07,5.26037e-06,0,0,0,1.47001e-05,0,0,6.47489e-06,0,0,0,0,1.22552e-05,9.38591e-06,0,0,9.06861e-06,0,2.58446e-06,0,0,0,0,0,6.17725e-06,0,1.598e-06,0,0,9.80658e-06,0,4.9665e-05,7.17517e-05,0,1.83647e-06,0,0,0,7.25931e-05,1.95398e-06,6.30155e-05,8.33299e-07,5.17845e-06,7.73273e-07,0,7.72651e-06,0,2.22658e-06,0,1.80562e-06,8.65503e-07,7.14385e-06,0,0,0,0,0,0,1.15417e-06,0,0
"PWY0-781: aspartate superpathway",5.53121e-05,5.00381e-05,0,1.44111e-05,7.14991e-05,1.83491e-05,4.83912e-05,0,0.00030282,2.70844e-06,1.5351e-05,0.000159131,2.71601e-05,0,3.9099e-05,1.1516e-05,3.61473e-05,1.59993e-05,6.04251e-06,3.72137e-05,1.54302e-05,1.71656e-05,5.04656e-06,1.8884e-05,4.03333e-05,1.76276e-05,0.000177311,0.000218845,2.56749e-05,0.000290427,4.4544e-05,6.49264e-05,0,2.28327e-05,5.17237e-06,6.33952e-05,0.00013555,2.80297e-05,0.000210342,2.71155e-05,0.000146499,3.67037e-05,0,0.000191904,5.87242e-05,1.18462e-05,2.63614e-05,3.6392e-05,2.75072e-05,0.000152278,3.25565e-05,0.000129991,0.000225283,0,0.000104238,0.000305263,7.73714e-05,0.000279999,4.00597e-05,0.000143702,8.00026e-05,6.54359e-06,0.000173633,5.63168e-05,4.49264e-05,0.000133638,4.10068e-05,4.17686e-05,3.27557e-05,1.24931e-05,1.36085e-05,6.33012e-06,0.000158885,1.62092e-05,1.56333e-05,0.000290785,4.25475e-05,1.96467e-05,7.96118e-05,3.5585e-05,5.3544e-05,8.19772e-06,4.41656e-05,8.26956e-06,5.76739e-06,7.46515e-05,0,7.74688e-06,1.32266e-05,1.24333e-05,0.000265628,2.20898e-05,1.25826e-05,0.000117448,4.50596e-05,7.4018e-05,2.54533e-05,5.66026e-06,2.28796e-05,8.7278e-05,1.32475e-05,0,3.74205e-05,2.1155e-05,4.31501e-05,2.36701e-05,4.92235e-05,0.000219663,0.000173251,2.54672e-05,3.23711e-05,0.000142232,1.71053e-05,3.55647e-05,3.39252e-06,1.60849e-05,0.000171841,2.03173e-05,1.10944e-05,6.24315e-05,0,1.04949e-05,0,1.76433e-05,6.07397e-05,2.49694e-05,0.000199513,0.000217458,9.90365e-06,3.23401e-05,2.41934e-05,6.23951e-05,8.30428e-06,0.000267747,3.5229e-05,0.000267409,2.48235e-05,6.06548e-05,4.6561e-06,0,7.2848e-05,0,6.24827e-05,7.27651e-06,2.21086e-05,2.70111e-05,8.30806e-05,1.24947e-05,0,0,0,1.04613e-05,3.32724e-05,6.31812e-05,1.19584e-05,3.5316e-05
"PWY0-845: superpathway of pyridoxal 5'-phosphate biosynthesis and salvage",0.000126525,7.06576e-05,8.63557e-05,0.00019828,6.57106e-06,1.17253e-05,9.51849e-06,5.45457e-05,0.000157656,7.80582e-06,4.00336e-05,8.25908e-05,9.97586e-05,8.56738e-06,3.34486e-06,2.02222e-05,1.67535e-06,1.2135e-05,4.68029e-05,0.00011444,3.54603e-05,2.17218e-05,9.80884e-05,4.10866e-05,5.68335e-05,4.38107e-06,6.61486e-05,0.000114008,0.00012851,0.000224806,3.91697e-05,4.74779e-05,1.04362e-05,1.67994e-06,9.26118e-05,0.000120669,0.000159398,2.71425e-05,0.000201465,5.32136e-05,8.39368e-05,3.93389e-06,1.63175e-05,0.000167488,6.20119e-05,4.11374e-06,0.000106939,0.000106765,1.72708e-05,1.01883e-05,6.85506e-06,2.08179e-05,0.000149838,3.99447e-05,6.43618e-05,0.000282201,1.05944e-05,0.000119801,2.02634e-05,4.53649e-05,4.62945e-05,1.31867e-05,0.000155388,1.29689e-05,0.000178031,0.000107941,8.98762e-06,8.66271e-06,0.000103777,0.000161903,0.000212172,7.7461e-05,0.000197828,0.000146711,0.000148348,0.000201246,0.000162825,4.32214e-05,0.000133493,0,3.9677e-06,7.86268e-05,3.82874e-06,0,0.000125495,0.000117495,2.22845e-05,5.28691e-05,2.92722e-05,1.25819e-05,0.00022618,1.57064e-05,7.92831e-06,2.03139e-05,1.87336e-05,9.44884e-05,4.85047e-05,3.02256e-05,4.2505e-05,9.99284e-05,2.35829e-05,9.29181e-05,1.05478e-05,5.22536e-05,5.06438e-05,1.00756e-05,3.0401e-05,0.000110383,4.45246e-05,4.25694e-05,4.89307e-06,0.000113101,6.74591e-05,0.000131451,0.000177424,2.32333e-05,8.98955e-05,3.20036e-06,5.731e-05,5.66098e-05,0.000105079,5.02009e-05,7.34774e-05,0.000110315,0.000145445,0.000113948,0.000249862,0.000231737,7.10039e-05,0.000115476,7.11608e-05,3.02464e-05,2.95043e-05,0.000311266,0.000106748,0.00015691,0.000177381,8.46161e-05,2.38368e-05,0.000235012,0.000127844,6.42035e-05,0.000128935,0.000132826,6.92844e-05,0.000313549,3.89613e-05,0.000131077,0.000205497,7.81636e-05,9.08227e-05,0.000116415,6.79674e-05,1.35901e-05,7.74024e-05,0.000101162
"PWY0-862: (5Z)-dodecenoate biosynthesis I",0.000115485,2.98434e-05,7.99638e-05,1.52197e-05,5.45182e-05,2.38074e-05,1.80061e-05,2.51315e-05,0.000236874,3.8801e-06,1.61207e-05,0.00016865,4.07397e-05,5.50534e-05,4.06457e-05,6.76336e-05,2.34505e-05,7.12212e-05,1.63427e-05,8.86979e-05,1.57082e-05,2.17038e-05,0.000147811,3.76126e-05,2.76349e-05,9.83166e-05,0.000130339,0.000318316,8.17834e-05,0.000343206,6.20208e-05,1.87505e-05,3.35451e-05,2.37782e-05,0,9.68603e-05,0.000235331,4.18443e-05,0.000326958,4.4946e-05,0.000145994,3.6564e-05,3.99804e-05,0.000195755,6.83758e-05,2.04209e-05,3.12984e-05,8.73208e-05,2.93494e-05,4.44001e-05,5.37645e-05,0.000113156,0.000225713,2.83632e-05,0.000100275,0.000474236,2.58374e-05,0.00014589,3.70389e-05,0.000113411,6.36725e-05,3.93737e-06,0.000233885,1.3425e-05,0.000130861,0.000229714,5.92269e-05,2.95611e-05,0.000122423,5.38465e-05,8.66259e-05,2.53643e-05,0.000311033,6.13014e-05,8.49536e-05,0.000208346,0.000172738,3.33749e-05,0.000222615,3.81565e-05,9.99772e-05,0.000103421,1.49525e-05,0,5.53122e-05,7.91453e-05,7.86088e-05,0.000165058,5.92597e-05,0.000141695,0.000341641,0.0001268,1.39918e-05,8.38308e-05,1.5831e-05,0.000102049,2.96003e-05,2.24413e-05,5.80894e-06,0.000217057,7.63731e-05,6.20562e-05,2.87111e-05,6.52029e-05,3.24987e-05,1.65126e-05,5.25586e-05,0.000160718,8.40648e-05,1.78247e-05,9.38002e-05,0.000163639,9.80564e-05,8.75587e-05,6.24727e-05,4.93537e-05,8.87228e-05,3.17587e-05,6.52798e-05,0.000154454,0.000133819,6.39198e-05,4.14843e-05,0.000128662,0.00017846,2.57259e-05,0.000323306,0.000345477,6.30426e-05,4.3498e-05,0.000101602,4.11434e-05,1.87268e-05,0.000389645,0.000104083,0.000267831,2.08974e-05,0.000145578,2.46185e-05,1.14727e-05,0.000147137,5.7794e-05,0.000110353,0.00022866,0.000109963,6.39483e-05,6.44529e-05,2.68088e-05,5.54175e-05,4.0337e-05,3.40556e-05,0.000127276,4.6467e-05,6.68889e-05,1.65622e-05,8.33387e-05
"PWY0-881: superpathway of fatty acid biosynthesis I (E. coli)",0,0,0,0,0,0,0,0,0,0,0,0,0,0,0,0,0,0,0,0,0,0,0,0,0,0,0,0,0,0,0,0,0,0,0,0,0,0,0,0,0,0,0,0,0,0,0,0,0,0,0,0,0,0,0,0,0,0,0,0,0,0,0,0,0,7.8271e-06,0,0,0,0,0,0,0,0,0,0,0,0,0,0,0,0,0,0,0,0,0,0,0,0,0,0,0,0,0,0,0,0,0,0,0,0,0,0,0,0,0,0,0,0,0,0,0,0,0,0,0,0,0,0,0,0,0,0,0,0,0,0,0,0,0,0,0,0,0,0,0,0,0,0,0,0,0,0,0,0,0,0,0,0,0,0,0,0,0,0
"PWY1G-0: mycothiol biosynthesis",0,0,0,0,0,0,0,0,0,0,0,0,0,1.20654e-06,3.15365e-06,0,0,0,0,0,0,0,0,0,0,0,0,0,0,0,9.45407e-07,7.59166e-07,0,0,0,1.54372e-06,2.33425e-06,0,0,0,0,3.45591e-06,0,0,0,0,2.02846e-06,0,0,8.99404e-07,0,0,0,0,0,0,0,0,0,0,1.29818e-05,0,0,0,0,7.06818e-07,0,0,0,0,0,0,0,0,0,0,2.61228e-06,0,0,0,0,0,0,0,0,0,0,0,0,0,0,0,0,0,2.96267e-06,0,0,0,0,0,0,0,0,0,0,0,0,0,0,0,0,8.84609e-07,1.69739e-06,0,0,0,0,3.29337e-06,0,2.73185e-06,0,1.3205e-06,0,0,5.40565e-06,0,0,6.74901e-07,0,0,6.78625e-07,0,0,0,0,0,0,0,0,0,0,0,0,0,0,0,0,0,0,0,0,0,0,0,0,0
"PWY1ZNC-1: assimilatory sulfate reduction IV",5.93586e-05,4.85781e-05,5.35142e-05,2.03517e-05,3.95244e-05,0.000100307,4.5193e-05,3.98745e-05,9.73986e-05,9.28612e-05,4.03795e-05,5.79255e-05,8.7862e-06,9.8329e-05,6.09993e-05,2.46571e-05,0.000112692,4.26824e-05,4.42639e-05,1.48329e-05,6.31907e-05,5.3712e-05,3.5909e-05,2.93305e-05,2.35568e-05,2.26875e-05,5.84598e-05,6.05345e-05,8.37287e-05,0.000258474,4.91846e-05,0.000116024,6.22683e-05,5.70433e-05,0.000152051,2.83202e-05,0.000105198,9.36282e-05,0.000177298,1.62034e-05,3.86182e-05,4.65712e-05,6.19952e-05,0.000107388,4.65015e-05,4.98264e-05,4.19693e-05,0.000101086,6.26153e-05,3.90386e-05,4.23964e-05,1.87574e-05,0.000135852,2.23763e-05,3.08822e-05,0.000172329,1.17266e-05,9.85131e-05,5.44575e-05,4.65044e-05,5.64081e-05,4.51481e-05,4.00863e-05,7.9757e-05,2.75133e-05,8.79656e-05,5.0575e-05,6.8524e-05,5.73923e-05,1.83202e-05,9.12952e-06,3.40159e-05,9.06953e-05,2.36653e-05,1.38318e-05,0.000144341,1.16414e-05,3.13592e-05,5.85891e-05,4.43826e-05,3.70421e-05,2.99e-05,8.16277e-05,9.10109e-05,2.099e-05,2.96994e-05,8.70386e-05,3.76245e-05,1.60724e-05,6.19382e-05,0.000223804,4.47891e-05,5.10676e-05,3.25312e-05,0.000103762,4.21813e-05,4.64385e-05,4.58085e-05,0.000125583,3.0807e-05,4.61142e-05,2.79714e-05,2.72504e-05,3.26383e-05,3.99287e-05,3.57196e-05,5.80284e-05,6.56365e-05,3.80433e-05,2.59652e-05,5.33656e-05,3.98733e-05,6.09507e-05,1.48825e-05,6.84047e-06,3.92759e-05,8.45315e-05,8.55333e-05,4.32929e-05,3.43732e-05,2.74218e-05,4.95909e-05,8.19356e-06,5.49196e-05,3.65659e-05,8.03048e-06,0.000104208,0.00019495,4.58472e-05,3.0759e-05,1.73909e-05,6.13425e-05,5.68452e-06,0.000207062,2.62046e-05,0.000151145,7.56404e-05,2.17522e-05,2.06286e-05,3.07913e-06,3.67809e-05,1.8152e-05,4.91028e-05,0,3.19606e-05,2.33273e-05,4.15629e-05,1.37926e-05,7.59119e-06,4.65193e-05,6.69525e-06,2.30158e-05,1.74418e-05,6.97403e-05,1.84627e-05,1.67806e-05
"PWY3DJ-12: ceramide de novo biosynthesis",0,0,0,0,0,0,0,0,0,0,0,0,0,0,0,0,0,0,0,0,0,0,0,0,0,0,0,0,0,0,0,0,0,0,0,0,0,0,0,0,0,0,0,0,0,0,0,0,0,0,0,0,0,0,0,0,0,0,0,0,0,0,0,0,0,1.16916e-06,0,0,0,0,0,0,0,0,0,0,0,0,0,0,0,0,0,0,0,0,0,0,0,0,0,0,0,0,0,0,0,0,0,0,0,0,0,0,0,0,0,0,0,0,0,0,0,0,0,0,0,0,0,0,0,0,0,0,0,0,0,0,0,0,0,0,0,0,0,0,0,0,0,0,0,0,0,0,0,0,0,0,0,0,0,0,0,0,0,0
"PWY3DJ-35471: L-ascorbate biosynthesis IV (animals, D-glucuronate pathway)",0,0,0,0,0,9.1155e-07,0,0,0,0,0,0,0,0,0,0,0,0,0,0,0,0,0,0,0,0,0,0.000108134,0,0,0,0,0,0,0,0,0,0,0,0,0,0,0,0,0,0,0,0,0,0,0,0,0,0,0,0,0,0,0,0,0,0,0,0,0,2.9686e-06,0,0,0,0,0,0,0,0,0,0,0,0,0,0,0,0,0,0,0,4.4111e-06,0,0,0,0,0,0,0,0,0,0,0,0,0,0,1.9805e-06,1.25325e-05,0,0,0,0,0,0,0,0,0,0,0,0,0,0,0,0,0,0,0,0,0,0,1.93358e-05,0,0,0,0,0,0,0,0,0,0,0,0,0,0,0,1.7105e-05,0,0,0,0,2.20648e-06,1.53599e-06,0,0,0,2.41453e-06,0,0,0,0,0
"PWY3O-4107: NAD salvage pathway V (PNC V cycle)",0.000130021,9.45995e-05,2.51339e-05,2.63644e-05,1.50182e-05,0.000144024,0.000192808,2.57267e-06,0.000176576,1.91501e-06,0,9.11926e-05,7.18269e-06,5.19236e-06,0.000109081,5.47364e-05,8.68627e-05,1.82446e-05,7.41273e-06,2.31804e-05,9.3658e-06,4.5349e-06,1.26052e-06,2.16229e-05,4.50293e-05,9.02323e-05,5.84521e-05,0.000143241,1.24928e-05,0.000109585,0.000160774,8.54889e-05,0,6.93396e-05,0,6.66659e-05,6.63994e-05,5.43227e-05,7.00982e-05,2.8147e-05,7.29841e-05,7.93646e-05,4.6891e-06,0.000164517,2.1623e-05,6.16018e-05,2.00984e-05,0.000146032,2.123e-05,0.000325674,0.000111276,0.000261318,0.000166046,0,7.95402e-05,0.000109347,3.54414e-05,0.000164133,4.00839e-05,6.56667e-05,4.314e-05,3.26688e-05,0.000140583,1.89815e-05,4.6182e-05,0.000124489,0.000133969,0.000134426,9.46664e-06,6.80511e-05,2.31326e-05,4.13971e-06,0.00015508,2.70973e-06,0,0.000194273,4.54247e-05,2.38537e-05,7.29949e-05,8.42431e-05,3.17077e-05,1.48709e-05,1.83246e-05,0,1.38962e-05,0.000117916,0.000199276,1.28243e-05,6.31704e-06,0.000171865,0.000198658,0.000222338,1.11808e-05,8.56091e-05,0.000295863,4.6031e-05,1.15193e-05,6.46817e-05,4.31505e-05,4.04781e-05,8.78122e-05,9.83833e-07,4.64045e-05,3.81217e-05,1.95453e-05,1.10202e-06,6.04055e-05,0.000124611,0.000159989,9.85421e-06,0.00012209,4.64018e-05,5.57478e-05,3.23273e-05,4.91785e-06,0,5.95242e-05,4.5504e-05,0.000101779,5.7798e-05,7.74832e-06,4.38231e-05,2.67644e-05,4.36144e-05,3.77251e-05,1.3609e-05,0.000124112,0.000176456,1.26661e-06,1.91703e-05,2.49919e-05,7.40455e-05,2.05949e-05,6.79672e-06,8.95685e-06,9.08186e-05,7.19412e-06,3.06528e-05,4.96782e-06,1.8928e-06,3.20728e-05,2.04519e-05,6.94239e-05,4.2487e-05,4.39833e-05,1.13944e-05,5.81079e-05,0,5.16748e-06,6.46521e-05,7.43711e-06,2.07199e-05,2.39154e-05,3.34221e-05,7.07767e-06,6.52138e-05
"PWY490-3: nitrate reduction VI (assimilatory)",0,0,0,0,0,0,0,0,0,0,0,0,0,0,0,0,0,0,0,0,0,0,7.94144e-07,0,0,0,0,6.2413e-07,0,0,0,0,0,0,0,0,1.406e-06,0,1.17656e-05,0,0,0,0,0,0,0,0,0,0,0,0,0,0,0,0,0,0,0,0,0,0,0,0,0,0,0,0,0,0,0,1.46052e-06,1.23445e-06,1.22936e-06,0,1.06991e-06,0,1.21857e-06,0,0,0,0,0,0,0,0,0,0,0,0,0,0,0,0,0,0,0,1.45884e-06,0,0,0,0,0,0,0,0,0,0,0,0,0,0,0,0,2.49961e-06,7.36596e-07,7.39592e-07,0,0,0,0,0,0,1.99983e-06,0,2.80764e-06,1.20464e-06,0,0,2.2823e-06,0,1.11243e-06,0,2.48107e-06,0,1.64093e-06,0,9.19343e-07,0,5.75037e-07,0,0,0,1.30954e-06,0,1.25845e-06,1.04215e-06,0,0,4.06388e-06,1.68648e-06,3.70446e-06,0,0,2.17767e-06,0,0
"PWY4FS-7: phosphatidylglycerol biosynthesis I (plastidic)",0.000146408,0.000161276,4.51473e-05,2.57924e-05,9.1481e-05,0.000115958,0.000100764,8.62853e-05,0.000400303,5.86317e-05,5.85761e-05,0.000277532,3.12042e-05,0.000104527,0.000128883,7.50506e-05,2.60913e-05,8.51177e-05,4.89268e-05,9.75656e-05,1.61728e-05,9.53245e-05,8.65265e-05,6.05157e-05,5.09552e-05,8.13486e-05,0.000247522,0.000225598,0.000109122,0.000376519,0.000150519,0.000177952,3.81009e-05,0.000116617,3.77306e-05,9.42776e-05,0.000232175,5.26363e-05,0.000226825,4.74858e-05,0.000202368,1.84534e-05,3.45482e-05,0.000379917,0.000108374,6.71203e-05,3.65331e-05,0.000110203,4.69133e-05,0.000111121,3.62803e-05,0.000145619,0.000398052,8.84184e-06,0.000233258,0.000466737,9.23712e-05,0.000381474,0.000420316,0.000172138,6.61059e-05,0.000201835,0.000190024,0.000110721,0.000109164,0.000275789,0.000153444,3.0151e-05,6.73118e-05,2.29737e-05,0.000131536,6.89209e-05,0.000303903,0.000190645,9.2024e-05,0.000343873,0.000179041,2.14446e-05,0.000221068,0.000119897,5.54308e-05,6.84679e-05,0.000206467,0.000115751,3.22563e-05,0.000201158,6.09426e-05,4.44253e-05,5.37057e-05,7.90041e-05,0.00044576,8.216e-05,3.15239e-05,0.00015205,0.000169101,0.000137041,7.6881e-05,7.95625e-05,0.000125963,0.000159422,7.92972e-05,2.51597e-05,0.000126718,8.98398e-05,6.30528e-05,2.03894e-05,6.97577e-05,0.000362534,0.000229319,4.22985e-05,9.6413e-05,0.000267755,6.24975e-05,6.2986e-05,0.000141949,3.3972e-05,0.000290136,2.81726e-05,2.7268e-05,0.000180985,9.15604e-05,0.000101317,5.96705e-05,6.15172e-05,0.000190279,8.27052e-05,0.000298818,0.000360472,7.07942e-05,9.20785e-05,8.18841e-05,0.000136696,0.00025354,0.000368005,9.88334e-05,0.000297762,4.58807e-05,0.000108231,0.000244729,0.000129984,0.000187383,6.24697e-05,0.000119766,8.20441e-05,0.000130475,0.000162668,0.000188743,0.000103,0.000124397,6.18451e-05,7.95924e-05,6.05895e-05,7.01756e-05,0.000102243,8.99516e-05,8.81711e-05
"PWY4FS-8: phosphatidylglycerol biosynthesis II (non-plastidic)",0.000146401,0.000161276,4.51473e-05,2.57922e-05,9.1481e-05,0.000115957,0.000100764,8.62853e-05,0.000400303,5.86317e-05,5.85761e-05,0.000277532,3.12042e-05,0.000104527,0.000128883,7.50506e-05,2.60913e-05,8.51177e-05,4.89268e-05,9.75656e-05,1.61728e-05,9.53245e-05,8.65265e-05,6.05157e-05,5.09552e-05,8.13486e-05,0.000247522,0.000225554,0.000109122,0.000376519,0.000150516,0.000177914,3.81009e-05,0.000116617,3.77306e-05,9.42776e-05,0.00023217,5.26362e-05,0.000226825,4.74858e-05,0.000202368,1.84534e-05,3.45482e-05,0.000379917,0.000108374,6.71203e-05,3.65331e-05,0.000110203,4.69133e-05,0.000111121,3.62803e-05,0.000145619,0.000398017,8.84184e-06,0.000233258,0.000466718,9.23703e-05,0.000381474,0.000420316,0.000172138,6.61059e-05,0.000201835,0.000190024,0.000110721,0.000109164,0.000275789,0.000153444,3.0151e-05,6.73118e-05,2.29737e-05,0.000131536,6.89209e-05,0.000303903,0.000190645,9.2024e-05,0.000343873,0.000179041,2.14446e-05,0.000221068,0.000119897,5.54308e-05,6.84679e-05,0.000206467,0.000115751,3.22563e-05,0.000201158,6.09426e-05,4.44253e-05,5.37057e-05,7.90041e-05,0.00044576,8.216e-05,3.15239e-05,0.000152047,0.000169092,0.000137041,7.6881e-05,7.95625e-05,0.000125963,0.000159422,7.92972e-05,2.51597e-05,0.000126718,8.98398e-05,6.30528e-05,2.03894e-05,6.97577e-05,0.000362534,0.000229319,4.22985e-05,9.64121e-05,0.000267755,6.24975e-05,6.2986e-05,0.000141949,3.3972e-05,0.000290136,2.81726e-05,2.7268e-05,0.000180985,9.15604e-05,0.000101317,5.96705e-05,6.15172e-05,0.000190279,8.27052e-05,0.000298818,0.000360472,7.07942e-05,9.20785e-05,8.18841e-05,0.000136696,0.00025354,0.000368005,9.88334e-05,0.000297644,4.58807e-05,0.000108231,0.000244729,0.000129984,0.000187383,6.24697e-05,0.000119766,8.20441e-05,0.000130471,0.000162668,0.000188743,0.000103,0.000124397,6.18451e-05,7.95924e-05,6.05895e-05,7.01756e-05,0.000102243,8.99516e-05,8.81711e-05
"PWY4LZ-257: superpathway of fermentation (Chlamydomonas reinhardtii)",1.48057e-05,2.63192e-05,1.24124e-05,3.56274e-06,1.30662e-05,1.3003e-05,5.89492e-05,2.16219e-05,0.000205488,1.37706e-05,9.55345e-06,0.000150071,1.19713e-05,1.69833e-05,4.66524e-05,1.59987e-05,1.70011e-05,2.43417e-05,4.05403e-05,5.39285e-05,2.42007e-05,1.71771e-05,2.04974e-05,5.512e-06,1.71973e-05,3.81322e-05,0.000105551,0.000108179,1.67252e-05,0.000306184,1.63596e-05,1.7021e-05,7.57416e-06,9.08988e-06,5.9147e-06,5.30144e-05,0.000150598,2.30985e-05,0.00012571,1.75295e-05,1.9953e-05,9.78073e-06,2.58953e-05,0.000224111,5.80414e-05,1.61471e-05,1.80477e-05,3.05563e-05,2.17103e-05,1.3816e-05,6.78584e-05,2.89046e-05,0.000291786,2.20765e-05,9.23462e-05,7.57075e-05,3.58099e-05,0.000228461,3.78576e-05,1.54174e-05,2.14828e-05,1.69757e-05,7.55874e-05,1.03056e-05,3.28531e-05,0.000132677,3.86944e-05,5.91942e-06,1.23159e-05,4.1593e-05,7.97293e-05,7.96836e-06,0.000172143,9.75767e-06,4.58966e-05,0.000261499,5.33293e-05,1.20953e-05,0.000149965,7.57434e-06,1.45742e-05,2.73801e-05,4.81512e-06,9.44042e-06,2.95883e-06,1.52095e-05,7.73751e-06,1.38961e-05,1.12561e-05,8.41024e-06,0.000305044,3.47853e-05,1.32112e-05,3.27343e-05,3.97687e-05,8.69048e-05,8.20419e-06,2.51344e-05,1.85121e-05,5.64536e-05,1.70569e-05,4.27647e-06,5.38079e-05,2.4064e-05,2.29671e-05,9.82693e-06,1.86259e-05,0.000226081,0.000110945,4.93896e-06,7.34979e-06,3.44989e-05,2.31118e-05,2.54343e-05,1.62667e-05,7.97791e-06,0.000203295,3.73691e-06,1.25369e-05,9.60771e-05,0,9.29464e-06,4.35443e-06,1.94706e-05,5.50878e-05,1.71917e-05,8.70393e-05,0.000352322,1.27257e-05,2.30152e-05,1.03355e-05,3.97678e-05,7.23928e-06,0.000163877,2.67116e-05,0.000129559,8.45274e-05,4.96939e-05,6.78114e-06,3.66658e-06,0.000135254,9.16461e-06,3.88879e-05,0,2.30846e-05,8.76556e-06,8.91806e-05,1.09321e-05,1.01027e-05,4.11969e-05,4.52631e-06,9.43386e-06,9.15943e-06,1.73287e-05,2.15659e-06,1.61938e-05
"PWY5F9-12: biphenyl degradation",0,0,0,0,0,0,0,0,0,0,0,0,0,0,0,0,0,0,0,0,0,0,0,0,0,0,0,0,0,0,0,0,0,0,0,0,0,0,0,0,0,0,0,0,0,0,0,0,0,0,0,0,0,0,0,0,0,0,0,0,0,0,0,0,0,0,0,0,0,0,0,0,0,0,0,0,0,0,0,0,0,0,0,0,0,0,0,0,0,0,0,0,0,0,0,0,0,0,0,0,0,0,0,0,0,0,0,0,0,0,0,0,0,0,0,0,0,0,0,0,0,0,0,0,1.32764e-06,0,0,0,0,0,0,0,0,0,0,0,0,0,0,0,0,0,0,0,0,0,0,0,0,0,0,0,0,0,0,0
"PWY66-367: ketogenesis",0,0,0,0,0,0,0,5.21748e-06,0,0,0,0,0,1.15369e-06,0,0,0,0,0,0,0,0,0,1.45797e-06,8.90613e-07,0,0,1.16558e-06,0,3.23036e-06,0,0,0,0,0,0,1.32123e-06,8.97946e-07,1.07905e-05,0,7.86369e-07,2.12201e-06,0,5.43377e-07,0,0,0,0,0,0,8.90293e-06,7.86423e-06,0,0,8.23636e-07,1.01812e-06,0,0,0,0,1.32435e-06,0,0,0,0,3.22096e-06,0,0,0,0,0,0,7.34433e-06,0,0,0,0,0,2.85427e-07,0,0,0,0,0,0,0,0,0,0,0,0,0,3.48802e-06,2.47592e-06,3.37108e-05,2.03215e-06,0,0,0,0,0,0,0,1.3298e-06,0,0,0,0,0,0,0,0,0,1.14603e-06,2.16335e-06,0,1.23092e-06,0,0,0,0,0,0,0,4.32845e-06,9.04551e-07,0,0,0,2.92541e-06,4.79335e-06,0,0,4.97366e-07,1.03901e-06,5.69697e-06,1.43032e-06,6.09754e-07,0,0,9.67413e-07,0,2.6954e-06,0,0,0,1.75691e-06,1.30627e-06,2.29491e-06,0,0,1.86922e-06,0,0,0,0
"PWY66-388: ceramide degradation by &alpha;-oxidation",0,0,0,0,0,0,0,0,0,0,0,1.38702e-06,0,0,0,0,0,0,0,1.19465e-06,0,0,0,0,0,0,0,0,0,4.25669e-07,0,0,0,0,0,0,0,0,1.1295e-06,0,0,0,0,0,0,0,0,0,8.12855e-07,0,0,4.44172e-08,0,0,7.32952e-07,0,0,0,0,0,0,0,0,0,4.45928e-06,1.80291e-06,0,0,0,0,6.36953e-07,0,1.05524e-05,2.89697e-06,0,0,5.88463e-07,1.85556e-06,6.47336e-06,0,0,0,0,0,0,2.66166e-06,0,0,0,0,8.92363e-07,0,0,0,2.11349e-06,6.94716e-06,0,0,0,0,0,0,0,0,0,0,0,0,6.07182e-07,0,0,0,0,0,0,0,0,0,0,7.17354e-07,0,0,3.34793e-07,2.66176e-07,1.11486e-05,0,0,0,1.59647e-06,0,0,1.62704e-07,0,0,1.15486e-06,0,0,0,0,0,0,0,8.55794e-07,0,0,1.82177e-06,0,0,0,0,0,0,5.75348e-06,0,0,3.85977e-06
"PWY66-389: phytol degradation",4.36776e-06,2.09183e-06,7.41482e-07,0,6.85226e-07,5.2733e-08,4.47269e-06,0,0.000175633,0,2.04035e-06,8.92344e-05,6.43235e-07,7.3896e-07,0,9.60113e-07,0,0,0,2.17929e-06,3.80484e-06,4.55249e-07,0,5.56911e-06,0,2.82232e-06,3.23783e-05,4.44634e-05,0,0.000164778,5.20375e-07,9.29813e-07,0,0,0,1.30561e-05,4.82421e-05,2.1347e-07,0.000110379,1.15281e-05,6.33474e-06,9.87252e-07,0,0.000131738,3.37921e-06,0,7.0529e-06,0,1.12132e-06,5.38885e-08,1.94752e-07,4.54465e-08,0.000104949,0,6.5838e-05,5.9166e-06,5.12345e-06,0.000116321,5.34402e-06,6.20037e-06,1.26269e-07,0,4.42251e-06,1.10558e-06,5.4251e-06,8.16507e-05,3.25062e-06,0,1.85413e-06,0,6.46386e-07,0,8.06468e-05,2.96037e-06,0,9.55822e-05,5.46222e-06,1.87363e-05,3.07849e-05,0,3.37555e-06,0,0,0,0,2.7361e-06,0,2.34228e-06,0,0,1.98923e-05,0,1.4421e-07,3.7049e-06,3.49831e-06,4.52235e-05,3.19139e-08,0,0,1.43964e-06,1.98305e-06,0,1.71953e-05,0,1.57115e-07,0,0,0.000122328,3.83271e-05,2.42885e-06,0,1.00861e-05,0,5.78152e-06,1.2745e-07,0,4.73611e-05,1.46528e-06,2.27809e-06,2.43935e-05,0,4.79873e-06,3.3902e-07,2.70529e-07,1.26141e-05,1.24883e-06,2.444e-05,0.000151203,1.76878e-06,4.25117e-06,1.92022e-05,1.68917e-07,0,3.92161e-06,1.02351e-05,0.000121279,7.25274e-06,2.10413e-05,6.78688e-05,0,7.00906e-06,0,7.23916e-06,0,7.9951e-06,1.84673e-06,1.0256e-05,0,2.15866e-07,1.57574e-06,0,3.97207e-06,8.18525e-06,1.09405e-07,2.73288e-06,6.10406e-06
"PWY66-391: fatty acid &beta;-oxidation VI (mammalian peroxisome)",2.38661e-06,0,0,0,1.54459e-06,4.99946e-06,0,3.52445e-06,0,0,0,0,0,9.36436e-06,3.59276e-06,1.69459e-06,0,0,0,1.37997e-05,0,0,0,0,0,0,4.60313e-05,9.78414e-07,3.07025e-06,6.93736e-06,1.12872e-05,0,0,0,2.27839e-06,2.28168e-06,1.99855e-05,0,9.06654e-06,0,1.3701e-06,0,0,0,5.48287e-06,0,0,0,0,0,9.68739e-06,2.31177e-06,0,0,0,0,0,1.25117e-06,7.02137e-06,0,0,0,9.10183e-06,0,6.75063e-06,8.72786e-06,0,7.58831e-07,5.50748e-06,3.90305e-06,1.93883e-06,0,3.28239e-06,5.41845e-06,4.43023e-06,0,0,1.41162e-06,8.24792e-06,1.15749e-06,0,2.2378e-06,0,0,0,3.73668e-06,0,4.60933e-06,0,0,0,2.19967e-06,8.58352e-06,9.78886e-06,0,8.34161e-06,3.04092e-06,0,2.44359e-06,3.29704e-06,0,2.46778e-06,5.53637e-06,2.28174e-05,0,9.82864e-06,1.80385e-06,0,0,2.70232e-06,0,2.93421e-06,0,0,5.07392e-06,0,0,1.80989e-06,4.28999e-06,0,1.25464e-06,1.05268e-06,0,0,1.69502e-05,0,1.89613e-05,0,0,2.94991e-06,1.22937e-05,3.7065e-06,9.59899e-07,2.72894e-06,8.66313e-06,0,1.83448e-05,3.69212e-06,6.19613e-06,1.35605e-05,8.56504e-05,0,5.95937e-06,0,3.29883e-06,2.55928e-06,2.15715e-05,2.16139e-06,6.97188e-06,1.10346e-05,9.6563e-07,1.00062e-05,2.0014e-06,0,1.37989e-06,7.57577e-06
"PWY66-398: TCA cycle III (animals)",0,0,0,0,0,0,0,0,0,0,0,0,0,0,0,0,0,0,0,0,0,0,0,0,0,0,0,0,0,0,0,0,0,0,0,0,0,0,0,0,0,0,0,0,0,0,0,0,0,0,0,0,0,0,0,0,0,0,0,0,0,0,0,0,0,0,0,0,0,0,0,0,0,0,0,0,0,0,0,0,0,0,0,0,0,3.07203e-06,0,0,0,0,0,0,0,0,0,0,0,0,0,0,0,0,0,0,0,0,0,0,0,0,0,0,0,0,0,0,0,0,0,0,0,0,0,0,0,0,0,0,0,0,0,0,0,0,0,0,0,0,0,0,0,0,0,0,0,0,0,0,0,0,0,0,0,0,0,0
"PWY66-399: gluconeogenesis III",9.78934e-05,0.000142778,0.000152422,0.000135242,0.000114096,3.5119e-05,4.93066e-05,0.000134572,1.29138e-05,7.07395e-05,0.000111788,0.000145108,0.000146077,9.57611e-05,5.65042e-05,0.000140505,0.000125995,7.73135e-05,0.000106511,0.000154768,9.76946e-05,7.95534e-05,9.53168e-05,0.000108113,0.000114586,0.000100757,6.98185e-05,2.0587e-05,0.00013445,2.71469e-05,0.000117114,8.91648e-05,5.65385e-05,7.94073e-05,5.87009e-05,0.000139688,4.54138e-05,0.000101709,2.96075e-05,0.000106907,0.000143432,8.35465e-05,9.03366e-05,3.32098e-05,6.52783e-05,6.52051e-05,8.97854e-05,0.000210196,8.9282e-05,2.85389e-05,0.000123294,0.000134308,6.22863e-05,0.00010243,9.64954e-05,2.1524e-05,6.58157e-06,3.39419e-05,9.28579e-05,0.000101182,0.000121687,6.31274e-05,0.000171767,7.03201e-05,0.000188832,9.52803e-05,4.3359e-05,6.15955e-05,0.00019112,0.000177316,0.000129352,0.000103594,0.000143149,8.93127e-05,0.000104946,8.14691e-05,0.000186742,0.00010158,5.56929e-05,9.33301e-05,9.11508e-05,0.000106575,6.40389e-05,8.81038e-06,0.000136545,0.000140129,9.39751e-05,0.000146494,9.4532e-05,3.32647e-05,4.63849e-05,0.000146844,6.91289e-05,0.000113463,0.000122973,0.000133266,5.5523e-05,6.61371e-05,0.000105339,0.000126413,0.000125467,0.000178016,4.69297e-06,0.00013102,0.000125645,9.06568e-05,0.000154555,6.60914e-05,0.000125784,6.55974e-05,2.93296e-05,0.000143777,0.000139329,0.00015553,0.000132459,7.06401e-05,6.79212e-05,8.19607e-05,0.000148764,0.000160603,0.000120751,0.000118264,0.000131042,0.00012915,0.000112009,0.000132824,3.0544e-05,7.86133e-05,0.000158697,9.4435e-05,0.000162265,0.000108693,6.35503e-05,1.69761e-06,9.59279e-05,3.51334e-05,7.1605e-05,0.000127324,2.91343e-05,0.000112868,7.90381e-05,0.000105776,0.000164888,3.57004e-05,6.39029e-05,0.000121109,0.000115597,9.67256e-05,9.85754e-05,9.28438e-05,9.43679e-05,0.000102291,7.56815e-05,4.12101e-05,6.8185e-05,0.000116491
"PWY66-409: superpathway of purine nucleotide salvage",0.000223809,0.000207142,0.00013437,0.000111845,0.000153269,4.3521e-05,0.00015494,0.000105835,0.000262548,0.000187803,0.000173207,0.000191017,0.000103427,6.74379e-05,0.00027236,7.76246e-05,9.31003e-05,0.000191746,0.000126067,0.000188195,9.06147e-05,6.79906e-05,7.00502e-05,0.000138995,0.000170956,9.23335e-05,0.000141724,0.000167593,0.000148881,0.000256676,0.000239107,0.000167407,2.5212e-05,0.000136041,6.21487e-05,6.6286e-05,0.000255347,0.000149357,0.000208904,7.01662e-05,0.000148031,0.00011919,0.000144413,0.000271661,0.000159221,0.000110733,0.000116355,0.000196586,0.000141337,0.000324733,0.00017924,0.000314736,0.000228592,7.66995e-05,0.000141677,0.000293036,3.55215e-05,0.000219711,0.000175986,0.000131604,0.000102671,0.000114148,0.000126748,0.000152306,0.00016625,0.000195379,0.00010847,3.745e-05,3.06893e-05,8.98663e-05,3.0101e-05,8.30876e-05,0.000211613,4.67716e-06,4.0399e-05,0.000252398,0.000211369,6.16703e-05,0.000149429,0.000181072,0.000223476,9.05631e-05,9.5928e-05,0.000131833,4.69796e-05,0.000217989,0.000119592,0.000100895,7.96853e-05,6.5905e-05,0.000267198,0.000124092,0.000160216,0.000126752,0.000218079,0.00011881,0.000161945,0.000178051,9.14396e-05,0.000111109,0.000106339,1.62767e-05,0.000130282,0.000150612,0.000195123,4.61787e-05,0.00010533,0.000234211,0.000177114,1.72675e-05,0.000207319,0.000152619,0.000187875,0.000121822,5.36306e-05,7.62736e-05,0.000190032,0.000147834,0.000142821,0.000123465,7.44274e-05,1.6151e-05,0.000212226,9.3297e-05,0.000114231,5.95692e-05,0.000244459,0.000260975,4.05422e-05,0.000149649,6.48219e-05,0.000226185,0.000155722,0.000244767,0.000162325,0.000273913,7.01612e-05,7.58481e-05,5.67413e-05,9.32354e-06,0.000246727,4.59309e-05,8.17359e-05,7.56423e-05,0.000218285,0.000130047,0.000255165,2.79928e-05,2.86206e-05,0.000147092,0.000219765,3.05169e-05,4.29808e-05,0.000135277,3.26112e-05,8.61101e-05
"PWY66-429: fatty acid biosynthesis initiation (mitochondria)",0.000610227,0.000523496,0.00055991,0.000608024,0.000657371,0.000569134,0.000620667,0.000624682,0.000385262,0.000608582,0.000430061,0.00045605,0.00025255,0.000675871,0.00080386,0.000594918,0.000630174,0.000599755,0.00061572,0.000278832,0.000501568,0.000617312,0.000384579,0.000461388,0.000433544,0.000529615,0.000575019,0.000382368,0.000535656,0.000367677,0.000713198,0.000647428,0.000658559,0.000617359,0.000794236,0.000429389,0.000401059,0.000730244,0.00064779,0.000332954,0.000450039,0.000549147,0.00050146,0.000360834,0.000529735,0.000631805,0.000407701,0.000648092,0.000537937,0.000347983,0.000587679,0.000472348,0.000413541,0.000459522,0.000446265,0.000471707,0.000648981,0.000400385,0.000897228,0.000496863,0.000468099,0.000840623,0.000378312,0.00057017,0.000368099,0.000342722,0.000494137,0.000624193,0.000452008,0.000379159,0.000445002,0.000442879,0.000489733,0.000554669,0.000476908,0.000355364,0.000558476,0.00023168,0.000365454,0.00056026,0.000497525,0.000515268,0.000522156,0.000860196,0.000366471,0.000486106,0.000673507,0.000403789,0.000461024,0.000422419,0.000528612,0.00047978,0.000637272,0.000622518,0.000704749,0.000337639,0.000523359,0.000717662,0.00076421,0.000380805,0.000373121,0.000783153,0.000582123,0.000628567,0.000533756,0.000362623,0.0006092,0.000467774,0.000617867,0.000333895,0.000521917,0.000611378,0.000653415,0.000472481,0.000514294,0.000623728,0.000544346,0.000549198,0.000627503,0.000410923,0.000568081,0.000326236,0.000385919,0.000553038,0.000556168,0.000343689,0.000426493,0.000386735,0.000560104,0.000447743,0.000377475,0.000508469,0.00026739,0.000350079,0.000557283,0.000446767,0.000574607,0.000411445,0.000246238,0.000540386,0.000428973,0.000575119,0.00052873,0.00076007,0.000547501,0.000626916,0.000514549,0.000371258,0.000425893,0.000486242,0.000431417,0.000381923,0.000383096,0.000562835,0.000478087,0.000383039
"PWY66-430: myristate biosynthesis (mitochondria)",0,0,0,0,0,0,1.5671e-05,7.49621e-06,0.00013517,0,0,9.33106e-06,0,0,2.56626e-05,0,0,0,0,0,0,3.03621e-06,8.32449e-07,0,1.53113e-06,4.22675e-05,2.3733e-05,1.65449e-06,0,1.0507e-05,3.64467e-06,1.78156e-06,0,0,0,3.48439e-06,2.30035e-05,1.07358e-06,3.89971e-05,3.81594e-06,0,0,4.01025e-06,7.57851e-05,0,0,0,2.07405e-05,0,7.10184e-06,0,8.22014e-06,2.49154e-05,0,2.43068e-05,0,4.30772e-05,7.48304e-06,2.68318e-06,0,1.24427e-06,0,8.25416e-06,0,1.30016e-06,5.4262e-06,7.52753e-06,0,0,0,0,0,0,0,0,7.92847e-05,0,0,0,0,3.50077e-06,0,1.91539e-06,0,0,1.38544e-06,0,0,0,0,0,0,0,0,9.45295e-07,8.59448e-06,1.76994e-06,1.08794e-05,0,0,0,0,3.66349e-06,0,0,5.43149e-06,2.23112e-06,7.32656e-05,2.80753e-05,0,0,0,2.47187e-06,2.01998e-06,0,0,0,0,4.97497e-06,6.79173e-06,0,0,0,0,5.46707e-06,0,4.05283e-06,0,7.00133e-07,2.99465e-06,0,0,0,0,0,0,3.20436e-06,2.97369e-06,0,0,3.79334e-06,0,0,0,0,0,9.17098e-07,0,0,0,0,0,3.04494e-06,0,0,7.99256e-07
"PYRIDNUCSAL-PWY: NAD salvage pathway I (PNC VI cycle)",0.000125859,0.000101045,3.22671e-05,3.13294e-05,1.91217e-05,0.000142654,0.000119253,3.55083e-06,0.000187218,2.66534e-06,0,0.000103071,9.71011e-06,7.127e-06,0.000122006,6.21936e-05,8.12223e-05,2.38937e-05,1.01504e-05,2.92865e-05,1.27139e-05,6.15257e-06,1.75588e-06,2.79937e-05,5.60711e-05,7.104e-05,6.63324e-05,0.000148634,1.6611e-05,0.000129172,0.000160259,9.55617e-05,0,6.40965e-05,0,7.69628e-05,7.34935e-05,4.65116e-05,7.62667e-05,3.7019e-05,8.23213e-05,8.12812e-05,6.45113e-06,0.000170352,2.93008e-05,6.01475e-05,2.48781e-05,0.000148453,2.69978e-05,0.000200828,0.000118311,0.000213633,0.000171871,0,8.56712e-05,0.000128345,3.56152e-05,0.000159916,4.88284e-05,6.79207e-05,5.22462e-05,3.9825e-05,0.000133576,2.45375e-05,5.58614e-05,0.000127757,0.00010506,3.34142e-05,1.27655e-05,7.70759e-05,2.95151e-05,5.69912e-06,0.00013863,3.68565e-06,0,0.000186098,5.43674e-05,2.99389e-05,7.93125e-05,3.89815e-05,3.97951e-05,1.99733e-05,2.18154e-05,0,1.86235e-05,0.000121233,9.2027e-05,1.7329e-05,8.68287e-06,7.09165e-05,0.0002045,0.000115046,1.4835e-05,8.33621e-05,0.000264702,5.34607e-05,1.48438e-05,7.64369e-05,5.30619e-05,4.96064e-05,8.73122e-05,1.37232e-06,5.12243e-05,4.73637e-05,2.60032e-05,1.53906e-06,7.19357e-05,0.000136072,0.0001454,1.32633e-05,0.000121138,5.40432e-05,6.6833e-05,4.18072e-05,6.77621e-06,0,6.81046e-05,5.05009e-05,0.000112695,6.96333e-05,1.04192e-05,5.34098e-05,3.43848e-05,4.58824e-05,4.57065e-05,1.82833e-05,0.00011967,0.000186924,1.76373e-06,2.42656e-05,3.19494e-05,8.3181e-05,2.62548e-05,9.38711e-06,1.17922e-05,0.000105707,9.71506e-06,3.89065e-05,6.81488e-06,2.52821e-06,3.99553e-05,2.357e-05,7.21083e-05,2.45994e-05,4.7916e-05,1.38629e-05,6.61325e-05,0,6.99454e-06,6.05566e-05,9.98744e-06,2.66663e-05,2.9945e-05,4.09755e-05,9.34527e-06,7.19005e-05
"PYRIDNUCSYN-PWY: NAD de novo biosynthesis I (from aspartate)",0.00032711,0.000275839,0.000348879,0.000324512,0.000328809,0.000416412,0.000511043,0.000388398,0.000311668,0.000330557,0.000256974,0.000259554,0.000324498,0.000364211,0.0004342,0.000252274,0.000474728,0.000420963,0.000344162,0.000221158,0.000283716,0.000394141,0.00028581,0.000234547,0.000262082,0.000354094,0.000373579,0.000398246,0.00041492,0.000275515,0.000437888,0.000454206,0.000410584,0.000374293,0.000534145,0.000320631,0.000290249,0.000425989,0.000303525,0.000257279,0.000292098,0.000388224,0.000334927,0.000280462,0.00033475,0.000338537,0.000260136,0.000371972,0.000316253,0.000352457,0.000345848,0.000277757,0.000286371,0.000315579,0.000241846,0.000233011,0.000515411,0.000326281,0.00070933,0.000295722,0.000324525,0.000301662,0.000300343,0.000318666,0.000324843,0.000221471,0.000400594,0.00037505,0.000348444,0.000333313,0.000403127,0.000307332,0.000306508,0.000356273,0.000288413,0.000255914,0.000357589,0.000195872,0.000259956,0.000434818,0.000364597,0.000312834,0.000376756,0.000477883,0.000347875,0.000296625,0.000443111,0.00035683,0.000261425,0.000576541,0.000274607,0.000337895,0.000318368,0.000423057,0.00041297,0.000205602,0.000272379,0.000357261,0.000360224,0.000219022,0.000302012,0.000504278,0.000311831,0.000354424,0.000412709,0.000233032,0.000323166,0.000342884,0.000310268,0.000197447,0.000530922,0.000396937,0.000397084,0.00033163,0.00041298,0.000391414,0.000345115,0.000417491,0.000379092,0.000217814,0.000366382,0.000258399,0.00027563,0.000402756,0.000328732,0.000294792,0.000308194,0.000283591,0.000318612,0.000336565,0.000289211,0.000306181,0.000305056,0.00022785,0.000374487,0.00029282,0.000401662,0.0002965,0.000304129,0.000420476,0.00027429,0.000354397,0.000332718,0.000571804,0.000319803,0.00043303,0.000292425,0.000241402,0.000262321,0.000304697,0.000260302,0.00028419,0.000242295,0.000325297,0.000280288,0.000286723
"PYRIDOXSYN-PWY: pyridoxal 5'-phosphate biosynthesis I",9.18889e-05,4.70331e-05,6.35436e-05,0.00015522,4.5711e-06,7.34582e-06,8.81843e-06,3.08854e-05,0.000164152,5.87308e-06,2.85933e-05,8.57827e-05,7.23335e-05,5.80138e-06,2.16873e-06,1.5557e-05,1.04437e-06,8.03577e-06,3.05695e-05,8.63761e-05,2.36218e-05,1.64033e-05,8.01656e-05,3.14732e-05,4.2572e-05,3.30956e-06,7.27857e-05,8.73922e-05,9.59571e-05,0.000239417,2.727e-05,2.83841e-05,6.72215e-06,1.21021e-06,6.09782e-05,8.52134e-05,0.000132091,1.94285e-05,0.000238635,3.7142e-05,5.84543e-05,2.55804e-06,1.09813e-05,0.000219374,4.13475e-05,2.77651e-06,8.18849e-05,6.78513e-05,1.18255e-05,4.96301e-06,3.95108e-06,1.07062e-05,0.000151233,2.79387e-05,6.5642e-05,0.00026049,6.92926e-06,9.32715e-05,1.44632e-05,4.2966e-05,3.37988e-05,8.82703e-06,0.000113926,6.74702e-06,0.000161213,0.000105256,6.62585e-06,5.80186e-06,7.84517e-05,0.000119344,0.000204018,5.76072e-05,0.000178868,0.000129144,0.0001292,0.000161567,0.000139296,3.1652e-05,0.000121729,0,4.05596e-06,6.26805e-05,2.28822e-06,0,8.84109e-05,9.16786e-05,1.48706e-05,4.00545e-05,2.17517e-05,6.98095e-06,0.000216204,1.22154e-05,5.93589e-06,1.27529e-05,1.11304e-05,6.98398e-05,3.56743e-05,1.87064e-05,2.74753e-05,8.4318e-05,1.51162e-05,6.06302e-05,1.22065e-05,3.38069e-05,3.63668e-05,8.08082e-06,2.04779e-05,0.000105798,5.02122e-05,3.40862e-05,2.93438e-06,8.62064e-05,4.50052e-05,9.91832e-05,0.00015014,1.56134e-05,7.614e-05,1.6804e-06,4.17547e-05,5.96645e-05,8.67101e-05,3.88866e-05,5.91428e-05,7.98131e-05,0.000121715,9.07017e-05,0.00025462,0.000236929,5.71461e-05,8.87932e-05,5.69446e-05,2.07172e-05,2.30457e-05,0.000257017,9.19168e-05,0.000115958,0.000131742,7.10009e-05,1.88559e-05,0.00027454,0.000104881,4.88906e-05,0.000100536,0.000108571,5.38269e-05,0.000285371,3.91517e-05,0.000110033,0.000205301,5.6516e-05,7.19975e-05,0.00010562,5.39113e-05,8.15302e-06,6.14516e-05,8.56048e-05
"REDCITCYC: TCA cycle VI (Helicobacter)",5.32314e-06,2.24447e-05,2.0533e-06,1.15684e-06,0,4.54136e-07,1.06204e-05,1.59452e-06,2.92024e-05,2.80916e-06,2.54743e-06,1.95687e-05,9.34432e-06,0,5.23332e-06,0,0,0,2.42021e-06,1.34146e-05,3.47396e-06,6.87145e-06,6.14589e-06,5.91232e-06,1.92198e-06,0,2.97351e-05,5.16673e-05,9.89084e-07,3.37091e-05,4.66996e-06,1.14772e-06,8.75978e-07,1.23829e-06,0,2.42351e-05,1.58083e-05,0,4.66895e-05,1.64389e-05,2.08202e-05,4.63107e-06,1.40117e-06,3.13759e-05,1.41905e-05,1.54439e-05,1.44606e-06,0,1.11165e-05,1.69336e-06,6.64609e-06,2.64807e-05,3.2322e-05,0,1.79181e-05,4.9492e-05,2.93232e-06,2.40292e-05,9.49693e-06,1.27589e-05,1.7399e-05,0,2.31378e-05,0,1.54682e-05,2.50126e-05,0,0,4.64135e-06,0,3.08571e-06,0,4.23339e-05,2.61663e-06,0,6.5561e-05,1.68634e-05,3.83908e-06,2.97141e-05,0,2.42776e-06,0,0,0,0,9.40024e-06,0,1.47607e-06,0,0,8.64928e-06,2.1033e-06,1.09186e-06,7.463e-06,9.38291e-06,2.22492e-05,1.5032e-06,0,6.97093e-06,1.55117e-05,8.71358e-06,0,1.7975e-06,0,1.31967e-05,0,2.15833e-06,4.73977e-05,2.57504e-05,0,5.27166e-07,3.63898e-05,3.8496e-06,1.98382e-05,9.34167e-07,0,8.10232e-05,0,1.7558e-06,1.87394e-05,0,2.94821e-06,0,0,1.74251e-05,1.26722e-05,3.19011e-06,3.40045e-05,2.27177e-06,1.58654e-05,1.27469e-06,6.83807e-06,2.71397e-06,4.39311e-05,8.58864e-06,1.84243e-05,1.24184e-05,3.51884e-05,5.92388e-07,1.49412e-06,1.83752e-05,0,1.45905e-05,0,4.91895e-06,4.21057e-06,5.80001e-06,1.34293e-06,0,3.36637e-06,0,3.84496e-06,9.99358e-06,1.52e-06,2.20602e-06,9.48067e-06
"RHAMCAT-PWY: L-rhamnose degradation I",0.000135598,0.000104386,0.000120404,0.000149467,0.000154916,0.000160062,0.000111624,0.000133584,0.000360067,0.000107395,0.000112997,0.000222004,5.4748e-05,0.000119755,9.62979e-05,0.000155935,5.52596e-05,8.63418e-05,0.000115876,0.000160168,0.000122888,0.000162219,0.000158059,0.00011689,0.000159495,6.42526e-05,0.00025598,0.000122579,0.000165737,0.000254038,0.000140396,0.000118915,4.96185e-05,0.000113514,7.96253e-05,0.000178246,0.000254695,0.000135278,0.000249569,0.000105888,0.000168328,9.11978e-05,0.000128382,0.000313616,0.000157684,6.04193e-05,0.000159174,6.12644e-05,0.000101641,7.43253e-05,0.00014207,0.000113231,0.000173592,0.000101372,0.000183817,0.000340202,8.33511e-05,0.000145211,0.000308004,0.000113612,0.000121988,0.000148538,0.000161781,0.000136714,0.000112639,0.000119112,0.000162727,6.62296e-05,0.000113197,0.00010022,0.000189356,0.000108077,0.000178559,0.000131538,0.000159731,0.000172165,0.00019136,8.63771e-05,0.000219649,8.40678e-05,7.4892e-05,0.000119645,7.91414e-05,0.000110472,0.000107638,0.000142459,3.59189e-05,9.23815e-05,0.000163838,3.72645e-05,0.00028169,0.000108694,0.000143515,0.000151176,9.623e-05,0.000123831,0.000200057,6.31166e-05,0.000117505,0.000214079,7.62919e-05,8.54504e-05,0.000169854,0.000103286,0.000122492,0.000101923,8.77415e-05,0.000262305,0.000140592,0.000148915,8.07748e-05,0.000140873,5.29881e-05,0.000147864,0.000116465,6.70693e-05,0.0001286,8.82832e-05,0.00014295,0.000153808,0.000198678,0.000121271,9.31411e-05,0.000138917,0.00019029,0.000107622,0.000268442,0.000372131,0.000149777,0.000158132,0.000130536,0.000188495,6.57835e-05,0.000342917,0.000208991,0.00016556,8.40033e-05,0.000118046,7.53621e-05,0.000205887,0.000149054,0.000187461,0.000116768,0.000555178,0.000150071,0.00026584,0.000163109,0.000140172,0.000180949,9.40582e-05,0.000140798,0.000188208,0.000161639,0.000148757,0.000122198,0.000163103
"RIBOSYN2-PWY: flavin biosynthesis I (bacteria and plants)",0.000318358,0.000270507,0.000348206,0.000307298,0.000397757,0.000275602,0.000349734,0.000358406,0.000198721,0.000414203,0.000338977,0.000302609,0.000233311,0.000428239,0.000379136,0.000290641,0.000370941,0.000336592,0.000346414,0.000209496,0.000304256,0.000410484,0.000257833,0.000314651,0.000322858,0.000383044,0.000371507,0.000212059,0.000388331,0.000200119,0.000492626,0.000406545,0.00053191,0.000406054,0.000481083,0.000371156,0.000263376,0.000456785,0.000251544,0.00025919,0.000261955,0.000315826,0.000288899,0.00022345,0.000348159,0.000408076,0.000271404,0.000368821,0.000310983,0.000196629,0.000314927,0.000206069,0.000267409,0.000301217,0.000244613,0.000226989,0.000458902,0.000275857,0.000306695,0.000331675,0.000298979,0.000500114,0.00026336,0.000372796,0.000323342,0.000219166,0.000266979,0.00034017,0.000326975,0.000219188,0.000410067,0.000415446,0.000259095,0.000360471,0.000351963,0.000176854,0.000377783,0.000159174,0.000261994,0.000337115,0.000260272,0.000345194,0.000352626,0.000425839,0.000318417,0.000277363,0.000359856,0.000320304,0.000370651,0.000259107,0.000249461,0.000283305,0.000488198,0.000427946,0.000431918,0.000209297,0.000385854,0.000444666,0.000423098,0.000312833,0.000257854,0.00047141,0.000337666,0.000341271,0.000314269,0.00026056,0.000363924,0.000271848,0.000267742,0.000218522,0.000265764,0.000428749,0.00030666,0.000389738,0.000385319,0.000468793,0.000317974,0.000324826,0.000397553,0.000229118,0.000411138,0.000272389,0.000381968,0.000432309,0.000340541,0.000325033,0.000218105,0.000204447,0.000413981,0.000335466,0.000260943,0.000365684,0.000320185,0.000180649,0.000422812,0.000255683,0.000435629,0.000244816,0.000240678,0.000367869,0.000351226,0.000349354,0.000384441,0.000575704,0.000328534,0.000394104,0.000306251,0.000357261,0.000324411,0.000370239,0.00048832,0.000320601,0.000281661,0.000484146,0.000340953,0.000255572
"RUMP-PWY: formaldehyde oxidation I",6.68613e-05,3.51444e-05,5.44985e-05,3.32211e-06,2.69143e-05,6.90154e-05,1.47276e-05,4.2583e-06,7.59178e-07,5.80637e-06,0,7.23609e-06,2.15875e-05,6.00276e-05,1.31685e-05,2.70487e-06,7.30697e-05,5.50197e-06,1.96065e-05,8.7087e-05,2.16956e-05,3.64946e-06,5.59979e-06,2.4614e-05,2.08371e-05,2.08949e-05,2.01903e-06,1.04243e-05,5.51439e-05,1.44451e-06,1.47805e-05,6.04254e-05,1.3686e-06,8.39232e-06,8.15768e-06,2.76253e-05,1.02023e-05,5.94389e-05,1.54198e-05,7.39829e-06,5.31532e-06,1.73894e-05,3.43881e-05,1.10955e-05,8.91164e-05,2.72969e-06,1.51827e-05,7.13865e-06,2.34597e-05,1.35842e-06,4.24405e-05,2.16303e-05,1.86798e-06,3.1079e-05,1.47209e-05,0,0,1.29935e-06,2.96501e-05,4.40793e-05,1.44612e-05,3.34887e-06,6.31603e-05,1.93166e-05,3.49197e-05,1.05134e-05,0.00012485,4.55017e-05,4.83176e-06,1.61132e-05,1.0446e-05,8.998e-06,6.68506e-06,0,2.26961e-06,8.74221e-06,6.21197e-06,4.28502e-06,2.60663e-06,1.47112e-05,3.99568e-05,9.79534e-06,3.07511e-05,0,3.1289e-05,2.88296e-05,6.33243e-06,7.09364e-05,3.68895e-05,9.1283e-05,2.57026e-06,1.13292e-05,5.68953e-06,4.81247e-05,2.41116e-05,1.30777e-05,1.95293e-05,2.0296e-05,2.4107e-05,3.41089e-05,1.51344e-05,1.3873e-06,1.95374e-05,3.79776e-05,1.71622e-05,4.9994e-05,3.97896e-05,1.36416e-05,4.25749e-05,2.21597e-05,4.25761e-05,0,3.07585e-05,2.05404e-05,1.0075e-06,1.82959e-05,7.68372e-06,1.62638e-05,4.85931e-05,1.70101e-05,0,2.32662e-05,2.14313e-05,3.14702e-05,8.09076e-06,1.06045e-05,2.49282e-05,6.23127e-06,4.12754e-06,1.16042e-05,3.27437e-05,3.66306e-05,3.0358e-06,3.70989e-07,7.19072e-06,3.61305e-05,5.55646e-06,4.09345e-05,2.18223e-06,1.70877e-05,1.94632e-05,1.9509e-06,1.86711e-05,0,1.38012e-05,1.88752e-05,5.82659e-05,1.07035e-05,0,2.67316e-06,0,4.24573e-06,4.64044e-06,1.08855e-05,7.19194e-06,3.32019e-05
"SALVADEHYPOX-PWY: adenosine nucleotides degradation II",0.000136544,0.000121308,0.000140035,5.0352e-05,0.000131292,8.24666e-05,8.59271e-05,0.000132983,0.000478447,0.000105776,9.43534e-05,0.000273665,7.83743e-05,0.000132171,0.000174484,0.000135132,0.0001277,0.000132824,0.000151378,0.00013197,0.000122345,0.000138743,8.89923e-05,6.21483e-05,8.34656e-05,4.55278e-05,0.00020736,8.35519e-05,0.000126848,0.000668412,8.45168e-05,9.7906e-05,0.000110777,8.92322e-05,0.000376318,9.45185e-05,0.000241705,0.000243799,4.97491e-05,7.09822e-05,0.000171803,0.000102888,0.000153786,0.000464844,0.000240726,8.91813e-05,0.000100138,0.000129743,8.46479e-05,0.000107808,6.66497e-05,8.20591e-05,0.000449853,0.000115085,0.000213131,0.000532494,0.00035061,0.000303131,0.000469008,0.000169833,0.00010051,0.000116231,0.000181331,0.000126788,0.000101424,0.000322526,0.000150752,4.95579e-05,1.69889e-05,5.9498e-05,5.18688e-05,9.47024e-05,0.000407939,7.43939e-05,5.53249e-05,0.000450953,0.000106666,7.49371e-05,0.000214106,9.34934e-05,0.00012206,6.08506e-05,0.000131054,0.000200864,2.6034e-05,8.66884e-05,0.000154494,0.000113987,8.17078e-05,0.000102218,0.000660359,0.000183217,0.000117703,0.000157846,0.00011041,0.000129441,0.000105036,8.14305e-05,0.000143279,0.000140115,7.28724e-05,0.000468149,8.00815e-05,0.000115099,0.000138911,8.61679e-05,0.000134965,0.000426118,0.000238343,4.60052e-05,0.000147152,0.000191822,0.000151226,4.35317e-05,9.83096e-05,0.000117356,7.58086e-05,7.24355e-05,8.72794e-05,0.000171296,8.15471e-05,5.13108e-05,0.000118827,0.000117382,4.80622e-05,0.000111286,0.000431185,0.000480803,5.80783e-05,9.86568e-05,3.27845e-05,0.000103532,3.59303e-05,0.000554024,0.000127455,0.00015014,0.000130277,9.3349e-05,2.99129e-05,6.12802e-05,0.000158637,8.90986e-05,0.000103986,6.88555e-06,5.85319e-05,7.87239e-05,0.000224398,4.49811e-05,6.14861e-05,6.1407e-05,4.60795e-05,4.98879e-05,4.44595e-05,0.000102029,4.66289e-05,5.64374e-05
"SER-GLYSYN-PWY: superpathway of L-serine and glycine biosynthesis I",0.000353422,0.00034753,0.000353674,0.000255729,0.000451512,0.000508368,0.000575161,0.000614719,0.000370398,0.000382502,0.000289314,0.000344123,0.00022838,0.000427915,0.000552049,0.000344126,0.000503759,0.000545022,0.000363241,0.000221417,0.000346306,0.000417433,0.000351104,0.000235903,0.000312353,0.000421152,0.000677749,0.000507587,0.000442817,0.000419519,0.000459076,0.000482954,0.000560889,0.000492394,0.000594564,0.000396278,0.0003073,0.000413377,0.000465645,0.000326714,0.000361975,0.000468736,0.000359115,0.000302998,0.000358252,0.000523676,0.00021868,0.000397395,0.000442039,0.000644119,0.000479168,0.000354191,0.000331701,0.000380662,0.000296009,0.000326428,0.00052938,0.00045599,0.000481544,0.000395795,0.000364437,0.000499038,0.000374512,0.000482448,0.00030567,0.000262475,0.000413699,0.000474065,0.00043427,0.000315719,0.000315789,0.000367369,0.000339904,0.000330109,0.000287143,0.000396973,0.000379981,0.0002211,0.000255028,0.000555088,0.000563042,0.000346129,0.000421238,0.000629315,0.000359948,0.000282903,0.000507932,0.000444871,0.0003153,0.000605177,0.000362426,0.000570486,0.000326274,0.000477709,0.000589309,0.000213831,0.000326772,0.000569007,0.000521513,0.000288471,0.000474486,0.000551946,0.00037968,0.000488534,0.000457287,0.000344899,0.000370005,0.000408428,0.000472334,0.00020457,0.00068195,0.000469613,0.00051912,0.000292789,0.000289903,0.000484793,0.000533631,0.000454635,0.000502442,0.000249323,0.000435828,0.000296688,0.000288577,0.000495215,0.000383587,0.000226755,0.000394583,0.000338926,0.000261488,0.000335957,0.000362727,0.000385073,0.000158322,0.000341142,0.00030145,0.000330547,0.000409527,0.000308235,0.000197932,0.000335579,0.000317164,0.000314042,0.000436018,0.000489533,0.000336687,0.00039726,0.000332179,0.000352924,0.000350704,0.000371571,0.000237409,0.000319597,0.000183264,0.000452498,0.000345459,0.000314537
"SO4ASSIM-PWY: assimilatory sulfate reduction I",9.50771e-06,6.89178e-06,1.28342e-06,4.52077e-06,9.16555e-06,4.33878e-05,3.53065e-05,1.14256e-05,0.000264069,3.81946e-06,9.88856e-06,0.000124426,1.09188e-05,1.65962e-06,1.24756e-05,7.62077e-06,4.17575e-06,6.50848e-06,1.80122e-05,4.26658e-05,1.00313e-05,3.06424e-05,3.5909e-05,1.04389e-05,5.98307e-06,1.38147e-05,8.18966e-05,0.000140429,4.30881e-06,0.000429877,4.73303e-06,1.65078e-05,0,3.01751e-05,5.38923e-06,3.68667e-05,0.000174527,1.0386e-06,0.000246929,1.89396e-05,9.76856e-05,2.41056e-05,4.117e-05,0.00027539,3.77736e-05,2.58312e-06,9.09236e-06,5.45031e-06,4.49712e-05,1.29919e-05,1.96295e-05,1.974e-05,0.000235157,8.02537e-06,0.000107151,0.00025988,9.97078e-06,0.000186745,3.26247e-05,6.76482e-05,3.53798e-05,1.5818e-05,7.62845e-05,1.61811e-05,3.37706e-05,0.000169348,1.11651e-05,5.96694e-06,1.66058e-05,2.8936e-06,9.12952e-06,1.59205e-05,0.000259269,1.23406e-05,0,0.000255506,4.53186e-05,1.21488e-05,0.000140942,2.78599e-06,1.58183e-05,3.42558e-06,3.39966e-06,0,1.10211e-05,3.09523e-05,1.46511e-06,6.29046e-06,1.58532e-05,1.82025e-05,0.000398424,0,1.46249e-05,3.42898e-05,5.74379e-06,7.48711e-05,2.05605e-05,1.26789e-06,0,7.06938e-05,2.17904e-05,1.59907e-05,2.73687e-05,6.8159e-07,8.69018e-06,4.52294e-06,4.21685e-06,0.00021828,0.000130399,3.1713e-06,8.51429e-06,9.49073e-05,1.05076e-05,2.01962e-05,2.85191e-06,0,0.000165427,3.53896e-05,2.50177e-06,9.27341e-05,2.74218e-05,4.95909e-05,0,3.26381e-06,5.71044e-05,9.13839e-06,0.000256549,0.000324316,4.58472e-05,2.86601e-05,2.20254e-06,4.70877e-05,5.68452e-06,0.000272473,1.6259e-05,0.000192366,1.53563e-05,6.42209e-05,2.06286e-05,2.20705e-06,9.94378e-05,1.10606e-05,3.80587e-05,0,2.38973e-05,7.55121e-06,6.26295e-05,6.54148e-06,7.59119e-06,1.26039e-06,0,1.10554e-05,2.48299e-05,5.67031e-05,1.84627e-05,1.22158e-05
"SUCSYN-PWY: sucrose biosynthesis I (from photosynthesis)",0,0,0,0,0,0,0,0,0,0,0,0,0,0,0,0,0,0,0,0,0,0,0,0,0,0,0,0,0,0,0,0,0,0,0,0,0,0,0,0,0,0,0,0,0,0,1.67295e-06,0,0,0,0,0,0,0,0,0,0,0,0,0,0,0,0,0,0,0,0,0,0,0,0,0,0,0,0,0,0,0,0,0,0,0,0,0,0,0,0,0,0,0,0,0,0,0,0,0,0,0,0,0,0,0,0,0,0,0,0,0,0,0,0,0,0,0,0,0,0,0,0,0,0,0,0,0,0,0,0,0,0,0,0,0,0,0,0,0,0,0,0,0,0,0,0,0,0,0,0,0,0,0,0,0,0,0,0,0
"SULFATE-CYS-PWY: superpathway of sulfate assimilation and cysteine biosynthesis",2.0773e-05,1.51683e-05,2.87585e-06,9.95978e-06,2.0122e-05,8.83945e-05,7.42892e-05,2.50122e-05,0.000329866,8.49432e-06,2.13457e-05,0.000192838,2.28594e-05,3.71741e-06,2.73268e-05,1.67131e-05,9.29756e-06,1.44259e-05,3.8231e-05,7.20787e-05,2.18138e-05,6.38042e-05,7.2228e-05,2.23445e-05,1.31371e-05,2.99427e-05,0.000158822,0.000198991,9.57533e-06,0.000399023,1.0521e-05,3.55516e-05,0,6.31002e-05,1.19944e-05,7.44224e-05,0.000235285,2.33026e-06,0.000347113,3.92318e-05,0.000165769,5.08687e-05,8.15387e-05,0.000314941,7.63865e-05,5.77574e-06,1.95406e-05,1.2072e-05,8.98176e-05,2.83907e-05,4.19886e-05,4.17318e-05,0.000297788,1.74677e-05,0.000167039,0.000301196,2.20144e-05,0.00028236,6.58578e-05,0.000126342,7.10931e-05,3.42631e-05,0.000133105,3.50826e-05,6.46341e-05,0.000218043,2.42831e-05,1.32181e-05,3.55353e-05,6.44001e-06,1.98392e-05,3.40185e-05,0.000292386,2.65288e-05,0,0.000319617,8.55947e-05,2.55287e-05,0.0001819,6.2273e-06,3.43447e-05,7.61569e-06,7.57294e-06,0,2.36357e-05,6.20056e-05,3.28576e-06,1.38798e-05,3.36784e-05,3.94291e-05,0.000384371,0,3.12282e-05,7.14573e-05,1.27766e-05,0.000119153,4.31687e-05,2.84444e-06,0,0.00011633,4.63307e-05,3.43073e-05,5.66841e-05,1.53087e-06,1.91191e-05,9.96387e-06,9.36707e-06,0.000306938,0.000219976,7.00205e-06,1.88303e-05,0.000169215,2.30367e-05,4.20337e-05,6.33771e-06,0,0.000274247,7.3111e-05,5.59456e-06,0.00014519,5.69508e-05,9.17418e-05,0,7.28188e-06,0.000109407,1.96221e-05,0.000293117,0.000348919,8.58565e-05,5.86656e-05,4.91086e-06,9.31447e-05,1.22658e-05,0.000297361,3.44099e-05,0.000255256,3.30627e-05,0.000111661,3.89001e-05,4.78754e-06,0.000152253,2.39048e-05,7.68101e-05,0,4.95647e-05,1.64997e-05,0.000113323,1.42878e-05,1.63383e-05,2.82482e-06,0,2.36546e-05,4.87083e-05,0.000110136,3.89299e-05,2.61107e-05
"TCA-GLYOX-BYPASS: superpathway of glyoxylate bypass and TCA",0,0,0,0,0,3.17856e-06,1.32135e-05,0,0.000205002,0,1.89704e-06,0.0001046,9.06343e-06,0,0,0,0,0,0,3.83164e-05,4.39615e-06,8.01334e-06,2.1326e-06,0,0,0,8.56024e-05,8.63043e-05,1.76502e-06,0.000337511,8.7512e-07,1.61012e-06,0,0,0,3.47233e-05,0.00011282,0,0.000175298,1.33333e-05,6.86841e-05,3.69194e-06,0,0.000222835,2.91061e-05,0,2.7656e-06,0,5.41565e-06,8.80923e-06,0,5.30286e-06,0.000178307,0,7.84694e-05,0.000304763,1.28072e-05,0.000132334,1.39089e-05,4.51617e-05,8.54103e-06,0,7.80224e-05,0,2.7313e-05,0.000123592,6.76032e-06,0,9.64584e-06,0,4.12778e-06,0,0.000156786,7.0535e-06,0,0.000194987,3.46817e-05,1.58224e-06,9.50944e-05,0,6.32652e-06,0,0,0,0,1.78663e-05,0,2.71278e-06,0,0,0.000277039,0,0,1.54157e-05,6.67916e-06,5.90816e-05,1.99211e-06,0,0,6.26372e-05,7.38283e-06,0,2.70532e-06,0,2.10677e-06,0,2.76281e-06,0.000150845,8.15802e-05,0,1.53677e-06,7.41766e-05,0,1.53476e-05,1.56598e-06,0,9.26372e-05,0,0,6.58225e-05,0,6.23737e-06,0,0,4.3387e-05,1.05477e-05,0.000154008,0.000295605,1.03093e-06,1.58759e-05,2.00777e-06,1.8785e-05,0,0.000308145,1.40073e-05,2.42553e-05,1.19472e-05,5.26362e-05,2.68979e-06,0,5.83494e-05,0,2.28064e-05,0,4.37989e-06,2.19473e-06,4.89238e-05,0,0,0,0,0,8.751e-06,6.39304e-06,0,7.92723e-06
"TCA: TCA cycle I (prokaryotic)",0,0,0,0,0,5.42884e-06,1.97944e-05,0,0.000218767,0,2.20922e-06,0.000108698,2.01863e-05,0,0,0,0,0,0,7.08446e-05,6.85233e-06,1.34415e-05,1.14312e-05,0,3.79931e-06,0,9.74841e-05,0.000110906,2.21545e-06,0.000321428,9.51801e-06,2.86053e-06,2.13586e-06,0,0,6.35911e-05,0.000129733,0,0.000198325,3.31133e-05,8.23258e-05,1.17756e-05,2.74268e-06,0.000217172,3.47411e-05,3.33478e-06,2.89955e-06,0,8.61703e-06,1.77754e-05,0,1.25618e-05,0.000172665,0,8.21588e-05,0.000310078,1.33564e-05,0.000131213,2.78621e-05,5.91795e-05,3.62533e-05,0,0.00011156,0,4.80317e-05,0.000124698,7.55415e-06,0,1.18325e-05,0,7.08598e-06,0,0.000161842,1.4545e-05,0,0.000187464,5.70742e-05,9.42579e-06,0.000105761,0,1.5086e-05,0,0,0,0,4.06228e-05,0,3.07275e-06,0,0,0.000268033,4.10378e-06,2.12065e-06,2.1342e-05,1.66336e-05,6.841e-05,5.64762e-06,0,0,9.54392e-05,1.78233e-05,0,2.21204e-06,0,2.60719e-05,0,4.29797e-06,0.000154201,8.8018e-05,0,3.98655e-06,8.65049e-05,0,3.09028e-05,1.95929e-06,0,0.000136803,0,0,7.0754e-05,0,7.64843e-06,0,0,7.16809e-05,2.14846e-05,0.000162585,0.000287015,4.79471e-06,3.40588e-05,2.9019e-06,3.37344e-05,0,0.000322475,2.48944e-05,1.98911e-05,2.19078e-05,7.2153e-05,2.97063e-06,3.23222e-06,7.62329e-05,0,4.84728e-05,0,1.02138e-05,9.60828e-06,5.38297e-05,0,0,3.8456e-06,0,9.46541e-06,3.07175e-05,1.30987e-05,4.91856e-06,2.51836e-05
"THISYNARA-PWY: superpathway of thiamine diphosphate biosynthesis III (eukaryotes)",0.000302906,0.000214048,0.000236819,0.000191187,0.00026466,0.000268643,0.000319242,0.000162207,0.000158949,0.000237327,0.000254967,0.000191115,6.37054e-05,0.000252472,0.000394001,0.000201328,0.000216417,0.000156121,0.000247485,0.000117874,0.000122212,0.000357275,0.000151471,0.000191957,0.000198945,0.000300253,0.000147957,0.000305845,0.000361212,5.99185e-05,0.000411631,0.000308801,0.000164707,0.000257771,0.000213271,0.000244014,0.000166602,0.000327023,0.000146134,0.00013974,0.000165448,0.000240199,0.000207147,0.000169844,0.000181524,0.000292161,0.000149217,0.000236871,0.000171663,0.000294205,0.000209539,0.000255534,0.000191217,9.96533e-05,0.000172815,5.7186e-05,0.000100402,0.000210272,0.000333854,0.000233969,0.000253792,0.0002891,0.00015489,0.000150438,0.000136122,0.000143214,0.000197353,0.00014306,0.000167345,0.000154678,0.000240554,0.000331918,0.000152157,0.000185019,0.00019074,8.78836e-05,0.000258475,6.4292e-05,0.00016241,0.000307383,0.000280384,0.000229338,0.000275856,0.000155752,0.000139905,0.000267615,0.000253377,0.000211483,0.000235324,0.00029194,0.000110128,0.00024788,0.000325386,0.000292371,0.000349069,0.000103829,0.000303867,0.000248428,0.00016767,0.000142414,0.000273155,2.51399e-05,0.00019249,0.000240872,0.000201432,0.000157,0.000192615,0.000182488,0.000171804,0.000131763,0.000249673,0.000302033,0.00019555,0.000247807,0.000235051,0.00040381,0.000172476,0.000206779,0.000272101,0.000124274,0.000267147,0.000121086,0.000280559,0.000296391,0.000223517,0.000169592,0.000156026,4.96325e-05,0.000218114,0.000199805,0.000170416,0.000329797,0.000142182,5.07976e-06,0.000240625,0.000198749,0.000221549,0.000149734,0.000122847,0.00018402,0.000213956,0.000174446,0.000270793,0.000131827,0.000280401,0.000242916,0.000185801,0.000184975,0.000223602,0.000139648,0.000258683,0.000165832,0.000204495,0.000368199,0.000274618,0.000130418
"THREOCAT-PWY: superpathway of L-threonine metabolism",0,0,0,0,0,0,0,0,8.85983e-05,0,0,4.56233e-05,0,0,0,0,0,0,0,7.04868e-06,1.11293e-06,0,0,0,0,0,4.06787e-05,6.88614e-05,0,0.000116072,0,9.89802e-07,0,0,0,3.59325e-06,6.66642e-05,0,8.7516e-05,5.95536e-06,0,0,0,0.000109623,0,0,0,0,0,0,0,0,0.000102314,0,3.43371e-05,0,0,9.5769e-05,4.51593e-06,7.76083e-06,0,0,1.19253e-05,0,1.46569e-05,7.51097e-05,2.30433e-06,0,0,0,0,0,8.02678e-05,1.86505e-06,0,9.41744e-05,7.89463e-06,0,4.55395e-05,0,0,0,0,0,0,0,0,0,0,0,0,0,0,0,0,2.26192e-05,0,0,0,0,2.72843e-06,0,5.75978e-06,0,0,0,0,7.44484e-05,2.84188e-05,0,0,0,0,7.03353e-07,0,0,7.30854e-05,0,0,3.31522e-05,0,1.85949e-06,0,0,1.08746e-05,3.38713e-06,4.55956e-05,4.09946e-05,0,5.93965e-06,0,2.10995e-06,0,5.21772e-05,0,9.4519e-05,3.19316e-06,1.98062e-05,2.59532e-06,0,3.71309e-05,0,1.6345e-05,0,0,0,2.47132e-05,0,0,0,0,0,0,0,0,2.80615e-06
"THRESYN-PWY: superpathway of L-threonine biosynthesis",0.000437417,0.000335586,0.000412681,0.000323172,0.000424721,0.000541622,0.000588908,0.000447287,0.000449652,0.000379688,0.000282433,0.00035078,0.000278585,0.000389048,0.000506972,0.000338858,0.000524763,0.000480644,0.000358346,0.000362305,0.000272645,0.000457867,0.000302604,0.000269815,0.000309485,0.000467242,0.000425911,0.000541884,0.000472756,0.000388164,0.000502578,0.000482586,0.000566908,0.000419396,0.000438656,0.000364635,0.000353295,0.000371403,0.000470367,0.000335916,0.000324041,0.000407944,0.000382066,0.000373365,0.000365328,0.000529147,0.000295151,0.000421957,0.000356182,0.000627938,0.000479694,0.000447945,0.000374365,0.000324282,0.000299197,0.000435863,0.000472562,0.000499903,0.000445613,0.000388724,0.000363643,0.000410012,0.000347682,0.000342547,0.000258567,0.000280733,0.000441953,0.000486939,0.000435597,0.00035,0.000355587,0.000386547,0.00033363,0.000348941,0.000279279,0.000390629,0.000430151,0.000218848,0.000303209,0.000558024,0.000584217,0.000370831,0.000407892,0.00043649,0.000271627,0.00035106,0.000544489,0.000501321,0.000355827,0.000746122,0.000391776,0.000537049,0.000327868,0.000447114,0.00053514,0.000250473,0.000351524,0.000480843,0.000391849,0.000294119,0.000526808,0.00044783,0.000262633,0.000434942,0.000386124,0.000286957,0.000356789,0.000433776,0.000412124,0.000232673,0.000732418,0.000433789,0.000437009,0.000331389,0.000355085,0.000388258,0.000446674,0.000479874,0.000445838,0.000322864,0.000364113,0.000391393,0.000297797,0.000401275,0.000420491,0.000314278,0.00044037,0.000386958,0.000317373,0.000307448,0.000348816,0.000336126,0.000300786,0.000373776,0.000368514,0.000396639,0.000377176,0.000279851,0.000186936,0.00036728,0.000252833,0.000336096,0.00035068,0.000604635,0.000321007,0.000462366,0.000255427,0.00034235,0.000395258,0.000307614,0.000289137,0.000344222,0.000292913,0.000462247,0.000309926,0.000310016
"TRNA-CHARGING-PWY: tRNA charging",0.000648845,0.000640416,0.000721247,0.00076383,0.000779633,0.00057587,0.000666703,0.000675341,0.00048116,0.000727451,0.00067679,0.000651509,0.000830336,0.00071448,0.000747949,0.000842428,0.000708811,0.0006311,0.000849629,0.000581384,0.000734118,0.00076086,0.000677558,0.000708025,0.000762968,0.000772616,0.000495001,0.000569878,0.000680816,0.000432897,0.000772123,0.000667633,0.000622647,0.000722597,0.000702246,0.000685098,0.000386466,0.000676726,0.000448555,0.000851018,0.000569604,0.000789223,0.000848605,0.000431575,0.000457607,0.000775753,0.000647947,0.000723534,0.000648351,0.000580318,0.000816071,0.000728713,0.000456932,0.000874237,0.00067758,0.000466282,0.000553413,0.000520016,0.000763556,0.000620746,0.000708102,0.000871316,0.000534012,0.000605869,0.000720186,0.000409728,0.000553356,0.000697468,0.000678634,0.000757261,0.000660232,0.000706289,0.000497568,0.00059586,0.000606611,0.000490093,0.000596329,0.000734159,0.00039509,0.000682958,0.000673789,0.000634237,0.000642886,0.000731388,0.000800161,0.00055213,0.0007024,0.000686308,0.000801613,0.000707349,0.000484534,0.000645791,0.000805277,0.000590996,0.000701488,0.000515921,0.000629642,0.000703333,0.000679083,0.000618897,0.000717071,0.000727934,0.000479706,0.000714493,0.000637024,0.000808138,0.000722737,0.000563914,0.000717223,0.00054796,0.000725082,0.000683447,0.000710863,0.000638365,0.000699565,0.000776037,0.000526547,0.000665224,0.000698798,0.000676432,0.000716199,0.000724042,0.000717521,0.000674668,0.000582056,0.000752177,0.000424509,0.000497216,0.000711302,0.000639651,0.00065704,0.000602099,0.000616677,0.000336543,0.000638341,0.00047323,0.000600543,0.000516727,0.000547655,0.000693475,0.000446309,0.000661933,0.000613229,0.000613251,0.000577725,0.000583734,0.000545452,0.000648285,0.00055373,0.000530484,0.000615117,0.000646849,0.000653156,0.000615813,0.000655453,0.000628246
"TYRFUMCAT-PWY: L-tyrosine degradation I",0,0,0,0,0,0,0,0,0,0,0,0,0,0,0,0,0,0,0,0,0,0,0,0,0,0,1.59743e-06,0,0,0,0,0,0,0,0,0,0,0,0,0,0,0,0,0,0,0,0,0,0,0,0,0,0,0,0,0,0,0,0,0,0,0,0,0,0,0,0,0,0,0,0,0,0,0,0,0,0,0,0,0,0,0,0,0,0,0,0,0,0,0,0,0,0,0,0,0,0,0,0,0,0,0,0,0,0,0,0,0,0,0,0,0,0,0,0,0,0,0,0,0,0,0,0,0,0,0,0,0,0,0,0,0,0,0,0,5.707e-07,0,0,0,0,0,0,0,0,0,0,0,0,0,0,0,0,0,0,0,0
"UBISYN-PWY: superpathway of ubiquinol-8 biosynthesis (early decarboxylation)",0,0,0,0,0,0,0,0,0,0,0,0,0,0,0,0,0,0,0,3.44991e-06,0,0,0,0,0,0,4.68783e-06,4.43126e-06,0,5.19106e-05,0,0,0,0,0,0,2.90771e-06,0,0,0,9.88698e-06,0,0,8.5225e-06,3.07741e-06,0,0,0,0,0,0,0,2.56087e-05,0,0,6.53393e-05,2.4681e-06,0,0,6.45718e-06,1.49999e-06,0,1.07032e-05,0,3.42791e-06,1.58182e-05,0,0,3.91646e-07,0,1.89056e-07,0,1.64871e-05,2.49758e-07,0,1.69726e-05,0,0,3.48964e-06,0,0,0,0,0,0,1.96579e-06,0,0,0,0,3.01223e-05,0,0,0,0,2.79419e-06,0,0,0,7.05715e-06,0,0,0,0,0,0,0,0,4.94449e-06,0,0,3.7857e-06,0,5.44646e-07,0,0,0,0,0,3.42719e-06,0,0,0,0,0,0,2.22112e-05,0,0,0,0,0,0,6.74273e-05,4.88999e-07,0,0,0,0,0,4.75986e-06,0,2.03428e-06,0,0,0,1.35245e-06,0,0,0,0,0,0,7.62518e-07,0,0
"UDPNACETYLGALSYN-PWY: UDP-N-acetyl-D-glucosamine biosynthesis II",0,0,0,0,0,0,1.80088e-06,0,1.17238e-06,0,0,0,0,0,0,0,0,0,0,0,0,0,0,0,0,0,0,1.72444e-05,0,0,0,6.9115e-06,0,1.25193e-06,0,0,0,0,0,0,0,0,0,0,0,0,0,0,0,0,3.49424e-06,3.57045e-06,1.24694e-06,0,0,0,0,0,1.56065e-06,1.11125e-06,0,0,0,0,1.23458e-06,3.74771e-06,0,0,0,0,0,0,6.64194e-07,0,0,0,1.17961e-06,0,0,0,0,0,1.27204e-06,0,0,0,1.68541e-06,0,0,0,0,0,0,0,0.000160734,0,0,0,0,0,0,0,2.11235e-05,1.43836e-06,0,0,0,0,0,0,6.16176e-06,0,0,0,0,1.34445e-06,1.2959e-06,0,0,0,0,0,0,0,0,0,0,0,0,1.35335e-06,0,1.08528e-06,0,0,0,0,0,1.02105e-06,0,0,0,0,0,2.97311e-06,0,0,0,0,0,0,0,0,0,0,0,0
"UDPNAGSYN-PWY: UDP-N-acetyl-D-glucosamine biosynthesis I",0.000304211,0.000404686,0.000305091,0.000215544,0.000431815,0.000535913,0.000516283,0.00039104,0.000506251,0.000231774,0.00034584,0.000422781,0.000363069,0.000318376,0.000322775,0.000365906,0.00047813,0.000359025,0.000339964,0.000388648,0.000367017,0.00029769,0.000337808,0.000353077,0.000392408,0.000454578,0.000178146,0.000533602,0.000394547,0.000376261,0.00040932,0.000250839,0.000248275,0.000294484,6.93609e-05,0.000514273,0.000205331,0.000276153,0.000264412,0.000412331,0.000403125,0.000466369,0.000443703,0.000401116,0.000159509,0.00035843,0.000270361,0.000409404,0.000339113,0.000550077,0.000512246,0.00051679,0.000353583,0.000487979,0.000398195,0.000411259,0.000126378,0.000460497,0.000307055,0.000342741,0.000465226,0.000202312,0.000322288,0.000234078,0.0003477,0.000226736,0.000382458,0.000378127,0.000399821,0.000455946,0.000197801,0.000336877,0.000330754,0.000171257,0.000188057,0.000485598,0.000305809,0.000381241,0.000186597,0.000467709,0.00054499,0.000288656,0.000166116,0.000224043,0.000371616,0.00030304,0.00052063,0.000517067,0.000313242,0.000616132,0.000336604,0.000463273,0.000219754,0.000321554,0.000509423,0.000300748,0.000156208,0.00022799,0.000266375,0.000274585,0.000515723,0.000134921,0.000155435,0.000362329,0.000395217,0.000375105,0.000406902,0.000471766,0.00045568,0.000140318,0.000734561,0.000444376,0.000434094,0.000316968,0.00032666,0.000306923,0.000254228,0.000401631,0.000338938,0.000439846,0.000248942,0.00040671,0.000309721,0.000466288,0.000232336,0.000301194,0.000219569,0.000467064,0.000320018,0.000238804,0.000404737,0.000290231,0.000197205,0.000271803,0.000251696,0.000345464,8.15085e-05,0.000255427,0.000170209,0.000126988,0.000271289,0.000410649,0.000301558,8.01068e-05,0.000202743,0.000138717,0.000351968,0.00031719,0.00021104,0.000286893,0.000156426,0.000269365,0.000248878,0.000392258,0.000253882,0.000366039
"URDEGR-PWY: superpathway of allantoin degradation in plants",0,0,0,0,0,1.77027e-07,5.67961e-07,0,2.31333e-06,0,6.01526e-07,3.44201e-06,0,0,0,0,0,0,0,6.17134e-07,0,2.11573e-07,0,0,0,0,3.81512e-06,3.21149e-07,0,4.28744e-05,4.95144e-07,0,0,0,0,4.45587e-07,4.72761e-06,0,0,0,8.85507e-06,1.62741e-07,0,3.77497e-06,2.22564e-06,0,1.11739e-06,0,0,1.27546e-07,0,0,1.25518e-05,0,1.03463e-06,2.49227e-06,5.17041e-07,8.34466e-06,3.35582e-06,6.1693e-06,9.46063e-07,0,3.72294e-06,0,1.89177e-06,1.23825e-05,9.98633e-07,0,1.96747e-07,0,0,0,5.67545e-06,2.60042e-07,0,9.70661e-06,0,0,9.38335e-06,0,9.84519e-07,0,0,0,0,1.28562e-06,0,0,0,0,1.52315e-05,0,0,4.82735e-07,0,2.28223e-06,0,0,0,1.16207e-06,0,0,2.95621e-07,0,0,0,0,1.50556e-06,3.14953e-06,0,0,7.78903e-06,0,0,0,0,0,0,0,1.02304e-06,0,0,0,0,0,0,6.05163e-06,1.62454e-05,0,1.40759e-06,0,3.03459e-07,0,4.18629e-05,3.10579e-07,0,3.16259e-07,1.97274e-06,0,0,2.94247e-06,0,5.16286e-07,0,4.05745e-07,0,3.31735e-06,0,0,0,0,0,0,0,0,3.55181e-07
"URSIN-PWY: ureide biosynthesis",0,0,0,0,0,0,0,0,0,0,0,0,0,0,0,0,0,0,0,0,0,0,0,0,0,0,6.77668e-06,2.4377e-05,0,2.05304e-06,0,6.3799e-07,0,0,0,0,0,0,2.66617e-05,2.55884e-06,0,0,0,0,0,0,0,0,0,0,0,0,0,0,0,0,0,0,0,0,0,0,0,0,0,5.72126e-06,0,0,0,0,0,0,0,0,0,0,0,0,0,0,0,0,0,0,0,0,0,0,0,0,0,0,0,0,0,0,0,0,0,0,0,0,0,0,0,0,0,0,1.39031e-06,0,0,0,0,0,0,0,5.21575e-06,0,0,0,0,0,0,0,5.96099e-07,0,0,0,0,0,0,1.49851e-05,0,5.14034e-05,0,0,0,0,0,0,2.14482e-06,0,0,0,0,0,0,0,0,0,0,0,0,0,0,0
"VALDEG-PWY: L-valine degradation I",0,0,0,0,0,0,0,0,0,0,0,0,0,0,0,0,0,0,0,0,0,0,0,0,0,0,0,0,0,0,0,0,0,0,0,0,0,0,0,0,0,0,0,0,0,0,0,0,0,0,0,0,0,0,0,0,0,0,0,0,0,0,0,0,0,0,0,0,0,0,0,0,0,0,0,0,0,0,0,0,0,0,0,0,0,0,0,0,0,0,0,0,0,0,0,0,0,0,0,0,0,0,0,0,0,0,0,0,0,0,0,0,0,0,0,0,0,0,0,0,0,0,0,0,0,0,0,0,0,0,0,0,0,0,0,0,0,0,0,0,0,0,0,0,0,0,0,0,0,0,0,0,0,0,0,0
"VALSYN-PWY: L-valine biosynthesis",0.000810014,0.000711566,0.000861614,0.000794014,0.00095982,0.000716505,0.000864119,0.000939154,0.000815939,0.000832411,0.000560315,0.000758565,0.000391274,0.000899944,0.000887663,0.00101653,0.000851316,0.000816573,0.000867209,0.000412822,0.000643189,0.000761648,0.000596844,0.000730781,0.000649952,0.000928052,0.00075394,0.000721729,0.000649011,0.000738505,0.0010322,0.000750172,0.00092208,0.000874477,0.00074999,0.000712143,0.000492278,0.000839391,0.000464083,0.000626436,0.000605029,0.00081942,0.00087309,0.000600744,0.000625766,0.000948268,0.000675968,0.000943559,0.000738347,0.000935162,0.000947376,0.000776003,0.000594425,0.000798419,0.00075998,0.000578439,0.000686727,0.000810688,0.000925106,0.000738227,0.000605129,0.00106778,0.000609668,0.000765144,0.000657015,0.000527054,0.00067598,0.000859988,0.000719273,0.000599759,0.000547213,0.000718929,0.000629941,0.000584584,0.00062685,0.000668443,0.000600637,0.000297632,0.000440953,0.00088827,0.000849608,0.000649185,0.000647798,0.000868956,0.000755307,0.000618312,0.000925312,0.000815161,0.000892253,0.00107035,0.000709472,0.000826098,0.000979874,0.000863928,0.000764378,0.000504817,0.000755782,0.000958422,0.000883179,0.000616703,0.000826933,0.000782644,0.000676315,0.000865281,0.000667236,0.000531636,0.000852286,0.000692507,0.000954799,0.000494831,0.000975398,0.000824455,0.000887294,0.000649091,0.000677617,0.00102873,0.000611748,0.000712128,0.000778329,0.00044872,0.000850038,0.000606645,0.000602453,0.000773087,0.00072239,0.000611273,0.000581256,0.000593663,0.000690021,0.00065306,0.000600931,0.000740062,0.000700179,0.00045508,0.000716756,0.000564462,0.000771708,0.00053173,0.000626423,0.000737107,0.000509014,0.000868172,0.000748928,0.000598961,0.000692258,0.000671902,0.000628353,0.00059591,0.000531517,0.000771238,0.000669261,0.000629799,0.000697862,0.000578853,0.00067497,0.000560508
