"","SRR6915091_merged_Abundance","SRR6915092_merged_Abundance","SRR6915093_merged_Abundance","SRR6915094_merged_Abundance","SRR6915095_merged_Abundance","SRR6915096_merged_Abundance","SRR6915097_merged_Abundance","SRR6915098_merged_Abundance","SRR6915099_merged_Abundance","SRR6915100_merged_Abundance","SRR6915101_merged_Abundance","SRR6915102_merged_Abundance","SRR6915113_merged_Abundance","SRR6915115_merged_Abundance","SRR6915116_merged_Abundance","SRR6915118_merged_Abundance","SRR6915119_merged_Abundance","SRR6915120_merged_Abundance","SRR6915121_merged_Abundance","SRR6915122_merged_Abundance","SRR6915123_merged_Abundance","SRR6915124_merged_Abundance","SRR6915137_merged_Abundance","SRR6915138_merged_Abundance","SRR6915139_merged_Abundance","SRR6915140_merged_Abundance","SRR6915141_merged_Abundance","SRR6915142_merged_Abundance","SRR6915143_merged_Abundance","SRR6915144_merged_Abundance","SRR6915145_merged_Abundance","SRR6915146_merged_Abundance","SRR6915157_merged_Abundance","SRR6915158_merged_Abundance","SRR6915159_merged_Abundance","SRR6915160_merged_Abundance","SRR6915161_merged_Abundance","SRR6915162_merged_Abundance","SRR6915163_merged_Abundance","SRR6915164_merged_Abundance","SRR6915165_merged_Abundance","SRR6915166_merged_Abundance","SRR6915188_merged_Abundance","SRR6915189_merged_Abundance","SRR6915190_merged_Abundance","SRR6915191_merged_Abundance","SRR6915192_merged_Abundance","SRR6915193_merged_Abundance","SRR6915194_merged_Abundance","SRR6915201_merged_Abundance","SRR6915202_merged_Abundance","SRR6915203_merged_Abundance","SRR6915204_merged_Abundance","SRR6915205_merged_Abundance","SRR6915206_merged_Abundance","SRR6915207_merged_Abundance","SRR6915208_merged_Abundance","SRR6915209_merged_Abundance","SRR6915210_merged_Abundance","SRR6915211_merged_Abundance","SRR6915212_merged_Abundance","SRR6915213_merged_Abundance","SRR6915214_merged_Abundance","SRR6915215_merged_Abundance","SRR6915216_merged_Abundance","SRR6915217_merged_Abundance","SRR6915218_merged_Abundance","SRR6915219_merged_Abundance","SRR6915220_merged_Abundance","SRR6915221_merged_Abundance","SRR6915222_merged_Abundance","SRR6915223_merged_Abundance","SRR6915224_merged_Abundance","SRR6915225_merged_Abundance","SRR6915226_merged_Abundance","SRR6915227_merged_Abundance","SRR6915228_merged_Abundance","SRR6915229_merged_Abundance","SRR6915230_merged_Abundance"
"UNMAPPED",0.13997,0.400951,0.187267,0.104471,0.0444793,0.110087,0.201373,0.109395,0.200249,0.13289,0.148688,0.145779,0.0911621,0.171722,0.25449,0.132369,0.199785,0.178641,0.226203,0.203488,0.24571,0.25527,0.266203,0.18992,0.146574,0.193239,0.0971446,0.190057,0.178384,0.278856,0.121022,0.106549,0.101381,0.117572,0.226773,0.0829867,0.203704,0.175392,0.117266,0.199691,0.162173,0.239904,0.225355,0.158332,0.208107,0.1148,0.159188,0.165925,0.13783,0.199761,0.116302,0.200664,0.153712,0.216083,0.274051,0.203025,0.125485,0.188739,0.217788,0.275136,0.282211,0.150908,0.253916,0.235168,0.176962,0.275846,0.169343,0.100654,0.196825,0.141638,0.130278,0.203736,0.184235,0.154856,0.126964,0.201174,0.220006,0.226695,0.273193
"UNINTEGRATED",0.798044,0.557338,0.767282,0.825441,0.870682,0.797654,0.751809,0.800187,0.750574,0.823547,0.806429,0.797297,0.872408,0.78284,0.69842,0.826939,0.745829,0.775264,0.724271,0.742391,0.704909,0.700544,0.68637,0.762797,0.807132,0.755016,0.834095,0.765219,0.767007,0.678663,0.837158,0.830916,0.839597,0.844411,0.728752,0.862199,0.737623,0.772236,0.831495,0.750307,0.793757,0.714541,0.721765,0.790109,0.740377,0.846019,0.790271,0.784059,0.809262,0.73718,0.844687,0.750554,0.798875,0.733686,0.679046,0.74526,0.820227,0.759736,0.73817,0.684159,0.676724,0.792173,0.702803,0.711372,0.774559,0.676732,0.7851,0.815939,0.759206,0.793617,0.821545,0.756174,0.76859,0.775395,0.823277,0.74922,0.739469,0.727259,0.656099
"12DICHLORETHDEG-PWY: 1,2-dichloroethane degradation",0,0,0,0,0,0,0,0,0,0,0,0,0,0,0,0,0,0,0,0,0,0,0,0,0,0,0,0,0,0,0,0,0,0,0,0,0,0,0,0,0,0,0,0,0,0,0,0,0,0,0,0,0,0,0,0,0,0,0,0,0,0,0,0,0,0,0,0,0,0,0,0,0,0,0,0,0,0,0
"1CMET2-PWY: folate transformations III (E. coli)",0.000402403,0.000443322,0.000502821,0.000328878,0.000280663,0.000367249,0.000366189,0.000340217,0.000320702,0.000335365,0.000498438,0.000357357,0.000228563,0.000282072,0.000506974,0.000420499,0.00062405,0.000393855,0.000338085,0.00049284,0.000374991,0.000344831,0.000384055,0.000341185,0.000375413,0.000498948,0.000333135,0.000410442,0.000374243,0.000461152,0.000252762,0.000351381,0.000237396,0.000317079,0.000299948,0.000262641,0.000295879,0.000314515,0.000370419,0.000417563,0.000275716,0.000481846,0.000476304,0.000410939,0.00042181,0.000259709,0.000427449,0.000400983,0.000424077,0.000307473,0.000375812,0.000313228,0.000310288,0.000435151,0.00032027,0.000479304,0.00044491,0.000351144,0.000392017,0.000344333,0.000320203,0.000311996,0.000368446,0.000458409,0.000432047,0.000544234,0.000327681,0.000334944,0.000360838,0.000337267,0.000370448,0.000321206,0.000480203,0.00032068,0.000367951,0.000288465,0.000396727,0.000376704,0.000198026
"3-HYDROXYPHENYLACETATE-DEGRADATION-PWY: 4-hydroxyphenylacetate degradation",2.56368e-05,0,8.10575e-07,0,9.24384e-05,8.63678e-05,0,1.60368e-05,0,0,0,0,4.71737e-07,0,0,0,0,0,0,0,0,0,1.15782e-05,0,0,0,4.1798e-06,0,0,0,6.78881e-06,0,0,5.10205e-06,5.56688e-06,0,0,3.58746e-07,4.9405e-06,1.55986e-06,0,0,5.15777e-06,0,0,0,0,0,8.03024e-06,2.04029e-06,0,1.20522e-05,0,0,0,0,0,1.17222e-05,0,0,0,0,0,9.65503e-06,0,0,3.31794e-06,5.18222e-05,7.32735e-07,6.61637e-07,0,1.4062e-06,0,0,9.10285e-07,1.31163e-06,0,2.53332e-06,2.88201e-06
"AEROBACTINSYN-PWY: aerobactin biosynthesis",3.5852e-06,0,2.91047e-06,3.29218e-05,0.000203333,0,0,2.29652e-07,0,0,0,0,0,0,0,0,0,0,0,0,3.28073e-06,9.9134e-06,0,0,0,0,6.34783e-07,0,0,0,0,4.02846e-05,3.02112e-05,0,1.24424e-06,0,0,1.53601e-06,9.18902e-06,0,0,0,5.22924e-06,0,0,0,0,0,0,1.5726e-05,0,0,1.16079e-05,0,0,0,4.53183e-06,0,0,6.09348e-07,0,0,0,1.6599e-05,0,4.7951e-06,6.04735e-06,1.6726e-06,0,3.59695e-07,0,0,0,2.8738e-05,0,0,0,0,3.70853e-06
"ALL-CHORISMATE-PWY: superpathway of chorismate metabolism",0,0,0,0,0,0,0,0,0,0,0,0,0,0,0,0,0,0,0,0,0,0,0,0,0,0,0,0,0,0,0,0,0,0,0,0,0,0,0,0,0,0,0,0,0,0,0,0,0,0,0,0,0,0,0,0,0,0,0,0,0,0,0,0,0,0,0,0,0,0,0,0,0,0,0,0,0,0,0
"ALLANTOINDEG-PWY: superpathway of allantoin degradation in yeast",0,6.16325e-07,5.99389e-06,5.13762e-07,6.81082e-07,0,3.047e-06,0,7.45925e-06,0,4.00879e-06,5.35618e-07,1.36624e-06,1.42194e-06,3.39672e-06,0,3.70167e-06,6.51487e-06,4.20261e-06,1.91995e-06,6.41485e-06,4.69784e-06,1.53421e-05,9.94023e-07,6.24586e-06,0,0,8.52991e-06,2.59556e-06,3.17459e-06,7.06452e-06,4.24048e-06,1.14468e-06,0,3.88669e-06,0,0,4.95739e-06,6.72906e-06,1.26188e-06,0,3.50639e-06,4.22007e-06,2.33749e-06,2.02174e-06,0,1.59394e-06,5.2159e-06,4.60954e-07,3.56673e-05,7.5561e-07,0,5.882e-06,3.77568e-06,5.96082e-06,7.86664e-06,0,4.37408e-07,4.95067e-06,2.0485e-06,1.34979e-06,0,0,8.95084e-07,4.57055e-06,3.43621e-06,1.02093e-05,1.62271e-05,6.60395e-06,1.4623e-05,9.66237e-06,2.20549e-06,0,1.1132e-06,6.3391e-06,2.29654e-06,1.75455e-06,8.7841e-07,5.02228e-06
"ANAEROFRUCAT-PWY: homolactic fermentation",0.000255941,0.000137219,0.000160846,0.000351965,0.000298706,0.000341184,0.000186044,0.000337961,0.000201384,0.000114371,0.000154549,0.000274832,0.000179041,0.000139852,0.000183519,6.40402e-05,0.00015789,0.000122421,0.000181569,0.000258984,0.00015777,0.000156507,0.000150575,0.000254907,0.000131991,0.000163129,0.000202509,0.000116091,0.000271483,0.0001118,0.000143267,0.000263003,0.000234301,0.000133366,0.00014616,0.00023212,6.837e-05,0.000152272,0.000223234,0.00019302,4.51636e-05,0.000121036,0.000195377,0.000256939,0.000291487,0.000157507,0.000233639,0.000170971,0.000241719,0.00025438,0.000150263,0.000229715,0.000216857,0.000236075,0.000243753,0.000217366,0.000167603,0.000254955,0.000190179,0.000157687,8.72083e-05,0.000230412,0.000194347,0.00019973,0.000266413,6.85793e-05,0.000198251,0.000337159,0.00026775,0.000322168,0.000217434,0.000145466,0.000229605,0.000306688,0.000207632,0.000131951,0.000132361,0.000163828,0.000255989
"ANAGLYCOLYSIS-PWY: glycolysis III (from glucose)",0.000420698,0.000339724,0.000306441,0.000458511,0.000450517,0.000413138,0.000290588,0.000441221,0.000414351,0.000390003,0.000377767,0.000396625,0.000331974,0.00028703,0.000506375,0.000491631,0.00025821,0.000482976,0.000315525,0.000521271,0.000392376,0.000338594,0.00026014,0.000359024,0.000339238,0.000313296,0.000316884,0.000433258,0.000546246,0.000328642,0.00059703,0.000395241,0.000325159,0.00028883,0.000322085,0.000302778,0.000288154,0.00037282,0.000368261,0.000488157,0.00014831,0.000401244,0.000398877,0.00051389,0.000429981,0.000446035,0.000505669,0.000492917,0.000407853,0.000466857,0.000285884,0.000340053,0.000378079,0.00048102,0.000378297,0.000417907,0.000394057,0.000362759,0.000380071,0.000294563,0.000282259,0.000335911,0.00032115,0.000344087,0.000608839,0.000182803,0.000374072,0.000422812,0.000391124,0.000407204,0.000443113,0.000274348,0.000466097,0.000407293,0.000427152,0.000447641,0.000512945,0.000290717,0.000661228
"ARG+POLYAMINE-SYN: superpathway of arginine and polyamine biosynthesis",0.000183723,5.01309e-05,4.35565e-05,0.000200626,0.000329449,0.00038419,1.486e-05,0.000416598,0.000145625,3.12908e-05,3.23658e-05,0.000180276,4.25487e-05,0.000101833,0.000161534,7.84677e-06,2.14311e-05,9.76962e-05,3.42736e-05,2.91529e-06,0.000109536,0.000110226,0.000177791,0,6.8388e-05,3.62264e-05,0.000241474,0.000104187,1.04525e-05,0,8.72711e-05,0.000194772,0.000224004,7.48625e-05,0.000113886,0.000197435,0,5.42205e-05,7.60206e-05,0.000152997,0,5.57415e-05,9.50311e-05,6.36131e-05,2.58205e-05,4.52443e-05,7.60433e-05,8.47361e-05,0.000125979,0.000129705,6.1373e-06,0.000134613,8.53229e-05,5.78273e-05,7.79719e-05,5.20373e-05,5.25357e-05,0.000140551,3.63678e-05,5.6474e-05,3.09709e-05,0.000179913,8.61909e-05,9.64839e-05,3.24196e-05,4.03581e-05,0.00010519,0.000250324,4.65735e-05,0.000232056,8.45042e-05,4.71459e-05,1.4604e-05,0.000185729,2.31102e-05,0.000106285,1.58327e-05,5.4625e-05,7.25126e-05
"ARGDEG-PWY: superpathway of L-arginine, putrescine, and 4-aminobutanoate degradation",5.21431e-05,0,1.7801e-06,0,0.000134914,2.64156e-05,0,4.31587e-07,0,0,0,7.9944e-07,3.02478e-07,0,0,0,0,0,0,0,1.12969e-05,1.21278e-05,2.72842e-06,0,0,0,1.44476e-05,0,0,0,1.59021e-05,0,8.88294e-07,9.70915e-06,1.34332e-06,4.17175e-05,0,9.34367e-07,2.43011e-06,1.64531e-06,0,0,6.39538e-06,0,0,0,0,3.234e-06,9.08099e-06,2.73529e-05,0,0,3.82801e-06,0,0,0,0,0,0,0,0,1.83108e-05,0,1.15332e-05,0,1.77529e-06,1.15472e-06,9.01054e-05,1.18286e-06,3.12644e-05,6.14387e-06,0,0,0,0,3.36799e-06,1.74208e-06,1.28991e-06,3.77805e-06
"ARGININE-SYN4-PWY: L-ornithine biosynthesis II",0.000201684,7.99088e-05,0.000152953,0.000352215,0.000202704,8.87616e-05,0.000174822,3.36502e-05,8.8574e-05,0.000190986,0.000228188,0.000185713,0.000125259,0.000146407,9.58521e-05,0.000182632,0.000152933,0.000409051,7.63957e-05,0.000363079,0.000130917,0.000151092,0.000100993,0.000164051,0.000287653,0.000223829,0.000356316,0.000309158,0.000415199,0.000176992,0.000114921,0.000323411,0.000276848,0.00026123,0.000119677,0.000149638,8.76615e-05,8.52952e-05,0.000254676,0.000294277,9.06096e-05,0.000180221,0.000159586,0.000168865,0.000217457,7.71655e-05,0.000182065,0.00010272,0.000287835,6.96295e-05,0.000342021,0.00014156,0.000186266,0.000384547,0.000119711,0.000215995,0.000554794,0.000138268,0.000233983,0.000198156,3.89207e-05,0.000185616,0.000166228,8.38922e-05,0.000449581,2.99208e-05,9.80906e-05,0.000136659,0.000165712,0.00019297,0.000262858,0.000161199,0.00014946,0.000125196,0.000403086,0.000142123,3.22248e-05,0.000256231,6.28109e-05
"ARGSYN-PWY: L-arginine biosynthesis I (via L-ornithine)",0.000341753,0.000416447,0.000223027,0.00030653,0.00035322,0.000404867,0.000522531,0.000425155,0.000433105,0.000340069,0.000293181,0.000332886,0.00040454,0.000226701,0.000471506,0.000257363,0.000645659,0.000279559,0.000569539,0.000255191,0.000445835,0.000246858,0.000381661,0.000259769,0.000427159,0.000360734,0.000316837,0.000253998,0.000516298,0.000478626,0.000165326,0.000322627,0.000288231,0.000160079,0.000408179,0.000269364,0.00020505,0.000581094,0.000281929,0.000435564,0.000147643,0.000341452,0.000389784,0.000580612,0.000458455,0.00021905,0.000536726,0.000588802,0.000217226,0.000184447,0.000189028,0.000312069,0.000353917,0.000349506,0.000527745,0.00046161,0.000142942,0.000367708,0.000404898,0.000362745,0.000626438,0.000405263,0.000409983,0.000455852,0.000342056,0.000629233,0.000369367,0.000369707,0.000381553,0.000537813,0.000364594,0.000364054,0.000303798,0.000457393,0.000245405,0.000623522,0.000329736,0.000436553,0.000812629
"ARGSYNBSUB-PWY: L-arginine biosynthesis II (acetyl cycle)",0.00027939,0.000440727,0.000199378,0.000274696,0.000353344,0.00039651,0.000530485,0.000402587,0.000433577,0.000325069,0.000248436,0.000330721,0.000401439,0.000153346,0.000473764,0.000224128,0.000410859,0.000267494,0.000552445,0.000242331,0.000445171,0.000232551,0.000321187,0.00020098,0.000397545,0.000321735,0.000332803,0.000249371,0.000497381,0.00043549,0.000151313,0.000322111,0.000293561,0.000139518,0.000395139,0.000263024,0.000178504,0.000558326,0.000272369,0.000429901,0.000131636,0.000345352,0.000383449,0.000566294,0.000438209,0.000195588,0.000521719,0.000555292,0.000211817,0.000190847,0.000128954,0.000312779,0.00033505,0.000317507,0.000514142,0.000487148,0.0001392,0.000364652,0.000414,0.000339872,0.000587092,0.000395029,0.000407982,0.0005716,0.000309199,0.000570588,0.000355499,0.000380775,0.000360293,0.000524898,0.000343607,0.000347647,0.000275403,0.000470474,0.000236788,0.000598138,0.000309643,0.000406724,0.000882325
"ARO-PWY: chorismate biosynthesis I",0.000418272,0.000446432,0.000340737,0.000393426,0.000307256,0.000492394,0.000556577,0.000470322,0.000430008,0.00042964,0.000478817,0.000396075,0.000387412,0.00039641,0.000523682,0.000435713,0.000641519,0.000406648,0.000624622,0.000477126,0.000478453,0.000344451,0.000395744,0.000414966,0.000510185,0.000487589,0.000306609,0.000454675,0.0005295,0.000436123,0.00029696,0.000361339,0.000303117,0.000284259,0.000441409,0.000272747,0.000815177,0.000668178,0.000439034,0.000524603,0.000505466,0.000455613,0.000472874,0.00061314,0.000515957,0.000326691,0.000597547,0.000616768,0.000404761,0.000545034,0.000422374,0.000382553,0.000394596,0.000430493,0.000545152,0.000574187,0.000564139,0.000427464,0.000472861,0.000423984,0.000676019,0.000449702,0.000479378,0.000566256,0.000402276,0.000640325,0.000430493,0.000359703,0.00042444,0.000463712,0.000386918,0.000397705,0.000408383,0.000377479,0.000356499,0.000593005,0.000425616,0.000436111,0.000751995
"ASPASN-PWY: superpathway of L-aspartate and L-asparagine biosynthesis",0.000298131,9.37284e-05,0.000307047,0.000333574,0.000544349,0.000422317,0.000181076,0.000558484,0.00024725,0.000292725,0.000258202,0.000344078,0.000178972,0.00021513,0.00020482,0.000333906,0.000109508,0.000298128,0.000214777,0.000365485,0.000198731,0.000262216,0.000135129,0.000158523,0.000149828,0.000342232,0.000362621,0.0003143,0.000266785,0.000211547,0.0003795,0.000417723,0.000360637,0.000277231,0.000167589,0.000342209,0.000992244,0.000281863,0.000448138,0.00025886,0.000567146,0.000230342,0.000266473,0.000175547,0.000260208,0.000400975,0.000188513,0.000155382,0.000351722,0.000209251,0.000297318,0.000256034,0.000255646,0.000347047,0.000156477,0.000217041,0.00047325,0.000253044,0.000176451,0.000196717,0.000204057,0.000326026,0.000258827,0.000130324,0.000301626,0.000164292,0.000232923,0.000436044,0.000218377,0.000298009,0.00027748,0.000227222,0.000297482,0.00031447,0.000373222,0.000217864,0.000187344,0.000239874,0.000264173
"AST-PWY: L-arginine degradation II (AST pathway)",7.35399e-05,0,4.08281e-06,6.78382e-05,0.000172602,0.000315552,0,0.000308494,1.5854e-05,0,8.69188e-07,2.99328e-05,2.45917e-06,5.80696e-06,0,0,0,0,2.07032e-06,0,5.44437e-06,1.03756e-05,2.60942e-05,0,1.62834e-06,0,9.28398e-05,0,0,0,1.39313e-05,4.09198e-05,5.93017e-05,1.07437e-05,7.52414e-06,4.78677e-05,0,3.00878e-06,1.01033e-05,2.39079e-06,0,7.36394e-07,6.07592e-06,0,0,1.50667e-06,0,2.95055e-06,1.53819e-05,5.74715e-05,0,2.10081e-05,1.66553e-05,0,0,0,4.50511e-06,1.91288e-05,0,4.75825e-07,0,2.33746e-05,0,2.99297e-05,0,3.21373e-06,4.7314e-06,0.000100265,2.58211e-06,4.27662e-05,7.27776e-06,5.91374e-06,0,8.30217e-05,0,1.62314e-06,1.10859e-06,4.55728e-06,1.0188e-05
"BIOTIN-BIOSYNTHESIS-PWY: biotin biosynthesis I",0.000251137,8.66049e-05,0.00012704,0.000261293,0.000346145,0.000373283,0.000110755,0.000389032,0.000168398,0.000159848,0.000169824,0.000218131,0.000119117,0.000166221,7.6182e-05,1.66937e-05,0.000257025,0.000131344,9.44526e-05,0.000123131,0.000144773,0.000163412,0.000172299,8.67218e-05,0.000175459,0.000252893,0.000310746,0.000114811,0.000126978,7.35524e-05,7.68351e-05,0.000300303,0.000245805,0.000180437,8.94608e-05,0.000224404,0,9.73342e-05,0.00012046,0.000126896,2.14893e-05,0.000112111,0.000112569,9.98626e-05,0.00012244,6.15538e-05,8.48303e-05,0.00011635,0.000177171,0.000292908,0.000198515,0.00016456,0.000152004,0.000154956,8.57283e-05,5.43433e-05,0.00031451,0.000174509,4.34007e-05,5.76169e-05,2.04859e-05,0.000162794,9.46441e-05,0.000148655,6.06144e-05,3.24903e-05,0.000110421,0.000381456,7.89876e-05,0.00017826,0.000156538,5.10798e-05,0.000115877,0.000275632,5.43387e-05,0.000113767,1.8964e-05,0.000145545,4.68481e-05
"BRANCHED-CHAIN-AA-SYN-PWY: superpathway of branched chain amino acid biosynthesis",0.000365714,0.00044327,0.000514594,0.000561519,0.00040736,0.000505042,0.000476554,0.000564316,0.000394351,0.00037957,0.00046573,0.000464084,0.000253823,0.000351212,0.000467696,0.00065869,0.000372215,0.000542175,0.00047781,0.000519926,0.000469925,0.000393411,0.000389922,0.00044325,0.000511863,0.000426378,0.000410284,0.000500393,0.000606784,0.000406287,0.000660522,0.000392426,0.000367154,0.000303456,0.000381635,0.000372595,0.00214112,0.000289047,0.00043231,0.00051026,0.00102643,0.000378057,0.000452486,0.000494204,0.000484636,0.000674572,0.000483073,0.000417114,0.000518397,0.000361546,0.000412368,0.000367222,0.000436825,0.000531777,0.000494561,0.000534659,0.000579063,0.00039322,0.000518555,0.000428939,0.000476803,0.000468976,0.000394013,0.00048419,0.000664084,0.000343317,0.000521973,0.000409761,0.000416107,0.000518214,0.000425992,0.000486349,0.000512126,0.000506868,0.000504867,0.000427814,0.000454902,0.000403967,0.000660268
"CALVIN-PWY: Calvin-Benson-Bassham cycle",0.000443377,0.000383423,0.000291803,0.000362454,0.00042658,0.000614706,0.000302766,0.000697194,0.000414058,0.000388352,0.000273652,0.000407868,0.00030055,0.00032175,0.000453515,0.000402364,0.000215103,0.000453614,0.000354028,0.000276098,0.000388535,0.000329179,0.000259481,0.000413696,0.000327453,0.000225423,0.000380019,0.000395432,0.000440554,0.000219476,0.000423504,0.000413649,0.000407675,0.000244064,0.000344086,0.000331986,0.000705859,0.000274314,0.000417979,0.000461403,0.000575799,0.000370135,0.000416769,0.000436399,0.000297654,0.000391576,0.000441277,0.000401281,0.000364043,0.000497776,0.000195129,0.000405139,0.000397644,0.000396156,0.000380333,0.00039993,0.0003325,0.000437874,0.000390529,0.000331962,0.000302813,0.000440156,0.000254136,0.000417715,0.000495586,0.000423956,0.000338652,0.000433849,0.000230963,0.000417236,0.000315346,0.000362075,0.000339204,0.000452704,0.000374941,0.00038088,0.000371898,0.00041056,0.00071008
"CARNMET-PWY: L-carnitine degradation I",2.8321e-06,0,1.35491e-06,2.9149e-05,4.90044e-05,8.17711e-06,0,7.71764e-08,5.09525e-06,0,0,1.19231e-05,2.09456e-06,0,0,0,0,0,7.15663e-07,0,0,6.56326e-06,2.89918e-06,0,0,0,3.16598e-05,0,0,0,4.03591e-06,1.07611e-05,2.07555e-05,1.96036e-06,1.98972e-06,1.94575e-05,0,1.31295e-07,2.11264e-06,4.2415e-07,0,0,2.45705e-06,0,0,4.07489e-07,0,5.54228e-07,0,1.0824e-05,0,0,3.41338e-06,0,0,0,1.71038e-06,4.67162e-07,0,0,0,7.08551e-06,0,6.96385e-06,0,6.20871e-07,5.23798e-07,2.66705e-05,0,1.09399e-05,1.83431e-06,0,0,6.30561e-05,0,0,0,1.5792e-06,3.90886e-07
"CATECHOL-ORTHO-CLEAVAGE-PWY: catechol degradation to &beta;-ketoadipate",2.89242e-05,0,0,3.75709e-06,1.04313e-05,0.000189488,0,0.000185668,0,0,2.53565e-06,0,3.2198e-07,1.20807e-05,0,0,0,0,0,0,0,0,1.5273e-05,0,0,0,0,0,0,0,1.75162e-06,0,0,0,0,0,0,4.30638e-06,0,0,0,0,1.47687e-06,0,6.92095e-07,0,0,0,8.98287e-06,3.72327e-05,0,2.59412e-05,0,0,0,0,0,1.79861e-05,0,0,0,0,0,0,0,0,1.10819e-06,8.00921e-06,0,0,0,0,0,0,0,2.34344e-06,0,0,3.42629e-06
"CENTFERM-PWY: pyruvate fermentation to butanoate",4.24745e-05,2.53086e-05,2.24748e-05,1.99537e-05,0,0,2.5587e-05,0,8.44699e-05,9.05524e-06,1.52235e-05,2.63535e-05,8.32912e-05,3.9977e-05,3.59325e-05,3.74928e-05,4.87761e-05,1.9312e-05,4.37195e-05,3.53089e-05,2.87689e-05,2.09329e-05,3.80762e-05,4.44841e-06,3.56243e-05,3.24187e-05,6.48808e-06,1.34091e-05,1.60137e-05,2.14949e-05,3.96812e-06,2.2098e-05,3.89626e-06,1.61224e-05,2.59003e-05,3.55776e-06,0,3.38e-05,3.78195e-05,1.01318e-05,6.48291e-06,1.86043e-05,4.64401e-05,3.89062e-05,5.30935e-05,4.19042e-05,3.24097e-05,4.31818e-05,3.79953e-05,2.53658e-05,0,1.9383e-05,3.60121e-05,2.67082e-05,4.63424e-05,4.93164e-05,4.19494e-05,3.26001e-05,4.09751e-05,1.96093e-05,5.35206e-05,3.75825e-05,1.37062e-05,3.0776e-05,3.54921e-05,2.91528e-05,3.91047e-05,0,2.27081e-05,8.88736e-05,4.64736e-05,4.44183e-05,2.08141e-05,0.000108996,0.000103963,6.25497e-05,2.62426e-05,8.7979e-05,2.96911e-05
"CHLOROPHYLL-SYN: 3,8-divinyl-chlorophyllide a biosynthesis I (aerobic, light-dependent)",0,0,0,3.90897e-06,0,0,0,0,0,0,0,0,0,0,0,0,0,0,0,0,0,0,0,0,0,0,0,0,0,0,0,0,0,0,1.6018e-06,0,0,0,0,0,0,0,0,0,0,0,0,0,0,7.71054e-06,0,0,0,0,0,0,0,0,0,0,0,0,0,1.11769e-06,0,0,0,0,0,0,0,0,0,0,0,0,0,0,0
"CITRULBIO-PWY: L-citrulline biosynthesis",0.000365487,7.11214e-05,0.000169723,0.000366331,0.000239367,0.000120112,0.000225072,4.86106e-05,0.000190103,0.000283299,0.000217442,0.000230976,0.000203757,0.000163703,0.00012716,0.000107686,0.000644274,0.000149291,7.142e-05,0.000313781,0.000227447,0.000159046,0.000279969,0.00017254,0.000247563,0.000414376,0.000337849,0.000150753,0.000455509,0.000130757,9.08343e-05,0.000317737,0.000316998,0.000150545,0.000141325,0.000170533,1.60026e-05,0.00021608,0.000255443,9.01677e-05,8.16311e-05,0.000165672,0.000186105,0.000337673,0.000217379,0.000103311,0.000361004,0.000251012,0.000264363,9.20805e-05,0.000245837,0.00015892,0.000159469,0.000281308,0.000125882,0.000218886,0.000209928,0.000175601,0.00018414,0.00016709,7.77203e-05,0.000241613,0.000171853,0.000121305,0.000269988,3.64059e-05,0.000160946,0.000176,0.000232154,0.000257068,0.000451282,0.000150984,0.000136042,0.000171435,0.00030888,0.000196971,2.52244e-05,0.00025964,9.30837e-05
"COA-PWY-1: superpathway of coenzyme A biosynthesis III (mammals)",0.000314174,0.000427608,0.000518212,0.00028395,0.000207797,0.000292834,0.000517276,0.000368493,0.000398719,0.000323306,0.000495319,0.000356329,0.000323843,0.000435416,0.000416402,0.000365471,0.00061466,0.00038048,0.000564693,0.000591998,0.000392311,0.000370707,0.00036673,0.000503384,0.000461077,0.00056936,0.000272548,0.000407015,0.000452063,0.000502098,0.000189328,0.000373818,0.00023743,0.000253987,0.000375906,0.000224048,0.000338732,0.000583712,0.000383113,0.000452601,0.000279697,0.000459208,0.000462005,0.000526197,0.000565362,0.000223585,0.000499189,0.000514492,0.000380398,0.000487735,0.000330822,0.000304087,0.000363424,0.000438469,0.000444392,0.000572972,0.000453669,0.000341731,0.000449259,0.000429905,0.000456408,0.00031126,0.000474603,0.000239121,0.000424076,0.000688873,0.000365136,0.000248783,0.00047655,0.000363955,0.000350556,0.000380898,0.000469336,0.000278345,0.000450585,0.000510979,0.000322309,0.000360536,0.000708945
"COA-PWY: coenzyme A biosynthesis I (prokaryotic)",0.000304425,0.000445194,0.000514775,0.00025175,0.000188536,0.00027951,0.000493133,0.000361053,0.000365969,0.000371581,0.000493799,0.0003262,0.00029542,0.000446593,0.000382468,0.000414057,0.000591536,0.000361457,0.000539421,0.000606623,0.000367648,0.000350165,0.000370933,0.000522228,0.000432435,0.000587472,0.000271814,0.000389711,0.000415929,0.000464503,0.000192203,0.000356556,0.000265784,0.000241783,0.000347681,0.000209816,0.000743439,0.000548853,0.000441234,0.000422256,0.000313054,0.000455741,0.000441515,0.000485305,0.000559983,0.000212723,0.000459567,0.00047094,0.000414358,0.000486856,0.000387685,0.000283531,0.0003335,0.00041138,0.000427807,0.000569448,0.000589289,0.00031846,0.000432833,0.000410109,0.000418789,0.000296794,0.000451437,0.00046246,0.00041248,0.000634545,0.000341278,0.000227731,0.0004566,0.00033057,0.000336349,0.000363089,0.000466019,0.000280924,0.000467946,0.000470927,0.000305173,0.000328573,0.00064767
"COBALSYN-PWY: superpathway of adenosylcobalamin salvage from cobinamide I",0.000105421,4.04098e-05,3.36697e-05,0.00011803,0.00019666,0.000228251,0.000165512,0.000236197,0.000188032,0.000136124,9.79733e-05,0.000138183,0.000222207,0.000209141,8.76421e-05,4.65104e-05,7.73605e-05,6.6761e-05,0.000123536,0.000130026,7.06605e-05,5.63949e-05,6.34389e-05,8.0046e-05,0.000154666,0.000151437,9.17668e-05,6.8788e-05,0.000172354,0.000109063,3.89604e-05,0.000117881,0.000117445,3.61744e-05,0.000125176,0.000130298,2.07087e-05,0.000177383,0.000113295,0.000106407,2.19879e-05,8.3812e-05,0.000117567,0.000243466,0.00016597,6.20993e-05,0.000247257,0.000191838,0.000137442,0.000113879,8.12733e-05,0.000132268,0.000154933,9.29758e-05,0.000104539,0.000113992,9.80435e-05,0.000132194,8.62217e-05,9.05709e-05,0.000213022,0.000113846,6.79954e-05,9.84594e-05,0.00011771,4.57714e-05,0.000111882,0.00020012,0.000131884,0.000127228,0.000130583,6.51163e-05,6.21484e-05,0.000154401,0.00026827,0.000223223,4.87455e-05,0.000119203,0.000353844
"COLANSYN-PWY: colanic acid building blocks biosynthesis",0.000204373,4.42221e-05,8.26073e-05,0.000275636,8.20888e-05,0.000198958,0.000137966,0.000193903,0.000171758,0.000102199,8.78608e-05,0.000164886,0.000134542,0.0001885,0.000169605,9.82838e-05,0.000107448,0.000160764,8.35471e-05,0.000131033,0.000150187,0.00010871,9.57594e-05,0.000113815,0.000133559,0.000145511,0.000214755,0.000153781,0.000156432,9.24856e-05,0.000113575,0.000245558,0.000246319,0.000120265,0.000136731,0.000197504,3.9807e-05,0.000111184,0.000253843,0.000178526,3.2559e-05,0.000129466,0.000152676,0.000128547,0.000109036,9.05837e-05,0.000126926,0.000142952,0.000151035,0.000255796,0.000111532,0.000126624,0.000155457,0.000137548,0.000138727,0.000126774,0.000102341,0.00014807,0.000106485,0.000100412,7.13207e-05,0.000230303,0.000106849,0.000119359,0.000127029,7.4382e-05,0.000117543,0.000231667,0.000104285,0.000214771,0.000172066,0.000120697,0.000133466,0.000202811,0.000115605,0.000176724,9.06528e-05,0.000106452,6.20524e-05
"COMPLETE-ARO-PWY: superpathway of aromatic amino acid biosynthesis",0.000371528,0.000400089,0.000317443,0.000384368,0.000306295,0.000485122,0.000406286,0.000453591,0.000367579,0.000431476,0.000454041,0.000358465,0.000312623,0.000369324,0.000443035,0.000430267,0.000508382,0.000396951,0.000456331,0.000464313,0.000417032,0.000297754,0.000367248,0.000382438,0.000455241,0.000467784,0.000312639,0.00041618,0.00048133,0.000333874,0.00028397,0.000357813,0.000286129,0.00025188,0.000351619,0.000257748,0.000522645,0.000456893,0.000431451,0.00041625,0.000314364,0.000418653,0.000438157,0.000568849,0.000473874,0.000316023,0.000565172,0.000507331,0.000403702,0.000475533,0.000378097,0.000356134,0.000352274,0.000405533,0.000455296,0.000522134,0.000419684,0.000392228,0.000418684,0.000391506,0.000383425,0.000362553,0.000392532,0.000531006,0.000375814,0.000349252,0.00037147,0.000373564,0.00040467,0.000406169,0.00036115,0.000310346,0.000382385,0.000344998,0.000366461,0.00041937,0.000358661,0.000361781,0.000467968
"CRNFORCAT-PWY: creatinine degradation I",0,0,0,0,1.71977e-06,0,0,0,0,4.19564e-06,0,0,0,0,1.6336e-06,0,0,0,0,0,0,0,0,0,0,0,0,0,0,0,0,0,0,0,0,0,0,0,0,0,0,2.05138e-06,0,0,9.37707e-07,0,0,0,0,0,0,0,0,0,0,1.28471e-06,0,0,0,0,0,0,0,0,0,0,0,8.34552e-07,0,0,0,0,0,0,0,0,0,0,0
"DAPLYSINESYN-PWY: L-lysine biosynthesis I",0.000204557,9.07245e-05,7.46838e-05,0.000260143,0.000353568,0.000446233,4.48774e-05,0.00041913,0.000100829,1.24921e-06,2.8384e-05,0.000145985,5.25269e-05,6.34046e-05,3.24026e-05,3.62572e-06,2.68984e-05,4.22188e-05,0.000156647,0.000111106,0.00010383,0.000121431,0.000145353,6.01314e-05,4.07204e-05,0.000186225,0.000269986,2.44802e-05,0.000128096,9.13701e-05,6.43495e-05,0.00019409,0.000216605,8.76333e-05,0.000100303,0.000208385,1.67898e-05,8.33989e-05,7.80539e-05,3.66132e-05,2.7128e-05,5.31333e-05,9.58564e-05,9.74121e-05,5.98018e-05,2.93831e-05,6.3761e-05,4.75106e-05,7.22474e-05,0.000164674,1.23802e-06,0.000156331,0.000143917,5.36484e-05,0.000203329,5.34302e-05,4.18195e-05,0.000143037,4.40267e-05,7.36146e-05,2.9058e-05,0.000150896,6.57364e-05,0.000148039,9.21549e-05,9.90301e-05,0.000128063,0.000408026,2.27126e-05,0.000343884,0.000158563,4.84092e-05,7.10562e-05,0.000305014,2.5349e-05,5.56756e-05,5.79419e-05,6.78057e-05,0.000109854
"DARABCATK12-PWY: D-arabinose degradation I",1.25147e-05,0,0,4.61273e-05,7.89261e-05,8.99091e-06,0,0,5.41627e-06,0,1.84466e-06,1.58412e-05,8.29378e-07,6.60912e-07,1.28624e-05,0,0,8.74532e-07,8.42425e-07,0,1.15707e-05,7.84482e-06,1.06536e-06,0,1.76642e-07,4.54069e-07,1.33876e-05,0,0,0,4.15787e-06,1.73308e-05,2.51116e-05,8.89332e-07,3.52961e-06,2.2533e-05,0,4.04526e-07,1.54965e-06,4.34248e-07,0,0,4.73907e-06,0,0,1.0746e-06,0,1.58711e-06,4.1756e-06,8.15187e-06,0,3.42182e-07,4.11266e-06,0,0,0,1.97738e-06,8.52366e-07,0,0,0,7.71027e-06,2.70086e-07,6.00009e-06,0,8.3047e-07,9.66341e-07,5.65536e-05,3.58941e-07,8.44479e-06,3.81575e-06,0,0,7.36818e-05,9.16408e-07,7.53431e-07,0,1.62079e-06,1.19217e-06
"DENITRIFICATION-PWY: nitrate reduction I (denitrification)",0,0,0,1.40407e-05,0,0,0,0,0,0,0,0,1.95331e-07,1.1384e-05,0,0,0,0,0,0,0,0,2.32712e-05,0,0,0,0,0,0,0,0,1.78028e-06,2.00236e-05,0,0,0,0,1.63572e-06,0,0,0,0,0,0,0,0,0,1.53025e-06,0,4.86043e-05,0,1.68582e-06,0,0,0,0,0,1.86814e-06,0,0,0,7.54705e-06,0,0,0,0,0,2.6535e-05,0,0,0,0,0,0,0,0,0,0,0
"DENOVOPURINE2-PWY: superpathway of purine nucleotides de novo biosynthesis II",0.000103466,0,3.39729e-05,0.000143014,0.000212765,0.00034779,0,0.000355113,4.38055e-05,0,1.58139e-05,8.48236e-05,1.16996e-05,0,0,0,0,0,6.59718e-06,0,6.78941e-05,6.38739e-05,6.4663e-05,0,0,0,0.000150127,0,0,0,3.51234e-05,0.000126058,0.000144598,3.66152e-05,2.90537e-05,0.000118514,0,3.26939e-05,3.37137e-05,1.21155e-05,0,0,5.03353e-05,0,3.44083e-06,1.18271e-05,0,1.13535e-05,2.32359e-05,5.28392e-05,0,0.00013034,2.95238e-05,0,0,0,1.94802e-05,0.000116696,0,0,0,8.75459e-05,0,5.95909e-05,0,0,2.78157e-05,0.000166655,1.96646e-05,0.000102054,2.3269e-05,9.2742e-06,0,0.00018706,0,4.48228e-06,0,1.67038e-05,1.63261e-05
"DHGLUCONATE-PYR-CAT-PWY: glucose degradation (oxidative)",0,0,0,0,0,0,0,0,0,0,0,0,0,0,0,0,0,0,0,0,5.68048e-06,0,0,0,0,0,0,0,0,0,0,0,0,0,0,0,0,0,0,0,0,0,0,0,0,0,0,1.4936e-06,0,0,0,0,0,0,0,0,0,0,0,0,0,3.27455e-07,0,0,0,0,0,0,0,0,0,0,0,0,0,0,0,0,0
"DTDPRHAMSYN-PWY: dTDP-&beta;-L-rhamnose biosynthesis",0.000718428,0.000499124,0.00097129,0.000488756,1.18537e-06,0.000155981,0.000777833,1.04491e-06,0.000481254,0.000484191,0.000595538,0.000591252,0.000355494,0.000575586,0.000547397,0.000740139,0.0017669,0.000817518,0.000625163,0.000791043,0.000554347,0.000405452,0.000603464,0.000946902,0.000632985,0.000853454,0.000341106,0.000768398,0.000632482,0.00058972,0.00110584,0.00045451,0.00039277,0.000426825,0.000467027,0.00041575,0.00120024,0.000625756,0.000720727,0.000636072,0.00251633,0.000585626,0.000528131,0.00065409,0.000819838,0.000996641,0.000651627,0.000630343,0.000619995,0.000619296,0.000610625,0.000418825,0.000462424,0.000704777,0.000403539,0.000588331,0.000565496,0.000455885,0.000503791,0.000531358,0.000790156,0.000403068,0.000600784,0.000718863,0.000683583,0.000735124,0.000492759,0.00023776,0.000584119,0.000522661,0.000520879,0.000560392,0.000851584,0.000273886,0.000836377,0.000628312,0.00270648,0.000569759,0.00124614
"ECASYN-PWY: enterobacterial common antigen biosynthesis",4.57129e-05,0,4.2149e-06,5.28773e-05,0.0001414,0.000327074,0,0.000460337,4.08093e-06,0,2.8002e-06,1.5354e-05,3.20183e-06,0,0,0,0,0,2.21858e-06,0,2.61038e-05,1.97105e-05,8.43728e-06,0,0,0,4.58809e-05,0,0,0,9.80828e-06,3.23359e-05,1.45411e-05,8.44667e-06,5.07001e-06,4.28639e-05,0,5.11368e-06,6.45939e-06,5.03861e-06,0,0,7.25361e-06,0,6.22647e-07,2.48084e-06,0,3.63314e-06,1.18384e-05,1.56585e-05,0,5.88335e-05,5.22874e-06,0,0,0,1.49479e-06,5.0113e-05,0,0,0,2.05776e-05,1.29132e-06,1.11355e-05,0,9.99075e-07,5.42484e-06,0.000163412,2.92505e-06,2.11678e-05,4.50245e-06,5.60282e-06,0,9.62571e-05,1.05073e-06,2.80474e-06,0,3.0558e-06,9.0746e-06
"FAO-PWY: fatty acid &beta;-oxidation I (generic)",0.000117043,0,1.19434e-05,0.000194574,0.00038615,0.000598418,0,0.000730755,5.94797e-05,0,8.08841e-06,8.7878e-05,1.9788e-05,1.86744e-05,0,0,0,0,9.16891e-06,0,4.09537e-05,4.35965e-05,7.1112e-05,0,6.3058e-06,0,0.000212038,0,0,0,3.46944e-05,0.000111916,0.000151138,1.81581e-05,2.58023e-05,0.00013373,0,1.59411e-05,2.79366e-05,9.31679e-06,0,2.64989e-06,2.75289e-05,0,1.6528e-06,8.65679e-06,0,1.38395e-05,3.67831e-05,0.000131345,0,9.91153e-05,3.07576e-05,0,0,5.69571e-07,2.06264e-05,8.65073e-05,0,0,0,7.46853e-05,2.10377e-06,6.41438e-05,0,7.62397e-06,1.50807e-05,0.000451895,1.31521e-05,7.6783e-05,1.53973e-05,2.0317e-05,0,0.00025373,8.30105e-06,9.3775e-06,3.43636e-06,6.76726e-06,3.03976e-05
"FASYN-ELONG-PWY: fatty acid elongation -- saturated",0.000424523,0.00010022,0.00014575,0.000417071,0.000404673,0.000503781,9.79206e-05,0.000495678,0.000192454,0.000156837,0.000165601,0.000260792,0.000127204,0.000268584,8.69774e-05,1.56519e-05,0.000617973,0.000145787,0.000104844,0.000122947,0.000170394,0.000204205,0.00039055,8.48801e-05,0.000238473,0.000296266,0.000383766,0.000122445,0.000131802,8.31644e-05,0.000115765,0.000387299,0.000321966,0.000191255,9.92391e-05,0.00028398,0,0.000139398,0.000113811,0.00013938,2.21269e-05,0.000123818,0.000123632,9.79697e-05,0.000120891,6.56482e-05,8.23691e-05,0.000117296,0.000154851,0.000320421,0.000186543,0.000204236,0.00016134,0.000166292,9.58136e-05,5.29463e-05,0.000304518,0.000208046,4.2133e-05,5.75448e-05,2.08355e-05,0.000232038,9.84906e-05,0.000225429,5.89092e-05,5.40034e-05,0.0001251,0.000528934,7.60083e-05,0.000233133,0.000168792,6.22148e-05,0.000123772,0.000398393,5.04505e-05,0.000122932,4.87297e-05,0.000158092,6.10644e-05
"FASYN-INITIAL-PWY: superpathway of fatty acid biosynthesis initiation (E. coli)",0,4.70743e-06,0,0,0,9.00616e-05,2.45613e-06,0,0,0,1.38919e-06,0,1.01978e-06,0,0,1.38214e-06,9.83897e-06,0,3.56133e-06,3.4329e-06,6.84272e-06,1.70984e-06,0,0,0,0,0,0,1.13182e-05,0,0,2.48351e-06,0,0,0,0,0,5.80579e-06,0,0,0,2.70372e-06,3.10865e-06,1.20624e-05,1.76142e-06,0,6.53328e-06,4.34645e-06,0,0,0,0,8.57109e-06,0,1.14893e-05,1.48642e-06,0,0,0,1.49293e-06,2.27264e-06,0,0,0,2.04578e-05,4.35789e-06,0,6.07133e-05,0,9.83608e-05,8.22439e-06,0,9.60709e-07,0,9.07127e-06,5.50123e-06,2.03604e-06,3.60745e-06,0
"FERMENTATION-PWY: mixed acid fermentation",0.000212496,4.87482e-05,3.88826e-05,0.000226834,0.00045928,0.000433699,9.53292e-05,0.000475136,0.000106929,2.73374e-05,6.82046e-05,0.000169148,0.000120033,4.48834e-05,6.93232e-05,3.34538e-05,4.4031e-05,3.69978e-05,0.000138353,0.000110727,0.000139569,8.17831e-05,9.17389e-05,2.93471e-05,5.32583e-05,4.03176e-05,0.000197885,3.54626e-05,0.000119746,5.24256e-05,0.000119068,0.000161659,0.000207704,6.54315e-05,0.000133177,0.000218957,4.2743e-05,0.000124175,8.32299e-05,6.27598e-05,1.32896e-05,7.35019e-05,9.50558e-05,0.000112883,8.57779e-05,2.60221e-05,9.23704e-05,0.000169029,0.000106519,0.000132749,1.15504e-05,0.000147699,0.000142679,2.16298e-05,9.40126e-05,0.000141641,4.94673e-05,0.000142311,0.000149714,5.15686e-05,9.9118e-05,0.000141994,7.98368e-05,0.000151647,2.25596e-05,7.68271e-05,9.50694e-05,0.000323713,6.28031e-05,0.000187037,0.000109723,0.000117278,2.21961e-05,0.000285578,6.31835e-05,0.000144548,4.42527e-05,5.96961e-05,0.000447641
"FOLSYN-PWY: superpathway of tetrahydrofolate biosynthesis and salvage",2.73133e-05,0,5.93741e-06,9.43926e-05,0.000194371,6.95056e-05,0,3.73443e-06,2.4903e-05,4.78261e-06,0,6.0699e-05,3.71399e-05,2.09248e-05,0,0,0,2.79144e-06,3.18936e-06,1.8253e-06,7.72872e-06,3.24183e-05,3.45289e-05,0,5.32124e-06,0,0.000107724,0,1.91613e-05,0,2.54855e-05,8.02496e-05,0.000110416,3.41205e-05,1.86809e-05,0.000119083,0,5.96726e-06,3.82437e-05,1.05453e-05,0,1.07879e-05,5.53129e-05,7.4185e-06,5.12947e-06,6.1795e-06,7.18066e-06,1.27599e-05,8.02534e-06,5.06372e-05,0,3.73687e-05,1.9574e-05,7.71616e-06,0,1.88856e-06,8.45715e-06,5.48506e-05,0,1.37167e-05,0,0.00014911,1.26955e-06,3.76818e-05,0,8.9675e-06,2.53226e-05,0.000128962,4.55207e-06,5.72785e-05,1.57586e-05,0,9.93367e-07,8.17885e-05,4.57072e-06,1.29064e-06,0,8.98713e-06,6.35974e-05
"FUC-RHAMCAT-PWY: superpathway of fucose and rhamnose degradation",0.000159256,1.85961e-05,2.37833e-05,0.000147395,0.000272959,8.35148e-05,4.23313e-05,2.28704e-06,6.92811e-05,9.90559e-05,3.21446e-05,0.000108037,4.91856e-05,1.46921e-05,3.16573e-05,0,5.70179e-05,6.74236e-05,2.30016e-05,1.97493e-05,8.43057e-05,5.91145e-05,4.58425e-05,2.42706e-05,2.98693e-05,2.92473e-06,0.000202759,6.83792e-05,3.97918e-05,1.04671e-05,3.75073e-05,0.000163843,0.000140576,6.88354e-05,5.61145e-05,0.000117247,0,1.36513e-05,5.20561e-05,6.69992e-05,1.13297e-05,6.14849e-05,6.57536e-05,1.43675e-05,1.10269e-05,1.79438e-05,2.34678e-05,3.43989e-05,6.90039e-05,5.76344e-05,1.95141e-05,9.26539e-05,8.35259e-05,1.66192e-05,1.66705e-05,4.48668e-05,5.31992e-05,8.93398e-05,4.46355e-05,2.79183e-05,7.26966e-06,0.000122777,3.3165e-05,7.36152e-05,4.13242e-05,1.63671e-05,3.94619e-05,0.000141804,2.30786e-05,9.38848e-05,0.000110477,2.28804e-05,1.80535e-05,0.000183005,6.08291e-05,4.31263e-05,2.48159e-06,2.66691e-05,3.74443e-05
"FUCCAT-PWY: fucose degradation",0.00011286,1.58384e-05,1.32359e-05,0.000134662,0.000352201,4.69815e-05,3.24184e-05,2.34125e-06,5.54747e-05,6.58398e-05,2.11177e-05,9.10407e-05,2.8259e-05,7.38834e-06,8.89674e-05,0,4.01654e-05,3.80254e-05,1.75717e-05,9.26344e-06,7.272e-05,5.29367e-05,5.11535e-05,1.77141e-05,2.73316e-05,1.3106e-06,0.000159817,3.89815e-05,2.5617e-05,5.00079e-06,3.43335e-05,0.000119391,0.00012184,3.99997e-05,4.45205e-05,9.54021e-05,0,6.76696e-06,4.51615e-05,6.34693e-05,1.03437e-05,4.54092e-05,4.31159e-05,7.37733e-06,5.17949e-06,1.95268e-05,1.26948e-05,1.88294e-05,4.89046e-05,6.26624e-05,9.69238e-06,6.61225e-05,6.80389e-05,7.9736e-06,2.79802e-05,3.1047e-05,2.87416e-05,6.49549e-05,2.92653e-05,1.68136e-05,3.38633e-06,0.000101625,1.72882e-05,0.00010269,2.26905e-05,9.05738e-06,3.97117e-05,0.000191106,1.23186e-05,9.11226e-05,8.43479e-05,1.46573e-05,9.26441e-06,0.000227517,4.89115e-05,2.29098e-05,1.15035e-06,1.32473e-05,2.17428e-05
"GALACT-GLUCUROCAT-PWY: superpathway of hexuronide and hexuronate degradation",3.40056e-05,2.05456e-05,4.56665e-05,0.000106835,0.000159525,2.06138e-05,4.1019e-05,3.27385e-06,0.000116191,8.6243e-05,1.75254e-05,0.00010737,6.6613e-05,1.93336e-05,2.48035e-05,1.84066e-05,1.64252e-05,3.10891e-05,6.26675e-05,2.35194e-05,5.17967e-05,6.27635e-05,5.24893e-05,5.33796e-05,4.25599e-05,8.5454e-05,8.19372e-05,1.70559e-05,2.70454e-05,6.40333e-05,5.21595e-05,9.11078e-05,0.000122056,5.20967e-05,9.59849e-05,0.000108003,6.14122e-06,6.03373e-05,7.04885e-05,6.11255e-05,1.57831e-05,3.75417e-05,7.39747e-05,5.42052e-05,4.13655e-05,5.19352e-05,5.1904e-05,6.39209e-05,7.44745e-05,5.51817e-05,1.90575e-05,6.17856e-05,0.000125733,5.06481e-05,3.43257e-05,3.43652e-05,6.44825e-05,6.72364e-05,2.16675e-05,5.06837e-05,1.18026e-05,6.81576e-05,4.0474e-05,3.72043e-05,2.7449e-05,5.63176e-05,5.53066e-05,0.000194007,3.76273e-05,0.00013182,9.641e-05,5.74947e-05,3.80732e-05,0.000128831,0.000112075,5.83968e-05,4.84045e-06,7.32093e-05,1.6639e-05
"GALACTARDEG-PWY: D-galactarate degradation I",0.000103965,2.3782e-06,1.93387e-05,0.000197247,0.000442425,0.000323951,0,0.000371955,4.12636e-05,2.09701e-06,4.22376e-06,0.000103581,1.27804e-05,1.29431e-05,5.71484e-06,2.68614e-06,2.55543e-06,7.26136e-06,1.07655e-05,5.67083e-06,1.9432e-05,3.66286e-05,5.04367e-05,7.82829e-06,6.10551e-06,1.48392e-06,0.000266289,4.59316e-06,3.20195e-06,1.12275e-06,4.42583e-05,0.000140771,0.000211799,2.25147e-05,3.14662e-05,0.000174469,1.54981e-06,7.75016e-06,4.00618e-05,1.13068e-05,0,0,2.57156e-05,0,3.05476e-06,2.39101e-05,0,1.05687e-05,3.88831e-05,6.26917e-05,2.65562e-06,7.13279e-05,4.91176e-05,2.65479e-06,0,4.6939e-07,3.34616e-05,5.62775e-05,0,3.52076e-06,0,9.86113e-05,6.31024e-06,7.56534e-05,3.71314e-06,1.20031e-05,2.55528e-05,0.000242767,8.03243e-06,0.000117036,3.86237e-05,1.54372e-05,1.27352e-06,0.000245355,3.29472e-05,5.22849e-06,1.24173e-06,2.64175e-05,3.13017e-05
"GALACTITOLCAT-PWY: galactitol degradation",1.9341e-05,0,9.30876e-06,0.000122092,0,1.4496e-05,0,5.01605e-07,2.46769e-05,0,0,7.15138e-05,5.37907e-06,0,0,0,0,1.81062e-06,5.31946e-06,0,8.6516e-06,1.56233e-05,2.08203e-05,0,0,0,0.000106091,0,0,0,5.32776e-06,8.98083e-05,0.000125961,2.32168e-05,1.67488e-05,0.000110836,0,5.15014e-06,2.03218e-05,7.08987e-06,0,0,1.43893e-05,0,0,4.39401e-06,0,2.8781e-06,5.21788e-06,4.45392e-05,0,2.74141e-06,2.78037e-05,0,0,0,1.44512e-05,4.28392e-06,0,1.52666e-06,0,6.39334e-05,2.4388e-06,2.98933e-05,0,0,1.74656e-05,0.000116791,1.33956e-06,5.00837e-05,1.04267e-05,0,0,0.000119853,3.32802e-06,1.03844e-06,0,0,1.92315e-06
"GALACTUROCAT-PWY: D-galacturonate degradation I",4.59496e-05,2.19425e-05,4.50151e-05,0.000180978,0.000173623,2.21793e-05,9.85092e-05,1.0911e-05,0.000113646,7.08844e-05,3.78968e-05,0.000118792,9.45543e-05,3.06349e-05,6.48894e-05,5.92315e-05,4.37554e-05,3.95014e-05,8.39091e-05,3.42388e-05,8.11861e-05,5.58762e-05,6.3751e-05,4.72921e-05,0.000108882,9.24788e-05,6.42441e-05,3.32711e-05,7.58887e-05,9.4114e-05,5.75631e-05,8.69966e-05,0.000107164,4.76515e-05,9.62861e-05,0.000114564,2.72435e-05,0.000172404,7.70183e-05,0.000124038,1.63202e-05,4.60254e-05,7.42439e-05,6.37347e-05,6.69233e-05,5.86167e-05,6.05494e-05,0.000144796,6.70193e-05,6.56734e-05,2.36046e-05,9.4306e-05,0.000133432,7.80914e-05,9.34363e-05,5.54022e-05,9.3967e-05,9.0663e-05,4.6166e-05,8.31857e-05,8.68683e-05,7.56196e-05,7.00047e-05,4.41868e-05,3.97942e-05,6.26854e-05,5.13773e-05,0.000239404,7.26632e-05,0.000163063,0.000103213,6.96413e-05,3.74821e-05,0.000146009,9.67358e-05,0.000153046,4.70541e-05,0.000110645,2.43358e-05
"GLCMANNANAUT-PWY: superpathway of N-acetylglucosamine, N-acetylmannosamine and N-acetylneuraminate degradation",0.000116859,4.12101e-05,3.05828e-05,0.000175527,0.000261391,0.000401463,0.000123851,0.000472014,0.000170216,5.38387e-05,6.16093e-05,0.000164318,0.000112301,4.7048e-05,8.18171e-05,8.41091e-05,7.08686e-05,6.4232e-05,0.000119778,9.46709e-05,7.57652e-05,7.93055e-05,6.54357e-05,9.74692e-06,0.00014687,8.26228e-05,0.000264787,4.80662e-05,0.000141595,6.63337e-05,6.22215e-05,0.000227207,0.000197946,5.43615e-05,0.000152312,0.000176309,2.98992e-05,0.000184633,0.000377801,0.000121782,2.07127e-05,6.8241e-05,0.000203389,0.000133752,0.000143406,2.69287e-05,0.000122318,0.000181212,8.58556e-05,0.000111663,1.55646e-05,0.000158147,0.000111986,0.000103946,9.35951e-05,8.56338e-05,5.2162e-05,0.000180408,6.60685e-05,4.88433e-05,0.000109981,0.000338522,0.000121793,8.73073e-05,0.00011366,9.57335e-05,0.000128516,0.000229559,0.000109942,0.00025789,9.33462e-05,9.0851e-05,4.04966e-05,0.000210332,0.000104351,0.000220944,6.22295e-05,0.000149001,6.24356e-05
"GLUCARDEG-PWY: D-glucarate degradation I",9.28845e-05,2.01076e-06,8.44794e-06,0.000166644,0.000286319,0.000292235,0,0.000353042,2.2543e-05,2.03762e-06,2.29857e-06,4.74631e-05,1.06846e-05,1.01892e-05,3.84527e-06,1.10047e-06,1.33775e-06,1.53904e-06,2.60102e-06,8.88494e-07,1.36945e-05,2.69371e-05,4.16563e-05,3.25454e-06,1.33168e-06,1.2132e-06,0.000124441,2.87753e-06,1.73739e-06,0,3.1019e-05,7.11249e-05,0.000102478,1.97902e-05,2.43914e-05,0.000158487,0,5.76175e-06,3.33282e-05,8.55956e-06,0,0,1.99123e-05,0,2.32399e-06,1.05782e-05,0,6.65423e-06,2.75467e-05,5.09216e-05,2.47652e-06,5.14923e-05,3.38859e-05,2.40021e-06,0,4.50931e-07,7.17775e-06,4.12733e-05,0,1.61804e-06,0,9.02711e-05,3.99142e-06,4.25761e-05,0,8.02576e-06,1.71959e-05,0.000138448,4.46133e-06,6.73692e-05,2.23806e-05,8.72863e-06,9.63504e-07,0.000136846,8.28132e-06,4.42677e-06,1.1129e-06,7.50186e-06,9.16665e-06
"GLUCARGALACTSUPER-PWY: superpathway of D-glucarate and D-galactarate degradation",0.000103965,2.3782e-06,1.93387e-05,0.000197247,0.000442425,0.000323951,0,0.000371955,4.12636e-05,2.09701e-06,4.22376e-06,0.000103581,1.27804e-05,1.29431e-05,5.71484e-06,2.68614e-06,2.55543e-06,7.26136e-06,1.07655e-05,5.67083e-06,1.9432e-05,3.66286e-05,5.04367e-05,7.82829e-06,6.10551e-06,1.48392e-06,0.000266289,4.59316e-06,3.20195e-06,1.12275e-06,4.42583e-05,0.000140771,0.000211799,2.25147e-05,3.14662e-05,0.000174469,1.54981e-06,7.75016e-06,4.00618e-05,1.13068e-05,0,0,2.57156e-05,0,3.05476e-06,2.39101e-05,0,1.05687e-05,3.88831e-05,6.26917e-05,2.65562e-06,7.13279e-05,4.91176e-05,2.65479e-06,0,4.6939e-07,3.34616e-05,5.62775e-05,0,3.52076e-06,0,9.86113e-05,6.31024e-06,7.56534e-05,3.71314e-06,1.20031e-05,2.55528e-05,0.000242767,8.03243e-06,0.000117036,3.86237e-05,1.54372e-05,1.27352e-06,0.000245355,3.29472e-05,5.22849e-06,1.24173e-06,2.64175e-05,3.13017e-05
"GLUCONEO-PWY: gluconeogenesis I",0.000330779,0.000193176,0.000223304,0.000298335,0.000392238,0.00043281,9.00822e-05,0.000471938,0.000215087,0.000127242,0.000101903,0.000291915,0.000115674,0.00025896,0.000199524,3.25933e-05,9.11338e-05,0.000249557,0.000245718,0.00016124,0.000167898,0.000162536,0.000176636,0.000259051,0.000165722,9.22527e-05,0.00022527,0.000151139,0.000268602,0.00012662,0.00025918,0.000251998,0.00025666,0.000227747,0.000185386,0.000243536,0.00012398,0.000150752,0.000135751,0.000239742,0.000134179,0.000149875,0.000165843,0.000254828,0.00011088,0.000104066,0.000239545,0.000175604,0.000260837,0.000320015,0.000108531,0.000294857,0.000253129,0.000300886,0.000286214,0.000154997,0.000252643,0.000292817,0.000217589,0.000235663,0.000142463,0.000236471,0.000123642,0.000166282,0.00039827,0.000140229,0.000223697,0.000361501,0.000138767,0.000273439,0.000190604,9.39725e-05,9.69863e-05,0.000324109,0.000155394,0.000145157,0.000223339,0.000154059,0.000242261
"GLUCOSE1PMETAB-PWY: glucose and glucose-1-phosphate degradation",0.00019951,4.90648e-05,6.79329e-05,0.000222705,0.000417007,0.000501836,0,0.000440119,0.000212643,0.000207483,5.61718e-05,0.000169319,0.000160401,0.000194545,0.000148387,0.000221016,6.66976e-05,0.000174658,0.000130179,0,0.00010673,7.07305e-05,5.06239e-05,0,8.31162e-05,5.76695e-05,0.000216936,0,0,0,0.000386776,0.000228287,0.000200355,0.000120431,0.000150981,0.000259,0,0.000148685,0.000192599,0.000163034,0,0.00011303,0.000168135,0.000234848,9.51321e-05,0.000406141,0.000268997,0.000134255,8.47506e-05,0.000124149,4.32726e-05,0.000145591,0.000135363,0.000117259,0.000168509,0.00010656,4.51855e-05,0.000164016,0,7.49351e-05,0,0.000408217,9.29367e-05,8.6486e-05,0,8.00707e-05,0.000143638,0.000370924,7.69034e-05,0.000376585,0.000103131,0.000123583,0.000142762,0.00023248,6.80217e-05,0.000205251,0.000285902,6.22186e-05,0.000564933
"GLUCUROCAT-PWY: superpathway of &beta;-D-glucuronosides degradation",4.56762e-05,2.6688e-05,5.48615e-05,0.000232674,0.00019039,1.7794e-05,0.000155526,3.57197e-06,0.000159807,0.000118495,8.74268e-05,0.000155297,9.92621e-05,2.73576e-05,7.03836e-05,4.84072e-05,7.76186e-05,6.31805e-05,0.000115972,7.64292e-05,9.10049e-05,7.27744e-05,6.23356e-05,5.83478e-05,0.000128414,0.000107946,7.51867e-05,5.83535e-05,0.000127954,0.000104833,7.94923e-05,9.93846e-05,0.000124059,6.52004e-05,0.000165271,0.000122382,5.15136e-05,0.000166283,7.88404e-05,0.000151104,3.0399e-05,5.31662e-05,8.54156e-05,0.000133187,0.000131969,7.62324e-05,0.000126237,0.000155711,0.000104446,6.66603e-05,2.92522e-05,7.1687e-05,0.000148379,9.02991e-05,8.52545e-05,7.56482e-05,0.00012378,7.57189e-05,6.22116e-05,8.35601e-05,0.000105854,7.84419e-05,0.000124007,4.86899e-05,4.56773e-05,7.87538e-05,0.000104531,0.000239404,0.000154773,0.000151285,9.84115e-05,9.94075e-05,4.37699e-05,0.000147509,0.000140586,0.000179454,7.12e-05,0.000107521,2.08298e-05
"GLUDEG-I-PWY: GABA shunt",0.000159333,5.06411e-06,2.06801e-05,7.84395e-06,5.9627e-05,7.45914e-06,6.61711e-06,1.21074e-07,3.34071e-05,7.93163e-05,1.4726e-05,7.66307e-05,2.85512e-05,1.95461e-05,7.05856e-05,0,4.5294e-06,6.52275e-05,4.41491e-06,1.70604e-06,6.33776e-05,8.49017e-05,4.43147e-05,3.04316e-06,4.15924e-05,5.23502e-06,0.000149724,7.22688e-05,5.65855e-05,3.22463e-06,4.96934e-05,8.1815e-05,6.67021e-05,6.71515e-05,3.31169e-05,0.000117383,0,1.13694e-05,3.08773e-05,0.000101348,1.93869e-06,2.69702e-05,3.82053e-05,4.67981e-06,1.00108e-05,8.07789e-06,5.13358e-06,1.98153e-05,5.84328e-05,3.97914e-05,1.94083e-06,6.78675e-05,8.15441e-05,0,6.26476e-06,1.52636e-05,1.091e-05,5.91258e-05,7.47408e-06,1.11655e-05,6.62355e-06,4.32982e-05,7.05668e-05,2.61343e-05,3.00704e-05,1.45743e-05,2.96832e-05,4.17543e-05,1.70221e-05,6.63102e-05,3.36984e-05,2.06294e-05,4.47326e-06,2.03413e-05,9.0626e-06,7.98221e-05,6.78323e-06,2.42711e-05,9.08375e-06
"GLUTORN-PWY: L-ornithine biosynthesis I",0.000253762,0.000251303,0.000162452,0.000297486,0.000337483,0.00048893,0.000355311,0.000517871,0.000381805,0.000271347,0.000176507,0.000286656,0.000329991,0.000102623,0.000416145,0.000221483,0.000480013,0.000253843,0.000449991,0.000205741,0.000315959,0.000192366,0.000243442,0.000148531,0.000317308,0.000261188,0.00028105,0.00026112,0.000417991,0.000303118,0.000173656,0.00026946,0.000258787,0.000115119,0.000312019,0.000213173,0.000217622,0.000515848,0.000236219,0.000366199,0.000159758,0.000249766,0.000321488,0.00046451,0.000339424,0.000203699,0.000436239,0.000449778,0.000195641,0.000168192,0.000139096,0.000288016,0.000274865,0.000252992,0.000449547,0.00034842,0.000120869,0.000320335,0.000296047,0.0002701,0.000508604,0.000301862,0.000315073,0.000231224,0.000250645,0.000378363,0.000291971,0.000343775,0.000281307,0.000443108,0.000295119,0.000283381,0.000239069,0.00033935,0.000204952,0.000483783,0.00029284,0.000308818,0.000501021
"GLYCOCAT-PWY: glycogen degradation I",0.000220165,7.63402e-05,0.00011657,0.000185518,0.00020028,0.000394039,0.000126592,0.000414423,0.000149214,6.42745e-05,0.000128821,8.72521e-05,4.294e-05,0.000146762,0.000146371,1.38712e-05,0.00013171,6.9382e-05,8.346e-05,0.000147284,0.000217235,0.000143211,0.000124255,0.0001067,0.000174436,0.000135729,9.50623e-05,5.99651e-05,0.000119512,0.000123919,2.94584e-05,5.0717e-05,5.59958e-05,5.34321e-05,8.22735e-05,0.000100304,2.95432e-05,3.39868e-05,9.06299e-05,0.000158635,1.05834e-05,0.000157019,0.000117963,4.84717e-05,0.000209128,7.63305e-05,4.83726e-05,4.70736e-05,0.000105015,0.000101236,0.000122052,9.26128e-05,0.00014761,0.000135005,8.08559e-05,0.000198865,0.000100016,7.48381e-05,0.00017982,6.81085e-05,2.44115e-05,8.66739e-05,0.000106001,5.91993e-05,0.000173431,4.07939e-05,0.000120479,0.000168618,0.000120881,9.48585e-05,0.000119055,2.33425e-05,0.000195033,0.000161475,0.000190852,7.22719e-05,2.65791e-06,9.49813e-05,6.85613e-05
"GLYCOGENSYNTH-PWY: glycogen biosynthesis I (from ADP-D-Glucose)",0.000221656,0.000426737,0.000201258,0.000243985,0.000358398,0.000469418,0.000592596,0.000466791,0.000416846,0.000383808,0.000231204,0.00035575,0.000456123,0.000175617,0.000511194,0.000172184,0.000263133,0.000230242,0.000594616,0.000187472,0.000515876,0.000308219,0.000236159,0.000141214,0.000384566,0.000245808,0.000321004,0.00021918,0.000519962,0.000460826,0.000172225,0.00038655,0.000347142,0.000183204,0.000467963,0.000304809,0.000207073,0.000594005,0.000440187,0.000501223,0.000144727,0.000446585,0.000533066,0.000515623,0.000475347,0.000194897,0.000538262,0.000588854,0.000191369,0.000246278,7.80024e-05,0.000366505,0.00038324,0.000384528,0.0004271,0.000580589,0.000111921,0.000421356,0.000522364,0.000337265,0.000513538,0.000646752,0.000532513,0.000527612,0.000297541,0.000664868,0.000400674,0.000315989,0.000434518,0.000458903,0.000195556,0.000309126,0.000266064,0.000332692,0.000228693,0.000681874,0.000348463,0.00036246,0.000713848
"GLYCOL-GLYOXDEG-PWY: superpathway of glycol metabolism and degradation",1.24941e-05,0,0,4.76785e-05,8.07394e-05,1.00074e-05,0,1.54231e-07,5.52178e-06,0,5.84336e-07,1.65694e-05,8.3678e-07,6.72862e-07,0,0,0,8.54146e-07,8.51716e-07,0,1.12941e-05,7.97577e-06,1.06325e-06,0,2.05106e-07,2.93763e-07,1.3713e-05,0,0,0,4.31981e-06,1.78987e-05,2.69036e-05,1.4977e-06,3.59333e-06,2.48882e-05,0,4.0953e-07,1.54889e-06,4.4099e-07,0,7.96948e-07,6.79211e-06,0,0,1.05829e-06,0,1.22856e-06,4.12964e-06,8.39933e-06,1.46951e-07,1.82173e-06,4.18946e-06,0,0,7.27371e-07,1.97291e-06,8.51671e-07,9.22858e-07,1.57254e-06,4.40817e-07,7.83896e-06,1.21748e-06,5.97754e-06,0,8.26505e-07,1.71637e-05,5.88775e-05,5.2933e-07,8.68709e-06,3.80187e-06,0,0,7.28164e-05,8.92378e-07,7.26718e-07,1.74778e-06,1.54842e-06,1.20814e-06
"GLYCOLYSIS-E-D: superpathway of glycolysis and the Entner-Doudoroff pathway",0.000110773,0.000116315,0.000113415,0.000343034,0.000336545,0.000335442,6.81611e-05,0.000330703,0.000137629,5.74393e-05,7.61104e-05,0.000201543,9.19399e-05,0.000106692,8.1776e-05,2.14418e-05,6.6234e-05,0.00011062,0.000133855,0.000111803,0.000108552,0.000108846,0.000128897,0.000122549,0.000101237,6.9212e-05,0.000192045,7.9568e-05,0.000172785,7.24283e-05,9.05354e-05,0.00018747,0.000241549,0.000107441,0.000113558,0.000205853,4.70827e-05,9.21102e-05,9.25653e-05,7.17237e-05,4.03203e-05,7.48899e-05,0.000108643,0.000137676,8.57171e-05,5.86051e-05,0.000134161,0.000110254,0.000215886,0.000191039,5.01474e-05,0.000143421,0.000172686,0.000162299,8.54555e-05,0.000103105,0.000150256,0.000142095,0.000118309,0.000109114,2.56201e-05,0.000134069,9.47461e-05,9.70791e-05,0.000164103,4.58361e-05,0.000119901,0.000322587,9.60186e-05,0.000232495,0.000131155,4.39957e-05,6.75185e-05,0.00022785,0.000114768,8.92572e-05,3.8777e-05,9.77133e-05,5.13425e-05
"GLYCOLYSIS-TCA-GLYOX-BYPASS: superpathway of glycolysis, pyruvate dehydrogenase, TCA, and glyoxylate bypass",2.19759e-05,0,1.18175e-06,8.68011e-05,6.02465e-05,0.000113942,0,4.14097e-06,1.96992e-06,0,0,5.15908e-05,6.14379e-06,0,0,0,0,0,5.775e-07,0,1.71568e-05,1.78208e-05,1.0504e-05,0,1.12774e-06,0,0.000140175,0,0,0,7.51663e-06,4.0907e-05,2.62019e-05,1.80916e-06,1.65688e-06,3.74689e-05,0,7.24777e-07,2.27922e-06,1.64913e-06,0,0,6.3385e-06,0,0,6.22714e-06,0,1.44295e-06,1.39843e-05,7.48011e-06,0,3.43464e-05,2.0544e-06,0,0,0,7.08576e-06,3.42424e-05,0,0,0,2.05746e-05,1.07231e-06,2.06723e-05,0,1.87096e-06,1.50562e-06,4.5661e-05,6.54826e-07,1.53708e-05,9.49752e-07,0,0,0.000196484,1.17876e-06,0,0,1.24975e-06,1.18306e-06
"GLYCOLYSIS: glycolysis I (from glucose 6-phosphate)",0.000367111,0.000230214,0.000208835,0.000429279,0.000473039,0.000395475,0.000307206,0.000401984,0.000209898,9.4981e-05,0.000306065,0.000307136,0.000190797,0.000355644,0.000171639,0.000140112,0.000229575,0.000173079,0.00021037,0.000336708,0.000145712,0.00017924,0.000201571,0.00042067,0.000258606,0.000369814,0.000348206,0.000130178,0.000293625,0.000112865,0.0001805,0.000288091,0.000315234,0.000216675,0.000151022,0.000284709,8.37841e-05,0.000163666,0.000230894,0.000243736,8.18401e-05,0.000108293,0.000203942,0.000246709,0.000407356,0.000221464,0.000220242,0.000163946,0.000328647,0.000302505,0.000284648,0.000293372,0.00024961,0.000264183,0.000286132,0.000231696,0.000212958,0.000297502,0.000209548,0.00019848,0.000102528,0.000260257,0.000282358,0.000248026,0.000365321,0.000104108,0.000213508,0.000408462,0.000320993,0.000364153,0.000226418,0.000201791,0.000260488,0.000364069,0.000447128,0.00012472,0.000159066,0.000207917,0.000279815
"GLYOXYLATE-BYPASS: glyoxylate cycle",0.000116568,3.09273e-06,1.01013e-05,0.000161435,0.000346499,0.000291534,0,0.000383557,4.95245e-05,0,3.59913e-06,7.36792e-05,3.69145e-05,1.02518e-05,0,0,1.49195e-06,2.02246e-06,1.07736e-05,2.3417e-07,2.44897e-05,3.31051e-05,3.47952e-05,0,9.63487e-06,3.97482e-07,0.000187245,0,2.26444e-06,0,4.38661e-05,9.03096e-05,0.000134939,2.3936e-05,4.82605e-05,0.000129198,0,1.02481e-05,2.9135e-05,1.45521e-05,0,4.42707e-06,2.65618e-05,0,6.00035e-07,6.73689e-06,0,2.99678e-05,3.47282e-05,8.70825e-05,4.16841e-07,5.40807e-05,5.43139e-05,2.12528e-06,0,1.35796e-06,1.37476e-05,4.32441e-05,9.87176e-07,1.91364e-06,1.23302e-06,6.05918e-05,3.20256e-06,6.25719e-05,0,7.45567e-06,2.66187e-05,0.000191588,8.51293e-06,0.000101865,4.23183e-05,8.94644e-06,0,0.000225986,1.0982e-05,6.71566e-06,6.17465e-06,1.31846e-05,4.06341e-05
"GOLPDLCAT-PWY: superpathway of glycerol degradation to 1,3-propanediol",0.000148972,0,4.81009e-06,3.18125e-05,5.92272e-05,6.59974e-06,0,0,1.64182e-05,4.13062e-05,1.31848e-06,1.2621e-05,4.97673e-05,9.10446e-06,5.9143e-06,3.10975e-06,3.96753e-06,4.75135e-06,1.57658e-06,7.35015e-06,3.53127e-05,2.92844e-06,2.21952e-05,1.06181e-06,8.53507e-06,1.78599e-06,2.59502e-05,3.56611e-06,6.90531e-06,3.3051e-06,2.99077e-06,3.41767e-05,1.42382e-05,9.90039e-06,8.1247e-06,3.69859e-05,0,4.51873e-06,2.7522e-05,1.20087e-06,0,1.12171e-05,1.59705e-05,1.27022e-05,5.05765e-06,1.07715e-05,1.7148e-05,5.06943e-06,4.19432e-05,2.78947e-06,6.66199e-06,6.26593e-05,9.66287e-06,1.89929e-05,0,1.30306e-05,2.46109e-05,5.54712e-05,8.37848e-06,3.16232e-06,2.57429e-06,7.29062e-05,7.94941e-07,1.11899e-05,5.93341e-06,3.75261e-06,7.90399e-06,2.68088e-05,7.24316e-06,1.23097e-05,1.37973e-05,4.34753e-06,1.42163e-06,0.00010879,2.09456e-05,7.22177e-06,0,1.85258e-05,2.95468e-05
"HCAMHPDEG-PWY: 3-phenylpropanoate and 3-(3-hydroxyphenyl)propanoate degradation to 2-hydroxypentadienoate",4.52944e-05,0,3.77253e-06,8.11951e-05,0.000217275,2.73541e-05,0,3.5813e-07,7.03982e-07,0,0,3.40228e-05,2.46092e-07,0,0,0,0,0,0,0,1.22182e-06,1.31823e-05,1.4617e-05,0,0,0,0.00013449,0,0,0,2.63231e-05,0,1.16173e-06,1.78965e-05,8.21867e-06,6.45482e-05,0,1.49206e-06,1.27483e-05,3.50105e-06,0,5.72915e-07,1.01509e-05,0,0,3.14113e-06,0,4.66666e-06,1.16396e-05,2.59138e-05,0,2.13547e-05,1.34496e-05,0,0,0,0,1.61419e-05,0,6.69999e-07,0,2.64451e-05,0,2.29746e-05,0,5.21213e-06,8.13683e-06,0.000102739,2.32577e-06,6.20605e-05,7.90557e-06,0,0,9.40085e-05,2.2377e-06,1.93074e-06,0,1.11579e-05,9.72712e-06
"HEME-BIOSYNTHESIS-II-1: heme b biosynthesis V (aerobic)",7.0188e-05,2.81999e-06,1.00356e-05,0.000135564,0.000269524,0.000280206,0,0.000333381,3.50264e-05,0,1.14534e-06,5.89637e-05,1.89467e-05,1.00971e-05,0,0,0,0,5.47635e-06,2.98962e-07,1.59297e-05,1.86201e-05,5.27843e-05,0,8.06821e-06,0,0.000186117,0,0,0,2.23946e-05,8.99865e-05,0.000119382,1.63679e-05,3.42206e-05,0.00012403,0,9.1029e-06,3.35868e-05,6.7549e-06,0,2.22948e-06,1.9699e-05,3.21951e-06,0,5.53093e-06,1.45282e-06,1.59092e-05,2.50098e-05,9.88357e-05,0,5.35933e-05,2.00618e-05,0,0,5.6942e-07,1.07727e-05,4.42475e-05,1.63319e-06,2.96972e-06,2.19623e-06,7.10899e-05,4.49399e-06,5.12445e-05,0,3.41912e-06,1.97933e-05,0.00024019,1.09428e-05,7.03707e-05,2.01952e-05,4.2682e-06,0,0.000139736,4.03757e-06,3.78976e-06,1.18035e-06,1.00932e-05,2.73665e-05
"HEME-BIOSYNTHESIS-II: heme b biosynthesis I (aerobic)",7.0188e-05,3.0553e-05,2.08312e-05,0.000135564,0.000262815,0.000269279,1.97052e-06,0.000283324,3.75783e-05,2.58972e-06,2.113e-05,5.89637e-05,1.89467e-05,1.67982e-05,4.40548e-06,9.9833e-06,0,1.12179e-05,8.95816e-06,7.16788e-07,2.65711e-05,2.59178e-05,5.27843e-05,3.11393e-06,8.06821e-06,4.52305e-06,0.000186117,8.61744e-06,8.74407e-06,0,2.09961e-05,8.99865e-05,0.000119382,2.57011e-05,3.42206e-05,0.00012403,4.56739e-06,9.1029e-06,3.35868e-05,8.38693e-06,1.86711e-06,2.6005e-06,2.31606e-05,3.43612e-05,3.32617e-06,7.93297e-06,2.87131e-05,3.059e-05,3.4577e-05,0.00019532,4.77702e-06,5.35933e-05,2.20015e-05,1.50464e-05,0,1.15536e-05,1.90791e-05,4.42475e-05,5.89462e-06,1.15326e-05,2.24632e-06,7.10899e-05,1.76252e-05,5.12445e-05,1.54089e-05,3.41912e-06,1.97933e-05,0.000206806,3.30176e-05,7.03707e-05,2.0861e-05,8.05633e-06,2.20552e-06,0.000139736,4.03757e-06,3.15698e-06,1.18035e-06,1.00932e-05,4.915e-05
"HEMESYN2-PWY: heme b biosynthesis II (oxygen-independent)",0.000107194,3.44404e-05,2.13499e-05,0.000136786,0.000323755,0.000324521,8.5905e-06,0.000482092,5.25168e-05,2.59365e-06,2.61738e-05,6.76314e-05,2.70041e-05,1.72235e-05,1.03933e-05,3.17051e-05,5.31953e-06,1.25716e-05,2.10802e-05,2.43451e-05,2.74314e-05,1.97082e-05,5.568e-05,3.2347e-06,2.17282e-05,2.86312e-05,0.000200294,9.16237e-06,1.97356e-05,5.37883e-06,3.48744e-05,0.000101814,0.000140134,3.40269e-05,4.70494e-05,0.000131627,4.57194e-06,3.11658e-05,5.87554e-05,1.53462e-05,2.19346e-06,3.03005e-06,2.83803e-05,4.08649e-05,1.77082e-05,2.75314e-05,3.32588e-05,6.88373e-05,4.07779e-05,0.000160756,5.30128e-06,7.04368e-05,4.37885e-05,1.57092e-05,3.48346e-05,1.23347e-05,2.37984e-05,6.61919e-05,6.29534e-06,1.22369e-05,4.30069e-06,7.53632e-05,2.29325e-05,5.07911e-05,1.61859e-05,4.11042e-06,3.07922e-05,0.000266083,4.04616e-05,0.000111138,3.3546e-05,1.07222e-05,1.03755e-05,0.00015511,8.46813e-06,1.79236e-05,7.32032e-06,2.39216e-05,5.96968e-05
"HEXITOLDEGSUPER-PWY: superpathway of hexitol degradation (bacteria)",5.68062e-05,0,2.57602e-05,0.000225309,0,4.60091e-05,0,1.74945e-06,5.74417e-05,0,0,0.000135812,1.51979e-05,0,0,0,0,5.71049e-06,1.60987e-05,0,2.42467e-05,4.12817e-05,5.59117e-05,0,0,0,0.000178515,0,0,0,1.65543e-05,0.000155824,0.000197927,5.01172e-05,4.11346e-05,0.000180789,0,1.49399e-05,4.62515e-05,1.9558e-05,0,0,3.60958e-05,0,0,1.27638e-05,0,8.99554e-06,1.63429e-05,9.78058e-05,0,9.21886e-06,6.39348e-05,0,0,0,3.72916e-05,1.40365e-05,0,5.05613e-06,0,0.000121331,7.75307e-06,6.94792e-05,0,0,4.34405e-05,0.000186571,4.41238e-06,0.000116608,2.93573e-05,0,0,0.000209646,9.44031e-06,3.44352e-06,0,0,6.42652e-06
"HISDEG-PWY: L-histidine degradation I",0.000287455,0.000220494,0.000511955,0.00015599,1.88693e-05,0.000237899,0.000218218,0.000262853,0.000196145,0.000523745,0.000431458,0.000251626,0.000109655,0.000312733,0.000263416,9.66384e-05,0.000577652,0.000296527,0.000319451,0.000403407,0.000263683,0.000289031,0.00031441,0.000428605,0.000355416,0.000488084,0.000168495,0.000300516,0.000286497,0.000337217,0.000107476,0.000245246,0.000180693,0.000224059,0.0002332,0.000138883,3.21841e-05,0.00034166,0.000418281,0.000222747,0.000139688,0.000271159,0.000268477,0.000208866,0.000392704,9.19856e-05,0.000213808,0.000191279,0.000362625,0.000476441,0.000638985,0.000204144,0.000192896,0.000399802,0.000154219,0.000293856,0.000630979,0.000187738,0.000234268,0.000223994,0.00010984,0.000119719,0.00030987,0.000310786,0.000263503,0.000442163,0.000175889,1.5247e-05,0.000349191,0.000114778,0.000220549,0.000133952,0.000257773,7.49053e-05,0.000474603,0.000170494,0.000138996,0.000297211,5.09454e-05
"HISTSYN-PWY: L-histidine biosynthesis",0.000346999,0.000356786,0.000279016,0.000313916,0.000293553,0.000348218,0.000453595,0.000300131,0.000374667,0.000277366,0.000367204,0.000290137,0.000273988,0.000335842,0.000402821,0.000503116,0.000600531,0.00039024,0.000426226,0.00047543,0.000393713,0.000268155,0.000308747,0.000391587,0.00041806,0.000461119,0.000266644,0.000397923,0.000445652,0.00030492,0.000259085,0.000323176,0.00024061,0.000258403,0.000314146,0.00022544,0.000827813,0.000486394,0.000385227,0.000423463,0.000398142,0.000322572,0.000400536,0.000484046,0.000537491,0.000343075,0.000447829,0.000431812,0.000402398,0.000164505,0.000395391,0.000302312,0.000333593,0.000419762,0.000396036,0.000466385,0.000485427,0.000340637,0.000382365,0.00035443,0.000422531,0.000329289,0.000361913,0.00027504,0.000448136,0.000340729,0.000359867,0.00032045,0.000342854,0.000415338,0.000414945,0.000309912,0.000349875,0.000267665,0.000495263,0.00050268,0.000326291,0.000343813,0.00066661
"HOMOSER-METSYN-PWY: L-methionine biosynthesis I",7.51974e-05,0,8.72209e-06,0.000150688,0.000317944,0.000367138,0,0.000470397,4.73373e-05,2.35686e-05,2.08106e-06,7.65703e-05,1.98894e-05,4.63621e-06,2.96328e-06,0,1.9439e-06,0,6.22632e-06,0,2.94549e-05,3.56595e-05,4.43728e-05,0,4.18391e-06,0,0.000148191,0,4.46366e-06,8.65108e-07,3.69077e-05,0.000117527,0.000156848,2.0122e-05,2.73935e-05,0.000159662,0,8.09518e-06,3.09443e-05,9.20305e-06,0,2.67837e-06,2.60248e-05,1.0058e-06,0,8.11995e-06,3.0677e-06,7.30061e-06,2.15136e-05,6.65154e-05,3.62787e-07,7.7316e-05,2.65079e-05,2.45753e-06,0,2.10519e-06,1.47962e-05,6.67392e-05,0,1.1566e-06,0,0.000100656,1.44064e-06,4.6062e-05,0,7.15265e-06,2.39586e-05,0.000255742,6.64044e-06,8.39454e-05,2.55113e-05,9.05907e-06,8.4302e-07,0.000197267,3.03725e-06,5.20175e-06,0,1.15354e-05,1.8402e-05
"HSERMETANA-PWY: L-methionine biosynthesis III",0.000292931,0.000342361,0.000156126,0.000266741,7.3715e-05,0.000144898,0.000232969,4.1274e-06,0.000231613,0.000239884,0.000145434,0.000260262,0.000113345,0.000123018,0.000373709,0.000239125,0.000171866,0.000197426,0.000304931,0.000129909,0.000299865,0.000171623,0.000188594,0.000242542,0.000188052,0.00012837,0.000268306,0.000215049,0.000249467,0.00023587,0.000217074,0.00030499,0.000199403,8.93115e-05,0.00025041,0.000214079,8.26132e-05,0.000343216,0.000253898,0.000233947,0.000166665,0.000279,0.000204655,0.000363921,0.000222126,9.85877e-05,0.000370525,0.000265488,0.000213969,0.000157936,0.000110204,0.00020816,0.000180392,0.000290889,0.000293047,0.000390367,0.000214897,0.000224007,0.000307196,0.0002256,0.000207478,0.000307306,0.000179402,0.000368127,0.00021105,0.000286092,0.000197488,0.000249997,8.0333e-05,0.000287752,0.000197096,0.000167395,0.000242926,0.0002486,0.000238705,0.000220858,0.000114307,0.000153513,0.000387624
"ILEUSYN-PWY: L-isoleucine biosynthesis I (from threonine)",0.000391483,0.000469067,0.000503433,0.000576475,0.000447293,0.000521671,0.000483792,0.000576126,0.000424444,0.000402565,0.000470046,0.000483815,0.000278824,0.000358414,0.000488977,0.000767182,0.000404302,0.000569415,0.000496464,0.000547993,0.00048499,0.000405329,0.000401161,0.000462412,0.000529802,0.000431837,0.000442661,0.000525988,0.000642139,0.000424671,0.000724631,0.000411845,0.000392719,0.000316645,0.000402893,0.000397323,0.00220391,0.000328264,0.000447942,0.000544869,0.00106835,0.000394629,0.000473257,0.000519918,0.000501926,0.000745662,0.000506803,0.000440151,0.000541112,0.000354903,0.000428661,0.000386551,0.000461357,0.000551074,0.000529591,0.000565657,0.000587814,0.000416996,0.000556091,0.000455251,0.000496045,0.000497057,0.000410183,0.000495664,0.000681509,0.000374791,0.000520576,0.000462203,0.000420948,0.000561406,0.000452456,0.000498941,0.000520487,0.000551687,0.000531338,0.000454059,0.000481996,0.000428155,0.000675782
"KDO-NAGLIPASYN-PWY: superpathway of (Kdo)2-lipid A biosynthesis",4.98646e-05,0,0,3.16769e-05,9.26393e-05,9.18831e-06,0,3.48192e-07,1.1285e-05,0,1.70705e-06,2.4608e-05,2.87955e-06,0,0,0,0,0,1.64571e-06,0,1.91148e-05,1.5821e-05,1.14376e-05,0,0,0,4.21002e-05,0,0,0,9.30023e-06,3.36333e-05,5.04663e-05,7.17624e-06,6.13409e-06,4.74117e-05,0,6.03338e-06,2.78451e-06,2.63675e-06,0,0,7.59744e-06,0,0,0,0,3.3131e-06,1.04024e-05,1.30713e-05,0,3.18977e-05,7.47743e-06,0,0,0,4.52978e-06,2.51421e-05,0,0,0,2.19568e-05,0,8.86653e-06,0,0,3.60013e-06,6.53287e-05,0,1.67261e-05,5.17836e-06,1.41025e-06,0,6.05112e-05,0,1.25848e-06,0,5.1617e-06,2.81817e-06
"KETOGLUCONMET-PWY: ketogluconate metabolism",9.35033e-06,0,4.15118e-06,5.29466e-05,0.000131848,1.70266e-05,0,1.07763e-06,4.7454e-05,0,4.95621e-06,4.22996e-05,1.01969e-05,6.41697e-06,0,0,0,0,7.98881e-06,0,2.37136e-05,2.92313e-05,4.4418e-05,0,2.79032e-06,0,0.000138859,0,0,0,1.87569e-05,0.000104961,0.00019696,5.84331e-06,3.87502e-05,0.000170389,0,2.99115e-06,3.6655e-05,4.10783e-06,0,4.0764e-06,2.65605e-05,0,1.13022e-06,2.26637e-06,0,1.10348e-05,8.50543e-06,6.67312e-05,0,1.1103e-05,5.1166e-05,0,0,2.37959e-07,2.11172e-05,1.41437e-05,0,0,0,5.59233e-05,0,4.7742e-05,0,0,4.18135e-05,0.000252895,9.92733e-06,0.000130392,2.19405e-05,1.75923e-06,0,0.000121654,3.26828e-06,3.24685e-06,0,1.79466e-06,1.71535e-05
"LACTOSECAT-PWY: lactose and galactose degradation I",0,1.8589e-05,6.36933e-06,1.81127e-05,1.15251e-06,0,4.41732e-06,5.84473e-06,7.90203e-06,2.71239e-06,4.65351e-06,3.01911e-06,5.79722e-05,6.57669e-06,1.14837e-06,4.7598e-06,7.81842e-06,3.18129e-06,3.61596e-05,2.24955e-05,4.91219e-06,0,7.83102e-06,2.82503e-05,1.50754e-05,0,5.32174e-06,0,5.5547e-05,1.09286e-06,0,2.56814e-05,1.20696e-05,1.4705e-05,5.61542e-06,2.29878e-06,0,4.74433e-05,5.89294e-06,9.73505e-07,5.81997e-06,9.0824e-06,2.35119e-05,8.72933e-05,1.27121e-05,7.15946e-06,6.68139e-05,1.03588e-05,0,1.49635e-05,1.42672e-06,3.41586e-05,3.71942e-05,3.21813e-05,2.64338e-05,4.07681e-06,3.79359e-06,2.85644e-05,2.26162e-06,1.27977e-05,2.57152e-05,0.000124101,3.41561e-06,5.58101e-05,3.04276e-05,1.07015e-05,1.93263e-05,7.03672e-06,1.46882e-05,7.43755e-05,1.77244e-05,1.0032e-05,7.26386e-06,1.65264e-05,5.6957e-06,4.00922e-05,8.63702e-06,5.01835e-06,0.00105897
"LIPASYN-PWY: phospholipases",9.32682e-05,0,7.16214e-06,0.000117622,0.000544494,0.000573146,0,0.000830456,2.38105e-05,0,0,5.02272e-05,3.27624e-06,0,0,0,0,0,0,0,1.66975e-05,2.20641e-05,2.20861e-05,0,0,0,0,0,0,0,0,0,9.20835e-05,0,0,0,0,6.02615e-06,0,0,0,0,0,0,8.29349e-07,0,0,0,1.65643e-05,5.11226e-05,0,0,0,0,0,0,6.19976e-06,0,0,4.52426e-06,0,5.59693e-05,0,2.22601e-05,0,0,1.33685e-05,0.000330524,5.85291e-06,0,2.60736e-05,8.42397e-06,0,0,0,3.94475e-06,0,0,1.18048e-05
"LPSSYN-PWY: superpathway of lipopolysaccharide biosynthesis",4.94535e-06,0,0,0,0,0,0,0,2.11401e-06,0,0,0,0,0,0,0,0,0,0,0,7.28991e-06,0,1.96303e-05,0,0,0,4.26622e-05,0,0,0,1.19319e-05,0,2.39511e-06,0,4.0228e-06,0,0,0,7.96751e-06,0,0,0,3.23597e-06,0,0,2.72588e-06,0,1.90057e-06,0,0,0,0,1.09796e-05,0,0,0,0,0,0,0,0,3.34591e-05,0,8.34237e-06,0,0,6.12794e-06,4.74418e-06,1.50624e-06,8.95454e-06,8.74368e-06,0,0,7.72384e-05,0,0,0,0,3.60029e-06
"LYSINE-DEG1-PWY: L-lysine degradation XI (mammalian)",0,0,0,0,0,0,0,0,0,0,0,0,0,0,0,0,0,0,0,0,0,0,0,0,0,0,0,0,0,0,0,0,0,0,0,0,0,0,0,0,0,0,0,0,0,0,0,0,0,0,0,0,0,0,0,0,0,0,0,0,0,0,0,0,0,0,0,0,0,0,0,0,0,0,0,0,0,0,0
"MET-SAM-PWY: superpathway of S-adenosyl-L-methionine biosynthesis",0.000125051,0,1.61853e-05,0.000222372,0.000352111,0.000443351,0,0.000506729,8.12388e-05,4.39311e-05,4.09782e-06,0.000125626,3.62077e-05,9.10777e-06,5.84297e-06,0,3.85072e-06,0,1.22144e-05,0,5.45588e-05,6.16562e-05,7.5285e-05,0,8.0629e-06,0,0.000220661,0,8.77685e-06,1.72143e-06,6.17053e-05,0.000179334,0.000212243,3.58444e-05,4.90866e-05,0.000218363,0,1.59087e-05,5.49317e-05,1.74601e-05,0,5.3135e-06,4.80427e-05,2.00628e-06,0,1.53467e-05,6.08117e-06,1.4321e-05,4.02653e-05,0.000116825,7.24294e-07,0.000119874,4.81133e-05,4.84521e-06,0,4.18142e-06,2.73845e-05,0.000109925,0,2.30186e-06,0,0.000157609,2.8378e-06,7.89671e-05,0,1.36372e-05,4.40889e-05,0.000342423,1.26631e-05,0.000144937,4.69849e-05,1.7363e-05,1.67668e-06,0.000262113,5.94501e-06,1.01849e-05,0,2.16573e-05,3.54842e-05
"METH-ACETATE-PWY: methanogenesis from acetate",1.20861e-05,0,0,0,0,0,1.27304e-05,0,5.149e-05,2.48389e-05,4.64088e-06,4.5661e-05,4.98765e-06,0,5.71806e-05,0,5.61396e-06,0,6.21651e-06,0,2.28142e-05,0,0,7.62356e-06,1.46244e-06,0,0,4.62306e-06,0.000100528,2.4954e-05,0,1.06045e-05,6.06617e-06,3.40512e-06,3.40886e-05,3.68876e-06,3.78884e-06,6.26189e-06,2.28046e-05,1.65875e-05,0,5.95176e-05,3.10914e-05,4.35329e-05,2.21974e-05,3.10167e-06,6.83668e-05,1.17947e-05,6.4256e-06,0,0,5.3038e-05,2.10351e-05,3.33936e-05,3.31762e-05,3.61005e-05,0,5.8701e-05,3.76082e-05,7.79161e-06,0,0,6.45765e-06,5.76643e-06,9.35888e-05,0,2.28639e-05,0,0,1.03039e-05,1.60071e-06,3.2779e-06,0,0,0,8.15659e-06,2.11176e-05,5.53275e-06,1.03684e-05
"METHANOGENESIS-PWY: methanogenesis from H2 and CO2",0,0,0,0,0,0,0,0,0,0,0,0,0,0,0,0,0,0,0,0,0,0,0,0,0,0,0,0,0,0,0,0,0,0,0,0,0,0,0,0,0,0,0,0,0,0,0,0,0,0,0,0,0,0,0,0,0,0,0,0,0,0,0,0,0,0,0,0,0,0,0,0,0,0,0,0,0,0,0
"METHGLYUT-PWY: superpathway of methylglyoxal degradation",1.96925e-05,5.02318e-06,6.7481e-06,3.89986e-05,9.43995e-05,3.3566e-05,1.02177e-05,1.53298e-06,8.60497e-06,9.5927e-06,1.20367e-06,1.95726e-05,4.75413e-06,1.30726e-05,0,0,0,3.42658e-06,2.43942e-06,7.13296e-07,1.68147e-05,1.17971e-05,1.17067e-05,1.71837e-05,2.35316e-06,0,4.04586e-05,1.42285e-06,1.09527e-06,0,2.01653e-05,2.63415e-05,3.86679e-05,3.93471e-06,4.18589e-06,4.80678e-05,0,3.23087e-06,8.21326e-06,1.53616e-06,0,0,3.56536e-06,1.4857e-06,0,4.44435e-06,6.12886e-07,4.1157e-06,1.18685e-05,2.68241e-05,1.27386e-05,3.40164e-05,5.61457e-06,1.29329e-05,0,3.09765e-06,2.87265e-06,3.11236e-05,0,1.82575e-06,0,1.685e-05,1.38843e-05,1.5092e-05,0,9.67454e-07,1.17226e-05,0.000151316,1.55504e-06,1.76907e-05,1.02352e-05,4.19399e-06,0,5.54909e-05,1.30005e-05,1.06146e-06,0,1.21174e-05,2.19443e-05
"METSYN-PWY: superpathway of L-homoserine and L-methionine biosynthesis",0.000116359,0,1.50881e-05,0.000209572,0.00038926,0.000452194,0,0.000542693,7.62641e-05,3.95369e-05,3.63045e-06,0.000117987,3.30977e-05,8.04017e-06,5.16235e-06,0,3.39467e-06,0,1.08046e-05,0,4.90577e-05,5.85604e-05,7.2356e-05,0,7.27907e-06,0,0.000209411,0,7.76861e-06,1.5123e-06,5.89688e-05,0.000169113,0.000209203,3.35538e-05,4.56041e-05,0.000209571,0,1.40123e-05,5.14315e-05,1.58777e-05,0,4.66858e-06,4.39343e-05,1.7577e-06,0,1.39407e-05,5.34477e-06,1.26454e-05,3.6254e-05,0.000105061,6.34443e-07,0.00011738,4.41649e-05,4.28706e-06,0,3.67455e-06,2.53991e-05,0.000104059,0,2.02014e-06,0,0.000147796,2.51519e-06,7.52941e-05,0,1.24268e-05,4.03153e-05,0.000343199,1.14909e-05,0.000132213,4.25773e-05,1.56175e-05,1.47327e-06,0.000260529,5.28011e-06,9.03155e-06,0,1.9829e-05,3.16101e-05
"NAD-BIOSYNTHESIS-II: NAD salvage pathway III (to nicotinamide riboside)",2.76455e-05,1.17078e-06,7.32864e-06,4.50919e-05,7.27179e-05,0.000352492,0,0.000446277,6.81289e-06,6.29186e-06,2.41872e-06,1.47409e-05,6.93026e-06,2.40479e-06,0,0,0,0,2.16828e-06,0,2.67584e-05,1.08982e-05,5.85164e-06,0,1.44766e-06,0,0.000126512,0,6.42411e-06,0,5.06227e-06,3.18912e-05,5.89358e-05,8.27278e-06,7.10454e-06,3.32908e-05,0,6.71002e-06,3.50953e-06,2.45434e-06,0,0,7.331e-06,0,7.93992e-07,1.6862e-06,0,3.72837e-06,5.63664e-06,2.12312e-05,0,6.3766e-05,7.9673e-06,0,0,2.04667e-07,4.43686e-06,5.64531e-05,0,1.61112e-06,0,3.34159e-05,0,1.07535e-05,0,1.28443e-06,2.68247e-06,3.55218e-05,4.69132e-06,3.00172e-05,3.7898e-06,1.03551e-05,0,9.56569e-05,9.89906e-07,2.07327e-06,1.34663e-06,3.8065e-06,9.21263e-06
"NADSYN-PWY: NAD de novo biosynthesis II (from tryptophan)",0,0,0,0,0,0,0,0,0,0,0,0,0,0,0,0,0,0,0,0,0,0,0,0,0,0,0,0,0,0,0,0,0,0,0,0,0,0,0,0,0,0,0,0,0,0,0,0,0,0,0,0,0,0,0,0,0,0,0,0,0,0,0,0,0,0,0,0,0,0,0,0,0,0,0,0,0,0,0
"NAGLIPASYN-PWY: lipid IVA biosynthesis (E. coli)",0.000181718,4.05104e-05,0.000112498,0.000250872,0.000295546,0.000290101,0.00013876,0.000317747,0.000128805,2.78525e-05,0.000224838,0.000139531,5.11525e-05,4.10915e-05,6.08694e-05,7.60696e-05,9.04517e-05,0.000114708,9.07759e-05,0.000233484,6.47993e-05,8.63662e-05,0.000112854,0.000170414,0.00022215,0.000313555,0.000261189,0.000102767,0.000135142,5.83176e-05,7.87061e-05,0.000195843,0.000188205,8.48575e-05,7.90505e-05,0.000177539,2.49471e-05,6.4928e-05,0.000178308,0.00013194,3.3812e-05,9.30296e-05,0.000118997,9.01289e-05,0.000245904,7.44058e-05,7.32116e-05,8.51197e-05,0.000210649,0.000163078,0.000253031,0.000106923,0.000120431,0.000153594,9.40135e-05,0.000118732,0.000326413,0.000102562,9.51358e-05,8.3736e-05,1.11278e-05,0.000105999,0.00013348,0.00011452,0.000176084,1.42714e-05,4.30682e-05,0.00023766,0.000218015,0.000138396,0.00012463,2.52769e-05,0.000126071,0.000177584,0.000279648,7.59926e-05,1.45942e-05,0.000123986,2.95823e-05
"NONMEVIPP-PWY: methylerythritol phosphate pathway I",0.00039723,0.000645831,0.000597969,0.000356458,0.000280956,0.000352775,0.000605845,0.000293937,0.000429216,0.000441216,0.000559459,0.000425996,0.000308342,0.000469053,0.000632704,0.00062784,0.000669321,0.000479624,0.000656235,0.000656037,0.000521399,0.000451753,0.000415664,0.000446302,0.000514299,0.000582058,0.000374177,0.000515491,0.000539762,0.000579059,0.000378838,0.000407611,0.000271738,0.000318358,0.000459263,0.000253159,0.000486426,0.000730292,0.000453066,0.00055211,0.000540579,0.00056767,0.000558281,0.000601866,0.000623573,0.000383228,0.000585439,0.000556519,0.00050714,0.000501287,0.000441363,0.000356711,0.000409707,0.000572313,0.000553707,0.000710122,0.000590664,0.000388893,0.000569094,0.000514703,0.000624262,0.000371445,0.000552977,0.000694168,0.000516743,0.000824111,0.000454982,0.000303267,0.000488989,0.00043324,0.000422691,0.00045636,0.000631787,0.000333863,0.000431457,0.000554627,0.000561645,0.000441569,0.000716982
"NONOXIPENT-PWY: pentose phosphate pathway (non-oxidative branch) I",0.000434916,0.000220399,0.000119431,0.000552779,0.00069693,0.000767216,0.000154378,0.000775729,0.000264903,0.000295382,0.00014177,0.000392435,0.000219499,0.000290937,0.000359763,0.000320946,0.000148372,0.000227037,0.000202141,0.00011179,0.000333576,0.000225024,0.000252021,0.000349114,0.000185735,0.000100681,0.000502186,0.000250385,0.000220205,9.98524e-05,0.000325422,0.00038981,0.000387465,0.000143596,0.000205048,0.000379627,0.000347018,0.000134333,0.000265912,0.000273323,0.000378189,0.00021138,0.000245325,0.000341727,0.000142577,0.000366408,0.000361493,0.00027256,0.000243066,0.000544784,0.000102674,0.000331507,0.000255982,0.000167712,0.000216278,0.000248281,0.000176832,0.000333119,0.00021317,0.000162401,0.000145061,0.000354787,0.000104947,0.000577979,0.000210484,0.000267308,0.000190028,0.00051829,9.35406e-05,0.000348483,0.00021091,0.000191214,0.000189286,0.00049278,0.000213502,0.000206233,0.000178082,0.000214769,0.000619763
"OANTIGEN-PWY: O-antigen building blocks biosynthesis (E. coli)",0.000204823,0.000243458,0.000302175,0.000188728,2.04508e-06,3.88938e-05,0.000321132,2.19537e-06,0.000188109,0.000111292,0.000130622,0.000232978,0.00021881,0.000359003,0.000341408,0.000149138,0.000199232,0.000205152,0.000353762,0.000313787,0.000334883,0.000229189,0.000251853,0.00034559,0.000182376,0.000220005,0.00022714,0.000227417,0.000233631,0.000223964,9.20224e-05,0.000243549,0.000236764,0.000156076,0.000198993,0.000203298,0.000105062,0.000245388,0.000270993,0.000299998,0.000131756,0.000213563,0.000321228,0.000312371,0.000225059,0.000205646,0.000266431,0.000220914,0.000214541,0.000213436,0.000168273,0.000250111,0.00021363,0.000248834,0.000338159,0.000347877,0.000141829,0.000273133,0.000317524,0.000230998,0.000329845,0.000320535,0.000288906,0.000457226,0.000215384,0.000300386,0.000227463,0.000123164,0.000284389,0.000330408,0.000192203,0.000285465,0.00031294,0.000172733,0.000178479,0.000320316,0.000205421,0.000233085,0.000841523
"ORNARGDEG-PWY: superpathway of L-arginine and L-ornithine degradation",5.21431e-05,0,1.7801e-06,0,0.000134914,2.64156e-05,0,4.31587e-07,0,0,0,7.9944e-07,3.02478e-07,0,0,0,0,0,0,0,1.12969e-05,1.21278e-05,2.72842e-06,0,0,0,1.44476e-05,0,0,0,1.59021e-05,0,8.88294e-07,9.70915e-06,1.34332e-06,4.17175e-05,0,9.34367e-07,2.43011e-06,1.64531e-06,0,0,6.39538e-06,0,0,0,0,3.234e-06,9.08099e-06,2.73529e-05,0,0,3.82801e-06,0,0,0,0,0,0,0,0,1.83108e-05,0,1.15332e-05,0,1.77529e-06,1.15472e-06,9.01054e-05,1.18286e-06,3.12644e-05,6.14387e-06,0,0,0,0,3.36799e-06,1.74208e-06,1.28991e-06,3.77805e-06
"ORNDEG-PWY: superpathway of ornithine degradation",0.000123099,5.91689e-06,1.33217e-05,0.000330277,0.000424644,0.000309074,0,0.000305225,3.46642e-05,0,0,7.48012e-05,1.37115e-05,2.3692e-05,1.75633e-06,0,0,0,1.07388e-05,0,1.85617e-05,3.04999e-05,4.35688e-05,0,4.89803e-06,0,0.000156971,0,1.52919e-06,0,4.04684e-05,0.000105881,0.000160043,2.33108e-05,2.94393e-05,0.000157414,0,8.4644e-06,1.54633e-05,9.49811e-06,0,6.15597e-06,2.06885e-05,0,1.10978e-06,7.20991e-06,6.40872e-07,1.82716e-05,4.55814e-05,0.000113002,0,3.91613e-05,3.5155e-05,0,0,6.53716e-06,2.62314e-05,3.31412e-05,5.47736e-06,7.25451e-06,0,5.22023e-05,3.44008e-06,3.62428e-05,0,1.22099e-05,2.15722e-05,0.000237017,5.51902e-06,9.52739e-05,2.54608e-05,9.77191e-06,2.47263e-06,0.0001839,5.14902e-06,7.94336e-06,4.0705e-06,6.20717e-06,3.04566e-05
"P105-PWY: TCA cycle IV (2-oxoglutarate decarboxylase)",0.000157222,3.49784e-06,7.46953e-06,8.78583e-05,0.000247709,5.5646e-05,0,1.53809e-06,2.91647e-05,0,0,5.65893e-05,2.70324e-05,1.55392e-05,8.20379e-06,0,0,0,1.06855e-05,3.07998e-07,2.55752e-05,1.73962e-05,4.40825e-05,0,2.15537e-05,0,0.000110842,0,0,1.96264e-06,5.96213e-05,8.02983e-05,9.83571e-05,1.91197e-05,3.56828e-05,5.31651e-05,0,9.76766e-06,1.95124e-05,1.90859e-05,0,8.04756e-06,2.42737e-05,0,3.46847e-05,5.34633e-06,0,8.2477e-06,5.32366e-05,7.3731e-05,0,4.01832e-05,5.75556e-05,0,0,9.57009e-06,1.30769e-05,4.0092e-05,3.53774e-06,2.77138e-06,3.19778e-06,3.83415e-05,2.51864e-06,6.71293e-05,0,9.39813e-06,1.06861e-05,0.000180621,1.05974e-05,7.29211e-05,3.45513e-05,5.66546e-06,2.15334e-06,8.69664e-05,1.89461e-05,1.16061e-05,9.39717e-06,1.16222e-05,3.03832e-05
"P108-PWY: pyruvate fermentation to propanoate I",5.49806e-05,0,1.64741e-05,1.88943e-05,3.38366e-05,0.000372432,0,0.000490257,2.06245e-05,0,6.24518e-06,4.75409e-05,9.18989e-06,0,0,0,0,0,2.65528e-05,0,4.08988e-05,2.58375e-05,6.27013e-05,0,1.53954e-06,0,1.93992e-05,0,0,0,6.33062e-06,4.06831e-05,7.02755e-06,1.41904e-05,1.91128e-05,6.64177e-05,0,1.48143e-05,2.26692e-05,1.26662e-05,0,6.05266e-06,1.78491e-05,0,1.85289e-06,6.54655e-06,0,1.43297e-05,1.72444e-05,3.37345e-05,0,6.82023e-05,2.19034e-05,0,0,4.40176e-07,9.246e-06,6.38711e-05,0,7.73161e-07,0,1.34737e-05,1.70609e-06,2.84165e-05,0,4.40909e-06,1.67921e-05,4.85916e-06,9.81745e-06,2.59816e-05,1.14464e-05,7.11697e-06,0,7.93018e-05,2.41946e-06,3.70365e-06,0,8.40816e-06,2.72897e-05
"P122-PWY: heterolactic fermentation",3.44882e-05,0,5.61469e-06,8.21084e-05,0.000106333,0.000233558,0,4.29958e-05,3.17388e-05,4.4772e-06,2.68925e-06,3.76161e-05,3.87094e-06,1.95731e-05,0,0,0,0,7.12251e-07,0,3.7226e-05,2.61425e-05,2.51486e-05,0,4.28154e-06,0,3.43981e-05,0,0,0,1.34166e-05,4.75656e-05,4.78002e-05,7.93475e-06,1.11411e-05,9.35386e-05,0,9.78376e-06,2.44592e-06,5.21519e-06,0,4.78123e-06,8.56514e-06,0,0,4.76666e-06,0,8.6843e-06,6.99993e-06,7.9598e-05,0,9.46425e-05,2.1216e-05,0,0,2.83507e-07,4.21447e-06,8.45362e-05,0,0,0,3.31792e-05,0,5.68572e-06,0,0,3.0023e-06,0.000110099,4.14343e-07,3.43582e-05,7.51183e-06,3.17173e-06,0,8.98405e-05,2.12337e-06,3.53529e-06,0,6.18406e-06,7.48565e-06
"P124-PWY: Bifidobacterium shunt",2.40438e-06,3.39961e-05,0,9.35391e-06,0,0.000150278,1.2218e-05,2.02834e-07,0,2.04321e-05,4.854e-06,2.33616e-06,1.44199e-05,1.99736e-05,0,0,1.89178e-05,0,7.21466e-05,5.22625e-05,1.57599e-05,0,2.60946e-05,0,4.73305e-06,0,1.22593e-06,0,7.97907e-05,0,0,5.24601e-06,1.93398e-06,0,0,0,0,4.37933e-05,0,0,7.799e-06,7.93861e-06,9.15197e-06,4.71364e-05,2.06238e-06,4.39833e-06,1.74371e-05,2.17556e-05,7.04196e-06,0.000105362,0,4.94155e-06,3.09139e-05,2.32985e-05,0.000118366,1.33715e-05,1.64507e-06,7.60231e-06,4.60707e-06,1.86918e-05,1.46157e-05,3.27405e-06,0,1.33506e-06,3.69025e-05,2.18254e-05,7.1625e-05,4.95089e-05,6.34427e-06,0.000153015,2.08642e-05,1.847e-06,2.15285e-05,0,1.5365e-05,2.32756e-05,4.51301e-05,5.53431e-06,2.37792e-05
"P125-PWY: superpathway of (R,R)-butanediol biosynthesis",0,0,0,3.16481e-06,5.19687e-07,0,0,2.92706e-06,0,1.29533e-06,0,0,6.16856e-06,2.00908e-06,0,0,0,0,0,0,0,0,0,0,0,0,0,0,0,0,3.85352e-07,0,2.64394e-06,0,0,9.70901e-07,0,9.41838e-07,0,2.15727e-06,0,0,0,0,0,0,0,0,9.68613e-07,6.90405e-06,0,7.46793e-06,0,0,0,7.95578e-06,0,9.91392e-06,6.56135e-06,7.28446e-07,0,6.04462e-06,0,0,0,0,0,3.34608e-06,0,3.95849e-06,0,4.68592e-07,0,0,0,1.50973e-07,0,0,2.49403e-05
"P161-PWY: acetylene degradation (anaerobic)",9.48941e-05,8.68771e-06,2.39106e-05,0.000268496,0.000524343,0.000492202,1.88786e-06,0.000412447,3.35666e-05,2.19568e-06,1.27468e-06,0.000120847,1.78202e-05,3.94264e-05,1.15634e-05,1.56596e-05,5.07697e-06,8.02591e-06,1.47112e-05,3.98199e-05,1.93216e-05,3.78895e-05,5.95171e-05,3.21806e-05,1.18781e-05,6.28792e-06,0.000194095,8.13447e-06,2.44001e-05,4.89889e-06,4.58904e-05,7.09135e-05,2.1233e-05,4.38301e-05,3.68677e-05,0.000159431,0,1.21512e-05,3.39461e-05,1.1893e-05,7.62078e-06,4.52338e-06,5.60952e-05,6.37895e-06,3.18222e-06,1.99497e-05,8.04746e-06,1.62381e-05,5.21126e-05,0.000322573,1.39613e-05,0.000135573,5.05582e-05,4.8177e-07,1.01146e-05,5.67552e-06,4.4907e-05,0.000115215,1.93771e-06,1.74162e-05,1.00061e-05,7.77655e-05,4.2315e-06,7.38851e-05,7.71522e-06,1.67841e-05,4.04813e-05,0.000438631,2.3581e-05,0.000169603,4.14859e-05,1.36623e-05,5.63956e-06,0.00032286,4.31005e-05,1.45272e-05,4.23225e-07,4.0328e-05,7.48991e-05
"P162-PWY: L-glutamate degradation V (via hydroxyglutarate)",1.56454e-05,0,3.56492e-06,0,0,0,0,0,0,0,0,0,3.00421e-06,0,0,0,0,0,1.15321e-06,0,7.46119e-06,0,0,0,0,0,0,0,0,0,0,0,0,0,0,0,0,6.28706e-06,0,0,0,0,5.3788e-06,0,0,0,0,0,8.30699e-06,0,0,6.12375e-06,5.61905e-06,0,0,0,1.69149e-06,6.98427e-06,0,0,0,0,0,0,0,0,0,0,1.3071e-06,2.59542e-06,0,2.62118e-06,0,0,0,0,0,1.21334e-06,0
"P163-PWY: L-lysine fermentation to acetate and butanoate",0,0,2.91524e-06,0,0,0,0,0,2.30533e-06,0,0,4.03747e-06,0,1.58541e-05,1.37165e-06,0,9.17092e-06,0,8.44548e-07,0,0,2.4363e-06,3.78255e-06,0,6.33883e-06,0,0,0,0,0,0,0,0,0,0,0,0,0,0,0,0,0,0,0,1.44365e-06,0,0,0,0,0,0,0,4.36806e-06,0,1.49593e-06,1.6285e-06,0,0,1.60526e-06,0,0,1.8086e-06,0,2.65014e-06,2.85229e-06,0,2.50564e-06,0,2.3707e-06,0,0,1.48624e-05,0,4.13684e-06,3.93523e-05,0,0,1.35851e-05,0
"P164-PWY: purine nucleobases degradation I (anaerobic)",7.14339e-05,4.10522e-05,1.58782e-05,2.06328e-05,1.83705e-06,0,6.34293e-06,4.19218e-06,6.69622e-05,4.5363e-05,1.48144e-05,7.8824e-05,4.10389e-05,7.84119e-05,2.65053e-05,4.87722e-06,2.47391e-05,0,1.91732e-05,6.85972e-06,3.89942e-05,3.71034e-05,7.95527e-05,3.52624e-05,0,9.07828e-06,2.60315e-05,5.48726e-06,2.69446e-05,1.64957e-05,0,6.33434e-05,6.21314e-05,6.01234e-05,0,4.63521e-05,5.92816e-06,0,5.2207e-05,0,9.99343e-06,3.62211e-05,5.33979e-05,2.63119e-05,3.16075e-05,2.18217e-05,3.58192e-05,2.27585e-05,8.02342e-05,9.23701e-05,4.56272e-05,7.13423e-05,5.08579e-05,1.68579e-05,1.40848e-05,2.83017e-05,5.17354e-05,6.51821e-05,2.69523e-05,1.59304e-05,0,6.47785e-05,4.17573e-06,5.14541e-05,1.64358e-05,2.41293e-05,3.5497e-05,7.15185e-05,2.16869e-05,6.336e-05,9.12707e-05,2.31776e-05,1.1307e-05,6.84319e-05,5.58773e-05,5.03947e-05,3.20167e-06,2.64953e-05,2.04891e-05
"P185-PWY: formaldehyde assimilation III (dihydroxyacetone cycle)",0.000102376,2.60102e-06,5.68837e-06,2.68226e-05,8.45486e-05,0.000464216,3.46354e-06,0.000491276,1.76262e-06,1.87628e-05,3.83758e-06,5.10453e-06,1.68023e-06,9.92261e-06,2.85834e-06,0,3.59668e-06,4.16735e-06,0,1.15809e-06,5.20417e-05,3.38995e-06,2.11012e-06,4.18079e-06,7.1859e-07,0,0,3.26684e-06,2.70163e-06,3.42589e-06,2.60733e-06,0,1.33223e-06,5.29444e-06,9.86175e-06,0,2.5082e-06,5.01241e-06,2.80563e-06,2.91276e-06,0,1.86394e-06,1.99694e-06,1.49223e-06,1.00471e-05,0,2.13926e-06,2.4344e-06,2.27676e-05,2.83071e-06,0,7.97373e-05,1.18478e-06,6.52329e-06,0,2.82153e-06,3.86809e-06,7.54581e-05,1.82602e-06,5.39363e-06,0,8.89659e-07,2.28126e-06,3.34215e-06,8.86996e-06,0,2.69992e-06,0.000159008,2.16352e-06,0,3.4967e-06,5.20724e-07,1.07179e-05,9.40609e-05,1.61886e-06,3.70802e-06,0,1.11556e-06,2.93753e-05
"P221-PWY: octane oxidation",4.75929e-05,0,2.18182e-06,2.50893e-05,5.69722e-05,3.18807e-05,0,3.79348e-06,2.52474e-07,0,0,2.85576e-06,7.57785e-07,1.15265e-05,0,0,0,0,1.29605e-07,0,1.86594e-06,4.27001e-07,2.53786e-05,0,2.48451e-06,0,9.41118e-06,0,0,0,8.22536e-06,5.51636e-07,8.15868e-06,2.63259e-06,3.43292e-06,6.3367e-06,0,5.70483e-07,8.85858e-07,1.3275e-06,0,8.33999e-07,4.19938e-06,0,5.78976e-07,1.86058e-07,0,3.44323e-07,1.6568e-05,6.26322e-05,0,3.73064e-07,9.00428e-06,0,0,0,2.68236e-07,5.67027e-07,0,2.79986e-08,0,4.72797e-06,1.53333e-07,5.91626e-07,0,5.17834e-07,3.77302e-07,6.50672e-05,1.05923e-06,1.06873e-05,3.47107e-06,9.41409e-07,0,4.00183e-06,0,2.57066e-06,0,2.18767e-06,2.74745e-05
"P23-PWY: reductive TCA cycle I",3.20869e-05,0,1.29553e-05,0,0,0,0,0,1.86651e-05,0,3.81652e-06,1.26736e-05,5.46417e-06,0,0,0,0,0,2.07963e-05,0,3.66242e-05,3.08602e-05,4.33437e-05,0,9.00483e-07,0,0,0,0,0,9.17464e-06,0,0,1.24347e-05,1.38547e-05,0,0,1.72086e-05,0,9.88411e-06,0,3.79122e-06,1.4675e-05,0,1.07647e-06,0,0,2.93396e-06,1.16158e-05,3.43173e-05,0,2.24864e-05,1.65783e-05,0,0,2.59735e-07,5.0558e-06,2.2195e-05,0,4.60423e-07,0,1.31194e-06,1.04919e-06,3.62535e-05,0,8.67489e-06,1.06854e-05,0,3.7115e-06,4.52539e-05,1.35667e-05,7.97891e-06,0,4.08543e-05,1.00661e-06,2.42196e-06,0,5.25473e-06,1.93419e-05
"P241-PWY: coenzyme B biosynthesis",0,0,0,0,0,0,0,0,0,0,0,0,0,0,0,0,0,0,0,0,0,0,0,0,0,0,0,0,0,0,0,0,0,0,0,0,0,0,0,0,0,0,0,0,0,0,0,0,0,0,0,0,0,0,0,0,0,0,0,0,0,0,0,0,0,0,0,0,0,0,0,0,0,0,0,0,0,0,0
"P261-PWY: coenzyme M biosynthesis I",0,0,0,0,0,0,0,0,0,0,0,0,0,0,0,0,0,0,0,0,0,0,0,0,0,0,0,0,0,0,0,0,0,0,0,0,0,0,0,0,0,0,0,0,0,0,0,0,0,0,0,0,0,0,0,0,0,0,0,0,0,0,0,0,0,0,0,0,0,0,0,0,0,0,0,0,0,0,0
"P4-PWY: superpathway of L-lysine, L-threonine and L-methionine biosynthesis I",0.000146733,0,1.99681e-05,0.00018467,0.000292491,0.000419521,0,0.000423518,6.17637e-05,0,6.78774e-06,0.000103743,3.42804e-05,1.55534e-05,0,0,6.97926e-06,0,2.33473e-05,0,6.8471e-05,6.5312e-05,7.13928e-05,0,3.5404e-06,0,0.000190298,0,1.7239e-05,0,4.28044e-05,0.000137399,0.000164779,3.96922e-05,2.90642e-05,0.000159631,0,2.73305e-05,3.3329e-05,1.40976e-05,0,9.34361e-06,4.94269e-05,4.14127e-06,0,1.88195e-05,1.10822e-05,2.00782e-05,4.80839e-05,0.000101609,0,0.000129764,5.15021e-05,8.56619e-06,0,7.6146e-06,2.25867e-05,0.000123101,0,4.54955e-06,0,9.77069e-05,4.48396e-06,6.21307e-05,0,2.32097e-05,6.46062e-05,0.000301677,1.45165e-05,0.000188635,6.02002e-05,2.23769e-05,3.42299e-06,0.000249112,9.93321e-06,1.67415e-05,0,2.72331e-05,5.28721e-05
"P41-PWY: pyruvate fermentation to acetate and (S)-lactate I",0.000130569,0.000108164,6.84426e-05,0.000133771,4.30797e-05,0.000189622,6.37359e-05,0.000150024,0.000162507,0.000136289,7.3678e-05,0.000208911,0.000146878,6.99312e-05,0.000149533,2.77943e-05,0.000104974,5.23623e-05,0.000168785,0.000129955,0.000164059,7.14571e-05,5.12269e-05,7.49327e-05,5.6138e-05,6.21155e-05,0.000102687,6.06863e-05,0.000184818,7.25419e-05,1.66674e-05,0.000173637,0.000117114,5.12658e-05,0.000104934,0.000125734,2.59522e-05,0.000113962,0.000186613,9.09462e-05,3.69609e-05,0.000113584,0.000201412,0.000308579,9.8148e-05,7.67732e-05,0.000305988,0.00018699,0.000121638,7.50233e-05,5.15357e-05,0.000218927,0.000142427,0.000152237,0.000239199,0.000215862,7.51589e-05,0.000242569,0.000195717,0.000110207,9.53799e-05,0.000237377,3.8961e-05,0.000119209,0.000123212,9.3075e-05,0.000158733,0.000246089,8.33954e-05,0.000280524,0.00011274,0.000100015,6.88499e-05,0.000210532,9.31231e-05,9.52811e-05,7.15948e-05,0.00015114,0.000611952
"P42-PWY: incomplete reductive TCA cycle",6.22794e-05,4.44234e-05,4.6198e-05,5.77455e-05,0,1.1351e-05,2.26772e-05,2.63077e-06,4.32772e-05,0,2.73769e-05,3.61319e-05,2.89623e-05,6.50871e-05,8.09347e-05,0,3.06333e-05,0.000129059,3.57574e-05,4.45431e-05,0.000110267,5.38746e-05,6.96093e-05,4.96738e-05,6.85466e-05,0.000100588,9.94602e-05,0.00012076,8.60262e-06,4.2391e-05,1.61177e-05,3.45629e-05,5.19848e-05,2.37321e-05,2.54973e-05,5.75735e-05,1.10914e-05,3.28071e-05,1.68999e-05,5.71793e-05,1.8704e-05,6.3652e-05,5.20812e-05,7.59238e-06,2.59717e-05,4.15961e-06,4.6742e-06,1.29333e-05,6.54045e-05,0.000183016,7.2587e-05,2.33706e-05,6.33584e-05,3.72595e-05,4.85157e-05,9.68478e-05,1.07468e-05,4.32337e-05,8.63545e-05,5.55452e-05,3.85384e-05,4.19547e-05,2.87766e-05,4.37225e-05,4.98251e-05,2.9721e-05,6.0029e-05,9.52999e-05,7.86107e-06,5.26972e-05,0.000103565,5.09285e-05,5.26796e-05,0.000153339,1.67863e-06,4.94473e-05,4.7964e-06,5.57192e-05,4.15146e-05
"P441-PWY: superpathway of N-acetylneuraminate degradation",0.000175317,2.89968e-05,5.18419e-05,0.000278128,0.000351751,0.000418024,7.5431e-06,0.000433689,9.182e-05,3.08879e-05,1.28265e-05,0.000199247,5.26019e-05,7.6112e-05,5.01778e-05,2.55127e-05,1.82988e-05,2.88435e-05,4.969e-05,8.58489e-05,7.62017e-05,7.93083e-05,9.59238e-05,2.60279e-05,3.97458e-05,2.17965e-05,0.000268545,2.71791e-05,7.66773e-05,1.77553e-05,8.62111e-05,0.000219505,0.000199069,8.90538e-05,8.96276e-05,0.000218459,0,4.13147e-05,9.09247e-05,3.7343e-05,2.20806e-05,4.30024e-05,0.000117726,3.50733e-05,2.85902e-05,4.38786e-05,3.75861e-05,6.30286e-05,0.000112011,0.000196952,2.87521e-05,0.000185553,0.000115255,2.57269e-05,0.000107025,2.13306e-05,8.8714e-05,0.000183366,7.9129e-06,4.9575e-05,3.1881e-05,0.000171618,2.0716e-05,0.000120075,2.93817e-05,4.95208e-05,9.98515e-05,0.000285848,6.12279e-05,0.000264438,9.86564e-05,3.93294e-05,1.92101e-05,0.000278148,9.29692e-05,4.66938e-05,2.70988e-05,9.63365e-05,0.000115778
"P461-PWY: hexitol fermentation to lactate, formate, ethanol and acetate",0.000171177,2.39758e-05,3.63693e-05,0.000332872,0.000491517,0.00043056,1.51852e-05,0.000499248,5.94443e-05,3.79475e-06,1.81781e-05,0.000147561,2.45482e-05,6.06206e-05,2.21439e-05,4.43995e-06,2.80599e-05,1.39632e-05,2.85706e-05,2.12821e-05,3.87694e-05,8.32712e-05,0.000143461,5.2882e-05,2.41635e-05,1.63236e-05,0.000301329,1.36231e-05,1.14116e-05,9.18061e-06,5.41792e-05,0.000149328,0.000219414,4.66889e-05,5.1608e-05,0.000273195,0,2.2078e-05,5.18473e-05,3.18677e-05,8.33758e-06,2.02947e-05,4.3849e-05,8.68891e-06,3.55448e-05,2.77878e-05,9.95043e-06,2.34362e-05,4.4648e-05,9.71229e-05,2.79881e-05,0.000121865,6.75788e-05,8.46693e-06,1.3138e-05,1.13353e-05,3.80413e-05,0.000112752,3.50201e-06,2.13393e-05,1.30399e-05,0.000167939,2.05767e-05,0.000107627,6.19593e-06,2.17599e-05,5.23437e-05,0.000293768,2.40764e-05,0.000165085,5.12173e-05,1.71923e-05,1.03164e-05,0.000296771,8.83311e-06,1.81395e-05,1.05355e-05,6.56884e-05,5.19338e-05
"P562-PWY: myo-inositol degradation I",0,0,0,0,0,0,0,0,0,0,0,0,0,0,0,0,0,0,0,0,0,0,0,0,0,0,0,0,0,0,0,0,0,0,0,0,0,0,0,0,0,0,0,0,0,0,0,0,0,3.98665e-06,0,0,0,0,0,0,0,0,0,0,0,0,0,0,0,0,0,3.9754e-06,0,0,0,8.75523e-07,0,0,0,0,0,0,0
"P621-PWY: nylon-6 oligomer degradation",0,0,0,2.4166e-06,0,0,0,4.24864e-06,0,1.03917e-05,0,0,8.93237e-06,0,0,0,0,0,0,0,0,0,0,0,0,0,0,0,1.34628e-06,0,0,0,0,0,0,0,0,0,0,3.8874e-06,0,0,0,0,0,0,0,0,0,0,0,2.22636e-05,0,0,0,0,0,2.84779e-05,0,1.27085e-06,0,1.56237e-06,0,0,0,0,0,0,0,1.9927e-06,0,0,0,0,0,0,0,0,6.04578e-06
"PANTO-PWY: phosphopantothenate biosynthesis I",0.00035387,0.000424913,0.000498562,0.000340908,0.000321525,0.000327178,0.000400009,0.000377535,0.000290986,0.000436778,0.000441588,0.000328949,0.000162704,0.00045331,0.000299795,0.000461297,0.000660768,0.000426274,0.000335035,0.000490754,0.000356398,0.00031817,0.000362314,0.000428942,0.000407628,0.000510491,0.000305965,0.00042543,0.000395939,0.000392128,0.000242597,0.000358889,0.000307921,0.000310237,0.000290162,0.000222412,0.000301416,0.000315903,0.000536571,0.000383921,0.000315607,0.00041983,0.000372975,0.000375293,0.000435134,0.000345257,0.00037963,0.000410186,0.000480319,0.000496948,0.00043169,0.000269478,0.000316835,0.000390405,0.000217434,0.000453987,0.000651529,0.000273025,0.000389753,0.000347556,0.000338065,0.000270285,0.000314899,0.000463901,0.000390513,0.000438934,0.000353894,0.000250611,0.000332843,0.000277857,0.000345693,0.000305317,0.000431767,0.000294235,0.00048829,0.000397446,0.000306929,0.000360881,0.000457455
"PANTOSYN-PWY: superpathway of coenzyme A biosynthesis I (bacteria)",0.000321943,0.000379361,0.00049605,0.000280867,0.000205921,0.000288445,0.000387214,0.000354629,0.000277729,0.000343415,0.000453779,0.00031094,0.000181641,0.000391391,0.000328054,0.000416515,0.000610178,0.000379132,0.000351346,0.000531628,0.000344184,0.000324309,0.000353519,0.000457561,0.000409208,0.000528497,0.000256309,0.000394976,0.000395252,0.000398817,0.000212295,0.000324031,0.000246242,0.000270403,0.000292411,0.00020598,0.000461029,0.000359047,0.000447751,0.000395234,0.000332009,0.000427364,0.000397476,0.00038745,0.000452837,0.00024665,0.000389555,0.000413821,0.000392325,0.000485452,0.000356409,0.000262098,0.000295494,0.000395722,0.000271557,0.000484988,0.000560307,0.000271465,0.000397102,0.000353622,0.000358859,0.000267871,0.000332668,0.000422346,0.000404448,0.000462884,0.000331398,0.000208086,0.000349267,0.000281393,0.000313161,0.00032133,0.000436252,0.00025858,0.000421867,0.000368721,0.000289188,0.000322711,0.000479756
"PENTOSE-P-PWY: pentose phosphate pathway",0.000349354,0.000148668,0.000119637,0.00041622,0.000522207,0.000452266,0.00014481,0.000421978,0.000147762,0.000306111,0.000165435,0.000269543,0.000145183,0.000193528,0.000136794,4.73012e-05,0.000125109,0.000195938,0.000153496,0.000137902,0.000196194,0.000187537,0.000158636,0.000254458,0.000136559,0.000118506,0.000305273,0.000200467,0.000211044,8.57292e-05,8.56333e-05,0.000306928,0.000299511,0.000156925,0.000150245,0.000282448,5.06159e-05,0.000100231,0.000323614,0.000163629,6.49278e-05,0.000166353,0.000169468,0.000240479,0.000159288,0.000108772,0.00024386,0.000161731,0.000278999,0.000211406,0.000144862,0.000221986,0.000205896,0.000168348,0.000154965,0.000189689,0.000226251,0.000217986,0.000158504,0.000112505,2.92044e-05,0.000199504,0.000116394,0.000128963,0.000215714,5.35194e-05,0.000173989,0.000455429,9.95208e-05,0.000294568,0.000194786,4.59101e-05,0.000164566,0.000228567,0.000234457,0.0001315,5.3512e-05,0.000158609,0.000110074
"PEPTIDOGLYCANSYN-PWY: peptidoglycan biosynthesis I (meso-diaminopimelate containing)",0.000418454,0.000562108,0.000604927,0.000407658,0.000340716,0.000406407,0.000613803,0.000394343,0.000451499,0.000506069,0.000573109,0.000452236,0.000338506,0.000464455,0.000607729,0.000650785,0.000689404,0.000492624,0.000678669,0.000664387,0.000529827,0.000442024,0.000454846,0.000726482,0.000534538,0.00061844,0.000421116,0.000515913,0.000538163,0.000599295,0.00055255,0.000448132,0.000347361,0.00035913,0.000479342,0.000291972,0.00125202,0.000770111,0.000586926,0.000545213,0.00093684,0.000591213,0.000603171,0.000598363,0.000648317,0.000485187,0.000576457,0.000557699,0.000517859,0.000508528,0.000472312,0.000366965,0.000434919,0.000578762,0.000551802,0.000698815,0.000640239,0.000412439,0.000578177,0.000508537,0.000643182,0.000439173,0.000592199,0.000817072,0.000501765,0.00084675,0.00047313,0.000366539,0.000549565,0.000463773,0.00045675,0.000505687,0.000621677,0.000370349,0.000514462,0.000552386,0.000661534,0.000491133,0.000815978
"PHOSLIPSYN-PWY: superpathway of phospholipid biosynthesis I (bacteria)",0.000261763,4.59176e-05,9.21629e-05,0.000319129,0.000419065,0.000329819,0.000209939,0.000383313,0.000224957,0.000128736,0.000204512,0.000253831,0.000123382,0.00033251,0.000170016,0.00013007,0.00018781,0.000261156,0.000153396,0.00025291,0.00011839,0.000199827,0.000211605,0.000154212,0.000204624,0.000224568,0.000361029,0.000279822,0.000215456,0.000102537,0.000159442,0.000294904,0.000295944,0.000153909,0.00017031,0.00028097,7.84047e-05,9.9209e-05,0.000241069,0.000214031,7.10428e-05,0.000111011,0.000181736,0.00012481,0.000321101,0.000178401,0.000117257,0.000157422,0.000149479,0.000309042,7.04266e-05,0.000206131,0.000169124,0.000218392,0.000137077,0.00022786,0.000216652,0.000215695,0.000175676,0.000134007,0.000126238,0.000275545,0.000202521,0.000149361,0.000253238,7.93901e-05,0.000191969,0.000340541,0.000238634,0.000302671,0.000216217,0.000144312,0.000159854,0.000286648,0.000220135,0.000104644,0.000285268,0.000155554,0.000163603
"PHOTOALL-PWY: oxygenic photosynthesis",0,0,0,0,0,0,0,0,0,0,0,0,0,0,0,0,0,0,0,0,0,0,0,0,0,0,0,0,0,0,0,0,0,0,0,0,0,0,0,0,0,0,0,0,0,0,0,0,0,0,0,0,0,0,0,0,0,0,0,0,0,0,0,0,0,0,0,0,0,0,0,0,0,0,0,0,0,0,0
"POLYAMINSYN3-PWY: superpathway of polyamine biosynthesis II",1.76912e-05,0,0,2.71579e-05,0,0,0,0,2.62538e-05,0,0,5.54759e-06,1.75623e-05,2.00527e-05,3.17025e-06,0,1.68671e-06,4.19941e-06,1.75098e-05,1.39066e-06,3.71848e-05,3.34246e-05,5.05936e-05,0,1.41239e-05,2.27307e-06,7.43423e-07,0,2.47704e-06,0,4.69883e-06,8.9257e-06,3.84211e-06,9.47954e-06,1.042e-05,1.02147e-05,0,1.60341e-05,2.73314e-05,3.46311e-05,0,1.36716e-05,3.97728e-05,0,1.86743e-06,4.36477e-06,1.0626e-06,2.86319e-05,3.35662e-05,6.23367e-05,9.53061e-07,6.92226e-06,2.93643e-05,2.02614e-05,0,1.7881e-05,1.09628e-06,2.25795e-05,1.1312e-05,2.76702e-05,1.68522e-05,5.48416e-05,1.75942e-05,0,0,0,4.01745e-05,2.1584e-06,2.59937e-06,2.02141e-05,8.80944e-06,7.26657e-06,4.75559e-06,0,7.64308e-06,1.84126e-05,0,8.05963e-06,1.56703e-05
"POLYAMSYN-PWY: superpathway of polyamine biosynthesis I",0.000126976,2.73262e-05,2.44423e-05,0.000149925,0.000309493,0.000366038,7.57339e-06,0.000411254,9.09238e-05,1.74194e-05,1.71622e-05,0.0001249,2.30299e-05,6.62179e-05,0.000108429,4.09014e-06,1.0914e-05,6.06113e-05,1.82357e-05,1.46643e-06,6.4274e-05,7.2313e-05,0.000116532,0,3.74388e-05,1.91548e-05,0.000195176,6.69362e-05,5.2952e-06,0,6.24766e-05,0.000140414,0.000184567,4.97193e-05,6.87547e-05,0.000156133,0,3.10105e-05,4.5319e-05,9.64704e-05,0,3.13771e-05,5.55209e-05,3.42608e-05,1.33307e-05,2.64241e-05,4.1599e-05,4.76818e-05,8.9869e-05,0.000100255,3.12271e-06,8.79106e-05,5.00442e-05,3.19188e-05,5.37738e-05,2.7986e-05,3.21909e-05,8.96961e-05,1.93e-05,3.19468e-05,1.79689e-05,0.000116976,5.4358e-05,5.44695e-05,1.71031e-05,2.15718e-05,6.39511e-05,0.000189729,2.51486e-05,0.00015311,4.86981e-05,2.61648e-05,7.51011e-06,0.000117504,1.21273e-05,7.77543e-05,8.56878e-06,2.98793e-05,4.02994e-05
"POLYISOPRENSYN-PWY: polyisoprenoid biosynthesis (E. coli)",0.000179474,9.7255e-06,3.46706e-05,0.000169543,0.000281513,0.000179331,6.98982e-05,0.000215801,8.80728e-05,0.000174188,4.07913e-05,0.000119634,6.16739e-05,8.49101e-05,3.34515e-05,1.05955e-05,4.55535e-05,7.56738e-05,1.74671e-05,4.35788e-05,7.98891e-05,6.1162e-05,6.11841e-05,0.000130219,3.98577e-05,2.17078e-05,0.000213037,8.72943e-05,6.71917e-05,4.85797e-05,3.24783e-05,0.000181814,0.000237329,0.000124724,6.38595e-05,0.00017245,5.3868e-06,6.09745e-05,7.75787e-05,3.95023e-05,1.22088e-05,5.55192e-05,6.48855e-05,7.30081e-05,4.28802e-05,2.2314e-05,8.70439e-05,9.25056e-05,0.000167574,8.22046e-05,6.52317e-05,9.62363e-05,7.52939e-05,8.01014e-05,2.44951e-05,5.10851e-05,0.000145799,8.73812e-05,4.78756e-05,3.6071e-05,1.63331e-05,0.000173933,1.62921e-05,4.4386e-05,7.2086e-05,7.97016e-06,8.38033e-05,0.000266779,3.95412e-05,8.22878e-05,0.000102237,2.38837e-05,2.40163e-05,0.000182511,0.000112975,9.8045e-05,0,6.52681e-05,4.97634e-05
"PPGPPMET-PWY: ppGpp metabolism",5.01005e-05,6.24604e-06,7.95126e-06,4.76262e-05,0.000118525,0.000334263,1.97806e-06,0.000382914,8.45711e-06,2.79808e-05,3.86138e-06,2.49339e-05,5.81582e-06,0.000153314,4.07961e-06,9.61228e-07,1.33432e-06,2.81097e-06,1.11836e-05,0,2.48042e-05,1.89046e-05,2.28027e-05,2.92439e-06,0,2.4767e-06,2.31693e-05,2.23914e-06,5.54974e-06,1.03752e-06,7.17796e-06,1.63298e-05,4.71806e-05,8.71985e-06,7.94007e-06,1.93827e-05,0,1.18092e-05,1.97649e-05,3.1382e-06,0,9.35962e-06,1.72304e-05,4.66663e-06,7.91848e-07,0,8.23196e-06,1.00212e-05,1.47229e-05,0.000205066,0,8.83628e-05,6.51645e-06,5.93286e-06,3.86273e-06,3.57273e-06,3.89636e-06,7.06708e-05,1.75023e-06,8.05078e-06,0,3.81295e-05,5.38656e-07,1.24498e-05,3.39981e-06,3.6888e-06,1.24458e-05,0.000186547,7.73914e-06,1.74065e-05,6.60745e-06,3.19396e-06,4.02162e-07,0.000115297,5.22073e-06,4.61676e-06,2.94027e-06,1.48204e-06,5.14079e-06
"PROPFERM-PWY: superpathway of L-alanine fermentation (Stickland reaction)",0,0,0,0,0,0,0,0,6.48919e-06,3.28703e-06,0,2.62582e-06,0,0,2.80745e-06,0,0,0,0,3.41216e-07,5.23805e-06,0,0,0,0,0,0,0,4.54143e-06,0,0,0,1.26659e-05,1.34567e-05,6.43032e-06,0,0,0,5.88808e-06,1.08573e-06,0,0,0,0,0,0,0,1.82686e-06,0,0,0,2.67464e-06,1.28012e-06,5.89192e-06,0,5.33158e-06,0,3.71576e-06,3.46766e-06,0,0,2.48158e-06,0,0,0,0,1.89931e-05,0,0,0,2.38336e-06,0,0,0,0,0,0,0,0
"PROTOCATECHUATE-ORTHO-CLEAVAGE-PWY: protocatechuate degradation II (ortho-cleavage pathway)",3.83179e-05,0,0,2.05863e-05,1.66664e-05,0,0,0,1.89463e-06,4.63934e-07,0,5.88953e-07,1.00106e-06,7.68587e-06,0,0,0,0,3.97223e-07,0,0,0,2.37762e-05,0,0,0,0,0,0,0,0,7.54676e-07,6.71034e-07,0,0,0,0,1.75866e-06,0,0,0,1.02915e-06,8.97736e-07,3.4857e-07,1.86481e-06,0,3.79774e-07,0,1.36899e-05,3.86425e-05,0,3.83712e-05,0,0,0,1.60927e-06,0,2.94654e-05,0,0,0,0,0,0,0,0,1.55138e-06,1.31977e-05,5.13434e-07,5.71206e-07,0,0,0,0,0,3.09815e-06,0,0,5.0389e-06
"PRPP-PWY: superpathway of histidine, purine, and pyrimidine biosynthesis",0.00010776,0,1.78253e-05,0.000145093,0.00022106,0.000351127,0,0.000340727,5.98157e-05,0,1.68619e-05,8.95773e-05,1.82112e-05,0,0,0,0,0,9.20157e-06,0,8.05694e-05,7.73704e-05,6.90249e-05,0,0,0,0.000150447,0,0,0,3.86798e-05,0.000129205,0.000144128,4.50529e-05,3.19328e-05,0.000124553,0,3.20308e-05,4.14576e-05,1.87374e-05,0,0,6.2289e-05,0,5.47891e-06,1.33917e-05,0,1.64502e-05,3.5037e-05,5.71907e-05,0,0.000130692,4.01126e-05,0,0,0,2.519e-05,0.000117797,0,0,0,9.47568e-05,0,6.42826e-05,0,0,3.71448e-05,0.000174678,2.46663e-05,0.000112032,3.39817e-05,1.43042e-05,0,0.000191075,0,6.93432e-06,0,2.5327e-05,2.45359e-05
"PWY-101: photosynthesis light reactions",0,0,0,0,0,0,0,0,0,0,0,0,0,0,0,0,0,0,0,0,0,0,0,0,0,0,0,0,0,0,0,0,0,0,0,0,0,0,0,0,0,0,0,0,0,0,0,0,0,0,0,0,0,0,0,0,0,0,0,0,0,0,0,0,0,0,0,0,0,0,0,0,0,0,0,0,0,0,0
"PWY-1042: glycolysis IV",0.000575311,0.000553849,0.000688066,0.000440604,0.00052711,0.000475223,0.000503508,0.000564836,0.000552189,0.00049221,0.000582198,0.000502404,0.000429233,0.000400585,0.000579609,0.000755116,0.000330611,0.000729587,0.000546691,0.000772562,0.00046782,0.000426036,0.000314445,0.000627331,0.000510346,0.000631218,0.000494543,0.000579785,0.000856096,0.000637067,0.000811317,0.000561227,0.000478796,0.00042764,0.000513973,0.00041235,0.00155103,0.000582924,0.000558283,0.000603513,0.000949602,0.000498856,0.000577183,0.000616946,0.000547537,0.000710189,0.000607593,0.000658394,0.000446572,0.000491761,0.000314755,0.000516605,0.00052819,0.000720697,0.000565593,0.000533506,0.000515942,0.00055992,0.000573574,0.000589717,0.000611407,0.000560545,0.000565383,0.000426912,0.000999177,0.000743028,0.000574291,0.000486483,0.000524057,0.000511853,0.000552351,0.000670663,0.000579268,0.000492211,0.000480516,0.000641977,0.000751471,0.000608426,0.000733851
"PWY-1269: CMP-3-deoxy-D-manno-octulosonate biosynthesis",0.000198576,7.39629e-05,0.000116672,0.000288285,0.00031332,0.00033149,0.000129627,0.000335775,0.000104058,8.27126e-05,0.000137929,0.000153869,3.78396e-05,0.000210187,8.12419e-05,0.000291947,9.96336e-05,0.000118562,0.000125305,0.00014533,0.000138592,8.73373e-05,0.000144969,0.000155738,0.00011559,0.000166035,0.000283928,0.000136588,0.000130877,0.000197025,0.000223563,0.000167691,0.000188106,0.0001417,8.1852e-05,0.000167282,0.00053726,0.000114007,7.98791e-05,0.000158145,0.000264116,8.10783e-05,0.000105576,6.6735e-05,0.000164757,0.000231215,7.70887e-05,9.95845e-05,0.000134857,0.000109759,7.66812e-05,0.000135946,0.000105419,0.00012785,8.00598e-05,0.000117435,8.6589e-05,0.000134569,0.000104802,7.75972e-05,0.000109326,0.000109192,6.62699e-05,0.000125286,0.000159155,0.000280824,0.000117599,0.000237941,6.97379e-05,0.000128987,0.000218835,0.0001149,0.000149605,0.000207497,0.000203944,8.35491e-05,0.000131044,7.67069e-05,3.9575e-05
"PWY-1501: mandelate degradation I",0,0,0,0,0,0,0,0,0,0,0,0,0,0,0,0,0,0,0,0,0,0,0,0,0,0,0,0,0,0,0,0,0,0,0,0,0,0,0,0,0,0,0,0,0,0,0,0,0,0,0,0,0,0,0,0,0,0,0,0,0,0,0,0,0,0,0,1.68733e-06,0,0,0,0,0,0,0,0,0,0,0
"PWY-1622: formaldehyde assimilation I (serine pathway)",0,0,0,0,0,0,0,0,0,0,0,0,0,0,0,0,0,0,0,0,0,0,0,0,0,0,0,0,0,0,0,0,0,0,0,0,0,0,0,0,0,0,0,0,0,0,0,0,0,0,0,0,0,0,0,0,0,0,0,0,0,0,0,0,0,0,0,0,0,0,0,0,0,0,0,0,0,0,0
"PWY-181: photorespiration",0,0,0,0,0,0,0,0,0,0,0,0,0,0,0,0,0,0,0,0,0,0,0,0,0,0,0,0,0,0,0,0,0,0,0,0,0,0,0,0,0,0,0,0,0,0,0,0,0,0,0,0,0,0,0,0,0,0,0,0,0,0,0,0,0,0,0,0,0,0,0,0,0,0,0,0,0,0,0
"PWY-1861: formaldehyde assimilation II (assimilatory RuMP Cycle)",0,0,7.63287e-06,8.58736e-06,5.14131e-07,8.06282e-06,0,0,2.30693e-05,1.75845e-06,0,5.27577e-05,1.59657e-05,3.5015e-06,2.41531e-06,0,0,0,2.73136e-06,0,2.94451e-05,0,3.89846e-05,1.84507e-06,1.26199e-06,0,0.000171061,1.63069e-06,2.57808e-06,0,0,0.000135465,6.3768e-05,0,0,0,0,8.2792e-06,3.35256e-05,0,0,1.05924e-05,2.89423e-06,7.22908e-06,1.72944e-06,1.10849e-05,8.1131e-06,0,5.4116e-07,0,0,0.000118918,0,0,8.56836e-05,4.32065e-06,6.40906e-05,0.000130201,1.10421e-05,0,0,7.08783e-05,0,4.07513e-05,0,6.47909e-06,5.34813e-05,2.37352e-05,4.53858e-06,1.72565e-06,1.25569e-05,0,1.78438e-05,0.00014431,4.65267e-06,1.95855e-06,0,0,8.04713e-05
"PWY-2221: Entner-Doudoroff pathway III (semi-phosphorylative)",0,0,0,0,2.39685e-06,0,0,0,0,0,0,0,0,0,0,0,0,0,0,0,0,2.36643e-06,0,0,0,0,0,0,0,0,0,0,0,0,0,0,0,0,0,0,0,0,0,0,9.22344e-07,0,0,0,0,0,0,0,0,0,0,0,0,0,0,0,0,0,0,7.46076e-07,0,0,0,0,1.47125e-06,0,0,1.75021e-06,0,0,0,0,0,7.35367e-06,0
"PWY-241: C4 photosynthetic carbon assimilation cycle, NADP-ME type",0.000166371,4.78861e-05,2.83987e-05,0.000169049,0,1.12135e-05,1.23085e-05,1.24135e-06,7.12453e-05,2.91322e-06,1.46485e-05,0.000121596,5.64035e-05,2.47742e-05,1.62664e-06,1.1642e-06,2.55074e-05,2.15722e-06,0.000115524,7.32084e-05,4.47748e-05,5.77199e-05,8.05299e-05,1.91583e-06,1.57735e-05,2.14737e-05,0.000150703,0,0.000144762,0,6.33423e-05,0.000142678,0.000164103,4.96703e-05,6.45291e-05,0.000155591,0,7.81134e-05,5.73567e-05,2.55872e-05,5.31529e-06,2.3675e-05,5.03278e-05,0.000101641,1.87645e-06,2.51639e-05,5.97662e-05,6.35962e-05,5.87093e-05,0.000155164,5.08547e-06,0.000112015,0.000105608,2.35342e-06,0.000178232,2.93168e-05,2.73844e-05,0.000115748,3.15329e-05,3.23725e-05,1.70275e-05,0.000104469,1.31196e-05,7.35094e-05,6.23296e-05,3.94397e-05,9.86568e-05,2.84526e-05,1.75274e-05,0.000198933,9.77421e-05,3.44467e-05,3.6391e-05,0.000187319,3.18771e-05,3.29456e-05,6.75843e-05,3.88601e-05,8.81295e-05
"PWY-2941: L-lysine biosynthesis II",0.00012832,5.98368e-05,4.76205e-05,0.00024846,7.74184e-05,0,5.23642e-05,7.32356e-06,3.96948e-05,0.000157659,5.26085e-05,0.000150447,9.23564e-05,0.000370925,5.53644e-05,0.0001085,0.000102854,0.000124681,6.63702e-05,6.98151e-05,0.00012666,5.74347e-05,7.27632e-05,0.000107379,4.82542e-05,2.93004e-05,6.11578e-05,0.000128478,0.000100317,4.43029e-05,2.26881e-05,0.000163208,8.74175e-05,0.000156556,7.24991e-05,0.000182607,2.45285e-05,4.13677e-05,7.23401e-05,4.59149e-05,1.35876e-05,5.51489e-05,5.16926e-05,0.000148968,0.000104265,6.91095e-05,0.000134798,8.4334e-05,0.00020765,0.000112412,0.000102886,7.9569e-05,7.20327e-05,7.47807e-05,8.60531e-05,6.48803e-05,0.000114593,0.00010673,5.83625e-05,7.72671e-05,4.89189e-05,0.000107021,9.28678e-05,0.000126539,8.36525e-05,1.3654e-05,2.49036e-05,0.000249588,9.52136e-05,0.000105446,0.000156028,5.7223e-05,8.83048e-05,8.99316e-05,0.000112609,5.69703e-05,2.38478e-05,8.26623e-05,0.000521804
"PWY-2942: L-lysine biosynthesis III",0.000378421,0.000470461,0.000369215,0.0004576,0.000334138,0.000405346,0.000387292,0.000373274,0.00034306,0.000349856,0.000455996,0.000365072,0.000224548,0.000452319,0.0004103,0.000522455,0.000676937,0.000420008,0.000385103,0.000468766,0.000394503,0.00035243,0.000421358,0.000314778,0.000416431,0.000485773,0.00033474,0.000424746,0.000438887,0.000466087,0.000344254,0.000337625,0.000285984,0.000329743,0.000310181,0.000283934,0.00136073,0.000516193,0.000359463,0.000446973,0.000644956,0.000477536,0.000459011,0.000426191,0.000447839,0.000411587,0.000430657,0.000380329,0.000419815,0.000458333,0.000358561,0.000267522,0.000353596,0.000449326,0.000395266,0.000502896,0.000507766,0.000302396,0.000432104,0.000355241,0.000298251,0.00033233,0.000340811,0.000427556,0.000463118,0.000516549,0.000366929,0.000423878,0.000329501,0.0004199,0.000338318,0.000336369,0.000443464,0.000407086,0.00040341,0.00037896,0.00028606,0.000350176,0.000616528
"PWY-3001: superpathway of L-isoleucine biosynthesis I",0.000337003,0.000282274,0.000256475,0.000332943,0.000358357,0.000504118,0.000309149,0.000533864,0.000301151,0.000284556,0.000274878,0.000326721,0.00016023,0.000266339,0.000285702,0.000218815,0.000336131,0.000278276,0.000356223,0.000346918,0.00031942,0.000241683,0.000283229,0.000299586,0.000313154,0.000394586,0.000359092,0.000255262,0.000419739,0.000296055,0.000166497,0.000338248,0.00031049,0.000181266,0.000248378,0.000250325,0.000131729,0.000306291,0.000348249,0.000327327,0.00012877,0.000289601,0.000336989,0.000373787,0.000355507,0.000240446,0.000363732,0.000317327,0.00031596,0.000257861,0.000290016,0.000313016,0.000309836,0.000356752,0.000337798,0.000334499,0.000273372,0.000340158,0.000278864,0.000285954,0.000333145,0.000385945,0.000304983,0.000270757,0.000350487,0.000232919,0.000332162,0.00042321,0.000270777,0.00044038,0.0003313,0.000254438,0.000330822,0.000373168,0.000258606,0.000336439,0.000261758,0.000343213,0.000614013
"PWY-3781: aerobic respiration I (cytochrome c)",0,0,0,0,0,0,0,0,0,0,0,0,0,0,0,0,0,0,0,0,0,0,0,0,0,0,0,0,0,0,0,0,0,0,0,0,0,0,0,0,0,0,0,0,0,0,0,0,0,0,0,0,0,0,0,0,0,0,0,0,0,0,0,0,0,0,0,0,0,0,0,0,0,0,0,0,0,0,0
"PWY-3801: sucrose degradation II (sucrose synthase)",6.97821e-05,0,0,0,3.1292e-05,0.000280535,0,3.83936e-05,0,0,0,0,1.05682e-06,0,0,0,0,0,0,0,0,0,0,0,0,0,0,0,0,0,0,0,0,0,0,0,0,9.4515e-06,0,0,0,0,0,0,0,0,0,0,8.744e-06,0,0,0,0,0,0,0,0,0,0,0,0,0,0,0,0,0,0,1.13479e-06,5.94474e-06,0,0,0,0,0,0,4.85013e-06,0,0,4.72311e-05
"PWY-3841: folate transformations II (plants)",0.000401719,0.00066257,0.000570864,0.000340185,0.000273017,0.000368683,0.000539657,0.000338972,0.000410688,0.00037599,0.000556057,0.000390025,0.000337707,0.000380823,0.00059334,0.000576703,0.000669724,0.000505441,0.000570071,0.000570749,0.00046424,0.000432215,0.000433923,0.000636396,0.000495761,0.000545134,0.000333591,0.000479847,0.000521628,0.000583748,0.000351103,0.000333254,0.000235756,0.000312614,0.000385418,0.000253146,0.000816284,0.000528473,0.000399221,0.000531541,0.000531299,0.000535407,0.0005571,0.000487037,0.000562313,0.000411165,0.000472147,0.000486868,0.000479349,0.00056998,0.0004516,0.000363372,0.000378251,0.000564745,0.000520217,0.000672315,0.000577915,0.000414429,0.000556833,0.000478133,0.0005257,0.000317763,0.000499429,0.000570843,0.000617389,0.000754185,0.000358523,0.000333045,0.000495213,0.000373779,0.000401456,0.000407535,0.000575444,0.000346395,0.000462376,0.000402708,0.000489089,0.000500376,0.000583999
"PWY-4041: &gamma;-glutamyl cycle",0.000205853,3.6703e-05,2.10278e-05,0.000230765,0.000415445,0.000448439,6.349e-05,0.000432182,7.335e-05,9.22295e-05,8.65643e-05,0.00017503,4.55667e-05,4.28627e-05,3.74864e-05,1.10336e-05,2.2436e-05,7.54777e-05,5.5483e-05,0.000155814,0.000103574,5.28786e-05,9.75914e-05,4.408e-05,3.06513e-05,2.98764e-05,0.000257191,7.84168e-05,0.000102885,2.86818e-05,4.72469e-05,0.000226682,0.000268531,6.11766e-05,6.0652e-05,0.000225971,2.38445e-06,7.31268e-05,4.51938e-05,4.9084e-05,7.96778e-06,3.23847e-05,5.42328e-05,0.000111534,4.00934e-05,3.79387e-05,0.000103669,0.000122183,6.96696e-05,0.000177229,0.000145664,0.000121777,7.24292e-05,2.75009e-05,5.43657e-05,4.39548e-05,2.81351e-05,0.000125484,3.01726e-05,4.37587e-05,2.54155e-05,0.000134352,1.87326e-05,6.87111e-05,0.000110649,2.29392e-05,7.42495e-05,0.000418874,2.15084e-05,0.000228215,0.00010505,2.78923e-05,2.57095e-05,0.000240517,0.000100509,7.56801e-05,1.15941e-05,0.000106601,0.000205061
"PWY-4361: S-methyl-5-thio-&alpha;-D-ribose 1-phosphate degradation I",0,0,0,0,7.95585e-07,0,0,0,0,0,0,0,0,0,0,0,0,0,0,0,0,0,0,0,0,0,0,0,0,0,0,0,0,0,0,0,0,0,0,0,0,0,0,0,0,0,0,0,0,0,0,0,0,0,0,0,0,5.57632e-07,0,0,0,0,0,0,0,0,0,0,0,0,0,0,0,0,0,0,0,0,0
"PWY-4702: phytate degradation I",0,0,0,0,0,0,0,0,0,0,0,0,0,0,0,0,0,0,0,0,0,0,0,0,0,0,0,0,0,0,0,0,0,0,0,0,0,0,0,0,0,0,0,0,0,0,0,0,0,0,0,0,0,0,0,0,0,0,0,0,0,0,0,0,0,0,0,0,0,0,0,0,0,0,0,0,0,0,0
"PWY-4984: urea cycle",0.000348018,6.05022e-05,0.000143062,0.000308128,2.36174e-05,3.33206e-06,0.000197603,0,0.000166977,0.000212455,0.000188589,0.000194617,0.00018649,0.000144825,0.000109199,9.14436e-05,0.000618529,0.000127576,6.05511e-05,0.000252656,0.000199365,0.00012865,0.00025634,0.000146595,0.000221225,0.000340185,0.00016526,0.000108156,0.00042775,0.000113628,7.91457e-05,0.000235635,0.000104072,0.000131476,0.000124195,1.40921e-05,1.33599e-05,0.000190595,0.000132916,7.7174e-05,6.88739e-05,0.000142504,0.00016185,0.000295957,0.000185615,8.99846e-05,0.000316607,0.000218765,0.000212951,5.75562e-05,0.000197342,0.000136254,0.000138642,0.000254325,0.000108767,0.000187907,0.000143309,0.000152697,0.000161937,0.000145276,6.60156e-05,0.000128655,0.000145493,3.02485e-05,0.00024829,3.07078e-05,0.000138105,4.42468e-06,0.000203815,0.000132336,0.00037677,0.00013154,0.000115519,7.88933e-05,0.000238123,6.07974e-05,2.10375e-05,0.000234631,5.98643e-05
"PWY-5004: superpathway of L-citrulline metabolism",0,0,5.74405e-06,1.21873e-06,0,0,9.3127e-06,0,0,0,3.22227e-06,1.30321e-05,9.60872e-06,2.50533e-06,3.90623e-06,1.19138e-05,0,7.51507e-06,1.63642e-05,0,4.62893e-06,4.15225e-05,1.289e-05,1.02423e-05,0,0,0,9.97868e-06,0,1.65381e-05,2.20812e-06,0,0,2.86181e-06,0,0,0,1.24625e-05,0,3.65313e-06,1.04959e-05,0,8.60269e-06,5.53e-06,0,3.3674e-06,4.61298e-06,1.74871e-06,0,2.66057e-05,5.01615e-06,1.20839e-05,8.51233e-06,0,1.83867e-05,1.08262e-05,0,9.45443e-06,8.2787e-06,2.50095e-06,1.65896e-05,1.82906e-06,1.46701e-05,4.06612e-05,0,1.62741e-05,1.58394e-05,2.22813e-06,3.21266e-05,0,0,6.91309e-06,1.22434e-05,2.29371e-05,0,2.10218e-06,1.87075e-06,0,0
"PWY-5005: biotin biosynthesis II",7.34906e-06,9.62557e-06,0,0,0,7.38329e-06,5.77439e-05,4.53788e-07,1.27175e-05,2.73818e-05,1.20387e-05,1.82252e-06,9.96173e-06,7.70039e-05,3.41061e-05,5.51481e-05,1.36341e-05,1.23812e-05,3.8276e-05,2.04065e-05,3.69688e-06,0,0,3.18399e-05,7.68041e-06,4.76264e-06,3.52054e-06,2.37423e-05,3.59658e-05,6.72888e-06,4.92465e-06,3.9137e-05,4.64884e-06,3.65308e-06,9.97971e-06,2.72308e-05,0,2.23077e-05,1.23709e-05,2.19129e-05,3.2041e-06,1.30508e-05,7.99794e-06,3.88766e-05,1.76517e-05,8.25973e-05,4.13305e-05,3.5366e-05,0,0,5.8654e-05,2.16942e-05,1.88251e-05,2.9358e-06,0,0,5.83869e-06,2.4574e-05,0,0,0,3.8917e-05,1.17173e-05,3.32818e-06,1.95225e-05,1.26656e-05,0,0,3.4854e-05,1.67117e-05,6.42736e-06,3.6365e-05,8.16921e-05,9.00516e-07,4.25346e-05,2.7071e-05,9.43747e-06,7.4315e-05,2.82389e-05
"PWY-5022: 4-aminobutanoate degradation V",0.000130213,5.02475e-06,1.86253e-05,2.8542e-05,0,0,6.50137e-06,0,2.595e-05,8.32536e-05,1.46442e-05,6.44103e-05,5.27062e-05,1.88056e-05,5.13464e-05,1.0462e-05,4.49996e-06,6.36516e-05,6.00473e-06,1.03388e-05,5.53656e-05,6.84332e-05,0,3.01614e-06,3.99754e-05,7.33012e-06,0.000139838,6.93441e-05,5.58492e-05,3.19935e-06,3.8274e-05,7.66998e-05,5.23942e-05,0,2.96418e-05,0.00010383,0,1.10034e-05,2.89269e-05,9.32352e-05,1.88988e-06,2.60324e-05,3.67551e-05,4.64118e-06,9.87949e-06,1.79009e-05,5.10002e-06,1.97112e-05,5.65097e-05,9.43137e-05,9.90447e-06,0,6.54784e-05,2.12618e-06,5.91403e-06,1.50691e-05,2.87424e-05,6.09557e-05,7.40515e-06,1.09638e-05,6.91764e-06,3.44325e-05,6.30667e-05,2.56111e-05,2.9352e-05,7.74316e-06,2.50502e-05,0,1.58525e-05,3.86909e-05,3.29027e-05,1.83101e-05,0,0.000110486,4.93301e-05,6.56671e-05,5.1401e-06,2.37537e-05,2.656e-05
"PWY-5028: L-histidine degradation II",0,0,0,0,8.11319e-07,0,0,5.0285e-07,0,0,0,0,0,0,0,0,0,0,0,0,0,0,0,0,0,0,0,0,0,0,0,0,0,0,1.57917e-06,0,0,0,0,0,0,0,0,0,0,0,0,0,0,0,0,0,0,0,0,0,0,0,0,0,0,0,0,0,0,0,0,0,0,0,0,0,0,0,0,0,0,0,0
"PWY-5030: L-histidine degradation III",0.000260523,0.000115334,0.0004384,0,0,0,0.000173696,0,0.000145687,0.000482444,0.000332412,0.000175601,9.65693e-05,0.00034079,0.000135869,5.78411e-05,0.000520245,0.000256766,0.00013662,0.000375902,0.000130498,0.000238958,0.000229852,0.000344358,0.000267106,0.000376947,0.000164861,0.000263021,0.00024819,0.000212413,7.02714e-05,0.000230134,0.000185913,0.000196278,0.00014791,8.12472e-05,1.77392e-05,0.000150672,0.000398874,0.000149997,8.78188e-05,0.000151109,0.000191433,0.000140608,0.000274754,7.98958e-05,0.000155648,0.000162961,0.000276498,0.000485504,0.00052198,0.000193189,0.000158412,0.000280018,9.46695e-05,0.000135781,0.000534211,0.000166026,0.000114501,0.000145833,4.48789e-05,0.000125029,0.000224317,5.32847e-05,0.000201151,0.00014397,0.000172272,0,0.000341706,0.000106423,0.000195136,0.000145209,0.000209588,4.26181e-05,0.000468127,0.000172452,9.9866e-06,0.000223368,3.1086e-05
"PWY-5055: nicotinate degradation III",1.22783e-06,0,0,0,0,0,0,0,0,0,0,0,0,0,0,0,0,0,0,0,0,0,0,0,0,0,0,0,0,0,0,0,0,0,0,0,0,0,0,0,0,0,0,0,4.91511e-07,0,0,0,0,0,0,0,0,0,0,0,0,0,0,0,0,0,0,0,0,0,0,0,8.35207e-07,0,0,0,0,0,0,0,0,0,0
"PWY-5079: L-phenylalanine degradation III",0,0,0,0,0,0,0,0,0,0,0,0,0,0,0,0,0,0,0,0,0,0,0,0,0,0,0,0,0,0,0,0,0,0,0,0,0,0,0,0,0,0,0,0,0,0,0,0,0,0,0,0,0,0,0,0,0,0,0,0,0,0,0,0,0,0,0,0,0,0,0,0,0,0,0,0,0,0,0
"PWY-5080: very long chain fatty acid biosynthesis I",0,0,0,0,0,0,0,0,0,0,0,0,0,0,0,0,0,0,0,0,0,0,0,0,0,0,0,0,0,0,0,0,0,0,0,0,0,0,0,0,0,0,0,0,0,0,0,0,0,0,0,0,0,0,0,0,0,0,0,0,0,0,0,0,0,0,0,0,0,0,0,0,0,0,0,0,0,0,0
"PWY-5088: L-glutamate degradation VIII (to propanoate)",0,0,9.80084e-07,2.20979e-05,0,0,0,0,0,0,0,0,0,0,0,0,0,0,0,0,0,9.45644e-06,8.4084e-06,0,0,0,8.46974e-06,0,0,0,0,0,4.96835e-07,0,1.43865e-06,8.85895e-06,0,6.77412e-07,5.29891e-06,0,0,0,1.44263e-06,0,0,0,0,0,4.13605e-06,6.44593e-06,0,0,0,0,0,0,0,0,0,0,0,1.17673e-05,0,9.3273e-06,0,0,5.2975e-06,0,2.72724e-06,0,0,0,0,0,5.04456e-07,0,0,0,0
"PWY-5097: L-lysine biosynthesis VI",0.000386024,0.000484468,0.000483034,0.000458262,0.000334029,0.000417721,0.000479243,0.00039068,0.00037603,0.000384962,0.00050511,0.000368759,0.000243904,0.000464012,0.000470609,0.000557833,0.000675018,0.00041622,0.000536349,0.000481819,0.000413558,0.000363017,0.000421154,0.000319894,0.000442058,0.000542387,0.00036394,0.000432028,0.000475206,0.000476053,0.000372772,0.000365135,0.00035927,0.000303863,0.000385846,0.000280928,0.00129598,0.000563892,0.000410971,0.000483195,0.000658155,0.000498528,0.000495414,0.000513852,0.000498755,0.000437371,0.000499709,0.000493111,0.000470294,0.000327581,0.000392407,0.000295668,0.00037837,0.000461101,0.000463874,0.000549363,0.000558025,0.000335043,0.000467145,0.000399608,0.000341487,0.00037718,0.000424497,0.000434653,0.000456751,0.000545721,0.000434992,0.000415504,0.000414269,0.000439379,0.000321592,0.000395582,0.000468297,0.000404182,0.000432449,0.000529437,0.000318345,0.000408863,0.000587917
"PWY-5100: pyruvate fermentation to acetate and lactate II",0.000135818,0.000108164,8.55423e-05,0.000133771,0.000247118,0.000189622,6.37359e-05,1.18775e-05,0.000166077,0.000136289,7.3678e-05,0.000208911,0.000146878,6.99312e-05,0.000149533,0.000173757,0.000104974,0.000113656,0.000168785,0.000129955,0.000172908,7.14571e-05,5.12269e-05,7.49327e-05,8.21528e-05,7.58261e-05,0.000140115,0.000100049,0.000184818,7.88769e-05,9.41741e-05,0.000173637,0.000117114,5.12658e-05,0.000104934,0.000125734,7.09192e-05,0.000113962,0.000186613,9.09462e-05,7.94051e-05,0.000113584,0.000201412,0.000308579,0.000119752,0.000131925,0.000305988,0.00018699,0.000121638,0.000145553,6.99677e-05,0.000218927,0.000142427,0.000152237,0.000239199,0.000215862,8.23681e-05,0.000242569,0.000195717,0.000110207,0.000151247,0.000237377,3.8961e-05,0.000119209,0.00014532,9.3075e-05,0.000158733,0.000246089,0.000121664,0.000280524,0.00011274,0.000135254,0.000134779,0.000210532,0.000186971,9.52811e-05,0.00018283,0.00015114,0.000611952
"PWY-5101: L-isoleucine biosynthesis II",0,0,0,0,0,0,0,0,0,0,0,0,0,0,0,0,0,0,0,0,0,0,0,0,0,0,0,0,0,0,0,0,0,0,0,0,0,0,0,0,0,0,0,0,0,0,0,0,0,0,0,0,0,0,0,0,0,0,0,0,0,0,0,0,0,0,0,0,0,0,0,0,0,0,0,0,0,0,0
"PWY-5103: L-isoleucine biosynthesis III",0.000314992,0.000410993,0.00046372,0.000532158,0.000384221,0.000472681,0.000447053,0.000541342,0.000371599,0.000329936,0.000441868,0.000439565,0.000223117,0.000342355,0.000432938,0.000650545,0.000307831,0.000503648,0.000451568,0.000500133,0.000443849,0.000373815,0.000355541,0.000403843,0.000478088,0.000392317,0.00037201,0.00047366,0.000557308,0.000371151,0.000703715,0.000362109,0.000337407,0.000274249,0.000351129,0.000357925,0.0020789,0.000244247,0.000383191,0.000476591,0.00104295,0.00035026,0.000416934,0.000452296,0.000447298,0.000711669,0.000442587,0.00037281,0.00047652,0.00041379,0.000373283,0.000341991,0.000407792,0.000500318,0.000476424,0.000496468,0.000538026,0.000364201,0.000485252,0.00040465,0.000434589,0.000433513,0.000368947,0.000477118,0.000623597,0.000381379,0.000505855,0.000375058,0.000410369,0.00047438,0.000390858,0.00048969,0.000505998,0.000494118,0.000467607,0.000382026,0.000454733,0.000367078,0.000639594
"PWY-5104: L-isoleucine biosynthesis IV",1.80922e-05,0,6.74152e-06,0.000167505,0,0,2.20652e-06,0,4.89168e-05,0,0,6.15676e-05,1.48004e-05,8.79292e-06,0,9.7763e-07,3.72536e-06,1.77581e-06,8.85653e-06,0,5.24151e-06,3.87782e-05,4.76096e-05,0,7.00289e-06,3.72355e-06,0.000186557,0,0,0,4.37914e-05,0.00011823,0.000128416,1.85772e-05,2.20062e-05,6.19809e-05,0,8.27575e-07,2.70928e-05,8.8952e-06,2.43093e-06,6.25324e-06,1.47593e-05,0,0,1.1904e-06,0,6.98121e-06,6.04547e-06,0.000103166,1.08092e-06,6.55297e-06,4.002e-05,0,2.42548e-06,8.74371e-07,1.75262e-05,5.94078e-06,2.64189e-06,0,0,6.41881e-05,0,2.28405e-05,0,1.0481e-05,1.58287e-05,0,6.19355e-06,3.0663e-05,2.49913e-05,1.95648e-06,0,6.16651e-05,5.65962e-06,8.70038e-07,4.7123e-06,1.18544e-05,2.74624e-05
"PWY-5121: superpathway of geranylgeranyl diphosphate biosynthesis II (via MEP)",0.00025813,2.25144e-05,0.000122189,0.000112811,0.000139233,3.24067e-05,0.000212523,1.51396e-05,0.000157776,0.000368312,0.000141061,0.000154844,0.000131889,0.000155587,6.7594e-05,2.78248e-05,8.70221e-05,0.00017196,2.96271e-05,0.000277081,0.000147053,0.000115059,0.000100624,0.000209216,7.23223e-05,0.000348279,0.000290179,0.000174498,0.000141562,0.000108548,3.41856e-05,0.000309671,0.0002422,0.000197646,0.00011213,0.000146586,1.26165e-05,0.000126705,0.000428738,6.61536e-05,3.49036e-05,0.000120751,0.0001188,0.000126107,0.000115602,3.51017e-05,0.000147698,0.000174717,0.000246526,0.000130856,0.000181372,0.000120052,0.000137751,0.000163166,9.11401e-05,9.57566e-05,0.000335596,0.000129151,0.000105119,8.10678e-05,4.39055e-05,0.000271685,0.000212108,3.4811e-05,0.000139114,1.54906e-05,0.000158477,0.000153928,9.96856e-05,0.000120919,0.000203909,5.28724e-05,6.15733e-05,0.000166016,0.000230073,0.000305518,9.87292e-06,0.000143472,8.45766e-05
"PWY-5130: 2-oxobutanoate degradation I",1.28254e-05,5.44877e-06,0.000328901,0.000147657,0,2.90107e-05,5.7644e-05,0,5.8415e-05,1.24446e-05,0.000133868,8.10107e-05,7.29652e-06,0.000146096,3.93073e-05,1.20181e-05,6.13638e-06,3.55839e-05,4.18877e-05,0.000112144,1.05057e-05,0.000112456,7.26578e-05,4.07637e-06,5.75495e-05,0.000157718,5.17953e-06,3.43729e-05,4.71592e-05,8.16633e-05,2.4315e-05,9.85618e-06,2.50382e-06,3.32197e-05,4.7681e-05,3.82797e-06,0,1.33342e-05,4.38196e-06,4.94813e-05,3.26419e-05,3.32887e-05,5.10643e-05,4.96002e-05,4.46038e-05,0,5.22534e-05,4.97809e-05,7.89765e-05,0.000422715,8.64752e-06,2.34382e-05,4.31096e-05,0.00010994,4.61229e-05,4.38741e-05,9.79767e-05,3.04781e-05,3.39923e-05,9.864e-05,1.57824e-05,7.99956e-06,7.8408e-05,6.27721e-06,8.89031e-05,6.1458e-05,6.48965e-05,0,0.000123715,1.82033e-06,5.51692e-06,0.000127944,0.000111022,2.73477e-06,5.29543e-05,5.81386e-05,0,3.46525e-05,1.28631e-05
"PWY-5136: fatty acid &beta;-oxidation II (plant peroxisome)",0.000156839,1.13587e-05,2.40845e-05,0.000261792,0.000548965,0.000647783,0,0.000769094,9.3996e-05,1.38204e-05,1.09463e-05,0.000122432,8.12382e-05,3.00589e-05,9.41363e-06,1.27869e-05,3.48874e-05,5.92206e-06,2.80194e-05,2.70957e-05,5.19175e-05,6.00323e-05,0.000118309,1.22955e-05,3.99617e-05,1.14258e-05,0.000239445,9.35059e-06,2.90095e-05,2.85797e-06,5.35797e-05,0.000117143,0.000174592,6.81902e-05,4.90323e-05,0.000139768,0,1.91972e-05,5.71566e-05,3.98899e-05,4.83242e-06,6.37831e-06,5.46019e-05,9.63812e-06,1.74601e-05,3.24305e-05,7.90029e-06,2.73865e-05,5.90771e-05,0.000201433,0,0.000106153,0.000103607,6.80329e-06,1.35613e-05,1.72278e-05,4.09532e-05,9.78033e-05,1.6365e-05,8.4743e-06,1.46527e-05,7.75243e-05,3.24448e-06,7.59181e-05,1.03456e-05,9.14038e-06,3.82264e-05,0.00052129,3.53392e-05,0.000147793,6.6514e-05,5.85738e-05,0,0.000268363,0.000114909,1.56464e-05,7.01898e-06,7.77402e-05,4.99544e-05
"PWY-5138: fatty acid &beta;-oxidation IV (unsaturated, even number)",4.79002e-05,0,6.4211e-06,8.90415e-05,0.000149745,0.000452471,0,0.000622542,3.56404e-05,0,3.82905e-06,4.0544e-05,1.36366e-05,1.76098e-05,0,0,0,0,4.34319e-06,0,2.40282e-05,2.23408e-05,3.74615e-05,0,4.15723e-06,0,0.000120201,0,0,0,1.20444e-05,5.22333e-05,7.92204e-05,5.81162e-06,9.0711e-06,5.41132e-05,0,5.53555e-06,1.50973e-05,3.05957e-06,0,1.24364e-06,9.67441e-06,0,1.06521e-06,6.4469e-06,0,6.11523e-06,3.20079e-05,7.82621e-05,0,7.15439e-05,1.5638e-05,0,0,3.55457e-07,1.76448e-05,5.71094e-05,0,0,0,3.25202e-05,1.23151e-06,3.18706e-05,0,3.9311e-06,8.46243e-06,0.000257771,5.74035e-06,2.96908e-05,1.13433e-05,1.0953e-05,0,0.0001729,5.66782e-06,4.72466e-06,1.49762e-06,4.36083e-06,1.99124e-05
"PWY-5154: L-arginine biosynthesis III (via N-acetyl-L-citrulline)",0.000315028,0.000238582,0.000202023,0.000296051,0.000379474,0.000451973,0.000300164,0.000463809,0.000151039,0.000289556,0.000255313,0.000239444,0.000165856,0.00015523,0.000192894,0.000261732,0.000593183,0.000296446,0.000218186,0.000256495,0.000252069,0.000207381,0.000304287,0.000190672,0.000354125,0.00032759,0.000274057,0.000274148,0.000361992,0.000379219,0.000188543,0.000297198,0.000252493,0.00014941,0.000185656,0.000248494,0.000241694,0.000201578,0.000292122,0.000309218,0.000171707,0.000226835,0.000235571,0.000257603,0.000382684,0.000234217,0.000254397,0.000319968,0.000220595,0.000176776,0.000197935,0.000197456,0.000256355,0.000302653,0.000115226,0.000312462,0.000161316,0.000193995,0.000272331,0.000224328,0.000266912,0.000261671,0.000273685,0.000168847,0.000308078,0.000459501,0.00027964,0.000354093,0.000252153,0.000232406,0.000312222,0.000263232,0.000286263,0.000300019,0.000251973,0.000339626,0.000331546,0.000328406,6.00992e-05
"PWY-5156: superpathway of fatty acid biosynthesis II (plant)",0,0,0,0,0,0,0,0,0,0,0,0,0,0,0,0,0,0,0,0,0,0,0,0,0,0,0,0,0,0,0,0,0,0,0,0,0,0,0,0,0,0,0,0,0,0,0,0,0,0,0,0,0,0,0,0,0,0,0,0,0,0,0,0,0,0,0,0,0,0,0,0,0,0,0,0,0,0,0
"PWY-5178: toluene degradation IV (aerobic) (via catechol)",0,0,0,0,0,0,0,0,0,0,0,0,0,0,0,0,0,0,0,0,0,0,0,0,0,0,0,0,0,0,0,0,0,0,0,0,0,0,0,0,0,0,0,0,0,0,0,0,0,0,0,0,0,0,0,0,0,0,0,0,0,0,0,0,0,0,0,0,0,0,0,0,0,0,0,0,0,0,0
"PWY-5180: toluene degradation I (aerobic) (via o-cresol)",0,0,0,9.85475e-05,0,0,0,2.89285e-06,0,0,0,0,0,0,0,0,0,0,0,0,0,0,0,0,0,0,0,0,0,0,0,0,0,0,0,0,0,0,0,0,0,0,0,0,0,0,0,0,0,0,0,0,0,0,0,0,0,2.84488e-05,0,0,0,0,0,0,0,0,0,0.000123938,0,6.5615e-05,0,7.47541e-06,0,0,0,0,0,0,1.61847e-05
"PWY-5188: tetrapyrrole biosynthesis I (from glutamate)",0.000116337,0.000155104,2.60481e-05,0.000165207,0.000339878,0.000331615,7.41158e-05,0.000341107,8.58732e-05,0.0001424,4.69169e-05,0.000111452,6.01871e-05,8.90848e-05,0.000103264,5.37229e-05,6.47961e-05,3.81984e-05,6.03476e-05,4.85172e-05,0.000126891,5.25745e-05,0.000159937,5.7955e-05,6.44373e-05,6.10971e-05,0.000241725,4.51057e-05,0.000101083,5.00141e-05,4.7017e-05,0.000129046,0.000127599,4.06327e-05,8.61479e-05,0.000130459,4.1059e-05,5.03875e-05,7.5355e-05,4.08323e-05,2.36841e-05,9.38482e-05,7.20813e-05,0.000145764,6.45827e-05,6.54359e-05,0.000148798,0.000147883,8.93531e-05,0.000155441,2.91868e-05,0.000109373,7.35466e-05,6.01641e-05,0.000115305,0.000144972,5.92403e-05,0.000100854,0.000118231,8.62107e-05,2.38469e-05,8.72504e-05,3.32071e-05,0.000335085,4.81521e-05,1.89863e-05,7.56224e-05,0.000263015,5.2116e-05,0.000139385,0.000108957,0.000108734,9.60444e-05,0.000275638,6.44286e-05,5.51256e-05,2.40907e-05,6.39281e-05,9.45052e-05
"PWY-5189: tetrapyrrole biosynthesis II (from glycine)",5.38359e-05,6.1217e-06,5.56432e-06,0.000113216,0.000258896,0.000321575,0,0.00035425,5.89894e-05,0,2.56825e-06,5.04312e-05,5.80079e-06,5.96542e-05,0,0,4.25043e-06,2.26394e-06,1.86666e-05,0,1.88432e-05,2.65209e-05,5.69718e-05,0,5.43355e-06,2.57294e-06,0.000176545,0,0,0,2.90736e-05,6.85081e-05,8.0174e-05,2.28849e-05,2.86066e-05,9.21614e-05,9.93455e-06,7.13537e-06,2.21581e-05,1.01177e-05,0,4.49563e-06,1.9579e-05,0,2.74852e-06,3.94309e-06,5.00956e-07,1.39257e-05,1.25976e-05,0.000128586,4.84839e-07,9.08046e-05,3.17961e-05,0,1.26172e-06,3.43767e-06,7.80384e-06,8.34666e-05,3.70816e-06,0,0,5.517e-05,3.15382e-06,5.13886e-05,0,6.22533e-06,2.4654e-05,0.000142752,6.29507e-06,8.53808e-05,1.87375e-05,1.43851e-05,0,0.000103003,3.56592e-05,2.74948e-06,2.54359e-06,2.2387e-05,4.90556e-05
"PWY-5198: factor 420 biosynthesis II (mycobacteria)",0,0,0,0,0,0,0,0,0,0,0,0,0,0,0,0,0,0,0,0,0,0,0,0,0,0,0,0,0,0,0,0,0,0,0,0,0,0,0,0,0,0,0,0,0,0,0,0,0,0,0,0,0,0,0,0,0,0,0,0,0,0,0,0,0,0,0,0,0,0,0,0,0,0,0,0,0,0,0
"PWY-5209: methyl-coenzyme M oxidation to CO2",0,0,0,0,0,0,0,0,0,0,0,0,0,0,0,0,0,0,0,0,0,0,0,0,0,0,0,0,0,0,0,0,0,0,0,0,0,0,0,0,0,0,0,0,0,0,0,0,0,0,0,0,0,0,0,0,0,0,0,0,0,0,0,0,0,0,0,0,0,0,0,0,0,0,0,0,0,0,0
"PWY-5265: peptidoglycan biosynthesis II (staphylococci)",7.543e-06,0,0,0,0,0,0,3.63734e-06,6.22479e-06,0,0,6.75932e-06,0,0,6.17495e-06,0,1.06973e-05,0,7.31921e-06,1.39402e-06,0,0,0,7.02018e-06,2.65036e-05,0,0,9.95884e-06,0,0,0,0,0,0,0,3.70207e-06,0,0,0,0,0,0,0,0,3.20905e-06,0,0,0,0,0,0,0,1.31622e-05,0,0,5.34034e-06,6.4191e-06,0,0,5.23079e-06,0,6.27703e-06,0,1.55086e-05,0,0,0,1.2716e-05,0,1.15342e-05,4.18614e-06,8.9002e-06,0,1.71419e-05,2.64542e-05,0,0,8.56584e-06,0.000157702
"PWY-5306: superpathway of thiosulfate metabolism (Desulfovibrio sulfodismutans)",0,0,0,0,0,0,0,0,0,0,0,0,0,0,0,0,0,0,0,0,0,0,0,0,0,0,0,0,0,0,0,0,0,0,0,0,0,0,0,0,0,0,0,0,0,0,0,0,0,0,0,0,0,0,0,0,0,0,0,0,0,0,0,0,0,0,0,0,0,0,0,0,0,0,0,0,0,0,0
"PWY-5345: superpathway of L-methionine biosynthesis (by sulfhydrylation)",0.000241574,4.00384e-05,3.01771e-05,0.000317321,0.000176813,0.0003121,6.97892e-06,1.48642e-05,0.000129591,0,2.21636e-05,0.000183061,3.93699e-05,3.02959e-05,5.00782e-05,0,0,8.20372e-06,2.8407e-05,0,0.000104732,0.000115887,0.000109723,0,2.65524e-05,2.37163e-05,0.000220299,0,0,0.000104401,0.000123569,0.00019575,0.000160548,7.86012e-05,0.00011207,0.000217909,2.74988e-05,5.03171e-05,0.000104309,5.77633e-05,0,2.179e-06,0.000122871,1.11049e-06,1.74795e-05,3.327e-05,2.60175e-06,4.88649e-05,0.000134879,0.000117043,2.62766e-06,0.000185191,0.000134204,0,6.45321e-06,0,6.30526e-05,0.000177926,0,1.16373e-05,6.87427e-05,0.000188738,1.46618e-05,0.000159594,0,4.18091e-05,6.79506e-05,0.000243434,5.74331e-05,0.000235708,9.90183e-05,6.5007e-05,3.05185e-06,0.000256685,2.91004e-05,6.33094e-05,1.83375e-05,6.19926e-05,6.60423e-05
"PWY-5347: superpathway of L-methionine biosynthesis (transsulfuration)",0.000128384,0,1.71088e-05,0.000223061,0.000394088,0.000488752,0,0.000585047,8.325e-05,4.4664e-05,4.14108e-06,0.000128457,3.6838e-05,9.13802e-06,5.87476e-06,0,3.86559e-06,0,1.22368e-05,0,5.44873e-05,6.50151e-05,7.53342e-05,0,8.23488e-06,0,0.000224601,0,8.84135e-06,1.72613e-06,6.65764e-05,0.000185141,0.000225827,3.78724e-05,4.9748e-05,0.000222089,0,1.5849e-05,5.81601e-05,1.79957e-05,0,5.31969e-06,4.90402e-05,2.00637e-06,0,1.58763e-05,6.08746e-06,1.42938e-05,4.09772e-05,0.000109555,7.24953e-07,0.000129039,4.91564e-05,4.89233e-06,0,4.19152e-06,2.89084e-05,0.00011457,0,2.30537e-06,0,0.000160692,2.86981e-06,7.82856e-05,0,1.37713e-05,4.49514e-05,0.000347271,1.30077e-05,0.00014144,4.76397e-05,1.76787e-05,1.68279e-06,0.000265731,6.02115e-06,1.02454e-05,0,2.24646e-05,3.57639e-05
"PWY-5367: petroselinate biosynthesis",1.12448e-05,0,6.71501e-06,6.92646e-05,0.000139028,2.61889e-05,0,2.12091e-06,2.03444e-05,1.36203e-06,0,2.57834e-05,4.2036e-06,5.51064e-06,0,0,0,0,2.66961e-06,0,4.38522e-06,2.12385e-05,1.29779e-05,0,0,0,8.812e-05,0,2.44208e-06,0,1.61543e-05,5.464e-05,9.75083e-05,2.05072e-05,8.45684e-06,0.000111338,0,5.61874e-07,1.94648e-05,5.37657e-06,0,3.49084e-06,2.52473e-05,8.73507e-06,2.91709e-06,2.70032e-06,9.27494e-06,4.81574e-06,2.66084e-06,2.69457e-05,0,4.0634e-06,1.39711e-05,2.2551e-05,0,1.83683e-07,4.29214e-06,5.80602e-06,0,0,0,0.000195435,0,2.2817e-05,0,1.0175e-05,1.52913e-05,8.76511e-05,2.22547e-06,3.96055e-05,8.34045e-06,2.23179e-06,1.59282e-06,0.000121424,3.6684e-06,3.02545e-07,2.1031e-06,2.94512e-06,6.71145e-06
"PWY-5384: sucrose degradation IV (sucrose phosphorylase)",0.000172828,3.57055e-05,3.9706e-05,0.000133935,0.000439171,0.00048302,0.000105974,0.000468109,4.4726e-05,0.000184943,5.07817e-05,0.000124937,7.80888e-05,0.000222491,3.49481e-05,1.45686e-05,8.62146e-05,5.34895e-05,9.03372e-05,5.7516e-05,9.91144e-05,5.64648e-05,5.3184e-05,6.52832e-05,2.7422e-05,7.40949e-05,0.000166265,4.48403e-05,7.72192e-05,7.33635e-05,5.36351e-05,0.000191868,0.000110402,0.000107202,4.45707e-05,0.000214809,3.20828e-05,0.000141579,7.83617e-05,8.54525e-05,2.04286e-05,8.03884e-05,7.49028e-05,0.000112243,0.000104876,5.61546e-05,0.000101781,0.000141562,9.88937e-05,6.93864e-05,3.05391e-05,0.000169248,9.21276e-05,4.28629e-05,0.000175082,0.000116821,5.84635e-05,0.000192011,0.000106698,6.54436e-05,1.5596e-05,0.000115535,8.23136e-05,7.79501e-05,3.96917e-05,8.24609e-05,7.43712e-05,0.000335177,6.52187e-05,0.000317788,0.000130307,4.3188e-05,8.83488e-05,0.000154203,5.99113e-05,8.43323e-05,5.78807e-05,6.87821e-05,6.8159e-05
"PWY-5392: reductive TCA cycle II",1.22686e-05,0,1.23095e-06,0,0,0,0,0,3.26734e-06,0,0,7.79014e-06,3.593e-06,0,0,0,0,0,0,0,1.06591e-05,1.28752e-05,2.32948e-05,0,0,0,0,0,0,0,6.03283e-06,0,0,5.26122e-06,1.0918e-05,0,0,5.71625e-06,0,1.93776e-06,0,0,8.31301e-06,0,0,0,0,2.86857e-06,2.06949e-06,1.99343e-05,0,1.73161e-05,1.144e-05,0,0,0,0,1.67424e-05,0,0,0,1.16754e-06,0,4.90489e-06,0,1.03328e-06,0,0,2.3872e-06,1.43604e-05,6.83296e-06,1.9967e-06,0,1.06289e-05,9.18309e-07,2.11922e-06,0,4.80296e-06,0
"PWY-5415: catechol degradation I (meta-cleavage pathway)",0,0,0,1.09689e-06,0,0,0,6.93722e-07,0,0,0,0,0,0,0,0,0,0,0,0,0,0,0,0,0,0,0,0,0,0,0,0,0,0,0,0,0,0,0,0,0,0,0,0,0,0,0,0,0,0,0,0,0,0,0,0,0,8.78567e-07,0,1.02084e-06,0,0,0,0,0,0,0,4.98377e-06,0,8.89632e-07,0,4.9105e-07,0,0,0,0,0,0,1.38938e-05
"PWY-5417: catechol degradation III (ortho-cleavage pathway)",3.71805e-05,0,0,5.11613e-06,1.44432e-05,0.000238866,0,0.000235967,0,0,0,0,3.7594e-07,1.0693e-05,0,0,0,0,0,0,0,0,1.68124e-05,0,0,0,0,0,0,0,1.8688e-06,0,0,0,0,0,0,4.0026e-06,0,0,0,0,1.84941e-06,0,6.80992e-07,0,0,0,1.12393e-05,4.2866e-05,0,3.06273e-05,0,0,0,0,0,2.196e-05,0,0,0,0,0,0,0,0,0,1.08847e-05,0,0,0,0,0,0,0,2.63203e-06,0,0,4.33932e-06
"PWY-5419: catechol degradation to 2-hydroxypentadienoate II",0,0,0,0,0,0,0,0,0,0,0,0,0,0,0,0,0,0,0,0,0,0,0,0,0,0,0,0,0,0,0,0,0,0,0,0,0,0,0,0,0,0,0,0,0,0,0,0,0,0,0,0,0,0,0,0,0,0,0,0,0,0,0,0,0,0,0,0,0,0,0,0,0,0,0,0,0,0,0
"PWY-5420: catechol degradation II (meta-cleavage pathway)",0,0,0,0,0,0,0,0,0,0,0,0,0,0,0,0,0,0,0,0,0,0,0,0,0,0,0,0,0,0,0,0,0,0,0,0,0,0,0,0,0,0,0,0,0,0,0,0,0,0,0,0,0,0,0,0,0,0,0,0,0,0,0,0,0,0,0,0,0,0,0,0,0,0,0,0,0,0,0
"PWY-5431: aromatic compounds degradation via &beta;-ketoadipate",3.71805e-05,0,0,5.11613e-06,1.44432e-05,0.000238866,0,0.000235967,0,0,0,0,3.7594e-07,1.0693e-05,0,0,0,0,0,0,0,0,1.68124e-05,0,0,0,0,0,0,0,1.8688e-06,0,0,0,0,0,0,4.0026e-06,0,0,0,0,1.84941e-06,0,6.80992e-07,0,0,0,1.12393e-05,4.2866e-05,0,3.06273e-05,0,0,0,0,0,2.196e-05,0,0,0,0,0,0,0,0,0,1.08847e-05,0,0,0,0,0,0,0,2.63203e-06,0,0,4.33932e-06
"PWY-5464: superpathway of cytosolic glycolysis (plants), pyruvate dehydrogenase and TCA cycle",0,0,0,0,0,0,0,0,0,0,0,3.85921e-06,3.77111e-06,1.83339e-05,0,0,0,0,0,0,0,0,0,0,0,0,0,0,0,0,0,0,9.15254e-06,0,0,3.10131e-06,0,0,0,4.12525e-06,0,0,0,0,0,0,0,0,0,0,0,1.10047e-05,0,0,0,1.16743e-06,0,1.25103e-05,0,0,0,0,0,6.96533e-06,0,0,7.24103e-06,0,0,0,4.6211e-06,0,0,0,0,7.21402e-07,0,0,2.24006e-05
"PWY-5484: glycolysis II (from fructose 6-phosphate)",0.000360122,0.000224712,0.000205501,0.00039105,0.000424476,0.000370634,0.000295325,0.000367775,0.000199508,9.45573e-05,0.000298345,0.0002967,0.000179987,0.000343075,0.000160781,0.000124153,0.000228994,0.000168541,0.000195712,0.00033916,0.000142681,0.000171717,0.000200408,0.000376868,0.000247413,0.000373908,0.00033794,0.000127563,0.000290374,0.000107905,0.000159614,0.000285325,0.000298073,0.00022032,0.000144522,0.000263048,7.27472e-05,0.000155954,0.000221314,0.000227688,7.63394e-05,0.000106522,0.00019134,0.000235354,0.000390136,0.00020088,0.000211022,0.000156671,0.000327669,0.000273463,0.000287346,0.000284529,0.000234465,0.000254924,0.00026259,0.000218777,0.000209295,0.000279991,0.00019514,0.000184942,8.34184e-05,0.000237227,0.000261307,0.000240623,0.000350995,9.39472e-05,0.000202851,0.000387112,0.000299221,0.000339801,0.000228079,0.00019093,0.000254271,0.000347717,0.000464096,0.000121514,0.000121065,0.000199797,0.000216909
"PWY-5494: pyruvate fermentation to propanoate II (acrylate pathway)",0,0,0,0,0,0,0,0,3.19656e-06,1.91081e-06,0,1.19446e-06,0,0,1.3257e-06,0,0,0,0,1.54924e-07,2.43334e-06,0,0,5.91287e-07,0,0,0,0,2.09338e-06,0,0,0,6.35038e-06,1.07771e-05,3.60984e-06,0,0,0,2.91685e-06,4.96465e-07,0,0,0,0,0,0,0,8.36536e-07,0,0,0,1.24323e-06,5.76299e-07,3.01182e-06,0,2.57963e-06,0,1.70924e-06,1.67376e-06,0,0,1.13228e-06,0,0,0,0,9.72572e-06,0,0,0,1.0936e-06,0,0,0,0,0,0,0,0
"PWY-5497: purine nucleobases degradation II (anaerobic)",3.55161e-05,2.00868e-05,2.53596e-05,6.18239e-05,0.000177825,2.41438e-05,0,1.87549e-06,8.24631e-05,6.37597e-05,2.22167e-05,6.2542e-05,2.78308e-05,3.07044e-05,0,9.10382e-06,2.1562e-05,1.26387e-05,2.8814e-05,0,4.349e-05,4.6332e-05,5.23888e-05,1.36677e-05,4.24338e-05,1.75942e-05,3.64271e-05,1.27998e-05,0,0,1.78037e-05,5.18816e-05,4.35442e-05,5.30271e-05,4.19345e-05,4.32826e-05,0,3.20351e-05,8.01386e-05,4.29037e-05,7.60327e-06,1.87986e-05,6.07206e-05,0,1.89869e-05,3.44433e-05,1.00684e-05,3.53631e-05,7.39682e-05,2.40365e-05,3.06359e-05,4.20834e-05,7.32126e-05,0,1.19935e-05,1.91361e-05,6.14189e-05,4.28871e-05,0,2.52679e-05,4.02373e-06,3.07172e-05,8.60649e-06,4.07015e-05,0,1.69397e-05,3.20166e-05,3.87984e-05,4.16021e-05,6.92917e-05,9.59479e-05,1.86705e-05,1.91194e-05,7.55594e-05,9.49909e-05,5.62582e-05,1.98996e-06,4.54116e-05,1.87533e-05
"PWY-5505: L-glutamate and L-glutamine biosynthesis",2.33407e-05,6.69911e-05,3.31744e-05,1.05576e-05,1.26742e-05,0,5.09712e-05,0,6.9351e-05,8.62975e-05,2.14984e-05,7.45586e-05,0.000127331,5.47437e-06,5.37971e-05,8.63885e-05,4.07289e-05,8.03543e-05,6.97162e-05,5.91883e-05,3.65131e-05,3.96794e-05,9.00303e-06,2.28681e-05,7.24927e-05,4.08009e-05,8.95074e-05,7.86051e-05,8.46057e-05,3.18171e-05,6.70322e-05,7.55311e-05,9.09505e-05,4.64966e-05,6.08038e-05,0.000112228,7.24964e-05,5.36568e-05,8.96596e-05,8.02954e-05,4.44957e-05,6.29139e-05,0.000105505,7.38134e-05,5.5103e-05,5.68012e-05,8.14602e-05,6.64223e-05,2.17032e-05,3.99901e-05,7.38225e-07,7.30046e-05,7.34138e-05,5.20746e-05,4.34029e-05,5.39504e-05,1.64067e-05,8.37729e-05,4.53545e-05,4.42449e-05,3.86178e-05,8.1809e-05,4.78568e-05,3.06869e-05,8.47432e-05,2.14076e-05,8.34065e-05,0,6.23869e-05,8.38696e-05,3.44716e-05,9.84054e-05,5.7231e-05,2.75437e-05,6.36546e-05,0.000131463,4.03193e-05,5.34709e-05,1.1366e-05
"PWY-5514: UDP-N-acetyl-D-galactosamine biosynthesis II",0,0,0,0,0,0,0,0,0,0,0,0,0,0,0,0,0,0,0,0,0,0,0,0,0,0,0,0,0,0,0,0,0,0,0,0,0,0,0,0,0,0,1.71467e-06,0,0,0,0,0,0,0,0,0,8.73038e-07,0,0,0,0,0,0,0,0,0,0,0,0,0,0,0,0,0,0,0,0,0,0,0,0,0,0
"PWY-5531: 3,8-divinyl-chlorophyllide a biosynthesis II (anaerobic)",0,0,0,3.94418e-06,0,0,0,0,0,0,0,0,0,0,0,0,0,0,0,0,0,0,0,0,0,0,0,0,0,0,0,0,0,0,1.61804e-06,0,0,0,0,0,0,0,0,1.6827e-06,0,0,1.71786e-06,0,0,7.41825e-06,0,0,5.00225e-06,0,0,0,0,0,0,0,0,0,0,1.12799e-06,0,0,0,0,0,0,0,0,0,0,0,0,0,0,0
"PWY-561: superpathway of glyoxylate cycle and fatty acid degradation",0.000154042,0,1.568e-05,0.000178624,0.000368641,8.23634e-05,0,2.41493e-06,5.45956e-05,0,5.81578e-06,9.98078e-05,2.76389e-05,1.65065e-05,0,0,1.84698e-06,0,1.12e-05,0,3.48212e-05,4.65053e-05,5.83908e-05,0,4.38626e-06,0,0.000163605,0,0,0,5.70181e-05,0.000117577,0.000157682,3.73187e-05,3.60254e-05,0.000144999,0,1.52686e-05,3.57332e-05,2.32524e-05,0,6.51164e-06,3.67028e-05,0,0,7.81354e-06,0,2.01305e-05,5.15577e-05,9.93907e-05,0,5.70852e-05,6.08499e-05,0,0,1.57754e-06,1.82732e-05,5.76359e-05,0,3.15336e-06,0,8.18464e-05,3.67407e-06,7.6109e-05,0,9.27782e-06,2.83484e-05,0.000228316,1.41541e-05,0.000124472,4.4052e-05,1.05131e-05,0,0.000187221,1.58792e-05,1.05776e-05,3.75131e-06,1.41411e-05,4.62343e-05
"PWY-5647: 2-nitrobenzoate degradation I",0,0,0,0,0,0,0,0,0,0,0,0,0,0,0,0,0,0,0,0,0,0,0,0,0,0,0,0,0,0,0,0,0,0,0,0,0,0,0,0,0,0,0,0,0,0,0,0,0,0,0,0,0,0,0,0,0,0,0,0,0,0,0,0,0,0,0,0,0,0,0,0,0,0,0,0,0,0,0
"PWY-5651: L-tryptophan degradation to 2-amino-3-carboxymuconate semialdehyde",0,0,0,0,0,0,0,0,0,0,0,0,0,0,0,0,0,0,0,0,0,0,0,0,0,0,0,0,0,0,0,0,0,0,0,0,0,0,0,0,0,0,0,0,0,0,0,0,0,0,0,0,0,0,0,0,0,0,0,0,0,0,0,0,0,0,0,0,0,0,0,0,0,0,0,0,0,0,0
"PWY-5654: 2-amino-3-carboxymuconate semialdehyde degradation to 2-hydroxypentadienoate",1.3069e-05,0,0,0,0,0,0,0,0,0,0,0,0,0,0,0,0,0,0,0,0,0,0,0,0,0,0,0,0,0,2.12424e-07,0,0,0,0,0,0,0,0,0,0,0,0,0,0,0,0,0,1.14824e-06,0,0,0,0,0,0,0,0,0,0,0,0,0,0,0,0,0,0,0,0,0,0,0,0,0,0,7.72155e-08,0,0,0
"PWY-5656: mannosylglycerate biosynthesis I",1.87024e-05,1.79055e-06,0,0.000104938,2.07321e-05,2.53827e-05,0,5.46177e-07,2.63244e-05,0,0,4.50235e-05,2.80428e-06,0,0,0,0,0,3.03454e-06,0,3.15358e-06,1.48882e-05,1.76744e-05,0,1.66185e-06,0,0.000122544,0,0,0,2.94486e-05,7.55398e-05,8.57232e-05,2.4755e-05,1.7079e-05,6.96261e-05,0,1.31551e-06,1.65881e-05,8.34762e-06,0,8.09711e-07,1.53755e-05,0,0,0,0,1.79094e-06,1.53359e-06,2.90474e-05,2.6731e-07,1.1054e-06,2.75777e-05,0,0,4.09464e-07,5.98475e-06,2.39779e-06,0,0,0,5.94572e-05,3.24744e-06,4.10551e-05,0,2.23959e-06,1.09709e-05,0.000133532,6.38802e-07,6.97283e-05,1.12878e-05,5.62157e-06,4.65637e-07,7.1672e-05,5.79452e-06,4.30454e-07,0,4.74357e-06,4.22e-06
"PWY-5659: GDP-mannose biosynthesis",0.000193103,2.64613e-05,7.86159e-05,0.000239039,0.000101177,0.000239049,0.00018488,0.000260948,0.000191081,0.00014164,9.2538e-05,0.00013217,0.000119787,0.000271854,0.000147874,6.84251e-05,0.000111637,0.000139508,6.61097e-05,0.000168843,0.000187194,0.000109832,0.000129063,9.81016e-05,0.000218317,0.000196639,0.000182224,0.00012969,0.000143176,8.84379e-05,8.23935e-05,0.000224671,0.000227871,0.000122486,0.000145175,0.000152289,2.97032e-05,0.000138176,0.000293438,0.000196319,2.95001e-05,0.000108831,0.000134454,9.47249e-05,0.000147039,6.20185e-05,9.41088e-05,0.000180587,0.000151182,0.000371113,0.000227547,0.000102768,0.000160691,0.000119853,0.00011384,0.000129311,0.000129513,0.000124444,0.000113817,9.72008e-05,5.64688e-05,0.000235453,0.000114202,0.000101661,0.000103445,6.62295e-05,9.96892e-05,0.000222244,0.0001014,0.000177464,0.000177495,9.68622e-05,0.000106923,0.000173397,0.000110996,0.000183733,7.50219e-05,0.000112558,3.87848e-05
"PWY-5667: CDP-diacylglycerol biosynthesis I",0.000331345,0.00031317,0.000330356,0.000355554,0.000418456,0.000334788,0.000472412,0.000396842,0.000403783,0.000366508,0.000417415,0.000374581,0.000264457,0.000456455,0.000458239,0.000229413,0.000520766,0.000359449,0.000462729,0.000435288,0.000384749,0.000347765,0.000343351,0.000362956,0.000451221,0.000406039,0.000394411,0.000385995,0.000416391,0.000379963,0.000169596,0.000392425,0.000330578,0.000278204,0.000385111,0.000307598,0.000187026,0.000485116,0.000424488,0.000482761,0.000131965,0.000446143,0.000494191,0.000411499,0.000586243,0.000223764,0.000440962,0.000453359,0.000368073,0.000477183,0.00035457,0.000289717,0.000354998,0.000455556,0.000281968,0.000437898,0.000429972,0.000349074,0.000378044,0.000351304,0.000492229,0.000340106,0.000410216,0.000205462,0.000379567,0.000408678,0.000375445,0.000389533,0.000379586,0.000357419,0.000331284,0.000330151,0.000401127,0.000331657,0.000404719,0.0004553,0.000572343,0.000339022,0.000229058
"PWY-5675: nitrate reduction V (assimilatory)",6.6501e-05,1.21644e-05,1.40972e-05,0.000172895,0.00041026,0.00040514,0,0.000376541,3.14185e-05,0,4.47316e-06,7.33146e-05,6.26869e-06,5.05711e-06,0,5.49487e-07,0,0,5.57451e-06,0,2.20152e-05,4.24271e-05,5.6082e-05,0,3.09731e-06,0,0.000159886,0,8.02497e-07,0,5.05837e-05,8.83362e-05,0.000131151,3.66095e-05,3.31025e-05,0.00014874,0,1.14205e-05,2.96264e-05,1.26936e-05,0,2.89837e-06,2.27209e-05,0,6.1562e-07,5.5064e-06,0,1.63052e-05,7.32158e-06,7.47949e-05,0,1.96751e-05,6.40726e-05,3.65973e-06,0,2.34845e-07,8.05127e-06,2.63101e-05,0,3.41546e-06,1.05708e-06,7.57454e-05,1.6358e-06,7.24197e-05,9.74746e-07,4.73179e-06,1.6457e-05,0.000239837,7.03858e-06,0.000134989,3.70472e-05,5.14501e-06,2.1561e-06,9.8723e-05,7.41029e-06,3.90416e-06,1.34403e-06,1.5148e-05,2.49593e-05
"PWY-5676: acetyl-CoA fermentation to butanoate II",6.14781e-05,1.32104e-05,3.78123e-05,3.70198e-05,4.63505e-06,1.20066e-05,2.32598e-06,0,0.000120309,2.06681e-05,6.50451e-06,0.000128928,0.000169942,2.31043e-05,1.57302e-05,2.08456e-05,4.23518e-05,1.067e-05,3.10438e-05,4.09264e-05,2.672e-05,5.15246e-05,3.76291e-05,1.45161e-05,4.8847e-05,3.37435e-05,3.11662e-05,9.42683e-06,4.34389e-05,1.99072e-05,5.03884e-05,0.000110244,0.000131733,2.72823e-05,4.46665e-05,6.73204e-05,0,8.27612e-06,7.82911e-05,1.52733e-05,8.97786e-06,3.26794e-05,8.34173e-05,1.50621e-05,1.6028e-05,7.18671e-05,1.27035e-05,3.6224e-06,8.14506e-05,0.000107686,1.52617e-05,7.20055e-05,0.00010235,2.59609e-05,3.22563e-05,2.20094e-05,5.9266e-05,6.53673e-05,1.28688e-05,1.78163e-05,1.54511e-05,0.000102823,2.14005e-05,7.10578e-05,4.25791e-05,2.40292e-05,6.09705e-05,3.01484e-06,5.20044e-05,0.000107526,9.28195e-05,9.11806e-05,1.74528e-05,0.000178182,0.000184176,7.93026e-06,1.89387e-05,0.000100291,4.8812e-05
"PWY-5677: succinate fermentation to butanoate",8.67983e-06,0,0,1.02821e-05,0,0,0,0,1.84939e-05,0,7.1272e-07,1.00165e-06,1.26153e-05,0,0,0,2.95132e-06,3.10634e-06,2.76478e-06,2.28833e-06,0,0,0,0,8.11743e-06,5.14884e-06,1.87322e-06,1.83877e-06,4.41169e-06,1.04992e-06,0,3.04248e-06,1.39987e-06,0,1.99279e-06,2.88435e-06,0,0,9.02889e-06,1.0936e-06,0,0,3.22733e-06,3.58587e-06,2.93036e-06,3.86713e-06,2.02505e-06,0,1.76167e-05,2.629e-06,5.17583e-06,0,1.12128e-05,1.82658e-06,0,1.13267e-06,6.92947e-06,4.97793e-07,0,4.46612e-06,0,0,0,6.1284e-06,0,0,5.32313e-06,0,3.26262e-06,1.10548e-05,6.7894e-06,7.39051e-06,0,4.19642e-05,4.75371e-06,1.28939e-06,0,1.22807e-05,8.0908e-06
"PWY-5686: UMP biosynthesis I",0.000426446,0.000623542,0.00061021,0.000383863,0.000302407,0.000438547,0.000665814,0.000367962,0.000493455,0.000447707,0.000597607,0.00041719,0.000432944,0.000541222,0.000709532,0.000742045,0.000833566,0.000637119,0.000668809,0.000684462,0.000508601,0.000467172,0.000514996,0.000449447,0.000636724,0.000632319,0.000271664,0.000590753,0.00068367,0.000643787,0.00053492,0.000402007,0.000283822,0.000347642,0.00051225,0.000278454,0.00122953,0.000718582,0.00047336,0.000691033,0.000874811,0.000599061,0.00067405,0.000637951,0.0007157,0.00057539,0.000622652,0.000627596,0.000471549,0.000589406,0.000418544,0.000419551,0.000479604,0.000642037,0.00062964,0.000640806,0.00059177,0.000464634,0.000546812,0.000567988,0.00068068,0.000416164,0.000579863,0.000565142,0.000612115,0.000859452,0.000552459,0.00037111,0.000579763,0.000469777,0.000439679,0.000574084,0.000670307,0.000401709,0.000514906,0.000675487,0.000627875,0.000561153,0.000895196
"PWY-5690: TCA cycle II (plants and fungi)",0,0,0,0,0,0,1.18833e-05,0,1.80151e-05,1.9394e-05,1.29496e-05,6.09975e-06,1.52878e-05,2.0397e-05,4.33852e-06,1.00847e-05,7.0593e-06,0,6.8808e-06,3.90148e-06,0,0,0,0,3.9917e-06,1.57099e-05,0,0,6.51845e-06,0,7.87508e-06,5.4064e-06,6.89358e-06,1.01789e-05,0,2.57943e-06,4.75788e-06,6.36871e-06,1.60102e-05,4.38478e-06,0,4.30418e-06,1.3174e-05,1.77906e-05,1.43923e-05,9.92259e-06,2.00068e-05,2.30467e-05,0,0,4.54125e-06,6.09211e-06,7.02036e-06,0,6.34858e-06,4.3809e-06,2.01596e-06,6.96878e-06,4.46098e-06,0,0,4.6751e-05,2.96288e-06,3.87243e-06,0,0,4.44702e-06,0,1.21552e-05,6.17082e-05,1.25695e-05,9.24075e-06,4.48973e-06,0,0,1.40802e-05,0,1.01635e-05,2.22622e-05
"PWY-5692: allantoin degradation to glyoxylate II",4.89833e-06,0,0,0,1.86247e-05,7.67943e-07,0,1.10995e-07,1.10429e-06,0,0,2.13457e-06,1.10552e-06,0,0,0,0,0,2.32994e-07,0,0,6.92297e-06,8.12403e-07,0,0,0,1.00396e-05,0,0,0,0,1.02671e-05,1.47331e-06,7.48269e-07,2.19207e-06,1.06205e-05,0,0,5.80329e-07,2.17101e-07,0,0,7.80746e-07,0,0,0,0,4.22724e-07,6.06992e-07,2.13539e-06,0,1.42341e-05,0,0,0,1.74132e-07,3.59753e-07,1.10702e-07,0,0,0,6.87816e-06,0,2.49306e-06,0,6.15085e-07,1.14423e-06,1.17257e-05,0,2.00107e-06,3.98408e-07,0,0,1.03166e-06,3.2636e-07,0,0,0,0
"PWY-5695: inosine 5'-phosphate degradation",0.000463122,0.000439363,0.000597897,0.000510034,0.00063754,0.000435292,0.000411227,0.000388364,0.00039536,0.000363973,0.000554762,0.000462543,0.000274196,0.00048356,0.000438818,0.000493763,0.000679073,0.000480391,0.000463904,0.000578931,0.000467126,0.000456865,0.000446138,0.000369279,0.000493541,0.000549572,0.000481235,0.00046842,0.000455222,0.000502108,0.000447067,0.000523866,0.00043167,0.000392787,0.000392862,0.000407587,0.00108923,0.000518473,0.000563111,0.000499466,0.000630084,0.000481743,0.000536865,0.000481219,0.000529711,0.000449101,0.000481776,0.000445165,0.000458607,0.000613977,0.000454088,0.00036952,0.000390256,0.000546332,0.000427907,0.000552992,0.000587915,0.000387267,0.000480714,0.000450225,0.000379864,0.000481536,0.000450019,0.000348025,0.000568042,0.00056728,0.000415986,0.000446175,0.000438831,0.000480276,0.000459876,0.000407443,0.00055147,0.000436146,0.000478431,0.000413335,0.000439239,0.00050212,0.000390929
"PWY-5705: allantoin degradation to glyoxylate III",6.99994e-06,0,2.36953e-06,3.91272e-07,8.12402e-05,1.29794e-05,0,4.56876e-07,9.92641e-06,6.79388e-06,0,1.57918e-05,4.66736e-06,0,0,0,0,0,1.52538e-06,0,0,1.03072e-05,6.90497e-06,0,2.7144e-06,0,5.6383e-05,0,0,0,4.35401e-06,3.52488e-05,3.71808e-05,7.02776e-06,1.06163e-05,4.24938e-05,0,0,6.74956e-06,7.32566e-07,0,0,3.70605e-06,0,0,2.96233e-06,0,2.80166e-06,1.68997e-06,1.22065e-05,0,2.77527e-05,4.65356e-06,0,0,1.86855e-07,3.25647e-06,2.49415e-05,0,0,0,1.65355e-05,2.34009e-07,1.3737e-05,0,3.0956e-06,4.65207e-06,3.78977e-05,1.74203e-06,1.98805e-05,4.28093e-06,0,0,3.44755e-05,1.1574e-06,0,7.51442e-07,5.20557e-07,2.37099e-06
"PWY-5723: Rubisco shunt",0.000156883,0,2.75901e-05,0.00027625,0.000365185,0.000504035,0,0.000533285,8.07464e-05,0,5.43739e-06,0.000174003,2.25002e-05,0.00018992,0,0,0,6.29743e-06,6.13849e-06,0,3.36328e-05,6.92956e-05,7.33099e-05,0,8.78111e-06,2.25817e-06,0.000313024,0,0,1.4268e-06,9.00718e-05,0.00019963,0.000240211,4.77987e-05,4.73239e-05,0.000242462,0,1.56154e-05,4.48395e-05,3.91143e-05,0,0,7.1668e-05,0,7.6315e-07,9.31077e-06,0,1.94056e-05,3.52851e-05,0.000151669,8.33614e-07,0.000117011,7.04114e-05,0,0,6.17002e-07,2.97074e-05,0.000133316,0,6.29445e-06,0,0.000137546,9.25435e-06,0.0001192,0,1.27346e-05,3.802e-05,0.000257892,2.46187e-05,0.000184394,4.83933e-05,1.23498e-05,0,0.000300837,1.10154e-05,2.03714e-05,0,2.89671e-05,2.76445e-05
"PWY-5724: superpathway of atrazine degradation",0,0,0,0,0,0,0,0,0,0,0,0,0,0,0,0,0,0,0,0,0,0,5.53803e-06,0,0,0,0,0,0,0,0,0,0,0,0,0,0,0,1.06686e-06,0,0,0,0,0,0,0,0,0,1.59616e-06,9.61881e-06,0,0,0,0,0,0,0,0,0,0,0,0,0,0,0,0,0,0,0,0,0,0,0,0,0,0,0,0,0
"PWY-5742: L-arginine degradation IX (arginine:pyruvate transaminase pathway)",0,0,0,3.6302e-06,0,0,0,0,0,0,0,0,0,2.58749e-06,0,0,0,0,0,0,0,0,9.50761e-06,0,0,0,0,0,0,0,0,0,0,0,0,0,0,0,0,0,0,0,0,0,0,0,0,0,0,1.79678e-05,0,0,0,0,0,0,0,0,0,0,0,0,0,0,0,0,0,6.55827e-06,0,0,0,0,0,0,0,0,0,0,0
"PWY-5747: 2-methylcitrate cycle II",1.04404e-05,0,1.24689e-06,4.34533e-05,0.00012922,3.99453e-05,0,7.94141e-07,5.66015e-06,0,0,1.1452e-05,1.66439e-06,1.20391e-06,0,0,0,0,4.3172e-06,0,2.45245e-06,6.9847e-06,1.62803e-05,0,7.06036e-07,1.68128e-07,2.72482e-05,0,0,0,6.81647e-06,1.18919e-05,2.29538e-05,6.11562e-06,4.16113e-06,2.30181e-05,0,0,3.95558e-06,1.76391e-06,0,9.27531e-07,4.2019e-06,0,0,3.37145e-07,0,2.08591e-06,3.23096e-06,3.44643e-05,0,1.06207e-06,6.06711e-06,0,0,0,1.95087e-06,8.86521e-07,0,0,0,1.63172e-05,0,8.20256e-06,0,8.59693e-07,2.50501e-06,0.000114146,1.9021e-06,2.45441e-05,2.54574e-06,0,0,8.12904e-05,8.66265e-07,5.40733e-07,7.873e-07,6.90092e-07,8.79115e-06
"PWY-5837: 2-carboxy-1,4-naphthoquinol biosynthesis",7.84594e-05,0,1.36102e-05,9.74615e-05,0.000194745,0.000249207,0,0.000237164,2.25444e-05,4.58673e-06,9.33397e-06,4.47044e-05,1.52979e-05,1.47485e-06,4.10676e-06,2.52049e-06,0,8.15156e-06,3.53672e-06,7.60598e-06,2.21451e-05,1.83709e-05,3.06686e-05,0,8.7731e-06,2.8849e-06,0.000119086,7.81731e-06,6.63188e-06,5.83607e-06,1.92391e-05,7.99074e-05,0.000103725,2.53013e-05,1.62827e-05,6.4696e-05,0,5.94449e-06,1.75462e-05,1.3776e-05,0,1.53076e-05,1.84705e-05,1.62173e-06,0,4.49298e-06,0,9.85373e-06,3.08326e-05,5.41727e-05,0,5.67426e-05,2.53082e-05,0,4.55332e-06,0,9.57254e-06,4.97643e-05,0,2.06972e-06,0,4.38552e-05,7.19011e-06,5.48357e-05,2.30123e-06,6.31583e-06,1.52598e-05,0.000175306,4.95312e-06,5.55946e-05,5.94134e-06,1.12996e-05,1.28086e-05,0.000112433,5.03368e-06,3.81645e-06,2.05109e-06,8.31328e-06,4.39183e-05
"PWY-5838: superpathway of menaquinol-8 biosynthesis I",0.000174302,0,4.34152e-05,0.000185494,0.00027014,0.000311844,0,0.000338057,6.36416e-05,1.50456e-05,3.05078e-05,0.000109153,4.06386e-05,4.97023e-06,1.35157e-05,8.19338e-06,0,2.61715e-05,1.16315e-05,2.52889e-05,6.15039e-05,5.46025e-05,8.40166e-05,0,2.85734e-05,9.76754e-06,0.000219648,2.52033e-05,2.15257e-05,1.91088e-05,5.03816e-05,0.000161472,0.000166268,6.97186e-05,4.68877e-05,0.000128574,0,1.88867e-05,5.25183e-05,4.27752e-05,0,4.64616e-05,5.47132e-05,5.46397e-06,0,1.40668e-05,0,3.07205e-05,8.93855e-05,0.00012567,0,0.000118197,6.88582e-05,0,1.4199e-05,0,3.14582e-05,0.000106354,0,6.95152e-06,0,8.64756e-05,2.32192e-05,0.000131439,7.77872e-06,1.87096e-05,4.54626e-05,0.00024966,1.64164e-05,0.000119326,1.94996e-05,3.11991e-05,4.0225e-05,0.000204304,1.68706e-05,1.24718e-05,0,2.59789e-05,6.36218e-05
"PWY-5840: superpathway of menaquinol-7 biosynthesis",0.000134787,0,2.78337e-05,0.000163052,0.000246279,0.000305225,0,0.000325103,4.99974e-05,1.19522e-05,1.52909e-05,8.66165e-05,3.91374e-05,4.97719e-06,1.33986e-05,7.31776e-06,0,2.54391e-05,1.04663e-05,1.93316e-05,6.00713e-05,4.76693e-05,5.3939e-05,0,2.67484e-05,7.56357e-06,0.000171797,2.43494e-05,6.2587e-06,1.43096e-05,3.35859e-05,9.97847e-05,0.000125791,4.81347e-05,3.15707e-05,0.00010703,0,9.38278e-06,3.01847e-05,4.09028e-05,0,4.05692e-05,2.41932e-05,4.92837e-06,0,1.34904e-05,0,2.11834e-05,6.11732e-05,0.000140769,0,9.9293e-05,3.47821e-05,0,1.03165e-05,0,2.81318e-05,9.54794e-05,0,6.55842e-06,0,6.43085e-05,2.17178e-05,9.2073e-05,7.2416e-06,0,3.92124e-05,0.000210009,1.33189e-05,9.99569e-05,1.83582e-05,3.18329e-05,1.0536e-05,0.000190236,1.66131e-05,1.2332e-05,6.51351e-06,2.43844e-05,7.42608e-05
"PWY-5845: superpathway of menaquinol-9 biosynthesis",0.000134787,0,2.26284e-05,0.000163052,0.000246279,0.000305225,0,0.000325103,2.65826e-05,1.41042e-05,2.26532e-05,8.66165e-05,1.7635e-05,4.9446e-06,6.08189e-06,7.92792e-06,0,2.23974e-05,1.0431e-05,5.74449e-06,5.54747e-05,4.17057e-05,5.3939e-05,0,2.74682e-05,0,0.000171797,2.05535e-05,1.60415e-05,1.12103e-05,3.35859e-05,9.97847e-05,0.000125791,5.35754e-05,4.04262e-05,0.000113283,0,1.77903e-05,5.11999e-05,1.91939e-05,0,3.92416e-05,4.75858e-05,4.34575e-06,0,1.29681e-05,0,2.11834e-05,7.07056e-05,8.93035e-05,0,9.9293e-05,5.9727e-05,0,1.32351e-05,0,3.14229e-05,9.54794e-05,0,6.87641e-06,0,6.43085e-05,1.13197e-05,9.2073e-05,0,1.53244e-05,2.07141e-05,0.000210009,1.45024e-05,9.99569e-05,1.31047e-05,9.37854e-06,0,0.000190236,1.33991e-05,7.82133e-06,0,2.51816e-05,3.91113e-05
"PWY-5850: superpathway of menaquinol-6 biosynthesis",0.000134787,0,1.21243e-05,0.000163052,0.000246279,0.000305225,0,0.000325103,2.65826e-05,0,4.34533e-06,8.66165e-05,1.7635e-05,0,0,0,0,0,0,5.74449e-06,5.01377e-05,4.17057e-05,5.3939e-05,0,1.58582e-05,0,0.000171797,0,6.2587e-06,5.32134e-06,3.35859e-05,9.97847e-05,0.000125791,4.81347e-05,3.15707e-05,0.00010703,0,9.38278e-06,3.01847e-05,1.91939e-05,0,0,2.41932e-05,0,0,8.02246e-06,0,2.11834e-05,4.68088e-05,8.93035e-05,0,9.9293e-05,3.47821e-05,0,0,0,2.02708e-05,9.54794e-05,0,0,0,6.43085e-05,1.13197e-05,9.2073e-05,0,0,2.07141e-05,0.000210009,1.19408e-05,9.99569e-05,1.31047e-05,9.37854e-06,0,0.000190236,0,7.82133e-06,0,1.60106e-05,3.91113e-05
"PWY-5855: ubiquinol-7 biosynthesis (early decarboxylation)",1.7718e-05,0,5.71231e-06,3.82395e-05,7.2765e-05,0.000289093,0,0.00033923,1.32586e-05,0,1.27706e-06,2.06061e-05,2.38584e-06,9.64623e-06,0,0,0,0,2.11395e-06,0,1.97085e-05,9.38319e-06,2.43406e-05,0,1.73954e-06,0,7.54299e-05,0,0,0,6.33286e-06,3.10141e-05,4.38562e-05,9.14511e-07,3.91468e-06,2.65238e-05,0,3.98088e-06,4.6475e-06,9.51566e-07,0,8.34246e-07,5.56601e-06,0,4.04103e-07,3.24734e-06,0,9.74209e-07,3.14444e-06,6.02905e-05,0,4.7995e-05,4.44223e-06,0,0,0,6.24228e-06,3.76375e-05,0,7.1364e-07,0,1.90635e-05,5.56065e-07,1.17072e-05,0,1.46537e-06,1.26404e-06,0.000164606,3.24907e-06,1.05051e-05,2.17938e-06,2.65914e-06,0,9.50737e-05,5.87698e-07,1.0717e-06,9.07852e-07,1.34013e-06,5.47357e-06
"PWY-5860: superpathway of demethylmenaquinol-6 biosynthesis I",0.000101418,0,8.14086e-06,0.000131653,0.000235012,0.000295076,0,0.000288893,1.82551e-05,0,2.90549e-06,6.49416e-05,1.23392e-05,0,0,0,0,0,0,3.84444e-06,3.56407e-05,2.89489e-05,3.76127e-05,0,1.06856e-05,0,0.000138806,0,4.20334e-06,3.56109e-06,2.3034e-05,7.62234e-05,0.000104816,3.41994e-05,2.20781e-05,8.54127e-05,0,6.37842e-06,2.09476e-05,1.30335e-05,0,0,1.65917e-05,0,0,5.38031e-06,0,1.44656e-05,3.23621e-05,6.30305e-05,0,7.76154e-05,2.43964e-05,0,0,0,1.36763e-05,7.44418e-05,0,0,0,5.19215e-05,7.64913e-06,6.35762e-05,0,0,1.41606e-05,0.000192995,8.05353e-06,7.97074e-05,8.85712e-06,6.33411e-06,0,0.00015379,0,5.29224e-06,0,1.08675e-05,2.71429e-05
"PWY-5861: superpathway of demethylmenaquinol-8 biosynthesis I",0.000136292,0,2.97013e-05,0.000154255,0.000269026,0.000304447,0,0.000304443,4.56185e-05,1.02177e-05,2.07701e-05,8.45813e-05,3.03995e-05,3.33681e-06,9.15931e-06,5.48831e-06,0,1.78463e-05,7.89481e-06,1.71495e-05,4.43875e-05,3.83898e-05,6.01281e-05,0,1.94203e-05,6.55159e-06,0.000188602,1.71715e-05,1.47224e-05,1.29153e-05,3.50566e-05,0.000135566,0.000150657,5.1039e-05,3.35879e-05,0.000106842,0,1.31006e-05,3.75862e-05,2.97243e-05,0,3.24995e-05,3.89316e-05,3.66852e-06,0,9.47672e-06,0,2.12105e-05,6.39534e-05,9.08706e-05,0,9.55295e-05,5.08959e-05,0,9.65881e-06,0,2.13661e-05,8.45528e-05,0,4.66094e-06,0,7.52972e-05,1.59176e-05,9.21669e-05,5.21988e-06,1.26428e-05,3.2053e-05,0.000247091,1.11208e-05,9.89114e-05,1.32688e-05,2.17325e-05,2.76354e-05,0.000167802,1.14029e-05,8.51471e-06,0,1.78351e-05,4.53168e-05
"PWY-5862: superpathway of demethylmenaquinol-9 biosynthesis",0.000101418,0,1.52889e-05,0.000131653,0.000235012,0.000295076,0,0.000288893,1.82551e-05,9.56712e-06,1.53388e-05,6.49416e-05,1.23392e-05,3.31948e-06,4.08446e-06,5.30967e-06,0,1.52226e-05,7.06676e-06,3.84444e-06,3.97148e-05,2.89489e-05,3.76127e-05,0,1.86551e-05,0,0.000138806,1.3947e-05,1.08995e-05,7.5338e-06,2.3034e-05,7.62234e-05,0.000104816,3.83499e-05,2.86649e-05,9.14556e-05,0,1.23112e-05,3.65752e-05,1.30335e-05,0,2.72407e-05,3.35656e-05,2.91351e-06,0,8.72931e-06,0,1.44656e-05,4.9826e-05,6.30305e-05,0,7.76154e-05,4.35193e-05,0,8.99067e-06,0,2.13416e-05,7.44418e-05,0,4.6103e-06,0,5.19215e-05,7.64913e-06,6.35762e-05,0,1.03299e-05,1.41606e-05,0.000192995,9.80577e-06,7.97074e-05,8.85712e-06,6.33411e-06,0,0.00015379,9.03079e-06,5.29224e-06,0,1.72719e-05,2.71429e-05
"PWY-5870: ubiquinol-8 biosynthesis (late decarboxylation)",0,0,0,0,0,0,0,0,0,0,0,0,0,0,0,0,0,0,0,0,0,0,0,0,0,0,0,0,0,0,0,0,0,0,0,0,0,0,0,0,0,0,0,0,0,0,0,0,0,0,0,0,0,0,0,0,0,0,0,0,0,0,0,0,0,0,0,0,0,0,0,0,0,0,0,0,0,0,0
"PWY-5873: ubiquinol-7 biosynthesis (late decarboxylation)",0,0,0,0,0,0,0,0,0,0,0,0,0,0,0,0,0,0,0,0,0,0,0,0,0,0,0,0,0,0,0,0,0,0,0,0,0,0,0,0,0,0,0,0,0,0,0,0,0,0,0,0,0,0,0,0,0,0,0,0,0,0,0,0,0,0,0,0,0,0,0,0,0,0,0,0,0,0,0
"PWY-5896: superpathway of menaquinol-10 biosynthesis",0.000134787,0,1.21243e-05,0.000163052,0.000246279,0.000305225,0,0.000325103,2.65826e-05,0,4.34533e-06,8.66165e-05,1.7635e-05,0,0,0,0,0,0,5.74449e-06,5.01377e-05,4.17057e-05,5.3939e-05,0,1.58582e-05,0,0.000171797,0,6.2587e-06,5.32134e-06,3.35859e-05,9.97847e-05,0.000125791,4.81347e-05,3.15707e-05,0.00010703,0,9.38278e-06,3.01847e-05,1.91939e-05,0,0,2.41932e-05,0,0,8.02246e-06,0,2.11834e-05,4.68088e-05,8.93035e-05,0,9.9293e-05,3.47821e-05,0,0,0,2.02708e-05,9.54794e-05,0,0,0,6.43085e-05,1.13197e-05,9.2073e-05,0,0,2.07141e-05,0.000210009,1.19408e-05,9.99569e-05,1.31047e-05,9.37854e-06,0,0.000190236,0,7.82133e-06,0,1.60106e-05,3.91113e-05
"PWY-5897: superpathway of menaquinol-11 biosynthesis",0.000164823,0,3.8963e-05,0.000175998,0.000263368,0.000309834,0,0.000330805,5.81168e-05,1.32635e-05,2.7025e-05,0.000101837,3.72256e-05,4.37389e-06,1.19968e-05,7.44952e-06,0,2.3334e-05,1.03294e-05,2.22877e-05,5.66152e-05,4.97637e-05,7.90456e-05,0,2.54133e-05,8.56994e-06,0.000210005,2.24425e-05,1.90895e-05,1.70371e-05,4.85186e-05,0.000152269,0.00015897,6.38621e-05,4.28505e-05,0.000123194,0,1.69173e-05,4.68937e-05,3.83475e-05,0,4.21998e-05,4.97589e-05,4.8019e-06,0,1.27319e-05,0,2.75042e-05,8.07891e-05,0.000132436,0,0.000114938,6.3171e-05,0,1.32067e-05,0,2.7803e-05,0.000102933,0,6.13936e-06,0,8.12412e-05,2.05774e-05,0.000133887,6.83016e-06,1.84584e-05,4.12386e-05,0.00024643,1.44986e-05,0.000115066,1.7219e-05,3.10992e-05,3.61978e-05,0.000202427,1.48227e-05,1.10043e-05,6.05382e-06,2.3267e-05,8.2312e-05
"PWY-5898: superpathway of menaquinol-12 biosynthesis",0.000164823,0,3.8963e-05,0.000175998,0.000263368,0.000309834,0,0.000330805,5.81168e-05,1.32635e-05,2.7025e-05,0.000101837,3.72256e-05,4.37389e-06,1.19968e-05,7.44952e-06,0,2.3334e-05,1.03294e-05,2.22877e-05,5.66152e-05,4.97637e-05,7.90456e-05,0,2.54133e-05,8.56994e-06,0.000210005,2.24425e-05,1.90895e-05,1.70371e-05,4.85186e-05,0.000152269,0.00015897,6.38621e-05,4.28505e-05,0.000123194,0,1.69173e-05,4.68937e-05,3.83475e-05,0,4.21998e-05,4.97589e-05,4.8019e-06,0,1.27319e-05,0,2.75042e-05,8.07891e-05,0.000132436,0,0.000114938,6.3171e-05,0,1.32067e-05,0,2.7803e-05,0.000102933,0,6.13936e-06,0,8.12412e-05,2.05774e-05,0.000133887,6.83016e-06,1.84584e-05,4.12386e-05,0.00024643,1.44986e-05,0.000115066,1.7219e-05,3.10992e-05,3.61978e-05,0.000202427,1.48227e-05,1.10043e-05,6.05382e-06,2.3267e-05,8.2312e-05
"PWY-5899: superpathway of menaquinol-13 biosynthesis",0.000164823,0,3.8963e-05,0.000175998,0.000263368,0.000309834,0,0.000330805,5.81168e-05,1.32635e-05,2.7025e-05,0.000101837,3.72256e-05,4.37389e-06,1.19968e-05,7.44952e-06,0,2.3334e-05,1.03294e-05,2.22877e-05,5.66152e-05,4.97637e-05,7.90456e-05,0,2.54133e-05,8.56994e-06,0.000210005,2.24425e-05,1.90895e-05,1.70371e-05,4.85186e-05,0.000152269,0.00015897,6.38621e-05,4.28505e-05,0.000123194,0,1.69173e-05,4.68937e-05,3.83475e-05,0,4.21998e-05,4.97589e-05,4.8019e-06,0,1.27319e-05,0,2.75042e-05,8.07891e-05,0.000132436,0,0.000114938,6.3171e-05,0,1.32067e-05,0,2.7803e-05,0.000102933,0,6.13936e-06,0,8.12412e-05,2.05774e-05,0.000133887,6.83016e-06,1.84584e-05,4.12386e-05,0.00024643,1.44986e-05,0.000115066,1.7219e-05,3.10992e-05,3.61978e-05,0.000202427,1.48227e-05,1.10043e-05,6.05382e-06,2.3267e-05,8.2312e-05
"PWY-5910: superpathway of geranylgeranyldiphosphate biosynthesis I (via mevalonate)",0,0,0,0,0,0,0,2.098e-06,0,7.59233e-06,0,0,4.92898e-06,0,0,0,0,0,0,0,0,0,0,0,0,0,0,0,4.89463e-06,0,0,0,4.48322e-06,0,0,0,0,0,0,0,0,0,0,0,0,0,0,0,0,0,0,6.97779e-06,0,0,0,0,0,1.11564e-05,0,0,0,8.97101e-06,0,0,0,0,0,8.7067e-06,0,5.62964e-06,0,0,0,0,0,0,0,0,1.40992e-05
"PWY-5913: partial TCA cycle (obligate autotrophs)",0.000167679,3.32241e-05,1.62316e-05,0.000212176,0.000431855,0.000504833,9.42184e-06,0.000480381,5.00682e-05,2.17393e-06,1.06606e-05,9.96052e-05,4.07993e-05,1.74785e-05,1.28967e-06,9.138e-07,1.7818e-05,2.40576e-06,8.16206e-05,4.79292e-05,3.52887e-05,3.88137e-05,7.32421e-05,1.47002e-06,1.09898e-05,1.344e-05,0.000261661,0,9.11543e-05,0,5.49567e-05,0.000138629,0.000162282,3.03318e-05,4.89268e-05,0.000142581,0,5.26021e-05,3.67335e-05,1.69679e-05,3.41497e-06,1.68863e-05,3.33422e-05,7.26363e-05,2.62776e-06,1.18722e-05,4.3111e-05,4.80441e-05,4.34394e-05,0.000139907,3.0843e-06,8.38351e-05,7.68002e-05,1.74578e-06,9.12804e-05,2.25981e-05,1.64343e-05,8.31287e-05,2.48025e-05,2.14233e-05,1.36792e-05,7.97898e-05,9.96198e-06,7.81162e-05,1.99196e-05,3.40963e-05,5.95904e-05,0.000416255,1.21788e-05,0.00021413,6.77874e-05,2.75395e-05,1.71506e-05,0.00022139,1.93567e-05,2.50684e-05,3.66769e-05,2.30933e-05,0.000105582
"PWY-5918: superpathway of heme b biosynthesis from glutamate",7.65606e-05,1.30384e-05,1.65781e-05,0.00013627,0.000296058,0.000291356,0,0.000295368,5.49845e-05,0,5.7304e-06,6.69877e-05,1.67582e-05,3.18319e-05,0,0,0,4.8544e-06,1.63521e-05,0,3.17051e-05,3.26083e-05,7.14116e-05,0,9.37049e-06,4.83703e-06,0.000200396,0,0,0,2.98406e-05,8.92011e-05,0.000106851,2.9119e-05,3.99804e-05,0.000126082,8.60095e-06,1.15457e-05,3.37028e-05,1.30788e-05,0,4.95033e-06,2.7523e-05,0,4.62931e-06,9.90811e-06,1.23403e-06,2.60498e-05,4.12678e-05,0.000160772,1.12756e-06,7.65463e-05,3.39917e-05,0,0,7.06302e-06,1.96265e-05,6.60033e-05,6.42492e-06,6.85954e-06,3.78863e-06,7.10396e-05,9.16262e-06,7.20469e-05,0,6.04886e-06,2.98259e-05,0.000230728,2.06177e-05,9.45293e-05,2.73989e-05,1.49525e-05,0,0.000142731,9.06267e-06,4.563e-06,2.31655e-06,1.85311e-05,6.24281e-05
"PWY-5920: superpathway of heme b biosynthesis from glycine",5.18656e-05,0,8.0469e-06,8.11854e-05,0.000257922,7.42848e-05,0,6.17566e-07,4.21033e-05,0,1.8405e-06,3.45727e-05,7.82957e-06,1.72907e-05,0,0,0,0,7.83711e-06,0,1.98692e-05,2.24166e-05,2.78382e-05,0,5.54883e-06,0,9.0245e-05,0,0,0,1.72727e-05,7.05211e-05,6.26365e-05,1.96208e-05,2.46189e-05,0.000104415,0,5.95663e-06,1.59653e-05,8.12246e-06,0,2.38936e-06,1.53912e-05,0,0,4.91356e-06,0,2.30656e-06,1.7638e-05,0.000125243,0,3.40768e-05,1.94969e-05,0,0,1.04318e-06,9.96202e-06,3.44259e-05,0,0,0,4.55789e-05,4.3792e-06,2.73853e-05,0,0,1.56574e-05,0.000168094,9.10576e-06,6.82828e-05,1.26793e-05,6.53756e-06,0,9.72387e-05,5.01643e-06,2.42564e-06,0,7.55157e-06,3.49592e-05
"PWY-5941: glycogen degradation II",0.000350109,0.000214395,0.000219451,0.000353519,0.000590057,0.00062276,0.000345353,0.000577688,0.0004469,0.000377109,0.000200044,0.000389867,0.00037419,0.000297999,0.000428098,0.000246735,0.000229068,0.000362395,0.00043745,0.00026975,0.000360504,0.000235612,0.000165813,0.000206907,0.000301019,0.00022783,0.000338363,0.000341287,0.000620931,0.000295038,0.000334419,0.000408009,0.000412763,0.000220843,0.000397943,0.000363937,0.000156632,0.000464786,0.000416685,0.000435182,0.000259873,0.00035405,0.000414996,0.000529911,0.000347247,0.000282202,0.000553585,0.000420504,0.000217738,0.000300956,0.000170813,0.000345908,0.000390269,0.000348014,0.000451846,0.000368248,0.000186959,0.000398356,0.000350189,0.000259781,0.000452028,0.000640795,0.000336368,0.000299198,0.000391336,0.000319489,0.000359583,0.00053792,0.000273146,0.000701447,0.000304217,0.00032982,0.000319028,0.000391268,0.000262963,0.000577729,0.000460796,0.000247883,0.000802536
"PWY-5971: palmitate biosynthesis (type II fatty acid synthase)",0.00031339,0,0.000131904,0.000402805,0.000389509,0.000419201,0,0.000148219,0.000183375,7.60974e-05,0,0.000247061,0.000102851,0.000186263,0,0,0,0,8.27386e-05,0,0.000130705,0.000198489,0.000303933,0,0,0,0.00036806,0,9.37751e-05,0,0.000120471,0.000364085,0.000308525,0.000190271,9.93367e-05,0.000280723,0,4.14542e-05,0.00012152,0.00012258,0,9.92847e-05,0.000133723,0.000100462,9.39155e-05,5.89141e-05,8.73396e-05,0.000105057,0.000105577,0.000281222,0,0.000141497,0.000155881,0.000174575,0,1.4204e-05,0.00018798,0.000160388,0,0,0,0.000237109,0,0.000217761,0,6.00791e-05,0.000126762,0.000497069,6.25852e-05,0.000224482,0.000153709,5.45764e-05,7.49738e-05,0.000385275,5.1542e-05,2.47368e-05,4.44434e-05,0.000110666,5.66147e-05
"PWY-5972: stearate biosynthesis I (animals)",8.80885e-06,0,2.7943e-06,3.5562e-05,0,0,0,3.6994e-07,1.36204e-05,0,0,3.59234e-06,4.15015e-06,0,0,0,0,0,2.13883e-06,0,1.88424e-06,1.0622e-06,1.08885e-05,0,0,0,4.17242e-06,0,0,0,0,8.44238e-06,1.02158e-06,0,0,5.81176e-06,0,0,7.25416e-06,1.71765e-06,0,0,3.90012e-06,0,0,2.65832e-06,0,0,2.60313e-06,2.30934e-05,0,0,1.06813e-05,0,0,1.7599e-07,4.20035e-06,5.99614e-07,0,0,2.33021e-06,7.24912e-07,0,6.84046e-06,0,2.54876e-06,5.57254e-06,1.53956e-05,1.86649e-06,2.2219e-05,7.97025e-06,2.10617e-06,0,8.70156e-05,2.40775e-06,2.92943e-07,1.50617e-06,2.8147e-06,6.18464e-06
"PWY-5973: cis-vaccenate biosynthesis",0.000453286,0.000347901,0.00037957,0.000420032,0.000313351,0.000440176,0.000284272,0.000438499,0.000232601,0.00027808,0.000522884,0.000324198,0.000176117,0.000414333,0.000332525,0.000194544,0.000731457,0.000549775,0.000333529,0.000500045,0.000308448,0.000325521,0.00043414,0.00044076,0.000455743,0.000542481,0.000364863,0.000475528,0.000508144,0.000421652,0.000293812,0.000378105,0.000273525,0.000368108,0.000269018,0.000264705,0.000179195,0.000392551,0.000327886,0.000427685,0.000172259,0.000379531,0.000404061,0.000369286,0.000398456,0.0002173,0.000397099,0.00037561,0.000398421,0.000310517,0.000405914,0.000270249,0.000259589,0.000507586,0.000237146,0.000389295,0.000579858,0.000280479,0.000339517,0.000320555,0.000316637,0.000250078,0.000272625,0.00035772,0.000517544,0.000372025,0.00023875,0.000425838,0.000235281,0.000221361,0.000387639,0.000265668,0.000419865,0.00035241,0.00039901,0.000219499,0.000196178,0.000398566,5.55371e-05
"PWY-5981: CDP-diacylglycerol biosynthesis III",3.69128e-05,0.000146339,5.05834e-06,7.92112e-05,9.70604e-05,0.00025892,5.58618e-05,0.000327464,9.11881e-06,2.86785e-05,3.00623e-06,4.40803e-05,1.87406e-05,1.64552e-05,5.26984e-06,0,5.35109e-05,0,1.77808e-06,0,6.87078e-05,1.18321e-05,0.000117035,0,1.64052e-05,0,5.85676e-05,0,4.27379e-06,0,1.01548e-05,3.16295e-05,5.05949e-05,5.07421e-06,4.44794e-05,4.31948e-05,8.82053e-06,6.26873e-06,8.50555e-06,1.28825e-05,2.27964e-05,7.68753e-05,6.4124e-06,0,0,4.32961e-07,0,2.37729e-06,1.46247e-05,9.1834e-05,0,7.6844e-05,6.45955e-06,0,3.68203e-05,7.18827e-05,4.25314e-06,8.52262e-05,4.92377e-05,3.19709e-05,1.84258e-06,2.94367e-05,0,0.000189536,0,2.42256e-06,1.98484e-05,9.78613e-05,4.63398e-06,2.41856e-05,9.08427e-05,2.50589e-05,4.08055e-06,0.000208754,5.58901e-06,3.62245e-06,3.97542e-06,5.34735e-06,2.81065e-05
"PWY-5989: stearate biosynthesis II (bacteria and plants)",0.000413319,7.75822e-05,0.000119227,0.000399242,0.000327526,0.000402534,7.97228e-05,0.000392527,0.000172173,0.000143989,0.000132246,0.000240715,0.000115581,0.000223401,6.82507e-05,1.20481e-05,0.000548929,0.000116887,8.3284e-05,9.72653e-05,0.000146033,0.000177336,0.000351491,6.61852e-05,0.000186748,0.000260239,0.000362416,9.88583e-05,0.00010437,6.47208e-05,9.94425e-05,0.000369451,0.000295831,0.000164246,8.1302e-05,0.000265478,0,0.000109943,9.56206e-05,0.000106516,1.74572e-05,9.78334e-05,9.87846e-05,7.71098e-05,9.79183e-05,5.49713e-05,6.41727e-05,9.28152e-05,0.000127357,0.000298962,0.000159925,0.000181562,0.000142551,0.000134359,8.1143e-05,4.08495e-05,0.000268893,0.00018306,3.23524e-05,4.45737e-05,1.59392e-05,0.000213189,8.12882e-05,0.000172789,4.51212e-05,4.03293e-05,0.000108326,0.000455974,6.10587e-05,0.000212718,0.000143741,4.95611e-05,0.000100263,0.0002799,3.89058e-05,0.000107649,3.97612e-05,0.00012891,5.38235e-05
"PWY-5994: palmitate biosynthesis (type I fatty acid synthase)",0,0,0,0,0,0,0,0,0,0,0,0,1.16806e-06,0,0,0,0,0,1.67709e-06,0,2.2234e-06,0,0,0,0,0,0,0,1.2162e-05,0,0,1.7692e-06,0,0,0,0,0,4.74042e-06,0,0,0,0,4.8753e-06,1.24242e-05,0,0,9.23635e-06,2.74858e-06,0,0,0,0,0,0,0,8.37431e-07,0,0,0,0,0,3.68655e-06,0,0,0,0,0,7.59834e-06,0,2.34085e-05,8.1003e-06,0,0,0,8.27442e-06,6.21059e-06,1.01959e-06,4.29447e-06,0
"PWY-6071: superpathway of phenylethylamine degradation",3.11866e-06,0,0,5.92009e-06,5.6397e-05,2.64012e-06,0,1.85334e-07,0,0,0,4.32253e-07,0,0,0,0,0,0,0,0,0,0,0,0,0,0,3.59719e-07,0,0,0,3.72228e-06,0,0,4.66744e-06,8.55626e-07,0,0,0,0,0,0,0,2.8134e-06,0,0,0,0,1.00495e-06,0,3.41641e-06,0,0,8.04418e-07,0,0,0,0,0,0,0,0,0,0,0,0,0,0,3.10389e-05,0,1.13588e-05,4.10908e-07,0,0,0,0,0,0,1.09619e-06,0
"PWY-6113: superpathway of mycolate biosynthesis",0,0,0,0,0,0,0,0,0,0,0,0,0,0,0,0,0,0,0,0,0,0,0,0,0,0,0,0,0,0,0,6.34551e-06,0,0,0,0,0,0,0,0,0,0,0,0,0,0,0,0,0,0,0,0,0,0,0,0,0,0,0,0,0,0,0,0,0,0,0,0,0,0,0,0,0,0,0,0,0,1.07048e-05,0
"PWY-6121: 5-aminoimidazole ribonucleotide biosynthesis I",0.000400587,0.000407601,0.000552222,0.000422797,0.000405638,0.000382675,0.000530472,0.000341141,0.000405382,0.00046872,0.000521957,0.000397766,0.000326445,0.000508354,0.00051869,0.000302029,0.000668886,0.000459723,0.000533036,0.000600119,0.000429879,0.000420288,0.000417935,0.000371107,0.00055459,0.000567595,0.00042352,0.000456138,0.000535293,0.000481993,0.000248432,0.000433329,0.000287681,0.000356507,0.000391699,0.000273635,0.000255287,0.000618399,0.000438603,0.000527629,0.000234856,0.000430419,0.000504807,0.000555933,0.000557233,0.000279684,0.000536661,0.000534661,0.000486609,0.000496013,0.000386272,0.000338976,0.000365203,0.000534996,0.000474233,0.000544827,0.00057143,0.000381294,0.000442881,0.000441708,0.000451045,0.00034669,0.000424596,0.000479519,0.000458796,0.000643445,0.000364159,0.000396314,0.000479371,0.000450508,0.000377988,0.000456457,0.000551388,0.000375134,0.000462089,0.000496901,0.00034557,0.000403392,0.000851815
"PWY-6122: 5-aminoimidazole ribonucleotide biosynthesis II",0.00044919,0.000402913,0.000576336,0.00044322,0.000446667,0.000423454,0.000522519,0.00035958,0.000409639,0.000477471,0.000506826,0.000427155,0.000346448,0.000523818,0.000534739,0.000605006,0.000691407,0.000610247,0.000555868,0.000659243,0.000416904,0.000444392,0.000439279,0.00039653,0.000584931,0.000614582,0.000441783,0.000576913,0.000585774,0.000475954,0.000576689,0.000477319,0.000338168,0.000356827,0.000389867,0.000292135,0.00144595,0.00071023,0.000477746,0.000560549,0.000819338,0.000477777,0.000553772,0.000545536,0.000562718,0.000500997,0.000518247,0.000524866,0.000506324,0.000478436,0.000509235,0.000354582,0.000381917,0.000591481,0.000497282,0.000556393,0.000643836,0.000386276,0.000445854,0.000472871,0.000491991,0.000358726,0.000421783,0.000480066,0.000610241,0.000622107,0.000402939,0.00041118,0.000477956,0.000458101,0.000391001,0.000518923,0.000594376,0.000386545,0.000507316,0.000489718,0.000558078,0.00045014,0.000905358
"PWY-6123: inosine-5'-phosphate biosynthesis I",0.000357013,0.00045927,0.00055489,0.00030083,0.000246672,0.000298279,0.000467479,0.0002986,0.00033732,0.00032568,0.000567691,0.00034163,0.000274036,0.000438057,0.000418821,0.000247273,0.000727966,0.000488713,0.0004086,0.000640873,0.000349802,0.000389445,0.000434644,0.000351848,0.000578718,0.000584236,0.000319154,0.000415262,0.000594995,0.00049282,0.000176481,0.000319665,0.000247979,0.000333503,0.000310344,0.000232761,0.000155307,0.000386456,0.000300289,0.00049574,0.000193648,0.000361409,0.00034676,0.000464704,0.000494441,0.000214275,0.000439355,0.000490588,0.000420389,0.000528614,0.00038967,0.000311604,0.000336198,0.000497071,0.00038365,0.00040059,0.000507017,0.000339532,0.000347949,0.000391028,0.00034822,0.000279399,0.00042992,0.000451804,0.000554713,0.000573768,0.00034014,0.000261904,0.00044656,0.000372955,0.000336851,0.000398512,0.000450375,0.000268296,0.00047979,0.00046216,0.000200173,0.000434554,0.000603026
"PWY-6124: inosine-5'-phosphate biosynthesis II",0.000346707,0.000439318,0.000539853,0.000289504,0.000196046,0.000294761,0.000450751,0.000283976,0.000322988,0.000311126,0.000560493,0.000330501,0.000271705,0.000426125,0.000395447,0.000220104,0.000727361,0.00047721,0.000379242,0.00063251,0.000333104,0.000376925,0.00043077,0.000354038,0.000587495,0.000582987,0.000307999,0.000397792,0.000594995,0.000487862,0.000158185,0.000311329,0.000249605,0.000332766,0.000293813,0.000233707,0.000131399,0.000352536,0.000287514,0.000486958,0.000170328,0.000340325,0.00032001,0.00044417,0.00047488,0.000196706,0.000417502,0.000490065,0.000412719,0.000534439,0.000398547,0.000294894,0.000331937,0.000481584,0.000354328,0.0003752,0.000496611,0.000326448,0.000328596,0.000371252,0.000316341,0.000276285,0.000416796,0.000441633,0.0005537,0.000549863,0.000473503,0.000266145,0.000431918,0.000372503,0.000324488,0.000382429,0.000425888,0.000264731,0.00047099,0.000452411,0.000178165,0.000435032,0.000567356
"PWY-6125: superpathway of guanosine nucleotides de novo biosynthesis II",0.000289657,0.000237548,0.000179586,0.000344582,0.000271105,0.00035647,0.000174292,0.000381552,0.000178149,0.000263812,0.000195722,0.000266043,0.000142626,0.00022111,0.000259658,0.000190909,0.000116648,0.000300444,0.000285219,0.000381567,0.000175426,0.000232836,0.000130929,0.000420965,8.12338e-05,0.000290731,0.00036107,0.00030103,0.000276286,0.000139602,0.000205925,0.000326164,0.000269591,0.000303862,0.000282763,0.000200441,8.81649e-05,0.000484423,0.000253341,0.00016379,0.000115478,0.00037364,0.000295581,0.000200436,0.000228013,9.3539e-05,0.000204051,0.000172163,0.00035541,0.000207006,0.000211878,0.0001766,0.000153525,0.00032023,0.000319313,0.000262496,0.000340508,0.000174021,0.000249484,0.000220719,0.000146469,0.00026475,0.000219312,0.000128227,0.0002151,3.48872e-05,0.000188733,0.000303563,0.000134137,0.000175539,0.000239154,0.000164119,0.000278863,0.000187341,0.000154904,0.00024537,0.000261396,0.000284203,0.000672691
"PWY-6126: superpathway of adenosine nucleotides de novo biosynthesis II",0.000344914,0.000325466,0.000242582,0.000384161,0.000268123,0.000376755,0.000244869,0.000402342,0.000247334,0.000324958,0.000268237,0.00033559,0.00019483,0.00029238,0.000332786,0.000247642,0.000163951,0.00037467,0.000388735,0.000482136,0.000242562,0.000305496,0.000179809,0.000578139,0.000118119,0.000378142,0.000426219,0.000365526,0.000370858,0.000196457,0.00025437,0.000394818,0.00033401,0.000368484,0.000373858,0.000245266,0.000123404,0.000607848,0.000339329,0.000228829,0.000159372,0.000479718,0.000386571,0.000269241,0.00031024,0.000126708,0.000270903,0.000243048,0.000438879,0.0002717,0.000283979,0.000233386,0.000211442,0.000415836,0.000414779,0.000345286,0.000422703,0.000235774,0.000328192,0.00029189,0.000208234,0.000329139,0.000297088,0.000183291,0.000290966,5.16683e-05,0.000254128,0.000323718,0.000189171,0.000238723,0.000301496,0.000222822,0.000351888,0.000242773,0.000215151,0.000337043,0.00033902,0.000380254,0.000700184
"PWY-6138: CMP-N-acetylneuraminate biosynthesis I (eukaryotes)",0,0,0,0,0,0,0,0,2.03237e-06,0,0,0,0,6.99703e-06,0,0,0,0,0,0,0,0,0,0,0,0,0,0,0,0,0,0,0,0,0,0,0,0,0,0,0,0,0,0,0,0,0,0,0,0,0,0,0,0,0,0,0,0,0,0,0,0,0,0,0,0,0,0,0,0,0,0,0,0,0,0,0,0,0
"PWY-6143: CMP-pseudaminate biosynthesis",0,0,9.18493e-06,0,0,0,4.42629e-05,0,0,0,0,3.31104e-06,0,3.03849e-06,5.21692e-06,0,0,0,0,5.57702e-05,0,0,0,0,9.14833e-06,1.76918e-05,0,0,0,0,0,6.55514e-07,9.77371e-07,0,0,0,0,0,1.95326e-05,4.31722e-05,0,0,1.32399e-05,0,8.87301e-05,7.71382e-06,0,0,1.17899e-05,0,0,0,0,0,0,0,7.62785e-07,0,0,0,0,7.56024e-07,0,2.54528e-06,0,0,0,0,1.95451e-06,0,3.48171e-06,0,2.50471e-05,0,4.25375e-06,4.42618e-07,0,4.38418e-06,0
"PWY-6147: 6-hydroxymethyl-dihydropterin diphosphate biosynthesis I",0.000184622,4.05251e-05,0.00045815,0.000219605,0.000255537,0.000331894,0.000239994,0.000307848,0.000177034,0.000165302,0.000530519,0.000206684,0.000100648,0.000278112,0.000143364,0.00037513,0.0001542,0.000244071,0.000158773,0.000516538,0.000141294,0.000225886,0.000157063,0.000204918,0.000268416,0.000450305,0.000280906,0.000287243,0.000198148,0.00018526,0.000349362,0.000252015,0.000178917,0.000230549,0.000116477,0.000164057,8.19806e-05,9.27184e-05,0.000248872,0.000180948,0.000461509,0.000169334,0.000193713,0.000270475,0.000317858,0.000349926,0.000273409,0.000266824,0.000324568,0.000418086,0.000294475,0.000168085,0.000160864,0.000314109,9.67657e-05,0.000200912,0.000318084,0.000173394,0.000154692,0.000183114,0.000116792,0.000125152,0.000219945,4.29718e-05,0.000300888,0.000106371,0.000163349,0.000286871,0.000303157,0.000142806,0.000207814,0.000269416,0.000380246,0.000132508,0.000460373,0.000194088,0.000251298,0.000106937,6.8786e-05
"PWY-6148: tetrahydromethanopterin biosynthesis",0,0,0,0,0,0,0,0,0,0,0,0,0,0,0,0,0,0,0,0,0,0,0,0,0,0,0,0,0,0,0,0,0,0,0,0,0,0,0,0,0,0,0,0,0,0,0,0,0,0,0,0,0,0,0,0,0,0,0,0,0,0,0,0,0,0,0,0,0,0,0,0,0,0,0,0,0,0,0
"PWY-6151: S-adenosyl-L-methionine salvage I",0.000234421,0.000387496,0.000295907,0.000184388,0.000240745,0.000398234,0.000523885,0.000405952,0.000411183,0.000356323,0.000331022,0.000297134,0.000300451,0.000207808,0.000415686,0.000481154,0.000189317,0.000394503,0.00051111,0.000500415,0.000317206,0.000290786,0.000173733,0.000300741,0.000330034,0.000443863,0.000302257,0.000415575,0.000494495,0.000305655,0.000364289,0.000334545,0.000240323,0.000212017,0.00038612,0.000275105,0.001168,0.000682827,0.000433847,0.000460109,0.000742662,0.00047577,0.000454531,0.000439713,0.000534673,0.000487955,0.00042601,0.000416243,0.000256059,0.000310962,0.000469301,0.000278624,0.000353272,0.000438203,0.000428987,0.000529231,0.000510252,0.000326576,0.000430101,0.000389818,0.000563069,0.000400255,0.000439452,0.000527661,0.0004466,0.0004442,0.000351816,0.000322703,0.000494984,0.000390138,0.000273691,0.000251926,0.000461081,0.000250374,0.00046299,0.000465775,0.000455927,0.000373028,0.00074701
"PWY-6160: 3-dehydroquinate biosynthesis II (archaea)",0,0,0,0,0,0,0,0,0,0,0,0,0,0,0,0,0,0,0,0,0,0,0,0,0,0,0,0,0,0,0,0,0,0,0,0,0,0,0,0,0,0,0,0,0,0,0,0,0,0,0,0,0,0,0,0,0,0,0,0,0,0,0,0,0,0,0,0,0,0,0,0,0,0,0,0,0,0,0
"PWY-6163: chorismate biosynthesis from 3-dehydroquinate",0.000426425,0.000473855,0.000512148,0.000387117,0.000273984,0.000448625,0.00059559,0.000425814,0.000464439,0.000531811,0.000597475,0.000406736,0.000414346,0.000391691,0.000590721,0.000515405,0.000633772,0.000460492,0.000697131,0.000667776,0.000514692,0.00040133,0.000409556,0.000454429,0.000547526,0.000511385,0.000291908,0.000509127,0.000572057,0.000560698,0.000331028,0.00036202,0.000291634,0.000317892,0.000479013,0.000265,0.000879761,0.000796088,0.000463357,0.000570026,0.000545525,0.00056228,0.000563039,0.000681154,0.000586361,0.000437611,0.000668146,0.000656583,0.000420001,0.000548612,0.000443696,0.00038921,0.000427947,0.000546258,0.000569533,0.000685235,0.000628616,0.000428414,0.000555061,0.000542373,0.000738729,0.000448642,0.000534988,0.000542085,0.000469792,0.000824101,0.000481486,0.000330891,0.00050695,0.000454109,0.000428073,0.000501785,0.000540902,0.000333461,0.000496333,0.000628074,0.000557249,0.000482017,0.000777245
"PWY-6165: chorismate biosynthesis II (archaea)",0,0,0,0,0,0,0,0,0,0,0,0,0,0,0,0,0,0,0,0,0,0,0,0,0,0,0,0,0,0,0,0,0,0,0,0,0,0,0,0,0,0,0,0,0,0,0,0,0,0,0,0,0,0,0,0,0,0,0,0,0,0,0,0,0,0,0,0,0,0,0,0,0,0,0,0,0,0,0
"PWY-6167: flavin biosynthesis II (archaea)",0,0,0,0,0,0,0,0,0,0,0,0,0,0,0,0,0,0,0,0,0,0,0,0,0,0,0,0,0,0,0,0,0,0,0,0,0,0,0,0,0,0,0,0,0,0,0,0,0,0,0,0,0,0,0,0,0,0,0,0,0,0,0,0,0,0,0,0,0,0,0,0,0,0,0,0,0,0,0
"PWY-6168: flavin biosynthesis III (fungi)",0.000114254,0,4.8735e-05,0.000249958,0.000187275,0.000149552,1.06529e-05,3.4293e-06,0.000142077,0,2.46431e-05,0.000188061,4.55124e-05,6.43424e-05,3.74169e-05,1.71672e-05,2.35234e-05,0.0001064,4.20303e-05,5.36947e-05,6.89296e-05,0.000145811,0.000112155,5.59935e-05,3.01259e-05,0,0.000238207,0.000111432,2.89811e-05,5.31438e-05,9.42852e-05,0.000205919,0.000206917,0.000193961,0.000115703,0.00018418,3.72945e-05,2.69384e-05,9.32918e-05,0.000118081,0,0.000104575,0.000103416,0,4.69821e-05,7.73009e-05,5.90743e-06,2.90732e-05,0.000130825,0.000167406,5.73942e-05,4.83347e-05,6.82523e-05,4.30708e-05,0,5.13963e-05,0.000130746,6.13416e-05,3.2539e-05,5.22066e-05,0,0.000160666,2.44296e-05,0.000110379,3.78537e-05,3.91323e-05,6.4299e-05,0.000201405,4.89273e-05,0.000172762,6.08243e-05,9.69515e-06,0.000121339,0.000164487,2.36635e-05,6.37124e-07,0,5.35052e-05,7.45439e-05
"PWY-6174: mevalonate pathway II (haloarchaea)",0,0,0,0,0,0,0,0,0,0,0,0,0,0,0,0,0,0,0,0,0,0,0,0,0,0,0,0,0,0,0,0,0,0,0,0,0,0,0,0,0,0,0,0,0,0,0,0,0,0,0,0,0,0,0,0,0,0,0,0,0,0,0,0,0,0,0,0,0,0,0,0,0,0,0,0,0,0,0
"PWY-6182: superpathway of salicylate degradation",3.11347e-05,0,0,4.06215e-06,1.19127e-05,0,0,0,0,0,0,0,0,8.89562e-06,0,0,0,0,0,0,0,0,1.36763e-05,0,0,0,0,0,0,0,1.54736e-06,0,0,0,0,0,0,3.0795e-06,0,0,0,0,0,0,0,0,0,0,3.22592e-06,3.53781e-05,0,2.1179e-05,0,0,0,0,0,1.83381e-05,0,0,0,0,0,0,0,0,0,8.81028e-06,0,0,0,0,0,0,0,2.0951e-06,0,0,4.18575e-06
"PWY-6185: 4-methylcatechol degradation (ortho cleavage)",3.16013e-05,0,0,6.82209e-06,1.259e-05,0,0,0,0,0,0,0,0,9.9383e-06,0,0,0,0,0,0,0,0,1.9063e-05,0,0,0,0,0,0,0,1.45022e-06,0,0,0,0,0,0,3.35711e-06,0,1.67099e-07,0,0,0,0,8.4189e-07,0,0,0,2.60839e-06,5.3917e-05,0,3.15978e-05,0,0,0,0,0,2.27571e-05,0,0,0,0,0,0,0,0,0,1.67488e-05,0,0,0,0,0,0,0,1.9264e-06,0,0,2.02314e-06
"PWY-6210: 2-aminophenol degradation",1.3069e-05,0,0,0,0,0,0,0,0,0,0,0,0,0,0,0,0,0,0,0,0,0,0,0,0,0,0,0,0,0,2.12424e-07,0,0,0,0,0,0,0,0,0,0,0,0,0,0,0,0,0,1.14824e-06,1.43951e-06,0,0,0,0,0,0,0,0,0,0,0,0,0,0,0,0,0,0,0,0,0,0,0,0,0,7.72155e-08,0,0,0
"PWY-6215: 4-chlorobenzoate degradation",3.87821e-06,0,0,6.90466e-06,2.44606e-05,2.85957e-06,0,2.4658e-06,0,0,0,0,2.79204e-07,0,0,0,0,0,0,0,0,0,0,0,0,0,0,0,0,0,1.88067e-06,0,0,0,0,0,0,2.93249e-07,0,0,0,0,9.00331e-07,0,0,0,0,0,1.0137e-06,2.45123e-06,0,4.42798e-07,0,0,0,1.25615e-07,0,1.0193e-07,0,0,0,0,0,0,0,0,0,9.84612e-06,2.73401e-07,0,0,0,0,0,0,0,0,0,2.8105e-06
"PWY-621: sucrose degradation III (sucrose invertase)",0.000160234,2.62025e-05,3.91347e-05,0.000152833,0.000372226,0.000334675,7.79563e-05,0.000333479,4.41739e-05,0.000190993,5.70991e-05,0.000127841,7.96006e-05,0.000113536,3.56605e-05,1.45603e-05,6.93366e-05,5.25867e-05,5.87122e-05,3.96448e-05,0.000106885,6.14058e-05,5.61045e-05,9.49357e-05,2.73904e-05,8.49583e-05,0.000143787,4.45159e-05,6.75284e-05,6.97313e-05,5.45489e-05,0.000186249,8.4172e-05,0.00010435,4.22852e-05,0.000198185,2.96834e-05,0.000114332,6.11382e-05,8.6165e-05,1.48671e-05,8.10431e-05,7.09094e-05,0.00011457,0.000114484,5.41974e-05,0.00010224,0.000155811,0.000121816,7.67712e-05,3.40509e-05,0.000130909,9.27475e-05,4.3467e-05,6.58654e-05,0.000120187,8.04007e-05,0.000155317,0.000104293,6.12407e-05,9.38423e-06,9.71783e-05,7.78606e-05,7.59588e-05,2.95363e-05,2.76388e-05,4.14816e-05,0.000335408,7.15861e-05,0.000186548,0.000225992,3.86123e-05,9.13418e-05,0.00011474,7.08761e-05,8.18554e-05,4.41132e-05,6.79491e-05,6.73224e-05
"PWY-622: starch biosynthesis",0,5.2062e-05,0,0,1.60963e-06,0.000298528,2.32385e-05,0,0,0,1.04949e-05,1.93334e-05,1.43971e-05,0,0,5.56699e-06,5.2685e-05,0,6.5636e-05,8.90113e-05,5.85482e-05,7.44527e-06,0,0,0,0,8.23226e-06,0,8.15398e-05,0,0,2.49115e-05,0,0,0,0,0,3.9628e-05,0,0,0,2.28398e-05,2.47061e-05,0.000165879,8.24651e-06,7.43183e-06,0.000114106,6.36141e-05,1.38898e-05,0,0,5.11022e-05,5.73792e-05,9.51966e-06,0.00020807,9.75989e-06,0,5.22678e-05,8.14679e-06,8.549e-06,2.2444e-05,0,0,1.54858e-06,0.00011169,2.00528e-05,4.05546e-05,0.000238941,5.40437e-06,0.000324048,2.67612e-05,3.62068e-06,2.61623e-05,0,3.90481e-05,7.70287e-05,1.77991e-05,1.49641e-05,9.56e-05
"PWY-6269: superpathway of adenosylcobalamin salvage from cobinamide II",0,0,0,0,0,0,0,0,0,0,0,0,0,1.981e-05,0,0,0,0,0,0,0,0,0,0,0,0,0,0,0,0,0,0,0,0,0,0,0,0,0,0,0,0,0,0,0,0,0,0,0,0,0,0,0,0,0,0,0,0,0,0,0,0,0,0,0,0,0,0,0,0,0,0,0,0,0,0,0,0,0
"PWY-6270: isoprene biosynthesis I",0.000301426,3.66372e-05,8.88308e-05,0.000344026,0.000183912,0.00028812,7.52799e-05,0.000266014,0.000250835,0.000266473,0.000100835,0.000342165,0.000142466,0.000203462,0.000230755,1.84954e-05,0.000240824,0.000180411,6.96559e-05,9.17991e-05,0.000252,0.000170686,0.000179756,0.000274959,0.000137554,4.30401e-05,0.000291059,0.00021869,0.000186921,0.000151907,0.000153308,0.000274276,0.000245274,0.000219783,0.000255368,0.000236724,2.27557e-05,0.000121081,0.000132103,0.000179173,3.82626e-05,0.000157969,0.000197611,0.00026165,0.000117865,0.000103223,0.000293752,0.000148317,0.00036036,0.000268401,0.000143114,0.00025977,0.000159634,0.000213831,0.000212674,0.000184668,0.000279247,0.00027359,0.000145186,0.000153382,9.08929e-05,0.000260163,3.35137e-05,0.000168554,0.000209083,5.2246e-05,0.000213424,0.000279837,8.11894e-05,0.000219758,0.000211855,0.000157773,7.73e-05,0.000295181,0.000226148,0.000195556,1.79632e-05,0.000167785,0.000229336
"PWY-6277: superpathway of 5-aminoimidazole ribonucleotide biosynthesis",0.00044919,0.000402913,0.000576336,0.00044322,0.000446667,0.000423454,0.000522519,0.00035958,0.000409639,0.000477471,0.000506826,0.000427155,0.000346448,0.000523818,0.000534739,0.000605006,0.000691407,0.000610247,0.000555868,0.000659243,0.000416904,0.000444392,0.000439279,0.00039653,0.000584931,0.000614582,0.000441783,0.000576913,0.000585774,0.000475954,0.000576689,0.000477319,0.000338168,0.000356827,0.000389867,0.000292135,0.00144595,0.00071023,0.000477746,0.000560549,0.000819338,0.000477777,0.000553772,0.000545536,0.000562718,0.000500997,0.000518247,0.000524866,0.000506324,0.000478436,0.000509235,0.000354582,0.000381917,0.000591481,0.000497282,0.000556393,0.000643836,0.000386276,0.000445854,0.000472871,0.000491991,0.000358726,0.000421783,0.000480066,0.000610241,0.000622107,0.000402939,0.00041118,0.000477956,0.000458101,0.000391001,0.000518923,0.000594376,0.000386545,0.000507316,0.000489718,0.000558078,0.00045014,0.000905358
"PWY-6281: L-selenocysteine biosynthesis II (archaea and eukaryotes)",0,0,0,0,0,0,0,0,0,0,0,0,0,0,0,0,0,0,0,0,0,0,0,0,0,0,0,0,0,0,0,0,0,0,0,0,0,0,0,0,0,2.96914e-06,0,0,0,0,0,0,0,0,0,0,0,0,0,0,0,0,0,0,0,0,0,0,0,0,0,0,0,0,0,0,0,0,0,0,7.3553e-06,0,0
"PWY-6282: palmitoleate biosynthesis I (from (5Z)-dodec-5-enoate)",0.000413674,8.1355e-05,0.000121368,0.000391847,0.000361757,0.000461812,8.02741e-05,0.000451707,0.000179702,0.000135964,0.00013583,0.000243634,0.000114687,0.000229729,6.99791e-05,1.19799e-05,0.000589035,0.000117646,8.53754e-05,9.85715e-05,0.000148469,0.000183313,0.00036785,6.70033e-05,0.000205636,0.000258073,0.000361506,9.86588e-05,0.000105913,6.56671e-05,9.69518e-05,0.000366967,0.000294954,0.000165834,8.18322e-05,0.000266794,0,0.000114722,9.34743e-05,0.000113805,1.71992e-05,9.9923e-05,0.000100882,7.83648e-05,9.83085e-05,5.33993e-05,6.50084e-05,9.52776e-05,0.000128298,0.000280054,0.000158868,0.000185889,0.00014176,0.000136442,7.97557e-05,4.12153e-05,0.000263824,0.000188624,3.26775e-05,4.53417e-05,1.59122e-05,0.000216747,8.13474e-05,0.000202131,4.54846e-05,4.19996e-05,0.000107325,0.000500333,6.17887e-05,0.000213274,0.000142589,4.96819e-05,0.000100816,0.0003659,3.90481e-05,0.000105724,3.91917e-05,0.000132437,5.28184e-05
"PWY-6284: superpathway of unsaturated fatty acids biosynthesis (E. coli)",4.93022e-05,0,2.03589e-05,0.000185966,0.000275577,0.000105118,0,1.03998e-05,5.46308e-05,4.45369e-06,0,8.20518e-05,1.30157e-05,2.11814e-05,0,0,0,0,1.09412e-05,0,1.85288e-05,5.72113e-05,5.50847e-05,0,0,0,0.000186363,0,7.83457e-06,0,5.30154e-05,0.000135159,0.000195387,5.5293e-05,2.63627e-05,0.000196037,0,2.59875e-06,4.74056e-05,2.34655e-05,0,1.09639e-05,5.86334e-05,2.45037e-05,9.25157e-06,8.28838e-06,2.50324e-05,1.47708e-05,1.21261e-05,9.05162e-05,0,1.84531e-05,3.91493e-05,5.82904e-05,0,6.07924e-07,1.51196e-05,2.50983e-05,0,0,0,0.000214092,0,6.21009e-05,0,2.44642e-05,4.01182e-05,0.000251482,9.99304e-06,9.87429e-05,3.34842e-05,8.35988e-06,5.16805e-06,0.000233988,1.06304e-05,1.35054e-06,6.4275e-06,1.06922e-05,1.82532e-05
"PWY-6285: superpathway of fatty acids biosynthesis (E. coli)",8.75869e-05,0,3.58193e-05,0.00025203,0.000315179,0.000172541,0,2.0359e-05,8.76514e-05,0,0,0.000127113,2.39236e-05,3.9341e-05,0,0,0,0,2.02574e-05,0,3.39385e-05,8.4216e-05,9.49527e-05,0,0,0,0.000240869,0,0,0,7.56066e-05,0.000189105,0.000240961,7.66866e-05,4.3536e-05,0.000226791,0,5.13313e-06,6.13211e-05,4.11986e-05,0,1.69796e-05,6.20183e-05,0,7.71328e-06,1.06344e-05,0,0,2.27237e-05,0.000137872,0,3.40753e-05,6.50267e-05,0,0,0,2.91672e-05,4.52633e-05,0,0,0,0.000180082,0,8.65151e-05,0,0,4.95032e-05,0.00032654,1.80566e-05,0.000141166,5.71829e-05,1.51966e-05,0,0.00028682,1.38192e-05,2.68874e-06,0,2.04198e-05,2.90895e-05
"PWY-6292: superpathway of L-cysteine biosynthesis (mammalian)",7.19352e-05,3.62039e-05,2.91039e-05,1.26343e-05,5.9588e-05,0,0.000146335,4.43772e-06,0.000129755,4.88172e-05,7.60978e-05,9.19238e-05,0.000124485,1.64523e-05,3.40345e-05,4.58847e-05,5.38077e-05,5.26021e-05,0.000133803,0.000107919,5.13706e-05,4.53494e-05,3.67135e-05,2.05974e-05,0.000186067,8.04248e-05,4.9499e-06,4.72414e-05,0.000145259,0.000121969,3.69937e-05,4.00736e-05,1.00729e-05,3.50978e-05,0.000153748,4.10659e-05,4.8265e-05,8.6007e-05,3.29777e-05,0.000143682,1.4453e-05,5.34313e-05,6.53928e-05,0.000145291,0.000114565,3.99161e-05,0.000136981,0.000180998,1.81606e-05,6.55324e-05,0,4.75698e-05,9.82869e-05,5.39129e-05,0.000112691,9.64989e-05,0,6.3165e-05,8.45819e-05,7.58348e-05,0.000115873,3.23158e-05,0.000128749,1.15299e-05,5.09955e-05,0.000149513,0.000120057,0.000157788,0.000155739,0.000135124,3.92538e-05,0.000124689,3.81454e-05,1.89e-05,4.40571e-05,0.000173739,5.86743e-05,9.08658e-05,5.84418e-05
"PWY-6293: superpathway of L-cysteine biosynthesis (fungi)",2.95137e-05,0,3.73605e-06,2.59992e-05,2.56654e-05,0,0,5.05258e-07,2.50541e-05,0,0,4.97191e-05,4.64635e-06,8.56312e-06,0,0,0,0,2.89031e-06,0,3.15133e-06,2.69838e-05,2.99046e-05,0,0,0,1.0107e-05,0,0,0,2.114e-05,5.02941e-05,6.28774e-05,1.7749e-05,1.06282e-05,6.71258e-05,0,2.123e-06,1.31379e-05,6.04207e-06,0,1.35176e-06,1.58253e-05,0,0,2.50759e-06,0,6.16651e-06,1.77464e-05,3.71189e-05,0,1.82695e-05,1.46443e-05,0,0,0,0,2.90238e-05,0,1.4946e-06,0,4.50728e-05,4.88029e-07,1.79173e-05,0,1.75956e-06,7.97141e-06,0.000116532,2.62067e-06,6.62088e-05,1.30958e-05,3.29864e-06,0,3.51409e-05,2.59727e-06,5.01172e-06,0,6.64633e-06,1.28372e-05
"PWY-6305: superpathway of putrescine biosynthesis",0.000287637,3.61392e-05,8.42672e-05,0.000335745,0.000551702,0.000348863,0.000128121,0.000356767,0.000107515,2.4552e-05,8.93999e-05,0.000142163,0.000121899,0.000120021,6.93179e-05,3.76577e-05,0.000254848,7.28574e-05,4.43964e-05,0.000120105,9.78308e-05,9.2988e-05,0.000175029,8.58963e-05,0.000154162,0.000217261,0.000211584,6.54602e-05,0.000140172,7.57016e-05,6.81245e-05,0.000197314,0.000184931,7.17785e-05,8.51464e-05,0.00016267,1.03483e-05,0.00013599,5.56487e-05,5.8437e-05,1.46393e-05,7.28616e-05,8.23079e-05,0.000110504,0.00011826,5.43453e-05,9.72765e-05,0.000141182,0.000111784,7.11037e-05,0.000107033,0.000101437,9.05145e-05,9.65298e-05,6.74889e-05,0.000101334,4.25181e-05,0.000106412,8.49417e-05,9.82333e-05,4.84655e-05,9.39507e-05,9.46501e-05,5.44953e-05,5.27504e-05,2.26944e-05,8.7257e-05,0.000267544,0.000120258,0.000190892,0.000125468,7.81545e-05,7.82929e-05,0.000170528,3.58592e-05,4.69169e-05,1.5933e-05,0.000105921,3.18386e-05
"PWY-6307: L-tryptophan degradation X (mammalian, via tryptamine)",0,0,0,0,0,0,0,0,0,0,0,0,0,0,0,0,0,0,0,0,0,0,0,0,0,0,0,0,0,0,0,0,0,0,0,0,0,0,0,0,0,0,0,0,0,0,0,0,8.76981e-08,0,0,0,0,0,0,0,0,0,0,0,0,0,0,0,0,0,0,0,0,0,0,0,0,0,0,0,0,0,0
"PWY-6313: serotonin degradation",0,0,0,0,0,0,0,0,0,0,0,0,0,0,0,0,0,0,0,0,0,0,0,0,0,0,0,0,0,0,0,0,0,0,0,0,0,0,0,0,0,0,0,0,0,0,0,0,1.16778e-07,0,0,0,0,0,0,0,0,0,0,0,0,0,0,0,0,0,0,0,0,0,0,0,0,0,0,0,0,0,0
"PWY-6317: D-galactose degradation I (Leloir pathway)",0.000141058,0.000290141,0.000135681,0.000232675,0.00035442,0.000323816,0.000214342,0.000289531,0.000257209,0.000248765,0.000113988,0.00024167,0.000209191,8.82495e-05,0.000304697,0.000141231,0.000142272,0.000150294,0.000242975,0.000129768,0.000231853,0.000135058,7.68266e-05,6.28751e-05,0.000184124,8.9238e-05,0.00023496,0.0001823,0.000318238,0.00019106,0.000208234,0.000273733,0.000270971,9.00484e-05,0.000245275,0.000224944,0.000157276,0.000298908,0.000224813,0.000283519,0.000260283,0.000241657,0.00027331,0.000346552,0.000206882,0.000227068,0.000360794,0.00026479,0.000105235,0.00015414,3.46909e-05,0.000216097,0.000238847,0.000224343,0.000244477,0.00023081,6.61029e-05,0.000253041,0.000220516,0.000164383,0.000271242,0.000296662,0.000211939,0.000120672,0.000196061,0.000194704,0.000189408,0.000321906,0.000173573,0.000311404,0.000152717,0.000192804,0.000183434,0.000186525,0.000142555,0.000353393,0.000208822,0.000126959,0.000490379
"PWY-6318: L-phenylalanine degradation IV (mammalian, via side chain)",5.91199e-06,0,3.19653e-07,1.57127e-05,1.43665e-05,1.17567e-05,0,3.55498e-07,2.78296e-06,0,0,2.22945e-06,5.43563e-07,0,0,0,0,0,0,0,0,0,4.08367e-06,0,0,0,1.07017e-06,0,0,0,3.12144e-06,2.81999e-06,3.93884e-06,7.8272e-07,1.48362e-06,0,0,0,2.84269e-06,0,0,0,2.22803e-06,0,0,0,0,7.25843e-07,2.76075e-06,7.48994e-06,0,4.10833e-07,5.55142e-06,0,0,0,0,0,0,0,0,2.21965e-06,0,3.74374e-06,0,0,2.88628e-06,5.68758e-06,1.00623e-06,9.75824e-06,3.49047e-06,0,0,4.4267e-05,0,0,0,3.3195e-06,3.24339e-06
"PWY-6328: L-lysine degradation X",9.42622e-06,0,5.57487e-07,3.09723e-05,9.80385e-05,2.45213e-05,0,0,0,0,0,1.30533e-06,7.64271e-08,1.32609e-06,0,0,0,0,0,0,0,9.63507e-06,7.63643e-06,0,0,0,1.41935e-05,0,0,0,4.1191e-06,9.766e-07,1.4428e-06,6.06764e-06,5.02211e-06,3.68777e-05,0,7.83771e-07,4.40491e-06,2.6261e-06,0,0,6.47571e-06,0,0,0,0,1.57702e-06,2.47684e-06,2.61559e-05,0,0,0,0,0,2.49834e-07,0,0,0,0,0,1.0461e-05,0,1.12436e-05,0,3.59472e-06,3.58285e-06,7.87576e-05,1.4012e-06,2.22646e-05,4.97801e-07,0,0,1.94843e-05,3.24035e-07,0,0,6.44231e-07,6.42939e-06
"PWY-6349: CDP-archaeol biosynthesis",0,0,0,0,0,0,0,0,0,0,0,0,0,0,0,0,0,0,0,0,0,0,0,0,0,0,0,0,0,0,0,0,0,0,0,0,0,0,0,0,0,0,0,0,0,0,0,0,0,0,0,0,0,0,0,0,0,0,0,0,0,0,0,0,0,0,0,0,0,0,0,0,0,0,0,0,0,0,0
"PWY-6350: archaetidylinositol biosynthesis",0,0,0,0,0,0,0,0,0,0,0,0,0,0,0,0,0,0,0,0,0,0,0,0,0,0,0,0,0,0,0,0,0,0,0,0,0,0,0,0,0,0,0,0,0,0,0,0,0,0,0,0,0,0,0,0,0,0,0,0,0,0,0,0,0,0,0,0,0,0,0,0,0,0,0,0,0,0,0
"PWY-6351: D-myo-inositol (1,4,5)-trisphosphate biosynthesis",0,0,0,0,0,0,0,0,0,0,0,0,0,0,0,0,0,0,0,0,0,0,0,0,0,0,0,0,0,0,0,0,0,0,0,0,0,0,0,0,0,0,0,0,0,0,0,0,0,0,0,0,0,0,0,0,0,0,0,0,0,0,0,0,0,0,0,0,0,0,0,0,0,0,0,0,0,0,0
"PWY-6353: purine nucleotides degradation II (aerobic)",0.000144978,2.99776e-05,3.12682e-05,0.000246915,0.000454522,0.000207041,2.38289e-05,5.62719e-06,0.000141195,0.000100259,3.07211e-05,0.000203162,4.75433e-05,7.47596e-05,5.14691e-05,2.32138e-05,4.61432e-05,1.90431e-05,4.95931e-05,1.11447e-05,8.00824e-05,7.79516e-05,0.000147311,1.59849e-05,7.00397e-05,3.38231e-05,0.000185504,1.7926e-05,0.000107029,4.60661e-05,7.00015e-05,0.000194391,0.000209874,0.000124883,9.01966e-05,0.000286993,1.29177e-05,6.99423e-05,0.00011767,6.74768e-05,1.74252e-05,7.63875e-05,0.000135438,8.18825e-05,4.64156e-05,6.08484e-05,0.00010155,6.59571e-05,8.08312e-05,0.000299586,3.6342e-05,5.40516e-05,9.96297e-05,4.07869e-05,3.86865e-05,6.46196e-05,6.96279e-05,7.17536e-05,5.34656e-05,3.41514e-05,3.88598e-05,0.000243907,9.40351e-06,0.000150763,3.42459e-05,2.41863e-05,0.000114483,0.000430212,5.56951e-05,0.000179293,0.000129942,8.26931e-05,5.29351e-05,0.000220897,0.000166516,9.77336e-05,1.07185e-05,6.35106e-05,8.27285e-05
"PWY-6385: peptidoglycan biosynthesis III (mycobacteria)",0.000425766,0.000528682,0.000578475,0.000431619,0.000360456,0.000420179,0.000576742,0.000414312,0.00043798,0.000463055,0.000572544,0.000449066,0.000343657,0.000464455,0.000586661,0.000617479,0.000671181,0.000472175,0.000647663,0.000660654,0.000511229,0.000417447,0.000438486,0.000732192,0.00052941,0.000617175,0.000435909,0.000504055,0.000509158,0.00057841,0.000526071,0.000453618,0.000357294,0.000354493,0.000470121,0.000307295,0.00122317,0.000742168,0.0005682,0.000524857,0.000860415,0.000578171,0.000583998,0.000584357,0.000641122,0.000473724,0.00056809,0.000543588,0.00052645,0.000544274,0.000492368,0.000350737,0.000433628,0.000560127,0.000538031,0.000687455,0.000654755,0.000393578,0.000554663,0.000490516,0.000612536,0.000434311,0.000544953,0.000740367,0.000490141,0.000814576,0.000463396,0.000386525,0.000529723,0.000477577,0.000450528,0.000474751,0.000605329,0.000380904,0.000538086,0.000523615,0.000624777,0.000464266,0.000792797
"PWY-6386: UDP-N-acetylmuramoyl-pentapeptide biosynthesis II (lysine-containing)",0.000397055,0.000507908,0.000581802,0.00037818,0.000290791,0.000384627,0.000598595,0.000373109,0.000448206,0.00043766,0.00055986,0.00045709,0.000360957,0.000480658,0.000602796,0.000647286,0.000671548,0.000472304,0.000665814,0.000656531,0.000516283,0.000401191,0.000408803,0.000718895,0.00053158,0.000590277,0.000365305,0.000504507,0.000544299,0.00057396,0.000516103,0.000457059,0.000339103,0.00034467,0.000477111,0.000288261,0.00121195,0.000763243,0.00054437,0.000528967,0.000840437,0.000596994,0.000588645,0.000613274,0.00062649,0.000474827,0.000593034,0.000583856,0.000486266,0.000511531,0.000468111,0.000373261,0.00044636,0.000559936,0.000556744,0.000694808,0.000602353,0.000423266,0.000563994,0.000494313,0.000622671,0.000451486,0.000553782,0.000752249,0.000480153,0.000818851,0.000472876,0.000360373,0.000539974,0.000464334,0.000432248,0.000480375,0.000609112,0.000343322,0.000486388,0.000567544,0.00062979,0.000481611,0.000847377
"PWY-6387: UDP-N-acetylmuramoyl-pentapeptide biosynthesis I (meso-diaminopimelate containing)",0.000420913,0.000541721,0.000602416,0.000415926,0.000337299,0.000421166,0.000605227,0.000416974,0.00044462,0.000484318,0.000577561,0.000461254,0.000352643,0.00047927,0.000608648,0.00065307,0.000696679,0.000488305,0.000664547,0.000664463,0.000531079,0.000431202,0.000457905,0.000743893,0.000537116,0.000611041,0.000418944,0.00051555,0.000543236,0.000599618,0.000548552,0.000455413,0.000345723,0.000359656,0.000477266,0.000298883,0.00140273,0.000763615,0.000582992,0.000543203,0.000911696,0.000608229,0.000612995,0.000608322,0.000647955,0.000492616,0.000587585,0.000577355,0.000511264,0.000530701,0.00047508,0.000374531,0.000444071,0.000579134,0.000552411,0.0006971,0.000633215,0.000422094,0.000577696,0.00051232,0.000631993,0.00044675,0.000599294,0.000818285,0.000498834,0.000860493,0.000474631,0.000365866,0.000553347,0.000466414,0.000446145,0.000497314,0.000622969,0.000370476,0.000517105,0.000562803,0.000651793,0.000484866,0.000830681
"PWY-6396: superpathway of 2,3-butanediol biosynthesis",0,0,0,3.04297e-06,0,0,0,2.61871e-06,0,2.54933e-06,0,0,5.58438e-07,0,0,0,0,0,0,0,0,0,0,0,0,0,0,0,0,0,0,0,0,0,0,9.53954e-07,0,0,0,0,0,0,0,0,0,0,0,0,0,0,0,0,0,0,0,0,0,0,0,0,0,0,0,0,0,0,0,2.67255e-06,0,0,0,0,0,0,0,0,0,0,0
"PWY-6415: L-ascorbate biosynthesis V (euglena, D-galacturonate pathway)",0,0,1.64406e-05,0,0,0,0,0,0,0,0,8.99833e-06,0,0,1.53209e-05,0,1.65327e-05,0,0,0,9.57675e-06,1.52061e-05,0,1.10345e-05,2.82378e-06,0,0,0,9.12811e-06,0,5.3078e-06,0,0,0,0,0,0,0,0,6.53873e-06,0,0,7.45081e-06,0,2.2435e-05,0,0,0,0,1.2192e-06,0,0,8.34773e-07,2.51848e-05,0,0,0,7.07725e-06,0,3.86542e-05,0,0,0,6.89157e-07,1.84524e-05,0,0,0,0,0,1.41597e-06,0,2.21036e-05,0,0,0,0,0,0
"PWY-6435: 4-hydroxybenzoate biosynthesis III (plants)",0,0,0,0,0,0,0,0,0,0,0,0,0,0,0,0,0,0,8.73775e-07,9.71929e-06,0,1.1224e-06,0,0,0,5.76608e-06,0,0,0,0,0,0,0,0,0,0,0,0,0,0,0,0,0,8.44435e-07,0,6.51727e-06,5.07896e-07,0,0,0,0,0,4.08938e-06,0,1.03008e-05,0,0,0,0,0,0,0,0,0,0,0,0,0,0,3.68455e-05,1.37069e-06,0,0,0,0,0,5.88082e-06,0,6.35437e-06
"PWY-6467: Kdo transfer to lipid IVA III (Chlamydia)",0,0,0,0,0,0,0,0,0,0,0,0,0,0,0,0,0,0,0,0,0,0,0,0,0,0,0,0,0,0,4.70172e-06,0,0,0,0,0,0,0,0,0,0,0,0,0,0,0,0,0,0,0,0,0,0,0,0,0,0,0,0,0,0,0,0,0,0,0,0,0,0,2.20125e-06,0,0,0,0,0,0,0,0,0
"PWY-6470: peptidoglycan biosynthesis V (&beta;-lactam resistance)",2.30272e-05,9.11244e-06,1.81479e-05,3.17215e-05,0,0,7.70759e-05,0,0.000137257,0.0001356,4.47655e-05,7.84366e-05,4.50671e-06,3.03483e-05,6.09154e-05,3.11128e-05,5.3557e-05,9.22024e-05,0.000104751,5.07177e-05,0.00010064,0.000131636,0,7.12351e-05,1.75985e-05,2.28584e-05,3.63607e-05,6.70178e-05,0.000106876,4.54287e-05,8.01869e-06,5.9817e-05,3.55683e-05,3.18647e-05,8.49884e-05,3.98986e-05,0,5.63534e-05,7.48074e-05,0.000165973,2.33311e-05,6.72726e-05,7.30805e-05,0.000118725,6.03856e-05,0,0.000120808,2.28502e-05,5.64977e-05,0,6.47055e-06,8.02294e-05,3.04127e-05,3.78984e-05,5.11365e-05,8.17666e-05,5.0498e-06,0.00011673,5.20001e-05,5.45155e-05,6.74944e-05,0.00011616,0.000108451,1.51755e-05,1.05029e-05,0,0.000100599,0,4.6951e-05,0.000144164,0.000184724,3.69517e-05,2.50179e-05,0,0.000151111,0.000112066,0,1.95135e-05,2.07259e-05
"PWY-6471: peptidoglycan biosynthesis IV (Enterococcus faecium)",0,0,0,3.41899e-05,0,0,0,0,0,3.65676e-05,0,0,4.35235e-06,0,0,0,0,0,0,0,0,0,0,0,0,0,0,0,0,0,0,0,0,0,0,0,0,0,0,0,0,0,0,0,0,0,0,0,0,0,0,0,0,0,0,2.84838e-06,0,0,0,0,0,0,0,0,0,0,0,0,0,0,0,0,0,0,0,0,0,0,2.23754e-05
"PWY-6478: GDP-D-glycero-&alpha;-D-manno-heptose biosynthesis",9.9937e-07,0,0,0,0,0,0,0,0,0,0,8.0298e-06,1.3627e-07,1.71804e-05,0,0,1.38038e-06,4.32601e-06,0,5.1796e-07,1.62782e-06,0,0,0,8.25177e-07,0,5.61184e-07,5.65831e-06,2.25512e-06,0,0,2.56271e-06,0,0,0,0,0,0,0,0,0,0,7.71713e-07,0,2.00323e-06,7.46145e-06,0,0,1.69336e-05,4.74652e-06,0,0,0,0,0,0,7.77153e-07,0,0,0,0,2.09412e-06,1.66966e-06,0,0,0,0,0,0,1.03331e-06,8.92909e-07,0,0,0,1.16543e-06,0,0,0,0
"PWY-6507: 4-deoxy-L-threo-hex-4-enopyranuronate degradation",4.05305e-05,1.59807e-05,4.16882e-05,0.000179837,0.000153037,1.80996e-05,8.84859e-05,8.82215e-06,0.000104988,7.81805e-05,3.31439e-05,0.000135564,8.40809e-05,2.15355e-05,5.99563e-05,5.23546e-05,3.98725e-05,3.32802e-05,7.23124e-05,2.86546e-05,7.29786e-05,5.50472e-05,5.67156e-05,4.02998e-05,9.9908e-05,8.64802e-05,5.78721e-05,2.82266e-05,6.55414e-05,8.54143e-05,7.41921e-05,8.28747e-05,0.000103565,3.49704e-05,8.71513e-05,0.000120285,2.36419e-05,0.000155895,6.76906e-05,0.000109857,1.42537e-05,4.07198e-05,6.63483e-05,5.3526e-05,5.95043e-05,5.13029e-05,5.10805e-05,0.000127477,7.80615e-05,8.03614e-05,2.04762e-05,9.45292e-05,0.000126496,6.86233e-05,8.67327e-05,4.79198e-05,9.5412e-05,9.38874e-05,3.95796e-05,7.69511e-05,7.67182e-05,6.59819e-05,6.16812e-05,3.66379e-05,3.26328e-05,5.56003e-05,3.89607e-05,0.000260935,6.38941e-05,9.30294e-05,6.94948e-05,6.2708e-05,3.28865e-05,0.000131187,9.02518e-05,0.000136937,4.2928e-05,0.000104976,1.79808e-05
"PWY-6518: bile acids epimerization",0,0,0,0,0,0,0,0,0,0,0,1.30789e-06,0,0,0,0,0,0,0,0,0,0,0,0,0,1.35442e-06,0,0,0,0,0,0,0,0,0,0,0,0,2.25226e-06,0,0,0,0,2.6664e-06,0,0,1.27386e-06,0,0,0,0,0,0,0,0,0,0,0,0,0,0,0,0,1.6795e-06,0,0,0,0,0,0,0,0,0,0,0,0,0,0,6.86318e-06
"PWY-6519: 8-amino-7-oxononanoate biosynthesis I",0.000257599,7.81989e-05,0.00012082,0.000250669,0.000348217,0.000381024,0.000104462,0.000397681,0.000175135,0.000146145,0.000154635,0.000215434,0.000120189,0.000173514,7.1993e-05,1.42828e-05,0.00029869,0.000124008,8.97234e-05,0.000111082,0.000141389,0.000165959,0.00016596,7.66868e-05,0.000188019,0.000258056,0.000323286,0.000105701,0.000120194,6.98277e-05,7.92417e-05,0.000316475,0.000264982,0.000173529,8.31476e-05,0.000223968,0,9.66758e-05,0.000107515,0.000121887,1.94101e-05,0.000104243,0.000106871,8.95207e-05,0.000112308,5.83269e-05,7.4973e-05,0.000106384,0.00015868,0.000269085,0.000179726,0.000163452,0.000146733,0.000147287,8.14518e-05,4.78395e-05,0.000290531,0.000176551,3.81099e-05,5.15307e-05,1.82324e-05,0.000162172,8.93964e-05,0.000135803,5.3415e-05,3.88365e-05,0.000104536,0.00040679,7.12629e-05,0.000184165,0.000149576,4.8948e-05,0.000108497,0.000281241,4.69861e-05,0.000107726,2.05787e-05,0.000138014,4.77662e-05
"PWY-6527: stachyose degradation",0.00010008,0.000366475,8.88193e-05,0.000198137,0.000269305,0.000300947,0.000128961,0.000295532,0.000173211,0.000182709,6.86892e-05,0.000151777,7.56193e-05,8.55661e-05,0.000285057,0.000104145,3.91665e-05,0.000145024,6.38628e-05,2.42574e-05,0.000182784,0.00011072,5.89886e-05,5.59931e-05,0.000111585,4.18699e-05,0.000238626,0.000164384,0.000129785,0.000118785,0.000151245,0.000168433,0.000179699,7.02739e-05,0.00012164,0.000201559,0.000189997,0.000154836,0.000168829,0.000179101,0.000101203,0.000215048,0.000191598,0.000157609,0.000167041,0.000157882,0.000193002,0.000203481,8.93151e-05,7.47878e-05,2.30042e-05,0.000157555,0.000173422,0.000113397,0.000173404,0.000158967,3.62536e-05,0.000196598,0.000136149,0.000109069,0.000178824,0.000193574,7.09462e-05,9.73874e-05,8.23768e-05,0.000131685,0.000120333,0.000211629,9.35609e-05,0.000145894,8.90675e-05,9.69588e-05,0.000167256,0.000181744,0.000110171,0.000127848,0.000204369,8.58853e-05,7.48434e-05
"PWY-6531: mannitol cycle",6.31297e-05,1.50049e-06,1.3338e-05,0.000100293,0.00040223,3.13086e-05,6.11616e-06,1.0761e-06,2.67923e-05,1.86163e-06,2.16815e-05,7.69861e-05,9.85997e-06,6.11461e-06,0,8.72013e-07,5.35264e-05,4.52834e-06,7.48527e-06,7.72379e-06,2.2672e-05,1.987e-05,4.29711e-05,4.21993e-05,2.9411e-06,0,0.000131214,7.08853e-06,4.39219e-06,0,2.26357e-05,8.4017e-05,7.74366e-05,3.23855e-05,2.45192e-05,0.000116944,1.88122e-06,5.00347e-06,2.562e-05,1.78045e-05,1.55288e-06,8.04461e-06,1.67584e-05,5.75105e-06,8.56475e-06,1.64969e-05,6.24721e-06,1.78389e-05,3.12715e-05,3.93837e-05,1.31398e-05,2.26334e-05,3.97102e-05,2.85433e-06,1.66436e-06,4.76537e-06,2.53566e-05,1.49201e-05,3.14484e-06,3.06868e-06,0,5.43745e-05,4.2977e-06,3.61142e-05,3.15415e-06,1.80045e-06,1.86181e-05,0.00018992,9.66364e-06,6.66479e-05,3.85782e-05,1.74082e-06,1.14239e-05,9.26461e-05,7.7007e-06,7.60248e-06,3.28545e-06,1.37444e-05,1.98397e-05
"PWY-6545: pyrimidine deoxyribonucleotides de novo biosynthesis III",8.5109e-05,1.72269e-05,1.40289e-05,7.59566e-05,0.000125177,5.93923e-05,0,5.05412e-07,6.07004e-05,4.6626e-05,2.39957e-06,7.61349e-05,1.62067e-05,2.14677e-05,1.2803e-05,0,0,0,4.05282e-06,9.76848e-06,0.000147091,4.30017e-05,4.048e-05,2.45471e-05,0,6.05987e-06,0.000122153,4.29939e-06,2.99591e-05,1.4331e-05,4.17992e-05,8.67542e-05,0.000119392,3.26299e-05,5.69066e-05,9.15114e-05,8.9633e-06,5.42339e-05,2.03997e-05,1.44708e-05,0,6.11137e-06,2.85534e-05,0,0,3.08536e-05,0,3.23228e-05,7.64474e-05,7.36499e-05,0,7.92019e-05,4.4732e-05,3.30796e-06,3.17158e-05,1.08929e-05,2.21291e-05,7.84098e-05,6.276e-06,1.05216e-05,4.72797e-05,6.31126e-05,1.60407e-05,5.73543e-05,1.38051e-05,1.26769e-05,2.2746e-05,0.000201682,2.03097e-05,9.84637e-05,3.99299e-05,1.31546e-05,2.77753e-06,9.69463e-05,1.6887e-05,7.72798e-06,0,2.43234e-05,3.24273e-05
"PWY-6549: L-glutamine biosynthesis III",4.54097e-05,4.23934e-05,2.42311e-05,6.77978e-05,0,0,2.13654e-05,0,6.63922e-05,1.96226e-05,1.75351e-05,8.73446e-05,7.70518e-05,1.78051e-05,7.1782e-06,1.5136e-05,2.73973e-05,4.70684e-06,9.149e-05,5.87173e-05,2.85494e-05,2.58656e-05,1.03479e-05,3.98077e-06,2.38304e-05,2.28551e-05,9.47328e-05,0,8.26962e-05,0,6.96032e-05,8.3208e-05,8.60926e-05,1.41393e-05,6.45547e-05,3.93979e-05,7.91336e-06,6.27996e-05,6.05701e-05,3.35108e-05,7.16381e-06,3.35845e-05,5.39844e-05,9.01561e-05,2.04478e-05,1.89457e-05,6.58709e-05,7.03122e-05,5.17841e-05,6.55474e-05,6.24747e-06,5.88084e-05,8.08939e-05,4.67626e-06,5.80718e-05,4.09907e-05,2.2796e-05,6.92173e-05,4.04748e-05,3.09789e-05,3.46153e-05,0.000106887,2.18108e-05,6.75518e-05,2.28835e-05,2.66007e-05,7.87061e-05,5.37429e-05,2.57859e-05,0.000112466,4.34299e-05,5.55921e-05,2.40279e-05,0.000124178,3.63749e-05,5.83122e-05,4.91403e-05,3.14969e-05,0.000218055
"PWY-6562: norspermidine biosynthesis",2.44883e-06,0,0,4.59118e-07,0,0,0,0,0,0,7.44763e-07,0,3.71424e-07,0,0,0,0,0,0,0,0,0,1.34018e-06,0,0,0,0,0,0,0,2.02145e-06,0,0,0,0,0,0,9.81611e-07,0,0,0,1.08895e-06,1.89687e-06,0,0,0,0,0,1.51957e-05,3.58179e-06,0,2.46654e-06,0,0,0,6.16113e-07,0,4.01353e-06,0,0,0,0,0,0,0,0,0,0,8.00033e-07,0,0,0,0,0,0,0,0,0,4.53639e-06
"PWY-6565: superpathway of polyamine biosynthesis III",0,0,0,0,0,0,0,0,0,0,0,0,0,0,0,0,0,0,0,0,0,0,0,0,0,0,0,0,0,0,0,0,0,0,0,0,0,0,0,0,0,0,0,0,0,0,0,0,0,0,0,0,0,0,0,6.22356e-07,0,0,0,0,0,0,0,0,0,0,0,0,0,0,0,0,0,0,0,0,0,0,0
"PWY-6572: chondroitin sulfate degradation I (bacterial)",3.50896e-06,0,6.57206e-06,0,0,0,3.2634e-06,0,0,0,2.75463e-05,1.96983e-05,6.19106e-07,2.31562e-05,1.21542e-05,3.52259e-06,1.59075e-05,3.08403e-05,7.81949e-06,3.02386e-06,1.07837e-05,1.7357e-05,0,2.01325e-05,4.35779e-06,0,1.76611e-06,3.40671e-05,3.42974e-05,1.20623e-05,1.72902e-06,5.0987e-06,2.09942e-05,4.54602e-06,3.4399e-06,4.06962e-06,6.79695e-06,0,0,2.07179e-05,1.96619e-06,7.12814e-06,6.95549e-06,7.81862e-06,1.74871e-05,1.07311e-05,8.42947e-06,1.29715e-05,6.17567e-05,0,4.20415e-05,8.63868e-06,1.12877e-05,1.75703e-05,0,1.58891e-05,5.07747e-05,8.63398e-06,1.08213e-05,1.38073e-06,0,6.00946e-06,2.05527e-05,0,7.58554e-06,0,4.61439e-06,0,5.40097e-06,3.53944e-06,3.20756e-06,5.04091e-07,0,0,0,9.02957e-06,0,6.22072e-06,0
"PWY-6588: pyruvate fermentation to acetone",2.57816e-05,5.54689e-06,1.55099e-05,2.14331e-05,0.000119479,2.47604e-06,0,2.81339e-07,4.22232e-05,7.58634e-06,7.10839e-06,4.46854e-05,5.46268e-05,2.18945e-05,9.36159e-06,4.93749e-06,2.4414e-05,3.54465e-06,7.02481e-06,2.38439e-05,8.52672e-06,2.00359e-05,2.00682e-05,0,2.83214e-05,4.85431e-06,6.74324e-05,2.39752e-06,2.74924e-05,9.93731e-06,8.37464e-07,2.22321e-05,2.65574e-05,1.11857e-05,5.24837e-06,4.1284e-05,0,8.29221e-07,1.81623e-05,7.57291e-06,4.28868e-06,1.3369e-05,4.16291e-05,4.42544e-06,1.43773e-05,2.58623e-05,6.84496e-06,2.04928e-06,2.63565e-05,0.000125615,9.38198e-06,5.33938e-06,2.31682e-05,5.94905e-06,3.44366e-06,1.7316e-05,2.39218e-05,6.13007e-06,1.19463e-05,5.27922e-06,1.18727e-05,2.96636e-05,1.62348e-06,2.11168e-05,1.38387e-05,6.95955e-06,3.23452e-05,7.85597e-05,2.45617e-05,4.59257e-05,3.13521e-05,6.98172e-05,0,0.000207589,0.000137034,2.21833e-06,0,7.08644e-05,1.14094e-05
"PWY-6590: superpathway of Clostridium acetobutylicum acidogenic fermentation",5.39773e-05,3.17789e-05,2.75101e-05,2.61076e-05,0,0,3.04513e-05,0,9.84659e-05,1.18078e-05,1.98161e-05,3.39918e-05,9.85536e-05,5.07304e-05,4.46094e-05,4.71068e-05,5.83281e-05,2.45422e-05,5.41327e-05,4.44149e-05,3.64553e-05,2.58929e-05,4.44974e-05,5.82056e-06,4.25955e-05,3.8371e-05,8.54003e-06,1.7211e-05,2.08613e-05,2.63447e-05,5.21916e-06,2.8471e-05,5.14605e-06,2.05295e-05,3.21962e-05,4.72193e-06,0,4.17737e-05,4.74214e-05,1.31603e-05,8.42374e-06,2.3625e-05,5.79188e-05,5.00043e-05,6.13002e-05,5.06845e-05,4.19094e-05,5.42558e-05,4.8547e-05,3.32879e-05,0,2.52472e-05,4.49645e-05,3.40025e-05,5.85215e-05,6.17109e-05,5.18548e-05,4.18381e-05,5.16052e-05,2.489e-05,6.19289e-05,4.76662e-05,1.64679e-05,3.83785e-05,4.46507e-05,3.56418e-05,4.88189e-05,0,2.79215e-05,0.00010838,5.58056e-05,5.31916e-05,2.55336e-05,0.000127794,0.000121509,7.04874e-05,3.16268e-05,0.000102428,3.89958e-05
"PWY-6595: superpathway of guanosine nucleotides degradation (plants)",1.61252e-05,2.56647e-06,1.37954e-05,0,1.19924e-06,0,5.39836e-06,8.02441e-07,1.93482e-05,2.82977e-05,0,2.76966e-06,8.14354e-06,4.62659e-06,6.33091e-06,2.07857e-06,6.67834e-06,5.30048e-06,1.3175e-05,6.80363e-06,2.49126e-05,1.65097e-05,2.45665e-05,1.15444e-05,7.84008e-06,2.25763e-05,0,2.06723e-06,1.12687e-05,2.13862e-05,5.78044e-06,5.39441e-06,3.26106e-06,9.68225e-06,7.40417e-06,2.31439e-06,0,1.27782e-05,5.61922e-06,4.84341e-06,5.08803e-06,1.32268e-05,2.36702e-05,1.55782e-06,6.38164e-06,4.73191e-06,1.39928e-06,2.52718e-06,1.34719e-06,1.83491e-05,1.69156e-06,7.43135e-06,3.02584e-05,1.83266e-05,1.31164e-05,1.19301e-05,2.34798e-06,7.70406e-06,7.20292e-06,1.50054e-05,1.44595e-06,1.21148e-05,4.67519e-06,2.33866e-05,1.70876e-05,1.23587e-05,1.24188e-05,0.000151332,0,3.28102e-05,6.31443e-05,9.17264e-06,1.72464e-05,6.14721e-06,1.58171e-05,1.22316e-05,1.46848e-06,1.20062e-05,4.3721e-05
"PWY-6606: guanosine nucleotides degradation II",8.58151e-05,1.6123e-05,1.93727e-05,0.000131278,0.000349298,2.39683e-05,9.39495e-06,2.06403e-06,7.27807e-05,5.31213e-05,1.53925e-05,0.000115621,2.59983e-05,4.061e-05,2.68848e-05,1.10024e-05,2.48661e-05,9.62379e-06,2.35419e-05,1.42751e-05,4.09886e-05,3.77367e-05,7.63635e-05,3.749e-05,3.48796e-05,2.86105e-05,8.95746e-05,9.26942e-06,5.35496e-05,2.80167e-05,3.13476e-05,9.72709e-05,0.000111085,6.93331e-05,4.18953e-05,0.000190253,6.42775e-06,3.15811e-05,5.48377e-05,3.44712e-05,8.63977e-06,4.05185e-05,6.60991e-05,4.21176e-05,2.4147e-05,3.09873e-05,5.5413e-05,2.80995e-05,4.48722e-05,0.000174993,1.95074e-05,2.78037e-05,4.91546e-05,2.17934e-05,1.78489e-05,3.02297e-05,3.71031e-05,3.77014e-05,2.55256e-05,1.76624e-05,1.69262e-05,0.000102981,9.79247e-06,7.99206e-05,2.26982e-05,1.63415e-05,5.74518e-05,0.000352843,2.41548e-05,8.33195e-05,7.49835e-05,4.24721e-05,2.7446e-05,0.000121309,9.41824e-05,5.49338e-05,4.13404e-06,2.77811e-05,5.48678e-05
"PWY-6607: guanosine nucleotides degradation I",1.62415e-05,2.54046e-06,1.93727e-05,0,1.20001e-06,0,6.48226e-06,7.97032e-07,2.03185e-05,3.04068e-05,0,2.78067e-06,8.15536e-06,4.64397e-06,6.41729e-06,2.13885e-06,6.57603e-06,5.47959e-06,1.45233e-05,5.66309e-06,2.70119e-05,1.78929e-05,2.61468e-05,8.82379e-06,8.0948e-06,2.13014e-05,0,2.07005e-06,1.16726e-05,2.80167e-05,6.04287e-06,5.46599e-06,3.28404e-06,9.86224e-06,7.70384e-06,2.31882e-06,0,1.40162e-05,5.74744e-06,4.92251e-06,5.3714e-06,1.35672e-05,2.5535e-05,1.56492e-06,6.4538e-06,4.82087e-06,1.40178e-06,2.58832e-06,1.34717e-06,1.86467e-05,1.6868e-06,7.29038e-06,3.40361e-05,1.85162e-05,1.51829e-05,1.28541e-05,2.3531e-06,7.65236e-06,7.55281e-06,1.76624e-05,1.47474e-06,1.24106e-05,9.79247e-06,2.466e-05,1.65915e-05,1.63415e-05,1.29277e-05,0.000155367,0,3.62615e-05,6.6298e-05,9.44234e-06,1.79891e-05,6.21219e-06,1.61739e-05,1.22399e-05,1.64314e-06,1.33993e-05,5.48678e-05
"PWY-6608: guanosine nucleotides degradation III",0.000145537,6.00623e-05,3.47612e-05,0.000463464,0.00063754,0.000148859,7.69254e-05,5.73206e-06,0.000163492,9.02591e-05,2.36728e-05,0.000228476,5.55428e-05,7.63045e-05,4.66694e-05,1.994e-05,8.78142e-05,1.73237e-05,4.74148e-05,2.69361e-05,6.68986e-05,8.10178e-05,0.000176572,4.96856e-05,6.07197e-05,3.2262e-05,0.000447233,2.17071e-05,0.000109329,4.35474e-05,0.000108129,0.000318047,0.000350607,0.000112761,0.000129427,0.00033078,1.14957e-05,9.27868e-05,0.000161737,5.29984e-05,1.38322e-05,6.37789e-05,0.00017205,6.74447e-05,4.56837e-05,4.89262e-05,8.66173e-05,0.000137868,9.8531e-05,0.000317828,5.63032e-05,0.000105164,0.000111655,4.64086e-05,4.05328e-05,6.74938e-05,7.16334e-05,0.000101528,5.07866e-05,2.89511e-05,5.54957e-05,0.000263173,1.43555e-05,0.000186136,4.17522e-05,2.20518e-05,0.000130148,0.000442349,9.14075e-05,0.000313657,0.000119634,7.20146e-05,4.66888e-05,0.000318917,0.000151817,0.000111778,4.10478e-05,0.000101059,7.45701e-05
"PWY-6609: adenine and adenosine salvage III",0.000405825,0.000729486,0.000620115,0.000419192,0.00035314,0.000365898,0.000772484,0.0004091,0.000550875,0.00050923,0.000565596,0.000417499,0.000426066,0.000465376,0.000600248,0.000522231,0.000721027,0.00048708,0.000632798,0.000545902,0.00058185,0.000517693,0.000476884,0.000554299,0.000615509,0.000527004,0.000372861,0.000483115,0.000588115,0.000741968,0.00041934,0.000425969,0.000342592,0.00034905,0.000560447,0.000336804,0.00112023,0.000630608,0.000708143,0.000583199,0.00068403,0.000608444,0.000580674,0.000579701,0.000672916,0.000453663,0.000587841,0.000623206,0.000504421,0.00060893,0.000452266,0.000381739,0.000527956,0.00057867,0.000528142,0.000700436,0.000522919,0.000433403,0.000586389,0.000554138,0.000806165,0.000522107,0.000685736,0.00053562,0.000524949,0.000945092,0.000516176,0.000428662,0.000666713,0.000496964,0.000425064,0.000496162,0.000588851,0.000340701,0.000476255,0.000648719,0.000627652,0.00053875,0.000614432
"PWY-6612: superpathway of tetrahydrofolate biosynthesis",1.8671e-05,0,3.97238e-06,6.9244e-05,0.000182995,5.05351e-05,0,2.5006e-06,1.69125e-05,3.20024e-06,0,4.26703e-05,2.57297e-05,1.41439e-05,0,0,0,1.86504e-06,2.13058e-06,1.21813e-06,5.17811e-06,2.21945e-05,2.3727e-05,0,3.55862e-06,0,7.98451e-05,0,1.29325e-05,0,1.77577e-05,5.76733e-05,8.68688e-05,2.35326e-05,1.26403e-05,9.31044e-05,0,3.99328e-06,2.63728e-05,7.07862e-06,0,7.2508e-06,3.83008e-05,4.96674e-06,3.42944e-06,4.15373e-06,4.80669e-06,8.57175e-06,5.3786e-06,3.47449e-05,0,2.58267e-05,1.32708e-05,5.16901e-06,0,1.26035e-06,5.66551e-06,3.82603e-05,0,9.24042e-06,0,0.000119782,8.47084e-07,2.5723e-05,0,6.00101e-06,1.73281e-05,0.000102786,3.04324e-06,4.04373e-05,1.0652e-05,0,6.62657e-07,5.93134e-05,3.05646e-06,8.61183e-07,0,6.03452e-06,4.35082e-05
"PWY-6628: superpathway of L-phenylalanine biosynthesis",0.000155201,9.89275e-05,9.10321e-05,0.000171643,0.000187292,0.000403955,0.000172258,0.000378867,0.000157586,4.08848e-05,5.80587e-05,0.000155879,0.000171689,0.000157574,0.000122991,3.62998e-05,7.68011e-05,0.000126807,0.000198352,0.000206658,0.000181944,0.000150636,0.0001787,0.000257047,7.49639e-05,0.000249023,0.000180869,0.000144696,0.000205832,0.000156657,5.82978e-05,0.000157928,0.000173798,6.8781e-05,0.000155713,0.00014196,2.49785e-05,0.000201496,4.9482e-05,0.00015464,3.323e-05,0.000106326,0.000137058,0.000117096,8.65517e-05,0.000113996,8.27903e-05,0.000173204,0.000172887,0.000216196,7.25498e-05,9.54114e-05,0.000196726,0.000126018,0.000291649,0.000133223,8.0314e-05,0.000129427,0.000117287,0.000153185,9.69323e-05,0.000138169,0.0001573,9.66248e-05,0.000108275,0.000151654,0.000186779,0.000288952,0.000121736,0.000312917,0.00021382,0.000108521,0.000108415,0.000174267,0.000139612,0.000202678,0.000114323,0.000197558,0.00014025
"PWY-6630: superpathway of L-tyrosine biosynthesis",0.000103013,7.13813e-05,7.78347e-05,0.000105513,0.000133973,0.000370907,0.0001389,0.000371569,0.000129245,3.77569e-05,2.64907e-05,7.20616e-05,6.32396e-05,0.000153108,0.000209793,9.84842e-06,2.37004e-05,0.000105572,0.000147968,4.99517e-05,0.000160718,0.000126877,0.000120924,0.00024162,0.000189228,0.000221594,6.8762e-05,0.000109862,9.74962e-05,0.000157173,2.28823e-05,9.60594e-05,9.28006e-05,5.37661e-05,3.23967e-05,7.71144e-05,1.11025e-05,4.61585e-05,4.18217e-05,0.000167723,2.92511e-05,9.13833e-05,9.21474e-05,8.96876e-05,7.97244e-05,0.000111022,6.79017e-05,8.26327e-05,0.000121529,7.52775e-05,5.74676e-05,7.02017e-05,0.000117702,0.000103023,0.000162025,0.000116942,2.87573e-05,9.69511e-05,0.000102834,0.00010721,7.07608e-05,0.000107857,0.000109471,7.16992e-05,6.79342e-05,8.66939e-05,0.000139342,0.000244629,5.54637e-05,0.000185483,0.00016261,7.98558e-05,0.000103932,0.000149088,8.2995e-05,0.000175796,7.89699e-06,0.00014623,8.73242e-05
"PWY-6641: superpathway of sulfolactate degradation",0,0,0,0,0,0,0,0,0,0,0,0,0,0,0,0,0,0,0,0,0,0,0,0,0,0,0,0,0,0,0,0,0,0,0,0,0,0,0,0,0,0,0,0,0,0,0,0,0,0,0,0,0,0,0,0,0,0,0,0,0,0,0,0,0,0,0,0,0,0,0,0,0,0,0,0,0,0,0
"PWY-6662: superpathway of quinolone and alkylquinolone biosynthesis",0,0,0,6.65425e-06,0,0,0,0,0,0,0,0,0,7.72842e-06,0,0,0,0,0,0,0,0,1.44402e-05,0,0,0,0,0,0,0,0,0,0,0,0,0,0,0,0,0,0,0,0,0,0,0,0,0,0,4.29289e-05,0,0,0,0,0,0,0,0,0,0,0,0,0,0,0,0,0,8.56559e-06,0,0,0,0,0,0,0,0,0,0,0
"PWY-6690: cinnamate and 3-hydroxycinnamate degradation to 2-hydroxypentadienoate",4.52944e-05,0,3.77253e-06,8.11951e-05,0.000217275,2.73541e-05,0,3.5813e-07,7.03982e-07,0,0,3.40228e-05,2.46092e-07,0,0,0,0,0,0,0,1.22182e-06,1.31823e-05,1.4617e-05,0,0,0,0.00013449,0,0,0,2.63231e-05,0,1.16173e-06,1.78965e-05,8.21867e-06,6.45482e-05,0,1.49206e-06,1.27483e-05,3.50105e-06,0,5.72915e-07,1.01509e-05,0,0,3.14113e-06,0,4.66666e-06,1.16396e-05,2.59138e-05,0,2.13547e-05,1.34496e-05,0,0,0,0,1.61419e-05,0,6.69999e-07,0,2.64451e-05,0,2.29746e-05,0,5.21213e-06,8.13683e-06,0.000102739,2.32577e-06,6.20605e-05,7.90557e-06,0,0,9.40085e-05,2.2377e-06,1.93074e-06,0,1.11579e-05,9.72712e-06
"PWY-6700: queuosine biosynthesis I (de novo)",0.000272363,0.000511439,0.000389691,0.000233329,0.000272534,0.000372602,0.000569332,0.000391006,0.000394621,0.000402071,0.000503562,0.000332213,0.000271773,0.000489791,0.000533607,0.000795069,0.000357962,0.000533333,0.000568417,0.000556112,0.000504409,0.000405224,0.000320517,0.000450939,0.000455466,0.000540695,0.000326031,0.000523003,0.000541754,0.000534178,0.000487262,0.000362963,0.000320116,0.000261192,0.000440681,0.000255778,0.00113414,0.000589659,0.000408563,0.000514095,0.000927532,0.000527851,0.00049303,0.000528915,0.000627947,0.00059978,0.000508477,0.000563716,0.000388208,0.000592762,0.000417628,0.000344506,0.00038271,0.000505156,0.000491912,0.000603786,0.000543843,0.000383183,0.000503808,0.000495704,0.000617484,0.00038241,0.000539698,0.000563007,0.000495444,0.000584647,0.000371812,0.000271738,0.00050333,0.000333424,0.000412909,0.000374268,0.000529871,0.000275482,0.000464517,0.000601477,0.000482373,0.00054826,0.000636126
"PWY-6703: preQ0 biosynthesis",0.000266056,0.000354759,0.000341926,0.000276231,0.0002062,0.000298882,0.000247987,0.000317775,0.000180799,0.000273278,0.000379385,0.000223423,0.000134625,0.000280289,0.000278025,0.000250128,0.00024994,0.000307112,0.00025365,0.000484044,0.000250981,0.000211353,0.000265729,0.000381627,0.000217757,0.000333139,0.000287264,0.0003241,0.000255157,0.000285538,0.000146413,0.000256347,0.000209615,0.00024372,0.000198946,0.000192775,0.000323828,0.000297926,0.000281046,0.000290024,0.000222371,0.000315964,0.000304357,0.00027485,0.000268932,0.000422344,0.000276048,0.000248934,0.000380029,0.000402635,0.000407597,0.000192081,0.000201552,0.000376506,0.000188684,0.000356946,0.000482682,0.000191398,0.000292085,0.000297177,0.000183744,0.00015865,0.000188331,0.000356977,0.000306085,0.000293453,0.000235704,0.000216472,0.000232042,0.000163571,0.00029782,0.000294632,0.00037664,0.000228278,0.000373062,0.000220361,0.000199776,0.000250507,0.000325905
"PWY-6708: ubiquinol-8 biosynthesis (early decarboxylation)",0,0,1.25308e-06,1.90304e-05,5.06407e-05,2.52289e-05,0,1.56001e-07,6.9192e-06,0,0,1.01011e-05,1.20242e-06,0,0,0,0,0,2.83114e-07,0,0,3.51225e-06,7.11691e-06,0,0,0,4.37625e-05,0,0,0,0,7.6697e-06,2.47339e-05,0,2.55215e-06,1.55713e-05,0,9.88678e-07,3.98159e-06,0,0,0,4.79265e-06,0,0,0,0,5.58313e-07,1.47438e-06,6.98232e-06,0,0,0,0,0,0,2.37646e-06,1.10345e-06,0,0,0,1.43541e-05,0,9.83133e-06,0,0,1.42097e-06,7.28973e-05,3.50581e-07,8.41831e-06,1.25123e-06,0,0,2.63124e-05,0,0,0,6.90593e-07,3.00678e-06
"PWY-6731: starch degradation III",6.64133e-05,4.96498e-05,8.83955e-05,0.000245105,0.000206813,6.58425e-05,0.000134251,7.16239e-08,0.000141893,6.24847e-05,8.92491e-05,0.000189345,7.33022e-05,8.60218e-05,8.8299e-05,1.08367e-05,8.17842e-05,0.000123634,6.07757e-05,0.000121728,0.000113989,5.91411e-05,4.99103e-05,7.57244e-05,0.000129004,9.22073e-05,8.9533e-05,0.000130925,0.000230417,6.01408e-05,3.88277e-05,0.000140428,0.000124319,5.59494e-05,0.000110248,0.00014461,3.16193e-05,4.2778e-05,0.000223521,0.000205138,3.08365e-05,0.000125243,0.000172494,0.000145675,0.000156989,6.62086e-05,0.000169876,8.33362e-05,0.000132093,0.000105985,7.43562e-05,9.72507e-05,0.000155372,0.00015943,4.23295e-05,0.00014874,7.79838e-05,0.000119471,0.000147825,7.98166e-05,8.63029e-06,0.000219984,0.000121234,3.62828e-05,0.000215516,9.44132e-06,6.79327e-05,0.000186611,0.00010999,0.000105474,0.000156406,1.93383e-05,0.000125064,5.15131e-05,0.000122956,7.67319e-05,4.83648e-06,7.75942e-05,4.78175e-05
"PWY-6748: nitrate reduction VII (denitrification)",0,0,0,9.3023e-06,0,0,0,0,0,0,0,0,0,3.15632e-06,0,0,0,0,0,0,0,0,1.26536e-05,0,0,0,0,0,0,0,0,0,1.18108e-06,0,0,0,0,0,0,0,0,0,0,0,0,0,0,0,0,2.13062e-05,0,0,0,0,0,0,0,0,0,0,0,0,0,0,0,0,0,1.47863e-05,0,0,0,0,0,0,0,0,0,0,0
"PWY-6749: CMP-legionaminate biosynthesis I",3.97525e-06,0,2.34603e-06,3.58488e-06,0,1.44086e-06,0,0,1.01167e-05,0,0,2.22756e-05,2.72378e-06,3.29914e-05,4.41003e-06,0,0,5.24424e-05,0,0,2.04843e-06,0,0,0,2.51925e-06,0,5.26192e-07,7.09164e-05,4.27947e-06,0,0,1.731e-06,5.2121e-05,0,9.01359e-07,0,0,0,0,0,0,0,2.24776e-06,0,6.05301e-06,0,0,0,0,1.87474e-05,0,0,8.69607e-06,5.35804e-06,0,0,1.24838e-06,5.7524e-07,0,7.38433e-07,0,7.00996e-06,1.17783e-05,3.14253e-06,0,0,0,0,4.17071e-06,3.59853e-06,8.34169e-07,0,0,1.75243e-05,1.09581e-06,0,0,1.78825e-06,7.56118e-06
"PWY-6763: salicortin biosynthesis",3.17339e-05,0,0,0,1.30728e-05,0,0,0,0,0,0,0,4.72751e-07,0,0,0,0,0,0,0,0,0,0,0,0,0,0,0,0,0,9.75891e-07,0,0,0,0,0,0,0,0,0,0,0,0,0,3.2456e-07,0,0,0,7.68844e-06,0,0,1.1035e-06,0,0,0,0,0,0,0,0,0,0,0,0,0,0,0,4.12485e-07,1.20438e-06,0,0,0,0,0,0,1.2904e-06,0,0,2.88921e-06
"PWY-6797: 6-hydroxymethyl-dihydropterin diphosphate biosynthesis II (Methanocaldococcus)",0,0,0,0,0,0,0,0,0,1.38073e-05,0,0,4.64756e-07,0,0,0,0,0,0,0,0,0,0,0,0,0,0,0,0,0,0,0,0,0,0,0,0,0,0,0,0,0,0,0,0,0,0,0,0,0,0,0,0,0,0,0,0,0,0,0,0,0,0,0,0,0,0,0,0,0,0,0,0,0,0,0,0,0,0
"PWY-6803: phosphatidylcholine acyl editing",0.000154985,1.7869e-06,1.39629e-05,0.000195681,0.000387474,0.000418587,9.11317e-07,0.000626843,4.20625e-05,0,4.22412e-06,8.16561e-05,6.4493e-06,0,8.50766e-07,0,0,2.673e-06,1.43875e-05,0,3.13324e-05,3.45099e-05,4.14216e-05,0,4.14372e-06,5.53942e-06,0.000190983,4.10947e-06,0,0,9.1605e-05,0.00010292,0.000153233,5.94505e-05,3.61108e-05,0.000138931,0,1.17123e-05,2.61649e-05,4.44712e-05,0,0,5.06287e-05,0,1.65483e-06,5.39347e-06,0,2.61106e-05,3.01489e-05,8.13576e-05,0,8.21979e-05,6.65781e-05,0,8.56921e-07,2.11101e-06,1.22977e-05,6.54508e-05,1.87249e-06,1.87121e-06,0,9.20537e-05,2.17844e-06,3.78313e-05,0,1.21362e-05,2.55403e-05,0.000345802,1.13579e-05,0.000168626,4.91713e-05,1.62717e-05,0,0.000162471,8.40835e-06,7.79274e-06,0,3.30207e-05,2.19067e-05
"PWY-6807: xyloglucan degradation II (exoglucanase)",0,0,0,0,0,0,6.75462e-06,0,0,7.35511e-05,2.04959e-05,0,0,0,0,0,9.06668e-05,0,0,1.76971e-06,4.76929e-06,6.1943e-06,0,5.91508e-06,0,0,0,0,7.07125e-06,0,0,4.18162e-05,0,1.14976e-05,0,9.55647e-06,0,0,1.09484e-05,0,0,0,0,2.13364e-06,5.3956e-06,2.76135e-05,4.03088e-06,8.5521e-06,3.85765e-06,0,1.65725e-05,9.7579e-06,0,0,0,0,0,1.8915e-05,0,0,0,0,0,0,0,0,0,0,5.67696e-06,2.13103e-06,3.71028e-06,1.72575e-06,0,0,0,7.5886e-06,0,0,0
"PWY-6823: molybdopterin biosynthesis",7.2041e-05,8.04988e-05,5.68409e-05,8.70937e-05,0.000165803,0.000240113,0.000158933,0.000249256,0.000200093,0.000128819,8.36949e-05,0.00011827,9.65689e-05,4.29785e-05,0.000109662,6.21875e-05,4.66857e-05,6.73352e-05,0.000142183,0.000110931,8.11462e-05,0.000103328,0.000121757,5.65351e-05,0.000134527,9.25767e-05,0.000162009,6.81999e-05,0.000199274,9.74526e-05,4.09656e-05,0.000124913,0.000154991,5.54066e-05,0.000140083,9.34269e-05,5.91613e-05,0.000220931,0.000181231,0.000122697,3.41295e-05,9.30688e-05,0.000157746,0.000219955,0.000141002,6.07153e-05,0.00022522,0.000239723,8.50512e-05,0.000131375,3.26889e-05,0.000139621,0.000163625,0.000133746,0.000169796,0.000152807,3.12182e-05,0.000156129,0.000113586,0.000134625,0.00021006,0.000267574,0.000178395,8.49521e-05,7.33672e-05,0.000116497,0.000191943,0.000170212,0.000173119,0.000179875,5.50491e-05,0.000136533,8.2179e-05,0.000123866,7.38297e-05,0.000240526,0.000113956,8.97355e-05,0.000421812
"PWY-6837: fatty acid &beta;-oxidation V (unsaturated, odd number, di-isomerase-dependent)",0,0,0,0,0,0,0,0,0,0,0,0,0,0,0,0,0,0,0,0,0,0,0,0,0,0,0,0,0,0,0,0,0,0,0,0,0,0,0,0,0,0,0,0,0,0,0,0,0,0,0,0,0,0,0,0,0,0,0,0,0,0,0,0,0,0,0,0,0,0,0,0,0,0,0,0,0,0,0
"PWY-6859: all-trans-farnesol biosynthesis",0.000137704,6.47472e-06,2.08175e-05,5.13676e-05,8.50007e-05,1.25159e-05,1.91828e-05,5.69189e-06,6.17519e-05,0.000114973,2.44637e-05,7.32502e-05,4.16291e-05,5.73182e-05,1.95179e-05,3.93131e-06,3.09503e-05,4.94477e-05,8.84374e-06,2.39673e-05,5.56674e-05,4.22702e-05,4.32536e-05,9.34416e-05,1.10463e-05,1.12154e-05,0.000156613,5.94968e-05,4.54625e-05,3.29122e-05,8.65785e-06,0.000125119,0.000188671,9.10204e-05,3.90062e-05,8.44046e-05,1.96845e-06,2.67686e-05,4.21784e-05,2.56382e-05,7.65293e-06,3.66424e-05,4.54212e-05,4.87689e-05,2.69211e-05,2.32496e-06,6.03509e-05,3.76185e-05,0.000129798,5.70633e-05,4.02246e-05,5.18705e-05,4.27371e-05,5.43696e-05,1.00016e-05,3.6228e-05,9.38707e-05,5.48682e-05,3.20367e-05,2.38932e-05,7.07246e-06,0.000120396,8.51038e-06,1.30758e-05,5.087e-05,4.84047e-06,5.88082e-05,8.35206e-05,1.87214e-05,5.34671e-05,6.87742e-05,1.45205e-05,1.55408e-05,8.8316e-05,7.5326e-05,5.91736e-05,0,4.38378e-05,3.32512e-05
"PWY-6876: isopropanol biosynthesis (engineered)",6.32533e-06,3.5108e-06,0,1.05248e-05,0,0,0,0,1.36357e-06,0,6.96292e-07,5.05619e-07,5.16044e-05,6.95197e-06,1.27776e-06,5.58474e-06,0,0,1.96059e-06,1.87553e-06,0,1.01053e-05,2.14277e-06,0,0,3.74334e-06,0,0,1.5817e-06,1.83027e-06,0,0,0,0,0,0,0,0,3.49893e-06,0,0,0,0,0,9.75002e-07,2.15202e-05,0,0,1.06349e-05,0,0,0,3.31143e-06,1.00126e-06,3.27817e-06,6.33368e-07,2.22595e-05,0,0,2.17956e-06,0,0,0,3.66213e-06,3.11437e-06,0,0,0,0,0,1.28293e-05,1.79836e-06,1.55041e-06,4.29986e-05,2.75944e-05,1.61041e-06,0,5.76437e-06,8.35047e-06
"PWY-6895: superpathway of thiamine diphosphate biosynthesis II",0.000180339,0,2.85625e-05,0.000182935,0.000235802,0.000195329,3.06413e-05,1.3881e-05,0.000242058,4.41605e-06,3.57389e-05,0.000221456,5.28302e-05,4.69345e-05,6.04047e-05,3.39706e-06,1.73136e-05,2.34004e-05,4.37165e-05,1.89469e-05,8.86358e-05,0.00016573,0.000157533,9.15532e-06,6.99333e-05,3.03196e-05,0.000246274,3.32003e-05,6.52638e-05,0.00021333,0.000155074,0.000210835,0.000239634,0.000137107,0.000169288,0.000169377,0,3.85432e-05,0.000204524,8.42787e-05,8.62696e-05,4.67497e-05,0.000118364,9.93817e-05,5.79791e-05,6.32392e-05,0.00012582,5.99756e-05,0.000113697,0.000183068,1.22009e-05,0.000138928,0.000163048,3.045e-05,6.70017e-05,7.11213e-05,7.33798e-05,0.000138054,4.50153e-05,5.44366e-05,0.000110184,0.000186871,5.47755e-05,0.000194869,7.45632e-05,0.000180718,0.000160749,0.000230077,8.15645e-05,0.000238332,0.000166107,0.000102636,4.13047e-05,0.000210002,9.20882e-05,4.3421e-05,2.92351e-05,8.52849e-05,8.11129e-05
"PWY-6897: thiamine diphosphate salvage II",0.000234912,0.000110843,0.00027855,0.000196915,0.000220609,0.000298446,0.000316554,0.000316103,0.000274367,0.000209773,0.00034737,0.000251762,0.000122108,0.000286941,0.00024234,0.000386565,0.000195185,0.000255891,0.000307176,0.000379179,0.000224117,0.000199537,0.000167133,0.00021752,0.000311985,0.000357676,0.00025424,0.000280993,0.00030336,0.000256932,0.000357479,0.000253163,0.000223324,0.000161,0.000242862,0.000162478,0.000133413,0.000335118,0.000338807,0.000323529,0.000418907,0.00023552,0.000287115,0.000261654,0.000331094,0.000419344,0.000267476,0.000298677,0.000272114,0.000169829,0.000204737,0.000180295,0.000238444,0.000266834,0.000219885,0.000294634,0.000225314,0.000191051,0.000242327,0.000216073,0.000218685,0.00020983,0.000249366,0.000189212,0.000269598,0.000324021,0.000267123,0.000202977,0.000367385,0.000239805,0.000246283,0.000344018,0.000342557,0.00021376,0.000303515,0.000240841,0.000255724,0.000185998,0.000149898
"PWY-6901: superpathway of glucose and xylose degradation",0.000290472,0.000162463,0.000127876,0.0003607,0.000383382,0.00038428,0.000164353,0.000374092,0.000164577,0.000255415,0.000142035,0.000261321,0.000141643,0.000121858,0.00014531,4.32948e-05,0.000142129,0.000162797,0.000171309,0.000119022,0.000219937,0.000164335,0.000151889,0.00021949,0.000105393,0.000122927,0.000249525,0.000154939,0.000231247,0.000121847,9.30681e-05,0.000287159,0.000275361,0.000162396,0.000163346,0.000251969,5.44602e-05,0.000110682,0.000251801,0.000141418,6.08495e-05,0.000190926,0.000189265,0.000238219,0.000190476,8.72533e-05,0.000233609,0.000176058,0.000234188,0.000196121,0.000122567,0.000218643,0.000210316,0.000206739,0.000196379,0.000202625,0.000210033,0.000220823,0.00016627,0.000137432,4.9254e-05,0.000217553,0.000148199,0.000135799,0.000225883,7.65538e-05,0.000174522,0.000345137,0.00011595,0.000281054,0.000203871,5.43588e-05,0.000157528,0.000265341,0.000178897,0.000145732,6.23003e-05,0.000147288,0.000143383
"PWY-6902: chitin degradation II (Vibrio)",9.05119e-05,5.24198e-05,3.59964e-05,9.09061e-06,2.73496e-05,0.000274041,7.49357e-05,0.000282801,8.98314e-05,3.6914e-05,2.61908e-05,5.81604e-05,6.59319e-05,6.74388e-05,6.14193e-05,7.55552e-06,4.80231e-05,6.86651e-05,1.78098e-05,0.000121753,5.26865e-05,0.000123315,1.28148e-05,3.22606e-05,1.61607e-05,0.000101128,8.68955e-05,6.64037e-05,0.000109639,3.41521e-05,2.43631e-05,0.000142777,0.000119653,9.1522e-05,4.4481e-05,1.71935e-05,1.9294e-05,3.43075e-05,4.17471e-05,5.78923e-05,1.03343e-05,7.77682e-05,6.04144e-05,3.33085e-05,0.000147532,1.00873e-05,4.4679e-05,2.12175e-05,7.82364e-05,5.31463e-05,0.00015212,0.000203619,5.72402e-05,0.000104478,3.68906e-05,9.58735e-05,0.000120507,0.000174459,8.40457e-05,2.11299e-05,3.08154e-05,6.70775e-05,7.92084e-05,1.78833e-05,4.19759e-05,4.51557e-05,2.7467e-05,0.000124909,2.81986e-05,0.000106842,0.000144553,8.19095e-06,7.12286e-05,4.82581e-05,0.000194056,5.24091e-05,2.28622e-05,2.87371e-05,1.75505e-05
"PWY-6906: chitin derivatives degradation",0,2.89241e-05,2.20936e-05,1.12197e-05,0,0,6.07064e-06,0,6.73291e-05,3.02837e-05,8.61322e-05,5.67284e-05,4.24668e-05,2.21437e-05,4.06836e-05,0,4.48643e-05,2.85983e-05,6.84647e-06,5.73942e-05,5.22736e-05,4.45534e-05,4.3995e-05,0,0.000119128,3.46357e-05,1.05048e-05,2.80796e-05,7.12991e-06,2.63258e-05,1.40343e-05,4.23169e-05,8.32312e-05,1.16197e-05,4.89292e-05,1.10172e-05,9.61718e-06,2.69125e-05,3.68939e-05,5.06567e-05,0,4.26223e-05,6.4936e-05,1.41006e-05,2.06917e-05,3.96241e-05,1.34676e-05,3.73667e-05,0.000148269,4.73967e-05,3.3048e-05,2.92055e-05,5.9523e-05,0.000112668,1.47908e-05,4.64698e-05,0.000126542,2.47772e-05,3.47124e-05,4.42506e-05,0,1.19211e-05,3.84303e-05,4.15346e-05,0,0,1.84236e-05,0,1.2786e-05,0,5.45745e-05,1.23355e-05,1.91828e-05,3.5854e-05,0.000123413,2.40871e-05,0,9.0578e-06,2.15597e-05
"PWY-6920: 6-gingerol analog biosynthesis (engineered)",0,0,0,0,0,0,0,0,0,0,0,0,0,0,0,0,0,0,6.38315e-07,8.76456e-06,0,6.69241e-07,0,0,0,5.15176e-06,0,0,0,0,0,0,0,0,0,0,0,0,0,0,0,0,0,6.4259e-07,0,5.30514e-06,3.85615e-07,0,0,0,0,0,2.98242e-06,0,1.63684e-06,0,0,0,0,0,0,0,0,0,0,0,0,0,0,2.12919e-05,1.03558e-06,0,0,0,0,0,0,0,4.81721e-06
"PWY-6922: L-N&delta;-acetylornithine biosynthesis",4.63143e-05,0,4.66236e-06,9.45123e-05,2.69342e-05,3.90195e-06,4.06505e-06,0,6.51035e-06,0,1.52869e-06,1.86191e-05,4.06021e-06,1.7993e-05,1.60438e-06,1.56645e-05,3.87031e-06,9.62195e-06,1.03734e-05,3.63138e-05,1.61835e-05,2.25599e-05,3.78699e-05,3.6403e-05,1.49673e-05,0,6.57771e-05,9.15101e-06,0,7.37305e-06,7.34059e-06,1.85805e-05,3.10074e-05,8.22112e-06,1.16046e-05,1.61792e-05,0,7.01927e-06,2.36456e-05,1.5361e-06,6.08332e-06,0,1.15081e-05,2.44941e-06,0,1.94836e-06,2.00583e-06,7.1839e-07,2.53134e-05,4.43722e-05,1.80399e-05,5.03854e-05,5.85769e-06,0,9.98582e-06,4.73099e-06,2.10767e-05,3.90987e-05,3.52549e-06,1.51037e-05,1.04171e-05,2.2007e-05,6.94151e-06,2.88567e-05,0,9.67923e-06,1.65057e-05,1.97602e-06,1.67715e-05,6.6184e-06,1.72923e-05,3.86707e-06,6.48147e-06,6.72451e-05,1.21769e-06,8.46385e-07,7.81978e-07,1.88166e-05,4.16548e-05
"PWY-6936: seleno-amino acid biosynthesis (plants)",0.000244419,6.11037e-05,3.1958e-05,0.000294836,0.000477939,0.000469972,0.000110103,0.000533681,0.000126298,0.000174126,4.02788e-05,0.000196578,9.6258e-05,8.09589e-05,7.09693e-05,1.01501e-05,5.96979e-05,2.48051e-05,0.000103677,9.57289e-05,0.000206143,8.38308e-05,9.16771e-05,0.000249311,3.16306e-05,2.94415e-05,0.000360383,2.35232e-05,8.81304e-05,5.02849e-05,8.32409e-05,0.00028686,0.000252001,6.47152e-05,8.88572e-05,0.000271422,3.45724e-05,0.000160437,9.61452e-05,5.46536e-05,0.000126265,0.000133374,0.000122919,0.000164954,6.29098e-05,5.22469e-05,0.000149467,0.000159555,0.000164536,0.00013907,8.19616e-05,0.000131911,0.000113517,5.14363e-05,0.000157748,0.000107656,5.91837e-05,0.000159898,9.91408e-05,8.10137e-05,3.36031e-05,0.000220136,2.65627e-05,9.82852e-05,4.26957e-05,3.98883e-05,0.000109176,0.000377401,4.18935e-05,0.000289369,0.000159178,7.18141e-05,4.85495e-05,0.000262736,4.87645e-05,8.47349e-05,4.60941e-05,5.88506e-05,0.000200432
"PWY-6953: dTDP-3-acetamido-&alpha;-D-fucose biosynthesis",0,0,0,0,0,0,0,0,0,0,0,0,0,0,0,0,0,9.21084e-06,0,2.1838e-05,0,1.58834e-06,0,0,0,0,0,1.68449e-05,6.33715e-06,0,0,8.57407e-06,0,0,0,0,0,0,0,0,0,0,0,0,0,0,0,0,0,5.48648e-05,0,0,0,0,0,0,0,0,0,0,0,0,0,0,0,0,0,0,0,1.38553e-06,0,0,2.59931e-06,0,8.87322e-06,0,0,0,0
"PWY-6961: L-ascorbate degradation II (bacterial, aerobic)",2.35122e-05,0,4.93413e-06,0.000139473,0.000287698,5.15297e-05,0,8.65885e-07,3.22367e-05,0,3.18779e-06,6.1363e-05,9.24633e-06,0,0,0,0,0,5.55997e-06,3.41519e-07,2.58572e-05,3.09536e-05,2.26435e-05,0,3.34054e-06,0,0.000187826,0,0,0,2.71321e-05,8.7734e-05,0.00011909,1.72143e-05,2.40227e-05,0.000113351,0,6.37074e-06,2.22439e-05,8.97781e-06,0,0,1.29933e-05,0,2.03895e-06,3.76963e-06,0,8.1865e-06,1.98132e-05,4.78809e-05,0,3.90157e-06,2.20648e-05,1.45465e-06,0,1.50939e-06,9.03892e-06,6.13113e-06,9.10619e-07,1.80587e-06,1.47291e-06,5.18079e-05,1.56789e-06,4.76886e-05,0,1.48228e-05,8.5589e-06,0.000119649,8.98181e-06,7.8292e-05,1.28471e-05,7.12692e-06,0,0.000227956,9.66854e-06,8.86823e-07,0,5.48144e-06,3.68413e-05
"PWY-6969: TCA cycle V (2-oxoglutarate synthase)",0.000217696,6.00263e-05,6.52675e-05,0.000160666,0.000322179,5.65154e-05,8.58033e-05,1.53869e-06,8.51673e-05,2.24622e-05,5.43769e-05,0.000117781,6.56065e-05,0.000194494,0.000123657,2.69991e-05,4.10955e-05,0.000177421,0.000104685,0.000112619,0.000160095,0.000169065,0.000181063,0.000234928,8.89126e-05,0.000129794,0.000134269,0.000168516,9.73669e-05,5.08211e-05,6.64781e-05,0.000146503,0.000186805,4.19344e-05,0.000110625,0.00015736,3.44918e-05,8.12712e-05,5.99176e-05,8.6204e-05,2.21281e-05,9.0872e-05,6.35484e-05,8.65511e-05,6.28431e-05,1.37493e-05,7.09968e-05,0.000113444,0.000104726,0.000317773,7.9161e-05,5.26325e-05,0.000110255,5.42049e-05,7.6733e-05,0.000123813,3.04703e-05,6.10034e-05,0.000112416,7.25465e-05,5.91551e-05,9.75456e-05,0.00010976,0.000118777,5.67374e-05,6.35704e-05,6.81038e-05,0.000216189,4.80724e-05,0.000129004,0.000145114,7.95237e-05,5.71507e-05,0.000174581,4.80442e-05,0.000104537,3.66548e-05,6.27134e-05,9.69973e-05
"PWY-6981: chitin biosynthesis",0,0,0,0,0,0,0,0,0,0,0,0,0,0,0,0,0,0,0,0,0,0,0,0,0,0,0,0,0,0,0,0,0,0,0,0,0,0,0,0,0,0,0,0,0,0,0,0,0,0,0,0,0,0,0,0,0,0,0,0,0,0,0,0,0,0,0,0,0,0,0,0,0,0,0,0,0,0,0
"PWY-6992: 1,5-anhydrofructose degradation",2.23006e-06,1.67461e-05,4.8801e-06,8.91657e-06,1.07299e-05,4.90869e-06,0,9.46088e-08,6.32949e-07,0,0,5.30619e-05,9.63805e-07,3.80068e-05,0,0,0,5.33231e-06,0,0,2.91932e-05,6.24553e-07,2.36638e-06,0,1.11425e-05,0,1.46772e-05,0,0,0,7.12959e-06,5.95549e-05,3.21093e-06,3.13156e-05,1.77339e-05,7.29215e-05,0,0,2.8363e-06,2.01184e-06,0,0,6.26037e-07,0,0,2.39528e-05,0,6.31124e-07,4.63224e-05,5.68766e-05,1.49062e-05,0,5.46046e-06,3.67733e-05,0,0,1.14352e-06,0,0,7.2143e-06,0,3.96786e-06,2.78734e-06,3.03418e-06,0,1.44276e-06,3.56028e-07,1.76787e-05,0,1.50248e-05,9.53266e-06,9.44544e-07,0,0,4.3017e-05,2.31363e-07,1.53674e-06,4.67034e-06,2.54386e-06
"PWY-7000: kanamycin biosynthesis",0,0,0,0,0,0,0,0,0,0,0,0,0,0,0,0,0,0,0,0,0,0,0,0,0,0,0,0,2.30036e-06,0,0,0,0,0,0,0,0,0,0,0,0,0,0,0,0,0,0,0,0,0,0,0,0,0,0,0,0,0,0,0,0,0,0,0,0,0,0,0,0,0,4.57351e-06,0,0,0,0,0,0,0,0
"PWY-7009: 2,2'-dihydroxybiphenyl degradation",0,0,0,0,0,0,0,0,0,0,0,0,0,0,0,0,0,0,0,0,0,0,0,0,0,0,0,0,0,0,0,0,0,0,0,0,0,0,0,0,0,0,0,0,0,0,0,0,0,0,0,0,0,0,0,0,0,0,0,0,0,0,0,0,0,0,0,0,0,0,0,0,0,0,0,0,0,0,0
"PWY-7013: (S)-propane-1,2-diol degradation",0.000214548,0,1.31151e-05,0.000111731,0.000128835,1.67703e-05,0,7.70776e-07,3.3019e-05,5.02042e-06,2.98925e-06,7.88909e-07,9.82451e-05,1.99006e-05,4.81978e-06,7.06847e-06,7.88593e-06,4.91204e-06,2.76584e-06,1.41398e-05,8.39584e-06,1.25892e-05,0,0,1.87949e-05,6.15162e-06,4.69335e-06,4.04656e-06,1.43102e-06,0,7.0105e-06,0.000100672,2.39466e-06,1.96495e-05,2.49731e-06,0,0,2.24591e-06,3.66516e-05,0,0,6.55853e-06,3.01596e-06,7.72747e-06,7.96547e-07,1.64291e-05,1.37791e-05,0,7.66835e-05,3.57381e-06,1.31051e-05,0.000230811,2.36189e-05,1.47864e-06,3.56772e-06,5.82158e-06,4.35773e-05,0.000194903,3.83605e-06,2.37783e-06,4.43535e-06,2.74319e-06,5.78568e-06,5.7156e-05,5.21888e-06,1.2738e-05,2.4915e-05,2.59725e-05,1.08063e-05,2.68971e-05,3.23906e-05,6.08873e-06,9.06036e-07,0.000329803,4.10851e-05,1.49196e-05,1.38546e-06,3.28665e-05,5.23496e-05
"PWY-702: L-methionine biosynthesis II",0.000128322,2.55311e-05,1.95664e-05,0.000152778,0.000253738,0.000407578,2.11262e-05,0.000479852,7.77288e-05,6.39815e-05,2.05126e-05,0.000103628,4.81517e-05,1.11788e-05,3.37599e-05,7.11531e-06,2.81395e-05,9.97396e-06,3.66906e-05,2.84043e-05,6.59295e-05,4.31588e-05,5.94494e-05,2.11017e-05,1.91777e-05,1.3235e-05,0.000194624,1.42161e-05,3.11322e-05,5.89174e-06,4.13848e-05,0.000133162,0.000145484,3.12852e-05,4.4003e-05,0.000135405,0,5.61378e-05,5.64846e-05,3.20438e-05,0,3.7355e-05,7.32958e-05,6.72413e-05,2.18512e-05,2.44238e-05,5.57442e-05,5.31258e-05,6.153e-05,9.57526e-05,1.45683e-05,9.61252e-05,7.28764e-05,1.90546e-05,3.90622e-05,2.36018e-05,3.27181e-05,0.000104648,1.45134e-05,1.73979e-05,1.05476e-05,0.000157894,5.89577e-06,7.00749e-05,3.45106e-05,1.77614e-05,4.41194e-05,0.00027738,1.78677e-05,0.000257444,6.67037e-05,4.89165e-05,8.87598e-06,0.000215923,4.38263e-05,4.44726e-05,8.5647e-06,4.40518e-05,8.88e-05
"PWY-7031: protein N-glycosylation (bacterial)",0,0,0,0,0,0,0,0,0,0,0,0,0,0,0,0,0,1.02599e-05,0,0,5.16055e-06,0,0,0,0,0,0,1.04176e-05,0,0,0,4.0502e-07,0,0,0,0,0,0,0,0,0,0,0,0,0,0,0,0,0,7.73318e-06,0,0,0,0,0,0,0,0,0,0,0,0,0,0,0,0,0,0,0,0,0,0,0,0,0,0,0,7.77302e-07,0
"PWY-7039: phosphatidate metabolism, as a signaling molecule",4.18046e-06,0,9.61276e-07,6.83654e-06,0.000105877,9.53688e-07,0,0,9.71881e-07,0,0,2.04754e-05,0,0,0,0,0,0,0,0,4.4611e-06,1.47372e-05,1.0264e-05,0,0,0,0,0,0,0,0,0,9.35365e-07,5.41698e-06,0,0,0,0,0,0,0,0,0,0,0,0,0,0,5.50979e-07,1.21223e-05,0,0,0,0,0,0,4.74891e-07,0,0,0,0,5.73142e-06,0,1.50036e-05,0,0,0,1.48201e-05,0,0,3.87926e-06,0,0,0,0,0,0,0,3.15388e-06
"PWY-7090: UDP-2,3-diacetamido-2,3-dideoxy-&alpha;-D-mannuronate biosynthesis",0,0,0,0,0,0,0,0,0,0,0,0,0,0,0,0,0,0,0,0,0,0,0,0,0,0,0,0,0,0,0,0,5.46277e-07,0,0,0,0,0,0,0,0,0,0,0,0,0,0,0,0,0,0,0,0,0,0,0,0,0,0,0,0,0,0,0,0,0,0,0,0,0,0,0,0,0,0,0,0,0,0
"PWY-7094: fatty acid salvage",2.03465e-05,1.38044e-06,7.86251e-06,7.65638e-05,9.58614e-05,0.000401816,0,0.000441225,1.73959e-05,0,1.67167e-06,5.41079e-05,8.2723e-06,1.59735e-05,0,0,0,0,4.56289e-06,0,1.37898e-05,1.92505e-05,2.25867e-05,0,1.25297e-06,0,0.000136891,0,0,0,7.77753e-06,6.52159e-05,7.17544e-05,9.59393e-06,6.6126e-06,3.25476e-05,0,6.3914e-06,1.23183e-05,3.05629e-06,0,1.57849e-06,1.04955e-05,0,8.43322e-07,7.40383e-06,0,3.87086e-06,4.5058e-06,6.83269e-05,0,5.7507e-05,6.14073e-06,0,0,0,5.16972e-06,4.4848e-05,0,8.71845e-07,0,3.02917e-05,1.43493e-06,1.38948e-05,0,9.90745e-07,8.52099e-06,5.18193e-05,3.33516e-06,2.7675e-05,5.25682e-06,7.19651e-06,0,0.000170712,1.90264e-06,0,3.43065e-06,3.71836e-06,7.38966e-06
"PWY-7111: pyruvate fermentation to isobutanol (engineered)",0.000391083,0.000201033,0.000420454,0.000620231,0.000612196,0.00056725,0.000243672,0.000579729,0.000319423,0.000325506,0.000260141,0.000452705,0.000293799,0.0003924,0.00030927,0.000156904,0.000188928,0.000190998,0.000288323,0.000503555,0.000306341,0.000306587,0.000327724,0.000402488,0.000378523,0.000307339,0.000580764,0.000184219,0.000343699,0.00031195,0.000210814,0.000450508,0.000499429,0.000197088,0.00030576,0.000443762,3.70244e-05,0.000338996,0.000385689,0.000315793,0.000105999,0.000218682,0.000365198,0.000368757,0.000261238,0.000100222,0.000355965,0.000275364,0.00037766,0.000277718,0.000130856,0.000407659,0.000337038,0.000272817,0.000305058,0.000211762,0.000344772,0.000430452,0.000182302,0.000280879,0.000271561,0.000572694,0.000306962,0.000304714,0.000319861,0.000346729,0.000381519,0.000754569,0.000310585,0.000656084,0.000213043,0.000344747,0.000248501,0.000597961,0.000231769,0.000475166,0.000105388,0.000188441,0.000584728
"PWY-7115: C4 photosynthetic carbon assimilation cycle, NAD-ME type",0.000101869,5.1826e-05,1.68321e-05,0.000112675,0.000268599,0.000526913,1.24979e-05,0.000617876,2.9829e-05,0,1.48448e-05,6.78642e-05,3.83938e-05,6.79558e-06,1.8458e-05,1.21161e-06,1.43776e-05,6.76863e-06,8.66103e-05,5.56159e-06,4.66976e-05,4.16029e-05,4.13709e-05,0,2.84818e-06,0,9.99701e-05,1.04814e-05,7.83284e-05,1.01126e-06,3.56394e-05,8.69661e-05,0.000116244,2.29205e-05,1.67921e-05,6.87327e-05,0,5.11503e-05,3.04764e-05,1.79691e-05,5.77089e-06,2.09187e-05,4.27989e-05,7.78303e-05,1.65397e-05,7.58338e-06,4.84194e-05,2.93187e-05,3.04774e-05,3.27904e-05,0,0.000123252,5.55518e-05,5.4925e-06,9.62337e-05,2.06069e-05,1.20909e-05,0.000113238,1.4244e-05,4.12861e-05,1.69983e-05,5.26165e-05,2.18951e-05,3.31432e-05,4.14129e-05,4.02578e-05,7.93018e-05,0.000327497,6.55611e-06,0.000161063,3.37116e-05,2.74242e-05,3.83722e-05,0.000172846,1.54525e-05,2.46946e-05,5.51338e-05,1.36104e-05,4.24872e-05
"PWY-7117: C4 photosynthetic carbon assimilation cycle, PEPCK type",0.000213509,5.35245e-05,3.09322e-05,0.000214854,0.000470834,0.000613388,1.44335e-05,0.000640436,7.5015e-05,3.49402e-06,1.71707e-05,0.000131893,6.15788e-05,2.81134e-05,1.94116e-06,1.38798e-06,2.81319e-05,2.58239e-06,0.000108919,8.36742e-05,5.14771e-05,6.30716e-05,8.54886e-05,2.29766e-06,1.76095e-05,2.52507e-05,0.00027193,0,0.000154675,0,6.07947e-05,0.000180056,0.000205514,5.81004e-05,6.58478e-05,0.000213674,0,7.73945e-05,6.83477e-05,2.92997e-05,5.96527e-06,2.66683e-05,5.53658e-05,9.95285e-05,2.24803e-06,2.65049e-05,6.26253e-05,6.56506e-05,6.81863e-05,0.000135601,6.06178e-06,0.000124918,0.000111266,2.81933e-06,0.000155671,3.37774e-05,3.16407e-05,0.000128531,3.61404e-05,3.61755e-05,1.86486e-05,0.000120921,1.54752e-05,7.53826e-05,7.20995e-05,3.47932e-05,0.000103002,0.000439367,2.03957e-05,0.000305922,0.000117475,3.55691e-05,3.94482e-05,0.000193481,3.75732e-05,3.77072e-05,6.43629e-05,4.39328e-05,9.62557e-05
"PWY-7118: chitin deacetylation",8.00917e-05,0,9.12453e-06,0.000141807,0.000356416,0.000386004,0,0.000461763,3.46328e-05,0,2.41909e-06,5.93657e-05,5.30346e-06,1.16093e-05,0,0,7.14284e-07,0,4.83344e-06,0,2.14203e-05,3.04368e-05,4.22632e-05,0,8.26608e-06,3.83604e-07,0.000116728,0,1.79076e-06,0,3.78308e-05,6.50168e-05,0.00011594,2.33122e-05,3.08053e-05,0.000104602,0,6.45819e-06,2.19858e-05,1.5711e-05,0,3.72634e-06,2.34464e-05,0,0,8.26315e-06,0,1.48358e-05,2.39777e-05,8.93819e-05,3.55585e-07,4.82255e-05,4.30515e-05,0,0,7.19365e-07,1.01649e-05,3.91516e-05,9.3082e-07,1.05351e-06,1.02432e-06,6.38521e-05,2.08056e-06,4.14157e-05,0,5.02081e-06,1.63351e-05,0.000312912,6.04035e-06,8.99575e-05,2.09191e-05,3.92004e-06,0,0.000177731,6.52793e-06,5.72371e-06,0,5.81587e-06,3.12274e-05
"PWY-7124: ethene biosynthesis V (engineered)",0,0,0,0,0,0,0,0,0,0,0,0,0,0,0,0,0,0,0,0,0,0,0,0,0,0,0,0,0,0,0,0,0,0,0,0,0,0,0,0,0,0,0,0,0,0,0,0,0,0,0,0,0,0,0,0,0,0,0,0,0,0,0,0,0,0,0,0,0,0,0,0,0,0,0,0,0,0,0
"PWY-7159: 3,8-divinyl-chlorophyllide a biosynthesis III (aerobic, light independent)",0,0,0,3.90897e-06,0,0,0,0,0,0,0,0,0,0,0,0,0,0,0,0,0,0,0,0,0,0,0,0,0,0,0,0,0,0,1.6018e-06,0,0,0,0,0,0,0,0,0,0,0,0,0,0,7.71054e-06,0,0,4.66101e-06,0,0,0,0,0,0,0,0,0,0,1.11769e-06,0,0,0,0,0,0,0,0,0,0,0,0,0,0,0
"PWY-7165: L-ascorbate biosynthesis VIII (engineered pathway)",2.05957e-05,0,9.54331e-07,9.15916e-06,6.21584e-05,6.22757e-06,0,0,0,0,0,0,1.93977e-06,1.74024e-06,0,0,0,0,0,0,0,1.41572e-06,0,0,0,0,0,0,0,0,2.8489e-06,0,2.1056e-06,0,0,0,0,0,0,0,0,0,0,0,5.13564e-07,0,0,1.89162e-06,4.56829e-06,0,0,0,0,0,0,0,0,0,0,0,0,1.99046e-06,0,0,0,0,0,3.85644e-06,3.65394e-06,0,0,0,0,2.36762e-05,0,0,0,0,8.57665e-06
"PWY-7184: pyrimidine deoxyribonucleotides de novo biosynthesis I",0.000126089,1.72708e-05,1.40684e-05,0.000148489,0.000254709,0.000299943,0,0.000290896,6.14884e-05,4.79648e-05,2.40836e-06,7.9199e-05,1.63447e-05,2.16238e-05,1.28543e-05,0,0,0,4.05608e-06,9.86579e-06,0.000146177,4.52261e-05,4.10115e-05,2.48492e-05,0,6.08562e-06,0.000228045,4.31069e-06,3.03713e-05,1.43593e-05,4.15763e-05,9.6901e-05,0.000133837,3.35061e-05,5.73997e-05,0.000113105,8.88955e-06,5.48767e-05,2.08834e-05,1.45406e-05,0,6.1184e-06,2.87613e-05,0,0,3.06641e-05,0,3.25155e-05,8.4089e-05,9.35428e-05,0,8.27542e-05,4.5324e-05,3.31369e-06,3.21092e-05,1.09254e-05,2.32861e-05,8.07691e-05,6.29123e-06,1.05295e-05,4.73873e-05,6.45174e-05,1.60833e-05,6.05797e-05,1.39966e-05,1.27078e-05,2.28935e-05,0.000261241,2.04437e-05,0.000105095,4.32883e-05,1.31906e-05,2.78138e-06,0.000162332,1.75068e-05,7.71738e-06,0,2.45152e-05,3.24873e-05
"PWY-7187: pyrimidine deoxyribonucleotides de novo biosynthesis II",5.81133e-05,0,8.04673e-06,7.44562e-05,0.00017485,0.000278057,0,0.000279333,2.24596e-05,0,4.63792e-06,4.07651e-05,6.10376e-06,0,0,0,0,0,2.42419e-06,0,2.21431e-05,2.38516e-05,2.71076e-05,0,0,0,9.60722e-05,0,0,0,1.8118e-05,5.44358e-05,7.53457e-05,1.68853e-05,1.45659e-05,6.40219e-05,0,7.50165e-06,1.19156e-05,4.46066e-06,0,0,1.62902e-05,0,9.93478e-07,4.71752e-06,0,7.37884e-06,1.45102e-05,3.05587e-05,0,5.45541e-05,1.63115e-05,0,0,0,7.34832e-06,5.20503e-05,0,0,0,3.69634e-05,0,3.18562e-05,0,0,9.98045e-06,0.000133486,3.96997e-06,5.85964e-05,1.29291e-05,3.88166e-06,0,0.000121409,0,2.66509e-06,0,8.24791e-06,9.539e-06
"PWY-7196: superpathway of pyrimidine ribonucleosides salvage",0,0,0,2.02448e-06,0,0,0,0,0,5.95671e-05,0,0,5.59137e-06,0,0,0,0,0,4.14805e-06,1.62197e-05,0,6.77658e-06,0,0,0,1.48351e-05,0,0,4.67159e-06,0,0,0,0,0,0,0,0,0,0,0,0,0,0,7.86244e-06,0,1.36373e-05,0,0,0,0,0,2.75169e-06,1.35065e-05,0,3.60775e-05,0,0,7.95529e-06,0,0,0,0,0,0,9.65132e-06,0,0,0,0,3.92926e-05,3.99396e-06,0,0,0,4.26774e-06,9.7698e-06,2.88721e-06,0,2.82031e-05
"PWY-7197: pyrimidine deoxyribonucleotide phosphorylation",0.000196593,0.000155733,0.000114391,0.000112794,0.000191092,0.000233284,0.000112078,0.000220273,0.000110333,6.42627e-05,0.000121077,0.000159725,8.16136e-05,0.000147923,0.000172983,6.57985e-05,7.08334e-05,0.000135831,0.000193081,0.000256937,0.000112252,0.000151393,8.24849e-05,0.000408106,4.90164e-05,0.000191607,0.000193994,0.00014111,0.000166065,8.83456e-05,5.56015e-05,0.000127391,0.00011035,8.24208e-05,0.000178453,8.04901e-05,4.66746e-05,0.000191703,7.91653e-05,9.52556e-05,6.16556e-05,0.000252306,0.000149182,0.000124726,0.000138134,5.39381e-05,0.000122457,0.00010393,0.000173643,0.000113237,0.000125813,0.000103032,9.01302e-05,0.000190993,0.000224742,0.000168946,0.000162432,0.000105149,0.000161493,0.000140873,8.91173e-05,9.85532e-05,0.00013877,7.94303e-05,0.000121243,2.03115e-05,0.000118458,0.000220444,8.30341e-05,0.00010919,0.000156162,0.00010307,0.000184718,0.000121813,8.11082e-05,0.000149579,0.000155394,0.000193367,0.000608818
"PWY-7198: pyrimidine deoxyribonucleotides de novo biosynthesis IV",8.90077e-05,9.95207e-05,1.70264e-05,7.09749e-06,0.000110223,0.000148596,0.00010903,3.93236e-07,3.41028e-05,3.91785e-05,3.48988e-05,2.96833e-05,3.59212e-05,0.000129379,1.1899e-05,4.94419e-05,4.44829e-05,0,0.00013801,9.27275e-05,0.000142914,1.61521e-05,1.39772e-05,1.95204e-05,6.13035e-06,3.63732e-05,6.4996e-06,8.22348e-06,0.000114872,1.14728e-05,2.50092e-06,5.7443e-05,3.86848e-05,2.19377e-05,4.68342e-05,1.02918e-05,7.13984e-06,9.21128e-05,3.18167e-05,6.88274e-06,0,1.76068e-05,1.38071e-05,0.00012615,5.33839e-05,6.98155e-05,9.72529e-05,6.80455e-05,4.04117e-05,8.14868e-05,3.02873e-05,5.82902e-05,6.52153e-05,8.92601e-06,0.000212661,2.3831e-05,1.57159e-05,4.66999e-05,2.00784e-05,4.23984e-05,4.01885e-05,2.61699e-05,2.51404e-05,4.02747e-05,4.80023e-05,2.02169e-05,9.73938e-05,0.000225363,2.37125e-05,0.000149836,6.05883e-05,7.03948e-05,0.000136533,4.28034e-05,6.20352e-05,3.82115e-05,7.52565e-05,8.14744e-05,0.000120193
"PWY-7199: pyrimidine deoxyribonucleosides salvage",0.000341587,0.00056046,0.000426805,0.000291245,0.000223151,0.000277981,0.000478882,0.000272081,0.000352425,0.000316877,0.000356831,0.00033012,0.000293618,0.000309041,0.000404181,0.000636439,0.000328997,0.000345741,0.000437407,0.000401821,0.000358749,0.000338267,0.000237919,0.000358977,0.00031635,0.000451698,0.000204146,0.000367072,0.00040413,0.000418415,0.00032615,0.000247139,0.000193939,0.000253358,0.00032977,0.000209368,0.000362015,0.00043424,0.000239585,0.000371646,0.000404926,0.000422177,0.000362966,0.000377242,0.000434951,0.000408315,0.000375654,0.000376539,0.000413393,0.00033235,0.000350834,0.000233468,0.000333201,0.000414389,0.000371637,0.00048168,0.000417102,0.000273703,0.000398896,0.000387913,0.000502903,0.000215368,0.000454949,0.00051979,0.000390642,0.000562465,0.000349474,0.000203435,0.000417335,0.000243909,0.000310114,0.000314298,0.000482711,0.00025142,0.000417334,0.000360517,0.000435737,0.000331619,0.000200492
"PWY-7200: superpathway of pyrimidine deoxyribonucleoside salvage",0,0,0,0,0,0,5.49649e-06,0,0,0,0,0,0,3.78312e-05,0,0,0,1.41457e-05,2.86336e-05,0,0,6.75623e-06,0,0,0,7.61274e-06,0,0,0,0,0,0,0,0,0,0,0,0,0,8.27562e-06,0,0,0,0,0,0,0,0,0,0,0,0,0,0,4.22811e-06,5.47538e-06,0,0,6.24853e-06,0,0,0,0,0,0,0,3.66594e-06,0,0,0,0,0,0,0,0,0,0,0,6.52948e-05
"PWY-7204: pyridoxal 5'-phosphate salvage II (plants)",3.01934e-05,0,8.82874e-06,0.000124751,0.000196734,0.00023115,0,0.000231971,3.23513e-05,0,0,5.18571e-05,2.81589e-06,0,0,0,0,0,1.64342e-06,0,1.17042e-05,3.43929e-05,2.89699e-05,0,2.47844e-06,0,9.75721e-05,0,0,0,1.65734e-05,5.65155e-05,8.67727e-05,2.10728e-05,2.42335e-05,0.000100841,0,4.63959e-06,3.56429e-05,8.12386e-06,0,0,2.72105e-05,0,0,7.64374e-06,0,3.23968e-06,2.32949e-06,5.57381e-05,0,6.28536e-05,2.3207e-05,0,0,1.23357e-06,1.43543e-05,5.42588e-05,0,7.45176e-07,7.23428e-07,4.56454e-05,2.14186e-06,4.85671e-05,0,9.11059e-06,1.61593e-05,0.000163941,0,4.80665e-05,1.20764e-05,2.18601e-06,5.64339e-07,0.000138532,1.82259e-06,0,9.04071e-07,1.08249e-05,9.72129e-06
"PWY-7208: superpathway of pyrimidine nucleobases salvage",0.000255149,0.00021844,0.000149368,0.000222351,0.000226692,0.000271456,0.000159766,0.000293613,0.000156374,0.000207385,0.000151505,0.000215217,0.000124261,0.000186595,0.000249229,0.000168388,0.000102076,0.000233526,0.000261549,0.000235815,0.000160872,0.000200271,0.000116728,0.000462888,7.02395e-05,0.000246051,0.00025406,0.000240943,0.000239491,0.00012198,0.000184852,0.000261203,0.000187571,0.000151829,0.000242137,0.000164774,8.50168e-05,0.000362226,0.000215294,0.000138397,0.00010389,0.0003459,0.000270276,0.000181159,0.000204437,8.45555e-05,0.000187684,0.000153044,0.000258447,0.000185023,0.000167071,0.000158322,0.000134605,0.000272452,0.00029664,0.000236184,0.000180092,0.00015766,0.000228483,0.000194625,0.000133173,0.000257035,0.000198981,0.000115915,0.00017271,3.017e-05,0.000171962,0.000264049,0.000114224,0.000148851,0.000209699,0.000148074,0.000246072,0.00016148,0.000118416,0.000219465,0.000239308,0.000255234,0.000669289
"PWY-7209: superpathway of pyrimidine ribonucleosides degradation",2.10867e-05,0,0,8.60125e-06,8.153e-06,3.96506e-06,1.54145e-06,0,2.30173e-06,0,1.96999e-06,1.00811e-05,9.06827e-06,0,0,0,0,0,1.35321e-05,1.25434e-06,3.22198e-06,4.2443e-06,1.25453e-05,0,7.16107e-07,4.66771e-06,1.10751e-05,0,1.23882e-05,0,5.0912e-06,8.33686e-06,1.01007e-05,0,1.65279e-06,0,0,2.36138e-06,0,0,0,2.2293e-06,2.23334e-06,7.64737e-06,9.29861e-07,8.44469e-06,1.20884e-05,8.63305e-06,2.3234e-06,3.12223e-06,0,1.01703e-05,1.15903e-05,0,7.04382e-06,5.6999e-06,7.96055e-07,9.39415e-06,3.567e-06,1.24445e-06,0,3.17217e-06,0,3.52057e-06,0,9.25106e-06,2.4291e-05,1.48867e-05,1.78728e-06,7.13083e-05,1.68762e-05,3.73882e-06,1.31144e-06,7.04458e-06,0,9.641e-06,0,0,1.20456e-05
"PWY-7210: pyrimidine deoxyribonucleotides biosynthesis from CTP",0.000108228,1.88985e-05,9.59562e-06,0,0.000129668,5.64095e-06,0,5.6142e-07,7.60296e-06,4.6519e-05,2.55033e-06,1.95712e-06,1.07469e-05,2.35471e-05,1.41131e-05,0,0,0,0,1.08946e-05,0.000150302,1.53845e-05,6.56814e-06,2.73991e-05,0,2.96653e-06,9.18729e-06,4.76315e-06,3.26647e-05,1.55907e-05,1.81366e-06,5.82707e-06,4.96434e-05,2.88395e-05,6.06663e-05,0,9.58916e-06,5.7975e-05,0,0,0,6.77152e-06,2.41563e-06,0,0,3.13796e-05,0,3.43029e-05,2.14278e-05,8.96568e-05,0,6.75913e-05,7.04598e-06,3.67017e-06,3.49107e-05,1.20168e-05,2.16487e-05,5.65787e-05,6.94596e-06,1.15728e-05,4.86475e-05,3.40728e-05,1.75571e-05,0,1.52155e-05,0,3.14295e-06,0.000214905,2.19159e-05,5.57438e-05,1.47235e-05,1.43806e-05,3.08343e-06,7.34139e-06,1.86575e-05,0,0,2.50695e-06,1.14039e-05
"PWY-7211: superpathway of pyrimidine deoxyribonucleotides de novo biosynthesis",0.000136584,1.78151e-05,1.32889e-05,2.4098e-05,0.000174648,1.00441e-05,0,1.00936e-06,8.0087e-05,1.81906e-05,4.56918e-06,2.98448e-05,2.58729e-05,2.79434e-05,2.44091e-05,0,0,0,6.21652e-06,1.59072e-05,9.42722e-05,6.76965e-05,4.29788e-05,4.6198e-06,0,1.12274e-05,1.6072e-05,8.3637e-06,4.99568e-05,4.58507e-06,1.34804e-05,2.80836e-05,7.63871e-05,3.77045e-05,6.47649e-05,6.41034e-05,0,2.64376e-05,3.16647e-05,2.68258e-05,0,1.14767e-05,4.71067e-05,0,0,4.39532e-05,0,4.54541e-05,9.10784e-05,9.25951e-05,0,8.98391e-05,5.08204e-05,6.17816e-06,4.68978e-05,1.88314e-05,3.62789e-05,7.71546e-05,1.15862e-05,1.39667e-05,4.55222e-05,7.31276e-05,2.81907e-05,1.51971e-05,2.49142e-05,0,3.88333e-05,0.000248258,2.42214e-05,8.32988e-05,6.12596e-05,2.22545e-05,2.40678e-06,0.000140757,2.96626e-05,1.47135e-05,0,3.95681e-05,4.41954e-05
"PWY-7218: photosynthetic 3-hydroxybutanoate biosynthesis (engineered)",0,0,0,0,0,0,0,0,0,0,0,0,0,0,0,0,0,0,0,0,0,0,0,0,0,0,0,0,0,0,0,0,0,0,0,0,0,0,0,0,0,0,0,0,0,0,0,0,0,0,0,0,0,0,0,0,0,0,0,0,0,0,0,0,0,0,0,0,0,0,0,0,0,0,0,0,0,0,0
"PWY-7220: adenosine deoxyribonucleotides de novo biosynthesis II",0.000248166,0.000170737,0.000128349,0.000318554,0.000258753,0.000426667,0.00012508,0.000514402,0.000136248,0.000196235,0.000145042,0.000223068,0.000108408,0.00017304,0.000187643,0.000131377,7.93669e-05,0.000230383,0.000218934,0.000313554,0.000128889,0.000187268,9.41044e-05,0.000483385,5.55129e-05,0.000227141,0.00036973,0.000234124,0.000208239,9.6969e-05,0.000140749,0.000304923,0.000266624,0.000296358,0.000232864,0.000176157,5.46635e-05,0.000413686,0.000209607,0.000116141,7.45716e-05,0.000299723,0.000227919,0.000145892,0.000166865,6.13635e-05,0.000148219,0.000125625,0.000321309,0.000154652,0.000165574,0.000138485,0.000113254,0.000249303,0.000245958,0.000189751,0.000287225,0.00013357,0.000182915,0.000162612,0.000102977,0.000217509,0.000161886,8.86281e-05,0.00015522,2.27274e-05,0.000140061,0.000274406,9.50954e-05,0.000132002,0.000190873,0.000116644,0.000206853,0.000148631,0.000111743,0.000185394,0.000186004,0.00023412,0.00053071
"PWY-7221: guanosine ribonucleotides de novo biosynthesis",0.000431326,0.000724583,0.000610557,0.0003769,0.000319894,0.000421886,0.000548089,0.000372958,0.000388361,0.000598752,0.000502731,0.000424559,0.000339981,0.000452339,0.000655291,0.000663856,0.000733766,0.000600281,0.000588613,0.000598067,0.000482093,0.000426767,0.000468293,0.000475989,0.000467729,0.000578317,0.00037249,0.000576124,0.000577752,0.000588887,0.000761308,0.000391089,0.000293046,0.000312669,0.00046394,0.000284237,0.0015886,0.000681779,0.000404938,0.000582847,0.00117566,0.000603854,0.000594074,0.000546155,0.00061503,0.00066373,0.00054026,0.000488113,0.000453783,0.000552196,0.000430105,0.000348937,0.00041707,0.000596869,0.00061094,0.000727714,0.000523656,0.000381427,0.000610516,0.000565898,0.000542218,0.0004243,0.000561527,0.000568786,0.00057107,0.000823133,0.000463947,0.000407286,0.000506737,0.000451369,0.000421944,0.000516066,0.000654435,0.000386843,0.000463071,0.000539045,0.000758551,0.000470966,0.000942849
"PWY-7222: guanosine deoxyribonucleotides de novo biosynthesis II",0.000248166,0.000170737,0.000128349,0.000318554,0.000258753,0.000426667,0.00012508,0.000514402,0.000136248,0.000196235,0.000145042,0.000223068,0.000108408,0.00017304,0.000187643,0.000131377,7.93669e-05,0.000230383,0.000218934,0.000313554,0.000128889,0.000187268,9.41044e-05,0.000483385,5.55129e-05,0.000227141,0.00036973,0.000234124,0.000208239,9.6969e-05,0.000140749,0.000304923,0.000266624,0.000296358,0.000232864,0.000176157,5.46635e-05,0.000413686,0.000209607,0.000116141,7.45716e-05,0.000299723,0.000227919,0.000145892,0.000166865,6.13635e-05,0.000148219,0.000125625,0.000321309,0.000154652,0.000165574,0.000138485,0.000113254,0.000249303,0.000245958,0.000189751,0.000287225,0.00013357,0.000182915,0.000162612,0.000102977,0.000217509,0.000161886,8.86281e-05,0.00015522,2.27274e-05,0.000140061,0.000274406,9.50954e-05,0.000132002,0.000190873,0.000116644,0.000206853,0.000148631,0.000111743,0.000185394,0.000186004,0.00023412,0.00053071
"PWY-7228: superpathway of guanosine nucleotides de novo biosynthesis I",0.000319437,0.000279447,0.000212534,0.000365672,0.000294203,0.000363422,0.000205292,0.000378334,0.000204843,0.000296821,0.000227517,0.000295833,0.000164884,0.000253159,0.000292603,0.00022135,0.000143699,0.000339912,0.000322284,0.000421507,0.000205368,0.000264757,0.000157207,0.000500454,9.97251e-05,0.000330428,0.000380776,0.000335848,0.000312179,0.000167419,0.000238491,0.000351055,0.000285427,0.000316537,0.000312427,0.000222281,0.000106147,0.000519157,0.000284202,0.00019464,0.000140832,0.000406597,0.000332133,0.00023169,0.000264496,0.000112515,0.000233526,0.000200901,0.000381686,0.000242656,0.000240483,0.000200876,0.000180211,0.000356762,0.000352218,0.000302355,0.000373576,0.000200075,0.000283535,0.000255342,0.000174399,0.000290034,0.000253008,0.000155317,0.000251018,4.42582e-05,0.000216082,0.000333639,0.000160703,0.000206528,0.000267759,0.000191358,0.000317279,0.000215903,0.000183335,0.000278721,0.00029902,0.000316012,0.000730174
"PWY-7229: superpathway of adenosine nucleotides de novo biosynthesis I",0.000402376,0.000444089,0.000331334,0.000419134,0.000290119,0.000418173,0.000339929,0.000443388,0.000327875,0.000394182,0.000359219,0.000404614,0.000258194,0.000375385,0.000411477,0.000320748,0.000245499,0.000460267,0.000496619,0.000576481,0.000330187,0.000386804,0.00025389,0.000632435,0.000180414,0.00047647,0.000468971,0.000435977,0.000470263,0.000281336,0.000321125,0.000449121,0.000374689,0.000402276,0.000455494,0.000291116,0.000177236,0.000695811,0.000425234,0.000321214,0.000231582,0.000565296,0.000480354,0.000353528,0.000412433,0.00017785,0.000348282,0.000333199,0.00050109,0.000359829,0.000362286,0.000296664,0.00028839,0.00050881,0.000500445,0.000446091,0.000497366,0.000308433,0.000415727,0.000380588,0.000296613,0.000386727,0.00039066,0.000269895,0.000389169,8.52261e-05,0.000329256,0.000362586,0.00027083,0.000324372,0.00036684,0.000298238,0.000437909,0.000311546,0.000298911,0.000435811,0.000430602,0.000470032,0.000746549
"PWY-7234: inosine-5'-phosphate biosynthesis III",0.000300245,0.000233617,0.000455472,0.000184639,0.00019182,0.000270472,0.000181983,0.000261898,0.000183668,7.37482e-05,0.000375512,0.000182203,6.12493e-05,0.000125006,0.000123412,9.60169e-05,0.000620016,9.62557e-05,0.000260502,0.000408619,0.000134602,0.00021247,0.000312673,0.000204748,0.000343464,0.000423106,0.000267559,8.47222e-05,0.000198912,0.000368827,9.35351e-05,0.000159352,0.000166997,0.000122596,0.000119559,0.00010365,0,0.000116708,8.94588e-05,0.000134906,9.23911e-05,0.000102802,0.000142736,0.000215071,0.000167604,9.12354e-05,0.000175082,0.000241381,0.000148082,0.000107492,0.000158007,0.000175301,0.000149557,0.000210201,0.000273555,0.000117293,0.000155666,0.000192926,7.50561e-05,0.000192337,7.76386e-05,0.000118174,0.000218584,0.000137955,0.000176017,0.000503995,0.000188866,0.000239982,0.000275549,0.000261633,0.000189558,0.000274381,0.000262371,0.000212956,1.62601e-05,0.000156376,7.54208e-05,0.000245546,0.000138295
"PWY-7237: myo-, chiro- and scyllo-inositol degradation",0.000162988,6.47396e-05,0.000106636,0.000559118,0.000408485,0.000428272,0.00015222,0.000545712,9.42591e-05,0.000236005,0.00018246,0.00023763,0.000208903,8.18218e-05,0.000106668,0.00061754,0.000150794,0.000169857,0.000125779,0.000153453,9.58068e-05,0.000130386,7.39793e-05,0.000157951,0.000116186,0.000218654,0.000152754,0.000161147,0.000185807,0.000116519,0.000282152,0.000186693,0.000166846,7.16252e-05,0.000168611,0.000289738,0.00196329,0.000227024,0.000159335,0.000141558,0.000657973,0.000100117,0.000227143,0.000262509,0.000264812,0.000485036,0.000265426,0.000268829,0.000291589,8.44504e-05,0.00017122,0.000195034,0.000137693,0.000155496,0.000118039,0.000138088,0.000314022,0.000199942,0.000114748,5.9989e-05,0.000194689,0.00035012,0.000159381,5.79466e-05,0.00021794,6.20512e-05,0.0001861,0.000328883,0.0001405,0.000163977,0.000130638,0.000150502,0.000197748,0.000169004,0.000549803,0.000205909,0.000205914,7.75903e-05,0.000105649
"PWY-7238: sucrose biosynthesis II",0.000378072,0.000647073,0.000366332,0.000388042,0.000596162,0.000616996,0.000789331,0.000575376,0.000557395,0.000432393,0.000395857,0.000502885,0.000495964,0.000320879,0.000668099,0.000265198,0.000472077,0.000438008,0.000829501,0.000476909,0.000663529,0.000415318,0.000304976,0.000544588,0.000629169,0.000533366,0.000335096,0.000410847,0.000846021,0.000571433,0.000319776,0.000438045,0.000490267,0.000241388,0.000575285,0.000362952,0.00022072,0.000804801,0.000513468,0.000635908,0.000284299,0.000595425,0.000562439,0.000698969,0.000725844,0.000293294,0.000688394,0.000723943,0.000289783,0.000400564,0.000384121,0.000462722,0.00061369,0.000542305,0.000669048,0.000704948,0.000478232,0.000539106,0.000606996,0.000492957,0.000728691,0.000709093,0.000679242,0.00056409,0.00050174,0.000781137,0.000491593,0.000570556,0.000529922,0.000838742,0.00044107,0.000472374,0.000410729,0.000413014,0.000596736,0.000899264,0.000544495,0.000622107,0.000833535
"PWY-7242: D-fructuronate degradation",3.47627e-05,1.97834e-05,4.1719e-05,0.000195184,0.000159808,1.61978e-05,0.000136863,3.04976e-06,0.000138713,9.67805e-05,7.11031e-05,0.000139022,0.000136162,2.15927e-05,5.98314e-05,5.22353e-05,6.39172e-05,4.96597e-05,0.00010266,5.81785e-05,7.35939e-05,6.01555e-05,5.30463e-05,4.56791e-05,0.000135029,8.73035e-05,5.81376e-05,4.57898e-05,0.000100198,8.66383e-05,6.96393e-05,7.95803e-05,0.000103128,5.14054e-05,0.000157699,0.000112492,4.4322e-05,0.000193046,6.29492e-05,0.000132716,2.0852e-05,4.07581e-05,6.73666e-05,0.000109635,0.000103657,5.7612e-05,0.000100406,0.000168736,7.86716e-05,5.76668e-05,2.05853e-05,5.98073e-05,0.000125532,6.79877e-05,8.77497e-05,5.60848e-05,9.66816e-05,6.14369e-05,4.58987e-05,7.77862e-05,0.000118481,6.26899e-05,0.000116696,3.84347e-05,3.25733e-05,8.27714e-05,9.34021e-05,0.000257672,0.000130269,0.000145918,7.60724e-05,9.29143e-05,3.28362e-05,0.000133987,0.000112723,0.000237153,8.19453e-05,0.000104857,1.58619e-05
"PWY-7245: superpathway of NAD/NADP - NADH/NADPH interconversion (yeast)",0,0,0,1.24223e-05,4.80185e-07,8.73434e-05,0,7.873e-06,0,0,0,0,1.22604e-06,3.35256e-06,0,0,0,0,0,0,0,0,2.72952e-06,0,0,0,0,0,0,0,0,0,0,0,0,0,0,1.26483e-06,0,0,0,0,5.61429e-06,0,0,0,0,0,0,7.36219e-06,0,0,0,0,0,0,0,0,0,0,0,1.08509e-06,0,0,0,0,0,1.98477e-05,0,0,0,0,0,0,0,0,0,0,0
"PWY-724: superpathway of L-lysine, L-threonine and L-methionine biosynthesis II",0.000329132,0.00035398,0.0003437,0.00040902,0.000279297,0.000388976,0.000405647,0.000384738,0.000316153,0.000324785,0.00039288,0.000333604,0.000245524,0.000328252,0.000350379,0.0002328,0.000469418,0.00034238,0.000400729,0.000445735,0.00036273,0.000310703,0.000320929,0.000273576,0.000366413,0.00050356,0.000331406,0.000333482,0.000431197,0.000377521,0.000163129,0.000336164,0.000315145,0.000209649,0.000323313,0.000269432,0.000172659,0.000366417,0.000360644,0.0004092,0.000191864,0.000376501,0.000409071,0.000411377,0.000449011,0.000230749,0.000411259,0.000366428,0.00039755,0.000275414,0.000351038,0.000273613,0.000341904,0.000404524,0.000378738,0.000456637,0.000392879,0.000306221,0.000385554,0.000314055,0.000294322,0.000358621,0.000372989,0.000314489,0.000365462,0.000425259,0.000367396,0.000374356,0.000339841,0.000414662,0.000300905,0.000283229,0.000355567,0.000314745,0.00036927,0.000397078,0.000244495,0.00035213,0.000575021
"PWY-7254: TCA cycle VII (acetate-producers)",4.41503e-05,0,1.44034e-05,0,0,0,0,0,2.70071e-05,0,4.84549e-06,8.31889e-06,1.99546e-05,2.65333e-05,0,0,0,4.49871e-06,8.9999e-06,0,3.54785e-05,3.29738e-05,6.15882e-05,0,7.25212e-06,0,0,0,0,0,7.0321e-06,0,0,1.88016e-05,1.82943e-05,0,0,1.11278e-05,0,2.24746e-05,0,4.3016e-06,3.50011e-05,0,4.49436e-06,0,0,1.86245e-06,4.58315e-05,9.69031e-05,0,1.43798e-05,5.28273e-05,1.93749e-06,3.14135e-06,1.63476e-06,6.06407e-06,1.4188e-05,0,6.46643e-06,0,7.58238e-07,1.29533e-05,2.92098e-05,0,1.54709e-05,1.72885e-05,0,2.69069e-06,3.72046e-05,4.14804e-05,1.66015e-05,1.47916e-06,2.52518e-05,9.52904e-07,1.65666e-05,2.74068e-06,2.16172e-05,3.05603e-05
"PWY-7268: cytosolic NADPH production (yeast)",0,0,0,1.11645e-05,3.611e-07,0.000304807,0,0.000297036,0,0,0,0,1.5005e-06,1.02672e-05,0,0,0,0,0,0,0,0,2.69152e-05,0,0,0,0,0,0,0,0,0,0,0,0,0,0,5.20744e-06,0,0,0,0,6.65764e-06,0,0,0,0,0,0,7.04402e-05,0,0,0,0,0,0,0,0,0,0,0,8.62011e-07,0,0,0,0,0,1.82904e-05,0,0,0,0,0,0,0,0,0,0,0
"PWY-7269: mitochondrial NADPH production (yeast)",3.98902e-05,1.58323e-06,5.7381e-06,3.52237e-05,7.50337e-05,0.000311777,0,0.000362781,0,3.41203e-06,1.87274e-06,3.09837e-06,1.57834e-06,6.99242e-06,0,0,0,0,0,0,1.57696e-05,9.59435e-06,1.88141e-05,0,1.04753e-06,0,9.05919e-06,0,0,0,9.56463e-06,0,4.8866e-07,4.48667e-06,0,1.40404e-05,0,3.49205e-06,1.83294e-06,6.18862e-07,0,7.89361e-07,7.58455e-06,0,0,0,0,0,6.36181e-06,5.34072e-05,0,7.76957e-07,6.31133e-06,0,0,0,0,2.27719e-06,0,0,0,9.59097e-06,0,5.48127e-06,0,0,4.16107e-06,4.88751e-05,2.07535e-06,1.64648e-05,5.10826e-06,0,0,4.73282e-05,8.21194e-07,2.01609e-06,0,1.09375e-06,5.06405e-06
"PWY-7279: aerobic respiration II (cytochrome c) (yeast)",0,0,0,0,0,0,0,0,0,0,0,0,0,0,0,0,0,0,0,0,0,0,0,0,0,0,0,0,0,0,0,0,0,0,0,0,0,0,0,0,0,0,0,0,0,0,0,0,0,0,0,0,0,0,0,0,0,0,0,0,0,0,0,0,0,0,0,0,0,0,0,0,0,0,0,0,0,0,0
"PWY-7282: 4-amino-2-methyl-5-diphosphomethylpyrimidine biosynthesis II",0.000123346,0.000128378,0.000136678,0.000200778,0.000275829,0.00034167,0.000230032,0.000307429,0.000197222,0.000147385,0.000205963,0.000198118,8.9154e-05,0.000175769,0.000114883,7.95812e-05,0.000110684,0.000167488,0.00016825,0.000301345,0.000174513,0.000162347,0.000134074,0.000145305,0.000162455,0.00018196,0.000182449,0.000193185,0.000207141,0.000100972,6.23507e-05,0.000185941,0.000190987,0.000148088,0.000154201,0.00017764,5.50258e-05,8.09396e-05,0.000204213,0.000211115,6.97664e-05,0.00013681,0.000170727,0.000128,0.000278866,0.000103506,0.000119686,0.000109648,0.000240987,0.000113655,0.000192719,0.000156724,0.000193989,0.00021969,0.000125672,0.000231475,0.000197046,0.000164353,0.00019767,0.000146677,7.04017e-06,0.000135131,0.0001209,0.00013688,0.000203191,7.11047e-05,0.000118662,0.000240054,0.000260412,0.000161804,0.000204192,8.66713e-05,0.000224113,0.000197284,0.00036337,0.000164185,6.61547e-06,0.00013463,5.88623e-05
"PWY-7283: wybutosine biosynthesis",0,0,0,0,0,0,0,0,0,0,0,0,0,0,0,0,0,0,0,0,0,0,0,0,0,0,0,0,0,0,0,0,0,0,0,0,0,0,0,0,0,0,0,0,0,0,0,0,0,0,0,0,0,0,0,0,0,0,0,0,0,0,0,0,0,0,0,0,0,0,0,0,0,0,0,0,0,0,0
"PWY-7286: 7-(3-amino-3-carboxypropyl)-wyosine biosynthesis",0,0,0,0,0,0,0,0,0,0,0,0,0,0,0,0,0,0,0,0,0,0,0,0,0,0,0,0,0,0,0,0,0,0,0,0,0,0,0,0,0,0,0,0,0,0,0,0,0,0,0,0,0,0,0,0,0,0,0,0,0,0,0,0,0,0,0,0,0,0,0,0,0,0,0,0,0,0,0
"PWY-7294: D-xylose degradation IV",0,0,2.02539e-06,0,0,0,0,0,1.01294e-05,0,1.48071e-06,0,0,0,0,0,0,0,0,0,9.22681e-06,0,4.94501e-06,0,0,0,0,0,0,0,0,0,0,0,5.3726e-06,8.66927e-07,0,0,4.67602e-06,0,0,0,0,0,0,0,0,0,0,6.30879e-06,0,0,5.32144e-06,0,0,0,0,0,0,0,0,0,0,3.76426e-06,0,0,4.82796e-06,0,0,1.27392e-06,1.26603e-06,3.37776e-06,0,0,0,0,0,0,3.87027e-06
"PWY-7312: dTDP-&beta;-D-fucofuranose biosynthesis",0,0,6.63523e-06,0,0,0,7.21987e-06,0,0,1.62309e-05,8.15277e-06,0,0,0,2.76739e-06,1.70988e-05,0,1.16634e-05,1.29499e-05,0,0,0,0,0,0,0,0,9.91845e-06,8.51181e-06,5.44569e-06,0,0,0,1.18071e-06,2.53017e-06,1.15725e-05,0,1.88938e-05,0.000158712,4.64834e-06,0,1.22474e-05,3.30915e-05,6.49068e-07,3.22312e-05,0,1.46107e-06,3.78485e-06,8.95617e-06,0,5.78111e-05,4.2083e-05,2.80065e-05,6.70059e-05,1.42738e-05,1.76388e-06,0.000210238,4.52933e-05,0,4.04816e-05,0,1.59974e-06,3.845e-06,0,0,0,7.89326e-06,0,7.09636e-06,1.28654e-05,0,0,0,0,0,0,0,8.81439e-05,0
"PWY-7315: dTDP-N-acetylthomosamine biosynthesis",7.1011e-05,4.00594e-06,5.84217e-06,6.34057e-05,0.000183121,0.000377628,0,0.000472624,1.98563e-05,7.83556e-07,4.52905e-06,3.96642e-05,1.13464e-05,1.37907e-06,1.47335e-05,0,0,1.34013e-06,7.03568e-06,0,3.7321e-05,3.32766e-05,1.2982e-05,0,3.17243e-06,1.24236e-06,0.000112874,1.08326e-06,1.36547e-06,0,3.02331e-05,5.94322e-05,7.0742e-05,1.27067e-05,3.19607e-05,6.73085e-05,0,9.12726e-06,1.09216e-05,1.03265e-05,0,8.0924e-06,3.00557e-05,4.5081e-06,7.29767e-06,2.72069e-06,4.86334e-06,1.28672e-05,1.82452e-05,3.50206e-05,0,9.77134e-05,3.9609e-05,7.23016e-06,1.36018e-05,1.88585e-06,9.10297e-06,7.53672e-05,1.8375e-06,2.46659e-06,5.44786e-06,3.33819e-05,2.64643e-06,2.405e-05,0,5.72747e-06,9.46778e-06,0.000217473,4.62741e-06,5.11971e-05,0.000105245,1.92457e-05,2.20813e-05,0.000144977,3.07839e-06,1.05035e-05,0,7.73864e-06,2.01361e-05
"PWY-7316: dTDP-N-acetylviosamine biosynthesis",0,1.2024e-05,0,0,0,0,0,0,0,5.32022e-07,7.98549e-06,5.92619e-05,1.58257e-07,3.23562e-05,0,0,0,4.37686e-06,0,5.45798e-06,8.06681e-06,0,0,0,6.34967e-06,0,6.11962e-06,9.04573e-06,0,0,0,3.97757e-05,0,1.84768e-05,0,0.000101225,0,0,0,0,0,1.03296e-05,0,0,0,5.30351e-05,0,0,0,8.11793e-07,7.40919e-06,2.03262e-06,1.1358e-05,2.66565e-05,0,0,1.65693e-06,3.39966e-06,0,3.22034e-06,0,1.96992e-06,7.67597e-06,0,0,0,0,0,1.2787e-06,1.98305e-06,2.35404e-06,0,4.72324e-06,0,7.39474e-05,0,0,0,1.60505e-06
"PWY-7317: superpathway of dTDP-glucose-derived O-antigen building blocks biosynthesis",0,0,0,0,0,0,0,0,0,0,0,0,0,0,0,0,0,0,0,0,0,0,0,0,0,0,0,0,0,0,0,0,0,0,0,0,0,0,0,0,0,0,0,0,0,0,0,0,0,0,0,0,0,0,0,0,0,0,0,0,0,0,0,0,0,0,0,0,0,0,0,0,0,0,0,0,0,0,0
"PWY-7323: superpathway of GDP-mannose-derived O-antigen building blocks biosynthesis",0.000134782,2.47054e-05,7.4684e-05,0.000207632,5.29775e-07,4.88936e-05,0.000133001,1.33026e-06,0.00010392,8.51296e-05,8.32889e-05,0.000135759,0.000119851,0.000167856,7.21048e-05,4.86499e-05,0.000103221,0.000140445,4.63399e-05,8.45162e-05,0.000142835,0.000106534,8.70082e-05,9.47594e-05,0.000129271,0.000163011,0.000174751,0.000122195,0.000131739,8.26985e-05,6.90374e-05,0.000186128,0.000221028,0.000104207,0.000121811,0.000151272,2.94324e-05,8.23824e-05,0.000247061,0.000106401,1.95804e-05,0.000116885,0.000130801,5.20569e-05,9.8013e-05,5.62209e-05,6.88458e-05,8.82306e-05,6.94535e-05,0.000347268,0.000130893,0.000109793,0.00013302,0.000125222,4.06037e-05,9.81367e-05,8.00087e-05,0.000126101,8.57893e-05,9.01512e-05,3.81864e-05,0.0001717,9.69134e-05,9.64329e-05,0.00010744,3.41758e-05,7.34425e-05,0.000158637,9.80438e-05,0.000132907,0.000179921,8.61333e-05,0.000116884,0.000126225,0.000112051,0.000154857,3.46239e-05,0.000101126,3.16793e-05
"PWY-7328: superpathway of UDP-glucose-derived O-antigen building blocks biosynthesis",0.000176435,8.46815e-05,5.58758e-05,1.51479e-05,2.65657e-06,1.76124e-05,5.15835e-05,5.47279e-06,0.000135241,5.22759e-05,4.98453e-05,0.000180937,9.37206e-05,0.000112937,0.000164817,0.000100744,7.68737e-05,0.000119702,7.57836e-05,9.10683e-05,0.000110326,8.45399e-05,6.27433e-05,8.55485e-05,6.00267e-05,8.05572e-05,0.00023211,0.000131397,8.55616e-05,6.23428e-05,6.96925e-05,0.000221298,0.000195465,9.22446e-05,0.000113452,0.000213195,2.73572e-05,7.80236e-05,0.000124093,0.000134316,2.34435e-05,0.000112573,0.000134907,0.000139875,6.67837e-05,9.22506e-05,0.000129964,0.000103145,0.000118214,6.44169e-05,5.8719e-05,0.000119914,0.000124929,7.20727e-05,0.00014225,0.000100275,6.88662e-05,0.000136103,8.19493e-05,8.13497e-05,5.70652e-05,0.000196741,7.13125e-05,9.41695e-05,9.78669e-05,7.23312e-05,0.000111067,4.43383e-06,7.92543e-05,0.000244595,9.28789e-05,0.000112424,0.000112332,8.47336e-05,8.5017e-05,9.90981e-05,7.44621e-05,7.89955e-05,0.000248254
"PWY-7332: superpathway of UDP-N-acetylglucosamine-derived O-antigen building blocks biosynthesis",0,0,0,0,0,0,0,0,0,0,0,0,0,1.56387e-05,0,0,0,0,0,0,0,0,0,0,2.6661e-06,0,0,0,0,0,0,0,0,0,1.28282e-05,0,0,0,0,0,0,0,0,0,1.33689e-06,0,0,0,0,0,0,0,0,0,0,0,0,0,0,0,0,0,0,0,0,0,0,0,0,0,5.05866e-06,0,0,0,1.15106e-05,0,0,0,0
"PWY-7340: 9-cis, 11-trans-octadecadienoyl-CoA degradation (isomerase-dependent, yeast)",1.72068e-05,0,4.59386e-06,4.00309e-05,0,0,0,1.36658e-06,1.84115e-05,0,1.41577e-06,4.16733e-06,3.05855e-06,1.06558e-05,0,0,0,0,2.0025e-06,0,2.55261e-06,1.218e-06,2.34624e-05,0,2.50533e-06,0,4.85877e-06,0,0,0,0,1.00685e-05,1.18874e-06,0,0,6.53871e-06,0,0,8.06125e-06,1.55161e-06,0,0,4.08276e-06,0,6.32564e-07,1.88049e-06,0,0,1.1201e-05,5.08357e-05,0,0,5.05386e-06,0,0,2.128e-07,7.22729e-06,9.11775e-07,0,0,0,8.46266e-07,0,8.06662e-06,0,1.98807e-06,4.62665e-06,1.89914e-05,2.5232e-06,1.85718e-05,4.12371e-06,5.33803e-06,0,0.00011965,1.72545e-06,1.93028e-06,0,2.18757e-06,1.29679e-05
"PWY-7345: superpathway of anaerobic sucrose degradation",0.000267979,9.18726e-05,0.000115616,0.000297575,0.000374195,0.000381921,9.79096e-05,0.000375548,0.000115208,8.09231e-05,9.23761e-05,0.000222149,0.000107741,0.000175758,8.63218e-05,2.5843e-05,9.75017e-05,0.000104433,0.000139907,0.000105441,0.000132029,0.00011889,0.00014235,0.000237053,8.53223e-05,0.00010326,0.000241524,7.84957e-05,0.000160749,9.04354e-05,0.000106433,0.000257583,0.000214429,0.000145938,0.000100194,0.000251051,5.23166e-05,0.000127715,0.000110216,9.547e-05,3.9975e-05,9.58364e-05,0.000124257,0.000159263,0.000117075,7.33848e-05,0.000149878,0.00013646,0.000220262,0.000177828,7.64806e-05,0.000211968,0.000175124,0.000128572,0.000108351,0.000142122,0.000156737,0.000207091,0.000162753,0.0001288,3.03757e-05,0.000186318,0.000118907,0.000159345,0.000112753,7.65088e-05,0.000106426,0.000287594,0.000120804,0.000283819,0.000183052,7.52241e-05,9.42154e-05,0.000251622,0.00012836,0.000106239,7.45498e-05,0.000117452,0.000126413
"PWY-7347: sucrose biosynthesis III",0,0,0,0,0,0,0,0,0,0,0,0,0,0,0,0,0,0,0,0,0,0,0,0,0,0,0,0,0,0,0,0,0,0,0,0,0,0,0,0,0,0,0,0,0,0,0,0,0,0,0,0,0,0,0,0,0,0,0,0,0,0,0,0,0,0,0,0,0,0,0,0,0,0,0,0,0,0,0
"PWY-7356: thiamine diphosphate salvage IV (yeast)",7.49696e-05,4.9024e-05,7.17288e-05,1.79713e-06,3.41965e-05,0.000260226,7.28303e-05,0.000234397,4.98599e-05,7.74914e-05,4.29485e-05,2.47862e-05,5.75294e-05,2.10444e-05,7.89539e-05,1.94604e-05,2.56133e-05,1.49879e-05,0.000105768,4.18739e-05,2.50584e-05,3.76175e-05,2.8497e-05,1.04295e-05,3.41356e-05,3.62434e-05,3.18578e-07,1.70859e-05,0.000105923,4.21039e-05,3.35671e-06,1.6361e-05,2.66704e-05,4.04976e-05,3.32067e-05,6.88002e-06,1.54855e-05,6.5391e-05,3.56864e-05,1.39282e-05,2.68142e-05,4.66163e-05,9.46401e-05,4.88066e-05,7.48138e-05,1.97534e-05,3.4335e-05,7.12198e-05,3.54543e-05,7.08792e-06,2.86071e-05,6.21227e-05,3.47144e-05,4.12299e-05,0.000146028,1.74665e-05,2.10937e-05,6.20004e-05,1.13118e-05,9.96315e-05,6.73109e-05,3.49074e-05,5.00032e-05,2.95314e-05,5.25984e-05,1.48175e-05,0.000109294,9.32316e-05,0.000124789,8.89336e-05,4.59854e-05,5.72299e-05,7.93812e-05,7.09456e-05,2.96415e-05,6.97042e-05,6.72603e-05,3.17377e-05,6.87715e-05
"PWY-7357: thiamine phosphate formation from pyrithiamine and oxythiamine (yeast)",0.000181829,9.72483e-05,0.000206555,0.000158817,0.000193636,0.000300078,0.000345101,0.000320007,0.000303696,0.000294872,0.000298157,0.000236622,0.000203888,0.000266242,0.000259905,0.000341261,0.000143814,0.000218241,0.000301843,0.000318885,0.000226209,0.000169959,0.000132496,0.00021377,0.000269215,0.000293708,0.000221382,0.000251074,0.00034524,0.000213722,0.000298871,0.000226061,0.000212893,0.000128736,0.000235832,0.000148047,9.79964e-05,0.000348489,0.000297,0.000317617,0.000372427,0.000209733,0.000274778,0.00033402,0.000321261,0.000351778,0.000345413,0.000356983,0.000238882,0.000130641,0.000157838,0.000201477,0.000265377,0.000231038,0.000259846,0.000280627,0.000174066,0.000215156,0.000225826,0.00020006,0.00026611,0.000262545,0.000254462,0.000189401,0.000249909,0.00028089,0.000288291,0.000197897,0.000361521,0.000285241,0.00021854,0.000333918,0.000280642,0.000216204,0.000426372,0.000375817,0.00024285,0.000175174,0.000537684
"PWY-7371: 1,4-dihydroxy-6-naphthoate biosynthesis II",0,3.78335e-05,1.33833e-05,0,0,0,1.58277e-05,0,0,0,2.75617e-06,0,0,3.99537e-05,6.39532e-06,0,0,1.92247e-05,4.56793e-06,0,1.95699e-05,4.24998e-06,0,6.55298e-05,6.08691e-05,0,6.34106e-05,1.76425e-05,0,3.36391e-05,0,0,0,2.3972e-06,1.17429e-06,0,0,0,0,2.46696e-06,4.30599e-06,0,3.2164e-06,0,3.01748e-05,0,0,3.02864e-06,4.33083e-06,1.34745e-05,4.48311e-06,0,0,1.86423e-05,0,1.60523e-05,0,0,1.24223e-05,6.56073e-06,2.25554e-05,1.22321e-06,1.236e-05,0,0,0,2.30009e-05,0,0,0,0,2.8122e-06,4.31239e-06,0,0,1.34897e-06,1.296e-06,1.77693e-05,0
"PWY-7374: 1,4-dihydroxy-6-naphthoate biosynthesis I",0,8.20633e-06,0,0,0,0,0,0,0,0,0,0,0,0,0,0,0,0,0,0,0,0,0,0,0,0,0,0,0,0,0,0,0,0,0,0,0,0,0,0,0,0,0,0,0,0,0,0,0,8.7715e-06,0,0,0,0,0,0,0,0,0,0,0,0,0,0,0,0,0,0,0,0,0,0,0,0,0,0,0,0,0
"PWY-7383: anaerobic energy metabolism (invertebrates, cytosol)",3.64608e-05,0.000241275,6.27085e-05,3.77636e-05,0,1.67933e-05,0.000182392,0,7.76787e-05,1.79917e-05,3.01781e-05,4.68455e-05,8.93511e-05,1.90762e-05,0.000177398,6.64585e-06,9.82228e-05,6.27455e-05,0.000147035,2.43006e-05,0.00016795,0.000141411,0.000167067,3.53863e-05,9.70977e-05,8.87565e-05,1.53386e-05,7.31741e-05,6.52792e-05,0.000124115,2.18832e-06,3.49655e-05,8.27688e-06,1.12583e-05,0.000120902,3.74064e-05,7.79611e-05,5.18178e-05,2.43927e-05,0.000151049,6.23057e-05,0.000140993,0.000141234,7.94031e-05,0.000112857,2.17349e-05,5.5537e-05,4.59232e-05,5.18682e-05,0.000112741,1.02588e-05,3.28496e-05,8.37624e-05,8.0787e-05,0.000123876,0.000226464,7.18616e-05,6.19823e-05,0.000179701,0.000110641,0.000159828,2.64156e-05,0.000119455,0.000237955,3.60154e-05,5.92865e-05,8.39441e-05,2.07217e-05,0.000101557,3.47296e-05,0.000116268,9.84023e-05,0.000151719,0.000312428,6.35689e-05,9.00332e-05,8.63959e-05,0.00015205,0.000224534
"PWY-7384: anaerobic energy metabolism (invertebrates, mitochondrial)",7.34224e-06,0,5.48569e-07,3.06381e-05,0,2.45113e-05,0,0,7.48338e-07,0,0,2.66409e-06,0,0,0,0,0,0,0,0,0,7.3724e-06,4.97336e-06,0,0,0,6.91412e-06,0,0,0,3.96176e-06,0,5.76721e-07,1.09675e-06,7.6092e-07,6.54078e-06,0,3.42981e-07,1.24929e-06,9.52031e-07,0,0,3.58127e-06,0,0,0,0,8.57053e-07,4.53745e-06,3.41661e-06,0,0,1.24999e-06,0,0,0,0,0,0,0,0,8.15491e-06,0,6.40671e-06,0,7.74389e-07,9.14809e-07,0,4.09207e-07,3.1662e-06,5.74568e-07,0,0,0,4.18417e-07,0,0,7.50976e-07,0
"PWY-7385: 1,3-propanediol biosynthesis (engineered)",4.76964e-05,0,2.26319e-06,5.54089e-05,0.000119009,0,0,0,1.75422e-05,0,0,2.21244e-05,1.91692e-05,0,0,0,0,0,2.42708e-06,4.74949e-07,6.0292e-06,5.08717e-06,3.03499e-05,0,6.61078e-06,6.88755e-07,4.54727e-05,0,0,0,7.00681e-06,5.67854e-05,3.6237e-05,1.77378e-05,8.32293e-06,7.86783e-05,0,1.47437e-06,4.76597e-05,1.97744e-06,0,4.4023e-06,9.6205e-06,0,0,6.36742e-06,0,6.86052e-06,5.9784e-06,0,1.28194e-06,2.20171e-06,1.62234e-05,3.52308e-06,0,2.90412e-07,7.67245e-06,1.17069e-05,0,1.48364e-06,3.15689e-06,0.000103165,1.11743e-06,2.36977e-05,0,6.71401e-06,1.24612e-05,8.68083e-06,6.87655e-06,2.53153e-05,2.52013e-05,1.1015e-06,0,0.000133618,9.51491e-06,4.60651e-07,0,9.11061e-06,9.35817e-06
"PWY-7388: octanoyl-[acyl-carrier protein] biosynthesis (mitochondria, yeast)",6.40047e-05,0,0,0,3.84437e-05,2.80922e-06,0,4.83403e-07,1.2866e-06,0,0,0,0,3.10003e-06,0,0,0,0,0,0,0,0,0,0,0,0,1.57268e-06,0,0,0,1.23579e-05,0,0,1.62711e-06,0,0,0,0,0,6.17756e-06,0,0,0,0,0,0,0,4.79667e-06,1.09384e-05,8.36295e-06,0,0,1.05559e-05,0,0,0,0,0,0,0,0,0,0,0,0,0,0,3.40345e-05,0,1.00771e-05,1.4702e-06,4.72433e-06,0,0,2.19979e-06,1.36065e-06,1.59252e-06,5.99917e-06,5.08378e-05
"PWY-7389: superpathway of anaerobic energy metabolism (invertebrates)",1.05974e-05,0,8.79623e-07,3.23636e-05,0,1.6313e-05,0,0,1.20012e-06,0,0,4.18056e-06,0,0,0,0,0,0,0,0,0,1.11479e-05,7.65195e-06,0,0,0,8.76585e-06,0,0,0,2.43995e-06,0,8.98062e-07,1.67993e-06,1.20838e-06,9.58163e-06,0,5.55049e-07,1.96713e-06,1.51009e-06,0,0,5.64097e-06,0,0,0,0,1.37141e-06,6.79018e-06,5.24089e-06,0,0,2.00495e-06,0,0,0,0,0,0,0,0,1.11084e-05,0,9.63332e-06,0,1.24819e-06,1.47651e-06,0,6.46631e-07,4.86772e-06,9.26482e-07,0,0,0,6.72628e-07,0,0,1.19086e-06,0
"PWY-7391: isoprene biosynthesis II (engineered)",0,0,0,0,0,0,0,1.46114e-06,0,0,0,0,0,0,0,0,0,0,0,0,0,0,0,0,0,0,0,0,0,0,0,0,0,0,0,0,0,0,0,0,0,0,0,0,0,0,0,0,0,0,0,0,0,0,0,0,0,0,0,0,0,0,0,0,0,0,0,4.77738e-06,0,0,0,0,0,0,0,0,0,0,0
"PWY-7392: taxadiene biosynthesis (engineered)",0.000224046,1.56633e-05,5.32944e-05,3.014e-05,1.96114e-05,5.14192e-06,5.24414e-05,9.01414e-06,0.000124367,0.000220517,6.20508e-05,0.000129349,8.91878e-05,0.000117834,4.34461e-05,1.09262e-05,6.8287e-05,0.000109819,2.06338e-05,6.48706e-05,0.000115888,8.93934e-05,8.67791e-05,0.000174051,2.88833e-05,3.20875e-05,0.000240692,0.00012654,0.00010335,7.98487e-05,2.0095e-05,0.000220886,0.000229562,0.000159921,8.20867e-05,0.000117144,5.55083e-06,6.98188e-05,0.000106351,5.36193e-05,1.93074e-05,8.31368e-05,9.63521e-05,0.000102053,6.52306e-05,6.4968e-06,0.000122337,9.33874e-05,0.000225207,0.000105862,9.37392e-05,9.71722e-05,9.66483e-05,0.000118187,2.69139e-05,8.05004e-05,0.000198617,0.00010412,7.41886e-05,5.61467e-05,1.88108e-05,0.000206245,2.43252e-05,2.18309e-05,0.000109457,1.09277e-05,0.000121882,4.77916e-05,4.83291e-05,9.34403e-05,0.000140498,3.33841e-05,3.88483e-05,1.9011e-05,0.0001551,0.000139681,0,9.92162e-05,5.51815e-05
"PWY-7396: butanol and isobutanol biosynthesis (engineered)",1.62762e-05,0,0,0,2.08967e-05,0.000287145,0,0.000303231,0,0,0,0,5.58377e-07,0,0,0,0,0,0,0,0,0,0,0,0,0,0,0,0,0,0,0,0,0,0,0,0,2.35043e-06,0,0,0,0,0,0,0,0,0,0,0,0,0,0,0,0,0,0,0,0,0,0,0,0,0,0,0,0,0,9.59084e-07,2.13861e-06,0,0,0,0,0,0,0,0,0,5.4028e-06
"PWY-7399: methylphosphonate degradation II",0,0,0,0,0,0,0,0,0,0,0,7.81104e-07,3.06068e-07,0,0,0,0,0,0,0,0,0,0,0,0,0,0,0,0,0,0,5.68162e-07,0,0,0,9.52837e-07,0,0,1.22152e-06,0,0,0,0,0,0,0,0,0,1.81967e-06,0,0,0,3.57351e-07,0,0,0,8.42305e-07,0,0,0,0,0,0,3.96352e-06,0,0,0,0,0,0,0,0,0,0,0,0,0,0,9.32648e-06
"PWY-7400: L-arginine biosynthesis IV (archaebacteria)",0.000330136,0.000295042,0.000198181,0.000300804,0.000349175,0.000402186,0.000383588,0.000420113,0.000360539,0.000147667,0.000282603,0.000322169,0.000272311,0.000219681,0.000330728,9.22202e-05,0.000584117,0.000249658,0.000274133,0.000241908,0.000364088,0.000230166,0.000372767,0.000210269,0.00039152,0.000331081,0.000314702,0.000233469,0.000394184,0.000240733,0.000152201,0.000316114,0.000282611,0.000150925,0.000326093,0.000267408,0.000120445,0.000210838,0.000232438,0.000364454,0.00010006,0.000243588,0.000324926,0.000435522,0.000404803,0.000154436,0.000435535,0.000370254,0.000209688,0.000182467,0.000176261,0.000284788,0.000284866,0.000304019,0.000201821,0.000362946,0.000142229,0.000321002,0.000308033,0.000237145,0.000110941,0.000386683,0.000239638,0.0004127,0.000307966,0.000301053,0.000291327,0.000366246,0.000309812,0.000474129,0.000315952,0.000231766,0.000260983,0.000438864,0.000244125,0.000224763,9.91136e-05,0.000311171,0.000346042
"PWY-7409: phospholipid remodeling (phosphatidylethanolamine, yeast)",1.83643e-06,0,2.14772e-06,3.16494e-05,3.75962e-05,3.61738e-05,0,4.68571e-06,1.09336e-05,0,0,2.86675e-05,2.89782e-06,0,0,0,0,0,1.81955e-06,0,3.15435e-06,1.40072e-05,1.04363e-06,0,0,0,8.67661e-05,0,0,0,2.73582e-06,2.37107e-05,3.71648e-05,0,0,3.26689e-06,0,4.76968e-06,3.74788e-06,0,0,0,1.54154e-06,0,0,2.65039e-06,0,3.84687e-07,1.57146e-06,7.87405e-06,0,0,3.00575e-06,0,0,0,4.18988e-06,1.31666e-06,0,0,0,9.34883e-06,0,9.28964e-06,0,2.76166e-06,2.88241e-06,2.1102e-05,0,2.99665e-06,0,0,0,7.03091e-05,6.40703e-07,4.04525e-07,0,2.82127e-07,2.74148e-06
"PWY-7411: phosphatidate biosynthesis (yeast)",0,0,0,0,0,0,0,0,0,0,0,0,0,0,0,0,0,0,0,0,0,0,0,0,0,0,0,0,0,0,0,0,0,0,0,0,0,0,0,0,0,0,0,0,0,0,0,0,0,0,0,0,0,0,0,0,0,0,0,0,0,0,0,0,0,0,0,0,0,0,0,0,0,0,0,0,0,0,0
"PWY-7431: aromatic biogenic amine degradation (bacteria)",0,0,0,0,0,0,0,0,0,0,0,0,0,0,0,0,0,0,0,0,0,0,0,0,0,0,0,0,0,0,0,0,0,0,0,0,0,0,0,0,0,0,0,0,0,0,0,0,1.16711e-07,0,0,0,0,0,0,0,0,0,0,0,0,0,0,0,0,0,0,0,0,0,0,0,0,0,0,0,0,0,0
"PWY-7434: terminal O-glycans residues modification (via type 2 precursor disaccharide)",0,0,0,0,8.05898e-08,0,2.64968e-06,0,0,1.06319e-06,0,8.6387e-07,1.57245e-06,0,0,0,0,0,0,1.9732e-06,0,1.93053e-06,0,0.000151246,0,0,0,0,1.81947e-06,0,3.66661e-06,0,1.2168e-06,0,0,0,0,6.52344e-07,0,6.05936e-06,9.65336e-06,0,0,0,0,0,2.89556e-07,0,5.03695e-05,0,4.09923e-07,2.13944e-06,0,2.63458e-06,0,0,0,3.09865e-06,0,0,0,2.93374e-06,0,1.19969e-05,0,0,0,0,0,4.29586e-06,1.43437e-06,7.70035e-06,9.59998e-07,0,0.000170861,4.16712e-07,6.2078e-06,0,2.61068e-06
"PWY-7446: sulfoquinovose degradation I",0,0,1.19587e-06,4.01632e-05,8.87008e-05,1.59262e-05,0,1.144e-07,1.87421e-06,0,1.47309e-06,8.68049e-06,5.71907e-07,0,0,0,0,0,0,0,8.16115e-06,1.05337e-05,5.2772e-06,0,0,0,4.11227e-05,0,0,0,2.99716e-06,1.34497e-05,2.55369e-06,4.76473e-06,5.52604e-06,3.36617e-05,0,0,4.33491e-06,1.70732e-06,0,0,4.85559e-06,0,0,0,0,2.10848e-06,1.02607e-06,9.94365e-06,0,0,4.9256e-06,0,0,0,0,0,0,0,0,1.48664e-05,0,9.16147e-06,0,0,3.16808e-06,4.71488e-05,5.48079e-07,2.05801e-05,1.43837e-06,4.48276e-06,0,0,1.41466e-06,0,6.45066e-07,2.48876e-06,2.222e-06
"PWY-7456: &beta;-(1,4)-mannan degradation",0.000114879,2.90672e-05,6.12701e-05,0.000177398,0,0,0.000171889,0,0.000181535,7.13057e-05,9.60025e-05,0.000109329,6.69359e-05,0.000173033,0.00014127,2.35278e-05,9.94443e-05,0.00010867,6.24223e-05,6.82883e-05,0.000160957,8.95172e-05,6.94678e-05,9.3238e-05,0.000174036,0.000189296,3.47546e-05,0.000100441,0.000130077,9.37014e-05,2.79574e-05,0.000104138,9.36731e-05,7.05665e-05,9.30082e-05,0.00012965,2.56916e-05,8.18581e-05,0.000111179,0.000192799,1.36105e-05,9.50258e-05,9.52862e-05,9.19632e-05,0.000152055,3.82464e-05,9.2833e-05,0.000147486,5.43463e-05,8.85041e-05,9.98817e-05,6.64082e-05,0.000130129,9.60682e-05,8.00383e-05,0.000114753,5.84013e-05,7.8788e-05,0.000102369,7.71061e-05,4.78518e-05,2.10277e-05,0.000105929,4.14182e-05,9.64827e-05,7.27795e-05,7.60622e-05,0,0.000100017,3.86077e-05,0.000141275,3.64527e-05,9.18026e-05,1.08767e-05,0.000120582,0.000140547,1.59683e-05,6.89127e-05,2.22811e-05
"PWY-7511: protein ubiquitination",0,0,0,0,0,0,0,0,0,0,0,0,0,0,0,0,0,0,0,0,0,0,0,0,0,0,0,0,0,0,0,0,0,0,0,0,0,0,0,0,0,0,0,0,0,0,0,0,0,0,0,0,0,0,0,0,0,0,0,0,0,0,0,0,0,0,0,0,0,0,0,0,0,0,0,0,0,0,0
"PWY-7527: L-methionine salvage cycle III",0,0,0,0,0,0,0,0,0,0,0,0,0,0,0,0,0,0,0,0,0,0,0,0,0,0,0,0,0,0,0,0,0,0,0,0,0,0,0,0,0,0,0,0,0,0,0,0,0,0,0,0,0,0,0,0,0,8.30122e-07,0,0,0,0,0,0,0,0,0,0,0,0,0,0,0,0,0,0,0,0,0
"PWY-7528: L-methionine salvage cycle I (bacteria and plants)",0,0,0,0,1.31612e-06,0,0,0,0,0,0,0,0,0,0,0,0,0,0,0,0,0,0,0,0,0,0,0,0,0,0,0,0,0,0,0,0,0,0,0,0,0,0,0,0,0,0,0,0,0,0,0,0,0,0,0,0,0,0,0,0,0,0,0,0,0,0,0,0,0,0,0,0,0,0,0,0,0,0
"PWY-7560: methylerythritol phosphate pathway II",0.000291625,3.22231e-05,0.00034258,0.00033879,0.000280956,0.000284949,6.71433e-05,0.000262351,0.000239769,0.000253657,9.02416e-05,0.000338589,0.000138303,0.000223043,0.000212154,0.000694406,0.000220031,0.000287266,6.17973e-05,8.17831e-05,0.00023645,0.000156822,0.000166794,0.000261615,0.000125317,3.79985e-05,0.000287023,0.000321503,0.000171972,0.00013733,0.000462108,0.000265333,0.000271738,0.000210132,0.000244389,0.000244177,0.000632577,0.000108355,0.000120565,0.00016455,0.000760913,0.000143238,0.000181308,0.000243023,0.00010575,0.000459957,0.000274716,0.000135366,0.00034977,0.000250677,0.000130291,0.000250568,0.000148788,0.000195681,0.000194186,0.000166947,0.000259235,0.000264377,0.000131196,0.000139604,0.000335055,0.00026461,2.95829e-05,0.000152202,0.000193079,4.60913e-05,0.000203488,0.000303267,0.000116689,0.000224379,0.000199158,0.00025327,0.0003987,0.000300271,0.000207661,0.000183021,0.000443137,0.000154649,0.000209818
"PWY-7616: methanol oxidation to carbon dioxide",7.96246e-06,0,0,1.46662e-05,1.44054e-05,0,0,0,3.79477e-07,0,0,4.66071e-06,0,0,0,0,0,0,0,0,0,0,0,0,0,0,3.53273e-07,0,0,0,1.13316e-06,1.29383e-06,1.7342e-06,0,2.25591e-06,1.62337e-06,0,0,0,1.14983e-06,0,0,5.35551e-07,0,6.40964e-07,0,0,4.55936e-07,5.68207e-07,8.90192e-06,0,0,2.97714e-06,0,0,0,0,5.80169e-07,0,0,0,2.01687e-06,0,4.17483e-07,0,0,5.9894e-07,2.61599e-06,0,7.69227e-06,3.23771e-06,7.75946e-07,0,2.02318e-07,0,0,0,2.09279e-06,2.68104e-06
"PWY-7663: gondoate biosynthesis (anaerobic)",0.000429571,0.00031736,0.000342252,0.000426952,0.000591773,0.000612923,0.000256072,0.000620999,0.00020422,0.000237976,0.000477091,0.000293193,0.000154283,0.000384999,0.000296663,0.000164396,0.000673265,0.000505839,0.000295634,0.00044921,0.000279721,0.00029476,0.000408848,0.00039929,0.000412316,0.000509555,0.000441604,0.000434188,0.000477273,0.000397854,0.000254243,0.000450474,0.000433982,0.000347916,0.000248905,0.000325165,0.000145038,0.000348757,0.000289513,0.000395904,0.000141329,0.000346652,0.000370983,0.000327389,0.000367762,0.000190724,0.000353622,0.000335848,0.000369272,0.000339669,0.000373625,0.000243093,0.000237097,0.000475503,0.000206175,0.000347522,0.000526651,0.000253266,0.000307085,0.000291019,0.000284949,0.000245292,0.000242853,0.000335994,0.000492875,0.000349631,0.000211251,0.000592856,0.000209483,0.000279631,0.000360488,0.000234886,0.000384741,0.000509699,0.000373945,0.000189001,0.000169295,0.000371136,9.44327e-05
"PWY-7664: oleate biosynthesis IV (anaerobic)",0.000416894,9.14172e-05,0.000134571,0.000404386,0.000381369,0.000472604,9.01679e-05,0.000464337,0.000191022,0.000149443,0.000151278,0.000254837,0.00012333,0.00024637,7.86554e-05,1.38496e-05,0.000594376,0.000132032,9.59414e-05,0.000111353,0.000160749,0.000194555,0.00037522,7.6355e-05,0.000223932,0.000277533,0.000368387,0.000110826,0.000119278,7.47032e-05,0.000113756,0.000375592,0.000308397,0.000179403,9.1358e-05,0.000275341,0,0.000128078,0.000104453,0.000135699,1.96268e-05,0.000111076,0.000112674,8.89154e-05,0.000110331,5.96787e-05,7.41453e-05,0.000107449,0.000142542,0.000296602,0.000173747,0.000197682,0.000153486,0.000151797,8.87576e-05,4.7174e-05,0.000286124,0.000200951,3.74343e-05,5.16649e-05,1.84062e-05,0.000227553,9.08476e-05,0.000215879,5.22287e-05,4.81959e-05,0.00011803,0.000508204,7.19169e-05,0.000226294,0.000156818,5.63379e-05,0.000112626,0.000381612,4.47149e-05,0.000116909,4.39232e-05,0.000146189,5.70687e-05
"PWY-7688: dTDP-&alpha;-D-ravidosamine and dTDP-4-acetyl-&alpha;-D-ravidosamine biosynthesis",0,0,0,0,0,0,0,0,0,0,1.98725e-05,0,0,0,5.04677e-06,0,0,2.1579e-05,0,2.68439e-05,0,7.04109e-06,0,0,1.49611e-05,2.05527e-05,0,3.25733e-05,1.51764e-05,0,0,1.47206e-05,0,0,0,0,0,0,0,0,0,3.29755e-05,2.02864e-06,3.73245e-07,0,0,6.74628e-07,0,0,0.000132171,0,1.00412e-05,0,0,0,0,0,1.26608e-05,0,0,0,0,0,0,0,0,0,0,0,4.09948e-06,0,0,1.79984e-05,0,1.44163e-05,0,0,0,0
"PWY-7723: bacterial bioluminescence",0,0,0,0,0,3.14209e-05,0,0,0,0,0,0,2.36087e-06,0,0,0,0,0,0,0,0,0,0,0,0,0,0,0,0,0,0,0,0,0,0,0,0,5.86782e-07,0,0,0,0,0,0,0,0,0,0,0,0,0,3.25772e-06,0,0,0,0,0,4.2255e-06,0,0,0,0,0,0,0,0,0,1.61291e-06,1.31986e-06,1.21262e-06,8.57454e-07,5.10413e-07,0,0,0,3.33575e-07,0,0,4.74499e-06
"PWY-7731: superpathway of photosynthetic hydrogen production",0,0,0,0,0,0,0,0,0,0,0,0,0,0,0,0,0,0,0,0,0,0,0,0,0,0,0,0,0,0,0,0,0,0,0,0,0,0,0,0,0,0,0,0,0,0,0,0,0,0,0,0,0,0,0,0,0,0,0,0,0,0,0,0,0,0,0,0,0,0,0,0,0,0,0,0,0,0,0
"PWY-7754: bile acid 7&alpha;-dehydroxylation",0,0,0,0,0,0,0,0,0,0,0,0,0,0,0,0,0,0,0,0,0,0,0,0,0,0,0,0,0,0,0,0,0,0,0,0,0,0,0,0,0,0,0,0,0,0,0,0,0,0,0,0,0,0,0,0,0,0,0,0,0,0,0,7.63411e-07,0,0,0,0,0,0,0,0,0,0,2.44517e-06,0,0,0,0
"PWY-7761: NAD salvage pathway II (PNC IV cycle)",9.39296e-05,7.463e-05,8.87749e-05,0.000143038,4.7612e-05,0.000120986,0.000118391,6.26851e-07,8.34608e-05,4.17761e-05,3.40472e-05,0.000130855,7.26627e-05,0.000228066,0.000152992,2.76968e-05,3.29014e-05,9.04108e-05,0.000123354,4.30753e-05,9.70011e-05,0.00010735,0.000136118,0.000197241,7.36467e-05,8.80449e-05,9.96162e-05,9.67598e-05,8.12833e-05,0.000102854,6.35555e-05,9.65868e-05,0.000110224,5.2727e-05,0.000117255,0.000116169,5.39916e-05,5.68521e-05,3.63637e-05,0.000112205,3.51285e-05,9.81112e-05,0.000137299,3.33068e-05,0.000149806,9.40648e-05,2.47646e-05,5.84144e-05,3.17764e-05,0.000172244,3.36365e-05,0.00010173,0.000106474,0.000121371,0.000131603,0.000148058,3.48101e-05,0.000116762,0.000122171,0.000101574,6.26768e-05,0.0001173,0.000167587,8.79837e-05,5.48606e-05,7.64631e-05,0.000136524,0.000193473,0.000131413,8.56464e-05,3.56975e-05,6.45739e-05,0.000102923,0.000139386,3.55722e-06,7.49633e-05,5.15967e-05,7.66182e-05,8.97816e-05
"PWY-7783: plasmalogen degradation",0,0,0,1.38729e-05,0,0,0,0,0,0,0,0,0,0,0,0,0,0,0,0,0,0,1.17516e-05,0,0,0,0,0,0,0,0,0,0,0,0,0,0,0,0,0,0,0,0,0,0,0,0,0,0,1.88396e-05,0,0,0,0,0,0,0,0,0,0,0,0,0,0,0,0,1.1771e-06,2.09544e-05,0,0,0,0,0,0,0,0,0,0,6.32127e-06
"PWY-7790: UMP biosynthesis II",0.000426446,0.000623542,0.00061021,0.000383863,0.000285685,0.000438547,0.000665814,0.000362556,0.000493455,0.000447707,0.000597607,0.00041719,0.000432944,0.000541222,0.000709532,0.000742045,0.000833566,0.000637119,0.000668809,0.000684462,0.000508601,0.000467172,0.000514996,0.000449447,0.000636724,0.000632319,0.000271664,0.000590753,0.00068367,0.000643787,0.00053492,0.000402007,0.000283822,0.000347642,0.00051225,0.000278454,0.00122953,0.000718582,0.00047336,0.000691033,0.000874811,0.000599061,0.00067405,0.000637951,0.0007157,0.00057539,0.000622652,0.000627596,0.000471549,0.000589406,0.000418544,0.000419551,0.000479604,0.000642037,0.00062964,0.000640806,0.00059177,0.000464634,0.000546812,0.000567988,0.00068068,0.000416164,0.000579863,0.000565142,0.000612115,0.000859452,0.000552459,0.000301915,0.000579763,0.000469777,0.000439679,0.000574084,0.000670307,0.000401709,0.000514906,0.000675487,0.000627875,0.000561153,0.000895196
"PWY-7791: UMP biosynthesis III",0.000426446,0.000623542,0.00061021,0.000383863,0.000257073,0.000438547,0.000665814,0.000362556,0.000493455,0.000447707,0.000597607,0.00041719,0.000432944,0.000541222,0.000709532,0.000742045,0.000833566,0.000637119,0.000668809,0.000684462,0.000508601,0.000467172,0.000514996,0.000449447,0.000636724,0.000632319,0.000271664,0.000590753,0.00068367,0.000643787,0.00053492,0.000402007,0.000283822,0.000347642,0.00051225,0.000278454,0.00122953,0.000718582,0.00047336,0.000691033,0.000874811,0.000599061,0.00067405,0.000637951,0.0007157,0.00057539,0.000622652,0.000627596,0.000471549,0.000589406,0.000418544,0.000419551,0.000479604,0.000642037,0.00062964,0.000640806,0.00059177,0.000464634,0.000546812,0.000567988,0.00068068,0.000416164,0.000579863,0.000565142,0.000612115,0.000859452,0.000552459,0.000301915,0.000579763,0.000469777,0.000439679,0.000574084,0.000670307,0.000401709,0.000514906,0.000675487,0.000627875,0.000561153,0.000895196
"PWY-7805: (aminomethyl)phosphonate degradation",7.27035e-06,0,2.0432e-06,3.47494e-05,7.3783e-05,2.23943e-05,0,7.81715e-08,7.91835e-06,0,0,5.14807e-06,9.23276e-06,0,0,0,0,0,3.17732e-06,0,0,1.4314e-05,1.80571e-05,0,1.2579e-06,0,7.8325e-05,0,0,0,5.02548e-06,1.42272e-05,1.84014e-05,0,6.23477e-06,5.70833e-05,0,2.02111e-06,4.82839e-06,2.1041e-06,0,0,8.05983e-06,0,0,0,0,3.93477e-07,0,2.00969e-05,0,0,2.71245e-06,0,0,0,1.67044e-06,1.52658e-06,0,0,0,1.34834e-05,1.19222e-06,1.18261e-05,0,1.14999e-06,5.13447e-06,6.56108e-05,2.92503e-06,7.10977e-06,2.80473e-06,0,0,3.48583e-05,5.619e-07,0,9.64997e-07,8.62559e-07,6.31252e-06
"PWY-7807: glyphosate degradation III",8.58476e-06,0,2.08638e-06,3.80454e-05,7.38268e-05,2.50096e-05,0,1.00809e-07,1.27347e-05,0,0,2.44331e-05,1.00416e-05,9.09806e-06,0,0,0,2.48608e-06,4.19521e-06,0,5.19994e-06,1.71295e-05,2.06767e-05,0,5.02143e-06,0,8.11843e-05,0,0,0,4.82479e-06,2.27094e-05,3.27739e-05,0,6.66674e-06,6.62187e-05,0,2.07481e-06,7.14223e-06,2.2956e-06,0,0,8.51457e-06,0,0,0,0,6.48058e-07,0,5.46709e-05,0,0,2.73372e-06,0,0,0,1.58079e-06,1.89494e-06,0,0,0,1.32742e-05,1.63567e-06,1.35293e-05,0,1.04278e-06,6.57071e-06,7.809e-05,3.67624e-06,7.31174e-06,3.98231e-06,0,0,3.54062e-05,5.21183e-07,0,2.04861e-06,7.79426e-07,7.31479e-06
"PWY-7820: teichuronic acid biosynthesis (B. subtilis 168)",4.77925e-06,0,0,0,0,0,0,0,0,0,0,0,0,3.16509e-06,0,0,0,0,0,0,0,0,0,0,0,0,0,0,0,0,0,0,0,0,0,5.57142e-07,0,0,0,0,0,0,0,0,2.696e-07,0,0,0,4.79529e-06,0,0,0,0,0,0,0,0,0,0,0,0,0,0,0,0,0,0,0,0,2.27106e-07,2.20716e-06,0,0,0,0,0,0,0,0
"PWY-7851: coenzyme A biosynthesis II (eukaryotic)",0.000302269,0.000394196,0.000514775,0.00025175,0.000188536,0.00027951,0.000480237,0.000360078,0.000365969,0.000299839,0.000485971,0.0003262,0.00029542,0.000446593,0.000382468,0.000414057,0.000585109,0.000361457,0.000539421,0.000597552,0.000357647,0.000350165,0.000348904,0.000522228,0.000432435,0.000587472,0.000271814,0.000389711,0.000415929,0.000464503,0.000192203,0.000356556,0.000219052,0.000241783,0.00034554,0.000209816,0.000722654,0.000548853,0.000359721,0.000422256,0.000307079,0.000440361,0.000441515,0.000485305,0.00053687,0.000212723,0.000459567,0.00047094,0.000362745,0.000486856,0.000314992,0.000283531,0.0003335,0.00041138,0.000413351,0.00055443,0.000409342,0.000315938,0.000424209,0.000406034,0.000418789,0.000284738,0.000451437,0.000201484,0.00041248,0.000634545,0.000340044,0.000227731,0.0004566,0.00033057,0.000322984,0.00035936,0.000466019,0.000248165,0.000429667,0.000469032,0.000305173,0.000328573,0.000633312
"PWY-7853: 6-hydroxymethyl-dihydropterin diphosphate biosynthesis V (Pyrococcus)",0,0,0,0,0,0,0,0,0,0,0,0,0,0,0,0,0,0,0,0,0,0,0,0,0,0,0,0,0,0,0,0,0,0,0,0,0,0,0,0,0,0,0,0,0,0,0,0,0,0,0,0,0,0,0,0,0,0,0,0,0,0,0,0,0,0,0,0,0,0,0,0,0,0,0,0,0,0,0
"PWY-7858: (5Z)-dodecenoate biosynthesis II",0.000159763,0,8.86962e-06,0.000166552,0.000299013,0.000309955,0,0.000338965,2.84749e-05,0,4.47483e-06,7.42971e-05,5.90849e-06,1.74465e-05,0,0,0,2.44529e-06,1.33314e-05,0,3.0591e-05,2.10037e-05,0.000143337,0,7.98088e-07,0,0.00010352,0,0,0,8.24345e-05,5.67101e-05,0.000152318,1.75032e-05,1.72564e-05,0.000155723,0,6.03527e-06,1.41082e-05,9.17837e-05,0,2.91205e-06,1.09008e-05,0,7.96469e-07,1.53365e-06,0,0,4.08105e-05,0.000100057,7.46143e-07,7.74944e-05,1.99031e-05,0,0,0,8.5144e-06,6.17573e-05,0,1.23602e-06,0,4.42607e-05,0,1.91004e-05,0,0,9.06347e-06,0.000367355,4.71141e-05,6.55699e-05,5.9498e-05,7.01016e-06,0,0.000159433,2.23045e-06,2.00873e-06,0,6.79547e-06,1.08023e-05
"PWY-7873: D-erythronate degradation II",3.73616e-06,0,0,0,5.18997e-05,6.88336e-06,0,0,2.96018e-06,0,0,6.88681e-06,4.44988e-07,0,0,0,0,0,0,0,0,0,0,0,0,0,1.26354e-05,0,0,0,2.95265e-06,6.76057e-06,1.08318e-05,5.16938e-07,4.3818e-07,0,0,1.77102e-07,0,6.29382e-07,0,0,2.44441e-06,0,0,0,0,0,4.4068e-07,1.41207e-06,0,0,6.02611e-07,0,0,0,0,0,0,0,0,1.1306e-06,0,0,0,0,0,2.86062e-05,0,5.83416e-06,4.30847e-07,0,0,7.19231e-06,0,0,0,8.87635e-07,0
"PWY-7874: L-threonate degradation",3.73616e-06,0,0,1.19433e-05,5.43046e-05,6.88336e-06,0,1.06779e-07,3.20642e-06,0,0,6.88681e-06,5.23349e-07,0,0,0,0,0,0,0,0,0,0,0,6.20407e-07,0,1.26354e-05,0,0,0,3.30206e-06,7.10324e-06,1.12831e-05,2.18872e-06,1.86432e-06,0,0,1.77102e-07,0,9.50851e-07,0,0,2.44441e-06,0,0,0,0,4.75061e-07,7.6142e-07,3.76766e-06,0,0,1.46579e-06,0,0,0,7.00397e-07,0,0,0,0,1.2633e-06,0,1.64498e-06,0,0,0,3.00976e-05,0,9.78719e-06,1.36237e-06,0,0,8.40869e-06,0,0,0,1.00626e-06,0
"PWY-7883: anhydromuropeptides recycling II",8.00961e-05,0,3.64986e-05,6.23615e-05,0.00010497,0.000314239,1.86612e-05,0.000315747,4.72198e-05,0,2.72991e-06,2.23102e-05,3.96337e-06,1.68219e-05,1.30049e-05,3.4985e-06,8.54493e-06,1.35381e-05,3.4725e-05,7.32689e-05,2.85655e-05,1.71587e-05,6.0629e-05,0,5.64437e-07,9.05355e-05,0.000107816,1.48797e-05,2.20031e-05,1.14815e-05,1.50839e-05,6.31712e-05,6.83109e-05,2.00665e-05,1.13474e-05,3.30492e-05,8.64561e-06,2.03716e-05,5.38603e-05,5.11437e-06,5.43688e-06,1.36161e-06,2.40813e-05,0,3.07234e-05,3.85737e-05,9.21301e-07,1.49268e-05,4.81543e-05,6.6157e-05,0,7.49362e-05,9.05757e-06,2.26768e-05,3.37987e-05,1.14634e-05,2.45316e-05,6.37499e-05,7.48467e-06,5.99421e-06,1.28724e-06,5.4437e-05,3.7388e-05,1.33671e-05,4.03509e-05,1.45476e-06,1.53722e-05,0.000174432,6.75687e-05,1.04657e-05,5.71794e-05,2.18609e-05,2.96927e-05,0.000108925,6.00417e-07,6.49506e-06,2.43226e-06,3.30296e-05,8.27978e-06
"PWY-7942: 5-oxo-L-proline metabolism",9.27371e-05,3.0472e-05,1.01068e-05,4.218e-05,4.52948e-05,0.00028454,2.63459e-06,0.000274064,1.67767e-05,0,4.24896e-06,3.99795e-05,3.58661e-06,0,0,0,0,0,2.77751e-06,0,3.04565e-05,2.46437e-05,2.21252e-05,0,1.46476e-06,0,9.85994e-06,0,0,0,3.15965e-05,4.19727e-05,1.26405e-05,1.27285e-05,1.89358e-05,2.09431e-05,0,5.88074e-06,1.483e-05,1.02097e-05,0,0,2.51288e-05,0,0,8.43806e-06,0,4.76527e-06,3.12082e-05,4.07907e-05,0,5.84536e-05,4.3867e-05,0,0,9.14204e-07,3.5128e-06,4.89228e-05,0,0,0,4.17987e-05,0,4.87142e-05,0,2.13611e-05,1.09522e-05,0.000110667,4.65793e-06,7.50788e-05,2.64888e-05,7.70638e-06,1.13333e-06,9.29503e-05,9.58157e-06,6.02546e-06,0,1.44435e-05,2.44292e-05
"PWY-7953: UDP-N-acetylmuramoyl-pentapeptide biosynthesis III (meso-diaminopimelate containing)",0.000401718,0.000533172,0.000581628,0.000395014,0.000317732,0.000364333,0.0005662,0.000338841,0.000425843,0.000469723,0.000578772,0.000462253,0.000323968,0.000469709,0.000589634,0.000602058,0.000687884,0.000455056,0.000622239,0.000634241,0.000524402,0.000423549,0.000449145,0.000685932,0.000531936,0.000597194,0.000364917,0.00049011,0.000510172,0.000577635,0.000487576,0.000456413,0.000343208,0.000342022,0.000465639,0.000306298,0.00112923,0.000703356,0.000576356,0.00051316,0.000806331,0.000592181,0.000584861,0.000579316,0.000606984,0.000450094,0.000570335,0.000534139,0.000508672,0.000509647,0.00047428,0.000352694,0.000439664,0.000560299,0.000544683,0.000694984,0.000632676,0.000394764,0.00056277,0.000482791,0.000583241,0.000437926,0.000533043,0.000816495,0.000473197,0.000805129,0.00046789,0.000351683,0.000531799,0.000389592,0.000436976,0.00047307,0.000600749,0.000389708,0.000497612,0.000506239,0.000591835,0.000461468,0.000718135
"PWY-7977: L-methionine biosynthesis IV",0.000438712,0.000414012,0.000536628,0.000415143,0.000496582,0.000553964,0.000338352,0.00058284,0.000335258,0.000377612,0.000501303,0.000387259,0.000247602,0.000250339,0.000472893,0.000643065,0.000598757,0.000547773,0.000275873,0.00052209,0.000366858,0.000351013,0.000364217,0.0003033,0.00043353,0.000501114,0.000400822,0.000535882,0.000487435,0.000487929,0.000486373,0.00036454,0.000308914,0.000339902,0.00028326,0.000334804,0.00111199,0.000275524,0.000370107,0.000442031,0.000801272,0.000458419,0.000465227,0.000405315,0.000425972,0.00056896,0.000439436,0.000390153,0.000458859,0.000253707,0.000354657,0.000350574,0.000333722,0.000466853,0.000257928,0.000482494,0.000556441,0.000356837,0.000383145,0.000330745,0.000356204,0.00031914,0.000323096,0.000413237,0.000537794,0.000470763,0.000363254,0.00043597,0.00035169,0.000345294,0.000382592,0.00036349,0.000517425,0.00041293,0.000415471,0.000326173,0.000461797,0.000425934,0.000554153
"PWY-7992: superpathway of menaquinol-8 biosynthesis III",0,5.85611e-05,3.31237e-05,0,0,0,3.82463e-05,0,0,0,7.25693e-06,0,0,7.16532e-05,1.59295e-05,0,0,4.50819e-05,1.14652e-05,0,4.45344e-05,1.09745e-05,0,0.000121598,0.000119664,0,0.000127173,4.1871e-05,0,6.87454e-05,0,0,0,6.27554e-06,3.09396e-06,0,0,0,0,6.47628e-06,1.07904e-05,0,8.35927e-06,0,7.19433e-05,0,0,7.88864e-06,1.13358e-05,3.09706e-05,1.17257e-05,0,0,4.44896e-05,0,3.8729e-05,0,0,2.99678e-05,1.62089e-05,2.77394e-05,3.21285e-06,3.03813e-05,0,0,0,5.11986e-05,0,0,0,0,6.84159e-06,1.11701e-05,0,0,3.55248e-06,0,4.10671e-05,0
"PWY-8004: Entner-Doudoroff pathway I",9.35671e-05,0.000124029,9.79834e-05,0.000351719,0.000341581,0.000298618,5.41329e-05,0.000280857,0.000111915,8.13458e-05,6.155e-05,0.000198063,7.50662e-05,8.48059e-05,6.67218e-05,1.59588e-05,5.40484e-05,0.000117659,0.000124019,9.21943e-05,0.000103006,9.60617e-05,0.000113641,9.63742e-05,8.00274e-05,5.4573e-05,0.000155311,7.31993e-05,0.000152296,6.40036e-05,6.91895e-05,0.000163374,0.000205712,0.000104319,0.000106646,0.000174674,3.67007e-05,7.79672e-05,7.80773e-05,5.68683e-05,4.71398e-05,7.73653e-05,9.07875e-05,0.00017355,6.80255e-05,4.59576e-05,0.000158506,9.70096e-05,0.000195685,0.000156066,4.02308e-05,0.000142893,0.000149328,0.000140783,0.000134122,8.57502e-05,0.000142895,0.000144743,9.84202e-05,0.000104319,2.14758e-05,0.000111122,7.64324e-05,7.45947e-05,0.000137004,4.003e-05,0.000136357,0.000343397,7.50426e-05,0.000216576,0.000116037,3.38113e-05,5.46412e-05,0.000175791,9.27353e-05,8.07319e-05,3.13824e-05,8.18713e-05,3.98941e-05
"PWY-8011: L-serine biosynthesis II",0,0,0,0,0,0,0,0,0,0,0,0,0,0,0,0,0,0,0,0,0,0,0,0,0,0,0,0,0,0,0,0,0,0,0,0,0,0,0,0,0,0,0,0,0,0,0,0,0,0,0,0,0,0,0,0,0,0,0,0,0,0,0,0,0,0,0,0,0,0,0,0,0,0,0,0,0,0,0
"PWY-801: homocysteine and cysteine interconversion",2.02405e-05,0,2.27061e-06,1.63148e-05,0.000124499,0,0,1.31241e-06,1.57742e-05,0,0,3.26547e-05,2.86344e-06,5.30536e-06,0,0,0,0,1.7385e-06,0,1.89916e-06,1.75016e-05,1.94032e-05,0,0,0,7.03497e-06,0,0,0,1.33287e-05,3.57551e-05,6.02462e-05,1.23114e-05,6.47822e-06,5.00596e-05,0,1.27544e-06,8.07576e-06,3.66912e-06,0,8.12845e-07,9.87424e-06,0,0,1.52642e-06,0,3.73711e-06,1.11048e-05,2.85305e-05,0,1.14347e-05,9.13691e-06,0,0,0,0,1.85086e-05,0,8.9924e-07,0,2.87527e-05,2.93182e-07,1.09569e-05,0,1.05858e-06,4.87413e-06,0.000105189,1.60073e-06,4.47442e-05,8.20762e-06,1.99815e-06,0,2.28314e-05,1.56667e-06,3.03563e-06,0,4.07836e-06,7.81166e-06
"PWY-8055: palmitoyl ethanolamide biosynthesis",0,0,0,0,0,0,0,0,0,0,0,0,0,0,0,0,0,0,0,0,0,0,0,0,0,0,0,0,0,0,0,0,0,0,0,0,0,0,0,0,0,0,0,0,0,0,0,0,0,0,0,0,0,0,0,0,0,0,0,0,0,0,0,0,0,0,0,0,0,0,0,0,0,0,0,0,0,0,0
"PWY-8073: lipid IVA biosynthesis (P. putida)",0.000181718,4.05104e-05,0.000112498,0.000250872,0.000295546,0.000290101,0.00013876,0.000317747,0.000128805,2.78525e-05,0.000224838,0.000139531,5.11525e-05,4.10915e-05,6.08694e-05,7.60696e-05,9.04517e-05,0.000114708,9.07759e-05,0.000233484,6.47993e-05,8.63662e-05,0.000112854,0.000170414,0.00022215,0.000313555,0.000261189,0.000102767,0.000135142,5.83176e-05,7.87061e-05,0.000195843,0.000188205,8.48575e-05,7.90505e-05,0.000177539,2.49471e-05,6.4928e-05,0.000178308,0.00013194,3.3812e-05,9.30296e-05,0.000118997,9.01289e-05,0.000245904,7.44058e-05,7.32116e-05,8.51197e-05,0.000210649,0.000163078,0.000253031,0.000106923,0.000120431,0.000153594,9.40135e-05,0.000118732,0.000326413,0.000102562,9.51358e-05,8.3736e-05,1.11278e-05,0.000105999,0.00013348,0.00011452,0.000176084,1.42714e-05,4.30682e-05,0.00023766,0.000218015,0.000138396,0.00012463,2.52769e-05,0.000126071,0.000177584,0.000279648,7.59926e-05,1.45942e-05,0.000123986,2.95823e-05
"PWY-8086: (S)-lactate fermentation to propanoate, acetate and hydrogen",6.91713e-06,0,6.55328e-07,2.7526e-05,0,1.26506e-05,0,0,6.54347e-07,0,0,2.07112e-06,0,0,0,0,0,0,0,0,0,6.98847e-06,5.86416e-06,0,0,0,5.30705e-06,0,0,0,8.54585e-06,0,4.35904e-07,4.85237e-06,9.21944e-07,5.24794e-06,0,4.30802e-07,3.28129e-06,2.7524e-06,0,0,1.11896e-05,0,0,0,0,2.86997e-06,4.47864e-06,4.12497e-06,0,0,6.06669e-06,0,0,0,0,0,0,0,0,9.18413e-06,0,5.89166e-06,0,7.51585e-07,4.36649e-06,0,2.30668e-06,2.57265e-06,2.73797e-06,0,0,0,4.36923e-07,1.98383e-07,0,3.75964e-06,0
"PWY-8112: factor 420 biosynthesis I (archaea)",0,0,0,0,0,0,0,0,0,0,0,0,0,0,0,0,0,0,0,0,0,0,0,0,0,0,0,0,0,0,0,0,0,0,0,0,0,0,0,0,0,0,0,0,0,0,0,0,0,0,0,0,0,0,0,0,0,0,0,0,0,0,0,0,0,0,0,0,0,0,0,0,0,0,0,0,0,0,0
"PWY-8113: 3PG-factor 420 biosynthesis",0,0,0,0,0,0,0,0,0,0,0,0,0,0,0,0,0,0,0,0,0,0,0,0,0,0,0,0,0,0,0,0,0,0,0,0,0,0,0,0,0,0,0,0,0,0,0,0,0,0,0,0,0,0,0,0,0,0,0,0,0,0,0,0,0,0,0,0,0,0,0,0,0,0,0,0,0,0,0
"PWY-8125: mevalonate pathway IV (archaea)",0,0,0,0,0,0,0,0,0,0,0,0,0,0,0,0,0,0,0,0,0,0,0,0,0,0,0,0,0,0,0,0,0,0,0,0,0,0,0,0,0,0,0,0,0,0,0,0,0,0,0,0,0,0,0,0,0,0,0,0,0,0,0,0,0,0,0,0,0,0,0,0,0,0,0,0,0,0,0
"PWY-8131: 5'-deoxyadenosine degradation II",8.52674e-05,0,1.50854e-05,7.77457e-05,5.0388e-05,0.000215021,9.43767e-06,0.000236467,5.35427e-05,1.21526e-05,1.51404e-05,8.58277e-06,6.11584e-05,2.11744e-05,1.66088e-05,1.83008e-05,2.53598e-05,1.32987e-05,1.29437e-05,6.84303e-06,2.09118e-05,6.13632e-06,2.34357e-05,1.14505e-05,4.99665e-05,1.76155e-05,3.57731e-05,1.27928e-05,1.54784e-05,1.83479e-05,5.18807e-06,6.55616e-05,2.08508e-06,0,1.82044e-06,3.78511e-06,0,5.35374e-06,3.87554e-05,7.8106e-06,8.8842e-06,7.54302e-06,1.18377e-05,1.35044e-05,2.89363e-05,2.48457e-05,1.48054e-05,0,6.28297e-05,9.19164e-06,5.28337e-05,4.52084e-05,4.45779e-05,4.7195e-06,6.64235e-06,5.26527e-06,3.96043e-05,4.05728e-05,7.45128e-06,4.31682e-05,2.24747e-05,4.283e-06,6.56313e-06,3.77471e-05,2.0479e-05,0,2.36642e-05,0.000122141,2.26934e-05,1.51958e-05,4.77376e-05,4.93342e-05,9.41413e-06,9.24409e-05,5.514e-05,1.16764e-05,0,3.22861e-05,2.22804e-05
"PWY-8134: bile acid 7&beta;-dehydroxylation",0,0,0,0,0,0,0,0,0,0,0,0,0,0,0,0,0,0,0,0,0,0,0,0,0,0,0,0,0,0,0,0,0,0,0,0,0,0,0,0,0,0,0,0,0,0,0,0,0,0,0,0,0,0,0,0,0,0,0,0,0,0,0,9.6361e-07,0,0,0,0,0,0,0,0,0,0,3.20899e-06,0,0,0,0
"PWY-8173: anteiso-branched-chain fatty acid biosynthesis",0,0,0,0,0,0,0,0,0,0,0,0,0,1.61939e-05,0,0,0,0,0,0,0,0,0,0,0,0,0,0,0,0,0,0,0,0,0,0,0,0,0,0,0,0,0,0,0,0,0,0,0,4.173e-05,0,0,0,0,0,0,0,0,0,0,0,0,0,0,0,0,0,6.27263e-05,0,0,0,0,0,0,0,0,0,0,0
"PWY-8174: odd iso-branched-chain fatty acid biosynthesis",0,0,0,0,0,0,0,0,0,0,0,0,0,1.61939e-05,0,0,0,0,0,0,0,0,0,0,0,0,0,0,0,0,0,0,0,0,0,0,0,0,0,0,0,0,0,0,0,0,0,0,0,4.173e-05,0,0,0,0,0,0,0,0,0,0,0,0,0,0,0,0,0,6.27263e-05,0,0,0,0,0,0,0,0,0,0,0
"PWY-8175: even iso-branched-chain fatty acid biosynthesis",0,0,0,0,0,0,0,0,0,0,0,0,0,1.61939e-05,0,0,0,0,0,0,0,0,0,0,0,0,0,0,0,0,0,0,0,0,0,0,0,0,0,0,0,0,0,0,0,0,0,0,0,4.173e-05,0,0,0,0,0,0,0,0,0,0,0,0,0,0,0,0,0,6.27263e-05,0,0,0,0,0,0,0,0,0,0,0
"PWY-8178: pentose phosphate pathway (non-oxidative branch) II",0.000399914,0.000263034,0.000161841,0.000428962,0.000595606,0.000696305,0.000190565,0.000699752,0.000322474,0.000346108,0.000168904,0.00038156,0.000283166,0.000263256,0.000428557,0.000401981,0.000136879,0.000319311,0.000241695,0.000154336,0.000342862,0.000249682,0.000204508,0.000373596,0.000228845,0.000121543,0.000477748,0.000315801,0.000277694,0.000122171,0.00038651,0.000414031,0.000392022,0.000167418,0.000259519,0.000374181,0.000545443,0.000166499,0.000353275,0.000353831,0.000487532,0.000263922,0.00031471,0.000377051,0.000181646,0.000403069,0.000396445,0.000328226,0.000283744,0.000525953,0.00011739,0.000361094,0.00031359,0.000231618,0.000282709,0.00030558,0.000213654,0.00038593,0.000284172,0.000214347,0.000193356,0.000390718,0.000151362,0.000411633,0.00030054,0.000300227,0.000265176,0.000510586,0.000134407,0.000357376,0.000245004,0.000270503,0.000238466,0.000444019,0.000269306,0.000266104,0.000265687,0.000290338,0.000521542
"PWY-8187: L-arginine degradation XIII (reductive Stickland reaction)",0.000195916,9.92211e-05,7.77388e-05,0.000292414,0.000203413,8.86628e-05,0.000105374,3.38336e-05,7.8156e-05,0.000172758,0.000105389,0.000184903,0.000117208,9.85513e-05,0.000115475,1.24345e-05,7.166e-05,0.000113992,0.000114595,0.000143791,0.000141383,0.000123933,0.000140322,9.10409e-05,5.22878e-05,0.000150574,0.000293238,0.00011618,0.000100584,7.95714e-05,4.16926e-05,0.000282499,0.000260133,0.000115295,9.59789e-05,0.000140736,1.69585e-05,9.29329e-05,0.000206056,6.78888e-05,4.63385e-05,7.198e-05,9.37316e-05,0.000172027,0.000132678,2.51994e-05,0.00018608,0.00010484,0.000130467,0.000111446,0.000170309,7.72343e-05,9.6169e-05,0.000140323,9.18924e-05,9.45236e-05,0.000157661,7.82449e-05,7.19066e-05,0.000120524,0.000184695,0.000191323,0.000138803,0.000432192,9.00741e-05,0.000254399,9.51666e-05,0.000133902,0.000151619,0.000195984,0.000123179,7.13523e-05,9.45319e-05,0.000251247,7.24356e-05,0.000143643,8.04843e-05,0.000181057,0.000995378
"PWY-8188: L-alanine degradation VI (reductive Stickland reaction)",0,0,0,0,0,0,0,0,6.48919e-06,3.28703e-06,0,2.62582e-06,0,0,2.80745e-06,0,0,0,0,3.41216e-07,5.23805e-06,0,0,0,0,0,0,0,4.54143e-06,0,0,0,1.26659e-05,1.34567e-05,6.43032e-06,0,0,0,5.88808e-06,1.08573e-06,0,0,0,0,0,0,0,1.82686e-06,0,0,0,2.67464e-06,1.28012e-06,5.89192e-06,0,5.33158e-06,0,3.71576e-06,3.46766e-06,0,0,2.48158e-06,0,0,0,0,1.89931e-05,0,0,0,2.38336e-06,0,0,0,0,0,0,0,0
"PWY-8189: L-alanine degradation V (oxidative Stickland reaction)",0,0,0,0,0,0,0,0,6.48919e-06,3.28703e-06,0,2.62582e-06,0,0,2.80745e-06,0,0,0,0,3.41216e-07,5.23805e-06,0,0,0,0,0,0,0,4.54143e-06,0,0,0,1.26659e-05,1.34567e-05,6.43032e-06,0,0,0,5.88808e-06,1.08573e-06,0,0,0,0,0,0,0,1.82686e-06,0,0,0,2.67464e-06,1.28012e-06,5.89192e-06,0,5.33158e-06,0,3.71576e-06,3.46766e-06,0,0,2.48158e-06,0,0,0,0,1.89931e-05,0,0,0,2.38336e-06,0,0,0,0,0,0,0,0
"PWY-8190: L-glutamate degradation XI (reductive Stickland reaction)",2.05577e-05,8.47946e-07,3.72495e-06,0,0,0,0,0,0,0,1.94424e-06,3.96666e-06,1.68103e-05,0,0,0,1.03691e-05,0,2.69109e-06,1.10951e-05,7.86285e-06,0,0,2.11623e-05,0,0,0,0,0,0,0,0,0,0,1.7129e-06,2.28983e-06,0,8.84804e-06,7.19012e-07,0,5.82342e-06,0,1.54025e-05,0,0,9.68984e-07,0,2.33208e-06,3.9883e-05,5.60078e-06,2.11181e-05,1.05682e-05,6.01209e-06,0,0,0,2.6728e-06,1.13421e-05,0,0,0,6.2911e-06,0,2.64329e-06,0,1.20761e-06,0,0,1.80478e-06,7.62156e-06,1.28078e-06,7.79908e-06,0,5.8928e-06,6.61959e-07,1.01661e-06,0,7.18298e-06,0
"PWY-821: superpathway of sulfur amino acid biosynthesis (Saccharomyces cerevisiae)",0.000144193,1.72015e-05,1.21499e-05,0.000193825,5.90102e-05,0.000207991,0,1.53283e-06,5.91338e-05,0,7.98299e-06,8.01177e-05,1.32027e-05,1.38685e-05,0,0,0,0,5.48678e-06,0,5.5171e-05,4.92342e-05,5.96575e-05,0,7.59664e-06,0,7.50144e-05,0,0,0,3.57056e-05,0.000111579,0.000106867,3.8037e-05,4.82706e-05,0.000149116,0,2.12215e-05,4.6331e-05,1.53047e-05,0,1.28729e-06,3.74162e-05,0,5.12551e-06,1.1664e-05,0,1.25205e-05,6.08445e-05,8.46096e-05,0,0.000103442,4.3667e-05,0,1.9337e-06,0,1.92182e-05,9.69951e-05,0,2.53435e-06,1.02291e-05,0.000106339,0,7.49888e-05,0,1.62909e-05,4.17671e-05,0.000168967,3.10092e-05,0.000112954,2.61388e-05,2.9599e-05,0,0.00018367,7.3075e-06,3.33007e-05,6.12171e-06,9.95756e-06,3.19343e-05
"PWY-822: fructan biosynthesis",0,0,0,0,0,0,0,0,0,3.98645e-06,0,0,4.09875e-06,0,0,0,0,0,0,0,0,0,0,0,0,0,0,0,5.05071e-07,0,0,0,1.03375e-06,0,0,0,0,6.27059e-07,0,2.91597e-06,0,0,0,0,0,0,0,0,0,0,0,5.77299e-07,0,0,0,0,0,4.56709e-06,0,3.18458e-06,0,0,0,0,0,0,0,0,0,2.1499e-06,6.12263e-07,0,0,0,0,0,0,0,0
"PWY-841: superpathway of purine nucleotides de novo biosynthesis I",0.000339801,0.000332604,0.000287433,0.000344748,0.000276684,0.000339885,0.000278168,0.000334342,0.000260809,0.000321253,0.00030328,0.000322513,0.000206942,0.000315772,0.00034742,0.000239319,0.000217343,0.000367211,0.000380459,0.000482414,0.000260976,0.000311708,0.000216567,0.000418226,0.000155796,0.000404226,0.000372769,0.000344987,0.000389563,0.000233481,0.000216505,0.000358362,0.000285616,0.0002899,0.000335638,0.000236218,0.000132452,0.000495852,0.000316218,0.000264637,0.000163293,0.000402017,0.000368491,0.000303053,0.000339744,0.000146274,0.000301468,0.00027721,0.000386897,0.000299241,0.000281756,0.000240062,0.00023155,0.00040909,0.000382678,0.000358233,0.00036873,0.000250937,0.000325605,0.00030675,0.000233297,0.000304343,0.00030968,0.000220258,0.000318507,7.29118e-05,0.000294929,0.000314541,0.000226185,0.000262366,0.000297553,0.000253035,0.000368819,0.000253363,0.000241457,0.000350418,0.000270714,0.000362764,0.000661892
"PWY-922: mevalonate pathway I (eukaryotes and bacteria)",0,0,0,0,0,0,0,1.77625e-06,0,5.35627e-06,0,0,3.52845e-06,0,0,0,0,0,0,0,0,0,0,0,0,0,0,0,3.50075e-06,0,0,0,3.15654e-06,0,0,0,0,0,0,0,0,0,0,0,0,0,0,0,0,0,0,5.11048e-06,0,0,0,0,0,8.35774e-06,0,0,0,6.36842e-06,0,0,0,0,0,6.82784e-06,0,4.08128e-06,0,0,0,0,0,0,1.59165e-06,0,1.18464e-05
"PWY-I9: L-cysteine biosynthesis VI (from L-methionine)",0.000126816,3.03625e-05,3.0599e-05,0.0001522,0.000221274,0.000350273,2.07018e-05,0.000327484,0.000116787,8.45524e-05,2.77829e-05,0.000138422,0.00012668,1.99331e-05,4.42786e-05,1.18171e-05,3.08766e-05,1.19309e-05,3.99584e-05,3.17617e-05,7.30212e-05,6.60684e-05,6.85077e-05,1.86232e-05,2.62392e-05,1.57623e-05,0.000253608,2.19965e-05,3.44313e-05,5.34364e-06,9.40157e-05,0.000173559,0.000196922,5.04032e-05,6.13643e-05,0.000225896,0,6.10518e-05,8.59666e-05,4.77749e-05,0,4.06906e-05,0.000112603,7.5447e-05,2.44552e-05,3.42919e-05,6.17477e-05,5.7056e-05,7.7271e-05,0.000121388,1.28046e-05,0.000144401,0.00011248,2.18653e-05,3.77657e-05,2.44415e-05,6.13292e-05,0.000145461,1.40601e-05,1.726e-05,1.12211e-05,0.000220539,5.81249e-06,0.00014254,7.04373e-05,2.1158e-05,5.03605e-05,0.0002799,2.19254e-05,0.000309703,7.4873e-05,8.76625e-05,8.52357e-06,0.00021687,0.000177565,5.71063e-05,8.35594e-06,7.45309e-05,9.9153e-05
"PWY0-1061: superpathway of L-alanine biosynthesis",8.5504e-05,6.98312e-05,1.72075e-05,0.000106008,0.000259161,0.000437894,1.73272e-05,0.000509616,2.47427e-05,0,1.99523e-05,6.45599e-05,4.28311e-05,4.41982e-06,1.78744e-05,1.08264e-06,1.52947e-05,6.31057e-06,0.000111722,5.04947e-06,5.45625e-05,4.2295e-05,3.57958e-05,0,1.84058e-06,0,0.000110777,9.79506e-06,8.17287e-05,1.26901e-06,3.13342e-05,8.39562e-05,0.000109658,1.82281e-05,1.19738e-05,5.40669e-05,1.64062e-05,5.83191e-05,2.73836e-05,1.40858e-05,8.58897e-06,2.50685e-05,5.09241e-05,9.72246e-05,3.74292e-05,5.27087e-06,5.89537e-05,2.97968e-05,2.5767e-05,2.41818e-05,0,0.00013666,4.95005e-05,1.88736e-05,0.000121183,2.30364e-05,1.03004e-05,0.00013045,1.45889e-05,8.43118e-05,2.27671e-05,4.47049e-05,3.90401e-05,2.91463e-05,4.4293e-05,6.90173e-05,9.76156e-05,0.000304662,5.04699e-06,0.000180694,3.04982e-05,3.31895e-05,5.42929e-05,0.000211506,1.57921e-05,2.31605e-05,6.73993e-05,1.07359e-05,3.46089e-05
"PWY0-1221: putrescine degradation II",4.11874e-06,0,2.31346e-06,3.34749e-05,5.1075e-05,2.61226e-05,0,1.23418e-07,0,0,0,2.90084e-07,0,0,0,0,0,0,0,0,0,9.69e-06,4.67365e-06,0,0,0,7.01875e-06,0,0,0,5.69444e-06,0,2.68784e-07,4.2053e-06,3.86819e-06,3.54283e-05,0,6.40033e-07,3.5033e-06,1.34647e-06,0,0,5.79546e-06,0,0,0,0,4.74452e-07,1.87431e-06,1.00862e-05,0,0,2.27723e-06,0,0,0,0,0,0,1.46514e-07,0,8.16287e-06,0,5.77494e-06,0,7.00885e-07,1.78655e-06,7.59105e-05,1.12632e-06,1.23881e-05,2.15987e-06,0,0,0,3.82611e-07,0,9.02834e-07,5.26425e-07,3.6807e-06
"PWY0-1241: ADP-L-glycero-&beta;-D-manno-heptose biosynthesis",5.62394e-05,9.72405e-05,3.2832e-05,7.72162e-05,9.84141e-05,0.000278132,5.93483e-05,0.000329743,4.70779e-05,0,4.20437e-05,5.28171e-05,2.82188e-05,0.000105784,3.66361e-05,1.89896e-05,4.7057e-05,2.19523e-05,4.27755e-05,7.84078e-05,6.35118e-05,3.61781e-05,9.76418e-05,0.00014074,6.50888e-05,7.77513e-05,0.000103348,2.18442e-05,3.34675e-05,1.70126e-05,2.72294e-05,5.07312e-05,7.68002e-05,1.01017e-05,4.47779e-05,6.69239e-05,1.943e-05,3.57821e-05,4.60549e-05,4.89618e-05,1.82011e-05,6.58243e-05,4.59265e-05,3.1026e-05,2.76485e-05,2.86405e-05,2.86931e-05,3.38419e-05,0.000103516,7.11986e-05,4.55447e-05,5.77474e-05,3.84648e-05,3.92656e-05,6.4947e-05,7.02444e-05,2.93257e-05,4.90019e-05,4.73427e-05,4.90757e-05,1.04741e-05,4.16772e-05,3.39558e-05,0.000211294,3.94917e-05,6.03024e-05,3.51372e-05,0.000170706,5.84694e-05,5.12209e-05,0.000100745,4.36468e-05,3.1645e-05,0.00016511,2.08059e-05,3.20907e-05,9.32617e-06,5.65227e-05,1.42825e-05
"PWY0-1261: anhydromuropeptides recycling I",0.000127282,6.17519e-05,0.000119884,0.000159423,0.000204586,0.0003826,0.000168715,0.000427496,0.000118208,1.26904e-05,7.44558e-05,0.000133527,3.71541e-05,2.9023e-05,0.000109562,1.36304e-05,0.000119183,6.14871e-05,7.58347e-05,0.000199359,8.05347e-05,0.000130089,0.000109233,0.000194228,9.66464e-05,0.000146703,0.00017011,5.99125e-05,0.000130674,5.14765e-05,5.02897e-05,0.000156264,0.00014032,6.60055e-05,7.71741e-05,0.000126686,3.25504e-05,5.00924e-05,0.000141856,0.000115442,1.61935e-05,8.8231e-05,9.13894e-05,6.36075e-05,0.000146175,5.7081e-05,6.62182e-05,7.20538e-05,0.000145759,0.000130387,0.000116993,0.000115646,0.000117765,0.000132055,6.31537e-05,0.000136555,7.73805e-05,9.99135e-05,0.000109301,9.08856e-05,3.41e-06,0.000117584,0.000121366,7.59305e-05,0.000123073,4.06596e-06,4.6785e-05,0.000256437,0.000134602,0.000123306,0.000105678,4.07008e-05,9.98607e-05,0.000154765,0.00010788,6.77865e-05,2.401e-05,0.000109901,3.25342e-05
"PWY0-1277: 3-phenylpropanoate and 3-(3-hydroxyphenyl)propanoate degradation",4.87156e-05,0,7.8997e-06,0.000100068,0.000266608,5.26349e-05,0,6.60383e-07,1.84825e-06,0,0,4.33586e-05,5.54477e-07,0,0,0,0,0,0,0,3.68444e-06,1.53866e-05,1.73641e-05,0,0,0,0.000135968,0,0,0,2.73174e-05,0,2.00837e-06,2.02443e-05,1.59538e-05,8.31115e-05,0,3.73338e-06,1.68692e-05,6.94292e-06,0,0,1.52978e-05,0,0,3.938e-06,0,7.76628e-06,1.58215e-05,4.01959e-05,0,3.26551e-05,2.3356e-05,0,0,0,0,2.59666e-05,0,1.09331e-06,0,3.4031e-05,0,2.70592e-05,0,6.82777e-06,1.2271e-05,0.000126162,3.86189e-06,6.7457e-05,1.36953e-05,0,0,0.00012248,6.53555e-06,2.9308e-06,0,1.84714e-05,1.37721e-05
"PWY0-1296: purine ribonucleosides degradation",0.000204093,0.000276142,0.000233945,0.00030045,0.000415559,0.000340392,0.000576096,0.000410178,0.000442351,0.000386325,0.000204317,0.000347598,0.00030351,9.18357e-05,0.000392305,0.000127216,0.000194024,0.000206832,0.000423398,0.000219619,0.000393246,0.000256683,0.000181372,0.000503929,0.000290048,0.000156325,0.000300141,0.000192554,0.000367547,0.00034069,0.000153531,0.000348766,0.000331002,0.000148892,0.000408733,0.00031492,0.000234685,0.000493389,0.000409852,0.000319052,0.000119943,0.000296447,0.000363766,0.000404812,0.00037886,0.000172361,0.000407885,0.000527069,0.000231583,0.000265697,0.000115024,0.000303984,0.000392725,0.000298018,0.000302943,0.000363063,0.000103948,0.000340235,0.000269466,0.000343288,0.000464473,0.00044989,0.000440558,0.000328651,0.000188536,0.000633933,0.000374185,0.000496211,0.000341733,0.000385985,0.00015222,0.000261289,0.000201925,0.00034958,0.000165507,0.000533763,0.000272972,0.000369248,0.000332755
"PWY0-1297: superpathway of purine deoxyribonucleosides degradation",0.000118279,1.32442e-05,3.38928e-05,0.000248912,0.000345859,0.000350391,1.04326e-05,0.000413632,5.10749e-05,7.29152e-05,8.5631e-06,0.000157465,3.69873e-05,4.54639e-05,1.74434e-05,2.38679e-05,7.67658e-06,1.21719e-05,2.23819e-05,5.4213e-05,3.835e-05,5.48355e-05,7.81393e-05,4.82535e-05,1.76174e-05,2.25426e-05,0.000261208,1.23189e-05,3.68296e-05,7.35117e-06,6.74959e-05,0.00011589,0.000144546,6.27233e-05,5.60286e-05,0.000178867,0,1.8426e-05,6.11323e-05,1.96592e-05,1.18428e-05,1.17027e-05,8.27857e-05,2.25745e-05,1.22206e-05,3.45327e-05,2.20195e-05,3.14929e-05,7.27057e-05,0.000244984,2.12913e-05,0.000167678,7.5897e-05,1.98136e-05,1.51615e-05,8.63216e-06,5.48314e-05,0.000151786,2.92105e-06,2.63186e-05,1.52409e-05,0.000212152,6.3603e-06,0.000110608,1.14389e-05,2.55977e-05,5.9368e-05,0.000332427,3.50649e-05,0.0002002,5.97526e-05,2.01371e-05,8.43658e-06,0.000290675,6.25535e-05,2.1716e-05,6.36812e-07,6.8511e-05,9.65638e-05
"PWY0-1298: superpathway of pyrimidine deoxyribonucleosides degradation",9.68434e-05,1.25479e-05,2.47614e-05,0.000213247,0.000264155,0.00034247,3.93073e-06,0.000359225,7.63596e-05,3.19398e-05,5.42041e-06,0.000123126,3.1611e-05,3.36464e-05,2.0553e-05,1.81589e-06,5.71841e-06,9.22726e-06,1.72502e-05,4.04408e-05,5.02375e-05,4.23731e-05,9.34262e-05,4.02872e-05,1.28223e-05,6.51438e-06,0.000226197,9.4754e-06,2.29619e-06,0,5.18905e-05,0.000103427,0.000146773,4.19661e-05,4.24604e-05,0.000155314,0,3.09038e-05,6.51962e-05,1.78021e-05,4.55452e-06,1.22294e-05,5.76133e-05,2.53456e-05,1.47099e-05,1.69893e-05,2.45785e-05,2.09411e-05,5.29111e-05,0.000181218,1.56357e-05,0.000118098,4.86552e-05,9.30546e-06,2.74784e-05,7.00231e-06,3.29207e-05,0.000103751,2.41285e-06,1.83477e-05,9.14438e-06,0.000109481,9.18473e-06,8.65253e-05,0,2.08616e-05,4.59661e-05,0.000253098,9.94646e-06,0.000154408,3.12905e-05,1.83997e-05,7.19567e-06,0.000247218,2.60027e-05,1.43492e-05,3.13251e-06,5.39097e-05,6.86038e-05
"PWY0-1319: CDP-diacylglycerol biosynthesis II",0.000331345,0.00031317,0.000330356,0.000355554,0.000418456,0.000334788,0.000472412,0.000396842,0.000403783,0.000366508,0.000417415,0.000374581,0.000264457,0.000456455,0.000458239,0.000229413,0.000520766,0.000359449,0.000462729,0.000435288,0.000384749,0.000347765,0.000343351,0.000362956,0.000451221,0.000406039,0.000394411,0.000385995,0.000416391,0.000379963,0.000169596,0.000392425,0.000330578,0.000278204,0.000385111,0.000307598,0.000187026,0.000485116,0.000424488,0.000482761,0.000131965,0.000446143,0.000494191,0.000411499,0.000586243,0.000223764,0.000440962,0.000453359,0.000368073,0.000477183,0.00035457,0.000289717,0.000354998,0.000455556,0.000281968,0.000437898,0.000429972,0.000349074,0.000378044,0.000351304,0.000492229,0.000340137,0.000410216,0.000205462,0.000379567,0.000408678,0.000375445,0.000389533,0.000379586,0.000357419,0.000331284,0.000330151,0.000401127,0.000331657,0.000404719,0.0004553,0.000572343,0.000339022,0.000229058
"PWY0-1337: oleate &beta;-oxidation",2.1976e-05,0,7.35224e-06,7.62922e-05,0.000100609,0.000402198,0,0.000484788,1.77343e-05,0,1.78142e-06,4.74105e-05,5.94024e-06,2.82583e-06,0,0,0,0,3.79121e-06,0,1.41398e-05,1.86049e-05,1.33403e-05,0,1.3668e-06,0,0.000128188,0,0,0,8.05612e-06,6.05862e-05,7.02489e-05,8.04812e-06,6.65993e-06,3.43982e-05,0,6.03732e-06,1.12614e-05,2.95317e-06,0,0,9.70631e-06,0,7.79274e-07,4.47231e-06,0,4.04319e-06,5.01123e-06,3.88421e-05,0,5.70986e-05,5.87577e-06,0,0,0,5.31376e-06,4.48003e-05,0,0,0,3.03495e-05,1.34296e-06,1.53556e-05,0,1.12637e-06,7.32022e-06,7.58746e-05,3.23976e-06,2.66797e-05,4.84448e-06,6.75388e-06,0,0.0001672,1.81062e-06,0,2.77062e-06,3.18457e-06,7.97414e-06
"PWY0-1338: polymyxin resistance",3.3768e-05,0,4.78708e-06,6.89331e-05,0.00014221,0.000307176,0,0.000395125,1.69257e-05,0,1.59363e-06,3.34655e-05,8.237e-06,8.97867e-06,0,0,0,0,2.71792e-06,0,2.01942e-05,1.4372e-05,2.39015e-05,0,1.10795e-06,0,7.53761e-05,0,0,0,1.28019e-05,4.96249e-05,5.88495e-05,9.55973e-06,7.50091e-06,6.7286e-05,0,5.79251e-06,1.06867e-05,5.21297e-06,0,7.1082e-07,9.60229e-06,0,7.73543e-07,2.50671e-06,0,2.52827e-06,8.87138e-06,5.0619e-05,0,4.21574e-05,1.12048e-05,0,0,1.60491e-07,5.78331e-06,3.42588e-05,0,1.01118e-06,0,2.42468e-05,1.45088e-06,1.84522e-05,0,4.07906e-06,3.32487e-06,0.00019509,4.82127e-06,2.88666e-05,9.34904e-06,8.60529e-06,0,9.96243e-05,1.80055e-06,1.5295e-06,0,4.4208e-06,7.19138e-06
"PWY0-1415: superpathway of heme b biosynthesis from uroporphyrinogen-III",6.60052e-05,2.83288e-06,8.86852e-06,0.000110713,0.000275605,0.000300552,0,0.000387916,2.15224e-05,0,0,5.01627e-05,5.65995e-06,3.58625e-06,0,0,0,0,2.47445e-06,2.99433e-07,5.25636e-06,1.76176e-05,3.87803e-05,0,4.07208e-06,0,0.000108689,0,0,0,2.3108e-05,8.05869e-05,0.000116825,1.50683e-05,2.65804e-05,0.000117378,0,6.3334e-06,2.46723e-05,5.46243e-06,0,2.47351e-06,2.11154e-05,3.25408e-06,0,5.21879e-06,1.46212e-06,1.62033e-05,2.05215e-05,5.19201e-05,0,5.43803e-05,2.0825e-05,0,0,4.39977e-07,7.82841e-06,4.38588e-05,1.69865e-06,1.62554e-06,0,6.54988e-05,3.03662e-06,3.61385e-05,0,0,1.44292e-05,0.000243327,4.99191e-06,6.69688e-05,2.09372e-05,0,0,0.000132576,1.46735e-06,3.89477e-06,0,8.42516e-06,1.07882e-05
"PWY0-1477: ethanolamine utilization",0.000284219,4.4042e-05,4.48533e-05,0.000302756,0.000840721,0.000492202,4.01096e-06,0.000412447,0.000177874,3.67058e-05,1.3921e-05,0.000168858,0.000225464,9.63133e-05,4.02305e-05,4.4958e-05,6.15478e-05,4.91299e-05,6.7148e-05,9.01761e-05,7.32102e-05,7.00044e-05,0.000115067,3.60785e-05,9.47783e-05,3.46195e-05,0.000373789,4.37648e-05,4.04394e-05,3.61966e-05,7.31217e-05,0.000249765,0.000313914,5.34138e-05,7.45701e-05,0.000226515,0,1.59151e-05,0.000105251,3.97588e-05,1.92663e-05,4.46751e-05,0.000143711,2.98614e-05,5.12591e-05,8.10319e-05,2.38801e-05,2.73487e-05,0.000163381,0.000322573,4.62148e-05,0.000204501,0.000119088,7.53333e-05,3.20794e-05,8.26891e-05,0.000142309,0.000184174,6.08489e-05,6.19937e-05,5.57418e-05,0.000123044,2.58027e-05,0.000149861,3.98959e-05,8.41233e-05,0.000111112,0.000695143,9.1399e-05,0.000309603,0.000115257,0.000128338,1.74558e-05,0.00045618,0.000202103,3.84107e-05,1.81204e-05,0.000141336,0.000186315
"PWY0-1479: tRNA processing",0.000162146,3.8675e-06,4.87231e-05,0.000174094,0.00023539,0.000371939,3.65428e-05,0.000344697,9.91215e-05,3.81041e-05,4.59196e-05,0.000118852,2.48044e-05,6.89683e-06,4.9032e-05,5.00574e-05,2.7129e-05,2.92458e-05,5.8135e-05,6.86165e-05,0.000128762,4.96016e-05,5.701e-05,0,4.73118e-05,9.59837e-05,0.000226111,2.74075e-05,6.07161e-05,4.02223e-05,5.88245e-05,0.000148552,0.000161494,5.44752e-05,6.8517e-05,0.000172131,6.13115e-06,7.80073e-05,9.10698e-05,4.28033e-05,6.12622e-06,3.29501e-05,9.82177e-05,0.000117538,3.05706e-05,6.95576e-05,8.8832e-05,0.000111171,8.00978e-05,0.000137103,6.13039e-07,0.00010969,8.44179e-05,2.92165e-05,0.000106542,0.000100605,4.48931e-05,0.000105512,8.82714e-05,2.4467e-05,0,0.00014694,6.99218e-05,0.000156762,4.1551e-05,3.49511e-05,6.99048e-05,0.000335508,7.14895e-05,0.000225264,9.85127e-05,3.96293e-05,3.16664e-05,0.000194948,4.0739e-05,4.74569e-05,2.03111e-05,6.84997e-05,6.95452e-05
"PWY0-1533: methylphosphonate degradation I",5.10249e-06,0,1.54763e-06,2.51542e-05,4.86994e-05,1.47265e-05,0,5.76124e-08,8.06226e-06,0,0,1.56061e-05,6.31563e-06,6.12232e-06,0,0,0,1.47288e-06,2.66943e-06,0,3.10549e-06,1.19156e-05,1.41964e-05,0,3.17061e-06,0,5.89966e-05,0,0,0,2.86949e-06,1.4265e-05,2.14671e-05,0,4.41924e-06,4.9961e-05,0,1.26989e-06,4.74898e-06,1.39105e-06,0,0,5.57177e-06,0,0,0,0,3.79918e-07,0,4.09801e-05,0,0,1.6065e-06,0,0,0,9.66827e-07,1.09269e-06,0,0,0,8.40518e-06,1.04291e-06,8.43561e-06,0,6.1132e-07,4.44909e-06,5.34789e-05,2.3133e-06,4.25788e-06,2.40543e-06,0,0,2.22235e-05,3.03573e-07,0,1.30741e-06,4.50433e-07,4.37685e-06
"PWY0-1586: peptidoglycan maturation (meso-diaminopimelate containing)",0.000526567,6.45126e-05,0.000255515,0.000666752,0.00150493,0.00103493,0.000277701,0.00102872,0.000427731,0.00035713,0.000325972,0.000446759,0.000276253,0.000235299,0.000335843,0.000497493,0.000204191,0.000383359,0.000220019,0.000505032,0.000283216,0.00029514,0.000263392,0.000247061,0.00028196,0.000389313,0.000799875,0.000405762,0.000370886,0.000213085,0.000520015,0.000553959,0.000624861,0.000316815,0.000289417,0.000649376,0.000153305,0.000317606,0.000568561,0.000335139,0.000518123,0.000271585,0.000381269,0.000314182,0.000328761,0.000540976,0.000340889,0.000323916,0.00046542,0.00058046,0.000363036,0.000362411,0.000379656,0.000278475,0.000344371,0.000301517,0.000601172,0.000348777,0.000242682,0.000208228,0.000259218,0.000539452,0.000257677,0.000282806,0.000316129,0.000139352,0.00032616,0.0011444,0.000317096,0.000590281,0.000375205,0.000220517,0.000337701,0.000741357,0.000607363,0.000349063,0.000349362,0.00031394,0.000555011
"PWY0-162: superpathway of pyrimidine ribonucleotides de novo biosynthesis",0.000311508,0.000307213,0.000256682,0.000235339,0.000265038,0.000357279,0.000218579,0.00033003,0.000202671,0.000119058,0.000278735,0.00024432,0.000126055,0.000215951,0.00026392,0.000267441,0.000196352,0.000186945,0.00032093,0.000403241,0.000208466,0.000232189,0.000195114,0.00023852,0.000132012,0.000349716,0.000248655,0.000189115,0.000189243,0.000211196,0.000141809,0.000247904,0.000226638,0.00016627,0.000198147,0.000210137,4.28166e-05,0.000207626,0.000133721,0.000187428,0.00012114,0.000231938,0.000184017,0.000261879,0.000218281,0.000113692,0.000259829,0.000238014,0.000270346,0.000227507,0.00017889,0.000178043,0.000174474,0.000228132,0.000374228,0.00026741,0.000182518,0.00016969,0.000219942,0.000219208,7.99202e-05,0.000194007,0.000197904,0.000200015,0.000225146,6.45056e-05,0.000196265,0.000296212,0.000186068,0.000238719,0.000255684,0.0002207,0.000329865,0.000233739,0.000134815,0.000190519,9.16539e-05,0.000170745,0.000254468
"PWY0-166: superpathway of pyrimidine deoxyribonucleotides de novo biosynthesis (E. coli)",0.000130235,1.34129e-05,1.55609e-05,0.000132456,0.000242055,0.00029411,0,0.000278549,6.49638e-05,0,2.67291e-06,8.2692e-05,1.78007e-05,0,0,0,0,0,4.50075e-06,0,3.33076e-05,4.89297e-05,4.48545e-05,0,0,6.74314e-06,0.000205701,0,1.89847e-06,0,4.06418e-05,9.44418e-05,0.000120471,3.45449e-05,5.26669e-05,0.000102032,0,1.44466e-05,2.22228e-05,1.59941e-05,0,5.23613e-06,3.11815e-05,0,0,1.372e-05,0,2.70365e-05,8.69865e-05,6.88129e-05,0,8.37039e-05,4.82141e-05,0,0,0,2.53414e-05,8.35317e-05,0,1.07543e-06,0,6.4902e-05,3.76159e-06,6.62941e-05,0,1.40909e-05,2.50659e-05,0.000255361,6.89993e-06,0.000109319,4.68565e-05,1.30279e-05,0,0.000166929,1.77158e-05,8.51885e-06,0,2.69034e-05,3.58937e-05
"PWY0-301: L-ascorbate degradation I (bacterial, anaerobic)",6.86093e-05,2.65884e-06,1.3162e-05,0.000141564,0.000357505,0.000418772,1.14364e-06,0.000495436,3.41818e-05,0,3.33211e-06,6.5559e-05,8.33902e-06,0,0,0,0,0,6.93131e-06,4.25236e-07,2.8214e-05,3.33307e-05,2.2155e-05,0,3.36569e-06,1.82687e-06,0.000245553,0,0,0,3.25356e-05,9.91597e-05,0.000121745,2.77539e-05,2.33988e-05,0.000114029,0,8.85126e-06,2.06315e-05,1.52638e-05,0,1.412e-06,1.24773e-05,0,1.85514e-06,4.14259e-06,0,8.91973e-06,1.86927e-05,5.04386e-05,0,8.58276e-05,1.95747e-05,1.32079e-06,1.88984e-06,1.3314e-06,8.66775e-06,6.93063e-05,8.0425e-07,1.75564e-06,2.51655e-06,5.09252e-05,1.47861e-06,4.75925e-05,0,2.16297e-05,9.44438e-06,0.00012384,1.96011e-05,9.9015e-05,1.28985e-05,7.95295e-06,0,0.000266837,8.61924e-06,3.19504e-06,2.88666e-06,1.19149e-05,3.314e-05
"PWY0-321: phenylacetate degradation I (aerobic)",2.57871e-06,0,0,4.92339e-06,4.8903e-05,2.16513e-06,0,1.51661e-07,0,0,0,3.64984e-07,0,0,0,0,0,0,0,0,0,0,0,0,0,0,3.03437e-07,0,0,0,3.2897e-06,0,0,4.07837e-06,7.11749e-07,0,0,0,0,0,0,0,2.48789e-06,0,0,0,0,9.25786e-07,0,2.88043e-06,0,0,6.66935e-07,0,0,0,0,0,0,0,0,0,0,0,0,0,0,2.70365e-05,0,9.95416e-06,3.42127e-07,0,0,0,0,0,0,1.03581e-06,0
"PWY0-41: allantoin degradation IV (anaerobic)",5.84718e-06,0,1.5793e-06,4.80783e-07,5.5228e-05,8.94599e-06,0,1.38375e-07,2.7689e-06,0,0,3.55071e-06,2.84545e-06,0,0,0,0,0,3.60706e-07,0,0,7.55704e-06,2.99544e-06,0,4.2145e-07,0,3.08789e-05,0,0,0,4.27354e-06,5.24106e-06,7.62243e-06,9.18915e-07,3.4447e-06,1.65261e-05,0,0,3.10299e-06,7.55206e-07,0,0,2.82727e-06,0,0,7.79765e-07,0,5.15199e-07,7.44098e-07,6.47661e-06,0,0,4.47141e-06,0,0,1.01221e-07,4.46483e-07,1.38275e-07,0,0,0,1.33416e-05,2.35557e-07,5.66325e-06,0,1.27531e-06,3.00211e-06,3.1281e-05,4.88362e-07,1.02196e-05,3.52844e-06,0,0,1.46703e-05,3.94879e-07,0,0,5.8934e-07,2.06117e-06
"PWY0-42: 2-methylcitrate cycle I",1.33928e-05,0,2.31596e-06,6.79259e-05,0.000214704,4.51091e-05,0,8.44753e-07,2.34187e-05,0,0,2.92539e-05,6.57212e-06,1.20391e-06,0,0,0,0,4.3172e-06,0,2.45245e-06,9.97271e-06,2.07041e-05,0,2.37789e-06,1.68128e-07,0.000105671,0,0,0,1.99905e-05,4.26021e-05,8.65881e-05,1.14775e-05,7.98613e-06,8.51185e-05,0,4.42097e-07,8.60075e-06,3.44435e-06,0,1.46065e-06,6.1123e-06,0,2.70704e-07,1.87477e-06,0,3.35228e-06,4.51092e-06,3.44643e-05,0,2.29815e-06,2.03614e-05,0,0,0,4.30763e-06,2.12632e-06,0,0,0,2.34548e-05,0,3.35564e-05,0,4.39549e-06,7.51956e-06,0.00013404,2.11396e-06,6.32186e-05,1.39559e-05,4.35158e-07,0,0.000108711,2.68101e-06,5.4896e-07,1.30163e-06,6.47808e-06,1.24727e-05
"PWY0-461: L-lysine degradation I",0,0,2.27477e-06,5.06433e-05,9.80385e-05,2.45213e-05,0,1.48587e-07,7.7174e-06,0,0,1.01815e-05,2.75561e-06,0,0,0,0,0,1.16381e-06,0,0,1.07098e-05,7.63643e-06,0,5.76039e-07,0,3.92017e-05,0,0,0,4.1191e-06,2.70481e-05,3.04732e-05,6.06764e-06,5.13583e-06,4.59804e-05,0,1.41544e-06,4.40491e-06,2.6261e-06,0,0,6.47571e-06,0,0,0,0,1.57702e-06,2.47684e-06,2.61559e-05,0,0,0,0,0,0,2.17788e-06,9.79655e-07,0,9.37377e-07,0,1.59164e-05,0,1.19993e-05,0,3.59472e-06,3.58285e-06,7.87576e-05,1.4012e-06,2.22646e-05,1.4563e-06,0,0,7.42899e-05,0,0,0,1.58837e-06,6.42939e-06
"PWY0-781: aspartate superpathway",0.000150668,0,2.04171e-05,0.000190213,0.000263653,0.00032636,0,4.2514e-06,6.38453e-05,0,7.11846e-06,0.000107004,3.5618e-05,1.63525e-05,0,0,7.34477e-06,0,2.44822e-05,0,7.13658e-05,6.65419e-05,7.27179e-05,0,3.72497e-06,0,0.000189851,0,1.80621e-05,0,4.41696e-05,0.000141795,0.000167597,4.06447e-05,3.02829e-05,0.000164039,0,2.87851e-05,3.46422e-05,1.47155e-05,0,9.85956e-06,5.12628e-05,4.37953e-06,0,1.95142e-05,1.16896e-05,2.11329e-05,5.01185e-05,0.000106409,0,0.000130333,5.32763e-05,8.98722e-06,0,8.0329e-06,2.34012e-05,0.000125344,0,4.80387e-06,0,0.000101474,4.70308e-06,6.38397e-05,0,2.38233e-05,6.64322e-05,0.000303449,1.50796e-05,0.000188467,6.24454e-05,2.33087e-05,3.60981e-06,0.000241045,9.15111e-06,1.75463e-05,0,2.8098e-05,5.52936e-05
"PWY0-845: superpathway of pyridoxal 5'-phosphate biosynthesis and salvage",0.000188533,0.00011785,7.80477e-05,0.00027442,0.000270824,0.000331443,0.000166665,0.000325572,0.00013033,0.000113581,0.000167045,0.000187531,8.37949e-05,0.000102934,6.53307e-05,3.73911e-05,0.000125835,0.000140022,0.000111992,0.000286585,0.000189602,0.000123862,0.000151343,0.000144994,0.000119005,0.00011487,0.000189454,0.000166946,0.00013789,6.78885e-05,3.20659e-05,0.000181233,0.000167079,0.0001955,0.000119663,0.000206125,4.04421e-05,4.11883e-05,0.000239492,0.000150061,3.92664e-05,0.000157069,0.000112687,7.49148e-05,0.000225186,4.85649e-05,6.9373e-05,6.20506e-05,0.000261538,0.00028086,0.000276169,0.000125866,0.000151383,0.000185773,7.73886e-05,0.000224383,0.000312362,0.000122359,0.000172573,0.000110161,2.94618e-06,9.23848e-05,7.11386e-05,0.000293668,0.000162192,3.69795e-05,6.85979e-05,0.000273634,0.00019198,9.97163e-05,0.000204414,4.43921e-05,0.000157812,0.00024508,0.000305692,4.48925e-05,2.832e-06,0.000110661,2.6248e-05
"PWY0-862: (5Z)-dodecenoate biosynthesis I",0.000407138,8.18332e-05,0.000122087,0.000392074,0.000354962,0.000436581,8.15582e-05,0.000428234,0.000189145,0.000140604,0.000135636,0.000247307,0.000118518,0.000230284,6.97563e-05,1.20063e-05,0.00056558,0.000117278,8.61843e-05,9.89157e-05,0.000149469,0.000183023,0.000363516,6.73375e-05,0.000207095,0.000255954,0.000349702,9.83786e-05,0.000105865,6.57799e-05,0.000134081,0.000361042,0.000291989,0.00016571,8.26106e-05,0.000264609,0,0.000115564,9.41335e-05,0.000153559,1.7057e-05,9.93357e-05,0.000100766,7.91607e-05,9.88211e-05,5.32255e-05,6.54346e-05,9.66323e-05,0.000128883,0.000287349,0.000159189,0.00018957,0.000144131,0.000135992,8.08217e-05,4.1187e-05,0.000264799,0.000192212,3.25885e-05,4.54701e-05,1.59297e-05,0.000221836,8.23292e-05,0.000204338,4.53688e-05,4.21518e-05,0.000109758,0.000484929,7.20027e-05,0.000217776,0.000143266,5.00359e-05,0.000100553,0.000361321,3.8829e-05,0.00010974,3.8818e-05,0.000132853,5.24893e-05
"PWY0-881: superpathway of fatty acid biosynthesis I (E. coli)",0,0,0,0,0,0,0,0,0,0,0,0,0,0,0,0,0,0,0,0,0,0,0,0,0,0,0,0,0,0,0,0,0,0,0,0,0,0,0,0,0,0,0,0,0,0,0,0,0,0,0,0,0,0,0,0,0,0,0,0,0,0,0,0,0,0,0,0,0,0,0,0,0,0,0,0,0,0,0
"PWY1G-0: mycothiol biosynthesis",0,0,0,0,0,0,0,0,0,0,0,0,0,0,0,0,0,0,0,0,0,0,0,0,0,0,0,0,0,0,0,0,1.0357e-06,0,0,0,0,0,0,0,0,0,0,0,0,0,0,0,0,0,0,0,1.11116e-06,0,0,0,0,5.20581e-07,0,0,0,1.9633e-06,0,0,0,0,0,0,9.2059e-07,0,0,0,0,0,0,0,0,0,8.45112e-06
"PWY1ZNC-1: assimilatory sulfate reduction IV",0.000159954,1.57549e-05,6.03853e-06,0.000120297,0.000202738,0.000349443,2.57964e-06,0.000397258,2.88868e-05,7.80842e-07,3.32269e-06,3.85147e-05,5.29531e-06,1.29783e-05,2.00272e-05,0,0,0,1.85759e-06,8.44081e-06,2.84652e-05,2.69051e-05,3.81905e-05,0,2.82078e-06,9.26104e-06,0.000131283,0,0,5.6879e-05,1.51245e-05,6.63155e-05,9.08626e-05,2.64661e-05,2.12744e-05,0.000104816,1.13006e-05,9.01203e-06,2.49505e-05,5.6524e-06,0,1.29196e-06,1.55863e-05,4.52501e-06,6.60062e-06,5.12108e-06,1.27339e-05,4.51492e-06,3.09984e-05,7.32514e-05,0,7.1925e-05,1.88235e-05,0,7.23118e-07,9.26446e-07,8.22773e-06,6.12228e-05,0,1.87444e-06,3.18674e-05,6.01337e-05,0,3.79712e-05,0,6.77708e-06,2.94819e-05,0.000111505,2.82619e-05,5.4628e-05,9.95174e-06,1.44103e-05,0,0.000134727,2.6328e-06,2.69716e-05,2.42966e-06,3.36567e-06,1.32908e-05
"PWY3DJ-12: ceramide de novo biosynthesis",0,0,0,0,0,0,0,0,0,0,0,0,0,0,0,0,0,0,0,0,0,0,0,0,0,0,0,0,0,0,0,0,0,0,0,0,0,0,0,0,0,0,0,0,0,0,0,0,0,0,0,0,0,0,0,0,0,0,0,0,0,0,0,0,0,0,0,0,0,0,0,0,0,0,0,0,0,0,0
"PWY3DJ-35471: L-ascorbate biosynthesis IV (animals, D-glucuronate pathway)",0.000111539,0,3.51282e-06,0,5.95643e-05,0,0,0,0,0,1.98971e-06,0,1.78531e-06,1.14784e-06,1.37628e-06,0,0,0,0,0,0,1.59222e-06,0,0,0,0,0,0,0,0,3.0137e-06,7.40935e-07,0,0,0,0,0,0,0,0,0,0,0,0,7.28051e-07,0,0,0,1.21689e-05,0,0,7.58104e-05,0,0,0,0,0,6.32513e-05,0,0,0,1.48209e-06,0,0,0,0,0,0,0,0,0,1.03489e-06,0,0,0,1.05638e-05,0,5.27294e-06,0
"PWY3O-4107: NAD salvage pathway V (PNC V cycle)",8.01177e-05,4.02589e-06,1.22813e-05,0.000144766,4.64492e-05,3.26545e-05,6.98097e-06,0,3.1598e-05,2.29486e-05,1.46969e-06,8.53537e-05,2.81736e-05,6.47074e-06,0,0,1.14879e-06,0,6.33119e-05,0,2.12984e-05,3.82556e-05,6.10021e-05,0,2.31278e-06,9.10515e-06,0.000120867,0,6.44801e-06,0,3.33311e-05,8.66877e-05,0.0001079,4.22382e-05,3.31283e-05,0.000115326,0,1.2852e-05,4.11797e-05,1.73409e-05,0,1.84661e-06,2.35079e-05,5.67364e-05,0,2.39227e-06,3.44593e-05,1.39744e-05,2.88094e-05,0.000112386,0,2.40754e-05,5.37133e-05,0,6.32518e-05,8.28688e-06,1.21508e-05,5.27491e-05,4.03031e-06,2.60151e-05,6.79254e-06,8.8349e-05,1.82566e-06,4.4223e-05,0,3.43737e-05,3.45565e-05,0.000145689,3.85657e-06,0.000156988,4.18701e-05,7.37548e-06,6.52366e-06,0.000105167,2.6183e-06,1.30006e-05,1.89447e-05,2.06429e-05,6.47558e-05
"PWY490-3: nitrate reduction VI (assimilatory)",0,0,0,0,0,0,2.85162e-06,0,1.04907e-05,1.12772e-06,1.6984e-06,1.74922e-06,0,0,1.93269e-06,1.25901e-06,0,0,2.43361e-06,0,0,0,0,0,0,6.53894e-06,2.98195e-07,0,4.32148e-06,0,1.15674e-06,1.09016e-06,2.29849e-06,1.9382e-06,0,0,0,2.64129e-06,8.66873e-06,1.08847e-06,0,1.28152e-06,3.35571e-06,2.03954e-06,6.41659e-07,4.39687e-06,1.20389e-06,1.03565e-05,0,0,0,1.27847e-06,8.62572e-07,0,4.10587e-06,6.59015e-07,0,1.25216e-06,0,0,0,8.19633e-06,1.29324e-06,0,0,0,0,0,1.69925e-06,8.60247e-06,7.95146e-07,1.82025e-06,2.26437e-06,0,0,3.4486e-06,0,5.44896e-06,0
"PWY4FS-7: phosphatidylglycerol biosynthesis I (plastidic)",0.000188442,6.31766e-05,5.64227e-05,0.000286612,0.000390941,0.000313607,0.000141132,0.000359303,0.000182727,0.000153463,0.000136952,0.00020138,8.9738e-05,0.000259402,0.000120719,8.99654e-05,9.96766e-05,0.000180916,0.000104645,0.000167686,8.39752e-05,0.000133482,0.000139292,0.000105435,0.000145993,0.000141698,0.00031016,0.000200058,0.000163941,6.72967e-05,0.000121623,0.000227041,0.000277802,0.000102503,0.000126702,0.000246981,4.50689e-05,6.4619e-05,0.000165914,0.000162389,4.75648e-05,7.08474e-05,0.000127344,9.75139e-05,0.000238169,0.000134057,8.38437e-05,0.000113906,9.99963e-05,0.000212911,4.26374e-05,0.000176382,0.000128461,0.000146356,0.000101632,0.000163389,0.000131584,0.00018325,0.000128348,8.55743e-05,8.48336e-05,0.000236458,0.000150505,0.000133627,0.000177371,5.37291e-05,0.000143949,0.000322652,0.000190998,0.000279491,0.000170762,0.000101592,0.000106939,0.000269874,0.000167765,7.02508e-05,0.00019392,0.000117649,0.000126821
"PWY4FS-8: phosphatidylglycerol biosynthesis II (non-plastidic)",0.000188442,6.31766e-05,5.64227e-05,0.000286612,0.000390941,0.000313607,0.000141132,0.000359303,0.000182727,0.000153463,0.000136952,0.00020138,8.9738e-05,0.000259402,0.000120719,8.99654e-05,9.96766e-05,0.000180916,0.000104645,0.000167686,8.39752e-05,0.000133482,0.000139292,0.000105435,0.000145993,0.000141698,0.00031016,0.000200058,0.000163941,6.72967e-05,0.000121623,0.000227041,0.000277802,0.000102503,0.000126702,0.000246981,4.50689e-05,6.4619e-05,0.000165914,0.000162389,4.75648e-05,7.08474e-05,0.000127344,9.75139e-05,0.000238169,0.000134057,8.38437e-05,0.000113906,9.99963e-05,0.000212911,4.26374e-05,0.000176382,0.000128461,0.000146356,0.000101632,0.000163389,0.000131584,0.00018325,0.000128348,8.55743e-05,8.48336e-05,0.000236448,0.000150505,0.000133627,0.000177371,5.37291e-05,0.000143949,0.000322652,0.000190998,0.000279491,0.000170762,0.000101592,0.000106939,0.000269874,0.000167765,7.02508e-05,0.00019392,0.000117649,0.000126821
"PWY4LZ-257: superpathway of fermentation (Chlamydomonas reinhardtii)",0.00010409,1.03648e-05,2.6736e-05,0.000140551,0.00040266,0.000412225,2.34664e-06,0.00043366,4.03366e-05,2.73896e-06,1.58462e-06,9.35462e-05,2.1687e-05,4.23789e-05,1.41379e-05,1.95224e-05,6.26289e-06,1.0036e-05,1.76209e-05,4.25272e-05,2.3521e-05,4.13701e-05,5.59159e-05,3.07299e-05,1.44096e-05,7.75579e-06,0.000239004,1.01526e-05,2.89976e-05,6.02544e-06,5.67674e-05,5.13551e-05,2.60423e-05,3.46958e-05,4.27586e-05,0.000119271,0,1.4625e-05,3.7738e-05,1.44524e-05,9.60527e-06,5.59814e-06,6.2869e-05,7.89645e-06,3.96367e-06,2.68596e-05,9.93802e-06,1.96118e-05,5.41426e-05,0.000169178,1.59756e-05,3.34878e-05,5.76441e-05,6.01641e-07,1.2195e-05,7.04808e-06,4.98521e-05,6.02501e-05,2.42067e-06,2.0657e-05,1.22062e-05,8.49008e-05,5.22988e-06,7.96269e-05,9.55251e-06,1.95709e-05,4.69956e-05,0.000231518,2.76011e-05,0.000139021,5.19259e-05,1.6666e-05,6.9779e-06,0.000269298,4.91014e-05,1.75611e-05,5.27797e-07,5.00462e-05,8.65112e-05
"PWY5F9-12: biphenyl degradation",1.14746e-05,0,0,0,0,0,0,0,0,0,0,0,0,0,0,0,0,0,0,0,0,0,0,0,0,0,0,0,0,0,0,0,0,0,0,0,0,0,0,0,0,0,0,0,0,0,0,0,0,0,0,0,0,0,0,0,0,0,0,0,0,0,0,0,0,0,0,0,0,0,0,0,0,0,0,0,0,0,2.61911e-06
"PWY66-367: ketogenesis",9.19469e-06,0,0,8.43331e-06,0,0,0,0,0,0,1.13565e-06,0,1.4769e-06,0,0,0,0,0,1.24103e-06,1.58588e-06,0,0,2.79733e-06,0,0,0,0,0,0,0,0,0,1.18785e-06,0,0,0,0,0,2.80669e-06,1.0593e-06,0,0,0,0,0,6.17368e-07,0,0,1.43013e-06,0,0,0,5.28468e-06,0,0,0,0,0,0,1.93516e-06,0,0,0,2.96961e-06,0,0,0,1.26994e-05,0,0,0,9.11013e-07,0,2.39696e-06,2.91693e-05,1.67948e-06,0,1.84489e-06,7.97795e-06
"PWY66-388: ceramide degradation by &alpha;-oxidation",0,0,2.38845e-06,1.82084e-06,0,0,0,0,0,0,0,2.84065e-06,0,2.13863e-06,0,0,0,0,0,0,0,0,1.64312e-05,0,0,7.55784e-07,0,0,0,0,0,0,9.29711e-06,0,0,0,0,5.60758e-07,0,0,0,7.07762e-07,4.70978e-06,0,0,0,0,0,1.56592e-05,1.28801e-05,0,0,0,0,0,1.02037e-08,0,5.02472e-07,0,3.01195e-08,0,0,0,0,0,0,1.21415e-06,4.41327e-06,0,0,0,1.51635e-06,0,0,0,0,0,7.99441e-06,0
"PWY66-389: phytol degradation",8.00793e-05,6.31352e-06,1.25147e-05,4.83053e-05,0.000192526,3.26101e-05,0,3.79834e-06,2.60442e-07,2.02072e-06,1.08658e-06,3.59454e-06,1.36016e-06,1.66766e-05,0,4.67805e-06,0,3.97476e-08,1.42889e-07,0,1.72317e-05,3.14863e-05,3.40864e-05,0,3.41831e-06,7.64734e-07,1.37336e-05,0,0,0,3.29511e-05,5.75882e-07,1.18845e-05,8.89314e-06,1.40234e-05,8.12988e-06,0,6.11205e-07,1.00103e-06,2.59328e-06,0,2.13428e-06,6.59399e-06,4.65613e-06,1.32392e-06,4.55127e-07,3.72466e-06,7.67366e-06,5.73805e-05,9.71718e-05,3.1696e-07,1.339e-06,1.82978e-05,1.11937e-07,3.27454e-07,1.02078e-08,2.92598e-07,1.60493e-06,0,3.03307e-08,0,3.72091e-05,2.01094e-06,6.32213e-07,0,5.16422e-06,8.70859e-06,0.000237733,2.19363e-06,4.25701e-05,1.14185e-05,1.38216e-05,0,4.96515e-06,1.8013e-06,6.87875e-06,4.54688e-07,1.04337e-05,6.69175e-05
"PWY66-391: fatty acid &beta;-oxidation VI (mammalian peroxisome)",2.72475e-05,0,8.41688e-06,6.19941e-05,0,0,0,1.75726e-06,4.78349e-05,7.58238e-06,2.38238e-06,5.62286e-06,8.40093e-05,2.35622e-05,3.1375e-06,1.09036e-05,1.25326e-05,0,6.78586e-06,2.50776e-05,3.44431e-06,1.60597e-06,3.94555e-05,0,1.93009e-05,9.14432e-06,6.30819e-06,4.71643e-06,9.52199e-06,8.0909e-07,0,1.36382e-05,1.53524e-06,0,0,8.77833e-06,0,0,2.55086e-05,2.92282e-06,0,0,7.07078e-06,6.13772e-06,6.31636e-06,3.19682e-05,5.22389e-06,0,5.04152e-05,8.34953e-05,0,0,2.7661e-05,2.44864e-06,1.66547e-06,2.8104e-06,4.21426e-05,1.17613e-06,0,3.06855e-06,8.61693e-06,1.09558e-06,0,1.11443e-05,8.51438e-06,3.32589e-06,1.87067e-05,2.48972e-05,7.46133e-06,3.97859e-05,5.5784e-05,2.15637e-05,0,0.000174429,9.12397e-05,5.34404e-06,0,3.41593e-05,3.57931e-05
"PWY66-398: TCA cycle III (animals)",0,0,0,0,0,0,0,0,0,0,0,0,0,0,0,0,0,0,0,0,0,0,0,0,0,0,0,0,0,0,0,0,0,0,0,0,0,0,0,0,0,0,0,0,0,0,0,0,0,0,0,0,0,0,0,0,0,0,0,0,0,0,0,0,0,0,0,0,0,0,0,0,0,0,0,0,0,0,0
"PWY66-399: gluconeogenesis III",6.08598e-05,0.000144398,7.6963e-05,5.47827e-05,0,1.37512e-05,7.45534e-05,0,0.000108789,4.03989e-05,4.5887e-05,7.68781e-05,8.61705e-05,4.51704e-05,9.83277e-05,1.23771e-05,7.45924e-05,9.96498e-05,0.000140341,5.18204e-05,0.000125815,0.000108422,0.000169279,8.16441e-05,9.34388e-05,6.69008e-05,2.40568e-05,7.75989e-05,0.000106168,9.03086e-05,3.51428e-06,5.6423e-05,1.29534e-05,2.39218e-05,0.000113035,5.82353e-05,5.33826e-05,6.77612e-05,4.84298e-05,7.04093e-05,4.67631e-05,9.9292e-05,0.00011844,0.000107909,8.49653e-05,3.89485e-05,9.26341e-05,7.10165e-05,0.000104375,0.000191511,2.54424e-05,4.51262e-05,0.000121286,0.00012393,0.000149932,0.000114836,0.000116871,8.12243e-05,0.000131728,0.000117029,8.54337e-05,4.5081e-05,8.74819e-05,0.000137738,7.39467e-05,6.72835e-05,0.000120323,2.95042e-05,8.92295e-05,4.88093e-05,0.000138353,6.68838e-05,7.66154e-05,0.000228114,8.93414e-05,8.81279e-05,6.8118e-05,0.000116638,0.000155201
"PWY66-409: superpathway of purine nucleotide salvage",0.000186284,3.47859e-05,1.45859e-05,0.000226994,0.000286877,0.000333959,2.78315e-05,0.000339269,8.09481e-05,0.000153785,2.33938e-05,0.00014917,8.1434e-05,9.04804e-06,3.76443e-05,1.45644e-05,0,0,1.70836e-05,3.13801e-06,8.8223e-05,6.19372e-05,8.29773e-05,4.70222e-06,1.92255e-05,6.06149e-05,0.000206829,6.14893e-06,5.33117e-05,0,9.67447e-05,0.00021444,0.000222385,9.42701e-05,4.23882e-05,0.000203497,0,3.07511e-05,0.000136293,5.00158e-05,0,3.20805e-05,0.000129896,5.70061e-05,3.28363e-05,5.70274e-05,5.57716e-05,7.47213e-05,0.000102158,0.00015181,2.38877e-06,0.000118204,9.51504e-05,5.26046e-05,5.82338e-06,1.84918e-05,4.1107e-05,0.00014432,0,1.95756e-05,0,0.000288862,1.52326e-05,0.000150151,1.48678e-05,1.70496e-05,4.03543e-05,0.000319611,3.13662e-06,0.000197675,6.04457e-05,3.94966e-06,1.57813e-05,0.000177843,5.26749e-05,4.28249e-05,0,4.76723e-05,0.000145099
"PWY66-429: fatty acid biosynthesis initiation (mitochondria)",0.000457912,0.000283632,0.000417003,0.000405179,0.00037787,0.000535676,0.000333958,0.000610611,0.000382456,0.00067321,0.000560644,0.000458862,0.000306089,0.000389695,0.000440952,0.000243078,0.000449636,0.000587517,0.000367545,0.000672714,0.000373103,0.000429578,0.000326946,0.0006387,0.000317041,0.000603572,0.000498736,0.000554218,0.000513243,0.000376599,0.000275773,0.000566645,0.000419846,0.000376891,0.000297332,0.000321449,0.000186864,0.000331743,0.000618403,0.000420984,0.000202168,0.000412535,0.000425317,0.000585341,0.000482078,0.000265066,0.00061615,0.000486195,0.000485948,0.00038702,0.000439027,0.000364306,0.000337643,0.000566893,0.000316079,0.000525976,0.000730623,0.000377266,0.000414157,0.000364763,0.00014224,0.000448055,0.000448872,0.000284838,0.000551832,0.000162954,0.000387824,0.000346029,0.000333783,0.000326873,0.000462391,0.000334292,0.000413968,0.000369133,0.000507331,0.000413376,0.000131216,0.000461806,0.000581367
"PWY66-430: myristate biosynthesis (mitochondria)",5.96481e-05,0,0,0,4.00211e-05,2.93974e-06,0,5.04641e-07,1.34727e-06,0,0,0,0,3.21082e-06,0,0,0,0,0,0,0,0,0,0,0,0,1.64888e-06,0,0,0,1.26225e-05,0,0,1.70267e-06,0,0,0,0,0,6.29645e-06,0,0,0,0,0,0,0,4.90563e-06,1.04896e-05,8.70423e-06,0,0,1.08422e-05,0,0,0,0,0,0,0,0,0,0,0,0,0,0,3.53594e-05,0,1.04963e-05,1.53518e-06,4.70245e-06,0,0,2.26527e-06,1.30298e-06,1.63801e-06,6.01268e-06,4.48055e-05
"PYRIDNUCSAL-PWY: NAD salvage pathway I (PNC VI cycle)",7.4953e-05,5.4816e-06,1.58393e-05,0.000137797,6.0321e-05,4.36732e-05,9.48456e-06,0,3.70026e-05,2.51525e-05,2.01336e-06,8.87031e-05,3.25021e-05,8.93067e-06,0,0,1.57885e-06,0,6.8486e-05,0,2.64359e-05,4.47937e-05,6.85158e-05,0,3.18334e-06,1.20981e-05,9.92769e-05,0,8.68096e-06,0,3.71079e-05,8.36002e-05,0.000106698,4.09134e-05,4.0234e-05,0.000113324,0,1.61318e-05,3.56228e-05,2.24613e-05,0,2.55673e-06,2.99131e-05,3.64683e-05,0,3.30819e-06,2.57221e-05,1.74316e-05,2.76502e-05,0.000116385,0,2.99341e-05,5.92132e-05,0,6.9528e-05,1.12573e-05,1.4228e-05,5.92586e-05,5.54068e-06,3.18867e-05,9.01004e-06,8.91873e-05,2.5406e-06,4.97569e-05,0,3.8906e-05,4.24996e-05,0.000159044,5.30961e-06,9.68133e-05,3.51358e-05,9.67926e-06,8.81641e-06,0.000107123,2.50053e-06,1.67297e-05,2.24886e-05,2.54324e-05,6.69943e-05
"PYRIDNUCSYN-PWY: NAD de novo biosynthesis I (from aspartate)",0.000340452,0.000366589,0.00048533,0.000292297,0.000269665,0.000308909,0.000216426,0.000298558,0.000202003,0.000250698,0.000354114,0.00029842,0.000149348,0.000228801,0.000300512,0.00032712,0.000503913,0.000387369,0.000270352,0.000522956,0.000283309,0.000271578,0.00029046,0.000325833,0.000350494,0.000423303,0.000259932,0.0003619,0.000319034,0.00029008,0.000260189,0.000287844,0.000165321,0.00028011,0.000228471,0.000190225,0.000794704,0.000199772,0.000262054,0.000354801,0.000419258,0.000329749,0.000352377,0.000273856,0.000302852,0.000214455,0.000272966,0.000201793,0.000337059,0.00047532,0.000352371,0.00019551,0.000231808,0.000349247,0.000266812,0.000319538,0.000403397,0.000222208,0.000275534,0.000243935,0.000236641,0.000258037,0.000253464,0.000393788,0.000365847,0.000305085,0.000272097,0.000247534,0.000273281,0.000270555,0.000329696,0.000297015,0.000378616,0.000252953,0.000313757,0.000211887,0.000290524,0.000272936,0.000519515
"PYRIDOXSYN-PWY: pyridoxal 5'-phosphate biosynthesis I",0.000193838,8.90975e-05,7.43483e-05,0.000248757,0.000246077,0.000308655,0.000156653,0.000311466,0.000116274,9.93108e-05,0.000185424,0.000189375,6.61605e-05,8.95109e-05,5.5261e-05,3.10758e-05,0.000136204,0.000132375,9.76524e-05,0.000287657,0.000162516,0.000116548,0.000154568,0.000133556,0.000129654,0.000108575,0.000191601,0.000164966,0.000121211,5.89671e-05,4.45743e-05,0.000158709,0.000159191,0.000181694,0.000113396,0.000175026,3.76975e-05,3.54384e-05,0.000277254,0.000142717,4.1772e-05,0.000150289,9.67352e-05,6.43127e-05,0.000226988,4.1282e-05,5.91633e-05,5.5492e-05,0.000282507,0.00046109,0.000361441,0.000111325,0.000143456,0.000184756,6.63122e-05,0.00020163,0.000403395,0.000105113,0.000152285,9.97012e-05,2.38244e-06,8.05301e-05,6.20217e-05,0.000234659,0.000160538,3.13232e-05,6.00046e-05,0.000232537,0.000188555,0.000119322,0.000187872,3.89803e-05,0.000156695,0.00021015,0.000284623,3.84116e-05,5.77493e-06,0.000101109,2.61506e-05
"REDCITCYC: TCA cycle VI (Helicobacter)",5.73202e-05,0,8.53941e-06,3.93996e-05,0.000131132,5.55353e-05,0,1.53792e-06,1.62037e-05,0,2.75193e-06,1.71882e-05,5.31543e-06,1.30036e-05,0,0,0,2.44313e-06,7.60903e-06,0,2.50988e-05,2.03212e-05,3.34015e-05,0,4.83048e-06,0,2.03737e-05,0,0,0,1.20098e-05,2.99096e-06,1.98129e-05,1.01061e-05,1.22708e-05,3.51319e-05,0,8.89884e-06,8.80846e-06,8.20389e-06,0,3.63012e-06,2.9286e-05,0,2.10216e-06,1.57001e-06,0,2.71236e-06,3.10289e-05,6.93002e-05,0,1.90626e-05,2.56191e-05,0,2.36989e-06,1.35889e-06,4.37057e-06,1.91428e-05,0,1.77753e-06,0,1.58971e-05,1.00835e-06,3.06079e-05,0,6.99675e-06,1.32908e-05,0.000153234,3.09807e-06,4.0392e-05,1.17007e-05,1.47964e-05,0,8.05479e-05,1.51302e-06,6.43794e-06,0,1.60792e-05,1.92706e-05
"RHAMCAT-PWY: L-rhamnose degradation I",0.000352009,5.47993e-05,7.81677e-05,0.000200801,0.000246232,0.000297779,0.000186776,0.000413483,0.000125134,0.000164287,0.000109197,0.000181893,0.000117528,0.000101782,0.000125439,4.83354e-05,0.000125882,0.000180561,0.000137103,0.000204729,0.000141014,0.000115958,8.42016e-05,6.80159e-05,0.000110224,0.000210518,0.000263925,0.000175001,0.000216883,9.01876e-05,0.000155398,0.000236299,0.000150622,0.000190242,0.000100599,0.000195823,8.92812e-05,0.000178251,8.96009e-05,0.000175375,1.84194e-05,0.000121115,0.000115805,0.000140762,0.000119635,7.36078e-05,0.000163853,0.000167346,0.000165479,7.10727e-05,0.000101563,0.000159004,0.000150488,0.000133994,6.73756e-05,0.000115609,0.000163695,0.000179917,0.000108025,8.37645e-05,0.000134226,0.000140552,0.000116709,9.61084e-05,0.000132871,5.28595e-05,9.00241e-05,0.000118807,0.000107703,0.000106982,0.000160425,4.01277e-05,0.000159523,0.00019472,0.000105436,0.000138229,6.77059e-05,0.000131933,0.000148365
"RIBOSYN2-PWY: flavin biosynthesis I (bacteria and plants)",0.000257038,0.000192631,0.000369562,0.000331845,0.000193551,0.000291115,0.000326085,0.000304686,0.000258708,0.000294661,0.000338395,0.000303077,0.000245496,0.000405506,0.000253301,0.000129219,0.000204539,0.00030091,0.000335596,0.00035343,0.000286449,0.000254292,0.000208747,0.000294587,0.000272384,0.000356413,0.000273651,0.0002894,0.000328248,0.000315997,0.000174137,0.00030431,0.000252733,0.000272536,0.000303653,0.000206449,7.27492e-05,0.00041709,0.000285795,0.000283241,0.000238559,0.000275458,0.000345375,0.000365977,0.000308225,0.00019341,0.000360312,0.000425214,0.000324247,0.000507766,0.00022291,0.000187601,0.000252693,0.000385151,0.000266585,0.00034208,0.000331801,0.000212933,0.0002913,0.000295291,0.000219822,0.000210731,0.000323355,0.000133819,0.00032812,0.000232575,0.000330809,0.000228167,0.000328858,0.000255827,0.000281057,0.000282435,0.000362528,0.000191652,0.000255115,0.000407027,0.000105804,0.000244533,0.000151133
"RUMP-PWY: formaldehyde oxidation I",0,0,0,0,0,0,0,0,1.07368e-06,0,0,1.60305e-06,0,0,0,0,0,0,1.1693e-06,0,4.58554e-06,0,2.31904e-06,0,0,0,4.53717e-05,0,0,0,0,0,2.23147e-06,0,0,0,0,0,4.15693e-06,0,0,1.24799e-06,0,0,7.20705e-07,0,0,0,0,0,0,0,0,0,0,1.07789e-06,0,0,0,0,0,4.72926e-06,0,1.04067e-05,0,0,1.29822e-05,0,2.22084e-06,0,1.94709e-06,0,0,0,0,0,0,0,2.95529e-05
"SALVADEHYPOX-PWY: adenosine nucleotides degradation II",9.26859e-05,1.5367e-05,2.92463e-05,0.00045356,0.000661155,0.000159572,6.59749e-05,3.1302e-06,0.000144225,7.85692e-05,1.87553e-05,0.000207346,2.7482e-05,4.43615e-05,3.078e-05,1.6736e-05,2.38257e-05,1.10084e-05,4.01734e-05,5.5186e-06,5.69711e-05,6.94983e-05,0.000157343,7.82582e-06,5.16296e-05,1.95222e-05,0.000432629,9.74367e-06,9.50281e-05,3.67738e-05,9.44437e-05,0.000291094,0.000331347,9.8542e-05,0.000113673,0.000308912,7.41691e-06,7.97268e-05,0.000141011,4.49544e-05,1.04022e-05,4.77772e-05,0.000151509,5.75529e-05,2.6886e-05,4.15996e-05,6.47186e-05,0.000120752,4.66089e-05,0.000286225,1.93381e-05,2.86457e-05,9.74056e-05,2.27811e-05,3.43422e-05,5.74056e-05,4.04696e-05,4.03139e-05,4.30876e-05,2.43888e-05,4.73109e-05,0.000240201,1.20241e-05,0.000169506,1.87736e-05,1.84897e-05,0.000114234,0.000424372,7.87313e-05,0.000294014,8.39935e-05,6.18843e-05,3.16817e-05,0.000297212,0.000133451,5.82309e-05,3.47652e-05,8.70688e-05,6.43803e-05
"SER-GLYSYN-PWY: superpathway of L-serine and glycine biosynthesis I",0.000409604,0.000237627,0.00038749,0.000331892,0.00031427,0.000474408,0.000201879,0.000472389,0.000255962,0.000325125,0.000322299,0.000298436,0.00026058,0.000279365,0.000309748,0.000101463,0.000628659,0.000385666,0.000256423,0.000336477,0.000270809,0.000226718,0.000335782,0.000383193,0.00042842,0.000384999,0.000261665,0.000315294,0.000405683,0.000388337,0.000107606,0.000326383,0.000265133,0.000277846,0.000160287,0.000259561,9.24118e-05,0.000163226,0.000339471,0.000321302,8.36768e-05,0.000252824,0.000257729,0.000298979,0.000338664,0.000199759,0.000283193,0.000260554,0.000394858,0.000517331,0.000425826,0.00021123,0.000302014,0.00036701,0.000307276,0.000227553,0.00058235,0.000236245,0.000201208,0.0002237,9.44751e-05,0.000333208,0.000211772,0.000214342,0.000504973,0.000530724,0.000191784,0.000295118,0.000279166,0.000307774,0.00038048,0.000262259,0.000253689,0.000280285,0.000416506,0.000246243,8.14393e-05,0.000327326,0.00069784
"SO4ASSIM-PWY: assimilatory sulfate reduction I",0.000205353,1.57549e-05,1.18938e-05,0.000285207,0.000429471,0.00051099,2.57964e-06,0.000562562,6.62977e-05,0,8.58526e-06,0.000103831,1.73573e-05,1.22696e-05,2.00272e-05,0,0,3.03683e-06,1.09272e-05,0,4.76171e-05,6.00929e-05,5.85674e-05,0,1.04469e-05,9.26104e-06,0.000308417,0,0,5.6879e-05,6.51262e-05,0.000160073,0.000183158,4.62789e-05,5.60362e-05,0.000213697,1.13006e-05,2.00774e-05,4.68643e-05,2.38527e-05,0,7.95699e-07,6.11302e-05,4.04576e-07,6.60062e-06,1.38448e-05,9.50219e-07,1.97995e-05,6.86903e-05,0.000101485,9.68489e-07,0.000122232,7.47848e-05,0,2.37962e-06,0,2.59569e-05,0.00010379,0,4.34689e-06,3.18674e-05,0.000103965,5.53694e-06,9.75785e-05,0,1.73214e-05,2.94819e-05,0.000243963,2.82619e-05,0.000157861,4.93278e-05,2.85071e-05,1.11643e-06,0.000204374,1.13069e-05,2.69716e-05,7.08874e-06,2.69287e-05,2.62296e-05
"SUCSYN-PWY: sucrose biosynthesis I (from photosynthesis)",0,0,0,0,0,0,0,0,0,0,0,0,0,0,0,0,0,0,0,0,0,0,0,0,0,0,0,0,0,0,0,0,0,0,0,0,0,0,0,0,0,0,0,0,0,0,0,0,0,0,0,0,0,0,0,0,0,0,0,0,0,0,0,0,0,0,0,0,0,0,0,0,0,0,0,0,0,0,0
"SULFATE-CYS-PWY: superpathway of sulfate assimilation and cysteine biosynthesis",0.00027083,3.2358e-05,2.52398e-05,0.000233465,0.000361665,0.000453607,5.72194e-06,0.000499992,0.000108872,0,1.85549e-05,0.000159856,3.43127e-05,2.56497e-05,4.12828e-05,0,0,6.6857e-06,2.33516e-05,0,8.7372e-05,9.97583e-05,0.000105094,0,2.26385e-05,2.02286e-05,0.000240829,0,0,0.000101687,7.95972e-05,0.000209009,0.000218917,7.77853e-05,8.79091e-05,0.00024643,1.96196e-05,3.85484e-05,8.68169e-05,4.76152e-05,0,1.78313e-06,0.000106755,9.08804e-07,1.43882e-05,2.79535e-05,2.12978e-06,4.05052e-05,0.000112338,0.000145505,2.16701e-06,0.000160532,0.000122765,0,5.29334e-06,0,5.08443e-05,0.000151205,0,9.53513e-06,5.22989e-05,0.000169705,1.20513e-05,0.000129973,0,3.48726e-05,5.59412e-05,0.000280336,5.63615e-05,0.000217975,8.92923e-05,5.50426e-05,2.4986e-06,0.000224108,2.39817e-05,5.32842e-05,1.43236e-05,5.15976e-05,5.63963e-05
"TCA-GLYOX-BYPASS: superpathway of glyoxylate bypass and TCA",0.000146237,0,1.40908e-05,0.000161338,0.000331349,6.95758e-05,0,1.97618e-06,5.00675e-05,0,4.83312e-06,9.92338e-05,2.31049e-05,1.53571e-05,0,0,0,0,9.83179e-06,0,3.33778e-05,3.9208e-05,5.21513e-05,0,3.64115e-06,0,0.000143939,0,0,0,5.31198e-05,0.000118628,0.000159484,3.43452e-05,3.45194e-05,0.000149634,0,1.29889e-05,3.25046e-05,1.99128e-05,0,5.05468e-06,3.3346e-05,0,0,6.71949e-06,0,1.82537e-05,5.01917e-05,8.6406e-05,0,5.06253e-05,5.34616e-05,0,0,1.3154e-06,1.63471e-05,5.26186e-05,0,2.78122e-06,0,8.18128e-05,3.78562e-06,8.20014e-05,0,9.51926e-06,2.42452e-05,0.00021042,1.02401e-05,0.000122005,4.18497e-05,8.7747e-06,0,0.000182424,1.05647e-05,9.52645e-06,3.50435e-06,1.19267e-05,4.80449e-05
"TCA: TCA cycle I (prokaryotic)",0.000217696,0,1.993e-05,0.000160666,0.000322179,5.7109e-05,0,1.53878e-06,7.27175e-05,0,9.00024e-06,0.000117781,5.36097e-05,2.67741e-05,0,0,0,7.79155e-06,1.7362e-05,0,5.81105e-05,4.50989e-05,6.86874e-05,0,1.24408e-05,0,0.000134269,0,0,0,6.64781e-05,0.000146503,0.000186805,4.19344e-05,6.77828e-05,0.00015736,0,2.10757e-05,4.68234e-05,3.1244e-05,0,7.59903e-06,5.267e-05,0,8.57497e-06,1.37493e-05,0,2.8345e-05,9.21309e-05,9.0152e-05,0,5.26325e-05,9.7155e-05,3.37156e-06,5.58028e-06,2.85278e-06,2.81929e-05,6.10034e-05,0,1.16032e-05,0,9.75456e-05,2.16688e-05,0.000118777,0,2.89685e-05,3.22767e-05,0.000216189,1.54617e-05,0.000129004,6.51702e-05,2.98936e-05,2.60662e-06,0.000174581,1.47076e-05,2.41505e-05,2.30817e-05,3.32524e-05,9.69973e-05
"THISYNARA-PWY: superpathway of thiamine diphosphate biosynthesis III (eukaryotes)",8.66943e-05,4.44991e-05,0.000153247,0.000147598,8.84809e-07,8.61732e-05,0.000195801,2.51699e-07,0.000157425,0.000187238,0.000210375,0.000182637,8.9576e-05,0.000291098,0.000158519,0.000249003,9.36691e-05,0.000131231,0.000116465,0.000286717,0.0001351,0.00010644,7.30176e-05,0.000129576,0.000212521,0.000288592,0.000154681,0.00014755,0.000252489,9.89446e-05,1.95254e-05,0.000166893,0.000147088,0.000121499,0.000133792,0.000136571,5.31032e-05,0.000209205,0.000209252,0.000254838,3.85769e-05,0.000110609,0.000211967,0.00020611,0.000285614,0.000123015,0.00020557,0.000189761,0.000220082,7.41879e-05,0.000157756,0.000145921,0.000214246,0.00022988,0.000178831,0.000200648,0.000177082,0.000167362,0.000183581,0.000154541,8.74915e-05,0.000180051,0.000213036,5.27815e-05,0.000235637,4.75154e-05,0.000196133,0.000128232,0.000202807,0.000226693,0.000185811,7.22533e-05,0.00012958,7.4536e-05,0.000427528,0.000267467,3.58499e-05,0.000138637,0.000130471
"THREOCAT-PWY: superpathway of L-threonine metabolism",5.79915e-05,0,0,7.71201e-05,4.29344e-05,0,0,0,5.034e-06,0,0,8.76984e-06,1.14183e-06,0,0,0,0,0,0,0,0,0,0,0,0,0,8.07199e-06,0,0,0,1.72927e-05,0,0,2.04525e-05,2.07292e-05,0,0,5.82287e-06,0,3.90478e-06,0,0,1.59057e-05,0,0,0,0,6.40903e-06,2.54237e-05,4.01725e-05,0,9.27219e-06,2.29269e-05,0,0,0,0,2.01717e-05,0,0,0,2.11118e-06,0,0,0,0,0,5.6523e-05,2.49565e-06,5.59671e-05,1.16801e-05,0,0,0,0,3.82886e-06,0,2.43141e-06,7.0121e-06
"THRESYN-PWY: superpathway of L-threonine biosynthesis",0.00031725,0.000246968,0.000303092,0.000389569,0.000348338,0.000502977,0.000259769,0.000508973,0.000279675,0.000352981,0.000325809,0.000324623,0.000242749,0.000262197,0.000260928,0.000175952,0.000328141,0.000372956,0.000315129,0.000436109,0.000311431,0.000292563,0.000278925,0.000264986,0.000313805,0.000425311,0.000418741,0.00033219,0.00038816,0.000281938,0.00014495,0.000393214,0.000366422,0.000278215,0.000225973,0.000294195,0.000141429,0.000294187,0.000396976,0.000355936,0.000186077,0.000309338,0.000350912,0.000316599,0.000359542,0.00021029,0.000321694,0.000271162,0.000382047,0.000239882,0.000381786,0.000302516,0.000299005,0.000413479,0.000323936,0.000384097,0.000569561,0.000333032,0.000324398,0.000263257,0.000294011,0.000350789,0.000319413,0.000219152,0.000363983,0.000284583,0.000309408,0.000406981,0.000266775,0.000386699,0.000329424,0.000241718,0.000319413,0.000322023,0.000333325,0.000295978,0.000252083,0.000356199,0.000584939
"TRNA-CHARGING-PWY: tRNA charging",0.000441337,0.000870034,0.000627448,0.000390659,0.000406048,0.000404338,0.000646111,0.000355976,0.000476986,0.000380609,0.000540667,0.000439177,0.000335076,0.000474299,0.000657657,0.000571664,0.000752131,0.000645212,0.00068156,0.000619791,0.000567965,0.00049851,0.000486419,0.000582248,0.000574422,0.000603647,0.000387505,0.000549838,0.000666913,0.000670564,0.000540912,0.000433677,0.000327658,0.000361405,0.000497156,0.00030446,0.00103778,0.000704991,0.000425304,0.000653313,0.000834223,0.000611688,0.000595185,0.000559023,0.000645846,0.000462496,0.000540409,0.000577858,0.000430502,0.000578497,0.000409787,0.000383714,0.000457755,0.000673548,0.000610617,0.000743902,0.000542512,0.000437054,0.000648875,0.000577985,0.000703181,0.000417529,0.000624511,0.000679036,0.000700525,0.000831694,0.000454644,0.000421242,0.000539008,0.000468806,0.0004353,0.000529264,0.000600118,0.000377949,0.000437638,0.000629885,0.00065445,0.000581665,0.000660975
"TYRFUMCAT-PWY: L-tyrosine degradation I",0,0,0,7.19702e-06,0,0,0,0,0,0,0,0,0,6.00852e-06,0,0,0,0,0,0,0,0,6.20992e-06,0,0,0,0,0,0,0,0,0,0,0,0,0,0,0,0,0,0,0,0,0,0,0,0,0,0,1.56206e-05,0,0,0,0,0,0,0,0,0,0,0,0,0,0,0,0,0,4.88884e-06,0,0,0,0,0,0,0,0,0,0,0
"UBISYN-PWY: superpathway of ubiquinol-8 biosynthesis (early decarboxylation)",0,0,1.36037e-06,2.09016e-05,5.49205e-05,2.20673e-05,0,1.75343e-07,7.6046e-06,0,0,1.11578e-05,1.33296e-06,0,0,0,0,0,3.15612e-07,0,0,3.89782e-06,7.83728e-06,0,0,0,4.78155e-05,0,0,0,0,8.55618e-06,2.729e-05,0,2.83265e-06,1.71823e-05,0,1.09058e-06,4.41045e-06,0,0,0,5.22184e-06,0,0,0,0,6.23133e-07,1.64662e-06,7.73801e-06,0,0,0,0,0,0,2.63564e-06,1.23754e-06,0,0,0,1.57972e-05,0,1.05218e-05,0,0,1.58162e-06,7.7649e-05,3.92178e-07,9.30903e-06,1.39519e-06,0,0,2.88611e-05,0,0,0,7.70827e-07,3.30416e-06
"UDPNACETYLGALSYN-PWY: UDP-N-acetyl-D-glucosamine biosynthesis II",0,0,0,0,0,0,0,0,0,1.40744e-05,0,0,2.06801e-06,0,0,0,0,0,9.06145e-07,0,0,0,0,0,0,0,0,0,0,0,0,0,0,0,0,0,0,0,0,0,0,3.79796e-06,1.77417e-06,0,0,0,0,0,0,0,0,0,8.79572e-07,0,3.64146e-06,0,0,0,0,0,0,0,0,0,0,0,0,0,0,0,0,2.08259e-06,0,0,0,0,1.03048e-05,0,0
"UDPNAGSYN-PWY: UDP-N-acetyl-D-glucosamine biosynthesis I",0.000145302,0.000209507,0.000202711,0.000165445,0.000482291,0.000430732,0.000267255,0.000534218,0.00013301,6.57309e-05,7.78565e-05,0.000170773,0.000172562,0.00030329,0.000281152,9.10719e-05,0.000141047,0.000126121,0.000310651,0.000201138,0.00033009,0.000204689,0.000203922,0.000271576,0.000112305,0.000141767,0.00018827,0.000146219,0.000158565,0.000183186,9.16471e-05,0.000181997,0.000196946,0.000104305,0.000149065,0.00016338,7.88995e-05,0.000187741,0.000172775,0.000224475,9.13353e-05,0.000157059,0.000262379,0.000242367,0.0001599,0.00011908,0.000189639,0.000153832,0.000143078,0.000182533,0.000106752,0.000214263,0.000157557,0.000166837,0.00031698,0.000336881,8.25811e-05,0.000230733,0.00028811,0.000175767,0.000260449,0.0002763,0.000225262,0.000419604,0.000130187,0.000251039,0.000170421,0.000430766,0.000210843,0.00034566,0.000132609,0.000201726,0.000248307,0.000251356,0.000106448,0.000242452,0.000119399,0.000182522,0.000746571
"URDEGR-PWY: superpathway of allantoin degradation in plants",4.89833e-06,0,0,0,1.86247e-05,7.67943e-07,0,1.10995e-07,1.10429e-06,0,0,2.13457e-06,1.10552e-06,0,0,0,0,0,2.32994e-07,0,0,6.92297e-06,8.12403e-07,0,0,0,1.00396e-05,0,0,0,0,1.02671e-05,1.47331e-06,7.48269e-07,2.19207e-06,1.06205e-05,0,0,5.80329e-07,2.17101e-07,0,0,7.80746e-07,0,0,0,0,4.22724e-07,6.06992e-07,2.13539e-06,0,1.42341e-05,0,0,0,1.74132e-07,3.59753e-07,1.10702e-07,0,0,0,6.87816e-06,0,2.49306e-06,0,6.15085e-07,1.14423e-06,1.17257e-05,0,2.00107e-06,3.98408e-07,0,0,1.03166e-06,3.2636e-07,0,0,0,0
"URSIN-PWY: ureide biosynthesis",4.77624e-06,0,0,1.71278e-05,2.87013e-05,0,0,0,0,0,0,0,2.37503e-07,1.57357e-05,0,0,0,0,0,0,0,0,2.88485e-05,0,0,0,0,0,0,0,2.98406e-06,0,0,0,0,0,0,0,0,0,0,0,0,0,0,0,0,0,5.25483e-06,7.30497e-05,0,3.59742e-05,0,0,0,0,0,3.70362e-05,0,0,0,0,0,0,0,0,0,2.5079e-05,1.85214e-06,0,0,1.39315e-06,0,0,0,5.06228e-07,0,0,2.46062e-06
"VALDEG-PWY: L-valine degradation I",0,0,0,0,0,0,0,0,0,0,0,0,0,0,0,0,0,0,0,0,0,0,0,0,0,0,0,0,0,0,0,0,0,0,0,0,0,0,0,0,0,3.89191e-07,0,0,0,0,0,0,0,0,0,0,0,0,0,0,0,0,0,0,0,0,0,0,0,0,0,0,0,0,0,0,0,0,0,0,0,0,0
"VALSYN-PWY: L-valine biosynthesis",0.00061965,0.00060705,0.000566375,0.00062141,0.000546526,0.000543773,0.000558736,0.000577669,0.000518212,0.000595282,0.000496947,0.000551803,0.000445386,0.000371327,0.000591161,0.000967128,0.000830354,0.000709682,0.000573779,0.000646261,0.000546932,0.000448386,0.000494148,0.000583541,0.000636618,0.000506683,0.000579479,0.000625349,0.000822529,0.000549914,0.000737914,0.000501758,0.000500261,0.000412903,0.000508896,0.000448261,0.00234748,0.000743872,0.000591583,0.000698503,0.00110831,0.000487973,0.000581557,0.000654062,0.000610764,0.000750289,0.000625012,0.00059096,0.000666921,0.000385585,0.000568602,0.000449647,0.000576143,0.000650937,0.000636184,0.000697123,0.000672969,0.000503954,0.000699047,0.000572514,0.000629318,0.000604278,0.000492961,0.00051149,0.000773326,0.000617831,0.000526789,0.000700599,0.000423947,0.000754556,0.000593302,0.000507622,0.000522581,0.000631588,0.000683463,0.000641502,0.000530567,0.000573069,0.000712654
