"","SRR6915103_merged_Abundance","SRR6915104_merged_Abundance","SRR6915105_merged_Abundance","SRR6915106_merged_Abundance","SRR6915107_merged_Abundance","SRR6915108_merged_Abundance","SRR6915109_merged_Abundance","SRR6915110_merged_Abundance","SRR6915111_merged_Abundance","SRR6915112_merged_Abundance","SRR6915114_merged_Abundance","SRR6915117_merged_Abundance","SRR6915125_merged_Abundance","SRR6915126_merged_Abundance","SRR6915127_merged_Abundance","SRR6915128_merged_Abundance","SRR6915129_merged_Abundance","SRR6915130_merged_Abundance","SRR6915131_merged_Abundance","SRR6915132_merged_Abundance","SRR6915133_merged_Abundance","SRR6915134_merged_Abundance","SRR6915135_merged_Abundance","SRR6915136_merged_Abundance","SRR6915147_merged_Abundance","SRR6915149_merged_Abundance","SRR6915150_merged_Abundance","SRR6915151_merged_Abundance","SRR6915152_merged_Abundance","SRR6915153_merged_Abundance","SRR6915155_merged_Abundance","SRR6915156_merged_Abundance","SRR6915167_merged_Abundance","SRR6915168_merged_Abundance","SRR6915169_merged_Abundance","SRR6915170_merged_Abundance","SRR6915171_merged_Abundance","SRR6915172_merged_Abundance","SRR6915173_merged_Abundance","SRR6915174_merged_Abundance","SRR6915175_merged_Abundance","SRR6915176_merged_Abundance","SRR6915177_merged_Abundance","SRR6915178_merged_Abundance","SRR6915179_merged_Abundance","SRR6915180_merged_Abundance","SRR6915181_merged_Abundance","SRR6915182_merged_Abundance","SRR6915183_merged_Abundance","SRR6915184_merged_Abundance","SRR6915185_merged_Abundance","SRR6915186_merged_Abundance","SRR6915195_merged_Abundance","SRR6915196_merged_Abundance","SRR6915197_merged_Abundance","SRR6915198_merged_Abundance","SRR6915199_merged_Abundance","SRR6915200_merged_Abundance"
"UNMAPPED",0.210942,0.157553,0.262146,0.137278,0.194759,0.200649,0.193086,0.228135,0.12536,0.186229,0.158052,0.173274,0.134518,0.159393,0.233137,0.248199,0.239401,0.321109,0.16572,0.217144,0.263307,0.173624,0.232063,0.218645,0.182995,0.241317,0.179715,0.229716,0.222542,0.220811,0.205436,0.242805,0.183957,0.333713,0.191793,0.186798,0.162704,0.159213,0.172705,0.198216,0.181725,0.172987,0.23827,0.188466,0.176169,0.162861,0.259496,0.206891,0.207184,0.190987,0.211307,0.164481,0.188968,0.179591,0.235503,0.226249,0.222301,0.163029
"UNINTEGRATED",0.737289,0.783903,0.684212,0.796977,0.753555,0.742881,0.745507,0.714779,0.817064,0.755471,0.788089,0.768136,0.806134,0.789067,0.713838,0.699148,0.705805,0.630017,0.776807,0.73119,0.687486,0.772822,0.71751,0.724994,0.761973,0.706622,0.764304,0.721894,0.715668,0.724569,0.735843,0.701055,0.758515,0.621947,0.754215,0.752136,0.779579,0.783856,0.772701,0.74393,0.766596,0.781794,0.707662,0.751957,0.763777,0.777074,0.687238,0.740975,0.734205,0.755184,0.730342,0.784358,0.759292,0.759632,0.71273,0.720923,0.722734,0.784814
"12DICHLORETHDEG-PWY: 1,2-dichloroethane degradation",0,0,0,0,0,0,0,0,0,0,0,0,0,0,0,0,0,0,0,0,0,0,0,0,0,0,0,0,0,0,0,0,0,0,0,0,0,0,0,0,0,0,0,0,0,0,0,0,0,0,0,0,0,0,0,0,0,0
"1CMET2-PWY: folate transformations III (E. coli)",0.000354988,0.000480061,0.0004005,0.000307292,0.000475358,0.000488273,0.000415513,0.00048266,0.000534324,0.000436176,0.000426989,0.000477894,0.000315494,0.000375725,0.000441574,0.000465715,0.000411342,0.000369634,0.000444425,0.000329778,0.000378689,0.000364515,0.000431915,0.000439595,0.000403888,0.000460151,0.000453438,0.000411376,0.000512449,0.000452789,0.00044073,0.000395884,0.000434324,0.000382516,0.000416147,0.000490429,0.000502504,0.000416348,0.000456536,0.000399521,0.000472918,0.000336818,0.000471467,0.000423293,0.000372095,0.000521297,0.000472473,0.000414056,0.000436068,0.000455308,0.000530111,0.000404424,0.000455222,0.000537244,0.000421086,0.000404885,0.000459496,0.000426074
"3-HYDROXYPHENYLACETATE-DEGRADATION-PWY: 4-hydroxyphenylacetate degradation",0,4.0546e-07,3.75746e-06,0,0,0,1.93996e-06,0,8.02734e-07,0,0,0,0,0,0,0,0,0,0,0,0,0,0,0,2.0683e-06,0,0,0,3.71794e-06,0,0,5.51341e-07,0,0,2.39796e-06,0,0,0,0,4.75275e-06,0,0,1.18858e-06,3.17941e-06,6.13369e-06,0,4.72234e-07,0,0,0,0,0,0,0,0,0,0,0
"AEROBACTINSYN-PWY: aerobactin biosynthesis",0,0,9.59069e-06,0,0,0,4.92399e-07,0,7.10596e-07,0,0,0,4.46588e-06,3.77042e-06,0,0,0,0,1.18615e-06,1.06289e-05,0,0,0,0,0,0,0,0,0,0,0,0,0,0,0,0,0,0,0,0,0,0,0,0,0,0,0,0,1.12762e-06,0,0,0,7.28856e-07,0,1.2246e-06,0,0,0
"ALL-CHORISMATE-PWY: superpathway of chorismate metabolism",0,0,0,0,0,0,0,0,0,0,0,0,0,0,0,0,0,0,0,0,0,0,0,0,0,0,0,0,0,0,0,0,0,0,0,0,0,0,0,0,0,0,0,0,0,0,0,0,0,0,0,0,0,0,0,0,0,0
"ALLANTOINDEG-PWY: superpathway of allantoin degradation in yeast",7.33057e-06,4.30281e-06,7.4182e-06,2.16366e-05,7.37626e-06,8.95002e-06,1.04311e-05,1.18472e-05,7.63776e-07,0,1.3465e-05,6.57002e-06,1.10391e-05,8.33921e-06,9.16709e-06,0,2.11217e-06,2.96449e-06,9.24012e-06,1.47161e-06,1.17917e-06,4.36463e-06,1.20102e-06,1.39887e-06,8.17095e-06,3.51662e-06,6.61679e-06,7.35923e-07,2.46371e-06,3.94094e-06,2.66893e-06,4.03918e-06,0,2.92065e-06,6.27072e-06,1.00508e-05,0,5.51953e-06,1.52009e-06,2.09251e-05,5.41865e-06,1.50817e-06,8.72958e-07,6.23524e-06,1.91386e-05,4.90156e-06,2.44849e-06,8.3087e-06,7.59078e-06,1.01027e-05,1.43403e-06,4.17745e-06,5.61363e-06,8.67947e-06,1.91108e-06,4.83594e-06,0,3.05278e-06
"ANAEROFRUCAT-PWY: homolactic fermentation",0.000297766,0.000213949,0.000189145,0.000312806,0.000169089,0.000137496,0.000341545,0.000218794,0.000332849,0.000225806,0.000237091,0.00021086,0.000259117,0.000275835,0.000264896,0.00015856,0.000223224,0.000220342,0.000272121,0.000229096,0.0002622,0.000284679,0.000175337,0.000292559,0.000187091,0.000160551,0.000263775,0.000194591,0.00017912,0.000210783,0.000247941,0.000255701,0.000265359,0.000219113,0.00027228,0.000173705,0.000192479,0.000348279,0.000224559,0.000259287,0.000149375,0.000106963,0.000153392,0.000361968,0.00029912,0.000285044,0.000154366,0.000292587,0.000283759,0.00019355,0.000182782,0.000225726,0.000192198,0.000219753,0.000196599,0.000286244,0.000229806,0.000114292
"ANAGLYCOLYSIS-PWY: glycolysis III (from glucose)",0.000479619,0.000558415,0.000502993,0.000403854,0.000563277,0.000587221,0.000575435,0.00059351,0.000537545,0.000597291,0.000506486,0.00062085,0.000408193,0.000434089,0.00053402,0.000590766,0.000569504,0.000493367,0.000590963,0.000464235,0.000421651,0.00050635,0.000522355,0.000618812,0.00057352,0.000571496,0.000563122,0.00049879,0.000656283,0.000550564,0.000608645,0.000555225,0.000563705,0.000500649,0.000475216,0.000665524,0.000606461,0.000500222,0.000588921,0.000558615,0.000508988,0.00055039,0.0005968,0.000524197,0.000483322,0.000555746,0.000580593,0.000456834,0.000595108,0.000504218,0.00069335,0.00055214,0.000512822,0.000700829,0.000570685,0.000511683,0.000576896,0.000541344
"ARG+POLYAMINE-SYN: superpathway of arginine and polyamine biosynthesis",5.74909e-05,8.56711e-05,0.000130977,0.000251137,4.45557e-05,6.14046e-05,9.11256e-05,0.000101618,3.19639e-05,7.51288e-05,9.76223e-05,9.87314e-05,0.000237407,8.85965e-05,6.30128e-05,5.96313e-05,0.00010476,0.000133825,7.14824e-05,0.000100152,5.10326e-05,7.83567e-05,9.71246e-05,7.2591e-05,0.000137804,7.63999e-05,2.0022e-05,0.000105532,7.7252e-05,0.000125999,2.94905e-05,5.47044e-05,5.54655e-05,0.000118161,0.00010145,9.7588e-05,4.52757e-05,3.97501e-05,8.97147e-05,0.000100699,5.84483e-05,4.51683e-05,8.17497e-05,0.000106331,0.000231979,0.000119274,0.000105664,0.000130469,9.2144e-05,0.000164829,4.58641e-05,3.96547e-05,6.22885e-05,6.75498e-05,9.08634e-05,4.85579e-05,7.67116e-05,6.04239e-05
"ARGDEG-PWY: superpathway of L-arginine, putrescine, and 4-aminobutanoate degradation",0,0,5.42443e-06,0,0,0,9.17423e-07,0,0,0,0,4.93987e-07,0,0,0,0,0,1.46584e-06,0,2.34825e-06,0,0,0,0,3.39995e-06,0,0,0,6.53927e-07,0,0,0,0,0,0,0,0,0,0,1.27988e-06,0,0,0,0,3.58364e-05,0,0,0,0,0,0,0,0,0,0,0,0,0
"ARGININE-SYN4-PWY: L-ornithine biosynthesis II",4.46548e-05,0.000145229,4.59544e-05,0.000168543,0.000110499,0.000147017,0.000116111,0.000235995,0.000275569,8.46971e-05,0.000194962,8.96889e-05,0.000108926,0.000198555,7.8251e-05,6.21852e-06,8.52818e-05,5.27867e-05,0.000148044,7.06599e-05,4.82391e-05,5.03564e-05,6.88179e-05,1.90495e-05,4.07091e-05,0.000112961,9.90275e-05,0.000111527,2.29501e-05,9.30978e-05,0.000168058,2.14816e-05,0.000203924,0.000109422,6.23311e-05,0.000117104,0.000177088,0.000189452,0.00012543,8.86617e-05,0.000193861,3.70409e-05,4.91424e-05,0.000158855,5.20311e-05,0.000246069,0.000102631,0.000154078,6.36831e-05,0.000218902,1.93192e-05,9.81187e-05,0.000135644,0.000125965,5.23602e-05,5.41238e-05,0.000185633,7.06794e-05
"ARGSYN-PWY: L-arginine biosynthesis I (via L-ornithine)",0.000551543,0.000525192,0.000640775,0.000408025,0.000555551,0.000637128,0.000609365,0.000537547,0.000432046,0.000632074,0.000488286,0.000698853,0.000402608,0.000362108,0.000650898,0.000541942,0.00065972,0.000485533,0.000560516,0.000462492,0.00058875,0.000451311,0.000562116,0.000601678,0.000569013,0.000620218,0.000553246,0.000456625,0.000732415,0.000561792,0.000606125,0.00067371,0.000515875,0.000485064,0.000553013,0.00073317,0.000610719,0.000496022,0.000617951,0.000605308,0.000477355,0.000458668,0.000603839,0.000571518,0.000529059,0.000515259,0.00050369,0.000404412,0.000630194,0.000478902,0.00077646,0.000408092,0.000566126,0.000741588,0.000538638,0.000507545,0.000661756,0.00054014
"ARGSYNBSUB-PWY: L-arginine biosynthesis II (acetyl cycle)",0.000554739,0.000529337,0.00065789,0.000428341,0.000568862,0.000653801,0.00060406,0.000530295,0.000418705,0.00064241,0.000495219,0.000709234,0.000411828,0.000359811,0.000648649,0.000468564,0.000660789,0.000474452,0.000568461,0.000474537,0.000569432,0.000439073,0.000578746,0.000619215,0.000569687,0.000625478,0.000541202,0.000454104,0.000769778,0.000573929,0.00061017,0.000684553,0.000511736,0.00047065,0.000552975,0.000741278,0.000613108,0.000489762,0.000619732,0.000617196,0.000469357,0.000452955,0.000624104,0.000590011,0.000531641,0.000519454,0.000503062,0.00038038,0.000643504,0.000472217,0.000788433,0.000395045,0.000560927,0.000743403,0.000536537,0.000514946,0.00069278,0.000547522
"ARO-PWY: chorismate biosynthesis I",0.000552799,0.000567822,0.000621281,0.000414135,0.000573236,0.000667604,0.000599175,0.000543882,0.000551754,0.000636328,0.000538752,0.000674918,0.000413286,0.000463611,0.000591437,0.000635711,0.000605492,0.00049397,0.000594183,0.000517912,0.000544107,0.000493129,0.000573183,0.000585064,0.000554865,0.00061211,0.000618725,0.000514021,0.000720772,0.000570772,0.000566404,0.000655025,0.00054936,0.000455615,0.000545933,0.000737396,0.000616131,0.000540974,0.000638296,0.000573453,0.000585326,0.000499332,0.000622967,0.000548503,0.000533396,0.000613598,0.000568633,0.0004875,0.00064305,0.000562537,0.000737259,0.000497848,0.000587352,0.00074574,0.000540777,0.000568325,0.000667075,0.000560877
"ASPASN-PWY: superpathway of L-aspartate and L-asparagine biosynthesis",0.000251977,0.000298201,0.000181065,0.000378694,0.000222549,0.000180644,0.000190839,0.000270489,0.000416624,0.000221778,0.000223957,0.000213441,0.000304265,0.00024379,0.000171404,0.000232664,0.000172587,0.000231946,0.000208221,0.000201075,0.000177187,0.000312261,0.000189236,0.000204821,0.000242965,0.000186101,0.000177002,0.00020017,0.000169894,0.000205002,0.00020721,0.000180278,0.000334793,0.000157679,0.000194219,0.000209848,0.000274071,0.000169177,0.000195826,0.000212374,0.000244516,0.000257874,0.000141172,0.000252068,0.000245845,0.000321216,0.00015607,0.000266372,0.00020053,0.000174256,0.00016611,0.000265393,0.000264087,0.000212191,0.000241012,0.000152174,0.000144173,0.000290672
"AST-PWY: L-arginine degradation II (AST pathway)",0,0,7.63115e-06,6.698e-05,0,0,3.43243e-06,0,9.87675e-07,0,0,9.04121e-07,3.43848e-05,3.40063e-06,7.71945e-07,0,0,3.44937e-06,9.08926e-07,9.31785e-06,0,0,0,0,8.06775e-06,0,0,0,3.43564e-06,3.3715e-06,0,5.26722e-06,0,0,3.84126e-06,0,0,4.06216e-07,0,7.12989e-06,0,0,1.24578e-06,5.88086e-06,4.43102e-05,0,0,8.84435e-07,1.91796e-06,8.61229e-06,0,5.81197e-07,3.87616e-07,0,8.50341e-07,2.15811e-06,0,0
"BIOTIN-BIOSYNTHESIS-PWY: biotin biosynthesis I",5.83836e-05,0.000114547,8.42076e-05,0.000196451,4.58685e-05,4.54459e-05,0.00013055,0.000115882,0.000130666,8.36341e-05,8.16355e-05,5.47199e-05,0.000215556,0.000149772,8.82243e-05,1.15683e-05,3.10101e-05,7.27572e-05,9.19592e-05,0.000120946,7.86305e-05,5.14796e-05,3.44748e-05,2.0963e-05,0.000102769,5.11794e-05,0.000124763,3.88127e-05,3.95962e-05,8.83218e-05,6.12014e-05,5.77379e-05,0.000115733,6.70136e-05,0.0001193,4.87888e-05,2.59803e-05,0.000150269,5.61848e-05,0.000111677,2.0546e-05,1.44044e-05,3.31365e-05,0.00012172,0.000140298,3.87467e-05,7.516e-05,9.04201e-05,7.70465e-05,0.000180213,3.48355e-05,4.97325e-05,6.49044e-05,5.76695e-05,5.14749e-05,8.69596e-05,6.84321e-05,3.42919e-05
"BRANCHED-CHAIN-AA-SYN-PWY: superpathway of branched chain amino acid biosynthesis",0.00065058,0.000567921,0.000544877,0.000517322,0.000645016,0.000650762,0.000623951,0.000591776,0.000501525,0.000632425,0.000499944,0.000582298,0.000449865,0.000519211,0.00059105,0.000689687,0.000542644,0.000485021,0.000608427,0.000479334,0.000516247,0.000593753,0.000564204,0.000626382,0.000634007,0.000580268,0.000646148,0.000506237,0.000678948,0.000535564,0.000661779,0.000641839,0.00049042,0.00046119,0.000605114,0.000661812,0.000591136,0.000578971,0.000650866,0.000569324,0.000589835,0.000633097,0.000595926,0.000644156,0.000551568,0.000612737,0.000524662,0.000531476,0.000643603,0.000517863,0.000691852,0.000607353,0.000467571,0.000673228,0.000574183,0.000551581,0.000645153,0.000663014
"CALVIN-PWY: Calvin-Benson-Bassham cycle",0.000456705,0.000558133,0.000514976,0.000432077,0.000577157,0.000586873,0.000515539,0.000548653,0.000478051,0.000585766,0.000481146,0.000590089,0.000426871,0.000397744,0.000479646,0.000544159,0.000481017,0.000486843,0.000530342,0.000496816,0.000398274,0.000465118,0.000520452,0.000575039,0.000560124,0.000549178,0.000563642,0.000436381,0.000635423,0.00048809,0.0005552,0.000591589,0.000480726,0.000476116,0.00047053,0.000640245,0.000580575,0.000408148,0.000553791,0.000515728,0.00052368,0.000489868,0.000545844,0.000490557,0.000493577,0.000521628,0.000580339,0.000416989,0.000596141,0.000510462,0.000665115,0.000529481,0.000500557,0.000664374,0.000563037,0.0005463,0.00054974,0.000537591
"CARNMET-PWY: L-carnitine degradation I",0,0,2.38742e-06,2.55618e-05,0,0,1.19181e-06,0,2.25283e-07,0,0,2.64126e-07,1.33845e-05,9.18026e-07,0,0,0,3.13136e-07,5.88763e-07,3.46649e-06,0,0,0,0,3.35197e-06,0,0,0,2.76641e-07,7.58848e-07,0,3.63132e-06,0,0,0,0,0,1.31338e-07,0,1.1661e-06,0,0,1.98559e-07,1.78466e-06,3.82969e-06,0,0,1.31725e-07,7.46399e-07,4.08775e-06,0,0,1.30236e-07,0,2.1456e-07,2.87783e-07,0,0
"CATECHOL-ORTHO-CLEAVAGE-PWY: catechol degradation to &beta;-ketoadipate",0,0,0,0,0,0,0,0,0,0,0,0,0,0,0,0,0,0,0,0,0,0,0,0,1.08216e-06,0,0,0,0,0,0,0,0,0,1.53207e-06,0,0,0,0,0,0,0,0,2.06484e-06,1.00506e-05,0,0,0,0,0,0,0,0,0,0,0,0,0
"CENTFERM-PWY: pyruvate fermentation to butanoate",2.09489e-05,5.80841e-05,5.23965e-05,2.03805e-05,5.95481e-05,3.39139e-05,4.37008e-05,4.28078e-05,7.76667e-06,6.36874e-05,3.21385e-05,2.60606e-05,3.49772e-05,2.00021e-05,4.82993e-05,1.88541e-05,4.78006e-05,4.50926e-05,3.9186e-05,5.57107e-05,4.92696e-05,3.37907e-05,6.08376e-05,2.23283e-05,2.44917e-05,2.18301e-05,4.87967e-05,5.82084e-05,3.38787e-05,6.65713e-05,4.84267e-05,6.40806e-05,2.65936e-05,4.95952e-05,3.64633e-05,2.94819e-05,3.38025e-05,1.99106e-05,3.14322e-05,3.29898e-05,3.41974e-05,3.6087e-05,2.40264e-05,3.47267e-05,2.69501e-05,4.8286e-05,3.46318e-05,5.14107e-05,4.93735e-05,3.83713e-05,6.79213e-05,6.59856e-06,4.5152e-05,4.58551e-05,3.97682e-05,1.57191e-05,8.38228e-05,6.32641e-05
"CHLOROPHYLL-SYN: 3,8-divinyl-chlorophyllide a biosynthesis I (aerobic, light-dependent)",0,0,0,0,0,0,1.09199e-06,0,0,0,0,0,6.10206e-06,5.94842e-06,0,0,0,0,0,0,0,0,0,0,0,0,0,0,8.42073e-06,0,0,0,0,0,0,0,0,0,0,3.3999e-06,0,0,0,0,0,0,0,0,0,0,0,0,0,0,0,0,0,0
"CITRULBIO-PWY: L-citrulline biosynthesis",7.00383e-05,0.000165423,7.37711e-05,0.000220193,0.000122484,0.000138101,0.000259574,0.000148871,0.000344004,0.000106954,0.000160851,0.000140616,0.000150581,0.000221096,9.381e-05,1.03961e-05,9.58998e-05,5.20705e-05,0.000119555,6.9794e-05,9.5082e-05,6.81005e-05,8.48445e-05,2.7542e-05,5.22227e-05,0.000143421,0.000280482,0.000178105,2.67327e-05,0.000153668,0.000132711,3.05699e-05,0.000178939,0.000255577,0.000151946,0.000122954,0.000215212,0.000229543,0.000150074,0.000192794,0.0001302,2.68017e-05,9.25618e-05,0.000179784,8.11424e-05,0.000279193,9.05174e-05,0.000190539,6.60031e-05,0.000133777,0.000136204,0.00016184,0.000136327,0.000184978,5.37984e-05,7.56887e-05,0.00021007,8.27367e-05
"COA-PWY-1: superpathway of coenzyme A biosynthesis III (mammals)",0.0004784,0.000440781,0.000426402,0.000293937,0.000470552,0.000528358,0.000532164,0.000459854,0.000457011,0.000515508,0.000444661,0.000530906,0.000316577,0.000413962,0.000429885,0.000526599,0.000517147,0.000391551,0.00053394,0.00044471,0.000509172,0.000386148,0.000436309,0.000477121,0.000427191,0.000470117,0.000509992,0.000458246,0.000552938,0.00049333,0.000499989,0.000565013,0.00045694,0.00040031,0.000486594,0.000571481,0.000528578,0.00046822,0.000486648,0.000459231,0.000496273,0.000380465,0.000493566,0.000513193,0.000422911,0.000542116,0.000476869,0.00036978,0.000509358,0.000484339,0.000570479,0.000388647,0.000485235,0.000569392,0.00042093,0.000413339,0.000505847,0.000419429
"COA-PWY: coenzyme A biosynthesis I (prokaryotic)",0.000452799,0.000410328,0.000392938,0.000275116,0.000440635,0.000491275,0.000491002,0.000433199,0.000436428,0.000478588,0.000418275,0.000492305,0.000291314,0.000399663,0.000388695,0.000520249,0.0004816,0.000378725,0.000502792,0.000427454,0.000471322,0.000371361,0.000409007,0.000453059,0.000400891,0.000435856,0.000479598,0.000420722,0.000512439,0.000461359,0.000474253,0.000520392,0.000441178,0.000362512,0.000461243,0.000522354,0.000500818,0.000440684,0.000452856,0.000420013,0.000473485,0.000361968,0.000465015,0.000487553,0.000397128,0.0005043,0.000451766,0.00037301,0.000480693,0.000448549,0.000526452,0.00037344,0.000449363,0.000530952,0.000383947,0.00040348,0.000465669,0.000393911
"COBALSYN-PWY: superpathway of adenosylcobalamin salvage from cobinamide I",0.000135925,0.00026707,0.000146451,0.000133273,0.000255698,0.000237085,0.000201364,0.000210615,0.00020256,0.000293661,0.000231817,0.000262365,0.000184185,0.000146192,0.000117714,9.0904e-05,0.000207098,0.000132325,0.00018909,0.00015795,0.000150558,0.000136561,0.000154633,0.000131255,0.000197873,0.000141257,0.000169672,0.000170249,0.00026306,0.000166207,0.000247208,0.00019316,0.000190001,6.72722e-05,0.000155819,0.000295012,0.000236967,0.000140457,0.000234379,0.000158714,0.000214572,0.000139024,0.000154907,0.000196436,0.0002056,0.000237719,0.000113411,0.000103065,0.000164581,0.000197042,0.000258795,0.000176821,0.000187928,0.000294011,0.000205935,0.000127613,0.000182037,0.000161625
"COLANSYN-PWY: colanic acid building blocks biosynthesis",0.000159562,0.000233771,0.000147843,0.000227356,0.000139234,0.000186468,0.000170575,0.000166947,0.000175488,0.000188947,0.00019017,0.00019388,0.000209228,0.000176777,0.000121171,0.000148674,0.000176861,0.000159267,0.000195262,0.000137171,0.000125057,0.000220436,0.000126039,0.000276267,0.000150527,0.000172538,0.000175937,0.000134604,0.000193609,0.000150046,0.000211012,0.000155837,0.000246786,0.00013381,0.000126105,0.000206786,0.000213904,0.00019419,0.000161643,0.000184225,0.000157479,0.000151447,0.000173512,0.000209108,0.000168581,0.000227736,0.00019772,0.000191985,0.00017223,0.000133057,0.000191377,0.000116191,0.000155275,0.000187972,0.000171248,0.00014493,0.000156539,0.00016042
"COMPLETE-ARO-PWY: superpathway of aromatic amino acid biosynthesis",0.000518586,0.000525725,0.000596643,0.000400032,0.000546429,0.000625009,0.000555694,0.000533745,0.000533856,0.000589257,0.000510845,0.000633708,0.00039085,0.000444101,0.000563236,0.000599565,0.000563552,0.000431201,0.000569923,0.000453625,0.000480919,0.000490019,0.000553324,0.000570707,0.000524276,0.000576158,0.000583496,0.000461287,0.000680361,0.000538956,0.0005472,0.000602998,0.000515325,0.000419677,0.000507033,0.000692359,0.000574087,0.000518453,0.000603447,0.000544081,0.000538206,0.000485887,0.000603127,0.000531307,0.000494086,0.000578811,0.00052815,0.000438709,0.000604548,0.000518922,0.000691653,0.000478836,0.000545781,0.000701869,0.000488328,0.000527853,0.000637355,0.00054169
"CRNFORCAT-PWY: creatinine degradation I",0,4.29387e-06,0,0,3.63037e-06,1.4627e-06,0,2.58909e-06,0,1.2457e-06,0,0,7.13523e-06,8.56214e-07,2.93121e-06,0,0,0,0,0,0,0,0,0,0,0,0,0,0,0,0,2.54506e-06,0,0,0,0,0,0,0,0,0,0,0,6.19349e-06,0,0,0,0,0,0,8.11074e-07,0,0,0,0,0,0,0
"DAPLYSINESYN-PWY: L-lysine biosynthesis I",0.000152713,0.000107963,0.000100294,0.000268998,5.29143e-05,0.000102645,0.000175518,7.95069e-05,0.000173688,0.000141932,6.30516e-05,4.84733e-05,0.000208537,0.000102591,0.000199081,0.000397517,8.21715e-05,7.11039e-05,0.000185807,8.71232e-05,0.000216268,7.22139e-05,5.45212e-05,3.43268e-05,0.000101595,8.46197e-05,0.000183534,7.84951e-05,5.95263e-05,6.1772e-05,0.000112471,9.80201e-05,0.000101127,0.000102513,0.00018784,8.25736e-05,8.28512e-05,0.000314326,0.000117653,0.00016275,6.26859e-05,1.21427e-05,5.21166e-05,0.000114724,0.000183945,0.000110372,0.000109875,7.06612e-05,8.65872e-05,8.83689e-05,0.000106267,0.000108592,0.000120152,0.000137411,8.94191e-05,0.000209861,0.000155549,2.34542e-05
"DARABCATK12-PWY: D-arabinose degradation I",3.46309e-06,2.59362e-06,1.48634e-06,3.23402e-05,0,1.42772e-06,2.63832e-06,0,3.50852e-06,0,0,6.76882e-07,2.41389e-05,1.36968e-06,1.69762e-07,0,0,2.59794e-06,6.01296e-07,5.24632e-06,6.87158e-07,4.34377e-06,0,0,4.46723e-06,0,0,8.03457e-07,3.92968e-06,7.57164e-07,2.73325e-07,4.54193e-06,0,0,3.29729e-06,0,0,1.4762e-07,0,2.52812e-06,0,0,3.27544e-07,3.64452e-06,6.75027e-06,0,0,2.96944e-07,6.69914e-07,4.23152e-06,4.50503e-07,2.54593e-07,0,0,3.94638e-06,1.08998e-06,0,0
"DENITRIFICATION-PWY: nitrate reduction I (denitrification)",0,4.34408e-07,0,0,0,0,0,0,0,0,0,6.1554e-07,0,0,0,0,0,0,0,0,0,0,0,0,0,0,0,0,0,0,0,0,0,0,0,0,0,0,0,0,0,0,0,0,0,0,0,0,0,0,0,0,0,0,0,0,0,0
"DENOVOPURINE2-PWY: superpathway of purine nucleotides de novo biosynthesis II",0,0,2.22844e-05,0.000138851,0,0,1.20173e-05,0,0,0,0,1.59126e-05,8.83002e-05,1.63885e-05,0,0,0,2.05579e-05,5.48625e-06,3.1485e-05,0,4.20855e-05,0,0,2.53382e-05,0,0,8.26117e-06,3.33224e-05,0,0,3.91178e-05,0,0,1.25265e-05,0,0,0,0,2.57836e-05,0,0,1.07779e-05,6.95773e-05,4.51891e-05,0,0,4.76744e-06,8.87248e-06,3.36497e-05,0,4.43148e-06,3.66287e-06,0,5.49162e-06,1.36665e-05,0,2.89112e-06
"DHGLUCONATE-PYR-CAT-PWY: glucose degradation (oxidative)",0,0,0,0,0,0,0,0,0,0,0,0,0,0,0,0,0,0,0,0,0,0,0,0,0,0,0,0,0,0,0,0,0,0,5.66684e-07,0,0,0,0,0,0,0,0,0,0,0,0,0,0,0,0,0,0,0,0,0,0,0
"DTDPRHAMSYN-PWY: dTDP-&beta;-L-rhamnose biosynthesis",0.000885641,0.000626483,0.000546268,0.000448324,0.000641754,0.000754573,0.000747377,0.000661479,0.000961567,0.000730425,0.00071245,0.000693016,0.0005923,0.000554931,0.000592079,0.000943538,0.000607699,0.0005013,0.000610833,0.000441844,0.000662977,0.000684538,0.000480777,0.000662322,0.000641275,0.000670873,0.000717346,0.000625264,0.000742858,0.000594984,0.000688977,0.000620213,0.000667344,0.000611371,0.000574821,0.000814117,0.000670092,0.000635301,0.000686492,0.000583211,0.000630056,0.000786899,0.000612738,0.000525795,0.000548533,0.00065099,0.00068874,0.000618428,0.000599594,0.000540208,0.000752602,0.000810232,0.000626185,0.000706827,0.000720264,0.00043135,0.000718556,0.000905212
"ECASYN-PWY: enterobacterial common antigen biosynthesis",0,0,6.03701e-06,2.5576e-05,0,1.67662e-06,3.10964e-06,0,0,0,0,1.79995e-06,2.32921e-05,4.76136e-06,3.36911e-07,0,0,4.77625e-06,2.33488e-06,6.72196e-06,0,0,0,0,1.09292e-05,1.40854e-06,0,9.91812e-07,6.61579e-06,2.28266e-06,0,8.13073e-06,0,0,5.22248e-06,0,0,2.32695e-07,0,5.64573e-06,0,0,0,1.69707e-05,2.14042e-05,0,0,1.46754e-06,1.79109e-06,7.86258e-06,0,0,8.27112e-07,0,9.51799e-07,2.9414e-06,0,0
"FAO-PWY: fatty acid &beta;-oxidation I (generic)",0,4.67556e-06,1.96103e-05,0.000178711,0,8.62164e-06,1.42713e-05,0,3.6398e-06,0,0,5.69759e-06,0.00012738,1.54673e-05,2.40397e-06,0,0,1.63013e-05,8.76505e-06,3.4576e-05,0,0,0,0,2.88408e-05,0,0,0,1.82268e-05,1.34273e-05,1.97027e-06,3.16864e-05,0,0,1.62911e-05,0,0,1.98961e-06,0,1.70045e-05,0,0,0,3.16684e-05,7.12388e-05,0,3.05448e-06,4.78172e-06,9.04247e-06,3.46662e-05,0,6.00738e-06,9.44172e-07,0,8.31599e-06,1.23079e-05,0,0
"FASYN-ELONG-PWY: fatty acid elongation -- saturated",7.45539e-05,0.000114767,0.000107911,0.000329536,3.86916e-05,4.4956e-05,0.000182623,0.000118138,0.000133447,8.83193e-05,8.00573e-05,5.57079e-05,0.000299123,0.000162998,0.000110281,1.23197e-05,3.08861e-05,8.41614e-05,8.50251e-05,0.00014893,0.000123023,5.96533e-05,3.39862e-05,2.315e-05,0.000168489,5.12552e-05,0.000155223,3.80195e-05,4.37503e-05,0.000103768,4.61779e-05,6.34211e-05,0.000121626,7.4529e-05,0.00013864,4.78019e-05,2.44978e-05,0.000166201,5.55535e-05,0.000136442,1.60182e-05,1.46635e-05,3.62604e-05,0.000123452,0.000193949,3.66169e-05,8.02914e-05,8.10172e-05,9.58444e-05,0.000201454,7.3898e-05,6.1659e-05,7.02208e-05,5.82154e-05,5.91281e-05,9.70225e-05,7.5455e-05,3.49002e-05
"FASYN-INITIAL-PWY: superpathway of fatty acid biosynthesis initiation (E. coli)",6.25528e-06,3.95756e-06,2.84007e-06,5.60484e-06,3.1922e-06,5.15514e-06,2.14665e-05,3.25427e-06,3.91705e-05,2.18989e-05,5.67854e-06,0,0,0,5.86516e-05,0,1.91304e-05,0,6.97107e-06,3.43598e-06,4.02134e-05,1.80545e-06,9.253e-06,0,0,1.98525e-06,0,5.12264e-06,0,0,1.52522e-05,2.12569e-06,2.25438e-05,2.88791e-06,1.64995e-05,6.62853e-06,1.90825e-05,2.75184e-05,4.20396e-06,3.79948e-05,0,0,0,1.50535e-05,1.52038e-05,1.2062e-05,1.37806e-06,1.87828e-06,1.27639e-05,0,1.57784e-05,2.52269e-05,1.40416e-05,9.05787e-06,8.19028e-06,1.65599e-05,2.41462e-05,0
"FERMENTATION-PWY: mixed acid fermentation",0.000186018,9.49636e-05,0.000118939,0.000284245,0.000175098,0.000212335,0.000108402,4.33769e-05,9.50431e-06,0.000168147,4.94891e-05,0.000166264,0.000183838,7.1425e-05,7.08177e-05,0.000310511,0.000120956,0.000135446,0.00015349,0.000112119,0.000105064,0.000125579,0.00017966,0.000232097,0.000121513,9.55224e-05,6.0889e-05,0.000104664,0.000363854,0.000128705,5.86464e-05,0.000142662,0.000129065,5.08575e-05,0.000108744,0.000100874,6.24382e-05,9.96969e-05,0.000108415,9.50775e-05,0.000143012,0.000165241,0.000314918,0.00012503,0.000271528,5.73858e-05,9.90515e-05,5.00123e-05,0.000138854,0.000125762,9.89102e-05,4.53537e-05,6.07785e-05,0.000199253,9.73436e-05,0.000191171,9.36485e-05,0.000128121
"FOLSYN-PWY: superpathway of tetrahydrofolate biosynthesis and salvage",1.11335e-05,5.58494e-05,2.96752e-05,0.00012592,2.73117e-05,1.52883e-05,1.72605e-05,2.25397e-05,1.12014e-05,5.92542e-05,9.39245e-05,5.52867e-05,9.95143e-05,9.86691e-05,1.23835e-05,3.14733e-05,7.11463e-05,3.2168e-05,7.2568e-05,3.85875e-05,2.94032e-05,9.86112e-05,5.79342e-05,0.000121188,4.40128e-05,5.04343e-05,6.63883e-05,2.47337e-05,5.87776e-05,5.66673e-05,1.5168e-05,3.30399e-05,6.03179e-05,3.5312e-05,1.48727e-05,0,3.68102e-05,4.09063e-06,5.45496e-05,3.7083e-05,4.15476e-05,5.60786e-05,5.97928e-05,6.7878e-05,4.92938e-05,0,3.1299e-05,3.40128e-05,0.000101526,5.51919e-05,2.96113e-05,8.76628e-06,3.70289e-05,3.15307e-05,1.83786e-05,5.40216e-05,2.03083e-05,4.39956e-05
"FUC-RHAMCAT-PWY: superpathway of fucose and rhamnose degradation",3.42427e-05,9.58502e-05,5.22201e-05,0.000156726,4.44296e-05,5.83814e-05,5.60924e-05,7.12401e-05,2.44583e-05,4.01007e-05,7.3091e-05,6.22706e-05,0.000131693,4.93687e-05,3.73691e-05,9.30515e-06,1.8763e-05,5.8694e-05,5.01758e-05,6.34404e-05,2.61603e-05,3.03959e-05,4.27412e-05,2.68761e-05,5.45248e-05,5.98881e-05,3.95848e-05,4.31897e-05,2.82179e-05,7.65793e-05,7.33895e-05,3.83426e-05,7.02547e-05,3.51445e-05,4.5631e-05,4.45514e-05,8.95681e-05,7.60094e-05,5.56609e-05,6.82548e-05,5.21296e-05,2.18231e-05,3.57429e-05,5.11317e-05,9.31875e-05,5.40963e-05,3.21489e-05,3.8223e-05,4.09872e-05,6.96817e-05,4.80232e-06,2.43464e-05,2.79057e-05,4.2665e-05,5.18021e-05,3.95008e-05,4.46051e-05,4.709e-05
"FUCCAT-PWY: fucose degradation",2.44985e-05,6.12209e-05,4.29967e-05,0.000146929,2.91323e-05,3.94362e-05,4.87421e-05,4.23917e-05,1.17818e-05,2.32137e-05,4.13678e-05,3.61184e-05,0.000132358,2.84731e-05,4.04175e-05,4.51921e-06,9.40303e-06,7.75408e-05,3.13721e-05,4.88673e-05,1.50008e-05,1.80461e-05,3.02433e-05,3.56769e-05,3.52136e-05,3.30514e-05,2.2861e-05,2.59553e-05,2.49291e-05,4.54788e-05,5.16543e-05,3.14354e-05,3.81853e-05,1.88194e-05,3.44371e-05,2.28568e-05,5.36468e-05,6.5438e-05,3.32071e-05,4.26762e-05,3.44313e-05,1.06808e-05,2.38875e-05,3.0647e-05,7.49353e-05,6.09437e-05,4.28485e-05,2.05796e-05,2.865e-05,4.79478e-05,3.01891e-05,1.29916e-05,1.55619e-05,2.36106e-05,4.41223e-05,3.22245e-05,2.61395e-05,3.57518e-05
"GALACT-GLUCUROCAT-PWY: superpathway of hexuronide and hexuronate degradation",6.17858e-06,7.40335e-05,4.94681e-05,7.78767e-05,2.19169e-05,3.66369e-05,4.0116e-05,2.13347e-05,1.60173e-05,6.75009e-05,2.79731e-05,4.45032e-05,7.70559e-05,3.98007e-05,2.19414e-05,2.95865e-05,6.24099e-06,4.48416e-05,2.93901e-05,5.13755e-05,9.42076e-06,3.7423e-05,1.2678e-05,2.56229e-05,5.36592e-05,1.6527e-05,2.43923e-06,3.15483e-05,5.19002e-05,4.98398e-05,1.65531e-05,3.10305e-05,2.25898e-05,0,2.8799e-05,6.22716e-05,5.92781e-06,2.29036e-05,2.18293e-05,4.59453e-05,2.30382e-05,1.84381e-05,2.15392e-05,3.82684e-05,6.67471e-05,3.3421e-05,2.06051e-05,7.68382e-06,3.032e-05,6.22509e-05,2.33837e-05,1.41476e-05,1.182e-05,3.86262e-05,2.0019e-05,2.37853e-05,5.07776e-06,2.16226e-05
"GALACTARDEG-PWY: D-galactarate degradation I",0,5.24919e-06,2.2403e-05,0.000223785,0,3.56954e-06,1.72181e-05,0,9.86125e-06,6.12882e-07,1.16706e-06,1.04181e-05,0.000136658,3.19044e-05,4.01107e-06,0,3.03388e-06,1.59466e-05,4.46436e-06,3.7241e-05,0,1.23789e-06,3.03522e-06,0,3.64409e-05,2.63415e-06,6.68692e-06,4.13329e-06,7.2511e-06,1.67167e-05,1.12636e-05,1.22162e-05,4.48505e-06,4.19753e-06,8.00884e-06,1.2618e-06,9.03473e-07,6.54818e-06,3.47881e-06,3.9735e-05,2.38863e-06,5.40556e-06,6.75067e-06,2.52977e-05,7.70457e-05,1.7206e-06,6.63092e-06,7.66298e-06,6.5411e-06,3.96297e-05,2.84099e-06,1.65437e-05,3.66947e-06,0,6.71645e-06,2.58956e-05,3.91857e-06,7.58415e-07
"GALACTITOLCAT-PWY: galactitol degradation",8.59478e-07,4.84936e-05,1.78353e-05,0.000167492,0,1.42826e-06,7.53138e-06,0,2.5412e-06,1.16223e-06,0,3.18859e-06,0.00011749,1.03806e-05,1.28345e-05,2.60758e-07,0,1.48531e-05,6.02832e-06,2.79232e-05,2.47653e-06,0,5.13641e-06,4.46372e-06,1.17915e-05,1.81122e-05,3.3614e-05,7.49999e-06,4.34407e-06,1.0135e-05,2.20565e-06,2.01037e-06,0,4.53787e-05,1.42814e-06,2.06378e-06,2.41534e-05,9.46137e-07,3.97445e-06,1.56594e-05,0,0,2.44179e-06,0,2.7916e-05,7.53074e-06,1.20479e-06,4.18805e-06,4.12935e-06,3.26774e-05,4.55998e-06,5.10332e-06,4.53763e-07,0,2.59571e-06,6.66467e-06,3.38938e-06,3.59781e-07
"GALACTUROCAT-PWY: D-galacturonate degradation I",2.33932e-05,8.25924e-05,4.33771e-05,8.55804e-05,2.28414e-05,7.62351e-05,6.34136e-05,6.00318e-05,3.20888e-05,9.00683e-05,0.000131754,0.000102376,7.14022e-05,4.78295e-05,3.38792e-05,3.73477e-05,9.91524e-05,8.12359e-05,5.36271e-05,4.27205e-05,5.49746e-05,5.76322e-05,4.47007e-05,2.56911e-05,5.29746e-05,4.56199e-05,3.9899e-05,6.5997e-05,7.76113e-05,5.69172e-05,3.78001e-05,4.76228e-05,6.21113e-05,5.92223e-05,4.50644e-05,0.000105423,7.21596e-05,2.84505e-05,4.47865e-05,4.0295e-05,8.96957e-05,3.70491e-05,3.61538e-05,6.17778e-05,7.85453e-05,9.6018e-05,6.22405e-05,6.93626e-06,3.67491e-05,7.13903e-05,7.94461e-05,2.32799e-05,8.56863e-05,7.00422e-05,8.33313e-05,2.50777e-05,2.72544e-05,6.13568e-05
"GLCMANNANAUT-PWY: superpathway of N-acetylglucosamine, N-acetylmannosamine and N-acetylneuraminate degradation",7.04333e-05,0.000263816,9.36243e-05,0.000196477,0.000133175,0.000186577,0.000151798,0.00016166,0.000277504,0.000182205,0.000191787,0.000184461,0.000135297,0.000109812,0.000143535,6.73546e-05,0.000138733,7.48852e-05,0.000156142,9.02903e-05,0.00010173,0.000135686,0.000113237,8.78329e-05,7.99473e-05,0.000141972,9.61919e-05,0.000131599,0.000106849,0.00013151,0.000167748,0.000145466,0.000137106,0.000111249,0.000152907,0.000208991,0.000236618,0.000148331,0.000153816,0.000173954,0.000175678,0.000133021,8.5432e-05,0.000153219,0.000133041,0.000175145,0.000122551,7.0084e-05,0.000139569,0.000181662,0.000141531,4.27102e-05,0.000110002,0.000183507,0.00013831,0.000115005,9.63582e-05,0.000125024
"GLUCARDEG-PWY: D-glucarate degradation I",0,4.50197e-06,1.91703e-05,0.000118136,0,3.06642e-06,1.25807e-05,0,7.3749e-06,6.09065e-07,1.12039e-06,8.43518e-06,7.25003e-05,1.08887e-05,3.38337e-06,0,3.00699e-06,1.37084e-05,4.13378e-06,1.73055e-05,0,1.17488e-06,2.97628e-06,0,3.08689e-05,2.54201e-06,1.54018e-06,3.57315e-06,6.71261e-06,1.48949e-05,7.1135e-06,1.00392e-05,4.04722e-06,4.12069e-06,7.34326e-06,1.23706e-06,8.89152e-07,5.13854e-06,3.3284e-06,1.35695e-05,2.3242e-06,4.47554e-06,6.23839e-06,1.49e-05,6.29628e-05,1.70534e-06,6.01978e-06,6.47848e-06,5.86859e-06,2.98698e-05,2.38177e-06,6.07117e-06,3.40315e-06,0,4.53398e-06,2.41515e-05,3.16991e-06,7.35957e-07
"GLUCARGALACTSUPER-PWY: superpathway of D-glucarate and D-galactarate degradation",0,5.24919e-06,2.2403e-05,0.000223785,0,3.56954e-06,1.72181e-05,0,9.86125e-06,6.12882e-07,1.16706e-06,1.04181e-05,0.000136658,3.19044e-05,4.01107e-06,0,3.03388e-06,1.59466e-05,4.46436e-06,3.7241e-05,0,1.23789e-06,3.03522e-06,0,3.64409e-05,2.63415e-06,6.68692e-06,4.13329e-06,7.2511e-06,1.67167e-05,1.12636e-05,1.22162e-05,4.48505e-06,4.19753e-06,8.00884e-06,1.2618e-06,9.03473e-07,6.54818e-06,3.47881e-06,3.9735e-05,2.38863e-06,5.40556e-06,6.75067e-06,2.52977e-05,7.70457e-05,1.7206e-06,6.63092e-06,7.66298e-06,6.5411e-06,3.96297e-05,2.84099e-06,1.65437e-05,3.66947e-06,0,6.71645e-06,2.58956e-05,3.91857e-06,7.58415e-07
"GLUCONEO-PWY: gluconeogenesis I",0.000327458,0.000229215,0.000182747,0.00030991,7.72861e-05,0.000117763,0.000298855,0.000198106,0.000246426,0.000236532,0.000150028,0.000221197,0.000251081,0.00027168,0.000211227,0.000141942,0.000190234,0.000207857,0.00027276,0.000202474,0.000233892,0.000319398,0.000181618,0.000278633,0.000227836,0.000173974,0.000253106,0.000174979,0.000196822,0.000209254,0.000253927,0.000235463,0.000265561,0.000193514,0.000273441,0.000197557,0.000207917,0.000289054,0.000231158,0.000246596,0.000184546,0.000153074,0.000161993,0.0003351,0.000296056,0.000301968,0.000173696,0.00021368,0.000247656,0.000200766,0.00020752,0.000267011,0.00021201,0.000219696,0.000219415,0.000225864,0.000240968,0.000154099
"GLUCOSE1PMETAB-PWY: glucose and glucose-1-phosphate degradation",0.000337997,0.000431222,0.000287325,0.000283593,0.000281348,0.00031929,0.000351069,0.000271131,0.000288445,0.000515897,0,0.000397169,0.000285774,0.000165048,0.000231229,0.000215284,0.00029325,0.000254736,0.000303256,0.000128126,0.000281394,0.000347315,0,0.000477207,0.000366919,0.000282501,0,0.000219912,0.000528959,0.000284773,0.000321097,0.000281403,0,0.000178165,0.00029157,0.000406792,0,0.000286427,0,0.00032809,0,0.00041647,0.000415281,0.000315988,0.000316711,0,0.000209768,0.000213848,0.000271085,0.000212547,0,0.000396296,0.000269197,0,0.000321623,0.000299661,0,0
"GLUCUROCAT-PWY: superpathway of &beta;-D-glucuronosides degradation",3.05991e-05,0.000112871,6.13258e-05,9.74084e-05,2.91503e-05,0.000111797,0.000102205,6.80768e-05,3.53658e-05,0.000124311,0.000147975,0.000135548,8.33432e-05,5.64512e-05,3.67768e-05,5.18221e-05,0.000112499,8.32954e-05,7.90886e-05,6.67752e-05,5.58838e-05,7.08986e-05,5.02198e-05,7.06627e-05,7.37143e-05,6.50492e-05,4.73753e-05,7.5174e-05,9.6056e-05,8.8745e-05,6.82455e-05,8.07643e-05,0.000111096,7.17055e-05,9.51073e-05,0.000146686,9.84411e-05,9.13176e-05,7.18056e-05,7.13503e-05,9.32293e-05,9.73118e-05,6.08533e-05,7.0737e-05,0.000103719,0.000115121,6.77122e-05,1.27512e-05,5.61821e-05,9.24882e-05,0.000114115,2.33352e-05,7.25745e-05,0.000116621,7.66891e-05,3.15555e-05,3.31264e-05,7.4253e-05
"GLUDEG-I-PWY: GABA shunt",1.94622e-05,8.44549e-06,3.00837e-05,3.64087e-06,3.62363e-05,2.73438e-05,5.55652e-05,1.11833e-05,7.02505e-05,2.63242e-05,3.15664e-06,4.53215e-05,5.64445e-05,3.14126e-05,2.74372e-05,4.45972e-06,2.14544e-05,3.88075e-05,9.41594e-06,2.48263e-05,3.63868e-05,1.73362e-05,4.13516e-05,1.49712e-05,2.79864e-05,5.86978e-05,1.26263e-05,3.26052e-05,1.70894e-05,5.84335e-05,2.91085e-05,1.49906e-05,1.08951e-05,3.01801e-05,3.13742e-05,2.85899e-05,1.322e-06,1.06372e-05,6.66498e-06,4.73565e-05,2.21017e-05,1.88452e-05,2.98889e-05,3.36644e-05,3.14988e-05,2.5434e-05,4.25776e-05,6.69894e-06,1.63405e-05,2.37637e-05,1.681e-05,3.94078e-06,1.66852e-05,3.47813e-05,3.34376e-05,1.73757e-05,8.98002e-05,4.71645e-05
"GLUTORN-PWY: L-ornithine biosynthesis I",0.000491542,0.000474558,0.000581197,0.000368185,0.000484489,0.000561639,0.000515991,0.000456418,0.0003661,0.000568221,0.000449699,0.00062245,0.000376287,0.000315159,0.000545973,0.00034642,0.0005656,0.000388764,0.000519199,0.000356636,0.000463059,0.000396376,0.000485562,0.000547647,0.000509261,0.000548621,0.000467659,0.000384255,0.000644589,0.000509559,0.000521731,0.000562908,0.000442386,0.000368738,0.000478639,0.000658041,0.000557335,0.000425195,0.000543616,0.00050175,0.000439838,0.000450918,0.000534244,0.000520033,0.00048055,0.000459528,0.000426068,0.000293113,0.00054287,0.000402586,0.000687707,0.000392738,0.000495537,0.000649754,0.000482814,0.000458145,0.00056114,0.000531327
"GLYCOCAT-PWY: glycogen degradation I",5.35383e-05,7.31479e-05,5.78075e-05,0.000122553,0.000145537,0.000269098,0.000138261,9.88428e-05,0.000114084,0.000143043,0.000123431,0.000114677,0.00011768,0.000171117,4.94119e-05,4.39522e-05,8.56005e-05,7.20142e-05,0.000221333,8.19734e-05,0.000120288,5.91164e-05,6.95598e-05,0.000233109,1.80662e-05,9.99712e-05,0.000183962,8.99156e-05,0.000436099,2.93122e-05,0.000125683,2.65594e-05,0.000104984,8.13928e-05,8.87256e-05,4.88486e-05,9.78453e-05,0.000198736,7.60901e-05,9.13065e-05,7.91372e-05,4.22825e-05,0.000337975,8.45407e-05,3.94918e-05,9.29655e-05,8.52217e-05,0.000119995,8.63611e-05,2.96198e-05,7.5868e-05,1.18787e-05,3.66835e-05,2.9642e-05,4.92385e-05,0.000129884,8.618e-05,2.80304e-05
"GLYCOGENSYNTH-PWY: glycogen biosynthesis I (from ADP-D-Glucose)",0.00062206,0.000863339,0.000883785,0.000413311,0.00089212,0.000906481,0.00074242,0.000755505,0.000600618,0.000833821,0.000681465,0.000968706,0.000478631,0.000453215,0.000862476,0.000737495,0.000829443,0.000556518,0.000809859,0.00073223,0.000710171,0.000539126,0.000848632,0.00083875,0.000769742,0.000889573,0.000754835,0.000668036,0.00111884,0.000811489,0.000941284,0.0010483,0.000728994,0.00063578,0.000667916,0.00102723,0.000921306,0.000602578,0.000907724,0.000782824,0.000708818,0.000574479,0.000935252,0.000823511,0.000646268,0.000603889,0.000708053,0.000456054,0.000877397,0.000664277,0.0011409,0.000486074,0.000774006,0.00104635,0.000714231,0.000788737,0.000860223,0.000712105
"GLYCOL-GLYOXDEG-PWY: superpathway of glycol metabolism and degradation",6.15759e-07,1.25037e-06,1.49075e-06,3.40999e-05,0,1.32267e-06,2.57667e-06,0,3.33336e-06,0,0,8.24658e-07,2.49889e-05,1.35546e-06,7.52272e-07,0,0,8.56919e-06,5.89351e-07,5.25925e-06,6.11704e-07,0,0,0,4.57626e-06,0,0,2.71403e-06,3.84223e-06,7.55218e-07,2.65628e-07,4.27621e-06,0,0,2.94763e-06,0,0,6.92037e-07,0,2.52553e-06,0,0,3.17751e-07,3.60758e-06,6.89841e-06,0,6.04278e-07,2.89847e-07,6.62851e-07,4.25247e-06,0,2.54701e-07,2.51131e-07,0,6.63982e-07,1.06945e-06,0,0
"GLYCOLYSIS-E-D: superpathway of glycolysis and the Entner-Doudoroff pathway",0.000114881,0.00011018,8.61279e-05,0.0002588,3.88516e-05,7.23733e-05,0.000173495,0.000116551,2.57961e-05,9.24419e-05,0.000108431,7.79376e-05,0.0001834,0.000110993,9.55438e-05,4.18276e-05,0.000115061,0.000112923,0.000149424,0.000105031,8.47077e-05,0.000112352,8.12689e-05,6.3989e-05,9.87364e-05,7.00791e-05,0.000116026,0.000107495,8.21343e-05,8.38253e-05,0.000133144,8.00434e-05,0.000147521,6.35971e-05,0.00014697,7.86366e-05,0.000124724,0.000175992,0.000106136,0.000113495,9.52092e-05,4.31759e-05,5.90848e-05,0.000135199,0.000162211,0.000139979,7.75719e-05,0.000111174,0.000114349,7.93467e-05,1.79805e-05,5.85481e-05,5.69677e-05,6.27456e-05,9.19236e-05,8.67512e-05,8.79602e-05,5.32249e-05
"GLYCOLYSIS-TCA-GLYOX-BYPASS: superpathway of glycolysis, pyruvate dehydrogenase, TCA, and glyoxylate bypass",0,0,1.8304e-06,3.16613e-05,0,4.27057e-06,7.85909e-07,0,7.62666e-07,0,0,8.12267e-07,3.64981e-05,4.90505e-06,5.57857e-07,0,0,1.21347e-06,5.1772e-06,1.5051e-05,0,0,0,0,8.59861e-06,0,0,0,8.21524e-07,1.50773e-06,0,7.68918e-06,0,0,0,0,0,0,0,1.34819e-06,0,0,0,2.61549e-05,9.57102e-06,0,0,4.79085e-07,7.84886e-07,1.16701e-05,0,0,4.71071e-07,0,1.01415e-06,1.06081e-06,0,0
"GLYCOLYSIS: glycolysis I (from glucose 6-phosphate)",0.000392384,0.000197689,0.000189114,0.000354977,0.000151914,0.000122595,0.000343023,0.000202108,0.000336237,0.00021183,0.000228482,0.000195421,0.000272168,0.000272523,0.000264279,0.000165537,0.000222421,0.000235505,0.000263907,0.000244904,0.000323422,0.000304025,0.000171611,0.000316454,0.000185881,0.00014547,0.00024744,0.000183642,0.000189268,0.000198912,0.000236958,0.000289006,0.000250197,0.000217693,0.000288214,0.000154036,0.000171395,0.0003533,0.000209966,0.000251502,0.00013799,0.000105011,0.000136971,0.000395353,0.000350117,0.000275806,0.000140922,0.00033534,0.000287873,0.000190559,0.000185881,0.000231196,0.000187511,0.000204451,0.000190825,0.000302776,0.000219663,0.000103473
"GLYOXYLATE-BYPASS: glyoxylate cycle",3.7533e-06,1.61125e-06,3.17742e-05,0.00015885,1.45606e-06,7.0211e-06,2.11255e-05,0,4.32906e-06,0,0,7.05837e-06,9.93127e-05,1.54456e-05,5.42358e-06,9.57243e-07,0,1.55107e-05,9.52218e-06,3.26627e-05,2.29817e-06,0,1.19334e-06,0,3.96864e-05,1.50518e-06,0,5.55045e-06,1.73937e-05,2.6137e-05,4.03754e-06,1.46673e-05,0,0,1.84455e-05,0,0,3.46275e-06,0,2.73011e-05,0,1.5616e-06,9.16508e-06,2.44522e-05,9.51594e-05,0,5.33824e-06,4.15346e-06,1.29747e-05,3.74275e-05,0,7.74161e-06,2.16874e-06,0,9.63305e-06,1.38519e-05,0,0
"GOLPDLCAT-PWY: superpathway of glycerol degradation to 1,3-propanediol",3.62013e-05,4.79563e-05,3.43447e-05,1.44723e-05,3.34552e-05,2.85458e-05,2.33977e-05,4.5947e-05,3.98484e-05,5.71282e-05,6.07011e-05,2.41063e-05,8.00969e-05,2.19804e-05,3.16207e-05,1.28194e-05,6.38562e-05,2.50049e-05,5.28917e-05,1.59754e-05,1.63397e-05,3.16591e-05,3.26261e-05,3.43011e-05,4.78099e-05,3.76039e-05,5.62154e-05,4.45007e-05,3.26589e-05,4.09521e-05,3.2634e-05,3.459e-05,2.47085e-05,4.66067e-05,5.94728e-05,3.82974e-05,3.34504e-05,3.52537e-05,4.56919e-05,6.15343e-05,4.21621e-05,1.74542e-05,4.22553e-05,3.01876e-05,7.21048e-05,4.52173e-05,5.10529e-05,2.52303e-05,3.37443e-05,3.89011e-05,6.97961e-05,5.0815e-05,2.9423e-05,3.1277e-05,1.80174e-05,7.77615e-05,4.761e-05,3.13159e-05
"HCAMHPDEG-PWY: 3-phenylpropanoate and 3-(3-hydroxyphenyl)propanoate degradation to 2-hydroxypentadienoate",0,2.90959e-07,9.06721e-06,0,0,6.94841e-07,3.97484e-06,0,2.09386e-06,0,0,3.67837e-06,0,0,4.43347e-07,0,0,5.19693e-06,0,8.36297e-07,0,0,0,0,4.11584e-06,0,0,1.28613e-06,2.00547e-06,4.49798e-06,0,2.95615e-06,0,0,1.96206e-06,0,0,1.30456e-06,0,5.63303e-06,0,1.39312e-06,1.17837e-06,3.12341e-06,2.39715e-05,0,1.14339e-06,3.78286e-07,0,0,0,0,0,0,6.63532e-07,4.8313e-06,0,0
"HEME-BIOSYNTHESIS-II-1: heme b biosynthesis V (aerobic)",2.54865e-06,5.47915e-06,9.85571e-06,0.000139139,0,1.31369e-06,9.92612e-06,0,2.49175e-06,0,8.82342e-07,5.60696e-06,8.03174e-05,1.21364e-05,4.98721e-06,1.93139e-06,0,1.58217e-05,4.62422e-06,1.84623e-05,1.83195e-06,9.60962e-06,0,0,2.09519e-05,0,0,3.8608e-06,1.02637e-05,1.09043e-05,5.53071e-06,1.57469e-05,0,0,1.06834e-05,0,0,1.11694e-06,0,9.90652e-06,0,0,3.76541e-06,1.52071e-05,4.43012e-05,0,3.62487e-06,1.44808e-06,4.13822e-06,2.95111e-05,0,4.61489e-06,2.03296e-06,0,5.13995e-06,1.11179e-05,0,0
"HEME-BIOSYNTHESIS-II: heme b biosynthesis I (aerobic)",8.16766e-06,1.11035e-05,9.85571e-06,0.000139139,3.44685e-06,1.31369e-06,1.62352e-05,0,5.68381e-06,1.84803e-06,8.65797e-06,6.12654e-06,8.03174e-05,1.30978e-05,6.1507e-06,1.02686e-06,0,1.58217e-05,4.74377e-06,1.84623e-05,2.64207e-06,2.55563e-05,4.04691e-06,0,1.81976e-05,5.26935e-06,8.77531e-06,7.96728e-06,1.19879e-05,1.09043e-05,5.53071e-06,1.63182e-05,7.03576e-06,9.18542e-06,9.00866e-06,1.7351e-06,7.73398e-06,0,3.56473e-06,1.08702e-05,0,0,5.11094e-06,1.62214e-05,3.33099e-05,5.58796e-06,1.81914e-05,6.50501e-06,4.93413e-06,2.95111e-05,1.83501e-06,3.99653e-06,4.96066e-06,1.31552e-06,5.13995e-06,1.11179e-05,0,6.80445e-06
"HEMESYN2-PWY: heme b biosynthesis II (oxygen-independent)",9.28409e-06,1.84037e-05,2.14859e-05,0.000156615,1.1703e-05,1.51266e-05,2.50349e-05,1.3907e-05,6.57937e-06,1.28399e-05,2.55202e-05,1.93663e-05,9.16163e-05,2.58382e-05,9.3206e-06,7.54076e-06,2.94321e-05,2.04012e-05,1.39706e-05,2.76659e-05,6.7782e-06,3.72096e-05,7.49396e-06,9.80407e-06,3.2457e-05,8.07244e-06,2.23964e-05,9.15382e-06,2.32043e-05,1.4572e-05,2.20391e-05,3.62206e-05,1.66537e-05,1.03708e-05,1.93805e-05,2.68534e-05,1.07284e-05,1.61673e-05,8.91716e-06,2.72822e-05,1.0734e-05,9.90692e-06,1.37708e-05,2.75397e-05,6.97036e-05,1.1471e-05,1.85255e-05,6.84653e-06,1.31215e-05,4.05454e-05,8.77787e-06,1.36921e-05,1.83683e-05,3.98386e-06,1.04361e-05,2.06228e-05,9.87328e-06,1.88285e-05
"HEXITOLDEGSUPER-PWY: superpathway of hexitol degradation (bacteria)",2.88594e-06,8.20966e-05,4.26503e-05,0.00023552,0,4.75007e-06,2.34565e-05,0,7.0573e-06,3.91096e-06,0,1.01599e-05,0.000178371,3.11867e-05,3.49972e-05,8.99399e-07,0,3.95005e-05,1.93635e-05,6.45882e-05,7.96236e-06,0,1.53065e-05,1.38879e-05,3.24928e-05,4.22016e-05,7.65964e-05,2.28056e-05,1.38099e-05,2.79989e-05,7.44426e-06,6.66606e-06,0,5.90166e-05,4.7896e-06,6.70243e-06,5.44664e-05,3.26842e-06,1.27879e-05,4.37488e-05,0,0,7.94326e-06,0,7.16328e-05,2.31239e-05,4.10019e-06,1.22338e-05,1.34032e-05,6.5028e-05,1.1313e-05,1.5126e-05,1.56167e-06,0,8.35961e-06,2.09226e-05,1.08121e-05,1.2374e-06
"HISDEG-PWY: L-histidine degradation I",8.61979e-05,0.000134233,0.000121823,2.36702e-05,0.000103253,0.000113954,0.000140462,0.000202608,0.000268241,9.29113e-05,0.000159764,9.33777e-05,6.55124e-05,0.000159497,0.000131705,6.80147e-05,0.000159267,9.22484e-05,0.000124437,0.00020455,0.000121179,5.95393e-05,9.00531e-05,3.40472e-05,3.95732e-05,8.52108e-05,0.000134859,0.00016688,2.85567e-05,0.000102893,0.000112995,8.69127e-05,0.000204879,0.00016364,8.65042e-05,9.30264e-05,0.000134816,0.000146696,9.14799e-05,9.57049e-05,6.83968e-05,2.40675e-05,4.3539e-05,0.000150775,5.83641e-05,0.000206593,0.000133834,0.000238238,0.000126475,6.29671e-05,5.96867e-05,7.39719e-05,0.000165315,4.3792e-05,0.000121065,5.63217e-05,7.22882e-05,8.05833e-05
"HISTSYN-PWY: L-histidine biosynthesis",0.000474821,0.000425854,0.000475615,0.000291789,0.00044521,0.000498769,0.000490277,0.000458262,0.000462355,0.000484784,0.000442869,0.000502196,0.00029033,0.000410286,0.000499079,0.000540897,0.000457335,0.000399582,0.000492463,0.000346939,0.000486008,0.000381244,0.000465859,0.000438129,0.000378583,0.00045272,0.000436696,0.000367134,0.000553803,0.000450613,0.000474506,0.000496933,0.000484166,0.000391652,0.00041661,0.000516758,0.000476323,0.000482738,0.000486855,0.000488201,0.000476421,0.000403314,0.000453646,0.00041791,0.000374063,0.00053817,0.00044414,0.000385881,0.000431412,0.000426044,0.000532066,0.00041319,0.00043102,0.000544752,0.000433362,0.000371132,0.000557421,0.000444707
"HOMOSER-METSYN-PWY: L-methionine biosynthesis I",0,1.32188e-05,1.79602e-05,0.000204492,4.67368e-07,4.01197e-06,1.52608e-05,1.52044e-06,5.1964e-06,4.95882e-06,1.22185e-06,1.30893e-05,0.000130294,2.80895e-05,6.23164e-06,4.80502e-06,1.90064e-06,1.69901e-05,3.25315e-05,3.14392e-05,3.79933e-06,1.70786e-05,6.72619e-06,9.44728e-06,3.58691e-05,3.50247e-06,1.20165e-05,1.10904e-05,1.84958e-05,1.8472e-05,1.20365e-05,1.38596e-05,1.87012e-05,2.02041e-05,9.2482e-06,0,4.64314e-06,5.86866e-05,0,1.87318e-05,2.28842e-05,5.39967e-06,1.17902e-05,2.93761e-05,7.61576e-05,1.49818e-05,3.63388e-06,2.83062e-06,2.30539e-05,4.98936e-05,1.35532e-05,1.62471e-05,8.20211e-06,2.89585e-06,1.22321e-05,1.26017e-05,0,8.79737e-06
"HSERMETANA-PWY: L-methionine biosynthesis III",0.000343857,0.000389744,0.000257221,0.00025781,0.000303107,0.000370143,0.000404488,0.000313579,0.000429485,0.000406972,0.000303853,0.000403347,0.000270629,0.000257794,0.000284125,0.00026473,0.000325564,0.000250994,0.000366355,0.00019794,0.000327455,0.000322071,0.000321409,0.000382194,0.000286057,0.000309699,0.000334105,0.000303161,0.000488462,0.000369826,0.000476632,0.000319673,0.000357534,0.000237379,0.000294762,0.000386924,0.000424577,0.000304957,0.000349049,0.000325318,0.000347792,0.000261477,0.000410437,0.000384874,0.000331669,0.000358243,0.000259698,0.000257906,0.00030381,0.000267271,0.000425627,0.000372623,0.000386991,0.000399693,0.000316704,0.000316335,0.000312753,0.000332859
"ILEUSYN-PWY: L-isoleucine biosynthesis I (from threonine)",0.000674403,0.000601941,0.000588799,0.00055562,0.000669855,0.000686285,0.000649624,0.000610891,0.000534348,0.000661711,0.000529735,0.000619873,0.000475232,0.000536873,0.000621716,0.000721107,0.000581744,0.000517901,0.000636184,0.000508681,0.000540692,0.000627232,0.000598585,0.000664462,0.000670059,0.000612148,0.00067152,0.00052752,0.000714256,0.000566721,0.000694963,0.000680315,0.000525232,0.000486704,0.000627421,0.00070635,0.000624737,0.000610169,0.000687965,0.000603714,0.000615525,0.000660476,0.000621252,0.000669983,0.00059194,0.000638245,0.000556665,0.000543737,0.000674158,0.00055279,0.000733994,0.000649205,0.000513895,0.000721709,0.000610213,0.0005827,0.000678126,0.000698086
"KDO-NAGLIPASYN-PWY: superpathway of (Kdo)2-lipid A biosynthesis",0,9.56608e-07,4.83851e-06,4.2632e-05,0,7.1758e-07,1.95253e-06,0,7.49333e-07,0,0,1.15173e-06,3.36484e-05,3.7906e-06,9.1626e-07,0,0,4.73125e-06,1.56618e-06,7.48803e-06,0,0,0,0,7.76039e-06,0,0,0,3.51189e-07,3.52472e-06,0,8.41463e-06,0,0,4.33091e-06,0,0,0,0,5.33093e-06,0,0,5.81876e-07,8.93807e-06,1.66346e-05,0,6.33042e-07,0,2.1079e-06,7.24804e-06,0,1.8676e-06,3.07293e-07,0,1.13513e-06,1.18959e-06,0,0
"KETOGLUCONMET-PWY: ketogluconate metabolism",0,2.96369e-06,6.34066e-06,0.000182683,5.40735e-06,6.47992e-07,1.55072e-05,0,1.80287e-06,8.56659e-06,0,8.97036e-07,7.18883e-05,2.69051e-05,7.52021e-06,0,0,5.29207e-06,1.95871e-05,3.55824e-05,0,1.57107e-06,0,0,3.50783e-05,0,0,0,1.17304e-05,2.20865e-05,7.41089e-06,5.42445e-06,0,0,2.3601e-07,0,0,5.95508e-07,0,4.11635e-06,0,0,6.88276e-07,9.82905e-06,1.29298e-05,0,1.17898e-06,9.69247e-06,2.97965e-06,4.14221e-05,0,1.74563e-05,3.07135e-07,2.89784e-06,4.51167e-06,2.80744e-05,0,0
"LACTOSECAT-PWY: lactose and galactose degradation I",9.18566e-05,7.71054e-05,5.84497e-05,5.63209e-05,0.00013232,8.73038e-05,0.000123739,8.68094e-05,1.31904e-05,0.000111844,3.31216e-05,7.44044e-05,2.91816e-05,7.19692e-05,9.98765e-05,4.08221e-05,0.00010261,6.35082e-05,8.81343e-05,0.000103519,7.89629e-05,0.000126885,0.000106817,7.56002e-05,6.32626e-05,4.06678e-05,9.24594e-05,0.000100429,0.000105503,7.47154e-05,0.000103027,0.000130034,6.27739e-05,9.82108e-05,0.000101848,6.34655e-05,2.07624e-05,6.3852e-05,3.90307e-05,0.000135057,7.78085e-05,4.44037e-05,6.43869e-05,8.31763e-05,8.01887e-05,0.000135918,0.000105878,1.67144e-05,9.89574e-05,5.94398e-05,2.90247e-05,0.000188085,0.00012148,9.59641e-05,0.000103006,0.000161571,7.57426e-05,5.52603e-05
"LIPASYN-PWY: phospholipases",1.3974e-06,0,2.01822e-05,0,0,0,1.07684e-05,0,0,0,0,0,0,0,1.13217e-06,0,0,0,0,1.70504e-05,0,0,0,0,0,0,0,0,0,0,0,1.01955e-05,0,0,4.48158e-06,0,0,0,0,0,0,0,4.34911e-06,2.14275e-05,8.0375e-05,0,0,3.78351e-06,0,0,0,0,0,0,3.59855e-06,0,0,0
"LPSSYN-PWY: superpathway of lipopolysaccharide biosynthesis",0,7.87083e-07,0,0,0,0,2.59771e-06,0,0,0,0,0,0,0,5.18119e-07,0,0,0,2.84535e-06,2.84539e-06,0,0,0,0,0,0,0,0,9.40843e-07,5.88659e-06,0,0,0,0,0,0,0,0,0,0,0,0,8.31567e-07,0,2.05691e-05,0,1.15155e-06,0,0,0,0,0,0,0,0,4.92467e-06,0,0
"LYSINE-DEG1-PWY: L-lysine degradation XI (mammalian)",0,0,0,0,0,0,0,0,0,0,0,0,0,0,0,0,0,0,0,0,0,0,0,0,0,0,0,0,0,0,0,0,0,0,0,0,0,0,0,0,0,0,0,0,0,0,0,0,0,0,0,0,0,0,0,0,0,0
"MET-SAM-PWY: superpathway of S-adenosyl-L-methionine biosynthesis",0,2.56236e-05,3.46289e-05,0.000280626,9.33467e-07,7.95996e-06,2.95688e-05,3.03006e-06,1.02747e-05,9.82241e-06,2.43682e-06,2.55077e-05,0.000201732,5.2653e-05,1.22853e-05,9.52737e-06,3.78816e-06,3.27022e-05,6.11814e-05,5.91594e-05,7.54821e-06,3.30712e-05,1.3264e-05,1.86139e-05,6.69505e-05,6.94769e-06,2.35185e-05,2.15586e-05,3.59734e-05,3.56446e-05,2.3401e-05,2.71059e-05,3.6007e-05,3.85118e-05,1.81637e-05,0,9.18587e-06,0.000105341,0,3.60414e-05,4.37151e-05,1.06597e-05,2.31553e-05,5.52025e-05,0.000131598,2.91786e-05,7.20369e-06,5.62306e-06,4.41973e-05,8.90514e-05,2.63738e-05,3.12355e-05,1.6112e-05,5.75881e-06,2.37169e-05,2.46424e-05,0,1.73032e-05
"METH-ACETATE-PWY: methanogenesis from acetate",6.97407e-05,0.000214865,8.21847e-05,3.35173e-05,0.000187923,0.000148851,0.000109659,0.00011704,0.000238285,0.000181294,0.000121338,0.000165847,0.000125193,6.38012e-05,0.000124237,4.05865e-05,9.46771e-05,3.6969e-05,0.000125497,5.21773e-05,0.000133569,6.02303e-05,0.0001205,9.30295e-05,0.00012027,0.000144832,0.000121308,9.48117e-05,0.000124442,0.00011177,0.00015528,0.00013301,0.000100941,6.4462e-05,0.000121399,0.000154505,0.000222399,0.000111846,0.000164135,0.000148602,0.000159767,8.79287e-05,0.000118922,0.000171259,0.000112789,0.000147783,6.44231e-05,3.4472e-05,0.000144504,0.000114635,0.000203327,0.00014627,0.000110243,0.000157843,0.000106682,0.000146631,0.00015333,0.00011118
"METHANOGENESIS-PWY: methanogenesis from H2 and CO2",2.1581e-05,0,2.06247e-05,0,0,2.08867e-06,1.06198e-05,0,0,0,0,0,0,0,1.04935e-05,2.70789e-06,1.44505e-05,6.72474e-06,1.42578e-06,2.92124e-05,1.22572e-05,0,1.76447e-05,3.045e-06,0,0,0,7.39283e-06,0,0,0,6.7457e-06,0,0,0,0,0,0,0,0,0,0,5.32097e-06,0,1.49305e-06,0,1.72809e-05,3.58872e-05,1.39892e-05,0,0,9.16894e-07,1.16589e-06,1.09425e-06,1.37847e-05,0,1.97986e-05,0
"METHGLYUT-PWY: superpathway of methylglyoxal degradation",2.7494e-06,5.82269e-06,7.06613e-07,3.85792e-05,0,2.89861e-06,8.76262e-06,0,1.43197e-06,0,1.44752e-06,6.63547e-06,3.21403e-05,1.18693e-05,7.53547e-07,3.9003e-06,0,3.83674e-06,4.97286e-06,6.19506e-06,0,1.68595e-05,2.38108e-06,7.01235e-06,4.80072e-06,4.1838e-06,1.31475e-05,3.14698e-07,3.87049e-06,1.54285e-06,2.68478e-06,3.88076e-06,6.07155e-06,0,1.76498e-06,0,0,4.29647e-06,1.78949e-06,2.65722e-06,0,0,6.5667e-06,1.22611e-05,3.47731e-05,1.21092e-05,2.51612e-07,8.18425e-06,1.10432e-05,7.01448e-06,0,1.06842e-06,2.17054e-06,0,9.79517e-06,3.83856e-06,2.72094e-06,2.96654e-06
"METSYN-PWY: superpathway of L-homoserine and L-methionine biosynthesis",0,2.26614e-05,3.0628e-05,0.000269848,8.17268e-07,6.98195e-06,2.6204e-05,2.65552e-06,9.03372e-06,8.6219e-06,2.13444e-06,2.24736e-05,0.000187511,4.69244e-05,1.08208e-05,8.35995e-06,3.31789e-06,2.90349e-05,5.4407e-05,5.24255e-05,6.61537e-06,2.91387e-05,1.16537e-05,1.63432e-05,5.99883e-05,6.09537e-06,2.06886e-05,1.90826e-05,3.1687e-05,3.15577e-05,2.06745e-05,2.38051e-05,3.18315e-05,3.42239e-05,1.59908e-05,0,8.06645e-06,9.49278e-05,0,3.19589e-05,3.88892e-05,9.37447e-06,2.03448e-05,4.93735e-05,0.000119924,2.57921e-05,6.32839e-06,4.9314e-06,3.9062e-05,8.13549e-05,2.32699e-05,2.78012e-05,1.41914e-05,5.04825e-06,2.10477e-05,2.16663e-05,0,1.52304e-05
"NAD-BIOSYNTHESIS-II: NAD salvage pathway III (to nicotinamide riboside)",4.83395e-06,3.29297e-06,7.73136e-06,5.20746e-05,0,3.24233e-06,3.48114e-06,0,1.82215e-06,0,0,7.82096e-06,3.05757e-05,9.12212e-06,1.10727e-05,6.86538e-06,2.13711e-06,1.13196e-06,7.1043e-06,1.76573e-05,1.36564e-05,1.9028e-05,2.3891e-05,4.7213e-06,9.94293e-06,0,1.4214e-05,8.58779e-06,6.35831e-06,7.24242e-06,4.7799e-07,1.61069e-05,0,0,2.19989e-06,0,2.3202e-06,1.10336e-06,0,3.55223e-06,0,3.74279e-06,1.0925e-05,2.45713e-05,9.31323e-06,2.23273e-05,5.33428e-06,3.91773e-05,3.0141e-05,1.56142e-05,1.83128e-06,2.3304e-06,7.12514e-06,2.76034e-06,1.68444e-05,1.87671e-06,1.79297e-05,4.39771e-06
"NADSYN-PWY: NAD de novo biosynthesis II (from tryptophan)",0,0,0,0,0,0,0,0,0,0,0,0,0,0,0,0,0,0,0,0,0,0,0,0,0,0,0,0,0,0,0,0,0,0,0,0,0,0,0,0,0,0,0,0,0,0,0,0,0,0,0,0,0,0,0,0,0,0
"NAGLIPASYN-PWY: lipid IVA biosynthesis (E. coli)",2.93525e-05,4.67239e-05,5.22709e-05,0.000165731,4.35081e-05,5.5977e-05,6.37954e-05,7.85482e-05,1.2098e-05,3.95756e-05,0.000103381,3.21793e-05,0.000128004,0.000122202,3.3662e-05,7.34009e-06,5.64703e-05,5.92706e-05,8.26742e-05,5.78499e-05,1.93562e-05,3.15889e-05,2.79737e-05,5.5092e-06,5.65205e-05,2.36546e-05,6.25541e-05,7.26363e-05,2.12758e-05,3.21321e-05,7.47828e-05,2.56377e-05,8.75901e-05,2.05136e-05,4.8477e-05,3.15917e-05,6.59524e-05,0.000118654,5.14292e-05,4.55048e-05,5.00062e-05,3.76306e-06,1.7282e-05,6.92214e-05,9.70497e-05,0.000125954,2.9772e-05,8.96459e-05,4.0056e-05,5.04412e-05,1.67288e-05,2.24968e-05,2.79516e-05,2.61924e-05,2.18983e-05,3.49269e-05,2.10023e-05,1.58671e-05
"NONMEVIPP-PWY: methylerythritol phosphate pathway I",0.000553906,0.000519008,0.000643295,0.000345444,0.000602225,0.00062554,0.000590468,0.000587828,0.000555223,0.000595154,0.000525892,0.000608475,0.000364862,0.00038578,0.000630612,0.00066395,0.000626231,0.000489369,0.000589243,0.00054561,0.000587219,0.00043382,0.000552591,0.000549121,0.000560656,0.000593977,0.000574988,0.000523041,0.000670281,0.000587455,0.000615796,0.000674032,0.00052908,0.000475084,0.000570301,0.000701652,0.00060374,0.000534201,0.000625681,0.00059613,0.00057526,0.00046217,0.000592801,0.000554465,0.000490196,0.000577782,0.000617721,0.000532136,0.00057075,0.000556489,0.00069167,0.000555477,0.000622589,0.000700352,0.000561603,0.000506371,0.000679572,0.000587968
"NONOXIPENT-PWY: pentose phosphate pathway (non-oxidative branch) I",0.000302855,0.000460628,0.000342101,0.000561428,0.000546226,0.000460419,0.000408114,0.000403179,0.000345487,0.000476541,0.000348435,0.000440168,0.000490684,0.000344841,0.000303649,0.000445215,0.000292372,0.000395853,0.000384082,0.000352886,0.000260278,0.00034117,0.000366064,0.000517687,0.000454645,0.000385864,0.000438929,0.000269875,0.000610661,0.000292229,0.000403942,0.000417666,0.00034431,0.000334851,0.000350004,0.000500377,0.000446359,0.000274193,0.000389193,0.000432976,0.000350981,0.000402194,0.000542295,0.000333624,0.000386018,0.00040409,0.000384137,0.00022894,0.000470858,0.000323741,0.000489297,0.000409064,0.000331642,0.000500828,0.000450909,0.000420403,0.000371094,0.000389613
"OANTIGEN-PWY: O-antigen building blocks biosynthesis (E. coli)",0.000447842,0.00030999,0.000336951,0.000282308,0.000364492,0.000391779,0.000456594,0.000359201,0.000274926,0.00037418,0.000277326,0.000374436,0.000230629,0.000293906,0.000417758,0.000587937,0.00032746,0.000355161,0.000329513,0.000389183,0.000355478,0.000370309,0.000329185,0.000452568,0.000327544,0.000342651,0.000346769,0.000306181,0.000555338,0.000338954,0.000464781,0.000397754,0.000345467,0.000271875,0.000435889,0.000360302,0.000383166,0.000430888,0.000324637,0.00042536,0.000258078,0.000235599,0.000472096,0.000393984,0.000376313,0.000344264,0.000382488,0.000373293,0.000404917,0.000267302,0.000335017,0.000382436,0.000294687,0.000324948,0.000411614,0.000350622,0.000351112,0.000319533
"ORNARGDEG-PWY: superpathway of L-arginine and L-ornithine degradation",0,0,5.42443e-06,0,0,0,9.17423e-07,0,0,0,0,4.93987e-07,0,0,0,0,0,1.46584e-06,0,2.34825e-06,0,0,0,0,3.39995e-06,0,0,0,6.53927e-07,0,0,0,0,0,0,0,0,0,0,1.27988e-06,0,0,0,0,3.58364e-05,0,0,0,0,0,0,0,0,0,0,0,0,0
"ORNDEG-PWY: superpathway of ornithine degradation",9.14831e-06,7.95436e-06,2.09504e-05,0.000195067,1.12673e-06,7.2486e-06,2.95242e-05,5.9244e-06,1.18349e-05,5.14504e-06,0,1.75812e-05,0.000123079,1.44705e-05,7.51396e-06,1.45263e-05,2.64747e-06,2.73882e-05,7.73848e-06,2.7887e-05,8.19891e-06,3.83312e-05,0,7.69622e-06,2.53989e-05,3.23707e-06,4.63863e-06,1.65163e-05,1.49727e-05,1.256e-05,7.1359e-06,1.78385e-05,0,0,1.34343e-05,0,0,7.69e-06,0,2.593e-05,1.12474e-05,1.28023e-05,1.18137e-05,1.51914e-05,8.16956e-05,1.31967e-06,5.14916e-06,1.0955e-05,1.56438e-05,2.66442e-05,0,1.16706e-05,4.78116e-06,7.91681e-06,1.49638e-05,1.10582e-05,0,2.49179e-06
"P105-PWY: TCA cycle IV (2-oxoglutarate decarboxylase)",2.58249e-06,1.01485e-05,1.74303e-05,0.000107516,4.00774e-06,2.91596e-06,2.28487e-05,0,1.92695e-06,0,2.7475e-05,1.24567e-05,6.04058e-05,1.2626e-05,7.17858e-06,8.74407e-06,0,1.36362e-05,8.00787e-06,2.18205e-05,0,3.18744e-05,4.60767e-06,1.33292e-06,2.97932e-05,0,7.5314e-06,1.03939e-05,1.25422e-05,1.46718e-05,1.88936e-06,6.96509e-06,0,3.67809e-06,9.79149e-06,0,2.6914e-05,6.17497e-06,0,3.66837e-05,1.20198e-05,0,9.54662e-06,8.37115e-06,9.40173e-05,1.84102e-06,4.17851e-06,5.32489e-06,1.32366e-05,2.28651e-05,1.82482e-06,4.30454e-06,5.36866e-06,0,4.75445e-06,1.69647e-05,2.65672e-06,1.88207e-06
"P108-PWY: pyruvate fermentation to propanoate I",0,1.26458e-05,1.43232e-05,4.04386e-05,0,2.29543e-06,1.03769e-05,0,2.804e-06,0,0,1.85081e-05,4.79235e-05,8.46813e-06,3.67217e-06,3.36427e-05,0,1.28595e-05,3.70892e-06,1.83573e-05,0,3.24279e-05,0,0,2.21222e-05,3.88328e-06,0,2.39204e-06,1.387e-05,1.07997e-05,1.09388e-05,3.16043e-05,0,0,1.62006e-06,0,4.65791e-05,1.17338e-06,0,1.22233e-05,0,3.79712e-06,5.34975e-06,3.38951e-05,2.79449e-05,4.90526e-06,1.97536e-06,1.53442e-06,1.19117e-05,2.38845e-05,0,2.62958e-05,1.43817e-06,4.29982e-06,2.94164e-06,9.90341e-06,3.88299e-06,2.92783e-06
"P122-PWY: heterolactic fermentation",0,6.88375e-06,1.15446e-05,5.87646e-05,0,3.18991e-07,4.12064e-06,0,4.64885e-07,0,0,1.1341e-05,5.00709e-05,8.21023e-06,6.1082e-07,0,0,1.85871e-05,1.55195e-06,8.54819e-06,0,3.11686e-05,0,3.20937e-05,1.63086e-05,2.00114e-06,0,0,1.36894e-05,1.28116e-05,0,8.94711e-06,0,0,0,3.10909e-06,0,0,0,6.78257e-06,0,0,1.01365e-06,2.82391e-05,3.05466e-05,0,4.69788e-07,1.16797e-06,5.57017e-06,7.29689e-06,0,1.28358e-06,3.19536e-07,3.80534e-06,4.26476e-06,7.52044e-06,0,1.07255e-06
"P124-PWY: Bifidobacterium shunt",0.000111374,3.13973e-05,1.92677e-05,5.01493e-05,5.62964e-05,1.75723e-05,0.000125513,3.85588e-05,7.7106e-05,7.75242e-05,7.77772e-06,1.22358e-05,1.2783e-06,5.48084e-05,0.000120537,1.80708e-05,3.32914e-05,1.38651e-05,0.000111401,8.84104e-06,0.000127084,3.45112e-05,1.26989e-05,0.000104045,2.90811e-05,8.79281e-06,0.000144739,1.23748e-05,1.16423e-05,0,3.10172e-05,0.000102393,3.86834e-05,1.4867e-05,0.000170484,3.94801e-05,3.5915e-05,0.000200162,6.11434e-05,7.73235e-05,1.0188e-05,0,0,4.09393e-05,7.32146e-05,4.03934e-05,2.90683e-05,3.00484e-05,2.7462e-05,4.78075e-06,2.64595e-05,4.77095e-05,6.14331e-05,8.57379e-05,4.63456e-05,0.000147358,9.44434e-05,2.13015e-06
"P125-PWY: superpathway of (R,R)-butanediol biosynthesis",4.05042e-06,1.5258e-05,0,1.57796e-05,2.23221e-06,0,2.86923e-06,0,1.7199e-05,3.436e-06,0,1.56757e-05,5.33342e-06,1.09456e-05,3.49042e-06,2.26079e-06,1.91578e-06,7.04316e-06,1.70687e-06,5.36992e-06,1.3215e-06,4.20601e-05,1.16166e-05,1.4159e-05,0,0,7.09371e-06,4.03931e-06,2.88097e-06,5.69951e-06,9.83414e-06,8.01647e-06,4.20555e-05,1.11731e-06,9.16332e-06,0,0,8.24487e-06,4.35356e-06,0,0,3.43413e-06,5.60673e-06,1.32935e-05,0,1.65759e-05,0,1.38198e-06,4.34434e-05,7.26195e-06,0,0,6.66271e-06,1.00686e-05,8.2856e-06,3.47916e-05,0,5.372e-06
"P161-PWY: acetylene degradation (anaerobic)",2.83873e-06,9.84616e-06,2.7001e-05,2.39068e-05,1.17055e-05,1.06392e-05,1.86426e-05,2.11302e-06,1.45197e-05,7.94714e-06,9.70249e-06,1.94128e-05,6.70349e-05,2.80544e-05,6.05956e-06,1.61308e-06,1.42289e-05,2.17697e-05,7.46876e-06,1.54542e-05,9.84491e-06,2.5031e-05,3.7832e-06,1.3021e-05,1.87024e-05,1.25421e-05,1.21431e-05,1.71866e-06,2.35299e-05,1.32467e-05,5.47744e-06,2.5159e-05,6.49323e-06,4.70069e-06,6.51473e-06,6.13528e-06,4.38947e-06,1.12143e-05,6.32978e-06,4.22406e-05,8.33752e-06,6.49698e-06,1.51123e-05,4.26833e-05,7.23456e-05,1.93818e-05,8.40194e-05,1.04544e-05,2.25783e-05,1.47389e-05,7.69451e-06,6.34016e-06,9.52268e-06,5.07216e-06,1.45714e-05,1.99073e-05,8.60699e-06,7.09769e-06
"P162-PWY: L-glutamate degradation V (via hydroxyglutarate)",1.73632e-05,0,0,0,0,0,2.68492e-06,0,0,0,0,0,0,1.4348e-06,0,5.89489e-06,0,0,0,0,0,0,0,0,0,0,0,0,0,0,0,6.95496e-06,0,0,0,0,0,5.38946e-07,0,0,0,0,0,0,4.66787e-06,0,0,1.73005e-06,1.65555e-06,0,0,1.00462e-06,1.27953e-06,0,7.72111e-07,0,0,0
"P163-PWY: L-lysine fermentation to acetate and butanoate",0,0,0,0,0,0,3.28362e-06,0,0,0,0,0,0,1.96061e-06,6.08771e-06,0,0,0,0,2.16831e-06,0,0,0,0,0,0,0,0,0,0,0,0,0,5.76601e-06,0,0,0,0,0,2.82682e-06,0,0,0,0,0,1.51216e-06,2.38684e-06,1.27625e-06,0,0,0,0,0,0,0,0,0,0
"P164-PWY: purine nucleobases degradation I (anaerobic)",5.57781e-05,0.000156057,6.7432e-05,8.29609e-05,0.000104884,8.38432e-05,5.62614e-05,0.000100778,8.7027e-05,0.000110438,0.000118114,8.06922e-05,0.00010539,6.69426e-05,6.03539e-05,3.05188e-05,5.98642e-05,4.45943e-05,6.95233e-05,5.42789e-05,7.01634e-05,6.16075e-05,8.48768e-05,3.82606e-05,6.49339e-05,6.31775e-05,0.000104115,8.76986e-05,8.04583e-05,6.24883e-05,8.61903e-05,6.65145e-05,5.91342e-05,3.02873e-05,6.14966e-05,8.08187e-05,0.000111309,8.4458e-05,9.48231e-05,7.0066e-05,0.00010971,4.96037e-05,5.94927e-05,0.000122194,9.06786e-05,0.000102724,5.30323e-05,4.03905e-05,7.46092e-05,7.94686e-05,8.89212e-05,8.92171e-05,5.49891e-05,7.33916e-05,5.68592e-05,4.56789e-05,4.83244e-05,7.77806e-05
"P185-PWY: formaldehyde assimilation III (dihydroxyacetone cycle)",1.66887e-05,5.88122e-05,8.53089e-06,3.32115e-06,2.25745e-05,1.57131e-05,2.50596e-05,2.2529e-05,3.23523e-06,1.54227e-05,3.98326e-05,1.73522e-05,3.43443e-05,2.59267e-05,3.91269e-05,1.13015e-05,2.74332e-05,5.42164e-06,6.26165e-05,1.85337e-05,1.71675e-05,2.26623e-05,2.56019e-05,2.41975e-05,1.60754e-05,4.49705e-05,6.55203e-05,5.33455e-05,3.40227e-05,2.41046e-05,3.59198e-05,2.19917e-05,9.00903e-06,5.7663e-05,2.46455e-05,1.7539e-05,3.85347e-05,4.56501e-05,1.8419e-05,7.17822e-05,2.82854e-05,6.9656e-06,4.77232e-05,4.08674e-05,3.83321e-05,2.00678e-05,6.47623e-05,6.19486e-06,1.28029e-05,2.52072e-05,8.60835e-05,2.27011e-05,2.78157e-05,2.19184e-05,1.28113e-05,9.91743e-05,3.58649e-05,1.16173e-05
"P221-PWY: octane oxidation",0,0,2.32814e-07,3.35895e-06,0,1.87541e-07,3.16547e-06,0,8.38554e-07,0,0,3.15673e-07,2.17996e-06,8.98479e-07,5.6408e-07,3.76198e-06,0,2.38985e-07,3.87347e-08,1.95905e-06,0,5.74973e-07,5.29657e-07,0,3.45103e-06,0,0,0,1.61212e-07,3.92493e-07,0,0,0,0,2.31903e-06,0,0,1.56461e-07,0,6.64613e-06,0,0,6.24363e-07,1.95869e-06,2.1173e-05,9.53631e-07,9.09611e-08,1.29601e-06,3.63945e-07,5.61912e-07,0,2.58832e-07,9.05213e-08,0,1.15636e-07,7.59058e-07,0,0
"P23-PWY: reductive TCA cycle I",0,5.87587e-06,8.12744e-06,3.09396e-06,0,1.33353e-06,5.95116e-06,0,1.47468e-06,0,0,4.04959e-06,2.51322e-05,4.69196e-06,2.19455e-06,1.65119e-05,0,1.29512e-05,1.91571e-06,1.11631e-05,0,1.16782e-05,0,0,4.41006e-06,2.28726e-06,0,1.38689e-06,0,5.84593e-06,5.70778e-06,2.00897e-05,0,0,0,0,8.78525e-06,6.89103e-07,0,5.83465e-06,0,1.73485e-06,3.02278e-06,9.455e-06,8.7226e-06,2.87399e-06,1.1708e-06,9.15023e-07,7.07812e-06,1.28269e-05,0,1.45703e-05,8.43312e-07,2.33042e-06,1.7442e-06,5.71014e-06,2.35647e-06,1.68924e-06
"P241-PWY: coenzyme B biosynthesis",0,0,0,0,0,0,0,0,0,0,0,0,0,0,0,0,2.60862e-06,0,0,9.08127e-07,0,0,0,0,0,0,0,0,0,0,0,0,0,0,0,0,0,0,0,0,0,0,4.74914e-07,0,0,0,0,6.06725e-06,0,0,0,0,0,0,0,0,0,0
"P261-PWY: coenzyme M biosynthesis I",1.16373e-06,0,4.16393e-06,0,0,0,0,0,0,0,0,0,0,0,0,0,0,0,0,0,0,0,0,8.92608e-07,0,0,0,0,0,0,0,0,0,0,0,0,0,0,0,0,0,0,0,0,0,0,0,0,0,0,0,0,0,0,0,0,0,0
"P4-PWY: superpathway of L-lysine, L-threonine and L-methionine biosynthesis I",0,4.07754e-05,4.97906e-05,0.000227872,1.91131e-06,1.50605e-05,5.20389e-05,6.08866e-06,2.00264e-05,1.91493e-05,4.78296e-06,3.19598e-05,0.000151757,6.9278e-05,2.41368e-05,1.30577e-05,7.52308e-06,4.13683e-05,8.54401e-05,5.61524e-05,1.52744e-05,2.55889e-05,2.08544e-05,1.79161e-05,7.10714e-05,1.18802e-05,4.25706e-05,2.93372e-05,3.74786e-05,3.5162e-05,3.82727e-05,4.22379e-05,5.16466e-05,4.54828e-05,3.42972e-05,0,1.66435e-05,0.000147915,0,5.94605e-05,3.31937e-05,8.8865e-06,2.83299e-05,7.4173e-05,0.000144543,4.70327e-05,1.36796e-05,1.06735e-05,5.43605e-05,7.86976e-05,3.66749e-05,4.80699e-05,2.88848e-05,1.15823e-05,3.7743e-05,4.49598e-05,0,1.45857e-05
"P41-PWY: pyruvate fermentation to acetate and (S)-lactate I",0.000313724,0.000347505,0.000266454,0.000225698,0.000394627,0.000421979,0.000325671,0.000294528,0.000294819,0.00039929,0.000269631,0.000367911,0.000240198,0.000261544,0.000350073,0.000144917,0.000265869,0.000178214,0.000335094,0.000222106,0.000304527,0.000285527,0.000379947,0.000352481,0.000295579,0.000282453,0.000366645,0.000234426,0.000487318,0.000259939,0.000292845,0.000393582,0.000304515,0.000223534,0.000314865,0.000330607,0.000356093,0.000330459,0.000372501,0.00034743,0.00035635,0.00024677,0.000403134,0.000328777,0.000308442,0.000328404,0.000307217,0.000168277,0.00041614,0.000356372,0.000433388,0.000328469,0.000317718,0.000476515,0.000279789,0.000354816,0.000367176,0.000255416
"P42-PWY: incomplete reductive TCA cycle",1.29488e-05,1.05391e-05,2.12579e-05,5.15476e-05,1.75455e-05,4.04412e-05,2.71562e-05,4.94785e-06,5.40686e-06,1.72542e-05,1.36123e-05,1.09005e-05,4.84434e-05,2.0658e-05,7.95964e-05,0.000117794,1.11672e-05,9.74663e-05,6.76589e-06,5.45571e-05,2.98743e-05,6.0929e-05,8.91481e-05,2.04006e-05,1.40798e-05,7.38147e-05,6.31602e-05,3.30467e-05,8.72008e-06,1.51367e-05,1.68471e-05,4.14335e-05,2.62048e-05,6.81002e-05,9.55627e-07,0,2.95135e-05,3.30481e-05,1.38088e-05,1.19404e-05,7.20698e-06,3.94825e-06,1.58938e-05,2.15866e-05,1.94249e-05,3.50016e-05,0.000127964,8.41866e-05,5.72205e-05,2.51817e-05,7.0304e-06,2.28632e-05,2.72211e-05,1.18491e-05,7.48529e-05,2.42167e-05,8.22252e-05,2.92906e-05
"P441-PWY: superpathway of N-acetylneuraminate degradation",5.14758e-05,0.000101598,9.20109e-05,0.000224563,4.38045e-05,7.7724e-05,6.4353e-05,0.000145934,6.04125e-05,7.96892e-05,0.000115284,8.18013e-05,0.000186192,8.38508e-05,3.21545e-05,5.05356e-05,8.54925e-05,6.174e-05,7.70741e-05,0.000111207,4.83617e-05,0.000114245,3.69228e-05,4.36645e-05,9.58543e-05,4.22601e-05,8.60447e-05,7.74802e-05,0.000109882,9.81226e-05,7.74066e-05,0.00010568,7.23134e-05,3.02171e-05,0.000102981,7.90598e-05,8.58547e-05,8.8781e-05,0.000100662,0.000111921,9.40984e-05,5.28174e-05,5.30164e-05,0.000116779,0.000150488,0.000100286,0.000120339,3.63914e-05,7.19494e-05,0.000116978,3.46038e-05,6.83023e-05,7.61642e-05,8.30856e-05,7.99516e-05,6.36685e-05,7.77995e-05,7.54984e-05
"P461-PWY: hexitol fermentation to lactate, formate, ethanol and acetate",1.22231e-05,8.80235e-05,4.29906e-05,0.000257451,5.10142e-05,4.096e-05,6.83009e-05,4.12082e-05,1.44275e-05,3.07347e-05,6.74775e-05,5.31117e-05,0.00023144,6.73386e-05,5.95838e-05,1.43293e-05,5.13548e-05,5.33941e-05,0.00011188,7.19764e-05,2.50666e-05,0.000100425,2.67261e-05,6.81875e-05,6.66916e-05,9.9248e-05,0.000134319,9.4563e-05,6.7852e-05,5.82205e-05,8.38438e-05,3.60019e-05,1.44428e-05,0.000107446,2.48323e-05,3.31397e-05,5.8168e-05,7.0616e-05,6.17108e-05,0.000171878,5.34424e-05,2.4195e-05,8.49382e-05,7.67173e-05,0.000133093,6.37238e-05,9.57423e-05,1.47064e-05,6.92978e-05,9.509e-05,0.000130527,4.70847e-05,4.82338e-05,4.55018e-05,3.00317e-05,0.000182156,3.44277e-05,2.94941e-05
"P562-PWY: myo-inositol degradation I",0,6.26512e-06,0,0,0,0,0,0,0,0,0,0,0,0,0,0,0,0,0,0,0,6.67082e-06,0,0,0,0,0,0,0,0,0,0,0,0,0,0,0,0,0,0,0,0,0,4.75181e-06,0,0,0,0,0,0,0,0,0,0,0,0,0,0
"P621-PWY: nylon-6 oligomer degradation",2.39034e-05,5.32544e-05,0,1.86343e-05,0,0,0,0,7.14586e-05,1.22083e-06,1.51475e-06,4.31057e-05,2.01114e-05,1.95786e-05,1.18342e-05,1.71716e-06,0,0,8.57214e-07,8.52322e-06,8.52078e-06,3.63283e-05,3.20751e-05,4.32537e-05,2.40922e-05,0,0,0,6.93531e-06,5.13735e-06,2.25739e-05,3.12853e-05,5.53688e-05,0,8.3397e-06,2.72206e-05,0,2.43132e-05,5.18248e-05,1.09483e-06,0,1.19653e-05,0,6.10097e-05,9.50195e-06,2.38275e-05,0,0,5.40035e-05,2.18513e-05,0,0,2.30434e-05,2.50956e-05,1.97926e-05,4.22137e-05,0,1.33489e-05
"PANTO-PWY: phosphopantothenate biosynthesis I",0.000412897,0.000394137,0.00030856,0.000247305,0.000388847,0.000391998,0.000327514,0.000421242,0.000407989,0.00038499,0.00042346,0.000394293,0.000248507,0.000340061,0.000271596,0.000432402,0.000366475,0.000309977,0.000413711,0.000348347,0.000348508,0.000293364,0.000336912,0.000419325,0.000398266,0.000362682,0.00042419,0.000401923,0.000420307,0.000389005,0.000333551,0.000479735,0.000389772,0.000335282,0.000325915,0.000460661,0.000412777,0.000352451,0.000398685,0.000361043,0.000438998,0.000338171,0.000402603,0.000406925,0.000297685,0.000468453,0.000379193,0.000351036,0.000307978,0.000455865,0.000418047,0.000350798,0.000412912,0.000417651,0.000325621,0.00032694,0.000393207,0.000387436
"PANTOSYN-PWY: superpathway of coenzyme A biosynthesis I (bacteria)",0.000418994,0.000395859,0.000332919,0.00024354,0.000405146,0.000425177,0.000361382,0.000423804,0.000409651,0.00040969,0.000409789,0.00041862,0.000254027,0.000350546,0.000309358,0.000470091,0.000396292,0.000315001,0.000442556,0.000371176,0.000378234,0.000306086,0.000356917,0.000419663,0.000391389,0.000383514,0.000444202,0.00040998,0.000435529,0.000412757,0.000374754,0.000467736,0.000397786,0.000343326,0.000368528,0.000462996,0.000440824,0.000362952,0.000417576,0.000368273,0.000455099,0.000358533,0.000402081,0.000435979,0.000315599,0.000476802,0.000406921,0.000353148,0.000357338,0.000450174,0.000443293,0.000362872,0.000421601,0.000454653,0.000343537,0.000333061,0.000406783,0.000376662
"PENTOSE-P-PWY: pentose phosphate pathway",0.000170489,0.000245754,9.51569e-05,0.000270687,0.000175173,0.000152156,0.000260505,0.000261745,0.000328124,0.000212455,0.000222545,0.000144513,0.000252518,0.000254613,0.00020274,3.93385e-05,0.000142828,0.000109327,0.000248175,0.00015575,0.000163202,0.000151665,0.000129377,0.000110614,0.000131337,0.000122442,0.000256558,0.000142811,9.62173e-05,0.0001097,0.000212248,9.75889e-05,0.000236928,0.000169063,0.00021581,0.000205388,0.000234973,0.00027248,0.000212682,0.000217238,0.000146348,3.93008e-05,0.000103203,0.000187628,0.00019438,0.000288855,0.000105272,0.000200812,0.000152961,9.92049e-05,7.34788e-05,0.000136257,0.000137944,0.0001657,0.000121965,0.00018515,0.000168317,0.000103749
"PEPTIDOGLYCANSYN-PWY: peptidoglycan biosynthesis I (meso-diaminopimelate containing)",0.000592615,0.000536113,0.000618183,0.000390364,0.000558488,0.000639922,0.000608898,0.000563396,0.000566996,0.000580363,0.000530296,0.000616862,0.000390613,0.000449559,0.000660195,0.000726768,0.000634375,0.000527886,0.000580141,0.000548146,0.000575978,0.000586749,0.000599617,0.0006226,0.000581394,0.000606982,0.000550362,0.000550718,0.00067377,0.000610603,0.000612536,0.000613991,0.000567444,0.000463255,0.000558835,0.000650031,0.000614579,0.000537104,0.000588583,0.000609794,0.000587451,0.00057329,0.000615782,0.000597701,0.000520902,0.000608816,0.000654654,0.000562797,0.000619936,0.000561957,0.000680049,0.000627559,0.000625499,0.000653971,0.000553808,0.000577021,0.000687519,0.000659199
"PHOSLIPSYN-PWY: superpathway of phospholipid biosynthesis I (bacteria)",0.00016089,0.000230728,0.0001364,0.000355318,0.000154343,0.000134529,0.000145943,0.000177424,0.000167123,0.000172079,0.000207962,0.000165999,0.000332102,0.00027646,6.63312e-05,0.00034829,0.000105711,0.000180148,0.000196007,0.000168185,5.45488e-05,0.000303116,0.000102748,0.000249738,0.000212377,7.99066e-05,0.000106221,0.000151264,0.000145277,0.000110666,0.000239948,0.000114877,0.000236989,4.94547e-05,0.000115697,0.000126261,0.000155365,0.000255096,0.000167636,0.0001616,0.000114665,0.000251648,0.000102755,0.000204791,0.000265145,0.00019164,5.85207e-05,0.000205982,0.000157623,0.000171004,8.26863e-05,0.000280084,0.000105191,9.22229e-05,0.000175121,0.000224408,4.33111e-05,0.000274365
"PHOTOALL-PWY: oxygenic photosynthesis",0,0,0,0,0,0,0,0,0,0,0,0,0,0,0,0,0,0,0,0,0,0,0,0,0,0,0,0,0,0,0,0,0,0,0,0,0,0,0,0,0,0,0,0,0,0,0,0,0,0,0,0,0,0,0,0,0,0
"POLYAMINSYN3-PWY: superpathway of polyamine biosynthesis II",1.4939e-06,1.72433e-05,5.20797e-05,1.13154e-05,1.8887e-06,1.52526e-05,1.5694e-05,1.07526e-05,2.75844e-06,8.32177e-06,0,3.44788e-05,3.1403e-05,3.72511e-05,1.22267e-05,1.03934e-05,4.65574e-06,4.04548e-05,1.43123e-05,3.72694e-05,1.40305e-05,3.34132e-05,0,1.37514e-05,3.46986e-05,7.42925e-06,8.78213e-06,3.38686e-05,2.21606e-05,2.39518e-05,1.27971e-05,2.09184e-05,0,0,2.19828e-05,0,0,3.68906e-06,1.2943e-05,4.76133e-05,1.5936e-05,1.96368e-05,2.39944e-05,1.8966e-05,5.05196e-05,2.21396e-06,9.53156e-06,1.41783e-05,2.8485e-05,6.6916e-05,0,4.368e-06,7.97445e-06,1.32848e-05,2.58718e-05,8.95066e-06,0,4.62118e-06
"POLYAMSYN-PWY: superpathway of polyamine biosynthesis I",5.04464e-05,5.38012e-05,7.76087e-05,0.000182595,2.3668e-05,3.32632e-05,5.02476e-05,5.83825e-05,1.6744e-05,4.13926e-05,5.55438e-05,5.66453e-05,0.000171515,5.1144e-05,3.5375e-05,3.98197e-05,5.94824e-05,8.26451e-05,3.8946e-05,5.80527e-05,2.76107e-05,4.51722e-05,5.56159e-05,4.34041e-05,8.59044e-05,4.32407e-05,1.02376e-05,6.22431e-05,4.24662e-05,7.97477e-05,1.52298e-05,2.9677e-05,2.99086e-05,6.92885e-05,5.79015e-05,5.83525e-05,2.39019e-05,2.08359e-05,5.02468e-05,5.70483e-05,3.17036e-05,2.5054e-05,4.67082e-05,6.12827e-05,0.000159506,6.95103e-05,6.21518e-05,8.1004e-05,5.21626e-05,0.000104646,2.4185e-05,2.13348e-05,3.5315e-05,3.7426e-05,5.39923e-05,2.59527e-05,4.30362e-05,3.79732e-05
"POLYISOPRENSYN-PWY: polyisoprenoid biosynthesis (E. coli)",4.04438e-05,0.000173683,5.87411e-05,0.000196533,4.96129e-05,5.67642e-05,3.58966e-05,0.00010904,0.000210393,8.92087e-05,0.000148414,0.000107857,0.000149207,5.87058e-05,3.42516e-05,1.89149e-05,5.91085e-05,4.47967e-05,7.0272e-05,5.91597e-05,2.83757e-05,8.23986e-05,6.87134e-05,3.42062e-05,6.10754e-05,9.27484e-05,6.95482e-05,3.52094e-05,6.62103e-05,8.92976e-05,6.94791e-05,5.1904e-05,0.000152037,7.69937e-05,6.75433e-05,0.000121804,0.000141268,6.5272e-05,8.61717e-05,7.37426e-05,5.70986e-05,2.93179e-05,4.92641e-05,6.27653e-05,9.62048e-05,6.8756e-05,3.92271e-05,9.46137e-05,4.8448e-05,6.88617e-05,6.6001e-05,5.45874e-05,4.64516e-05,6.4672e-05,8.20073e-05,2.24162e-05,3.89409e-05,7.41703e-05
"PPGPPMET-PWY: ppGpp metabolism",3.7765e-05,7.97488e-05,3.76558e-05,2.39862e-05,6.55882e-05,4.48866e-05,3.32126e-05,5.2443e-05,1.07555e-05,5.19738e-05,6.36526e-05,3.80756e-05,3.77208e-05,2.08516e-05,2.72863e-05,2.00689e-05,3.48594e-05,2.55214e-05,6.56232e-05,5.23629e-05,3.54285e-05,3.98963e-05,3.97907e-05,3.1603e-05,4.65297e-05,5.30838e-05,9.32351e-05,7.58799e-05,7.24515e-05,3.18431e-05,4.91303e-05,6.16859e-05,3.31996e-05,4.16841e-05,1.50668e-05,2.15482e-05,3.49121e-05,4.71125e-05,7.15667e-05,3.38359e-05,6.28619e-05,3.23768e-05,4.33179e-05,3.141e-05,6.16114e-05,7.41551e-05,0.000166595,2.54766e-05,2.88778e-05,5.24335e-05,6.56534e-05,3.82922e-05,5.03423e-05,4.49279e-05,5.28727e-05,7.91643e-05,2.6153e-05,5.41753e-05
"PROPFERM-PWY: superpathway of L-alanine fermentation (Stickland reaction)",0,1.47976e-05,0,4.12955e-06,9.10683e-06,5.53822e-06,0,7.34055e-06,2.11612e-06,0,0,0,2.01374e-06,3.75247e-06,0,0,0,5.45604e-06,6.15203e-07,3.46505e-06,0,8.96858e-06,1.67468e-05,8.3464e-06,4.31398e-06,0,0,2.10252e-05,5.85901e-06,5.73728e-06,6.11642e-06,1.74655e-05,0,0,0,0,4.75065e-06,5.89553e-06,0,0,1.38825e-05,9.33371e-06,2.5041e-06,2.02276e-05,1.8006e-06,2.83235e-06,1.25799e-05,1.18882e-05,0,6.00965e-06,1.06005e-05,0,9.727e-06,0,0,1.07235e-05,0,4.30699e-06
"PROTOCATECHUATE-ORTHO-CLEAVAGE-PWY: protocatechuate degradation II (ortho-cleavage pathway)",0,0,0,0,0,0,0,0,0,0,0,7.40819e-07,0,0,0,0,0,0,4.55287e-07,0,7.76203e-07,0,0,0,2.36108e-06,0,0,0,0,1.63937e-06,0,2.77755e-06,0,0,4.52919e-06,1.13725e-06,9.25603e-07,0,0,0,0,0,0,5.64515e-06,1.77494e-05,0,3.12811e-07,0,0,0,0,0,0,0,0,0,0,0
"PRPP-PWY: superpathway of histidine, purine, and pyrimidine biosynthesis",0,0,3.26217e-05,0.000145427,0,0,1.83212e-05,0,0,0,0,1.92007e-05,0.000110503,2.1578e-05,0,0,0,3.02764e-05,8.71668e-06,4.00189e-05,0,4.40362e-05,0,0,3.57227e-05,0,0,1.16038e-05,4.03537e-05,0,0,4.68207e-05,0,0,1.72688e-05,0,0,0,0,3.58016e-05,0,0,1.24346e-05,7.38126e-05,6.15092e-05,0,0,7.0926e-06,1.2983e-05,4.69065e-05,0,6.72721e-06,5.57299e-06,0,8.32199e-06,1.5566e-05,0,4.07352e-06
"PWY-101: photosynthesis light reactions",0,0,0,0,0,0,0,0,0,0,0,0,0,8.75105e-08,0,0,0,0,4.28456e-07,0,0,0,0,0,0,0,0,0,2.29988e-07,0,0,0,0,0,0,0,0,0,0,0,0,0,0,0,0,0,0,0,0,0,0,0,0,0,0,0,0,0
"PWY-1042: glycolysis IV",0.000695567,0.000768014,0.000681109,0.000538703,0.000724958,0.000776616,0.000686613,0.000769949,0.000802525,0.000799497,0.000708063,0.000793958,0.000527113,0.000536013,0.000676106,0.000662866,0.000714376,0.000600399,0.000762886,0.000604098,0.000630005,0.000725261,0.000678706,0.0007932,0.000764238,0.000777207,0.000736089,0.000641381,0.000777563,0.000754353,0.000744961,0.00078778,0.000712842,0.000652211,0.000673805,0.000847513,0.000843272,0.000641589,0.0007325,0.000723974,0.000736792,0.000792452,0.000739199,0.000679842,0.000635551,0.000710864,0.000757246,0.000661748,0.000738724,0.000723048,0.000873261,0.000729647,0.000708556,0.00090235,0.000703472,0.000727399,0.00077476,0.000839975
"PWY-1269: CMP-3-deoxy-D-manno-octulosonate biosynthesis",0.000120719,6.08884e-05,4.49555e-05,0.000195659,6.82013e-05,7.45865e-05,7.96935e-05,0.000110453,4.60271e-05,4.57662e-05,0.000109739,4.21554e-05,0.000139107,0.000119849,3.55325e-05,0.000348434,6.1088e-05,0.000100819,9.31541e-05,7.05691e-05,8.87447e-05,0.000124824,4.56355e-05,6.05637e-05,0.000123759,6.42882e-05,5.29825e-05,9.80475e-05,3.86765e-05,5.61249e-05,9.20159e-05,5.02387e-05,0.000102755,4.40122e-05,9.22452e-05,5.15406e-05,7.97707e-05,0.00012766,9.19909e-05,8.12399e-05,0.000102327,0.000155929,3.02141e-05,6.37759e-05,9.97491e-05,8.59329e-05,4.7205e-05,0.000168149,4.01364e-05,7.28509e-05,3.72228e-05,0.000146265,7.76783e-05,2.77697e-05,8.10878e-05,4.95322e-05,3.90558e-05,0.000157402
"PWY-1501: mandelate degradation I",0,0,0,0,0,0,0,0,0,0,0,0,0,0,0,0,0,0,0,0,0,0,0,0,0,0,0,0,0,0,0,0,0,0,0,0,0,0,0,0,0,0,0,0,0,0,0,0,0,0,0,0,0,0,0,0,0,0
"PWY-1622: formaldehyde assimilation I (serine pathway)",0,0,0,0,0,0,0,0,0,0,0,0,0,0,0,0,0,0,0,0,0,0,0,0,0,0,0,0,0,0,0,0,0,0,0,0,0,0,0,0,0,0,0,0,0,0,0,0,0,0,0,0,0,0,0,0,0,0
"PWY-181: photorespiration",0,0,0,0,0,0,0,0,0,0,0,0,0,0,0,0,0,0,0,0,0,0,0,0,0,0,0,0,0,0,0,0,0,0,0,0,0,0,0,0,0,0,0,0,0,0,0,0,0,0,0,0,0,0,0,0,0,0
"PWY-1861: formaldehyde assimilation II (assimilatory RuMP Cycle)",0.000110496,0.000117599,0.00011216,9.52083e-05,0.000100211,3.32312e-05,5.99657e-05,0,1.58254e-05,3.662e-05,0.000129894,6.40451e-05,0.000136581,5.56892e-05,7.12801e-05,2.53131e-05,8.38407e-05,4.75819e-05,0.000134803,0.00012079,7.91777e-05,1.38263e-05,7.04657e-05,3.95235e-05,5.65268e-05,1.87175e-05,7.1258e-05,6.95911e-05,3.22047e-05,2.87616e-05,0.000101339,5.89324e-05,3.92205e-05,4.89975e-05,0.000111117,3.85499e-05,0.000162094,0.000151286,0.000126724,0.000123019,9.3043e-05,1.73643e-05,0.000115172,6.24979e-05,2.10157e-05,6.79024e-05,7.28504e-05,0.000136955,7.00388e-05,2.94524e-05,0.000151424,5.21792e-05,7.13862e-05,3.13579e-05,8.39333e-05,0.000200695,9.12719e-05,6.89627e-05
"PWY-2221: Entner-Doudoroff pathway III (semi-phosphorylative)",0,0,0,0,0,0,1.61143e-06,0,0,0,0,0,1.32101e-06,1.64517e-06,0,0,0,0,0,0,0,0,0,0,0,0,0,0,0,0,0,0,0,0,0,0,0,0,0,0,0,0,0,0,0,0,0,0,0,0,0,0,0,0,0,0,0,0
"PWY-241: C4 photosynthetic carbon assimilation cycle, NADP-ME type",0.000189453,0.000103437,7.05155e-05,0.000214506,1.12428e-05,4.31325e-05,0.000145956,5.01521e-05,0.000112896,0.00014319,3.95807e-05,5.58328e-05,0.000148661,0.00019114,0.000125323,2.7295e-05,5.43102e-05,6.91805e-05,0.000110025,7.56955e-05,0.000122293,0.000131163,4.50567e-05,8.84585e-05,9.48727e-05,1.74294e-05,0.000197075,2.93019e-05,6.52678e-05,3.43957e-05,9.01367e-05,8.86282e-05,0.000115262,4.6105e-05,0.0002046,7.74413e-05,4.91671e-05,0.000192367,9.55613e-05,0.000133161,2.40747e-05,3.57643e-05,3.11809e-05,0.000123109,0.000195154,0.000132872,4.40677e-05,8.65872e-05,0.000125252,6.09425e-05,4.23774e-05,0.000105404,8.95389e-05,0.000140774,9.53508e-05,0.000152587,0.000122129,2.49959e-05
"PWY-2941: L-lysine biosynthesis II",0.000175663,0.000143073,9.92914e-05,0.000126245,0.000132594,8.23645e-05,0.000289742,0.000147348,0.000138378,0.000140741,0.000132589,0.00016429,9.77816e-05,0.000316964,0.000172953,9.98394e-05,0.000112208,7.79914e-05,0.000129302,0.00020622,6.55126e-05,0.000244926,0.00016345,0.000201052,6.39118e-05,7.74876e-05,0.000157922,9.21096e-05,9.58093e-05,0.000147094,0.000191038,0.000128983,0.000201459,0.000155439,0.000144654,9.09856e-05,8.383e-05,0.000157203,0.000122934,0.000171731,0.000156127,7.93593e-05,9.29956e-05,0.000217358,8.4851e-05,0.000258703,0.00011582,0.000144453,0.000244312,9.97929e-05,9.46765e-05,0.00024509,0.000114923,0.00014167,0.000156597,0.000254115,8.78331e-05,0.000128861
"PWY-2942: L-lysine biosynthesis III",0.000529945,0.000454517,0.000474744,0.000398065,0.00043007,0.000486702,0.000546947,0.00046899,0.000517368,0.00049717,0.00050104,0.000442409,0.000387496,0.000411701,0.000538891,0.00058051,0.000511103,0.000408818,0.000473652,0.000438673,0.000453882,0.000415561,0.000462625,0.000516478,0.000493566,0.000476974,0.000504541,0.00043726,0.000563729,0.000498701,0.000460524,0.000452614,0.000429296,0.000426464,0.000518244,0.000490946,0.000511427,0.000480152,0.000458116,0.000490757,0.000527927,0.000432109,0.000531364,0.000465867,0.000413135,0.000562092,0.000545505,0.000482525,0.000465723,0.000477238,0.000470493,0.000528541,0.000481444,0.000503246,0.000443249,0.000453497,0.00053175,0.000508161
"PWY-3001: superpathway of L-isoleucine biosynthesis I",0.000440705,0.000417999,0.000307909,0.000386049,0.000392651,0.000395166,0.000455579,0.00043469,0.000412724,0.00042845,0.000335405,0.000411559,0.000337651,0.000383987,0.000410876,0.000419036,0.000375183,0.000334114,0.000380997,0.000361248,0.0003614,0.000439812,0.000372299,0.000409652,0.000382375,0.000330694,0.000446065,0.000327798,0.00036949,0.000348413,0.000437848,0.000383779,0.000421336,0.000323444,0.000424235,0.000441614,0.000415957,0.000419776,0.000383095,0.000382041,0.000384771,0.00036155,0.000302592,0.000445225,0.000389179,0.00047566,0.000338168,0.000384171,0.000457862,0.000337582,0.000398257,0.000432829,0.000369182,0.000463441,0.000418374,0.000398294,0.000396137,0.00037732
"PWY-3781: aerobic respiration I (cytochrome c)",0,0,0,0,0,0,0,0,0,0,0,0,0,0,0,0,0,0,0,0,0,0,0,0,0,0,0,0,0,0,0,0,0,0,0,0,0,0,0,0,0,0,0,0,0,0,0,0,0,0,0,0,0,0,0,0,0,0
"PWY-3801: sucrose degradation II (sucrose synthase)",0,0,0,0,0,0,0,0,0,0,0,0,0,0,0,0,0,0,0,0,0,0,0,0,0,0,0,0,0,0,0,0,0,0,2.94834e-06,0,0,0,0,0,0,0,0,0,1.82663e-05,0,0,0,0,0,0,0,0,0,0,0,0,0
"PWY-3841: folate transformations II (plants)",0.000484604,0.000485151,0.000566405,0.000342522,0.000547854,0.000531726,0.000507276,0.000583973,0.000517766,0.000495985,0.000465296,0.000526774,0.000332616,0.000434712,0.000623589,0.000618933,0.000528008,0.000497085,0.000505542,0.000536103,0.000536656,0.000461419,0.000539421,0.000529409,0.000478803,0.000530509,0.000524526,0.000511178,0.000594762,0.000514648,0.000551431,0.000581405,0.000499737,0.000453302,0.00047688,0.000578467,0.000525696,0.000519975,0.000521835,0.00051564,0.000489886,0.000424874,0.000540907,0.000511699,0.000430875,0.000556359,0.000603273,0.000526431,0.000598943,0.000491821,0.000609587,0.000467112,0.000569934,0.000602128,0.00052378,0.000512862,0.000609197,0.000553991
"PWY-4041: &gamma;-glutamyl cycle",8.40518e-05,8.73023e-05,8.90599e-05,0.000274664,5.40429e-05,6.87416e-05,0.000136194,7.7265e-05,0.000163367,9.70643e-05,4.3525e-05,8.8051e-05,0.000192124,0.000118213,0.000101583,2.08667e-05,7.08391e-05,6.27486e-05,9.92357e-05,6.67512e-05,0.000132167,0.000129152,5.89942e-05,0.000129301,9.07173e-05,6.24265e-05,0.000115738,4.86736e-05,0.000107589,6.66243e-05,8.6675e-05,7.09946e-05,0.000124932,6.13621e-05,0.000111136,9.82256e-05,0.00017079,0.000146181,8.04365e-05,0.000137051,3.08661e-05,4.40736e-05,7.02814e-05,0.000114426,0.000138302,0.000118625,5.39208e-05,5.48215e-05,0.000104047,9.47578e-05,9.86132e-05,8.91672e-05,0.00010194,0.000110742,7.09345e-05,0.000116334,9.94902e-05,4.33232e-05
"PWY-4361: S-methyl-5-thio-&alpha;-D-ribose 1-phosphate degradation I",0,0,0,0,0,0,0,0,0,0,0,0,0,0,0,0,0,0,0,0,0,0,0,0,0,0,0,0,0,0,0,0,0,0,0,0,0,0,0,0,0,0,0,0,0,0,0,0,0,0,0,0,0,0,0,0,0,0
"PWY-4702: phytate degradation I",0,0,0,0,0,0,0,0,0,0,0,0,0,0,0,0,0,0,0,0,0,0,0,0,0,0,0,0,0,0,0,0,0,0,0,0,0,0,0,0,0,0,0,0,0,0,0,0,0,0,0,0,0,0,1.14813e-06,0,0,0
"PWY-4984: urea cycle",5.94896e-05,0.000113362,6.25613e-05,9.03842e-06,0.000105872,0.000118817,0.000231525,0.000128941,0.000309731,9.13074e-05,0.00013931,0.000121654,0.000126561,0.000194896,8.01547e-05,8.68774e-06,8.18897e-05,4.19485e-05,0.000102145,4.32934e-05,8.13002e-05,5.78692e-05,7.2316e-05,2.3083e-05,3.25808e-05,0.000124583,0.000252292,0.000156755,2.24066e-05,0.000133748,0.000114353,2.5633e-05,9.84586e-05,0.000235387,0.000131873,0.000105096,0.000187577,0.000199912,0.000130089,0.000167505,0.00011189,2.24669e-05,7.89177e-05,0.000155951,6.92217e-05,0.000244724,7.71245e-05,0.000167446,5.59518e-05,0.000116108,0.000117535,0.000140316,0.000117525,0.000160712,3.98495e-05,6.42068e-05,0.000182687,7.01947e-05
"PWY-5004: superpathway of L-citrulline metabolism",0,0,2.69399e-06,4.71014e-06,7.67592e-06,4.93775e-06,6.53538e-06,0,1.54747e-05,0,3.93363e-06,1.94659e-06,0,1.99176e-06,9.03507e-06,0,7.16631e-06,3.01923e-06,2.81756e-06,6.83662e-06,3.91408e-06,2.77865e-06,0,0,5.31489e-06,3.67662e-06,4.61573e-06,1.65168e-06,2.45848e-06,0,7.13103e-06,1.06037e-05,0,0,0,0,0,2.45288e-06,0,0,0,0,9.0628e-07,2.40349e-05,7.80329e-06,3.71959e-06,6.75783e-06,6.46291e-06,2.54613e-06,7.76737e-06,0,0,4.85494e-06,0,6.18245e-06,9.26875e-06,3.39828e-06,3.07649e-06
"PWY-5005: biotin biosynthesis II",3.33299e-05,2.64317e-05,3.34492e-06,1.12948e-05,1.78991e-05,7.40222e-06,1.82745e-05,0.000100862,0,2.30184e-05,5.43814e-05,6.24542e-06,1.51724e-05,1.12673e-05,1.76394e-05,1.50142e-05,4.10104e-05,6.04455e-05,6.13468e-06,1.4559e-05,5.99567e-06,3.95467e-05,5.06087e-05,1.36766e-06,3.12924e-05,1.06591e-05,1.51541e-05,7.1386e-06,1.88135e-05,2.76249e-05,1.79993e-05,9.09867e-06,3.01584e-05,2.53382e-05,4.41438e-05,3.42398e-05,2.31915e-05,1.36946e-05,2.01996e-05,1.57779e-05,2.06301e-05,6.23016e-06,7.33026e-06,1.24515e-05,2.73869e-06,6.26691e-05,2.02146e-05,5.73106e-05,2.00475e-05,2.55674e-05,5.65863e-06,1.55509e-05,1.97887e-05,1.13086e-05,0,5.13496e-06,1.29372e-05,2.34552e-05
"PWY-5022: 4-aminobutanoate degradation V",1.78885e-05,8.49112e-06,2.6284e-05,0,3.56394e-05,0,4.87686e-05,1.11153e-05,6.70532e-05,2.43471e-05,7.82804e-06,4.43367e-05,5.11363e-05,3.11811e-05,2.65166e-05,5.08596e-06,2.00097e-05,3.81492e-05,9.32984e-06,2.28441e-05,3.633e-05,0,3.62733e-05,9.30287e-06,2.59497e-05,5.86313e-05,1.22374e-05,3.07445e-05,1.22112e-05,6.34238e-05,2.81152e-05,1.27007e-05,1.07731e-05,2.58849e-05,2.70817e-05,2.74942e-05,4.64953e-06,1.05497e-05,6.63164e-06,4.11016e-05,2.22342e-05,0,2.3944e-05,3.31296e-05,3.2696e-05,2.53207e-05,4.18588e-05,6.65778e-06,1.60021e-05,2.49549e-05,1.61491e-05,4.96806e-06,1.66393e-05,3.65703e-05,3.11043e-05,1.54802e-05,9.74799e-05,4.69079e-05
"PWY-5028: L-histidine degradation II",0,3.9232e-06,0,0,0,0,0,0,0,0,0,0,0,0,0,0,0,0,0,0,0,1.1918e-06,0,0,0,0,0,0,0,0,0,0,0,0,0,0,0,0,0,0,0,0,0,3.17977e-06,0,0,0,0,0,0,0,0,0,0,0,0,0,0
"PWY-5030: L-histidine degradation III",4.25397e-05,0.000130558,3.75898e-05,1.31453e-05,7.68416e-05,7.12196e-05,7.4483e-05,0.000183457,0.000261077,8.28193e-05,0.000147342,8.60547e-05,5.43945e-05,0.000135168,5.45282e-05,3.7142e-05,5.91165e-05,4.20108e-05,8.94099e-05,9.82694e-05,4.53265e-05,5.9119e-05,5.67405e-05,2.0163e-05,2.554e-05,7.33599e-05,0.000104036,0.000110728,2.31247e-05,7.92863e-05,8.50764e-05,3.0475e-05,0.000193983,0.000108599,8.02292e-05,8.63096e-05,0.000129942,0.000150211,7.71225e-05,8.27796e-05,6.01112e-05,1.95196e-05,3.43728e-05,0.000117061,2.97973e-05,0.000186655,0.000138263,0.000108004,5.58204e-05,5.77341e-05,3.85974e-05,2.47098e-05,6.89333e-05,3.97217e-05,3.5097e-05,3.50169e-05,4.64046e-05,6.86044e-05
"PWY-5055: nicotinate degradation III",0,0,0,0,0,0,1.26795e-06,0,0,0,0,0,0,0,0,0,0,0,0,0,0,0,0,0,0,0,0,0,0,0,0,0,0,0,0,0,0,0,0,0,0,0,0,0,0,0,0,0,0,0,0,0,0,0,0,0,0,0
"PWY-5079: L-phenylalanine degradation III",0,0,0,0,0,0,0,0,0,0,0,0,0,0,0,0,0,0,0,0,0,0,0,0,0,0,0,0,0,0,0,0,0,0,0,0,0,0,0,0,0,0,0,0,0,0,0,0,0,0,0,0,0,0,0,0,0,0
"PWY-5080: very long chain fatty acid biosynthesis I",0,0,0,0,0,0,0,0,0,0,0,0,0,0,0,0,0,0,0,0,0,0,0,0,0,0,0,0,0,0,0,0,0,0,0,0,0,0,0,0,0,0,0,0,0,0,0,0,0,0,0,0,0,0,0,0,0,0
"PWY-5088: L-glutamate degradation VIII (to propanoate)",0,0,0,0,0,0,0,0,0,0,0,0,0,0,3.55688e-07,0,0,4.69776e-06,0,3.52489e-07,0,0,0,0,0,0,0,0,0,2.83515e-06,0,8.22044e-07,0,0,0,0,0,0,0,0,0,0,0,0,0,0,0,0,0,0,0,0,0,0,0,3.01297e-06,0,0
"PWY-5097: L-lysine biosynthesis VI",0.00054056,0.000500721,0.00063134,0.000379805,0.00057429,0.000592526,0.000559893,0.000513248,0.000511103,0.000552072,0.000527652,0.000543306,0.000391383,0.000407161,0.000576406,0.000580853,0.000559509,0.000452635,0.000554243,0.00044406,0.000458542,0.000452145,0.000561462,0.00056965,0.000553816,0.000586902,0.000549073,0.000471857,0.000645271,0.000549411,0.000565109,0.000527801,0.000448252,0.000449248,0.000551356,0.000630366,0.000585728,0.00048758,0.000589992,0.00056072,0.000561498,0.000489631,0.000593952,0.000555172,0.000456793,0.00056449,0.000579327,0.00048947,0.000519454,0.000508959,0.000652511,0.000544812,0.000528173,0.000631044,0.000514762,0.000485213,0.000646429,0.000557936
"PWY-5100: pyruvate fermentation to acetate and lactate II",0.000313724,0.000347505,0.000266454,0.000225698,0.000394627,0.000421979,0.000325671,0.000294528,0.000294819,0.00039929,0.000269631,0.000367911,0.000240198,0.000261544,0.000350073,0.000158032,0.000265869,0.000178214,0.000335094,0.000222106,0.000304527,0.000285527,0.000379947,0.000364644,0.000295579,0.000282453,0.000366645,0.000234426,0.000540042,0.000259939,0.000292845,0.000393582,0.000304515,0.000223534,0.000314865,0.000330607,0.000356093,0.000330459,0.000372501,0.00034743,0.00035635,0.000323033,0.000454069,0.000328777,0.000308442,0.000328404,0.000307217,0.00028383,0.00041614,0.000356372,0.000433388,0.000328469,0.000317718,0.000476515,0.000279789,0.000354816,0.000367176,0.000292498
"PWY-5101: L-isoleucine biosynthesis II",0,0,0,0,0,0,4.58466e-06,0,0,0,0,0,0,0,0,0,0,0,0,2.66689e-06,3.84764e-06,0,8.98364e-06,0,0,0,0,0,0,0,0,4.58527e-06,0,0,0,0,0,0,2.9717e-06,0,0,0,0,3.56689e-06,0,0,0,5.04719e-06,0,0,0,0,0,3.0832e-06,0,0,0,0
"PWY-5103: L-isoleucine biosynthesis III",0.000643664,0.000531107,0.000499112,0.000515131,0.000626853,0.000613413,0.000592238,0.000554512,0.000446127,0.000604733,0.000458426,0.000536461,0.000432666,0.000512273,0.000558506,0.000679394,0.000503679,0.000458384,0.000580717,0.000465488,0.000481697,0.000596112,0.000537389,0.000602548,0.000617421,0.00054065,0.000620695,0.000485688,0.000653656,0.000496268,0.00063749,0.000616442,0.000445905,0.000421315,0.000587581,0.000610919,0.000546369,0.000538993,0.000613688,0.000525551,0.000567173,0.000633959,0.000574425,0.000623003,0.000524953,0.000590454,0.00049101,0.000523002,0.000636306,0.000484399,0.000647218,0.000605802,0.00042462,0.000626397,0.000553473,0.000534963,0.000606503,0.000639074
"PWY-5104: L-isoleucine biosynthesis IV",2.63423e-06,4.28574e-06,1.87213e-05,1.01709e-05,8.80618e-06,3.66542e-06,8.61594e-06,0,0,0,0,2.43499e-06,2.73461e-05,9.67676e-06,4.83326e-06,0,0,1.73334e-05,3.51969e-06,2.14488e-05,0,0,0,0,2.80794e-05,1.23297e-06,9.69239e-07,7.12615e-06,2.11141e-06,1.20894e-05,3.12616e-06,1.04463e-05,0,0,0,0,0,1.67919e-06,0,5.03403e-06,0,3.53573e-06,2.58013e-06,3.31747e-06,2.81347e-05,0,9.82794e-07,2.39462e-06,3.81942e-06,2.30171e-05,0,6.81364e-06,1.0679e-06,0,6.25586e-06,6.77105e-06,0,0
"PWY-5121: superpathway of geranylgeranyl diphosphate biosynthesis II (via MEP)",6.39858e-05,0.000267404,7.35926e-05,0.000137505,8.94026e-05,0.000104328,0.000185885,0.000173699,0.000365288,0.000186266,0.000256716,0.000221736,8.31118e-05,0.000101058,0.000119194,4.95005e-05,0.000159364,7.75214e-05,0.000183217,9.10149e-05,5.43893e-05,0.00013851,0.000123255,6.00879e-05,8.83316e-05,0.000173947,0.00012447,6.93108e-05,9.54811e-05,0.000198198,0.000247042,4.24711e-05,0.000236344,0.000122462,0.000108598,0.000237364,0.000240968,0.000104569,0.000164724,0.000109291,0.000169136,5.53264e-05,9.31349e-05,0.000188368,0.000144506,0.000116449,6.34672e-05,0.000161719,6.97251e-05,0.00011943,0.000188563,6.86408e-05,0.000148061,0.000113815,0.000127784,4.35565e-05,8.74979e-05,0.000129261
"PWY-5130: 2-oxobutanoate degradation I",1.37794e-05,5.53071e-06,2.89395e-05,1.92466e-05,2.8259e-05,2.56258e-05,4.34821e-05,4.54867e-05,5.04909e-05,2.56102e-05,1.26743e-05,1.58544e-05,2.14491e-05,2.02079e-05,1.72706e-05,6.01956e-06,1.42777e-05,1.1191e-05,2.30388e-05,2.45562e-05,1.76766e-05,2.21181e-05,2.21616e-05,1.01155e-05,1.22811e-05,1.78986e-05,2.68534e-05,4.83529e-05,1.13933e-05,2.08025e-05,1.43438e-05,2.22987e-05,2.62514e-05,6.06841e-05,2.30382e-05,9.10839e-06,0,7.48396e-06,1.27192e-05,2.52743e-05,1.82464e-05,1.2507e-05,1.50198e-05,2.29465e-05,2.60766e-05,1.16041e-05,7.59862e-05,1.10014e-05,2.55175e-05,2.29631e-05,1.66455e-05,8.91281e-06,7.63245e-06,5.33348e-06,9.72392e-06,1.07621e-05,1.77808e-05,1.72429e-05
"PWY-5136: fatty acid &beta;-oxidation II (plant peroxisome)",8.03418e-06,2.31857e-05,4.76329e-05,0.000216073,2.21264e-05,1.81431e-05,4.50978e-05,1.50162e-05,1.0065e-05,7.21913e-06,2.58547e-05,2.72138e-05,0.000167293,3.53016e-05,4.23957e-05,1.14597e-05,1.11472e-05,3.44892e-05,1.36814e-05,5.9662e-05,6.53411e-06,1.44232e-05,8.45118e-06,5.36628e-06,4.46622e-05,1.88843e-05,3.06029e-05,7.20261e-06,4.05597e-05,2.9694e-05,2.57599e-05,4.00817e-05,9.08814e-06,1.23327e-05,2.45593e-05,1.04439e-05,1.84921e-05,3.23576e-05,4.76297e-06,5.30733e-05,1.09359e-05,6.57219e-06,2.84954e-05,4.11388e-05,0.000118826,2.07279e-05,1.47889e-05,3.07302e-05,4.21476e-05,6.27609e-05,5.25443e-06,1.45854e-05,1.66994e-05,2.06642e-05,1.40619e-05,2.88824e-05,1.73195e-05,3.12311e-06
"PWY-5138: fatty acid &beta;-oxidation IV (unsaturated, even number)",0,3.1441e-06,8.061e-06,8.97786e-05,0,2.70518e-06,7.91355e-06,0,2.55145e-06,0,0,2.99781e-06,5.68401e-05,1.05072e-05,1.57417e-06,0,0,5.29778e-06,3.65378e-06,1.31077e-05,0,0,0,0,1.10873e-05,0,0,0,6.43379e-06,4.89591e-06,1.25713e-06,1.6041e-05,0,0,7.39228e-06,0,0,1.32209e-06,0,9.9101e-06,0,0,0,2.108e-05,2.56477e-05,0,4.98593e-07,1.94456e-06,5.48841e-06,1.35865e-05,0,4.1472e-06,5.7932e-07,0,2.9628e-06,3.89588e-06,0,0
"PWY-5154: L-arginine biosynthesis III (via N-acetyl-L-citrulline)",0.000332639,0.000187094,0.00010445,0.000331362,0.000175889,0.00021094,0.000182858,0.000282325,0.000306317,0.000118926,0.000263816,0.000139182,0.000274354,0.000252269,0.000214969,0.000383854,0.000119021,0.000203909,0.000206754,0.000122922,0.000107923,0.000403556,0.0001234,0.000165365,0.000284495,0.000165003,0.000218681,0.000182531,9.2058e-05,0.000157814,0.000201255,6.72656e-05,0.000276152,0.000153343,0.000241752,0.00014298,0.000234031,0.000243344,0.00018507,0.000154466,0.000332067,0.000408864,8.17415e-05,0.000225197,0.000184257,0.000310628,0.000167733,0.000313052,9.26499e-05,0.00030052,9.37537e-05,0.000383698,0.000173729,0.000185328,0.000266252,0.000115525,0.00016261,0.000449878
"PWY-5156: superpathway of fatty acid biosynthesis II (plant)",0,0,0,0,0,0,0,0,0,0,0,0,0,0,0,0,0,0,0,0,0,0,0,0,0,0,0,0,0,0,0,0,0,0,0,0,0,0,0,0,0,0,0,0,0,0,0,0,0,0,0,0,0,0,0,0,0,0
"PWY-5178: toluene degradation IV (aerobic) (via catechol)",0,0,0,0,0,0,0,0,0,0,0,0,0,0,0,0,0,0,0,0,0,0,0,0,0,0,0,0,0,0,0,0,0,0,0,0,0,0,0,0,0,0,0,0,0,0,0,0,0,0,0,0,0,0,0,0,0,0
"PWY-5180: toluene degradation I (aerobic) (via o-cresol)",0,0,0,0,0,4.47319e-06,0,0,0,0,0,0,0,2.70232e-06,0,0,0,0,0,0,0,0,0,0,0,0,0,0,0,7.09447e-06,0,0,0,0,0,0,0,0,0,0,0,0,0,4.65861e-06,0,0,0,0,0,0,0,0,0,0,0,0,0,0
"PWY-5188: tetrapyrrole biosynthesis I (from glutamate)",0.000137298,0.000172829,0.000244392,0.000195981,0.000195863,0.000187041,0.000238383,0.00019646,0.000140167,0.000182462,0.000140512,0.000228011,0.000176082,8.21698e-05,0.000251752,9.47888e-05,0.000202401,0.000117498,0.000229194,0.000157671,0.000105909,0.000112894,0.000220856,0.000233178,0.000210153,0.000243255,0.000213159,0.000133903,0.0002688,0.000207266,0.000294411,0.000190199,0.000146135,0.00013903,0.00019559,0.000275842,0.000251763,0.000120859,0.000201098,0.000170142,0.000137849,0.000117129,0.000246805,0.00023457,0.000238846,0.0001324,0.000147536,0.000171396,0.00017829,0.000132591,0.000294272,0.000133471,0.000188639,0.000241599,0.000124883,0.000206197,0.0002002,0.000157182
"PWY-5189: tetrapyrrole biosynthesis II (from glycine)",2.65013e-05,4.27575e-06,3.72957e-05,0.000100686,1.01839e-05,5.76117e-06,1.08025e-05,1.45207e-06,6.03896e-06,8.03049e-06,0,9.90635e-06,7.07661e-05,1.1435e-05,9.01131e-06,7.97638e-06,4.35695e-06,1.32668e-05,5.64022e-06,2.55415e-05,5.06616e-06,1.02725e-05,0,2.77606e-06,2.79453e-05,3.00073e-06,0,2.34887e-06,1.27672e-05,1.67298e-05,1.48533e-06,8.07664e-06,4.13332e-06,0,6.92502e-06,0,0,6.60246e-06,3.72009e-06,2.15026e-05,2.29644e-06,3.96592e-06,1.43898e-05,1.6113e-05,6.13631e-05,0,8.9404e-05,4.88182e-06,7.67144e-06,2.52979e-05,2.21044e-06,5.38035e-06,3.09034e-06,1.61202e-06,9.30986e-06,1.36346e-05,5.26471e-06,1.09042e-05
"PWY-5198: factor 420 biosynthesis II (mycobacteria)",1.68269e-05,0,1.79949e-05,0,0,1.85783e-06,7.33707e-06,0,0,0,0,0,0,0,1.14019e-05,2.99571e-06,1.14639e-05,3.88184e-06,1.7302e-06,2.51619e-05,7.83221e-06,0,1.57821e-05,2.18949e-06,0,0,0,7.32959e-06,0,0,0,6.04861e-06,0,0,0,0,0,0,0,0,0,0,6.48389e-06,0,6.87496e-07,0,1.50745e-05,3.54674e-05,1.4644e-05,0,0,9.40241e-07,1.6867e-06,1.81709e-06,1.14248e-05,0,1.63455e-05,0
"PWY-5209: methyl-coenzyme M oxidation to CO2",1.78723e-05,0,1.72876e-05,0,0,1.71701e-06,8.98608e-06,0,0,0,0,0,0,0,9.20833e-06,2.25948e-06,1.07784e-05,4.64357e-06,1.13002e-06,2.41765e-05,9.67323e-06,0,1.42508e-05,2.03741e-06,0,0,0,5.93376e-06,0,0,0,5.73021e-06,0,0,0,0,0,0,0,0,0,0,4.33258e-06,0,1.10352e-06,0,1.39243e-05,2.8691e-05,1.13922e-05,0,0,7.6064e-07,8.82737e-07,9.00109e-07,1.02933e-05,0,1.53263e-05,0
"PWY-5265: peptidoglycan biosynthesis II (staphylococci)",0.000102036,6.51849e-06,0,3.24055e-06,0,0,4.815e-06,0,0,5.75889e-06,1.20767e-05,1.70482e-05,9.08866e-06,2.3178e-05,0,0,0,1.42224e-05,0,6.71478e-06,0,2.61525e-05,1.40953e-05,0,0,0,8.50172e-06,0,0,0,4.41401e-05,0,0,0,9.7544e-06,0,0,0,1.2095e-05,9.15582e-05,0,0,2.10882e-05,2.78921e-05,0,5.24858e-06,0,0,1.24661e-05,1.038e-05,0,0,4.81376e-06,0,7.52239e-06,1.62615e-05,0,7.54988e-06
"PWY-5306: superpathway of thiosulfate metabolism (Desulfovibrio sulfodismutans)",0,0,0,0,0,0,0,0,0,0,0,0,0,0,0,0,0,0,0,0,0,0,0,0,0,0,0,0,0,0,0,0,0,0,0,0,0,0,0,0,0,0,0,0,0,0,0,0,0,0,0,0,0,0,0,0,0,0
"PWY-5345: superpathway of L-methionine biosynthesis (by sulfhydrylation)",3.32962e-05,0.00010748,0.000103094,0.00020607,0,2.76456e-05,7.00292e-05,0,3.69668e-05,8.35218e-05,1.12955e-05,2.80805e-05,0.000191515,5.01887e-05,3.41852e-05,3.14774e-05,5.47748e-06,6.11232e-05,2.87764e-05,0.000101543,2.42809e-06,5.05899e-05,2.96408e-05,8.86998e-06,0.000102639,2.48999e-05,3.53906e-06,1.30976e-05,5.02958e-05,5.06568e-05,0.000141764,6.9706e-05,0,0,6.82798e-05,7.69865e-05,0,1.44093e-05,0,8.51826e-05,2.98486e-06,1.08601e-05,6.69369e-05,9.45832e-05,0.000226321,2.0025e-05,1.92072e-05,7.38449e-05,2.91666e-05,0.000106634,1.31989e-05,2.29258e-05,8.8122e-06,4.26852e-06,3.9028e-05,4.97012e-05,3.60356e-06,2.71012e-05
"PWY-5347: superpathway of L-methionine biosynthesis (transsulfuration)",0,2.56325e-05,3.41245e-05,0.000287457,9.33683e-07,7.94946e-06,2.94949e-05,3.03148e-06,1.02997e-05,9.79903e-06,2.43694e-06,2.53633e-05,0.000196012,5.26921e-05,1.22812e-05,9.51126e-06,3.78285e-06,3.25238e-05,6.00284e-05,5.83601e-05,7.51126e-06,3.30086e-05,1.32382e-05,1.85077e-05,6.67894e-05,6.93828e-06,2.33258e-05,2.15914e-05,3.49791e-05,3.53703e-05,2.33818e-05,2.6675e-05,3.59194e-05,3.81302e-05,1.80948e-05,0,9.18461e-06,0.000102183,0,3.57487e-05,4.36856e-05,1.06802e-05,2.26426e-05,5.52432e-05,0.000127273,2.92161e-05,7.20809e-06,5.62344e-06,4.39167e-05,8.88993e-05,2.60752e-05,3.15159e-05,1.60992e-05,5.75385e-06,2.38105e-05,2.44294e-05,0,1.73127e-05
"PWY-5367: petroselinate biosynthesis",2.92678e-06,7.29289e-06,2.64916e-05,7.6877e-05,0,7.66002e-07,3.88951e-06,3.72119e-05,1.22027e-06,2.79278e-05,4.63356e-05,1.13099e-05,5.69932e-05,7.5205e-06,1.5408e-06,4.31364e-06,4.37983e-05,2.08873e-05,1.34645e-05,1.29414e-05,4.84995e-06,2.05825e-05,4.27254e-05,2.35328e-06,2.31195e-05,1.51456e-06,0,6.90531e-06,7.1163e-06,3.42144e-05,1.87242e-06,1.79877e-05,1.3225e-05,1.93809e-05,2.24095e-05,2.09391e-05,1.32833e-05,1.14263e-06,3.13759e-05,7.66695e-06,2.1531e-05,7.29526e-06,9.35452e-06,6.45412e-06,1.65831e-05,4.76231e-05,1.42957e-05,1.5173e-05,2.86515e-05,3.19846e-05,8.26572e-06,1.36342e-06,6.45942e-06,1.37617e-05,2.54316e-06,0,1.9615e-06,7.55585e-06
"PWY-5384: sucrose degradation IV (sucrose phosphorylase)",0.000146474,0.000235489,6.40456e-05,0.000157722,0.000101138,0.000189857,0.000175767,0.000121722,0.000111884,0.000156661,0.000122313,0.000181626,0.000166491,0.000145752,0.000149119,3.87761e-05,0.000135933,4.45261e-05,0.000207915,5.44363e-05,0.000175587,0.000140657,0.000111462,0.000251974,8.99314e-05,0.000128971,0.000122066,7.99935e-05,0.000299013,0.000166387,0.000233717,8.57853e-05,0.000224897,0.000109129,0.000155424,0.000197342,0.000148967,0.000236523,0.000110632,0.000130429,5.44076e-05,0.00011979,0.000244032,0.000185378,0.000186365,0.000106683,7.83373e-05,7.62463e-05,0.000149391,8.88641e-05,0.000174494,9.62773e-05,0.000104963,0.000202618,9.85551e-05,0.000144491,0.000116624,9.94722e-05
"PWY-5392: reductive TCA cycle II",0,4.3491e-06,4.17559e-06,2.30461e-06,0,1.11124e-06,3.70656e-06,0,6.95785e-07,0,0,2.1279e-06,9.14774e-06,2.42758e-06,1.4265e-06,0,0,4.26201e-06,1.26063e-06,6.44339e-06,0,6.91665e-06,0,0,3.06757e-06,0,0,0,0,3.82236e-06,0,1.72408e-06,0,0,0,0,0,6.21594e-07,0,4.68445e-06,0,0,0,7.21984e-06,6.45766e-06,0,1.06207e-06,7.75336e-07,0,3.88937e-06,0,0,0,0,0,0,0,1.54119e-06
"PWY-5415: catechol degradation I (meta-cleavage pathway)",0,0,0,0,0,1.67757e-06,0,0,1.14505e-06,0,0,0,0,3.21875e-06,0,0,0,0,0,0,0,0,0,0,0,0,0,0,0,5.29293e-06,0,0,0,0,0,0,0,0,0,0,0,1.93724e-06,0,3.58871e-06,0,0,0,0,0,0,0,0,7.68828e-07,0,0,0,0,0
"PWY-5417: catechol degradation III (ortho-cleavage pathway)",0,0,0,0,0,0,0,0,0,0,0,0,0,0,0,0,0,0,0,0,0,0,0,0,1.37576e-06,0,0,0,0,0,0,0,0,0,2.08808e-06,0,0,0,0,0,0,0,0,2.66934e-06,1.323e-05,0,0,0,0,0,0,0,0,0,0,0,0,0
"PWY-5419: catechol degradation to 2-hydroxypentadienoate II",0,0,0,0,0,0,0,0,0,0,0,0,0,0,0,0,0,0,0,0,0,0,0,0,0,0,0,0,0,0,0,0,0,0,0,0,0,0,0,0,0,0,0,0,0,0,0,0,0,0,0,0,0,0,0,0,0,0
"PWY-5420: catechol degradation II (meta-cleavage pathway)",0,0,0,0,0,0,0,0,0,0,0,0,0,0,0,0,0,0,0,0,0,0,0,0,0,0,0,0,0,0,0,0,0,0,0,0,0,0,0,0,0,0,0,0,0,0,0,0,0,0,0,0,0,0,0,0,0,0
"PWY-5431: aromatic compounds degradation via &beta;-ketoadipate",0,0,0,0,0,0,0,0,0,0,0,0,0,0,0,0,0,0,0,0,0,0,0,0,1.37576e-06,0,0,0,0,0,0,0,0,0,2.08808e-06,0,0,0,0,0,0,0,0,2.66934e-06,1.323e-05,0,0,0,0,0,0,0,0,0,0,0,0,0
"PWY-5464: superpathway of cytosolic glycolysis (plants), pyruvate dehydrogenase and TCA cycle",0,9.86238e-06,0,6.80571e-06,0,0,1.97821e-05,6.07709e-06,8.90907e-06,9.50071e-06,0,1.16845e-05,1.47881e-05,1.58626e-05,6.09842e-06,1.39921e-05,0,9.8828e-06,0,1.56254e-05,0,1.05835e-05,1.08729e-05,5.6386e-06,1.88556e-05,0,6.56122e-06,2.36273e-06,1.01712e-05,0,0,2.23603e-05,6.29717e-06,0,0,0,0,1.62217e-05,7.06439e-06,1.157e-05,0,6.01093e-06,0,8.43822e-06,4.85651e-06,5.50189e-06,0,1.40521e-05,1.73155e-05,9.22533e-06,0,5.10483e-06,1.04501e-05,1.30186e-05,1.11501e-05,0,0,2.71067e-06
"PWY-5484: glycolysis II (from fructose 6-phosphate)",0.0003467,0.000183687,0.000164934,0.000318656,0.000140663,0.000112325,0.000321392,0.000192168,0.000332087,0.000193886,0.000214172,0.000177937,0.000246619,0.000264931,0.000238021,0.000132991,0.000194871,0.000199044,0.000240685,0.000214893,0.000296641,0.000271106,0.000148793,0.000260393,0.00015823,0.000133397,0.00023432,0.000170515,0.000146368,0.000184808,0.000215568,0.000230017,0.000238961,0.000200497,0.00026235,0.000142835,0.000162785,0.000340812,0.000192953,0.000232467,0.000126635,8.66007e-05,0.000125205,0.000357424,0.000292141,0.000262889,0.000129288,0.000316291,0.000251605,0.000172245,0.000150097,0.000201844,0.000170795,0.000183759,0.0001664,0.000266559,0.000202257,9.3952e-05
"PWY-5494: pyruvate fermentation to propanoate II (acrylate pathway)",0,1.24992e-05,0,1.86236e-06,4.19261e-06,2.50632e-06,0,3.40889e-06,9.98048e-07,0,0,0,9.04911e-07,1.70039e-06,0,0,0,2.99578e-06,2.74125e-07,1.56905e-06,0,4.39252e-06,8.31982e-06,4.31562e-06,1.95895e-06,0,0,1.19413e-05,2.66448e-06,2.78962e-06,2.81071e-06,8.86183e-06,0,0,0,0,2.1991e-06,2.72561e-06,0,0,7.1738e-06,4.56715e-06,1.16068e-06,1.0597e-05,8.08561e-07,1.30392e-06,6.13756e-06,5.71455e-06,0,2.79261e-06,4.9453e-06,0,4.83387e-06,0,0,5.10598e-06,0,2.04529e-06
"PWY-5497: purine nucleobases degradation II (anaerobic)",2.13408e-05,4.14914e-05,1.47685e-05,4.33135e-06,2.40117e-05,3.57085e-05,2.05266e-05,5.49822e-05,1.0105e-05,2.43475e-05,2.20527e-05,3.56101e-05,6.28083e-05,6.5283e-05,3.00582e-05,1.99529e-05,1.29085e-05,3.10261e-05,4.9767e-05,2.78358e-05,3.56302e-06,6.14853e-06,2.47314e-05,8.7247e-06,1.3197e-05,1.45154e-05,1.17457e-05,3.29004e-05,2.74397e-05,1.84468e-05,4.80251e-05,1.31783e-05,0,5.96218e-06,3.22864e-05,2.77423e-05,4.00627e-05,4.84833e-05,0,3.29009e-05,0,9.42137e-06,7.10008e-06,7.06589e-05,2.63987e-05,4.83251e-05,1.76959e-05,3.28418e-05,2.67106e-05,2.07546e-05,6.822e-06,1.5531e-05,1.76379e-05,1.83985e-05,1.45579e-05,3.34862e-05,0,1.14092e-05
"PWY-5505: L-glutamate and L-glutamine biosynthesis",5.16399e-05,0.000153921,5.26613e-05,9.42276e-05,0.000108176,0.000145628,9.25422e-05,0.000129091,4.08518e-05,9.97875e-05,0.000112885,9.62627e-05,8.28277e-05,6.7087e-05,7.70514e-05,1.05006e-05,8.41778e-05,6.17761e-05,9.20788e-05,5.90417e-05,5.69129e-05,6.29766e-05,7.21211e-05,2.6779e-05,5.16501e-05,0.000106327,0.000100182,9.53496e-05,3.22417e-05,9.64143e-05,0.000107702,2.90442e-05,0.000117942,6.48231e-05,7.5891e-05,0.000118801,0.000125247,7.40364e-05,0.000105344,8.01079e-05,0.000197931,4.96154e-05,5.55542e-05,9.01653e-05,7.67215e-05,0.000140343,7.32376e-05,8.38731e-05,6.44545e-05,0.000116599,2.71664e-05,0.000108482,0.000106022,0.000127359,6.56205e-05,6.10726e-05,0.00010481,8.4143e-05
"PWY-5514: UDP-N-acetyl-D-galactosamine biosynthesis II",0,0,0,0,0,0,8.09687e-07,0,8.63477e-07,0,0,0,0,0,0,0,0,0,0,0,0,0,0,0,0,0,0,0,0,0,0,0,0,0,0,0,0,0,0,0,0,0,0,0,8.97338e-07,0,0,0,0,0,0,0,1.22473e-06,0,0,0,0,0
"PWY-5531: 3,8-divinyl-chlorophyllide a biosynthesis II (anaerobic)",0,0,0,0,0,0,1.11842e-06,0,0,0,0,0,6.51e-06,6.29735e-06,0,0,0,0,0,0,0,0,0,0,0,0,0,0,2.56582e-06,0,0,0,0,0,0,0,0,0,0,3.8462e-06,0,0,0,0,0,0,0,0,0,0,0,0,0,0,0,0,0,0
"PWY-561: superpathway of glyoxylate cycle and fatty acid degradation",2.06485e-06,1.40463e-06,3.29432e-05,0.000171453,0,7.61076e-06,2.46678e-05,0,5.22772e-06,0,0,1.08526e-05,0.000111528,1.78527e-05,2.65803e-06,0,0,1.79944e-05,8.79601e-06,3.8108e-05,0,0,0,0,3.32787e-05,0,0,6.88466e-06,2.07359e-05,2.41757e-05,5.48831e-06,1.79591e-05,0,0,1.65584e-05,0,0,4.79333e-06,0,3.12849e-05,0,2.15322e-06,8.64451e-06,3.364e-05,9.79209e-05,0,8.14161e-06,6.75143e-06,1.35137e-05,4.06832e-05,0,6.62456e-06,3.77761e-06,0,1.24004e-05,2.02605e-05,0,0
"PWY-5647: 2-nitrobenzoate degradation I",0,0,0,0,0,0,0,0,0,0,0,0,0,0,0,0,0,0,0,0,0,0,0,0,0,0,0,0,0,0,0,0,0,0,0,0,0,0,0,0,0,0,0,0,0,0,0,0,0,0,0,0,0,0,0,0,0,0
"PWY-5651: L-tryptophan degradation to 2-amino-3-carboxymuconate semialdehyde",0,0,0,0,0,0,0,0,0,0,0,0,0,0,0,0,0,0,0,0,0,0,0,0,0,0,0,0,0,0,0,0,0,0,0,0,0,0,0,0,0,0,0,0,0,0,0,0,0,0,0,0,0,0,0,0,0,0
"PWY-5654: 2-amino-3-carboxymuconate semialdehyde degradation to 2-hydroxypentadienoate",0,0,0,0,0,4.53375e-07,0,0,0,0,0,0,0,0,0,0,0,0,0,0,0,0,0,0,3.60607e-07,0,0,0,2.00283e-07,0,0,0,0,0,3.09176e-07,0,0,0,0,0,0,0,0,0,0,0,0,0,0,0,0,0,0,0,0,0,0,0
"PWY-5656: mannosylglycerate biosynthesis I",0,0,1.76367e-05,5.73985e-05,0,0,6.91628e-06,0,4.06205e-06,0,0,2.33681e-06,6.16609e-05,6.37917e-06,1.20645e-06,0,0,2.80652e-06,1.8673e-06,1.92041e-05,0,0,0,0,1.07895e-05,0,0,1.58098e-06,4.22608e-06,4.95264e-06,7.49795e-07,1.0416e-06,0,0,0,0,0,0,0,1.54078e-05,0,0,1.44731e-06,7.0676e-06,2.83654e-05,0,5.98125e-07,0,2.75128e-06,1.30207e-05,0,3.81637e-06,1.49622e-06,0,2.9737e-06,8.19052e-06,0,0
"PWY-5659: GDP-mannose biosynthesis",0.000105283,0.000228245,0.000103652,0.000168095,0.00012513,0.000230843,0.000136971,0.000132603,0.000207468,0.000204796,0.000166977,0.000216979,0.000169634,0.000150265,7.76944e-05,9.35927e-05,0.000169046,0.00012257,0.000188184,0.000107743,0.000139529,0.000159678,8.39162e-05,0.000231922,0.000110944,0.000179996,0.000146352,0.000103065,0.000294347,0.000117363,0.000191471,0.000122272,0.000226024,9.93043e-05,0.000108387,0.000188593,0.000203306,0.000154738,0.000139385,0.00015102,0.00015664,0.000139376,0.000197502,0.000189542,0.000146882,0.00019895,0.000192173,0.000138879,0.000152162,0.000102998,0.000190565,8.13218e-05,0.000126743,0.000171561,0.000138551,0.000122282,0.000114559,0.000108431
"PWY-5667: CDP-diacylglycerol biosynthesis I",0.000295659,0.000523967,0.000449177,0.000393791,0.000561226,0.000584167,0.000446848,0.000486361,0.000518697,0.000512033,0.000488104,0.000575149,0.000397609,0.00042703,0.000395594,0.00035818,0.000471837,0.00051102,0.000509916,0.000392249,0.000445777,0.000407657,0.000459943,0.000524548,0.000508484,0.000550595,0.000485773,0.000483966,0.000605658,0.000566458,0.000484077,0.000552208,0.000485812,0.000389204,0.000467432,0.000600372,0.000576097,0.00048211,0.000546415,0.000520227,0.000530931,0.000434611,0.000541068,0.000470578,0.000387565,0.00055174,0.000500333,0.000393635,0.00052259,0.000488137,0.000643551,0.000442249,0.000463822,0.000625956,0.000454717,0.00043765,0.000577822,0.000498779
"PWY-5675: nitrate reduction V (assimilatory)",4.13678e-06,3.27268e-06,2.476e-05,0.000138295,1.47925e-06,3.21086e-06,1.39645e-05,0,1.6232e-06,0,0,4.64116e-06,9.17078e-05,8.7053e-06,3.73405e-06,1.19245e-06,0,1.20412e-05,2.9553e-06,2.36662e-05,0,0,1.08429e-06,1.11139e-06,2.24618e-05,0,0,2.82121e-06,1.18458e-05,1.60335e-05,3.37624e-06,6.93475e-06,0,0,2.52233e-06,0,0,2.01985e-06,0,2.3755e-05,0,1.43091e-06,2.25661e-06,1.13809e-05,7.54117e-05,0,9.07623e-07,3.28326e-06,3.85168e-06,1.99903e-05,0,3.84928e-06,2.21742e-06,0,4.09638e-06,1.09197e-05,0,3.15587e-07
"PWY-5676: acetyl-CoA fermentation to butanoate II",4.02737e-05,0.00010438,3.70518e-05,0.000115541,9.6487e-05,5.30125e-05,7.66336e-05,6.25022e-05,3.04725e-05,6.03141e-05,0.000135537,6.89037e-05,0.000165535,5.31932e-05,7.09896e-05,1.69709e-05,6.91261e-05,5.31198e-05,0.000133379,7.49866e-05,4.8681e-05,8.25206e-05,3.04323e-05,6.60324e-05,5.93956e-05,0.000110301,0.000119126,6.16552e-05,6.42269e-05,5.96976e-05,9.97381e-05,3.41023e-05,7.91601e-05,0.000103163,7.07323e-05,6.26365e-05,6.5347e-05,9.6725e-05,5.90431e-05,0.000150698,7.06278e-05,3.30283e-05,9.63712e-05,5.37522e-05,0.000110518,7.38094e-05,0.000109868,2.58334e-05,6.6814e-05,0.000111826,0.000130946,3.73604e-05,5.25038e-05,5.89948e-05,4.0577e-05,8.58099e-05,6.82231e-05,3.55171e-05
"PWY-5677: succinate fermentation to butanoate",0,4.03684e-06,0,0,7.67929e-06,0,8.62969e-06,0,1.50714e-07,0,6.51247e-06,0,2.39083e-05,6.30427e-06,3.14066e-06,0,2.63149e-06,0,0,0,0,0,2.65354e-06,0,0,0,4.15647e-06,0,0,0,2.42324e-06,0,0,0,0,0,4.30422e-06,6.37537e-07,0,1.64508e-05,1.13602e-06,0,0,8.19448e-06,0,0,7.2469e-06,2.60851e-06,0,0,0,4.65253e-06,0,0,0,0,0,3.73795e-07
"PWY-5686: UMP biosynthesis I",0.000690207,0.000604649,0.000714821,0.00038227,0.000633226,0.000723611,0.000714517,0.000668585,0.000578408,0.000700555,0.000612709,0.000700855,0.00041023,0.000495939,0.000663353,0.000769553,0.000744275,0.000654703,0.000639607,0.000623524,0.000627734,0.000621074,0.000605446,0.00078771,0.000665966,0.000709831,0.000666841,0.000604174,0.000785223,0.000709595,0.000690848,0.000698842,0.0006408,0.000574695,0.000670467,0.000805244,0.000675567,0.000611348,0.000655687,0.000669311,0.000650881,0.000640951,0.000716946,0.000618956,0.000563057,0.000689517,0.00069936,0.000596067,0.000658807,0.000594988,0.000794569,0.000608363,0.000649785,0.000810783,0.000688291,0.000497922,0.000755182,0.000721074
"PWY-5690: TCA cycle II (plants and fungi)",0,6.06704e-06,2.81893e-06,3.72149e-06,0,4.2242e-06,2.79946e-05,2.35591e-05,5.21069e-06,1.19067e-05,1.30045e-05,7.95957e-06,8.38878e-06,9.9619e-06,1.85871e-05,1.7056e-05,7.9246e-06,6.83399e-06,4.68429e-06,5.12678e-05,0,5.96062e-06,1.37929e-05,4.63833e-06,1.29085e-05,9.65403e-06,5.19348e-06,1.67647e-06,1.1228e-05,8.53781e-06,0,2.5448e-05,1.74631e-05,2.2054e-06,1.42507e-05,1.05005e-05,1.65386e-05,1.41857e-05,4.99143e-06,2.11862e-05,1.48771e-05,6.87888e-06,9.1881e-06,4.74961e-06,3.10454e-06,1.07821e-05,0,3.54183e-05,1.05864e-05,1.20384e-05,1.31191e-05,4.16264e-06,7.02673e-06,1.12146e-05,7.73799e-06,0,2.56649e-06,1.43935e-05
"PWY-5692: allantoin degradation to glyoxylate II",0,0,7.02862e-07,1.13297e-06,0,0,1.0918e-06,0,1.83533e-07,0,0,2.76565e-07,4.91039e-06,1.89703e-07,1.45068e-07,0,0,2.94439e-07,1.01786e-06,8.23736e-07,0,0,0,0,1.68519e-06,0,0,0,3.11799e-07,1.93976e-06,2.39378e-07,0,0,0,0,0,0,0,0,3.78701e-06,0,0,7.19004e-07,1.8233e-06,1.00996e-06,0,3.42531e-07,2.69043e-07,5.17531e-07,1.58954e-06,0,8.62963e-07,2.39489e-07,0,2.20913e-07,0,0,0
"PWY-5695: inosine 5'-phosphate degradation",0.00040557,0.000505456,0.000405831,0.000517001,0.000389281,0.000484683,0.000517119,0.000540733,0.000563801,0.000495975,0.000486192,0.000435609,0.000420769,0.000429023,0.000409297,0.000378613,0.000454369,0.000421379,0.000457073,0.000467144,0.000349858,0.000464217,0.000373784,0.000391844,0.000398315,0.000383859,0.000435706,0.000401605,0.000613821,0.000464338,0.000546551,0.000365874,0.000497,0.000385717,0.000456737,0.000501667,0.000520387,0.000451308,0.000423423,0.000418424,0.000531473,0.000378478,0.000498331,0.000422386,0.000419722,0.000516632,0.000492323,0.000525822,0.000368781,0.000436389,0.000398938,0.000445687,0.000419885,0.000498163,0.000412299,0.000323211,0.00044845,0.000438444
"PWY-5705: allantoin degradation to glyoxylate III",0,0,3.71504e-06,4.12995e-05,0,3.21242e-07,2.24274e-06,0,7.76874e-07,0,0,3.025e-07,3.4137e-05,3.72064e-06,2.44191e-07,0,0,2.68406e-06,1.71836e-06,5.90116e-06,0,0,0,0,5.76494e-06,0,0,0,1.43462e-06,2.57731e-06,5.92425e-07,2.61849e-06,0,0,0,0,0,2.62995e-07,0,5.16579e-06,0,0,5.91679e-07,2.09067e-06,5.13808e-06,0,3.43185e-07,1.68176e-06,5.66155e-07,5.29766e-06,0,9.8666e-07,2.51633e-07,0,3.68145e-07,2.39471e-06,0,0
"PWY-5723: Rubisco shunt",2.04502e-06,2.67409e-06,6.51121e-05,0.000331979,6.93221e-06,1.36697e-05,3.62817e-05,0,7.35221e-06,0,0,1.13709e-05,0.000218995,2.90383e-05,5.73878e-06,3.89485e-06,3.9763e-06,9.11462e-05,1.22865e-05,7.52645e-05,0,9.00292e-06,0,2.23569e-06,6.04667e-05,2.69355e-06,0,6.85952e-06,2.07246e-05,2.81799e-05,1.2654e-05,2.59351e-05,0,0,2.15423e-05,0,0,6.40788e-06,0,4.05328e-05,0,0,9.09963e-06,3.253e-05,0.000119694,0,1.38575e-06,9.53758e-06,2.35023e-05,5.91954e-05,0,1.93526e-05,2.57921e-06,0,1.12874e-05,3.23737e-05,0,0
"PWY-5724: superpathway of atrazine degradation",0,0,0,0,0,0,0,0,0,0,0,0,0,0,0,0,0,0,0,0,0,0,0,0,0,0,0,0,0,0,0,0,0,0,0,0,0,0,0,0,0,0,0,0,0,0,0,0,0,0,0,0,0,0,0,0,0,0
"PWY-5742: L-arginine degradation IX (arginine:pyruvate transaminase pathway)",0,0,0,0,0,0,0,0,0,0,0,0,0,0,0,0,0,0,0,0,0,0,0,0,0,0,0,0,0,0,0,0,0,0,0,0,0,0,0,0,0,0,0,0,0,0,0,0,0,0,0,0,0,0,0,0,0,0
"PWY-5747: 2-methylcitrate cycle II",0,0,4.45654e-06,2.87464e-05,0,0,2.05024e-06,0,0,0,0,0,1.62301e-05,2.22293e-07,1.35843e-07,0,0,5.09836e-07,2.18729e-07,3.29416e-06,0,0,0,0,5.05343e-06,0,0,3.08069e-07,1.46209e-06,9.65867e-07,0,6.2663e-06,0,0,0,0,0,1.31366e-07,0,3.24038e-06,0,0,1.99646e-07,1.55276e-06,1.13609e-05,0,1.56438e-07,1.97307e-07,2.45688e-07,3.77293e-06,0,1.89025e-06,3.00887e-07,0,4.23385e-07,5.85191e-07,0,0
"PWY-5837: 2-carboxy-1,4-naphthoquinol biosynthesis",9.8705e-07,1.75291e-05,1.25486e-05,8.40709e-05,4.66701e-06,3.06308e-06,1.32928e-05,1.95272e-05,3.45112e-06,4.56862e-06,2.02429e-06,6.5965e-06,5.72347e-05,1.04097e-05,8.66674e-06,0,7.80279e-06,1.18055e-05,9.62096e-06,1.88408e-05,2.50116e-06,4.00958e-05,0,2.21243e-06,2.10556e-05,1.08709e-05,3.68324e-06,3.24903e-06,9.51371e-06,1.41405e-05,3.81933e-06,8.61288e-06,2.07302e-05,0,6.69951e-06,0,0,7.77313e-06,0,1.31476e-05,0,4.08869e-06,3.25261e-06,1.5588e-05,4.25731e-05,0,6.8683e-06,1.07577e-05,5.31616e-06,2.2482e-05,7.00331e-06,1.84297e-06,3.36095e-06,4.46107e-06,7.93514e-06,1.23386e-05,4.56792e-06,1.59096e-06
"PWY-5838: superpathway of menaquinol-8 biosynthesis I",3.31422e-06,4.7289e-05,3.50936e-05,0.000146489,1.50222e-05,1.0052e-05,3.82952e-05,5.56212e-05,1.14892e-05,1.44727e-05,6.77384e-06,1.97357e-05,0.000109719,3.24255e-05,2.59862e-05,0,2.36617e-05,3.41229e-05,2.91957e-05,4.91209e-05,8.13949e-06,5.79151e-05,0,6.79317e-06,4.5596e-05,3.05939e-05,1.20541e-05,1.07028e-05,2.27139e-05,3.87105e-05,1.24899e-05,2.3579e-05,5.79836e-05,0,2.10599e-05,0,0,2.44435e-05,0,3.69277e-05,0,1.24361e-05,9.78871e-06,4.31718e-05,8.62469e-05,0,2.13839e-05,3.3079e-05,1.61091e-05,5.90952e-05,1.94316e-05,6.12421e-06,1.08017e-05,1.41312e-05,2.3983e-05,3.2388e-05,1.4503e-05,5.24607e-06
"PWY-5840: superpathway of menaquinol-7 biosynthesis",3.24724e-06,3.48259e-05,2.60502e-05,0.000119538,1.44721e-05,1.00316e-05,3.32382e-05,0,5.01806e-06,1.40104e-05,6.58868e-06,1.88236e-05,0.000100052,2.63801e-05,2.49102e-05,0,1.68629e-05,3.3304e-05,1.06822e-05,4.29729e-05,7.72655e-06,6.10538e-05,0,6.95823e-06,3.6894e-05,2.74651e-05,1.15857e-05,0,2.35383e-05,3.34041e-05,1.06564e-05,1.73432e-05,0,0,1.40722e-05,0,0,1.50534e-05,0,2.19953e-05,0,8.48563e-06,9.90795e-06,3.41775e-05,6.9719e-05,0,2.19243e-05,3.24242e-05,1.51337e-05,4.04823e-05,1.62542e-05,5.18504e-06,8.85009e-06,1.30548e-05,2.33937e-05,2.15861e-05,1.35488e-05,5.00469e-06
"PWY-5845: superpathway of menaquinol-9 biosynthesis",3.26719e-06,2.50774e-05,2.76134e-05,0.000119538,1.44894e-05,9.67912e-06,3.40393e-05,5.00753e-05,5.01806e-06,0,6.5603e-06,1.53352e-05,0.000100052,3.13997e-05,2.49238e-05,0,4.93645e-06,1.49481e-05,2.53208e-05,3.66626e-05,0,4.45021e-06,0,0,3.6894e-05,2.04589e-05,1.01094e-05,1.04121e-05,1.41932e-05,2.55844e-05,0,1.73432e-05,1.71475e-05,0,1.63547e-05,0,0,1.43195e-05,0,2.63587e-05,0,0,6.08886e-06,4.19795e-05,6.9719e-05,0,7.0031e-06,2.94132e-05,1.35481e-05,4.04823e-05,8.13577e-06,4.28855e-06,1.06652e-05,1.29963e-05,0,2.15861e-05,0,5.16786e-06
"PWY-5850: superpathway of menaquinol-6 biosynthesis",0,2.50774e-05,2.40924e-05,0.000119538,0,0,1.83214e-05,0,5.01806e-06,0,0,1.3157e-05,0.000100052,2.16713e-05,6.86334e-06,0,4.93645e-06,1.49481e-05,1.06822e-05,3.66626e-05,0,0,0,0,3.6894e-05,0,0,0,1.41932e-05,2.55844e-05,0,1.73432e-05,0,0,1.40722e-05,0,0,1.43195e-05,0,2.1513e-05,0,0,6.08886e-06,3.41775e-05,6.9719e-05,0,7.0031e-06,1.18233e-05,7.92616e-06,4.04823e-05,5.24989e-06,4.14391e-06,0,0,0,2.15861e-05,0,3.3984e-06
"PWY-5855: ubiquinol-7 biosynthesis (early decarboxylation)",0,0,2.47237e-06,5.00062e-05,0,4.54477e-07,1.09569e-06,0,3.35612e-07,0,0,5.00638e-07,2.76285e-05,3.70194e-06,4.39756e-07,0,0,8.39496e-07,1.92081e-06,7.54199e-06,0,0,0,0,4.90154e-06,0,0,5.98591e-07,5.06392e-06,1.13404e-06,1.46677e-06,8.03226e-06,0,0,5.53221e-07,0,0,4.07626e-07,0,1.14796e-06,0,0,5.76261e-07,1.03134e-05,1.08621e-05,0,4.55673e-07,4.89804e-07,1.63111e-06,8.46558e-06,0,1.53515e-06,4.16695e-07,0,1.78441e-06,1.33592e-06,0,0
"PWY-5860: superpathway of demethylmenaquinol-6 biosynthesis I",0,1.76522e-05,1.67865e-05,9.42376e-05,0,0,1.26272e-05,0,3.36843e-06,0,0,9.02735e-06,7.96366e-05,1.48822e-05,4.62997e-06,0,3.32489e-06,1.02337e-05,7.2716e-06,2.58728e-05,0,0,0,0,2.6145e-05,0,0,0,9.90607e-06,1.80942e-05,0,1.2048e-05,0,0,9.61004e-06,0,0,9.84969e-06,0,1.5023e-05,0,0,4.16038e-06,2.4654e-05,5.43299e-05,0,4.69983e-06,8.02228e-06,5.34846e-06,2.82312e-05,3.54232e-06,2.77521e-06,0,0,0,1.56452e-05,0,2.27777e-06
"PWY-5861: superpathway of demethylmenaquinol-8 biosynthesis I",2.2253e-06,3.50199e-05,2.49661e-05,0.000120441,1.01946e-05,6.8101e-06,2.7403e-05,4.01607e-05,7.78145e-06,1.00105e-05,4.57178e-06,1.37417e-05,8.89992e-05,2.26049e-05,1.81309e-05,0,1.65858e-05,2.41965e-05,2.06278e-05,3.53682e-05,5.52018e-06,4.29429e-05,0,4.58491e-06,3.27988e-05,2.18292e-05,8.17582e-06,7.2519e-06,1.63124e-05,2.82596e-05,8.51503e-06,1.66312e-05,4.24065e-05,0,1.45581e-05,0,0,1.71999e-05,0,2.66958e-05,0,8.43366e-06,6.79122e-06,3.1829e-05,7.0013e-05,0,1.455e-05,2.31852e-05,1.10086e-05,4.21028e-05,1.35548e-05,4.11038e-06,7.3258e-06,9.59847e-06,1.65085e-05,2.4545e-05,9.95178e-06,3.52646e-06
"PWY-5862: superpathway of demethylmenaquinol-9 biosynthesis",2.1935e-06,1.76522e-05,1.93675e-05,9.42376e-05,9.82678e-06,6.55354e-06,2.41606e-05,3.58594e-05,3.36843e-06,0,4.42593e-06,1.0573e-05,7.96366e-05,2.18581e-05,1.73565e-05,0,3.32489e-06,1.02337e-05,1.77492e-05,2.58728e-05,0,2.98999e-06,0,0,2.6145e-05,1.42656e-05,6.83762e-06,7.05178e-06,9.90607e-06,1.80942e-05,0,1.2048e-05,1.17387e-05,0,1.12131e-05,0,0,9.84969e-06,0,1.86059e-05,0,0,4.16038e-06,3.08598e-05,5.43299e-05,0,4.69983e-06,2.04992e-05,9.22172e-06,2.82312e-05,5.52633e-06,2.87253e-06,7.23165e-06,8.81423e-06,0,1.56452e-05,0,3.47346e-06
"PWY-5870: ubiquinol-8 biosynthesis (late decarboxylation)",0,0,0,0,0,0,0,0,0,0,0,0,0,0,0,0,0,0,0,0,0,0,0,0,0,0,0,0,0,0,0,0,0,0,0,0,0,0,0,0,0,0,0,0,0,0,0,0,0,0,0,0,0,0,0,0,0,0
"PWY-5873: ubiquinol-7 biosynthesis (late decarboxylation)",0,0,0,0,0,0,0,0,0,0,0,0,0,0,0,0,0,0,0,0,0,0,0,0,0,0,0,0,0,0,0,0,0,0,0,0,0,0,0,0,0,0,0,0,0,0,0,0,0,0,0,0,0,0,0,0,0,0
"PWY-5896: superpathway of menaquinol-10 biosynthesis",0,2.50774e-05,2.40924e-05,0.000119538,0,0,1.83214e-05,0,5.01806e-06,0,0,1.3157e-05,0.000100052,2.16713e-05,6.86334e-06,0,4.93645e-06,1.49481e-05,1.06822e-05,3.66626e-05,0,0,0,0,3.6894e-05,0,0,0,1.41932e-05,2.55844e-05,0,1.73432e-05,0,0,1.40722e-05,0,0,1.43195e-05,0,2.1513e-05,0,0,6.08886e-06,3.41775e-05,6.9719e-05,0,7.0031e-06,1.18233e-05,7.92616e-06,4.04823e-05,5.24989e-06,4.14391e-06,0,0,0,2.15861e-05,0,3.3984e-06
"PWY-5897: superpathway of menaquinol-11 biosynthesis",2.92423e-06,4.3179e-05,3.25778e-05,0.000142118,1.33488e-05,8.88693e-06,3.52087e-05,5.06269e-05,1.01044e-05,1.2891e-05,5.9538e-06,1.77347e-05,0.000105722,2.89216e-05,2.39789e-05,0,2.13454e-05,3.11603e-05,2.61578e-05,4.59113e-05,7.27523e-06,6.45745e-05,0,6.18061e-06,4.52855e-05,2.79417e-05,1.06681e-05,9.45625e-06,2.15185e-05,3.58717e-05,1.10316e-05,2.22225e-05,5.27349e-05,0,1.8909e-05,0,0,2.17253e-05,0,3.39074e-05,0,1.14983e-05,8.82335e-06,3.96141e-05,8.49228e-05,0,1.96348e-05,2.95879e-05,1.46822e-05,5.72841e-05,1.80093e-05,5.44238e-06,9.77991e-06,1.27142e-05,2.18088e-05,3.00135e-05,1.30382e-05,4.63855e-06
"PWY-5898: superpathway of menaquinol-12 biosynthesis",2.92423e-06,4.3179e-05,3.25778e-05,0.000142118,1.33488e-05,8.88693e-06,3.52087e-05,5.06269e-05,1.01044e-05,1.2891e-05,5.9538e-06,1.77347e-05,0.000105722,2.89216e-05,2.39789e-05,0,2.13454e-05,3.11603e-05,2.61578e-05,4.59113e-05,7.27523e-06,6.45745e-05,0,6.18061e-06,4.52855e-05,2.79417e-05,1.06681e-05,9.45625e-06,2.15185e-05,3.58717e-05,1.10316e-05,2.22225e-05,5.27349e-05,0,1.8909e-05,0,0,2.17253e-05,0,3.39074e-05,0,1.14983e-05,8.82335e-06,3.96141e-05,8.49228e-05,0,1.96348e-05,2.95879e-05,1.46822e-05,5.72841e-05,1.80093e-05,5.44238e-06,9.77991e-06,1.27142e-05,2.18088e-05,3.00135e-05,1.30382e-05,4.63855e-06
"PWY-5899: superpathway of menaquinol-13 biosynthesis",2.92423e-06,4.3179e-05,3.25778e-05,0.000142118,1.33488e-05,8.88693e-06,3.52087e-05,5.06269e-05,1.01044e-05,1.2891e-05,5.9538e-06,1.77347e-05,0.000105722,2.89216e-05,2.39789e-05,0,2.13454e-05,3.11603e-05,2.61578e-05,4.59113e-05,7.27523e-06,6.45745e-05,0,6.18061e-06,4.52855e-05,2.79417e-05,1.06681e-05,9.45625e-06,2.15185e-05,3.58717e-05,1.10316e-05,2.22225e-05,5.27349e-05,0,1.8909e-05,0,0,2.17253e-05,0,3.39074e-05,0,1.14983e-05,8.82335e-06,3.96141e-05,8.49228e-05,0,1.96348e-05,2.95879e-05,1.46822e-05,5.72841e-05,1.80093e-05,5.44238e-06,9.77991e-06,1.27142e-05,2.18088e-05,3.00135e-05,1.30382e-05,4.63855e-06
"PWY-5910: superpathway of geranylgeranyldiphosphate biosynthesis I (via mevalonate)",0,1.70157e-05,0,1.41103e-05,0,0,2.33274e-06,0,1.93331e-06,0,0,7.32938e-06,3.90132e-06,2.38369e-05,2.92259e-06,5.7103e-06,2.78996e-06,0,3.36019e-06,6.04056e-06,0,4.16171e-05,1.07068e-05,2.23372e-05,0,0,4.64147e-06,0,0,5.78151e-06,0,0,0,0,2.39426e-06,0,2.39791e-06,3.31272e-06,2.62488e-06,0,0,2.13251e-06,7.77009e-06,9.85707e-06,1.29695e-06,2.21096e-05,0,0,2.85876e-05,5.5274e-06,0,2.43976e-06,5.59756e-06,4.20506e-06,7.19341e-06,0,0,1.0963e-05
"PWY-5913: partial TCA cycle (obligate autotrophs)",0.000144758,5.953e-05,5.06179e-05,0.000196931,8.98847e-06,3.4339e-05,8.27041e-05,2.70277e-05,9.1889e-06,9.42961e-05,2.32658e-05,4.20696e-05,0.000134569,6.51844e-05,6.80817e-05,2.18893e-05,3.78323e-05,4.91971e-05,7.23397e-05,5.41196e-05,8.19873e-05,6.67097e-05,3.68427e-05,7.22385e-05,6.16586e-05,1.29621e-05,6.8678e-05,2.13052e-05,5.88784e-05,2.59621e-05,4.07055e-05,6.82775e-05,7.50661e-05,2.96416e-05,9.98722e-05,4.60715e-05,2.9656e-05,8.73767e-05,5.54348e-05,6.6488e-05,1.84289e-05,2.84116e-05,2.63547e-05,7.71378e-05,0.000167885,5.21752e-05,3.09205e-05,4.07354e-05,8.22355e-05,4.68313e-05,2.88247e-05,4.12357e-05,4.25437e-05,0.000103103,5.43217e-05,0.000143036,6.40427e-05,1.91756e-05
"PWY-5918: superpathway of heme b biosynthesis from glutamate",1.70594e-05,8.51755e-06,2.10958e-05,0.000136478,7.26851e-06,2.93092e-06,1.83144e-05,0,8.97703e-06,4.10914e-06,2.10144e-06,1.14795e-05,9.38047e-05,2.00811e-05,1.12526e-05,2.39097e-06,0,2.0016e-05,8.17199e-06,3.07319e-05,5.15961e-06,1.94575e-05,0,0,3.23855e-05,5.32408e-06,0,8.63e-06,1.91053e-05,1.95133e-05,3.20954e-06,2.47824e-05,7.58115e-06,0,1.1535e-05,0,0,0,5.60995e-06,2.07304e-05,0,0,1.0679e-05,2.64169e-05,5.95269e-05,0,3.74843e-05,7.95604e-06,9.15665e-06,3.66859e-05,3.2285e-06,7.14903e-06,5.64163e-06,2.32738e-06,9.78415e-06,1.87353e-05,0,1.25875e-05
"PWY-5920: superpathway of heme b biosynthesis from glycine",0,3.06123e-06,1.18032e-05,8.29611e-05,0,1.61674e-06,9.73441e-06,0,9.27703e-07,0,0,1.57332e-06,3.55345e-05,1.19887e-05,6.43038e-06,0,0,1.21968e-05,5.11699e-06,1.54024e-05,2.51078e-06,0,0,0,1.66063e-05,0,0,3.27694e-06,1.18519e-05,1.1196e-05,0,1.0481e-05,0,0,3.4112e-06,0,0,0,0,9.93438e-06,0,0,4.01744e-06,1.59027e-05,3.93247e-05,0,4.49321e-06,2.45394e-06,4.69515e-06,1.20134e-05,0,3.90558e-06,0,0,6.00287e-06,7.41299e-06,0,0
"PWY-5941: glycogen degradation II",0.000632084,0.000751139,0.000675823,0.000538609,0.000668914,0.000765945,0.000676332,0.000641518,0.00057232,0.000876622,0.000573611,0.000835481,0.000523836,0.000429422,0.000597863,0.000491558,0.000699101,0.00052899,0.000681009,0.000417588,0.000664727,0.000577735,0.000589348,0.000802514,0.000709372,0.000683463,0.000667926,0.000511381,0.000947089,0.000658201,0.000694098,0.000738123,0.00061224,0.000441389,0.000609918,0.000887995,0.000822831,0.00065191,0.000738848,0.000661743,0.000578949,0.000623879,0.000729149,0.000701503,0.000634034,0.000708818,0.000505922,0.000415283,0.00069446,0.000485897,0.000928781,0.000541336,0.000611057,0.000939731,0.000660581,0.00065216,0.000734465,0.000681362
"PWY-5971: palmitate biosynthesis (type II fatty acid synthase)",6.59421e-05,0.000110164,0.000114143,0.000311525,0,3.14132e-05,0.000131565,0.000130308,6.7905e-05,9.60706e-05,9.13403e-05,6.12271e-05,0.000283639,0.000145082,6.85204e-05,1.4423e-05,3.65048e-05,9.22094e-05,9.09851e-05,0.000140501,0.000104789,6.79745e-05,3.96482e-05,2.47889e-05,0.00016971,4.30063e-05,0,4.24214e-05,4.58444e-05,0.000115444,4.21764e-05,6.82678e-05,0.000125025,8.2521e-05,0.000144222,5.44785e-05,2.87607e-05,7.02046e-05,6.35745e-05,0.000124201,1.92087e-05,1.73017e-05,4.08936e-05,0.000113195,0.000180005,4.34585e-05,8.75829e-05,8.83596e-05,0.000103156,0.000205685,7.54775e-05,4.74332e-05,7.26539e-05,6.45628e-05,5.42762e-05,0,6.01092e-05,3.95121e-05
"PWY-5972: stearate biosynthesis I (animals)",0,2.84953e-06,0,8.18229e-07,0,5.91356e-07,5.22733e-06,0,1.12653e-06,0,0,4.49574e-07,2.66166e-05,2.76693e-06,1.46627e-06,0,0,0,0,0,0,0,0,0,2.62256e-06,0,0,0,0,0,1.64535e-06,0,0,0,1.29579e-06,0,0,1.09999e-06,0,6.20685e-06,0,0,0,3.27314e-06,0,0,0,1.47778e-06,7.92249e-06,0,0,1.2802e-06,3.44926e-07,0,0,0,0,0
"PWY-5973: cis-vaccenate biosynthesis",0.000238028,0.000282997,0.000208741,0.000281031,0.000247279,0.000296031,0.000297031,0.000350477,0.000425262,0.000197035,0.000331313,0.000209717,0.000260398,0.000309799,0.000263198,0.000400505,0.000260353,0.000277786,0.000262166,0.000189589,0.000190899,0.000370537,0.000191295,0.000245774,0.000277064,0.000242363,0.000256228,0.000292747,8.65148e-05,0.000372334,0.000261265,0.000131134,0.000331548,0.000274992,0.00029373,0.00020826,0.000291552,0.000293149,0.000241397,0.000215072,0.000426481,0.000353617,0.000198958,0.000254631,0.000220114,0.000397818,0.000346133,0.000331429,0.000196388,0.00035267,0.000159146,0.000392139,0.000324011,0.000225058,0.000263409,0.000129722,0.000244634,0.000365407
"PWY-5981: CDP-diacylglycerol biosynthesis III",2.83413e-05,3.47466e-05,3.33526e-05,9.91913e-05,6.69965e-06,1.52541e-06,1.70672e-05,6.75163e-06,4.30138e-05,7.49271e-06,1.17738e-05,5.31061e-05,4.57057e-05,0.000145729,4.17428e-06,7.59929e-06,2.23015e-05,2.20637e-05,1.43157e-05,5.84816e-05,9.59956e-06,0.000150706,3.79327e-05,0.00011498,1.26945e-05,1.94511e-05,3.43762e-06,8.09043e-06,2.86577e-05,1.8597e-05,4.86825e-05,3.69415e-05,8.24726e-05,4.17171e-06,2.63134e-05,9.25811e-06,1.21728e-05,1.21682e-05,1.02849e-05,1.4604e-05,7.50319e-06,3.66082e-05,1.25818e-05,7.60559e-05,2.77399e-05,0.000110403,1.80205e-05,3.39033e-05,0.000121135,1.13125e-05,4.83219e-06,4.64562e-06,3.03302e-05,2.14627e-05,1.11632e-05,9.89244e-05,8.23542e-06,1.1288e-05
"PWY-5989: stearate biosynthesis II (bacteria and plants)",6.20239e-05,9.52508e-05,9.10437e-05,0.000293986,3.01235e-05,3.49059e-05,0.000160166,9.67222e-05,0.000109303,7.4774e-05,6.38607e-05,4.47876e-05,0.000267665,0.000141628,8.91424e-05,9.29145e-06,5.8007e-05,6.69318e-05,6.97629e-05,0.000135173,0.0001093,4.66121e-05,5.3998e-05,1.77668e-05,0.000151266,4.05242e-05,0.000139675,2.91869e-05,3.85911e-05,8.20296e-05,3.62665e-05,5.33967e-05,9.99114e-05,5.90682e-05,0.000119416,3.83333e-05,1.92747e-05,0.000148929,4.42541e-05,0.000118711,3.08311e-05,1.11256e-05,2.86213e-05,0.000103818,0.000177484,6.56838e-05,6.34255e-05,6.50791e-05,8.06283e-05,0.000160377,6.24262e-05,4.78259e-05,5.33582e-05,4.68529e-05,4.66739e-05,9.12388e-05,6.14673e-05,2.69068e-05
"PWY-5994: palmitate biosynthesis (type I fatty acid synthase)",0,8.7973e-06,0,1.34601e-06,0,0,2.16757e-06,0,3.08302e-05,1.03616e-05,2.99018e-06,0,0,8.12892e-06,7.26999e-06,0,9.6668e-06,4.39202e-06,7.95064e-06,0,1.28566e-05,7.9221e-06,0,0,0,2.05958e-06,0,0,0,0,1.8365e-05,0,1.16778e-05,0,5.35687e-06,0,1.60165e-05,1.06956e-05,6.05773e-06,1.91976e-05,0,2.55612e-06,0,1.14933e-05,3.64609e-06,0,5.2635e-07,0,6.51424e-06,0,0,6.60105e-06,8.98103e-06,9.22236e-06,7.05453e-06,0,1.26943e-05,0
"PWY-6071: superpathway of phenylethylamine degradation",0,0,1.16635e-06,0,0,0,5.16006e-07,0,1.43276e-07,0,0,0,0,0,0,0,0,0,0,0,0,0,0,0,4.69826e-07,0,0,0,4.90267e-07,0,0,0,0,0,0,0,0,0,0,6.73862e-07,0,0,0,0,7.95145e-06,0,0,0,0,0,0,0,0,0,0,0,0,0
"PWY-6113: superpathway of mycolate biosynthesis",0,0,0,0,0,0,0,0,0,0,0,0,0,2.08482e-05,0,0,0,0,0,0,0,0,0,0,0,0,0,0,0,0,0,0,0,0,0,0,0,0,0,2.88635e-05,0,0,0,0,0,0,0,0,0,0,0,0,0,0,0,0,0,0
"PWY-6121: 5-aminoimidazole ribonucleotide biosynthesis I",0.00055165,0.000497959,0.000606966,0.000397096,0.000561277,0.000593551,0.000584351,0.000506308,0.000492679,0.000565713,0.000483928,0.000620513,0.000381674,0.000396972,0.000614641,0.000553186,0.000642468,0.000484363,0.000546076,0.000575439,0.000553149,0.000497545,0.000594284,0.000619141,0.000514329,0.00056369,0.00054314,0.000462131,0.000664502,0.000571985,0.000561284,0.000671418,0.000525311,0.000456155,0.000493398,0.000668737,0.000572085,0.000483335,0.000571951,0.000623297,0.000539117,0.000436487,0.000564733,0.000592768,0.000465408,0.000551474,0.000496453,0.000479998,0.000601293,0.000509768,0.00069662,0.000418537,0.000546257,0.00068421,0.000514689,0.000468289,0.00063318,0.000555722
"PWY-6122: 5-aminoimidazole ribonucleotide biosynthesis II",0.000618005,0.00050147,0.000639723,0.000434727,0.000563714,0.000604058,0.000614438,0.000505794,0.000496939,0.000574872,0.000482547,0.000624421,0.000389437,0.000396674,0.000669688,0.000604134,0.000657389,0.000511262,0.000553847,0.000583388,0.000590649,0.000539405,0.000616771,0.000647356,0.000539017,0.000561814,0.000552591,0.000460638,0.000691188,0.00058189,0.000569772,0.000710072,0.000524083,0.000461686,0.000552313,0.000678158,0.000570737,0.00051712,0.000573332,0.000632835,0.000581736,0.000512723,0.000572231,0.000612335,0.00049543,0.000555457,0.00049337,0.000518039,0.000616605,0.000508647,0.000714633,0.000507685,0.000555832,0.000691443,0.000531623,0.000496678,0.000669555,0.00059129
"PWY-6123: inosine-5'-phosphate biosynthesis I",0.000367756,0.000415886,0.000276818,0.000274789,0.000395115,0.000414686,0.000431989,0.000442805,0.00047348,0.000415001,0.000439104,0.000442308,0.000259505,0.000356763,0.000414062,0.000458208,0.000392867,0.000342825,0.000403848,0.000352059,0.000419295,0.000343388,0.000343021,0.000350398,0.000285891,0.000370737,0.000423969,0.000372524,0.000392977,0.000316193,0.000388648,0.000356257,0.000465986,0.000378014,0.000385359,0.000438332,0.000451226,0.000414358,0.00040681,0.00034553,0.00041269,0.000253224,0.000361553,0.000405767,0.000322755,0.000482113,0.000459617,0.000367636,0.000390753,0.00039848,0.000393766,0.000270211,0.000366132,0.000455604,0.00038939,0.000362592,0.000382192,0.0003256
"PWY-6124: inosine-5'-phosphate biosynthesis II",0.000346036,0.000402819,0.000252032,0.000266755,0.000376801,0.000394035,0.000417581,0.000432868,0.000474313,0.000401739,0.000432181,0.000423928,0.000248548,0.000347493,0.00040025,0.000437727,0.000371938,0.000326355,0.000386771,0.000331364,0.000400746,0.000326168,0.000323904,0.000328453,0.000266085,0.000348979,0.000410711,0.000355679,0.000374223,0.000291524,0.000370423,0.000329395,0.000458646,0.000368184,0.000368771,0.000414155,0.000440204,0.00040686,0.000385663,0.000326596,0.000393253,0.000232004,0.000346911,0.000383527,0.000306708,0.00046655,0.000448197,0.000351558,0.000369412,0.000380315,0.000369019,0.000245862,0.000341908,0.000433794,0.000371062,0.000357067,0.000358597,0.000304447
"PWY-6125: superpathway of guanosine nucleotides de novo biosynthesis II",0.000138089,0.00021856,0.000190905,0.000148681,0.000142794,0.00010636,0.000224161,0.000309861,0.000356914,0.000110658,0.000224356,0.000169463,0.000117861,0.000191356,0.00015906,0.000152593,0.000245719,0.000186208,0.000135742,0.00014698,0.000109689,0.000183926,0.000172028,0.000114305,0.0001473,0.000128665,0.000158932,0.000196987,6.89648e-05,0.000230931,0.000178124,0.000145115,0.000286883,0.000159923,0.000136548,0.000168771,0.000201383,0.000162752,0.000126377,0.000147284,0.000100748,8.2876e-05,9.20164e-05,0.000172057,0.000141219,0.00020444,0.000222604,0.000303449,0.000208427,0.000135041,6.60749e-05,0.000246392,0.000288487,9.80425e-05,0.000156786,0.000137645,0.000100685,0.000116289
"PWY-6126: superpathway of adenosine nucleotides de novo biosynthesis II",0.000189613,0.000290633,0.00025784,0.000201764,0.00019406,0.000151006,0.000296752,0.000403476,0.000443023,0.00015646,0.000295696,0.000234846,0.000161567,0.000254406,0.000220162,0.000207291,0.000329864,0.000250674,0.000186661,0.000207668,0.000155366,0.000241548,0.00022879,0.000159151,0.00019984,0.000178147,0.00021728,0.000264085,9.87149e-05,0.000304159,0.00024158,0.000200727,0.000378604,0.000215021,0.000188639,0.000233488,0.000271655,0.000223603,0.000176382,0.000203859,0.000141722,0.000115405,0.000128619,0.000232159,0.000195702,0.000274121,0.000299404,0.000390137,0.000284633,0.000189201,9.49856e-05,0.000306857,0.000381062,0.000140191,0.000218585,0.000189761,0.000142893,0.000159884
"PWY-6138: CMP-N-acetylneuraminate biosynthesis I (eukaryotes)",0,0,0,0,0,0,1.45677e-06,0,0,0,2.74587e-06,0,0,1.89172e-06,0,0,0,0,0,0,0,0,0,0,0,0,0,0,0,0,0,0,0,0,0,0,0,0,0,0,0,0,0,0,0,0,0,0,0,0,0,0,0,0,0,0,0,0
"PWY-6143: CMP-pseudaminate biosynthesis",0,3.70034e-06,4.75146e-06,0,0,0,8.21275e-06,4.46244e-06,0,0,1.69601e-05,1.5988e-06,4.10688e-06,1.2596e-06,1.09271e-06,0,2.49634e-05,1.50553e-05,7.93271e-06,0,0,2.77902e-06,0,1.31495e-06,1.48685e-06,8.38117e-06,0,2.79354e-05,9.75988e-06,4.56215e-06,4.55158e-05,2.53542e-06,2.92621e-05,3.47597e-06,2.00818e-06,8.96896e-06,0,7.35702e-05,3.00718e-05,3.53755e-06,0,0,0,0,0,0,2.98676e-06,4.38346e-05,4.70535e-06,1.19276e-06,0,0,8.01767e-07,1.9383e-06,3.5895e-06,3.30297e-06,1.50201e-06,0
"PWY-6147: 6-hydroxymethyl-dihydropterin diphosphate biosynthesis I",0.000191278,0.000188292,9.79697e-05,0.000159931,0.000126524,0.000123017,0.000172492,0.000218664,0.00030117,0.000141282,0.000229746,0.000126255,0.000107429,0.000203661,9.07572e-05,0.000206966,0.000122256,0.00014581,0.000162856,0.000116173,6.35677e-05,0.000247561,0.000114142,0.000161704,0.000179408,0.000149171,0.000136454,0.000157212,4.99711e-05,8.93368e-05,0.000172997,6.97955e-05,0.000263977,0.000123499,0.000112197,0.000128135,0.000204992,0.000209606,0.000151344,0.00011655,0.000156211,0.000265798,8.39565e-05,0.000130501,0.000101963,0.000150731,0.00015971,0.000363849,0.000108075,6.71489e-05,3.2397e-05,0.00024654,4.89088e-05,0.000117298,0.000159353,9.91618e-05,0.000106083,0.00027893
"PWY-6148: tetrahydromethanopterin biosynthesis",0,0,0,0,0,0,0,0,0,0,0,0,0,0,0,0,0,0,0,0,0,0,0,0,0,0,0,0,0,0,0,0,0,0,0,0,0,0,0,0,0,0,0,0,0,0,0,0,0,0,0,0,0,0,0,0,0,0
"PWY-6151: S-adenosyl-L-methionine salvage I",0.00056884,0.000517564,0.000598363,0.000344163,0.000526337,0.000631847,0.00042999,0.000520415,0.000531626,0.000597083,0.00052984,0.000599634,0.000342483,0.00045818,0.000586883,0.000630942,0.000583167,0.000436439,0.000558428,0.000420183,0.000490039,0.000527872,0.000559588,0.000569276,0.000507699,0.000587011,0.000547372,0.000519184,0.000680737,0.000546456,0.00048671,0.000640013,0.000550523,0.000390993,0.000529787,0.00067071,0.000561207,0.000514959,0.000564522,0.000458966,0.000549122,0.000527189,0.000597295,0.000532851,0.000451476,0.000557006,0.000546195,0.000470121,0.000590774,0.000472442,0.00060729,0.000537402,0.000602755,0.000690082,0.000556633,0.000517394,0.000627125,0.000576126
"PWY-6160: 3-dehydroquinate biosynthesis II (archaea)",2.65871e-05,0,2.57337e-05,0,0,2.15907e-06,1.07077e-05,0,0,0,0,0,0,0,1.59687e-05,5.36675e-06,1.66387e-05,1.08246e-05,2.23701e-06,3.63469e-05,1.25589e-05,0,2.14604e-05,3.04634e-06,0,0,0,1.21856e-05,0,0,0,9.46962e-06,0,0,0,0,0,0,1.07682e-06,0,0,0,6.42819e-06,0,9.42405e-07,0,2.19767e-05,5.60867e-05,1.9386e-05,0,9.89983e-07,1.06516e-06,1.21629e-06,2.01759e-06,1.83312e-05,0,2.60484e-05,0
"PWY-6163: chorismate biosynthesis from 3-dehydroquinate",0.000565346,0.000613027,0.000689224,0.000398963,0.000622915,0.000714902,0.000603374,0.000600375,0.000607009,0.000685539,0.000567772,0.000727287,0.000425481,0.000460984,0.00062269,0.000662554,0.000636723,0.000500452,0.000620033,0.000541182,0.000547406,0.000506524,0.000622612,0.000612919,0.000586762,0.000651777,0.000624102,0.000562514,0.000757278,0.000603415,0.000616257,0.000682507,0.000577148,0.000462113,0.000543475,0.000792975,0.000650722,0.000528058,0.000689783,0.000619743,0.000648413,0.000527732,0.000646321,0.000578578,0.000539024,0.000637146,0.000606614,0.000512125,0.000678834,0.000633364,0.000778376,0.000528697,0.000636369,0.000789644,0.00054787,0.00058484,0.000733045,0.000584459
"PWY-6165: chorismate biosynthesis II (archaea)",6.54542e-05,0,6.44404e-05,0,0,5.72726e-06,2.77184e-05,0,0,0,0,0,0,0,4.08145e-05,1.41169e-05,4.24947e-05,2.77979e-05,5.92915e-06,8.71175e-05,3.22335e-05,0,5.40497e-05,8.05548e-06,0,0,0,3.13323e-05,0,0,0,2.46698e-05,0,0,0,0,0,0,2.86381e-06,0,0,0,1.68547e-05,0,2.5057e-06,0,5.51956e-05,0.000126228,4.92972e-05,0,2.63415e-06,2.8309e-06,3.23294e-06,5.35643e-06,4.6299e-05,0,6.53725e-05,0
"PWY-6167: flavin biosynthesis II (archaea)",0,0,1.82321e-05,0,0,0,8.89575e-06,0,0,0,0,0,0,0,2.86109e-06,0,3.7205e-06,3.08684e-06,1.506e-06,2.67238e-05,1.72668e-05,0,2.22411e-05,0,0,0,0,1.08064e-05,0,0,0,9.76407e-06,0,0,0,0,0,0,0,0,0,0,1.14868e-05,0,9.48603e-07,0,2.09616e-05,2.00285e-05,2.03737e-05,0,0,0,0,0,8.63333e-06,0,1.35159e-05,0
"PWY-6168: flavin biosynthesis III (fungi)",0,3.10868e-05,6.94774e-05,0.000208391,8.77054e-05,6.20086e-05,0.000122119,7.4985e-05,1.09341e-05,1.19717e-05,0.000129714,5.54368e-05,0.000187366,0.000123637,6.15148e-05,0,4.87984e-05,7.27247e-05,7.58334e-05,0.000136436,3.38745e-05,9.52333e-06,3.08399e-05,0,9.96689e-05,7.9272e-05,9.91732e-05,3.90703e-05,1.88909e-05,8.41669e-05,0.000134371,2.12132e-05,3.31842e-05,4.37859e-05,0,4.04044e-05,0,2.94215e-06,5.15599e-05,0.000118005,7.58376e-05,0,0.00012374,2.7629e-05,0.000111923,0,5.80299e-05,2.90545e-05,3.2199e-05,0.000113361,2.05939e-05,4.23757e-05,2.91302e-05,0,5.99055e-05,8.79716e-05,3.17923e-05,5.19636e-05
"PWY-6174: mevalonate pathway II (haloarchaea)",0,0,0,0,0,0,8.74434e-07,0,0,0,0,0,0,0,2.51755e-06,1.92196e-06,2.37124e-06,0,1.06232e-06,2.65109e-06,0,0,7.76848e-06,3.30896e-06,0,0,0,0,0,0,0,0,0,0,0,0,0,0,0,0,0,0,4.28497e-06,0,0,0,0,0,1.38468e-05,0,0,1.49818e-06,6.8268e-07,2.34867e-06,1.72366e-06,0,0,0
"PWY-6182: superpathway of salicylate degradation",0,0,0,0,0,0,0,0,0,0,0,0,0,0,0,0,0,0,0,0,0,0,0,0,0,0,0,0,0,0,0,0,0,0,0,0,0,0,0,0,0,0,0,0,1.11413e-05,0,0,0,0,0,0,0,0,0,0,0,0,0
"PWY-6185: 4-methylcatechol degradation (ortho cleavage)",0,0,0,0,0,0,0,0,0,0,0,0,0,0,0,0,0,0,0,0,0,0,0,0,0,0,0,0,0,0,0,0,0,0,0,0,0,0,0,0,0,0,0,2.28706e-06,1.19971e-05,0,0,0,0,0,0,0,0,0,0,0,0,0
"PWY-6210: 2-aminophenol degradation",0,0,0,0,0,4.53375e-07,0,0,0,0,0,0,0,0,0,0,0,0,0,0,0,0,0,0,3.60607e-07,0,0,0,2.00283e-07,0,0,0,0,0,3.09176e-07,0,0,0,0,1.21707e-06,0,0,0,0,0,0,0,0,0,0,0,0,0,0,0,0,0,0
"PWY-6215: 4-chlorobenzoate degradation",0,0,0,0,0,0,0,0,0,0,0,0,0,0,0,0,0,0,0,0,0,0,0,0,1.18391e-06,0,0,0,0,0,0,0,0,0,7.48511e-07,0,0,0,0,0,0,0,0,2.64889e-06,3.83928e-06,0,0,0,0,0,0,0,0,0,0,0,0,0
"PWY-621: sucrose degradation III (sucrose invertase)",6.97439e-05,0.000224406,6.02852e-05,0.000111884,0.000101827,0.000182884,0.000173878,0.000123473,9.56884e-05,0.000148533,0.000120288,0.000177224,0.000163571,0.000158573,7.8103e-05,3.92216e-05,0.000132591,4.41699e-05,0.000209913,5.59636e-05,6.91519e-05,0.000132611,0.000109767,0.000232332,8.83931e-05,0.000126166,0.000123129,8.01486e-05,0.000280361,0.000157283,0.00023583,8.25456e-05,0.000226664,0.000112593,0.000143153,0.000193424,0.000143263,0.000130998,0.000110523,0.000117446,5.30033e-05,0.000116019,0.000228484,0.000176311,0.000175882,0.000103527,7.9631e-05,7.36543e-05,0.0001515,8.84503e-05,0.000170161,8.2177e-05,0.000100236,0.000197663,9.84509e-05,0.000136816,0.000112224,9.30782e-05
"PWY-622: starch biosynthesis",0.000128536,3.10817e-05,3.22717e-05,4.95612e-05,1.52358e-05,4.01476e-05,0.000175829,5.5816e-05,0.000258203,0.000216291,3.20861e-05,0,0,2.1595e-05,0.00029175,5.35472e-06,0.000114851,2.5541e-05,9.38706e-05,3.22553e-05,0.00023543,2.71045e-05,5.4945e-05,6.0041e-06,2.10144e-05,1.23998e-05,0,4.62992e-05,2.58864e-05,0,0.000141226,1.47941e-05,7.0481e-05,2.7686e-05,0.000103034,0.000123258,0.000121919,0.000204745,8.41098e-05,0.000227608,1.08163e-05,0,0,0.000135345,0.000130308,7.65621e-05,4.555e-05,7.83363e-05,9.8187e-05,0,0.000102383,0.000203885,0.000103142,0.000133506,0.000138676,9.96481e-05,0.000164444,0
"PWY-6269: superpathway of adenosylcobalamin salvage from cobinamide II",0,0,0,0,0,0,0,0,0,0,0,0,0,0,0,0,0,0,0,0,0,0,0,0,0,0,0,0,0,0,0,0,0,0,0,0,0,0,0,0,0,0,0,0,0,0,0,0,0,0,0,0,0,0,0,0,0,0
"PWY-6270: isoprene biosynthesis I",0.000299925,0.000385238,0.000376663,0.000282594,0.000361077,0.000364969,0.000424596,0.00034988,0.000358517,0.00040035,0.000361754,0.000390316,0.000323313,0.000295032,0.000281912,0.000240448,0.000333905,0.000278592,0.000389771,0.000340271,0.000304946,0.000326349,0.000377277,0.000415235,0.000328668,0.000405101,0.00030281,0.000356193,0.000411312,0.0004113,0.000423991,0.000361014,0.000375677,0.000307491,0.000303822,0.000426542,0.00036419,0.00033589,0.00043381,0.000374784,0.000361292,0.000272985,0.000398712,0.00039677,0.000314224,0.000427182,0.000354641,0.000345962,0.000423619,0.000388848,0.000422165,0.000359301,0.000326735,0.00039167,0.000304109,0.000402921,0.000321572,0.000364681
"PWY-6277: superpathway of 5-aminoimidazole ribonucleotide biosynthesis",0.000618005,0.00050147,0.000639723,0.000434727,0.000563714,0.000604058,0.000614438,0.000505794,0.000496939,0.000574872,0.000482547,0.000624421,0.000389437,0.000396674,0.000669688,0.000604134,0.000657389,0.000511262,0.000553847,0.000583388,0.000590649,0.000539405,0.000616771,0.000647356,0.000539017,0.000561814,0.000552591,0.000460638,0.000691188,0.00058189,0.000569772,0.000710072,0.000524083,0.000461686,0.000552313,0.000678158,0.000570737,0.00051712,0.000573332,0.000632835,0.000581736,0.000512723,0.000572231,0.000612335,0.00049543,0.000555457,0.00049337,0.000518039,0.000616605,0.000508647,0.000714633,0.000507685,0.000555832,0.000691443,0.000531623,0.000496678,0.000669555,0.00059129
"PWY-6281: L-selenocysteine biosynthesis II (archaea and eukaryotes)",0,0,0,0,0,0,0,0,0,0,0,0,0,0,0,0,0,0,0,0,0,0,0,0,0,0,0,0,0,0,0,0,0,0,0,0,0,0,0,0,0,0,1.17268e-06,0,0,0,0,0,0,0,0,0,0,0,0,0,0,0
"PWY-6282: palmitoleate biosynthesis I (from (5Z)-dodec-5-enoate)",6.09885e-05,9.50782e-05,9.23904e-05,0.000306024,3.01193e-05,3.49589e-05,0.000160127,9.63983e-05,0.000108346,7.36171e-05,6.37205e-05,4.4452e-05,0.000271334,0.000140167,9.25868e-05,9.31602e-06,2.96748e-05,6.8313e-05,6.90133e-05,0.000136726,0.0001083,4.67044e-05,3.20625e-05,1.7768e-05,0.000148318,4.04317e-05,0.000135775,2.94158e-05,3.68455e-05,8.37145e-05,3.61394e-05,5.33545e-05,0.000100176,5.9787e-05,0.00011781,3.78041e-05,1.89132e-05,0.000144566,4.40143e-05,0.000120023,1.52316e-05,1.11197e-05,2.83736e-05,0.000104747,0.000182035,3.4743e-05,6.40143e-05,6.49361e-05,8.08616e-05,0.000175093,6.17855e-05,4.81859e-05,5.5631e-05,4.63725e-05,4.68753e-05,8.76438e-05,6.1169e-05,2.68552e-05
"PWY-6284: superpathway of unsaturated fatty acids biosynthesis (E. coli)",8.98429e-06,2.1353e-05,5.69877e-05,0.000159924,0,2.46645e-06,1.23605e-05,7.39554e-05,4.77567e-06,5.49453e-05,6.95856e-05,2.6366e-05,0.000128264,2.27179e-05,4.98197e-06,1.04359e-05,3.27714e-05,4.54164e-05,3.34719e-05,3.58451e-05,1.48352e-05,3.99872e-05,3.52797e-05,6.88675e-06,5.86318e-05,4.75431e-06,0,1.67608e-05,1.75304e-05,6.69342e-05,5.75421e-06,3.6826e-05,3.56895e-05,4.16525e-05,5.48204e-05,3.63489e-05,2.0934e-05,3.7503e-06,4.77412e-05,2.49189e-05,1.6868e-05,1.21251e-05,2.02761e-05,2.31532e-05,5.47461e-05,3.83235e-05,3.46488e-05,3.62052e-05,5.74159e-05,7.86592e-05,2.21062e-05,6.09265e-06,1.80529e-05,3.05865e-05,7.77246e-06,0,6.19291e-06,1.74458e-05
"PWY-6285: superpathway of fatty acids biosynthesis (E. coli)",1.10976e-05,3.4351e-05,6.72179e-05,0.000214606,0,0,2.13492e-05,0,9.35566e-06,0,0,2.56725e-05,0.000178797,3.79607e-05,6.85672e-06,1.27065e-05,0,5.04248e-05,6.5302e-06,5.94642e-05,0,4.96227e-05,0,1.13117e-05,6.84437e-05,0,0,1.60475e-05,2.65942e-05,4.26256e-05,9.04649e-06,4.68517e-05,0,0,3.18166e-05,0,0,6.68272e-06,0,4.34232e-05,0,0,0,4.02353e-05,8.74791e-05,0,0,2.76723e-05,5.61262e-05,8.88968e-05,0,1.13239e-05,8.02182e-06,2.23853e-05,1.0929e-05,0,0,1.10413e-05
"PWY-6292: superpathway of L-cysteine biosynthesis (mammalian)",0.000106101,8.81042e-05,9.249e-05,4.06932e-05,4.97517e-05,6.23781e-05,0.000153773,8.07249e-05,3.07512e-05,0.000109436,0.000107652,0.000103586,5.98182e-05,4.4616e-05,5.694e-05,5.58643e-05,0.000160743,8.6254e-05,0.000102824,8.66542e-05,0.000113964,6.12275e-05,6.35962e-05,8.24737e-05,8.34903e-05,8.04608e-05,7.88721e-05,9.7142e-05,5.5915e-05,0.000101584,6.82472e-05,0.00011145,0.000119499,6.92654e-05,0.000144395,0.000103595,0.000108611,6.52418e-05,0.000119062,0.000103543,7.82643e-05,4.26298e-05,7.71811e-05,4.23379e-05,0.000124095,0.000136268,8.14016e-05,4.34761e-05,8.14311e-05,9.80376e-05,0.000144843,3.87756e-05,7.98332e-05,8.14942e-05,0.00010305,6.32325e-05,9.28526e-05,7.45826e-05
"PWY-6293: superpathway of L-cysteine biosynthesis (fungi)",3.8136e-06,2.77203e-05,1.84117e-05,7.49466e-05,5.92393e-06,6.72766e-07,6.71151e-06,4.56304e-06,2.18864e-05,5.32149e-06,0,1.79005e-05,5.8185e-05,7.17505e-06,2.07638e-06,0,0,8.1123e-06,2.60493e-06,1.80014e-05,0,9.23409e-07,1.08135e-05,0,1.65004e-05,0,0,2.54024e-06,3.90791e-06,6.919e-06,1.25536e-05,1.07601e-05,4.74914e-05,0,6.77477e-06,0,0,8.26237e-06,4.13543e-06,1.60725e-05,0,0,2.52786e-06,1.04753e-05,2.5626e-05,0,2.00024e-06,1.25074e-06,3.49231e-06,1.72112e-05,0,3.17124e-06,3.18697e-06,2.91351e-06,6.11814e-06,5.00485e-05,0,3.97453e-07
"PWY-6305: superpathway of putrescine biosynthesis",3.7252e-05,7.69038e-05,5.00553e-05,0.000175837,4.30603e-05,8.16009e-05,0.000174895,7.65397e-05,0.00011818,6.6508e-05,9.19392e-05,9.10141e-05,0.000180647,4.47645e-05,5.53644e-05,4.41406e-05,6.09237e-05,3.75774e-05,7.53068e-05,5.29206e-05,5.15773e-05,5.92796e-05,4.76108e-05,1.74355e-05,6.97642e-05,8.15562e-05,0.000125265,8.79995e-05,2.25244e-05,0.000100935,9.13468e-05,2.12282e-05,7.09872e-05,7.93383e-05,9.58843e-05,7.56283e-05,0.000138253,0.000105268,8.94486e-05,9.63163e-05,7.49914e-05,1.76646e-05,4.97533e-05,0.000116003,0.000167218,8.3024e-05,5.19529e-05,9.3512e-05,3.89773e-05,8.20884e-05,8.68599e-05,7.23634e-05,7.17989e-05,0.000101985,2.87912e-05,4.31265e-05,8.00708e-05,4.98012e-05
"PWY-6307: L-tryptophan degradation X (mammalian, via tryptamine)",0,0,0,0,0,0,0,0,0,0,0,0,0,0,0,0,0,0,0,0,0,0,0,0,0,0,0,0,0,0,0,0,0,0,0,0,0,0,0,0,0,0,0,0,0,0,0,0,0,0,0,0,0,0,0,0,0,0
"PWY-6313: serotonin degradation",0,0,0,0,0,0,0,0,0,0,0,0,0,0,0,0,0,0,0,0,0,0,0,0,0,0,0,0,0,0,0,0,0,0,0,0,0,0,0,0,0,0,0,0,0,0,0,0,0,0,0,0,0,0,0,0,0,0
"PWY-6317: D-galactose degradation I (Leloir pathway)",0.000357558,0.000555298,0.000411058,0.000290622,0.000452516,0.000514253,0.000475129,0.000423578,0.000467741,0.000566375,0.000428909,0.000557329,0.00036931,0.000294512,0.000376376,0.000311939,0.000409144,0.000339562,0.000459975,0.000257727,0.000414768,0.000390651,0.000400051,0.000485277,0.000408621,0.000446717,0.000436759,0.000365126,0.000635343,0.000440276,0.000496941,0.000408943,0.000451014,0.000321868,0.000378125,0.000562801,0.000559716,0.000391823,0.000471286,0.000460053,0.000447351,0.000380752,0.000526501,0.000453287,0.000382122,0.000456513,0.000346848,0.000265362,0.00041346,0.000333535,0.000559417,0.000355173,0.000378142,0.000591593,0.000391429,0.000412166,0.00041441,0.000419199
"PWY-6318: L-phenylalanine degradation IV (mammalian, via side chain)",0,6.44931e-07,0,3.0799e-06,0,0,1.48617e-06,0,5.00218e-07,0,0,3.33026e-07,4.33895e-06,0,0,0,0,2.81408e-07,0,3.40715e-07,0,0,0,0,9.5334e-07,0,0,0,0,0,4.75606e-07,3.38559e-06,0,0,0,0,0,8.38785e-07,0,2.42714e-06,0,0,0,4.51898e-06,6.38521e-06,0,0,6.88505e-07,0,0,0,0,0,0,0,0,0,0
"PWY-6328: L-lysine degradation X",0,0,0,0,0,0,1.92932e-06,0,7.7739e-07,0,0,0,4.28281e-06,4.439e-06,1.50622e-06,0,0,3.97628e-06,0,0,0,0,0,0,3.30319e-07,0,0,0,1.39861e-06,2.12417e-06,0,0,0,0,0,0,0,0,0,7.09469e-06,0,0,0,0,3.65509e-06,0,1.69851e-07,0,0,0,0,0,0,0,0,1.38934e-06,0,0
"PWY-6349: CDP-archaeol biosynthesis",1.84437e-05,0,2.20707e-05,0,0,0,8.44073e-06,0,0,0,0,0,0,0,1.20562e-05,2.57877e-06,9.22848e-06,4.62474e-06,2.38799e-06,2.55276e-05,7.36897e-06,0,1.88914e-05,2.24108e-06,0,0,0,1.04168e-05,0,0,0,8.9604e-06,0,0,0,0,0,0,0,0,0,0,7.30013e-06,0,9.59875e-07,0,1.94162e-05,3.88772e-05,1.45436e-05,0,0,1.33605e-06,1.12317e-06,1.11627e-06,1.04662e-05,0,1.63469e-05,0
"PWY-6350: archaetidylinositol biosynthesis",1.58876e-05,0,1.8187e-05,0,0,0,7.01657e-06,0,0,0,0,0,0,0,9.04402e-06,1.76908e-06,7.9611e-06,3.73406e-06,1.55708e-06,1.96382e-05,6.26771e-06,0,1.61006e-05,1.82004e-06,0,0,0,7.96841e-06,0,0,0,7.8932e-06,0,0,0,0,0,0,0,0,0,0,6.42474e-06,0,8.40276e-07,0,1.63213e-05,3.46317e-05,1.18746e-05,0,0,8.23135e-07,9.04536e-07,9.02673e-07,8.32647e-06,0,1.462e-05,0
"PWY-6351: D-myo-inositol (1,4,5)-trisphosphate biosynthesis",0,0,0,0,0,0,0,0,0,0,0,0,0,0,0,0,0,0,0,0,0,0,0,0,0,0,0,0,0,0,0,0,0,0,0,0,0,0,0,0,0,0,0,0,0,0,0,0,0,0,0,0,0,0,0,0,0,0
"PWY-6353: purine nucleotides degradation II (aerobic)",8.39513e-05,0.000200359,0.000123255,0.000260264,0.00011055,0.000122244,0.000114683,0.000112374,5.0422e-05,0.000198941,0.000217272,0.000151719,0.000266831,0.00010263,8.80142e-05,4.92497e-05,0.000128605,8.47633e-05,0.000154443,0.00011329,8.19585e-05,9.83984e-05,9.86423e-05,9.62846e-05,0.000116801,0.000162049,0.000156236,0.000124324,0.000150023,0.000117216,0.000140671,0.000102253,8.93261e-05,7.2109e-05,6.04193e-05,0.000186162,0.000124075,0.000150867,0.000104172,0.000152667,0.000168002,7.04876e-05,0.000127145,9.89961e-05,0.00016036,0.000119187,0.000112406,7.56031e-05,0.000104726,0.000160694,0.000156177,6.97825e-05,0.000102109,0.00014153,9.57427e-05,0.000157018,9.73247e-05,9.45366e-05
"PWY-6385: peptidoglycan biosynthesis III (mycobacteria)",0.000516176,0.000527776,0.000597986,0.00040455,0.000549304,0.000639922,0.000577237,0.000555671,0.000559692,0.000580363,0.000530296,0.000616862,0.00039866,0.000455462,0.000569389,0.000713447,0.000624175,0.000510086,0.00057187,0.000529774,0.000507543,0.000546665,0.000560194,0.000611542,0.000577427,0.000586489,0.000550362,0.000520034,0.00067377,0.000599417,0.000612536,0.000583056,0.000551879,0.000452738,0.000540516,0.000649503,0.000614579,0.000528586,0.000575859,0.000582992,0.000579836,0.000547923,0.000611645,0.000555239,0.000510353,0.000592492,0.000637677,0.000532199,0.000613763,0.000540265,0.000680049,0.000575604,0.000584008,0.000636962,0.000527164,0.000544798,0.000664037,0.000629064
"PWY-6386: UDP-N-acetylmuramoyl-pentapeptide biosynthesis II (lysine-containing)",0.000605921,0.000555692,0.000641017,0.000399775,0.000578628,0.00065733,0.000636693,0.00059202,0.00060011,0.000610275,0.000555438,0.00065646,0.000404334,0.000475719,0.00067429,0.000734964,0.000662921,0.000531761,0.000601431,0.000545133,0.000575467,0.000610743,0.00061437,0.000636511,0.000606949,0.000605851,0.000582038,0.000557957,0.000681057,0.00062173,0.000661398,0.000626503,0.000595209,0.000472146,0.000570081,0.000693562,0.000647399,0.000551111,0.000622039,0.000615272,0.000601336,0.000592539,0.000622936,0.000616744,0.000537223,0.000636592,0.000659126,0.000562299,0.000662845,0.000587802,0.000720776,0.000635504,0.000639924,0.000691299,0.000565773,0.000599068,0.000706584,0.000680347
"PWY-6387: UDP-N-acetylmuramoyl-pentapeptide biosynthesis I (meso-diaminopimelate containing)",0.000596375,0.000556444,0.00062907,0.000396057,0.000578603,0.000657513,0.000628717,0.000587816,0.000590807,0.000604593,0.000553693,0.000645586,0.000397416,0.000466256,0.000663222,0.000733617,0.000653215,0.000530343,0.000591289,0.000549099,0.000577199,0.000601834,0.00060752,0.000631736,0.000603438,0.000618325,0.000573695,0.000554848,0.000698006,0.000634676,0.000646944,0.000616777,0.000588099,0.000469366,0.000565485,0.000689922,0.000634974,0.000539302,0.000613315,0.000613618,0.000604063,0.000586493,0.000638738,0.000607365,0.000537652,0.000626358,0.000658029,0.000564815,0.000651469,0.000578633,0.000705857,0.000631953,0.000633896,0.000682342,0.000562478,0.000579166,0.000691105,0.000671034
"PWY-6396: superpathway of 2,3-butanediol biosynthesis",0,0,0,0,0,0,0,0,9.18335e-07,0,0,0,0,5.42061e-06,0,0,0,2.65931e-06,0,1.67946e-06,0,3.92794e-06,2.35619e-06,5.61509e-06,0,0,0,0,0,0,0,0,0,0,0,0,0,0,0,0,0,0,0,0,0,0,0,0,7.45171e-06,0,0,0,1.51023e-06,0,0,0,0,0
"PWY-6415: L-ascorbate biosynthesis V (euglena, D-galacturonate pathway)",0,8.02809e-06,0,0,0,0,6.64637e-06,0,0,0,0,0,5.31781e-06,0,2.34094e-06,0,0,9.79163e-06,2.08134e-06,7.57337e-06,4.57313e-06,0,2.50648e-06,0,0,0,2.73543e-06,7.73036e-06,0,0,0,0,0,7.82619e-06,0,0,0,0,0,0,6.2924e-06,2.45414e-06,3.82735e-06,0,1.8721e-06,0,2.50906e-06,0,4.70461e-06,0,5.1064e-06,0,1.02537e-06,0,0,0,1.41838e-06,0
"PWY-6435: 4-hydroxybenzoate biosynthesis III (plants)",1.78439e-06,1.25344e-05,9.91702e-06,1.1279e-05,0,4.07086e-06,1.31735e-06,3.82586e-06,0,1.26554e-06,0,0,0,3.69895e-07,0,0,0,7.87034e-06,6.01615e-06,0,6.04296e-06,0,0,0,0,0,0,0,0,0,0,0,0,5.84876e-06,0,2.4774e-06,0,0,2.73114e-06,0,3.28623e-06,0,1.15256e-06,0,0,1.63538e-05,0,0,0,0,0,0,4.17145e-06,0,0,0,4.86573e-06,5.29679e-07
"PWY-6467: Kdo transfer to lipid IVA III (Chlamydia)",0,0,0,0,0,0,0,0,0,0,0,0,0,0,0,0,0,0,0,0,0,0,0,0,0,0,0,0,0,0,0,0,0,0,0,0,0,0,0,0,0,0,0,0,0,0,0,0,0,0,0,0,0,0,0,0,0,0
"PWY-6470: peptidoglycan biosynthesis V (&beta;-lactam resistance)",5.69334e-05,0.000216288,0.000100292,2.36901e-05,7.74125e-05,0.000118814,6.26511e-05,0.000111094,0.000242643,0.00020192,0.00012088,0.000190146,0.000110465,4.36454e-05,5.88457e-05,6.35139e-05,7.73105e-05,3.1077e-05,0.000141405,8.8199e-05,9.30582e-05,0.000193099,0.000188651,9.934e-05,5.1359e-05,5.29496e-05,3.75265e-05,0.000106829,0.000125128,0.000124742,0.000198524,0.000117419,6.97353e-05,0.000145376,0.000145083,9.28795e-05,9.14877e-05,0.000106243,7.69482e-05,0.000144682,0.00012096,0.00013177,9.06032e-05,9.33272e-05,0.000144728,0.000146997,9.03982e-05,5.20091e-05,0.000138609,7.79001e-05,8.6215e-05,6.83883e-05,0.000108436,0.000151326,0.000167313,3.43178e-05,7.1646e-05,0.000150616
"PWY-6471: peptidoglycan biosynthesis IV (Enterococcus faecium)",0,9.97762e-06,0,0,0,2.12014e-05,0,0,2.19284e-06,0,0,0,0,0,4.4777e-06,0,0,0,0,0,0,1.46465e-05,0,9.7313e-06,0,0,0,0,0,0,0,0,2.30404e-05,0,0,0,0,0,0,0,2.07201e-05,0,2.06034e-05,0,5.74112e-06,0,0,0,0,0,0,0,0,0,0,0,0,9.52645e-06
"PWY-6478: GDP-D-glycero-&alpha;-D-manno-heptose biosynthesis",0,7.90665e-07,0,0,0,0,1.30229e-05,0,0,0,0,0,1.99453e-06,0,9.57825e-07,0,0,0,1.27143e-06,0,0,0,0,0,0,5.42475e-06,0,1.28341e-06,0,0,0,0,3.83221e-06,2.70165e-06,0,0,0,0,0,0,0,0,0,0,0,0,1.0034e-06,1.67932e-06,0,0,0,0,4.40757e-07,0,0,0,0,0
"PWY-6507: 4-deoxy-L-threo-hex-4-enopyranuronate degradation",1.91763e-05,7.39972e-05,4.8601e-05,8.09187e-05,1.90493e-05,6.57141e-05,7.62248e-05,5.25368e-05,3.11485e-05,7.80595e-05,0.000124251,9.08546e-05,6.65326e-05,4.19958e-05,2.79291e-05,3.3231e-05,8.71026e-05,7.22211e-05,5.7664e-05,4.76903e-05,4.66094e-05,5.07612e-05,3.81147e-05,7.65734e-05,6.54815e-05,6.35956e-05,3.59651e-05,5.84802e-05,7.29823e-05,8.11151e-05,3.42916e-05,3.93439e-05,5.28461e-05,5.48803e-05,3.9164e-05,0.000106904,6.31644e-05,2.34401e-05,4.10901e-05,6.16211e-05,7.7926e-05,3.13668e-05,6.51511e-05,5.44944e-05,8.47625e-05,8.9888e-05,5.5198e-05,1.24965e-05,3.03851e-05,6.83445e-05,7.11102e-05,1.90597e-05,7.68599e-05,5.97145e-05,7.80232e-05,2.83587e-05,2.28733e-05,5.39327e-05
"PWY-6518: bile acids epimerization",0,0,0,0,0,0,9.56057e-07,0,1.41309e-06,0,2.58355e-06,0,0,0,0,0,0,0,0,0,0,0,0,0,0,0,0,0,0,0,1.93916e-06,0,0,0,0,0,0,1.68927e-06,0,0,0,0,0,0,0,0,0,0,0,0,2.95225e-06,1.25548e-06,0,0,0,0,0,0
"PWY-6519: 8-amino-7-oxononanoate biosynthesis I",5.69174e-05,0.000104235,8.3838e-05,0.000213574,4.10354e-05,4.04391e-05,0.000132158,0.000106034,0.00011833,7.73238e-05,7.30084e-05,4.94424e-05,0.000236604,0.000147054,9.06505e-05,9.94415e-06,2.74492e-05,6.89353e-05,8.75465e-05,0.000126177,8.17326e-05,4.79808e-05,3.0518e-05,1.88937e-05,0.000104698,4.59427e-05,0.000127905,3.43163e-05,3.66888e-05,8.43281e-05,5.4587e-05,5.41602e-05,0.000109679,6.23475e-05,0.000116461,4.32494e-05,2.24014e-05,0.000152845,5.03273e-05,0.000115959,1.76803e-05,1.27334e-05,3.04636e-05,0.000113234,0.000145194,3.34755e-05,6.86298e-05,8.2823e-05,7.40914e-05,0.000172799,3.12487e-05,4.43323e-05,5.96785e-05,5.19496e-05,4.79288e-05,8.48619e-05,6.67951e-05,3.07276e-05
"PWY-6527: stachyose degradation",0.000199271,0.000433079,0.000330993,0.000286022,0.000423121,0.000485492,0.00031313,0.000297722,0.000295871,0.000438591,0.000348036,0.000498814,0.000287232,0.000269504,0.000286836,0.000297106,0.000386178,0.000288005,0.000393375,0.000259016,0.00020522,0.000346441,0.000315886,0.00046941,0.000430038,0.000406562,0.000364796,0.000204862,0.000713725,0.000432138,0.000460048,0.000362343,0.000309982,0.000198168,0.000303971,0.000533621,0.000491309,0.000224238,0.000387603,0.000293168,0.000419935,0.000398379,0.000574002,0.00033293,0.000306013,0.00032543,0.000249134,0.000277016,0.000384406,0.00030537,0.000505554,0.000304955,0.000292957,0.00055914,0.000358478,0.000245116,0.000320076,0.000389597
"PWY-6531: mannitol cycle",2.78881e-06,2.24265e-05,2.25792e-05,9.45461e-05,3.77056e-06,1.1797e-05,1.58501e-05,1.08494e-05,5.21015e-06,5.4951e-06,1.1325e-05,7.87824e-06,0.000114386,3.03958e-05,6.00491e-06,1.15723e-06,1.08268e-06,8.7829e-06,1.57785e-05,3.2523e-05,4.71572e-06,4.01648e-06,1.7585e-06,0,2.43643e-05,7.96098e-06,1.20338e-06,4.55291e-06,1.30073e-05,1.13652e-05,2.88014e-05,1.61719e-06,1.8629e-05,3.32795e-06,1.21061e-05,0,1.71115e-05,3.45255e-05,1.62977e-05,2.39378e-05,2.37151e-06,0,8.06926e-06,1.26391e-05,5.8478e-05,1.19354e-05,3.51829e-06,6.19639e-06,1.18286e-05,3.42072e-05,0,4.8081e-06,3.89791e-06,2.0039e-06,7.03621e-06,1.45716e-05,2.31627e-06,5.74998e-06
"PWY-6545: pyrimidine deoxyribonucleotides de novo biosynthesis III",8.79799e-07,4.66023e-05,2.32998e-05,0.000105085,4.4486e-06,3.50515e-05,2.62061e-05,0,7.98416e-06,2.47625e-06,7.94278e-05,9.95698e-06,7.46513e-05,2.04971e-05,6.32903e-06,2.38181e-06,1.3447e-05,1.28507e-05,2.32006e-06,3.86168e-05,1.06025e-05,3.79551e-05,0,4.3022e-05,2.57225e-05,2.5458e-06,0,1.96873e-05,1.73295e-05,1.23739e-05,0,7.31021e-06,1.40391e-05,0,4.61571e-05,7.84559e-06,0,1.4178e-05,6.43136e-06,2.78642e-05,0,0,1.32702e-05,2.54733e-05,8.49183e-05,1.35452e-05,9.37091e-06,7.39185e-06,1.68979e-06,2.51713e-05,2.54669e-06,1.12674e-06,6.43258e-06,0,3.64928e-05,1.73187e-05,0,2.96037e-05
"PWY-6549: L-glutamine biosynthesis III",0.000170695,8.78266e-05,8.20882e-05,0.000163133,2.40078e-05,7.53477e-05,0.00010271,4.0329e-05,3.43031e-05,0.000132512,3.84892e-05,7.8849e-05,0.000110309,6.60115e-05,7.67592e-05,5.16993e-05,6.57808e-05,9.18289e-05,9.24071e-05,7.07778e-05,9.68251e-05,0.000105874,7.21025e-05,0.00013205,9.71933e-05,3.12314e-05,7.05007e-05,4.54202e-05,0.000121603,5.58729e-05,5.60408e-05,0.00010211,9.64011e-05,4.24159e-05,0.000122785,7.6017e-05,4.8831e-05,7.77968e-05,8.14893e-05,7.43337e-05,4.62244e-05,6.63972e-05,5.6194e-05,9.01977e-05,0.000180727,6.30858e-05,5.31511e-05,7.45741e-05,9.28033e-05,7.69088e-05,5.92504e-05,5.56826e-05,5.87727e-05,0.000139872,9.07484e-05,0.000136398,8.3118e-05,4.70862e-05
"PWY-6562: norspermidine biosynthesis",0,0,0,0,0,6.18781e-06,0,0,0,0,0,0,1.55987e-06,0,0,0,0,0,0,0,0,9.99076e-06,0,0,4.50089e-06,0,0,0,2.26836e-06,5.9738e-06,0,2.17925e-06,0,2.46108e-06,1.61631e-06,0,0,0,0,0,0,0,8.00954e-06,7.8367e-06,1.19699e-06,0,0,2.04515e-06,0,0,0,0,0,0,0,0,0,3.22779e-06
"PWY-6565: superpathway of polyamine biosynthesis III",0,0,0,0,0,0,0,0,0,0,0,0,0,0,0,0,0,0,0,0,0,0,0,0,0,0,0,0,0,0,0,0,0,2.5843e-06,0,0,0,0,0,0,0,0,0,0,0,0,0,0,0,0,0,0,0,0,0,0,0,0
"PWY-6572: chondroitin sulfate degradation I (bacterial)",0,7.61905e-06,4.16381e-06,0,1.0989e-05,3.63255e-06,4.09793e-05,1.60528e-05,0,2.95918e-06,2.05389e-05,0,5.21558e-06,1.06725e-06,0,0,7.6535e-06,1.64016e-06,1.11231e-05,2.20018e-06,0,2.67639e-06,3.36281e-06,0,0,6.02727e-06,3.08316e-06,4.93772e-06,0,1.52371e-06,7.11612e-06,0,9.37744e-06,5.792e-06,0,3.26946e-06,0,1.45751e-05,5.56751e-06,4.46354e-06,7.04926e-06,1.95115e-06,3.30521e-06,5.88447e-06,0,0,6.90978e-06,7.33984e-06,0,3.45608e-06,6.6279e-06,0,3.55906e-06,0,0,0,2.04588e-06,4.05199e-06
"PWY-6588: pyruvate fermentation to acetone",7.4849e-05,1.61876e-05,2.09719e-05,4.28152e-05,1.72646e-05,1.07822e-05,1.10618e-05,3.86616e-06,2.364e-06,1.1913e-05,2.01645e-05,1.16069e-05,8.16747e-05,2.84745e-05,2.32338e-05,8.58882e-06,1.19157e-05,1.97639e-05,1.82703e-05,2.53382e-05,1.44889e-05,2.1825e-05,1.7666e-05,9.79565e-06,1.32159e-05,2.35228e-05,3.65266e-05,7.47708e-06,2.84746e-05,2.56601e-06,1.57105e-05,7.78983e-06,1.18355e-05,1.35619e-05,3.38977e-06,1.50676e-05,1.18747e-05,8.92349e-06,2.96058e-05,2.13608e-05,1.67789e-05,5.2868e-06,2.77339e-05,2.18658e-05,2.37799e-05,6.72781e-06,0.000106297,9.89183e-06,3.51536e-05,1.29071e-05,1.00138e-05,6.84782e-06,9.7845e-06,8.46946e-06,1.76606e-05,1.16952e-05,2.22452e-05,8.60632e-06
"PWY-6590: superpathway of Clostridium acetobutylicum acidogenic fermentation",2.73296e-05,7.34926e-05,6.54838e-05,2.64309e-05,7.56928e-05,4.40679e-05,5.59422e-05,5.47329e-05,1.02721e-05,8.07168e-05,4.12545e-05,3.39541e-05,4.45854e-05,2.60682e-05,6.15239e-05,2.41606e-05,6.02393e-05,5.56948e-05,5.03465e-05,6.89313e-05,6.2444e-05,4.34579e-05,7.70606e-05,2.91648e-05,3.18197e-05,2.83791e-05,6.24207e-05,7.19906e-05,4.4145e-05,8.19571e-05,6.13534e-05,8.09488e-05,3.45228e-05,6.20189e-05,4.6918e-05,3.81954e-05,4.37223e-05,2.6039e-05,4.07826e-05,4.2671e-05,4.4284e-05,4.60657e-05,3.14087e-05,4.48071e-05,3.50139e-05,6.15614e-05,4.46684e-05,6.28149e-05,6.34181e-05,4.95731e-05,8.613e-05,8.74803e-06,5.7702e-05,5.92952e-05,5.07305e-05,2.06541e-05,0.000104002,7.81802e-05
"PWY-6595: superpathway of guanosine nucleotides degradation (plants)",2.54214e-05,9.52347e-06,1.64565e-05,2.88771e-06,1.29661e-05,5.96204e-06,2.81007e-05,3.93993e-06,4.01636e-06,1.28698e-05,8.10181e-06,4.45376e-06,2.37807e-06,2.73745e-05,1.53013e-06,8.84408e-06,3.88142e-06,1.08983e-05,3.39795e-06,1.25645e-05,3.1579e-05,1.72736e-05,2.23971e-05,3.50993e-05,2.4864e-06,1.05277e-05,0,2.57488e-06,3.84697e-06,5.74047e-06,3.1577e-06,5.7686e-06,1.14925e-05,0,1.62614e-06,1.57779e-06,2.15683e-05,1.24187e-05,8.52601e-06,3.548e-06,5.10813e-06,3.73734e-06,8.3348e-06,9.51591e-06,5.27362e-06,6.11493e-06,7.64703e-06,8.63825e-06,7.02854e-06,0,3.61269e-06,1.402e-06,9.89338e-06,9.09534e-06,1.31506e-05,1.29952e-05,8.19167e-06,1.08635e-05
"PWY-6606: guanosine nucleotides degradation II",4.6279e-05,0.000123687,6.49416e-05,0.000141591,6.36209e-05,6.92294e-05,6.04702e-05,6.33037e-05,2.54806e-05,0.000117925,0.000133215,8.72177e-05,0.00016763,5.1228e-05,4.92974e-05,2.42395e-05,6.51377e-05,4.18264e-05,8.51464e-05,5.08872e-05,4.5891e-05,4.85729e-05,5.53805e-05,4.22697e-05,6.25547e-05,9.68433e-05,9.06775e-05,7.10647e-05,7.63979e-05,6.24262e-05,7.9654e-05,4.81236e-05,4.27544e-05,3.3243e-05,3.34673e-05,0.000108758,7.1887e-05,8.65548e-05,5.90795e-05,8.61559e-05,9.66578e-05,3.78483e-05,6.82093e-05,5.57297e-05,9.40646e-05,6.35535e-05,5.60627e-05,3.9129e-05,5.67938e-05,8.79085e-05,9.03619e-05,3.95468e-05,5.07187e-05,7.89661e-05,4.84853e-05,5.75266e-05,5.0088e-05,5.214e-05
"PWY-6607: guanosine nucleotides degradation I",2.60306e-05,9.52403e-06,1.70717e-05,2.90146e-06,1.29719e-05,5.97312e-06,2.97786e-05,3.94049e-06,3.95585e-06,1.29911e-05,8.14514e-06,4.4724e-06,2.38344e-06,2.75893e-05,1.53066e-06,9.32407e-06,3.9222e-06,1.13896e-05,3.41529e-06,1.31801e-05,3.17774e-05,1.74515e-05,2.27098e-05,4.22697e-05,2.49887e-06,1.05799e-05,0,2.58038e-06,3.87805e-06,5.80253e-06,3.16274e-06,5.81214e-06,1.16038e-05,0,1.62212e-06,1.57959e-06,2.12822e-05,1.26044e-05,8.54166e-06,3.56323e-06,5.12861e-06,3.75972e-06,8.45163e-06,9.38777e-06,5.30154e-06,6.12713e-06,7.82949e-06,8.79096e-06,7.04949e-06,0,3.62384e-06,1.39858e-06,1.0247e-05,9.19012e-06,1.37127e-05,1.35892e-05,8.37628e-06,1.09316e-05
"PWY-6608: guanosine nucleotides degradation III",7.98261e-05,0.000225816,0.000118686,0.0004236,0.00012489,0.000128059,9.66437e-05,0.0001331,0.000130756,0.000164308,0.000184567,0.000120778,0.00031351,0.000100736,9.72988e-05,4.28111e-05,0.000141743,8.52306e-05,0.00014184,0.000120405,9.09397e-05,9.05878e-05,9.59259e-05,7.33648e-05,0.000104376,0.000144808,0.000125865,0.000109166,0.000149195,9.881e-05,0.000135573,7.57742e-05,7.93548e-05,9.52887e-05,0.000102966,0.000150429,0.000190742,0.000126489,0.000113606,0.000131581,0.00013943,6.20146e-05,0.000105928,0.000191089,0.000134322,0.000120862,0.000117513,6.15497e-05,0.000102258,0.000158755,0.000125797,0.000134573,0.000111335,0.000111053,9.18067e-05,0.000150138,8.63106e-05,9.49671e-05
"PWY-6609: adenine and adenosine salvage III",0.000492454,0.000621839,0.000609106,0.000425776,0.000596008,0.000656026,0.000594665,0.000613446,0.000548859,0.000637634,0.000564094,0.000632689,0.000434075,0.000484985,0.000537469,0.000528509,0.000597329,0.000568498,0.000570778,0.000606463,0.000574481,0.000587749,0.000617883,0.000676689,0.000568945,0.000671442,0.000597481,0.000568851,0.000737379,0.000651323,0.000654964,0.000716088,0.000573547,0.000564176,0.000534776,0.000678574,0.000673259,0.000485454,0.000567179,0.000614498,0.00060246,0.000554803,0.000706216,0.000582675,0.00049534,0.000616397,0.000601816,0.000575302,0.000719149,0.000571087,0.000736824,0.000478894,0.0005442,0.000661979,0.000600167,0.000567203,0.000627731,0.000649358
"PWY-6612: superpathway of tetrahydrofolate biosynthesis",7.47874e-06,3.86357e-05,2.01258e-05,9.67226e-05,1.84978e-05,1.02854e-05,1.16265e-05,1.52261e-05,7.5236e-06,4.09604e-05,6.67787e-05,3.80536e-05,7.27729e-05,7.09023e-05,8.31538e-06,2.15496e-05,4.93978e-05,2.19401e-05,5.05887e-05,2.63215e-05,1.99752e-05,7.06536e-05,3.99892e-05,8.70428e-05,3.02722e-05,3.46454e-05,4.61513e-05,1.6764e-05,4.04565e-05,3.91664e-05,1.02022e-05,2.24264e-05,4.17257e-05,2.41828e-05,1.00244e-05,0,2.50784e-05,2.73497e-06,3.753e-05,2.52453e-05,2.85314e-05,3.93829e-05,4.13103e-05,4.71179e-05,3.41441e-05,0,2.1254e-05,2.32191e-05,7.16639e-05,3.82224e-05,2.00498e-05,5.88856e-06,2.5256e-05,2.13622e-05,1.24054e-05,3.746e-05,1.36918e-05,3.01895e-05
"PWY-6628: superpathway of L-phenylalanine biosynthesis",0.000293709,0.000234563,0.000170901,0.000264137,5.56369e-05,0.000166967,0.000249423,0.00019967,0.000162223,0.000230385,0.000202322,0.00019023,0.000157511,0.000242047,0.000217077,0.000115338,0.00019484,0.000179545,0.000240963,0.000134629,0.00029846,0.000241144,0.000209397,0.000213584,0.000164049,0.00015532,0.000239957,0.000133047,0.000219823,0.00011881,0.000145773,0.000299955,0.000238302,0.000127457,0.000245158,0.000199643,0.000155081,0.000291945,0.000187756,0.00015709,0.000200744,0.000142862,0.000178507,0.000184797,0.000225703,0.000293341,0.000109748,0.0002189,0.000231987,0.000171261,0.00019494,0.000122209,0.000216276,0.00024123,0.000195257,0.00021671,0.000233252,0.00015609
"PWY-6630: superpathway of L-tyrosine biosynthesis",0.000186369,0.00014524,8.02197e-05,0.000187048,5.08816e-05,0.000147706,0.000116691,3.21252e-05,0.000116803,0.000171159,0.000125452,0.000133163,8.9969e-05,0.000177829,0.000121776,6.4786e-05,0.000109038,0.000230679,0.000104882,6.91055e-05,9.16429e-05,0.000203785,0.0001843,0.000210036,9.74189e-05,8.93513e-05,8.41498e-05,8.15962e-05,0.000205742,6.9564e-05,9.05444e-05,0.000227144,0.000156753,9.73472e-05,0.000110437,0.000142777,9.93648e-05,0.000123067,8.78033e-05,0.000140029,0.000125451,0.00012048,0.000173443,0.000139115,0.000139744,0.00013146,0.000122869,6.34019e-05,0.000194335,6.56292e-05,5.2159e-05,6.2964e-05,7.86755e-05,0.000144036,0.000149954,0.000112362,0.000106827,7.41622e-05
"PWY-6641: superpathway of sulfolactate degradation",0,0,0,0,0,0,0,0,0,0,0,0,0,0,0,0,0,0,0,0,0,0,0,0,0,0,0,0,0,0,0,0,0,0,0,0,0,0,0,0,0,0,0,0,0,0,0,0,0,0,0,0,0,0,0,0,0,0
"PWY-6662: superpathway of quinolone and alkylquinolone biosynthesis",0,0,0,0,0,0,0,0,0,0,0,0,0,0,0,0,0,0,0,0,0,0,0,0,0,0,0,0,0,0,0,0,0,0,0,0,0,0,0,0,0,0,0,0,0,0,0,0,0,0,0,0,0,0,0,0,0,0
"PWY-6690: cinnamate and 3-hydroxycinnamate degradation to 2-hydroxypentadienoate",0,2.90959e-07,9.06721e-06,0,0,6.94841e-07,3.97484e-06,0,2.09386e-06,0,0,3.67837e-06,0,0,4.43347e-07,0,0,5.19693e-06,0,8.36297e-07,0,0,0,0,4.11584e-06,0,0,1.28613e-06,2.00547e-06,4.49798e-06,0,2.95615e-06,0,0,1.96206e-06,0,0,1.30456e-06,0,5.63303e-06,0,1.39312e-06,1.17837e-06,3.12341e-06,2.39715e-05,0,1.14339e-06,3.78286e-07,0,0,0,0,0,0,6.63532e-07,4.8313e-06,0,0
"PWY-6700: queuosine biosynthesis I (de novo)",0.00038829,0.000454911,0.000591127,0.000300186,0.000523501,0.000563351,0.000444152,0.000568781,0.000418987,0.000497582,0.000495791,0.000533647,0.000301439,0.000362288,0.000511576,0.000501427,0.000547407,0.000416188,0.00049339,0.000481195,0.000465303,0.000427006,0.000518048,0.000445944,0.000455969,0.000544561,0.000434932,0.000483725,0.000619394,0.000545779,0.000540458,0.000571017,0.000467379,0.000388059,0.000417696,0.000620221,0.000470391,0.000412561,0.000545953,0.000466861,0.000488917,0.000449436,0.000559231,0.000502594,0.000398186,0.000507405,0.000630968,0.000478587,0.000584247,0.000514202,0.000598874,0.000482457,0.000516375,0.000593413,0.000467688,0.000435315,0.000566435,0.000511537
"PWY-6703: preQ0 biosynthesis",0.00021212,0.000231276,0.000196496,0.000204379,0.000190527,0.000258207,0.000270787,0.000344118,0.000318312,0.000251633,0.000328008,0.000247737,0.000244593,0.000283911,0.000177822,0.00043543,0.000256218,0.000245603,0.000266617,0.00018352,0.000217508,0.000196429,0.000194073,0.000256737,0.000225361,0.00029794,0.000185993,0.000286167,0.000333304,0.000313651,0.000240659,0.000191646,0.000269946,0.000181466,0.000226964,0.000285107,0.000235305,0.000282164,0.000211006,0.000172351,0.000308682,0.00027149,0.000343271,0.000221459,0.000172128,0.000368611,0.000315285,0.000344621,0.000167196,0.000301153,0.000196717,0.000272775,0.000252191,0.000227879,0.000175699,0.000222686,0.000293425,0.000235969
"PWY-6708: ubiquinol-8 biosynthesis (early decarboxylation)",0,0,1.07552e-06,2.896e-05,0,0,9.73639e-07,0,0,0,0,0,0,0,0,0,0,6.62752e-07,0,3.78299e-06,0,0,0,0,0,0,0,0,0,1.30958e-06,0,0,0,0,0,0,0,0,0,0,0,0,0,0,0,0,0,3.09072e-07,0,4.54714e-06,0,0,0,0,0,0,0,0
"PWY-6731: starch degradation III",7.86055e-05,0.000255645,0.000130466,7.08656e-05,0.000233343,0.00020484,0.000205319,0.000253453,0.000175257,0.000221026,0.000299673,0.00019166,0.000218672,0.000222491,0.000160293,5.69536e-05,0.000209089,0.00014427,0.000243014,0.000111243,0.000104034,0.000106359,0.000148131,7.88791e-05,0.000124423,0.000127222,0.0002026,0.000224615,0.000216385,0.000102643,0.000282174,0.000100928,0.000216079,8.95125e-05,0.000168526,0.000183423,0.00032367,0.00033342,0.000271509,0.000159549,0.000229149,9.11606e-05,0.000164611,0.00024685,0.000162115,0.000353557,0.00011069,0.00021964,0.00014057,0.000160777,0.000208426,0.000150861,0.000117338,0.000190552,9.8671e-05,0.000146951,0.000183374,0.000140199
"PWY-6748: nitrate reduction VII (denitrification)",0,0,0,0,0,0,0,0,0,0,0,0,0,0,0,0,0,0,0,0,0,0,0,0,0,0,0,0,0,0,0,0,0,0,0,0,0,0,0,0,0,0,0,0,0,0,0,0,0,0,0,0,0,0,0,0,0,0
"PWY-6749: CMP-legionaminate biosynthesis I",0,3.97509e-06,0,8.22217e-05,0,0,2.95923e-05,0,0,1.80933e-06,0,0,5.95037e-05,4.71144e-06,7.03155e-06,0,3.19889e-06,0,2.62722e-06,1.53481e-06,0,2.372e-06,3.9423e-06,0,1.24614e-05,5.34474e-06,2.55468e-06,2.06956e-05,0,0,0,0,0,2.80908e-06,0,1.91638e-06,0,6.4475e-06,0,3.26101e-06,7.111e-06,2.87528e-06,0,7.62691e-07,0,0,1.00174e-05,2.70569e-05,1.66014e-06,0,0,0,0,0,0,0,0,2.18334e-06
"PWY-6763: salicortin biosynthesis",0,0,0,0,0,0,0,0,0,0,0,0,0,0,0,0,0,0,0,0,0,0,0,0,0,0,0,0,0,0,0,0,0,0,8.51131e-07,0,0,0,0,0,0,0,0,1.09432e-06,1.21347e-05,0,0,0,0,0,0,0,0,0,0,0,0,0
"PWY-6797: 6-hydroxymethyl-dihydropterin diphosphate biosynthesis II (Methanocaldococcus)",0,0,0,0,0,0,0,0,0,0,0,0,0,0,0,0,0,0,0,0,0,3.38557e-06,0,4.49548e-06,0,0,0,0,0,0,0,0,0,0,0,0,0,0,0,0,0,0,0,0,0,0,0,0,0,0,0,0,0,0,0,0,0,0
"PWY-6803: phosphatidylcholine acyl editing",2.78383e-06,3.05878e-06,3.62937e-05,0.00017174,1.80403e-06,1.04109e-05,2.08282e-05,0,6.74492e-06,0,0,1.63032e-05,0.000109914,1.41499e-05,8.16029e-07,0,0,1.7146e-05,6.40713e-06,3.12157e-05,0,0,0,0,3.92985e-05,8.55544e-07,0,2.03981e-06,3.45241e-05,2.21693e-05,2.46994e-06,1.90774e-05,0,0,8.85593e-06,0,0,5.43624e-06,0,3.31469e-05,0,0,8.59537e-06,3.92597e-05,0.000114742,0,4.4483e-06,7.48294e-06,4.28599e-06,2.94408e-05,0,6.49168e-06,1.72025e-06,0,7.08988e-06,1.62312e-05,0,0
"PWY-6807: xyloglucan degradation II (exoglucanase)",0,0,0,2.40124e-06,0,0,0,1.85883e-05,0,1.11979e-05,0,8.40737e-06,0,0,0,0,0,2.36957e-06,1.6842e-05,1.41414e-05,0,0,3.18811e-06,0,0,2.01419e-05,0,4.80869e-06,0,0,6.67173e-05,0,3.06978e-05,0,1.48171e-05,1.86252e-06,0,7.68635e-05,3.7289e-06,0,4.20781e-06,0,0,0,0,9.55668e-06,0,5.01768e-06,5.6913e-06,4.46567e-06,0,0,2.98776e-06,0,0,0,1.37035e-06,0
"PWY-6823: molybdopterin biosynthesis",0.000153937,0.000298617,0.000154808,0.000131242,0.000298737,0.000252614,0.000168826,0.000245902,0.000251751,0.000353629,0.000237713,0.000337116,0.000173434,0.000113471,0.000156253,0.000123087,0.000236045,0.000171446,0.000218714,0.000204753,0.00020342,0.000174087,0.000214295,0.000252327,0.000251195,0.000208625,0.000246107,0.000195975,0.000257763,0.000211691,0.000164627,0.00026947,0.000244147,0.000118724,0.000195774,0.000367346,0.00032192,0.000178001,0.000289435,0.000176886,0.000266277,0.000219371,0.000194883,0.000201746,0.000250411,0.000232114,0.000180125,0.000161539,0.000307029,0.000226118,0.000347961,0.000224865,0.000248979,0.000432059,0.000258542,0.000214264,0.000217766,0.000197808
"PWY-6837: fatty acid &beta;-oxidation V (unsaturated, odd number, di-isomerase-dependent)",0,0,0,0,0,0,0,0,0,0,0,0,0,0,0,0,0,0,0,0,0,0,0,0,0,0,0,0,0,0,0,0,0,0,0,0,0,0,0,0,0,0,0,0,0,0,0,0,0,0,0,0,0,0,0,0,0,0
"PWY-6859: all-trans-farnesol biosynthesis",2.36513e-05,0.000122991,2.67001e-05,6.92417e-05,2.84323e-05,3.26657e-05,1.94934e-06,7.50757e-05,0.000146365,5.38374e-05,0.000104689,6.96721e-05,3.53462e-05,3.49642e-05,1.23909e-05,1.03576e-05,1.608e-05,2.60833e-05,4.17392e-05,2.11336e-05,1.56937e-05,5.25801e-05,4.13576e-05,1.6016e-05,1.90454e-05,5.78364e-05,4.42149e-05,1.9369e-05,2.78382e-06,5.55292e-05,4.08921e-05,1.30994e-05,0.000109331,4.98916e-05,2.19147e-05,8.00318e-05,0.000101803,3.97033e-05,5.16981e-05,4.49912e-05,3.29033e-05,1.65572e-05,2.71791e-05,3.62214e-05,2.13191e-05,3.88243e-05,8.57885e-06,6.30462e-05,2.74918e-05,2.86287e-05,0,1.3991e-05,1.78632e-05,3.79949e-05,2.94599e-05,1.18234e-05,2.23409e-05,4.54021e-05
"PWY-6876: isopropanol biosynthesis (engineered)",0,3.10464e-06,1.05413e-06,0,0,0,1.92109e-06,0,2.21391e-06,1.36638e-06,1.53178e-06,0,1.15821e-05,0,2.26686e-06,3.10934e-06,0,0,0,0,0,3.54573e-05,0,0,0,1.5387e-06,1.45057e-06,0,1.76705e-06,0,0,0,0,1.28644e-06,0,0,0,0,0,7.13047e-06,0,0,0,3.43826e-06,0,0,0,5.88597e-07,8.34453e-07,0,0,2.87095e-06,6.36425e-07,1.01092e-06,0,1.81232e-06,0,0
"PWY-6895: superpathway of thiamine diphosphate biosynthesis II",3.20303e-05,0.000133857,0.000104455,0.000254399,0.000107318,9.16508e-05,0.000176938,2.78632e-05,0.000101388,0.000106484,3.43167e-05,8.62895e-05,0.000181242,0.000108362,4.54308e-05,0.000184613,4.45448e-05,0.000168539,0.000113959,0.00011519,5.34663e-05,8.89858e-05,7.7812e-05,3.77588e-05,0.000187351,3.69031e-05,9.7098e-05,8.53244e-05,6.57701e-05,0.000139678,9.69913e-05,6.13902e-05,0.000153448,9.38655e-05,6.81987e-05,6.08175e-05,0.000121883,4.59e-05,0.000100635,0.000163268,7.94173e-05,4.80716e-05,7.02675e-05,0.000112722,0.000168307,0.000152756,1.44032e-05,0.000117026,7.54239e-05,0.000144032,0.000134406,3.7296e-05,3.40439e-05,8.33385e-05,5.22801e-05,0.000108026,7.60489e-05,5.95829e-05
"PWY-6897: thiamine diphosphate salvage II",0.000311381,0.000214682,0.000194797,0.00024677,0.00024641,0.0002604,0.000275659,0.000309876,0.000317553,0.000302295,0.000234712,0.000270455,0.000209325,0.000227807,0.000226344,0.00034942,0.000257846,0.000224104,0.000239501,0.000218538,0.000180056,0.000281112,0.000229745,0.000365305,0.000309093,0.000190071,0.000260661,0.000245009,0.00022508,0.000236279,0.000231834,0.000246602,0.000321023,0.000209554,0.000260251,0.000306233,0.000252021,0.000287888,0.000238713,0.000212473,0.000287749,0.000360572,0.000144371,0.000215815,0.000245479,0.000300233,0.000253694,0.000322519,0.000264199,0.000258263,0.000227225,0.00035723,0.000241689,0.000367255,0.000317694,0.000174977,0.000210982,0.000359955
"PWY-6901: superpathway of glucose and xylose degradation",0.000221856,0.00025556,0.000134359,0.000290515,0.000174983,0.000173325,0.000293424,0.000286186,0.000332398,0.000209871,0.000239245,0.000181613,0.000252173,0.000241064,0.000217495,5.71436e-05,0.000150197,0.000137074,0.000248386,0.00017453,0.000215355,0.000177493,0.000147803,0.000143818,0.000146701,0.000153004,0.000239843,0.000171969,0.000127158,0.000149857,0.000229608,0.000143158,0.000253189,0.000185871,0.000240359,0.000220142,0.000252419,0.000298612,0.000208539,0.000231934,0.000158201,5.58354e-05,0.000121895,0.000251565,0.000241719,0.000265143,0.000127028,0.000220831,0.000190459,0.000140814,0.000109978,0.000169552,0.000166188,0.000188246,0.00014922,0.000204926,0.000195043,0.000124802
"PWY-6902: chitin degradation II (Vibrio)",1.60744e-05,0.000140817,6.27001e-05,7.95783e-05,9.07531e-05,4.48694e-05,0.000110724,0.000145829,1.8137e-05,0.000116255,0.000152214,5.22501e-05,8.80641e-05,2.35341e-05,3.70974e-05,9.95085e-06,5.04465e-05,3.25594e-05,0.000127948,4.81755e-05,6.2451e-05,2.09986e-05,6.17686e-05,5.39175e-05,4.02432e-05,5.22734e-05,9.73762e-05,7.8267e-05,4.54429e-05,7.48556e-05,9.28533e-05,3.45625e-05,0.000116468,3.401e-05,4.32751e-05,6.48618e-05,0.000106943,0.000135437,0.000117377,9.9503e-05,8.18808e-05,2.20475e-05,3.0208e-05,5.5772e-05,6.79814e-05,0.000113499,2.42625e-05,9.70819e-05,4.03792e-05,4.32135e-05,7.73115e-05,7.73104e-06,7.2788e-05,0.000114536,2.12778e-05,5.28175e-05,5.16032e-05,3.44183e-05
"PWY-6906: chitin derivatives degradation",2.13553e-05,2.25743e-05,1.48301e-05,6.6979e-06,4.69525e-06,8.83369e-05,5.55122e-05,2.94666e-05,0,5.56564e-05,0,4.16457e-05,5.71589e-05,0.000182554,2.36613e-05,2.54569e-06,8.30109e-05,6.05998e-05,9.58385e-05,3.68502e-05,7.81911e-06,1.47775e-05,2.35332e-05,3.91931e-05,0,4.40362e-05,3.6925e-05,8.00562e-05,4.05967e-05,3.04339e-05,0.000140031,1.2428e-05,5.87083e-05,1.1927e-05,4.99866e-05,5.06894e-05,1.21381e-05,3.06974e-05,4.35856e-05,4.24509e-05,2.81369e-05,7.51046e-06,3.4082e-05,8.60205e-05,4.1501e-05,0.000129875,2.59613e-05,6.72671e-05,2.11242e-05,1.15556e-05,0,7.14508e-06,8.88223e-06,1.89933e-05,4.01496e-05,2.24913e-05,3.68478e-05,1.77101e-05
"PWY-6920: 6-gingerol analog biosynthesis (engineered)",1.46676e-06,9.28411e-06,0,1.1149e-06,0,1.36362e-06,9.76143e-07,0,0,0,0,0,0,2.77559e-07,0,0,0,0,0,0,0,0,0,0,0,0,0,0,0,0,0,0,0,0,0,1.28261e-06,0,0,2.79369e-06,0,2.14248e-06,0,0,0,0,1.09849e-05,0,0,0,0,0,0,2.14977e-06,0,0,0,1.15187e-06,3.61011e-07
"PWY-6922: L-N&delta;-acetylornithine biosynthesis",0,2.09618e-06,1.05823e-06,1.05344e-05,4.17042e-06,2.91565e-06,4.30286e-06,0,8.60527e-06,0,2.63968e-06,7.73488e-07,3.4875e-05,9.00647e-07,5.10902e-06,0,3.39822e-06,3.47355e-06,1.14205e-06,3.14128e-06,1.70517e-06,1.35975e-06,0,0,5.68921e-06,1.68667e-06,6.50227e-06,6.47481e-07,1.08565e-06,8.98445e-06,4.65279e-06,1.14519e-05,0,0,5.23647e-06,0,0,6.19373e-06,0,4.30459e-06,0,0,3.49628e-07,1.57909e-05,1.7165e-05,4.02964e-06,3.33186e-06,2.75306e-06,1.10837e-06,3.6745e-06,0,7.44466e-07,2.03538e-06,0,2.72625e-06,4.3402e-06,1.3629e-06,1.32917e-06
"PWY-6936: seleno-amino acid biosynthesis (plants)",0.00034476,0.000255369,0.000243367,0.000327809,0.000160202,0.000303555,0.000233349,0.000210305,0.000244111,0.000283449,0.000229379,0.000348758,0.000275377,0.000246997,0.000172031,0.000255346,0.000282642,0.000201061,0.000339148,0.000224032,0.000269597,0.000345672,0.000273957,0.000397119,0.000252362,0.000265595,0.000336671,0.000175052,0.000516908,0.000280585,0.000276933,0.000368333,0.000342998,0.000209583,0.000260432,0.000261952,0.000278781,0.000294799,0.000235055,0.000259757,0.000275951,0.000212127,0.000451025,0.000290096,0.000303245,0.000303395,0.000175672,0.000224534,0.000301968,0.000219038,0.000305468,0.000193431,0.000215219,0.000293025,0.000173235,0.000337243,0.000284838,0.000289053
"PWY-6953: dTDP-3-acetamido-&alpha;-D-fucose biosynthesis",0,7.53143e-06,6.35378e-06,0,0,0,1.87038e-05,8.66751e-06,0,0,0,0,3.20839e-06,2.63333e-06,9.26522e-06,0,5.19769e-06,0,0,0,0,0,0,0,0,6.69099e-06,0,0,0,0,0,0,1.09406e-05,0,0,0,0,0,0,0,0,0,0,0,0,0,2.00361e-06,2.1547e-05,2.48814e-06,0,0,0,0,0,0,0,0,0
"PWY-6961: L-ascorbate degradation II (bacterial, aerobic)",1.76035e-05,5.94436e-06,2.04922e-05,0.000126931,0,6.12913e-06,9.65681e-06,0,8.90955e-06,4.3088e-06,0,2.57041e-06,7.81681e-05,1.01122e-05,5.25e-06,1.76687e-06,2.93146e-06,1.89666e-05,4.80892e-06,3.64825e-05,0,3.87725e-06,0,3.57631e-06,2.11745e-05,0,1.13817e-06,2.20569e-06,1.19334e-05,1.09762e-05,4.55976e-06,9.48798e-06,0,0,6.18323e-06,3.25043e-06,0,3.31298e-06,0,1.78214e-05,2.99429e-06,0,6.25447e-06,2.33136e-05,4.09782e-05,0,2.50913e-06,4.15011e-06,5.59425e-06,1.78361e-05,0,2.57655e-06,4.08718e-06,0,5.88578e-06,1.8447e-05,3.41534e-06,4.90118e-06
"PWY-6969: TCA cycle V (2-oxoglutarate synthase)",9.95656e-05,6.64457e-05,7.24329e-05,0.000211643,4.19378e-05,5.67509e-05,8.15009e-05,3.65298e-05,6.45051e-06,9.44869e-05,3.85274e-05,5.95381e-05,0.000142354,5.1322e-05,0.000101822,0.000100464,6.79438e-05,0.000116527,9.58862e-05,7.82839e-05,7.34351e-05,6.03888e-05,8.76979e-05,5.10482e-05,7.40444e-05,7.52756e-05,6.59934e-05,6.47277e-05,5.51089e-05,6.95845e-05,4.30217e-05,6.93222e-05,8.98652e-05,7.5249e-05,7.51927e-05,6.05961e-05,4.5067e-05,7.29055e-05,6.4626e-05,5.919e-05,5.65752e-05,1.14513e-05,5.89389e-05,8.47514e-05,0.000121446,4.58296e-05,0.000145434,8.44264e-05,6.8628e-05,7.63271e-05,5.44258e-05,3.38308e-05,4.15081e-05,7.62396e-05,8.14817e-05,7.92971e-05,8.43792e-05,3.78034e-05
"PWY-6981: chitin biosynthesis",0,0,0,0,0,0,0,0,0,0,0,0,0,0,0,0,0,0,0,0,0,0,0,0,0,0,0,0,0,0,0,0,0,0,0,0,0,0,0,0,0,0,0,0,0,0,0,0,0,0,0,0,0,0,0,0,0,0
"PWY-6992: 1,5-anhydrofructose degradation",6.84001e-06,0,1.21342e-06,2.29932e-06,0,4.63811e-07,2.7425e-05,0,1.68073e-07,0,0,0,3.6844e-06,0,5.01774e-06,0,0,0,8.97923e-07,7.97984e-06,0,0,0,0,1.60889e-06,1.03186e-05,0,0,5.88161e-07,0,0,0,7.69464e-06,6.91854e-06,0,0,0,0,7.3254e-06,0,0,0,0,0,7.42949e-06,0,0,3.19889e-05,0,0,2.00571e-06,0,1.58389e-06,0,0,6.20729e-07,0,6.10899e-07
"PWY-7000: kanamycin biosynthesis",0,0,1.12893e-06,0,0,0,0,0,0,0,0,0,0,0,0,0,0,0,0,0,0,0,0,0,0,0,0,0,0,0,0,0,0,0,0,0,0,0,0,0,0,0,0,0,0,0,0,0,0,0,0,0,0,0,0,0,0,0
"PWY-7009: 2,2'-dihydroxybiphenyl degradation",0,0,0,0,0,0,0,0,0,0,0,0,0,0,0,0,0,0,0,0,0,0,0,0,0,0,0,0,0,0,0,0,0,0,0,0,0,0,0,0,0,0,0,0,0,0,0,0,0,0,0,0,0,0,0,0,0,0
"PWY-7013: (S)-propane-1,2-diol degradation",1.25786e-05,2.10221e-05,8.57197e-06,3.14602e-06,5.45217e-05,2.95833e-05,4.46734e-05,1.74747e-05,3.56746e-06,4.0299e-05,3.05519e-05,2.27577e-05,0.000137714,4.12192e-05,7.65354e-05,1.56404e-05,4.65201e-05,1.42292e-05,2.19268e-05,3.07968e-05,4.39882e-05,9.18853e-06,4.30457e-05,3.1362e-05,4.63796e-05,3.77425e-05,6.92063e-05,3.84246e-05,5.39047e-05,1.97864e-05,4.89802e-05,4.41632e-05,1.57257e-05,2.28397e-05,7.31634e-05,2.40449e-05,4.70328e-05,4.09982e-06,1.66558e-05,8.28497e-05,3.34674e-05,1.51625e-05,3.02017e-05,7.96978e-05,0.000110581,4.28581e-05,2.55698e-05,1.72167e-05,3.21708e-05,3.65333e-05,5.71285e-05,3.45669e-05,5.0266e-05,2.70267e-05,2.56877e-05,8.51471e-05,5.22013e-05,2.09154e-05
"PWY-702: L-methionine biosynthesis II",5.74374e-05,0.000151512,7.09436e-05,0.000204138,7.84897e-05,7.95371e-05,0.000119927,0.000102966,0.000109544,0.00012886,8.22692e-05,0.000117257,0.000145227,0.000138912,0.000109234,5.578e-05,9.9421e-05,7.67187e-05,0.000105801,7.68338e-05,0.000144213,0.000177279,9.33495e-05,0.00014491,7.93795e-05,7.7846e-05,0.000149957,7.41872e-05,0.00011289,7.12954e-05,0.00011574,9.14239e-05,0.000143584,6.72702e-05,8.6477e-05,9.54849e-05,0.000111049,0.000144689,7.77302e-05,0.000128352,5.77547e-05,6.68216e-05,6.20163e-05,0.000147329,0.000149401,0.000127836,6.34366e-05,2.91567e-05,0.000158461,8.77203e-05,0.000138885,0.000115611,9.59505e-05,0.000124364,7.03773e-05,0.000163201,9.73911e-05,8.01516e-05
"PWY-7031: protein N-glycosylation (bacterial)",0,0,0,0,0,0,0,0,0,9.12346e-07,0,0,2.98647e-06,4.11638e-06,0,0,0,0,0,0,0,0,0,0,0,4.43933e-06,0,0,0,0,0,0,0,0,0,0,0,0,0,0,0,0,0,0,0,0,0,0,0,0,0,0,0,0,0,0,0,0
"PWY-7039: phosphatidate metabolism, as a signaling molecule",0,0,0,0,0,0,1.494e-06,0,0,0,0,0,0,0,0,0,0,0,0,0,0,0,0,0,0,0,0,0,0,0,0,0,0,0,0,0,0,0,0,0,0,0,0,0,1.33815e-05,0,0,0,0,0,0,0,0,0,0,0,0,0
"PWY-7090: UDP-2,3-diacetamido-2,3-dideoxy-&alpha;-D-mannuronate biosynthesis",0,0,0,0,0,0,0,0,0,0,0,0,0,0,0,0,0,0,0,0,0,0,0,0,0,0,0,0,0,0,0,0,0,0,0,0,0,0,0,0,0,0,0,0,0,0,0,0,0,0,0,0,0,0,0,0,0,0
"PWY-7094: fatty acid salvage",0,1.62542e-06,3.68534e-06,8.21171e-05,0,4.224e-07,3.82097e-06,0,0,0,0,3.87985e-07,6.73226e-05,7.83572e-06,2.86167e-07,0,0,4.53352e-06,2.71767e-06,1.06941e-05,0,0,0,0,1.77204e-05,0,0,1.2686e-06,5.05297e-06,2.62924e-06,1.51408e-06,1.06185e-05,0,0,0,0,0,4.25538e-07,0,2.31927e-06,0,0,4.85848e-07,1.90466e-05,9.60313e-06,0,3.41272e-07,1.72619e-06,1.52106e-06,9.32916e-06,0,1.36375e-06,4.93571e-07,0,1.44064e-06,2.36735e-06,0,0
"PWY-7111: pyruvate fermentation to isobutanol (engineered)",0.000477686,0.000507784,0.000404441,0.00060877,0.000417097,0.000505246,0.00051773,0.000471337,0.000421656,0.000539686,0.00044152,0.000547287,0.00051894,0.000456727,0.00045276,0.000306876,0.000462911,0.000447597,0.000462495,0.000437954,0.000456048,0.000514336,0.000508951,0.000554885,0.000416611,0.000405278,0.000488232,0.000373664,0.000576356,0.000435539,0.000481514,0.000568724,0.000540291,0.000385624,0.000444253,0.000490964,0.000497843,0.000483561,0.000449047,0.000601506,0.000477414,0.000386546,0.000506152,0.000446356,0.000541818,0.000506878,0.000405253,0.000335539,0.000593492,0.000470163,0.00058972,0.000451219,0.000439867,0.000665323,0.000461059,0.000509271,0.000437497,0.000413052
"PWY-7115: C4 photosynthetic carbon assimilation cycle, NAD-ME type",0.000130531,1.7931e-05,3.48727e-05,0.000159588,4.1417e-05,5.82462e-05,0.00011056,5.95524e-05,9.61735e-05,0.000106354,7.19403e-06,6.32751e-05,9.66585e-05,0.000122778,0.000107487,2.04696e-05,4.81509e-05,1.42329e-05,0.000102198,8.92749e-05,0.000103446,4.34592e-05,5.80314e-05,2.57273e-05,9.99909e-05,2.64872e-05,0.000175567,3.29606e-05,5.99792e-05,2.37922e-05,8.16652e-05,7.82957e-05,2.82318e-05,1.1894e-05,0.000136251,8.71743e-05,4.51391e-05,0.00017632,0.00011042,0.000100006,2.57428e-05,4.04157e-05,1.96562e-05,8.26438e-05,0.000107344,3.51546e-05,5.99789e-05,6.19161e-05,0.000125977,6.06929e-05,5.24139e-05,7.45148e-05,3.88006e-05,0.000120429,9.79394e-05,8.32275e-05,8.97319e-05,2.17978e-05
"PWY-7117: C4 photosynthetic carbon assimilation cycle, PEPCK type",0.000199251,0.00011583,7.04083e-05,0.000251667,1.3145e-05,4.85865e-05,0.000155298,5.77197e-05,0.000184371,0.000145151,4.64086e-05,6.21588e-05,0.000157152,0.00022587,0.000150088,2.88412e-05,5.89906e-05,7.57889e-05,0.000121146,7.89488e-05,0.000147774,0.000139359,5.10804e-05,9.04677e-05,9.43422e-05,2.04664e-05,0.000203933,3.39817e-05,6.54895e-05,3.88413e-05,0.000100865,8.83751e-05,0.000133234,5.2885e-05,0.000211332,8.42853e-05,5.69646e-05,0.000237675,0.000105951,0.000136222,2.78546e-05,3.92904e-05,3.4564e-05,0.000131721,0.000202262,0.000142442,4.90321e-05,9.92228e-05,0.000131971,6.39221e-05,4.55219e-05,9.93471e-05,9.28629e-05,0.000136797,9.74232e-05,0.000219016,0.000118592,2.8078e-05
"PWY-7118: chitin deacetylation",3.25395e-06,1.42023e-06,2.01766e-05,0.000126053,1.39692e-06,6.20842e-06,1.51862e-05,0,2.05453e-06,0,0,5.92586e-06,9.13104e-05,1.22062e-05,5.09104e-06,0,0,9.98379e-06,7.02534e-06,2.8337e-05,1.94519e-06,0,0,0,2.53093e-05,0,0,4.86531e-06,1.47949e-05,1.67416e-05,3.5215e-06,1.24988e-05,0,0,7.44818e-06,0,0,2.30058e-06,0,2.22958e-05,0,1.06992e-06,3.95499e-06,1.758e-05,7.07713e-05,0,5.17453e-06,3.4254e-06,1.0182e-05,2.62574e-05,0,5.86989e-06,1.89798e-06,0,9.37566e-06,1.08704e-05,0,0
"PWY-7124: ethene biosynthesis V (engineered)",0,0,0,0,0,0,0,0,0,0,0,0,0,0,0,0,0,0,0,0,0,0,0,0,0,0,0,0,0,0,0,0,0,0,0,0,0,0,0,0,0,0,0,0,0,0,0,0,0,0,0,0,0,0,0,0,0,0
"PWY-7159: 3,8-divinyl-chlorophyllide a biosynthesis III (aerobic, light independent)",0,0,0,0,0,0,1.09199e-06,0,0,0,0,0,6.10206e-06,5.94842e-06,0,0,0,0,0,0,0,0,0,0,0,0,0,0,8.42073e-06,0,0,0,0,0,0,0,0,0,0,3.3999e-06,0,0,0,0,0,0,0,0,0,0,0,0,0,0,0,0,0,0
"PWY-7165: L-ascorbate biosynthesis VIII (engineered pathway)",0,0,0,0,0,0,0,0,0,0,0,0,0,0,0,0,0,0,0,0,0,0,0,0,7.77047e-06,0,0,0,0,0,0,0,0,0,0,0,0,0,0,0,0,0,0,0,1.69289e-05,0,0,0,0,0,0,0,0,0,0,0,0,0
"PWY-7184: pyrimidine deoxyribonucleotides de novo biosynthesis I",8.79985e-07,4.76472e-05,2.33326e-05,0.000112918,4.45255e-06,3.52466e-05,2.63391e-05,0,8.0327e-06,2.47603e-06,8.06337e-05,9.97131e-06,7.63631e-05,2.06709e-05,6.33977e-06,2.38271e-06,1.34477e-05,1.28867e-05,2.32062e-06,3.89374e-05,1.06204e-05,3.79837e-05,0,4.33192e-05,2.57954e-05,2.54678e-06,0,1.97871e-05,1.73484e-05,1.24079e-05,0,7.31408e-06,1.4081e-05,0,4.6238e-05,7.85372e-06,0,1.44057e-05,6.43867e-06,2.79073e-05,0,0,1.33246e-05,2.56097e-05,8.48744e-05,1.36383e-05,9.37725e-06,7.40879e-06,1.68994e-06,2.54412e-05,2.54673e-06,1.12714e-06,6.44276e-06,0,3.67014e-05,1.73816e-05,0,2.95946e-05
"PWY-7187: pyrimidine deoxyribonucleotides de novo biosynthesis II",0,0,1.12416e-05,7.86078e-05,0,0,6.85088e-06,0,0,0,0,6.04195e-06,4.44512e-05,7.78193e-06,0,0,0,6.20599e-06,1.43262e-06,1.55894e-05,0,1.17662e-05,0,0,1.11449e-05,0,0,1.80954e-06,1.1047e-05,0,0,1.27046e-05,0,0,4.39081e-06,0,0,0,0,1.27559e-05,0,0,2.41147e-06,2.26416e-05,3.03221e-05,0,0,1.68113e-06,2.13855e-06,1.26642e-05,0,1.29002e-06,1.32153e-06,0,2.11578e-06,6.1474e-06,0,8.24525e-07
"PWY-7196: superpathway of pyrimidine ribonucleosides salvage",9.92451e-06,3.39437e-05,3.35559e-05,1.7062e-05,0,1.21523e-05,1.31619e-05,2.47303e-05,4.97016e-06,5.03046e-06,0,3.26749e-06,0,1.11807e-05,0,0,0,3.49013e-05,3.79353e-05,0,4.33459e-05,4.13003e-05,0,2.30382e-05,0,0,0,0,0,0,0,0,0,2.79831e-05,0,1.8601e-05,0,0,1.71373e-05,0,1.73985e-05,0,0,0,2.08712e-06,5.84253e-05,0,0,7.4986e-06,0,0,0,2.25379e-05,0,0,0,1.15062e-05,2.3522e-06
"PWY-7197: pyrimidine deoxyribonucleotide phosphorylation",8.62079e-05,0.000122485,0.00012063,8.97882e-05,8.99783e-05,6.21082e-05,0.000139768,0.000195323,0.000161318,6.56135e-05,0.000133764,9.6534e-05,6.71084e-05,0.000118518,0.000100012,9.90454e-05,0.000161965,0.000121304,8.46134e-05,9.04918e-05,6.77052e-05,0.000112522,0.000113347,7.01254e-05,9.222e-05,7.88104e-05,9.98752e-05,0.00012402,4.17768e-05,0.000135182,0.00010913,9.16143e-05,0.000167102,9.96786e-05,8.49216e-05,0.000102266,0.000108985,9.98244e-05,7.52594e-05,8.95626e-05,5.78326e-05,4.78812e-05,5.69811e-05,0.000106432,8.41642e-05,0.000122705,0.000138996,0.00019856,0.000134305,7.82697e-05,3.99614e-05,0.0001497,0.000187745,5.75128e-05,9.6054e-05,8.90852e-05,6.18536e-05,6.89768e-05
"PWY-7198: pyrimidine deoxyribonucleotides de novo biosynthesis IV",0.000119582,4.77787e-05,8.98204e-05,7.20442e-05,5.47298e-05,4.01752e-05,0.000160882,9.8787e-05,0.000144321,8.51111e-05,6.91663e-05,2.07039e-05,2.35741e-05,9.18118e-05,0.000134617,9.21835e-05,0.000108428,8.98378e-05,9.60793e-05,0.000105891,9.4205e-05,4.84187e-05,8.88249e-05,3.6761e-05,8.24744e-05,5.41869e-06,0.000123129,6.96057e-05,4.21428e-05,3.33937e-05,8.77473e-05,7.02757e-05,7.31829e-05,5.28225e-05,0.000112024,9.26146e-05,6.91448e-05,0.000141938,8.31383e-05,0.000103909,2.14712e-05,1.22218e-05,4.06544e-05,7.66192e-05,9.0004e-05,9.39817e-05,0.000107694,0.000199694,8.55664e-05,1.76767e-05,3.67666e-05,0.000111903,9.98254e-05,6.89038e-05,0.000107131,9.91309e-05,8.48401e-05,2.4794e-05
"PWY-7199: pyrimidine deoxyribonucleosides salvage",0.000273727,0.000355902,0.000370759,0.000256111,0.000339895,0.000355711,0.000303173,0.000390877,0.000386441,0.000343904,0.000342652,0.000367424,0.000262675,0.000336025,0.000296047,0.00032728,0.000355965,0.00031529,0.000318094,0.000416365,0.000393534,0.000342386,0.000296443,0.000363272,0.000330499,0.000358955,0.00032435,0.000410784,0.000319369,0.000346458,0.000347566,0.000428266,0.000380054,0.000268701,0.000325428,0.000351213,0.000327749,0.000300135,0.000312844,0.000318901,0.000368708,0.000347459,0.00033178,0.000348315,0.000280861,0.000387158,0.000359532,0.000384482,0.00039086,0.000317862,0.000352145,0.000354947,0.000364701,0.000361654,0.00035399,0.000366246,0.000395343,0.000385075
"PWY-7200: superpathway of pyrimidine deoxyribonucleoside salvage",0,0,0,0,0,0,0,0,0,0,0,0,0,0,0,0,0,0,2.15851e-06,0,0,0,0,0,0,0,0,0,0,0,0,0,0,0,0,0,0,0,0,0,0,0,0,0,0,0,0,0,3.17598e-06,0,9.40878e-06,0,0,0,0,0,0,0
"PWY-7204: pyridoxal 5'-phosphate salvage II (plants)",2.83767e-06,7.08856e-07,1.51198e-05,9.88733e-05,0,0,7.62661e-06,0,2.23755e-06,0,0,3.28043e-06,6.52873e-05,1.53946e-05,2.8721e-06,0,0,1.19207e-05,2.13631e-06,1.72434e-05,0,0,1.26936e-06,0,1.20863e-05,0,0,9.01064e-07,3.56824e-06,1.39394e-05,1.771e-06,8.43826e-06,0,0,0,0,0,7.71017e-07,0,1.59573e-05,0,0,2.27232e-06,1.39688e-05,2.03266e-05,0,3.46228e-06,2.00946e-06,3.53393e-06,1.73616e-05,0,2.01871e-06,1.19067e-06,0,5.53027e-06,8.50197e-06,0,0
"PWY-7208: superpathway of pyrimidine nucleobases salvage",0.000124736,0.000196424,0.000179268,0.00012992,0.00013798,9.59654e-05,0.000201355,0.000297536,0.000289681,0.000106555,0.000200366,0.000154934,0.000101903,0.000171469,0.00014199,0.00014599,0.000235149,0.000176106,0.000140537,0.000133296,9.88234e-05,0.000167572,0.000162964,0.000104857,0.000141156,0.000140867,0.000147574,0.000180388,7.79178e-05,0.000214907,0.000161742,0.000136737,0.000252543,0.000146287,0.000123681,0.000154544,0.000182152,0.000142259,0.000115679,0.000132219,8.98706e-05,7.55302e-05,0.000101229,0.000156116,0.000125559,0.000183958,0.000207422,0.000275438,0.00019735,0.000119666,0.000124854,0.00022829,0.000267504,8.80551e-05,0.000142919,0.000127405,9.08292e-05,0.000106377
"PWY-7209: superpathway of pyrimidine ribonucleosides degradation",3.53023e-05,1.43358e-05,1.42608e-05,4.45678e-05,0,7.2724e-06,3.96242e-05,1.85469e-05,1.2896e-05,3.89429e-05,0,0,7.55697e-06,2.79477e-05,3.56213e-05,2.64889e-06,0,8.63604e-06,5.268e-05,2.07175e-06,3.00152e-05,8.91721e-06,0,0,1.88449e-05,0,6.79001e-05,3.46057e-06,1.00329e-05,1.3947e-06,1.51536e-05,1.50025e-05,4.71326e-06,1.05668e-05,4.5664e-05,2.94386e-05,0,2.11041e-05,4.03311e-05,3.5637e-05,6.76694e-06,2.01471e-06,0,1.72959e-05,4.53448e-05,2.37093e-05,2.37614e-05,2.199e-05,1.23409e-06,2.46807e-06,0,3.44915e-05,2.13541e-05,2.74938e-05,3.21388e-05,5.4234e-05,4.32325e-05,9.59039e-07
"PWY-7210: pyrimidine deoxyribonucleotides biosynthesis from CTP",0,4.92863e-05,1.49957e-05,1.48432e-06,0,3.5792e-05,2.84626e-05,0,0,2.73519e-06,8.09429e-05,6.39392e-06,1.4599e-05,9.92785e-06,5.03994e-06,0,1.47636e-05,0,0,7.60001e-06,1.15323e-05,4.02476e-05,0,4.32052e-05,1.02382e-05,2.81533e-06,0,2.14246e-05,1.81521e-05,7.5097e-06,0,4.14528e-06,1.54096e-05,0,4.75211e-05,8.62262e-06,0,1.56525e-05,7.05601e-06,9.79006e-06,0,0,1.42961e-05,2.68838e-05,5.81116e-07,1.48746e-05,1.03059e-05,0,0,3.1959e-06,2.80304e-06,0,7.11765e-06,0,3.85186e-05,0,0,3.08187e-05
"PWY-7211: superpathway of pyrimidine deoxyribonucleotides de novo biosynthesis",1.74863e-06,6.67218e-05,3.93071e-05,4.03672e-05,8.58912e-06,5.45353e-05,3.9949e-05,0,1.50756e-05,4.87024e-06,8.78518e-05,1.75402e-05,0.000101998,3.0792e-05,1.21765e-05,4.63304e-06,2.42943e-05,2.34828e-05,4.57789e-06,4.89837e-05,1.98368e-05,5.25222e-05,0,5.49528e-05,3.99299e-05,5.00544e-06,0,3.3409e-05,2.81589e-05,2.19752e-05,0,1.35291e-05,2.47327e-05,0,4.37307e-05,1.48385e-05,0,2.63572e-05,1.22426e-05,4.79118e-05,0,0,2.2515e-05,4.17102e-05,8.61253e-05,2.48381e-05,1.79856e-05,1.36159e-05,3.32426e-06,4.14542e-05,4.98397e-06,2.23386e-06,1.21744e-05,0,5.92829e-05,3.07348e-05,0,4.25907e-05
"PWY-7218: photosynthetic 3-hydroxybutanoate biosynthesis (engineered)",0,0,0,0,0,0,0,0,0,0,0,0,0,0,0,0,0,0,0,0,0,0,0,0,0,0,0,0,0,0,0,0,0,0,0,0,0,0,0,0,0,0,0,0,0,0,0,0,0,0,0,0,0,0,0,0,0,0
"PWY-7220: adenosine deoxyribonucleotides de novo biosynthesis II",9.33473e-05,0.000158834,0.000131813,0.000110862,9.64242e-05,7.12688e-05,0.000159591,0.000236666,0.000292066,7.51801e-05,0.000164994,0.000117934,8.47397e-05,0.000141859,0.000109949,0.000101809,0.0001751,0.000130956,9.22516e-05,0.000103959,7.4562e-05,0.000127933,0.000117021,7.58766e-05,9.91972e-05,8.67616e-05,0.000110027,0.000140926,4.49932e-05,0.000163323,0.000123063,9.77214e-05,0.000221935,0.000111737,9.32035e-05,0.000115884,0.000143133,0.000114977,8.54561e-05,0.000101311,6.7564e-05,5.41695e-05,6.05226e-05,0.000120497,9.9822e-05,0.000144692,0.000158914,0.000232931,0.000148599,9.43309e-05,4.30344e-05,0.000174458,0.000216452,6.5291e-05,0.000109502,9.46102e-05,6.69103e-05,7.67744e-05
"PWY-7221: guanosine ribonucleotides de novo biosynthesis",0.000714673,0.000593137,0.000720206,0.000407239,0.00060171,0.000654251,0.000699861,0.000601088,0.000604158,0.000632591,0.000555632,0.000651104,0.000403124,0.000476968,0.000709885,0.000734415,0.000672763,0.000596345,0.000642087,0.000561251,0.000591203,0.000694218,0.000678822,0.000745982,0.000642934,0.000614908,0.000607698,0.000573577,0.000729313,0.000677628,0.000695413,0.000708467,0.000589618,0.000550532,0.000643322,0.000706629,0.000626076,0.000596857,0.000652061,0.000680312,0.000632546,0.000657979,0.000649602,0.000639572,0.00053832,0.000670223,0.000661151,0.000635118,0.000646054,0.000544122,0.00072602,0.000693677,0.000624954,0.000717092,0.000622357,0.000575079,0.000723699,0.000778164
"PWY-7222: guanosine deoxyribonucleotides de novo biosynthesis II",9.33473e-05,0.000158834,0.000131813,0.000110862,9.64242e-05,7.12688e-05,0.000159591,0.000236666,0.000292066,7.51801e-05,0.000164994,0.000117934,8.47397e-05,0.000141859,0.000109949,0.000101809,0.0001751,0.000130956,9.22516e-05,0.000103959,7.4562e-05,0.000127933,0.000117021,7.58766e-05,9.91972e-05,8.67616e-05,0.000110027,0.000140926,4.49932e-05,0.000163323,0.000123063,9.77214e-05,0.000221935,0.000111737,9.32035e-05,0.000115884,0.000143133,0.000114977,8.54561e-05,0.000101311,6.7564e-05,5.41695e-05,6.05226e-05,0.000120497,9.9822e-05,0.000144692,0.000158914,0.000232931,0.000148599,9.43309e-05,4.30344e-05,0.000174458,0.000216452,6.5291e-05,0.000109502,9.46102e-05,6.69103e-05,7.67744e-05
"PWY-7228: superpathway of guanosine nucleotides de novo biosynthesis I",0.00016595,0.000252122,0.000223105,0.000175654,0.000166288,0.000128683,0.000261272,0.000342538,0.000399237,0.000134477,0.0002561,0.000200069,0.000140826,0.000221356,0.000190968,0.000179089,0.000279146,0.000215452,0.000161607,0.000176237,0.000132975,0.000216311,0.000200229,0.000137842,0.000172099,0.000152526,0.000186709,0.000227639,8.48613e-05,0.000263994,0.000209784,0.000171954,0.000325348,0.000187225,0.000163189,0.000199636,0.000234095,0.000194377,0.000151258,0.000176988,0.00012228,0.000100266,0.000111067,0.000203383,0.000168741,0.00023894,0.000257774,0.000343725,0.000242178,0.00016121,8.13186e-05,0.000279906,0.000322919,0.00011978,0.000186553,0.000163187,0.000122673,0.000139852
"PWY-7229: superpathway of adenosine nucleotides de novo biosynthesis I",0.000268088,0.000378417,0.000345337,0.000275591,0.000259386,0.000220854,0.000391496,0.000488809,0.00053492,0.000229892,0.000377337,0.00032451,0.000226076,0.000332602,0.000312419,0.000280396,0.000421729,0.000330018,0.000260191,0.000298104,0.000227621,0.000321563,0.000301955,0.000228382,0.000268218,0.000247667,0.000295448,0.000346245,0.000149574,0.000388854,0.00032826,0.000278699,0.000478828,0.000288032,0.000265357,0.000323299,0.000360599,0.000313102,0.000250375,0.000289703,0.00020704,0.000166513,0.000185345,0.000316316,0.000275763,0.000365692,0.000394476,0.000486614,0.000380147,0.000268094,0.000144443,0.000378843,0.000472971,0.0002096,0.000307066,0.000263149,0.00021146,0.000226507
"PWY-7234: inosine-5'-phosphate biosynthesis III",0.000164675,0.000110412,7.06605e-05,0.000217217,7.27036e-05,5.61819e-05,0.000230817,0.000105128,0.000154219,0.000128546,8.09228e-05,9.65911e-05,0.000156298,0.000204745,0.000177081,4.90761e-05,5.52993e-05,5.94424e-05,0.000129011,8.23695e-05,0.000176089,0.000209682,8.51907e-05,0.00014256,0.000100512,8.40512e-05,0.000222846,7.68055e-05,6.46284e-05,6.51452e-05,5.89041e-05,8.90265e-05,0.000189763,0.000134932,0.000198248,0.000111287,2.08685e-05,0.00022475,9.46985e-05,0.000131609,4.44952e-05,5.92256e-05,8.3428e-05,0.000176613,0.00015047,0.000163894,9.27522e-05,0.000102354,0.0001842,9.91703e-05,6.64816e-05,7.08036e-05,0.000100259,0.000108245,8.33407e-05,0.000187515,0.000116084,7.4213e-05
"PWY-7237: myo-, chiro- and scyllo-inositol degradation",0.000325456,0.000350358,0.000232124,0.000222178,0.000293812,0.000329728,0.000293362,0.000256217,0.000236547,0.000387984,0.000269649,0.000360233,0.000319093,0.000202707,0.000148498,0.000259097,0.0003473,0.000268417,0.000308382,0.000181719,0.000184275,0.000319442,0.000266238,0.000344179,0.000370582,0.000297926,0.000233014,0.000166112,0.000487992,0.000291182,0.000314151,0.000239028,0.000243302,0.000197474,0.000244183,0.00045926,0.000335624,0.000251022,0.000319026,0.000255165,0.000400001,0.000414494,0.000406713,0.000181047,0.000218334,0.000271903,0.000269953,0.000203244,0.000244252,0.000238982,0.000397252,0.000255523,0.000130978,0.000452781,0.000241769,0.000154029,0.000230785,0.000391549
"PWY-7238: sucrose biosynthesis II",0.000763438,0.00085004,0.000893445,0.000627702,0.000901715,0.00104137,0.000807718,0.000857274,0.000671715,0.000996864,0.00072007,0.00104179,0.000597543,0.000602496,0.000844889,0.000651688,0.000943729,0.000650636,0.000884417,0.000738825,0.000908874,0.000658366,0.000820433,0.000890833,0.000858445,0.000911627,0.000909915,0.000665373,0.00109266,0.00085713,0.000874801,0.00107191,0.000734571,0.000598067,0.000768718,0.00114163,0.00100834,0.000871806,0.000983125,0.000795724,0.000683883,0.000702458,0.000808832,0.00089026,0.000773459,0.000825771,0.000686276,0.000489783,0.000989371,0.000629625,0.00118671,0.000572114,0.000807498,0.00115563,0.000818465,0.000831899,0.000998317,0.000817895
"PWY-7242: D-fructuronate degradation",2.64999e-05,0.000105633,4.87624e-05,7.70031e-05,2.03927e-05,9.82712e-05,8.23069e-05,5.27564e-05,2.66626e-05,0.000102975,0.000125247,0.000127224,6.46744e-05,4.16619e-05,2.85992e-05,4.52352e-05,0.000104857,7.31117e-05,6.21948e-05,5.03271e-05,4.63917e-05,5.82162e-05,3.95311e-05,6.11078e-05,6.91039e-05,5.32205e-05,3.60611e-05,5.87934e-05,9.0627e-05,7.8814e-05,5.16487e-05,6.98137e-05,9.05169e-05,5.61581e-05,8.47485e-05,0.000134392,7.9912e-05,7.0358e-05,5.31468e-05,5.23944e-05,7.69386e-05,8.14045e-05,5.29209e-05,5.52318e-05,9.09244e-05,9.04257e-05,5.47397e-05,8.68628e-06,4.8911e-05,7.75562e-05,9.75432e-05,1.91012e-05,7.62394e-05,0.000104774,7.90228e-05,2.29236e-05,2.47601e-05,6.35107e-05
"PWY-7245: superpathway of NAD/NADP - NADH/NADPH interconversion (yeast)",0,0,0,0,0,0,0,0,0,0,0,0,0,0,0,0,0,0,0,0,0,0,0,0,0,0,0,0,0,0,0,0,0,0,0,0,0,0,0,0,0,0,0,0,0,0,0,0,0,0,0,0,0,0,0,0,0,0
"PWY-724: superpathway of L-lysine, L-threonine and L-methionine biosynthesis II",0.000438365,0.000437386,0.000445868,0.000342308,0.000456812,0.000510164,0.000480038,0.000449659,0.000486375,0.000481858,0.000452178,0.000467846,0.000366781,0.000388908,0.000472686,0.000467723,0.000479963,0.000388561,0.00047764,0.000421771,0.000411987,0.000394622,0.000461094,0.00045006,0.000427548,0.00042111,0.00048778,0.000408673,0.00056306,0.00042208,0.000464401,0.000472353,0.000421375,0.000364915,0.000460522,0.000513802,0.000452967,0.000461491,0.000475253,0.000465682,0.000469074,0.000360788,0.000515926,0.000467941,0.000383791,0.000531821,0.000459043,0.00040965,0.000485537,0.000430735,0.000494545,0.000419967,0.000412805,0.000525415,0.000436566,0.000436888,0.000510865,0.000449805
"PWY-7254: TCA cycle VII (acetate-producers)",5.16874e-06,4.33983e-06,1.35896e-05,1.79512e-06,3.71613e-06,4.35045e-06,1.57506e-05,0,2.68677e-06,0,0,2.82502e-06,1.81395e-05,1.18142e-05,4.95649e-06,1.31659e-06,0,1.86968e-05,3.92056e-06,3.04248e-05,5.95119e-06,8.88069e-07,0,0,2.94475e-06,0,0,5.56731e-06,0,9.2824e-06,5.62547e-06,9.2432e-06,0,0,0,0,0,5.66928e-06,0,6.67619e-06,0,2.69933e-06,7.48354e-06,6.55954e-06,6.24823e-06,0,7.53307e-06,5.49435e-06,1.03926e-05,1.66952e-05,0,9.36529e-06,1.38066e-06,0,9.57941e-06,1.02866e-05,0,0
"PWY-7268: cytosolic NADPH production (yeast)",0,0,0,0,0,0,0,0,0,0,0,0,0,0,0,0,0,0,0,0,0,0,0,0,0,0,0,0,0,0,0,0,0,0,0,0,0,0,0,0,0,0,0,0,0,0,0,0,0,0,0,0,0,0,0,0,0,0
"PWY-7269: mitochondrial NADPH production (yeast)",0,3.72098e-07,2.31673e-06,0,0,0,1.89583e-06,0,0,0,0,5.69033e-07,0,0,0,0,0,0,0,8.91492e-07,0,5.02036e-06,0,1.97963e-06,4.46687e-06,0,0,0,7.19723e-06,9.74113e-07,0,4.89287e-06,0,0,3.30734e-06,0,0,2.44721e-07,0,5.17091e-06,0,0,0,1.16744e-05,2.25303e-05,0,2.97981e-07,2.77318e-07,5.94111e-07,0,0,5.30841e-07,3.42918e-07,0,0,1.00977e-06,0,0
"PWY-7279: aerobic respiration II (cytochrome c) (yeast)",0,0,0,0,0,0,0,0,0,0,0,0,0,0,0,0,0,0,0,0,0,0,0,0,0,0,0,0,0,0,0,0,0,0,0,0,0,0,0,0,0,0,0,0,0,0,0,0,0,0,0,0,0,0,0,0,0,0
"PWY-7282: 4-amino-2-methyl-5-diphosphomethylpyrimidine biosynthesis II",0.000111504,0.0001304,0.00012133,0.000243509,0.000168363,0.000146605,0.000177509,0.000228804,0.000196185,0.000120595,0.00019523,0.000159599,0.000168022,0.000266961,0.000127814,0.000207046,0.000159005,0.000144959,0.000220997,0.000186696,7.2351e-05,0.000184459,9.48096e-05,0.000130179,8.12311e-05,0.000121697,0.000150921,0.000157077,6.04014e-05,8.77913e-05,0.000249691,5.0291e-05,0.000256394,0.000112328,0.000152068,0.000172484,0.000239598,0.000258428,0.000175589,0.000140053,0.000169312,5.81684e-05,7.16671e-05,0.000212875,0.000163232,0.000215669,0.00016846,0.000255574,0.000114593,9.98997e-05,6.85552e-05,0.000121164,9.5387e-05,8.44556e-05,8.63016e-05,0.000133502,7.73469e-05,0.000124541
"PWY-7283: wybutosine biosynthesis",0,0,0,0,0,0,0,0,0,0,0,0,0,0,0,0,0,0,0,0,0,0,0,0,0,0,0,0,0,0,0,0,0,0,0,0,0,0,0,0,0,0,0,0,0,0,0,0,0,0,0,0,0,0,0,0,0,0
"PWY-7286: 7-(3-amino-3-carboxypropyl)-wyosine biosynthesis",2.05579e-05,0,1.73141e-05,0,0,9.05106e-07,6.01997e-06,0,0,0,0,0,0,0,1.08083e-05,2.99103e-06,9.70189e-06,2.90045e-06,2.02929e-06,2.71797e-05,3.73981e-06,0,1.75765e-05,1.36664e-06,0,0,0,9.07133e-06,0,0,0,4.02661e-06,0,0,0,0,0,0,0,0,0,0,6.89875e-06,0,1.19815e-06,0,2.01062e-05,3.92148e-05,1.64225e-05,0,0,1.20285e-06,1.13263e-06,1.8362e-06,1.25554e-05,0,2.06391e-05,0
"PWY-7294: D-xylose degradation IV",0,0,0,0,0,0,1.63129e-06,0,0,0,0,0,0,2.75457e-06,1.14536e-06,0,0,0,0,1.15131e-06,0,0,0,0,0,0,0,0,1.92012e-06,4.01921e-06,0,0,0,0,0,0,0,0,0,0,0,0,0,0,0,0,0,0,0,0,0,0,0,0,0,2.02822e-06,0,0
"PWY-7312: dTDP-&beta;-D-fucofuranose biosynthesis",1.02406e-05,3.18225e-06,3.3273e-06,0,0,2.47421e-05,0,3.38524e-05,0,0,9.23716e-06,8.28073e-06,0,5.3094e-05,1.32965e-06,0,0,0,1.66107e-05,1.1714e-06,0,1.32433e-06,9.75034e-06,0,4.33377e-06,0,4.9685e-06,2.90648e-05,0,0,0,0,0,0,3.68101e-06,1.43353e-05,0,0,8.93616e-06,0,1.37424e-05,0,0,4.87035e-05,6.95382e-06,0.000195964,1.90255e-06,0,0,1.32951e-05,0,1.6081e-06,2.53524e-05,1.53541e-05,0,0,0,1.95701e-05
"PWY-7315: dTDP-N-acetylthomosamine biosynthesis",1.4274e-05,6.66923e-06,1.3421e-05,8.05853e-05,4.58529e-06,7.55099e-06,8.11657e-06,2.42396e-06,1.09374e-06,5.81213e-06,1.74547e-05,6.9141e-06,6.42969e-05,6.70425e-05,7.17497e-05,7.39174e-06,2.31403e-05,5.40376e-06,1.26086e-05,1.3683e-05,4.68861e-05,1.70448e-05,2.0064e-06,8.77856e-05,3.25857e-05,3.61648e-05,1.50943e-06,1.37038e-05,6.34661e-05,1.55615e-05,4.06829e-06,1.2005e-05,4.39841e-05,8.92018e-06,7.98223e-06,5.81182e-05,3.75999e-05,8.00101e-05,5.76435e-06,2.49652e-05,1.57195e-05,6.52147e-06,2.15923e-05,2.41988e-05,4.63949e-05,1.10931e-05,1.10078e-05,1.95685e-06,0.000181251,3.02986e-05,3.22e-05,2.86754e-06,3.54358e-06,1.76642e-06,1.28322e-06,9.7576e-05,2.4647e-05,1.49483e-05
"PWY-7316: dTDP-N-acetylviosamine biosynthesis",0,0,0,0,0,0,3.40235e-05,4.93191e-06,5.166e-07,8.19162e-07,0,0,1.759e-06,9.99693e-07,4.61819e-06,0,0,0,9.00184e-06,4.44135e-06,0,0,0,0,0,1.83852e-06,0,0,0,0,0,0,1.39538e-05,5.34897e-06,1.78302e-06,0,0,4.57343e-06,0,0,0,0,0,0,0,7.60869e-07,0,2.81813e-06,8.02406e-06,8.871e-07,2.24305e-06,9.3294e-07,2.2625e-06,0,0,3.50875e-06,0,2.08682e-07
"PWY-7317: superpathway of dTDP-glucose-derived O-antigen building blocks biosynthesis",0,0,0,0,0,0,0,0,0,0,0,0,0,1.20696e-06,1.86605e-06,0,0,0,0,0,0,0,0,0,0,0,0,0,0,0,0,0,0,0,0,0,0,0,0,0,0,0,0,0,0,0,0,0,0,0,0,0,0,0,0,0,0,0
"PWY-7323: superpathway of GDP-mannose-derived O-antigen building blocks biosynthesis",0.00011126,0.000195471,8.53972e-05,0.000149281,9.16367e-05,0.000118896,0.000129255,0.000133824,0.000122242,0.000154664,0.000162749,0.000161409,0.000147093,0.00011869,7.2855e-05,9.39278e-05,9.69084e-05,7.22375e-05,0.000167133,9.43642e-05,9.92927e-05,0.00012514,7.79446e-05,9.38322e-05,8.04348e-05,0.000146582,0.000106026,0.00010612,8.78403e-05,0.000119118,0.000161918,3.92401e-05,0.000218109,9.33634e-05,8.29679e-05,0.000174376,0.000180683,0.000142651,0.000121394,0.000124175,0.000131043,0.000125832,7.08793e-05,0.000153338,0.000119819,0.000139154,0.000139153,7.44627e-05,9.01043e-05,0.000102121,0.000143886,6.27055e-05,8.90352e-05,9.55602e-05,0.000105352,7.83344e-05,6.64294e-05,0.000103423
"PWY-7328: superpathway of UDP-glucose-derived O-antigen building blocks biosynthesis",0.000227805,0.000152045,0.00021474,0.000228558,0.000125626,0.000140585,0.000178436,0.000153677,0.000125471,0.000135174,8.73557e-05,0.000149217,0.000247376,0.000160368,0.000277296,0.000261459,0.000157711,0.000188367,0.000163545,0.000168791,9.75827e-05,0.000244863,0.000248136,0.00023057,0.000140901,0.000117219,0.000216462,0.000138735,0.000140009,0.000147256,0.000192931,0.000243937,0.000174982,0.000188451,0.000118581,0.0001244,0.000143912,0.00018736,0.000155889,0.000200903,7.36188e-05,0.000102422,0.000133582,0.000191121,0.000194534,0.000199869,0.000165218,0.000245924,0.000231983,0.000149551,0.000175271,0.000141513,0.000143516,0.000169073,0.000171391,0.000194471,0.000235854,0.00019525
"PWY-7332: superpathway of UDP-N-acetylglucosamine-derived O-antigen building blocks biosynthesis",0,0,0,0,0,0,0,0,0,0,0,0,0,0,0,0,0,0,5.63973e-06,0,0,0,0,0,0,0,0,0,0,0,0,0,0,0,4.76995e-06,0,0,0,4.7411e-06,8.9787e-06,0,0,0,0,0,0,0,0,0,0,0,0,3.16587e-06,0,0,0,0,0
"PWY-7340: 9-cis, 11-trans-octadecadienoyl-CoA degradation (isomerase-dependent, yeast)",0,5.2086e-07,0,9.52999e-07,0,1.03406e-06,3.20844e-06,0,6.61729e-07,0,0,1.42168e-06,2.80806e-05,4.08697e-06,9.40859e-07,0,0,0,0,0,0,0,0,0,2.83593e-06,0,0,0,0,0,7.50874e-07,0,0,0,2.16597e-06,0,0,3.808e-07,0,6.48116e-06,0,0,0,1.15096e-05,0,0,0,1.03839e-06,1.73833e-06,0,0,1.56051e-06,3.49729e-07,0,0,1.47108e-06,0,0
"PWY-7345: superpathway of anaerobic sucrose degradation",0.000184691,0.000147274,0.000124159,0.000242886,5.99804e-05,0.000101437,0.000224862,0.000155839,4.00232e-05,0.000127129,0.000137771,0.000113251,0.000228898,0.000232065,0.000138688,7.91168e-05,0.000159908,0.000117481,0.000213389,0.000134819,0.000122873,0.000160963,0.000140192,0.000120737,0.000130244,0.000103882,0.000167552,0.000129826,0.000155949,0.000132599,0.000209953,0.000142738,0.00020579,9.30576e-05,0.000198946,0.000109221,0.000154865,0.000256609,0.000147965,0.000156928,0.000100663,7.53827e-05,0.00010081,0.000200537,0.000224264,0.000175339,0.000110654,0.000163,0.000182441,0.000116012,3.08319e-05,8.79175e-05,8.59923e-05,9.76648e-05,0.000124982,0.000152643,0.000149388,7.3794e-05
"PWY-7347: sucrose biosynthesis III",0,0,0,0,0,0,0,0,0,0,0,0,0,0,0,0,0,0,0,0,0,0,0,0,0,0,0,0,0,0,0,0,0,0,0,0,0,0,0,0,0,0,0,0,0,0,0,0,0,0,0,0,0,0,0,0,0,0
"PWY-7356: thiamine diphosphate salvage IV (yeast)",9.07517e-05,5.56778e-05,3.58852e-05,4.78263e-05,9.00462e-05,3.53675e-05,8.13608e-05,7.1886e-05,2.52518e-05,7.87674e-05,3.95767e-05,2.9199e-05,2.93361e-05,5.48977e-05,9.28662e-05,5.40937e-05,4.6253e-05,3.43597e-05,7.35635e-05,4.07058e-05,8.93264e-05,6.70803e-05,5.42006e-05,6.64268e-05,9.88682e-05,3.88889e-05,0.000110657,5.68439e-05,5.17003e-05,3.90116e-05,2.75328e-05,6.50148e-05,6.04477e-05,4.49611e-05,8.22573e-05,4.59324e-05,3.8319e-05,0.000144526,6.04789e-05,6.09737e-05,5.21948e-05,2.17235e-05,3.38263e-05,8.75076e-05,6.6221e-05,5.50425e-05,4.53665e-05,4.94532e-05,6.33519e-05,4.5539e-05,7.6975e-05,5.09726e-05,5.25774e-05,7.22076e-05,5.05815e-05,8.2594e-05,8.31395e-05,5.314e-05
"PWY-7357: thiamine phosphate formation from pyrithiamine and oxythiamine (yeast)",0.000387047,0.00041099,0.000302791,0.000246188,0.000400177,0.000453106,0.000377696,0.000390969,0.000355169,0.000461179,0.000381238,0.00042925,0.000229726,0.000265293,0.000280044,0.000325639,0.00041323,0.000274637,0.000379503,0.000287311,0.000294161,0.000311123,0.00035545,0.00040468,0.000417242,0.000363881,0.000342352,0.000301681,0.000555934,0.000343316,0.000418759,0.000354868,0.000361331,0.000235482,0.000361297,0.000492372,0.000463261,0.000348749,0.000433807,0.000357077,0.000358024,0.000372357,0.000453316,0.000319613,0.000355463,0.000378805,0.00027359,0.000343818,0.000346378,0.000290224,0.000460349,0.000389893,0.000305787,0.000477984,0.000376196,0.000284855,0.000303652,0.000457059
"PWY-7371: 1,4-dihydroxy-6-naphthoate biosynthesis II",0,4.20323e-06,0,0,0,2.29089e-06,3.39683e-06,3.27013e-05,0,4.63082e-06,0,0,0,3.37454e-06,0,6.40815e-06,0,1.90577e-05,1.89523e-06,0,2.04417e-05,0,0,0,8.25656e-06,0,2.15403e-05,5.05678e-06,4.17504e-06,0,0,0,0,0,0,1.19094e-06,0,0,0,0,0,0,1.06784e-06,0,1.79071e-06,1.02559e-05,0,7.50349e-05,8.09779e-06,1.04897e-06,0,3.97059e-07,0,3.26798e-06,1.69167e-06,3.84964e-06,0,8.50445e-07
"PWY-7374: 1,4-dihydroxy-6-naphthoate biosynthesis I",0,0,0,0,0,0,0,0,0,0,0,0,0,0,0,0,0,0,0,0,1.27419e-06,0,0,0,0,0,0,0,0,0,0,0,0,0,0,0,0,0,0,0,0,0,0,0,0,0,0,0,0,0,0,3.46871e-07,0,0,0,0,0,0
"PWY-7383: anaerobic energy metabolism (invertebrates, cytosol)",0.000113364,4.10206e-05,0.000101076,6.64821e-05,0.000130275,9.56075e-05,9.22621e-05,7.94233e-05,7.48781e-06,8.83525e-05,6.74756e-05,8.48261e-05,7.68282e-05,8.30543e-05,0.000132346,0.000104749,9.76365e-05,0.000129748,8.46156e-05,0.000141577,0.000103322,3.16089e-05,0.00011881,0.000123222,0.000114219,0.000134136,0.000104322,0.000158095,7.2521e-05,9.85371e-05,9.50197e-05,9.3813e-05,3.33746e-05,0.000122558,0.000119521,0.000107611,0.000107581,0.000132241,0.000105551,0.000154359,4.87077e-05,5.33016e-05,0.000101643,0.000129397,6.76178e-05,9.157e-05,0.000147807,0.000126258,0.000123786,8.33017e-05,0.000104661,3.70741e-05,8.52181e-05,7.37753e-05,0.000121461,9.43898e-05,0.000143402,0.000103151
"PWY-7384: anaerobic energy metabolism (invertebrates, mitochondrial)",0,0,8.77181e-07,0,0,0,4.51709e-07,0,2.89778e-07,0,0,3.78032e-07,0,0,2.36519e-07,0,0,7.43106e-07,0,3.87139e-07,0,0,0,0,2.64909e-06,0,0,0,4.09246e-07,8.27938e-07,0,6.68188e-07,0,0,0,0,0,0,0,8.211e-07,0,0,0,0,4.86128e-06,0,0,0,0,0,0,0,0,0,0,6.16628e-07,0,0
"PWY-7385: 1,3-propanediol biosynthesis (engineered)",9.21911e-07,4.55014e-06,1.70217e-05,2.59878e-05,4.7725e-06,3.4644e-06,1.39369e-05,0,2.34811e-06,0,0,2.2912e-06,0.000104272,1.14417e-05,2.56759e-06,2.21387e-06,0,2.06212e-05,4.02697e-06,1.39424e-05,2.49513e-06,0,0,0,2.49405e-05,0,0,7.23968e-06,7.8645e-06,2.02437e-05,7.96846e-07,1.78703e-06,0,0,2.68428e-06,0,0,1.78796e-06,0,1.48033e-05,0,1.79355e-06,4.02646e-06,1.54487e-06,4.55478e-05,0,5.61251e-06,3.21512e-06,3.08712e-06,2.27553e-05,0,2.06236e-06,1.78948e-06,0,2.98068e-06,2.38484e-05,0,0
"PWY-7388: octanoyl-[acyl-carrier protein] biosynthesis (mitochondria, yeast)",0,0,0,0,0,0,1.50776e-06,0,8.73889e-07,0,0,0,7.9322e-07,9.80711e-06,0,0,0,5.51588e-06,0,0,0,0,0,0,2.72274e-06,0,0,0,0,0,0,0,0,0,1.59011e-06,0,0,2.83733e-06,0,5.77796e-06,0,0,7.44377e-07,0,1.988e-05,0,0,0,3.94905e-06,0,0,0,0,0,0,0,0,0
"PWY-7389: superpathway of anaerobic energy metabolism (invertebrates)",0,0,1.40993e-06,0,0,0,7.31787e-07,0,4.59768e-07,0,0,6.12595e-07,0,0,3.83876e-07,0,0,1.1744e-06,0,6.27971e-07,0,0,0,0,4.24327e-06,0,0,0,6.62688e-07,1.32573e-06,0,1.08081e-06,0,0,0,0,0,0,0,1.32882e-06,0,0,0,0,7.55988e-06,0,0,0,0,0,0,0,0,0,0,9.97412e-07,0,0
"PWY-7391: isoprene biosynthesis II (engineered)",0,0,0,0,0,0,8.80666e-07,0,0,0,0,0,0,0,0,4.13211e-06,1.51591e-06,0,2.12264e-06,2.3698e-06,0,2.24643e-06,3.09583e-06,9.22306e-06,0,0,0,0,0,0,0,0,0,0,0,0,0,0,0,0,0,0,4.3702e-06,0,0,0,0,0,2.39329e-05,0,0,1.58541e-06,2.37077e-06,2.49762e-06,1.75429e-06,0,0,0
"PWY-7392: taxadiene biosynthesis (engineered)",4.82888e-05,0.000220886,5.44677e-05,4.35037e-05,6.0251e-05,6.94896e-05,5.76786e-06,0.000145903,0.000268268,0.000116167,0.000202501,0.000148331,6.28395e-05,7.11087e-05,3.32935e-05,2.47112e-05,4.31133e-05,5.43995e-05,9.65992e-05,4.88388e-05,3.43157e-05,0.000104237,8.62485e-05,3.52044e-05,4.46945e-05,0.000120696,9.24711e-05,4.22961e-05,8.0362e-06,0.000121985,0.000101235,2.79634e-05,0.000200035,9.82815e-05,5.28801e-05,0.000167819,0.000200755,7.96848e-05,0.000109154,8.73646e-05,7.88297e-05,3.58714e-05,5.8351e-05,8.64648e-05,5.37143e-05,7.9496e-05,2.18978e-05,0.000126223,5.28872e-05,6.50889e-05,0,3.31267e-05,4.66886e-05,7.96614e-05,6.87622e-05,2.58884e-05,5.1066e-05,9.37986e-05
"PWY-7396: butanol and isobutanol biosynthesis (engineered)",0,0,0,0,0,0,0,0,0,0,0,0,0,0,0,0,0,0,0,0,0,0,0,0,0,0,0,0,0,0,0,0,0,0,2.04772e-06,0,0,0,0,0,0,0,0,0,9.79744e-06,0,0,0,0,0,0,0,0,0,0,0,0,0
"PWY-7399: methylphosphonate degradation II",0,0,0,0,0,0,1.01647e-06,0,0,0,0,0,3.88093e-06,9.22305e-07,0,0,0,0,0,0,0,0,0,0,0,0,0,0,0,0,0,0,0,0,0,0,0,6.70479e-07,0,0,0,0,0,0,0,0,7.93282e-07,0,0,1.3576e-06,0,9.68603e-07,0,0,0,0,0,0
"PWY-7400: L-arginine biosynthesis IV (archaebacteria)",0.00011836,0.000254325,0.000408177,0.000399579,0.000369802,0.000387401,0.000480625,0.000383332,0.000345822,0.000395134,0.000396591,0.000371431,0.000383074,0.000327951,0.000276621,0.00016524,0.00042741,0.000343803,0.000426418,0.000357302,0.000325818,0.000287764,0.000373175,0.000211722,0.00036209,0.000316424,0.000445519,0.000339734,0.00041359,0.000328166,0.000454531,0.000336791,0.000373309,0.00039481,0.00040077,0.00033972,0.000418229,0.000425842,0.000407861,0.000418605,0.000367412,0.00022103,0.000316188,0.000391878,0.000438744,0.000413204,0.000344001,0.000330123,0.000383301,0.000381724,0.00042858,0.000274361,0.000253681,0.000333007,0.000276865,0.000368694,0.000340339,0.000184305
"PWY-7409: phospholipid remodeling (phosphatidylethanolamine, yeast)",0,0,8.1335e-07,3.94743e-05,0,0,6.21533e-07,0,0,0,0,0,2.17157e-05,2.22794e-06,4.13141e-07,0,0,5.42954e-06,2.86892e-06,6.54833e-06,0,0,0,0,5.58025e-06,0,0,0,0,1.86166e-06,0,0,0,0,0,0,0,0,0,0,0,0,0,0,6.1355e-06,0,0,0,2.4502e-07,7.63773e-06,0,1.03592e-06,0,0,9.76582e-07,0,0,0
"PWY-7411: phosphatidate biosynthesis (yeast)",0,0,0,0,0,0,0,0,0,0,0,0,0,0,0,0,0,0,0,0,0,0,0,0,0,0,0,0,0,0,0,0,0,0,0,0,0,0,0,0,0,0,0,0,0,0,0,0,0,0,0,0,0,0,0,0,0,0
"PWY-7431: aromatic biogenic amine degradation (bacteria)",0,0,0,0,0,0,0,0,0,0,0,0,0,0,0,0,0,0,0,0,0,0,0,0,0,0,0,0,0,0,0,0,0,0,0,0,0,0,0,0,0,0,0,0,0,0,0,0,0,0,0,0,0,0,0,0,0,0
"PWY-7434: terminal O-glycans residues modification (via type 2 precursor disaccharide)",0,2.68872e-06,0,6.23277e-06,0,0,4.38734e-07,0,4.06045e-07,1.26866e-06,0,2.09045e-06,6.91945e-07,1.81703e-06,3.79275e-06,2.15262e-06,8.09869e-07,0,1.10064e-06,0,0,1.46119e-05,1.24191e-06,2.17967e-06,0,4.06212e-06,5.87077e-06,0,6.18414e-07,1.10093e-06,0,0,1.56085e-05,0,7.70485e-07,0,1.00375e-06,8.40034e-07,0,0,0,0,2.50983e-06,2.92027e-06,3.52932e-07,8.76264e-06,3.89698e-06,0,6.59743e-06,6.12096e-06,0,8.73181e-07,1.09857e-06,1.75919e-06,1.19642e-06,9.11621e-07,0,4.01904e-06
"PWY-7446: sulfoquinovose degradation I",0,0,0,0,0,0,1.9196e-06,0,0,0,0,7.23339e-07,0,5.29159e-07,3.23394e-07,0,0,0,7.8275e-07,6.52815e-07,0,0,0,0,2.19645e-06,0,0,0,3.14315e-06,1.5829e-06,0,2.91534e-06,0,0,0,0,0,5.2087e-07,0,2.50956e-06,0,0,4.57653e-07,5.8048e-06,8.9338e-06,0,3.46141e-07,5.19277e-07,0,0,0,0,2.67438e-07,0,0,2.93579e-06,0,0
"PWY-7456: &beta;-(1,4)-mannan degradation",8.09229e-05,0.000125741,7.96011e-05,7.49493e-05,0.000106838,0.000194836,0.000109892,0.000101389,6.9172e-05,0.000151464,0.000138509,0.000160068,8.03342e-05,0.000110638,5.95626e-05,7.1874e-05,0.000135433,0.000115475,0.000167412,7.23159e-05,7.89908e-05,5.26827e-05,7.29168e-05,0.0001958,5.92312e-05,0.000129803,0.000119769,8.98023e-05,0.000223385,9.86612e-05,0.00013719,7.82035e-05,0.000200699,8.03604e-05,9.73668e-05,0.000142102,0.000130902,0.000157017,0.000112797,7.99377e-05,0.000122434,0.00012114,0.000154798,0.000116449,0.000111247,0.000103223,0.000150505,6.14489e-05,0.000111144,9.30848e-05,0.000131943,4.87688e-05,0.000108562,0.00014962,0.00012881,9.09612e-05,9.07215e-05,5.85588e-05
"PWY-7511: protein ubiquitination",0,0,0,0,0,0,0,0,0,0,0,0,0,0,0,0,0,0,0,0,0,0,0,0,0,0,0,0,0,0,0,0,0,0,0,0,0,0,0,0,0,0,0,0,0,0,0,0,0,0,0,0,0,0,0,0,0,0
"PWY-7527: L-methionine salvage cycle III",0,0,0,0,0,0,0,0,0,0,0,0,0,0,0,0,0,0,0,0,0,0,0,0,0,0,0,0,0,0,0,0,0,0,0,0,0,0,0,0,0,0,0,0,0,0,0,0,0,0,0,0,0,0,0,0,0,0
"PWY-7528: L-methionine salvage cycle I (bacteria and plants)",0,0,0,0,0,0,0,0,0,0,0,0,0,0,0,0,0,0,0,0,0,0,0,0,0,0,0,0,0,0,0,0,0,0,0,0,0,0,0,0,0,0,0,0,0,0,0,0,0,0,0,0,0,0,0,0,0,0
"PWY-7560: methylerythritol phosphate pathway II",0.000289986,0.000378363,0.000361243,0.000345444,0.000348346,0.000351569,0.000414624,0.000334101,0.000341373,0.000392922,0.000352509,0.000379995,0.000331777,0.00028787,0.000263278,0.000366475,0.00031663,0.000267416,0.000377185,0.000324777,0.000286307,0.000372943,0.000367481,0.000416001,0.000319978,0.000392876,0.000287298,0.000347212,0.000400462,0.000404836,0.000412936,0.000344088,0.000367418,0.000293621,0.000293147,0.000413778,0.000348131,0.000320647,0.00042289,0.000359888,0.00035028,0.000414997,0.000390117,0.000384823,0.000309424,0.000413594,0.000335591,0.000335563,0.000417856,0.000379069,0.000407343,0.000412786,0.000308314,0.000375369,0.000291879,0.000398947,0.000301259,0.000478114
"PWY-7616: methanol oxidation to carbon dioxide",0,0,1.42764e-06,2.3916e-06,0,0,6.02753e-07,0,2.01165e-07,0,0,3.40326e-07,3.24872e-06,1.35095e-07,0,0,0,0,4.67088e-07,1.71232e-06,0,0,0,0,4.45097e-07,0,0,9.41746e-07,3.8244e-07,0,0,1.07837e-06,0,0,2.04676e-06,0,0,1.64332e-07,0,7.39937e-07,1.68283e-06,0,0,4.38667e-06,9.2607e-06,0,0,0,1.39895e-06,1.38132e-06,0,1.86554e-07,2.57277e-07,0,4.84209e-07,9.94894e-07,0,2.24894e-07
"PWY-7663: gondoate biosynthesis (anaerobic)",0.000207566,0.000250688,0.000176076,0.000373948,0.000215735,0.000257647,0.000261604,0.000310715,0.000388657,0.000168745,0.000296914,0.000177987,0.000405568,0.000285889,0.000225416,0.000359291,0.000223932,0.000248214,0.000228635,0.000165867,0.000164244,0.000335106,0.000161917,0.000211011,0.000241286,0.000208713,0.000223926,0.00026683,7.06706e-05,0.000328839,0.000227132,0.000109368,0.000293878,0.000244292,0.000261813,0.000176137,0.00025362,0.00026672,0.000207446,0.000183788,0.000394836,0.000316699,0.000168849,0.000221638,0.000196537,0.000367457,0.00030877,0.000301228,0.000167567,0.000322,0.000132717,0.00035688,0.000286796,0.000190675,0.000232684,0.000109107,0.000208335,0.000321049
"PWY-7664: oleate biosynthesis IV (anaerobic)",6.7599e-05,0.000106105,0.000101867,0.000309468,3.45489e-05,4.01638e-05,0.000173397,0.000108197,0.000121452,8.24186e-05,7.23212e-05,5.06388e-05,0.000283075,0.00015237,0.000102191,1.42223e-05,2.74744e-05,7.65597e-05,7.77092e-05,0.000145885,0.000118329,5.3299e-05,3.04562e-05,2.05117e-05,0.000160278,4.61933e-05,0.000147486,3.3831e-05,4.13965e-05,9.41903e-05,4.1342e-05,5.96579e-05,0.000111884,6.76487e-05,0.000128714,4.32349e-05,2.16785e-05,0.000156337,5.01618e-05,0.000130907,1.408e-05,1.28936e-05,3.25433e-05,0.000115194,0.000191504,3.24092e-05,7.24451e-05,7.30192e-05,8.99513e-05,0.000190402,6.9334e-05,5.48986e-05,6.32923e-05,5.2871e-05,5.32638e-05,9.48495e-05,6.89558e-05,3.09138e-05
"PWY-7688: dTDP-&alpha;-D-ravidosamine and dTDP-4-acetyl-&alpha;-D-ravidosamine biosynthesis",0,7.53603e-06,6.37345e-06,0.000166741,0,0,2.35575e-05,9.66793e-06,0,1.38283e-06,0,1.69404e-06,0.000101282,8.721e-06,1.08624e-05,0,9.52784e-06,0,6.85368e-06,2.54493e-06,2.23307e-06,0,0,0,2.17968e-05,1.34166e-05,1.54142e-06,0,0,0,0,0,1.60227e-05,0,0,0,0,3.87482e-06,0,0,0,0,0,0,0,0,2.81011e-06,2.95491e-05,1.90734e-05,0,9.15808e-06,0,6.92506e-07,0,1.9268e-05,8.60328e-06,2.19702e-06,0
"PWY-7723: bacterial bioluminescence",0,0,0,1.06965e-05,0,0,7.12204e-07,0,0,0,0,0,0,5.48971e-06,0,0,0,0,1.46487e-06,0,0,0,0,0,4.10085e-06,0,0,0,0,0,9.14183e-07,0,0,0,1.36142e-06,0,0,0,0,1.39519e-06,0,0,0,5.92093e-06,8.37838e-06,0,0,0,7.04268e-06,0,0,0,1.70045e-06,0,0,0,0,0
"PWY-7731: superpathway of photosynthetic hydrogen production",0,0,0,0,0,0,0,0,0,0,0,0,0,1.31137e-07,0,0,0,0,6.38003e-07,0,0,0,0,0,0,0,0,0,3.43611e-07,0,0,0,0,0,0,0,0,0,0,0,0,0,0,0,0,0,0,0,0,0,0,0,0,0,0,0,0,0
"PWY-7754: bile acid 7&alpha;-dehydroxylation",0,0,0,0,0,0,0,0,0,0,0,0,0,0,0,0,0,0,0,0,0,0,0,0,0,0,0,0,0,0,0,0,0,0,0,0,0,3.3591e-06,0,0,0,0,0,0,0,0,0,0,0,0,0,0,0,0,0,0,0,0
"PWY-7761: NAD salvage pathway II (PNC IV cycle)",0.000171548,0.000159503,0.000145399,0.000186717,4.72422e-05,5.96834e-05,0.000120669,9.25661e-05,4.7458e-05,6.64487e-05,5.1551e-05,8.84599e-05,0.000128391,0.000145835,0.000152507,0.000129783,0.000111747,0.000144559,6.45062e-05,0.000204345,0.000125882,0.000139576,0.000149297,0.000181143,0.000153795,0.000132736,7.14208e-05,0.000137173,0.000102882,8.57841e-05,0.000138667,0.000135123,0.000135382,6.43684e-05,0.000133064,7.97901e-05,6.06095e-05,5.65349e-05,4.84772e-05,0.000125069,0.000149979,0.000152351,0.000119554,0.000132924,0.000137857,0.00010359,0.000168757,0.000143645,0.00021992,9.38295e-05,0.000149096,0.000124657,0.000109701,7.29385e-05,0.000166821,0.000198923,0.000123831,0.000179873
"PWY-7783: plasmalogen degradation",6.36424e-07,0,1.10246e-06,0,0,0,0,0,0,0,0,0,0,0,0,0,0,0,0,7.6345e-07,0,7.94093e-07,0,0,0,0,0,0,0,0,0,4.33208e-06,0,0,0,0,0,0,0,0,0,0,0,0,0,0,0,0,0,0,0,0,0,0,1.29536e-06,0,0,0
"PWY-7790: UMP biosynthesis II",0.000690207,0.000604649,0.000714821,0.00038227,0.000633226,0.000723611,0.000714517,0.000668585,0.000578408,0.000700555,0.000612709,0.000700855,0.00041023,0.000495939,0.000663353,0.000769553,0.000744275,0.000654703,0.000639607,0.000623524,0.000627734,0.000621074,0.000605446,0.00078771,0.000665966,0.000709831,0.000666841,0.000604174,0.000785223,0.000709595,0.000690848,0.000698842,0.0006408,0.000574695,0.000670467,0.000805244,0.000675567,0.000611348,0.000655687,0.000669311,0.000650881,0.000640951,0.000716946,0.000618956,0.000563057,0.000689517,0.00069936,0.000596067,0.000658807,0.000594988,0.000794569,0.000608363,0.000649785,0.000810783,0.000688291,0.000497922,0.000755182,0.000721074
"PWY-7791: UMP biosynthesis III",0.000690207,0.000604649,0.000714821,0.00038227,0.000633226,0.000723611,0.000714517,0.000668585,0.000578408,0.000700555,0.000612709,0.000700855,0.00041023,0.000495939,0.000663353,0.000769553,0.000744275,0.000654703,0.000639607,0.000623524,0.000627734,0.000621074,0.000605446,0.00078771,0.000665966,0.000709831,0.000666841,0.000604174,0.000785223,0.000709595,0.000690848,0.000698842,0.0006408,0.000574695,0.000670467,0.000805244,0.000675567,0.000611348,0.000655687,0.000669311,0.000650881,0.000640951,0.000716946,0.000618956,0.000563057,0.000689517,0.00069936,0.000596067,0.000658807,0.000594988,0.000794569,0.000608363,0.000649785,0.000810783,0.000688291,0.000497922,0.000755182,0.000721074
"PWY-7805: (aminomethyl)phosphonate degradation",0,0,0,0,0,0,1.76773e-06,0,0,0,0,3.07606e-07,7.34328e-06,4.10506e-07,0,0,0,6.82075e-06,0,4.29187e-06,0,0,0,0,4.17746e-06,0,0,0,4.30478e-07,1.20859e-06,0,0,0,0,0,0,0,0,0,0,0,0,0,0,3.62316e-06,0,0,7.1822e-07,0,4.01368e-06,0,0,0,0,6.56993e-07,0,0,0
"PWY-7807: glyphosate degradation III",0,0,0,3.62032e-05,0,1.33773e-06,2.4212e-06,0,0,0,0,3.07641e-07,1.86217e-05,1.86532e-06,0,0,0,1.28756e-05,1.45328e-06,4.17553e-06,0,0,0,0,4.69495e-06,0,0,0,1.54941e-06,2.29358e-06,0,0,0,0,0,0,0,0,0,3.87313e-06,0,0,0,0,3.66108e-06,0,0,7.83968e-07,1.29456e-06,4.18215e-06,0,0,0,0,2.07098e-06,0,0,0
"PWY-7820: teichuronic acid biosynthesis (B. subtilis 168)",0,0,0,0,0,0,0,0,0,1.06144e-06,0,0,0,0,0,0,0,0,1.22413e-06,0,0,0,0,0,0,0,0,0,0,0,0,0,0,0,0,0,0,1.86121e-06,0,0,1.32727e-06,0,0,0,0,0,0,0,0,0,0,0,0,0,0,0,0,0
"PWY-7851: coenzyme A biosynthesis II (eukaryotic)",0.000448586,0.000406593,0.000391117,0.000275116,0.000440147,0.00049041,0.000491002,0.000432756,0.000436428,0.000478588,0.000417773,0.000488923,0.000291314,0.000399663,0.000388234,0.000507601,0.0004816,0.0003653,0.000502792,0.000419817,0.000468586,0.000371361,0.000408249,0.000453059,0.000400891,0.000434264,0.000479598,0.000420722,0.000512439,0.000461359,0.000468549,0.000517863,0.00042579,0.000362512,0.000460468,0.000522354,0.000500283,0.000440673,0.000451214,0.000420013,0.000473485,0.000361968,0.000465015,0.000487553,0.000397128,0.000503061,0.00044863,0.00034996,0.000480693,0.000448549,0.000526452,0.00037344,0.000449363,0.000530952,0.000383947,0.000377771,0.000465021,0.000393911
"PWY-7853: 6-hydroxymethyl-dihydropterin diphosphate biosynthesis V (Pyrococcus)",0,0,0,0,0,0,0,0,0,0,0,0,0,0,0,0,0,0,0,0,0,0,0,2.21581e-06,0,0,0,0,0,0,0,0,0,0,0,0,0,0,0,0,0,0,0,0,0,0,0,0,0,0,0,0,0,0,0,0,0,0
"PWY-7858: (5Z)-dodecenoate biosynthesis II",1.53039e-06,7.68593e-06,1.59391e-05,9.73068e-05,0,0,4.17721e-06,0,3.62719e-06,0,0,3.94988e-06,7.02407e-05,8.33273e-06,9.5821e-07,9.24892e-06,0,1.03559e-05,5.18843e-07,1.79909e-05,0,1.69485e-05,0,3.95344e-06,1.20865e-05,0,0,2.32794e-06,9.41532e-06,5.10919e-06,1.66633e-06,1.51558e-05,0,0,3.27993e-06,0,0,1.23769e-06,0,1.55035e-05,0,0,0,2.00184e-05,5.14762e-05,0,0,3.3822e-06,1.02839e-05,1.60697e-05,0,1.69391e-05,7.16814e-07,2.75713e-06,1.74811e-06,4.74521e-06,0,1.21495e-06
"PWY-7873: D-erythronate degradation II",0,0,6.81727e-07,2.70491e-06,0,0,8.02365e-07,0,0,0,0,0,7.16398e-06,0,0,0,0,5.25621e-07,0,0,0,0,0,0,1.8643e-06,0,0,0,4.17742e-07,0,0,0,0,0,0,0,0,0,0,6.1826e-07,0,0,0,0,2.30904e-06,0,0,0,0,0,0,0,0,0,0,0,0,0
"PWY-7874: L-threonate degradation",0,0,2.15981e-06,1.15742e-05,0,0,9.00767e-07,0,0,0,0,0,7.16398e-06,6.61003e-07,0,0,0,5.25621e-07,2.63107e-07,1.25005e-06,0,0,0,0,2.50776e-06,0,0,0,9.44174e-07,0,0,0,0,0,0,0,0,0,0,1.43549e-06,0,0,0,0,3.35579e-06,0,0,0,6.17613e-07,1.28646e-06,0,1.59828e-07,0,0,0,0,0,0
"PWY-7883: anhydromuropeptides recycling II",3.27272e-06,1.12889e-05,7.03087e-06,5.7017e-05,3.63587e-06,1.57446e-06,1.9544e-06,7.93238e-06,3.07579e-06,2.29396e-06,1.43844e-05,4.93097e-06,3.53937e-05,4.74673e-06,4.67944e-07,2.25922e-05,3.26281e-06,1.64925e-05,6.61999e-06,8.50018e-06,2.83716e-06,2.33924e-05,0,0,8.98659e-06,0,0,4.87944e-06,1.15046e-05,3.54487e-06,5.88446e-07,1.88341e-05,1.57387e-05,9.90877e-06,1.67826e-05,6.38378e-06,8.68485e-06,2.3759e-07,0,6.97223e-06,2.5627e-06,2.28285e-06,5.65055e-06,1.89756e-05,2.43094e-05,1.18716e-05,8.78039e-06,1.81928e-06,5.91933e-07,1.06088e-05,2.21447e-06,7.49683e-06,1.09113e-06,4.09534e-06,6.78996e-07,1.02208e-06,3.02853e-06,3.27124e-06
"PWY-7942: 5-oxo-L-proline metabolism",0,9.58172e-07,1.85608e-05,6.17718e-05,0,6.36059e-06,1.12506e-05,0,4.07494e-06,0,0,8.44358e-06,3.51448e-05,7.48767e-06,2.4548e-06,0,0,9.10286e-06,1.45394e-06,1.84586e-05,0,0,0,0,2.22741e-05,0,0,1.85024e-06,7.54574e-06,1.49331e-05,0,1.04709e-05,0,0,5.59211e-06,0,0,1.03868e-06,0,1.71973e-05,0,0,2.40244e-06,1.93951e-05,6.99701e-05,0,0,1.68324e-06,3.16737e-06,1.71939e-05,0,0,1.93503e-06,0,2.31656e-06,6.0784e-06,0,0
"PWY-7953: UDP-N-acetylmuramoyl-pentapeptide biosynthesis III (meso-diaminopimelate containing)",0.000469066,0.000532977,0.000601088,0.000401175,0.000580328,0.00065111,0.000569225,0.000573491,0.00056215,0.000579161,0.00053604,0.000620155,0.000399352,0.000455229,0.000552747,0.000720536,0.000622139,0.000513896,0.000573279,0.000531022,0.000482287,0.000538298,0.000558103,0.000615174,0.000582892,0.000591294,0.000565471,0.000517962,0.000704112,0.000602265,0.000624186,0.000570112,0.00055393,0.00045693,0.000543387,0.000652583,0.00062431,0.000502932,0.000578163,0.000588615,0.000583468,0.000533378,0.000634225,0.000551044,0.000489235,0.000601814,0.000655289,0.00053038,0.00062751,0.000539918,0.00068965,0.000557066,0.000575324,0.000641768,0.000519687,0.000556412,0.000665769,0.000617498
"PWY-7977: L-methionine biosynthesis IV",0.000397268,0.000402197,0.000315924,0.000339675,0.000356088,0.000422647,0.000495488,0.00049294,0.000538865,0.000456597,0.000441733,0.000393552,0.000354524,0.000354201,0.000374072,0.000389345,0.000400618,0.000399996,0.000421276,0.000251436,0.000350486,0.00038583,0.000377549,0.000448432,0.000436878,0.000368348,0.000403584,0.000383743,0.000500986,0.000430903,0.000390765,0.000331059,0.000421955,0.000352807,0.000435631,0.000420288,0.000388718,0.000382803,0.000380222,0.000415991,0.000549871,0.00048267,0.000462205,0.000437605,0.000421675,0.00059457,0.00043833,0.000417098,0.000346366,0.000466983,0.000397032,0.00059301,0.000407556,0.0004267,0.000457774,0.000362426,0.000393495,0.000550115
"PWY-7992: superpathway of menaquinol-8 biosynthesis III",0,1.06981e-05,0,0,0,5.96096e-06,8.64976e-06,6.84168e-05,0,1.15401e-05,0,0,0,8.77604e-06,0,1.18937e-05,0,4.0755e-05,4.95484e-06,0,3.61399e-05,0,0,0,1.87572e-05,0,4.73102e-05,1.28312e-05,9.96444e-06,0,0,0,0,0,0,3.13043e-06,0,0,0,0,0,0,2.76194e-06,0,4.65296e-06,2.49165e-05,0,0.000122978,1.85183e-05,2.7542e-06,0,1.04982e-06,0,8.25938e-06,4.40672e-06,9.45302e-06,0,2.23726e-06
"PWY-8004: Entner-Doudoroff pathway I",9.6371e-05,0.000136768,6.38421e-05,0.000190569,3.10178e-05,6.09287e-05,0.000191316,0.000102356,0.000238741,0.000127667,8.93562e-05,0.000107785,0.000148032,9.37244e-05,8.96254e-05,2.96867e-05,8.95276e-05,8.12746e-05,0.000136089,8.20341e-05,0.00010145,0.000129558,6.53977e-05,7.3584e-05,8.06623e-05,7.64647e-05,0.000110157,8.81573e-05,5.90862e-05,9.08276e-05,0.000111956,6.43186e-05,0.000148282,0.000112417,0.000147788,0.000104983,0.000118419,0.00015611,9.9051e-05,0.000124903,8.24991e-05,3.11219e-05,6.45449e-05,0.000159623,0.000134949,0.000141208,6.62826e-05,8.91439e-05,0.000102416,7.71048e-05,5.2831e-05,8.15597e-05,9.28953e-05,0.000106647,8.93052e-05,8.28481e-05,7.82861e-05,6.14787e-05
"PWY-8011: L-serine biosynthesis II",0,0,0,0,0,0,0,0,0,0,0,0,0,0,0,0,0,0,0,0,0,0,0,0,0,0,0,0,0,0,0,0,0,0,0,0,0,0,0,0,0,0,0,0,0,0,0,0,0,0,0,0,0,0,0,0,0,0
"PWY-801: homocysteine and cysteine interconversion",2.30032e-06,1.72041e-05,1.13636e-05,5.73071e-05,3.58622e-06,4.03966e-07,4.05462e-06,2.75642e-06,1.34634e-05,3.21045e-06,0,1.09456e-05,4.24868e-05,4.3653e-06,1.24944e-06,0,0,4.93769e-06,1.56786e-06,1.12088e-05,0,5.54956e-07,6.57759e-06,0,1.01896e-05,0,0,1.52935e-06,2.353e-06,4.18245e-06,7.61514e-06,6.57228e-06,3.05769e-05,0,4.10709e-06,0,0,5.01797e-06,2.49362e-06,9.85006e-06,0,0,1.52122e-06,6.36538e-06,1.58923e-05,0,1.20428e-06,7.52378e-07,2.10453e-06,1.07125e-05,0,1.9103e-06,1.91797e-06,1.75339e-06,3.7021e-06,3.26174e-05,0,2.38699e-07
"PWY-8055: palmitoyl ethanolamide biosynthesis",0,0,0,0,0,0,0,0,0,0,0,0,0,0,0,0,0,0,0,0,0,0,0,0,0,0,0,0,0,0,0,0,0,0,0,0,0,0,0,0,0,0,0,0,0,0,0,0,0,0,0,0,0,0,0,0,0,0
"PWY-8073: lipid IVA biosynthesis (P. putida)",2.93525e-05,4.67239e-05,5.22709e-05,0.000165731,4.35081e-05,5.5977e-05,6.37954e-05,7.85482e-05,1.2098e-05,3.95756e-05,0.000103381,3.21793e-05,0.000128004,0.000122202,3.3662e-05,7.34009e-06,5.64703e-05,5.92706e-05,8.26742e-05,5.78499e-05,1.93562e-05,3.15889e-05,2.79737e-05,5.5092e-06,5.65205e-05,2.36546e-05,6.25541e-05,7.26363e-05,2.12758e-05,3.21321e-05,7.47828e-05,2.56377e-05,8.75901e-05,2.05136e-05,4.8477e-05,3.15917e-05,6.59524e-05,0.000118654,5.14292e-05,4.55048e-05,5.00062e-05,3.76306e-06,1.7282e-05,6.92214e-05,9.70497e-05,0.000125954,2.9772e-05,8.96459e-05,4.0056e-05,5.04412e-05,1.67288e-05,2.24968e-05,2.79516e-05,2.61924e-05,2.18983e-05,3.49269e-05,2.10023e-05,1.58671e-05
"PWY-8086: (S)-lactate fermentation to propanoate, acetate and hydrogen",0,0,1.27097e-06,0,0,0,1.35312e-06,0,2.82581e-07,0,0,4.54861e-07,0,0,2.43493e-07,0,0,3.50583e-06,0,2.96645e-07,0,0,0,0,2.39927e-06,0,0,0,6.22822e-07,2.11593e-06,0,5.19786e-07,0,0,0,0,0,2.59364e-07,0,5.11163e-06,0,0,0,0,1.16823e-05,0,0,0,0,0,0,0,0,0,0,2.21903e-06,0,0
"PWY-8112: factor 420 biosynthesis I (archaea)",1.58675e-05,0,1.78023e-05,0,0,1.78518e-06,7.38242e-06,0,0,0,0,0,0,0,9.68036e-06,2.64079e-06,1.11946e-05,4.24123e-06,1.65788e-06,2.44646e-05,8.22571e-06,0,1.56098e-05,2.12037e-06,0,0,0,7.56943e-06,0,0,0,6.37368e-06,0,0,0,0,0,0,0,0,0,0,6.47341e-06,0,6.76896e-07,0,1.42932e-05,3.51834e-05,1.37899e-05,0,0,8.23065e-07,1.56018e-06,1.82621e-06,1.10904e-05,0,1.57418e-05,0
"PWY-8113: 3PG-factor 420 biosynthesis",1.58675e-05,0,1.73219e-05,0,0,1.76423e-06,6.9626e-06,0,0,0,0,0,0,0,9.17912e-06,2.64079e-06,1.05397e-05,3.86973e-06,1.65788e-06,2.42483e-05,7.13777e-06,0,1.45995e-05,2.12037e-06,0,0,0,6.81625e-06,0,0,0,6.0379e-06,0,0,0,0,0,0,0,0,0,0,6.31153e-06,0,6.76896e-07,0,1.40902e-05,3.51834e-05,1.37899e-05,0,0,4.8673e-07,1.56018e-06,0,1.10904e-05,0,1.57418e-05,0
"PWY-8125: mevalonate pathway IV (archaea)",0,0,0,0,0,0,8.74434e-07,0,0,0,0,0,0,0,2.51755e-06,1.92196e-06,2.37124e-06,0,1.06232e-06,2.65109e-06,0,0,7.76848e-06,3.30896e-06,0,0,0,0,0,0,0,0,0,0,0,0,0,0,0,0,0,0,4.28497e-06,0,0,0,0,0,1.38468e-05,0,0,1.49818e-06,6.8268e-07,2.34867e-06,1.72366e-06,0,0,0
"PWY-8131: 5'-deoxyadenosine degradation II",1.71169e-05,3.27021e-05,1.57164e-05,7.3438e-06,6.70416e-05,3.08567e-05,4.16752e-05,3.73814e-05,2.81211e-05,4.02465e-05,2.97368e-05,3.01497e-05,4.54758e-05,4.86152e-05,5.82522e-05,1.76703e-05,3.83075e-05,3.02434e-05,3.13906e-05,2.56018e-05,3.58946e-05,1.34736e-05,4.86748e-05,2.73759e-05,3.14712e-05,4.95434e-05,5.2188e-05,4.92902e-05,5.67903e-05,3.05528e-05,5.18716e-05,3.26093e-05,2.42641e-05,3.12137e-05,4.12653e-05,4.05648e-05,5.42578e-05,2.81021e-05,4.1644e-05,7.47843e-05,3.28669e-05,2.05273e-05,2.87027e-05,4.95285e-05,3.87709e-05,4.78909e-05,2.90213e-05,2.57812e-05,3.25203e-05,3.60927e-05,6.11552e-05,4.29376e-05,4.18337e-05,2.74775e-05,1.93866e-05,6.03458e-05,3.86732e-05,2.03774e-05
"PWY-8134: bile acid 7&beta;-dehydroxylation",0,0,0,0,0,0,0,0,0,0,0,0,0,0,0,0,0,0,0,0,0,0,0,0,0,0,0,0,0,0,0,0,0,0,0,0,0,3.68972e-06,0,0,0,0,0,5.5939e-07,0,0,0,0,0,0,0,0,0,0,0,0,0,0
"PWY-8173: anteiso-branched-chain fatty acid biosynthesis",0,0,0,0,0,0,0,0,0,0,0,0,0,0,0,0,0,0,0,0,0,0,0,0,0,0,0,0,0,0,0,0,0,0,0,0,0,0,0,0,0,0,0,0,0,0,0,0,0,0,0,0,0,0,0,0,0,0
"PWY-8174: odd iso-branched-chain fatty acid biosynthesis",0,0,0,0,0,0,0,0,0,0,0,0,0,0,0,0,0,0,0,0,0,0,0,0,0,0,0,0,0,0,0,0,0,0,0,0,0,0,0,0,0,0,0,0,0,0,0,0,0,0,0,0,0,0,0,0,0,0
"PWY-8175: even iso-branched-chain fatty acid biosynthesis",0,0,0,0,0,0,0,0,0,0,0,0,0,0,0,0,0,0,0,0,0,0,0,0,0,0,0,0,0,0,0,0,0,0,0,0,0,0,0,0,0,0,0,0,0,0,0,0,0,0,0,0,0,0,0,0,0,0
"PWY-8178: pentose phosphate pathway (non-oxidative branch) II",0.000343732,0.000548404,0.000416931,0.0005465,0.000544774,0.000536428,0.000453223,0.000468121,0.000389922,0.000544746,0.000436014,0.000517286,0.000459432,0.000377808,0.000345329,0.000448386,0.000361312,0.000429575,0.000456259,0.000372137,0.000292685,0.000396431,0.000406618,0.000568401,0.00051254,0.000479794,0.000469076,0.0003354,0.00062991,0.000384332,0.000472396,0.000476056,0.000410976,0.00038251,0.000408797,0.000582324,0.00054739,0.000317296,0.000448847,0.000446728,0.000439495,0.000476231,0.000579441,0.000388937,0.00043101,0.000464669,0.00045221,0.000293963,0.000507849,0.000401911,0.000586972,0.000466432,0.000393397,0.000573628,0.000502541,0.000482984,0.000447995,0.000474792
"PWY-8187: L-arginine degradation XIII (reductive Stickland reaction)",0.000188528,0.000122553,0.000122069,0.000251529,0.000108095,6.56564e-05,0.000162012,0.000108911,0.000274627,0.000119708,0.00011881,9.81038e-05,0.000201358,7.81869e-05,0.00019503,9.94353e-05,0.000194117,0.000136973,9.49507e-05,0.000294875,8.68483e-05,0.000161048,0.000122408,8.57755e-05,0.000127582,5.64584e-05,8.74456e-05,9.1474e-05,0.000101964,9.88994e-05,0.000128592,0.000272112,0.000133571,0.000111037,0.000143245,8.80581e-05,0.000103226,8.88604e-05,7.8501e-05,0.000166636,6.02929e-05,4.6264e-05,6.1313e-05,0.000164496,6.68611e-05,0.000139472,9.65471e-05,0.000179582,0.000133933,0.000107156,7.37198e-05,0.000233505,0.000127397,8.04675e-05,0.000205301,0.000161334,0.000131902,0.00010357
"PWY-8188: L-alanine degradation VI (reductive Stickland reaction)",0,1.47976e-05,0,4.12955e-06,9.10683e-06,5.53822e-06,0,7.34055e-06,2.11612e-06,0,0,0,2.01374e-06,3.75247e-06,0,0,0,5.45604e-06,6.15203e-07,3.46505e-06,0,8.96858e-06,1.67468e-05,8.3464e-06,4.31398e-06,0,0,2.10252e-05,5.85901e-06,5.73728e-06,6.11642e-06,1.74655e-05,0,0,0,0,4.75065e-06,5.89553e-06,0,0,1.38825e-05,9.33371e-06,2.5041e-06,2.02276e-05,1.8006e-06,2.83235e-06,1.25799e-05,1.18882e-05,0,6.00965e-06,1.06005e-05,0,9.727e-06,0,0,1.07235e-05,0,4.30699e-06
"PWY-8189: L-alanine degradation V (oxidative Stickland reaction)",0,1.47976e-05,0,4.12955e-06,9.10683e-06,5.53822e-06,0,7.34055e-06,2.11612e-06,0,0,0,2.01374e-06,3.75247e-06,0,0,0,5.45604e-06,6.15203e-07,3.46505e-06,0,8.96858e-06,1.67468e-05,8.3464e-06,4.31398e-06,0,0,2.10252e-05,5.85901e-06,5.73728e-06,6.11642e-06,1.74655e-05,0,0,0,0,4.75065e-06,5.89553e-06,0,0,1.38825e-05,9.33371e-06,2.5041e-06,2.02276e-05,1.8006e-06,2.83235e-06,1.25799e-05,1.18882e-05,0,6.00965e-06,1.06005e-05,0,9.727e-06,0,0,1.07235e-05,0,4.30699e-06
"PWY-8190: L-glutamate degradation XI (reductive Stickland reaction)",2.20489e-05,0,2.5564e-06,0,0,0,1.24935e-05,0,2.9078e-07,0,0,7.61427e-07,2.65311e-06,4.85151e-06,0,7.16598e-06,0,1.97067e-06,0,2.40848e-06,0,0,0,0,0,0,9.91559e-06,0,0,0,0,7.6923e-06,0,0,0,0,0,1.89977e-05,3.06132e-06,0,0,0,1.03757e-06,0,5.59478e-06,6.8403e-06,4.08503e-07,2.1857e-05,1.96359e-05,0,0,1.54324e-05,1.85088e-06,2.18776e-06,1.28076e-06,0,0,1.06893e-06
"PWY-821: superpathway of sulfur amino acid biosynthesis (Saccharomyces cerevisiae)",7.43109e-06,2.23015e-05,2.89447e-05,0.000138482,0,1.37693e-05,1.39088e-05,0,5.16596e-06,3.21473e-05,0,1.4496e-05,0.000114822,1.52027e-05,1.8894e-05,9.13173e-06,0,1.94004e-05,1.12036e-05,3.40513e-05,0,1.94759e-05,1.05071e-05,0,5.15998e-05,5.37695e-06,0,7.00652e-06,3.05744e-05,2.80392e-05,2.36755e-05,2.63861e-05,0,0,1.54388e-05,0,0,4.4274e-06,0,2.04939e-05,0,2.8504e-06,3.66548e-05,5.11492e-05,0.0001046,7.20186e-06,1.15169e-05,2.84896e-05,1.73978e-05,3.76813e-05,2.51068e-06,6.14884e-06,3.36054e-06,0,2.08109e-05,2.56129e-05,0,8.98508e-06
"PWY-822: fructan biosynthesis",1.12705e-06,6.46139e-06,0,1.59277e-05,1.08513e-06,8.69676e-07,2.36135e-06,1.26631e-06,1.5029e-05,6.58843e-07,7.16111e-07,1.23301e-05,2.49168e-06,5.66015e-05,1.03773e-06,2.15833e-06,2.22921e-06,7.01452e-07,1.85673e-06,1.65793e-06,0,4.71856e-05,1.50558e-05,4.67908e-05,1.12041e-06,1.8564e-06,0,0,4.13596e-06,3.22917e-06,6.99231e-06,3.94302e-06,3.03889e-05,1.08762e-06,6.46275e-06,7.01194e-07,4.548e-07,3.85605e-06,2.48252e-06,1.55343e-06,0,1.21653e-05,2.45931e-06,2.62085e-05,1.04512e-06,2.19622e-05,0,0,4.87981e-05,4.86052e-07,0,6.05694e-07,8.60582e-06,5.11909e-06,2.68689e-06,1.63078e-05,0,4.03053e-06
"PWY-841: superpathway of purine nucleotides de novo biosynthesis I",0.000227628,0.000313926,0.000274179,0.000223148,0.000231309,0.000190462,0.000327762,0.000397786,0.000425484,0.000195662,0.000317916,0.000274505,0.000185888,0.000270726,0.000257267,0.000244875,0.000347712,0.000272647,0.000225449,0.00024093,0.000192784,0.00027113,0.000260453,0.000197467,0.000227287,0.000213689,0.000255584,0.000285067,0.000132235,0.000316671,0.000274011,0.000237084,0.00038605,0.00024228,0.00022459,0.000274929,0.000305912,0.000258037,0.000215574,0.000238827,0.000178941,0.000143341,0.000164259,0.000268708,0.00022544,0.000311317,0.000324282,0.000375424,0.000311719,0.000224267,0.000127531,0.000299776,0.000371283,0.000181471,0.000251923,0.000219138,0.000180599,0.00019609
"PWY-922: mevalonate pathway I (eukaryotes and bacteria)",0,1.23919e-05,0,1.22957e-05,0,0,2.15773e-06,0,1.35665e-06,0,0,5.2806e-06,2.855e-06,2.14767e-05,2.16257e-06,4.7457e-06,2.03266e-06,0,2.40329e-06,4.61283e-06,0,3.91092e-05,8.17878e-06,4.23653e-05,0,0,3.35667e-06,0,0,4.16821e-06,0,0,0,0,1.72629e-06,0,1.68889e-06,2.38667e-06,1.86644e-06,0,0,1.55873e-06,5.99055e-06,7.41575e-06,9.21435e-07,1.91143e-05,0,0,3.55031e-05,4.09947e-06,0,1.79872e-06,4.22642e-06,3.05337e-06,5.3875e-06,0,0,8.31808e-06
"PWY-I9: L-cysteine biosynthesis VI (from L-methionine)",5.32853e-05,0.000214035,8.73164e-05,0.000263058,0.000106734,9.00869e-05,0.0001369,0.000131569,0.000151326,0.000155044,0.000110615,0.000132399,0.00019099,0.000199829,0.000162393,5.38761e-05,0.000117625,9.36595e-05,0.000124209,8.90195e-05,0.000164204,0.000222239,0.000114021,0.000173506,9.12399e-05,9.29537e-05,0.000167228,0.000102908,0.000126023,7.79109e-05,0.000134924,9.81085e-05,0.000164743,7.16861e-05,9.00543e-05,0.0001106,0.000131443,0.000174047,9.24617e-05,0.000173691,5.99203e-05,7.78112e-05,6.52758e-05,0.000189931,0.000174407,0.000159256,8.08275e-05,2.67909e-05,0.000212669,0.000117125,0.00017439,0.000162225,0.000118639,0.000146651,8.47659e-05,0.000204182,0.000111564,9.86605e-05
"PWY0-1061: superpathway of L-alanine biosynthesis",0.000160186,1.32461e-05,3.81599e-05,0.000190956,0.00022718,0.000159956,0.000137783,9.95261e-05,9.69447e-05,0.000140622,4.88995e-06,0.000110647,9.81071e-05,0.00013468,0.000149976,2.02707e-05,6.21025e-05,9.51625e-06,0.000136532,0.0001656,0.000139334,3.80884e-05,8.60873e-05,1.91913e-05,0.000155622,4.03138e-05,0.000260476,4.30679e-05,0.000106396,2.35415e-05,0.00010527,0.000118805,2.68662e-05,8.03634e-06,0.000175141,0.000164208,5.53424e-05,0.000225488,0.000205822,0.000129615,3.80318e-05,6.42543e-05,1.94794e-05,9.34552e-05,0.000125567,3.06495e-05,8.18541e-05,7.00217e-05,0.000239188,8.42206e-05,0.000120285,9.07895e-05,4.09259e-05,0.00022333,0.000156774,9.66571e-05,0.000116161,2.43787e-05
"PWY0-1221: putrescine degradation II",0,0,2.07549e-06,0,0,0,5.14489e-07,0,0,0,0,1.48336e-07,0,0,3.68472e-07,0,0,3.00401e-06,0,1.2263e-07,0,0,0,0,4.75772e-07,0,0,0,7.78393e-07,3.48458e-07,0,0,0,0,0,0,0,3.02358e-07,0,7.14366e-07,0,0,0,0,1.08848e-05,0,0,0,0,0,0,0,0,0,0,3.53314e-07,0,0
"PWY0-1241: ADP-L-glycero-&beta;-D-manno-heptose biosynthesis",4.45724e-05,1.40102e-05,7.36464e-05,7.44187e-05,8.89142e-06,2.0209e-05,3.66315e-05,3.93337e-05,6.84704e-06,1.15173e-05,3.32787e-05,1.35796e-05,5.16741e-05,2.73928e-05,1.00655e-05,0.000277042,1.50209e-05,5.1876e-05,2.04119e-05,4.96157e-05,1.80896e-05,2.88517e-05,1.94081e-05,1.10251e-05,3.06825e-05,1.632e-05,1.79755e-05,3.04564e-05,2.11615e-05,1.66773e-05,2.56423e-05,2.99683e-05,3.82912e-05,9.28441e-06,3.36438e-05,1.56306e-05,1.75627e-05,3.13815e-05,1.79122e-05,2.69655e-05,2.37157e-05,1.35277e-05,7.1416e-05,2.81499e-05,4.49063e-05,5.9781e-05,9.83024e-05,0.000161931,2.23755e-05,1.79145e-05,6.61239e-06,2.48004e-05,8.85864e-06,7.39136e-06,1.49577e-05,2.5186e-05,1.46696e-05,1.32105e-05
"PWY0-1261: anhydromuropeptides recycling I",2.25603e-05,5.40439e-05,4.2866e-05,0.000186276,8.50898e-05,9.07389e-05,4.59148e-05,0.000118905,2.7183e-05,4.00348e-05,0.000129792,2.95886e-05,0.000116901,0.00015022,5.20165e-05,0.000236043,6.06229e-05,5.49184e-05,0.000106878,7.57868e-05,4.29873e-05,2.92454e-05,6.56305e-05,5.84427e-05,5.30765e-05,5.23786e-05,5.74324e-05,7.5756e-05,3.75552e-05,3.80658e-05,0.00012083,4.91436e-05,9.01946e-05,5.03441e-05,6.50789e-05,2.16059e-05,7.6769e-05,0.000148524,6.95559e-05,5.88841e-05,6.31657e-05,9.00729e-06,5.21445e-05,7.47583e-05,0.000113737,8.75765e-05,5.53778e-05,8.9648e-05,2.97199e-05,4.96947e-05,2.40152e-05,2.28281e-05,9.39863e-06,1.53899e-05,3.12345e-05,0.000125685,2.22316e-05,2.07331e-05
"PWY0-1277: 3-phenylpropanoate and 3-(3-hydroxyphenyl)propanoate degradation",0,7.127e-07,1.47934e-05,0,0,2.01739e-06,7.3967e-06,0,2.28956e-06,0,0,6.48009e-06,0,0,1.37937e-06,0,0,9.71676e-06,0,2.28375e-06,0,0,0,0,8.06711e-06,0,0,1.80096e-06,4.43539e-06,6.81375e-06,0,6.36956e-06,0,0,4.32602e-06,0,0,2.85631e-06,0,1.16704e-05,0,1.96895e-06,2.66115e-06,4.5722e-06,3.61753e-05,0,2.85752e-06,1.20675e-06,0,0,0,0,0,0,1.89091e-06,4.19283e-06,0,0
"PWY0-1296: purine ribonucleosides degradation",0.000314175,0.000500014,0.000445701,0.000399166,0.00043765,0.000546312,0.000393796,0.000452256,0.000385437,0.000544458,0.000481621,0.000517723,0.000419046,0.000336932,0.00030148,0.000312157,0.000468038,0.000389752,0.000417311,0.000448887,0.000454937,0.000419621,0.000428961,0.000494042,0.000451224,0.000519454,0.000446443,0.000404071,0.000583791,0.000520236,0.0004275,0.000524998,0.000417604,0.000364515,0.000389086,0.000573289,0.000504136,0.000313898,0.000436276,0.000413132,0.000460869,0.000398099,0.000550165,0.000397529,0.000402198,0.000444286,0.000365649,0.000334282,0.000585714,0.000461269,0.000581434,0.00036559,0.000405376,0.000533004,0.000447228,0.00040748,0.000416782,0.000476401
"PWY0-1297: superpathway of purine deoxyribonucleosides degradation",1.2664e-05,7.01684e-05,4.87255e-05,0.000173963,1.75254e-05,1.59126e-05,4.44944e-05,5.95988e-05,5.43424e-05,7.28782e-05,8.82883e-05,8.14783e-05,0.000141411,0.000140531,2.54075e-05,3.44332e-05,8.87977e-05,4.82764e-05,4.44627e-05,9.66636e-05,1.72116e-05,0.000135478,9.24347e-05,0.000109279,8.48845e-05,5.42685e-05,2.96369e-05,2.91462e-05,4.04706e-05,8.08871e-05,5.12601e-05,0.000207491,0.000131931,3.72356e-05,5.43052e-05,4.9297e-05,4.56629e-05,5.0459e-05,5.64773e-05,6.05857e-05,5.52557e-05,3.40331e-05,6.97443e-05,9.51562e-05,9.93074e-05,0.000131851,0.000121255,7.97245e-05,0.000122582,8.83728e-05,2.76235e-05,1.45427e-05,5.44437e-05,6.41384e-05,2.17023e-05,0.000155834,2.38872e-05,4.41217e-05
"PWY0-1298: superpathway of pyrimidine deoxyribonucleosides degradation",1.80968e-05,5.27414e-05,7.77822e-05,0.000196743,1.54349e-05,2.29003e-05,3.18963e-05,2.03478e-05,2.21171e-05,3.40169e-05,1.60936e-05,2.71107e-05,0.000153075,3.17443e-05,2.38759e-05,1.49354e-05,2.01055e-05,5.01411e-05,2.58906e-05,8.85243e-05,1.5147e-05,5.55011e-05,1.57296e-05,2.37683e-05,5.19756e-05,3.75071e-05,1.81758e-05,1.33938e-05,5.27901e-05,4.08243e-05,1.38758e-05,7.46709e-05,8.67235e-06,2.37506e-05,1.9019e-05,2.91677e-05,6.54593e-06,1.30331e-05,9.76454e-06,4.96341e-05,1.22954e-05,8.26148e-06,3.18381e-05,4.08507e-05,7.65701e-05,2.43738e-05,5.44098e-05,1.64054e-05,4.09019e-05,3.98247e-05,2.03545e-05,1.18772e-05,1.23705e-05,3.14327e-05,2.02793e-05,5.88618e-05,1.29764e-05,2.32541e-05
"PWY0-1319: CDP-diacylglycerol biosynthesis II",0.000295659,0.00052405,0.000449177,0.000393791,0.000561226,0.000584167,0.000446848,0.000486361,0.000518697,0.000512033,0.000488104,0.000575241,0.000397609,0.00042703,0.000395594,0.00035818,0.000471837,0.00051102,0.000509916,0.000392249,0.000445777,0.000409282,0.000459943,0.000524548,0.000508484,0.000550595,0.000485773,0.000483966,0.000605658,0.000566458,0.000484077,0.000552208,0.000485812,0.000389204,0.000467432,0.000600372,0.000576097,0.00048211,0.000546415,0.000520227,0.000530931,0.000434611,0.000541068,0.000470578,0.000387565,0.00055174,0.000500333,0.000393635,0.000525207,0.000488137,0.000643551,0.000442249,0.000464031,0.000625956,0.000454717,0.00043765,0.000577822,0.000499492
"PWY0-1337: oleate &beta;-oxidation",0,1.10893e-06,4.06393e-06,7.96095e-05,0,4.92273e-07,3.68595e-06,0,0,0,0,4.47499e-07,6.11538e-05,6.67402e-06,3.24871e-07,0,0,4.42625e-06,2.6906e-06,1.05814e-05,0,0,0,0,1.48854e-05,0,0,0,5.07705e-06,2.80956e-06,1.24177e-06,1.09759e-05,0,0,0,0,0,4.04552e-07,0,2.64055e-06,0,0,0,1.8078e-05,1.05992e-05,0,3.35803e-07,1.60526e-06,1.53453e-06,9.49048e-06,0,1.37047e-06,4.50837e-07,0,1.53267e-06,2.43676e-06,0,0
"PWY0-1338: polymyxin resistance",5.18468e-07,0,4.2322e-06,6.34652e-05,0,6.5083e-07,4.81223e-06,0,8.87617e-07,0,0,1.14385e-06,4.07011e-05,4.53268e-06,3.37179e-07,0,0,4.76471e-06,1.27037e-06,1.26357e-05,0,0,0,0,8.11033e-06,0,0,0,4.07928e-06,2.77157e-06,0,5.98903e-06,0,0,3.94449e-06,0,0,0,0,5.53086e-06,0,0,0,1.95171e-05,1.98724e-05,0,9.30086e-07,1.74775e-06,1.87414e-06,9.60067e-06,0,1.41381e-06,3.72038e-07,0,1.49087e-06,3.14015e-06,0,0
"PWY0-1415: superpathway of heme b biosynthesis from uroporphyrinogen-III",2.63432e-06,5.36817e-06,9.16963e-06,0.000116354,0,1.3027e-06,1.01939e-05,0,2.64266e-06,0,0,5.85038e-06,6.99189e-05,1.07806e-05,0,2.01449e-06,0,1.13037e-05,4.30868e-06,1.86463e-05,0,9.62411e-06,0,0,2.31187e-05,0,0,2.10043e-06,2.63643e-06,1.08225e-05,1.43795e-06,1.66812e-05,0,0,1.14302e-05,0,0,1.12609e-06,0,1.02473e-05,0,0,3.90202e-06,1.10429e-05,4.71734e-05,0,3.69817e-06,1.51132e-06,4.35677e-06,1.82823e-05,0,4.46604e-06,2.05598e-06,0,5.23903e-06,1.01227e-05,0,0
"PWY0-1477: ethanolamine utilization",1.06963e-05,2.61377e-05,7.58238e-05,0.000393733,0.000117553,1.26581e-05,8.54517e-05,1.99288e-05,2.88772e-05,3.97719e-05,4.61237e-05,2.3698e-05,0.000289153,4.28452e-05,5.20366e-05,1.97287e-05,2.84108e-05,8.78549e-05,4.84411e-05,0.00013397,3.30517e-05,3.24635e-05,2.04037e-05,2.46221e-05,6.8168e-05,5.68125e-05,3.42177e-05,1.55767e-05,2.77877e-05,3.05458e-05,4.72311e-05,8.9181e-05,2.54078e-05,7.1614e-05,0.000106911,3.30934e-05,3.42172e-05,5.36223e-05,7.99857e-05,0.000206685,2.17505e-05,8.57988e-06,3.20819e-05,6.73472e-05,0.000201931,3.69267e-05,8.40194e-05,3.68782e-05,3.83465e-05,6.79662e-05,2.81125e-05,3.2794e-05,2.34441e-05,3.23353e-05,2.99427e-05,6.07374e-05,2.2343e-05,3.07151e-05
"PWY0-1479: tRNA processing",7.16603e-05,4.31593e-05,9.59294e-05,0.000199813,6.06421e-05,0.000120382,7.7852e-05,2.11836e-05,4.56639e-05,0.000106577,4.36526e-05,6.63496e-05,0.000150864,2.12813e-05,6.50988e-05,0.000203259,4.61201e-05,8.56309e-05,6.77212e-05,6.00709e-05,6.87012e-05,5.94781e-05,8.67428e-06,9.89974e-05,5.7839e-05,5.26989e-05,6.44771e-05,3.87606e-05,0.000183026,8.89926e-05,1.82007e-05,4.46231e-05,4.30346e-05,1.27986e-05,7.46315e-05,8.15308e-05,3.71875e-05,3.806e-05,3.74764e-05,7.08958e-05,3.64298e-05,2.62373e-05,0.000174272,4.85148e-05,0.000149255,2.5174e-05,2.90679e-05,2.06532e-05,5.0007e-05,3.78005e-05,7.39551e-05,8.8578e-05,3.35593e-05,3.22228e-05,4.45401e-05,4.5907e-05,9.18109e-05,5.50936e-05
"PWY0-1533: methylphosphonate degradation I",0,0,0,2.30953e-05,0,7.97506e-07,1.45886e-06,0,0,0,0,1.79758e-07,1.14051e-05,1.15515e-06,0,0,0,9.44242e-06,8.92009e-07,2.56486e-06,0,0,0,0,2.85885e-06,0,0,0,9.18932e-07,1.51561e-06,6.88169e-07,0,0,0,0,0,0,0,0,2.42745e-06,0,0,0,0,2.13995e-06,0,0,4.85853e-07,7.96514e-07,2.50568e-06,0,0,0,0,1.41176e-06,0,0,0
"PWY0-1586: peptidoglycan maturation (meso-diaminopimelate containing)",0.000372347,0.000400866,0.000327335,0.000779071,0.000434987,0.000422576,0.000507956,0.000499296,0.000412746,0.000292035,0.000443846,0.000363238,0.000619184,0.000563399,0.000289097,0.000548935,0.000366171,0.000361892,0.000505386,0.000301635,0.000296681,0.000462605,0.000296069,0.000312395,0.000416621,0.000254136,0.000404958,0.000396274,0.000368741,0.000384574,0.000618742,0.000214455,0.00039299,0.000241118,0.000403285,0.000374391,0.000405608,0.000466913,0.000396667,0.000341571,0.000469128,0.00039111,0.000256312,0.00046802,0.000510204,0.000569359,0.000410172,0.000356753,0.000380854,0.000445552,0.000329566,0.00052473,0.000316186,0.00034169,0.000335925,0.000334528,0.000301456,0.000402857
"PWY0-162: superpathway of pyrimidine ribonucleotides de novo biosynthesis",0.000184271,0.000231171,0.000166137,0.000195446,0.000174962,0.000121918,0.000257739,0.000132058,0.000238419,0.000151308,0.000152544,0.000127948,0.000159486,0.000128293,0.000216286,0.000239886,0.000133134,0.00017869,0.000178564,0.000158971,0.00017054,8.76605e-05,9.57286e-05,0.000137817,0.000117527,0.000176326,0.000203456,0.00011904,9.63408e-05,0.000103085,0.000159118,0.000102904,0.000155167,0.000174372,0.000186861,0.000152868,8.88104e-05,0.000219139,0.000134477,0.000188776,0.000138279,6.21039e-05,0.000127886,0.000147495,0.00018,0.000191439,0.000226853,0.000192888,0.000112352,0.00019933,0.000130532,0.000223229,0.000189385,0.000138364,0.00015931,0.000146961,0.000136298,8.91237e-05
"PWY0-166: superpathway of pyrimidine deoxyribonucleotides de novo biosynthesis (E. coli)",9.77568e-07,0,2.57211e-05,0.000113973,4.94159e-06,4.32249e-06,2.25366e-05,0,8.85908e-06,0,0,1.09936e-05,7.78157e-05,2.2683e-05,7.03514e-06,2.64699e-06,0,1.42609e-05,2.57673e-06,4.25416e-05,0,1.9202e-05,0,4.7628e-05,2.84157e-05,1.23576e-06,0,3.50671e-06,1.58911e-05,1.36743e-05,0,8.1166e-06,0,0,1.58196e-05,0,0,9.75024e-06,0,3.06304e-05,0,0,4.59467e-06,2.81425e-05,8.8876e-05,0,8.26183e-06,8.20661e-06,1.87678e-06,2.77699e-05,0,1.25159e-06,3.10059e-06,0,5.00066e-06,1.92749e-05,0,1.26488e-06
"PWY0-301: L-ascorbate degradation I (bacterial, anaerobic)",3.45289e-05,1.2774e-05,2.9038e-05,0.000133272,0,7.89436e-06,1.02645e-05,0,8.11401e-06,4.65859e-06,0,2.39337e-06,8.294e-05,9.51179e-06,5.27953e-06,1.55017e-06,3.06339e-06,2.40066e-05,4.25133e-06,5.79463e-05,1.33404e-06,8.79197e-06,0,3.06948e-06,2.05623e-05,0,9.50143e-07,2.98333e-06,1.25689e-05,1.76509e-05,4.3313e-06,9.83276e-06,0,0,1.29076e-05,5.05178e-06,0,2.80383e-06,0,1.80309e-05,2.80745e-06,0,5.81572e-06,2.51344e-05,5.28034e-05,0,2.19903e-06,4.06442e-06,5.18754e-06,2.53089e-05,0,2.21758e-06,3.83606e-06,0,5.99455e-06,1.69541e-05,1.622e-05,4.50163e-06
"PWY0-321: phenylacetate degradation I (aerobic)",0,0,1.03204e-06,0,0,0,4.48463e-07,0,1.23811e-07,0,0,0,0,0,0,0,0,0,0,0,0,0,0,0,4.02739e-07,0,0,0,4.09797e-07,0,0,0,0,0,0,0,0,0,0,5.59994e-07,0,0,0,0,6.84441e-06,0,0,0,0,0,0,0,0,0,0,0,0,0
"PWY0-41: allantoin degradation IV (anaerobic)",0,0,3.07449e-06,1.03392e-05,0,0,1.00065e-06,0,2.68453e-07,0,0,2.55776e-07,1.14029e-05,1.13207e-06,2.09275e-07,0,0,2.47066e-06,2.16573e-07,2.39998e-06,0,0,0,0,4.70156e-06,0,0,0,3.84981e-07,6.1308e-07,2.96241e-07,0,0,0,0,0,0,1.72399e-07,0,3.32545e-06,0,0,0,0,5.0949e-06,0,2.40565e-07,3.34131e-07,3.26739e-07,4.61469e-07,0,2.86857e-07,2.60005e-07,0,3.24725e-07,6.69278e-07,0,0
"PWY0-42: 2-methylcitrate cycle I",0,0,5.43359e-06,0.000101657,0,8.16948e-07,4.78396e-06,0,0,0,0,1.45695e-06,2.91592e-05,4.40879e-06,1.18078e-06,0,0,1.01926e-05,1.39795e-06,7.85161e-06,0,0,0,0,8.2261e-06,0,0,1.54942e-06,2.25295e-06,5.5987e-06,1.44252e-06,8.83687e-06,0,0,0,0,0,6.63257e-07,0,5.7185e-06,0,9.67961e-07,8.27274e-07,2.34401e-06,2.68134e-05,0,5.61391e-07,1.16036e-06,1.2212e-06,9.47999e-06,0,1.89025e-06,6.75425e-07,0,1.74394e-06,4.04661e-06,0,0
"PWY0-461: L-lysine degradation I",0,0,1.11528e-06,3.62598e-05,0,0,1.92932e-06,0,0,0,0,6.30621e-07,2.08819e-05,4.439e-06,1.50622e-06,0,0,3.97628e-06,0,3.98782e-06,0,0,0,0,3.09647e-06,0,0,0,1.39861e-06,2.77679e-06,0,2.01497e-06,0,0,0,0,0,0,0,0,0,0,0,2.3259e-06,3.65509e-06,0,1.87665e-07,0,1.02514e-06,5.25459e-06,0,0,0,0,2.60244e-07,1.38934e-06,0,0
"PWY0-781: aspartate superpathway",0,4.28331e-05,5.23405e-05,0.00023325,2.02259e-06,1.59119e-05,5.4529e-05,6.43716e-06,2.11115e-05,2.0217e-05,5.05945e-06,3.37033e-05,0.000157417,7.25368e-05,2.54022e-05,1.38007e-05,7.95833e-06,4.34274e-05,8.95216e-05,5.91225e-05,1.61481e-05,2.7026e-05,2.20144e-05,1.89406e-05,7.43808e-05,1.25523e-05,4.48717e-05,3.08364e-05,3.95545e-05,3.70295e-05,4.02266e-05,4.46025e-05,5.43099e-05,4.77504e-05,3.61188e-05,0,1.75691e-05,0.000138257,0,6.23184e-05,3.49413e-05,9.39068e-06,2.99252e-05,7.74733e-05,0.000149959,4.94202e-05,1.4433e-05,1.12785e-05,5.7228e-05,8.18889e-05,3.86229e-05,5.02818e-05,3.0415e-05,1.22423e-05,3.95474e-05,4.74088e-05,0,1.54075e-05
"PWY0-845: superpathway of pyridoxal 5'-phosphate biosynthesis and salvage",5.06124e-05,7.92668e-05,7.13477e-05,0.000161977,9.65557e-05,8.36284e-05,0.000147712,0.000158586,0.000227954,5.74506e-05,0.000145664,8.39693e-05,0.000159623,0.000194032,8.17949e-05,0.000187523,8.83268e-05,7.3375e-05,0.000148591,0.000114651,3.85511e-05,7.83871e-05,4.57895e-05,4.3661e-05,3.63654e-05,6.92079e-05,7.97366e-05,0.000107917,2.39426e-05,4.38282e-05,0.000187543,2.19096e-05,0.000158376,0.00013506,7.99451e-05,8.85098e-05,0.00017041,0.000165613,0.000105654,8.98904e-05,0.000108494,2.32875e-05,3.55132e-05,0.000149178,9.08187e-05,0.000260883,0.00014855,0.000164103,5.0506e-05,6.42501e-05,3.08926e-05,6.20433e-05,4.92085e-05,3.75461e-05,3.99726e-05,7.26876e-05,3.71242e-05,5.81046e-05
"PWY0-862: (5Z)-dodecenoate biosynthesis I",6.01211e-05,9.64036e-05,9.4788e-05,0.000286227,3.02329e-05,3.51657e-05,0.000162454,9.72818e-05,0.000108453,7.56772e-05,6.40668e-05,4.51598e-05,0.000264178,0.000140182,9.30858e-05,0.00023421,2.39474e-05,6.83307e-05,6.97116e-05,0.000142013,0.000112599,4.66706e-05,2.67515e-05,1.7806e-05,0.000150499,4.08184e-05,0.000138296,2.94981e-05,3.86257e-05,8.3869e-05,3.62766e-05,5.5284e-05,0.000101088,6.02346e-05,0.000117498,3.83497e-05,1.87945e-05,0.000144872,4.44143e-05,0.00012419,1.2124e-05,1.11062e-05,2.86302e-05,0.00010576,0.000188338,2.81034e-05,6.40938e-05,6.45259e-05,8.31358e-05,0.000177423,6.4059e-05,4.78967e-05,5.59338e-05,4.7105e-05,4.70429e-05,9.20991e-05,6.18524e-05,2.6828e-05
"PWY0-881: superpathway of fatty acid biosynthesis I (E. coli)",0,0,0,0,0,0,0,0,0,0,0,0,0,0,0,0,0,0,0,0,0,0,0,0,0,0,0,0,0,0,0,0,0,0,0,0,0,0,0,0,0,0,0,0,0,0,0,0,0,0,0,0,0,0,0,0,0,0
"PWY1G-0: mycothiol biosynthesis",0,0,0,0,0,0,0,0,0,0,0,0,0,0,0,0,0,0,0,0,0,0,0,0,0,0,0,0,0,0,0,0,0,0,0,0,0,0,2.19151e-06,0,0,0,0,0,0,0,0,0,0,0,0,0,0,0,0,0,0,0
"PWY1ZNC-1: assimilatory sulfate reduction IV",2.79332e-05,5.20349e-05,1.34623e-05,9.17618e-05,2.94256e-05,2.1751e-05,3.35594e-05,1.60743e-05,9.15367e-07,3.99023e-05,2.04612e-05,2.73163e-05,7.10885e-05,1.58522e-05,1.92759e-05,1.22649e-05,2.03599e-05,1.59885e-05,3.57411e-05,1.35829e-05,2.72073e-05,1.02987e-05,2.50942e-05,2.12811e-05,2.57876e-05,4.7484e-05,4.90028e-05,3.67297e-05,3.99066e-05,3.44866e-05,6.50662e-05,2.1949e-05,1.30537e-05,3.03464e-05,1.43307e-05,3.17258e-05,2.71853e-05,4.3657e-05,2.69127e-05,4.34611e-05,2.35961e-05,2.34476e-05,2.97438e-05,2.64299e-05,4.82722e-05,1.86082e-05,3.30727e-05,3.17185e-05,1.63291e-05,3.61483e-05,5.34589e-05,8.47237e-06,4.64271e-05,3.92164e-05,1.34807e-05,6.49737e-05,2.79145e-05,2.65025e-05
"PWY3DJ-12: ceramide de novo biosynthesis",0,0,0,0,0,0,0,0,0,0,0,0,0,0,0,0,0,0,0,0,0,0,0,0,0,0,0,0,0,0,0,0,0,0,0,0,0,0,0,0,0,0,0,0,0,0,0,0,0,0,0,0,0,0,0,0,0,0
"PWY3DJ-35471: L-ascorbate biosynthesis IV (animals, D-glucuronate pathway)",0,0,0,0,0,0,2.74821e-06,0,0,0,0,0,5.79029e-06,0,0,0,0,0,0,0,0,1.50724e-06,0,0,0,0,0,0,0,0,0,0,0,3.65732e-06,0,1.67435e-06,0,0,0,0,0,0,0,0,0,0,0,0,0,2.20647e-06,0,0,0,0,0,0,0,0
"PWY3O-4107: NAD salvage pathway V (PNC V cycle)",9.21774e-05,5.20914e-05,2.85955e-05,0.000181472,3.28551e-06,1.14254e-05,0.000104982,2.8362e-05,8.7391e-05,6.17992e-05,2.85544e-06,6.32876e-05,0.000131805,0.000157443,4.40746e-05,1.52191e-05,5.22602e-06,3.70113e-05,5.8238e-05,3.37697e-05,9.43487e-05,0.000249602,4.79098e-05,8.47311e-05,6.7018e-05,8.63036e-06,0.000121958,8.54214e-06,4.15952e-05,3.82366e-05,5.91917e-05,3.85314e-05,8.96271e-05,1.42616e-05,0.000119338,4.98305e-05,4.91937e-06,6.08949e-05,5.73415e-05,5.49822e-05,0,5.00601e-05,1.39583e-05,0.000113747,0.000103771,9.57621e-05,3.22804e-05,4.57777e-05,0.00014383,2.57153e-05,1.1708e-06,4.59513e-05,4.28782e-05,7.30017e-05,6.07916e-05,0.000121457,5.5583e-05,1.1457e-05
"PWY490-3: nitrate reduction VI (assimilatory)",0,2.73511e-06,0,0,0,0,6.62791e-07,1.86663e-06,0,6.60851e-07,9.68592e-07,1.96119e-06,0,0,0,1.32195e-06,0,1.86918e-06,8.72123e-07,4.55584e-07,0,1.50067e-06,0,1.02659e-06,2.09792e-06,0,0,0,1.39077e-06,0,0,1.39901e-06,0,0,0,1.48708e-06,1.91425e-06,0,1.53089e-06,0,1.41098e-06,0,1.23404e-06,0,0,1.09916e-06,0,0,0,1.76395e-06,0,1.29886e-06,1.34221e-06,0,2.69059e-06,0,0,1.26834e-06
"PWY4FS-7: phosphatidylglycerol biosynthesis I (plastidic)",0.000119885,0.000166798,9.33864e-05,0.000345076,0.000103301,8.93788e-05,0.000102226,0.00012508,0.000115515,0.000118402,0.000154248,0.000112472,0.00029453,0.000245236,4.27071e-05,0.000291202,6.99055e-05,0.000128796,0.000140474,0.000123225,3.43988e-05,0.000314308,6.77592e-05,0.000295659,0.000151911,5.11792e-05,6.97928e-05,0.000103902,9.57163e-05,7.20816e-05,0.00018069,7.47427e-05,0.000180262,3.16964e-05,7.78439e-05,8.24684e-05,0.000104737,0.000208038,0.000114016,0.000114298,7.55515e-05,0.000195782,6.66731e-05,0.000150175,0.000216472,0.000134181,3.68892e-05,0.000142446,0.000107145,0.000121374,5.23035e-05,0.000228237,6.98779e-05,5.86717e-05,0.00012437,0.00016659,2.68443e-05,0.000212115
"PWY4FS-8: phosphatidylglycerol biosynthesis II (non-plastidic)",0.000119885,0.000166792,9.33864e-05,0.000345076,0.000103301,8.93788e-05,0.000102226,0.00012508,0.000115515,0.000118402,0.000154248,0.000112469,0.00029453,0.000245236,4.27071e-05,0.000291202,6.99055e-05,0.000128796,0.000140474,0.000123225,3.43988e-05,0.000313987,6.77592e-05,0.000295659,0.000151911,5.11792e-05,6.97928e-05,0.000103902,9.57163e-05,7.20816e-05,0.00018069,7.47427e-05,0.000180262,3.16964e-05,7.78439e-05,8.24684e-05,0.000104737,0.000208038,0.000114016,0.000114298,7.55515e-05,0.000195782,6.66731e-05,0.000150175,0.000216472,0.000134181,3.68892e-05,0.000142446,0.000107109,0.000121374,5.23035e-05,0.000228237,6.98763e-05,5.86717e-05,0.00012437,0.00016659,2.68443e-05,0.000212072
"PWY4LZ-257: superpathway of fermentation (Chlamydomonas reinhardtii)",3.53891e-06,1.22071e-05,3.2253e-05,2.92568e-05,1.45072e-05,1.32037e-05,2.26373e-05,2.63353e-06,1.36557e-05,9.87282e-06,1.19779e-05,2.37254e-05,7.62744e-05,3.33415e-05,7.48234e-06,2.01217e-06,1.7423e-05,2.63596e-05,9.27022e-06,1.87766e-05,1.20773e-05,3.04556e-05,4.70845e-06,1.61194e-05,2.31483e-05,1.5489e-05,1.50111e-05,2.14309e-06,2.90731e-05,1.63339e-05,6.8004e-06,2.98657e-05,7.99636e-06,5.83908e-06,8.08582e-06,7.62366e-06,5.36448e-06,1.35867e-05,7.85431e-06,5.06568e-05,1.03432e-05,8.09876e-06,1.86533e-05,4.86387e-05,8.15498e-05,2.35621e-05,9.57292e-05,1.29576e-05,2.71923e-05,1.78714e-05,9.56606e-06,7.87639e-06,1.17432e-05,6.29449e-06,1.77759e-05,2.43919e-05,1.06587e-05,8.8402e-06
"PWY5F9-12: biphenyl degradation",0,0,0,0,0,0,0,0,0,0,0,0,0,0,0,0,0,0,0,0,0,0,0,0,0,0,0,0,0,0,0,0,0,0,0,0,0,0,0,0,0,0,0,0,0,0,0,0,0,0,0,0,0,0,0,0,0,0
"PWY66-367: ketogenesis",0,2.81846e-06,0,0,0,0,8.39799e-07,0,1.05002e-06,0,0,0,3.80082e-06,2.83267e-06,1.91049e-06,3.05056e-06,1.1562e-06,0,2.72757e-06,0,0,6.63756e-06,0,0,0,0,1.49186e-06,0,0,2.17785e-06,0,0,0,0,0,0,0,0,1.92522e-06,0,0,1.2629e-06,0,3.07684e-06,0,0,0,6.40656e-07,1.57787e-06,8.6776e-07,0,2.93303e-06,0,1.7976e-06,0,0,0,2.77739e-06
"PWY66-388: ceramide degradation by &alpha;-oxidation",1.1187e-07,0,2.31228e-07,0,0,0,3.27002e-06,0,0,0,0,0,2.46456e-06,1.04987e-06,0,0,0,0,0,0,0,3.6626e-06,4.66411e-07,0,0,0,0,4.19981e-07,1.46106e-06,6.90328e-07,0,1.14073e-06,0,0,4.63693e-06,0,0,0,0,0,0,0,0,0,5.29942e-06,0,2.27283e-07,1.60473e-06,0,0,0,0,3.60991e-07,0,0,0,2.85448e-06,0
"PWY66-389: phytol degradation",1.13547e-07,1.17404e-06,2.3764e-07,3.912e-06,0,1.34226e-06,3.80149e-06,0,9.06612e-06,0,1.43227e-06,1.66842e-06,2.62898e-06,1.05327e-06,1.08927e-06,1.43443e-05,0,8.92167e-07,5.28831e-08,3.45426e-06,0,6.82732e-06,5.4237e-07,1.34423e-06,7.64619e-06,8.5936e-07,0,5.01754e-07,1.00608e-05,7.53153e-07,7.1991e-08,1.09704e-05,0,0,4.98794e-06,0,0,1.71113e-07,1.49597e-06,8.69166e-06,0,6.72763e-08,8.09414e-07,9.22417e-06,3.7184e-05,1.24265e-06,2.29428e-07,1.61649e-06,4.53028e-07,6.23815e-07,1.55572e-06,2.84766e-07,1.35743e-06,0,2.69948e-07,9.00881e-07,3.79284e-06,0
"PWY66-391: fatty acid &beta;-oxidation VI (mammalian peroxisome)",6.63782e-06,1.28761e-05,0,1.23008e-06,9.51429e-06,1.81635e-06,1.48507e-05,0,6.35181e-06,0,1.18142e-05,6.42693e-06,4.62461e-05,1.63047e-05,1.73341e-05,0,0,0,0,0,0,1.70669e-06,0,0,4.18706e-06,8.638e-06,5.10232e-06,0,0,0,8.06384e-06,0,0,0,3.27069e-06,2.05905e-06,7.24289e-06,1.50666e-05,3.66166e-06,1.89223e-05,3.72084e-06,0,0,1.86859e-05,0,1.11063e-05,0,3.04413e-06,1.53275e-05,0,0,9.73794e-06,3.41029e-06,0,0,2.56764e-06,1.36982e-06,8.74943e-07
"PWY66-398: TCA cycle III (animals)",0,0,0,0,0,0,0,0,0,0,0,0,0,0,0,0,0,0,0,0,0,0,0,0,0,0,0,0,0,0,0,0,0,0,0,0,0,0,0,0,0,0,0,0,0,0,0,0,0,0,0,0,0,0,0,0,0,0
"PWY66-399: gluconeogenesis III",0.000145828,8.18401e-05,9.33429e-05,6.45508e-05,4.65326e-05,6.89925e-05,0.000127549,0.000104837,1.20985e-05,0.00010438,8.59637e-05,0.000103575,0.000106333,0.000106614,0.000147301,7.76163e-05,0.000102959,0.000114893,0.000111746,0.000131219,0.000126724,6.71094e-05,0.000112439,0.000126804,0.000110376,0.000115848,0.000121363,0.000125274,8.50454e-05,0.000113133,0.000130362,0.000112975,7.56216e-05,0.00014383,0.000136423,0.000106339,0.000127384,0.00016326,0.000104412,0.00016375,7.43991e-05,5.44461e-05,9.68719e-05,0.000171555,8.77881e-05,0.000127843,0.000120542,0.000148696,0.00011359,0.000102311,0.000103186,5.35082e-05,0.000106449,7.95378e-05,0.000111624,0.000130887,0.000135925,8.43858e-05
"PWY66-409: superpathway of purine nucleotide salvage",3.30321e-05,0.000146131,0.000109067,0.000210069,3.90585e-05,3.86632e-05,0.000103804,0.000136871,0.000128361,0.000126898,0.000171158,0.000154753,0.000173214,0.000220681,6.25993e-05,8.06231e-05,0.000179263,0.000107735,9.53736e-05,0.000165458,4.24575e-05,0.000215869,0.000167956,0.000163988,0.000151539,0.00010834,7.04687e-05,7.11598e-05,7.5885e-05,0.000164574,0.000112412,0.000237103,0.00024344,8.44741e-05,0.000111045,0.000107961,0.000104144,0.000109931,0.000111934,8.12238e-05,0.000103696,7.00572e-05,0.000116431,0.000172444,0.00012415,0.000222094,9.92937e-05,0.000174511,0.000211876,0.000151262,5.72636e-05,3.85652e-05,0.000126385,0.000114077,3.76786e-05,0.000204565,5.58249e-05,9.19486e-05
"PWY66-429: fatty acid biosynthesis initiation (mitochondria)",0.000380903,0.000532945,0.000494897,0.000375203,0.000440479,0.000511727,0.000562482,0.000552626,0.000582934,0.000480188,0.000553881,0.000583449,0.000437202,0.000399221,0.000479976,0.000467935,0.000528728,0.000400906,0.000547576,0.000358971,0.000334203,0.000402464,0.000475788,0.000465295,0.000442432,0.000554663,0.00042031,0.000384649,0.000550782,0.000590792,0.000591596,0.000465736,0.00056417,0.000461324,0.000370634,0.000581514,0.000624075,0.00044306,0.000524803,0.0005311,0.000526678,0.000304855,0.000544388,0.000525263,0.000427436,0.000469498,0.00044372,0.00045242,0.000412773,0.000479192,0.000592676,0.000444943,0.000441575,0.000541164,0.000375911,0.000466587,0.000505574,0.000513061
"PWY66-430: myristate biosynthesis (mitochondria)",0,0,0,0,0,0,1.56773e-06,0,9.02418e-07,0,0,0,8.31753e-07,9.95984e-06,0,0,0,5.71044e-06,0,0,0,0,0,0,2.84518e-06,0,0,0,0,0,0,0,0,0,1.66361e-06,0,0,2.82486e-06,0,5.94573e-06,0,0,7.77376e-07,0,2.02288e-05,0,0,0,4.11333e-06,0,0,0,0,0,0,0,0,0
"PYRIDNUCSAL-PWY: NAD salvage pathway I (PNC VI cycle)",0.000100482,6.25947e-05,3.61288e-05,0.000179078,4.44502e-06,1.45914e-05,0.00010189,3.42896e-05,5.24586e-05,5.91671e-05,3.88859e-06,6.53166e-05,0.000122729,0.000141958,5.30647e-05,2.00312e-05,7.14726e-06,4.56884e-05,5.63414e-05,4.34935e-05,9.48661e-05,0.000160371,5.7413e-05,9.48367e-05,7.67645e-05,1.16881e-05,7.84187e-05,1.15752e-05,4.86065e-05,4.33787e-05,6.81307e-05,4.67241e-05,9.18377e-05,1.78075e-05,0.000114595,5.33661e-05,6.6152e-06,5.47389e-05,4.82905e-05,6.27446e-05,0,5.92785e-05,1.84543e-05,0.000109652,0.00010497,9.11262e-05,4.09299e-05,5.48474e-05,0.00014985,3.15588e-05,1.63268e-06,5.30562e-05,4.88825e-05,6.84615e-05,7.14249e-05,0.000129884,6.28168e-05,1.55152e-05
"PYRIDNUCSYN-PWY: NAD de novo biosynthesis I (from aspartate)",0.000304411,0.000365604,0.000301193,0.00022915,0.000375486,0.000368614,0.000384098,0.000404863,0.000431093,0.000357721,0.000351638,0.00035357,0.000274476,0.000291321,0.000357658,0.000378357,0.000313487,0.000284559,0.000364905,0.00031402,0.000248395,0.000261308,0.000312682,0.000337311,0.000306336,0.000320408,0.000358105,0.000312291,0.00037766,0.000334607,0.000390745,0.000280292,0.000357781,0.000286016,0.000295069,0.000373322,0.000371087,0.000301401,0.000361776,0.000338134,0.000382185,0.000293236,0.000353799,0.000322645,0.000282083,0.000364476,0.000359515,0.000320902,0.000331689,0.000305974,0.000359934,0.000387278,0.000294373,0.000358376,0.000341521,0.000284902,0.000355308,0.000343734
"PYRIDOXSYN-PWY: pyridoxal 5'-phosphate biosynthesis I",3.87624e-05,6.27635e-05,5.75625e-05,0.000127454,7.52498e-05,6.85368e-05,0.000118464,0.000130335,0.000171383,4.40213e-05,0.000121679,6.41304e-05,0.000130377,0.000169726,6.39166e-05,0.000238911,6.96068e-05,5.56438e-05,0.000115836,8.76329e-05,3.06204e-05,5.50734e-05,3.58301e-05,2.79491e-05,3.48787e-05,5.44137e-05,6.25776e-05,9.00794e-05,1.68816e-05,3.48829e-05,0.000140142,2.48418e-05,0.000129869,0.000112822,6.26763e-05,6.70067e-05,0.000130539,0.000130791,8.23895e-05,6.81175e-05,9.3623e-05,1.74178e-05,2.63475e-05,0.000119961,8.41352e-05,0.000250511,0.000129434,0.000131515,3.75242e-05,6.08296e-05,2.36968e-05,5.02885e-05,4.06393e-05,2.96432e-05,3.2388e-05,5.28845e-05,2.96631e-05,4.58832e-05
"REDCITCYC: TCA cycle VI (Helicobacter)",3.33786e-06,4.89806e-06,1.42243e-05,2.80596e-05,3.28806e-06,3.61177e-06,5.34542e-06,0,1.95854e-06,0,0,6.46845e-06,4.0777e-05,1.0964e-05,3.42249e-06,8.06816e-06,0,9.62301e-06,4.93057e-06,1.71691e-05,5.11431e-06,8.80825e-06,0,0,9.51612e-06,2.22649e-06,0,4.41422e-06,7.07441e-06,5.42765e-06,4.73997e-06,1.2002e-05,0,0,8.54958e-07,0,6.33215e-06,4.45826e-06,0,5.5745e-06,0,2.75228e-06,7.22331e-06,1.5603e-05,1.81877e-05,2.11233e-06,5.92046e-06,4.48948e-06,8.75742e-06,1.07146e-05,0,8.62879e-06,1.19589e-06,2.19974e-06,7.78084e-06,8.41236e-06,2.2814e-06,1.61903e-06
"RHAMCAT-PWY: L-rhamnose degradation I",9.22896e-05,0.000175376,0.000128256,0.000204123,8.70857e-05,0.000109425,0.000184905,0.000169602,0.000298969,0.000139327,0.000188946,0.000151191,0.000194189,0.000150793,9.60638e-05,6.85757e-05,0.00011287,8.072e-05,0.000102537,0.00010025,0.000202482,0.000107132,9.24458e-05,0.000140159,0.000112062,0.000183225,0.000101986,0.000131345,0.000127559,0.000170055,0.000133816,0.000139423,0.000218061,0.000109189,0.000145734,0.000180745,0.000189282,0.000228129,0.00012976,0.000139622,0.00012855,0.000162479,0.000102018,0.000174038,0.000212265,0.000156343,9.07691e-05,0.000112492,0.000124288,0.000141192,0.000151231,8.1413e-05,0.000118258,0.000222307,0.000114599,0.000101634,0.00018013,0.000161796
"RIBOSYN2-PWY: flavin biosynthesis I (bacteria and plants)",0.000215433,0.000366993,0.00030126,0.000242819,0.000349935,0.000407109,0.000351806,0.000374421,0.000398533,0.000388498,0.000356464,0.00041498,0.000247894,0.000237304,0.000276302,0.000250536,0.000365627,0.000305126,0.000341986,0.000339338,0.000206196,0.000233022,0.000279848,0.000356315,0.000339459,0.00030956,0.00036683,0.000343486,0.000443835,0.000333454,0.000317948,0.000327641,0.000346909,0.00026208,0.000302524,0.000459273,0.000353161,0.00026814,0.00037473,0.000261388,0.000309548,0.000320496,0.000357942,0.000241434,0.000312099,0.000277817,0.000356614,0.000333628,0.000362483,0.000408292,0.000392959,0.000296502,0.000314937,0.00044604,0.000319953,0.000245441,0.000343397,0.000353826
"RUMP-PWY: formaldehyde oxidation I",2.68404e-05,7.15148e-06,2.57281e-05,1.99975e-06,3.79797e-05,1.30778e-05,2.28144e-05,0,3.23236e-06,7.9528e-06,2.63902e-05,5.41794e-06,5.49856e-06,1.97694e-05,1.35599e-05,7.9811e-06,3.74602e-05,1.54645e-05,9.03447e-06,2.09482e-05,2.67644e-05,6.88982e-06,1.85282e-05,1.49144e-05,6.62666e-06,3.81665e-06,1.52589e-05,2.57042e-05,7.52226e-06,1.09641e-05,2.29625e-05,1.78711e-05,7.84112e-06,0,0,6.46775e-06,3.51201e-05,1.184e-05,2.95827e-05,3.76378e-05,3.73248e-05,0,3.80124e-05,9.04769e-06,1.01878e-05,1.45443e-06,2.40198e-05,2.35628e-05,1.55973e-05,6.77374e-06,3.52592e-05,3.15173e-06,7.44165e-06,1.4406e-05,3.2549e-05,6.94344e-05,2.8779e-05,1.82439e-05
"SALVADEHYPOX-PWY: adenosine nucleotides degradation II",5.1731e-05,0.000129893,0.000104182,0.000401951,6.747e-05,7.5063e-05,8.32668e-05,6.61123e-05,2.55366e-05,0.000144884,0.000163954,0.000105324,0.000292328,6.38704e-05,5.25018e-05,3.63999e-05,0.000124769,7.35135e-05,0.0001248,0.000104705,4.90956e-05,6.12106e-05,6.17494e-05,6.42238e-05,9.10362e-05,0.000111754,0.000108785,8.21451e-05,0.000129462,8.53651e-05,8.85929e-05,6.98809e-05,5.54319e-05,8.2831e-05,3.24198e-05,0.000130329,7.05262e-05,0.000110966,6.31874e-05,0.000115844,0.000113915,4.3787e-05,9.14107e-05,5.44454e-05,0.000118322,7.31851e-05,0.00010214,4.73732e-05,6.58753e-05,0.000140612,0.000110601,3.73061e-05,9.72119e-05,9.62083e-05,7.94557e-05,0.000135535,7.43893e-05,5.74918e-05
"SER-GLYSYN-PWY: superpathway of L-serine and glycine biosynthesis I",0.000354349,0.000360833,0.000272994,0.000340964,0.000317183,0.000334366,0.00038271,0.000458779,0.000422334,0.000409627,0.000358389,0.000332247,0.000297904,0.00031498,0.000365123,0.000189646,0.000309806,0.000327224,0.000397922,0.000259332,0.000339124,0.00026743,0.000308649,0.000330977,0.000286643,0.000338361,0.00040568,0.000294807,0.000419958,0.000289471,0.00036406,0.000349161,0.000385188,0.000298664,0.000373923,0.000366396,0.000354253,0.000420638,0.000319934,0.000349987,0.000310456,0.00023162,0.000396763,0.000363565,0.000356819,0.00042224,0.000293189,0.000363616,0.000331575,0.00027271,0.00039004,0.000355026,0.000295129,0.000380491,0.000329494,0.000368235,0.000356976,0.000278464
"SO4ASSIM-PWY: assimilatory sulfate reduction I",1.28534e-05,4.69803e-05,4.80106e-05,0.000146234,0,1.05139e-05,2.84623e-05,0,1.41034e-05,3.49138e-05,4.18897e-06,1.06818e-05,0.000152366,2.03406e-05,1.32581e-05,1.22649e-05,2.01131e-06,2.54017e-05,1.10014e-05,4.84416e-05,8.87135e-07,2.02942e-05,1.13586e-05,3.27081e-06,4.57029e-05,9.51539e-06,1.29568e-06,4.8774e-06,2.00249e-05,2.00601e-05,6.50662e-05,2.97332e-05,0,0,2.83472e-05,3.17258e-05,0,5.38679e-06,0,3.64736e-05,1.09062e-06,4.02761e-06,2.81995e-05,4.00578e-05,0.000136875,7.49965e-06,7.24589e-06,3.17185e-05,1.11541e-05,4.96697e-05,4.90988e-06,8.61856e-06,3.24866e-06,1.56225e-06,1.51861e-05,2.00159e-05,1.31893e-06,1.0402e-05
"SUCSYN-PWY: sucrose biosynthesis I (from photosynthesis)",0,0,0,0,0,0,0,0,0,0,0,0,0,0,0,0,0,0,0,0,0,0,0,0,0,0,0,0,0,0,0,0,0,0,0,0,0,0,0,0,0,0,0,0,0,0,0,0,0,0,0,0,0,0,0,0,0,0
"SULFATE-CYS-PWY: superpathway of sulfate assimilation and cysteine biosynthesis",2.75511e-05,9.1444e-05,8.8764e-05,0.000209459,0,2.27785e-05,5.84585e-05,0,3.03634e-05,7.09319e-05,9.28839e-06,2.3202e-05,0.000206969,4.22337e-05,2.85119e-05,2.55518e-05,4.49037e-06,5.03195e-05,2.38741e-05,8.7678e-05,1.98921e-06,4.15762e-05,2.448e-05,7.27408e-06,8.56421e-05,2.0654e-05,2.90254e-06,1.07405e-05,4.25021e-05,4.1731e-05,0.00012025,6.04755e-05,0,0,5.8227e-05,6.4874e-05,0,1.19242e-05,0,7.22277e-05,2.44335e-06,8.86459e-06,5.79755e-05,7.98251e-05,0.000208356,1.6504e-05,1.58234e-05,6.08493e-05,2.40539e-05,9.12738e-05,1.08846e-05,1.87795e-05,7.21115e-06,3.49824e-06,3.23031e-05,4.22123e-05,2.95385e-06,2.24385e-05
"TCA-GLYOX-BYPASS: superpathway of glyoxylate bypass and TCA",1.78646e-06,1.16176e-06,3.04991e-05,0.000170352,0,5.25477e-06,2.28635e-05,0,4.67712e-06,0,0,9.35898e-06,0.000105682,1.63264e-05,2.20629e-06,0,0,1.66406e-05,8.16334e-06,3.61559e-05,0,0,0,0,3.2304e-05,0,0,6.07236e-06,1.82917e-05,2.34463e-05,4.68055e-06,1.2169e-05,0,0,1.47392e-05,0,0,4.04855e-06,0,2.66505e-05,0,1.78676e-06,7.38103e-06,3.28339e-05,9.53805e-05,0,6.87361e-06,5.40233e-06,1.09943e-05,3.22442e-05,0,6.0473e-06,1.94424e-06,0,1.03093e-05,1.55241e-05,0,0
"TCA: TCA cycle I (prokaryotic)",1.26529e-05,1.0921e-05,4.19423e-05,0.000198229,6.93923e-06,7.45065e-06,4.12154e-05,0,5.17727e-06,0,0,1.808e-05,0.000142354,3.17077e-05,8.54607e-06,2.4611e-06,0,2.85418e-05,2.01979e-05,5.63245e-05,1.14389e-05,1.63276e-06,0,0,6.6527e-05,0,0,1.02158e-05,2.8856e-05,3.96964e-05,1.24704e-05,1.59326e-05,0,0,2.23384e-05,0,0,1.06739e-05,0,3.56442e-05,0,6.79753e-06,1.64678e-05,5.87495e-05,0.000121446,0,1.25341e-05,9.82524e-06,1.71373e-05,4.05525e-05,0,2.04279e-05,2.46016e-06,0,1.52921e-05,2.24388e-05,0,0
"THISYNARA-PWY: superpathway of thiamine diphosphate biosynthesis III (eukaryotes)",0.000180032,0.00020614,0.000151478,0.000157792,0.000263765,0.00026968,0.000167992,0.000278115,0.000161591,0.000298855,0.000235129,0.000277372,0.000134689,0.000277357,0.000153315,0.000111891,0.000233146,0.000205346,0.000242708,0.000213455,0.000141028,0.000213546,0.000222392,0.000267227,0.000231759,0.000186602,0.000273672,0.000194044,0.000234196,0.000169623,0.000235746,0.000263948,0.000344844,9.39908e-05,0.000226953,0.000305956,0.00026591,0.0002649,0.000247766,0.000173686,0.000254509,0.000212665,0.000154411,0.000219327,0.000199225,0.000200568,0.000146087,0.000251936,0.000295729,0.000147353,0.000222085,0.000225714,0.000222311,0.000368493,0.000289674,0.000174537,0.000202884,0.000221971
"THREOCAT-PWY: superpathway of L-threonine metabolism",0,0,7.49238e-06,0,0,0,5.51091e-06,0,1.44096e-06,0,0,2.35293e-06,0,1.14123e-06,0,0,0,0,0,1.92264e-06,0,0,0,0,6.44172e-06,0,0,0,1.32422e-05,0,0,2.37272e-06,0,0,3.05378e-06,0,0,5.81083e-07,0,1.40719e-05,0,0,0,8.58938e-06,4.09805e-05,0,1.8636e-06,0,0,0,0,0,1.57857e-06,0,0,0,0,0
"THRESYN-PWY: superpathway of L-threonine biosynthesis",0.000365434,0.000379709,0.000273308,0.00036268,0.000369125,0.00037711,0.000397545,0.000408403,0.000489549,0.000350363,0.000382999,0.000356573,0.000337501,0.000392709,0.000340139,0.000373895,0.000321185,0.000312596,0.000335304,0.000369381,0.000339204,0.0003877,0.000361132,0.000352035,0.000350843,0.000299488,0.000391031,0.000346824,0.000300012,0.000314583,0.000369877,0.000298403,0.000399701,0.000275249,0.000355258,0.000382248,0.000361676,0.000348809,0.000361501,0.000326004,0.000395521,0.000322008,0.000227836,0.000398181,0.000318412,0.000513612,0.000363396,0.000368957,0.000425968,0.000345419,0.000330171,0.000382878,0.000328738,0.000380072,0.000387941,0.000338889,0.000318534,0.000388793
"TRNA-CHARGING-PWY: tRNA charging",0.00061588,0.000528963,0.000706331,0.000437994,0.000595807,0.000645267,0.000616676,0.000619144,0.000527151,0.000598497,0.000531046,0.000635576,0.000408657,0.000458228,0.000697004,0.000745221,0.00069755,0.000607406,0.000588143,0.000670975,0.000645097,0.000581573,0.000642723,0.000679831,0.000598844,0.000620927,0.000566772,0.000573862,0.000698222,0.000619166,0.000617651,0.000718677,0.000585463,0.000551498,0.00057076,0.000678217,0.000607477,0.00051232,0.000604079,0.000671615,0.0005889,0.000559138,0.000614262,0.00060781,0.00051958,0.000586882,0.000692854,0.000594284,0.000690623,0.000561217,0.000723291,0.000556284,0.000666825,0.000708797,0.00062854,0.000576026,0.000706243,0.000652889
"TYRFUMCAT-PWY: L-tyrosine degradation I",0,0,0,0,0,0,0,0,0,0,0,0,0,0,0,0,0,0,0,0,0,0,0,0,0,0,0,0,0,0,0,2.89262e-06,0,0,0,0,0,0,0,0,0,0,0,0,0,0,0,0,0,0,0,0,0,0,0,0,0,0
"UBISYN-PWY: superpathway of ubiquinol-8 biosynthesis (early decarboxylation)",0,0,1.20098e-06,3.14909e-05,0,0,1.05457e-06,0,0,0,0,0,0,0,0,0,0,7.36726e-07,0,4.16421e-06,0,0,0,0,0,0,0,0,0,1.4298e-06,0,0,0,0,0,0,0,0,0,0,0,0,0,0,0,0,0,3.4144e-07,0,4.98843e-06,0,0,0,0,0,0,0,0
"UDPNACETYLGALSYN-PWY: UDP-N-acetyl-D-glucosamine biosynthesis II",0,2.08677e-06,0,0,0,0,9.03791e-07,0,9.31689e-07,0,0,0,1.26393e-06,0,0,0,0,0,0,0,0,7.27618e-06,0,4.77883e-06,0,0,0,0,0,0,0,0,0,0,0,0,0,0,0,0,0,0,0,0,9.82796e-07,1.98213e-06,0,0,0,1.65099e-06,0,2.00055e-06,1.99248e-06,0,0,0,0,0
"UDPNAGSYN-PWY: UDP-N-acetyl-D-glucosamine biosynthesis I",0.000349648,0.000215549,0.000290383,0.00031615,0.000271164,0.000286303,0.000387011,0.000267016,0.000166597,0.000274675,0.000182722,0.000287087,0.000158957,0.000223855,0.000357396,0.000517685,0.000269612,0.000313841,0.000240674,0.000401284,0.000289157,0.000306493,0.000282698,0.000386898,0.000232757,0.000247855,0.000247537,0.000226677,0.000501276,0.000258189,0.000418786,0.000324018,0.000248368,0.000191974,0.000361335,0.000253133,0.000279681,0.000342977,0.000235658,0.000394869,0.000167631,0.000143504,0.000431432,0.000343184,0.000337375,0.000248865,0.000314283,0.00032466,0.000367876,0.000196538,0.00023637,0.000259709,0.000214996,0.000219959,0.000295833,0.000319932,0.000271492,0.000204186
"URDEGR-PWY: superpathway of allantoin degradation in plants",0,0,7.02862e-07,1.13297e-06,0,0,1.0918e-06,0,1.83533e-07,0,0,2.76565e-07,4.91039e-06,1.89703e-07,1.45068e-07,0,0,2.94439e-07,1.01786e-06,8.23736e-07,0,0,0,0,1.68519e-06,0,0,0,3.11799e-07,1.93976e-06,2.39378e-07,0,0,0,0,0,0,0,0,3.78701e-06,0,0,7.19004e-07,1.8233e-06,1.00996e-06,0,3.42531e-07,2.69043e-07,5.17531e-07,1.58954e-06,0,8.62963e-07,2.39489e-07,0,2.20913e-07,0,0,0
"URSIN-PWY: ureide biosynthesis",0,0,0,0,0,0,0,0,0,0,0,0,0,0,0,0,0,0,0,0,0,0,0,0,1.39727e-06,0,0,0,0,0,0,0,0,0,8.54961e-06,0,0,0,0,0,0,0,0,0,2.24108e-05,0,0,0,0,0,0,0,0,0,0,0,0,0
"VALDEG-PWY: L-valine degradation I",0,0,0,0,0,0,0,0,0,0,0,0,0,0,0,0,0,0,0,0,0,0,0,0,0,0,0,0,0,0,0,0,0,0,0,0,0,0,0,0,0,0,0,0,0,0,0,0,0,0,0,0,0,0,0,0,0,0
"VALSYN-PWY: L-valine biosynthesis",0.000709627,0.000733717,0.000796634,0.00059283,0.000714316,0.000815791,0.000748279,0.000707728,0.000735051,0.000755135,0.000685973,0.000791552,0.000531867,0.000550903,0.000727723,0.000760412,0.000750898,0.000633141,0.000718781,0.000572243,0.000645313,0.000645462,0.000706843,0.000751271,0.000744672,0.000754748,0.000729571,0.000587936,0.000801787,0.000710507,0.000784106,0.000778532,0.000717934,0.000634331,0.00068713,0.000919968,0.000770215,0.000753724,0.000807782,0.000773983,0.000683576,0.000676116,0.000676249,0.000730957,0.000717405,0.000710794,0.000689057,0.000563391,0.0007053,0.000687165,0.000897313,0.000707824,0.000765237,0.00091576,0.000704247,0.000653844,0.000800781,0.000783235
